relative_path,filename,size_bytes,timestamp_filename_utc,satellite,grid_tag,read_success,has_all_7_channels,quality_class,flags,notes,valid_fraction_total,time_mismatch,start_time,end_time,date_created,shape_lat,shape_lon,lat_min,lat_max,lon_min,lon_max,lat_direction,lon_direction,grid_resolution_lat,grid_resolution_lon,grid_signature,valid_fraction_B08,valid_fraction_B09,valid_fraction_B10,valid_fraction_B11,valid_fraction_B13,valid_fraction_B15,valid_fraction_B16,coord_anomaly,start_time_minus_nominal_seconds,end_time_minus_nominal_seconds,load_seconds
202407\01\NC_H09_20240701_0250_R21_FLDK.06001_06001.nc,NC_H09_20240701_0250_R21_FLDK.06001_06001.nc,5646541,2024-07-01T02:50:00+00:00,H09,06001_06001,True,True,TIME_MISMATCH,TIME_MISMATCH,start_time_minus_nominal_seconds=40.698567;end_time_minus_nominal_seconds=578.432385,1.0,True,2024-07-01T02:50:40.698567Z,2024-07-01T02:59:38.432385Z,2024-07-01T03:11:05Z,501,501,20.0,30.0,97.0,107.0,descending,ascending,0.020000457763671875,0.01999664306640625,e930fc8377b0d158b4b22834869896bcc5047b44e38b4c34f63b0b1103e4c255,1.0,1.0,1.0,1.0,1.0,1.0,1.0,False,40.698567,578.432385,0.052469800000835676
202407\01\NC_H09_20240701_0300_R21_FLDK.06001_06001.nc,NC_H09_20240701_0300_R21_FLDK.06001_06001.nc,5653991,2024-07-01T03:00:00+00:00,H09,06001_06001,True,True,TIME_MISMATCH,TIME_MISMATCH,start_time_minus_nominal_seconds=40.358572;end_time_minus_nominal_seconds=578.422597,1.0,True,2024-07-01T03:00:40.358572Z,2024-07-01T03:09:38.422597Z,2024-07-01T03:18:47Z,501,501,20.0,30.0,97.0,107.0,descending,ascending,0.020000457763671875,0.01999664306640625,e930fc8377b0d158b4b22834869896bcc5047b44e38b4c34f63b0b1103e4c255,1.0,1.0,1.0,1.0,1.0,1.0,1.0,False,40.358572,578.422597,0.05267499999899883
202407\01\NC_H09_20240701_0310_R21_FLDK.06001_06001.nc,NC_H09_20240701_0310_R21_FLDK.06001_06001.nc,5661915,2024-07-01T03:10:00+00:00,H09,06001_06001,True,True,TIME_MISMATCH,TIME_MISMATCH,start_time_minus_nominal_seconds=40.655249;end_time_minus_nominal_seconds=578.409398,1.0,True,2024-07-01T03:10:40.655249Z,2024-07-01T03:19:38.409398Z,2024-07-01T03:28:48Z,501,501,20.0,30.0,97.0,107.0,descending,ascending,0.020000457763671875,0.01999664306640625,e930fc8377b0d158b4b22834869896bcc5047b44e38b4c34f63b0b1103e4c255,1.0,1.0,1.0,1.0,1.0,1.0,1.0,False,40.655249,578.409398,0.05230260000098497
202407\01\NC_H09_20240701_0320_R21_FLDK.06001_06001.nc,NC_H09_20240701_0320_R21_FLDK.06001_06001.nc,5671565,2024-07-01T03:20:00+00:00,H09,06001_06001,True,True,TIME_MISMATCH,TIME_MISMATCH,start_time_minus_nominal_seconds=40.668073;end_time_minus_nominal_seconds=578.401910,1.0,True,2024-07-01T03:20:40.668073Z,2024-07-01T03:29:38.401910Z,2024-07-01T03:37:50Z,501,501,20.0,30.0,97.0,107.0,descending,ascending,0.020000457763671875,0.01999664306640625,e930fc8377b0d158b4b22834869896bcc5047b44e38b4c34f63b0b1103e4c255,1.0,1.0,1.0,1.0,1.0,1.0,1.0,False,40.668073,578.40191,0.05285310000181198
202407\01\NC_H09_20240701_0330_R21_FLDK.06001_06001.nc,NC_H09_20240701_0330_R21_FLDK.06001_06001.nc,5683067,2024-07-01T03:30:00+00:00,H09,06001_06001,True,True,TIME_MISMATCH,TIME_MISMATCH,start_time_minus_nominal_seconds=40.328096;end_time_minus_nominal_seconds=578.392515,1.0,True,2024-07-01T03:30:40.328096Z,2024-07-01T03:39:38.392515Z,2024-07-01T03:48:47Z,501,501,20.0,30.0,97.0,107.0,descending,ascending,0.020000457763671875,0.01999664306640625,e930fc8377b0d158b4b22834869896bcc5047b44e38b4c34f63b0b1103e4c255,1.0,1.0,1.0,1.0,1.0,1.0,1.0,False,40.328096,578.392515,0.05328120000194758
202407\01\NC_H09_20240701_0340_R21_FLDK.06001_06001.nc,NC_H09_20240701_0340_R21_FLDK.06001_06001.nc,5696450,2024-07-01T03:40:00+00:00,H09,06001_06001,True,True,TIME_MISMATCH,TIME_MISMATCH,start_time_minus_nominal_seconds=40.625209;end_time_minus_nominal_seconds=578.382738,1.0,True,2024-07-01T03:40:40.625209Z,2024-07-01T03:49:38.382738Z,2024-07-01T03:56:46Z,501,501,20.0,30.0,97.0,107.0,descending,ascending,0.020000457763671875,0.01999664306640625,e930fc8377b0d158b4b22834869896bcc5047b44e38b4c34f63b0b1103e4c255,1.0,1.0,1.0,1.0,1.0,1.0,1.0,False,40.625209,578.382738,0.051621099999465514
202407\01\NC_H09_20240701_0350_R21_FLDK.06001_06001.nc,NC_H09_20240701_0350_R21_FLDK.06001_06001.nc,5709785,2024-07-01T03:50:00+00:00,H09,06001_06001,True,True,TIME_MISMATCH,TIME_MISMATCH,start_time_minus_nominal_seconds=40.639472;end_time_minus_nominal_seconds=578.369539,1.0,True,2024-07-01T03:50:40.639472Z,2024-07-01T03:59:38.369539Z,2024-07-01T04:09:43Z,501,501,20.0,30.0,97.0,107.0,descending,ascending,0.020000457763671875,0.01999664306640625,e930fc8377b0d158b4b22834869896bcc5047b44e38b4c34f63b0b1103e4c255,1.0,1.0,1.0,1.0,1.0,1.0,1.0,False,40.639472,578.369539,0.05215480000333628
202407\01\NC_H09_20240701_0400_R21_FLDK.06001_06001.nc,NC_H09_20240701_0400_R21_FLDK.06001_06001.nc,5728343,2024-07-01T04:00:00+00:00,H09,06001_06001,True,True,TIME_MISMATCH,TIME_MISMATCH,start_time_minus_nominal_seconds=40.286599;end_time_minus_nominal_seconds=578.362044,1.0,True,2024-07-01T04:00:40.286599Z,2024-07-01T04:09:38.362044Z,2024-07-01T04:17:57Z,501,501,20.0,30.0,97.0,107.0,descending,ascending,0.020000457763671875,0.01999664306640625,e930fc8377b0d158b4b22834869896bcc5047b44e38b4c34f63b0b1103e4c255,1.0,1.0,1.0,1.0,1.0,1.0,1.0,False,40.286599,578.362044,0.052900999995472375
202407\01\NC_H09_20240701_0410_R21_FLDK.06001_06001.nc,NC_H09_20240701_0410_R21_FLDK.06001_06001.nc,5745944,2024-07-01T04:10:00+00:00,H09,06001_06001,True,True,TIME_MISMATCH,TIME_MISMATCH,start_time_minus_nominal_seconds=40.594730;end_time_minus_nominal_seconds=578.352631,1.0,True,2024-07-01T04:10:40.594730Z,2024-07-01T04:19:38.352631Z,2024-07-01T04:26:48Z,501,501,20.0,30.0,97.0,107.0,descending,ascending,0.020000457763671875,0.01999664306640625,e930fc8377b0d158b4b22834869896bcc5047b44e38b4c34f63b0b1103e4c255,1.0,1.0,1.0,1.0,1.0,1.0,1.0,False,40.59473,578.352631,0.05306999999447726
202407\01\NC_H09_20240701_0420_R21_FLDK.06001_06001.nc,NC_H09_20240701_0420_R21_FLDK.06001_06001.nc,5765434,2024-07-01T04:20:00+00:00,H09,06001_06001,True,True,TIME_MISMATCH,TIME_MISMATCH,start_time_minus_nominal_seconds=40.609405;end_time_minus_nominal_seconds=578.342843,1.0,True,2024-07-01T04:20:40.609405Z,2024-07-01T04:29:38.342843Z,2024-07-01T04:39:43Z,501,501,20.0,30.0,97.0,107.0,descending,ascending,0.020000457763671875,0.01999664306640625,e930fc8377b0d158b4b22834869896bcc5047b44e38b4c34f63b0b1103e4c255,1.0,1.0,1.0,1.0,1.0,1.0,1.0,False,40.609405,578.342843,0.05265740000322694
202407\01\NC_H09_20240701_0430_R21_FLDK.06001_06001.nc,NC_H09_20240701_0430_R21_FLDK.06001_06001.nc,5786959,2024-07-01T04:30:00+00:00,H09,06001_06001,True,True,TIME_MISMATCH,TIME_MISMATCH,start_time_minus_nominal_seconds=40.269407;end_time_minus_nominal_seconds=578.329633,1.0,True,2024-07-01T04:30:40.269407Z,2024-07-01T04:39:38.329633Z,2024-07-01T04:48:46Z,501,501,20.0,30.0,97.0,107.0,descending,ascending,0.020000457763671875,0.01999664306640625,e930fc8377b0d158b4b22834869896bcc5047b44e38b4c34f63b0b1103e4c255,1.0,1.0,1.0,1.0,1.0,1.0,1.0,False,40.269407,578.329633,0.05260699999780627
202407\01\NC_H09_20240701_0440_R21_FLDK.06001_06001.nc,NC_H09_20240701_0440_R21_FLDK.06001_06001.nc,5816992,2024-07-01T04:40:00+00:00,H09,06001_06001,True,True,TIME_MISMATCH,TIME_MISMATCH,start_time_minus_nominal_seconds=40.564221;end_time_minus_nominal_seconds=578.322122,1.0,True,2024-07-01T04:40:40.564221Z,2024-07-01T04:49:38.322122Z,2024-07-01T04:59:46Z,501,501,20.0,30.0,97.0,107.0,descending,ascending,0.020000457763671875,0.01999664306640625,e930fc8377b0d158b4b22834869896bcc5047b44e38b4c34f63b0b1103e4c255,1.0,1.0,1.0,1.0,1.0,1.0,1.0,False,40.564221,578.322122,0.05774169999494916
202407\01\NC_H09_20240701_0450_R21_FLDK.06001_06001.nc,NC_H09_20240701_0450_R21_FLDK.06001_06001.nc,5859326,2024-07-01T04:50:00+00:00,H09,06001_06001,True,True,TIME_MISMATCH,TIME_MISMATCH,start_time_minus_nominal_seconds=40.578892;end_time_minus_nominal_seconds=578.312708,1.0,True,2024-07-01T04:50:40.578892Z,2024-07-01T04:59:38.312708Z,2024-07-01T05:08:46Z,501,501,20.0,30.0,97.0,107.0,descending,ascending,0.020000457763671875,0.01999664306640625,e930fc8377b0d158b4b22834869896bcc5047b44e38b4c34f63b0b1103e4c255,1.0,1.0,1.0,1.0,1.0,1.0,1.0,False,40.578892,578.312708,0.053475000000617
202407\01\NC_H09_20240701_0500_R21_FLDK.06001_06001.nc,NC_H09_20240701_0500_R21_FLDK.06001_06001.nc,5896050,2024-07-01T05:00:00+00:00,H09,06001_06001,True,True,TIME_MISMATCH,TIME_MISMATCH,start_time_minus_nominal_seconds=40.569481;end_time_minus_nominal_seconds=578.302907,1.0,True,2024-07-01T05:00:40.569481Z,2024-07-01T05:09:38.302907Z,2024-07-01T05:17:48Z,501,501,20.0,30.0,97.0,107.0,descending,ascending,0.020000457763671875,0.01999664306640625,e930fc8377b0d158b4b22834869896bcc5047b44e38b4c34f63b0b1103e4c255,1.0,1.0,1.0,1.0,1.0,1.0,1.0,False,40.569481,578.302907,0.052862299999105744
202407\01\NC_H09_20240701_0510_R21_FLDK.06001_06001.nc,NC_H09_20240701_0510_R21_FLDK.06001_06001.nc,5905063,2024-07-01T05:10:00+00:00,H09,06001_06001,True,True,TIME_MISMATCH,TIME_MISMATCH,start_time_minus_nominal_seconds=40.218447;end_time_minus_nominal_seconds=578.293494,1.0,True,2024-07-01T05:10:40.218447Z,2024-07-01T05:19:38.293494Z,2024-07-01T05:29:43Z,501,501,20.0,30.0,97.0,107.0,descending,ascending,0.020000457763671875,0.01999664306640625,e930fc8377b0d158b4b22834869896bcc5047b44e38b4c34f63b0b1103e4c255,1.0,1.0,1.0,1.0,1.0,1.0,1.0,False,40.218447,578.293494,0.05226069999480387
202407\01\NC_H09_20240701_0520_R21_FLDK.06001_06001.nc,NC_H09_20240701_0520_R21_FLDK.06001_06001.nc,5910378,2024-07-01T05:20:00+00:00,H09,06001_06001,True,True,TIME_MISMATCH,TIME_MISMATCH,start_time_minus_nominal_seconds=40.524278;end_time_minus_nominal_seconds=578.282177,1.0,True,2024-07-01T05:20:40.524278Z,2024-07-01T05:29:38.282177Z,2024-07-01T05:38:47Z,501,501,20.0,30.0,97.0,107.0,descending,ascending,0.020000457763671875,0.01999664306640625,e930fc8377b0d158b4b22834869896bcc5047b44e38b4c34f63b0b1103e4c255,1.0,1.0,1.0,1.0,1.0,1.0,1.0,False,40.524278,578.282177,0.053583100001560524
202407\01\NC_H09_20240701_0530_R21_FLDK.06001_06001.nc,NC_H09_20240701_0530_R21_FLDK.06001_06001.nc,5897897,2024-07-01T05:30:00+00:00,H09,06001_06001,True,True,TIME_MISMATCH,TIME_MISMATCH,start_time_minus_nominal_seconds=40.538949;end_time_minus_nominal_seconds=578.240633,1.0,True,2024-07-01T05:30:40.538949Z,2024-07-01T05:39:38.240633Z,2024-07-01T05:45:50Z,501,501,20.0,30.0,97.0,107.0,descending,ascending,0.020000457763671875,0.01999664306640625,e930fc8377b0d158b4b22834869896bcc5047b44e38b4c34f63b0b1103e4c255,1.0,1.0,1.0,1.0,1.0,1.0,1.0,False,40.538949,578.240633,0.05314150000049267
202407\01\NC_H09_20240701_0540_R21_FLDK.06001_06001.nc,NC_H09_20240701_0540_R21_FLDK.06001_06001.nc,5862265,2024-07-01T05:40:00+00:00,H09,06001_06001,True,True,TIME_MISMATCH,TIME_MISMATCH,start_time_minus_nominal_seconds=40.463628;end_time_minus_nominal_seconds=578.230814,1.0,True,2024-07-01T05:40:40.463628Z,2024-07-01T05:49:38.230814Z,2024-07-01T05:56:53Z,501,501,20.0,30.0,97.0,107.0,descending,ascending,0.020000457763671875,0.01999664306640625,e930fc8377b0d158b4b22834869896bcc5047b44e38b4c34f63b0b1103e4c255,1.0,1.0,1.0,1.0,1.0,1.0,1.0,False,40.463628,578.230814,0.053220000001601875
202407\01\NC_H09_20240701_0550_R21_FLDK.06001_06001.nc,NC_H09_20240701_0550_R21_FLDK.06001_06001.nc,5826690,2024-07-01T05:50:00+00:00,H09,06001_06001,True,True,TIME_MISMATCH,TIME_MISMATCH,start_time_minus_nominal_seconds=40.178482;end_time_minus_nominal_seconds=578.214835,1.0,True,2024-07-01T05:50:40.178482Z,2024-07-01T05:59:38.214835Z,2024-07-01T06:08:45Z,501,501,20.0,30.0,97.0,107.0,descending,ascending,0.020000457763671875,0.01999664306640625,e930fc8377b0d158b4b22834869896bcc5047b44e38b4c34f63b0b1103e4c255,1.0,1.0,1.0,1.0,1.0,1.0,1.0,False,40.178482,578.214835,0.05288480000308482
202407\01\NC_H09_20240701_0600_R21_FLDK.06001_06001.nc,NC_H09_20240701_0600_R21_FLDK.06001_06001.nc,5810298,2024-07-01T06:00:00+00:00,H09,06001_06001,True,True,TIME_MISMATCH,TIME_MISMATCH,start_time_minus_nominal_seconds=40.484298;end_time_minus_nominal_seconds=578.210065,1.0,True,2024-07-01T06:00:40.484298Z,2024-07-01T06:09:38.210065Z,2024-07-01T06:16:47Z,501,501,20.0,30.0,97.0,107.0,descending,ascending,0.020000457763671875,0.01999664306640625,e930fc8377b0d158b4b22834869896bcc5047b44e38b4c34f63b0b1103e4c255,1.0,1.0,1.0,1.0,1.0,1.0,1.0,False,40.484298,578.210065,0.05256869999720948
202407\01\NC_H09_20240701_0610_R21_FLDK.06001_06001.nc,NC_H09_20240701_0610_R21_FLDK.06001_06001.nc,5795530,2024-07-01T06:10:00+00:00,H09,06001_06001,True,True,TIME_MISMATCH,TIME_MISMATCH,start_time_minus_nominal_seconds=40.498958;end_time_minus_nominal_seconds=578.200636,1.0,True,2024-07-01T06:10:40.498958Z,2024-07-01T06:19:38.200636Z,2024-07-01T06:29:43Z,501,501,20.0,30.0,97.0,107.0,descending,ascending,0.020000457763671875,0.01999664306640625,e930fc8377b0d158b4b22834869896bcc5047b44e38b4c34f63b0b1103e4c255,1.0,1.0,1.0,1.0,1.0,1.0,1.0,False,40.498958,578.200636,0.05228480000369018
202407\01\NC_H09_20240701_0620_R21_FLDK.06001_06001.nc,NC_H09_20240701_0620_R21_FLDK.06001_06001.nc,5790747,2024-07-01T06:20:00+00:00,H09,06001_06001,True,True,TIME_MISMATCH,TIME_MISMATCH,start_time_minus_nominal_seconds=40.158944;end_time_minus_nominal_seconds=578.223322,1.0,True,2024-07-01T06:20:40.158944Z,2024-07-01T06:29:38.223322Z,2024-07-01T06:36:47Z,501,501,20.0,30.0,97.0,107.0,descending,ascending,0.020000457763671875,0.01999664306640625,e930fc8377b0d158b4b22834869896bcc5047b44e38b4c34f63b0b1103e4c255,1.0,1.0,1.0,1.0,1.0,1.0,1.0,False,40.158944,578.223322,0.053875400000833906
202407\01\NC_H09_20240701_0630_R21_FLDK.06001_06001.nc,NC_H09_20240701_0630_R21_FLDK.06001_06001.nc,5780260,2024-07-01T06:30:00+00:00,H09,06001_06001,True,True,TIME_MISMATCH,TIME_MISMATCH,start_time_minus_nominal_seconds=40.468008;end_time_minus_nominal_seconds=578.213509,1.0,True,2024-07-01T06:30:40.468008Z,2024-07-01T06:39:38.213509Z,2024-07-01T06:48:44Z,501,501,20.0,30.0,97.0,107.0,descending,ascending,0.020000457763671875,0.01999664306640625,e930fc8377b0d158b4b22834869896bcc5047b44e38b4c34f63b0b1103e4c255,1.0,1.0,1.0,1.0,1.0,1.0,1.0,False,40.468008,578.213509,0.05255659999966156
202407\01\NC_H09_20240701_0640_R21_FLDK.06001_06001.nc,NC_H09_20240701_0640_R21_FLDK.06001_06001.nc,5771460,2024-07-01T06:40:00+00:00,H09,06001_06001,True,True,TIME_MISMATCH,TIME_MISMATCH,start_time_minus_nominal_seconds=40.468380;end_time_minus_nominal_seconds=578.202185,1.0,True,2024-07-01T06:40:40.468380Z,2024-07-01T06:49:38.202185Z,2024-07-01T06:57:50Z,501,501,20.0,30.0,97.0,107.0,descending,ascending,0.020000457763671875,0.01999664306640625,e930fc8377b0d158b4b22834869896bcc5047b44e38b4c34f63b0b1103e4c255,1.0,1.0,1.0,1.0,1.0,1.0,1.0,False,40.46838,578.202185,0.052605999997467734
202407\01\NC_H09_20240701_0650_R21_FLDK.06001_06001.nc,NC_H09_20240701_0650_R21_FLDK.06001_06001.nc,5766470,2024-07-01T06:50:00+00:00,H09,06001_06001,True,True,TIME_MISMATCH,TIME_MISMATCH,start_time_minus_nominal_seconds=40.128368;end_time_minus_nominal_seconds=578.192759,1.0,True,2024-07-01T06:50:40.128368Z,2024-07-01T06:59:38.192759Z,2024-07-01T07:10:40Z,501,501,20.0,30.0,97.0,107.0,descending,ascending,0.020000457763671875,0.01999664306640625,e930fc8377b0d158b4b22834869896bcc5047b44e38b4c34f63b0b1103e4c255,1.0,1.0,1.0,1.0,1.0,1.0,1.0,False,40.128368,578.192759,0.0528688999984297
202407\01\NC_H09_20240701_0700_R21_FLDK.06001_06001.nc,NC_H09_20240701_0700_R21_FLDK.06001_06001.nc,5763594,2024-07-01T07:00:00+00:00,H09,06001_06001,True,True,TIME_MISMATCH,TIME_MISMATCH,start_time_minus_nominal_seconds=40.425449;end_time_minus_nominal_seconds=578.183331,1.0,True,2024-07-01T07:00:40.425449Z,2024-07-01T07:09:38.183331Z,2024-07-01T07:19:47Z,501,501,20.0,30.0,97.0,107.0,descending,ascending,0.020000457763671875,0.01999664306640625,e930fc8377b0d158b4b22834869896bcc5047b44e38b4c34f63b0b1103e4c255,1.0,1.0,1.0,1.0,1.0,1.0,1.0,False,40.425449,578.183331,0.052786400003242306
202407\01\NC_H09_20240701_0710_R21_FLDK.06001_06001.nc,NC_H09_20240701_0710_R21_FLDK.06001_06001.nc,5759130,2024-07-01T07:10:00+00:00,H09,06001_06001,True,True,TIME_MISMATCH,TIME_MISMATCH,start_time_minus_nominal_seconds=40.416024;end_time_minus_nominal_seconds=578.173529,1.0,True,2024-07-01T07:10:40.416024Z,2024-07-01T07:19:38.173529Z,2024-07-01T07:27:47Z,501,501,20.0,30.0,97.0,107.0,descending,ascending,0.020000457763671875,0.01999664306640625,e930fc8377b0d158b4b22834869896bcc5047b44e38b4c34f63b0b1103e4c255,1.0,1.0,1.0,1.0,1.0,1.0,1.0,False,40.416024,578.173529,0.051821200002450496
202407\01\NC_H09_20240701_0720_R21_FLDK.06001_06001.nc,NC_H09_20240701_0720_R21_FLDK.06001_06001.nc,5754186,2024-07-01T07:20:00+00:00,H09,06001_06001,True,True,TIME_MISMATCH,TIME_MISMATCH,start_time_minus_nominal_seconds=40.376291;end_time_minus_nominal_seconds=578.162211,1.0,True,2024-07-01T07:20:40.376291Z,2024-07-01T07:29:38.162211Z,2024-07-01T07:40:42Z,501,501,20.0,30.0,97.0,107.0,descending,ascending,0.020000457763671875,0.01999664306640625,e930fc8377b0d158b4b22834869896bcc5047b44e38b4c34f63b0b1103e4c255,1.0,1.0,1.0,1.0,1.0,1.0,1.0,False,40.376291,578.162211,0.051816699997289106
202407\01\NC_H09_20240701_0730_R21_FLDK.06001_06001.nc,NC_H09_20240701_0730_R21_FLDK.06001_06001.nc,5753266,2024-07-01T07:30:00+00:00,H09,06001_06001,True,True,TIME_MISMATCH,TIME_MISMATCH,start_time_minus_nominal_seconds=40.394899;end_time_minus_nominal_seconds=578.152790,1.0,True,2024-07-01T07:30:40.394899Z,2024-07-01T07:39:38.152790Z,2024-07-01T07:48:43Z,501,501,20.0,30.0,97.0,107.0,descending,ascending,0.020000457763671875,0.01999664306640625,e930fc8377b0d158b4b22834869896bcc5047b44e38b4c34f63b0b1103e4c255,1.0,1.0,1.0,1.0,1.0,1.0,1.0,False,40.394899,578.15279,0.052429000003030524
202407\01\NC_H09_20240701_0740_R21_FLDK.06001_06001.nc,NC_H09_20240701_0740_R21_FLDK.06001_06001.nc,5752026,2024-07-01T07:40:00+00:00,H09,06001_06001,True,True,TIME_MISMATCH,TIME_MISMATCH,start_time_minus_nominal_seconds=40.409563;end_time_minus_nominal_seconds=578.143368,1.0,True,2024-07-01T07:40:40.409563Z,2024-07-01T07:49:38.143368Z,2024-07-01T08:00:20Z,501,501,20.0,30.0,97.0,107.0,descending,ascending,0.020000457763671875,0.01999664306640625,e930fc8377b0d158b4b22834869896bcc5047b44e38b4c34f63b0b1103e4c255,1.0,1.0,1.0,1.0,1.0,1.0,1.0,False,40.409563,578.143368,0.05178150000574533
202407\01\NC_H09_20240701_0750_R21_FLDK.06001_06001.nc,NC_H09_20240701_0750_R21_FLDK.06001_06001.nc,5751236,2024-07-01T07:50:00+00:00,H09,06001_06001,True,True,TIME_MISMATCH,TIME_MISMATCH,start_time_minus_nominal_seconds=40.400144;end_time_minus_nominal_seconds=578.133560,1.0,True,2024-07-01T07:50:40.400144Z,2024-07-01T07:59:38.133560Z,2024-07-01T08:08:46Z,501,501,20.0,30.0,97.0,107.0,descending,ascending,0.020000457763671875,0.01999664306640625,e930fc8377b0d158b4b22834869896bcc5047b44e38b4c34f63b0b1103e4c255,1.0,1.0,1.0,1.0,1.0,1.0,1.0,False,40.400144,578.13356,0.05324120000295807
202407\01\NC_H09_20240701_0800_R21_FLDK.06001_06001.nc,NC_H09_20240701_0800_R21_FLDK.06001_06001.nc,5749855,2024-07-01T08:00:00+00:00,H09,06001_06001,True,True,TIME_MISMATCH,TIME_MISMATCH,start_time_minus_nominal_seconds=40.059750;end_time_minus_nominal_seconds=578.120331,1.0,True,2024-07-01T08:00:40.059750Z,2024-07-01T08:09:38.120331Z,2024-07-01T08:18:48Z,501,501,20.0,30.0,97.0,107.0,descending,ascending,0.020000457763671875,0.01999664306640625,e930fc8377b0d158b4b22834869896bcc5047b44e38b4c34f63b0b1103e4c255,1.0,1.0,1.0,1.0,1.0,1.0,1.0,False,40.05975,578.120331,0.05452529999456601
202407\01\NC_H09_20240701_0810_R21_FLDK.06001_06001.nc,NC_H09_20240701_0810_R21_FLDK.06001_06001.nc,5746513,2024-07-01T08:10:00+00:00,H09,06001_06001,True,True,TIME_MISMATCH,TIME_MISMATCH,start_time_minus_nominal_seconds=40.354921;end_time_minus_nominal_seconds=578.112817,1.0,True,2024-07-01T08:10:40.354921Z,2024-07-01T08:19:38.112817Z,2024-07-01T08:29:52Z,501,501,20.0,30.0,97.0,107.0,descending,ascending,0.020000457763671875,0.01999664306640625,e930fc8377b0d158b4b22834869896bcc5047b44e38b4c34f63b0b1103e4c255,1.0,1.0,1.0,1.0,1.0,1.0,1.0,False,40.354921,578.112817,0.05324119999568211
202407\01\NC_H09_20240701_0820_R21_FLDK.06001_06001.nc,NC_H09_20240701_0820_R21_FLDK.06001_06001.nc,5747464,2024-07-01T08:20:00+00:00,H09,06001_06001,True,True,TIME_MISMATCH,TIME_MISMATCH,start_time_minus_nominal_seconds=40.369589;end_time_minus_nominal_seconds=578.103398,1.0,True,2024-07-01T08:20:40.369589Z,2024-07-01T08:29:38.103398Z,2024-07-01T08:46:39Z,501,501,20.0,30.0,97.0,107.0,descending,ascending,0.020000457763671875,0.01999664306640625,e930fc8377b0d158b4b22834869896bcc5047b44e38b4c34f63b0b1103e4c255,1.0,1.0,1.0,1.0,1.0,1.0,1.0,False,40.369589,578.103398,0.053711100001237355
202407\01\NC_H09_20240701_0830_R21_FLDK.06001_06001.nc,NC_H09_20240701_0830_R21_FLDK.06001_06001.nc,5743967,2024-07-01T08:30:00+00:00,H09,06001_06001,True,True,TIME_MISMATCH,TIME_MISMATCH,start_time_minus_nominal_seconds=40.029587;end_time_minus_nominal_seconds=578.093602,1.0,True,2024-07-01T08:30:40.029587Z,2024-07-01T08:39:38.093602Z,2024-07-01T08:51:09Z,501,501,20.0,30.0,97.0,107.0,descending,ascending,0.020000457763671875,0.01999664306640625,e930fc8377b0d158b4b22834869896bcc5047b44e38b4c34f63b0b1103e4c255,1.0,1.0,1.0,1.0,1.0,1.0,1.0,False,40.029587,578.093602,0.05395490000228165
202407\01\NC_H09_20240701_0840_R21_FLDK.06001_06001.nc,NC_H09_20240701_0840_R21_FLDK.06001_06001.nc,5742456,2024-07-01T08:40:00+00:00,H09,06001_06001,True,True,TIME_MISMATCH,TIME_MISMATCH,start_time_minus_nominal_seconds=40.338249;end_time_minus_nominal_seconds=578.080386,1.0,True,2024-07-01T08:40:40.338249Z,2024-07-01T08:49:38.080386Z,2024-07-01T08:58:57Z,501,501,20.0,30.0,97.0,107.0,descending,ascending,0.020000457763671875,0.01999664306640625,e930fc8377b0d158b4b22834869896bcc5047b44e38b4c34f63b0b1103e4c255,1.0,1.0,1.0,1.0,1.0,1.0,1.0,False,40.338249,578.080386,0.0583357000068645
202407\01\NC_H09_20240701_0850_R21_FLDK.06001_06001.nc,NC_H09_20240701_0850_R21_FLDK.06001_06001.nc,5740874,2024-07-01T08:50:00+00:00,H09,06001_06001,True,True,TIME_MISMATCH,TIME_MISMATCH,start_time_minus_nominal_seconds=40.064709;end_time_minus_nominal_seconds=578.072887,1.0,True,2024-07-01T08:50:40.064709Z,2024-07-01T08:59:38.072887Z,2024-07-01T09:06:46Z,501,501,20.0,30.0,97.0,107.0,descending,ascending,0.020000457763671875,0.01999664306640625,e930fc8377b0d158b4b22834869896bcc5047b44e38b4c34f63b0b1103e4c255,1.0,1.0,1.0,1.0,1.0,1.0,1.0,False,40.064709,578.072887,0.054228500004683156
202407\01\NC_H09_20240701_0900_R21_FLDK.06001_06001.nc,NC_H09_20240701_0900_R21_FLDK.06001_06001.nc,5735478,2024-07-01T09:00:00+00:00,H09,06001_06001,True,True,TIME_MISMATCH,TIME_MISMATCH,start_time_minus_nominal_seconds=40.055309;end_time_minus_nominal_seconds=578.063485,1.0,True,2024-07-01T09:00:40.055309Z,2024-07-01T09:09:38.063485Z,2024-07-01T09:18:42Z,501,501,20.0,30.0,97.0,107.0,descending,ascending,0.020000457763671875,0.01999664306640625,e930fc8377b0d158b4b22834869896bcc5047b44e38b4c34f63b0b1103e4c255,1.0,1.0,1.0,1.0,1.0,1.0,1.0,False,40.055309,578.063485,0.05274819999613101
202407\01\NC_H09_20240701_0910_R21_FLDK.06001_06001.nc,NC_H09_20240701_0910_R21_FLDK.06001_06001.nc,5729411,2024-07-01T09:10:00+00:00,H09,06001_06001,True,True,TIME_MISMATCH,TIME_MISMATCH,start_time_minus_nominal_seconds=40.320262;end_time_minus_nominal_seconds=578.053701,1.0,True,2024-07-01T09:10:40.320262Z,2024-07-01T09:19:38.053701Z,2024-07-01T09:27:45Z,501,501,20.0,30.0,97.0,107.0,descending,ascending,0.020000457763671875,0.01999664306640625,e930fc8377b0d158b4b22834869896bcc5047b44e38b4c34f63b0b1103e4c255,1.0,1.0,1.0,1.0,1.0,1.0,1.0,False,40.320262,578.053701,0.05202579999604495
202407\01\NC_H09_20240701_0920_R21_FLDK.06001_06001.nc,NC_H09_20240701_0920_R21_FLDK.06001_06001.nc,5724749,2024-07-01T09:20:00+00:00,H09,06001_06001,True,True,TIME_MISMATCH,TIME_MISMATCH,start_time_minus_nominal_seconds=40.298768;end_time_minus_nominal_seconds=578.040496,1.0,True,2024-07-01T09:20:40.298768Z,2024-07-01T09:29:38.040496Z,2024-07-01T09:38:44Z,501,501,20.0,30.0,97.0,107.0,descending,ascending,0.020000457763671875,0.01999664306640625,e930fc8377b0d158b4b22834869896bcc5047b44e38b4c34f63b0b1103e4c255,1.0,1.0,1.0,1.0,1.0,1.0,1.0,False,40.298768,578.040496,0.051555699996242765
202407\01\NC_H09_20240701_0930_R21_FLDK.06001_06001.nc,NC_H09_20240701_0930_R21_FLDK.06001_06001.nc,5718151,2024-07-01T09:30:00+00:00,H09,06001_06001,True,True,TIME_MISMATCH,TIME_MISMATCH,start_time_minus_nominal_seconds=40.245197;end_time_minus_nominal_seconds=578.033006,1.0,True,2024-07-01T09:30:40.245197Z,2024-07-01T09:39:38.033006Z,2024-07-01T09:46:44Z,501,501,20.0,30.0,97.0,107.0,descending,ascending,0.020000457763671875,0.01999664306640625,e930fc8377b0d158b4b22834869896bcc5047b44e38b4c34f63b0b1103e4c255,1.0,1.0,1.0,1.0,1.0,1.0,1.0,False,40.245197,578.033006,0.0517457000023569
202407\01\NC_H09_20240701_0940_R21_FLDK.06001_06001.nc,NC_H09_20240701_0940_R21_FLDK.06001_06001.nc,5707803,2024-07-01T09:40:00+00:00,H09,06001_06001,True,True,TIME_MISMATCH,TIME_MISMATCH,start_time_minus_nominal_seconds=40.015429;end_time_minus_nominal_seconds=578.023618,1.0,True,2024-07-01T09:40:40.015429Z,2024-07-01T09:49:38.023618Z,2024-07-01T09:59:36Z,501,501,20.0,30.0,97.0,107.0,descending,ascending,0.020000457763671875,0.01999664306640625,e930fc8377b0d158b4b22834869896bcc5047b44e38b4c34f63b0b1103e4c255,1.0,1.0,1.0,1.0,1.0,1.0,1.0,False,40.015429,578.023618,0.05197330000373768
202407\01\NC_H09_20240701_0950_R21_FLDK.06001_06001.nc,NC_H09_20240701_0950_R21_FLDK.06001_06001.nc,5700258,2024-07-01T09:50:00+00:00,H09,06001_06001,True,True,TIME_MISMATCH,TIME_MISMATCH,start_time_minus_nominal_seconds=40.333938;end_time_minus_nominal_seconds=578.020244,1.0,True,2024-07-01T09:50:40.333938Z,2024-07-01T09:59:38.020244Z,2024-07-01T10:06:42Z,501,501,20.0,30.0,97.0,107.0,descending,ascending,0.020000457763671875,0.01999664306640625,e930fc8377b0d158b4b22834869896bcc5047b44e38b4c34f63b0b1103e4c255,1.0,1.0,1.0,1.0,1.0,1.0,1.0,False,40.333938,578.020244,0.05105099999491358
202407\01\NC_H09_20240701_1000_R21_FLDK.06001_06001.nc,NC_H09_20240701_1000_R21_FLDK.06001_06001.nc,5687806,2024-07-01T10:00:00+00:00,H09,06001_06001,True,True,TIME_MISMATCH,TIME_MISMATCH,start_time_minus_nominal_seconds=40.007956;end_time_minus_nominal_seconds=578.043140,1.0,True,2024-07-01T10:00:40.007956Z,2024-07-01T10:09:38.043140Z,2024-07-01T10:18:37Z,501,501,20.0,30.0,97.0,107.0,descending,ascending,0.020000457763671875,0.01999664306640625,e930fc8377b0d158b4b22834869896bcc5047b44e38b4c34f63b0b1103e4c255,1.0,1.0,1.0,1.0,1.0,1.0,1.0,False,40.007956,578.04314,0.050984599998628255
202407\01\NC_H09_20240701_1010_R21_FLDK.06001_06001.nc,NC_H09_20240701_1010_R21_FLDK.06001_06001.nc,5670860,2024-07-01T10:10:00+00:00,H09,06001_06001,True,True,TIME_MISMATCH,TIME_MISMATCH,start_time_minus_nominal_seconds=40.325238;end_time_minus_nominal_seconds=578.031853,1.0,True,2024-07-01T10:10:40.325238Z,2024-07-01T10:19:38.031853Z,2024-07-01T10:26:42Z,501,501,20.0,30.0,97.0,107.0,descending,ascending,0.020000457763671875,0.01999664306640625,e930fc8377b0d158b4b22834869896bcc5047b44e38b4c34f63b0b1103e4c255,1.0,1.0,1.0,1.0,1.0,1.0,1.0,False,40.325238,578.031853,0.05118150000635069
202407\01\NC_H09_20240701_1020_R21_FLDK.06001_06001.nc,NC_H09_20240701_1020_R21_FLDK.06001_06001.nc,5650522,2024-07-01T10:20:00+00:00,H09,06001_06001,True,True,TIME_MISMATCH,TIME_MISMATCH,start_time_minus_nominal_seconds=40.315857;end_time_minus_nominal_seconds=578.022483,1.0,True,2024-07-01T10:20:40.315857Z,2024-07-01T10:29:38.022483Z,2024-07-01T10:38:37Z,501,501,20.0,30.0,97.0,107.0,descending,ascending,0.020000457763671875,0.01999664306640625,e930fc8377b0d158b4b22834869896bcc5047b44e38b4c34f63b0b1103e4c255,1.0,1.0,1.0,1.0,1.0,1.0,1.0,False,40.315857,578.022483,0.05217280000215396
202407\01\NC_H09_20240701_1030_R21_FLDK.06001_06001.nc,NC_H09_20240701_1030_R21_FLDK.06001_06001.nc,5625158,2024-07-01T10:30:00+00:00,H09,06001_06001,True,True,TIME_MISMATCH,TIME_MISMATCH,start_time_minus_nominal_seconds=40.294132;end_time_minus_nominal_seconds=578.012747,1.0,True,2024-07-01T10:30:40.294132Z,2024-07-01T10:39:38.012747Z,2024-07-01T10:46:44Z,501,501,20.0,30.0,97.0,107.0,descending,ascending,0.020000457763671875,0.01999664306640625,e930fc8377b0d158b4b22834869896bcc5047b44e38b4c34f63b0b1103e4c255,1.0,1.0,1.0,1.0,1.0,1.0,1.0,False,40.294132,578.012747,0.05252720000135014
202407\01\NC_H09_20240701_1040_R21_FLDK.06001_06001.nc,NC_H09_20240701_1040_R21_FLDK.06001_06001.nc,5597391,2024-07-01T10:40:00+00:00,H09,06001_06001,True,True,TIME_MISMATCH,TIME_MISMATCH,start_time_minus_nominal_seconds=40.024134;end_time_minus_nominal_seconds=578.003381,1.0,True,2024-07-01T10:40:40.024134Z,2024-07-01T10:49:38.003381Z,2024-07-01T10:58:37Z,501,501,20.0,30.0,97.0,107.0,descending,ascending,0.020000457763671875,0.01999664306640625,e930fc8377b0d158b4b22834869896bcc5047b44e38b4c34f63b0b1103e4c255,1.0,1.0,1.0,1.0,1.0,1.0,1.0,False,40.024134,578.003381,0.050174299998616334
202407\01\NC_H09_20240701_1050_R21_FLDK.06001_06001.nc,NC_H09_20240701_1050_R21_FLDK.06001_06001.nc,5563801,2024-07-01T10:50:00+00:00,H09,06001_06001,True,True,TIME_MISMATCH,TIME_MISMATCH,start_time_minus_nominal_seconds=40.273125;end_time_minus_nominal_seconds=577.953443,1.0,True,2024-07-01T10:50:40.273125Z,2024-07-01T10:59:37.953443Z,2024-07-01T11:09:43Z,501,501,20.0,30.0,97.0,107.0,descending,ascending,0.020000457763671875,0.01999664306640625,e930fc8377b0d158b4b22834869896bcc5047b44e38b4c34f63b0b1103e4c255,1.0,1.0,1.0,1.0,1.0,1.0,1.0,False,40.273125,577.953443,0.05254129999957513
202407\01\NC_H09_20240701_1100_R21_FLDK.06001_06001.nc,NC_H09_20240701_1100_R21_FLDK.06001_06001.nc,5521382,2024-07-01T11:00:00+00:00,H09,06001_06001,True,True,TIME_MISMATCH,TIME_MISMATCH,start_time_minus_nominal_seconds=40.263765;end_time_minus_nominal_seconds=577.976477,1.0,True,2024-07-01T11:00:40.263765Z,2024-07-01T11:09:37.976477Z,2024-07-01T11:17:45Z,501,501,20.0,30.0,97.0,107.0,descending,ascending,0.020000457763671875,0.01999664306640625,e930fc8377b0d158b4b22834869896bcc5047b44e38b4c34f63b0b1103e4c255,1.0,1.0,1.0,1.0,1.0,1.0,1.0,False,40.263765,577.976477,0.05197289999341592
202407\01\NC_H09_20240701_1110_R21_FLDK.06001_06001.nc,NC_H09_20240701_1110_R21_FLDK.06001_06001.nc,5466616,2024-07-01T11:10:00+00:00,H09,06001_06001,True,True,TIME_MISMATCH,TIME_MISMATCH,start_time_minus_nominal_seconds=39.993784;end_time_minus_nominal_seconds=577.967138,1.0,True,2024-07-01T11:10:39.993784Z,2024-07-01T11:19:37.967138Z,2024-07-01T11:28:40Z,501,501,20.0,30.0,97.0,107.0,descending,ascending,0.020000457763671875,0.01999664306640625,e930fc8377b0d158b4b22834869896bcc5047b44e38b4c34f63b0b1103e4c255,1.0,1.0,1.0,1.0,1.0,1.0,1.0,False,39.993784,577.967138,0.05089120000047842
202407\01\NC_H09_20240701_1120_R21_FLDK.06001_06001.nc,NC_H09_20240701_1120_R21_FLDK.06001_06001.nc,5395944,2024-07-01T11:20:00+00:00,H09,06001_06001,True,True,TIME_MISMATCH,TIME_MISMATCH,start_time_minus_nominal_seconds=40.323334;end_time_minus_nominal_seconds=577.963716,1.0,True,2024-07-01T11:20:40.323334Z,2024-07-01T11:29:37.963716Z,2024-07-01T11:36:40Z,501,501,20.0,30.0,97.0,107.0,descending,ascending,0.020000457763671875,0.01999664306640625,e930fc8377b0d158b4b22834869896bcc5047b44e38b4c34f63b0b1103e4c255,1.0,1.0,1.0,1.0,1.0,1.0,1.0,False,40.323334,577.963716,0.05127469999570167
202407\01\NC_H09_20240701_1130_R21_FLDK.06001_06001.nc,NC_H09_20240701_1130_R21_FLDK.06001_06001.nc,5287193,2024-07-01T11:30:00+00:00,H09,06001_06001,True,True,TIME_MISMATCH,TIME_MISMATCH,start_time_minus_nominal_seconds=40.245819;end_time_minus_nominal_seconds=577.952467,1.0,True,2024-07-01T11:30:40.245819Z,2024-07-01T11:39:37.952467Z,2024-07-01T11:47:41Z,501,501,20.0,30.0,97.0,107.0,descending,ascending,0.020000457763671875,0.01999664306640625,e930fc8377b0d158b4b22834869896bcc5047b44e38b4c34f63b0b1103e4c255,1.0,1.0,1.0,1.0,1.0,1.0,1.0,False,40.245819,577.952467,0.05165539999870816
202407\01\NC_H09_20240701_1140_R21_FLDK.06001_06001.nc,NC_H09_20240701_1140_R21_FLDK.06001_06001.nc,5117412,2024-07-01T11:40:00+00:00,H09,06001_06001,True,True,TIME_MISMATCH,TIME_MISMATCH,start_time_minus_nominal_seconds=39.963491;end_time_minus_nominal_seconds=577.943137,1.0,True,2024-07-01T11:40:39.963491Z,2024-07-01T11:49:37.943137Z,2024-07-01T11:59:36Z,501,501,20.0,30.0,97.0,107.0,descending,ascending,0.020000457763671875,0.01999664306640625,e930fc8377b0d158b4b22834869896bcc5047b44e38b4c34f63b0b1103e4c255,1.0,1.0,1.0,1.0,1.0,1.0,1.0,False,39.963491,577.943137,0.05178380000143079
202407\01\NC_H09_20240701_1150_R21_FLDK.06001_06001.nc,NC_H09_20240701_1150_R21_FLDK.06001_06001.nc,4879892,2024-07-01T11:50:00+00:00,H09,06001_06001,True,True,TIME_MISMATCH,TIME_MISMATCH,start_time_minus_nominal_seconds=40.267905;end_time_minus_nominal_seconds=577.933813,1.0,True,2024-07-01T11:50:40.267905Z,2024-07-01T11:59:37.933813Z,2024-07-01T12:07:42Z,501,501,20.0,30.0,97.0,107.0,descending,ascending,0.020000457763671875,0.01999664306640625,e930fc8377b0d158b4b22834869896bcc5047b44e38b4c34f63b0b1103e4c255,1.0,1.0,1.0,1.0,1.0,1.0,1.0,False,40.267905,577.933813,0.04880600000615232
202407\02\NC_H09_20240702_2240_R21_FLDK.06001_06001.nc,NC_H09_20240702_2240_R21_FLDK.06001_06001.nc,4691950,2024-07-02T22:40:00+00:00,H09,06001_06001,True,True,TIME_MISMATCH,TIME_MISMATCH,start_time_minus_nominal_seconds=40.354333;end_time_minus_nominal_seconds=578.037277,1.0,True,2024-07-02T22:40:40.354333Z,2024-07-02T22:49:38.037277Z,2024-07-02T22:58:43Z,501,501,20.0,30.0,97.0,107.0,descending,ascending,0.020000457763671875,0.01999664306640625,e930fc8377b0d158b4b22834869896bcc5047b44e38b4c34f63b0b1103e4c255,1.0,1.0,1.0,1.0,1.0,1.0,1.0,False,40.354333,578.037277,0.05172219999803929
202407\02\NC_H09_20240702_2250_R21_FLDK.06001_06001.nc,NC_H09_20240702_2250_R21_FLDK.06001_06001.nc,4914820,2024-07-02T22:50:00+00:00,H09,06001_06001,True,True,TIME_MISMATCH,TIME_MISMATCH,start_time_minus_nominal_seconds=40.355469;end_time_minus_nominal_seconds=578.023424,1.0,True,2024-07-02T22:50:40.355469Z,2024-07-02T22:59:38.023424Z,2024-07-02T23:08:46Z,501,501,20.0,30.0,97.0,107.0,descending,ascending,0.020000457763671875,0.01999664306640625,e930fc8377b0d158b4b22834869896bcc5047b44e38b4c34f63b0b1103e4c255,1.0,1.0,1.0,1.0,1.0,1.0,1.0,False,40.355469,578.023424,0.04940150000038557
202407\02\NC_H09_20240702_2300_R21_FLDK.06001_06001.nc,NC_H09_20240702_2300_R21_FLDK.06001_06001.nc,5058358,2024-07-02T23:00:00+00:00,H09,06001_06001,True,True,TIME_MISMATCH,TIME_MISMATCH,start_time_minus_nominal_seconds=40.333748;end_time_minus_nominal_seconds=578.014074,1.0,True,2024-07-02T23:00:40.333748Z,2024-07-02T23:09:38.014074Z,2024-07-02T23:17:46Z,501,501,20.0,30.0,97.0,107.0,descending,ascending,0.020000457763671875,0.01999664306640625,e930fc8377b0d158b4b22834869896bcc5047b44e38b4c34f63b0b1103e4c255,1.0,1.0,1.0,1.0,1.0,1.0,1.0,False,40.333748,578.014074,0.051865000001271255
202407\02\NC_H09_20240702_2310_R21_FLDK.06001_06001.nc,NC_H09_20240702_2310_R21_FLDK.06001_06001.nc,5141053,2024-07-02T23:10:00+00:00,H09,06001_06001,True,True,TIME_MISMATCH,TIME_MISMATCH,start_time_minus_nominal_seconds=39.996501;end_time_minus_nominal_seconds=578.004349,1.0,True,2024-07-02T23:10:39.996501Z,2024-07-02T23:19:38.004349Z,2024-07-02T23:26:51Z,501,501,20.0,30.0,97.0,107.0,descending,ascending,0.020000457763671875,0.01999664306640625,e930fc8377b0d158b4b22834869896bcc5047b44e38b4c34f63b0b1103e4c255,1.0,1.0,1.0,1.0,1.0,1.0,1.0,False,39.996501,578.004349,0.05017019999650074
202407\02\NC_H09_20240702_2320_R21_FLDK.06001_06001.nc,NC_H09_20240702_2320_R21_FLDK.06001_06001.nc,5202886,2024-07-02T23:20:00+00:00,H09,06001_06001,True,True,TIME_MISMATCH,TIME_MISMATCH,start_time_minus_nominal_seconds=40.285559;end_time_minus_nominal_seconds=577.991194,1.0,True,2024-07-02T23:20:40.285559Z,2024-07-02T23:29:37.991194Z,2024-07-02T23:38:45Z,501,501,20.0,30.0,97.0,107.0,descending,ascending,0.020000457763671875,0.01999664306640625,e930fc8377b0d158b4b22834869896bcc5047b44e38b4c34f63b0b1103e4c255,1.0,1.0,1.0,1.0,1.0,1.0,1.0,False,40.285559,577.991194,0.05462760000227718
202407\02\NC_H09_20240702_2330_R21_FLDK.06001_06001.nc,NC_H09_20240702_2330_R21_FLDK.06001_06001.nc,5250102,2024-07-02T23:30:00+00:00,H09,06001_06001,True,True,TIME_MISMATCH,TIME_MISMATCH,start_time_minus_nominal_seconds=40.315774;end_time_minus_nominal_seconds=577.990133,1.0,True,2024-07-02T23:30:40.315774Z,2024-07-02T23:39:37.990133Z,2024-07-02T23:47:48Z,501,501,20.0,30.0,97.0,107.0,descending,ascending,0.020000457763671875,0.01999664306640625,e930fc8377b0d158b4b22834869896bcc5047b44e38b4c34f63b0b1103e4c255,1.0,1.0,1.0,1.0,1.0,1.0,1.0,False,40.315774,577.990133,0.05150130000401987
202407\03\NC_H09_20240703_0130_R21_FLDK.06001_06001.nc,NC_H09_20240703_0130_R21_FLDK.06001_06001.nc,5414044,2024-07-03T01:30:00+00:00,H09,06001_06001,True,True,TIME_MISMATCH,TIME_MISMATCH,start_time_minus_nominal_seconds=40.159900;end_time_minus_nominal_seconds=577.864633,1.0,True,2024-07-03T01:30:40.159900Z,2024-07-03T01:39:37.864633Z,2024-07-03T01:48:46Z,501,501,20.0,30.0,97.0,107.0,descending,ascending,0.020000457763671875,0.01999664306640625,e930fc8377b0d158b4b22834869896bcc5047b44e38b4c34f63b0b1103e4c255,1.0,1.0,1.0,1.0,1.0,1.0,1.0,False,40.1599,577.864633,0.052479400001175236
202407\03\NC_H09_20240703_0140_R21_FLDK.06001_06001.nc,NC_H09_20240703_0140_R21_FLDK.06001_06001.nc,5422687,2024-07-03T01:40:00+00:00,H09,06001_06001,True,True,TIME_MISMATCH,TIME_MISMATCH,start_time_minus_nominal_seconds=40.055512;end_time_minus_nominal_seconds=577.816588,1.0,True,2024-07-03T01:40:40.055512Z,2024-07-03T01:49:37.816588Z,2024-07-03T01:58:46Z,501,501,20.0,30.0,97.0,107.0,descending,ascending,0.020000457763671875,0.01999664306640625,e930fc8377b0d158b4b22834869896bcc5047b44e38b4c34f63b0b1103e4c255,1.0,1.0,1.0,1.0,1.0,1.0,1.0,False,40.055512,577.816588,0.05564359999698354
202407\03\NC_H09_20240703_0150_R21_FLDK.06001_06001.nc,NC_H09_20240703_0150_R21_FLDK.06001_06001.nc,5429904,2024-07-03T01:50:00+00:00,H09,06001_06001,True,True,TIME_MISMATCH,TIME_MISMATCH,start_time_minus_nominal_seconds=39.770423;end_time_minus_nominal_seconds=577.807212,1.0,True,2024-07-03T01:50:39.770423Z,2024-07-03T01:59:37.807212Z,2024-07-03T02:10:23Z,501,501,20.0,30.0,97.0,107.0,descending,ascending,0.020000457763671875,0.01999664306640625,e930fc8377b0d158b4b22834869896bcc5047b44e38b4c34f63b0b1103e4c255,1.0,1.0,1.0,1.0,1.0,1.0,1.0,False,39.770423,577.807212,0.052457500001764856
202407\03\NC_H09_20240703_0200_R21_FLDK.06001_06001.nc,NC_H09_20240703_0200_R21_FLDK.06001_06001.nc,5438843,2024-07-03T02:00:00+00:00,H09,06001_06001,True,True,TIME_MISMATCH,TIME_MISMATCH,start_time_minus_nominal_seconds=40.048677;end_time_minus_nominal_seconds=577.797446,1.0,True,2024-07-03T02:00:40.048677Z,2024-07-03T02:09:37.797446Z,2024-07-03T02:18:49Z,501,501,20.0,30.0,97.0,107.0,descending,ascending,0.020000457763671875,0.01999664306640625,e930fc8377b0d158b4b22834869896bcc5047b44e38b4c34f63b0b1103e4c255,1.0,1.0,1.0,1.0,1.0,1.0,1.0,False,40.048677,577.797446,0.051040199999988545
202407\03\NC_H09_20240703_0210_R21_FLDK.06001_06001.nc,NC_H09_20240703_0210_R21_FLDK.06001_06001.nc,5443729,2024-07-03T02:10:00+00:00,H09,06001_06001,True,True,TIME_MISMATCH,TIME_MISMATCH,start_time_minus_nominal_seconds=40.013272;end_time_minus_nominal_seconds=577.786176,1.0,True,2024-07-03T02:10:40.013272Z,2024-07-03T02:19:37.786176Z,2024-07-03T02:29:49Z,501,501,20.0,30.0,97.0,107.0,descending,ascending,0.020000457763671875,0.01999664306640625,e930fc8377b0d158b4b22834869896bcc5047b44e38b4c34f63b0b1103e4c255,1.0,1.0,1.0,1.0,1.0,1.0,1.0,False,40.013272,577.786176,0.05188730000372743
202407\03\NC_H09_20240703_0220_R21_FLDK.06001_06001.nc,NC_H09_20240703_0220_R21_FLDK.06001_06001.nc,5445991,2024-07-03T02:20:00+00:00,H09,06001_06001,True,True,TIME_MISMATCH,TIME_MISMATCH,start_time_minus_nominal_seconds=40.015721;end_time_minus_nominal_seconds=577.776794,1.0,True,2024-07-03T02:20:40.015721Z,2024-07-03T02:29:37.776794Z,2024-07-03T02:39:49Z,501,501,20.0,30.0,97.0,107.0,descending,ascending,0.020000457763671875,0.01999664306640625,e930fc8377b0d158b4b22834869896bcc5047b44e38b4c34f63b0b1103e4c255,1.0,1.0,1.0,1.0,1.0,1.0,1.0,False,40.015721,577.776794,0.050526999999419786
202407\03\NC_H09_20240703_1500_R21_FLDK.06001_06001.nc,NC_H09_20240703_1500_R21_FLDK.06001_06001.nc,3657233,2024-07-03T15:00:00+00:00,H09,06001_06001,True,True,TIME_MISMATCH,TIME_MISMATCH,start_time_minus_nominal_seconds=41.841995;end_time_minus_nominal_seconds=579.519527,1.0,True,2024-07-03T15:00:41.841995Z,2024-07-03T15:09:39.519527Z,2024-07-03T15:20:10Z,501,501,20.0,30.0,97.0,107.0,descending,ascending,0.020000457763671875,0.01999664306640625,e930fc8377b0d158b4b22834869896bcc5047b44e38b4c34f63b0b1103e4c255,1.0,1.0,1.0,1.0,1.0,1.0,1.0,False,41.841995,579.519527,0.049938900003326125
202407\03\NC_H09_20240703_1510_R21_FLDK.06001_06001.nc,NC_H09_20240703_1510_R21_FLDK.06001_06001.nc,3657078,2024-07-03T15:10:00+00:00,H09,06001_06001,True,True,TIME_MISMATCH,TIME_MISMATCH,start_time_minus_nominal_seconds=41.856073;end_time_minus_nominal_seconds=579.508272,1.0,True,2024-07-03T15:10:41.856073Z,2024-07-03T15:19:39.508272Z,2024-07-03T15:27:40Z,501,501,20.0,30.0,97.0,107.0,descending,ascending,0.020000457763671875,0.01999664306640625,e930fc8377b0d158b4b22834869896bcc5047b44e38b4c34f63b0b1103e4c255,1.0,1.0,1.0,1.0,1.0,1.0,1.0,False,41.856073,579.508272,0.04864670000097249
202407\03\NC_H09_20240703_1520_R21_FLDK.06001_06001.nc,NC_H09_20240703_1520_R21_FLDK.06001_06001.nc,3649237,2024-07-03T15:20:00+00:00,H09,06001_06001,True,True,TIME_MISMATCH,TIME_MISMATCH,start_time_minus_nominal_seconds=41.846749;end_time_minus_nominal_seconds=579.498952,1.0,True,2024-07-03T15:20:41.846749Z,2024-07-03T15:29:39.498952Z,2024-07-03T15:38:39Z,501,501,20.0,30.0,97.0,107.0,descending,ascending,0.020000457763671875,0.01999664306640625,e930fc8377b0d158b4b22834869896bcc5047b44e38b4c34f63b0b1103e4c255,1.0,1.0,1.0,1.0,1.0,1.0,1.0,False,41.846749,579.498952,0.04792550000274787
202407\03\NC_H09_20240703_1530_R21_FLDK.06001_06001.nc,NC_H09_20240703_1530_R21_FLDK.06001_06001.nc,3648433,2024-07-03T15:30:00+00:00,H09,06001_06001,True,True,TIME_MISMATCH,TIME_MISMATCH,start_time_minus_nominal_seconds=41.488136;end_time_minus_nominal_seconds=579.489637,1.0,True,2024-07-03T15:30:41.488136Z,2024-07-03T15:39:39.489637Z,2024-07-03T15:48:41Z,501,501,20.0,30.0,97.0,107.0,descending,ascending,0.020000457763671875,0.01999664306640625,e930fc8377b0d158b4b22834869896bcc5047b44e38b4c34f63b0b1103e4c255,1.0,1.0,1.0,1.0,1.0,1.0,1.0,False,41.488136,579.489637,0.04974439999932656
202407\03\NC_H09_20240703_1540_R21_FLDK.06001_06001.nc,NC_H09_20240703_1540_R21_FLDK.06001_06001.nc,3642169,2024-07-03T15:40:00+00:00,H09,06001_06001,True,True,TIME_MISMATCH,TIME_MISMATCH,start_time_minus_nominal_seconds=41.802436;end_time_minus_nominal_seconds=579.479966,1.0,True,2024-07-03T15:40:41.802436Z,2024-07-03T15:49:39.479966Z,2024-07-03T15:57:42Z,501,501,20.0,30.0,97.0,107.0,descending,ascending,0.020000457763671875,0.01999664306640625,e930fc8377b0d158b4b22834869896bcc5047b44e38b4c34f63b0b1103e4c255,1.0,1.0,1.0,1.0,1.0,1.0,1.0,False,41.802436,579.479966,0.048927800002275035
202407\03\NC_H09_20240703_1550_R21_FLDK.06001_06001.nc,NC_H09_20240703_1550_R21_FLDK.06001_06001.nc,3631496,2024-07-03T15:50:00+00:00,H09,06001_06001,True,True,TIME_MISMATCH,TIME_MISMATCH,start_time_minus_nominal_seconds=41.818342;end_time_minus_nominal_seconds=579.468712,1.0,True,2024-07-03T15:50:41.818342Z,2024-07-03T15:59:39.468712Z,2024-07-03T16:06:51Z,501,501,20.0,30.0,97.0,107.0,descending,ascending,0.020000457763671875,0.01999664306640625,e930fc8377b0d158b4b22834869896bcc5047b44e38b4c34f63b0b1103e4c255,1.0,1.0,1.0,1.0,1.0,1.0,1.0,False,41.818342,579.468712,0.0497761000005994
202407\03\NC_H09_20240703_1710_R21_FLDK.06001_06001.nc,NC_H09_20240703_1710_R21_FLDK.06001_06001.nc,3565428,2024-07-03T17:10:00+00:00,H09,06001_06001,True,True,TIME_MISMATCH,TIME_MISMATCH,start_time_minus_nominal_seconds=41.778874;end_time_minus_nominal_seconds=579.387617,1.0,True,2024-07-03T17:10:41.778874Z,2024-07-03T17:19:39.387617Z,2024-07-03T17:30:44Z,501,501,20.0,30.0,97.0,107.0,descending,ascending,0.020000457763671875,0.01999664306640625,e930fc8377b0d158b4b22834869896bcc5047b44e38b4c34f63b0b1103e4c255,1.0,1.0,1.0,1.0,1.0,1.0,1.0,False,41.778874,579.387617,0.04797810000309255
202407\03\NC_H09_20240703_1720_R21_FLDK.06001_06001.nc,NC_H09_20240703_1720_R21_FLDK.06001_06001.nc,3563844,2024-07-03T17:20:00+00:00,H09,06001_06001,True,True,TIME_MISMATCH,TIME_MISMATCH,start_time_minus_nominal_seconds=41.793920;end_time_minus_nominal_seconds=579.380203,1.0,True,2024-07-03T17:20:41.793920Z,2024-07-03T17:29:39.380203Z,2024-07-03T17:38:41Z,501,501,20.0,30.0,97.0,107.0,descending,ascending,0.020000457763671875,0.01999664306640625,e930fc8377b0d158b4b22834869896bcc5047b44e38b4c34f63b0b1103e4c255,1.0,1.0,1.0,1.0,1.0,1.0,1.0,False,41.79392,579.380203,0.0519685000035679
202407\03\NC_H09_20240703_1730_R21_FLDK.06001_06001.nc,NC_H09_20240703_1730_R21_FLDK.06001_06001.nc,3560026,2024-07-03T17:30:00+00:00,H09,06001_06001,True,True,TIME_MISMATCH,TIME_MISMATCH,start_time_minus_nominal_seconds=41.784579;end_time_minus_nominal_seconds=579.370853,1.0,True,2024-07-03T17:30:41.784579Z,2024-07-03T17:39:39.370853Z,2024-07-03T17:47:48Z,501,501,20.0,30.0,97.0,107.0,descending,ascending,0.020000457763671875,0.01999664306640625,e930fc8377b0d158b4b22834869896bcc5047b44e38b4c34f63b0b1103e4c255,1.0,1.0,1.0,1.0,1.0,1.0,1.0,False,41.784579,579.370853,0.04901609999797074
202407\03\NC_H09_20240703_1740_R21_FLDK.06001_06001.nc,NC_H09_20240703_1740_R21_FLDK.06001_06001.nc,3560489,2024-07-03T17:40:00+00:00,H09,06001_06001,True,True,TIME_MISMATCH,TIME_MISMATCH,start_time_minus_nominal_seconds=41.775228;end_time_minus_nominal_seconds=579.361163,1.0,True,2024-07-03T17:40:41.775228Z,2024-07-03T17:49:39.361163Z,2024-07-03T17:58:38Z,501,501,20.0,30.0,97.0,107.0,descending,ascending,0.020000457763671875,0.01999664306640625,e930fc8377b0d158b4b22834869896bcc5047b44e38b4c34f63b0b1103e4c255,1.0,1.0,1.0,1.0,1.0,1.0,1.0,False,41.775228,579.361163,0.04931009999563685
202407\03\NC_H09_20240703_1750_R21_FLDK.06001_06001.nc,NC_H09_20240703_1750_R21_FLDK.06001_06001.nc,3553474,2024-07-03T17:50:00+00:00,H09,06001_06001,True,True,TIME_MISMATCH,TIME_MISMATCH,start_time_minus_nominal_seconds=41.441860;end_time_minus_nominal_seconds=579.347964,1.0,True,2024-07-03T17:50:41.441860Z,2024-07-03T17:59:39.347964Z,2024-07-03T18:09:38Z,501,501,20.0,30.0,97.0,107.0,descending,ascending,0.020000457763671875,0.01999664306640625,e930fc8377b0d158b4b22834869896bcc5047b44e38b4c34f63b0b1103e4c255,1.0,1.0,1.0,1.0,1.0,1.0,1.0,False,41.44186,579.347964,0.0501421999942977
202407\03\NC_H09_20240703_1800_R21_FLDK.06001_06001.nc,NC_H09_20240703_1800_R21_FLDK.06001_06001.nc,3551368,2024-07-03T18:00:00+00:00,H09,06001_06001,True,True,TIME_MISMATCH,TIME_MISMATCH,start_time_minus_nominal_seconds=41.715122;end_time_minus_nominal_seconds=579.340546,1.0,True,2024-07-03T18:00:41.715122Z,2024-07-03T18:09:39.340546Z,2024-07-03T18:17:41Z,501,501,20.0,30.0,97.0,107.0,descending,ascending,0.020000457763671875,0.01999664306640625,e930fc8377b0d158b4b22834869896bcc5047b44e38b4c34f63b0b1103e4c255,1.0,1.0,1.0,1.0,1.0,1.0,1.0,False,41.715122,579.340546,0.053510300000198185
202407\03\NC_H09_20240703_1930_R21_FLDK.06001_06001.nc,NC_H09_20240703_1930_R21_FLDK.06001_06001.nc,3527948,2024-07-03T19:30:00+00:00,H09,06001_06001,True,True,TIME_MISMATCH,TIME_MISMATCH,start_time_minus_nominal_seconds=41.274052;end_time_minus_nominal_seconds=579.213229,1.0,True,2024-07-03T19:30:41.274052Z,2024-07-03T19:39:39.213229Z,2024-07-03T19:49:42Z,501,501,20.0,30.0,97.0,107.0,descending,ascending,0.020000457763671875,0.01999664306640625,e930fc8377b0d158b4b22834869896bcc5047b44e38b4c34f63b0b1103e4c255,1.0,1.0,1.0,1.0,1.0,1.0,1.0,False,41.274052,579.213229,0.0492489000025671
202407\03\NC_H09_20240703_1940_R21_FLDK.06001_06001.nc,NC_H09_20240703_1940_R21_FLDK.06001_06001.nc,3539327,2024-07-03T19:40:00+00:00,H09,06001_06001,True,True,TIME_MISMATCH,TIME_MISMATCH,start_time_minus_nominal_seconds=41.252842;end_time_minus_nominal_seconds=579.203503,1.0,True,2024-07-03T19:40:41.252842Z,2024-07-03T19:49:39.203503Z,2024-07-03T19:58:43Z,501,501,20.0,30.0,97.0,107.0,descending,ascending,0.020000457763671875,0.01999664306640625,e930fc8377b0d158b4b22834869896bcc5047b44e38b4c34f63b0b1103e4c255,1.0,1.0,1.0,1.0,1.0,1.0,1.0,False,41.252842,579.203503,0.04745539999566972
202407\03\NC_H09_20240703_1950_R21_FLDK.06001_06001.nc,NC_H09_20240703_1950_R21_FLDK.06001_06001.nc,3533306,2024-07-03T19:50:00+00:00,H09,06001_06001,True,True,TIME_MISMATCH,TIME_MISMATCH,start_time_minus_nominal_seconds=41.231715;end_time_minus_nominal_seconds=579.194145,1.0,True,2024-07-03T19:50:41.231715Z,2024-07-03T19:59:39.194145Z,2024-07-03T20:07:43Z,501,501,20.0,30.0,97.0,107.0,descending,ascending,0.020000457763671875,0.01999664306640625,e930fc8377b0d158b4b22834869896bcc5047b44e38b4c34f63b0b1103e4c255,1.0,1.0,1.0,1.0,1.0,1.0,1.0,False,41.231715,579.194145,0.04977559999679215
202407\03\NC_H09_20240703_2000_R21_FLDK.06001_06001.nc,NC_H09_20240703_2000_R21_FLDK.06001_06001.nc,3534178,2024-07-03T20:00:00+00:00,H09,06001_06001,True,True,TIME_MISMATCH,TIME_MISMATCH,start_time_minus_nominal_seconds=41.490846;end_time_minus_nominal_seconds=579.182867,1.0,True,2024-07-03T20:00:41.490846Z,2024-07-03T20:09:39.182867Z,2024-07-03T20:17:41Z,501,501,20.0,30.0,97.0,107.0,descending,ascending,0.020000457763671875,0.01999664306640625,e930fc8377b0d158b4b22834869896bcc5047b44e38b4c34f63b0b1103e4c255,1.0,1.0,1.0,1.0,1.0,1.0,1.0,False,41.490846,579.182867,0.04836860000068555
202407\03\NC_H09_20240703_2010_R21_FLDK.06001_06001.nc,NC_H09_20240703_2010_R21_FLDK.06001_06001.nc,3537476,2024-07-03T20:10:00+00:00,H09,06001_06001,True,True,TIME_MISMATCH,TIME_MISMATCH,start_time_minus_nominal_seconds=41.494107;end_time_minus_nominal_seconds=579.173510,1.0,True,2024-07-03T20:10:41.494107Z,2024-07-03T20:19:39.173510Z,2024-07-03T20:28:41Z,501,501,20.0,30.0,97.0,107.0,descending,ascending,0.020000457763671875,0.01999664306640625,e930fc8377b0d158b4b22834869896bcc5047b44e38b4c34f63b0b1103e4c255,1.0,1.0,1.0,1.0,1.0,1.0,1.0,False,41.494107,579.17351,0.04968389999703504
202407\03\NC_H09_20240703_2020_R21_FLDK.06001_06001.nc,NC_H09_20240703_2020_R21_FLDK.06001_06001.nc,3536073,2024-07-03T20:20:00+00:00,H09,06001_06001,True,True,TIME_MISMATCH,TIME_MISMATCH,start_time_minus_nominal_seconds=41.484751;end_time_minus_nominal_seconds=579.164155,1.0,True,2024-07-03T20:20:41.484751Z,2024-07-03T20:29:39.164155Z,2024-07-03T20:38:44Z,501,501,20.0,30.0,97.0,107.0,descending,ascending,0.020000457763671875,0.01999664306640625,e930fc8377b0d158b4b22834869896bcc5047b44e38b4c34f63b0b1103e4c255,1.0,1.0,1.0,1.0,1.0,1.0,1.0,False,41.484751,579.164155,0.048579799993603956
202407\03\NC_H09_20240703_2030_R21_FLDK.06001_06001.nc,NC_H09_20240703_2030_R21_FLDK.06001_06001.nc,3546755,2024-07-03T20:30:00+00:00,H09,06001_06001,True,True,TIME_MISMATCH,TIME_MISMATCH,start_time_minus_nominal_seconds=41.136509;end_time_minus_nominal_seconds=579.121999,1.0,True,2024-07-03T20:30:41.136509Z,2024-07-03T20:39:39.121999Z,2024-07-03T20:46:48Z,501,501,20.0,30.0,97.0,107.0,descending,ascending,0.020000457763671875,0.01999664306640625,e930fc8377b0d158b4b22834869896bcc5047b44e38b4c34f63b0b1103e4c255,1.0,1.0,1.0,1.0,1.0,1.0,1.0,False,41.136509,579.121999,0.04970820000016829
202407\03\NC_H09_20240703_2040_R21_FLDK.06001_06001.nc,NC_H09_20240703_2040_R21_FLDK.06001_06001.nc,3534245,2024-07-03T20:40:00+00:00,H09,06001_06001,True,True,TIME_MISMATCH,TIME_MISMATCH,start_time_minus_nominal_seconds=41.440467;end_time_minus_nominal_seconds=579.110726,1.0,True,2024-07-03T20:40:41.440467Z,2024-07-03T20:49:39.110726Z,2024-07-03T20:59:38Z,501,501,20.0,30.0,97.0,107.0,descending,ascending,0.020000457763671875,0.01999664306640625,e930fc8377b0d158b4b22834869896bcc5047b44e38b4c34f63b0b1103e4c255,1.0,1.0,1.0,1.0,1.0,1.0,1.0,False,41.440467,579.110726,0.04828600000473671
202407\03\NC_H09_20240703_2050_R21_FLDK.06001_06001.nc,NC_H09_20240703_2050_R21_FLDK.06001_06001.nc,3537457,2024-07-03T20:50:00+00:00,H09,06001_06001,True,True,TIME_MISMATCH,TIME_MISMATCH,start_time_minus_nominal_seconds=41.454401;end_time_minus_nominal_seconds=579.095138,1.0,True,2024-07-03T20:50:41.454401Z,2024-07-03T20:59:39.095138Z,2024-07-03T21:07:45Z,501,501,20.0,30.0,97.0,107.0,descending,ascending,0.020000457763671875,0.01999664306640625,e930fc8377b0d158b4b22834869896bcc5047b44e38b4c34f63b0b1103e4c255,1.0,1.0,1.0,1.0,1.0,1.0,1.0,False,41.454401,579.095138,0.04823640000540763
202407\03\NC_H09_20240703_2100_R21_FLDK.06001_06001.nc,NC_H09_20240703_2100_R21_FLDK.06001_06001.nc,3544981,2024-07-03T21:00:00+00:00,H09,06001_06001,True,True,TIME_MISMATCH,TIME_MISMATCH,start_time_minus_nominal_seconds=41.117741;end_time_minus_nominal_seconds=579.085783,1.0,True,2024-07-03T21:00:41.117741Z,2024-07-03T21:09:39.085783Z,2024-07-03T21:17:44Z,501,501,20.0,30.0,97.0,107.0,descending,ascending,0.020000457763671875,0.01999664306640625,e930fc8377b0d158b4b22834869896bcc5047b44e38b4c34f63b0b1103e4c255,1.0,1.0,1.0,1.0,1.0,1.0,1.0,False,41.117741,579.085783,0.04690690000279574
202407\03\NC_H09_20240703_2110_R21_FLDK.06001_06001.nc,NC_H09_20240703_2110_R21_FLDK.06001_06001.nc,3543705,2024-07-03T21:10:00+00:00,H09,06001_06001,True,True,TIME_MISMATCH,TIME_MISMATCH,start_time_minus_nominal_seconds=41.085317;end_time_minus_nominal_seconds=579.076055,1.0,True,2024-07-03T21:10:41.085317Z,2024-07-03T21:19:39.076055Z,2024-07-03T21:25:44Z,501,501,20.0,30.0,97.0,107.0,descending,ascending,0.020000457763671875,0.01999664306640625,e930fc8377b0d158b4b22834869896bcc5047b44e38b4c34f63b0b1103e4c255,1.0,1.0,1.0,1.0,1.0,1.0,1.0,False,41.085317,579.076055,0.051250999997137114
202407\03\NC_H09_20240703_2120_R21_FLDK.06001_06001.nc,NC_H09_20240703_2120_R21_FLDK.06001_06001.nc,3548306,2024-07-03T21:20:00+00:00,H09,06001_06001,True,True,TIME_MISMATCH,TIME_MISMATCH,start_time_minus_nominal_seconds=41.347653;end_time_minus_nominal_seconds=579.062871,1.0,True,2024-07-03T21:20:41.347653Z,2024-07-03T21:29:39.062871Z,2024-07-03T21:39:37Z,501,501,20.0,30.0,97.0,107.0,descending,ascending,0.020000457763671875,0.01999664306640625,e930fc8377b0d158b4b22834869896bcc5047b44e38b4c34f63b0b1103e4c255,1.0,1.0,1.0,1.0,1.0,1.0,1.0,False,41.347653,579.062871,0.047822100001212675
202407\04\NC_H09_20240704_2110_R21_FLDK.06001_06001.nc,NC_H09_20240704_2110_R21_FLDK.06001_06001.nc,3505843,2024-07-04T21:10:00+00:00,H09,06001_06001,True,True,TIME_MISMATCH,TIME_MISMATCH,start_time_minus_nominal_seconds=41.258313;end_time_minus_nominal_seconds=578.964948,1.0,True,2024-07-04T21:10:41.258313Z,2024-07-04T21:19:38.964948Z,2024-07-04T21:28:44Z,501,501,20.0,30.0,97.0,107.0,descending,ascending,0.020000457763671875,0.01999664306640625,e930fc8377b0d158b4b22834869896bcc5047b44e38b4c34f63b0b1103e4c255,1.0,1.0,1.0,1.0,1.0,1.0,1.0,False,41.258313,578.964948,0.04886229999829084
202407\04\NC_H09_20240704_2120_R21_FLDK.06001_06001.nc,NC_H09_20240704_2120_R21_FLDK.06001_06001.nc,3507667,2024-07-04T21:20:00+00:00,H09,06001_06001,True,True,TIME_MISMATCH,TIME_MISMATCH,start_time_minus_nominal_seconds=41.248956;end_time_minus_nominal_seconds=578.955584,1.0,True,2024-07-04T21:20:41.248956Z,2024-07-04T21:29:38.955584Z,2024-07-04T21:37:42Z,501,501,20.0,30.0,97.0,107.0,descending,ascending,0.020000457763671875,0.01999664306640625,e930fc8377b0d158b4b22834869896bcc5047b44e38b4c34f63b0b1103e4c255,1.0,1.0,1.0,1.0,1.0,1.0,1.0,False,41.248956,578.955584,0.048605800002405886
202407\04\NC_H09_20240704_2130_R21_FLDK.06001_06001.nc,NC_H09_20240704_2130_R21_FLDK.06001_06001.nc,3513137,2024-07-04T21:30:00+00:00,H09,06001_06001,True,True,TIME_MISMATCH,TIME_MISMATCH,start_time_minus_nominal_seconds=40.899343;end_time_minus_nominal_seconds=578.946220,1.0,True,2024-07-04T21:30:40.899343Z,2024-07-04T21:39:38.946220Z,2024-07-04T21:49:40Z,501,501,20.0,30.0,97.0,107.0,descending,ascending,0.020000457763671875,0.01999664306640625,e930fc8377b0d158b4b22834869896bcc5047b44e38b4c34f63b0b1103e4c255,1.0,1.0,1.0,1.0,1.0,1.0,1.0,False,40.899343,578.94622,0.04902369999763323
202407\04\NC_H09_20240704_2140_R21_FLDK.06001_06001.nc,NC_H09_20240704_2140_R21_FLDK.06001_06001.nc,3528970,2024-07-04T21:40:00+00:00,H09,06001_06001,True,True,TIME_MISMATCH,TIME_MISMATCH,start_time_minus_nominal_seconds=41.242687;end_time_minus_nominal_seconds=578.936499,1.0,True,2024-07-04T21:40:41.242687Z,2024-07-04T21:49:38.936499Z,2024-07-04T21:58:44Z,501,501,20.0,30.0,97.0,107.0,descending,ascending,0.020000457763671875,0.01999664306640625,e930fc8377b0d158b4b22834869896bcc5047b44e38b4c34f63b0b1103e4c255,1.0,1.0,1.0,1.0,1.0,1.0,1.0,False,41.242687,578.936499,0.04972710000583902
202407\04\NC_H09_20240704_2150_R21_FLDK.06001_06001.nc,NC_H09_20240704_2150_R21_FLDK.06001_06001.nc,3560599,2024-07-04T21:50:00+00:00,H09,06001_06001,True,True,TIME_MISMATCH,TIME_MISMATCH,start_time_minus_nominal_seconds=40.891546;end_time_minus_nominal_seconds=578.925240,1.0,True,2024-07-04T21:50:40.891546Z,2024-07-04T21:59:38.925240Z,2024-07-04T22:08:46Z,501,501,20.0,30.0,97.0,107.0,descending,ascending,0.020000457763671875,0.01999664306640625,e930fc8377b0d158b4b22834869896bcc5047b44e38b4c34f63b0b1103e4c255,1.0,1.0,1.0,1.0,1.0,1.0,1.0,False,40.891546,578.92524,0.0471012000052724
202407\04\NC_H09_20240704_2200_R21_FLDK.06001_06001.nc,NC_H09_20240704_2200_R21_FLDK.06001_06001.nc,3669295,2024-07-04T22:00:00+00:00,H09,06001_06001,True,True,TIME_MISMATCH,TIME_MISMATCH,start_time_minus_nominal_seconds=41.196893;end_time_minus_nominal_seconds=578.915886,1.0,True,2024-07-04T22:00:41.196893Z,2024-07-04T22:09:38.915886Z,2024-07-04T22:20:40Z,501,501,20.0,30.0,97.0,107.0,descending,ascending,0.020000457763671875,0.01999664306640625,e930fc8377b0d158b4b22834869896bcc5047b44e38b4c34f63b0b1103e4c255,1.0,1.0,1.0,1.0,1.0,1.0,1.0,False,41.196893,578.915886,0.04883220000192523
202407\06\NC_H09_20240706_0330_R21_FLDK.06001_06001.nc,NC_H09_20240706_0330_R21_FLDK.06001_06001.nc,5561078,2024-07-06T03:30:00+00:00,H09,06001_06001,True,True,TIME_MISMATCH,TIME_MISMATCH,start_time_minus_nominal_seconds=40.839251;end_time_minus_nominal_seconds=578.903674,1.0,True,2024-07-06T03:30:40.839251Z,2024-07-06T03:39:38.903674Z,2024-07-06T03:49:46Z,501,501,20.0,30.0,97.0,107.0,descending,ascending,0.020000457763671875,0.01999664306640625,e930fc8377b0d158b4b22834869896bcc5047b44e38b4c34f63b0b1103e4c255,1.0,1.0,1.0,1.0,1.0,1.0,1.0,False,40.839251,578.903674,0.050093700003344566
202407\06\NC_H09_20240706_0340_R21_FLDK.06001_06001.nc,NC_H09_20240706_0340_R21_FLDK.06001_06001.nc,5584661,2024-07-06T03:40:00+00:00,H09,06001_06001,True,True,TIME_MISMATCH,TIME_MISMATCH,start_time_minus_nominal_seconds=41.136364;end_time_minus_nominal_seconds=578.894265,1.0,True,2024-07-06T03:40:41.136364Z,2024-07-06T03:49:38.894265Z,2024-07-06T03:58:48Z,501,501,20.0,30.0,97.0,107.0,descending,ascending,0.020000457763671875,0.01999664306640625,e930fc8377b0d158b4b22834869896bcc5047b44e38b4c34f63b0b1103e4c255,1.0,1.0,1.0,1.0,1.0,1.0,1.0,False,41.136364,578.894265,0.05281779999495484
202407\06\NC_H09_20240706_0350_R21_FLDK.06001_06001.nc,NC_H09_20240706_0350_R21_FLDK.06001_06001.nc,5607298,2024-07-06T03:50:00+00:00,H09,06001_06001,True,True,TIME_MISMATCH,TIME_MISMATCH,start_time_minus_nominal_seconds=41.151040;end_time_minus_nominal_seconds=578.884481,1.0,True,2024-07-06T03:50:41.151040Z,2024-07-06T03:59:38.884481Z,2024-07-06T04:11:43Z,501,501,20.0,30.0,97.0,107.0,descending,ascending,0.020000457763671875,0.01999664306640625,e930fc8377b0d158b4b22834869896bcc5047b44e38b4c34f63b0b1103e4c255,1.0,1.0,1.0,1.0,1.0,1.0,1.0,False,41.15104,578.884481,0.05130040000221925
202407\06\NC_H09_20240706_0400_R21_FLDK.06001_06001.nc,NC_H09_20240706_0400_R21_FLDK.06001_06001.nc,5630665,2024-07-06T04:00:00+00:00,H09,06001_06001,True,True,TIME_MISMATCH,TIME_MISMATCH,start_time_minus_nominal_seconds=40.811044;end_time_minus_nominal_seconds=578.875089,1.0,True,2024-07-06T04:00:40.811044Z,2024-07-06T04:09:38.875089Z,2024-07-06T04:18:47Z,501,501,20.0,30.0,97.0,107.0,descending,ascending,0.020000457763671875,0.01999664306640625,e930fc8377b0d158b4b22834869896bcc5047b44e38b4c34f63b0b1103e4c255,1.0,1.0,1.0,1.0,1.0,1.0,1.0,False,40.811044,578.875089,0.054241199999523815
202407\06\NC_H09_20240706_0410_R21_FLDK.06001_06001.nc,NC_H09_20240706_0410_R21_FLDK.06001_06001.nc,5657622,2024-07-06T04:10:00+00:00,H09,06001_06001,True,True,TIME_MISMATCH,TIME_MISMATCH,start_time_minus_nominal_seconds=41.105876;end_time_minus_nominal_seconds=578.863786,1.0,True,2024-07-06T04:10:41.105876Z,2024-07-06T04:19:38.863786Z,2024-07-06T04:29:49Z,501,501,20.0,30.0,97.0,107.0,descending,ascending,0.020000457763671875,0.01999664306640625,e930fc8377b0d158b4b22834869896bcc5047b44e38b4c34f63b0b1103e4c255,1.0,1.0,1.0,1.0,1.0,1.0,1.0,False,41.105876,578.863786,0.05173909999575699
202407\06\NC_H09_20240706_0420_R21_FLDK.06001_06001.nc,NC_H09_20240706_0420_R21_FLDK.06001_06001.nc,5681169,2024-07-06T04:20:00+00:00,H09,06001_06001,True,True,TIME_MISMATCH,TIME_MISMATCH,start_time_minus_nominal_seconds=41.120562;end_time_minus_nominal_seconds=578.854384,1.0,True,2024-07-06T04:20:41.120562Z,2024-07-06T04:29:38.854384Z,2024-07-06T04:38:49Z,501,501,20.0,30.0,97.0,107.0,descending,ascending,0.020000457763671875,0.01999664306640625,e930fc8377b0d158b4b22834869896bcc5047b44e38b4c34f63b0b1103e4c255,1.0,1.0,1.0,1.0,1.0,1.0,1.0,False,41.120562,578.854384,0.05342940000264207
202407\06\NC_H09_20240706_1530_R21_FLDK.06001_06001.nc,NC_H09_20240706_1530_R21_FLDK.06001_06001.nc,3403914,2024-07-06T15:30:00+00:00,H09,06001_06001,True,True,TIME_MISMATCH,TIME_MISMATCH,start_time_minus_nominal_seconds=41.511461;end_time_minus_nominal_seconds=579.156767,1.0,True,2024-07-06T15:30:41.511461Z,2024-07-06T15:39:39.156767Z,2024-07-06T15:46:43Z,501,501,20.0,30.0,97.0,107.0,descending,ascending,0.020000457763671875,0.01999664306640625,e930fc8377b0d158b4b22834869896bcc5047b44e38b4c34f63b0b1103e4c255,1.0,1.0,1.0,1.0,1.0,1.0,1.0,False,41.511461,579.156767,0.04499300000315998
202407\06\NC_H09_20240706_1540_R21_FLDK.06001_06001.nc,NC_H09_20240706_1540_R21_FLDK.06001_06001.nc,3408264,2024-07-06T15:40:00+00:00,H09,06001_06001,True,True,TIME_MISMATCH,TIME_MISMATCH,start_time_minus_nominal_seconds=41.527832;end_time_minus_nominal_seconds=579.147097,1.0,True,2024-07-06T15:40:41.527832Z,2024-07-06T15:49:39.147097Z,2024-07-06T15:57:40Z,501,501,20.0,30.0,97.0,107.0,descending,ascending,0.020000457763671875,0.01999664306640625,e930fc8377b0d158b4b22834869896bcc5047b44e38b4c34f63b0b1103e4c255,1.0,1.0,1.0,1.0,1.0,1.0,1.0,False,41.527832,579.147097,0.04634900000382913
202407\06\NC_H09_20240706_1550_R21_FLDK.06001_06001.nc,NC_H09_20240706_1550_R21_FLDK.06001_06001.nc,3415250,2024-07-06T15:50:00+00:00,H09,06001_06001,True,True,TIME_MISMATCH,TIME_MISMATCH,start_time_minus_nominal_seconds=41.518522;end_time_minus_nominal_seconds=579.170378,1.0,True,2024-07-06T15:50:41.518522Z,2024-07-06T15:59:39.170378Z,2024-07-06T16:06:43Z,501,501,20.0,30.0,97.0,107.0,descending,ascending,0.020000457763671875,0.01999664306640625,e930fc8377b0d158b4b22834869896bcc5047b44e38b4c34f63b0b1103e4c255,1.0,1.0,1.0,1.0,1.0,1.0,1.0,False,41.518522,579.170378,0.04555850000178907
202407\06\NC_H09_20240706_1600_R21_FLDK.06001_06001.nc,NC_H09_20240706_1600_R21_FLDK.06001_06001.nc,3416262,2024-07-06T16:00:00+00:00,H09,06001_06001,True,True,TIME_MISMATCH,TIME_MISMATCH,start_time_minus_nominal_seconds=41.181264;end_time_minus_nominal_seconds=579.126551,1.0,True,2024-07-06T16:00:41.181264Z,2024-07-06T16:09:39.126551Z,2024-07-06T16:18:41Z,501,501,20.0,30.0,97.0,107.0,descending,ascending,0.020000457763671875,0.01999664306640625,e930fc8377b0d158b4b22834869896bcc5047b44e38b4c34f63b0b1103e4c255,1.0,1.0,1.0,1.0,1.0,1.0,1.0,False,41.181264,579.126551,0.046655899997858796
202407\06\NC_H09_20240706_1610_R21_FLDK.06001_06001.nc,NC_H09_20240706_1610_R21_FLDK.06001_06001.nc,3409762,2024-07-06T16:10:00+00:00,H09,06001_06001,True,True,TIME_MISMATCH,TIME_MISMATCH,start_time_minus_nominal_seconds=41.444439;end_time_minus_nominal_seconds=579.149827,1.0,True,2024-07-06T16:10:41.444439Z,2024-07-06T16:19:39.149827Z,2024-07-06T16:27:43Z,501,501,20.0,30.0,97.0,107.0,descending,ascending,0.020000457763671875,0.01999664306640625,e930fc8377b0d158b4b22834869896bcc5047b44e38b4c34f63b0b1103e4c255,1.0,1.0,1.0,1.0,1.0,1.0,1.0,False,41.444439,579.149827,0.04594159999396652
202407\06\NC_H09_20240706_1620_R21_FLDK.06001_06001.nc,NC_H09_20240706_1620_R21_FLDK.06001_06001.nc,3408166,2024-07-06T16:20:00+00:00,H09,06001_06001,True,True,TIME_MISMATCH,TIME_MISMATCH,start_time_minus_nominal_seconds=41.150776;end_time_minus_nominal_seconds=579.140502,1.0,True,2024-07-06T16:20:41.150776Z,2024-07-06T16:29:39.140502Z,2024-07-06T16:36:45Z,501,501,20.0,30.0,97.0,107.0,descending,ascending,0.020000457763671875,0.01999664306640625,e930fc8377b0d158b4b22834869896bcc5047b44e38b4c34f63b0b1103e4c255,1.0,1.0,1.0,1.0,1.0,1.0,1.0,False,41.150776,579.140502,0.049041500002203975
202407\07\NC_H09_20240707_0440_R21_FLDK.06001_06001.nc,NC_H09_20240707_0440_R21_FLDK.06001_06001.nc,5804282,2024-07-07T04:40:00+00:00,H09,06001_06001,True,True,TIME_MISMATCH,TIME_MISMATCH,start_time_minus_nominal_seconds=40.978433;end_time_minus_nominal_seconds=578.735977,1.0,True,2024-07-07T04:40:40.978433Z,2024-07-07T04:49:38.735977Z,2024-07-07T04:58:54Z,501,501,20.0,30.0,97.0,107.0,descending,ascending,0.020000457763671875,0.01999664306640625,e930fc8377b0d158b4b22834869896bcc5047b44e38b4c34f63b0b1103e4c255,1.0,1.0,1.0,1.0,1.0,1.0,1.0,False,40.978433,578.735977,0.05244929999753367
202407\07\NC_H09_20240707_0450_R21_FLDK.06001_06001.nc,NC_H09_20240707_0450_R21_FLDK.06001_06001.nc,5837671,2024-07-07T04:50:00+00:00,H09,06001_06001,True,True,TIME_MISMATCH,TIME_MISMATCH,start_time_minus_nominal_seconds=40.992712;end_time_minus_nominal_seconds=578.722780,1.0,True,2024-07-07T04:50:40.992712Z,2024-07-07T04:59:38.722780Z,2024-07-07T05:08:17Z,501,501,20.0,30.0,97.0,107.0,descending,ascending,0.020000457763671875,0.01999664306640625,e930fc8377b0d158b4b22834869896bcc5047b44e38b4c34f63b0b1103e4c255,1.0,1.0,1.0,1.0,1.0,1.0,1.0,False,40.992712,578.72278,0.05004159999953117
202407\07\NC_H09_20240707_0500_R21_FLDK.06001_06001.nc,NC_H09_20240707_0500_R21_FLDK.06001_06001.nc,5872471,2024-07-07T05:00:00+00:00,H09,06001_06001,True,True,TIME_MISMATCH,TIME_MISMATCH,start_time_minus_nominal_seconds=40.650868;end_time_minus_nominal_seconds=578.715295,1.0,True,2024-07-07T05:00:40.650868Z,2024-07-07T05:09:38.715295Z,2024-07-07T05:18:48Z,501,501,20.0,30.0,97.0,107.0,descending,ascending,0.020000457763671875,0.01999664306640625,e930fc8377b0d158b4b22834869896bcc5047b44e38b4c34f63b0b1103e4c255,1.0,1.0,1.0,1.0,1.0,1.0,1.0,False,40.650868,578.715295,0.054959799999778625
202407\07\NC_H09_20240707_0510_R21_FLDK.06001_06001.nc,NC_H09_20240707_0510_R21_FLDK.06001_06001.nc,5882381,2024-07-07T05:10:00+00:00,H09,06001_06001,True,True,TIME_MISMATCH,TIME_MISMATCH,start_time_minus_nominal_seconds=40.686504;end_time_minus_nominal_seconds=578.705898,1.0,True,2024-07-07T05:10:40.686504Z,2024-07-07T05:19:38.705898Z,2024-07-07T05:27:48Z,501,501,20.0,30.0,97.0,107.0,descending,ascending,0.020000457763671875,0.01999664306640625,e930fc8377b0d158b4b22834869896bcc5047b44e38b4c34f63b0b1103e4c255,1.0,1.0,1.0,1.0,1.0,1.0,1.0,False,40.686504,578.705898,0.052436199999647215
202407\07\NC_H09_20240707_0520_R21_FLDK.06001_06001.nc,NC_H09_20240707_0520_R21_FLDK.06001_06001.nc,5880160,2024-07-07T05:20:00+00:00,H09,06001_06001,True,True,TIME_MISMATCH,TIME_MISMATCH,start_time_minus_nominal_seconds=40.950582;end_time_minus_nominal_seconds=578.696106,1.0,True,2024-07-07T05:20:40.950582Z,2024-07-07T05:29:38.696106Z,2024-07-07T05:38:47Z,501,501,20.0,30.0,97.0,107.0,descending,ascending,0.020000457763671875,0.01999664306640625,e930fc8377b0d158b4b22834869896bcc5047b44e38b4c34f63b0b1103e4c255,1.0,1.0,1.0,1.0,1.0,1.0,1.0,False,40.950582,578.696106,0.054325100005371496
202407\07\NC_H09_20240707_0530_R21_FLDK.06001_06001.nc,NC_H09_20240707_0530_R21_FLDK.06001_06001.nc,5870680,2024-07-07T05:30:00+00:00,H09,06001_06001,True,True,TIME_MISMATCH,TIME_MISMATCH,start_time_minus_nominal_seconds=40.952840;end_time_minus_nominal_seconds=578.682895,1.0,True,2024-07-07T05:30:40.952840Z,2024-07-07T05:39:38.682895Z,2024-07-07T05:46:48Z,501,501,20.0,30.0,97.0,107.0,descending,ascending,0.020000457763671875,0.01999664306640625,e930fc8377b0d158b4b22834869896bcc5047b44e38b4c34f63b0b1103e4c255,1.0,1.0,1.0,1.0,1.0,1.0,1.0,False,40.95284,578.682895,0.05268729999806965
202407\08\NC_H09_20240708_0040_R21_FLDK.06001_06001.nc,NC_H09_20240708_0040_R21_FLDK.06001_06001.nc,5381728,2024-07-08T00:40:00+00:00,H09,06001_06001,True,True,TIME_MISMATCH,TIME_MISMATCH,start_time_minus_nominal_seconds=40.673221;end_time_minus_nominal_seconds=578.469857,1.0,True,2024-07-08T00:40:40.673221Z,2024-07-08T00:49:38.469857Z,2024-07-08T00:58:50Z,501,501,20.0,30.0,97.0,107.0,descending,ascending,0.020000457763671875,0.01999664306640625,e930fc8377b0d158b4b22834869896bcc5047b44e38b4c34f63b0b1103e4c255,1.0,1.0,1.0,1.0,1.0,1.0,1.0,False,40.673221,578.469857,0.05062599999655504
202407\08\NC_H09_20240708_0050_R21_FLDK.06001_06001.nc,NC_H09_20240708_0050_R21_FLDK.06001_06001.nc,5393769,2024-07-08T00:50:00+00:00,H09,06001_06001,True,True,TIME_MISMATCH,TIME_MISMATCH,start_time_minus_nominal_seconds=40.753866;end_time_minus_nominal_seconds=578.460141,1.0,True,2024-07-08T00:50:40.753866Z,2024-07-08T00:59:38.460141Z,2024-07-08T01:09:50Z,501,501,20.0,30.0,97.0,107.0,descending,ascending,0.020000457763671875,0.01999664306640625,e930fc8377b0d158b4b22834869896bcc5047b44e38b4c34f63b0b1103e4c255,1.0,1.0,1.0,1.0,1.0,1.0,1.0,False,40.753866,578.460141,0.05305100000259699
202407\08\NC_H09_20240708_0100_R21_FLDK.06001_06001.nc,NC_H09_20240708_0100_R21_FLDK.06001_06001.nc,5406919,2024-07-08T01:00:00+00:00,H09,06001_06001,True,True,TIME_MISMATCH,TIME_MISMATCH,start_time_minus_nominal_seconds=40.678202;end_time_minus_nominal_seconds=578.448873,1.0,True,2024-07-08T01:00:40.678202Z,2024-07-08T01:09:38.448873Z,2024-07-08T01:17:50Z,501,501,20.0,30.0,97.0,107.0,descending,ascending,0.020000457763671875,0.01999664306640625,e930fc8377b0d158b4b22834869896bcc5047b44e38b4c34f63b0b1103e4c255,1.0,1.0,1.0,1.0,1.0,1.0,1.0,False,40.678202,578.448873,0.050612499995622784
202407\08\NC_H09_20240708_0110_R21_FLDK.06001_06001.nc,NC_H09_20240708_0110_R21_FLDK.06001_06001.nc,5422938,2024-07-08T01:10:00+00:00,H09,06001_06001,True,True,TIME_MISMATCH,TIME_MISMATCH,start_time_minus_nominal_seconds=40.613008;end_time_minus_nominal_seconds=578.439519,1.0,True,2024-07-08T01:10:40.613008Z,2024-07-08T01:19:38.439519Z,2024-07-08T01:27:56Z,501,501,20.0,30.0,97.0,107.0,descending,ascending,0.020000457763671875,0.01999664306640625,e930fc8377b0d158b4b22834869896bcc5047b44e38b4c34f63b0b1103e4c255,1.0,1.0,1.0,1.0,1.0,1.0,1.0,False,40.613008,578.439519,0.05337819999840576
202407\08\NC_H09_20240708_0120_R21_FLDK.06001_06001.nc,NC_H09_20240708_0120_R21_FLDK.06001_06001.nc,5435484,2024-07-08T01:20:00+00:00,H09,06001_06001,True,True,TIME_MISMATCH,TIME_MISMATCH,start_time_minus_nominal_seconds=40.327039;end_time_minus_nominal_seconds=578.430163,1.0,True,2024-07-08T01:20:40.327039Z,2024-07-08T01:29:38.430163Z,2024-07-08T01:37:50Z,501,501,20.0,30.0,97.0,107.0,descending,ascending,0.020000457763671875,0.01999664306640625,e930fc8377b0d158b4b22834869896bcc5047b44e38b4c34f63b0b1103e4c255,1.0,1.0,1.0,1.0,1.0,1.0,1.0,False,40.327039,578.430163,0.049706800004059914
202407\08\NC_H09_20240708_0130_R21_FLDK.06001_06001.nc,NC_H09_20240708_0130_R21_FLDK.06001_06001.nc,5451612,2024-07-08T01:30:00+00:00,H09,06001_06001,True,True,TIME_MISMATCH,TIME_MISMATCH,start_time_minus_nominal_seconds=40.624188;end_time_minus_nominal_seconds=578.388155,1.0,True,2024-07-08T01:30:40.624188Z,2024-07-08T01:39:38.388155Z,2024-07-08T01:47:55Z,501,501,20.0,30.0,97.0,107.0,descending,ascending,0.020000457763671875,0.01999664306640625,e930fc8377b0d158b4b22834869896bcc5047b44e38b4c34f63b0b1103e4c255,1.0,1.0,1.0,1.0,1.0,1.0,1.0,False,40.624188,578.388155,0.05303470000217203
202407\09\NC_H09_20240709_1300_R21_FLDK.06001_06001.nc,NC_H09_20240709_1300_R21_FLDK.06001_06001.nc,3589876,2024-07-09T13:00:00+00:00,H09,06001_06001,True,True,TIME_MISMATCH,TIME_MISMATCH,start_time_minus_nominal_seconds=40.169318;end_time_minus_nominal_seconds=578.120056,1.0,True,2024-07-09T13:00:40.169318Z,2024-07-09T13:09:38.120056Z,2024-07-09T13:17:42Z,501,501,20.0,30.0,97.0,107.0,descending,ascending,0.020000457763671875,0.01999664306640625,e930fc8377b0d158b4b22834869896bcc5047b44e38b4c34f63b0b1103e4c255,1.0,1.0,1.0,1.0,1.0,1.0,1.0,False,40.169318,578.120056,0.04920150000543799
202407\09\NC_H09_20240709_1310_R21_FLDK.06001_06001.nc,NC_H09_20240709_1310_R21_FLDK.06001_06001.nc,3593752,2024-07-09T13:10:00+00:00,H09,06001_06001,True,True,TIME_MISMATCH,TIME_MISMATCH,start_time_minus_nominal_seconds=40.195919;end_time_minus_nominal_seconds=578.106930,1.0,True,2024-07-09T13:10:40.195919Z,2024-07-09T13:19:38.106930Z,2024-07-09T13:30:41Z,501,501,20.0,30.0,97.0,107.0,descending,ascending,0.020000457763671875,0.01999664306640625,e930fc8377b0d158b4b22834869896bcc5047b44e38b4c34f63b0b1103e4c255,1.0,1.0,1.0,1.0,1.0,1.0,1.0,False,40.195919,578.10693,0.04792720000114059
202407\09\NC_H09_20240709_1320_R21_FLDK.06001_06001.nc,NC_H09_20240709_1320_R21_FLDK.06001_06001.nc,3596569,2024-07-09T13:20:00+00:00,H09,06001_06001,True,True,TIME_MISMATCH,TIME_MISMATCH,start_time_minus_nominal_seconds=40.420102;end_time_minus_nominal_seconds=578.099562,1.0,True,2024-07-09T13:20:40.420102Z,2024-07-09T13:29:38.099562Z,2024-07-09T13:36:45Z,501,501,20.0,30.0,97.0,107.0,descending,ascending,0.020000457763671875,0.01999664306640625,e930fc8377b0d158b4b22834869896bcc5047b44e38b4c34f63b0b1103e4c255,1.0,1.0,1.0,1.0,1.0,1.0,1.0,False,40.420102,578.099562,0.0485599999956321
202407\09\NC_H09_20240709_1330_R21_FLDK.06001_06001.nc,NC_H09_20240709_1330_R21_FLDK.06001_06001.nc,3608295,2024-07-09T13:30:00+00:00,H09,06001_06001,True,True,TIME_MISMATCH,TIME_MISMATCH,start_time_minus_nominal_seconds=40.410810;end_time_minus_nominal_seconds=578.090282,1.0,True,2024-07-09T13:30:40.410810Z,2024-07-09T13:39:38.090282Z,2024-07-09T13:50:35Z,501,501,20.0,30.0,97.0,107.0,descending,ascending,0.020000457763671875,0.01999664306640625,e930fc8377b0d158b4b22834869896bcc5047b44e38b4c34f63b0b1103e4c255,1.0,1.0,1.0,1.0,1.0,1.0,1.0,False,40.41081,578.090282,0.04853189999994356
202407\09\NC_H09_20240709_1340_R21_FLDK.06001_06001.nc,NC_H09_20240709_1340_R21_FLDK.06001_06001.nc,3613092,2024-07-09T13:40:00+00:00,H09,06001_06001,True,True,TIME_MISMATCH,TIME_MISMATCH,start_time_minus_nominal_seconds=40.129899;end_time_minus_nominal_seconds=578.074511,1.0,True,2024-07-09T13:40:40.129899Z,2024-07-09T13:49:38.074511Z,2024-07-09T13:57:43Z,501,501,20.0,30.0,97.0,107.0,descending,ascending,0.020000457763671875,0.01999664306640625,e930fc8377b0d158b4b22834869896bcc5047b44e38b4c34f63b0b1103e4c255,1.0,1.0,1.0,1.0,1.0,1.0,1.0,False,40.129899,578.074511,0.049946799997997005
202407\09\NC_H09_20240709_1350_R21_FLDK.06001_06001.nc,NC_H09_20240709_1350_R21_FLDK.06001_06001.nc,3622066,2024-07-09T13:50:00+00:00,H09,06001_06001,True,True,TIME_MISMATCH,TIME_MISMATCH,start_time_minus_nominal_seconds=40.379627;end_time_minus_nominal_seconds=578.065227,1.0,True,2024-07-09T13:50:40.379627Z,2024-07-09T13:59:38.065227Z,2024-07-09T14:09:37Z,501,501,20.0,30.0,97.0,107.0,descending,ascending,0.020000457763671875,0.01999664306640625,e930fc8377b0d158b4b22834869896bcc5047b44e38b4c34f63b0b1103e4c255,1.0,1.0,1.0,1.0,1.0,1.0,1.0,False,40.379627,578.065227,0.04868290000013076
202407\11\NC_H09_20240711_2320_R21_FLDK.06001_06001.nc,NC_H09_20240711_2320_R21_FLDK.06001_06001.nc,5036716,2024-07-11T23:20:00+00:00,H09,06001_06001,True,True,TIME_MISMATCH,TIME_MISMATCH,start_time_minus_nominal_seconds=40.189943;end_time_minus_nominal_seconds=578.202739,1.0,True,2024-07-11T23:20:40.189943Z,2024-07-11T23:29:38.202739Z,2024-07-11T23:40:49Z,501,501,20.0,30.0,97.0,107.0,descending,ascending,0.020000457763671875,0.01999664306640625,e930fc8377b0d158b4b22834869896bcc5047b44e38b4c34f63b0b1103e4c255,1.0,1.0,1.0,1.0,1.0,1.0,1.0,False,40.189943,578.202739,0.05851729999994859
202407\11\NC_H09_20240711_2330_R21_FLDK.06001_06001.nc,NC_H09_20240711_2330_R21_FLDK.06001_06001.nc,5098089,2024-07-11T23:30:00+00:00,H09,06001_06001,True,True,TIME_MISMATCH,TIME_MISMATCH,start_time_minus_nominal_seconds=40.146134;end_time_minus_nominal_seconds=578.187316,1.0,True,2024-07-11T23:30:40.146134Z,2024-07-11T23:39:38.187316Z,2024-07-11T23:50:47Z,501,501,20.0,30.0,97.0,107.0,descending,ascending,0.020000457763671875,0.01999664306640625,e930fc8377b0d158b4b22834869896bcc5047b44e38b4c34f63b0b1103e4c255,1.0,1.0,1.0,1.0,1.0,1.0,1.0,False,40.146134,578.187316,0.05384100000082981
202407\11\NC_H09_20240711_2340_R21_FLDK.06001_06001.nc,NC_H09_20240711_2340_R21_FLDK.06001_06001.nc,5148952,2024-07-11T23:40:00+00:00,H09,06001_06001,True,True,TIME_MISMATCH,TIME_MISMATCH,start_time_minus_nominal_seconds=40.498559;end_time_minus_nominal_seconds=578.177615,1.0,True,2024-07-11T23:40:40.498559Z,2024-07-11T23:49:38.177615Z,2024-07-12T00:00:47Z,501,501,20.0,30.0,97.0,107.0,descending,ascending,0.020000457763671875,0.01999664306640625,e930fc8377b0d158b4b22834869896bcc5047b44e38b4c34f63b0b1103e4c255,1.0,1.0,1.0,1.0,1.0,1.0,1.0,False,40.498559,578.177615,0.05447299999650568
202407\11\NC_H09_20240711_2350_R21_FLDK.06001_06001.nc,NC_H09_20240711_2350_R21_FLDK.06001_06001.nc,5192851,2024-07-11T23:50:00+00:00,H09,06001_06001,True,True,TIME_MISMATCH,TIME_MISMATCH,start_time_minus_nominal_seconds=40.486938;end_time_minus_nominal_seconds=578.166346,1.0,True,2024-07-11T23:50:40.486938Z,2024-07-11T23:59:38.166346Z,2024-07-12T00:11:44Z,501,501,20.0,30.0,97.0,107.0,descending,ascending,0.020000457763671875,0.01999664306640625,e930fc8377b0d158b4b22834869896bcc5047b44e38b4c34f63b0b1103e4c255,1.0,1.0,1.0,1.0,1.0,1.0,1.0,False,40.486938,578.166346,0.05421740000019781
202407\12\NC_H09_20240712_0000_R21_FLDK.06001_06001.nc,NC_H09_20240712_0000_R21_FLDK.06001_06001.nc,5233374,2024-07-12T00:00:00+00:00,H09,06001_06001,True,True,TIME_MISMATCH,TIME_MISMATCH,start_time_minus_nominal_seconds=40.094144;end_time_minus_nominal_seconds=578.157005,1.0,True,2024-07-12T00:00:40.094144Z,2024-07-12T00:09:38.157005Z,2024-07-12T00:19:47Z,501,501,20.0,30.0,97.0,107.0,descending,ascending,0.020000457763671875,0.01999664306640625,e930fc8377b0d158b4b22834869896bcc5047b44e38b4c34f63b0b1103e4c255,1.0,1.0,1.0,1.0,1.0,1.0,1.0,False,40.094144,578.157005,0.05473130000609672
202407\12\NC_H09_20240712_0010_R21_FLDK.06001_06001.nc,NC_H09_20240712_0010_R21_FLDK.06001_06001.nc,5268920,2024-07-12T00:10:00+00:00,H09,06001_06001,True,True,TIME_MISMATCH,TIME_MISMATCH,start_time_minus_nominal_seconds=40.062100;end_time_minus_nominal_seconds=578.147668,1.0,True,2024-07-12T00:10:40.062100Z,2024-07-12T00:19:38.147668Z,2024-07-12T00:28:45Z,501,501,20.0,30.0,97.0,107.0,descending,ascending,0.020000457763671875,0.01999664306640625,e930fc8377b0d158b4b22834869896bcc5047b44e38b4c34f63b0b1103e4c255,1.0,1.0,1.0,1.0,1.0,1.0,1.0,False,40.0621,578.147668,0.06728639999346342
202407\12\NC_H09_20240712_0950_R21_FLDK.06001_06001.nc,NC_H09_20240712_0950_R21_FLDK.06001_06001.nc,5642474,2024-07-12T09:50:00+00:00,H09,06001_06001,True,True,TIME_MISMATCH,TIME_MISMATCH,start_time_minus_nominal_seconds=39.882043;end_time_minus_nominal_seconds=577.918849,1.0,True,2024-07-12T09:50:39.882043Z,2024-07-12T09:59:37.918849Z,2024-07-12T10:07:42Z,501,501,20.0,30.0,97.0,107.0,descending,ascending,0.020000457763671875,0.01999664306640625,e930fc8377b0d158b4b22834869896bcc5047b44e38b4c34f63b0b1103e4c255,1.0,1.0,1.0,1.0,1.0,1.0,1.0,False,39.882043,577.918849,0.06194630000391044
202407\12\NC_H09_20240712_1000_R21_FLDK.06001_06001.nc,NC_H09_20240712_1000_R21_FLDK.06001_06001.nc,5628608,2024-07-12T10:00:00+00:00,H09,06001_06001,True,True,TIME_MISMATCH,TIME_MISMATCH,start_time_minus_nominal_seconds=40.214291;end_time_minus_nominal_seconds=577.909482,1.0,True,2024-07-12T10:00:40.214291Z,2024-07-12T10:09:37.909482Z,2024-07-12T10:16:42Z,501,501,20.0,30.0,97.0,107.0,descending,ascending,0.020000457763671875,0.01999664306640625,e930fc8377b0d158b4b22834869896bcc5047b44e38b4c34f63b0b1103e4c255,1.0,1.0,1.0,1.0,1.0,1.0,1.0,False,40.214291,577.909482,0.055006199996569194
202407\12\NC_H09_20240712_1010_R21_FLDK.06001_06001.nc,NC_H09_20240712_1010_R21_FLDK.06001_06001.nc,5609748,2024-07-12T10:10:00+00:00,H09,06001_06001,True,True,TIME_MISMATCH,TIME_MISMATCH,start_time_minus_nominal_seconds=40.139030;end_time_minus_nominal_seconds=577.899729,1.0,True,2024-07-12T10:10:40.139030Z,2024-07-12T10:19:37.899729Z,2024-07-12T10:28:37Z,501,501,20.0,30.0,97.0,107.0,descending,ascending,0.020000457763671875,0.01999664306640625,e930fc8377b0d158b4b22834869896bcc5047b44e38b4c34f63b0b1103e4c255,1.0,1.0,1.0,1.0,1.0,1.0,1.0,False,40.13903,577.899729,0.06096800000523217
202407\12\NC_H09_20240712_1020_R21_FLDK.06001_06001.nc,NC_H09_20240712_1020_R21_FLDK.06001_06001.nc,5589683,2024-07-12T10:20:00+00:00,H09,06001_06001,True,True,TIME_MISMATCH,TIME_MISMATCH,start_time_minus_nominal_seconds=40.195566;end_time_minus_nominal_seconds=577.890382,1.0,True,2024-07-12T10:20:40.195566Z,2024-07-12T10:29:37.890382Z,2024-07-12T10:35:46Z,501,501,20.0,30.0,97.0,107.0,descending,ascending,0.020000457763671875,0.01999664306640625,e930fc8377b0d158b4b22834869896bcc5047b44e38b4c34f63b0b1103e4c255,1.0,1.0,1.0,1.0,1.0,1.0,1.0,False,40.195566,577.890382,0.053305000001273584
202407\12\NC_H09_20240712_1030_R21_FLDK.06001_06001.nc,NC_H09_20240712_1030_R21_FLDK.06001_06001.nc,5566546,2024-07-12T10:30:00+00:00,H09,06001_06001,True,True,TIME_MISMATCH,TIME_MISMATCH,start_time_minus_nominal_seconds=40.171846;end_time_minus_nominal_seconds=577.879157,1.0,True,2024-07-12T10:30:40.171846Z,2024-07-12T10:39:37.879157Z,2024-07-12T10:47:38Z,501,501,20.0,30.0,97.0,107.0,descending,ascending,0.020000457763671875,0.01999664306640625,e930fc8377b0d158b4b22834869896bcc5047b44e38b4c34f63b0b1103e4c255,1.0,1.0,1.0,1.0,1.0,1.0,1.0,False,40.171846,577.879157,0.05238370000006398
202407\12\NC_H09_20240712_1040_R21_FLDK.06001_06001.nc,NC_H09_20240712_1040_R21_FLDK.06001_06001.nc,5539899,2024-07-12T10:40:00+00:00,H09,06001_06001,True,True,TIME_MISMATCH,TIME_MISMATCH,start_time_minus_nominal_seconds=40.174604;end_time_minus_nominal_seconds=577.869828,1.0,True,2024-07-12T10:40:40.174604Z,2024-07-12T10:49:37.869828Z,2024-07-12T10:59:36Z,501,501,20.0,30.0,97.0,107.0,descending,ascending,0.020000457763671875,0.01999664306640625,e930fc8377b0d158b4b22834869896bcc5047b44e38b4c34f63b0b1103e4c255,1.0,1.0,1.0,1.0,1.0,1.0,1.0,False,40.174604,577.869828,0.06380299999727868
202407\13\NC_H09_20240713_0910_R21_FLDK.06001_06001.nc,NC_H09_20240713_0910_R21_FLDK.06001_06001.nc,5738039,2024-07-13T09:10:00+00:00,H09,06001_06001,True,True,TIME_MISMATCH,TIME_MISMATCH,start_time_minus_nominal_seconds=41.096757;end_time_minus_nominal_seconds=578.857858,1.0,True,2024-07-13T09:10:41.096757Z,2024-07-13T09:19:38.857858Z,2024-07-13T09:29:43Z,501,501,20.0,30.0,97.0,107.0,descending,ascending,0.020000457763671875,0.01999664306640625,e930fc8377b0d158b4b22834869896bcc5047b44e38b4c34f63b0b1103e4c255,1.0,1.0,1.0,1.0,1.0,1.0,1.0,False,41.096757,578.857858,0.05521459999727085
202407\13\NC_H09_20240713_0920_R21_FLDK.06001_06001.nc,NC_H09_20240713_0920_R21_FLDK.06001_06001.nc,5726353,2024-07-13T09:20:00+00:00,H09,06001_06001,True,True,TIME_MISMATCH,TIME_MISMATCH,start_time_minus_nominal_seconds=41.033157;end_time_minus_nominal_seconds=578.848110,1.0,True,2024-07-13T09:20:41.033157Z,2024-07-13T09:29:38.848110Z,2024-07-13T09:37:41Z,501,501,20.0,30.0,97.0,107.0,descending,ascending,0.020000457763671875,0.01999664306640625,e930fc8377b0d158b4b22834869896bcc5047b44e38b4c34f63b0b1103e4c255,1.0,1.0,1.0,1.0,1.0,1.0,1.0,False,41.033157,578.84811,0.057011400000192225
202407\13\NC_H09_20240713_0930_R21_FLDK.06001_06001.nc,NC_H09_20240713_0930_R21_FLDK.06001_06001.nc,5714602,2024-07-13T09:30:00+00:00,H09,06001_06001,True,True,TIME_MISMATCH,TIME_MISMATCH,start_time_minus_nominal_seconds=41.197060;end_time_minus_nominal_seconds=578.834962,1.0,True,2024-07-13T09:30:41.197060Z,2024-07-13T09:39:38.834962Z,2024-07-13T09:49:39Z,501,501,20.0,30.0,97.0,107.0,descending,ascending,0.020000457763671875,0.01999664306640625,e930fc8377b0d158b4b22834869896bcc5047b44e38b4c34f63b0b1103e4c255,1.0,1.0,1.0,1.0,1.0,1.0,1.0,False,41.19706,578.834962,0.05647060000046622
202407\13\NC_H09_20240713_0940_R21_FLDK.06001_06001.nc,NC_H09_20240713_0940_R21_FLDK.06001_06001.nc,5698513,2024-07-13T09:40:00+00:00,H09,06001_06001,True,True,TIME_MISMATCH,TIME_MISMATCH,start_time_minus_nominal_seconds=41.120210;end_time_minus_nominal_seconds=578.827501,1.0,True,2024-07-13T09:40:41.120210Z,2024-07-13T09:49:38.827501Z,2024-07-13T09:57:45Z,501,501,20.0,30.0,97.0,107.0,descending,ascending,0.020000457763671875,0.01999664306640625,e930fc8377b0d158b4b22834869896bcc5047b44e38b4c34f63b0b1103e4c255,1.0,1.0,1.0,1.0,1.0,1.0,1.0,False,41.12021,578.827501,0.05927069999597734
202407\13\NC_H09_20240713_0950_R21_FLDK.06001_06001.nc,NC_H09_20240713_0950_R21_FLDK.06001_06001.nc,5676836,2024-07-13T09:50:00+00:00,H09,06001_06001,True,True,TIME_MISMATCH,TIME_MISMATCH,start_time_minus_nominal_seconds=40.848595;end_time_minus_nominal_seconds=578.818156,1.0,True,2024-07-13T09:50:40.848595Z,2024-07-13T09:59:38.818156Z,2024-07-13T10:09:49Z,501,501,20.0,30.0,97.0,107.0,descending,ascending,0.020000457763671875,0.01999664306640625,e930fc8377b0d158b4b22834869896bcc5047b44e38b4c34f63b0b1103e4c255,1.0,1.0,1.0,1.0,1.0,1.0,1.0,False,40.848595,578.818156,0.05344340000010561
202407\13\NC_H09_20240713_1000_R21_FLDK.06001_06001.nc,NC_H09_20240713_1000_R21_FLDK.06001_06001.nc,5654005,2024-07-13T10:00:00+00:00,H09,06001_06001,True,True,TIME_MISMATCH,TIME_MISMATCH,start_time_minus_nominal_seconds=41.113603;end_time_minus_nominal_seconds=578.808431,1.0,True,2024-07-13T10:00:41.113603Z,2024-07-13T10:09:38.808431Z,2024-07-13T10:17:45Z,501,501,20.0,30.0,97.0,107.0,descending,ascending,0.020000457763671875,0.01999664306640625,e930fc8377b0d158b4b22834869896bcc5047b44e38b4c34f63b0b1103e4c255,1.0,1.0,1.0,1.0,1.0,1.0,1.0,False,41.113603,578.808431,0.05459230000269599
202407\14\NC_H09_20240714_0600_R21_FLDK.06001_06001.nc,NC_H09_20240714_0600_R21_FLDK.06001_06001.nc,5833203,2024-07-14T06:00:00+00:00,H09,06001_06001,True,True,TIME_MISMATCH,TIME_MISMATCH,start_time_minus_nominal_seconds=40.861237;end_time_minus_nominal_seconds=578.954160,1.0,True,2024-07-14T06:00:40.861237Z,2024-07-14T06:09:38.954160Z,2024-07-14T06:19:46Z,501,501,20.0,30.0,97.0,107.0,descending,ascending,0.020000457763671875,0.01999664306640625,e930fc8377b0d158b4b22834869896bcc5047b44e38b4c34f63b0b1103e4c255,1.0,1.0,1.0,1.0,1.0,1.0,1.0,False,40.861237,578.95416,0.054236000003584195
202407\14\NC_H09_20240714_0610_R21_FLDK.06001_06001.nc,NC_H09_20240714_0610_R21_FLDK.06001_06001.nc,5818622,2024-07-14T06:10:00+00:00,H09,06001_06001,True,True,TIME_MISMATCH,TIME_MISMATCH,start_time_minus_nominal_seconds=41.158257;end_time_minus_nominal_seconds=578.942889,1.0,True,2024-07-14T06:10:41.158257Z,2024-07-14T06:19:38.942889Z,2024-07-14T06:27:49Z,501,501,20.0,30.0,97.0,107.0,descending,ascending,0.020000457763671875,0.01999664306640625,e930fc8377b0d158b4b22834869896bcc5047b44e38b4c34f63b0b1103e4c255,1.0,1.0,1.0,1.0,1.0,1.0,1.0,False,41.158257,578.942889,0.05761250000068685
202407\14\NC_H09_20240714_0620_R21_FLDK.06001_06001.nc,NC_H09_20240714_0620_R21_FLDK.06001_06001.nc,5810953,2024-07-14T06:20:00+00:00,H09,06001_06001,True,True,TIME_MISMATCH,TIME_MISMATCH,start_time_minus_nominal_seconds=41.172433;end_time_minus_nominal_seconds=578.933503,1.0,True,2024-07-14T06:20:41.172433Z,2024-07-14T06:29:38.933503Z,2024-07-14T06:38:47Z,501,501,20.0,30.0,97.0,107.0,descending,ascending,0.020000457763671875,0.01999664306640625,e930fc8377b0d158b4b22834869896bcc5047b44e38b4c34f63b0b1103e4c255,1.0,1.0,1.0,1.0,1.0,1.0,1.0,False,41.172433,578.933503,0.23966459999792278
202407\14\NC_H09_20240714_0630_R21_FLDK.06001_06001.nc,NC_H09_20240714_0630_R21_FLDK.06001_06001.nc,5802165,2024-07-14T06:30:00+00:00,H09,06001_06001,True,True,TIME_MISMATCH,TIME_MISMATCH,start_time_minus_nominal_seconds=41.163048;end_time_minus_nominal_seconds=578.924110,1.0,True,2024-07-14T06:30:41.163048Z,2024-07-14T06:39:38.924110Z,2024-07-14T06:46:49Z,501,501,20.0,30.0,97.0,107.0,descending,ascending,0.020000457763671875,0.01999664306640625,e930fc8377b0d158b4b22834869896bcc5047b44e38b4c34f63b0b1103e4c255,1.0,1.0,1.0,1.0,1.0,1.0,1.0,False,41.163048,578.92411,0.0787278999996488
202407\14\NC_H09_20240714_0640_R21_FLDK.06001_06001.nc,NC_H09_20240714_0640_R21_FLDK.06001_06001.nc,5795364,2024-07-14T06:40:00+00:00,H09,06001_06001,True,True,TIME_MISMATCH,TIME_MISMATCH,start_time_minus_nominal_seconds=41.130102;end_time_minus_nominal_seconds=578.914333,1.0,True,2024-07-14T06:40:41.130102Z,2024-07-14T06:49:38.914333Z,2024-07-14T06:58:43Z,501,501,20.0,30.0,97.0,107.0,descending,ascending,0.020000457763671875,0.01999664306640625,e930fc8377b0d158b4b22834869896bcc5047b44e38b4c34f63b0b1103e4c255,1.0,1.0,1.0,1.0,1.0,1.0,1.0,False,41.130102,578.914333,0.11371329999383306
202407\14\NC_H09_20240714_0650_R21_FLDK.06001_06001.nc,NC_H09_20240714_0650_R21_FLDK.06001_06001.nc,5793283,2024-07-14T06:50:00+00:00,H09,06001_06001,True,True,TIME_MISMATCH,TIME_MISMATCH,start_time_minus_nominal_seconds=41.143853;end_time_minus_nominal_seconds=578.903058,1.0,True,2024-07-14T06:50:41.143853Z,2024-07-14T06:59:38.903058Z,2024-07-14T07:06:46Z,501,501,20.0,30.0,97.0,107.0,descending,ascending,0.020000457763671875,0.01999664306640625,e930fc8377b0d158b4b22834869896bcc5047b44e38b4c34f63b0b1103e4c255,1.0,1.0,1.0,1.0,1.0,1.0,1.0,False,41.143853,578.903058,0.09842469999421155
202407\14\NC_H09_20240714_0950_R21_FLDK.06001_06001.nc,NC_H09_20240714_0950_R21_FLDK.06001_06001.nc,5763264,2024-07-14T09:50:00+00:00,H09,06001_06001,True,True,TIME_MISMATCH,TIME_MISMATCH,start_time_minus_nominal_seconds=40.677495;end_time_minus_nominal_seconds=578.725257,1.0,True,2024-07-14T09:50:40.677495Z,2024-07-14T09:59:38.725257Z,2024-07-14T10:06:41Z,501,501,20.0,30.0,97.0,107.0,descending,ascending,0.020000457763671875,0.01999664306640625,e930fc8377b0d158b4b22834869896bcc5047b44e38b4c34f63b0b1103e4c255,1.0,1.0,1.0,1.0,1.0,1.0,1.0,False,40.677495,578.725257,0.055525800002214964
202407\14\NC_H09_20240714_1000_R21_FLDK.06001_06001.nc,NC_H09_20240714_1000_R21_FLDK.06001_06001.nc,5746031,2024-07-14T10:00:00+00:00,H09,06001_06001,True,True,TIME_MISMATCH,TIME_MISMATCH,start_time_minus_nominal_seconds=40.954806;end_time_minus_nominal_seconds=578.715525,1.0,True,2024-07-14T10:00:40.954806Z,2024-07-14T10:09:38.715525Z,2024-07-14T10:18:38Z,501,501,20.0,30.0,97.0,107.0,descending,ascending,0.020000457763671875,0.01999664306640625,e930fc8377b0d158b4b22834869896bcc5047b44e38b4c34f63b0b1103e4c255,1.0,1.0,1.0,1.0,1.0,1.0,1.0,False,40.954806,578.715525,0.05403849999856902
202407\14\NC_H09_20240714_1010_R21_FLDK.06001_06001.nc,NC_H09_20240714_1010_R21_FLDK.06001_06001.nc,5725987,2024-07-14T10:10:00+00:00,H09,06001_06001,True,True,TIME_MISMATCH,TIME_MISMATCH,start_time_minus_nominal_seconds=40.999272;end_time_minus_nominal_seconds=578.706191,1.0,True,2024-07-14T10:10:40.999272Z,2024-07-14T10:19:38.706191Z,2024-07-14T10:27:43Z,501,501,20.0,30.0,97.0,107.0,descending,ascending,0.020000457763671875,0.01999664306640625,e930fc8377b0d158b4b22834869896bcc5047b44e38b4c34f63b0b1103e4c255,1.0,1.0,1.0,1.0,1.0,1.0,1.0,False,40.999272,578.706191,0.09067309999954887
202407\14\NC_H09_20240714_1020_R21_FLDK.06001_06001.nc,NC_H09_20240714_1020_R21_FLDK.06001_06001.nc,5705840,2024-07-14T10:20:00+00:00,H09,06001_06001,True,True,TIME_MISMATCH,TIME_MISMATCH,start_time_minus_nominal_seconds=40.987657;end_time_minus_nominal_seconds=578.694971,1.0,True,2024-07-14T10:20:40.987657Z,2024-07-14T10:29:38.694971Z,2024-07-14T10:39:36Z,501,501,20.0,30.0,97.0,107.0,descending,ascending,0.020000457763671875,0.01999664306640625,e930fc8377b0d158b4b22834869896bcc5047b44e38b4c34f63b0b1103e4c255,1.0,1.0,1.0,1.0,1.0,1.0,1.0,False,40.987657,578.694971,0.05321729999559466
202407\14\NC_H09_20240714_1030_R21_FLDK.06001_06001.nc,NC_H09_20240714_1030_R21_FLDK.06001_06001.nc,5680568,2024-07-14T10:30:00+00:00,H09,06001_06001,True,True,TIME_MISMATCH,TIME_MISMATCH,start_time_minus_nominal_seconds=40.978328;end_time_minus_nominal_seconds=578.685655,1.0,True,2024-07-14T10:30:40.978328Z,2024-07-14T10:39:38.685655Z,2024-07-14T10:46:46Z,501,501,20.0,30.0,97.0,107.0,descending,ascending,0.020000457763671875,0.01999664306640625,e930fc8377b0d158b4b22834869896bcc5047b44e38b4c34f63b0b1103e4c255,1.0,1.0,1.0,1.0,1.0,1.0,1.0,False,40.978328,578.685655,0.058520999999018386
202407\14\NC_H09_20240714_1040_R21_FLDK.06001_06001.nc,NC_H09_20240714_1040_R21_FLDK.06001_06001.nc,5647067,2024-07-14T10:40:00+00:00,H09,06001_06001,True,True,TIME_MISMATCH,TIME_MISMATCH,start_time_minus_nominal_seconds=40.706752;end_time_minus_nominal_seconds=578.715002,1.0,True,2024-07-14T10:40:40.706752Z,2024-07-14T10:49:38.715002Z,2024-07-14T10:59:37Z,501,501,20.0,30.0,97.0,107.0,descending,ascending,0.020000457763671875,0.01999664306640625,e930fc8377b0d158b4b22834869896bcc5047b44e38b4c34f63b0b1103e4c255,1.0,1.0,1.0,1.0,1.0,1.0,1.0,False,40.706752,578.715002,0.053524300004937686
202407\14\NC_H09_20240714_1540_R21_FLDK.06001_06001.nc,NC_H09_20240714_1540_R21_FLDK.06001_06001.nc,3607800,2024-07-14T15:40:00+00:00,H09,06001_06001,True,True,TIME_MISMATCH,TIME_MISMATCH,start_time_minus_nominal_seconds=41.819333;end_time_minus_nominal_seconds=579.418456,1.0,True,2024-07-14T15:40:41.819333Z,2024-07-14T15:49:39.418456Z,2024-07-14T15:58:42Z,501,501,20.0,30.0,97.0,107.0,descending,ascending,0.020000457763671875,0.01999664306640625,e930fc8377b0d158b4b22834869896bcc5047b44e38b4c34f63b0b1103e4c255,1.0,1.0,1.0,1.0,1.0,1.0,1.0,False,41.819333,579.418456,0.04710070000146516
202407\14\NC_H09_20240714_1550_R21_FLDK.06001_06001.nc,NC_H09_20240714_1550_R21_FLDK.06001_06001.nc,3612858,2024-07-14T15:50:00+00:00,H09,06001_06001,True,True,TIME_MISMATCH,TIME_MISMATCH,start_time_minus_nominal_seconds=41.757284;end_time_minus_nominal_seconds=579.405296,1.0,True,2024-07-14T15:50:41.757284Z,2024-07-14T15:59:39.405296Z,2024-07-14T16:09:40Z,501,501,20.0,30.0,97.0,107.0,descending,ascending,0.020000457763671875,0.01999664306640625,e930fc8377b0d158b4b22834869896bcc5047b44e38b4c34f63b0b1103e4c255,1.0,1.0,1.0,1.0,1.0,1.0,1.0,False,41.757284,579.405296,0.04890180000074906
202407\14\NC_H09_20240714_1600_R21_FLDK.06001_06001.nc,NC_H09_20240714_1600_R21_FLDK.06001_06001.nc,3609529,2024-07-14T16:00:00+00:00,H09,06001_06001,True,True,TIME_MISMATCH,TIME_MISMATCH,start_time_minus_nominal_seconds=41.745704;end_time_minus_nominal_seconds=579.397924,1.0,True,2024-07-14T16:00:41.745704Z,2024-07-14T16:09:39.397924Z,2024-07-14T16:19:41Z,501,501,20.0,30.0,97.0,107.0,descending,ascending,0.020000457763671875,0.01999664306640625,e930fc8377b0d158b4b22834869896bcc5047b44e38b4c34f63b0b1103e4c255,1.0,1.0,1.0,1.0,1.0,1.0,1.0,False,41.745704,579.397924,0.04585829999996349
202407\14\NC_H09_20240714_1610_R21_FLDK.06001_06001.nc,NC_H09_20240714_1610_R21_FLDK.06001_06001.nc,3603672,2024-07-14T16:10:00+00:00,H09,06001_06001,True,True,TIME_MISMATCH,TIME_MISMATCH,start_time_minus_nominal_seconds=41.776100;end_time_minus_nominal_seconds=579.388618,1.0,True,2024-07-14T16:10:41.776100Z,2024-07-14T16:19:39.388618Z,2024-07-14T16:28:52Z,501,501,20.0,30.0,97.0,107.0,descending,ascending,0.020000457763671875,0.01999664306640625,e930fc8377b0d158b4b22834869896bcc5047b44e38b4c34f63b0b1103e4c255,1.0,1.0,1.0,1.0,1.0,1.0,1.0,False,41.7761,579.388618,0.04824140000710031
202407\14\NC_H09_20240714_1620_R21_FLDK.06001_06001.nc,NC_H09_20240714_1620_R21_FLDK.06001_06001.nc,3590359,2024-07-14T16:20:00+00:00,H09,06001_06001,True,True,TIME_MISMATCH,TIME_MISMATCH,start_time_minus_nominal_seconds=41.766795;end_time_minus_nominal_seconds=579.378952,1.0,True,2024-07-14T16:20:41.766795Z,2024-07-14T16:29:39.378952Z,2024-07-14T16:38:41Z,501,501,20.0,30.0,97.0,107.0,descending,ascending,0.020000457763671875,0.01999664306640625,e930fc8377b0d158b4b22834869896bcc5047b44e38b4c34f63b0b1103e4c255,1.0,1.0,1.0,1.0,1.0,1.0,1.0,False,41.766795,579.378952,0.047792999997909646
202407\14\NC_H09_20240714_1630_R21_FLDK.06001_06001.nc,NC_H09_20240714_1630_R21_FLDK.06001_06001.nc,3585018,2024-07-14T16:30:00+00:00,H09,06001_06001,True,True,TIME_MISMATCH,TIME_MISMATCH,start_time_minus_nominal_seconds=41.484242;end_time_minus_nominal_seconds=579.369632,1.0,True,2024-07-14T16:30:41.484242Z,2024-07-14T16:39:39.369632Z,2024-07-14T16:48:43Z,501,501,20.0,30.0,97.0,107.0,descending,ascending,0.020000457763671875,0.01999664306640625,e930fc8377b0d158b4b22834869896bcc5047b44e38b4c34f63b0b1103e4c255,1.0,1.0,1.0,1.0,1.0,1.0,1.0,False,41.484242,579.369632,0.04841100000339793
202407\14\NC_H09_20240714_1830_R21_FLDK.06001_06001.nc,NC_H09_20240714_1830_R21_FLDK.06001_06001.nc,3535763,2024-07-14T18:30:00+00:00,H09,06001_06001,True,True,TIME_MISMATCH,TIME_MISMATCH,start_time_minus_nominal_seconds=41.717413;end_time_minus_nominal_seconds=579.289548,1.0,True,2024-07-14T18:30:41.717413Z,2024-07-14T18:39:39.289548Z,2024-07-14T18:49:44Z,501,501,20.0,30.0,97.0,107.0,descending,ascending,0.020000457763671875,0.01999664306640625,e930fc8377b0d158b4b22834869896bcc5047b44e38b4c34f63b0b1103e4c255,1.0,1.0,1.0,1.0,1.0,1.0,1.0,False,41.717413,579.289548,0.04846980000002077
202407\14\NC_H09_20240714_1840_R21_FLDK.06001_06001.nc,NC_H09_20240714_1840_R21_FLDK.06001_06001.nc,3533892,2024-07-14T18:40:00+00:00,H09,06001_06001,True,True,TIME_MISMATCH,TIME_MISMATCH,start_time_minus_nominal_seconds=41.655140;end_time_minus_nominal_seconds=579.276342,1.0,True,2024-07-14T18:40:41.655140Z,2024-07-14T18:49:39.276342Z,2024-07-14T18:58:44Z,501,501,20.0,30.0,97.0,107.0,descending,ascending,0.020000457763671875,0.01999664306640625,e930fc8377b0d158b4b22834869896bcc5047b44e38b4c34f63b0b1103e4c255,1.0,1.0,1.0,1.0,1.0,1.0,1.0,False,41.65514,579.276342,0.04881100000056904
202407\14\NC_H09_20240714_1850_R21_FLDK.06001_06001.nc,NC_H09_20240714_1850_R21_FLDK.06001_06001.nc,3521824,2024-07-14T18:50:00+00:00,H09,06001_06001,True,True,TIME_MISMATCH,TIME_MISMATCH,start_time_minus_nominal_seconds=41.643987;end_time_minus_nominal_seconds=579.268955,1.0,True,2024-07-14T18:50:41.643987Z,2024-07-14T18:59:39.268955Z,2024-07-14T19:08:44Z,501,501,20.0,30.0,97.0,107.0,descending,ascending,0.020000457763671875,0.01999664306640625,e930fc8377b0d158b4b22834869896bcc5047b44e38b4c34f63b0b1103e4c255,1.0,1.0,1.0,1.0,1.0,1.0,1.0,False,41.643987,579.268955,0.04756259999703616
202407\14\NC_H09_20240714_1900_R21_FLDK.06001_06001.nc,NC_H09_20240714_1900_R21_FLDK.06001_06001.nc,3522251,2024-07-14T19:00:00+00:00,H09,06001_06001,True,True,TIME_MISMATCH,TIME_MISMATCH,start_time_minus_nominal_seconds=41.687140;end_time_minus_nominal_seconds=579.259614,1.0,True,2024-07-14T19:00:41.687140Z,2024-07-14T19:09:39.259614Z,2024-07-14T19:19:44Z,501,501,20.0,30.0,97.0,107.0,descending,ascending,0.020000457763671875,0.01999664306640625,e930fc8377b0d158b4b22834869896bcc5047b44e38b4c34f63b0b1103e4c255,1.0,1.0,1.0,1.0,1.0,1.0,1.0,False,41.68714,579.259614,0.04921879999892553
202407\14\NC_H09_20240714_1910_R21_FLDK.06001_06001.nc,NC_H09_20240714_1910_R21_FLDK.06001_06001.nc,3520175,2024-07-14T19:10:00+00:00,H09,06001_06001,True,True,TIME_MISMATCH,TIME_MISMATCH,start_time_minus_nominal_seconds=41.301295;end_time_minus_nominal_seconds=579.249925,1.0,True,2024-07-14T19:10:41.301295Z,2024-07-14T19:19:39.249925Z,2024-07-14T19:29:43Z,501,501,20.0,30.0,97.0,107.0,descending,ascending,0.020000457763671875,0.01999664306640625,e930fc8377b0d158b4b22834869896bcc5047b44e38b4c34f63b0b1103e4c255,1.0,1.0,1.0,1.0,1.0,1.0,1.0,False,41.301295,579.249925,0.051413000001048204
202407\14\NC_H09_20240714_1920_R21_FLDK.06001_06001.nc,NC_H09_20240714_1920_R21_FLDK.06001_06001.nc,3505961,2024-07-14T19:20:00+00:00,H09,06001_06001,True,True,TIME_MISMATCH,TIME_MISMATCH,start_time_minus_nominal_seconds=41.589321;end_time_minus_nominal_seconds=579.236705,1.0,True,2024-07-14T19:20:41.589321Z,2024-07-14T19:29:39.236705Z,2024-07-14T19:39:44Z,501,501,20.0,30.0,97.0,107.0,descending,ascending,0.020000457763671875,0.01999664306640625,e930fc8377b0d158b4b22834869896bcc5047b44e38b4c34f63b0b1103e4c255,1.0,1.0,1.0,1.0,1.0,1.0,1.0,False,41.589321,579.236705,0.04841160000069067
202407\14\NC_H09_20240714_1940_R21_FLDK.06001_06001.nc,NC_H09_20240714_1940_R21_FLDK.06001_06001.nc,3511011,2024-07-14T19:40:00+00:00,H09,06001_06001,True,True,TIME_MISMATCH,TIME_MISMATCH,start_time_minus_nominal_seconds=41.270986;end_time_minus_nominal_seconds=579.219967,1.0,True,2024-07-14T19:40:41.270986Z,2024-07-14T19:49:39.219967Z,2024-07-14T19:59:44Z,501,501,20.0,30.0,97.0,107.0,descending,ascending,0.020000457763671875,0.01999664306640625,e930fc8377b0d158b4b22834869896bcc5047b44e38b4c34f63b0b1103e4c255,1.0,1.0,1.0,1.0,1.0,1.0,1.0,False,41.270986,579.219967,0.0483440999960294
202407\14\NC_H09_20240714_1950_R21_FLDK.06001_06001.nc,NC_H09_20240714_1950_R21_FLDK.06001_06001.nc,3518743,2024-07-14T19:50:00+00:00,H09,06001_06001,True,True,TIME_MISMATCH,TIME_MISMATCH,start_time_minus_nominal_seconds=41.261648;end_time_minus_nominal_seconds=579.210276,1.0,True,2024-07-14T19:50:41.261648Z,2024-07-14T19:59:39.210276Z,2024-07-14T20:08:43Z,501,501,20.0,30.0,97.0,107.0,descending,ascending,0.020000457763671875,0.01999664306640625,e930fc8377b0d158b4b22834869896bcc5047b44e38b4c34f63b0b1103e4c255,1.0,1.0,1.0,1.0,1.0,1.0,1.0,False,41.261648,579.210276,0.04777540000213776
202407\14\NC_H09_20240714_2000_R21_FLDK.06001_06001.nc,NC_H09_20240714_2000_R21_FLDK.06001_06001.nc,3504400,2024-07-14T20:00:00+00:00,H09,06001_06001,True,True,TIME_MISMATCH,TIME_MISMATCH,start_time_minus_nominal_seconds=41.252299;end_time_minus_nominal_seconds=579.197045,1.0,True,2024-07-14T20:00:41.252299Z,2024-07-14T20:09:39.197045Z,2024-07-14T20:16:59Z,501,501,20.0,30.0,97.0,107.0,descending,ascending,0.020000457763671875,0.01999664306640625,e930fc8377b0d158b4b22834869896bcc5047b44e38b4c34f63b0b1103e4c255,1.0,1.0,1.0,1.0,1.0,1.0,1.0,False,41.252299,579.197045,0.04907939999975497
202407\14\NC_H09_20240714_2010_R21_FLDK.06001_06001.nc,NC_H09_20240714_2010_R21_FLDK.06001_06001.nc,3505758,2024-07-14T20:10:00+00:00,H09,06001_06001,True,True,TIME_MISMATCH,TIME_MISMATCH,start_time_minus_nominal_seconds=41.525546;end_time_minus_nominal_seconds=579.156900,1.0,True,2024-07-14T20:10:41.525546Z,2024-07-14T20:19:39.156900Z,2024-07-14T20:28:44Z,501,501,20.0,30.0,97.0,107.0,descending,ascending,0.020000457763671875,0.01999664306640625,e930fc8377b0d158b4b22834869896bcc5047b44e38b4c34f63b0b1103e4c255,1.0,1.0,1.0,1.0,1.0,1.0,1.0,False,41.525546,579.1569,0.04625970000051893
202407\14\NC_H09_20240714_2020_R21_FLDK.06001_06001.nc,NC_H09_20240714_2020_R21_FLDK.06001_06001.nc,3491096,2024-07-14T20:20:00+00:00,H09,06001_06001,True,True,TIME_MISMATCH,TIME_MISMATCH,start_time_minus_nominal_seconds=41.140158;end_time_minus_nominal_seconds=579.147564,1.0,True,2024-07-14T20:20:41.140158Z,2024-07-14T20:29:39.147564Z,2024-07-14T20:39:44Z,501,501,20.0,30.0,97.0,107.0,descending,ascending,0.020000457763671875,0.01999664306640625,e930fc8377b0d158b4b22834869896bcc5047b44e38b4c34f63b0b1103e4c255,1.0,1.0,1.0,1.0,1.0,1.0,1.0,False,41.140158,579.147564,0.049559799997950904
202407\14\NC_H09_20240714_2030_R21_FLDK.06001_06001.nc,NC_H09_20240714_2030_R21_FLDK.06001_06001.nc,3486020,2024-07-14T20:30:00+00:00,H09,06001_06001,True,True,TIME_MISMATCH,TIME_MISMATCH,start_time_minus_nominal_seconds=41.454441;end_time_minus_nominal_seconds=579.131945,1.0,True,2024-07-14T20:30:41.454441Z,2024-07-14T20:39:39.131945Z,2024-07-14T20:49:46Z,501,501,20.0,30.0,97.0,107.0,descending,ascending,0.020000457763671875,0.01999664306640625,e930fc8377b0d158b4b22834869896bcc5047b44e38b4c34f63b0b1103e4c255,1.0,1.0,1.0,1.0,1.0,1.0,1.0,False,41.454441,579.131945,0.04770459999417653
202407\14\NC_H09_20240714_2040_R21_FLDK.06001_06001.nc,NC_H09_20240714_2040_R21_FLDK.06001_06001.nc,3480559,2024-07-14T20:40:00+00:00,H09,06001_06001,True,True,TIME_MISMATCH,TIME_MISMATCH,start_time_minus_nominal_seconds=41.483761;end_time_minus_nominal_seconds=579.118741,1.0,True,2024-07-14T20:40:41.483761Z,2024-07-14T20:49:39.118741Z,2024-07-14T20:57:49Z,501,501,20.0,30.0,97.0,107.0,descending,ascending,0.020000457763671875,0.01999664306640625,e930fc8377b0d158b4b22834869896bcc5047b44e38b4c34f63b0b1103e4c255,1.0,1.0,1.0,1.0,1.0,1.0,1.0,False,41.483761,579.118741,0.04933010000240756
202407\14\NC_H09_20240714_2050_R21_FLDK.06001_06001.nc,NC_H09_20240714_2050_R21_FLDK.06001_06001.nc,3474346,2024-07-14T20:50:00+00:00,H09,06001_06001,True,True,TIME_MISMATCH,TIME_MISMATCH,start_time_minus_nominal_seconds=41.459145;end_time_minus_nominal_seconds=579.111326,1.0,True,2024-07-14T20:50:41.459145Z,2024-07-14T20:59:39.111326Z,2024-07-14T21:08:45Z,501,501,20.0,30.0,97.0,107.0,descending,ascending,0.020000457763671875,0.01999664306640625,e930fc8377b0d158b4b22834869896bcc5047b44e38b4c34f63b0b1103e4c255,1.0,1.0,1.0,1.0,1.0,1.0,1.0,False,41.459145,579.111326,0.04724060000444297
202407\14\NC_H09_20240714_2100_R21_FLDK.06001_06001.nc,NC_H09_20240714_2100_R21_FLDK.06001_06001.nc,3483743,2024-07-14T21:00:00+00:00,H09,06001_06001,True,True,TIME_MISMATCH,TIME_MISMATCH,start_time_minus_nominal_seconds=41.449798;end_time_minus_nominal_seconds=579.101985,1.0,True,2024-07-14T21:00:41.449798Z,2024-07-14T21:09:39.101985Z,2024-07-14T21:18:45Z,501,501,20.0,30.0,97.0,107.0,descending,ascending,0.020000457763671875,0.01999664306640625,e930fc8377b0d158b4b22834869896bcc5047b44e38b4c34f63b0b1103e4c255,1.0,1.0,1.0,1.0,1.0,1.0,1.0,False,41.449798,579.101985,0.047534899997117463
202407\14\NC_H09_20240714_2110_R21_FLDK.06001_06001.nc,NC_H09_20240714_2110_R21_FLDK.06001_06001.nc,3474214,2024-07-14T21:10:00+00:00,H09,06001_06001,True,True,TIME_MISMATCH,TIME_MISMATCH,start_time_minus_nominal_seconds=41.402103;end_time_minus_nominal_seconds=579.092288,1.0,True,2024-07-14T21:10:41.402103Z,2024-07-14T21:19:39.092288Z,2024-07-14T21:29:42Z,501,501,20.0,30.0,97.0,107.0,descending,ascending,0.020000457763671875,0.01999664306640625,e930fc8377b0d158b4b22834869896bcc5047b44e38b4c34f63b0b1103e4c255,1.0,1.0,1.0,1.0,1.0,1.0,1.0,False,41.402103,579.092288,0.04619100000127219
202407\14\NC_H09_20240714_2120_R21_FLDK.06001_06001.nc,NC_H09_20240714_2120_R21_FLDK.06001_06001.nc,3478219,2024-07-14T21:20:00+00:00,H09,06001_06001,True,True,TIME_MISMATCH,TIME_MISMATCH,start_time_minus_nominal_seconds=41.431111;end_time_minus_nominal_seconds=579.082937,1.0,True,2024-07-14T21:20:41.431111Z,2024-07-14T21:29:39.082937Z,2024-07-14T21:39:45Z,501,501,20.0,30.0,97.0,107.0,descending,ascending,0.020000457763671875,0.01999664306640625,e930fc8377b0d158b4b22834869896bcc5047b44e38b4c34f63b0b1103e4c255,1.0,1.0,1.0,1.0,1.0,1.0,1.0,False,41.431111,579.082937,0.048250699997879565
202407\16\NC_H09_20240716_0850_R21_FLDK.06001_06001.nc,NC_H09_20240716_0850_R21_FLDK.06001_06001.nc,5666294,2024-07-16T08:50:00+00:00,H09,06001_06001,True,True,TIME_MISMATCH,TIME_MISMATCH,start_time_minus_nominal_seconds=40.887061;end_time_minus_nominal_seconds=578.615115,1.0,True,2024-07-16T08:50:40.887061Z,2024-07-16T08:59:38.615115Z,2024-07-16T09:10:38Z,501,501,20.0,30.0,97.0,107.0,descending,ascending,0.020000457763671875,0.01999664306640625,e930fc8377b0d158b4b22834869896bcc5047b44e38b4c34f63b0b1103e4c255,1.0,1.0,1.0,1.0,1.0,1.0,1.0,False,40.887061,578.615115,0.05579539999598637
202407\16\NC_H09_20240716_0900_R21_FLDK.06001_06001.nc,NC_H09_20240716_0900_R21_FLDK.06001_06001.nc,5657361,2024-07-16T09:00:00+00:00,H09,06001_06001,True,True,TIME_MISMATCH,TIME_MISMATCH,start_time_minus_nominal_seconds=40.931397;end_time_minus_nominal_seconds=578.598969,1.0,True,2024-07-16T09:00:40.931397Z,2024-07-16T09:09:38.598969Z,2024-07-16T09:19:44Z,501,501,20.0,30.0,97.0,107.0,descending,ascending,0.020000457763671875,0.01999664306640625,e930fc8377b0d158b4b22834869896bcc5047b44e38b4c34f63b0b1103e4c255,1.0,1.0,1.0,1.0,1.0,1.0,1.0,False,40.931397,578.598969,0.05175109999981942
202407\16\NC_H09_20240716_0910_R21_FLDK.06001_06001.nc,NC_H09_20240716_0910_R21_FLDK.06001_06001.nc,5647261,2024-07-16T09:10:00+00:00,H09,06001_06001,True,True,TIME_MISMATCH,TIME_MISMATCH,start_time_minus_nominal_seconds=40.919746;end_time_minus_nominal_seconds=578.594089,1.0,True,2024-07-16T09:10:40.919746Z,2024-07-16T09:19:38.594089Z,2024-07-16T09:27:44Z,501,501,20.0,30.0,97.0,107.0,descending,ascending,0.020000457763671875,0.01999664306640625,e930fc8377b0d158b4b22834869896bcc5047b44e38b4c34f63b0b1103e4c255,1.0,1.0,1.0,1.0,1.0,1.0,1.0,False,40.919746,578.594089,0.05272499999409774
202407\16\NC_H09_20240716_0920_R21_FLDK.06001_06001.nc,NC_H09_20240716_0920_R21_FLDK.06001_06001.nc,5635066,2024-07-16T09:20:00+00:00,H09,06001_06001,True,True,TIME_MISMATCH,TIME_MISMATCH,start_time_minus_nominal_seconds=40.910376;end_time_minus_nominal_seconds=578.578335,1.0,True,2024-07-16T09:20:40.910376Z,2024-07-16T09:29:38.578335Z,2024-07-16T09:36:49Z,501,501,20.0,30.0,97.0,107.0,descending,ascending,0.020000457763671875,0.01999664306640625,e930fc8377b0d158b4b22834869896bcc5047b44e38b4c34f63b0b1103e4c255,1.0,1.0,1.0,1.0,1.0,1.0,1.0,False,40.910376,578.578335,0.051534399994125124
202407\16\NC_H09_20240716_0930_R21_FLDK.06001_06001.nc,NC_H09_20240716_0930_R21_FLDK.06001_06001.nc,5621544,2024-07-16T09:30:00+00:00,H09,06001_06001,True,True,TIME_MISMATCH,TIME_MISMATCH,start_time_minus_nominal_seconds=40.901011;end_time_minus_nominal_seconds=578.575379,1.0,True,2024-07-16T09:30:40.901011Z,2024-07-16T09:39:38.575379Z,2024-07-16T09:49:38Z,501,501,20.0,30.0,97.0,107.0,descending,ascending,0.020000457763671875,0.01999664306640625,e930fc8377b0d158b4b22834869896bcc5047b44e38b4c34f63b0b1103e4c255,1.0,1.0,1.0,1.0,1.0,1.0,1.0,False,40.901011,578.575379,0.05249309999635443
202407\16\NC_H09_20240716_0940_R21_FLDK.06001_06001.nc,NC_H09_20240716_0940_R21_FLDK.06001_06001.nc,5609813,2024-07-16T09:40:00+00:00,H09,06001_06001,True,True,TIME_MISMATCH,TIME_MISMATCH,start_time_minus_nominal_seconds=40.562716;end_time_minus_nominal_seconds=578.565649,1.0,True,2024-07-16T09:40:40.562716Z,2024-07-16T09:49:38.565649Z,2024-07-16T09:56:44Z,501,501,20.0,30.0,97.0,107.0,descending,ascending,0.020000457763671875,0.01999664306640625,e930fc8377b0d158b4b22834869896bcc5047b44e38b4c34f63b0b1103e4c255,1.0,1.0,1.0,1.0,1.0,1.0,1.0,False,40.562716,578.565649,0.055092800001148134
202407\16\NC_H09_20240716_1810_R21_FLDK.06001_06001.nc,NC_H09_20240716_1810_R21_FLDK.06001_06001.nc,3614135,2024-07-16T18:10:00+00:00,H09,06001_06001,True,True,TIME_MISMATCH,TIME_MISMATCH,start_time_minus_nominal_seconds=41.133738;end_time_minus_nominal_seconds=579.051994,1.0,True,2024-07-16T18:10:41.133738Z,2024-07-16T18:19:39.051994Z,2024-07-16T18:29:42Z,501,501,20.0,30.0,97.0,107.0,descending,ascending,0.020000457763671875,0.01999664306640625,e930fc8377b0d158b4b22834869896bcc5047b44e38b4c34f63b0b1103e4c255,1.0,1.0,1.0,1.0,1.0,1.0,1.0,False,41.133738,579.051994,0.049162700001033954
202407\16\NC_H09_20240716_1820_R21_FLDK.06001_06001.nc,NC_H09_20240716_1820_R21_FLDK.06001_06001.nc,3621813,2024-07-16T18:20:00+00:00,H09,06001_06001,True,True,TIME_MISMATCH,TIME_MISMATCH,start_time_minus_nominal_seconds=41.110092;end_time_minus_nominal_seconds=579.044597,1.0,True,2024-07-16T18:20:41.110092Z,2024-07-16T18:29:39.044597Z,2024-07-16T18:39:43Z,501,501,20.0,30.0,97.0,107.0,descending,ascending,0.020000457763671875,0.01999664306640625,e930fc8377b0d158b4b22834869896bcc5047b44e38b4c34f63b0b1103e4c255,1.0,1.0,1.0,1.0,1.0,1.0,1.0,False,41.110092,579.044597,0.047427899997273926
202407\16\NC_H09_20240716_1830_R21_FLDK.06001_06001.nc,NC_H09_20240716_1830_R21_FLDK.06001_06001.nc,3624128,2024-07-16T18:30:00+00:00,H09,06001_06001,True,True,TIME_MISMATCH,TIME_MISMATCH,start_time_minus_nominal_seconds=41.370183;end_time_minus_nominal_seconds=579.002683,1.0,True,2024-07-16T18:30:41.370183Z,2024-07-16T18:39:39.002683Z,2024-07-16T18:48:43Z,501,501,20.0,30.0,97.0,107.0,descending,ascending,0.020000457763671875,0.01999664306640625,e930fc8377b0d158b4b22834869896bcc5047b44e38b4c34f63b0b1103e4c255,1.0,1.0,1.0,1.0,1.0,1.0,1.0,False,41.370183,579.002683,0.04901909999898635
202407\16\NC_H09_20240716_1840_R21_FLDK.06001_06001.nc,NC_H09_20240716_1840_R21_FLDK.06001_06001.nc,3623631,2024-07-16T18:40:00+00:00,H09,06001_06001,True,True,TIME_MISMATCH,TIME_MISMATCH,start_time_minus_nominal_seconds=41.373743;end_time_minus_nominal_seconds=578.993001,1.0,True,2024-07-16T18:40:41.373743Z,2024-07-16T18:49:38.993001Z,2024-07-16T18:56:43Z,501,501,20.0,30.0,97.0,107.0,descending,ascending,0.020000457763671875,0.01999664306640625,e930fc8377b0d158b4b22834869896bcc5047b44e38b4c34f63b0b1103e4c255,1.0,1.0,1.0,1.0,1.0,1.0,1.0,False,41.373743,578.993001,0.046790800006419886
202407\16\NC_H09_20240716_1850_R21_FLDK.06001_06001.nc,NC_H09_20240716_1850_R21_FLDK.06001_06001.nc,3617957,2024-07-16T18:50:00+00:00,H09,06001_06001,True,True,TIME_MISMATCH,TIME_MISMATCH,start_time_minus_nominal_seconds=41.311245;end_time_minus_nominal_seconds=578.977579,1.0,True,2024-07-16T18:50:41.311245Z,2024-07-16T18:59:38.977579Z,2024-07-16T19:08:37Z,501,501,20.0,30.0,97.0,107.0,descending,ascending,0.020000457763671875,0.01999664306640625,e930fc8377b0d158b4b22834869896bcc5047b44e38b4c34f63b0b1103e4c255,1.0,1.0,1.0,1.0,1.0,1.0,1.0,False,41.311245,578.977579,0.04928069999732543
202407\16\NC_H09_20240716_1900_R21_FLDK.06001_06001.nc,NC_H09_20240716_1900_R21_FLDK.06001_06001.nc,3613747,2024-07-16T19:00:00+00:00,H09,06001_06001,True,True,TIME_MISMATCH,TIME_MISMATCH,start_time_minus_nominal_seconds=41.027137;end_time_minus_nominal_seconds=578.966319,1.0,True,2024-07-16T19:00:41.027137Z,2024-07-16T19:09:38.966319Z,2024-07-16T19:19:41Z,501,501,20.0,30.0,97.0,107.0,descending,ascending,0.020000457763671875,0.01999664306640625,e930fc8377b0d158b4b22834869896bcc5047b44e38b4c34f63b0b1103e4c255,1.0,1.0,1.0,1.0,1.0,1.0,1.0,False,41.027137,578.966319,0.04664520000369521
202407\17\NC_H09_20240717_0320_R21_FLDK.06001_06001.nc,NC_H09_20240717_0320_R21_FLDK.06001_06001.nc,5732193,2024-07-17T03:20:00+00:00,H09,06001_06001,True,True,TIME_MISMATCH,TIME_MISMATCH,start_time_minus_nominal_seconds=40.707031;end_time_minus_nominal_seconds=578.800343,1.0,True,2024-07-17T03:20:40.707031Z,2024-07-17T03:29:38.800343Z,2024-07-17T03:39:47Z,501,501,20.0,30.0,97.0,107.0,descending,ascending,0.020000457763671875,0.01999664306640625,e930fc8377b0d158b4b22834869896bcc5047b44e38b4c34f63b0b1103e4c255,1.0,1.0,1.0,1.0,1.0,1.0,1.0,False,40.707031,578.800343,0.05517849999887403
202407\17\NC_H09_20240717_0330_R21_FLDK.06001_06001.nc,NC_H09_20240717_0330_R21_FLDK.06001_06001.nc,5741935,2024-07-17T03:30:00+00:00,H09,06001_06001,True,True,TIME_MISMATCH,TIME_MISMATCH,start_time_minus_nominal_seconds=41.006333;end_time_minus_nominal_seconds=578.790572,1.0,True,2024-07-17T03:30:41.006333Z,2024-07-17T03:39:38.790572Z,2024-07-17T03:47:48Z,501,501,20.0,30.0,97.0,107.0,descending,ascending,0.020000457763671875,0.01999664306640625,e930fc8377b0d158b4b22834869896bcc5047b44e38b4c34f63b0b1103e4c255,1.0,1.0,1.0,1.0,1.0,1.0,1.0,False,41.006333,578.790572,0.05472929999814369
202407\17\NC_H09_20240717_0340_R21_FLDK.06001_06001.nc,NC_H09_20240717_0340_R21_FLDK.06001_06001.nc,5754473,2024-07-17T03:40:00+00:00,H09,06001_06001,True,True,TIME_MISMATCH,TIME_MISMATCH,start_time_minus_nominal_seconds=41.020096;end_time_minus_nominal_seconds=578.817961,1.0,True,2024-07-17T03:40:41.020096Z,2024-07-17T03:49:38.817961Z,2024-07-17T03:58:47Z,501,501,20.0,30.0,97.0,107.0,descending,ascending,0.020000457763671875,0.01999664306640625,e930fc8377b0d158b4b22834869896bcc5047b44e38b4c34f63b0b1103e4c255,1.0,1.0,1.0,1.0,1.0,1.0,1.0,False,41.020096,578.817961,0.05624050000187708
202407\17\NC_H09_20240717_0350_R21_FLDK.06001_06001.nc,NC_H09_20240717_0350_R21_FLDK.06001_06001.nc,5764757,2024-07-17T03:50:00+00:00,H09,06001_06001,True,True,TIME_MISMATCH,TIME_MISMATCH,start_time_minus_nominal_seconds=40.676608;end_time_minus_nominal_seconds=578.769914,1.0,True,2024-07-17T03:50:40.676608Z,2024-07-17T03:59:38.769914Z,2024-07-17T04:08:47Z,501,501,20.0,30.0,97.0,107.0,descending,ascending,0.020000457763671875,0.01999664306640625,e930fc8377b0d158b4b22834869896bcc5047b44e38b4c34f63b0b1103e4c255,1.0,1.0,1.0,1.0,1.0,1.0,1.0,False,40.676608,578.769914,0.05459809999592835
202407\17\NC_H09_20240717_0400_R21_FLDK.06001_06001.nc,NC_H09_20240717_0400_R21_FLDK.06001_06001.nc,5784368,2024-07-17T04:00:00+00:00,H09,06001_06001,True,True,TIME_MISMATCH,TIME_MISMATCH,start_time_minus_nominal_seconds=40.667227;end_time_minus_nominal_seconds=578.760531,1.0,True,2024-07-17T04:00:40.667227Z,2024-07-17T04:09:38.760531Z,2024-07-17T04:19:47Z,501,501,20.0,30.0,97.0,107.0,descending,ascending,0.020000457763671875,0.01999664306640625,e930fc8377b0d158b4b22834869896bcc5047b44e38b4c34f63b0b1103e4c255,1.0,1.0,1.0,1.0,1.0,1.0,1.0,False,40.667227,578.760531,0.056500700004107784
202407\17\NC_H09_20240717_0410_R21_FLDK.06001_06001.nc,NC_H09_20240717_0410_R21_FLDK.06001_06001.nc,5801360,2024-07-17T04:10:00+00:00,H09,06001_06001,True,True,TIME_MISMATCH,TIME_MISMATCH,start_time_minus_nominal_seconds=40.990077;end_time_minus_nominal_seconds=578.750756,1.0,True,2024-07-17T04:10:40.990077Z,2024-07-17T04:19:38.750756Z,2024-07-17T04:28:49Z,501,501,20.0,30.0,97.0,107.0,descending,ascending,0.020000457763671875,0.01999664306640625,e930fc8377b0d158b4b22834869896bcc5047b44e38b4c34f63b0b1103e4c255,1.0,1.0,1.0,1.0,1.0,1.0,1.0,False,40.990077,578.750756,0.053328699999838136
202407\17\NC_H09_20240717_1840_R21_FLDK.06001_06001.nc,NC_H09_20240717_1840_R21_FLDK.06001_06001.nc,3611164,2024-07-17T18:40:00+00:00,H09,06001_06001,True,True,TIME_MISMATCH,TIME_MISMATCH,start_time_minus_nominal_seconds=41.275998;end_time_minus_nominal_seconds=578.895602,1.0,True,2024-07-17T18:40:41.275998Z,2024-07-17T18:49:38.895602Z,2024-07-17T18:59:42Z,501,501,20.0,30.0,97.0,107.0,descending,ascending,0.020000457763671875,0.01999664306640625,e930fc8377b0d158b4b22834869896bcc5047b44e38b4c34f63b0b1103e4c255,1.0,1.0,1.0,1.0,1.0,1.0,1.0,False,41.275998,578.895602,0.049015199998393655
202407\17\NC_H09_20240717_1850_R21_FLDK.06001_06001.nc,NC_H09_20240717_1850_R21_FLDK.06001_06001.nc,3601387,2024-07-17T18:50:00+00:00,H09,06001_06001,True,True,TIME_MISMATCH,TIME_MISMATCH,start_time_minus_nominal_seconds=40.940999;end_time_minus_nominal_seconds=578.879833,1.0,True,2024-07-17T18:50:40.940999Z,2024-07-17T18:59:38.879833Z,2024-07-17T19:08:42Z,501,501,20.0,30.0,97.0,107.0,descending,ascending,0.020000457763671875,0.01999664306640625,e930fc8377b0d158b4b22834869896bcc5047b44e38b4c34f63b0b1103e4c255,1.0,1.0,1.0,1.0,1.0,1.0,1.0,False,40.940999,578.879833,0.04744600000412902
202407\17\NC_H09_20240717_1900_R21_FLDK.06001_06001.nc,NC_H09_20240717_1900_R21_FLDK.06001_06001.nc,3600111,2024-07-17T19:00:00+00:00,H09,06001_06001,True,True,TIME_MISMATCH,TIME_MISMATCH,start_time_minus_nominal_seconds=40.905765;end_time_minus_nominal_seconds=578.868594,1.0,True,2024-07-17T19:00:40.905765Z,2024-07-17T19:09:38.868594Z,2024-07-17T19:18:44Z,501,501,20.0,30.0,97.0,107.0,descending,ascending,0.020000457763671875,0.01999664306640625,e930fc8377b0d158b4b22834869896bcc5047b44e38b4c34f63b0b1103e4c255,1.0,1.0,1.0,1.0,1.0,1.0,1.0,False,40.905765,578.868594,0.04961219999677269
202407\17\NC_H09_20240717_1910_R21_FLDK.06001_06001.nc,NC_H09_20240717_1910_R21_FLDK.06001_06001.nc,3593474,2024-07-17T19:10:00+00:00,H09,06001_06001,True,True,TIME_MISMATCH,TIME_MISMATCH,start_time_minus_nominal_seconds=41.220062;end_time_minus_nominal_seconds=578.859272,1.0,True,2024-07-17T19:10:41.220062Z,2024-07-17T19:19:38.859272Z,2024-07-17T19:29:41Z,501,501,20.0,30.0,97.0,107.0,descending,ascending,0.020000457763671875,0.01999664306640625,e930fc8377b0d158b4b22834869896bcc5047b44e38b4c34f63b0b1103e4c255,1.0,1.0,1.0,1.0,1.0,1.0,1.0,False,41.220062,578.859272,0.048903100003371947
202407\17\NC_H09_20240717_1920_R21_FLDK.06001_06001.nc,NC_H09_20240717_1920_R21_FLDK.06001_06001.nc,3589428,2024-07-17T19:20:00+00:00,H09,06001_06001,True,True,TIME_MISMATCH,TIME_MISMATCH,start_time_minus_nominal_seconds=41.236414;end_time_minus_nominal_seconds=578.849936,1.0,True,2024-07-17T19:20:41.236414Z,2024-07-17T19:29:38.849936Z,2024-07-17T19:39:49Z,501,501,20.0,30.0,97.0,107.0,descending,ascending,0.020000457763671875,0.01999664306640625,e930fc8377b0d158b4b22834869896bcc5047b44e38b4c34f63b0b1103e4c255,1.0,1.0,1.0,1.0,1.0,1.0,1.0,False,41.236414,578.849936,0.050384599999233615
202407\17\NC_H09_20240717_1930_R21_FLDK.06001_06001.nc,NC_H09_20240717_1930_R21_FLDK.06001_06001.nc,3594922,2024-07-17T19:30:00+00:00,H09,06001_06001,True,True,TIME_MISMATCH,TIME_MISMATCH,start_time_minus_nominal_seconds=41.227080;end_time_minus_nominal_seconds=578.840237,1.0,True,2024-07-17T19:30:41.227080Z,2024-07-17T19:39:38.840237Z,2024-07-17T19:49:44Z,501,501,20.0,30.0,97.0,107.0,descending,ascending,0.020000457763671875,0.01999664306640625,e930fc8377b0d158b4b22834869896bcc5047b44e38b4c34f63b0b1103e4c255,1.0,1.0,1.0,1.0,1.0,1.0,1.0,False,41.22708,578.840237,0.04762489999848185
202407\18\NC_H09_20240718_0110_R21_FLDK.06001_06001.nc,NC_H09_20240718_0110_R21_FLDK.06001_06001.nc,5531036,2024-07-18T01:10:00+00:00,H09,06001_06001,True,True,TIME_MISMATCH,TIME_MISMATCH,start_time_minus_nominal_seconds=40.668972;end_time_minus_nominal_seconds=578.423178,1.0,True,2024-07-18T01:10:40.668972Z,2024-07-18T01:19:38.423178Z,2024-07-18T01:27:49Z,501,501,20.0,30.0,97.0,107.0,descending,ascending,0.020000457763671875,0.01999664306640625,e930fc8377b0d158b4b22834869896bcc5047b44e38b4c34f63b0b1103e4c255,1.0,1.0,1.0,1.0,1.0,1.0,1.0,False,40.668972,578.423178,0.053628400004527066
202407\18\NC_H09_20240718_0120_R21_FLDK.06001_06001.nc,NC_H09_20240718_0120_R21_FLDK.06001_06001.nc,5542716,2024-07-18T01:20:00+00:00,H09,06001_06001,True,True,TIME_MISMATCH,TIME_MISMATCH,start_time_minus_nominal_seconds=40.681858;end_time_minus_nominal_seconds=578.415748,1.0,True,2024-07-18T01:20:40.681858Z,2024-07-18T01:29:38.415748Z,2024-07-18T01:39:45Z,501,501,20.0,30.0,97.0,107.0,descending,ascending,0.020000457763671875,0.01999664306640625,e930fc8377b0d158b4b22834869896bcc5047b44e38b4c34f63b0b1103e4c255,1.0,1.0,1.0,1.0,1.0,1.0,1.0,False,40.681858,578.415748,0.05673989999922924
202407\18\NC_H09_20240718_0130_R21_FLDK.06001_06001.nc,NC_H09_20240718_0130_R21_FLDK.06001_06001.nc,5554792,2024-07-18T01:30:00+00:00,H09,06001_06001,True,True,TIME_MISMATCH,TIME_MISMATCH,start_time_minus_nominal_seconds=40.330917;end_time_minus_nominal_seconds=578.406401,1.0,True,2024-07-18T01:30:40.330917Z,2024-07-18T01:39:38.406401Z,2024-07-18T01:47:49Z,501,501,20.0,30.0,97.0,107.0,descending,ascending,0.020000457763671875,0.01999664306640625,e930fc8377b0d158b4b22834869896bcc5047b44e38b4c34f63b0b1103e4c255,1.0,1.0,1.0,1.0,1.0,1.0,1.0,False,40.330917,578.406401,0.05279860000155168
202407\18\NC_H09_20240718_0140_R21_FLDK.06001_06001.nc,NC_H09_20240718_0140_R21_FLDK.06001_06001.nc,5567390,2024-07-18T01:40:00+00:00,H09,06001_06001,True,True,TIME_MISMATCH,TIME_MISMATCH,start_time_minus_nominal_seconds=40.639099;end_time_minus_nominal_seconds=578.396691,1.0,True,2024-07-18T01:40:40.639099Z,2024-07-18T01:49:38.396691Z,2024-07-18T01:59:50Z,501,501,20.0,30.0,97.0,107.0,descending,ascending,0.020000457763671875,0.01999664306640625,e930fc8377b0d158b4b22834869896bcc5047b44e38b4c34f63b0b1103e4c255,1.0,1.0,1.0,1.0,1.0,1.0,1.0,False,40.639099,578.396691,0.05615080000279704
202407\18\NC_H09_20240718_0150_R21_FLDK.06001_06001.nc,NC_H09_20240718_0150_R21_FLDK.06001_06001.nc,5575696,2024-07-18T01:50:00+00:00,H09,06001_06001,True,True,TIME_MISMATCH,TIME_MISMATCH,start_time_minus_nominal_seconds=40.641759;end_time_minus_nominal_seconds=578.383563,1.0,True,2024-07-18T01:50:40.641759Z,2024-07-18T01:59:38.383563Z,2024-07-18T02:08:26Z,501,501,20.0,30.0,97.0,107.0,descending,ascending,0.020000457763671875,0.01999664306640625,e930fc8377b0d158b4b22834869896bcc5047b44e38b4c34f63b0b1103e4c255,1.0,1.0,1.0,1.0,1.0,1.0,1.0,False,40.641759,578.383563,0.05420839999715099
202407\18\NC_H09_20240718_0200_R21_FLDK.06001_06001.nc,NC_H09_20240718_0200_R21_FLDK.06001_06001.nc,5590034,2024-07-18T02:00:00+00:00,H09,06001_06001,True,True,TIME_MISMATCH,TIME_MISMATCH,start_time_minus_nominal_seconds=40.311656;end_time_minus_nominal_seconds=578.376130,1.0,True,2024-07-18T02:00:40.311656Z,2024-07-18T02:09:38.376130Z,2024-07-18T02:19:51Z,501,501,20.0,30.0,97.0,107.0,descending,ascending,0.020000457763671875,0.01999664306640625,e930fc8377b0d158b4b22834869896bcc5047b44e38b4c34f63b0b1103e4c255,1.0,1.0,1.0,1.0,1.0,1.0,1.0,False,40.311656,578.37613,0.05485309999494348
202407\20\NC_H09_20240720_1210_R21_FLDK.06001_06001.nc,NC_H09_20240720_1210_R21_FLDK.06001_06001.nc,4064489,2024-07-20T12:10:00+00:00,H09,06001_06001,True,True,TIME_MISMATCH,TIME_MISMATCH,start_time_minus_nominal_seconds=40.087312;end_time_minus_nominal_seconds=578.055421,1.0,True,2024-07-20T12:10:40.087312Z,2024-07-20T12:19:38.055421Z,2024-07-20T12:28:41Z,501,501,20.0,30.0,97.0,107.0,descending,ascending,0.020000457763671875,0.01999664306640625,e930fc8377b0d158b4b22834869896bcc5047b44e38b4c34f63b0b1103e4c255,1.0,1.0,1.0,1.0,1.0,1.0,1.0,False,40.087312,578.055421,0.048462800004926976
202407\20\NC_H09_20240720_1220_R21_FLDK.06001_06001.nc,NC_H09_20240720_1220_R21_FLDK.06001_06001.nc,3819060,2024-07-20T12:20:00+00:00,H09,06001_06001,True,True,TIME_MISMATCH,TIME_MISMATCH,start_time_minus_nominal_seconds=40.054958;end_time_minus_nominal_seconds=578.052378,1.0,True,2024-07-20T12:20:40.054958Z,2024-07-20T12:29:38.052378Z,2024-07-20T12:40:36Z,501,501,20.0,30.0,97.0,107.0,descending,ascending,0.020000457763671875,0.01999664306640625,e930fc8377b0d158b4b22834869896bcc5047b44e38b4c34f63b0b1103e4c255,1.0,1.0,1.0,1.0,1.0,1.0,1.0,False,40.054958,578.052378,0.049549700001080055
202407\20\NC_H09_20240720_1230_R21_FLDK.06001_06001.nc,NC_H09_20240720_1230_R21_FLDK.06001_06001.nc,3684803,2024-07-20T12:30:00+00:00,H09,06001_06001,True,True,TIME_MISMATCH,TIME_MISMATCH,start_time_minus_nominal_seconds=40.370914;end_time_minus_nominal_seconds=578.075161,1.0,True,2024-07-20T12:30:40.370914Z,2024-07-20T12:39:38.075161Z,2024-07-20T12:50:41Z,501,501,20.0,30.0,97.0,107.0,descending,ascending,0.020000457763671875,0.01999664306640625,e930fc8377b0d158b4b22834869896bcc5047b44e38b4c34f63b0b1103e4c255,1.0,1.0,1.0,1.0,1.0,1.0,1.0,False,40.370914,578.075161,0.04885890000150539
202407\20\NC_H09_20240720_1240_R21_FLDK.06001_06001.nc,NC_H09_20240720_1240_R21_FLDK.06001_06001.nc,3616810,2024-07-20T12:40:00+00:00,H09,06001_06001,True,True,TIME_MISMATCH,TIME_MISMATCH,start_time_minus_nominal_seconds=40.386771;end_time_minus_nominal_seconds=578.065878,1.0,True,2024-07-20T12:40:40.386771Z,2024-07-20T12:49:38.065878Z,2024-07-20T12:58:41Z,501,501,20.0,30.0,97.0,107.0,descending,ascending,0.020000457763671875,0.01999664306640625,e930fc8377b0d158b4b22834869896bcc5047b44e38b4c34f63b0b1103e4c255,1.0,1.0,1.0,1.0,1.0,1.0,1.0,False,40.386771,578.065878,0.04910989999916637
202407\20\NC_H09_20240720_1250_R21_FLDK.06001_06001.nc,NC_H09_20240720_1250_R21_FLDK.06001_06001.nc,3604788,2024-07-20T12:50:00+00:00,H09,06001_06001,True,True,TIME_MISMATCH,TIME_MISMATCH,start_time_minus_nominal_seconds=40.375207;end_time_minus_nominal_seconds=578.054686,1.0,True,2024-07-20T12:50:40.375207Z,2024-07-20T12:59:38.054686Z,2024-07-20T13:11:34Z,501,501,20.0,30.0,97.0,107.0,descending,ascending,0.020000457763671875,0.01999664306640625,e930fc8377b0d158b4b22834869896bcc5047b44e38b4c34f63b0b1103e4c255,1.0,1.0,1.0,1.0,1.0,1.0,1.0,False,40.375207,578.054686,0.05031230000167852
202407\20\NC_H09_20240720_1300_R21_FLDK.06001_06001.nc,NC_H09_20240720_1300_R21_FLDK.06001_06001.nc,3610653,2024-07-20T13:00:00+00:00,H09,06001_06001,True,True,TIME_MISMATCH,TIME_MISMATCH,start_time_minus_nominal_seconds=40.082540;end_time_minus_nominal_seconds=578.045410,1.0,True,2024-07-20T13:00:40.082540Z,2024-07-20T13:09:38.045410Z,2024-07-20T13:19:41Z,501,501,20.0,30.0,97.0,107.0,descending,ascending,0.020000457763671875,0.01999664306640625,e930fc8377b0d158b4b22834869896bcc5047b44e38b4c34f63b0b1103e4c255,1.0,1.0,1.0,1.0,1.0,1.0,1.0,False,40.08254,578.04541,0.049581499995838385
202407\20\NC_H09_20240720_1950_R21_FLDK.06001_06001.nc,NC_H09_20240720_1950_R21_FLDK.06001_06001.nc,3498428,2024-07-20T19:50:00+00:00,H09,06001_06001,True,True,TIME_MISMATCH,TIME_MISMATCH,start_time_minus_nominal_seconds=40.909769;end_time_minus_nominal_seconds=578.523286,1.0,True,2024-07-20T19:50:40.909769Z,2024-07-20T19:59:38.523286Z,2024-07-20T20:09:44Z,501,501,20.0,30.0,97.0,107.0,descending,ascending,0.020000457763671875,0.01999664306640625,e930fc8377b0d158b4b22834869896bcc5047b44e38b4c34f63b0b1103e4c255,1.0,1.0,1.0,1.0,1.0,1.0,1.0,False,40.909769,578.523286,0.04926839999825461
202407\20\NC_H09_20240720_2000_R21_FLDK.06001_06001.nc,NC_H09_20240720_2000_R21_FLDK.06001_06001.nc,3495381,2024-07-20T20:00:00+00:00,H09,06001_06001,True,True,TIME_MISMATCH,TIME_MISMATCH,start_time_minus_nominal_seconds=40.887541;end_time_minus_nominal_seconds=578.513948,1.0,True,2024-07-20T20:00:40.887541Z,2024-07-20T20:09:38.513948Z,2024-07-20T20:19:43Z,501,501,20.0,30.0,97.0,107.0,descending,ascending,0.020000457763671875,0.01999664306640625,e930fc8377b0d158b4b22834869896bcc5047b44e38b4c34f63b0b1103e4c255,1.0,1.0,1.0,1.0,1.0,1.0,1.0,False,40.887541,578.513948,0.04768730000068899
202407\20\NC_H09_20240720_2010_R21_FLDK.06001_06001.nc,NC_H09_20240720_2010_R21_FLDK.06001_06001.nc,3485968,2024-07-20T20:10:00+00:00,H09,06001_06001,True,True,TIME_MISMATCH,TIME_MISMATCH,start_time_minus_nominal_seconds=40.825187;end_time_minus_nominal_seconds=578.504611,1.0,True,2024-07-20T20:10:40.825187Z,2024-07-20T20:19:38.504611Z,2024-07-20T20:27:43Z,501,501,20.0,30.0,97.0,107.0,descending,ascending,0.020000457763671875,0.01999664306640625,e930fc8377b0d158b4b22834869896bcc5047b44e38b4c34f63b0b1103e4c255,1.0,1.0,1.0,1.0,1.0,1.0,1.0,False,40.825187,578.504611,0.04977820000203792
202407\20\NC_H09_20240720_2020_R21_FLDK.06001_06001.nc,NC_H09_20240720_2020_R21_FLDK.06001_06001.nc,3486484,2024-07-20T20:20:00+00:00,H09,06001_06001,True,True,TIME_MISMATCH,TIME_MISMATCH,start_time_minus_nominal_seconds=40.815851;end_time_minus_nominal_seconds=578.494904,1.0,True,2024-07-20T20:20:40.815851Z,2024-07-20T20:29:38.494904Z,2024-07-20T20:38:42Z,501,501,20.0,30.0,97.0,107.0,descending,ascending,0.020000457763671875,0.01999664306640625,e930fc8377b0d158b4b22834869896bcc5047b44e38b4c34f63b0b1103e4c255,1.0,1.0,1.0,1.0,1.0,1.0,1.0,False,40.815851,578.494904,0.04734889999963343
202407\20\NC_H09_20240720_2030_R21_FLDK.06001_06001.nc,NC_H09_20240720_2030_R21_FLDK.06001_06001.nc,3482299,2024-07-20T20:30:00+00:00,H09,06001_06001,True,True,TIME_MISMATCH,TIME_MISMATCH,start_time_minus_nominal_seconds=40.534478;end_time_minus_nominal_seconds=578.483639,1.0,True,2024-07-20T20:30:40.534478Z,2024-07-20T20:39:38.483639Z,2024-07-20T20:46:44Z,501,501,20.0,30.0,97.0,107.0,descending,ascending,0.020000457763671875,0.01999664306640625,e930fc8377b0d158b4b22834869896bcc5047b44e38b4c34f63b0b1103e4c255,1.0,1.0,1.0,1.0,1.0,1.0,1.0,False,40.534478,578.483639,0.04974529999890365
202407\20\NC_H09_20240720_2040_R21_FLDK.06001_06001.nc,NC_H09_20240720_2040_R21_FLDK.06001_06001.nc,3479712,2024-07-20T20:40:00+00:00,H09,06001_06001,True,True,TIME_MISMATCH,TIME_MISMATCH,start_time_minus_nominal_seconds=40.444506;end_time_minus_nominal_seconds=578.474298,1.0,True,2024-07-20T20:40:40.444506Z,2024-07-20T20:49:38.474298Z,2024-07-20T21:00:40Z,501,501,20.0,30.0,97.0,107.0,descending,ascending,0.020000457763671875,0.01999664306640625,e930fc8377b0d158b4b22834869896bcc5047b44e38b4c34f63b0b1103e4c255,1.0,1.0,1.0,1.0,1.0,1.0,1.0,False,40.444506,578.474298,0.04722600000241073
202407\21\NC_H09_20240721_0030_R21_FLDK.06001_06001.nc,NC_H09_20240721_0030_R21_FLDK.06001_06001.nc,5296495,2024-07-21T00:30:00+00:00,H09,06001_06001,True,True,TIME_MISMATCH,TIME_MISMATCH,start_time_minus_nominal_seconds=40.340283;end_time_minus_nominal_seconds=578.209019,1.0,True,2024-07-21T00:30:40.340283Z,2024-07-21T00:39:38.209019Z,2024-07-21T00:49:00Z,501,501,20.0,30.0,97.0,107.0,descending,ascending,0.020000457763671875,0.01999664306640625,e930fc8377b0d158b4b22834869896bcc5047b44e38b4c34f63b0b1103e4c255,1.0,1.0,1.0,1.0,1.0,1.0,1.0,False,40.340283,578.209019,0.053962500001944136
202407\21\NC_H09_20240721_0040_R21_FLDK.06001_06001.nc,NC_H09_20240721_0040_R21_FLDK.06001_06001.nc,5316118,2024-07-21T00:40:00+00:00,H09,06001_06001,True,True,TIME_MISMATCH,TIME_MISMATCH,start_time_minus_nominal_seconds=40.427084;end_time_minus_nominal_seconds=578.197769,1.0,True,2024-07-21T00:40:40.427084Z,2024-07-21T00:49:38.197769Z,2024-07-21T00:57:47Z,501,501,20.0,30.0,97.0,107.0,descending,ascending,0.020000457763671875,0.01999664306640625,e930fc8377b0d158b4b22834869896bcc5047b44e38b4c34f63b0b1103e4c255,1.0,1.0,1.0,1.0,1.0,1.0,1.0,False,40.427084,578.197769,0.05206460000044899
202407\21\NC_H09_20240721_0050_R21_FLDK.06001_06001.nc,NC_H09_20240721_0050_R21_FLDK.06001_06001.nc,5333441,2024-07-21T00:50:00+00:00,H09,06001_06001,True,True,TIME_MISMATCH,TIME_MISMATCH,start_time_minus_nominal_seconds=40.391802;end_time_minus_nominal_seconds=578.188437,1.0,True,2024-07-21T00:50:40.391802Z,2024-07-21T00:59:38.188437Z,2024-07-21T01:05:55Z,501,501,20.0,30.0,97.0,107.0,descending,ascending,0.020000457763671875,0.01999664306640625,e930fc8377b0d158b4b22834869896bcc5047b44e38b4c34f63b0b1103e4c255,1.0,1.0,1.0,1.0,1.0,1.0,1.0,False,40.391802,578.188437,0.05386510000244016
202407\21\NC_H09_20240721_0100_R21_FLDK.06001_06001.nc,NC_H09_20240721_0100_R21_FLDK.06001_06001.nc,5349849,2024-07-21T01:00:00+00:00,H09,06001_06001,True,True,TIME_MISMATCH,TIME_MISMATCH,start_time_minus_nominal_seconds=40.406552;end_time_minus_nominal_seconds=578.179111,1.0,True,2024-07-21T01:00:40.406552Z,2024-07-21T01:09:38.179111Z,2024-07-21T01:17:44Z,501,501,20.0,30.0,97.0,107.0,descending,ascending,0.020000457763671875,0.01999664306640625,e930fc8377b0d158b4b22834869896bcc5047b44e38b4c34f63b0b1103e4c255,1.0,1.0,1.0,1.0,1.0,1.0,1.0,False,40.406552,578.179111,0.051626199994643684
202407\21\NC_H09_20240721_0110_R21_FLDK.06001_06001.nc,NC_H09_20240721_0110_R21_FLDK.06001_06001.nc,5362641,2024-07-21T01:10:00+00:00,H09,06001_06001,True,True,TIME_MISMATCH,TIME_MISMATCH,start_time_minus_nominal_seconds=40.066638;end_time_minus_nominal_seconds=578.169415,1.0,True,2024-07-21T01:10:40.066638Z,2024-07-21T01:19:38.169415Z,2024-07-21T01:29:43Z,501,501,20.0,30.0,97.0,107.0,descending,ascending,0.020000457763671875,0.01999664306640625,e930fc8377b0d158b4b22834869896bcc5047b44e38b4c34f63b0b1103e4c255,1.0,1.0,1.0,1.0,1.0,1.0,1.0,False,40.066638,578.169415,0.05318509999779053
202407\21\NC_H09_20240721_0120_R21_FLDK.06001_06001.nc,NC_H09_20240721_0120_R21_FLDK.06001_06001.nc,5382824,2024-07-21T01:20:00+00:00,H09,06001_06001,True,True,TIME_MISMATCH,TIME_MISMATCH,start_time_minus_nominal_seconds=40.387480;end_time_minus_nominal_seconds=578.158166,1.0,True,2024-07-21T01:20:40.387480Z,2024-07-21T01:29:38.158166Z,2024-07-21T01:37:47Z,501,501,20.0,30.0,97.0,107.0,descending,ascending,0.020000457763671875,0.01999664306640625,e930fc8377b0d158b4b22834869896bcc5047b44e38b4c34f63b0b1103e4c255,1.0,1.0,1.0,1.0,1.0,1.0,1.0,False,40.38748,578.158166,0.05135209999571089
202407\22\NC_H09_20240722_0010_R21_FLDK.06001_06001.nc,NC_H09_20240722_0010_R21_FLDK.06001_06001.nc,5234444,2024-07-22T00:10:00+00:00,H09,06001_06001,True,True,TIME_MISMATCH,TIME_MISMATCH,start_time_minus_nominal_seconds=40.382547;end_time_minus_nominal_seconds=578.125950,1.0,True,2024-07-22T00:10:40.382547Z,2024-07-22T00:19:38.125950Z,2024-07-22T00:29:45Z,501,501,20.0,30.0,97.0,107.0,descending,ascending,0.020000457763671875,0.01999664306640625,e930fc8377b0d158b4b22834869896bcc5047b44e38b4c34f63b0b1103e4c255,1.0,1.0,1.0,1.0,1.0,1.0,1.0,False,40.382547,578.12595,0.055175100002088584
202407\22\NC_H09_20240722_0020_R21_FLDK.06001_06001.nc,NC_H09_20240722_0020_R21_FLDK.06001_06001.nc,5267245,2024-07-22T00:20:00+00:00,H09,06001_06001,True,True,TIME_MISMATCH,TIME_MISMATCH,start_time_minus_nominal_seconds=40.409966;end_time_minus_nominal_seconds=578.116610,1.0,True,2024-07-22T00:20:40.409966Z,2024-07-22T00:29:38.116610Z,2024-07-22T00:37:48Z,501,501,20.0,30.0,97.0,107.0,descending,ascending,0.020000457763671875,0.01999664306640625,e930fc8377b0d158b4b22834869896bcc5047b44e38b4c34f63b0b1103e4c255,1.0,1.0,1.0,1.0,1.0,1.0,1.0,False,40.409966,578.11661,0.051304399996297434
202407\22\NC_H09_20240722_0030_R21_FLDK.06001_06001.nc,NC_H09_20240722_0030_R21_FLDK.06001_06001.nc,5291518,2024-07-22T00:30:00+00:00,H09,06001_06001,True,True,TIME_MISMATCH,TIME_MISMATCH,start_time_minus_nominal_seconds=40.346912;end_time_minus_nominal_seconds=578.106908,1.0,True,2024-07-22T00:30:40.346912Z,2024-07-22T00:39:38.106908Z,2024-07-22T00:49:46Z,501,501,20.0,30.0,97.0,107.0,descending,ascending,0.020000457763671875,0.01999664306640625,e930fc8377b0d158b4b22834869896bcc5047b44e38b4c34f63b0b1103e4c255,1.0,1.0,1.0,1.0,1.0,1.0,1.0,False,40.346912,578.106908,0.05423290000180714
202407\22\NC_H09_20240722_0040_R21_FLDK.06001_06001.nc,NC_H09_20240722_0040_R21_FLDK.06001_06001.nc,5317023,2024-07-22T00:40:00+00:00,H09,06001_06001,True,True,TIME_MISMATCH,TIME_MISMATCH,start_time_minus_nominal_seconds=40.061959;end_time_minus_nominal_seconds=578.093740,1.0,True,2024-07-22T00:40:40.061959Z,2024-07-22T00:49:38.093740Z,2024-07-22T00:57:48Z,501,501,20.0,30.0,97.0,107.0,descending,ascending,0.020000457763671875,0.01999664306640625,e930fc8377b0d158b4b22834869896bcc5047b44e38b4c34f63b0b1103e4c255,1.0,1.0,1.0,1.0,1.0,1.0,1.0,False,40.061959,578.09374,0.05065230000036536
202407\22\NC_H09_20240722_0050_R21_FLDK.06001_06001.nc,NC_H09_20240722_0050_R21_FLDK.06001_06001.nc,5343219,2024-07-22T00:50:00+00:00,H09,06001_06001,True,True,TIME_MISMATCH,TIME_MISMATCH,start_time_minus_nominal_seconds=40.342894;end_time_minus_nominal_seconds=578.086296,1.0,True,2024-07-22T00:50:40.342894Z,2024-07-22T00:59:38.086296Z,2024-07-22T01:09:46Z,501,501,20.0,30.0,97.0,107.0,descending,ascending,0.020000457763671875,0.01999664306640625,e930fc8377b0d158b4b22834869896bcc5047b44e38b4c34f63b0b1103e4c255,1.0,1.0,1.0,1.0,1.0,1.0,1.0,False,40.342894,578.086296,0.05431279999902472
202407\22\NC_H09_20240722_0100_R21_FLDK.06001_06001.nc,NC_H09_20240722_0100_R21_FLDK.06001_06001.nc,5370058,2024-07-22T01:00:00+00:00,H09,06001_06001,True,True,TIME_MISMATCH,TIME_MISMATCH,start_time_minus_nominal_seconds=40.304412;end_time_minus_nominal_seconds=578.076952,1.0,True,2024-07-22T01:00:40.304412Z,2024-07-22T01:09:38.076952Z,2024-07-22T01:17:50Z,501,501,20.0,30.0,97.0,107.0,descending,ascending,0.020000457763671875,0.01999664306640625,e930fc8377b0d158b4b22834869896bcc5047b44e38b4c34f63b0b1103e4c255,1.0,1.0,1.0,1.0,1.0,1.0,1.0,False,40.304412,578.076952,0.0830811000050744
202407\22\NC_H09_20240722_0930_R21_FLDK.06001_06001.nc,NC_H09_20240722_0930_R21_FLDK.06001_06001.nc,5746057,2024-07-22T09:30:00+00:00,H09,06001_06001,True,True,TIME_MISMATCH,TIME_MISMATCH,start_time_minus_nominal_seconds=40.282869;end_time_minus_nominal_seconds=577.975455,1.0,True,2024-07-22T09:30:40.282869Z,2024-07-22T09:39:37.975455Z,2024-07-22T09:48:41Z,501,501,20.0,30.0,97.0,107.0,descending,ascending,0.020000457763671875,0.01999664306640625,e930fc8377b0d158b4b22834869896bcc5047b44e38b4c34f63b0b1103e4c255,1.0,1.0,1.0,1.0,1.0,1.0,1.0,False,40.282869,577.975455,0.05358839999826159
202407\22\NC_H09_20240722_0940_R21_FLDK.06001_06001.nc,NC_H09_20240722_0940_R21_FLDK.06001_06001.nc,5726951,2024-07-22T09:40:00+00:00,H09,06001_06001,True,True,TIME_MISMATCH,TIME_MISMATCH,start_time_minus_nominal_seconds=40.298133;end_time_minus_nominal_seconds=577.966098,1.0,True,2024-07-22T09:40:40.298133Z,2024-07-22T09:49:37.966098Z,2024-07-22T09:56:43Z,501,501,20.0,30.0,97.0,107.0,descending,ascending,0.020000457763671875,0.01999664306640625,e930fc8377b0d158b4b22834869896bcc5047b44e38b4c34f63b0b1103e4c255,1.0,1.0,1.0,1.0,1.0,1.0,1.0,False,40.298133,577.966098,0.05726619999768445
202407\22\NC_H09_20240722_0950_R21_FLDK.06001_06001.nc,NC_H09_20240722_0950_R21_FLDK.06001_06001.nc,5708985,2024-07-22T09:50:00+00:00,H09,06001_06001,True,True,TIME_MISMATCH,TIME_MISMATCH,start_time_minus_nominal_seconds=40.288777;end_time_minus_nominal_seconds=577.956366,1.0,True,2024-07-22T09:50:40.288777Z,2024-07-22T09:59:37.956366Z,2024-07-22T10:08:36Z,501,501,20.0,30.0,97.0,107.0,descending,ascending,0.020000457763671875,0.01999664306640625,e930fc8377b0d158b4b22834869896bcc5047b44e38b4c34f63b0b1103e4c255,1.0,1.0,1.0,1.0,1.0,1.0,1.0,False,40.288777,577.956366,0.055615899997064844
202407\22\NC_H09_20240722_1000_R21_FLDK.06001_06001.nc,NC_H09_20240722_1000_R21_FLDK.06001_06001.nc,5688791,2024-07-22T10:00:00+00:00,H09,06001_06001,True,True,TIME_MISMATCH,TIME_MISMATCH,start_time_minus_nominal_seconds=39.950473;end_time_minus_nominal_seconds=577.947017,1.0,True,2024-07-22T10:00:39.950473Z,2024-07-22T10:09:37.947017Z,2024-07-22T10:17:41Z,501,501,20.0,30.0,97.0,107.0,descending,ascending,0.020000457763671875,0.01999664306640625,e930fc8377b0d158b4b22834869896bcc5047b44e38b4c34f63b0b1103e4c255,1.0,1.0,1.0,1.0,1.0,1.0,1.0,False,39.950473,577.947017,0.05522480000217911
202407\22\NC_H09_20240722_1010_R21_FLDK.06001_06001.nc,NC_H09_20240722_1010_R21_FLDK.06001_06001.nc,5664939,2024-07-22T10:10:00+00:00,H09,06001_06001,True,True,TIME_MISMATCH,TIME_MISMATCH,start_time_minus_nominal_seconds=39.927541;end_time_minus_nominal_seconds=577.942163,1.0,True,2024-07-22T10:10:39.927541Z,2024-07-22T10:19:37.942163Z,2024-07-22T10:29:38Z,501,501,20.0,30.0,97.0,107.0,descending,ascending,0.020000457763671875,0.01999664306640625,e930fc8377b0d158b4b22834869896bcc5047b44e38b4c34f63b0b1103e4c255,1.0,1.0,1.0,1.0,1.0,1.0,1.0,False,39.927541,577.942163,0.053242399997543544
202407\22\NC_H09_20240722_1020_R21_FLDK.06001_06001.nc,NC_H09_20240722_1020_R21_FLDK.06001_06001.nc,5644894,2024-07-22T10:20:00+00:00,H09,06001_06001,True,True,TIME_MISMATCH,TIME_MISMATCH,start_time_minus_nominal_seconds=40.258450;end_time_minus_nominal_seconds=577.926429,1.0,True,2024-07-22T10:20:40.258450Z,2024-07-22T10:29:37.926429Z,2024-07-22T10:38:41Z,501,501,20.0,30.0,97.0,107.0,descending,ascending,0.020000457763671875,0.01999664306640625,e930fc8377b0d158b4b22834869896bcc5047b44e38b4c34f63b0b1103e4c255,1.0,1.0,1.0,1.0,1.0,1.0,1.0,False,40.25845,577.926429,0.05970250000245869
202407\22\NC_H09_20240722_1640_R21_FLDK.06001_06001.nc,NC_H09_20240722_1640_R21_FLDK.06001_06001.nc,3408131,2024-07-22T16:40:00+00:00,H09,06001_06001,True,True,TIME_MISMATCH,TIME_MISMATCH,start_time_minus_nominal_seconds=40.573022;end_time_minus_nominal_seconds=578.512225,1.0,True,2024-07-22T16:40:40.573022Z,2024-07-22T16:49:38.512225Z,2024-07-22T16:58:42Z,501,501,20.0,30.0,97.0,107.0,descending,ascending,0.020000457763671875,0.01999664306640625,e930fc8377b0d158b4b22834869896bcc5047b44e38b4c34f63b0b1103e4c255,1.0,1.0,1.0,1.0,1.0,1.0,1.0,False,40.573022,578.512225,0.04584700000123121
202407\22\NC_H09_20240722_1650_R21_FLDK.06001_06001.nc,NC_H09_20240722_1650_R21_FLDK.06001_06001.nc,3399912,2024-07-22T16:50:00+00:00,H09,06001_06001,True,True,TIME_MISMATCH,TIME_MISMATCH,start_time_minus_nominal_seconds=40.916122;end_time_minus_nominal_seconds=578.541568,1.0,True,2024-07-22T16:50:40.916122Z,2024-07-22T16:59:38.541568Z,2024-07-22T17:07:42Z,501,501,20.0,30.0,97.0,107.0,descending,ascending,0.020000457763671875,0.01999664306640625,e930fc8377b0d158b4b22834869896bcc5047b44e38b4c34f63b0b1103e4c255,1.0,1.0,1.0,1.0,1.0,1.0,1.0,False,40.916122,578.541568,0.047768800002813805
202407\22\NC_H09_20240722_1700_R21_FLDK.06001_06001.nc,NC_H09_20240722_1700_R21_FLDK.06001_06001.nc,3396608,2024-07-22T17:00:00+00:00,H09,06001_06001,True,True,TIME_MISMATCH,TIME_MISMATCH,start_time_minus_nominal_seconds=40.880045;end_time_minus_nominal_seconds=578.531886,1.0,True,2024-07-22T17:00:40.880045Z,2024-07-22T17:09:38.531886Z,2024-07-22T17:16:48Z,501,501,20.0,30.0,97.0,107.0,descending,ascending,0.020000457763671875,0.01999664306640625,e930fc8377b0d158b4b22834869896bcc5047b44e38b4c34f63b0b1103e4c255,1.0,1.0,1.0,1.0,1.0,1.0,1.0,False,40.880045,578.531886,0.046956199999840464
202407\22\NC_H09_20240722_1710_R21_FLDK.06001_06001.nc,NC_H09_20240722_1710_R21_FLDK.06001_06001.nc,3406069,2024-07-22T17:10:00+00:00,H09,06001_06001,True,True,TIME_MISMATCH,TIME_MISMATCH,start_time_minus_nominal_seconds=40.870265;end_time_minus_nominal_seconds=578.520641,1.0,True,2024-07-22T17:10:40.870265Z,2024-07-22T17:19:38.520641Z,2024-07-22T17:28:36Z,501,501,20.0,30.0,97.0,107.0,descending,ascending,0.020000457763671875,0.01999664306640625,e930fc8377b0d158b4b22834869896bcc5047b44e38b4c34f63b0b1103e4c255,1.0,1.0,1.0,1.0,1.0,1.0,1.0,False,40.870265,578.520641,0.049165099997480866
202407\22\NC_H09_20240722_1720_R21_FLDK.06001_06001.nc,NC_H09_20240722_1720_R21_FLDK.06001_06001.nc,3399061,2024-07-22T17:20:00+00:00,H09,06001_06001,True,True,TIME_MISMATCH,TIME_MISMATCH,start_time_minus_nominal_seconds=40.533449;end_time_minus_nominal_seconds=578.472658,1.0,True,2024-07-22T17:20:40.533449Z,2024-07-22T17:29:38.472658Z,2024-07-22T17:38:44Z,501,501,20.0,30.0,97.0,107.0,descending,ascending,0.020000457763671875,0.01999664306640625,e930fc8377b0d158b4b22834869896bcc5047b44e38b4c34f63b0b1103e4c255,1.0,1.0,1.0,1.0,1.0,1.0,1.0,False,40.533449,578.472658,0.0462684999947669
202407\22\NC_H09_20240722_1730_R21_FLDK.06001_06001.nc,NC_H09_20240722_1730_R21_FLDK.06001_06001.nc,3406872,2024-07-22T17:30:00+00:00,H09,06001_06001,True,True,TIME_MISMATCH,TIME_MISMATCH,start_time_minus_nominal_seconds=40.579533;end_time_minus_nominal_seconds=578.501997,1.0,True,2024-07-22T17:30:40.579533Z,2024-07-22T17:39:38.501997Z,2024-07-22T17:48:43Z,501,501,20.0,30.0,97.0,107.0,descending,ascending,0.020000457763671875,0.01999664306640625,e930fc8377b0d158b4b22834869896bcc5047b44e38b4c34f63b0b1103e4c255,1.0,1.0,1.0,1.0,1.0,1.0,1.0,False,40.579533,578.501997,0.048548200000368524
202407\23\NC_H09_20240723_0140_R21_FLDK.06001_06001.nc,NC_H09_20240723_0140_R21_FLDK.06001_06001.nc,5416671,2024-07-23T01:40:00+00:00,H09,06001_06001,True,True,TIME_MISMATCH,TIME_MISMATCH,start_time_minus_nominal_seconds=40.166866;end_time_minus_nominal_seconds=577.939409,1.0,True,2024-07-23T01:40:40.166866Z,2024-07-23T01:49:37.939409Z,2024-07-23T02:00:47Z,501,501,20.0,30.0,97.0,107.0,descending,ascending,0.020000457763671875,0.01999664306640625,e930fc8377b0d158b4b22834869896bcc5047b44e38b4c34f63b0b1103e4c255,1.0,1.0,1.0,1.0,1.0,1.0,1.0,False,40.166866,577.939409,0.05194370000390336
202407\23\NC_H09_20240723_0150_R21_FLDK.06001_06001.nc,NC_H09_20240723_0150_R21_FLDK.06001_06001.nc,5435000,2024-07-23T01:50:00+00:00,H09,06001_06001,True,True,TIME_MISMATCH,TIME_MISMATCH,start_time_minus_nominal_seconds=40.157523;end_time_minus_nominal_seconds=577.930062,1.0,True,2024-07-23T01:50:40.157523Z,2024-07-23T01:59:37.930062Z,2024-07-23T02:08:51Z,501,501,20.0,30.0,97.0,107.0,descending,ascending,0.020000457763671875,0.01999664306640625,e930fc8377b0d158b4b22834869896bcc5047b44e38b4c34f63b0b1103e4c255,1.0,1.0,1.0,1.0,1.0,1.0,1.0,False,40.157523,577.930062,0.05078640000283485
202407\23\NC_H09_20240723_0200_R21_FLDK.06001_06001.nc,NC_H09_20240723_0200_R21_FLDK.06001_06001.nc,5445124,2024-07-23T02:00:00+00:00,H09,06001_06001,True,True,TIME_MISMATCH,TIME_MISMATCH,start_time_minus_nominal_seconds=40.124090;end_time_minus_nominal_seconds=577.920355,1.0,True,2024-07-23T02:00:40.124090Z,2024-07-23T02:09:37.920355Z,2024-07-23T02:17:53Z,501,501,20.0,30.0,97.0,107.0,descending,ascending,0.020000457763671875,0.01999664306640625,e930fc8377b0d158b4b22834869896bcc5047b44e38b4c34f63b0b1103e4c255,1.0,1.0,1.0,1.0,1.0,1.0,1.0,False,40.12409,577.920355,0.05122929999924963
202407\23\NC_H09_20240723_0210_R21_FLDK.06001_06001.nc,NC_H09_20240723_0210_R21_FLDK.06001_06001.nc,5463993,2024-07-23T02:10:00+00:00,H09,06001_06001,True,True,TIME_MISMATCH,TIME_MISMATCH,start_time_minus_nominal_seconds=39.805966;end_time_minus_nominal_seconds=577.909098,1.0,True,2024-07-23T02:10:39.805966Z,2024-07-23T02:19:37.909098Z,2024-07-23T02:29:21Z,501,501,20.0,30.0,97.0,107.0,descending,ascending,0.020000457763671875,0.01999664306640625,e930fc8377b0d158b4b22834869896bcc5047b44e38b4c34f63b0b1103e4c255,1.0,1.0,1.0,1.0,1.0,1.0,1.0,False,39.805966,577.909098,0.051451100000122096
202407\23\NC_H09_20240723_0220_R21_FLDK.06001_06001.nc,NC_H09_20240723_0220_R21_FLDK.06001_06001.nc,5474685,2024-07-23T02:20:00+00:00,H09,06001_06001,True,True,TIME_MISMATCH,TIME_MISMATCH,start_time_minus_nominal_seconds=40.103124;end_time_minus_nominal_seconds=577.899732,1.0,True,2024-07-23T02:20:40.103124Z,2024-07-23T02:29:37.899732Z,2024-07-23T02:36:49Z,501,501,20.0,30.0,97.0,107.0,descending,ascending,0.020000457763671875,0.01999664306640625,e930fc8377b0d158b4b22834869896bcc5047b44e38b4c34f63b0b1103e4c255,1.0,1.0,1.0,1.0,1.0,1.0,1.0,False,40.103124,577.899732,0.05238670000107959
202407\23\NC_H09_20240723_0230_R21_FLDK.06001_06001.nc,NC_H09_20240723_0230_R21_FLDK.06001_06001.nc,5490215,2024-07-23T02:30:00+00:00,H09,06001_06001,True,True,TIME_MISMATCH,TIME_MISMATCH,start_time_minus_nominal_seconds=40.117843;end_time_minus_nominal_seconds=577.890360,1.0,True,2024-07-23T02:30:40.117843Z,2024-07-23T02:39:37.890360Z,2024-07-23T02:48:47Z,501,501,20.0,30.0,97.0,107.0,descending,ascending,0.020000457763671875,0.01999664306640625,e930fc8377b0d158b4b22834869896bcc5047b44e38b4c34f63b0b1103e4c255,1.0,1.0,1.0,1.0,1.0,1.0,1.0,False,40.117843,577.89036,0.05090889999701176
202407\23\NC_H09_20240723_1630_R21_FLDK.06001_06001.nc,NC_H09_20240723_1630_R21_FLDK.06001_06001.nc,3510837,2024-07-23T16:30:00+00:00,H09,06001_06001,True,True,TIME_MISMATCH,TIME_MISMATCH,start_time_minus_nominal_seconds=41.785034;end_time_minus_nominal_seconds=579.424235,1.0,True,2024-07-23T16:30:41.785034Z,2024-07-23T16:39:39.424235Z,2024-07-23T16:48:35Z,501,501,20.0,30.0,97.0,107.0,descending,ascending,0.020000457763671875,0.01999664306640625,e930fc8377b0d158b4b22834869896bcc5047b44e38b4c34f63b0b1103e4c255,1.0,1.0,1.0,1.0,1.0,1.0,1.0,False,41.785034,579.424235,0.04968360000202665
202407\23\NC_H09_20240723_1640_R21_FLDK.06001_06001.nc,NC_H09_20240723_1640_R21_FLDK.06001_06001.nc,3490397,2024-07-23T16:40:00+00:00,H09,06001_06001,True,True,TIME_MISMATCH,TIME_MISMATCH,start_time_minus_nominal_seconds=41.735478;end_time_minus_nominal_seconds=579.414547,1.0,True,2024-07-23T16:40:41.735478Z,2024-07-23T16:49:39.414547Z,2024-07-23T16:59:37Z,501,501,20.0,30.0,97.0,107.0,descending,ascending,0.020000457763671875,0.01999664306640625,e930fc8377b0d158b4b22834869896bcc5047b44e38b4c34f63b0b1103e4c255,1.0,1.0,1.0,1.0,1.0,1.0,1.0,False,41.735478,579.414547,0.0461834000016097
202407\23\NC_H09_20240723_1650_R21_FLDK.06001_06001.nc,NC_H09_20240723_1650_R21_FLDK.06001_06001.nc,3484960,2024-07-23T16:50:00+00:00,H09,06001_06001,True,True,TIME_MISMATCH,TIME_MISMATCH,start_time_minus_nominal_seconds=41.726148;end_time_minus_nominal_seconds=579.405226,1.0,True,2024-07-23T16:50:41.726148Z,2024-07-23T16:59:39.405226Z,2024-07-23T17:08:41Z,501,501,20.0,30.0,97.0,107.0,descending,ascending,0.020000457763671875,0.01999664306640625,e930fc8377b0d158b4b22834869896bcc5047b44e38b4c34f63b0b1103e4c255,1.0,1.0,1.0,1.0,1.0,1.0,1.0,False,41.726148,579.405226,0.046429199996055104
202407\23\NC_H09_20240723_1700_R21_FLDK.06001_06001.nc,NC_H09_20240723_1700_R21_FLDK.06001_06001.nc,3474900,2024-07-23T17:00:00+00:00,H09,06001_06001,True,True,TIME_MISMATCH,TIME_MISMATCH,start_time_minus_nominal_seconds=41.793440;end_time_minus_nominal_seconds=579.393975,1.0,True,2024-07-23T17:00:41.793440Z,2024-07-23T17:09:39.393975Z,2024-07-23T17:16:45Z,501,501,20.0,30.0,97.0,107.0,descending,ascending,0.020000457763671875,0.01999664306640625,e930fc8377b0d158b4b22834869896bcc5047b44e38b4c34f63b0b1103e4c255,1.0,1.0,1.0,1.0,1.0,1.0,1.0,False,41.79344,579.393975,0.046140300000843126
202407\23\NC_H09_20240723_1710_R21_FLDK.06001_06001.nc,NC_H09_20240723_1710_R21_FLDK.06001_06001.nc,3464018,2024-07-23T17:10:00+00:00,H09,06001_06001,True,True,TIME_MISMATCH,TIME_MISMATCH,start_time_minus_nominal_seconds=41.784110;end_time_minus_nominal_seconds=579.384642,1.0,True,2024-07-23T17:10:41.784110Z,2024-07-23T17:19:39.384642Z,2024-07-23T17:29:34Z,501,501,20.0,30.0,97.0,107.0,descending,ascending,0.020000457763671875,0.01999664306640625,e930fc8377b0d158b4b22834869896bcc5047b44e38b4c34f63b0b1103e4c255,1.0,1.0,1.0,1.0,1.0,1.0,1.0,False,41.78411,579.384642,0.046163199993316084
202407\23\NC_H09_20240723_1720_R21_FLDK.06001_06001.nc,NC_H09_20240723_1720_R21_FLDK.06001_06001.nc,3459419,2024-07-23T17:20:00+00:00,H09,06001_06001,True,True,TIME_MISMATCH,TIME_MISMATCH,start_time_minus_nominal_seconds=41.436116;end_time_minus_nominal_seconds=579.374961,1.0,True,2024-07-23T17:20:41.436116Z,2024-07-23T17:29:39.374961Z,2024-07-23T17:38:43Z,501,501,20.0,30.0,97.0,107.0,descending,ascending,0.020000457763671875,0.01999664306640625,e930fc8377b0d158b4b22834869896bcc5047b44e38b4c34f63b0b1103e4c255,1.0,1.0,1.0,1.0,1.0,1.0,1.0,False,41.436116,579.374961,0.047790500000701286
202407\24\NC_H09_20240724_1030_R21_FLDK.06001_06001.nc,NC_H09_20240724_1030_R21_FLDK.06001_06001.nc,5677319,2024-07-24T10:30:00+00:00,H09,06001_06001,True,True,TIME_MISMATCH,TIME_MISMATCH,start_time_minus_nominal_seconds=41.071937;end_time_minus_nominal_seconds=578.746323,1.0,True,2024-07-24T10:30:41.071937Z,2024-07-24T10:39:38.746323Z,2024-07-24T10:49:40Z,501,501,20.0,30.0,97.0,107.0,descending,ascending,0.020000457763671875,0.01999664306640625,e930fc8377b0d158b4b22834869896bcc5047b44e38b4c34f63b0b1103e4c255,1.0,1.0,1.0,1.0,1.0,1.0,1.0,False,41.071937,578.746323,0.05327670000406215
202407\24\NC_H09_20240724_1040_R21_FLDK.06001_06001.nc,NC_H09_20240724_1040_R21_FLDK.06001_06001.nc,5649703,2024-07-24T10:40:00+00:00,H09,06001_06001,True,True,TIME_MISMATCH,TIME_MISMATCH,start_time_minus_nominal_seconds=41.037996;end_time_minus_nominal_seconds=578.730609,1.0,True,2024-07-24T10:40:41.037996Z,2024-07-24T10:49:38.730609Z,2024-07-24T10:58:44Z,501,501,20.0,30.0,97.0,107.0,descending,ascending,0.020000457763671875,0.01999664306640625,e930fc8377b0d158b4b22834869896bcc5047b44e38b4c34f63b0b1103e4c255,1.0,1.0,1.0,1.0,1.0,1.0,1.0,False,41.037996,578.730609,0.05593560000124853
202407\24\NC_H09_20240724_1050_R21_FLDK.06001_06001.nc,NC_H09_20240724_1050_R21_FLDK.06001_06001.nc,5615146,2024-07-24T10:50:00+00:00,H09,06001_06001,True,True,TIME_MISMATCH,TIME_MISMATCH,start_time_minus_nominal_seconds=40.987391;end_time_minus_nominal_seconds=578.721285,1.0,True,2024-07-24T10:50:40.987391Z,2024-07-24T10:59:38.721285Z,2024-07-24T11:09:41Z,501,501,20.0,30.0,97.0,107.0,descending,ascending,0.020000457763671875,0.01999664306640625,e930fc8377b0d158b4b22834869896bcc5047b44e38b4c34f63b0b1103e4c255,1.0,1.0,1.0,1.0,1.0,1.0,1.0,False,40.987391,578.721285,0.053785900003276765
202407\24\NC_H09_20240724_1100_R21_FLDK.06001_06001.nc,NC_H09_20240724_1100_R21_FLDK.06001_06001.nc,5577352,2024-07-24T11:00:00+00:00,H09,06001_06001,True,True,TIME_MISMATCH,TIME_MISMATCH,start_time_minus_nominal_seconds=40.703717;end_time_minus_nominal_seconds=578.711580,1.0,True,2024-07-24T11:00:40.703717Z,2024-07-24T11:09:38.711580Z,2024-07-24T11:18:44Z,501,501,20.0,30.0,97.0,107.0,descending,ascending,0.020000457763671875,0.01999664306640625,e930fc8377b0d158b4b22834869896bcc5047b44e38b4c34f63b0b1103e4c255,1.0,1.0,1.0,1.0,1.0,1.0,1.0,False,40.703717,578.71158,0.05709080000087852
202407\24\NC_H09_20240724_1110_R21_FLDK.06001_06001.nc,NC_H09_20240724_1110_R21_FLDK.06001_06001.nc,5525662,2024-07-24T11:10:00+00:00,H09,06001_06001,True,True,TIME_MISMATCH,TIME_MISMATCH,start_time_minus_nominal_seconds=41.021856;end_time_minus_nominal_seconds=578.700365,1.0,True,2024-07-24T11:10:41.021856Z,2024-07-24T11:19:38.700365Z,2024-07-24T11:29:42Z,501,501,20.0,30.0,97.0,107.0,descending,ascending,0.020000457763671875,0.01999664306640625,e930fc8377b0d158b4b22834869896bcc5047b44e38b4c34f63b0b1103e4c255,1.0,1.0,1.0,1.0,1.0,1.0,1.0,False,41.021856,578.700365,0.05497779999859631
202407\24\NC_H09_20240724_1120_R21_FLDK.06001_06001.nc,NC_H09_20240724_1120_R21_FLDK.06001_06001.nc,5438889,2024-07-24T11:20:00+00:00,H09,06001_06001,True,True,TIME_MISMATCH,TIME_MISMATCH,start_time_minus_nominal_seconds=40.738568;end_time_minus_nominal_seconds=578.691060,1.0,True,2024-07-24T11:20:40.738568Z,2024-07-24T11:29:38.691060Z,2024-07-24T11:37:45Z,501,501,20.0,30.0,97.0,107.0,descending,ascending,0.020000457763671875,0.01999664306640625,e930fc8377b0d158b4b22834869896bcc5047b44e38b4c34f63b0b1103e4c255,1.0,1.0,1.0,1.0,1.0,1.0,1.0,False,40.738568,578.69106,0.054630599996016826
202407\24\NC_H09_20240724_1200_R21_FLDK.06001_06001.nc,NC_H09_20240724_1200_R21_FLDK.06001_06001.nc,4462172,2024-07-24T12:00:00+00:00,H09,06001_06001,True,True,TIME_MISMATCH,TIME_MISMATCH,start_time_minus_nominal_seconds=40.710577;end_time_minus_nominal_seconds=578.690270,1.0,True,2024-07-24T12:00:40.710577Z,2024-07-24T12:09:38.690270Z,2024-07-24T12:17:44Z,501,501,20.0,30.0,97.0,107.0,descending,ascending,0.020000457763671875,0.01999664306640625,e930fc8377b0d158b4b22834869896bcc5047b44e38b4c34f63b0b1103e4c255,1.0,1.0,1.0,1.0,1.0,1.0,1.0,False,40.710577,578.69027,0.051456999994115904
202407\24\NC_H09_20240724_1210_R21_FLDK.06001_06001.nc,NC_H09_20240724_1210_R21_FLDK.06001_06001.nc,4097549,2024-07-24T12:10:00+00:00,H09,06001_06001,True,True,TIME_MISMATCH,TIME_MISMATCH,start_time_minus_nominal_seconds=40.689809;end_time_minus_nominal_seconds=578.680981,1.0,True,2024-07-24T12:10:40.689809Z,2024-07-24T12:19:38.680981Z,2024-07-24T12:30:36Z,501,501,20.0,30.0,97.0,107.0,descending,ascending,0.020000457763671875,0.01999664306640625,e930fc8377b0d158b4b22834869896bcc5047b44e38b4c34f63b0b1103e4c255,1.0,1.0,1.0,1.0,1.0,1.0,1.0,False,40.689809,578.680981,0.04815680000319844
202407\24\NC_H09_20240724_1220_R21_FLDK.06001_06001.nc,NC_H09_20240724_1220_R21_FLDK.06001_06001.nc,3856760,2024-07-24T12:20:00+00:00,H09,06001_06001,True,True,TIME_MISMATCH,TIME_MISMATCH,start_time_minus_nominal_seconds=40.759270;end_time_minus_nominal_seconds=578.671319,1.0,True,2024-07-24T12:20:40.759270Z,2024-07-24T12:29:38.671319Z,2024-07-24T12:37:42Z,501,501,20.0,30.0,97.0,107.0,descending,ascending,0.020000457763671875,0.01999664306640625,e930fc8377b0d158b4b22834869896bcc5047b44e38b4c34f63b0b1103e4c255,1.0,1.0,1.0,1.0,1.0,1.0,1.0,False,40.75927,578.671319,0.049123999997391365
202407\24\NC_H09_20240724_1230_R21_FLDK.06001_06001.nc,NC_H09_20240724_1230_R21_FLDK.06001_06001.nc,3701144,2024-07-24T12:30:00+00:00,H09,06001_06001,True,True,TIME_MISMATCH,TIME_MISMATCH,start_time_minus_nominal_seconds=41.008546;end_time_minus_nominal_seconds=578.658208,1.0,True,2024-07-24T12:30:41.008546Z,2024-07-24T12:39:38.658208Z,2024-07-24T12:49:37Z,501,501,20.0,30.0,97.0,107.0,descending,ascending,0.020000457763671875,0.01999664306640625,e930fc8377b0d158b4b22834869896bcc5047b44e38b4c34f63b0b1103e4c255,1.0,1.0,1.0,1.0,1.0,1.0,1.0,False,41.008546,578.658208,0.04836309999518562
202407\24\NC_H09_20240724_1240_R21_FLDK.06001_06001.nc,NC_H09_20240724_1240_R21_FLDK.06001_06001.nc,3663719,2024-07-24T12:40:00+00:00,H09,06001_06001,True,True,TIME_MISMATCH,TIME_MISMATCH,start_time_minus_nominal_seconds=41.035585;end_time_minus_nominal_seconds=578.650831,1.0,True,2024-07-24T12:40:41.035585Z,2024-07-24T12:49:38.650831Z,2024-07-24T12:57:42Z,501,501,20.0,30.0,97.0,107.0,descending,ascending,0.020000457763671875,0.01999664306640625,e930fc8377b0d158b4b22834869896bcc5047b44e38b4c34f63b0b1103e4c255,1.0,1.0,1.0,1.0,1.0,1.0,1.0,False,41.035585,578.650831,0.05026750000251923
202407\24\NC_H09_20240724_1250_R21_FLDK.06001_06001.nc,NC_H09_20240724_1250_R21_FLDK.06001_06001.nc,3650601,2024-07-24T12:50:00+00:00,H09,06001_06001,True,True,TIME_MISMATCH,TIME_MISMATCH,start_time_minus_nominal_seconds=41.000746;end_time_minus_nominal_seconds=578.647770,1.0,True,2024-07-24T12:50:41.000746Z,2024-07-24T12:59:38.647770Z,2024-07-24T13:06:42Z,501,501,20.0,30.0,97.0,107.0,descending,ascending,0.020000457763671875,0.01999664306640625,e930fc8377b0d158b4b22834869896bcc5047b44e38b4c34f63b0b1103e4c255,1.0,1.0,1.0,1.0,1.0,1.0,1.0,False,41.000746,578.64777,0.04762660000415053
202407\24\NC_H09_20240724_1830_R21_FLDK.06001_06001.nc,NC_H09_20240724_1830_R21_FLDK.06001_06001.nc,3631240,2024-07-24T18:30:00+00:00,H09,06001_06001,True,True,TIME_MISMATCH,TIME_MISMATCH,start_time_minus_nominal_seconds=41.579309;end_time_minus_nominal_seconds=579.218132,1.0,True,2024-07-24T18:30:41.579309Z,2024-07-24T18:39:39.218132Z,2024-07-24T18:48:38Z,501,501,20.0,30.0,97.0,107.0,descending,ascending,0.020000457763671875,0.01999664306640625,e930fc8377b0d158b4b22834869896bcc5047b44e38b4c34f63b0b1103e4c255,1.0,1.0,1.0,1.0,1.0,1.0,1.0,False,41.579309,579.218132,0.048610899997584056
202407\24\NC_H09_20240724_1840_R21_FLDK.06001_06001.nc,NC_H09_20240724_1840_R21_FLDK.06001_06001.nc,3629251,2024-07-24T18:40:00+00:00,H09,06001_06001,True,True,TIME_MISMATCH,TIME_MISMATCH,start_time_minus_nominal_seconds=41.580470;end_time_minus_nominal_seconds=579.206872,1.0,True,2024-07-24T18:40:41.580470Z,2024-07-24T18:49:39.206872Z,2024-07-24T18:58:43Z,501,501,20.0,30.0,97.0,107.0,descending,ascending,0.020000457763671875,0.01999664306640625,e930fc8377b0d158b4b22834869896bcc5047b44e38b4c34f63b0b1103e4c255,1.0,1.0,1.0,1.0,1.0,1.0,1.0,False,41.58047,579.206872,0.04578430000401568
202407\24\NC_H09_20240724_1850_R21_FLDK.06001_06001.nc,NC_H09_20240724_1850_R21_FLDK.06001_06001.nc,3615470,2024-07-24T18:50:00+00:00,H09,06001_06001,True,True,TIME_MISMATCH,TIME_MISMATCH,start_time_minus_nominal_seconds=41.571127;end_time_minus_nominal_seconds=579.197540,1.0,True,2024-07-24T18:50:41.571127Z,2024-07-24T18:59:39.197540Z,2024-07-24T19:08:43Z,501,501,20.0,30.0,97.0,107.0,descending,ascending,0.020000457763671875,0.01999664306640625,e930fc8377b0d158b4b22834869896bcc5047b44e38b4c34f63b0b1103e4c255,1.0,1.0,1.0,1.0,1.0,1.0,1.0,False,41.571127,579.19754,0.048018200002843514
202407\24\NC_H09_20240724_1900_R21_FLDK.06001_06001.nc,NC_H09_20240724_1900_R21_FLDK.06001_06001.nc,3602136,2024-07-24T19:00:00+00:00,H09,06001_06001,True,True,TIME_MISMATCH,TIME_MISMATCH,start_time_minus_nominal_seconds=41.237156;end_time_minus_nominal_seconds=579.188207,1.0,True,2024-07-24T19:00:41.237156Z,2024-07-24T19:09:39.188207Z,2024-07-24T19:18:43Z,501,501,20.0,30.0,97.0,107.0,descending,ascending,0.020000457763671875,0.01999664306640625,e930fc8377b0d158b4b22834869896bcc5047b44e38b4c34f63b0b1103e4c255,1.0,1.0,1.0,1.0,1.0,1.0,1.0,False,41.237156,579.188207,0.04686019999644486
202407\24\NC_H09_20240724_1910_R21_FLDK.06001_06001.nc,NC_H09_20240724_1910_R21_FLDK.06001_06001.nc,3595231,2024-07-24T19:10:00+00:00,H09,06001_06001,True,True,TIME_MISMATCH,TIME_MISMATCH,start_time_minus_nominal_seconds=41.539680;end_time_minus_nominal_seconds=579.178506,1.0,True,2024-07-24T19:10:41.539680Z,2024-07-24T19:19:39.178506Z,2024-07-24T19:28:42Z,501,501,20.0,30.0,97.0,107.0,descending,ascending,0.020000457763671875,0.01999664306640625,e930fc8377b0d158b4b22834869896bcc5047b44e38b4c34f63b0b1103e4c255,1.0,1.0,1.0,1.0,1.0,1.0,1.0,False,41.53968,579.178506,0.04832419999729609
202407\24\NC_H09_20240724_1920_R21_FLDK.06001_06001.nc,NC_H09_20240724_1920_R21_FLDK.06001_06001.nc,3584382,2024-07-24T19:20:00+00:00,H09,06001_06001,True,True,TIME_MISMATCH,TIME_MISMATCH,start_time_minus_nominal_seconds=41.528059;end_time_minus_nominal_seconds=579.167243,1.0,True,2024-07-24T19:20:41.528059Z,2024-07-24T19:29:39.167243Z,2024-07-24T19:39:43Z,501,501,20.0,30.0,97.0,107.0,descending,ascending,0.020000457763671875,0.01999664306640625,e930fc8377b0d158b4b22834869896bcc5047b44e38b4c34f63b0b1103e4c255,1.0,1.0,1.0,1.0,1.0,1.0,1.0,False,41.528059,579.167243,0.046525400000973605
202407\25\NC_H09_20240725_0330_R21_FLDK.06001_06001.nc,NC_H09_20240725_0330_R21_FLDK.06001_06001.nc,5736532,2024-07-25T03:30:00+00:00,H09,06001_06001,True,True,TIME_MISMATCH,TIME_MISMATCH,start_time_minus_nominal_seconds=41.318646;end_time_minus_nominal_seconds=579.078615,1.0,True,2024-07-25T03:30:41.318646Z,2024-07-25T03:39:39.078615Z,2024-07-25T03:50:40Z,501,501,20.0,30.0,97.0,107.0,descending,ascending,0.020000457763671875,0.01999664306640625,e930fc8377b0d158b4b22834869896bcc5047b44e38b4c34f63b0b1103e4c255,1.0,1.0,1.0,1.0,1.0,1.0,1.0,False,41.318646,579.078615,0.05406840000068769
202407\25\NC_H09_20240725_0340_R21_FLDK.06001_06001.nc,NC_H09_20240725_0340_R21_FLDK.06001_06001.nc,5752490,2024-07-25T03:40:00+00:00,H09,06001_06001,True,True,TIME_MISMATCH,TIME_MISMATCH,start_time_minus_nominal_seconds=40.977621;end_time_minus_nominal_seconds=579.069247,1.0,True,2024-07-25T03:40:40.977621Z,2024-07-25T03:49:39.069247Z,2024-07-25T03:59:48Z,501,501,20.0,30.0,97.0,107.0,descending,ascending,0.020000457763671875,0.01999664306640625,e930fc8377b0d158b4b22834869896bcc5047b44e38b4c34f63b0b1103e4c255,1.0,1.0,1.0,1.0,1.0,1.0,1.0,False,40.977621,579.069247,0.05552380000153789
202407\25\NC_H09_20240725_0350_R21_FLDK.06001_06001.nc,NC_H09_20240725_0350_R21_FLDK.06001_06001.nc,5769938,2024-07-25T03:50:00+00:00,H09,06001_06001,True,True,TIME_MISMATCH,TIME_MISMATCH,start_time_minus_nominal_seconds=41.285448;end_time_minus_nominal_seconds=579.057949,1.0,True,2024-07-25T03:50:41.285448Z,2024-07-25T03:59:39.057949Z,2024-07-25T04:06:52Z,501,501,20.0,30.0,97.0,107.0,descending,ascending,0.020000457763671875,0.01999664306640625,e930fc8377b0d158b4b22834869896bcc5047b44e38b4c34f63b0b1103e4c255,1.0,1.0,1.0,1.0,1.0,1.0,1.0,False,41.285448,579.057949,0.05518570000276668
202407\25\NC_H09_20240725_0400_R21_FLDK.06001_06001.nc,NC_H09_20240725_0400_R21_FLDK.06001_06001.nc,5785823,2024-07-25T04:00:00+00:00,H09,06001_06001,True,True,TIME_MISMATCH,TIME_MISMATCH,start_time_minus_nominal_seconds=41.276058;end_time_minus_nominal_seconds=579.048578,1.0,True,2024-07-25T04:00:41.276058Z,2024-07-25T04:09:39.048578Z,2024-07-25T04:18:47Z,501,501,20.0,30.0,97.0,107.0,descending,ascending,0.020000457763671875,0.01999664306640625,e930fc8377b0d158b4b22834869896bcc5047b44e38b4c34f63b0b1103e4c255,1.0,1.0,1.0,1.0,1.0,1.0,1.0,False,41.276058,579.048578,0.05730290000064997
202407\25\NC_H09_20240725_0410_R21_FLDK.06001_06001.nc,NC_H09_20240725_0410_R21_FLDK.06001_06001.nc,5805272,2024-07-25T04:10:00+00:00,H09,06001_06001,True,True,TIME_MISMATCH,TIME_MISMATCH,start_time_minus_nominal_seconds=40.936095;end_time_minus_nominal_seconds=579.006921,1.0,True,2024-07-25T04:10:40.936095Z,2024-07-25T04:19:39.006921Z,2024-07-25T04:27:49Z,501,501,20.0,30.0,97.0,107.0,descending,ascending,0.020000457763671875,0.01999664306640625,e930fc8377b0d158b4b22834869896bcc5047b44e38b4c34f63b0b1103e4c255,1.0,1.0,1.0,1.0,1.0,1.0,1.0,False,40.936095,579.006921,0.05594659999769647
202407\25\NC_H09_20240725_0420_R21_FLDK.06001_06001.nc,NC_H09_20240725_0420_R21_FLDK.06001_06001.nc,5823101,2024-07-25T04:20:00+00:00,H09,06001_06001,True,True,TIME_MISMATCH,TIME_MISMATCH,start_time_minus_nominal_seconds=41.094044;end_time_minus_nominal_seconds=579.029440,1.0,True,2024-07-25T04:20:41.094044Z,2024-07-25T04:29:39.029440Z,2024-07-25T04:35:55Z,501,501,20.0,30.0,97.0,107.0,descending,ascending,0.020000457763671875,0.01999664306640625,e930fc8377b0d158b4b22834869896bcc5047b44e38b4c34f63b0b1103e4c255,1.0,1.0,1.0,1.0,1.0,1.0,1.0,False,41.094044,579.02944,0.05665709999448154
202407\25\NC_H09_20240725_0440_R21_FLDK.06001_06001.nc,NC_H09_20240725_0440_R21_FLDK.06001_06001.nc,5862249,2024-07-25T04:40:00+00:00,H09,06001_06001,True,True,TIME_MISMATCH,TIME_MISMATCH,start_time_minus_nominal_seconds=41.236256;end_time_minus_nominal_seconds=579.008775,1.0,True,2024-07-25T04:40:41.236256Z,2024-07-25T04:49:39.008775Z,2024-07-25T04:57:47Z,501,501,20.0,30.0,97.0,107.0,descending,ascending,0.020000457763671875,0.01999664306640625,e930fc8377b0d158b4b22834869896bcc5047b44e38b4c34f63b0b1103e4c255,1.0,1.0,1.0,1.0,1.0,1.0,1.0,False,41.236256,579.008775,0.056135200000426266
202407\25\NC_H09_20240725_0450_R21_FLDK.06001_06001.nc,NC_H09_20240725_0450_R21_FLDK.06001_06001.nc,5889022,2024-07-25T04:50:00+00:00,H09,06001_06001,True,True,TIME_MISMATCH,TIME_MISMATCH,start_time_minus_nominal_seconds=41.256008;end_time_minus_nominal_seconds=578.999394,1.0,True,2024-07-25T04:50:41.256008Z,2024-07-25T04:59:38.999394Z,2024-07-25T05:09:46Z,501,501,20.0,30.0,97.0,107.0,descending,ascending,0.020000457763671875,0.01999664306640625,e930fc8377b0d158b4b22834869896bcc5047b44e38b4c34f63b0b1103e4c255,1.0,1.0,1.0,1.0,1.0,1.0,1.0,False,41.256008,578.999394,0.05736020000040298
202407\25\NC_H09_20240725_0500_R21_FLDK.06001_06001.nc,NC_H09_20240725_0500_R21_FLDK.06001_06001.nc,5902636,2024-07-25T05:00:00+00:00,H09,06001_06001,True,True,TIME_MISMATCH,TIME_MISMATCH,start_time_minus_nominal_seconds=41.193420;end_time_minus_nominal_seconds=578.989632,1.0,True,2024-07-25T05:00:41.193420Z,2024-07-25T05:09:38.989632Z,2024-07-25T05:17:45Z,501,501,20.0,30.0,97.0,107.0,descending,ascending,0.020000457763671875,0.01999664306640625,e930fc8377b0d158b4b22834869896bcc5047b44e38b4c34f63b0b1103e4c255,1.0,1.0,1.0,1.0,1.0,1.0,1.0,False,41.19342,578.989632,0.05711509999673581
202407\25\NC_H09_20240725_0510_R21_FLDK.06001_06001.nc,NC_H09_20240725_0510_R21_FLDK.06001_06001.nc,5904682,2024-07-25T05:10:00+00:00,H09,06001_06001,True,True,TIME_MISMATCH,TIME_MISMATCH,start_time_minus_nominal_seconds=41.207689;end_time_minus_nominal_seconds=578.946062,1.0,True,2024-07-25T05:10:41.207689Z,2024-07-25T05:19:38.946062Z,2024-07-25T05:26:42Z,501,501,20.0,30.0,97.0,107.0,descending,ascending,0.020000457763671875,0.01999664306640625,e930fc8377b0d158b4b22834869896bcc5047b44e38b4c34f63b0b1103e4c255,1.0,1.0,1.0,1.0,1.0,1.0,1.0,False,41.207689,578.946062,0.053026399997179396
202407\25\NC_H09_20240725_0520_R21_FLDK.06001_06001.nc,NC_H09_20240725_0520_R21_FLDK.06001_06001.nc,5907267,2024-07-25T05:20:00+00:00,H09,06001_06001,True,True,TIME_MISMATCH,TIME_MISMATCH,start_time_minus_nominal_seconds=41.172359;end_time_minus_nominal_seconds=578.936670,1.0,True,2024-07-25T05:20:41.172359Z,2024-07-25T05:29:38.936670Z,2024-07-25T05:39:40Z,501,501,20.0,30.0,97.0,107.0,descending,ascending,0.020000457763671875,0.01999664306640625,e930fc8377b0d158b4b22834869896bcc5047b44e38b4c34f63b0b1103e4c255,1.0,1.0,1.0,1.0,1.0,1.0,1.0,False,41.172359,578.93667,0.05478469999798108
202407\25\NC_H09_20240725_0530_R21_FLDK.06001_06001.nc,NC_H09_20240725_0530_R21_FLDK.06001_06001.nc,5911521,2024-07-25T05:30:00+00:00,H09,06001_06001,True,True,TIME_MISMATCH,TIME_MISMATCH,start_time_minus_nominal_seconds=41.187053;end_time_minus_nominal_seconds=578.927268,1.0,True,2024-07-25T05:30:41.187053Z,2024-07-25T05:39:38.927268Z,2024-07-25T05:48:43Z,501,501,20.0,30.0,97.0,107.0,descending,ascending,0.020000457763671875,0.01999664306640625,e930fc8377b0d158b4b22834869896bcc5047b44e38b4c34f63b0b1103e4c255,1.0,1.0,1.0,1.0,1.0,1.0,1.0,False,41.187053,578.927268,0.05193439999857219
202407\25\NC_H09_20240725_0540_R21_FLDK.06001_06001.nc,NC_H09_20240725_0540_R21_FLDK.06001_06001.nc,5903202,2024-07-25T05:40:00+00:00,H09,06001_06001,True,True,TIME_MISMATCH,TIME_MISMATCH,start_time_minus_nominal_seconds=41.177651;end_time_minus_nominal_seconds=578.917498,1.0,True,2024-07-25T05:40:41.177651Z,2024-07-25T05:49:38.917498Z,2024-07-25T05:59:46Z,501,501,20.0,30.0,97.0,107.0,descending,ascending,0.020000457763671875,0.01999664306640625,e930fc8377b0d158b4b22834869896bcc5047b44e38b4c34f63b0b1103e4c255,1.0,1.0,1.0,1.0,1.0,1.0,1.0,False,41.177651,578.917498,0.05514250000123866
202407\25\NC_H09_20240725_0550_R21_FLDK.06001_06001.nc,NC_H09_20240725_0550_R21_FLDK.06001_06001.nc,5880337,2024-07-25T05:50:00+00:00,H09,06001_06001,True,True,TIME_MISMATCH,TIME_MISMATCH,start_time_minus_nominal_seconds=41.004596;end_time_minus_nominal_seconds=578.904299,1.0,True,2024-07-25T05:50:41.004596Z,2024-07-25T05:59:38.904299Z,2024-07-25T06:07:44Z,501,501,20.0,30.0,97.0,107.0,descending,ascending,0.020000457763671875,0.01999664306640625,e930fc8377b0d158b4b22834869896bcc5047b44e38b4c34f63b0b1103e4c255,1.0,1.0,1.0,1.0,1.0,1.0,1.0,False,41.004596,578.904299,0.05239080000319518
202407\25\NC_H09_20240725_0600_R21_FLDK.06001_06001.nc,NC_H09_20240725_0600_R21_FLDK.06001_06001.nc,5861433,2024-07-25T06:00:00+00:00,H09,06001_06001,True,True,TIME_MISMATCH,TIME_MISMATCH,start_time_minus_nominal_seconds=41.156582;end_time_minus_nominal_seconds=578.896803,1.0,True,2024-07-25T06:00:41.156582Z,2024-07-25T06:09:38.896803Z,2024-07-25T06:18:44Z,501,501,20.0,30.0,97.0,107.0,descending,ascending,0.020000457763671875,0.01999664306640625,e930fc8377b0d158b4b22834869896bcc5047b44e38b4c34f63b0b1103e4c255,1.0,1.0,1.0,1.0,1.0,1.0,1.0,False,41.156582,578.896803,0.05320389999542385
202407\25\NC_H09_20240725_0610_R21_FLDK.06001_06001.nc,NC_H09_20240725_0610_R21_FLDK.06001_06001.nc,5846895,2024-07-25T06:10:00+00:00,H09,06001_06001,True,True,TIME_MISMATCH,TIME_MISMATCH,start_time_minus_nominal_seconds=40.816598;end_time_minus_nominal_seconds=578.887395,1.0,True,2024-07-25T06:10:40.816598Z,2024-07-25T06:19:38.887395Z,2024-07-25T06:27:45Z,501,501,20.0,30.0,97.0,107.0,descending,ascending,0.020000457763671875,0.01999664306640625,e930fc8377b0d158b4b22834869896bcc5047b44e38b4c34f63b0b1103e4c255,1.0,1.0,1.0,1.0,1.0,1.0,1.0,False,40.816598,578.887395,0.051826700000674464
202407\26\NC_H09_20240726_0920_R21_FLDK.06001_06001.nc,NC_H09_20240726_0920_R21_FLDK.06001_06001.nc,5643633,2024-07-26T09:20:00+00:00,H09,06001_06001,True,True,TIME_MISMATCH,TIME_MISMATCH,start_time_minus_nominal_seconds=40.583785;end_time_minus_nominal_seconds=578.588200,1.0,True,2024-07-26T09:20:40.583785Z,2024-07-26T09:29:38.588200Z,2024-07-26T09:35:45Z,501,501,20.0,30.0,97.0,107.0,descending,ascending,0.020000457763671875,0.01999664306640625,e930fc8377b0d158b4b22834869896bcc5047b44e38b4c34f63b0b1103e4c255,1.0,1.0,1.0,1.0,1.0,1.0,1.0,False,40.583785,578.5882,0.05078759999742033
202407\26\NC_H09_20240726_0930_R21_FLDK.06001_06001.nc,NC_H09_20240726_0930_R21_FLDK.06001_06001.nc,5640965,2024-07-26T09:30:00+00:00,H09,06001_06001,True,True,TIME_MISMATCH,TIME_MISMATCH,start_time_minus_nominal_seconds=40.561319;end_time_minus_nominal_seconds=578.587147,1.0,True,2024-07-26T09:30:40.561319Z,2024-07-26T09:39:38.587147Z,2024-07-26T09:45:44Z,501,501,20.0,30.0,97.0,107.0,descending,ascending,0.020000457763671875,0.01999664306640625,e930fc8377b0d158b4b22834869896bcc5047b44e38b4c34f63b0b1103e4c255,1.0,1.0,1.0,1.0,1.0,1.0,1.0,False,40.561319,578.587147,0.05368809999345103
202407\26\NC_H09_20240726_0940_R21_FLDK.06001_06001.nc,NC_H09_20240726_0940_R21_FLDK.06001_06001.nc,5636866,2024-07-26T09:40:00+00:00,H09,06001_06001,True,True,TIME_MISMATCH,TIME_MISMATCH,start_time_minus_nominal_seconds=40.903432;end_time_minus_nominal_seconds=578.571417,1.0,True,2024-07-26T09:40:40.903432Z,2024-07-26T09:49:38.571417Z,2024-07-26T09:57:40Z,501,501,20.0,30.0,97.0,107.0,descending,ascending,0.020000457763671875,0.01999664306640625,e930fc8377b0d158b4b22834869896bcc5047b44e38b4c34f63b0b1103e4c255,1.0,1.0,1.0,1.0,1.0,1.0,1.0,False,40.903432,578.571417,0.051507199998013675
202407\26\NC_H09_20240726_0950_R21_FLDK.06001_06001.nc,NC_H09_20240726_0950_R21_FLDK.06001_06001.nc,5626823,2024-07-26T09:50:00+00:00,H09,06001_06001,True,True,TIME_MISMATCH,TIME_MISMATCH,start_time_minus_nominal_seconds=40.840386;end_time_minus_nominal_seconds=578.568089,1.0,True,2024-07-26T09:50:40.840386Z,2024-07-26T09:59:38.568089Z,2024-07-26T10:05:45Z,501,501,20.0,30.0,97.0,107.0,descending,ascending,0.020000457763671875,0.01999664306640625,e930fc8377b0d158b4b22834869896bcc5047b44e38b4c34f63b0b1103e4c255,1.0,1.0,1.0,1.0,1.0,1.0,1.0,False,40.840386,578.568089,0.053295099998649675
202407\26\NC_H09_20240726_1000_R21_FLDK.06001_06001.nc,NC_H09_20240726_1000_R21_FLDK.06001_06001.nc,5614161,2024-07-26T10:00:00+00:00,H09,06001_06001,True,True,TIME_MISMATCH,TIME_MISMATCH,start_time_minus_nominal_seconds=40.859716;end_time_minus_nominal_seconds=578.548557,1.0,True,2024-07-26T10:00:40.859716Z,2024-07-26T10:09:38.548557Z,2024-07-26T10:16:44Z,501,501,20.0,30.0,97.0,107.0,descending,ascending,0.020000457763671875,0.01999664306640625,e930fc8377b0d158b4b22834869896bcc5047b44e38b4c34f63b0b1103e4c255,1.0,1.0,1.0,1.0,1.0,1.0,1.0,False,40.859716,578.548557,0.049124199998914264
202407\26\NC_H09_20240726_1010_R21_FLDK.06001_06001.nc,NC_H09_20240726_1010_R21_FLDK.06001_06001.nc,5599295,2024-07-26T10:10:00+00:00,H09,06001_06001,True,True,TIME_MISMATCH,TIME_MISMATCH,start_time_minus_nominal_seconds=40.885596;end_time_minus_nominal_seconds=578.541137,1.0,True,2024-07-26T10:10:40.885596Z,2024-07-26T10:19:38.541137Z,2024-07-26T10:28:38Z,501,501,20.0,30.0,97.0,107.0,descending,ascending,0.020000457763671875,0.01999664306640625,e930fc8377b0d158b4b22834869896bcc5047b44e38b4c34f63b0b1103e4c255,1.0,1.0,1.0,1.0,1.0,1.0,1.0,False,40.885596,578.541137,0.04980459999933373
202407\26\NC_H09_20240726_1500_R21_FLDK.06001_06001.nc,NC_H09_20240726_1500_R21_FLDK.06001_06001.nc,3510741,2024-07-26T15:00:00+00:00,H09,06001_06001,True,True,TIME_MISMATCH,TIME_MISMATCH,start_time_minus_nominal_seconds=41.578113;end_time_minus_nominal_seconds=579.215498,1.0,True,2024-07-26T15:00:41.578113Z,2024-07-26T15:09:39.215498Z,2024-07-26T15:16:44Z,501,501,20.0,30.0,97.0,107.0,descending,ascending,0.020000457763671875,0.01999664306640625,e930fc8377b0d158b4b22834869896bcc5047b44e38b4c34f63b0b1103e4c255,1.0,1.0,1.0,1.0,1.0,1.0,1.0,False,41.578113,579.215498,0.04352949999884004
202407\26\NC_H09_20240726_1510_R21_FLDK.06001_06001.nc,NC_H09_20240726_1510_R21_FLDK.06001_06001.nc,3490744,2024-07-26T15:10:00+00:00,H09,06001_06001,True,True,TIME_MISMATCH,TIME_MISMATCH,start_time_minus_nominal_seconds=41.566974;end_time_minus_nominal_seconds=579.206208,1.0,True,2024-07-26T15:10:41.566974Z,2024-07-26T15:19:39.206208Z,2024-07-26T15:27:40Z,501,501,20.0,30.0,97.0,107.0,descending,ascending,0.020000457763671875,0.01999664306640625,e930fc8377b0d158b4b22834869896bcc5047b44e38b4c34f63b0b1103e4c255,1.0,1.0,1.0,1.0,1.0,1.0,1.0,False,41.566974,579.206208,0.04531600000336766
202407\26\NC_H09_20240726_1520_R21_FLDK.06001_06001.nc,NC_H09_20240726_1520_R21_FLDK.06001_06001.nc,3476668,2024-07-26T15:20:00+00:00,H09,06001_06001,True,True,TIME_MISMATCH,TIME_MISMATCH,start_time_minus_nominal_seconds=41.557681;end_time_minus_nominal_seconds=579.196906,1.0,True,2024-07-26T15:20:41.557681Z,2024-07-26T15:29:39.196906Z,2024-07-26T15:36:40Z,501,501,20.0,30.0,97.0,107.0,descending,ascending,0.020000457763671875,0.01999664306640625,e930fc8377b0d158b4b22834869896bcc5047b44e38b4c34f63b0b1103e4c255,1.0,1.0,1.0,1.0,1.0,1.0,1.0,False,41.557681,579.196906,0.04726440000376897
202407\26\NC_H09_20240726_1530_R21_FLDK.06001_06001.nc,NC_H09_20240726_1530_R21_FLDK.06001_06001.nc,3469874,2024-07-26T15:30:00+00:00,H09,06001_06001,True,True,TIME_MISMATCH,TIME_MISMATCH,start_time_minus_nominal_seconds=41.574054;end_time_minus_nominal_seconds=579.187240,1.0,True,2024-07-26T15:30:41.574054Z,2024-07-26T15:39:39.187240Z,2024-07-26T15:45:42Z,501,501,20.0,30.0,97.0,107.0,descending,ascending,0.020000457763671875,0.01999664306640625,e930fc8377b0d158b4b22834869896bcc5047b44e38b4c34f63b0b1103e4c255,1.0,1.0,1.0,1.0,1.0,1.0,1.0,False,41.574054,579.18724,0.042658999998820946
202407\26\NC_H09_20240726_1540_R21_FLDK.06001_06001.nc,NC_H09_20240726_1540_R21_FLDK.06001_06001.nc,3469736,2024-07-26T15:40:00+00:00,H09,06001_06001,True,True,TIME_MISMATCH,TIME_MISMATCH,start_time_minus_nominal_seconds=41.564301;end_time_minus_nominal_seconds=579.174102,1.0,True,2024-07-26T15:40:41.564301Z,2024-07-26T15:49:39.174102Z,2024-07-26T15:57:37Z,501,501,20.0,30.0,97.0,107.0,descending,ascending,0.020000457763671875,0.01999664306640625,e930fc8377b0d158b4b22834869896bcc5047b44e38b4c34f63b0b1103e4c255,1.0,1.0,1.0,1.0,1.0,1.0,1.0,False,41.564301,579.174102,0.04313950000505429
202407\26\NC_H09_20240726_1550_R21_FLDK.06001_06001.nc,NC_H09_20240726_1550_R21_FLDK.06001_06001.nc,3457537,2024-07-26T15:50:00+00:00,H09,06001_06001,True,True,TIME_MISMATCH,TIME_MISMATCH,start_time_minus_nominal_seconds=41.566159;end_time_minus_nominal_seconds=579.166722,1.0,True,2024-07-26T15:50:41.566159Z,2024-07-26T15:59:39.166722Z,2024-07-26T16:06:40Z,501,501,20.0,30.0,97.0,107.0,descending,ascending,0.020000457763671875,0.01999664306640625,e930fc8377b0d158b4b22834869896bcc5047b44e38b4c34f63b0b1103e4c255,1.0,1.0,1.0,1.0,1.0,1.0,1.0,False,41.566159,579.166722,0.045333699999901
202407\26\NC_H09_20240726_2020_R21_FLDK.06001_06001.nc,NC_H09_20240726_2020_R21_FLDK.06001_06001.nc,3393288,2024-07-26T20:20:00+00:00,H09,06001_06001,True,True,TIME_MISMATCH,TIME_MISMATCH,start_time_minus_nominal_seconds=41.249433;end_time_minus_nominal_seconds=578.900952,1.0,True,2024-07-26T20:20:41.249433Z,2024-07-26T20:29:38.900952Z,2024-07-26T20:35:43Z,501,501,20.0,30.0,97.0,107.0,descending,ascending,0.020000457763671875,0.01999664306640625,e930fc8377b0d158b4b22834869896bcc5047b44e38b4c34f63b0b1103e4c255,1.0,1.0,1.0,1.0,1.0,1.0,1.0,False,41.249433,578.900952,0.04346799999620998
202407\26\NC_H09_20240726_2030_R21_FLDK.06001_06001.nc,NC_H09_20240726_2030_R21_FLDK.06001_06001.nc,3388493,2024-07-26T20:30:00+00:00,H09,06001_06001,True,True,TIME_MISMATCH,TIME_MISMATCH,start_time_minus_nominal_seconds=41.158683;end_time_minus_nominal_seconds=578.887777,1.0,True,2024-07-26T20:30:41.158683Z,2024-07-26T20:39:38.887777Z,2024-07-26T20:48:38Z,501,501,20.0,30.0,97.0,107.0,descending,ascending,0.020000457763671875,0.01999664306640625,e930fc8377b0d158b4b22834869896bcc5047b44e38b4c34f63b0b1103e4c255,1.0,1.0,1.0,1.0,1.0,1.0,1.0,False,41.158683,578.887777,0.04687009999906877
202407\26\NC_H09_20240726_2040_R21_FLDK.06001_06001.nc,NC_H09_20240726_2040_R21_FLDK.06001_06001.nc,3385160,2024-07-26T20:40:00+00:00,H09,06001_06001,True,True,TIME_MISMATCH,TIME_MISMATCH,start_time_minus_nominal_seconds=40.873634;end_time_minus_nominal_seconds=578.880359,1.0,True,2024-07-26T20:40:40.873634Z,2024-07-26T20:49:38.880359Z,2024-07-26T20:56:44Z,501,501,20.0,30.0,97.0,107.0,descending,ascending,0.020000457763671875,0.01999664306640625,e930fc8377b0d158b4b22834869896bcc5047b44e38b4c34f63b0b1103e4c255,1.0,1.0,1.0,1.0,1.0,1.0,1.0,False,40.873634,578.880359,0.04407829999399837
202407\26\NC_H09_20240726_2050_R21_FLDK.06001_06001.nc,NC_H09_20240726_2050_R21_FLDK.06001_06001.nc,3384425,2024-07-26T20:50:00+00:00,H09,06001_06001,True,True,TIME_MISMATCH,TIME_MISMATCH,start_time_minus_nominal_seconds=40.841224;end_time_minus_nominal_seconds=578.871020,1.0,True,2024-07-26T20:50:40.841224Z,2024-07-26T20:59:38.871020Z,2024-07-26T21:09:39Z,501,501,20.0,30.0,97.0,107.0,descending,ascending,0.020000457763671875,0.01999664306640625,e930fc8377b0d158b4b22834869896bcc5047b44e38b4c34f63b0b1103e4c255,1.0,1.0,1.0,1.0,1.0,1.0,1.0,False,40.841224,578.87102,0.04317629999422934
202407\26\NC_H09_20240726_2100_R21_FLDK.06001_06001.nc,NC_H09_20240726_2100_R21_FLDK.06001_06001.nc,3388062,2024-07-26T21:00:00+00:00,H09,06001_06001,True,True,TIME_MISMATCH,TIME_MISMATCH,start_time_minus_nominal_seconds=41.182259;end_time_minus_nominal_seconds=578.861317,1.0,True,2024-07-26T21:00:41.182259Z,2024-07-26T21:09:38.861317Z,2024-07-26T21:18:45Z,501,501,20.0,30.0,97.0,107.0,descending,ascending,0.020000457763671875,0.01999664306640625,e930fc8377b0d158b4b22834869896bcc5047b44e38b4c34f63b0b1103e4c255,1.0,1.0,1.0,1.0,1.0,1.0,1.0,False,41.182259,578.861317,0.04476089999661781
202407\26\NC_H09_20240726_2110_R21_FLDK.06001_06001.nc,NC_H09_20240726_2110_R21_FLDK.06001_06001.nc,3385067,2024-07-26T21:10:00+00:00,H09,06001_06001,True,True,TIME_MISMATCH,TIME_MISMATCH,start_time_minus_nominal_seconds=41.185200;end_time_minus_nominal_seconds=578.848121,1.0,True,2024-07-26T21:10:41.185200Z,2024-07-26T21:19:38.848121Z,2024-07-26T21:27:46Z,501,501,20.0,30.0,97.0,107.0,descending,ascending,0.020000457763671875,0.01999664306640625,e930fc8377b0d158b4b22834869896bcc5047b44e38b4c34f63b0b1103e4c255,1.0,1.0,1.0,1.0,1.0,1.0,1.0,False,41.1852,578.848121,0.047534100005577784
202407\27\NC_H09_20240727_0800_R21_FLDK.06001_06001.nc,NC_H09_20240727_0800_R21_FLDK.06001_06001.nc,5770160,2024-07-27T08:00:00+00:00,H09,06001_06001,True,True,TIME_MISMATCH,TIME_MISMATCH,start_time_minus_nominal_seconds=40.829228;end_time_minus_nominal_seconds=578.571407,1.0,True,2024-07-27T08:00:40.829228Z,2024-07-27T08:09:38.571407Z,2024-07-27T08:16:45Z,501,501,20.0,30.0,97.0,107.0,descending,ascending,0.020000457763671875,0.01999664306640625,e930fc8377b0d158b4b22834869896bcc5047b44e38b4c34f63b0b1103e4c255,1.0,1.0,1.0,1.0,1.0,1.0,1.0,False,40.829228,578.571407,0.0549033999996027
202407\27\NC_H09_20240727_0810_R21_FLDK.06001_06001.nc,NC_H09_20240727_0810_R21_FLDK.06001_06001.nc,5762915,2024-07-27T08:10:00+00:00,H09,06001_06001,True,True,TIME_MISMATCH,TIME_MISMATCH,start_time_minus_nominal_seconds=40.776107;end_time_minus_nominal_seconds=578.563949,1.0,True,2024-07-27T08:10:40.776107Z,2024-07-27T08:19:38.563949Z,2024-07-27T08:27:43Z,501,501,20.0,30.0,97.0,107.0,descending,ascending,0.020000457763671875,0.01999664306640625,e930fc8377b0d158b4b22834869896bcc5047b44e38b4c34f63b0b1103e4c255,1.0,1.0,1.0,1.0,1.0,1.0,1.0,False,40.776107,578.563949,0.0496216999963508
202407\27\NC_H09_20240727_0820_R21_FLDK.06001_06001.nc,NC_H09_20240727_0820_R21_FLDK.06001_06001.nc,5750952,2024-07-27T08:20:00+00:00,H09,06001_06001,True,True,TIME_MISMATCH,TIME_MISMATCH,start_time_minus_nominal_seconds=40.832914;end_time_minus_nominal_seconds=578.554586,1.0,True,2024-07-27T08:20:40.832914Z,2024-07-27T08:29:38.554586Z,2024-07-27T08:38:42Z,501,501,20.0,30.0,97.0,107.0,descending,ascending,0.020000457763671875,0.01999664306640625,e930fc8377b0d158b4b22834869896bcc5047b44e38b4c34f63b0b1103e4c255,1.0,1.0,1.0,1.0,1.0,1.0,1.0,False,40.832914,578.554586,0.05008350000571227
202407\27\NC_H09_20240727_0830_R21_FLDK.06001_06001.nc,NC_H09_20240727_0830_R21_FLDK.06001_06001.nc,5739770,2024-07-27T08:30:00+00:00,H09,06001_06001,True,True,TIME_MISMATCH,TIME_MISMATCH,start_time_minus_nominal_seconds=40.811366;end_time_minus_nominal_seconds=578.544844,1.0,True,2024-07-27T08:30:40.811366Z,2024-07-27T08:39:38.544844Z,2024-07-27T08:46:44Z,501,501,20.0,30.0,97.0,107.0,descending,ascending,0.020000457763671875,0.01999664306640625,e930fc8377b0d158b4b22834869896bcc5047b44e38b4c34f63b0b1103e4c255,1.0,1.0,1.0,1.0,1.0,1.0,1.0,False,40.811366,578.544844,0.05065849999664351
202407\27\NC_H09_20240727_0840_R21_FLDK.06001_06001.nc,NC_H09_20240727_0840_R21_FLDK.06001_06001.nc,5729080,2024-07-27T08:40:00+00:00,H09,06001_06001,True,True,TIME_MISMATCH,TIME_MISMATCH,start_time_minus_nominal_seconds=40.527271;end_time_minus_nominal_seconds=578.531685,1.0,True,2024-07-27T08:40:40.527271Z,2024-07-27T08:49:38.531685Z,2024-07-27T08:56:46Z,501,501,20.0,30.0,97.0,107.0,descending,ascending,0.020000457763671875,0.01999664306640625,e930fc8377b0d158b4b22834869896bcc5047b44e38b4c34f63b0b1103e4c255,1.0,1.0,1.0,1.0,1.0,1.0,1.0,False,40.527271,578.531685,0.05257139999594074
202407\27\NC_H09_20240727_0850_R21_FLDK.06001_06001.nc,NC_H09_20240727_0850_R21_FLDK.06001_06001.nc,5711430,2024-07-27T08:50:00+00:00,H09,06001_06001,True,True,TIME_MISMATCH,TIME_MISMATCH,start_time_minus_nominal_seconds=40.790367;end_time_minus_nominal_seconds=578.524241,1.0,True,2024-07-27T08:50:40.790367Z,2024-07-27T08:59:38.524241Z,2024-07-27T09:08:44Z,501,501,20.0,30.0,97.0,107.0,descending,ascending,0.020000457763671875,0.01999664306640625,e930fc8377b0d158b4b22834869896bcc5047b44e38b4c34f63b0b1103e4c255,1.0,1.0,1.0,1.0,1.0,1.0,1.0,False,40.790367,578.524241,0.048564900003839284
202407\27\NC_H09_20240727_1220_R21_FLDK.06001_06001.nc,NC_H09_20240727_1220_R21_FLDK.06001_06001.nc,3786814,2024-07-27T12:20:00+00:00,H09,06001_06001,True,True,TIME_MISMATCH,TIME_MISMATCH,start_time_minus_nominal_seconds=40.661730;end_time_minus_nominal_seconds=578.355981,1.0,True,2024-07-27T12:20:40.661730Z,2024-07-27T12:29:38.355981Z,2024-07-27T12:36:43Z,501,501,20.0,30.0,97.0,107.0,descending,ascending,0.020000457763671875,0.01999664306640625,e930fc8377b0d158b4b22834869896bcc5047b44e38b4c34f63b0b1103e4c255,1.0,1.0,1.0,1.0,1.0,1.0,1.0,False,40.66173,578.355981,0.04498220000095898
202407\27\NC_H09_20240727_1230_R21_FLDK.06001_06001.nc,NC_H09_20240727_1230_R21_FLDK.06001_06001.nc,3601442,2024-07-27T12:30:00+00:00,H09,06001_06001,True,True,TIME_MISMATCH,TIME_MISMATCH,start_time_minus_nominal_seconds=40.434271;end_time_minus_nominal_seconds=578.346711,1.0,True,2024-07-27T12:30:40.434271Z,2024-07-27T12:39:38.346711Z,2024-07-27T12:48:37Z,501,501,20.0,30.0,97.0,107.0,descending,ascending,0.020000457763671875,0.01999664306640625,e930fc8377b0d158b4b22834869896bcc5047b44e38b4c34f63b0b1103e4c255,1.0,1.0,1.0,1.0,1.0,1.0,1.0,False,40.434271,578.346711,0.043667500001902226
202407\27\NC_H09_20240727_1240_R21_FLDK.06001_06001.nc,NC_H09_20240727_1240_R21_FLDK.06001_06001.nc,3538754,2024-07-27T12:40:00+00:00,H09,06001_06001,True,True,TIME_MISMATCH,TIME_MISMATCH,start_time_minus_nominal_seconds=40.684006;end_time_minus_nominal_seconds=578.337077,1.0,True,2024-07-27T12:40:40.684006Z,2024-07-27T12:49:38.337077Z,2024-07-27T12:56:43Z,501,501,20.0,30.0,97.0,107.0,descending,ascending,0.020000457763671875,0.01999664306640625,e930fc8377b0d158b4b22834869896bcc5047b44e38b4c34f63b0b1103e4c255,1.0,1.0,1.0,1.0,1.0,1.0,1.0,False,40.684006,578.337077,0.04539739999745507
202407\27\NC_H09_20240727_1250_R21_FLDK.06001_06001.nc,NC_H09_20240727_1250_R21_FLDK.06001_06001.nc,3531915,2024-07-27T12:50:00+00:00,H09,06001_06001,True,True,TIME_MISMATCH,TIME_MISMATCH,start_time_minus_nominal_seconds=40.674302;end_time_minus_nominal_seconds=578.362646,1.0,True,2024-07-27T12:50:40.674302Z,2024-07-27T12:59:38.362646Z,2024-07-27T13:08:36Z,501,501,20.0,30.0,97.0,107.0,descending,ascending,0.020000457763671875,0.01999664306640625,e930fc8377b0d158b4b22834869896bcc5047b44e38b4c34f63b0b1103e4c255,1.0,1.0,1.0,1.0,1.0,1.0,1.0,False,40.674302,578.362646,0.04336460000195075
202407\27\NC_H09_20240727_1300_R21_FLDK.06001_06001.nc,NC_H09_20240727_1300_R21_FLDK.06001_06001.nc,3538010,2024-07-27T13:00:00+00:00,H09,06001_06001,True,True,TIME_MISMATCH,TIME_MISMATCH,start_time_minus_nominal_seconds=40.716045;end_time_minus_nominal_seconds=578.355295,1.0,True,2024-07-27T13:00:40.716045Z,2024-07-27T13:09:38.355295Z,2024-07-27T13:17:43Z,501,501,20.0,30.0,97.0,107.0,descending,ascending,0.020000457763671875,0.01999664306640625,e930fc8377b0d158b4b22834869896bcc5047b44e38b4c34f63b0b1103e4c255,1.0,1.0,1.0,1.0,1.0,1.0,1.0,False,40.716045,578.355295,0.04331780000211438
202407\27\NC_H09_20240727_1310_R21_FLDK.06001_06001.nc,NC_H09_20240727_1310_R21_FLDK.06001_06001.nc,3543600,2024-07-27T13:10:00+00:00,H09,06001_06001,True,True,TIME_MISMATCH,TIME_MISMATCH,start_time_minus_nominal_seconds=40.666549;end_time_minus_nominal_seconds=578.346029,1.0,True,2024-07-27T13:10:40.666549Z,2024-07-27T13:19:38.346029Z,2024-07-27T13:28:39Z,501,501,20.0,30.0,97.0,107.0,descending,ascending,0.020000457763671875,0.01999664306640625,e930fc8377b0d158b4b22834869896bcc5047b44e38b4c34f63b0b1103e4c255,1.0,1.0,1.0,1.0,1.0,1.0,1.0,False,40.666549,578.346029,0.04699609999806853
202407\28\NC_H09_20240728_0940_R21_FLDK.06001_06001.nc,NC_H09_20240728_0940_R21_FLDK.06001_06001.nc,5746047,2024-07-28T09:40:00+00:00,H09,06001_06001,True,True,TIME_MISMATCH,TIME_MISMATCH,start_time_minus_nominal_seconds=40.624869;end_time_minus_nominal_seconds=578.370838,1.0,True,2024-07-28T09:40:40.624869Z,2024-07-28T09:49:38.370838Z,2024-07-28T09:58:41Z,501,501,20.0,30.0,97.0,107.0,descending,ascending,0.020000457763671875,0.01999664306640625,e930fc8377b0d158b4b22834869896bcc5047b44e38b4c34f63b0b1103e4c255,1.0,1.0,1.0,1.0,1.0,1.0,1.0,False,40.624869,578.370838,0.05049850000068545
202407\28\NC_H09_20240728_0950_R21_FLDK.06001_06001.nc,NC_H09_20240728_0950_R21_FLDK.06001_06001.nc,5733959,2024-07-28T09:50:00+00:00,H09,06001_06001,True,True,TIME_MISMATCH,TIME_MISMATCH,start_time_minus_nominal_seconds=40.627619;end_time_minus_nominal_seconds=578.361491,1.0,True,2024-07-28T09:50:40.627619Z,2024-07-28T09:59:38.361491Z,2024-07-28T10:07:43Z,501,501,20.0,30.0,97.0,107.0,descending,ascending,0.020000457763671875,0.01999664306640625,e930fc8377b0d158b4b22834869896bcc5047b44e38b4c34f63b0b1103e4c255,1.0,1.0,1.0,1.0,1.0,1.0,1.0,False,40.627619,578.361491,0.049564399996597786
202407\28\NC_H09_20240728_1000_R21_FLDK.06001_06001.nc,NC_H09_20240728_1000_R21_FLDK.06001_06001.nc,5720263,2024-07-28T10:00:00+00:00,H09,06001_06001,True,True,TIME_MISMATCH,TIME_MISMATCH,start_time_minus_nominal_seconds=40.343918;end_time_minus_nominal_seconds=578.351781,1.0,True,2024-07-28T10:00:40.343918Z,2024-07-28T10:09:38.351781Z,2024-07-28T10:15:46Z,501,501,20.0,30.0,97.0,107.0,descending,ascending,0.020000457763671875,0.01999664306640625,e930fc8377b0d158b4b22834869896bcc5047b44e38b4c34f63b0b1103e4c255,1.0,1.0,1.0,1.0,1.0,1.0,1.0,False,40.343918,578.351781,0.05408560000068974
202407\28\NC_H09_20240728_1010_R21_FLDK.06001_06001.nc,NC_H09_20240728_1010_R21_FLDK.06001_06001.nc,5703845,2024-07-28T10:10:00+00:00,H09,06001_06001,True,True,TIME_MISMATCH,TIME_MISMATCH,start_time_minus_nominal_seconds=40.672555;end_time_minus_nominal_seconds=578.340554,1.0,True,2024-07-28T10:10:40.672555Z,2024-07-28T10:19:38.340554Z,2024-07-28T10:27:38Z,501,501,20.0,30.0,97.0,107.0,descending,ascending,0.020000457763671875,0.01999664306640625,e930fc8377b0d158b4b22834869896bcc5047b44e38b4c34f63b0b1103e4c255,1.0,1.0,1.0,1.0,1.0,1.0,1.0,False,40.672555,578.340554,0.05035689999931492
202407\28\NC_H09_20240728_1020_R21_FLDK.06001_06001.nc,NC_H09_20240728_1020_R21_FLDK.06001_06001.nc,5684253,2024-07-28T10:20:00+00:00,H09,06001_06001,True,True,TIME_MISMATCH,TIME_MISMATCH,start_time_minus_nominal_seconds=40.663234;end_time_minus_nominal_seconds=578.337616,1.0,True,2024-07-28T10:20:40.663234Z,2024-07-28T10:29:38.337616Z,2024-07-28T10:35:45Z,501,501,20.0,30.0,97.0,107.0,descending,ascending,0.020000457763671875,0.01999664306640625,e930fc8377b0d158b4b22834869896bcc5047b44e38b4c34f63b0b1103e4c255,1.0,1.0,1.0,1.0,1.0,1.0,1.0,False,40.663234,578.337616,0.05084010000427952
202407\28\NC_H09_20240728_1030_R21_FLDK.06001_06001.nc,NC_H09_20240728_1030_R21_FLDK.06001_06001.nc,5666033,2024-07-28T10:30:00+00:00,H09,06001_06001,True,True,TIME_MISMATCH,TIME_MISMATCH,start_time_minus_nominal_seconds=40.324958;end_time_minus_nominal_seconds=578.360567,1.0,True,2024-07-28T10:30:40.324958Z,2024-07-28T10:39:38.360567Z,2024-07-28T10:47:38Z,501,501,20.0,30.0,97.0,107.0,descending,ascending,0.020000457763671875,0.01999664306640625,e930fc8377b0d158b4b22834869896bcc5047b44e38b4c34f63b0b1103e4c255,1.0,1.0,1.0,1.0,1.0,1.0,1.0,False,40.324958,578.360567,0.051444599994283635
202407\28\NC_H09_20240728_1610_R21_FLDK.06001_06001.nc,NC_H09_20240728_1610_R21_FLDK.06001_06001.nc,3579759,2024-07-28T16:10:00+00:00,H09,06001_06001,True,True,TIME_MISMATCH,TIME_MISMATCH,start_time_minus_nominal_seconds=41.308229;end_time_minus_nominal_seconds=578.947439,1.0,True,2024-07-28T16:10:41.308229Z,2024-07-28T16:19:38.947439Z,2024-07-28T16:27:40Z,501,501,20.0,30.0,97.0,107.0,descending,ascending,0.020000457763671875,0.01999664306640625,e930fc8377b0d158b4b22834869896bcc5047b44e38b4c34f63b0b1103e4c255,1.0,1.0,1.0,1.0,1.0,1.0,1.0,False,41.308229,578.947439,0.04734830000234069
202407\28\NC_H09_20240728_1620_R21_FLDK.06001_06001.nc,NC_H09_20240728_1620_R21_FLDK.06001_06001.nc,3584278,2024-07-28T16:20:00+00:00,H09,06001_06001,True,True,TIME_MISMATCH,TIME_MISMATCH,start_time_minus_nominal_seconds=41.311694;end_time_minus_nominal_seconds=578.976453,1.0,True,2024-07-28T16:20:41.311694Z,2024-07-28T16:29:38.976453Z,2024-07-28T16:35:42Z,501,501,20.0,30.0,97.0,107.0,descending,ascending,0.020000457763671875,0.01999664306640625,e930fc8377b0d158b4b22834869896bcc5047b44e38b4c34f63b0b1103e4c255,1.0,1.0,1.0,1.0,1.0,1.0,1.0,False,41.311694,578.976453,0.04477690000203438
202407\28\NC_H09_20240728_1630_R21_FLDK.06001_06001.nc,NC_H09_20240728_1630_R21_FLDK.06001_06001.nc,3583894,2024-07-28T16:30:00+00:00,H09,06001_06001,True,True,TIME_MISMATCH,TIME_MISMATCH,start_time_minus_nominal_seconds=41.312998;end_time_minus_nominal_seconds=578.965216,1.0,True,2024-07-28T16:30:41.312998Z,2024-07-28T16:39:38.965216Z,2024-07-28T16:47:36Z,501,501,20.0,30.0,97.0,107.0,descending,ascending,0.020000457763671875,0.01999664306640625,e930fc8377b0d158b4b22834869896bcc5047b44e38b4c34f63b0b1103e4c255,1.0,1.0,1.0,1.0,1.0,1.0,1.0,False,41.312998,578.965216,0.04495770000357879
202407\28\NC_H09_20240728_1640_R21_FLDK.06001_06001.nc,NC_H09_20240728_1640_R21_FLDK.06001_06001.nc,3588346,2024-07-28T16:40:00+00:00,H09,06001_06001,True,True,TIME_MISMATCH,TIME_MISMATCH,start_time_minus_nominal_seconds=41.303691;end_time_minus_nominal_seconds=578.955897,1.0,True,2024-07-28T16:40:41.303691Z,2024-07-28T16:49:38.955897Z,2024-07-28T16:56:41Z,501,501,20.0,30.0,97.0,107.0,descending,ascending,0.020000457763671875,0.01999664306640625,e930fc8377b0d158b4b22834869896bcc5047b44e38b4c34f63b0b1103e4c255,1.0,1.0,1.0,1.0,1.0,1.0,1.0,False,41.303691,578.955897,0.044234000000869855
202407\28\NC_H09_20240728_1650_R21_FLDK.06001_06001.nc,NC_H09_20240728_1650_R21_FLDK.06001_06001.nc,3583104,2024-07-28T16:50:00+00:00,H09,06001_06001,True,True,TIME_MISMATCH,TIME_MISMATCH,start_time_minus_nominal_seconds=41.294375;end_time_minus_nominal_seconds=578.946577,1.0,True,2024-07-28T16:50:41.294375Z,2024-07-28T16:59:38.946577Z,2024-07-28T17:08:36Z,501,501,20.0,30.0,97.0,107.0,descending,ascending,0.020000457763671875,0.01999664306640625,e930fc8377b0d158b4b22834869896bcc5047b44e38b4c34f63b0b1103e4c255,1.0,1.0,1.0,1.0,1.0,1.0,1.0,False,41.294375,578.946577,0.047372300003189594
202407\28\NC_H09_20240728_1700_R21_FLDK.06001_06001.nc,NC_H09_20240728_1700_R21_FLDK.06001_06001.nc,3578885,2024-07-28T17:00:00+00:00,H09,06001_06001,True,True,TIME_MISMATCH,TIME_MISMATCH,start_time_minus_nominal_seconds=41.337795;end_time_minus_nominal_seconds=578.936914,1.0,True,2024-07-28T17:00:41.337795Z,2024-07-28T17:09:38.936914Z,2024-07-28T17:18:40Z,501,501,20.0,30.0,97.0,107.0,descending,ascending,0.020000457763671875,0.01999664306640625,e930fc8377b0d158b4b22834869896bcc5047b44e38b4c34f63b0b1103e4c255,1.0,1.0,1.0,1.0,1.0,1.0,1.0,False,41.337795,578.936914,0.0437926000013249
202407\29\NC_H09_20240729_1300_R21_FLDK.06001_06001.nc,NC_H09_20240729_1300_R21_FLDK.06001_06001.nc,3520417,2024-07-29T13:00:00+00:00,H09,06001_06001,True,True,TIME_MISMATCH,TIME_MISMATCH,start_time_minus_nominal_seconds=40.195777;end_time_minus_nominal_seconds=578.164726,1.0,True,2024-07-29T13:00:40.195777Z,2024-07-29T13:09:38.164726Z,2024-07-29T13:17:41Z,501,501,20.0,30.0,97.0,107.0,descending,ascending,0.020000457763671875,0.01999664306640625,e930fc8377b0d158b4b22834869896bcc5047b44e38b4c34f63b0b1103e4c255,1.0,1.0,1.0,1.0,1.0,1.0,1.0,False,40.195777,578.164726,0.04669779999676393
202407\29\NC_H09_20240729_1310_R21_FLDK.06001_06001.nc,NC_H09_20240729_1310_R21_FLDK.06001_06001.nc,3526807,2024-07-29T13:10:00+00:00,H09,06001_06001,True,True,TIME_MISMATCH,TIME_MISMATCH,start_time_minus_nominal_seconds=40.510123;end_time_minus_nominal_seconds=578.155468,1.0,True,2024-07-29T13:10:40.510123Z,2024-07-29T13:19:38.155468Z,2024-07-29T13:28:40Z,501,501,20.0,30.0,97.0,107.0,descending,ascending,0.020000457763671875,0.01999664306640625,e930fc8377b0d158b4b22834869896bcc5047b44e38b4c34f63b0b1103e4c255,1.0,1.0,1.0,1.0,1.0,1.0,1.0,False,40.510123,578.155468,0.044708499997796025
202407\29\NC_H09_20240729_1320_R21_FLDK.06001_06001.nc,NC_H09_20240729_1320_R21_FLDK.06001_06001.nc,3543912,2024-07-29T13:20:00+00:00,H09,06001_06001,True,True,TIME_MISMATCH,TIME_MISMATCH,start_time_minus_nominal_seconds=40.526538;end_time_minus_nominal_seconds=578.140119,1.0,True,2024-07-29T13:20:40.526538Z,2024-07-29T13:29:38.140119Z,2024-07-29T13:36:41Z,501,501,20.0,30.0,97.0,107.0,descending,ascending,0.020000457763671875,0.01999664306640625,e930fc8377b0d158b4b22834869896bcc5047b44e38b4c34f63b0b1103e4c255,1.0,1.0,1.0,1.0,1.0,1.0,1.0,False,40.526538,578.140119,0.04394780000438914
202407\29\NC_H09_20240729_1330_R21_FLDK.06001_06001.nc,NC_H09_20240729_1330_R21_FLDK.06001_06001.nc,3558756,2024-07-29T13:30:00+00:00,H09,06001_06001,True,True,TIME_MISMATCH,TIME_MISMATCH,start_time_minus_nominal_seconds=40.191607;end_time_minus_nominal_seconds=578.130488,1.0,True,2024-07-29T13:30:40.191607Z,2024-07-29T13:39:38.130488Z,2024-07-29T13:48:35Z,501,501,20.0,30.0,97.0,107.0,descending,ascending,0.020000457763671875,0.01999664306640625,e930fc8377b0d158b4b22834869896bcc5047b44e38b4c34f63b0b1103e4c255,1.0,1.0,1.0,1.0,1.0,1.0,1.0,False,40.191607,578.130488,0.04371960000571562
202407\29\NC_H09_20240729_1340_R21_FLDK.06001_06001.nc,NC_H09_20240729_1340_R21_FLDK.06001_06001.nc,3587450,2024-07-29T13:40:00+00:00,H09,06001_06001,True,True,TIME_MISMATCH,TIME_MISMATCH,start_time_minus_nominal_seconds=40.480045;end_time_minus_nominal_seconds=578.125387,1.0,True,2024-07-29T13:40:40.480045Z,2024-07-29T13:49:38.125387Z,2024-07-29T13:56:41Z,501,501,20.0,30.0,97.0,107.0,descending,ascending,0.020000457763671875,0.01999664306640625,e930fc8377b0d158b4b22834869896bcc5047b44e38b4c34f63b0b1103e4c255,1.0,1.0,1.0,1.0,1.0,1.0,1.0,False,40.480045,578.125387,0.04689399999915622
202407\29\NC_H09_20240729_1350_R21_FLDK.06001_06001.nc,NC_H09_20240729_1350_R21_FLDK.06001_06001.nc,3608847,2024-07-29T13:50:00+00:00,H09,06001_06001,True,True,TIME_MISMATCH,TIME_MISMATCH,start_time_minus_nominal_seconds=40.496454;end_time_minus_nominal_seconds=578.110031,1.0,True,2024-07-29T13:50:40.496454Z,2024-07-29T13:59:38.110031Z,2024-07-29T14:08:35Z,501,501,20.0,30.0,97.0,107.0,descending,ascending,0.020000457763671875,0.01999664306640625,e930fc8377b0d158b4b22834869896bcc5047b44e38b4c34f63b0b1103e4c255,1.0,1.0,1.0,1.0,1.0,1.0,1.0,False,40.496454,578.110031,0.0448138000065228
202407\30\NC_H09_20240730_2230_R21_FLDK.06001_06001.nc,NC_H09_20240730_2230_R21_FLDK.06001_06001.nc,3979961,2024-07-30T22:30:00+00:00,H09,06001_06001,True,True,TIME_MISMATCH,TIME_MISMATCH,start_time_minus_nominal_seconds=40.692558;end_time_minus_nominal_seconds=578.329564,1.0,True,2024-07-30T22:30:40.692558Z,2024-07-30T22:39:38.329564Z,2024-07-30T22:45:46Z,501,501,20.0,30.0,97.0,107.0,descending,ascending,0.020000457763671875,0.01999664306640625,e930fc8377b0d158b4b22834869896bcc5047b44e38b4c34f63b0b1103e4c255,1.0,1.0,1.0,1.0,1.0,1.0,1.0,False,40.692558,578.329564,0.047671600004832726
202407\30\NC_H09_20240730_2240_R21_FLDK.06001_06001.nc,NC_H09_20240730_2240_R21_FLDK.06001_06001.nc,4257698,2024-07-30T22:40:00+00:00,H09,06001_06001,True,True,TIME_MISMATCH,TIME_MISMATCH,start_time_minus_nominal_seconds=40.342496;end_time_minus_nominal_seconds=578.322145,1.0,True,2024-07-30T22:40:40.342496Z,2024-07-30T22:49:38.322145Z,2024-07-30T22:57:42Z,501,501,20.0,30.0,97.0,107.0,descending,ascending,0.020000457763671875,0.01999664306640625,e930fc8377b0d158b4b22834869896bcc5047b44e38b4c34f63b0b1103e4c255,1.0,1.0,1.0,1.0,1.0,1.0,1.0,False,40.342496,578.322145,0.050752499999362044
202407\30\NC_H09_20240730_2250_R21_FLDK.06001_06001.nc,NC_H09_20240730_2250_R21_FLDK.06001_06001.nc,4536398,2024-07-30T22:50:00+00:00,H09,06001_06001,True,True,TIME_MISMATCH,TIME_MISMATCH,start_time_minus_nominal_seconds=40.321682;end_time_minus_nominal_seconds=578.312803,1.0,True,2024-07-30T22:50:40.321682Z,2024-07-30T22:59:38.312803Z,2024-07-30T23:07:44Z,501,501,20.0,30.0,97.0,107.0,descending,ascending,0.020000457763671875,0.01999664306640625,e930fc8377b0d158b4b22834869896bcc5047b44e38b4c34f63b0b1103e4c255,1.0,1.0,1.0,1.0,1.0,1.0,1.0,False,40.321682,578.312803,0.04595560000598198
202407\30\NC_H09_20240730_2300_R21_FLDK.06001_06001.nc,NC_H09_20240730_2300_R21_FLDK.06001_06001.nc,4782581,2024-07-30T23:00:00+00:00,H09,06001_06001,True,True,TIME_MISMATCH,TIME_MISMATCH,start_time_minus_nominal_seconds=40.572206;end_time_minus_nominal_seconds=578.303091,1.0,True,2024-07-30T23:00:40.572206Z,2024-07-30T23:09:38.303091Z,2024-07-30T23:15:44Z,501,501,20.0,30.0,97.0,107.0,descending,ascending,0.020000457763671875,0.01999664306640625,e930fc8377b0d158b4b22834869896bcc5047b44e38b4c34f63b0b1103e4c255,1.0,1.0,1.0,1.0,1.0,1.0,1.0,False,40.572206,578.303091,0.046442900005786214
202407\30\NC_H09_20240730_2310_R21_FLDK.06001_06001.nc,NC_H09_20240730_2310_R21_FLDK.06001_06001.nc,4953542,2024-07-30T23:10:00+00:00,H09,06001_06001,True,True,TIME_MISMATCH,TIME_MISMATCH,start_time_minus_nominal_seconds=40.587043;end_time_minus_nominal_seconds=578.289934,1.0,True,2024-07-30T23:10:40.587043Z,2024-07-30T23:19:38.289934Z,2024-07-30T23:27:41Z,501,501,20.0,30.0,97.0,107.0,descending,ascending,0.020000457763671875,0.01999664306640625,e930fc8377b0d158b4b22834869896bcc5047b44e38b4c34f63b0b1103e4c255,1.0,1.0,1.0,1.0,1.0,1.0,1.0,False,40.587043,578.289934,0.051090699998894706
202407\30\NC_H09_20240730_2320_R21_FLDK.06001_06001.nc,NC_H09_20240730_2320_R21_FLDK.06001_06001.nc,5068758,2024-07-30T23:20:00+00:00,H09,06001_06001,True,True,TIME_MISMATCH,TIME_MISMATCH,start_time_minus_nominal_seconds=40.246909;end_time_minus_nominal_seconds=578.282504,1.0,True,2024-07-30T23:20:40.246909Z,2024-07-30T23:29:38.282504Z,2024-07-30T23:37:55Z,501,501,20.0,30.0,97.0,107.0,descending,ascending,0.020000457763671875,0.01999664306640625,e930fc8377b0d158b4b22834869896bcc5047b44e38b4c34f63b0b1103e4c255,1.0,1.0,1.0,1.0,1.0,1.0,1.0,False,40.246909,578.282504,0.05163870000251336
202407\31\NC_H09_20240731_0050_R21_FLDK.06001_06001.nc,NC_H09_20240731_0050_R21_FLDK.06001_06001.nc,5429740,2024-07-31T00:50:00+00:00,H09,06001_06001,True,True,TIME_MISMATCH,TIME_MISMATCH,start_time_minus_nominal_seconds=40.421400;end_time_minus_nominal_seconds=578.155292,1.0,True,2024-07-31T00:50:40.421400Z,2024-07-31T00:59:38.155292Z,2024-07-31T01:07:52Z,501,501,20.0,30.0,97.0,107.0,descending,ascending,0.020000457763671875,0.01999664306640625,e930fc8377b0d158b4b22834869896bcc5047b44e38b4c34f63b0b1103e4c255,1.0,1.0,1.0,1.0,1.0,1.0,1.0,False,40.4214,578.155292,0.04869250000047032
202407\31\NC_H09_20240731_0100_R21_FLDK.06001_06001.nc,NC_H09_20240731_0100_R21_FLDK.06001_06001.nc,5446625,2024-07-31T01:00:00+00:00,H09,06001_06001,True,True,TIME_MISMATCH,TIME_MISMATCH,start_time_minus_nominal_seconds=40.412074;end_time_minus_nominal_seconds=578.145598,1.0,True,2024-07-31T01:00:40.412074Z,2024-07-31T01:09:38.145598Z,2024-07-31T01:16:48Z,501,501,20.0,30.0,97.0,107.0,descending,ascending,0.020000457763671875,0.01999664306640625,e930fc8377b0d158b4b22834869896bcc5047b44e38b4c34f63b0b1103e4c255,1.0,1.0,1.0,1.0,1.0,1.0,1.0,False,40.412074,578.145598,0.048821000003954396
202407\31\NC_H09_20240731_0110_R21_FLDK.06001_06001.nc,NC_H09_20240731_0110_R21_FLDK.06001_06001.nc,5462021,2024-07-31T01:10:00+00:00,H09,06001_06001,True,True,TIME_MISMATCH,TIME_MISMATCH,start_time_minus_nominal_seconds=40.072172;end_time_minus_nominal_seconds=578.136268,1.0,True,2024-07-31T01:10:40.072172Z,2024-07-31T01:19:38.136268Z,2024-07-31T01:29:45Z,501,501,20.0,30.0,97.0,107.0,descending,ascending,0.020000457763671875,0.01999664306640625,e930fc8377b0d158b4b22834869896bcc5047b44e38b4c34f63b0b1103e4c255,1.0,1.0,1.0,1.0,1.0,1.0,1.0,False,40.072172,578.136268,0.05393989999720361
202407\31\NC_H09_20240731_0120_R21_FLDK.06001_06001.nc,NC_H09_20240731_0120_R21_FLDK.06001_06001.nc,5476565,2024-07-31T01:20:00+00:00,H09,06001_06001,True,True,TIME_MISMATCH,TIME_MISMATCH,start_time_minus_nominal_seconds=40.403342;end_time_minus_nominal_seconds=578.125041,1.0,True,2024-07-31T01:20:40.403342Z,2024-07-31T01:29:38.125041Z,2024-07-31T01:37:51Z,501,501,20.0,30.0,97.0,107.0,descending,ascending,0.020000457763671875,0.01999664306640625,e930fc8377b0d158b4b22834869896bcc5047b44e38b4c34f63b0b1103e4c255,1.0,1.0,1.0,1.0,1.0,1.0,1.0,False,40.403342,578.125041,0.04833949999738252
202407\31\NC_H09_20240731_0130_R21_FLDK.06001_06001.nc,NC_H09_20240731_0130_R21_FLDK.06001_06001.nc,5490746,2024-07-31T01:30:00+00:00,H09,06001_06001,True,True,TIME_MISMATCH,TIME_MISMATCH,start_time_minus_nominal_seconds=40.381827;end_time_minus_nominal_seconds=578.115730,1.0,True,2024-07-31T01:30:40.381827Z,2024-07-31T01:39:38.115730Z,2024-07-31T01:46:55Z,501,501,20.0,30.0,97.0,107.0,descending,ascending,0.020000457763671875,0.01999664306640625,e930fc8377b0d158b4b22834869896bcc5047b44e38b4c34f63b0b1103e4c255,1.0,1.0,1.0,1.0,1.0,1.0,1.0,False,40.381827,578.11573,0.048088999996252824
202407\31\NC_H09_20240731_0140_R21_FLDK.06001_06001.nc,NC_H09_20240731_0140_R21_FLDK.06001_06001.nc,5503376,2024-07-31T01:40:00+00:00,H09,06001_06001,True,True,TIME_MISMATCH,TIME_MISMATCH,start_time_minus_nominal_seconds=40.030901;end_time_minus_nominal_seconds=578.106403,1.0,True,2024-07-31T01:40:40.030901Z,2024-07-31T01:49:38.106403Z,2024-07-31T01:59:44Z,501,501,20.0,30.0,97.0,107.0,descending,ascending,0.020000457763671875,0.01999664306640625,e930fc8377b0d158b4b22834869896bcc5047b44e38b4c34f63b0b1103e4c255,1.0,1.0,1.0,1.0,1.0,1.0,1.0,False,40.030901,578.106403,0.04953379999642493
