cohort,region,aggregation,statistic,tau_ordinal,tau,physical_threshold_mm_h,log1p_threshold,value,status,lower_bound,upper_bound,unit,n_forward_observations,reason
SUCCESSFUL_UPDATES_ONLY,YUNNAN_INSIDE,pooled_pixel_quantile_distribution,p99,,,,,,NOT_RECOVERABLE_FROM_SAVED_OBSERVATIONS,,679.287446526666,log1p(mm/h),8625,Regional full pixel qlog arrays/histograms were not saved.
SUCCESSFUL_UPDATES_ONLY,YUNNAN_INSIDE,pooled_pixel_quantile_distribution,p99_9,,,,,,NOT_RECOVERABLE_FROM_SAVED_OBSERVATIONS,,679.287446526666,log1p(mm/h),8625,Regional full pixel qlog arrays/histograms were not saved.
SUCCESSFUL_UPDATES_ONLY,YUNNAN_INSIDE,pooled_pixel_quantile_distribution,max,,,,,,NOT_RECOVERABLE_FROM_SAVED_OBSERVATIONS,,679.287446526666,log1p(mm/h),8625,No saved location/value proves this region's maximum.
SUCCESSFUL_UPDATES_ONLY,YUNNAN_INSIDE,per_forward_region_max_distribution,p99,,,,,,NOT_RECOVERABLE_FROM_SAVED_OBSERVATIONS,,530.5879371635742,log1p(mm/h),8625,Regional forward maxima were not saved; corresponding whole-grid percentile is an upper bound.
SUCCESSFUL_UPDATES_ONLY,YUNNAN_INSIDE,per_forward_region_max_distribution,p99_9,,,,,,NOT_RECOVERABLE_FROM_SAVED_OBSERVATIONS,,637.6696938232255,log1p(mm/h),8625,Regional forward maxima were not saved; corresponding whole-grid percentile is an upper bound.
SUCCESSFUL_UPDATES_ONLY,YUNNAN_INSIDE,per_forward_region_max_distribution,max,,,,,,NOT_RECOVERABLE_FROM_SAVED_OBSERVATIONS,,679.287446526666,log1p(mm/h),8625,No saved location/value proves this region's maximum.
SUCCESSFUL_UPDATES_ONLY,YUNNAN_INSIDE,pooled_pixels_per_tau,max,1,0.015625,,,,NOT_RECOVERABLE_FROM_SAVED_OBSERVATIONS,,22.9177673575387,log1p(mm/h),8625,No saved location/value proves this region's maximum.
SUCCESSFUL_UPDATES_ONLY,YUNNAN_INSIDE,pooled_pixels_per_tau,max,2,0.046875,,,,NOT_RECOVERABLE_FROM_SAVED_OBSERVATIONS,,48.65526741247034,log1p(mm/h),8625,No saved location/value proves this region's maximum.
SUCCESSFUL_UPDATES_ONLY,YUNNAN_INSIDE,pooled_pixels_per_tau,max,3,0.078125,,,,NOT_RECOVERABLE_FROM_SAVED_OBSERVATIONS,,67.32992987382961,log1p(mm/h),8625,No saved location/value proves this region's maximum.
SUCCESSFUL_UPDATES_ONLY,YUNNAN_INSIDE,pooled_pixels_per_tau,max,4,0.109375,,,,NOT_RECOVERABLE_FROM_SAVED_OBSERVATIONS,,85.07632391506435,log1p(mm/h),8625,No saved location/value proves this region's maximum.
SUCCESSFUL_UPDATES_ONLY,YUNNAN_INSIDE,pooled_pixels_per_tau,max,5,0.140625,,,,NOT_RECOVERABLE_FROM_SAVED_OBSERVATIONS,,107.02575329445644,log1p(mm/h),8625,No saved location/value proves this region's maximum.
SUCCESSFUL_UPDATES_ONLY,YUNNAN_INSIDE,pooled_pixels_per_tau,max,6,0.171875,,,,NOT_RECOVERABLE_FROM_SAVED_OBSERVATIONS,,137.7959681899667,log1p(mm/h),8625,No saved location/value proves this region's maximum.
SUCCESSFUL_UPDATES_ONLY,YUNNAN_INSIDE,pooled_pixels_per_tau,max,7,0.203125,,,,NOT_RECOVERABLE_FROM_SAVED_OBSERVATIONS,,152.47031048350976,log1p(mm/h),8625,No saved location/value proves this region's maximum.
SUCCESSFUL_UPDATES_ONLY,YUNNAN_INSIDE,pooled_pixels_per_tau,max,8,0.234375,,,,NOT_RECOVERABLE_FROM_SAVED_OBSERVATIONS,,156.61971680307684,log1p(mm/h),8625,No saved location/value proves this region's maximum.
SUCCESSFUL_UPDATES_ONLY,YUNNAN_INSIDE,pooled_pixels_per_tau,max,9,0.265625,,,,NOT_RECOVERABLE_FROM_SAVED_OBSERVATIONS,,165.65995821421194,log1p(mm/h),8625,No saved location/value proves this region's maximum.
SUCCESSFUL_UPDATES_ONLY,YUNNAN_INSIDE,pooled_pixels_per_tau,max,10,0.296875,,,,NOT_RECOVERABLE_FROM_SAVED_OBSERVATIONS,,183.87014314171722,log1p(mm/h),8625,No saved location/value proves this region's maximum.
SUCCESSFUL_UPDATES_ONLY,YUNNAN_INSIDE,pooled_pixels_per_tau,max,11,0.328125,,,,NOT_RECOVERABLE_FROM_SAVED_OBSERVATIONS,,208.7559897792438,log1p(mm/h),8625,No saved location/value proves this region's maximum.
SUCCESSFUL_UPDATES_ONLY,YUNNAN_INSIDE,pooled_pixels_per_tau,max,12,0.359375,,,,NOT_RECOVERABLE_FROM_SAVED_OBSERVATIONS,,237.2325416530231,log1p(mm/h),8625,No saved location/value proves this region's maximum.
SUCCESSFUL_UPDATES_ONLY,YUNNAN_INSIDE,pooled_pixels_per_tau,max,13,0.390625,,,,NOT_RECOVERABLE_FROM_SAVED_OBSERVATIONS,,254.1812112827844,log1p(mm/h),8625,No saved location/value proves this region's maximum.
SUCCESSFUL_UPDATES_ONLY,YUNNAN_INSIDE,pooled_pixels_per_tau,max,14,0.421875,,,,NOT_RECOVERABLE_FROM_SAVED_OBSERVATIONS,,265.3669893312679,log1p(mm/h),8625,No saved location/value proves this region's maximum.
SUCCESSFUL_UPDATES_ONLY,YUNNAN_INSIDE,pooled_pixels_per_tau,max,15,0.453125,,,,NOT_RECOVERABLE_FROM_SAVED_OBSERVATIONS,,293.27225023519856,log1p(mm/h),8625,No saved location/value proves this region's maximum.
SUCCESSFUL_UPDATES_ONLY,YUNNAN_INSIDE,pooled_pixels_per_tau,max,16,0.484375,,,,NOT_RECOVERABLE_FROM_SAVED_OBSERVATIONS,,320.80788032553056,log1p(mm/h),8625,No saved location/value proves this region's maximum.
SUCCESSFUL_UPDATES_ONLY,YUNNAN_INSIDE,pooled_pixels_per_tau,max,17,0.515625,,,,NOT_RECOVERABLE_FROM_SAVED_OBSERVATIONS,,335.07926983124986,log1p(mm/h),8625,No saved location/value proves this region's maximum.
SUCCESSFUL_UPDATES_ONLY,YUNNAN_INSIDE,pooled_pixels_per_tau,max,18,0.546875,,,,NOT_RECOVERABLE_FROM_SAVED_OBSERVATIONS,,358.39106874482405,log1p(mm/h),8625,No saved location/value proves this region's maximum.
SUCCESSFUL_UPDATES_ONLY,YUNNAN_INSIDE,pooled_pixels_per_tau,max,19,0.578125,,,,NOT_RECOVERABLE_FROM_SAVED_OBSERVATIONS,,385.04652419831524,log1p(mm/h),8625,No saved location/value proves this region's maximum.
SUCCESSFUL_UPDATES_ONLY,YUNNAN_INSIDE,pooled_pixels_per_tau,max,20,0.609375,,,,NOT_RECOVERABLE_FROM_SAVED_OBSERVATIONS,,410.2647962716795,log1p(mm/h),8625,No saved location/value proves this region's maximum.
SUCCESSFUL_UPDATES_ONLY,YUNNAN_INSIDE,pooled_pixels_per_tau,max,21,0.640625,,,,NOT_RECOVERABLE_FROM_SAVED_OBSERVATIONS,,426.2762660881426,log1p(mm/h),8625,No saved location/value proves this region's maximum.
SUCCESSFUL_UPDATES_ONLY,YUNNAN_INSIDE,pooled_pixels_per_tau,max,22,0.671875,,,,NOT_RECOVERABLE_FROM_SAVED_OBSERVATIONS,,454.84958729480763,log1p(mm/h),8625,No saved location/value proves this region's maximum.
SUCCESSFUL_UPDATES_ONLY,YUNNAN_INSIDE,pooled_pixels_per_tau,max,23,0.703125,,,,NOT_RECOVERABLE_FROM_SAVED_OBSERVATIONS,,480.853290276375,log1p(mm/h),8625,No saved location/value proves this region's maximum.
SUCCESSFUL_UPDATES_ONLY,YUNNAN_INSIDE,pooled_pixels_per_tau,max,24,0.734375,,,,NOT_RECOVERABLE_FROM_SAVED_OBSERVATIONS,,501.7307401298906,log1p(mm/h),8625,No saved location/value proves this region's maximum.
SUCCESSFUL_UPDATES_ONLY,YUNNAN_INSIDE,pooled_pixels_per_tau,max,25,0.765625,,,,NOT_RECOVERABLE_FROM_SAVED_OBSERVATIONS,,520.6417078270557,log1p(mm/h),8625,No saved location/value proves this region's maximum.
SUCCESSFUL_UPDATES_ONLY,YUNNAN_INSIDE,pooled_pixels_per_tau,max,26,0.796875,,,,NOT_RECOVERABLE_FROM_SAVED_OBSERVATIONS,,520.6494118225315,log1p(mm/h),8625,No saved location/value proves this region's maximum.
SUCCESSFUL_UPDATES_ONLY,YUNNAN_INSIDE,pooled_pixels_per_tau,max,27,0.828125,,,,NOT_RECOVERABLE_FROM_SAVED_OBSERVATIONS,,532.4670498286681,log1p(mm/h),8625,No saved location/value proves this region's maximum.
SUCCESSFUL_UPDATES_ONLY,YUNNAN_INSIDE,pooled_pixels_per_tau,max,28,0.859375,,,,NOT_RECOVERABLE_FROM_SAVED_OBSERVATIONS,,557.506965731378,log1p(mm/h),8625,No saved location/value proves this region's maximum.
SUCCESSFUL_UPDATES_ONLY,YUNNAN_INSIDE,pooled_pixels_per_tau,max,29,0.890625,,,,NOT_RECOVERABLE_FROM_SAVED_OBSERVATIONS,,587.2036447108702,log1p(mm/h),8625,No saved location/value proves this region's maximum.
SUCCESSFUL_UPDATES_ONLY,YUNNAN_INSIDE,pooled_pixels_per_tau,max,30,0.921875,,,,NOT_RECOVERABLE_FROM_SAVED_OBSERVATIONS,,607.913883031793,log1p(mm/h),8625,No saved location/value proves this region's maximum.
SUCCESSFUL_UPDATES_ONLY,YUNNAN_INSIDE,pooled_pixels_per_tau,max,31,0.953125,,,,NOT_RECOVERABLE_FROM_SAVED_OBSERVATIONS,,645.1362005916075,log1p(mm/h),8625,No saved location/value proves this region's maximum.
SUCCESSFUL_UPDATES_ONLY,YUNNAN_INSIDE,pooled_pixels_per_tau,max,32,0.984375,,,,NOT_RECOVERABLE_FROM_SAVED_OBSERVATIONS,,679.287446526666,log1p(mm/h),8625,No saved location/value proves this region's maximum.
SUCCESSFUL_UPDATES_ONLY,YUNNAN_INSIDE,per_tau_pixel_exposures,count_strictly_above,1,0.015625,10,2.3978952727983707,,NOT_RECOVERABLE_FROM_SAVED_OBSERVATIONS,0,58193380,scene-pixel exposure,8625,Exact pixel counts were not saved; these are conservative bounds.
SUCCESSFUL_UPDATES_ONLY,YUNNAN_INSIDE,per_tau_pixel_exposures,count_strictly_above,2,0.046875,10,2.3978952727983707,,NOT_RECOVERABLE_FROM_SAVED_OBSERVATIONS,0,58982280,scene-pixel exposure,8625,Exact pixel counts were not saved; these are conservative bounds.
SUCCESSFUL_UPDATES_ONLY,YUNNAN_INSIDE,per_tau_pixel_exposures,count_strictly_above,3,0.078125,10,2.3978952727983707,,NOT_RECOVERABLE_FROM_SAVED_OBSERVATIONS,0,59044020,scene-pixel exposure,8625,Exact pixel counts were not saved; these are conservative bounds.
SUCCESSFUL_UPDATES_ONLY,YUNNAN_INSIDE,per_tau_pixel_exposures,count_strictly_above,4,0.109375,10,2.3978952727983707,,NOT_RECOVERABLE_FROM_SAVED_OBSERVATIONS,0,59085180,scene-pixel exposure,8625,Exact pixel counts were not saved; these are conservative bounds.
SUCCESSFUL_UPDATES_ONLY,YUNNAN_INSIDE,per_tau_pixel_exposures,count_strictly_above,5,0.140625,10,2.3978952727983707,,NOT_RECOVERABLE_FROM_SAVED_OBSERVATIONS,0,59098900,scene-pixel exposure,8625,Exact pixel counts were not saved; these are conservative bounds.
SUCCESSFUL_UPDATES_ONLY,YUNNAN_INSIDE,per_tau_pixel_exposures,count_strictly_above,6,0.171875,10,2.3978952727983707,,NOT_RECOVERABLE_FROM_SAVED_OBSERVATIONS,0,59146920,scene-pixel exposure,8625,Exact pixel counts were not saved; these are conservative bounds.
SUCCESSFUL_UPDATES_ONLY,YUNNAN_INSIDE,per_tau_pixel_exposures,count_strictly_above,7,0.203125,10,2.3978952727983707,,NOT_RECOVERABLE_FROM_SAVED_OBSERVATIONS,0,59146920,scene-pixel exposure,8625,Exact pixel counts were not saved; these are conservative bounds.
SUCCESSFUL_UPDATES_ONLY,YUNNAN_INSIDE,per_tau_pixel_exposures,count_strictly_above,8,0.234375,10,2.3978952727983707,,NOT_RECOVERABLE_FROM_SAVED_OBSERVATIONS,0,59146920,scene-pixel exposure,8625,Exact pixel counts were not saved; these are conservative bounds.
SUCCESSFUL_UPDATES_ONLY,YUNNAN_INSIDE,per_tau_pixel_exposures,count_strictly_above,9,0.265625,10,2.3978952727983707,,NOT_RECOVERABLE_FROM_SAVED_OBSERVATIONS,0,59146920,scene-pixel exposure,8625,Exact pixel counts were not saved; these are conservative bounds.
SUCCESSFUL_UPDATES_ONLY,YUNNAN_INSIDE,per_tau_pixel_exposures,count_strictly_above,10,0.296875,10,2.3978952727983707,,NOT_RECOVERABLE_FROM_SAVED_OBSERVATIONS,0,59146920,scene-pixel exposure,8625,Exact pixel counts were not saved; these are conservative bounds.
SUCCESSFUL_UPDATES_ONLY,YUNNAN_INSIDE,per_tau_pixel_exposures,count_strictly_above,11,0.328125,10,2.3978952727983707,,NOT_RECOVERABLE_FROM_SAVED_OBSERVATIONS,0,59160640,scene-pixel exposure,8625,Exact pixel counts were not saved; these are conservative bounds.
SUCCESSFUL_UPDATES_ONLY,YUNNAN_INSIDE,per_tau_pixel_exposures,count_strictly_above,12,0.359375,10,2.3978952727983707,,NOT_RECOVERABLE_FROM_SAVED_OBSERVATIONS,0,59160640,scene-pixel exposure,8625,Exact pixel counts were not saved; these are conservative bounds.
SUCCESSFUL_UPDATES_ONLY,YUNNAN_INSIDE,per_tau_pixel_exposures,count_strictly_above,13,0.390625,10,2.3978952727983707,,NOT_RECOVERABLE_FROM_SAVED_OBSERVATIONS,0,59160640,scene-pixel exposure,8625,Exact pixel counts were not saved; these are conservative bounds.
SUCCESSFUL_UPDATES_ONLY,YUNNAN_INSIDE,per_tau_pixel_exposures,count_strictly_above,14,0.421875,10,2.3978952727983707,,NOT_RECOVERABLE_FROM_SAVED_OBSERVATIONS,0,59160640,scene-pixel exposure,8625,Exact pixel counts were not saved; these are conservative bounds.
SUCCESSFUL_UPDATES_ONLY,YUNNAN_INSIDE,per_tau_pixel_exposures,count_strictly_above,15,0.453125,10,2.3978952727983707,,NOT_RECOVERABLE_FROM_SAVED_OBSERVATIONS,0,59160640,scene-pixel exposure,8625,Exact pixel counts were not saved; these are conservative bounds.
SUCCESSFUL_UPDATES_ONLY,YUNNAN_INSIDE,per_tau_pixel_exposures,count_strictly_above,16,0.484375,10,2.3978952727983707,,NOT_RECOVERABLE_FROM_SAVED_OBSERVATIONS,0,59167500,scene-pixel exposure,8625,Exact pixel counts were not saved; these are conservative bounds.
SUCCESSFUL_UPDATES_ONLY,YUNNAN_INSIDE,per_tau_pixel_exposures,count_strictly_above,17,0.515625,10,2.3978952727983707,,NOT_RECOVERABLE_FROM_SAVED_OBSERVATIONS,0,59167500,scene-pixel exposure,8625,Exact pixel counts were not saved; these are conservative bounds.
SUCCESSFUL_UPDATES_ONLY,YUNNAN_INSIDE,per_tau_pixel_exposures,count_strictly_above,18,0.546875,10,2.3978952727983707,,NOT_RECOVERABLE_FROM_SAVED_OBSERVATIONS,0,59167500,scene-pixel exposure,8625,Exact pixel counts were not saved; these are conservative bounds.
SUCCESSFUL_UPDATES_ONLY,YUNNAN_INSIDE,per_tau_pixel_exposures,count_strictly_above,19,0.578125,10,2.3978952727983707,,NOT_RECOVERABLE_FROM_SAVED_OBSERVATIONS,0,59167500,scene-pixel exposure,8625,Exact pixel counts were not saved; these are conservative bounds.
SUCCESSFUL_UPDATES_ONLY,YUNNAN_INSIDE,per_tau_pixel_exposures,count_strictly_above,20,0.609375,10,2.3978952727983707,,NOT_RECOVERABLE_FROM_SAVED_OBSERVATIONS,0,59167500,scene-pixel exposure,8625,Exact pixel counts were not saved; these are conservative bounds.
SUCCESSFUL_UPDATES_ONLY,YUNNAN_INSIDE,per_tau_pixel_exposures,count_strictly_above,21,0.640625,10,2.3978952727983707,,NOT_RECOVERABLE_FROM_SAVED_OBSERVATIONS,0,59167500,scene-pixel exposure,8625,Exact pixel counts were not saved; these are conservative bounds.
SUCCESSFUL_UPDATES_ONLY,YUNNAN_INSIDE,per_tau_pixel_exposures,count_strictly_above,22,0.671875,10,2.3978952727983707,,NOT_RECOVERABLE_FROM_SAVED_OBSERVATIONS,0,59167500,scene-pixel exposure,8625,Exact pixel counts were not saved; these are conservative bounds.
SUCCESSFUL_UPDATES_ONLY,YUNNAN_INSIDE,per_tau_pixel_exposures,count_strictly_above,23,0.703125,10,2.3978952727983707,,NOT_RECOVERABLE_FROM_SAVED_OBSERVATIONS,0,59167500,scene-pixel exposure,8625,Exact pixel counts were not saved; these are conservative bounds.
SUCCESSFUL_UPDATES_ONLY,YUNNAN_INSIDE,per_tau_pixel_exposures,count_strictly_above,24,0.734375,10,2.3978952727983707,,NOT_RECOVERABLE_FROM_SAVED_OBSERVATIONS,0,59167500,scene-pixel exposure,8625,Exact pixel counts were not saved; these are conservative bounds.
SUCCESSFUL_UPDATES_ONLY,YUNNAN_INSIDE,per_tau_pixel_exposures,count_strictly_above,25,0.765625,10,2.3978952727983707,,NOT_RECOVERABLE_FROM_SAVED_OBSERVATIONS,0,59167500,scene-pixel exposure,8625,Exact pixel counts were not saved; these are conservative bounds.
SUCCESSFUL_UPDATES_ONLY,YUNNAN_INSIDE,per_tau_pixel_exposures,count_strictly_above,26,0.796875,10,2.3978952727983707,,NOT_RECOVERABLE_FROM_SAVED_OBSERVATIONS,0,59167500,scene-pixel exposure,8625,Exact pixel counts were not saved; these are conservative bounds.
SUCCESSFUL_UPDATES_ONLY,YUNNAN_INSIDE,per_tau_pixel_exposures,count_strictly_above,27,0.828125,10,2.3978952727983707,,NOT_RECOVERABLE_FROM_SAVED_OBSERVATIONS,0,59167500,scene-pixel exposure,8625,Exact pixel counts were not saved; these are conservative bounds.
SUCCESSFUL_UPDATES_ONLY,YUNNAN_INSIDE,per_tau_pixel_exposures,count_strictly_above,28,0.859375,10,2.3978952727983707,,NOT_RECOVERABLE_FROM_SAVED_OBSERVATIONS,0,59167500,scene-pixel exposure,8625,Exact pixel counts were not saved; these are conservative bounds.
SUCCESSFUL_UPDATES_ONLY,YUNNAN_INSIDE,per_tau_pixel_exposures,count_strictly_above,29,0.890625,10,2.3978952727983707,,NOT_RECOVERABLE_FROM_SAVED_OBSERVATIONS,0,59167500,scene-pixel exposure,8625,Exact pixel counts were not saved; these are conservative bounds.
SUCCESSFUL_UPDATES_ONLY,YUNNAN_INSIDE,per_tau_pixel_exposures,count_strictly_above,30,0.921875,10,2.3978952727983707,,NOT_RECOVERABLE_FROM_SAVED_OBSERVATIONS,0,59167500,scene-pixel exposure,8625,Exact pixel counts were not saved; these are conservative bounds.
SUCCESSFUL_UPDATES_ONLY,YUNNAN_INSIDE,per_tau_pixel_exposures,count_strictly_above,31,0.953125,10,2.3978952727983707,,NOT_RECOVERABLE_FROM_SAVED_OBSERVATIONS,0,59167500,scene-pixel exposure,8625,Exact pixel counts were not saved; these are conservative bounds.
SUCCESSFUL_UPDATES_ONLY,YUNNAN_INSIDE,per_tau_pixel_exposures,count_strictly_above,32,0.984375,10,2.3978952727983707,,NOT_RECOVERABLE_FROM_SAVED_OBSERVATIONS,0,59167500,scene-pixel exposure,8625,Exact pixel counts were not saved; these are conservative bounds.
SUCCESSFUL_UPDATES_ONLY,YUNNAN_INSIDE,pixel_tau_exposure_count,count_strictly_above,,,10,2.3978952727983707,,NOT_RECOVERABLE_FROM_SAVED_OBSERVATIONS,0,1891789060,scene-pixel-tau exposure,8625,Exact pixel counts were not saved; these are conservative bounds.
SUCCESSFUL_UPDATES_ONLY,YUNNAN_INSIDE,spatial_pixel_exposure_count_any_tau,count_strictly_above,,,10,2.3978952727983707,,NOT_RECOVERABLE_FROM_SAVED_OBSERVATIONS,0,59167500,scene-pixel exposure (any tau),8625,Exact pixel counts were not saved; these are conservative bounds.
SUCCESSFUL_UPDATES_ONLY,YUNNAN_INSIDE,per_tau_pixel_exposures,count_strictly_above,1,0.015625,50,3.9318256327243257,,NOT_RECOVERABLE_FROM_SAVED_OBSERVATIONS,0,56560700,scene-pixel exposure,8625,Exact pixel counts were not saved; these are conservative bounds.
SUCCESSFUL_UPDATES_ONLY,YUNNAN_INSIDE,per_tau_pixel_exposures,count_strictly_above,2,0.046875,50,3.9318256327243257,,NOT_RECOVERABLE_FROM_SAVED_OBSERVATIONS,0,58694160,scene-pixel exposure,8625,Exact pixel counts were not saved; these are conservative bounds.
SUCCESSFUL_UPDATES_ONLY,YUNNAN_INSIDE,per_tau_pixel_exposures,count_strictly_above,3,0.078125,50,3.9318256327243257,,NOT_RECOVERABLE_FROM_SAVED_OBSERVATIONS,0,58824500,scene-pixel exposure,8625,Exact pixel counts were not saved; these are conservative bounds.
SUCCESSFUL_UPDATES_ONLY,YUNNAN_INSIDE,per_tau_pixel_exposures,count_strictly_above,4,0.109375,50,3.9318256327243257,,NOT_RECOVERABLE_FROM_SAVED_OBSERVATIONS,0,58913680,scene-pixel exposure,8625,Exact pixel counts were not saved; these are conservative bounds.
SUCCESSFUL_UPDATES_ONLY,YUNNAN_INSIDE,per_tau_pixel_exposures,count_strictly_above,5,0.140625,50,3.9318256327243257,,NOT_RECOVERABLE_FROM_SAVED_OBSERVATIONS,0,59002860,scene-pixel exposure,8625,Exact pixel counts were not saved; these are conservative bounds.
SUCCESSFUL_UPDATES_ONLY,YUNNAN_INSIDE,per_tau_pixel_exposures,count_strictly_above,6,0.171875,50,3.9318256327243257,,NOT_RECOVERABLE_FROM_SAVED_OBSERVATIONS,0,59092040,scene-pixel exposure,8625,Exact pixel counts were not saved; these are conservative bounds.
SUCCESSFUL_UPDATES_ONLY,YUNNAN_INSIDE,per_tau_pixel_exposures,count_strictly_above,7,0.203125,50,3.9318256327243257,,NOT_RECOVERABLE_FROM_SAVED_OBSERVATIONS,0,59098900,scene-pixel exposure,8625,Exact pixel counts were not saved; these are conservative bounds.
SUCCESSFUL_UPDATES_ONLY,YUNNAN_INSIDE,per_tau_pixel_exposures,count_strictly_above,8,0.234375,50,3.9318256327243257,,NOT_RECOVERABLE_FROM_SAVED_OBSERVATIONS,0,59098900,scene-pixel exposure,8625,Exact pixel counts were not saved; these are conservative bounds.
SUCCESSFUL_UPDATES_ONLY,YUNNAN_INSIDE,per_tau_pixel_exposures,count_strictly_above,9,0.265625,50,3.9318256327243257,,NOT_RECOVERABLE_FROM_SAVED_OBSERVATIONS,0,59098900,scene-pixel exposure,8625,Exact pixel counts were not saved; these are conservative bounds.
SUCCESSFUL_UPDATES_ONLY,YUNNAN_INSIDE,per_tau_pixel_exposures,count_strictly_above,10,0.296875,50,3.9318256327243257,,NOT_RECOVERABLE_FROM_SAVED_OBSERVATIONS,0,59126340,scene-pixel exposure,8625,Exact pixel counts were not saved; these are conservative bounds.
SUCCESSFUL_UPDATES_ONLY,YUNNAN_INSIDE,per_tau_pixel_exposures,count_strictly_above,11,0.328125,50,3.9318256327243257,,NOT_RECOVERABLE_FROM_SAVED_OBSERVATIONS,0,59146920,scene-pixel exposure,8625,Exact pixel counts were not saved; these are conservative bounds.
SUCCESSFUL_UPDATES_ONLY,YUNNAN_INSIDE,per_tau_pixel_exposures,count_strictly_above,12,0.359375,50,3.9318256327243257,,NOT_RECOVERABLE_FROM_SAVED_OBSERVATIONS,0,59146920,scene-pixel exposure,8625,Exact pixel counts were not saved; these are conservative bounds.
SUCCESSFUL_UPDATES_ONLY,YUNNAN_INSIDE,per_tau_pixel_exposures,count_strictly_above,13,0.390625,50,3.9318256327243257,,NOT_RECOVERABLE_FROM_SAVED_OBSERVATIONS,0,59146920,scene-pixel exposure,8625,Exact pixel counts were not saved; these are conservative bounds.
SUCCESSFUL_UPDATES_ONLY,YUNNAN_INSIDE,per_tau_pixel_exposures,count_strictly_above,14,0.421875,50,3.9318256327243257,,NOT_RECOVERABLE_FROM_SAVED_OBSERVATIONS,0,59146920,scene-pixel exposure,8625,Exact pixel counts were not saved; these are conservative bounds.
SUCCESSFUL_UPDATES_ONLY,YUNNAN_INSIDE,per_tau_pixel_exposures,count_strictly_above,15,0.453125,50,3.9318256327243257,,NOT_RECOVERABLE_FROM_SAVED_OBSERVATIONS,0,59146920,scene-pixel exposure,8625,Exact pixel counts were not saved; these are conservative bounds.
SUCCESSFUL_UPDATES_ONLY,YUNNAN_INSIDE,per_tau_pixel_exposures,count_strictly_above,16,0.484375,50,3.9318256327243257,,NOT_RECOVERABLE_FROM_SAVED_OBSERVATIONS,0,59160640,scene-pixel exposure,8625,Exact pixel counts were not saved; these are conservative bounds.
SUCCESSFUL_UPDATES_ONLY,YUNNAN_INSIDE,per_tau_pixel_exposures,count_strictly_above,17,0.515625,50,3.9318256327243257,,NOT_RECOVERABLE_FROM_SAVED_OBSERVATIONS,0,59160640,scene-pixel exposure,8625,Exact pixel counts were not saved; these are conservative bounds.
SUCCESSFUL_UPDATES_ONLY,YUNNAN_INSIDE,per_tau_pixel_exposures,count_strictly_above,18,0.546875,50,3.9318256327243257,,NOT_RECOVERABLE_FROM_SAVED_OBSERVATIONS,0,59160640,scene-pixel exposure,8625,Exact pixel counts were not saved; these are conservative bounds.
SUCCESSFUL_UPDATES_ONLY,YUNNAN_INSIDE,per_tau_pixel_exposures,count_strictly_above,19,0.578125,50,3.9318256327243257,,NOT_RECOVERABLE_FROM_SAVED_OBSERVATIONS,0,59160640,scene-pixel exposure,8625,Exact pixel counts were not saved; these are conservative bounds.
SUCCESSFUL_UPDATES_ONLY,YUNNAN_INSIDE,per_tau_pixel_exposures,count_strictly_above,20,0.609375,50,3.9318256327243257,,NOT_RECOVERABLE_FROM_SAVED_OBSERVATIONS,0,59160640,scene-pixel exposure,8625,Exact pixel counts were not saved; these are conservative bounds.
SUCCESSFUL_UPDATES_ONLY,YUNNAN_INSIDE,per_tau_pixel_exposures,count_strictly_above,21,0.640625,50,3.9318256327243257,,NOT_RECOVERABLE_FROM_SAVED_OBSERVATIONS,0,59160640,scene-pixel exposure,8625,Exact pixel counts were not saved; these are conservative bounds.
SUCCESSFUL_UPDATES_ONLY,YUNNAN_INSIDE,per_tau_pixel_exposures,count_strictly_above,22,0.671875,50,3.9318256327243257,,NOT_RECOVERABLE_FROM_SAVED_OBSERVATIONS,0,59160640,scene-pixel exposure,8625,Exact pixel counts were not saved; these are conservative bounds.
SUCCESSFUL_UPDATES_ONLY,YUNNAN_INSIDE,per_tau_pixel_exposures,count_strictly_above,23,0.703125,50,3.9318256327243257,,NOT_RECOVERABLE_FROM_SAVED_OBSERVATIONS,0,59160640,scene-pixel exposure,8625,Exact pixel counts were not saved; these are conservative bounds.
SUCCESSFUL_UPDATES_ONLY,YUNNAN_INSIDE,per_tau_pixel_exposures,count_strictly_above,24,0.734375,50,3.9318256327243257,,NOT_RECOVERABLE_FROM_SAVED_OBSERVATIONS,0,59160640,scene-pixel exposure,8625,Exact pixel counts were not saved; these are conservative bounds.
SUCCESSFUL_UPDATES_ONLY,YUNNAN_INSIDE,per_tau_pixel_exposures,count_strictly_above,25,0.765625,50,3.9318256327243257,,NOT_RECOVERABLE_FROM_SAVED_OBSERVATIONS,0,59160640,scene-pixel exposure,8625,Exact pixel counts were not saved; these are conservative bounds.
SUCCESSFUL_UPDATES_ONLY,YUNNAN_INSIDE,per_tau_pixel_exposures,count_strictly_above,26,0.796875,50,3.9318256327243257,,NOT_RECOVERABLE_FROM_SAVED_OBSERVATIONS,0,59160640,scene-pixel exposure,8625,Exact pixel counts were not saved; these are conservative bounds.
SUCCESSFUL_UPDATES_ONLY,YUNNAN_INSIDE,per_tau_pixel_exposures,count_strictly_above,27,0.828125,50,3.9318256327243257,,NOT_RECOVERABLE_FROM_SAVED_OBSERVATIONS,0,59167500,scene-pixel exposure,8625,Exact pixel counts were not saved; these are conservative bounds.
SUCCESSFUL_UPDATES_ONLY,YUNNAN_INSIDE,per_tau_pixel_exposures,count_strictly_above,28,0.859375,50,3.9318256327243257,,NOT_RECOVERABLE_FROM_SAVED_OBSERVATIONS,0,59167500,scene-pixel exposure,8625,Exact pixel counts were not saved; these are conservative bounds.
SUCCESSFUL_UPDATES_ONLY,YUNNAN_INSIDE,per_tau_pixel_exposures,count_strictly_above,29,0.890625,50,3.9318256327243257,,NOT_RECOVERABLE_FROM_SAVED_OBSERVATIONS,0,59167500,scene-pixel exposure,8625,Exact pixel counts were not saved; these are conservative bounds.
SUCCESSFUL_UPDATES_ONLY,YUNNAN_INSIDE,per_tau_pixel_exposures,count_strictly_above,30,0.921875,50,3.9318256327243257,,NOT_RECOVERABLE_FROM_SAVED_OBSERVATIONS,0,59167500,scene-pixel exposure,8625,Exact pixel counts were not saved; these are conservative bounds.
SUCCESSFUL_UPDATES_ONLY,YUNNAN_INSIDE,per_tau_pixel_exposures,count_strictly_above,31,0.953125,50,3.9318256327243257,,NOT_RECOVERABLE_FROM_SAVED_OBSERVATIONS,0,59167500,scene-pixel exposure,8625,Exact pixel counts were not saved; these are conservative bounds.
SUCCESSFUL_UPDATES_ONLY,YUNNAN_INSIDE,per_tau_pixel_exposures,count_strictly_above,32,0.984375,50,3.9318256327243257,,NOT_RECOVERABLE_FROM_SAVED_OBSERVATIONS,0,59167500,scene-pixel exposure,8625,Exact pixel counts were not saved; these are conservative bounds.
SUCCESSFUL_UPDATES_ONLY,YUNNAN_INSIDE,pixel_tau_exposure_count,count_strictly_above,,,50,3.9318256327243257,,NOT_RECOVERABLE_FROM_SAVED_OBSERVATIONS,0,1889017620,scene-pixel-tau exposure,8625,Exact pixel counts were not saved; these are conservative bounds.
SUCCESSFUL_UPDATES_ONLY,YUNNAN_INSIDE,spatial_pixel_exposure_count_any_tau,count_strictly_above,,,50,3.9318256327243257,,NOT_RECOVERABLE_FROM_SAVED_OBSERVATIONS,0,59167500,scene-pixel exposure (any tau),8625,Exact pixel counts were not saved; these are conservative bounds.
SUCCESSFUL_UPDATES_ONLY,YUNNAN_INSIDE,per_tau_pixel_exposures,count_strictly_above,1,0.015625,100,4.61512051684126,,NOT_RECOVERABLE_FROM_SAVED_OBSERVATIONS,0,55463100,scene-pixel exposure,8625,Exact pixel counts were not saved; these are conservative bounds.
SUCCESSFUL_UPDATES_ONLY,YUNNAN_INSIDE,per_tau_pixel_exposures,count_strictly_above,2,0.046875,100,4.61512051684126,,NOT_RECOVERABLE_FROM_SAVED_OBSERVATIONS,0,58522660,scene-pixel exposure,8625,Exact pixel counts were not saved; these are conservative bounds.
SUCCESSFUL_UPDATES_ONLY,YUNNAN_INSIDE,per_tau_pixel_exposures,count_strictly_above,3,0.078125,100,4.61512051684126,,NOT_RECOVERABLE_FROM_SAVED_OBSERVATIONS,0,58721600,scene-pixel exposure,8625,Exact pixel counts were not saved; these are conservative bounds.
SUCCESSFUL_UPDATES_ONLY,YUNNAN_INSIDE,per_tau_pixel_exposures,count_strictly_above,4,0.109375,100,4.61512051684126,,NOT_RECOVERABLE_FROM_SAVED_OBSERVATIONS,0,58845080,scene-pixel exposure,8625,Exact pixel counts were not saved; these are conservative bounds.
SUCCESSFUL_UPDATES_ONLY,YUNNAN_INSIDE,per_tau_pixel_exposures,count_strictly_above,5,0.140625,100,4.61512051684126,,NOT_RECOVERABLE_FROM_SAVED_OBSERVATIONS,0,58934260,scene-pixel exposure,8625,Exact pixel counts were not saved; these are conservative bounds.
SUCCESSFUL_UPDATES_ONLY,YUNNAN_INSIDE,per_tau_pixel_exposures,count_strictly_above,6,0.171875,100,4.61512051684126,,NOT_RECOVERABLE_FROM_SAVED_OBSERVATIONS,0,59057740,scene-pixel exposure,8625,Exact pixel counts were not saved; these are conservative bounds.
SUCCESSFUL_UPDATES_ONLY,YUNNAN_INSIDE,per_tau_pixel_exposures,count_strictly_above,7,0.203125,100,4.61512051684126,,NOT_RECOVERABLE_FROM_SAVED_OBSERVATIONS,0,59078320,scene-pixel exposure,8625,Exact pixel counts were not saved; these are conservative bounds.
SUCCESSFUL_UPDATES_ONLY,YUNNAN_INSIDE,per_tau_pixel_exposures,count_strictly_above,8,0.234375,100,4.61512051684126,,NOT_RECOVERABLE_FROM_SAVED_OBSERVATIONS,0,59085180,scene-pixel exposure,8625,Exact pixel counts were not saved; these are conservative bounds.
SUCCESSFUL_UPDATES_ONLY,YUNNAN_INSIDE,per_tau_pixel_exposures,count_strictly_above,9,0.265625,100,4.61512051684126,,NOT_RECOVERABLE_FROM_SAVED_OBSERVATIONS,0,59092040,scene-pixel exposure,8625,Exact pixel counts were not saved; these are conservative bounds.
SUCCESSFUL_UPDATES_ONLY,YUNNAN_INSIDE,per_tau_pixel_exposures,count_strictly_above,10,0.296875,100,4.61512051684126,,NOT_RECOVERABLE_FROM_SAVED_OBSERVATIONS,0,59098900,scene-pixel exposure,8625,Exact pixel counts were not saved; these are conservative bounds.
SUCCESSFUL_UPDATES_ONLY,YUNNAN_INSIDE,per_tau_pixel_exposures,count_strictly_above,11,0.328125,100,4.61512051684126,,NOT_RECOVERABLE_FROM_SAVED_OBSERVATIONS,0,59126340,scene-pixel exposure,8625,Exact pixel counts were not saved; these are conservative bounds.
SUCCESSFUL_UPDATES_ONLY,YUNNAN_INSIDE,per_tau_pixel_exposures,count_strictly_above,12,0.359375,100,4.61512051684126,,NOT_RECOVERABLE_FROM_SAVED_OBSERVATIONS,0,59146920,scene-pixel exposure,8625,Exact pixel counts were not saved; these are conservative bounds.
SUCCESSFUL_UPDATES_ONLY,YUNNAN_INSIDE,per_tau_pixel_exposures,count_strictly_above,13,0.390625,100,4.61512051684126,,NOT_RECOVERABLE_FROM_SAVED_OBSERVATIONS,0,59146920,scene-pixel exposure,8625,Exact pixel counts were not saved; these are conservative bounds.
SUCCESSFUL_UPDATES_ONLY,YUNNAN_INSIDE,per_tau_pixel_exposures,count_strictly_above,14,0.421875,100,4.61512051684126,,NOT_RECOVERABLE_FROM_SAVED_OBSERVATIONS,0,59146920,scene-pixel exposure,8625,Exact pixel counts were not saved; these are conservative bounds.
SUCCESSFUL_UPDATES_ONLY,YUNNAN_INSIDE,per_tau_pixel_exposures,count_strictly_above,15,0.453125,100,4.61512051684126,,NOT_RECOVERABLE_FROM_SAVED_OBSERVATIONS,0,59146920,scene-pixel exposure,8625,Exact pixel counts were not saved; these are conservative bounds.
SUCCESSFUL_UPDATES_ONLY,YUNNAN_INSIDE,per_tau_pixel_exposures,count_strictly_above,16,0.484375,100,4.61512051684126,,NOT_RECOVERABLE_FROM_SAVED_OBSERVATIONS,0,59146920,scene-pixel exposure,8625,Exact pixel counts were not saved; these are conservative bounds.
SUCCESSFUL_UPDATES_ONLY,YUNNAN_INSIDE,per_tau_pixel_exposures,count_strictly_above,17,0.515625,100,4.61512051684126,,NOT_RECOVERABLE_FROM_SAVED_OBSERVATIONS,0,59146920,scene-pixel exposure,8625,Exact pixel counts were not saved; these are conservative bounds.
SUCCESSFUL_UPDATES_ONLY,YUNNAN_INSIDE,per_tau_pixel_exposures,count_strictly_above,18,0.546875,100,4.61512051684126,,NOT_RECOVERABLE_FROM_SAVED_OBSERVATIONS,0,59160640,scene-pixel exposure,8625,Exact pixel counts were not saved; these are conservative bounds.
SUCCESSFUL_UPDATES_ONLY,YUNNAN_INSIDE,per_tau_pixel_exposures,count_strictly_above,19,0.578125,100,4.61512051684126,,NOT_RECOVERABLE_FROM_SAVED_OBSERVATIONS,0,59160640,scene-pixel exposure,8625,Exact pixel counts were not saved; these are conservative bounds.
SUCCESSFUL_UPDATES_ONLY,YUNNAN_INSIDE,per_tau_pixel_exposures,count_strictly_above,20,0.609375,100,4.61512051684126,,NOT_RECOVERABLE_FROM_SAVED_OBSERVATIONS,0,59160640,scene-pixel exposure,8625,Exact pixel counts were not saved; these are conservative bounds.
SUCCESSFUL_UPDATES_ONLY,YUNNAN_INSIDE,per_tau_pixel_exposures,count_strictly_above,21,0.640625,100,4.61512051684126,,NOT_RECOVERABLE_FROM_SAVED_OBSERVATIONS,0,59160640,scene-pixel exposure,8625,Exact pixel counts were not saved; these are conservative bounds.
SUCCESSFUL_UPDATES_ONLY,YUNNAN_INSIDE,per_tau_pixel_exposures,count_strictly_above,22,0.671875,100,4.61512051684126,,NOT_RECOVERABLE_FROM_SAVED_OBSERVATIONS,0,59160640,scene-pixel exposure,8625,Exact pixel counts were not saved; these are conservative bounds.
SUCCESSFUL_UPDATES_ONLY,YUNNAN_INSIDE,per_tau_pixel_exposures,count_strictly_above,23,0.703125,100,4.61512051684126,,NOT_RECOVERABLE_FROM_SAVED_OBSERVATIONS,0,59160640,scene-pixel exposure,8625,Exact pixel counts were not saved; these are conservative bounds.
SUCCESSFUL_UPDATES_ONLY,YUNNAN_INSIDE,per_tau_pixel_exposures,count_strictly_above,24,0.734375,100,4.61512051684126,,NOT_RECOVERABLE_FROM_SAVED_OBSERVATIONS,0,59160640,scene-pixel exposure,8625,Exact pixel counts were not saved; these are conservative bounds.
SUCCESSFUL_UPDATES_ONLY,YUNNAN_INSIDE,per_tau_pixel_exposures,count_strictly_above,25,0.765625,100,4.61512051684126,,NOT_RECOVERABLE_FROM_SAVED_OBSERVATIONS,0,59160640,scene-pixel exposure,8625,Exact pixel counts were not saved; these are conservative bounds.
SUCCESSFUL_UPDATES_ONLY,YUNNAN_INSIDE,per_tau_pixel_exposures,count_strictly_above,26,0.796875,100,4.61512051684126,,NOT_RECOVERABLE_FROM_SAVED_OBSERVATIONS,0,59160640,scene-pixel exposure,8625,Exact pixel counts were not saved; these are conservative bounds.
SUCCESSFUL_UPDATES_ONLY,YUNNAN_INSIDE,per_tau_pixel_exposures,count_strictly_above,27,0.828125,100,4.61512051684126,,NOT_RECOVERABLE_FROM_SAVED_OBSERVATIONS,0,59160640,scene-pixel exposure,8625,Exact pixel counts were not saved; these are conservative bounds.
SUCCESSFUL_UPDATES_ONLY,YUNNAN_INSIDE,per_tau_pixel_exposures,count_strictly_above,28,0.859375,100,4.61512051684126,,NOT_RECOVERABLE_FROM_SAVED_OBSERVATIONS,0,59160640,scene-pixel exposure,8625,Exact pixel counts were not saved; these are conservative bounds.
SUCCESSFUL_UPDATES_ONLY,YUNNAN_INSIDE,per_tau_pixel_exposures,count_strictly_above,29,0.890625,100,4.61512051684126,,NOT_RECOVERABLE_FROM_SAVED_OBSERVATIONS,0,59167500,scene-pixel exposure,8625,Exact pixel counts were not saved; these are conservative bounds.
SUCCESSFUL_UPDATES_ONLY,YUNNAN_INSIDE,per_tau_pixel_exposures,count_strictly_above,30,0.921875,100,4.61512051684126,,NOT_RECOVERABLE_FROM_SAVED_OBSERVATIONS,0,59167500,scene-pixel exposure,8625,Exact pixel counts were not saved; these are conservative bounds.
SUCCESSFUL_UPDATES_ONLY,YUNNAN_INSIDE,per_tau_pixel_exposures,count_strictly_above,31,0.953125,100,4.61512051684126,,NOT_RECOVERABLE_FROM_SAVED_OBSERVATIONS,0,59167500,scene-pixel exposure,8625,Exact pixel counts were not saved; these are conservative bounds.
SUCCESSFUL_UPDATES_ONLY,YUNNAN_INSIDE,per_tau_pixel_exposures,count_strictly_above,32,0.984375,100,4.61512051684126,,NOT_RECOVERABLE_FROM_SAVED_OBSERVATIONS,0,59167500,scene-pixel exposure,8625,Exact pixel counts were not saved; these are conservative bounds.
SUCCESSFUL_UPDATES_ONLY,YUNNAN_INSIDE,pixel_tau_exposure_count,count_strictly_above,,,100,4.61512051684126,,NOT_RECOVERABLE_FROM_SAVED_OBSERVATIONS,0,1887343780,scene-pixel-tau exposure,8625,Exact pixel counts were not saved; these are conservative bounds.
SUCCESSFUL_UPDATES_ONLY,YUNNAN_INSIDE,spatial_pixel_exposure_count_any_tau,count_strictly_above,,,100,4.61512051684126,,NOT_RECOVERABLE_FROM_SAVED_OBSERVATIONS,0,59167500,scene-pixel exposure (any tau),8625,Exact pixel counts were not saved; these are conservative bounds.
SUCCESSFUL_UPDATES_ONLY,YUNNAN_INSIDE,per_tau_pixel_exposures,count_strictly_above,1,0.015625,500,6.2166061010848646,,NOT_RECOVERABLE_FROM_SAVED_OBSERVATIONS,0,50695400,scene-pixel exposure,8625,Exact pixel counts were not saved; these are conservative bounds.
SUCCESSFUL_UPDATES_ONLY,YUNNAN_INSIDE,per_tau_pixel_exposures,count_strictly_above,2,0.046875,500,6.2166061010848646,,NOT_RECOVERABLE_FROM_SAVED_OBSERVATIONS,0,57932700,scene-pixel exposure,8625,Exact pixel counts were not saved; these are conservative bounds.
SUCCESSFUL_UPDATES_ONLY,YUNNAN_INSIDE,per_tau_pixel_exposures,count_strictly_above,3,0.078125,500,6.2166061010848646,,NOT_RECOVERABLE_FROM_SAVED_OBSERVATIONS,0,58419760,scene-pixel exposure,8625,Exact pixel counts were not saved; these are conservative bounds.
SUCCESSFUL_UPDATES_ONLY,YUNNAN_INSIDE,per_tau_pixel_exposures,count_strictly_above,4,0.109375,500,6.2166061010848646,,NOT_RECOVERABLE_FROM_SAVED_OBSERVATIONS,0,58639280,scene-pixel exposure,8625,Exact pixel counts were not saved; these are conservative bounds.
SUCCESSFUL_UPDATES_ONLY,YUNNAN_INSIDE,per_tau_pixel_exposures,count_strictly_above,5,0.140625,500,6.2166061010848646,,NOT_RECOVERABLE_FROM_SAVED_OBSERVATIONS,0,58776480,scene-pixel exposure,8625,Exact pixel counts were not saved; these are conservative bounds.
SUCCESSFUL_UPDATES_ONLY,YUNNAN_INSIDE,per_tau_pixel_exposures,count_strictly_above,6,0.171875,500,6.2166061010848646,,NOT_RECOVERABLE_FROM_SAVED_OBSERVATIONS,0,58941120,scene-pixel exposure,8625,Exact pixel counts were not saved; these are conservative bounds.
SUCCESSFUL_UPDATES_ONLY,YUNNAN_INSIDE,per_tau_pixel_exposures,count_strictly_above,7,0.203125,500,6.2166061010848646,,NOT_RECOVERABLE_FROM_SAVED_OBSERVATIONS,0,58968560,scene-pixel exposure,8625,Exact pixel counts were not saved; these are conservative bounds.
SUCCESSFUL_UPDATES_ONLY,YUNNAN_INSIDE,per_tau_pixel_exposures,count_strictly_above,8,0.234375,500,6.2166061010848646,,NOT_RECOVERABLE_FROM_SAVED_OBSERVATIONS,0,58982280,scene-pixel exposure,8625,Exact pixel counts were not saved; these are conservative bounds.
SUCCESSFUL_UPDATES_ONLY,YUNNAN_INSIDE,per_tau_pixel_exposures,count_strictly_above,9,0.265625,500,6.2166061010848646,,NOT_RECOVERABLE_FROM_SAVED_OBSERVATIONS,0,59016580,scene-pixel exposure,8625,Exact pixel counts were not saved; these are conservative bounds.
SUCCESSFUL_UPDATES_ONLY,YUNNAN_INSIDE,per_tau_pixel_exposures,count_strictly_above,10,0.296875,500,6.2166061010848646,,NOT_RECOVERABLE_FROM_SAVED_OBSERVATIONS,0,59044020,scene-pixel exposure,8625,Exact pixel counts were not saved; these are conservative bounds.
SUCCESSFUL_UPDATES_ONLY,YUNNAN_INSIDE,per_tau_pixel_exposures,count_strictly_above,11,0.328125,500,6.2166061010848646,,NOT_RECOVERABLE_FROM_SAVED_OBSERVATIONS,0,59085180,scene-pixel exposure,8625,Exact pixel counts were not saved; these are conservative bounds.
SUCCESSFUL_UPDATES_ONLY,YUNNAN_INSIDE,per_tau_pixel_exposures,count_strictly_above,12,0.359375,500,6.2166061010848646,,NOT_RECOVERABLE_FROM_SAVED_OBSERVATIONS,0,59098900,scene-pixel exposure,8625,Exact pixel counts were not saved; these are conservative bounds.
SUCCESSFUL_UPDATES_ONLY,YUNNAN_INSIDE,per_tau_pixel_exposures,count_strictly_above,13,0.390625,500,6.2166061010848646,,NOT_RECOVERABLE_FROM_SAVED_OBSERVATIONS,0,59105760,scene-pixel exposure,8625,Exact pixel counts were not saved; these are conservative bounds.
SUCCESSFUL_UPDATES_ONLY,YUNNAN_INSIDE,per_tau_pixel_exposures,count_strictly_above,14,0.421875,500,6.2166061010848646,,NOT_RECOVERABLE_FROM_SAVED_OBSERVATIONS,0,59112620,scene-pixel exposure,8625,Exact pixel counts were not saved; these are conservative bounds.
SUCCESSFUL_UPDATES_ONLY,YUNNAN_INSIDE,per_tau_pixel_exposures,count_strictly_above,15,0.453125,500,6.2166061010848646,,NOT_RECOVERABLE_FROM_SAVED_OBSERVATIONS,0,59133200,scene-pixel exposure,8625,Exact pixel counts were not saved; these are conservative bounds.
SUCCESSFUL_UPDATES_ONLY,YUNNAN_INSIDE,per_tau_pixel_exposures,count_strictly_above,16,0.484375,500,6.2166061010848646,,NOT_RECOVERABLE_FROM_SAVED_OBSERVATIONS,0,59140060,scene-pixel exposure,8625,Exact pixel counts were not saved; these are conservative bounds.
SUCCESSFUL_UPDATES_ONLY,YUNNAN_INSIDE,per_tau_pixel_exposures,count_strictly_above,17,0.515625,500,6.2166061010848646,,NOT_RECOVERABLE_FROM_SAVED_OBSERVATIONS,0,59140060,scene-pixel exposure,8625,Exact pixel counts were not saved; these are conservative bounds.
SUCCESSFUL_UPDATES_ONLY,YUNNAN_INSIDE,per_tau_pixel_exposures,count_strictly_above,18,0.546875,500,6.2166061010848646,,NOT_RECOVERABLE_FROM_SAVED_OBSERVATIONS,0,59140060,scene-pixel exposure,8625,Exact pixel counts were not saved; these are conservative bounds.
SUCCESSFUL_UPDATES_ONLY,YUNNAN_INSIDE,per_tau_pixel_exposures,count_strictly_above,19,0.578125,500,6.2166061010848646,,NOT_RECOVERABLE_FROM_SAVED_OBSERVATIONS,0,59146920,scene-pixel exposure,8625,Exact pixel counts were not saved; these are conservative bounds.
SUCCESSFUL_UPDATES_ONLY,YUNNAN_INSIDE,per_tau_pixel_exposures,count_strictly_above,20,0.609375,500,6.2166061010848646,,NOT_RECOVERABLE_FROM_SAVED_OBSERVATIONS,0,59146920,scene-pixel exposure,8625,Exact pixel counts were not saved; these are conservative bounds.
SUCCESSFUL_UPDATES_ONLY,YUNNAN_INSIDE,per_tau_pixel_exposures,count_strictly_above,21,0.640625,500,6.2166061010848646,,NOT_RECOVERABLE_FROM_SAVED_OBSERVATIONS,0,59146920,scene-pixel exposure,8625,Exact pixel counts were not saved; these are conservative bounds.
SUCCESSFUL_UPDATES_ONLY,YUNNAN_INSIDE,per_tau_pixel_exposures,count_strictly_above,22,0.671875,500,6.2166061010848646,,NOT_RECOVERABLE_FROM_SAVED_OBSERVATIONS,0,59146920,scene-pixel exposure,8625,Exact pixel counts were not saved; these are conservative bounds.
SUCCESSFUL_UPDATES_ONLY,YUNNAN_INSIDE,per_tau_pixel_exposures,count_strictly_above,23,0.703125,500,6.2166061010848646,,NOT_RECOVERABLE_FROM_SAVED_OBSERVATIONS,0,59146920,scene-pixel exposure,8625,Exact pixel counts were not saved; these are conservative bounds.
SUCCESSFUL_UPDATES_ONLY,YUNNAN_INSIDE,per_tau_pixel_exposures,count_strictly_above,24,0.734375,500,6.2166061010848646,,NOT_RECOVERABLE_FROM_SAVED_OBSERVATIONS,0,59160640,scene-pixel exposure,8625,Exact pixel counts were not saved; these are conservative bounds.
SUCCESSFUL_UPDATES_ONLY,YUNNAN_INSIDE,per_tau_pixel_exposures,count_strictly_above,25,0.765625,500,6.2166061010848646,,NOT_RECOVERABLE_FROM_SAVED_OBSERVATIONS,0,59160640,scene-pixel exposure,8625,Exact pixel counts were not saved; these are conservative bounds.
SUCCESSFUL_UPDATES_ONLY,YUNNAN_INSIDE,per_tau_pixel_exposures,count_strictly_above,26,0.796875,500,6.2166061010848646,,NOT_RECOVERABLE_FROM_SAVED_OBSERVATIONS,0,59160640,scene-pixel exposure,8625,Exact pixel counts were not saved; these are conservative bounds.
SUCCESSFUL_UPDATES_ONLY,YUNNAN_INSIDE,per_tau_pixel_exposures,count_strictly_above,27,0.828125,500,6.2166061010848646,,NOT_RECOVERABLE_FROM_SAVED_OBSERVATIONS,0,59160640,scene-pixel exposure,8625,Exact pixel counts were not saved; these are conservative bounds.
SUCCESSFUL_UPDATES_ONLY,YUNNAN_INSIDE,per_tau_pixel_exposures,count_strictly_above,28,0.859375,500,6.2166061010848646,,NOT_RECOVERABLE_FROM_SAVED_OBSERVATIONS,0,59160640,scene-pixel exposure,8625,Exact pixel counts were not saved; these are conservative bounds.
SUCCESSFUL_UPDATES_ONLY,YUNNAN_INSIDE,per_tau_pixel_exposures,count_strictly_above,29,0.890625,500,6.2166061010848646,,NOT_RECOVERABLE_FROM_SAVED_OBSERVATIONS,0,59160640,scene-pixel exposure,8625,Exact pixel counts were not saved; these are conservative bounds.
SUCCESSFUL_UPDATES_ONLY,YUNNAN_INSIDE,per_tau_pixel_exposures,count_strictly_above,30,0.921875,500,6.2166061010848646,,NOT_RECOVERABLE_FROM_SAVED_OBSERVATIONS,0,59160640,scene-pixel exposure,8625,Exact pixel counts were not saved; these are conservative bounds.
SUCCESSFUL_UPDATES_ONLY,YUNNAN_INSIDE,per_tau_pixel_exposures,count_strictly_above,31,0.953125,500,6.2166061010848646,,NOT_RECOVERABLE_FROM_SAVED_OBSERVATIONS,0,59160640,scene-pixel exposure,8625,Exact pixel counts were not saved; these are conservative bounds.
SUCCESSFUL_UPDATES_ONLY,YUNNAN_INSIDE,per_tau_pixel_exposures,count_strictly_above,32,0.984375,500,6.2166061010848646,,NOT_RECOVERABLE_FROM_SAVED_OBSERVATIONS,0,59167500,scene-pixel exposure,8625,Exact pixel counts were not saved; these are conservative bounds.
SUCCESSFUL_UPDATES_ONLY,YUNNAN_INSIDE,pixel_tau_exposure_count,count_strictly_above,,,500,6.2166061010848646,,NOT_RECOVERABLE_FROM_SAVED_OBSERVATIONS,0,1880559240,scene-pixel-tau exposure,8625,Exact pixel counts were not saved; these are conservative bounds.
SUCCESSFUL_UPDATES_ONLY,YUNNAN_INSIDE,spatial_pixel_exposure_count_any_tau,count_strictly_above,,,500,6.2166061010848646,,NOT_RECOVERABLE_FROM_SAVED_OBSERVATIONS,0,59167500,scene-pixel exposure (any tau),8625,Exact pixel counts were not saved; these are conservative bounds.
SUCCESSFUL_UPDATES_ONLY,YUNNAN_INSIDE,per_tau_pixel_exposures,count_strictly_above,1,0.015625,1000,6.90875477931522,,NOT_RECOVERABLE_FROM_SAVED_OBSERVATIONS,0,46648000,scene-pixel exposure,8625,Exact pixel counts were not saved; these are conservative bounds.
SUCCESSFUL_UPDATES_ONLY,YUNNAN_INSIDE,per_tau_pixel_exposures,count_strictly_above,2,0.046875,1000,6.90875477931522,,NOT_RECOVERABLE_FROM_SAVED_OBSERVATIONS,0,57589700,scene-pixel exposure,8625,Exact pixel counts were not saved; these are conservative bounds.
SUCCESSFUL_UPDATES_ONLY,YUNNAN_INSIDE,per_tau_pixel_exposures,count_strictly_above,3,0.078125,1000,6.90875477931522,,NOT_RECOVERABLE_FROM_SAVED_OBSERVATIONS,0,58248260,scene-pixel exposure,8625,Exact pixel counts were not saved; these are conservative bounds.
SUCCESSFUL_UPDATES_ONLY,YUNNAN_INSIDE,per_tau_pixel_exposures,count_strictly_above,4,0.109375,1000,6.90875477931522,,NOT_RECOVERABLE_FROM_SAVED_OBSERVATIONS,0,58529520,scene-pixel exposure,8625,Exact pixel counts were not saved; these are conservative bounds.
SUCCESSFUL_UPDATES_ONLY,YUNNAN_INSIDE,per_tau_pixel_exposures,count_strictly_above,5,0.140625,1000,6.90875477931522,,NOT_RECOVERABLE_FROM_SAVED_OBSERVATIONS,0,58721600,scene-pixel exposure,8625,Exact pixel counts were not saved; these are conservative bounds.
SUCCESSFUL_UPDATES_ONLY,YUNNAN_INSIDE,per_tau_pixel_exposures,count_strictly_above,6,0.171875,1000,6.90875477931522,,NOT_RECOVERABLE_FROM_SAVED_OBSERVATIONS,0,58893100,scene-pixel exposure,8625,Exact pixel counts were not saved; these are conservative bounds.
SUCCESSFUL_UPDATES_ONLY,YUNNAN_INSIDE,per_tau_pixel_exposures,count_strictly_above,7,0.203125,1000,6.90875477931522,,NOT_RECOVERABLE_FROM_SAVED_OBSERVATIONS,0,58941120,scene-pixel exposure,8625,Exact pixel counts were not saved; these are conservative bounds.
SUCCESSFUL_UPDATES_ONLY,YUNNAN_INSIDE,per_tau_pixel_exposures,count_strictly_above,8,0.234375,1000,6.90875477931522,,NOT_RECOVERABLE_FROM_SAVED_OBSERVATIONS,0,58941120,scene-pixel exposure,8625,Exact pixel counts were not saved; these are conservative bounds.
SUCCESSFUL_UPDATES_ONLY,YUNNAN_INSIDE,per_tau_pixel_exposures,count_strictly_above,9,0.265625,1000,6.90875477931522,,NOT_RECOVERABLE_FROM_SAVED_OBSERVATIONS,0,58961700,scene-pixel exposure,8625,Exact pixel counts were not saved; these are conservative bounds.
SUCCESSFUL_UPDATES_ONLY,YUNNAN_INSIDE,per_tau_pixel_exposures,count_strictly_above,10,0.296875,1000,6.90875477931522,,NOT_RECOVERABLE_FROM_SAVED_OBSERVATIONS,0,58996000,scene-pixel exposure,8625,Exact pixel counts were not saved; these are conservative bounds.
SUCCESSFUL_UPDATES_ONLY,YUNNAN_INSIDE,per_tau_pixel_exposures,count_strictly_above,11,0.328125,1000,6.90875477931522,,NOT_RECOVERABLE_FROM_SAVED_OBSERVATIONS,0,59057740,scene-pixel exposure,8625,Exact pixel counts were not saved; these are conservative bounds.
SUCCESSFUL_UPDATES_ONLY,YUNNAN_INSIDE,per_tau_pixel_exposures,count_strictly_above,12,0.359375,1000,6.90875477931522,,NOT_RECOVERABLE_FROM_SAVED_OBSERVATIONS,0,59092040,scene-pixel exposure,8625,Exact pixel counts were not saved; these are conservative bounds.
SUCCESSFUL_UPDATES_ONLY,YUNNAN_INSIDE,per_tau_pixel_exposures,count_strictly_above,13,0.390625,1000,6.90875477931522,,NOT_RECOVERABLE_FROM_SAVED_OBSERVATIONS,0,59092040,scene-pixel exposure,8625,Exact pixel counts were not saved; these are conservative bounds.
SUCCESSFUL_UPDATES_ONLY,YUNNAN_INSIDE,per_tau_pixel_exposures,count_strictly_above,14,0.421875,1000,6.90875477931522,,NOT_RECOVERABLE_FROM_SAVED_OBSERVATIONS,0,59092040,scene-pixel exposure,8625,Exact pixel counts were not saved; these are conservative bounds.
SUCCESSFUL_UPDATES_ONLY,YUNNAN_INSIDE,per_tau_pixel_exposures,count_strictly_above,15,0.453125,1000,6.90875477931522,,NOT_RECOVERABLE_FROM_SAVED_OBSERVATIONS,0,59105760,scene-pixel exposure,8625,Exact pixel counts were not saved; these are conservative bounds.
SUCCESSFUL_UPDATES_ONLY,YUNNAN_INSIDE,per_tau_pixel_exposures,count_strictly_above,16,0.484375,1000,6.90875477931522,,NOT_RECOVERABLE_FROM_SAVED_OBSERVATIONS,0,59133200,scene-pixel exposure,8625,Exact pixel counts were not saved; these are conservative bounds.
SUCCESSFUL_UPDATES_ONLY,YUNNAN_INSIDE,per_tau_pixel_exposures,count_strictly_above,17,0.515625,1000,6.90875477931522,,NOT_RECOVERABLE_FROM_SAVED_OBSERVATIONS,0,59133200,scene-pixel exposure,8625,Exact pixel counts were not saved; these are conservative bounds.
SUCCESSFUL_UPDATES_ONLY,YUNNAN_INSIDE,per_tau_pixel_exposures,count_strictly_above,18,0.546875,1000,6.90875477931522,,NOT_RECOVERABLE_FROM_SAVED_OBSERVATIONS,0,59140060,scene-pixel exposure,8625,Exact pixel counts were not saved; these are conservative bounds.
SUCCESSFUL_UPDATES_ONLY,YUNNAN_INSIDE,per_tau_pixel_exposures,count_strictly_above,19,0.578125,1000,6.90875477931522,,NOT_RECOVERABLE_FROM_SAVED_OBSERVATIONS,0,59140060,scene-pixel exposure,8625,Exact pixel counts were not saved; these are conservative bounds.
SUCCESSFUL_UPDATES_ONLY,YUNNAN_INSIDE,per_tau_pixel_exposures,count_strictly_above,20,0.609375,1000,6.90875477931522,,NOT_RECOVERABLE_FROM_SAVED_OBSERVATIONS,0,59140060,scene-pixel exposure,8625,Exact pixel counts were not saved; these are conservative bounds.
SUCCESSFUL_UPDATES_ONLY,YUNNAN_INSIDE,per_tau_pixel_exposures,count_strictly_above,21,0.640625,1000,6.90875477931522,,NOT_RECOVERABLE_FROM_SAVED_OBSERVATIONS,0,59146920,scene-pixel exposure,8625,Exact pixel counts were not saved; these are conservative bounds.
SUCCESSFUL_UPDATES_ONLY,YUNNAN_INSIDE,per_tau_pixel_exposures,count_strictly_above,22,0.671875,1000,6.90875477931522,,NOT_RECOVERABLE_FROM_SAVED_OBSERVATIONS,0,59146920,scene-pixel exposure,8625,Exact pixel counts were not saved; these are conservative bounds.
SUCCESSFUL_UPDATES_ONLY,YUNNAN_INSIDE,per_tau_pixel_exposures,count_strictly_above,23,0.703125,1000,6.90875477931522,,NOT_RECOVERABLE_FROM_SAVED_OBSERVATIONS,0,59146920,scene-pixel exposure,8625,Exact pixel counts were not saved; these are conservative bounds.
SUCCESSFUL_UPDATES_ONLY,YUNNAN_INSIDE,per_tau_pixel_exposures,count_strictly_above,24,0.734375,1000,6.90875477931522,,NOT_RECOVERABLE_FROM_SAVED_OBSERVATIONS,0,59146920,scene-pixel exposure,8625,Exact pixel counts were not saved; these are conservative bounds.
SUCCESSFUL_UPDATES_ONLY,YUNNAN_INSIDE,per_tau_pixel_exposures,count_strictly_above,25,0.765625,1000,6.90875477931522,,NOT_RECOVERABLE_FROM_SAVED_OBSERVATIONS,0,59146920,scene-pixel exposure,8625,Exact pixel counts were not saved; these are conservative bounds.
SUCCESSFUL_UPDATES_ONLY,YUNNAN_INSIDE,per_tau_pixel_exposures,count_strictly_above,26,0.796875,1000,6.90875477931522,,NOT_RECOVERABLE_FROM_SAVED_OBSERVATIONS,0,59146920,scene-pixel exposure,8625,Exact pixel counts were not saved; these are conservative bounds.
SUCCESSFUL_UPDATES_ONLY,YUNNAN_INSIDE,per_tau_pixel_exposures,count_strictly_above,27,0.828125,1000,6.90875477931522,,NOT_RECOVERABLE_FROM_SAVED_OBSERVATIONS,0,59153780,scene-pixel exposure,8625,Exact pixel counts were not saved; these are conservative bounds.
SUCCESSFUL_UPDATES_ONLY,YUNNAN_INSIDE,per_tau_pixel_exposures,count_strictly_above,28,0.859375,1000,6.90875477931522,,NOT_RECOVERABLE_FROM_SAVED_OBSERVATIONS,0,59160640,scene-pixel exposure,8625,Exact pixel counts were not saved; these are conservative bounds.
SUCCESSFUL_UPDATES_ONLY,YUNNAN_INSIDE,per_tau_pixel_exposures,count_strictly_above,29,0.890625,1000,6.90875477931522,,NOT_RECOVERABLE_FROM_SAVED_OBSERVATIONS,0,59160640,scene-pixel exposure,8625,Exact pixel counts were not saved; these are conservative bounds.
SUCCESSFUL_UPDATES_ONLY,YUNNAN_INSIDE,per_tau_pixel_exposures,count_strictly_above,30,0.921875,1000,6.90875477931522,,NOT_RECOVERABLE_FROM_SAVED_OBSERVATIONS,0,59160640,scene-pixel exposure,8625,Exact pixel counts were not saved; these are conservative bounds.
SUCCESSFUL_UPDATES_ONLY,YUNNAN_INSIDE,per_tau_pixel_exposures,count_strictly_above,31,0.953125,1000,6.90875477931522,,NOT_RECOVERABLE_FROM_SAVED_OBSERVATIONS,0,59160640,scene-pixel exposure,8625,Exact pixel counts were not saved; these are conservative bounds.
SUCCESSFUL_UPDATES_ONLY,YUNNAN_INSIDE,per_tau_pixel_exposures,count_strictly_above,32,0.984375,1000,6.90875477931522,,NOT_RECOVERABLE_FROM_SAVED_OBSERVATIONS,0,59160640,scene-pixel exposure,8625,Exact pixel counts were not saved; these are conservative bounds.
SUCCESSFUL_UPDATES_ONLY,YUNNAN_INSIDE,pixel_tau_exposure_count,count_strictly_above,,,1000,6.90875477931522,,NOT_RECOVERABLE_FROM_SAVED_OBSERVATIONS,0,1875434820,scene-pixel-tau exposure,8625,Exact pixel counts were not saved; these are conservative bounds.
SUCCESSFUL_UPDATES_ONLY,YUNNAN_INSIDE,spatial_pixel_exposure_count_any_tau,count_strictly_above,,,1000,6.90875477931522,,NOT_RECOVERABLE_FROM_SAVED_OBSERVATIONS,0,59160640,scene-pixel exposure (any tau),8625,Exact pixel counts were not saved; these are conservative bounds.
SUCCESSFUL_UPDATES_ONLY,YUNNAN_OUTSIDE,pooled_pixel_quantile_distribution,p99,,,,,,NOT_RECOVERABLE_FROM_SAVED_OBSERVATIONS,,679.287446526666,log1p(mm/h),8625,Regional full pixel qlog arrays/histograms were not saved.
SUCCESSFUL_UPDATES_ONLY,YUNNAN_OUTSIDE,pooled_pixel_quantile_distribution,p99_9,,,,,,NOT_RECOVERABLE_FROM_SAVED_OBSERVATIONS,,679.287446526666,log1p(mm/h),8625,Regional full pixel qlog arrays/histograms were not saved.
SUCCESSFUL_UPDATES_ONLY,YUNNAN_OUTSIDE,pooled_pixel_quantile_distribution,max,,,,,,NOT_RECOVERABLE_FROM_SAVED_OBSERVATIONS,,679.287446526666,log1p(mm/h),8625,No saved location/value proves this region's maximum.
SUCCESSFUL_UPDATES_ONLY,YUNNAN_OUTSIDE,per_forward_region_max_distribution,p99,,,,,,NOT_RECOVERABLE_FROM_SAVED_OBSERVATIONS,,530.5879371635742,log1p(mm/h),8625,Regional forward maxima were not saved; corresponding whole-grid percentile is an upper bound.
SUCCESSFUL_UPDATES_ONLY,YUNNAN_OUTSIDE,per_forward_region_max_distribution,p99_9,,,,,,NOT_RECOVERABLE_FROM_SAVED_OBSERVATIONS,,637.6696938232255,log1p(mm/h),8625,Regional forward maxima were not saved; corresponding whole-grid percentile is an upper bound.
SUCCESSFUL_UPDATES_ONLY,YUNNAN_OUTSIDE,per_forward_region_max_distribution,max,,,,,,NOT_RECOVERABLE_FROM_SAVED_OBSERVATIONS,,679.287446526666,log1p(mm/h),8625,No saved location/value proves this region's maximum.
SUCCESSFUL_UPDATES_ONLY,YUNNAN_OUTSIDE,pooled_pixels_per_tau,max,1,0.015625,,,,NOT_RECOVERABLE_FROM_SAVED_OBSERVATIONS,,22.9177673575387,log1p(mm/h),8625,No saved location/value proves this region's maximum.
SUCCESSFUL_UPDATES_ONLY,YUNNAN_OUTSIDE,pooled_pixels_per_tau,max,2,0.046875,,,,NOT_RECOVERABLE_FROM_SAVED_OBSERVATIONS,,48.65526741247034,log1p(mm/h),8625,No saved location/value proves this region's maximum.
SUCCESSFUL_UPDATES_ONLY,YUNNAN_OUTSIDE,pooled_pixels_per_tau,max,3,0.078125,,,,NOT_RECOVERABLE_FROM_SAVED_OBSERVATIONS,,67.32992987382961,log1p(mm/h),8625,No saved location/value proves this region's maximum.
SUCCESSFUL_UPDATES_ONLY,YUNNAN_OUTSIDE,pooled_pixels_per_tau,max,4,0.109375,,,,NOT_RECOVERABLE_FROM_SAVED_OBSERVATIONS,,85.07632391506435,log1p(mm/h),8625,No saved location/value proves this region's maximum.
SUCCESSFUL_UPDATES_ONLY,YUNNAN_OUTSIDE,pooled_pixels_per_tau,max,5,0.140625,,,,NOT_RECOVERABLE_FROM_SAVED_OBSERVATIONS,,107.02575329445644,log1p(mm/h),8625,No saved location/value proves this region's maximum.
SUCCESSFUL_UPDATES_ONLY,YUNNAN_OUTSIDE,pooled_pixels_per_tau,max,6,0.171875,,,,NOT_RECOVERABLE_FROM_SAVED_OBSERVATIONS,,137.7959681899667,log1p(mm/h),8625,No saved location/value proves this region's maximum.
SUCCESSFUL_UPDATES_ONLY,YUNNAN_OUTSIDE,pooled_pixels_per_tau,max,7,0.203125,,,,NOT_RECOVERABLE_FROM_SAVED_OBSERVATIONS,,152.47031048350976,log1p(mm/h),8625,No saved location/value proves this region's maximum.
SUCCESSFUL_UPDATES_ONLY,YUNNAN_OUTSIDE,pooled_pixels_per_tau,max,8,0.234375,,,,NOT_RECOVERABLE_FROM_SAVED_OBSERVATIONS,,156.61971680307684,log1p(mm/h),8625,No saved location/value proves this region's maximum.
SUCCESSFUL_UPDATES_ONLY,YUNNAN_OUTSIDE,pooled_pixels_per_tau,max,9,0.265625,,,,NOT_RECOVERABLE_FROM_SAVED_OBSERVATIONS,,165.65995821421194,log1p(mm/h),8625,No saved location/value proves this region's maximum.
SUCCESSFUL_UPDATES_ONLY,YUNNAN_OUTSIDE,pooled_pixels_per_tau,max,10,0.296875,,,,NOT_RECOVERABLE_FROM_SAVED_OBSERVATIONS,,183.87014314171722,log1p(mm/h),8625,No saved location/value proves this region's maximum.
SUCCESSFUL_UPDATES_ONLY,YUNNAN_OUTSIDE,pooled_pixels_per_tau,max,11,0.328125,,,,NOT_RECOVERABLE_FROM_SAVED_OBSERVATIONS,,208.7559897792438,log1p(mm/h),8625,No saved location/value proves this region's maximum.
SUCCESSFUL_UPDATES_ONLY,YUNNAN_OUTSIDE,pooled_pixels_per_tau,max,12,0.359375,,,,NOT_RECOVERABLE_FROM_SAVED_OBSERVATIONS,,237.2325416530231,log1p(mm/h),8625,No saved location/value proves this region's maximum.
SUCCESSFUL_UPDATES_ONLY,YUNNAN_OUTSIDE,pooled_pixels_per_tau,max,13,0.390625,,,,NOT_RECOVERABLE_FROM_SAVED_OBSERVATIONS,,254.1812112827844,log1p(mm/h),8625,No saved location/value proves this region's maximum.
SUCCESSFUL_UPDATES_ONLY,YUNNAN_OUTSIDE,pooled_pixels_per_tau,max,14,0.421875,,,,NOT_RECOVERABLE_FROM_SAVED_OBSERVATIONS,,265.3669893312679,log1p(mm/h),8625,No saved location/value proves this region's maximum.
SUCCESSFUL_UPDATES_ONLY,YUNNAN_OUTSIDE,pooled_pixels_per_tau,max,15,0.453125,,,,NOT_RECOVERABLE_FROM_SAVED_OBSERVATIONS,,293.27225023519856,log1p(mm/h),8625,No saved location/value proves this region's maximum.
SUCCESSFUL_UPDATES_ONLY,YUNNAN_OUTSIDE,pooled_pixels_per_tau,max,16,0.484375,,,,NOT_RECOVERABLE_FROM_SAVED_OBSERVATIONS,,320.80788032553056,log1p(mm/h),8625,No saved location/value proves this region's maximum.
SUCCESSFUL_UPDATES_ONLY,YUNNAN_OUTSIDE,pooled_pixels_per_tau,max,17,0.515625,,,,NOT_RECOVERABLE_FROM_SAVED_OBSERVATIONS,,335.07926983124986,log1p(mm/h),8625,No saved location/value proves this region's maximum.
SUCCESSFUL_UPDATES_ONLY,YUNNAN_OUTSIDE,pooled_pixels_per_tau,max,18,0.546875,,,,NOT_RECOVERABLE_FROM_SAVED_OBSERVATIONS,,358.39106874482405,log1p(mm/h),8625,No saved location/value proves this region's maximum.
SUCCESSFUL_UPDATES_ONLY,YUNNAN_OUTSIDE,pooled_pixels_per_tau,max,19,0.578125,,,,NOT_RECOVERABLE_FROM_SAVED_OBSERVATIONS,,385.04652419831524,log1p(mm/h),8625,No saved location/value proves this region's maximum.
SUCCESSFUL_UPDATES_ONLY,YUNNAN_OUTSIDE,pooled_pixels_per_tau,max,20,0.609375,,,,NOT_RECOVERABLE_FROM_SAVED_OBSERVATIONS,,410.2647962716795,log1p(mm/h),8625,No saved location/value proves this region's maximum.
SUCCESSFUL_UPDATES_ONLY,YUNNAN_OUTSIDE,pooled_pixels_per_tau,max,21,0.640625,,,,NOT_RECOVERABLE_FROM_SAVED_OBSERVATIONS,,426.2762660881426,log1p(mm/h),8625,No saved location/value proves this region's maximum.
SUCCESSFUL_UPDATES_ONLY,YUNNAN_OUTSIDE,pooled_pixels_per_tau,max,22,0.671875,,,,NOT_RECOVERABLE_FROM_SAVED_OBSERVATIONS,,454.84958729480763,log1p(mm/h),8625,No saved location/value proves this region's maximum.
SUCCESSFUL_UPDATES_ONLY,YUNNAN_OUTSIDE,pooled_pixels_per_tau,max,23,0.703125,,,,NOT_RECOVERABLE_FROM_SAVED_OBSERVATIONS,,480.853290276375,log1p(mm/h),8625,No saved location/value proves this region's maximum.
SUCCESSFUL_UPDATES_ONLY,YUNNAN_OUTSIDE,pooled_pixels_per_tau,max,24,0.734375,,,,NOT_RECOVERABLE_FROM_SAVED_OBSERVATIONS,,501.7307401298906,log1p(mm/h),8625,No saved location/value proves this region's maximum.
SUCCESSFUL_UPDATES_ONLY,YUNNAN_OUTSIDE,pooled_pixels_per_tau,max,25,0.765625,,,,NOT_RECOVERABLE_FROM_SAVED_OBSERVATIONS,,520.6417078270557,log1p(mm/h),8625,No saved location/value proves this region's maximum.
SUCCESSFUL_UPDATES_ONLY,YUNNAN_OUTSIDE,pooled_pixels_per_tau,max,26,0.796875,,,,NOT_RECOVERABLE_FROM_SAVED_OBSERVATIONS,,520.6494118225315,log1p(mm/h),8625,No saved location/value proves this region's maximum.
SUCCESSFUL_UPDATES_ONLY,YUNNAN_OUTSIDE,pooled_pixels_per_tau,max,27,0.828125,,,,NOT_RECOVERABLE_FROM_SAVED_OBSERVATIONS,,532.4670498286681,log1p(mm/h),8625,No saved location/value proves this region's maximum.
SUCCESSFUL_UPDATES_ONLY,YUNNAN_OUTSIDE,pooled_pixels_per_tau,max,28,0.859375,,,,NOT_RECOVERABLE_FROM_SAVED_OBSERVATIONS,,557.506965731378,log1p(mm/h),8625,No saved location/value proves this region's maximum.
SUCCESSFUL_UPDATES_ONLY,YUNNAN_OUTSIDE,pooled_pixels_per_tau,max,29,0.890625,,,,NOT_RECOVERABLE_FROM_SAVED_OBSERVATIONS,,587.2036447108702,log1p(mm/h),8625,No saved location/value proves this region's maximum.
SUCCESSFUL_UPDATES_ONLY,YUNNAN_OUTSIDE,pooled_pixels_per_tau,max,30,0.921875,,,,NOT_RECOVERABLE_FROM_SAVED_OBSERVATIONS,,607.913883031793,log1p(mm/h),8625,No saved location/value proves this region's maximum.
SUCCESSFUL_UPDATES_ONLY,YUNNAN_OUTSIDE,pooled_pixels_per_tau,max,31,0.953125,,,,NOT_RECOVERABLE_FROM_SAVED_OBSERVATIONS,,645.1362005916075,log1p(mm/h),8625,No saved location/value proves this region's maximum.
SUCCESSFUL_UPDATES_ONLY,YUNNAN_OUTSIDE,pooled_pixels_per_tau,max,32,0.984375,,,,NOT_RECOVERABLE_FROM_SAVED_OBSERVATIONS,,679.287446526666,log1p(mm/h),8625,No saved location/value proves this region's maximum.
SUCCESSFUL_UPDATES_ONLY,YUNNAN_OUTSIDE,per_tau_pixel_exposures,count_strictly_above,1,0.015625,10,2.3978952727983707,,NOT_RECOVERABLE_FROM_SAVED_OBSERVATIONS,0,111466620,scene-pixel exposure,8625,Exact pixel counts were not saved; these are conservative bounds.
SUCCESSFUL_UPDATES_ONLY,YUNNAN_OUTSIDE,per_tau_pixel_exposures,count_strictly_above,2,0.046875,10,2.3978952727983707,,NOT_RECOVERABLE_FROM_SAVED_OBSERVATIONS,0,112977720,scene-pixel exposure,8625,Exact pixel counts were not saved; these are conservative bounds.
SUCCESSFUL_UPDATES_ONLY,YUNNAN_OUTSIDE,per_tau_pixel_exposures,count_strictly_above,3,0.078125,10,2.3978952727983707,,NOT_RECOVERABLE_FROM_SAVED_OBSERVATIONS,0,113095980,scene-pixel exposure,8625,Exact pixel counts were not saved; these are conservative bounds.
SUCCESSFUL_UPDATES_ONLY,YUNNAN_OUTSIDE,per_tau_pixel_exposures,count_strictly_above,4,0.109375,10,2.3978952727983707,,NOT_RECOVERABLE_FROM_SAVED_OBSERVATIONS,0,113174820,scene-pixel exposure,8625,Exact pixel counts were not saved; these are conservative bounds.
SUCCESSFUL_UPDATES_ONLY,YUNNAN_OUTSIDE,per_tau_pixel_exposures,count_strictly_above,5,0.140625,10,2.3978952727983707,,NOT_RECOVERABLE_FROM_SAVED_OBSERVATIONS,0,113201100,scene-pixel exposure,8625,Exact pixel counts were not saved; these are conservative bounds.
SUCCESSFUL_UPDATES_ONLY,YUNNAN_OUTSIDE,per_tau_pixel_exposures,count_strictly_above,6,0.171875,10,2.3978952727983707,,NOT_RECOVERABLE_FROM_SAVED_OBSERVATIONS,0,113293080,scene-pixel exposure,8625,Exact pixel counts were not saved; these are conservative bounds.
SUCCESSFUL_UPDATES_ONLY,YUNNAN_OUTSIDE,per_tau_pixel_exposures,count_strictly_above,7,0.203125,10,2.3978952727983707,,NOT_RECOVERABLE_FROM_SAVED_OBSERVATIONS,0,113293080,scene-pixel exposure,8625,Exact pixel counts were not saved; these are conservative bounds.
SUCCESSFUL_UPDATES_ONLY,YUNNAN_OUTSIDE,per_tau_pixel_exposures,count_strictly_above,8,0.234375,10,2.3978952727983707,,NOT_RECOVERABLE_FROM_SAVED_OBSERVATIONS,0,113293080,scene-pixel exposure,8625,Exact pixel counts were not saved; these are conservative bounds.
SUCCESSFUL_UPDATES_ONLY,YUNNAN_OUTSIDE,per_tau_pixel_exposures,count_strictly_above,9,0.265625,10,2.3978952727983707,,NOT_RECOVERABLE_FROM_SAVED_OBSERVATIONS,0,113293080,scene-pixel exposure,8625,Exact pixel counts were not saved; these are conservative bounds.
SUCCESSFUL_UPDATES_ONLY,YUNNAN_OUTSIDE,per_tau_pixel_exposures,count_strictly_above,10,0.296875,10,2.3978952727983707,,NOT_RECOVERABLE_FROM_SAVED_OBSERVATIONS,0,113293080,scene-pixel exposure,8625,Exact pixel counts were not saved; these are conservative bounds.
SUCCESSFUL_UPDATES_ONLY,YUNNAN_OUTSIDE,per_tau_pixel_exposures,count_strictly_above,11,0.328125,10,2.3978952727983707,,NOT_RECOVERABLE_FROM_SAVED_OBSERVATIONS,0,113319360,scene-pixel exposure,8625,Exact pixel counts were not saved; these are conservative bounds.
SUCCESSFUL_UPDATES_ONLY,YUNNAN_OUTSIDE,per_tau_pixel_exposures,count_strictly_above,12,0.359375,10,2.3978952727983707,,NOT_RECOVERABLE_FROM_SAVED_OBSERVATIONS,0,113319360,scene-pixel exposure,8625,Exact pixel counts were not saved; these are conservative bounds.
SUCCESSFUL_UPDATES_ONLY,YUNNAN_OUTSIDE,per_tau_pixel_exposures,count_strictly_above,13,0.390625,10,2.3978952727983707,,NOT_RECOVERABLE_FROM_SAVED_OBSERVATIONS,0,113319360,scene-pixel exposure,8625,Exact pixel counts were not saved; these are conservative bounds.
SUCCESSFUL_UPDATES_ONLY,YUNNAN_OUTSIDE,per_tau_pixel_exposures,count_strictly_above,14,0.421875,10,2.3978952727983707,,NOT_RECOVERABLE_FROM_SAVED_OBSERVATIONS,0,113319360,scene-pixel exposure,8625,Exact pixel counts were not saved; these are conservative bounds.
SUCCESSFUL_UPDATES_ONLY,YUNNAN_OUTSIDE,per_tau_pixel_exposures,count_strictly_above,15,0.453125,10,2.3978952727983707,,NOT_RECOVERABLE_FROM_SAVED_OBSERVATIONS,0,113319360,scene-pixel exposure,8625,Exact pixel counts were not saved; these are conservative bounds.
SUCCESSFUL_UPDATES_ONLY,YUNNAN_OUTSIDE,per_tau_pixel_exposures,count_strictly_above,16,0.484375,10,2.3978952727983707,,NOT_RECOVERABLE_FROM_SAVED_OBSERVATIONS,0,113332500,scene-pixel exposure,8625,Exact pixel counts were not saved; these are conservative bounds.
SUCCESSFUL_UPDATES_ONLY,YUNNAN_OUTSIDE,per_tau_pixel_exposures,count_strictly_above,17,0.515625,10,2.3978952727983707,,NOT_RECOVERABLE_FROM_SAVED_OBSERVATIONS,0,113332500,scene-pixel exposure,8625,Exact pixel counts were not saved; these are conservative bounds.
SUCCESSFUL_UPDATES_ONLY,YUNNAN_OUTSIDE,per_tau_pixel_exposures,count_strictly_above,18,0.546875,10,2.3978952727983707,,NOT_RECOVERABLE_FROM_SAVED_OBSERVATIONS,0,113332500,scene-pixel exposure,8625,Exact pixel counts were not saved; these are conservative bounds.
SUCCESSFUL_UPDATES_ONLY,YUNNAN_OUTSIDE,per_tau_pixel_exposures,count_strictly_above,19,0.578125,10,2.3978952727983707,,NOT_RECOVERABLE_FROM_SAVED_OBSERVATIONS,0,113332500,scene-pixel exposure,8625,Exact pixel counts were not saved; these are conservative bounds.
SUCCESSFUL_UPDATES_ONLY,YUNNAN_OUTSIDE,per_tau_pixel_exposures,count_strictly_above,20,0.609375,10,2.3978952727983707,,NOT_RECOVERABLE_FROM_SAVED_OBSERVATIONS,0,113332500,scene-pixel exposure,8625,Exact pixel counts were not saved; these are conservative bounds.
SUCCESSFUL_UPDATES_ONLY,YUNNAN_OUTSIDE,per_tau_pixel_exposures,count_strictly_above,21,0.640625,10,2.3978952727983707,,NOT_RECOVERABLE_FROM_SAVED_OBSERVATIONS,0,113332500,scene-pixel exposure,8625,Exact pixel counts were not saved; these are conservative bounds.
SUCCESSFUL_UPDATES_ONLY,YUNNAN_OUTSIDE,per_tau_pixel_exposures,count_strictly_above,22,0.671875,10,2.3978952727983707,,NOT_RECOVERABLE_FROM_SAVED_OBSERVATIONS,0,113332500,scene-pixel exposure,8625,Exact pixel counts were not saved; these are conservative bounds.
SUCCESSFUL_UPDATES_ONLY,YUNNAN_OUTSIDE,per_tau_pixel_exposures,count_strictly_above,23,0.703125,10,2.3978952727983707,,NOT_RECOVERABLE_FROM_SAVED_OBSERVATIONS,0,113332500,scene-pixel exposure,8625,Exact pixel counts were not saved; these are conservative bounds.
SUCCESSFUL_UPDATES_ONLY,YUNNAN_OUTSIDE,per_tau_pixel_exposures,count_strictly_above,24,0.734375,10,2.3978952727983707,,NOT_RECOVERABLE_FROM_SAVED_OBSERVATIONS,0,113332500,scene-pixel exposure,8625,Exact pixel counts were not saved; these are conservative bounds.
SUCCESSFUL_UPDATES_ONLY,YUNNAN_OUTSIDE,per_tau_pixel_exposures,count_strictly_above,25,0.765625,10,2.3978952727983707,,NOT_RECOVERABLE_FROM_SAVED_OBSERVATIONS,0,113332500,scene-pixel exposure,8625,Exact pixel counts were not saved; these are conservative bounds.
SUCCESSFUL_UPDATES_ONLY,YUNNAN_OUTSIDE,per_tau_pixel_exposures,count_strictly_above,26,0.796875,10,2.3978952727983707,,NOT_RECOVERABLE_FROM_SAVED_OBSERVATIONS,0,113332500,scene-pixel exposure,8625,Exact pixel counts were not saved; these are conservative bounds.
SUCCESSFUL_UPDATES_ONLY,YUNNAN_OUTSIDE,per_tau_pixel_exposures,count_strictly_above,27,0.828125,10,2.3978952727983707,,NOT_RECOVERABLE_FROM_SAVED_OBSERVATIONS,0,113332500,scene-pixel exposure,8625,Exact pixel counts were not saved; these are conservative bounds.
SUCCESSFUL_UPDATES_ONLY,YUNNAN_OUTSIDE,per_tau_pixel_exposures,count_strictly_above,28,0.859375,10,2.3978952727983707,,NOT_RECOVERABLE_FROM_SAVED_OBSERVATIONS,0,113332500,scene-pixel exposure,8625,Exact pixel counts were not saved; these are conservative bounds.
SUCCESSFUL_UPDATES_ONLY,YUNNAN_OUTSIDE,per_tau_pixel_exposures,count_strictly_above,29,0.890625,10,2.3978952727983707,,NOT_RECOVERABLE_FROM_SAVED_OBSERVATIONS,0,113332500,scene-pixel exposure,8625,Exact pixel counts were not saved; these are conservative bounds.
SUCCESSFUL_UPDATES_ONLY,YUNNAN_OUTSIDE,per_tau_pixel_exposures,count_strictly_above,30,0.921875,10,2.3978952727983707,,NOT_RECOVERABLE_FROM_SAVED_OBSERVATIONS,0,113332500,scene-pixel exposure,8625,Exact pixel counts were not saved; these are conservative bounds.
SUCCESSFUL_UPDATES_ONLY,YUNNAN_OUTSIDE,per_tau_pixel_exposures,count_strictly_above,31,0.953125,10,2.3978952727983707,,NOT_RECOVERABLE_FROM_SAVED_OBSERVATIONS,0,113332500,scene-pixel exposure,8625,Exact pixel counts were not saved; these are conservative bounds.
SUCCESSFUL_UPDATES_ONLY,YUNNAN_OUTSIDE,per_tau_pixel_exposures,count_strictly_above,32,0.984375,10,2.3978952727983707,,NOT_RECOVERABLE_FROM_SAVED_OBSERVATIONS,0,113332500,scene-pixel exposure,8625,Exact pixel counts were not saved; these are conservative bounds.
SUCCESSFUL_UPDATES_ONLY,YUNNAN_OUTSIDE,pixel_tau_exposure_count,count_strictly_above,,,10,2.3978952727983707,,NOT_RECOVERABLE_FROM_SAVED_OBSERVATIONS,0,3623630940,scene-pixel-tau exposure,8625,Exact pixel counts were not saved; these are conservative bounds.
SUCCESSFUL_UPDATES_ONLY,YUNNAN_OUTSIDE,spatial_pixel_exposure_count_any_tau,count_strictly_above,,,10,2.3978952727983707,,NOT_RECOVERABLE_FROM_SAVED_OBSERVATIONS,0,113332500,scene-pixel exposure (any tau),8625,Exact pixel counts were not saved; these are conservative bounds.
SUCCESSFUL_UPDATES_ONLY,YUNNAN_OUTSIDE,per_tau_pixel_exposures,count_strictly_above,1,0.015625,50,3.9318256327243257,,NOT_RECOVERABLE_FROM_SAVED_OBSERVATIONS,0,108339300,scene-pixel exposure,8625,Exact pixel counts were not saved; these are conservative bounds.
SUCCESSFUL_UPDATES_ONLY,YUNNAN_OUTSIDE,per_tau_pixel_exposures,count_strictly_above,2,0.046875,50,3.9318256327243257,,NOT_RECOVERABLE_FROM_SAVED_OBSERVATIONS,0,112425840,scene-pixel exposure,8625,Exact pixel counts were not saved; these are conservative bounds.
SUCCESSFUL_UPDATES_ONLY,YUNNAN_OUTSIDE,per_tau_pixel_exposures,count_strictly_above,3,0.078125,50,3.9318256327243257,,NOT_RECOVERABLE_FROM_SAVED_OBSERVATIONS,0,112675500,scene-pixel exposure,8625,Exact pixel counts were not saved; these are conservative bounds.
SUCCESSFUL_UPDATES_ONLY,YUNNAN_OUTSIDE,per_tau_pixel_exposures,count_strictly_above,4,0.109375,50,3.9318256327243257,,NOT_RECOVERABLE_FROM_SAVED_OBSERVATIONS,0,112846320,scene-pixel exposure,8625,Exact pixel counts were not saved; these are conservative bounds.
SUCCESSFUL_UPDATES_ONLY,YUNNAN_OUTSIDE,per_tau_pixel_exposures,count_strictly_above,5,0.140625,50,3.9318256327243257,,NOT_RECOVERABLE_FROM_SAVED_OBSERVATIONS,0,113017140,scene-pixel exposure,8625,Exact pixel counts were not saved; these are conservative bounds.
SUCCESSFUL_UPDATES_ONLY,YUNNAN_OUTSIDE,per_tau_pixel_exposures,count_strictly_above,6,0.171875,50,3.9318256327243257,,NOT_RECOVERABLE_FROM_SAVED_OBSERVATIONS,0,113187960,scene-pixel exposure,8625,Exact pixel counts were not saved; these are conservative bounds.
SUCCESSFUL_UPDATES_ONLY,YUNNAN_OUTSIDE,per_tau_pixel_exposures,count_strictly_above,7,0.203125,50,3.9318256327243257,,NOT_RECOVERABLE_FROM_SAVED_OBSERVATIONS,0,113201100,scene-pixel exposure,8625,Exact pixel counts were not saved; these are conservative bounds.
SUCCESSFUL_UPDATES_ONLY,YUNNAN_OUTSIDE,per_tau_pixel_exposures,count_strictly_above,8,0.234375,50,3.9318256327243257,,NOT_RECOVERABLE_FROM_SAVED_OBSERVATIONS,0,113201100,scene-pixel exposure,8625,Exact pixel counts were not saved; these are conservative bounds.
SUCCESSFUL_UPDATES_ONLY,YUNNAN_OUTSIDE,per_tau_pixel_exposures,count_strictly_above,9,0.265625,50,3.9318256327243257,,NOT_RECOVERABLE_FROM_SAVED_OBSERVATIONS,0,113201100,scene-pixel exposure,8625,Exact pixel counts were not saved; these are conservative bounds.
SUCCESSFUL_UPDATES_ONLY,YUNNAN_OUTSIDE,per_tau_pixel_exposures,count_strictly_above,10,0.296875,50,3.9318256327243257,,NOT_RECOVERABLE_FROM_SAVED_OBSERVATIONS,0,113253660,scene-pixel exposure,8625,Exact pixel counts were not saved; these are conservative bounds.
SUCCESSFUL_UPDATES_ONLY,YUNNAN_OUTSIDE,per_tau_pixel_exposures,count_strictly_above,11,0.328125,50,3.9318256327243257,,NOT_RECOVERABLE_FROM_SAVED_OBSERVATIONS,0,113293080,scene-pixel exposure,8625,Exact pixel counts were not saved; these are conservative bounds.
SUCCESSFUL_UPDATES_ONLY,YUNNAN_OUTSIDE,per_tau_pixel_exposures,count_strictly_above,12,0.359375,50,3.9318256327243257,,NOT_RECOVERABLE_FROM_SAVED_OBSERVATIONS,0,113293080,scene-pixel exposure,8625,Exact pixel counts were not saved; these are conservative bounds.
SUCCESSFUL_UPDATES_ONLY,YUNNAN_OUTSIDE,per_tau_pixel_exposures,count_strictly_above,13,0.390625,50,3.9318256327243257,,NOT_RECOVERABLE_FROM_SAVED_OBSERVATIONS,0,113293080,scene-pixel exposure,8625,Exact pixel counts were not saved; these are conservative bounds.
SUCCESSFUL_UPDATES_ONLY,YUNNAN_OUTSIDE,per_tau_pixel_exposures,count_strictly_above,14,0.421875,50,3.9318256327243257,,NOT_RECOVERABLE_FROM_SAVED_OBSERVATIONS,0,113293080,scene-pixel exposure,8625,Exact pixel counts were not saved; these are conservative bounds.
SUCCESSFUL_UPDATES_ONLY,YUNNAN_OUTSIDE,per_tau_pixel_exposures,count_strictly_above,15,0.453125,50,3.9318256327243257,,NOT_RECOVERABLE_FROM_SAVED_OBSERVATIONS,0,113293080,scene-pixel exposure,8625,Exact pixel counts were not saved; these are conservative bounds.
SUCCESSFUL_UPDATES_ONLY,YUNNAN_OUTSIDE,per_tau_pixel_exposures,count_strictly_above,16,0.484375,50,3.9318256327243257,,NOT_RECOVERABLE_FROM_SAVED_OBSERVATIONS,0,113319360,scene-pixel exposure,8625,Exact pixel counts were not saved; these are conservative bounds.
SUCCESSFUL_UPDATES_ONLY,YUNNAN_OUTSIDE,per_tau_pixel_exposures,count_strictly_above,17,0.515625,50,3.9318256327243257,,NOT_RECOVERABLE_FROM_SAVED_OBSERVATIONS,0,113319360,scene-pixel exposure,8625,Exact pixel counts were not saved; these are conservative bounds.
SUCCESSFUL_UPDATES_ONLY,YUNNAN_OUTSIDE,per_tau_pixel_exposures,count_strictly_above,18,0.546875,50,3.9318256327243257,,NOT_RECOVERABLE_FROM_SAVED_OBSERVATIONS,0,113319360,scene-pixel exposure,8625,Exact pixel counts were not saved; these are conservative bounds.
SUCCESSFUL_UPDATES_ONLY,YUNNAN_OUTSIDE,per_tau_pixel_exposures,count_strictly_above,19,0.578125,50,3.9318256327243257,,NOT_RECOVERABLE_FROM_SAVED_OBSERVATIONS,0,113319360,scene-pixel exposure,8625,Exact pixel counts were not saved; these are conservative bounds.
SUCCESSFUL_UPDATES_ONLY,YUNNAN_OUTSIDE,per_tau_pixel_exposures,count_strictly_above,20,0.609375,50,3.9318256327243257,,NOT_RECOVERABLE_FROM_SAVED_OBSERVATIONS,0,113319360,scene-pixel exposure,8625,Exact pixel counts were not saved; these are conservative bounds.
SUCCESSFUL_UPDATES_ONLY,YUNNAN_OUTSIDE,per_tau_pixel_exposures,count_strictly_above,21,0.640625,50,3.9318256327243257,,NOT_RECOVERABLE_FROM_SAVED_OBSERVATIONS,0,113319360,scene-pixel exposure,8625,Exact pixel counts were not saved; these are conservative bounds.
SUCCESSFUL_UPDATES_ONLY,YUNNAN_OUTSIDE,per_tau_pixel_exposures,count_strictly_above,22,0.671875,50,3.9318256327243257,,NOT_RECOVERABLE_FROM_SAVED_OBSERVATIONS,0,113319360,scene-pixel exposure,8625,Exact pixel counts were not saved; these are conservative bounds.
SUCCESSFUL_UPDATES_ONLY,YUNNAN_OUTSIDE,per_tau_pixel_exposures,count_strictly_above,23,0.703125,50,3.9318256327243257,,NOT_RECOVERABLE_FROM_SAVED_OBSERVATIONS,0,113319360,scene-pixel exposure,8625,Exact pixel counts were not saved; these are conservative bounds.
SUCCESSFUL_UPDATES_ONLY,YUNNAN_OUTSIDE,per_tau_pixel_exposures,count_strictly_above,24,0.734375,50,3.9318256327243257,,NOT_RECOVERABLE_FROM_SAVED_OBSERVATIONS,0,113319360,scene-pixel exposure,8625,Exact pixel counts were not saved; these are conservative bounds.
SUCCESSFUL_UPDATES_ONLY,YUNNAN_OUTSIDE,per_tau_pixel_exposures,count_strictly_above,25,0.765625,50,3.9318256327243257,,NOT_RECOVERABLE_FROM_SAVED_OBSERVATIONS,0,113319360,scene-pixel exposure,8625,Exact pixel counts were not saved; these are conservative bounds.
SUCCESSFUL_UPDATES_ONLY,YUNNAN_OUTSIDE,per_tau_pixel_exposures,count_strictly_above,26,0.796875,50,3.9318256327243257,,NOT_RECOVERABLE_FROM_SAVED_OBSERVATIONS,0,113319360,scene-pixel exposure,8625,Exact pixel counts were not saved; these are conservative bounds.
SUCCESSFUL_UPDATES_ONLY,YUNNAN_OUTSIDE,per_tau_pixel_exposures,count_strictly_above,27,0.828125,50,3.9318256327243257,,NOT_RECOVERABLE_FROM_SAVED_OBSERVATIONS,0,113332500,scene-pixel exposure,8625,Exact pixel counts were not saved; these are conservative bounds.
SUCCESSFUL_UPDATES_ONLY,YUNNAN_OUTSIDE,per_tau_pixel_exposures,count_strictly_above,28,0.859375,50,3.9318256327243257,,NOT_RECOVERABLE_FROM_SAVED_OBSERVATIONS,0,113332500,scene-pixel exposure,8625,Exact pixel counts were not saved; these are conservative bounds.
SUCCESSFUL_UPDATES_ONLY,YUNNAN_OUTSIDE,per_tau_pixel_exposures,count_strictly_above,29,0.890625,50,3.9318256327243257,,NOT_RECOVERABLE_FROM_SAVED_OBSERVATIONS,0,113332500,scene-pixel exposure,8625,Exact pixel counts were not saved; these are conservative bounds.
SUCCESSFUL_UPDATES_ONLY,YUNNAN_OUTSIDE,per_tau_pixel_exposures,count_strictly_above,30,0.921875,50,3.9318256327243257,,NOT_RECOVERABLE_FROM_SAVED_OBSERVATIONS,0,113332500,scene-pixel exposure,8625,Exact pixel counts were not saved; these are conservative bounds.
SUCCESSFUL_UPDATES_ONLY,YUNNAN_OUTSIDE,per_tau_pixel_exposures,count_strictly_above,31,0.953125,50,3.9318256327243257,,NOT_RECOVERABLE_FROM_SAVED_OBSERVATIONS,0,113332500,scene-pixel exposure,8625,Exact pixel counts were not saved; these are conservative bounds.
SUCCESSFUL_UPDATES_ONLY,YUNNAN_OUTSIDE,per_tau_pixel_exposures,count_strictly_above,32,0.984375,50,3.9318256327243257,,NOT_RECOVERABLE_FROM_SAVED_OBSERVATIONS,0,113332500,scene-pixel exposure,8625,Exact pixel counts were not saved; these are conservative bounds.
SUCCESSFUL_UPDATES_ONLY,YUNNAN_OUTSIDE,pixel_tau_exposure_count,count_strictly_above,,,50,3.9318256327243257,,NOT_RECOVERABLE_FROM_SAVED_OBSERVATIONS,0,3618322380,scene-pixel-tau exposure,8625,Exact pixel counts were not saved; these are conservative bounds.
SUCCESSFUL_UPDATES_ONLY,YUNNAN_OUTSIDE,spatial_pixel_exposure_count_any_tau,count_strictly_above,,,50,3.9318256327243257,,NOT_RECOVERABLE_FROM_SAVED_OBSERVATIONS,0,113332500,scene-pixel exposure (any tau),8625,Exact pixel counts were not saved; these are conservative bounds.
SUCCESSFUL_UPDATES_ONLY,YUNNAN_OUTSIDE,per_tau_pixel_exposures,count_strictly_above,1,0.015625,100,4.61512051684126,,NOT_RECOVERABLE_FROM_SAVED_OBSERVATIONS,0,106236900,scene-pixel exposure,8625,Exact pixel counts were not saved; these are conservative bounds.
SUCCESSFUL_UPDATES_ONLY,YUNNAN_OUTSIDE,per_tau_pixel_exposures,count_strictly_above,2,0.046875,100,4.61512051684126,,NOT_RECOVERABLE_FROM_SAVED_OBSERVATIONS,0,112097340,scene-pixel exposure,8625,Exact pixel counts were not saved; these are conservative bounds.
SUCCESSFUL_UPDATES_ONLY,YUNNAN_OUTSIDE,per_tau_pixel_exposures,count_strictly_above,3,0.078125,100,4.61512051684126,,NOT_RECOVERABLE_FROM_SAVED_OBSERVATIONS,0,112478400,scene-pixel exposure,8625,Exact pixel counts were not saved; these are conservative bounds.
SUCCESSFUL_UPDATES_ONLY,YUNNAN_OUTSIDE,per_tau_pixel_exposures,count_strictly_above,4,0.109375,100,4.61512051684126,,NOT_RECOVERABLE_FROM_SAVED_OBSERVATIONS,0,112714920,scene-pixel exposure,8625,Exact pixel counts were not saved; these are conservative bounds.
SUCCESSFUL_UPDATES_ONLY,YUNNAN_OUTSIDE,per_tau_pixel_exposures,count_strictly_above,5,0.140625,100,4.61512051684126,,NOT_RECOVERABLE_FROM_SAVED_OBSERVATIONS,0,112885740,scene-pixel exposure,8625,Exact pixel counts were not saved; these are conservative bounds.
SUCCESSFUL_UPDATES_ONLY,YUNNAN_OUTSIDE,per_tau_pixel_exposures,count_strictly_above,6,0.171875,100,4.61512051684126,,NOT_RECOVERABLE_FROM_SAVED_OBSERVATIONS,0,113122260,scene-pixel exposure,8625,Exact pixel counts were not saved; these are conservative bounds.
SUCCESSFUL_UPDATES_ONLY,YUNNAN_OUTSIDE,per_tau_pixel_exposures,count_strictly_above,7,0.203125,100,4.61512051684126,,NOT_RECOVERABLE_FROM_SAVED_OBSERVATIONS,0,113161680,scene-pixel exposure,8625,Exact pixel counts were not saved; these are conservative bounds.
SUCCESSFUL_UPDATES_ONLY,YUNNAN_OUTSIDE,per_tau_pixel_exposures,count_strictly_above,8,0.234375,100,4.61512051684126,,NOT_RECOVERABLE_FROM_SAVED_OBSERVATIONS,0,113174820,scene-pixel exposure,8625,Exact pixel counts were not saved; these are conservative bounds.
SUCCESSFUL_UPDATES_ONLY,YUNNAN_OUTSIDE,per_tau_pixel_exposures,count_strictly_above,9,0.265625,100,4.61512051684126,,NOT_RECOVERABLE_FROM_SAVED_OBSERVATIONS,0,113187960,scene-pixel exposure,8625,Exact pixel counts were not saved; these are conservative bounds.
SUCCESSFUL_UPDATES_ONLY,YUNNAN_OUTSIDE,per_tau_pixel_exposures,count_strictly_above,10,0.296875,100,4.61512051684126,,NOT_RECOVERABLE_FROM_SAVED_OBSERVATIONS,0,113201100,scene-pixel exposure,8625,Exact pixel counts were not saved; these are conservative bounds.
SUCCESSFUL_UPDATES_ONLY,YUNNAN_OUTSIDE,per_tau_pixel_exposures,count_strictly_above,11,0.328125,100,4.61512051684126,,NOT_RECOVERABLE_FROM_SAVED_OBSERVATIONS,0,113253660,scene-pixel exposure,8625,Exact pixel counts were not saved; these are conservative bounds.
SUCCESSFUL_UPDATES_ONLY,YUNNAN_OUTSIDE,per_tau_pixel_exposures,count_strictly_above,12,0.359375,100,4.61512051684126,,NOT_RECOVERABLE_FROM_SAVED_OBSERVATIONS,0,113293080,scene-pixel exposure,8625,Exact pixel counts were not saved; these are conservative bounds.
SUCCESSFUL_UPDATES_ONLY,YUNNAN_OUTSIDE,per_tau_pixel_exposures,count_strictly_above,13,0.390625,100,4.61512051684126,,NOT_RECOVERABLE_FROM_SAVED_OBSERVATIONS,0,113293080,scene-pixel exposure,8625,Exact pixel counts were not saved; these are conservative bounds.
SUCCESSFUL_UPDATES_ONLY,YUNNAN_OUTSIDE,per_tau_pixel_exposures,count_strictly_above,14,0.421875,100,4.61512051684126,,NOT_RECOVERABLE_FROM_SAVED_OBSERVATIONS,0,113293080,scene-pixel exposure,8625,Exact pixel counts were not saved; these are conservative bounds.
SUCCESSFUL_UPDATES_ONLY,YUNNAN_OUTSIDE,per_tau_pixel_exposures,count_strictly_above,15,0.453125,100,4.61512051684126,,NOT_RECOVERABLE_FROM_SAVED_OBSERVATIONS,0,113293080,scene-pixel exposure,8625,Exact pixel counts were not saved; these are conservative bounds.
SUCCESSFUL_UPDATES_ONLY,YUNNAN_OUTSIDE,per_tau_pixel_exposures,count_strictly_above,16,0.484375,100,4.61512051684126,,NOT_RECOVERABLE_FROM_SAVED_OBSERVATIONS,0,113293080,scene-pixel exposure,8625,Exact pixel counts were not saved; these are conservative bounds.
SUCCESSFUL_UPDATES_ONLY,YUNNAN_OUTSIDE,per_tau_pixel_exposures,count_strictly_above,17,0.515625,100,4.61512051684126,,NOT_RECOVERABLE_FROM_SAVED_OBSERVATIONS,0,113293080,scene-pixel exposure,8625,Exact pixel counts were not saved; these are conservative bounds.
SUCCESSFUL_UPDATES_ONLY,YUNNAN_OUTSIDE,per_tau_pixel_exposures,count_strictly_above,18,0.546875,100,4.61512051684126,,NOT_RECOVERABLE_FROM_SAVED_OBSERVATIONS,0,113319360,scene-pixel exposure,8625,Exact pixel counts were not saved; these are conservative bounds.
SUCCESSFUL_UPDATES_ONLY,YUNNAN_OUTSIDE,per_tau_pixel_exposures,count_strictly_above,19,0.578125,100,4.61512051684126,,NOT_RECOVERABLE_FROM_SAVED_OBSERVATIONS,0,113319360,scene-pixel exposure,8625,Exact pixel counts were not saved; these are conservative bounds.
SUCCESSFUL_UPDATES_ONLY,YUNNAN_OUTSIDE,per_tau_pixel_exposures,count_strictly_above,20,0.609375,100,4.61512051684126,,NOT_RECOVERABLE_FROM_SAVED_OBSERVATIONS,0,113319360,scene-pixel exposure,8625,Exact pixel counts were not saved; these are conservative bounds.
SUCCESSFUL_UPDATES_ONLY,YUNNAN_OUTSIDE,per_tau_pixel_exposures,count_strictly_above,21,0.640625,100,4.61512051684126,,NOT_RECOVERABLE_FROM_SAVED_OBSERVATIONS,0,113319360,scene-pixel exposure,8625,Exact pixel counts were not saved; these are conservative bounds.
SUCCESSFUL_UPDATES_ONLY,YUNNAN_OUTSIDE,per_tau_pixel_exposures,count_strictly_above,22,0.671875,100,4.61512051684126,,NOT_RECOVERABLE_FROM_SAVED_OBSERVATIONS,0,113319360,scene-pixel exposure,8625,Exact pixel counts were not saved; these are conservative bounds.
SUCCESSFUL_UPDATES_ONLY,YUNNAN_OUTSIDE,per_tau_pixel_exposures,count_strictly_above,23,0.703125,100,4.61512051684126,,NOT_RECOVERABLE_FROM_SAVED_OBSERVATIONS,0,113319360,scene-pixel exposure,8625,Exact pixel counts were not saved; these are conservative bounds.
SUCCESSFUL_UPDATES_ONLY,YUNNAN_OUTSIDE,per_tau_pixel_exposures,count_strictly_above,24,0.734375,100,4.61512051684126,,NOT_RECOVERABLE_FROM_SAVED_OBSERVATIONS,0,113319360,scene-pixel exposure,8625,Exact pixel counts were not saved; these are conservative bounds.
SUCCESSFUL_UPDATES_ONLY,YUNNAN_OUTSIDE,per_tau_pixel_exposures,count_strictly_above,25,0.765625,100,4.61512051684126,,NOT_RECOVERABLE_FROM_SAVED_OBSERVATIONS,0,113319360,scene-pixel exposure,8625,Exact pixel counts were not saved; these are conservative bounds.
SUCCESSFUL_UPDATES_ONLY,YUNNAN_OUTSIDE,per_tau_pixel_exposures,count_strictly_above,26,0.796875,100,4.61512051684126,,NOT_RECOVERABLE_FROM_SAVED_OBSERVATIONS,0,113319360,scene-pixel exposure,8625,Exact pixel counts were not saved; these are conservative bounds.
SUCCESSFUL_UPDATES_ONLY,YUNNAN_OUTSIDE,per_tau_pixel_exposures,count_strictly_above,27,0.828125,100,4.61512051684126,,NOT_RECOVERABLE_FROM_SAVED_OBSERVATIONS,0,113319360,scene-pixel exposure,8625,Exact pixel counts were not saved; these are conservative bounds.
SUCCESSFUL_UPDATES_ONLY,YUNNAN_OUTSIDE,per_tau_pixel_exposures,count_strictly_above,28,0.859375,100,4.61512051684126,,NOT_RECOVERABLE_FROM_SAVED_OBSERVATIONS,0,113319360,scene-pixel exposure,8625,Exact pixel counts were not saved; these are conservative bounds.
SUCCESSFUL_UPDATES_ONLY,YUNNAN_OUTSIDE,per_tau_pixel_exposures,count_strictly_above,29,0.890625,100,4.61512051684126,,NOT_RECOVERABLE_FROM_SAVED_OBSERVATIONS,0,113332500,scene-pixel exposure,8625,Exact pixel counts were not saved; these are conservative bounds.
SUCCESSFUL_UPDATES_ONLY,YUNNAN_OUTSIDE,per_tau_pixel_exposures,count_strictly_above,30,0.921875,100,4.61512051684126,,NOT_RECOVERABLE_FROM_SAVED_OBSERVATIONS,0,113332500,scene-pixel exposure,8625,Exact pixel counts were not saved; these are conservative bounds.
SUCCESSFUL_UPDATES_ONLY,YUNNAN_OUTSIDE,per_tau_pixel_exposures,count_strictly_above,31,0.953125,100,4.61512051684126,,NOT_RECOVERABLE_FROM_SAVED_OBSERVATIONS,0,113332500,scene-pixel exposure,8625,Exact pixel counts were not saved; these are conservative bounds.
SUCCESSFUL_UPDATES_ONLY,YUNNAN_OUTSIDE,per_tau_pixel_exposures,count_strictly_above,32,0.984375,100,4.61512051684126,,NOT_RECOVERABLE_FROM_SAVED_OBSERVATIONS,0,113332500,scene-pixel exposure,8625,Exact pixel counts were not saved; these are conservative bounds.
SUCCESSFUL_UPDATES_ONLY,YUNNAN_OUTSIDE,pixel_tau_exposure_count,count_strictly_above,,,100,4.61512051684126,,NOT_RECOVERABLE_FROM_SAVED_OBSERVATIONS,0,3615116220,scene-pixel-tau exposure,8625,Exact pixel counts were not saved; these are conservative bounds.
SUCCESSFUL_UPDATES_ONLY,YUNNAN_OUTSIDE,spatial_pixel_exposure_count_any_tau,count_strictly_above,,,100,4.61512051684126,,NOT_RECOVERABLE_FROM_SAVED_OBSERVATIONS,0,113332500,scene-pixel exposure (any tau),8625,Exact pixel counts were not saved; these are conservative bounds.
SUCCESSFUL_UPDATES_ONLY,YUNNAN_OUTSIDE,per_tau_pixel_exposures,count_strictly_above,1,0.015625,500,6.2166061010848646,,NOT_RECOVERABLE_FROM_SAVED_OBSERVATIONS,0,97104600,scene-pixel exposure,8625,Exact pixel counts were not saved; these are conservative bounds.
SUCCESSFUL_UPDATES_ONLY,YUNNAN_OUTSIDE,per_tau_pixel_exposures,count_strictly_above,2,0.046875,500,6.2166061010848646,,NOT_RECOVERABLE_FROM_SAVED_OBSERVATIONS,0,110967300,scene-pixel exposure,8625,Exact pixel counts were not saved; these are conservative bounds.
SUCCESSFUL_UPDATES_ONLY,YUNNAN_OUTSIDE,per_tau_pixel_exposures,count_strictly_above,3,0.078125,500,6.2166061010848646,,NOT_RECOVERABLE_FROM_SAVED_OBSERVATIONS,0,111900240,scene-pixel exposure,8625,Exact pixel counts were not saved; these are conservative bounds.
SUCCESSFUL_UPDATES_ONLY,YUNNAN_OUTSIDE,per_tau_pixel_exposures,count_strictly_above,4,0.109375,500,6.2166061010848646,,NOT_RECOVERABLE_FROM_SAVED_OBSERVATIONS,0,112320720,scene-pixel exposure,8625,Exact pixel counts were not saved; these are conservative bounds.
SUCCESSFUL_UPDATES_ONLY,YUNNAN_OUTSIDE,per_tau_pixel_exposures,count_strictly_above,5,0.140625,500,6.2166061010848646,,NOT_RECOVERABLE_FROM_SAVED_OBSERVATIONS,0,112583520,scene-pixel exposure,8625,Exact pixel counts were not saved; these are conservative bounds.
SUCCESSFUL_UPDATES_ONLY,YUNNAN_OUTSIDE,per_tau_pixel_exposures,count_strictly_above,6,0.171875,500,6.2166061010848646,,NOT_RECOVERABLE_FROM_SAVED_OBSERVATIONS,0,112898880,scene-pixel exposure,8625,Exact pixel counts were not saved; these are conservative bounds.
SUCCESSFUL_UPDATES_ONLY,YUNNAN_OUTSIDE,per_tau_pixel_exposures,count_strictly_above,7,0.203125,500,6.2166061010848646,,NOT_RECOVERABLE_FROM_SAVED_OBSERVATIONS,0,112951440,scene-pixel exposure,8625,Exact pixel counts were not saved; these are conservative bounds.
SUCCESSFUL_UPDATES_ONLY,YUNNAN_OUTSIDE,per_tau_pixel_exposures,count_strictly_above,8,0.234375,500,6.2166061010848646,,NOT_RECOVERABLE_FROM_SAVED_OBSERVATIONS,0,112977720,scene-pixel exposure,8625,Exact pixel counts were not saved; these are conservative bounds.
SUCCESSFUL_UPDATES_ONLY,YUNNAN_OUTSIDE,per_tau_pixel_exposures,count_strictly_above,9,0.265625,500,6.2166061010848646,,NOT_RECOVERABLE_FROM_SAVED_OBSERVATIONS,0,113043420,scene-pixel exposure,8625,Exact pixel counts were not saved; these are conservative bounds.
SUCCESSFUL_UPDATES_ONLY,YUNNAN_OUTSIDE,per_tau_pixel_exposures,count_strictly_above,10,0.296875,500,6.2166061010848646,,NOT_RECOVERABLE_FROM_SAVED_OBSERVATIONS,0,113095980,scene-pixel exposure,8625,Exact pixel counts were not saved; these are conservative bounds.
SUCCESSFUL_UPDATES_ONLY,YUNNAN_OUTSIDE,per_tau_pixel_exposures,count_strictly_above,11,0.328125,500,6.2166061010848646,,NOT_RECOVERABLE_FROM_SAVED_OBSERVATIONS,0,113174820,scene-pixel exposure,8625,Exact pixel counts were not saved; these are conservative bounds.
SUCCESSFUL_UPDATES_ONLY,YUNNAN_OUTSIDE,per_tau_pixel_exposures,count_strictly_above,12,0.359375,500,6.2166061010848646,,NOT_RECOVERABLE_FROM_SAVED_OBSERVATIONS,0,113201100,scene-pixel exposure,8625,Exact pixel counts were not saved; these are conservative bounds.
SUCCESSFUL_UPDATES_ONLY,YUNNAN_OUTSIDE,per_tau_pixel_exposures,count_strictly_above,13,0.390625,500,6.2166061010848646,,NOT_RECOVERABLE_FROM_SAVED_OBSERVATIONS,0,113214240,scene-pixel exposure,8625,Exact pixel counts were not saved; these are conservative bounds.
SUCCESSFUL_UPDATES_ONLY,YUNNAN_OUTSIDE,per_tau_pixel_exposures,count_strictly_above,14,0.421875,500,6.2166061010848646,,NOT_RECOVERABLE_FROM_SAVED_OBSERVATIONS,0,113227380,scene-pixel exposure,8625,Exact pixel counts were not saved; these are conservative bounds.
SUCCESSFUL_UPDATES_ONLY,YUNNAN_OUTSIDE,per_tau_pixel_exposures,count_strictly_above,15,0.453125,500,6.2166061010848646,,NOT_RECOVERABLE_FROM_SAVED_OBSERVATIONS,0,113266800,scene-pixel exposure,8625,Exact pixel counts were not saved; these are conservative bounds.
SUCCESSFUL_UPDATES_ONLY,YUNNAN_OUTSIDE,per_tau_pixel_exposures,count_strictly_above,16,0.484375,500,6.2166061010848646,,NOT_RECOVERABLE_FROM_SAVED_OBSERVATIONS,0,113279940,scene-pixel exposure,8625,Exact pixel counts were not saved; these are conservative bounds.
SUCCESSFUL_UPDATES_ONLY,YUNNAN_OUTSIDE,per_tau_pixel_exposures,count_strictly_above,17,0.515625,500,6.2166061010848646,,NOT_RECOVERABLE_FROM_SAVED_OBSERVATIONS,0,113279940,scene-pixel exposure,8625,Exact pixel counts were not saved; these are conservative bounds.
SUCCESSFUL_UPDATES_ONLY,YUNNAN_OUTSIDE,per_tau_pixel_exposures,count_strictly_above,18,0.546875,500,6.2166061010848646,,NOT_RECOVERABLE_FROM_SAVED_OBSERVATIONS,0,113279940,scene-pixel exposure,8625,Exact pixel counts were not saved; these are conservative bounds.
SUCCESSFUL_UPDATES_ONLY,YUNNAN_OUTSIDE,per_tau_pixel_exposures,count_strictly_above,19,0.578125,500,6.2166061010848646,,NOT_RECOVERABLE_FROM_SAVED_OBSERVATIONS,0,113293080,scene-pixel exposure,8625,Exact pixel counts were not saved; these are conservative bounds.
SUCCESSFUL_UPDATES_ONLY,YUNNAN_OUTSIDE,per_tau_pixel_exposures,count_strictly_above,20,0.609375,500,6.2166061010848646,,NOT_RECOVERABLE_FROM_SAVED_OBSERVATIONS,0,113293080,scene-pixel exposure,8625,Exact pixel counts were not saved; these are conservative bounds.
SUCCESSFUL_UPDATES_ONLY,YUNNAN_OUTSIDE,per_tau_pixel_exposures,count_strictly_above,21,0.640625,500,6.2166061010848646,,NOT_RECOVERABLE_FROM_SAVED_OBSERVATIONS,0,113293080,scene-pixel exposure,8625,Exact pixel counts were not saved; these are conservative bounds.
SUCCESSFUL_UPDATES_ONLY,YUNNAN_OUTSIDE,per_tau_pixel_exposures,count_strictly_above,22,0.671875,500,6.2166061010848646,,NOT_RECOVERABLE_FROM_SAVED_OBSERVATIONS,0,113293080,scene-pixel exposure,8625,Exact pixel counts were not saved; these are conservative bounds.
SUCCESSFUL_UPDATES_ONLY,YUNNAN_OUTSIDE,per_tau_pixel_exposures,count_strictly_above,23,0.703125,500,6.2166061010848646,,NOT_RECOVERABLE_FROM_SAVED_OBSERVATIONS,0,113293080,scene-pixel exposure,8625,Exact pixel counts were not saved; these are conservative bounds.
SUCCESSFUL_UPDATES_ONLY,YUNNAN_OUTSIDE,per_tau_pixel_exposures,count_strictly_above,24,0.734375,500,6.2166061010848646,,NOT_RECOVERABLE_FROM_SAVED_OBSERVATIONS,0,113319360,scene-pixel exposure,8625,Exact pixel counts were not saved; these are conservative bounds.
SUCCESSFUL_UPDATES_ONLY,YUNNAN_OUTSIDE,per_tau_pixel_exposures,count_strictly_above,25,0.765625,500,6.2166061010848646,,NOT_RECOVERABLE_FROM_SAVED_OBSERVATIONS,0,113319360,scene-pixel exposure,8625,Exact pixel counts were not saved; these are conservative bounds.
SUCCESSFUL_UPDATES_ONLY,YUNNAN_OUTSIDE,per_tau_pixel_exposures,count_strictly_above,26,0.796875,500,6.2166061010848646,,NOT_RECOVERABLE_FROM_SAVED_OBSERVATIONS,0,113319360,scene-pixel exposure,8625,Exact pixel counts were not saved; these are conservative bounds.
SUCCESSFUL_UPDATES_ONLY,YUNNAN_OUTSIDE,per_tau_pixel_exposures,count_strictly_above,27,0.828125,500,6.2166061010848646,,NOT_RECOVERABLE_FROM_SAVED_OBSERVATIONS,0,113319360,scene-pixel exposure,8625,Exact pixel counts were not saved; these are conservative bounds.
SUCCESSFUL_UPDATES_ONLY,YUNNAN_OUTSIDE,per_tau_pixel_exposures,count_strictly_above,28,0.859375,500,6.2166061010848646,,NOT_RECOVERABLE_FROM_SAVED_OBSERVATIONS,0,113319360,scene-pixel exposure,8625,Exact pixel counts were not saved; these are conservative bounds.
SUCCESSFUL_UPDATES_ONLY,YUNNAN_OUTSIDE,per_tau_pixel_exposures,count_strictly_above,29,0.890625,500,6.2166061010848646,,NOT_RECOVERABLE_FROM_SAVED_OBSERVATIONS,0,113319360,scene-pixel exposure,8625,Exact pixel counts were not saved; these are conservative bounds.
SUCCESSFUL_UPDATES_ONLY,YUNNAN_OUTSIDE,per_tau_pixel_exposures,count_strictly_above,30,0.921875,500,6.2166061010848646,,NOT_RECOVERABLE_FROM_SAVED_OBSERVATIONS,0,113319360,scene-pixel exposure,8625,Exact pixel counts were not saved; these are conservative bounds.
SUCCESSFUL_UPDATES_ONLY,YUNNAN_OUTSIDE,per_tau_pixel_exposures,count_strictly_above,31,0.953125,500,6.2166061010848646,,NOT_RECOVERABLE_FROM_SAVED_OBSERVATIONS,0,113319360,scene-pixel exposure,8625,Exact pixel counts were not saved; these are conservative bounds.
SUCCESSFUL_UPDATES_ONLY,YUNNAN_OUTSIDE,per_tau_pixel_exposures,count_strictly_above,32,0.984375,500,6.2166061010848646,,NOT_RECOVERABLE_FROM_SAVED_OBSERVATIONS,0,113332500,scene-pixel exposure,8625,Exact pixel counts were not saved; these are conservative bounds.
SUCCESSFUL_UPDATES_ONLY,YUNNAN_OUTSIDE,pixel_tau_exposure_count,count_strictly_above,,,500,6.2166061010848646,,NOT_RECOVERABLE_FROM_SAVED_OBSERVATIONS,0,3602120760,scene-pixel-tau exposure,8625,Exact pixel counts were not saved; these are conservative bounds.
SUCCESSFUL_UPDATES_ONLY,YUNNAN_OUTSIDE,spatial_pixel_exposure_count_any_tau,count_strictly_above,,,500,6.2166061010848646,,NOT_RECOVERABLE_FROM_SAVED_OBSERVATIONS,0,113332500,scene-pixel exposure (any tau),8625,Exact pixel counts were not saved; these are conservative bounds.
SUCCESSFUL_UPDATES_ONLY,YUNNAN_OUTSIDE,per_tau_pixel_exposures,count_strictly_above,1,0.015625,1000,6.90875477931522,,NOT_RECOVERABLE_FROM_SAVED_OBSERVATIONS,0,89352000,scene-pixel exposure,8625,Exact pixel counts were not saved; these are conservative bounds.
SUCCESSFUL_UPDATES_ONLY,YUNNAN_OUTSIDE,per_tau_pixel_exposures,count_strictly_above,2,0.046875,1000,6.90875477931522,,NOT_RECOVERABLE_FROM_SAVED_OBSERVATIONS,0,110310300,scene-pixel exposure,8625,Exact pixel counts were not saved; these are conservative bounds.
SUCCESSFUL_UPDATES_ONLY,YUNNAN_OUTSIDE,per_tau_pixel_exposures,count_strictly_above,3,0.078125,1000,6.90875477931522,,NOT_RECOVERABLE_FROM_SAVED_OBSERVATIONS,0,111571740,scene-pixel exposure,8625,Exact pixel counts were not saved; these are conservative bounds.
SUCCESSFUL_UPDATES_ONLY,YUNNAN_OUTSIDE,per_tau_pixel_exposures,count_strictly_above,4,0.109375,1000,6.90875477931522,,NOT_RECOVERABLE_FROM_SAVED_OBSERVATIONS,0,112110480,scene-pixel exposure,8625,Exact pixel counts were not saved; these are conservative bounds.
SUCCESSFUL_UPDATES_ONLY,YUNNAN_OUTSIDE,per_tau_pixel_exposures,count_strictly_above,5,0.140625,1000,6.90875477931522,,NOT_RECOVERABLE_FROM_SAVED_OBSERVATIONS,0,112478400,scene-pixel exposure,8625,Exact pixel counts were not saved; these are conservative bounds.
SUCCESSFUL_UPDATES_ONLY,YUNNAN_OUTSIDE,per_tau_pixel_exposures,count_strictly_above,6,0.171875,1000,6.90875477931522,,NOT_RECOVERABLE_FROM_SAVED_OBSERVATIONS,0,112806900,scene-pixel exposure,8625,Exact pixel counts were not saved; these are conservative bounds.
SUCCESSFUL_UPDATES_ONLY,YUNNAN_OUTSIDE,per_tau_pixel_exposures,count_strictly_above,7,0.203125,1000,6.90875477931522,,NOT_RECOVERABLE_FROM_SAVED_OBSERVATIONS,0,112898880,scene-pixel exposure,8625,Exact pixel counts were not saved; these are conservative bounds.
SUCCESSFUL_UPDATES_ONLY,YUNNAN_OUTSIDE,per_tau_pixel_exposures,count_strictly_above,8,0.234375,1000,6.90875477931522,,NOT_RECOVERABLE_FROM_SAVED_OBSERVATIONS,0,112898880,scene-pixel exposure,8625,Exact pixel counts were not saved; these are conservative bounds.
SUCCESSFUL_UPDATES_ONLY,YUNNAN_OUTSIDE,per_tau_pixel_exposures,count_strictly_above,9,0.265625,1000,6.90875477931522,,NOT_RECOVERABLE_FROM_SAVED_OBSERVATIONS,0,112938300,scene-pixel exposure,8625,Exact pixel counts were not saved; these are conservative bounds.
SUCCESSFUL_UPDATES_ONLY,YUNNAN_OUTSIDE,per_tau_pixel_exposures,count_strictly_above,10,0.296875,1000,6.90875477931522,,NOT_RECOVERABLE_FROM_SAVED_OBSERVATIONS,0,113004000,scene-pixel exposure,8625,Exact pixel counts were not saved; these are conservative bounds.
SUCCESSFUL_UPDATES_ONLY,YUNNAN_OUTSIDE,per_tau_pixel_exposures,count_strictly_above,11,0.328125,1000,6.90875477931522,,NOT_RECOVERABLE_FROM_SAVED_OBSERVATIONS,0,113122260,scene-pixel exposure,8625,Exact pixel counts were not saved; these are conservative bounds.
SUCCESSFUL_UPDATES_ONLY,YUNNAN_OUTSIDE,per_tau_pixel_exposures,count_strictly_above,12,0.359375,1000,6.90875477931522,,NOT_RECOVERABLE_FROM_SAVED_OBSERVATIONS,0,113187960,scene-pixel exposure,8625,Exact pixel counts were not saved; these are conservative bounds.
SUCCESSFUL_UPDATES_ONLY,YUNNAN_OUTSIDE,per_tau_pixel_exposures,count_strictly_above,13,0.390625,1000,6.90875477931522,,NOT_RECOVERABLE_FROM_SAVED_OBSERVATIONS,0,113187960,scene-pixel exposure,8625,Exact pixel counts were not saved; these are conservative bounds.
SUCCESSFUL_UPDATES_ONLY,YUNNAN_OUTSIDE,per_tau_pixel_exposures,count_strictly_above,14,0.421875,1000,6.90875477931522,,NOT_RECOVERABLE_FROM_SAVED_OBSERVATIONS,0,113187960,scene-pixel exposure,8625,Exact pixel counts were not saved; these are conservative bounds.
SUCCESSFUL_UPDATES_ONLY,YUNNAN_OUTSIDE,per_tau_pixel_exposures,count_strictly_above,15,0.453125,1000,6.90875477931522,,NOT_RECOVERABLE_FROM_SAVED_OBSERVATIONS,0,113214240,scene-pixel exposure,8625,Exact pixel counts were not saved; these are conservative bounds.
SUCCESSFUL_UPDATES_ONLY,YUNNAN_OUTSIDE,per_tau_pixel_exposures,count_strictly_above,16,0.484375,1000,6.90875477931522,,NOT_RECOVERABLE_FROM_SAVED_OBSERVATIONS,0,113266800,scene-pixel exposure,8625,Exact pixel counts were not saved; these are conservative bounds.
SUCCESSFUL_UPDATES_ONLY,YUNNAN_OUTSIDE,per_tau_pixel_exposures,count_strictly_above,17,0.515625,1000,6.90875477931522,,NOT_RECOVERABLE_FROM_SAVED_OBSERVATIONS,0,113266800,scene-pixel exposure,8625,Exact pixel counts were not saved; these are conservative bounds.
SUCCESSFUL_UPDATES_ONLY,YUNNAN_OUTSIDE,per_tau_pixel_exposures,count_strictly_above,18,0.546875,1000,6.90875477931522,,NOT_RECOVERABLE_FROM_SAVED_OBSERVATIONS,0,113279940,scene-pixel exposure,8625,Exact pixel counts were not saved; these are conservative bounds.
SUCCESSFUL_UPDATES_ONLY,YUNNAN_OUTSIDE,per_tau_pixel_exposures,count_strictly_above,19,0.578125,1000,6.90875477931522,,NOT_RECOVERABLE_FROM_SAVED_OBSERVATIONS,0,113279940,scene-pixel exposure,8625,Exact pixel counts were not saved; these are conservative bounds.
SUCCESSFUL_UPDATES_ONLY,YUNNAN_OUTSIDE,per_tau_pixel_exposures,count_strictly_above,20,0.609375,1000,6.90875477931522,,NOT_RECOVERABLE_FROM_SAVED_OBSERVATIONS,0,113279940,scene-pixel exposure,8625,Exact pixel counts were not saved; these are conservative bounds.
SUCCESSFUL_UPDATES_ONLY,YUNNAN_OUTSIDE,per_tau_pixel_exposures,count_strictly_above,21,0.640625,1000,6.90875477931522,,NOT_RECOVERABLE_FROM_SAVED_OBSERVATIONS,0,113293080,scene-pixel exposure,8625,Exact pixel counts were not saved; these are conservative bounds.
SUCCESSFUL_UPDATES_ONLY,YUNNAN_OUTSIDE,per_tau_pixel_exposures,count_strictly_above,22,0.671875,1000,6.90875477931522,,NOT_RECOVERABLE_FROM_SAVED_OBSERVATIONS,0,113293080,scene-pixel exposure,8625,Exact pixel counts were not saved; these are conservative bounds.
SUCCESSFUL_UPDATES_ONLY,YUNNAN_OUTSIDE,per_tau_pixel_exposures,count_strictly_above,23,0.703125,1000,6.90875477931522,,NOT_RECOVERABLE_FROM_SAVED_OBSERVATIONS,0,113293080,scene-pixel exposure,8625,Exact pixel counts were not saved; these are conservative bounds.
SUCCESSFUL_UPDATES_ONLY,YUNNAN_OUTSIDE,per_tau_pixel_exposures,count_strictly_above,24,0.734375,1000,6.90875477931522,,NOT_RECOVERABLE_FROM_SAVED_OBSERVATIONS,0,113293080,scene-pixel exposure,8625,Exact pixel counts were not saved; these are conservative bounds.
SUCCESSFUL_UPDATES_ONLY,YUNNAN_OUTSIDE,per_tau_pixel_exposures,count_strictly_above,25,0.765625,1000,6.90875477931522,,NOT_RECOVERABLE_FROM_SAVED_OBSERVATIONS,0,113293080,scene-pixel exposure,8625,Exact pixel counts were not saved; these are conservative bounds.
SUCCESSFUL_UPDATES_ONLY,YUNNAN_OUTSIDE,per_tau_pixel_exposures,count_strictly_above,26,0.796875,1000,6.90875477931522,,NOT_RECOVERABLE_FROM_SAVED_OBSERVATIONS,0,113293080,scene-pixel exposure,8625,Exact pixel counts were not saved; these are conservative bounds.
SUCCESSFUL_UPDATES_ONLY,YUNNAN_OUTSIDE,per_tau_pixel_exposures,count_strictly_above,27,0.828125,1000,6.90875477931522,,NOT_RECOVERABLE_FROM_SAVED_OBSERVATIONS,0,113306220,scene-pixel exposure,8625,Exact pixel counts were not saved; these are conservative bounds.
SUCCESSFUL_UPDATES_ONLY,YUNNAN_OUTSIDE,per_tau_pixel_exposures,count_strictly_above,28,0.859375,1000,6.90875477931522,,NOT_RECOVERABLE_FROM_SAVED_OBSERVATIONS,0,113319360,scene-pixel exposure,8625,Exact pixel counts were not saved; these are conservative bounds.
SUCCESSFUL_UPDATES_ONLY,YUNNAN_OUTSIDE,per_tau_pixel_exposures,count_strictly_above,29,0.890625,1000,6.90875477931522,,NOT_RECOVERABLE_FROM_SAVED_OBSERVATIONS,0,113319360,scene-pixel exposure,8625,Exact pixel counts were not saved; these are conservative bounds.
SUCCESSFUL_UPDATES_ONLY,YUNNAN_OUTSIDE,per_tau_pixel_exposures,count_strictly_above,30,0.921875,1000,6.90875477931522,,NOT_RECOVERABLE_FROM_SAVED_OBSERVATIONS,0,113319360,scene-pixel exposure,8625,Exact pixel counts were not saved; these are conservative bounds.
SUCCESSFUL_UPDATES_ONLY,YUNNAN_OUTSIDE,per_tau_pixel_exposures,count_strictly_above,31,0.953125,1000,6.90875477931522,,NOT_RECOVERABLE_FROM_SAVED_OBSERVATIONS,0,113319360,scene-pixel exposure,8625,Exact pixel counts were not saved; these are conservative bounds.
SUCCESSFUL_UPDATES_ONLY,YUNNAN_OUTSIDE,per_tau_pixel_exposures,count_strictly_above,32,0.984375,1000,6.90875477931522,,NOT_RECOVERABLE_FROM_SAVED_OBSERVATIONS,0,113319360,scene-pixel exposure,8625,Exact pixel counts were not saved; these are conservative bounds.
SUCCESSFUL_UPDATES_ONLY,YUNNAN_OUTSIDE,pixel_tau_exposure_count,count_strictly_above,,,1000,6.90875477931522,,NOT_RECOVERABLE_FROM_SAVED_OBSERVATIONS,0,3592305180,scene-pixel-tau exposure,8625,Exact pixel counts were not saved; these are conservative bounds.
SUCCESSFUL_UPDATES_ONLY,YUNNAN_OUTSIDE,spatial_pixel_exposure_count_any_tau,count_strictly_above,,,1000,6.90875477931522,,NOT_RECOVERABLE_FROM_SAVED_OBSERVATIONS,0,113319360,scene-pixel exposure (any tau),8625,Exact pixel counts were not saved; these are conservative bounds.
SUCCESSFUL_UPDATES_ONLY,WHOLE_GRID_UNPARTITIONED,per_forward_global_max_distribution,p99,,,,,530.5879371635742,EXACT_FROM_SAVED_OBSERVATIONS,,,log1p(mm/h),8625,
SUCCESSFUL_UPDATES_ONLY,WHOLE_GRID_UNPARTITIONED,per_forward_global_max_distribution,p99_9,,,,,637.6696938232255,EXACT_FROM_SAVED_OBSERVATIONS,,,log1p(mm/h),8625,
SUCCESSFUL_UPDATES_ONLY,WHOLE_GRID_UNPARTITIONED,per_forward_global_max_distribution,max,,,,,679.287446526666,EXACT_FROM_SAVED_OBSERVATIONS,,,log1p(mm/h),8625,
SUCCESSFUL_UPDATES_ONLY,WHOLE_GRID_UNPARTITIONED,per_tau_forward_max_distribution,p99,1,0.015625,,,17.79525669694784,EXACT_FROM_SAVED_OBSERVATIONS,,,log1p(mm/h),8625,
SUCCESSFUL_UPDATES_ONLY,WHOLE_GRID_UNPARTITIONED,per_tau_forward_max_distribution,p99_9,1,0.015625,,,21.58881855077602,EXACT_FROM_SAVED_OBSERVATIONS,,,log1p(mm/h),8625,
SUCCESSFUL_UPDATES_ONLY,WHOLE_GRID_UNPARTITIONED,per_tau_forward_max_distribution,max,1,0.015625,,,22.9177673575387,EXACT_FROM_SAVED_OBSERVATIONS,,,log1p(mm/h),8625,
SUCCESSFUL_UPDATES_ONLY,WHOLE_GRID_UNPARTITIONED,per_tau_forward_max_distribution,p99,2,0.046875,,,38.01702448341035,EXACT_FROM_SAVED_OBSERVATIONS,,,log1p(mm/h),8625,
SUCCESSFUL_UPDATES_ONLY,WHOLE_GRID_UNPARTITIONED,per_tau_forward_max_distribution,p99_9,2,0.046875,,,45.94242195348596,EXACT_FROM_SAVED_OBSERVATIONS,,,log1p(mm/h),8625,
SUCCESSFUL_UPDATES_ONLY,WHOLE_GRID_UNPARTITIONED,per_tau_forward_max_distribution,max,2,0.046875,,,48.65526741247034,EXACT_FROM_SAVED_OBSERVATIONS,,,log1p(mm/h),8625,
SUCCESSFUL_UPDATES_ONLY,WHOLE_GRID_UNPARTITIONED,per_tau_forward_max_distribution,p99,3,0.078125,,,52.599578788921036,EXACT_FROM_SAVED_OBSERVATIONS,,,log1p(mm/h),8625,
SUCCESSFUL_UPDATES_ONLY,WHOLE_GRID_UNPARTITIONED,per_tau_forward_max_distribution,p99_9,3,0.078125,,,63.44352437643803,EXACT_FROM_SAVED_OBSERVATIONS,,,log1p(mm/h),8625,
SUCCESSFUL_UPDATES_ONLY,WHOLE_GRID_UNPARTITIONED,per_tau_forward_max_distribution,max,3,0.078125,,,67.32992987382961,EXACT_FROM_SAVED_OBSERVATIONS,,,log1p(mm/h),8625,
SUCCESSFUL_UPDATES_ONLY,WHOLE_GRID_UNPARTITIONED,per_tau_forward_max_distribution,p99,4,0.109375,,,66.64955985535413,EXACT_FROM_SAVED_OBSERVATIONS,,,log1p(mm/h),8625,
SUCCESSFUL_UPDATES_ONLY,WHOLE_GRID_UNPARTITIONED,per_tau_forward_max_distribution,p99_9,4,0.109375,,,80.4488684514945,EXACT_FROM_SAVED_OBSERVATIONS,,,log1p(mm/h),8625,
SUCCESSFUL_UPDATES_ONLY,WHOLE_GRID_UNPARTITIONED,per_tau_forward_max_distribution,max,4,0.109375,,,85.07632391506435,EXACT_FROM_SAVED_OBSERVATIONS,,,log1p(mm/h),8625,
SUCCESSFUL_UPDATES_ONLY,WHOLE_GRID_UNPARTITIONED,per_tau_forward_max_distribution,p99,5,0.140625,,,84.0407775469731,EXACT_FROM_SAVED_OBSERVATIONS,,,log1p(mm/h),8625,
SUCCESSFUL_UPDATES_ONLY,WHOLE_GRID_UNPARTITIONED,per_tau_forward_max_distribution,p99_9,5,0.140625,,,100.97058931636266,EXACT_FROM_SAVED_OBSERVATIONS,,,log1p(mm/h),8625,
SUCCESSFUL_UPDATES_ONLY,WHOLE_GRID_UNPARTITIONED,per_tau_forward_max_distribution,max,5,0.140625,,,107.02575329445644,EXACT_FROM_SAVED_OBSERVATIONS,,,log1p(mm/h),8625,
SUCCESSFUL_UPDATES_ONLY,WHOLE_GRID_UNPARTITIONED,per_tau_forward_max_distribution,p99,6,0.171875,,,108.28288981532037,EXACT_FROM_SAVED_OBSERVATIONS,,,log1p(mm/h),8625,
SUCCESSFUL_UPDATES_ONLY,WHOLE_GRID_UNPARTITIONED,per_tau_forward_max_distribution,p99_9,6,0.171875,,,129.9062191625541,EXACT_FROM_SAVED_OBSERVATIONS,,,log1p(mm/h),8625,
SUCCESSFUL_UPDATES_ONLY,WHOLE_GRID_UNPARTITIONED,per_tau_forward_max_distribution,max,6,0.171875,,,137.7959681899667,EXACT_FROM_SAVED_OBSERVATIONS,,,log1p(mm/h),8625,
SUCCESSFUL_UPDATES_ONLY,WHOLE_GRID_UNPARTITIONED,per_tau_forward_max_distribution,p99,7,0.203125,,,119.81551971972883,EXACT_FROM_SAVED_OBSERVATIONS,,,log1p(mm/h),8625,
SUCCESSFUL_UPDATES_ONLY,WHOLE_GRID_UNPARTITIONED,per_tau_forward_max_distribution,p99_9,7,0.203125,,,143.78784998330244,EXACT_FROM_SAVED_OBSERVATIONS,,,log1p(mm/h),8625,
SUCCESSFUL_UPDATES_ONLY,WHOLE_GRID_UNPARTITIONED,per_tau_forward_max_distribution,max,7,0.203125,,,152.47031048350976,EXACT_FROM_SAVED_OBSERVATIONS,,,log1p(mm/h),8625,
SUCCESSFUL_UPDATES_ONLY,WHOLE_GRID_UNPARTITIONED,per_tau_forward_max_distribution,p99,8,0.234375,,,122.7979070299569,EXACT_FROM_SAVED_OBSERVATIONS,,,log1p(mm/h),8625,
SUCCESSFUL_UPDATES_ONLY,WHOLE_GRID_UNPARTITIONED,per_tau_forward_max_distribution,p99_9,8,0.234375,,,147.61213843754115,EXACT_FROM_SAVED_OBSERVATIONS,,,log1p(mm/h),8625,
SUCCESSFUL_UPDATES_ONLY,WHOLE_GRID_UNPARTITIONED,per_tau_forward_max_distribution,max,8,0.234375,,,156.61971680307684,EXACT_FROM_SAVED_OBSERVATIONS,,,log1p(mm/h),8625,
SUCCESSFUL_UPDATES_ONLY,WHOLE_GRID_UNPARTITIONED,per_tau_forward_max_distribution,p99,9,0.265625,,,130.06538930190146,EXACT_FROM_SAVED_OBSERVATIONS,,,log1p(mm/h),8625,
SUCCESSFUL_UPDATES_ONLY,WHOLE_GRID_UNPARTITIONED,per_tau_forward_max_distribution,p99_9,9,0.265625,,,156.01382931135424,EXACT_FROM_SAVED_OBSERVATIONS,,,log1p(mm/h),8625,
SUCCESSFUL_UPDATES_ONLY,WHOLE_GRID_UNPARTITIONED,per_tau_forward_max_distribution,max,9,0.265625,,,165.65995821421194,EXACT_FROM_SAVED_OBSERVATIONS,,,log1p(mm/h),8625,
SUCCESSFUL_UPDATES_ONLY,WHOLE_GRID_UNPARTITIONED,per_tau_forward_max_distribution,p99,10,0.296875,,,144.64444055935087,EXACT_FROM_SAVED_OBSERVATIONS,,,log1p(mm/h),8625,
SUCCESSFUL_UPDATES_ONLY,WHOLE_GRID_UNPARTITIONED,per_tau_forward_max_distribution,p99_9,10,0.296875,,,173.5309024544591,EXACT_FROM_SAVED_OBSERVATIONS,,,log1p(mm/h),8625,
SUCCESSFUL_UPDATES_ONLY,WHOLE_GRID_UNPARTITIONED,per_tau_forward_max_distribution,max,10,0.296875,,,183.87014314171722,EXACT_FROM_SAVED_OBSERVATIONS,,,log1p(mm/h),8625,
SUCCESSFUL_UPDATES_ONLY,WHOLE_GRID_UNPARTITIONED,per_tau_forward_max_distribution,p99,11,0.328125,,,164.48132043221202,EXACT_FROM_SAVED_OBSERVATIONS,,,log1p(mm/h),8625,
SUCCESSFUL_UPDATES_ONLY,WHOLE_GRID_UNPARTITIONED,per_tau_forward_max_distribution,p99_9,11,0.328125,,,197.23995261477404,EXACT_FROM_SAVED_OBSERVATIONS,,,log1p(mm/h),8625,
SUCCESSFUL_UPDATES_ONLY,WHOLE_GRID_UNPARTITIONED,per_tau_forward_max_distribution,max,11,0.328125,,,208.7559897792438,EXACT_FROM_SAVED_OBSERVATIONS,,,log1p(mm/h),8625,
SUCCESSFUL_UPDATES_ONLY,WHOLE_GRID_UNPARTITIONED,per_tau_forward_max_distribution,p99,12,0.359375,,,186.25733676103377,EXACT_FROM_SAVED_OBSERVATIONS,,,log1p(mm/h),8625,
SUCCESSFUL_UPDATES_ONLY,WHOLE_GRID_UNPARTITIONED,per_tau_forward_max_distribution,p99_9,12,0.359375,,,223.53964790633316,EXACT_FROM_SAVED_OBSERVATIONS,,,log1p(mm/h),8625,
SUCCESSFUL_UPDATES_ONLY,WHOLE_GRID_UNPARTITIONED,per_tau_forward_max_distribution,max,12,0.359375,,,237.2325416530231,EXACT_FROM_SAVED_OBSERVATIONS,,,log1p(mm/h),8625,
SUCCESSFUL_UPDATES_ONLY,WHOLE_GRID_UNPARTITIONED,per_tau_forward_max_distribution,p99,13,0.390625,,,199.75510895371585,EXACT_FROM_SAVED_OBSERVATIONS,,,log1p(mm/h),8625,
SUCCESSFUL_UPDATES_ONLY,WHOLE_GRID_UNPARTITIONED,per_tau_forward_max_distribution,p99_9,13,0.390625,,,239.64822854432344,EXACT_FROM_SAVED_OBSERVATIONS,,,log1p(mm/h),8625,
SUCCESSFUL_UPDATES_ONLY,WHOLE_GRID_UNPARTITIONED,per_tau_forward_max_distribution,max,13,0.390625,,,254.1812112827844,EXACT_FROM_SAVED_OBSERVATIONS,,,log1p(mm/h),8625,
SUCCESSFUL_UPDATES_ONLY,WHOLE_GRID_UNPARTITIONED,per_tau_forward_max_distribution,p99,14,0.421875,,,208.7256901452244,EXACT_FROM_SAVED_OBSERVATIONS,,,log1p(mm/h),8625,
SUCCESSFUL_UPDATES_ONLY,WHOLE_GRID_UNPARTITIONED,per_tau_forward_max_distribution,p99_9,14,0.421875,,,250.33848405951753,EXACT_FROM_SAVED_OBSERVATIONS,,,log1p(mm/h),8625,
SUCCESSFUL_UPDATES_ONLY,WHOLE_GRID_UNPARTITIONED,per_tau_forward_max_distribution,max,14,0.421875,,,265.3669893312679,EXACT_FROM_SAVED_OBSERVATIONS,,,log1p(mm/h),8625,
SUCCESSFUL_UPDATES_ONLY,WHOLE_GRID_UNPARTITIONED,per_tau_forward_max_distribution,p99,15,0.453125,,,230.95225742887226,EXACT_FROM_SAVED_OBSERVATIONS,,,log1p(mm/h),8625,
SUCCESSFUL_UPDATES_ONLY,WHOLE_GRID_UNPARTITIONED,per_tau_forward_max_distribution,p99_9,15,0.453125,,,277.15803980902905,EXACT_FROM_SAVED_OBSERVATIONS,,,log1p(mm/h),8625,
SUCCESSFUL_UPDATES_ONLY,WHOLE_GRID_UNPARTITIONED,per_tau_forward_max_distribution,max,15,0.453125,,,293.27225023519856,EXACT_FROM_SAVED_OBSERVATIONS,,,log1p(mm/h),8625,
SUCCESSFUL_UPDATES_ONLY,WHOLE_GRID_UNPARTITIONED,per_tau_forward_max_distribution,p99,16,0.484375,,,252.87238087117228,EXACT_FROM_SAVED_OBSERVATIONS,,,log1p(mm/h),8625,
SUCCESSFUL_UPDATES_ONLY,WHOLE_GRID_UNPARTITIONED,per_tau_forward_max_distribution,p99_9,16,0.484375,,,303.32316817511787,EXACT_FROM_SAVED_OBSERVATIONS,,,log1p(mm/h),8625,
SUCCESSFUL_UPDATES_ONLY,WHOLE_GRID_UNPARTITIONED,per_tau_forward_max_distribution,max,16,0.484375,,,320.80788032553056,EXACT_FROM_SAVED_OBSERVATIONS,,,log1p(mm/h),8625,
SUCCESSFUL_UPDATES_ONLY,WHOLE_GRID_UNPARTITIONED,per_tau_forward_max_distribution,p99,17,0.515625,,,263.88184291776525,EXACT_FROM_SAVED_OBSERVATIONS,,,log1p(mm/h),8625,
SUCCESSFUL_UPDATES_ONLY,WHOLE_GRID_UNPARTITIONED,per_tau_forward_max_distribution,p99_9,17,0.515625,,,316.6970600005019,EXACT_FROM_SAVED_OBSERVATIONS,,,log1p(mm/h),8625,
SUCCESSFUL_UPDATES_ONLY,WHOLE_GRID_UNPARTITIONED,per_tau_forward_max_distribution,max,17,0.515625,,,335.07926983124986,EXACT_FROM_SAVED_OBSERVATIONS,,,log1p(mm/h),8625,
SUCCESSFUL_UPDATES_ONLY,WHOLE_GRID_UNPARTITIONED,per_tau_forward_max_distribution,p99,18,0.546875,,,281.6352554683733,EXACT_FROM_SAVED_OBSERVATIONS,,,log1p(mm/h),8625,
SUCCESSFUL_UPDATES_ONLY,WHOLE_GRID_UNPARTITIONED,per_tau_forward_max_distribution,p99_9,18,0.546875,,,338.051692898451,EXACT_FROM_SAVED_OBSERVATIONS,,,log1p(mm/h),8625,
SUCCESSFUL_UPDATES_ONLY,WHOLE_GRID_UNPARTITIONED,per_tau_forward_max_distribution,max,18,0.546875,,,358.39106874482405,EXACT_FROM_SAVED_OBSERVATIONS,,,log1p(mm/h),8625,
SUCCESSFUL_UPDATES_ONLY,WHOLE_GRID_UNPARTITIONED,per_tau_forward_max_distribution,p99,19,0.578125,,,302.8857588355195,EXACT_FROM_SAVED_OBSERVATIONS,,,log1p(mm/h),8625,
SUCCESSFUL_UPDATES_ONLY,WHOLE_GRID_UNPARTITIONED,per_tau_forward_max_distribution,p99_9,19,0.578125,,,363.20544678082115,EXACT_FROM_SAVED_OBSERVATIONS,,,log1p(mm/h),8625,
SUCCESSFUL_UPDATES_ONLY,WHOLE_GRID_UNPARTITIONED,per_tau_forward_max_distribution,max,19,0.578125,,,385.04652419831524,EXACT_FROM_SAVED_OBSERVATIONS,,,log1p(mm/h),8625,
SUCCESSFUL_UPDATES_ONLY,WHOLE_GRID_UNPARTITIONED,per_tau_forward_max_distribution,p99,20,0.609375,,,322.59746036823753,EXACT_FROM_SAVED_OBSERVATIONS,,,log1p(mm/h),8625,
SUCCESSFUL_UPDATES_ONLY,WHOLE_GRID_UNPARTITIONED,per_tau_forward_max_distribution,p99_9,20,0.609375,,,386.47389236187576,EXACT_FROM_SAVED_OBSERVATIONS,,,log1p(mm/h),8625,
SUCCESSFUL_UPDATES_ONLY,WHOLE_GRID_UNPARTITIONED,per_tau_forward_max_distribution,max,20,0.609375,,,410.2647962716795,EXACT_FROM_SAVED_OBSERVATIONS,,,log1p(mm/h),8625,
SUCCESSFUL_UPDATES_ONLY,WHOLE_GRID_UNPARTITIONED,per_tau_forward_max_distribution,p99,21,0.640625,,,334.6308146383997,EXACT_FROM_SAVED_OBSERVATIONS,,,log1p(mm/h),8625,
SUCCESSFUL_UPDATES_ONLY,WHOLE_GRID_UNPARTITIONED,per_tau_forward_max_distribution,p99_9,21,0.640625,,,400.31809413442056,EXACT_FROM_SAVED_OBSERVATIONS,,,log1p(mm/h),8625,
SUCCESSFUL_UPDATES_ONLY,WHOLE_GRID_UNPARTITIONED,per_tau_forward_max_distribution,max,21,0.640625,,,426.2762660881426,EXACT_FROM_SAVED_OBSERVATIONS,,,log1p(mm/h),8625,
SUCCESSFUL_UPDATES_ONLY,WHOLE_GRID_UNPARTITIONED,per_tau_forward_max_distribution,p99,22,0.671875,,,356.39301794159064,EXACT_FROM_SAVED_OBSERVATIONS,,,log1p(mm/h),8625,
SUCCESSFUL_UPDATES_ONLY,WHOLE_GRID_UNPARTITIONED,per_tau_forward_max_distribution,p99_9,22,0.671875,,,426.6050957610074,EXACT_FROM_SAVED_OBSERVATIONS,,,log1p(mm/h),8625,
SUCCESSFUL_UPDATES_ONLY,WHOLE_GRID_UNPARTITIONED,per_tau_forward_max_distribution,max,22,0.671875,,,454.84958729480763,EXACT_FROM_SAVED_OBSERVATIONS,,,log1p(mm/h),8625,
SUCCESSFUL_UPDATES_ONLY,WHOLE_GRID_UNPARTITIONED,per_tau_forward_max_distribution,p99,23,0.703125,,,376.6155940044363,EXACT_FROM_SAVED_OBSERVATIONS,,,log1p(mm/h),8625,
SUCCESSFUL_UPDATES_ONLY,WHOLE_GRID_UNPARTITIONED,per_tau_forward_max_distribution,p99_9,23,0.703125,,,450.6333581468057,EXACT_FROM_SAVED_OBSERVATIONS,,,log1p(mm/h),8625,
SUCCESSFUL_UPDATES_ONLY,WHOLE_GRID_UNPARTITIONED,per_tau_forward_max_distribution,max,23,0.703125,,,480.853290276375,EXACT_FROM_SAVED_OBSERVATIONS,,,log1p(mm/h),8625,
SUCCESSFUL_UPDATES_ONLY,WHOLE_GRID_UNPARTITIONED,per_tau_forward_max_distribution,p99,24,0.734375,,,393.3680604698669,EXACT_FROM_SAVED_OBSERVATIONS,,,log1p(mm/h),8625,
SUCCESSFUL_UPDATES_ONLY,WHOLE_GRID_UNPARTITIONED,per_tau_forward_max_distribution,p99_9,24,0.734375,,,471.1517083739223,EXACT_FROM_SAVED_OBSERVATIONS,,,log1p(mm/h),8625,
SUCCESSFUL_UPDATES_ONLY,WHOLE_GRID_UNPARTITIONED,per_tau_forward_max_distribution,max,24,0.734375,,,501.7307401298906,EXACT_FROM_SAVED_OBSERVATIONS,,,log1p(mm/h),8625,
SUCCESSFUL_UPDATES_ONLY,WHOLE_GRID_UNPARTITIONED,per_tau_forward_max_distribution,p99,25,0.765625,,,408.47953591244766,EXACT_FROM_SAVED_OBSERVATIONS,,,log1p(mm/h),8625,
SUCCESSFUL_UPDATES_ONLY,WHOLE_GRID_UNPARTITIONED,per_tau_forward_max_distribution,p99_9,25,0.765625,,,488.44635715934,EXACT_FROM_SAVED_OBSERVATIONS,,,log1p(mm/h),8625,
SUCCESSFUL_UPDATES_ONLY,WHOLE_GRID_UNPARTITIONED,per_tau_forward_max_distribution,max,25,0.765625,,,520.6417078270557,EXACT_FROM_SAVED_OBSERVATIONS,,,log1p(mm/h),8625,
SUCCESSFUL_UPDATES_ONLY,WHOLE_GRID_UNPARTITIONED,per_tau_forward_max_distribution,p99,26,0.796875,,,408.49639418426926,EXACT_FROM_SAVED_OBSERVATIONS,,,log1p(mm/h),8625,
SUCCESSFUL_UPDATES_ONLY,WHOLE_GRID_UNPARTITIONED,per_tau_forward_max_distribution,p99_9,26,0.796875,,,488.45273023508173,EXACT_FROM_SAVED_OBSERVATIONS,,,log1p(mm/h),8625,
SUCCESSFUL_UPDATES_ONLY,WHOLE_GRID_UNPARTITIONED,per_tau_forward_max_distribution,max,26,0.796875,,,520.6494118225315,EXACT_FROM_SAVED_OBSERVATIONS,,,log1p(mm/h),8625,
SUCCESSFUL_UPDATES_ONLY,WHOLE_GRID_UNPARTITIONED,per_tau_forward_max_distribution,p99,27,0.828125,,,417.5301881701475,EXACT_FROM_SAVED_OBSERVATIONS,,,log1p(mm/h),8625,
SUCCESSFUL_UPDATES_ONLY,WHOLE_GRID_UNPARTITIONED,per_tau_forward_max_distribution,p99_9,27,0.828125,,,499.32137776212653,EXACT_FROM_SAVED_OBSERVATIONS,,,log1p(mm/h),8625,
SUCCESSFUL_UPDATES_ONLY,WHOLE_GRID_UNPARTITIONED,per_tau_forward_max_distribution,max,27,0.828125,,,532.4670498286681,EXACT_FROM_SAVED_OBSERVATIONS,,,log1p(mm/h),8625,
SUCCESSFUL_UPDATES_ONLY,WHOLE_GRID_UNPARTITIONED,per_tau_forward_max_distribution,p99,28,0.859375,,,436.4082537933878,EXACT_FROM_SAVED_OBSERVATIONS,,,log1p(mm/h),8625,
SUCCESSFUL_UPDATES_ONLY,WHOLE_GRID_UNPARTITIONED,per_tau_forward_max_distribution,p99_9,28,0.859375,,,522.4668858279224,EXACT_FROM_SAVED_OBSERVATIONS,,,log1p(mm/h),8625,
SUCCESSFUL_UPDATES_ONLY,WHOLE_GRID_UNPARTITIONED,per_tau_forward_max_distribution,max,28,0.859375,,,557.506965731378,EXACT_FROM_SAVED_OBSERVATIONS,,,log1p(mm/h),8625,
SUCCESSFUL_UPDATES_ONLY,WHOLE_GRID_UNPARTITIONED,per_tau_forward_max_distribution,p99,29,0.890625,,,460.392491870808,EXACT_FROM_SAVED_OBSERVATIONS,,,log1p(mm/h),8625,
SUCCESSFUL_UPDATES_ONLY,WHOLE_GRID_UNPARTITIONED,per_tau_forward_max_distribution,p99_9,29,0.890625,,,551.335279971476,EXACT_FROM_SAVED_OBSERVATIONS,,,log1p(mm/h),8625,
SUCCESSFUL_UPDATES_ONLY,WHOLE_GRID_UNPARTITIONED,per_tau_forward_max_distribution,max,29,0.890625,,,587.2036447108702,EXACT_FROM_SAVED_OBSERVATIONS,,,log1p(mm/h),8625,
SUCCESSFUL_UPDATES_ONLY,WHOLE_GRID_UNPARTITIONED,per_tau_forward_max_distribution,p99,30,0.921875,,,475.14448164327354,EXACT_FROM_SAVED_OBSERVATIONS,,,log1p(mm/h),8625,
SUCCESSFUL_UPDATES_ONLY,WHOLE_GRID_UNPARTITIONED,per_tau_forward_max_distribution,p99_9,30,0.921875,,,570.3648658019854,EXACT_FROM_SAVED_OBSERVATIONS,,,log1p(mm/h),8625,
SUCCESSFUL_UPDATES_ONLY,WHOLE_GRID_UNPARTITIONED,per_tau_forward_max_distribution,max,30,0.921875,,,607.913883031793,EXACT_FROM_SAVED_OBSERVATIONS,,,log1p(mm/h),8625,
SUCCESSFUL_UPDATES_ONLY,WHOLE_GRID_UNPARTITIONED,per_tau_forward_max_distribution,p99,31,0.953125,,,503.928474923303,EXACT_FROM_SAVED_OBSERVATIONS,,,log1p(mm/h),8625,
SUCCESSFUL_UPDATES_ONLY,WHOLE_GRID_UNPARTITIONED,per_tau_forward_max_distribution,p99_9,31,0.953125,,,605.3626124084307,EXACT_FROM_SAVED_OBSERVATIONS,,,log1p(mm/h),8625,
SUCCESSFUL_UPDATES_ONLY,WHOLE_GRID_UNPARTITIONED,per_tau_forward_max_distribution,max,31,0.953125,,,645.1362005916075,EXACT_FROM_SAVED_OBSERVATIONS,,,log1p(mm/h),8625,
SUCCESSFUL_UPDATES_ONLY,WHOLE_GRID_UNPARTITIONED,per_tau_forward_max_distribution,p99,32,0.984375,,,530.5879371635742,EXACT_FROM_SAVED_OBSERVATIONS,,,log1p(mm/h),8625,
SUCCESSFUL_UPDATES_ONLY,WHOLE_GRID_UNPARTITIONED,per_tau_forward_max_distribution,p99_9,32,0.984375,,,637.6696938232255,EXACT_FROM_SAVED_OBSERVATIONS,,,log1p(mm/h),8625,
SUCCESSFUL_UPDATES_ONLY,WHOLE_GRID_UNPARTITIONED,per_tau_forward_max_distribution,max,32,0.984375,,,679.287446526666,EXACT_FROM_SAVED_OBSERVATIONS,,,log1p(mm/h),8625,
FAILING_FORWARD_ONLY,YUNNAN_INSIDE,pooled_pixel_quantile_distribution,p99,,,,,,NOT_RECOVERABLE_FROM_SAVED_OBSERVATIONS,,721.2174966216189,log1p(mm/h),1,Regional full pixel qlog arrays/histograms were not saved.
FAILING_FORWARD_ONLY,YUNNAN_INSIDE,pooled_pixel_quantile_distribution,p99_9,,,,,,NOT_RECOVERABLE_FROM_SAVED_OBSERVATIONS,,721.2174966216189,log1p(mm/h),1,Regional full pixel qlog arrays/histograms were not saved.
FAILING_FORWARD_ONLY,YUNNAN_INSIDE,pooled_pixel_quantile_distribution,max,,,,,,NOT_RECOVERABLE_FROM_SAVED_OBSERVATIONS,,721.2174966216189,log1p(mm/h),1,No saved location/value proves this region's maximum.
FAILING_FORWARD_ONLY,YUNNAN_INSIDE,per_forward_region_max_distribution,p99,,,,,,NOT_RECOVERABLE_FROM_SAVED_OBSERVATIONS,,721.2174966216189,log1p(mm/h),1,Regional forward maxima were not saved; corresponding whole-grid percentile is an upper bound.
FAILING_FORWARD_ONLY,YUNNAN_INSIDE,per_forward_region_max_distribution,p99_9,,,,,,NOT_RECOVERABLE_FROM_SAVED_OBSERVATIONS,,721.2174966216189,log1p(mm/h),1,Regional forward maxima were not saved; corresponding whole-grid percentile is an upper bound.
FAILING_FORWARD_ONLY,YUNNAN_INSIDE,per_forward_region_max_distribution,max,,,,,,NOT_RECOVERABLE_FROM_SAVED_OBSERVATIONS,,721.2174966216189,log1p(mm/h),1,No saved location/value proves this region's maximum.
FAILING_FORWARD_ONLY,YUNNAN_INSIDE,pooled_pixels_per_tau,max,1,0.015625,,,,NOT_RECOVERABLE_FROM_SAVED_OBSERVATIONS,,24.899046730707646,log1p(mm/h),1,No saved location/value proves this region's maximum.
FAILING_FORWARD_ONLY,YUNNAN_INSIDE,pooled_pixels_per_tau,max,2,0.046875,,,,NOT_RECOVERABLE_FROM_SAVED_OBSERVATIONS,,52.744363481806275,log1p(mm/h),1,No saved location/value proves this region's maximum.
FAILING_FORWARD_ONLY,YUNNAN_INSIDE,pooled_pixels_per_tau,max,3,0.078125,,,,NOT_RECOVERABLE_FROM_SAVED_OBSERVATIONS,,72.78914121618128,log1p(mm/h),1,No saved location/value proves this region's maximum.
FAILING_FORWARD_ONLY,YUNNAN_INSIDE,pooled_pixels_per_tau,max,4,0.109375,,,,NOT_RECOVERABLE_FROM_SAVED_OBSERVATIONS,,91.5726636932317,log1p(mm/h),1,No saved location/value proves this region's maximum.
FAILING_FORWARD_ONLY,YUNNAN_INSIDE,pooled_pixels_per_tau,max,5,0.140625,,,,NOT_RECOVERABLE_FROM_SAVED_OBSERVATIONS,,114.44625498046315,log1p(mm/h),1,No saved location/value proves this region's maximum.
FAILING_FORWARD_ONLY,YUNNAN_INSIDE,pooled_pixels_per_tau,max,6,0.171875,,,,NOT_RECOVERABLE_FROM_SAVED_OBSERVATIONS,,146.86943923949636,log1p(mm/h),1,No saved location/value proves this region's maximum.
FAILING_FORWARD_ONLY,YUNNAN_INSIDE,pooled_pixels_per_tau,max,7,0.203125,,,,NOT_RECOVERABLE_FROM_SAVED_OBSERVATIONS,,162.61949932967886,log1p(mm/h),1,No saved location/value proves this region's maximum.
FAILING_FORWARD_ONLY,YUNNAN_INSIDE,pooled_pixels_per_tau,max,8,0.234375,,,,NOT_RECOVERABLE_FROM_SAVED_OBSERVATIONS,,166.86805794533964,log1p(mm/h),1,No saved location/value proves this region's maximum.
FAILING_FORWARD_ONLY,YUNNAN_INSIDE,pooled_pixels_per_tau,max,9,0.265625,,,,NOT_RECOVERABLE_FROM_SAVED_OBSERVATIONS,,176.44857216986557,log1p(mm/h),1,No saved location/value proves this region's maximum.
FAILING_FORWARD_ONLY,YUNNAN_INSIDE,pooled_pixels_per_tau,max,10,0.296875,,,,NOT_RECOVERABLE_FROM_SAVED_OBSERVATIONS,,195.7582730040547,log1p(mm/h),1,No saved location/value proves this region's maximum.
FAILING_FORWARD_ONLY,YUNNAN_INSIDE,pooled_pixels_per_tau,max,11,0.328125,,,,NOT_RECOVERABLE_FROM_SAVED_OBSERVATIONS,,223.53547642812697,log1p(mm/h),1,No saved location/value proves this region's maximum.
FAILING_FORWARD_ONLY,YUNNAN_INSIDE,pooled_pixels_per_tau,max,12,0.359375,,,,NOT_RECOVERABLE_FROM_SAVED_OBSERVATIONS,,254.16193636770217,log1p(mm/h),1,No saved location/value proves this region's maximum.
FAILING_FORWARD_ONLY,YUNNAN_INSIDE,pooled_pixels_per_tau,max,13,0.390625,,,,NOT_RECOVERABLE_FROM_SAVED_OBSERVATIONS,,271.7716078471154,log1p(mm/h),1,No saved location/value proves this region's maximum.
FAILING_FORWARD_ONLY,YUNNAN_INSIDE,pooled_pixels_per_tau,max,14,0.421875,,,,NOT_RECOVERABLE_FROM_SAVED_OBSERVATIONS,,283.9978222526158,log1p(mm/h),1,No saved location/value proves this region's maximum.
FAILING_FORWARD_ONLY,YUNNAN_INSIDE,pooled_pixels_per_tau,max,15,0.453125,,,,NOT_RECOVERABLE_FROM_SAVED_OBSERVATIONS,,313.85624439617044,log1p(mm/h),1,No saved location/value proves this region's maximum.
FAILING_FORWARD_ONLY,YUNNAN_INSIDE,pooled_pixels_per_tau,max,16,0.484375,,,,NOT_RECOVERABLE_FROM_SAVED_OBSERVATIONS,,343.23622339397315,log1p(mm/h),1,No saved location/value proves this region's maximum.
FAILING_FORWARD_ONLY,YUNNAN_INSIDE,pooled_pixels_per_tau,max,17,0.515625,,,,NOT_RECOVERABLE_FROM_SAVED_OBSERVATIONS,,357.95030066121313,log1p(mm/h),1,No saved location/value proves this region's maximum.
FAILING_FORWARD_ONLY,YUNNAN_INSIDE,pooled_pixels_per_tau,max,18,0.546875,,,,NOT_RECOVERABLE_FROM_SAVED_OBSERVATIONS,,381.9613164174387,log1p(mm/h),1,No saved location/value proves this region's maximum.
FAILING_FORWARD_ONLY,YUNNAN_INSIDE,pooled_pixels_per_tau,max,19,0.578125,,,,NOT_RECOVERABLE_FROM_SAVED_OBSERVATIONS,,410.91248911030976,log1p(mm/h),1,No saved location/value proves this region's maximum.
FAILING_FORWARD_ONLY,YUNNAN_INSIDE,pooled_pixels_per_tau,max,20,0.609375,,,,NOT_RECOVERABLE_FROM_SAVED_OBSERVATIONS,,436.31466583150115,log1p(mm/h),1,No saved location/value proves this region's maximum.
FAILING_FORWARD_ONLY,YUNNAN_INSIDE,pooled_pixels_per_tau,max,21,0.640625,,,,NOT_RECOVERABLE_FROM_SAVED_OBSERVATIONS,,452.6420650306662,log1p(mm/h),1,No saved location/value proves this region's maximum.
FAILING_FORWARD_ONLY,YUNNAN_INSIDE,pooled_pixels_per_tau,max,22,0.671875,,,,NOT_RECOVERABLE_FROM_SAVED_OBSERVATIONS,,481.99036678237513,log1p(mm/h),1,No saved location/value proves this region's maximum.
FAILING_FORWARD_ONLY,YUNNAN_INSIDE,pooled_pixels_per_tau,max,23,0.703125,,,,NOT_RECOVERABLE_FROM_SAVED_OBSERVATIONS,,508.26223916701866,log1p(mm/h),1,No saved location/value proves this region's maximum.
FAILING_FORWARD_ONLY,YUNNAN_INSIDE,pooled_pixels_per_tau,max,24,0.734375,,,,NOT_RECOVERABLE_FROM_SAVED_OBSERVATIONS,,531.7230077308615,log1p(mm/h),1,No saved location/value proves this region's maximum.
FAILING_FORWARD_ONLY,YUNNAN_INSIDE,pooled_pixels_per_tau,max,25,0.765625,,,,NOT_RECOVERABLE_FROM_SAVED_OBSERVATIONS,,551.1164106521228,log1p(mm/h),1,No saved location/value proves this region's maximum.
FAILING_FORWARD_ONLY,YUNNAN_INSIDE,pooled_pixels_per_tau,max,26,0.796875,,,,NOT_RECOVERABLE_FROM_SAVED_OBSERVATIONS,,551.1216490112137,log1p(mm/h),1,No saved location/value proves this region's maximum.
FAILING_FORWARD_ONLY,YUNNAN_INSIDE,pooled_pixels_per_tau,max,27,0.828125,,,,NOT_RECOVERABLE_FROM_SAVED_OBSERVATIONS,,563.3060430998905,log1p(mm/h),1,No saved location/value proves this region's maximum.
FAILING_FORWARD_ONLY,YUNNAN_INSIDE,pooled_pixels_per_tau,max,28,0.859375,,,,NOT_RECOVERABLE_FROM_SAVED_OBSERVATIONS,,589.4443686553104,log1p(mm/h),1,No saved location/value proves this region's maximum.
FAILING_FORWARD_ONLY,YUNNAN_INSIDE,pooled_pixels_per_tau,max,29,0.890625,,,,NOT_RECOVERABLE_FROM_SAVED_OBSERVATIONS,,622.4111282012088,log1p(mm/h),1,No saved location/value proves this region's maximum.
FAILING_FORWARD_ONLY,YUNNAN_INSIDE,pooled_pixels_per_tau,max,30,0.921875,,,,NOT_RECOVERABLE_FROM_SAVED_OBSERVATIONS,,644.6437797759158,log1p(mm/h),1,No saved location/value proves this region's maximum.
FAILING_FORWARD_ONLY,YUNNAN_INSIDE,pooled_pixels_per_tau,max,31,0.953125,,,,NOT_RECOVERABLE_FROM_SAVED_OBSERVATIONS,,684.797188644324,log1p(mm/h),1,No saved location/value proves this region's maximum.
FAILING_FORWARD_ONLY,YUNNAN_INSIDE,pooled_pixels_per_tau,max,32,0.984375,,,,NOT_RECOVERABLE_FROM_SAVED_OBSERVATIONS,,721.2174966216189,log1p(mm/h),1,No saved location/value proves this region's maximum.
FAILING_FORWARD_ONLY,YUNNAN_INSIDE,per_tau_pixel_exposures,count_strictly_above,1,0.015625,10,2.3978952727983707,,NOT_RECOVERABLE_FROM_SAVED_OBSERVATIONS,0,6860,scene-pixel exposure,1,Exact pixel counts were not saved; these are conservative bounds.
FAILING_FORWARD_ONLY,YUNNAN_INSIDE,per_tau_pixel_exposures,count_strictly_above,2,0.046875,10,2.3978952727983707,,NOT_RECOVERABLE_FROM_SAVED_OBSERVATIONS,0,6860,scene-pixel exposure,1,Exact pixel counts were not saved; these are conservative bounds.
FAILING_FORWARD_ONLY,YUNNAN_INSIDE,per_tau_pixel_exposures,count_strictly_above,3,0.078125,10,2.3978952727983707,,NOT_RECOVERABLE_FROM_SAVED_OBSERVATIONS,0,6860,scene-pixel exposure,1,Exact pixel counts were not saved; these are conservative bounds.
FAILING_FORWARD_ONLY,YUNNAN_INSIDE,per_tau_pixel_exposures,count_strictly_above,4,0.109375,10,2.3978952727983707,,NOT_RECOVERABLE_FROM_SAVED_OBSERVATIONS,0,6860,scene-pixel exposure,1,Exact pixel counts were not saved; these are conservative bounds.
FAILING_FORWARD_ONLY,YUNNAN_INSIDE,per_tau_pixel_exposures,count_strictly_above,5,0.140625,10,2.3978952727983707,,NOT_RECOVERABLE_FROM_SAVED_OBSERVATIONS,0,6860,scene-pixel exposure,1,Exact pixel counts were not saved; these are conservative bounds.
FAILING_FORWARD_ONLY,YUNNAN_INSIDE,per_tau_pixel_exposures,count_strictly_above,6,0.171875,10,2.3978952727983707,,NOT_RECOVERABLE_FROM_SAVED_OBSERVATIONS,0,6860,scene-pixel exposure,1,Exact pixel counts were not saved; these are conservative bounds.
FAILING_FORWARD_ONLY,YUNNAN_INSIDE,per_tau_pixel_exposures,count_strictly_above,7,0.203125,10,2.3978952727983707,,NOT_RECOVERABLE_FROM_SAVED_OBSERVATIONS,0,6860,scene-pixel exposure,1,Exact pixel counts were not saved; these are conservative bounds.
FAILING_FORWARD_ONLY,YUNNAN_INSIDE,per_tau_pixel_exposures,count_strictly_above,8,0.234375,10,2.3978952727983707,,NOT_RECOVERABLE_FROM_SAVED_OBSERVATIONS,0,6860,scene-pixel exposure,1,Exact pixel counts were not saved; these are conservative bounds.
FAILING_FORWARD_ONLY,YUNNAN_INSIDE,per_tau_pixel_exposures,count_strictly_above,9,0.265625,10,2.3978952727983707,,NOT_RECOVERABLE_FROM_SAVED_OBSERVATIONS,0,6860,scene-pixel exposure,1,Exact pixel counts were not saved; these are conservative bounds.
FAILING_FORWARD_ONLY,YUNNAN_INSIDE,per_tau_pixel_exposures,count_strictly_above,10,0.296875,10,2.3978952727983707,,NOT_RECOVERABLE_FROM_SAVED_OBSERVATIONS,0,6860,scene-pixel exposure,1,Exact pixel counts were not saved; these are conservative bounds.
FAILING_FORWARD_ONLY,YUNNAN_INSIDE,per_tau_pixel_exposures,count_strictly_above,11,0.328125,10,2.3978952727983707,,NOT_RECOVERABLE_FROM_SAVED_OBSERVATIONS,0,6860,scene-pixel exposure,1,Exact pixel counts were not saved; these are conservative bounds.
FAILING_FORWARD_ONLY,YUNNAN_INSIDE,per_tau_pixel_exposures,count_strictly_above,12,0.359375,10,2.3978952727983707,,NOT_RECOVERABLE_FROM_SAVED_OBSERVATIONS,0,6860,scene-pixel exposure,1,Exact pixel counts were not saved; these are conservative bounds.
FAILING_FORWARD_ONLY,YUNNAN_INSIDE,per_tau_pixel_exposures,count_strictly_above,13,0.390625,10,2.3978952727983707,,NOT_RECOVERABLE_FROM_SAVED_OBSERVATIONS,0,6860,scene-pixel exposure,1,Exact pixel counts were not saved; these are conservative bounds.
FAILING_FORWARD_ONLY,YUNNAN_INSIDE,per_tau_pixel_exposures,count_strictly_above,14,0.421875,10,2.3978952727983707,,NOT_RECOVERABLE_FROM_SAVED_OBSERVATIONS,0,6860,scene-pixel exposure,1,Exact pixel counts were not saved; these are conservative bounds.
FAILING_FORWARD_ONLY,YUNNAN_INSIDE,per_tau_pixel_exposures,count_strictly_above,15,0.453125,10,2.3978952727983707,,NOT_RECOVERABLE_FROM_SAVED_OBSERVATIONS,0,6860,scene-pixel exposure,1,Exact pixel counts were not saved; these are conservative bounds.
FAILING_FORWARD_ONLY,YUNNAN_INSIDE,per_tau_pixel_exposures,count_strictly_above,16,0.484375,10,2.3978952727983707,,NOT_RECOVERABLE_FROM_SAVED_OBSERVATIONS,0,6860,scene-pixel exposure,1,Exact pixel counts were not saved; these are conservative bounds.
FAILING_FORWARD_ONLY,YUNNAN_INSIDE,per_tau_pixel_exposures,count_strictly_above,17,0.515625,10,2.3978952727983707,,NOT_RECOVERABLE_FROM_SAVED_OBSERVATIONS,0,6860,scene-pixel exposure,1,Exact pixel counts were not saved; these are conservative bounds.
FAILING_FORWARD_ONLY,YUNNAN_INSIDE,per_tau_pixel_exposures,count_strictly_above,18,0.546875,10,2.3978952727983707,,NOT_RECOVERABLE_FROM_SAVED_OBSERVATIONS,0,6860,scene-pixel exposure,1,Exact pixel counts were not saved; these are conservative bounds.
FAILING_FORWARD_ONLY,YUNNAN_INSIDE,per_tau_pixel_exposures,count_strictly_above,19,0.578125,10,2.3978952727983707,,NOT_RECOVERABLE_FROM_SAVED_OBSERVATIONS,0,6860,scene-pixel exposure,1,Exact pixel counts were not saved; these are conservative bounds.
FAILING_FORWARD_ONLY,YUNNAN_INSIDE,per_tau_pixel_exposures,count_strictly_above,20,0.609375,10,2.3978952727983707,,NOT_RECOVERABLE_FROM_SAVED_OBSERVATIONS,0,6860,scene-pixel exposure,1,Exact pixel counts were not saved; these are conservative bounds.
FAILING_FORWARD_ONLY,YUNNAN_INSIDE,per_tau_pixel_exposures,count_strictly_above,21,0.640625,10,2.3978952727983707,,NOT_RECOVERABLE_FROM_SAVED_OBSERVATIONS,0,6860,scene-pixel exposure,1,Exact pixel counts were not saved; these are conservative bounds.
FAILING_FORWARD_ONLY,YUNNAN_INSIDE,per_tau_pixel_exposures,count_strictly_above,22,0.671875,10,2.3978952727983707,,NOT_RECOVERABLE_FROM_SAVED_OBSERVATIONS,0,6860,scene-pixel exposure,1,Exact pixel counts were not saved; these are conservative bounds.
FAILING_FORWARD_ONLY,YUNNAN_INSIDE,per_tau_pixel_exposures,count_strictly_above,23,0.703125,10,2.3978952727983707,,NOT_RECOVERABLE_FROM_SAVED_OBSERVATIONS,0,6860,scene-pixel exposure,1,Exact pixel counts were not saved; these are conservative bounds.
FAILING_FORWARD_ONLY,YUNNAN_INSIDE,per_tau_pixel_exposures,count_strictly_above,24,0.734375,10,2.3978952727983707,,NOT_RECOVERABLE_FROM_SAVED_OBSERVATIONS,0,6860,scene-pixel exposure,1,Exact pixel counts were not saved; these are conservative bounds.
FAILING_FORWARD_ONLY,YUNNAN_INSIDE,per_tau_pixel_exposures,count_strictly_above,25,0.765625,10,2.3978952727983707,,NOT_RECOVERABLE_FROM_SAVED_OBSERVATIONS,0,6860,scene-pixel exposure,1,Exact pixel counts were not saved; these are conservative bounds.
FAILING_FORWARD_ONLY,YUNNAN_INSIDE,per_tau_pixel_exposures,count_strictly_above,26,0.796875,10,2.3978952727983707,,NOT_RECOVERABLE_FROM_SAVED_OBSERVATIONS,0,6860,scene-pixel exposure,1,Exact pixel counts were not saved; these are conservative bounds.
FAILING_FORWARD_ONLY,YUNNAN_INSIDE,per_tau_pixel_exposures,count_strictly_above,27,0.828125,10,2.3978952727983707,,NOT_RECOVERABLE_FROM_SAVED_OBSERVATIONS,0,6860,scene-pixel exposure,1,Exact pixel counts were not saved; these are conservative bounds.
FAILING_FORWARD_ONLY,YUNNAN_INSIDE,per_tau_pixel_exposures,count_strictly_above,28,0.859375,10,2.3978952727983707,,NOT_RECOVERABLE_FROM_SAVED_OBSERVATIONS,0,6860,scene-pixel exposure,1,Exact pixel counts were not saved; these are conservative bounds.
FAILING_FORWARD_ONLY,YUNNAN_INSIDE,per_tau_pixel_exposures,count_strictly_above,29,0.890625,10,2.3978952727983707,,NOT_RECOVERABLE_FROM_SAVED_OBSERVATIONS,0,6860,scene-pixel exposure,1,Exact pixel counts were not saved; these are conservative bounds.
FAILING_FORWARD_ONLY,YUNNAN_INSIDE,per_tau_pixel_exposures,count_strictly_above,30,0.921875,10,2.3978952727983707,,NOT_RECOVERABLE_FROM_SAVED_OBSERVATIONS,0,6860,scene-pixel exposure,1,Exact pixel counts were not saved; these are conservative bounds.
FAILING_FORWARD_ONLY,YUNNAN_INSIDE,per_tau_pixel_exposures,count_strictly_above,31,0.953125,10,2.3978952727983707,,NOT_RECOVERABLE_FROM_SAVED_OBSERVATIONS,0,6860,scene-pixel exposure,1,Exact pixel counts were not saved; these are conservative bounds.
FAILING_FORWARD_ONLY,YUNNAN_INSIDE,per_tau_pixel_exposures,count_strictly_above,32,0.984375,10,2.3978952727983707,,NOT_RECOVERABLE_FROM_SAVED_OBSERVATIONS,0,6860,scene-pixel exposure,1,Exact pixel counts were not saved; these are conservative bounds.
FAILING_FORWARD_ONLY,YUNNAN_INSIDE,pixel_tau_exposure_count,count_strictly_above,,,10,2.3978952727983707,,NOT_RECOVERABLE_FROM_SAVED_OBSERVATIONS,0,219520,scene-pixel-tau exposure,1,Exact pixel counts were not saved; these are conservative bounds.
FAILING_FORWARD_ONLY,YUNNAN_INSIDE,spatial_pixel_exposure_count_any_tau,count_strictly_above,,,10,2.3978952727983707,,NOT_RECOVERABLE_FROM_SAVED_OBSERVATIONS,0,6860,scene-pixel exposure (any tau),1,Exact pixel counts were not saved; these are conservative bounds.
FAILING_FORWARD_ONLY,YUNNAN_INSIDE,per_tau_pixel_exposures,count_strictly_above,1,0.015625,50,3.9318256327243257,,NOT_RECOVERABLE_FROM_SAVED_OBSERVATIONS,0,6860,scene-pixel exposure,1,Exact pixel counts were not saved; these are conservative bounds.
FAILING_FORWARD_ONLY,YUNNAN_INSIDE,per_tau_pixel_exposures,count_strictly_above,2,0.046875,50,3.9318256327243257,,NOT_RECOVERABLE_FROM_SAVED_OBSERVATIONS,0,6860,scene-pixel exposure,1,Exact pixel counts were not saved; these are conservative bounds.
FAILING_FORWARD_ONLY,YUNNAN_INSIDE,per_tau_pixel_exposures,count_strictly_above,3,0.078125,50,3.9318256327243257,,NOT_RECOVERABLE_FROM_SAVED_OBSERVATIONS,0,6860,scene-pixel exposure,1,Exact pixel counts were not saved; these are conservative bounds.
FAILING_FORWARD_ONLY,YUNNAN_INSIDE,per_tau_pixel_exposures,count_strictly_above,4,0.109375,50,3.9318256327243257,,NOT_RECOVERABLE_FROM_SAVED_OBSERVATIONS,0,6860,scene-pixel exposure,1,Exact pixel counts were not saved; these are conservative bounds.
FAILING_FORWARD_ONLY,YUNNAN_INSIDE,per_tau_pixel_exposures,count_strictly_above,5,0.140625,50,3.9318256327243257,,NOT_RECOVERABLE_FROM_SAVED_OBSERVATIONS,0,6860,scene-pixel exposure,1,Exact pixel counts were not saved; these are conservative bounds.
FAILING_FORWARD_ONLY,YUNNAN_INSIDE,per_tau_pixel_exposures,count_strictly_above,6,0.171875,50,3.9318256327243257,,NOT_RECOVERABLE_FROM_SAVED_OBSERVATIONS,0,6860,scene-pixel exposure,1,Exact pixel counts were not saved; these are conservative bounds.
FAILING_FORWARD_ONLY,YUNNAN_INSIDE,per_tau_pixel_exposures,count_strictly_above,7,0.203125,50,3.9318256327243257,,NOT_RECOVERABLE_FROM_SAVED_OBSERVATIONS,0,6860,scene-pixel exposure,1,Exact pixel counts were not saved; these are conservative bounds.
FAILING_FORWARD_ONLY,YUNNAN_INSIDE,per_tau_pixel_exposures,count_strictly_above,8,0.234375,50,3.9318256327243257,,NOT_RECOVERABLE_FROM_SAVED_OBSERVATIONS,0,6860,scene-pixel exposure,1,Exact pixel counts were not saved; these are conservative bounds.
FAILING_FORWARD_ONLY,YUNNAN_INSIDE,per_tau_pixel_exposures,count_strictly_above,9,0.265625,50,3.9318256327243257,,NOT_RECOVERABLE_FROM_SAVED_OBSERVATIONS,0,6860,scene-pixel exposure,1,Exact pixel counts were not saved; these are conservative bounds.
FAILING_FORWARD_ONLY,YUNNAN_INSIDE,per_tau_pixel_exposures,count_strictly_above,10,0.296875,50,3.9318256327243257,,NOT_RECOVERABLE_FROM_SAVED_OBSERVATIONS,0,6860,scene-pixel exposure,1,Exact pixel counts were not saved; these are conservative bounds.
FAILING_FORWARD_ONLY,YUNNAN_INSIDE,per_tau_pixel_exposures,count_strictly_above,11,0.328125,50,3.9318256327243257,,NOT_RECOVERABLE_FROM_SAVED_OBSERVATIONS,0,6860,scene-pixel exposure,1,Exact pixel counts were not saved; these are conservative bounds.
FAILING_FORWARD_ONLY,YUNNAN_INSIDE,per_tau_pixel_exposures,count_strictly_above,12,0.359375,50,3.9318256327243257,,NOT_RECOVERABLE_FROM_SAVED_OBSERVATIONS,0,6860,scene-pixel exposure,1,Exact pixel counts were not saved; these are conservative bounds.
FAILING_FORWARD_ONLY,YUNNAN_INSIDE,per_tau_pixel_exposures,count_strictly_above,13,0.390625,50,3.9318256327243257,,NOT_RECOVERABLE_FROM_SAVED_OBSERVATIONS,0,6860,scene-pixel exposure,1,Exact pixel counts were not saved; these are conservative bounds.
FAILING_FORWARD_ONLY,YUNNAN_INSIDE,per_tau_pixel_exposures,count_strictly_above,14,0.421875,50,3.9318256327243257,,NOT_RECOVERABLE_FROM_SAVED_OBSERVATIONS,0,6860,scene-pixel exposure,1,Exact pixel counts were not saved; these are conservative bounds.
FAILING_FORWARD_ONLY,YUNNAN_INSIDE,per_tau_pixel_exposures,count_strictly_above,15,0.453125,50,3.9318256327243257,,NOT_RECOVERABLE_FROM_SAVED_OBSERVATIONS,0,6860,scene-pixel exposure,1,Exact pixel counts were not saved; these are conservative bounds.
FAILING_FORWARD_ONLY,YUNNAN_INSIDE,per_tau_pixel_exposures,count_strictly_above,16,0.484375,50,3.9318256327243257,,NOT_RECOVERABLE_FROM_SAVED_OBSERVATIONS,0,6860,scene-pixel exposure,1,Exact pixel counts were not saved; these are conservative bounds.
FAILING_FORWARD_ONLY,YUNNAN_INSIDE,per_tau_pixel_exposures,count_strictly_above,17,0.515625,50,3.9318256327243257,,NOT_RECOVERABLE_FROM_SAVED_OBSERVATIONS,0,6860,scene-pixel exposure,1,Exact pixel counts were not saved; these are conservative bounds.
FAILING_FORWARD_ONLY,YUNNAN_INSIDE,per_tau_pixel_exposures,count_strictly_above,18,0.546875,50,3.9318256327243257,,NOT_RECOVERABLE_FROM_SAVED_OBSERVATIONS,0,6860,scene-pixel exposure,1,Exact pixel counts were not saved; these are conservative bounds.
FAILING_FORWARD_ONLY,YUNNAN_INSIDE,per_tau_pixel_exposures,count_strictly_above,19,0.578125,50,3.9318256327243257,,NOT_RECOVERABLE_FROM_SAVED_OBSERVATIONS,0,6860,scene-pixel exposure,1,Exact pixel counts were not saved; these are conservative bounds.
FAILING_FORWARD_ONLY,YUNNAN_INSIDE,per_tau_pixel_exposures,count_strictly_above,20,0.609375,50,3.9318256327243257,,NOT_RECOVERABLE_FROM_SAVED_OBSERVATIONS,0,6860,scene-pixel exposure,1,Exact pixel counts were not saved; these are conservative bounds.
FAILING_FORWARD_ONLY,YUNNAN_INSIDE,per_tau_pixel_exposures,count_strictly_above,21,0.640625,50,3.9318256327243257,,NOT_RECOVERABLE_FROM_SAVED_OBSERVATIONS,0,6860,scene-pixel exposure,1,Exact pixel counts were not saved; these are conservative bounds.
FAILING_FORWARD_ONLY,YUNNAN_INSIDE,per_tau_pixel_exposures,count_strictly_above,22,0.671875,50,3.9318256327243257,,NOT_RECOVERABLE_FROM_SAVED_OBSERVATIONS,0,6860,scene-pixel exposure,1,Exact pixel counts were not saved; these are conservative bounds.
FAILING_FORWARD_ONLY,YUNNAN_INSIDE,per_tau_pixel_exposures,count_strictly_above,23,0.703125,50,3.9318256327243257,,NOT_RECOVERABLE_FROM_SAVED_OBSERVATIONS,0,6860,scene-pixel exposure,1,Exact pixel counts were not saved; these are conservative bounds.
FAILING_FORWARD_ONLY,YUNNAN_INSIDE,per_tau_pixel_exposures,count_strictly_above,24,0.734375,50,3.9318256327243257,,NOT_RECOVERABLE_FROM_SAVED_OBSERVATIONS,0,6860,scene-pixel exposure,1,Exact pixel counts were not saved; these are conservative bounds.
FAILING_FORWARD_ONLY,YUNNAN_INSIDE,per_tau_pixel_exposures,count_strictly_above,25,0.765625,50,3.9318256327243257,,NOT_RECOVERABLE_FROM_SAVED_OBSERVATIONS,0,6860,scene-pixel exposure,1,Exact pixel counts were not saved; these are conservative bounds.
FAILING_FORWARD_ONLY,YUNNAN_INSIDE,per_tau_pixel_exposures,count_strictly_above,26,0.796875,50,3.9318256327243257,,NOT_RECOVERABLE_FROM_SAVED_OBSERVATIONS,0,6860,scene-pixel exposure,1,Exact pixel counts were not saved; these are conservative bounds.
FAILING_FORWARD_ONLY,YUNNAN_INSIDE,per_tau_pixel_exposures,count_strictly_above,27,0.828125,50,3.9318256327243257,,NOT_RECOVERABLE_FROM_SAVED_OBSERVATIONS,0,6860,scene-pixel exposure,1,Exact pixel counts were not saved; these are conservative bounds.
FAILING_FORWARD_ONLY,YUNNAN_INSIDE,per_tau_pixel_exposures,count_strictly_above,28,0.859375,50,3.9318256327243257,,NOT_RECOVERABLE_FROM_SAVED_OBSERVATIONS,0,6860,scene-pixel exposure,1,Exact pixel counts were not saved; these are conservative bounds.
FAILING_FORWARD_ONLY,YUNNAN_INSIDE,per_tau_pixel_exposures,count_strictly_above,29,0.890625,50,3.9318256327243257,,NOT_RECOVERABLE_FROM_SAVED_OBSERVATIONS,0,6860,scene-pixel exposure,1,Exact pixel counts were not saved; these are conservative bounds.
FAILING_FORWARD_ONLY,YUNNAN_INSIDE,per_tau_pixel_exposures,count_strictly_above,30,0.921875,50,3.9318256327243257,,NOT_RECOVERABLE_FROM_SAVED_OBSERVATIONS,0,6860,scene-pixel exposure,1,Exact pixel counts were not saved; these are conservative bounds.
FAILING_FORWARD_ONLY,YUNNAN_INSIDE,per_tau_pixel_exposures,count_strictly_above,31,0.953125,50,3.9318256327243257,,NOT_RECOVERABLE_FROM_SAVED_OBSERVATIONS,0,6860,scene-pixel exposure,1,Exact pixel counts were not saved; these are conservative bounds.
FAILING_FORWARD_ONLY,YUNNAN_INSIDE,per_tau_pixel_exposures,count_strictly_above,32,0.984375,50,3.9318256327243257,,NOT_RECOVERABLE_FROM_SAVED_OBSERVATIONS,0,6860,scene-pixel exposure,1,Exact pixel counts were not saved; these are conservative bounds.
FAILING_FORWARD_ONLY,YUNNAN_INSIDE,pixel_tau_exposure_count,count_strictly_above,,,50,3.9318256327243257,,NOT_RECOVERABLE_FROM_SAVED_OBSERVATIONS,0,219520,scene-pixel-tau exposure,1,Exact pixel counts were not saved; these are conservative bounds.
FAILING_FORWARD_ONLY,YUNNAN_INSIDE,spatial_pixel_exposure_count_any_tau,count_strictly_above,,,50,3.9318256327243257,,NOT_RECOVERABLE_FROM_SAVED_OBSERVATIONS,0,6860,scene-pixel exposure (any tau),1,Exact pixel counts were not saved; these are conservative bounds.
FAILING_FORWARD_ONLY,YUNNAN_INSIDE,per_tau_pixel_exposures,count_strictly_above,1,0.015625,100,4.61512051684126,,NOT_RECOVERABLE_FROM_SAVED_OBSERVATIONS,0,6860,scene-pixel exposure,1,Exact pixel counts were not saved; these are conservative bounds.
FAILING_FORWARD_ONLY,YUNNAN_INSIDE,per_tau_pixel_exposures,count_strictly_above,2,0.046875,100,4.61512051684126,,NOT_RECOVERABLE_FROM_SAVED_OBSERVATIONS,0,6860,scene-pixel exposure,1,Exact pixel counts were not saved; these are conservative bounds.
FAILING_FORWARD_ONLY,YUNNAN_INSIDE,per_tau_pixel_exposures,count_strictly_above,3,0.078125,100,4.61512051684126,,NOT_RECOVERABLE_FROM_SAVED_OBSERVATIONS,0,6860,scene-pixel exposure,1,Exact pixel counts were not saved; these are conservative bounds.
FAILING_FORWARD_ONLY,YUNNAN_INSIDE,per_tau_pixel_exposures,count_strictly_above,4,0.109375,100,4.61512051684126,,NOT_RECOVERABLE_FROM_SAVED_OBSERVATIONS,0,6860,scene-pixel exposure,1,Exact pixel counts were not saved; these are conservative bounds.
FAILING_FORWARD_ONLY,YUNNAN_INSIDE,per_tau_pixel_exposures,count_strictly_above,5,0.140625,100,4.61512051684126,,NOT_RECOVERABLE_FROM_SAVED_OBSERVATIONS,0,6860,scene-pixel exposure,1,Exact pixel counts were not saved; these are conservative bounds.
FAILING_FORWARD_ONLY,YUNNAN_INSIDE,per_tau_pixel_exposures,count_strictly_above,6,0.171875,100,4.61512051684126,,NOT_RECOVERABLE_FROM_SAVED_OBSERVATIONS,0,6860,scene-pixel exposure,1,Exact pixel counts were not saved; these are conservative bounds.
FAILING_FORWARD_ONLY,YUNNAN_INSIDE,per_tau_pixel_exposures,count_strictly_above,7,0.203125,100,4.61512051684126,,NOT_RECOVERABLE_FROM_SAVED_OBSERVATIONS,0,6860,scene-pixel exposure,1,Exact pixel counts were not saved; these are conservative bounds.
FAILING_FORWARD_ONLY,YUNNAN_INSIDE,per_tau_pixel_exposures,count_strictly_above,8,0.234375,100,4.61512051684126,,NOT_RECOVERABLE_FROM_SAVED_OBSERVATIONS,0,6860,scene-pixel exposure,1,Exact pixel counts were not saved; these are conservative bounds.
FAILING_FORWARD_ONLY,YUNNAN_INSIDE,per_tau_pixel_exposures,count_strictly_above,9,0.265625,100,4.61512051684126,,NOT_RECOVERABLE_FROM_SAVED_OBSERVATIONS,0,6860,scene-pixel exposure,1,Exact pixel counts were not saved; these are conservative bounds.
FAILING_FORWARD_ONLY,YUNNAN_INSIDE,per_tau_pixel_exposures,count_strictly_above,10,0.296875,100,4.61512051684126,,NOT_RECOVERABLE_FROM_SAVED_OBSERVATIONS,0,6860,scene-pixel exposure,1,Exact pixel counts were not saved; these are conservative bounds.
FAILING_FORWARD_ONLY,YUNNAN_INSIDE,per_tau_pixel_exposures,count_strictly_above,11,0.328125,100,4.61512051684126,,NOT_RECOVERABLE_FROM_SAVED_OBSERVATIONS,0,6860,scene-pixel exposure,1,Exact pixel counts were not saved; these are conservative bounds.
FAILING_FORWARD_ONLY,YUNNAN_INSIDE,per_tau_pixel_exposures,count_strictly_above,12,0.359375,100,4.61512051684126,,NOT_RECOVERABLE_FROM_SAVED_OBSERVATIONS,0,6860,scene-pixel exposure,1,Exact pixel counts were not saved; these are conservative bounds.
FAILING_FORWARD_ONLY,YUNNAN_INSIDE,per_tau_pixel_exposures,count_strictly_above,13,0.390625,100,4.61512051684126,,NOT_RECOVERABLE_FROM_SAVED_OBSERVATIONS,0,6860,scene-pixel exposure,1,Exact pixel counts were not saved; these are conservative bounds.
FAILING_FORWARD_ONLY,YUNNAN_INSIDE,per_tau_pixel_exposures,count_strictly_above,14,0.421875,100,4.61512051684126,,NOT_RECOVERABLE_FROM_SAVED_OBSERVATIONS,0,6860,scene-pixel exposure,1,Exact pixel counts were not saved; these are conservative bounds.
FAILING_FORWARD_ONLY,YUNNAN_INSIDE,per_tau_pixel_exposures,count_strictly_above,15,0.453125,100,4.61512051684126,,NOT_RECOVERABLE_FROM_SAVED_OBSERVATIONS,0,6860,scene-pixel exposure,1,Exact pixel counts were not saved; these are conservative bounds.
FAILING_FORWARD_ONLY,YUNNAN_INSIDE,per_tau_pixel_exposures,count_strictly_above,16,0.484375,100,4.61512051684126,,NOT_RECOVERABLE_FROM_SAVED_OBSERVATIONS,0,6860,scene-pixel exposure,1,Exact pixel counts were not saved; these are conservative bounds.
FAILING_FORWARD_ONLY,YUNNAN_INSIDE,per_tau_pixel_exposures,count_strictly_above,17,0.515625,100,4.61512051684126,,NOT_RECOVERABLE_FROM_SAVED_OBSERVATIONS,0,6860,scene-pixel exposure,1,Exact pixel counts were not saved; these are conservative bounds.
FAILING_FORWARD_ONLY,YUNNAN_INSIDE,per_tau_pixel_exposures,count_strictly_above,18,0.546875,100,4.61512051684126,,NOT_RECOVERABLE_FROM_SAVED_OBSERVATIONS,0,6860,scene-pixel exposure,1,Exact pixel counts were not saved; these are conservative bounds.
FAILING_FORWARD_ONLY,YUNNAN_INSIDE,per_tau_pixel_exposures,count_strictly_above,19,0.578125,100,4.61512051684126,,NOT_RECOVERABLE_FROM_SAVED_OBSERVATIONS,0,6860,scene-pixel exposure,1,Exact pixel counts were not saved; these are conservative bounds.
FAILING_FORWARD_ONLY,YUNNAN_INSIDE,per_tau_pixel_exposures,count_strictly_above,20,0.609375,100,4.61512051684126,,NOT_RECOVERABLE_FROM_SAVED_OBSERVATIONS,0,6860,scene-pixel exposure,1,Exact pixel counts were not saved; these are conservative bounds.
FAILING_FORWARD_ONLY,YUNNAN_INSIDE,per_tau_pixel_exposures,count_strictly_above,21,0.640625,100,4.61512051684126,,NOT_RECOVERABLE_FROM_SAVED_OBSERVATIONS,0,6860,scene-pixel exposure,1,Exact pixel counts were not saved; these are conservative bounds.
FAILING_FORWARD_ONLY,YUNNAN_INSIDE,per_tau_pixel_exposures,count_strictly_above,22,0.671875,100,4.61512051684126,,NOT_RECOVERABLE_FROM_SAVED_OBSERVATIONS,0,6860,scene-pixel exposure,1,Exact pixel counts were not saved; these are conservative bounds.
FAILING_FORWARD_ONLY,YUNNAN_INSIDE,per_tau_pixel_exposures,count_strictly_above,23,0.703125,100,4.61512051684126,,NOT_RECOVERABLE_FROM_SAVED_OBSERVATIONS,0,6860,scene-pixel exposure,1,Exact pixel counts were not saved; these are conservative bounds.
FAILING_FORWARD_ONLY,YUNNAN_INSIDE,per_tau_pixel_exposures,count_strictly_above,24,0.734375,100,4.61512051684126,,NOT_RECOVERABLE_FROM_SAVED_OBSERVATIONS,0,6860,scene-pixel exposure,1,Exact pixel counts were not saved; these are conservative bounds.
FAILING_FORWARD_ONLY,YUNNAN_INSIDE,per_tau_pixel_exposures,count_strictly_above,25,0.765625,100,4.61512051684126,,NOT_RECOVERABLE_FROM_SAVED_OBSERVATIONS,0,6860,scene-pixel exposure,1,Exact pixel counts were not saved; these are conservative bounds.
FAILING_FORWARD_ONLY,YUNNAN_INSIDE,per_tau_pixel_exposures,count_strictly_above,26,0.796875,100,4.61512051684126,,NOT_RECOVERABLE_FROM_SAVED_OBSERVATIONS,0,6860,scene-pixel exposure,1,Exact pixel counts were not saved; these are conservative bounds.
FAILING_FORWARD_ONLY,YUNNAN_INSIDE,per_tau_pixel_exposures,count_strictly_above,27,0.828125,100,4.61512051684126,,NOT_RECOVERABLE_FROM_SAVED_OBSERVATIONS,0,6860,scene-pixel exposure,1,Exact pixel counts were not saved; these are conservative bounds.
FAILING_FORWARD_ONLY,YUNNAN_INSIDE,per_tau_pixel_exposures,count_strictly_above,28,0.859375,100,4.61512051684126,,NOT_RECOVERABLE_FROM_SAVED_OBSERVATIONS,0,6860,scene-pixel exposure,1,Exact pixel counts were not saved; these are conservative bounds.
FAILING_FORWARD_ONLY,YUNNAN_INSIDE,per_tau_pixel_exposures,count_strictly_above,29,0.890625,100,4.61512051684126,,NOT_RECOVERABLE_FROM_SAVED_OBSERVATIONS,0,6860,scene-pixel exposure,1,Exact pixel counts were not saved; these are conservative bounds.
FAILING_FORWARD_ONLY,YUNNAN_INSIDE,per_tau_pixel_exposures,count_strictly_above,30,0.921875,100,4.61512051684126,,NOT_RECOVERABLE_FROM_SAVED_OBSERVATIONS,0,6860,scene-pixel exposure,1,Exact pixel counts were not saved; these are conservative bounds.
FAILING_FORWARD_ONLY,YUNNAN_INSIDE,per_tau_pixel_exposures,count_strictly_above,31,0.953125,100,4.61512051684126,,NOT_RECOVERABLE_FROM_SAVED_OBSERVATIONS,0,6860,scene-pixel exposure,1,Exact pixel counts were not saved; these are conservative bounds.
FAILING_FORWARD_ONLY,YUNNAN_INSIDE,per_tau_pixel_exposures,count_strictly_above,32,0.984375,100,4.61512051684126,,NOT_RECOVERABLE_FROM_SAVED_OBSERVATIONS,0,6860,scene-pixel exposure,1,Exact pixel counts were not saved; these are conservative bounds.
FAILING_FORWARD_ONLY,YUNNAN_INSIDE,pixel_tau_exposure_count,count_strictly_above,,,100,4.61512051684126,,NOT_RECOVERABLE_FROM_SAVED_OBSERVATIONS,0,219520,scene-pixel-tau exposure,1,Exact pixel counts were not saved; these are conservative bounds.
FAILING_FORWARD_ONLY,YUNNAN_INSIDE,spatial_pixel_exposure_count_any_tau,count_strictly_above,,,100,4.61512051684126,,NOT_RECOVERABLE_FROM_SAVED_OBSERVATIONS,0,6860,scene-pixel exposure (any tau),1,Exact pixel counts were not saved; these are conservative bounds.
FAILING_FORWARD_ONLY,YUNNAN_INSIDE,per_tau_pixel_exposures,count_strictly_above,1,0.015625,500,6.2166061010848646,,NOT_RECOVERABLE_FROM_SAVED_OBSERVATIONS,0,6860,scene-pixel exposure,1,Exact pixel counts were not saved; these are conservative bounds.
FAILING_FORWARD_ONLY,YUNNAN_INSIDE,per_tau_pixel_exposures,count_strictly_above,2,0.046875,500,6.2166061010848646,,NOT_RECOVERABLE_FROM_SAVED_OBSERVATIONS,0,6860,scene-pixel exposure,1,Exact pixel counts were not saved; these are conservative bounds.
FAILING_FORWARD_ONLY,YUNNAN_INSIDE,per_tau_pixel_exposures,count_strictly_above,3,0.078125,500,6.2166061010848646,,NOT_RECOVERABLE_FROM_SAVED_OBSERVATIONS,0,6860,scene-pixel exposure,1,Exact pixel counts were not saved; these are conservative bounds.
FAILING_FORWARD_ONLY,YUNNAN_INSIDE,per_tau_pixel_exposures,count_strictly_above,4,0.109375,500,6.2166061010848646,,NOT_RECOVERABLE_FROM_SAVED_OBSERVATIONS,0,6860,scene-pixel exposure,1,Exact pixel counts were not saved; these are conservative bounds.
FAILING_FORWARD_ONLY,YUNNAN_INSIDE,per_tau_pixel_exposures,count_strictly_above,5,0.140625,500,6.2166061010848646,,NOT_RECOVERABLE_FROM_SAVED_OBSERVATIONS,0,6860,scene-pixel exposure,1,Exact pixel counts were not saved; these are conservative bounds.
FAILING_FORWARD_ONLY,YUNNAN_INSIDE,per_tau_pixel_exposures,count_strictly_above,6,0.171875,500,6.2166061010848646,,NOT_RECOVERABLE_FROM_SAVED_OBSERVATIONS,0,6860,scene-pixel exposure,1,Exact pixel counts were not saved; these are conservative bounds.
FAILING_FORWARD_ONLY,YUNNAN_INSIDE,per_tau_pixel_exposures,count_strictly_above,7,0.203125,500,6.2166061010848646,,NOT_RECOVERABLE_FROM_SAVED_OBSERVATIONS,0,6860,scene-pixel exposure,1,Exact pixel counts were not saved; these are conservative bounds.
FAILING_FORWARD_ONLY,YUNNAN_INSIDE,per_tau_pixel_exposures,count_strictly_above,8,0.234375,500,6.2166061010848646,,NOT_RECOVERABLE_FROM_SAVED_OBSERVATIONS,0,6860,scene-pixel exposure,1,Exact pixel counts were not saved; these are conservative bounds.
FAILING_FORWARD_ONLY,YUNNAN_INSIDE,per_tau_pixel_exposures,count_strictly_above,9,0.265625,500,6.2166061010848646,,NOT_RECOVERABLE_FROM_SAVED_OBSERVATIONS,0,6860,scene-pixel exposure,1,Exact pixel counts were not saved; these are conservative bounds.
FAILING_FORWARD_ONLY,YUNNAN_INSIDE,per_tau_pixel_exposures,count_strictly_above,10,0.296875,500,6.2166061010848646,,NOT_RECOVERABLE_FROM_SAVED_OBSERVATIONS,0,6860,scene-pixel exposure,1,Exact pixel counts were not saved; these are conservative bounds.
FAILING_FORWARD_ONLY,YUNNAN_INSIDE,per_tau_pixel_exposures,count_strictly_above,11,0.328125,500,6.2166061010848646,,NOT_RECOVERABLE_FROM_SAVED_OBSERVATIONS,0,6860,scene-pixel exposure,1,Exact pixel counts were not saved; these are conservative bounds.
FAILING_FORWARD_ONLY,YUNNAN_INSIDE,per_tau_pixel_exposures,count_strictly_above,12,0.359375,500,6.2166061010848646,,NOT_RECOVERABLE_FROM_SAVED_OBSERVATIONS,0,6860,scene-pixel exposure,1,Exact pixel counts were not saved; these are conservative bounds.
FAILING_FORWARD_ONLY,YUNNAN_INSIDE,per_tau_pixel_exposures,count_strictly_above,13,0.390625,500,6.2166061010848646,,NOT_RECOVERABLE_FROM_SAVED_OBSERVATIONS,0,6860,scene-pixel exposure,1,Exact pixel counts were not saved; these are conservative bounds.
FAILING_FORWARD_ONLY,YUNNAN_INSIDE,per_tau_pixel_exposures,count_strictly_above,14,0.421875,500,6.2166061010848646,,NOT_RECOVERABLE_FROM_SAVED_OBSERVATIONS,0,6860,scene-pixel exposure,1,Exact pixel counts were not saved; these are conservative bounds.
FAILING_FORWARD_ONLY,YUNNAN_INSIDE,per_tau_pixel_exposures,count_strictly_above,15,0.453125,500,6.2166061010848646,,NOT_RECOVERABLE_FROM_SAVED_OBSERVATIONS,0,6860,scene-pixel exposure,1,Exact pixel counts were not saved; these are conservative bounds.
FAILING_FORWARD_ONLY,YUNNAN_INSIDE,per_tau_pixel_exposures,count_strictly_above,16,0.484375,500,6.2166061010848646,,NOT_RECOVERABLE_FROM_SAVED_OBSERVATIONS,0,6860,scene-pixel exposure,1,Exact pixel counts were not saved; these are conservative bounds.
FAILING_FORWARD_ONLY,YUNNAN_INSIDE,per_tau_pixel_exposures,count_strictly_above,17,0.515625,500,6.2166061010848646,,NOT_RECOVERABLE_FROM_SAVED_OBSERVATIONS,0,6860,scene-pixel exposure,1,Exact pixel counts were not saved; these are conservative bounds.
FAILING_FORWARD_ONLY,YUNNAN_INSIDE,per_tau_pixel_exposures,count_strictly_above,18,0.546875,500,6.2166061010848646,,NOT_RECOVERABLE_FROM_SAVED_OBSERVATIONS,0,6860,scene-pixel exposure,1,Exact pixel counts were not saved; these are conservative bounds.
FAILING_FORWARD_ONLY,YUNNAN_INSIDE,per_tau_pixel_exposures,count_strictly_above,19,0.578125,500,6.2166061010848646,,NOT_RECOVERABLE_FROM_SAVED_OBSERVATIONS,0,6860,scene-pixel exposure,1,Exact pixel counts were not saved; these are conservative bounds.
FAILING_FORWARD_ONLY,YUNNAN_INSIDE,per_tau_pixel_exposures,count_strictly_above,20,0.609375,500,6.2166061010848646,,NOT_RECOVERABLE_FROM_SAVED_OBSERVATIONS,0,6860,scene-pixel exposure,1,Exact pixel counts were not saved; these are conservative bounds.
FAILING_FORWARD_ONLY,YUNNAN_INSIDE,per_tau_pixel_exposures,count_strictly_above,21,0.640625,500,6.2166061010848646,,NOT_RECOVERABLE_FROM_SAVED_OBSERVATIONS,0,6860,scene-pixel exposure,1,Exact pixel counts were not saved; these are conservative bounds.
FAILING_FORWARD_ONLY,YUNNAN_INSIDE,per_tau_pixel_exposures,count_strictly_above,22,0.671875,500,6.2166061010848646,,NOT_RECOVERABLE_FROM_SAVED_OBSERVATIONS,0,6860,scene-pixel exposure,1,Exact pixel counts were not saved; these are conservative bounds.
FAILING_FORWARD_ONLY,YUNNAN_INSIDE,per_tau_pixel_exposures,count_strictly_above,23,0.703125,500,6.2166061010848646,,NOT_RECOVERABLE_FROM_SAVED_OBSERVATIONS,0,6860,scene-pixel exposure,1,Exact pixel counts were not saved; these are conservative bounds.
FAILING_FORWARD_ONLY,YUNNAN_INSIDE,per_tau_pixel_exposures,count_strictly_above,24,0.734375,500,6.2166061010848646,,NOT_RECOVERABLE_FROM_SAVED_OBSERVATIONS,0,6860,scene-pixel exposure,1,Exact pixel counts were not saved; these are conservative bounds.
FAILING_FORWARD_ONLY,YUNNAN_INSIDE,per_tau_pixel_exposures,count_strictly_above,25,0.765625,500,6.2166061010848646,,NOT_RECOVERABLE_FROM_SAVED_OBSERVATIONS,0,6860,scene-pixel exposure,1,Exact pixel counts were not saved; these are conservative bounds.
FAILING_FORWARD_ONLY,YUNNAN_INSIDE,per_tau_pixel_exposures,count_strictly_above,26,0.796875,500,6.2166061010848646,,NOT_RECOVERABLE_FROM_SAVED_OBSERVATIONS,0,6860,scene-pixel exposure,1,Exact pixel counts were not saved; these are conservative bounds.
FAILING_FORWARD_ONLY,YUNNAN_INSIDE,per_tau_pixel_exposures,count_strictly_above,27,0.828125,500,6.2166061010848646,,NOT_RECOVERABLE_FROM_SAVED_OBSERVATIONS,0,6860,scene-pixel exposure,1,Exact pixel counts were not saved; these are conservative bounds.
FAILING_FORWARD_ONLY,YUNNAN_INSIDE,per_tau_pixel_exposures,count_strictly_above,28,0.859375,500,6.2166061010848646,,NOT_RECOVERABLE_FROM_SAVED_OBSERVATIONS,0,6860,scene-pixel exposure,1,Exact pixel counts were not saved; these are conservative bounds.
FAILING_FORWARD_ONLY,YUNNAN_INSIDE,per_tau_pixel_exposures,count_strictly_above,29,0.890625,500,6.2166061010848646,,NOT_RECOVERABLE_FROM_SAVED_OBSERVATIONS,0,6860,scene-pixel exposure,1,Exact pixel counts were not saved; these are conservative bounds.
FAILING_FORWARD_ONLY,YUNNAN_INSIDE,per_tau_pixel_exposures,count_strictly_above,30,0.921875,500,6.2166061010848646,,NOT_RECOVERABLE_FROM_SAVED_OBSERVATIONS,0,6860,scene-pixel exposure,1,Exact pixel counts were not saved; these are conservative bounds.
FAILING_FORWARD_ONLY,YUNNAN_INSIDE,per_tau_pixel_exposures,count_strictly_above,31,0.953125,500,6.2166061010848646,,NOT_RECOVERABLE_FROM_SAVED_OBSERVATIONS,0,6860,scene-pixel exposure,1,Exact pixel counts were not saved; these are conservative bounds.
FAILING_FORWARD_ONLY,YUNNAN_INSIDE,per_tau_pixel_exposures,count_strictly_above,32,0.984375,500,6.2166061010848646,,NOT_RECOVERABLE_FROM_SAVED_OBSERVATIONS,0,6860,scene-pixel exposure,1,Exact pixel counts were not saved; these are conservative bounds.
FAILING_FORWARD_ONLY,YUNNAN_INSIDE,pixel_tau_exposure_count,count_strictly_above,,,500,6.2166061010848646,,NOT_RECOVERABLE_FROM_SAVED_OBSERVATIONS,0,219520,scene-pixel-tau exposure,1,Exact pixel counts were not saved; these are conservative bounds.
FAILING_FORWARD_ONLY,YUNNAN_INSIDE,spatial_pixel_exposure_count_any_tau,count_strictly_above,,,500,6.2166061010848646,,NOT_RECOVERABLE_FROM_SAVED_OBSERVATIONS,0,6860,scene-pixel exposure (any tau),1,Exact pixel counts were not saved; these are conservative bounds.
FAILING_FORWARD_ONLY,YUNNAN_INSIDE,per_tau_pixel_exposures,count_strictly_above,1,0.015625,1000,6.90875477931522,,NOT_RECOVERABLE_FROM_SAVED_OBSERVATIONS,0,6860,scene-pixel exposure,1,Exact pixel counts were not saved; these are conservative bounds.
FAILING_FORWARD_ONLY,YUNNAN_INSIDE,per_tau_pixel_exposures,count_strictly_above,2,0.046875,1000,6.90875477931522,,NOT_RECOVERABLE_FROM_SAVED_OBSERVATIONS,0,6860,scene-pixel exposure,1,Exact pixel counts were not saved; these are conservative bounds.
FAILING_FORWARD_ONLY,YUNNAN_INSIDE,per_tau_pixel_exposures,count_strictly_above,3,0.078125,1000,6.90875477931522,,NOT_RECOVERABLE_FROM_SAVED_OBSERVATIONS,0,6860,scene-pixel exposure,1,Exact pixel counts were not saved; these are conservative bounds.
FAILING_FORWARD_ONLY,YUNNAN_INSIDE,per_tau_pixel_exposures,count_strictly_above,4,0.109375,1000,6.90875477931522,,NOT_RECOVERABLE_FROM_SAVED_OBSERVATIONS,0,6860,scene-pixel exposure,1,Exact pixel counts were not saved; these are conservative bounds.
FAILING_FORWARD_ONLY,YUNNAN_INSIDE,per_tau_pixel_exposures,count_strictly_above,5,0.140625,1000,6.90875477931522,,NOT_RECOVERABLE_FROM_SAVED_OBSERVATIONS,0,6860,scene-pixel exposure,1,Exact pixel counts were not saved; these are conservative bounds.
FAILING_FORWARD_ONLY,YUNNAN_INSIDE,per_tau_pixel_exposures,count_strictly_above,6,0.171875,1000,6.90875477931522,,NOT_RECOVERABLE_FROM_SAVED_OBSERVATIONS,0,6860,scene-pixel exposure,1,Exact pixel counts were not saved; these are conservative bounds.
FAILING_FORWARD_ONLY,YUNNAN_INSIDE,per_tau_pixel_exposures,count_strictly_above,7,0.203125,1000,6.90875477931522,,NOT_RECOVERABLE_FROM_SAVED_OBSERVATIONS,0,6860,scene-pixel exposure,1,Exact pixel counts were not saved; these are conservative bounds.
FAILING_FORWARD_ONLY,YUNNAN_INSIDE,per_tau_pixel_exposures,count_strictly_above,8,0.234375,1000,6.90875477931522,,NOT_RECOVERABLE_FROM_SAVED_OBSERVATIONS,0,6860,scene-pixel exposure,1,Exact pixel counts were not saved; these are conservative bounds.
FAILING_FORWARD_ONLY,YUNNAN_INSIDE,per_tau_pixel_exposures,count_strictly_above,9,0.265625,1000,6.90875477931522,,NOT_RECOVERABLE_FROM_SAVED_OBSERVATIONS,0,6860,scene-pixel exposure,1,Exact pixel counts were not saved; these are conservative bounds.
FAILING_FORWARD_ONLY,YUNNAN_INSIDE,per_tau_pixel_exposures,count_strictly_above,10,0.296875,1000,6.90875477931522,,NOT_RECOVERABLE_FROM_SAVED_OBSERVATIONS,0,6860,scene-pixel exposure,1,Exact pixel counts were not saved; these are conservative bounds.
FAILING_FORWARD_ONLY,YUNNAN_INSIDE,per_tau_pixel_exposures,count_strictly_above,11,0.328125,1000,6.90875477931522,,NOT_RECOVERABLE_FROM_SAVED_OBSERVATIONS,0,6860,scene-pixel exposure,1,Exact pixel counts were not saved; these are conservative bounds.
FAILING_FORWARD_ONLY,YUNNAN_INSIDE,per_tau_pixel_exposures,count_strictly_above,12,0.359375,1000,6.90875477931522,,NOT_RECOVERABLE_FROM_SAVED_OBSERVATIONS,0,6860,scene-pixel exposure,1,Exact pixel counts were not saved; these are conservative bounds.
FAILING_FORWARD_ONLY,YUNNAN_INSIDE,per_tau_pixel_exposures,count_strictly_above,13,0.390625,1000,6.90875477931522,,NOT_RECOVERABLE_FROM_SAVED_OBSERVATIONS,0,6860,scene-pixel exposure,1,Exact pixel counts were not saved; these are conservative bounds.
FAILING_FORWARD_ONLY,YUNNAN_INSIDE,per_tau_pixel_exposures,count_strictly_above,14,0.421875,1000,6.90875477931522,,NOT_RECOVERABLE_FROM_SAVED_OBSERVATIONS,0,6860,scene-pixel exposure,1,Exact pixel counts were not saved; these are conservative bounds.
FAILING_FORWARD_ONLY,YUNNAN_INSIDE,per_tau_pixel_exposures,count_strictly_above,15,0.453125,1000,6.90875477931522,,NOT_RECOVERABLE_FROM_SAVED_OBSERVATIONS,0,6860,scene-pixel exposure,1,Exact pixel counts were not saved; these are conservative bounds.
FAILING_FORWARD_ONLY,YUNNAN_INSIDE,per_tau_pixel_exposures,count_strictly_above,16,0.484375,1000,6.90875477931522,,NOT_RECOVERABLE_FROM_SAVED_OBSERVATIONS,0,6860,scene-pixel exposure,1,Exact pixel counts were not saved; these are conservative bounds.
FAILING_FORWARD_ONLY,YUNNAN_INSIDE,per_tau_pixel_exposures,count_strictly_above,17,0.515625,1000,6.90875477931522,,NOT_RECOVERABLE_FROM_SAVED_OBSERVATIONS,0,6860,scene-pixel exposure,1,Exact pixel counts were not saved; these are conservative bounds.
FAILING_FORWARD_ONLY,YUNNAN_INSIDE,per_tau_pixel_exposures,count_strictly_above,18,0.546875,1000,6.90875477931522,,NOT_RECOVERABLE_FROM_SAVED_OBSERVATIONS,0,6860,scene-pixel exposure,1,Exact pixel counts were not saved; these are conservative bounds.
FAILING_FORWARD_ONLY,YUNNAN_INSIDE,per_tau_pixel_exposures,count_strictly_above,19,0.578125,1000,6.90875477931522,,NOT_RECOVERABLE_FROM_SAVED_OBSERVATIONS,0,6860,scene-pixel exposure,1,Exact pixel counts were not saved; these are conservative bounds.
FAILING_FORWARD_ONLY,YUNNAN_INSIDE,per_tau_pixel_exposures,count_strictly_above,20,0.609375,1000,6.90875477931522,,NOT_RECOVERABLE_FROM_SAVED_OBSERVATIONS,0,6860,scene-pixel exposure,1,Exact pixel counts were not saved; these are conservative bounds.
FAILING_FORWARD_ONLY,YUNNAN_INSIDE,per_tau_pixel_exposures,count_strictly_above,21,0.640625,1000,6.90875477931522,,NOT_RECOVERABLE_FROM_SAVED_OBSERVATIONS,0,6860,scene-pixel exposure,1,Exact pixel counts were not saved; these are conservative bounds.
FAILING_FORWARD_ONLY,YUNNAN_INSIDE,per_tau_pixel_exposures,count_strictly_above,22,0.671875,1000,6.90875477931522,,NOT_RECOVERABLE_FROM_SAVED_OBSERVATIONS,0,6860,scene-pixel exposure,1,Exact pixel counts were not saved; these are conservative bounds.
FAILING_FORWARD_ONLY,YUNNAN_INSIDE,per_tau_pixel_exposures,count_strictly_above,23,0.703125,1000,6.90875477931522,,NOT_RECOVERABLE_FROM_SAVED_OBSERVATIONS,0,6860,scene-pixel exposure,1,Exact pixel counts were not saved; these are conservative bounds.
FAILING_FORWARD_ONLY,YUNNAN_INSIDE,per_tau_pixel_exposures,count_strictly_above,24,0.734375,1000,6.90875477931522,,NOT_RECOVERABLE_FROM_SAVED_OBSERVATIONS,0,6860,scene-pixel exposure,1,Exact pixel counts were not saved; these are conservative bounds.
FAILING_FORWARD_ONLY,YUNNAN_INSIDE,per_tau_pixel_exposures,count_strictly_above,25,0.765625,1000,6.90875477931522,,NOT_RECOVERABLE_FROM_SAVED_OBSERVATIONS,0,6860,scene-pixel exposure,1,Exact pixel counts were not saved; these are conservative bounds.
FAILING_FORWARD_ONLY,YUNNAN_INSIDE,per_tau_pixel_exposures,count_strictly_above,26,0.796875,1000,6.90875477931522,,NOT_RECOVERABLE_FROM_SAVED_OBSERVATIONS,0,6860,scene-pixel exposure,1,Exact pixel counts were not saved; these are conservative bounds.
FAILING_FORWARD_ONLY,YUNNAN_INSIDE,per_tau_pixel_exposures,count_strictly_above,27,0.828125,1000,6.90875477931522,,NOT_RECOVERABLE_FROM_SAVED_OBSERVATIONS,0,6860,scene-pixel exposure,1,Exact pixel counts were not saved; these are conservative bounds.
FAILING_FORWARD_ONLY,YUNNAN_INSIDE,per_tau_pixel_exposures,count_strictly_above,28,0.859375,1000,6.90875477931522,,NOT_RECOVERABLE_FROM_SAVED_OBSERVATIONS,0,6860,scene-pixel exposure,1,Exact pixel counts were not saved; these are conservative bounds.
FAILING_FORWARD_ONLY,YUNNAN_INSIDE,per_tau_pixel_exposures,count_strictly_above,29,0.890625,1000,6.90875477931522,,NOT_RECOVERABLE_FROM_SAVED_OBSERVATIONS,0,6860,scene-pixel exposure,1,Exact pixel counts were not saved; these are conservative bounds.
FAILING_FORWARD_ONLY,YUNNAN_INSIDE,per_tau_pixel_exposures,count_strictly_above,30,0.921875,1000,6.90875477931522,,NOT_RECOVERABLE_FROM_SAVED_OBSERVATIONS,0,6860,scene-pixel exposure,1,Exact pixel counts were not saved; these are conservative bounds.
FAILING_FORWARD_ONLY,YUNNAN_INSIDE,per_tau_pixel_exposures,count_strictly_above,31,0.953125,1000,6.90875477931522,,NOT_RECOVERABLE_FROM_SAVED_OBSERVATIONS,0,6860,scene-pixel exposure,1,Exact pixel counts were not saved; these are conservative bounds.
FAILING_FORWARD_ONLY,YUNNAN_INSIDE,per_tau_pixel_exposures,count_strictly_above,32,0.984375,1000,6.90875477931522,,NOT_RECOVERABLE_FROM_SAVED_OBSERVATIONS,0,6860,scene-pixel exposure,1,Exact pixel counts were not saved; these are conservative bounds.
FAILING_FORWARD_ONLY,YUNNAN_INSIDE,pixel_tau_exposure_count,count_strictly_above,,,1000,6.90875477931522,,NOT_RECOVERABLE_FROM_SAVED_OBSERVATIONS,0,219520,scene-pixel-tau exposure,1,Exact pixel counts were not saved; these are conservative bounds.
FAILING_FORWARD_ONLY,YUNNAN_INSIDE,spatial_pixel_exposure_count_any_tau,count_strictly_above,,,1000,6.90875477931522,,NOT_RECOVERABLE_FROM_SAVED_OBSERVATIONS,0,6860,scene-pixel exposure (any tau),1,Exact pixel counts were not saved; these are conservative bounds.
FAILING_FORWARD_ONLY,YUNNAN_OUTSIDE,pooled_pixel_quantile_distribution,p99,,,,,,NOT_RECOVERABLE_FROM_SAVED_OBSERVATIONS,,721.2174966216189,log1p(mm/h),1,Regional full pixel qlog arrays/histograms were not saved.
FAILING_FORWARD_ONLY,YUNNAN_OUTSIDE,pooled_pixel_quantile_distribution,p99_9,,,,,,NOT_RECOVERABLE_FROM_SAVED_OBSERVATIONS,,721.2174966216189,log1p(mm/h),1,Regional full pixel qlog arrays/histograms were not saved.
FAILING_FORWARD_ONLY,YUNNAN_OUTSIDE,pooled_pixel_quantile_distribution,max,,,,,721.2174966216189,EXACT_FROM_SAVED_OBSERVATIONS,721.2174966216189,721.2174966216189,log1p(mm/h),1,Known regional pixel attains the cohort whole-grid maximum.
FAILING_FORWARD_ONLY,YUNNAN_OUTSIDE,per_forward_region_max_distribution,p99,,,,,721.2174966216189,EXACT_FROM_SAVED_OBSERVATIONS,721.2174966216189,721.2174966216189,log1p(mm/h),1,Singleton distribution of one regional forward maximum; not a pixel percentile.
FAILING_FORWARD_ONLY,YUNNAN_OUTSIDE,per_forward_region_max_distribution,p99_9,,,,,721.2174966216189,EXACT_FROM_SAVED_OBSERVATIONS,721.2174966216189,721.2174966216189,log1p(mm/h),1,Singleton distribution of one regional forward maximum; not a pixel percentile.
FAILING_FORWARD_ONLY,YUNNAN_OUTSIDE,per_forward_region_max_distribution,max,,,,,721.2174966216189,EXACT_FROM_SAVED_OBSERVATIONS,721.2174966216189,721.2174966216189,log1p(mm/h),1,Known regional pixel attains the cohort whole-grid maximum.
FAILING_FORWARD_ONLY,YUNNAN_OUTSIDE,pooled_pixels_per_tau,max,1,0.015625,,,24.899046730707646,EXACT_FROM_SAVED_OBSERVATIONS,24.899046730707646,24.899046730707646,log1p(mm/h),1,Known regional pixel attains the cohort whole-grid maximum.
FAILING_FORWARD_ONLY,YUNNAN_OUTSIDE,pooled_pixels_per_tau,max,2,0.046875,,,52.744363481806275,EXACT_FROM_SAVED_OBSERVATIONS,52.744363481806275,52.744363481806275,log1p(mm/h),1,Known regional pixel attains the cohort whole-grid maximum.
FAILING_FORWARD_ONLY,YUNNAN_OUTSIDE,pooled_pixels_per_tau,max,3,0.078125,,,72.78914121618128,EXACT_FROM_SAVED_OBSERVATIONS,72.78914121618128,72.78914121618128,log1p(mm/h),1,Known regional pixel attains the cohort whole-grid maximum.
FAILING_FORWARD_ONLY,YUNNAN_OUTSIDE,pooled_pixels_per_tau,max,4,0.109375,,,91.5726636932317,EXACT_FROM_SAVED_OBSERVATIONS,91.5726636932317,91.5726636932317,log1p(mm/h),1,Known regional pixel attains the cohort whole-grid maximum.
FAILING_FORWARD_ONLY,YUNNAN_OUTSIDE,pooled_pixels_per_tau,max,5,0.140625,,,114.44625498046315,EXACT_FROM_SAVED_OBSERVATIONS,114.44625498046315,114.44625498046315,log1p(mm/h),1,Known regional pixel attains the cohort whole-grid maximum.
FAILING_FORWARD_ONLY,YUNNAN_OUTSIDE,pooled_pixels_per_tau,max,6,0.171875,,,146.86943923949636,EXACT_FROM_SAVED_OBSERVATIONS,146.86943923949636,146.86943923949636,log1p(mm/h),1,Known regional pixel attains the cohort whole-grid maximum.
FAILING_FORWARD_ONLY,YUNNAN_OUTSIDE,pooled_pixels_per_tau,max,7,0.203125,,,162.61949932967886,EXACT_FROM_SAVED_OBSERVATIONS,162.61949932967886,162.61949932967886,log1p(mm/h),1,Known regional pixel attains the cohort whole-grid maximum.
FAILING_FORWARD_ONLY,YUNNAN_OUTSIDE,pooled_pixels_per_tau,max,8,0.234375,,,166.86805794533964,EXACT_FROM_SAVED_OBSERVATIONS,166.86805794533964,166.86805794533964,log1p(mm/h),1,Known regional pixel attains the cohort whole-grid maximum.
FAILING_FORWARD_ONLY,YUNNAN_OUTSIDE,pooled_pixels_per_tau,max,9,0.265625,,,176.44857216986557,EXACT_FROM_SAVED_OBSERVATIONS,176.44857216986557,176.44857216986557,log1p(mm/h),1,Known regional pixel attains the cohort whole-grid maximum.
FAILING_FORWARD_ONLY,YUNNAN_OUTSIDE,pooled_pixels_per_tau,max,10,0.296875,,,195.7582730040547,EXACT_FROM_SAVED_OBSERVATIONS,195.7582730040547,195.7582730040547,log1p(mm/h),1,Known regional pixel attains the cohort whole-grid maximum.
FAILING_FORWARD_ONLY,YUNNAN_OUTSIDE,pooled_pixels_per_tau,max,11,0.328125,,,223.53547642812697,EXACT_FROM_SAVED_OBSERVATIONS,223.53547642812697,223.53547642812697,log1p(mm/h),1,Known regional pixel attains the cohort whole-grid maximum.
FAILING_FORWARD_ONLY,YUNNAN_OUTSIDE,pooled_pixels_per_tau,max,12,0.359375,,,254.16193636770217,EXACT_FROM_SAVED_OBSERVATIONS,254.16193636770217,254.16193636770217,log1p(mm/h),1,Known regional pixel attains the cohort whole-grid maximum.
FAILING_FORWARD_ONLY,YUNNAN_OUTSIDE,pooled_pixels_per_tau,max,13,0.390625,,,271.7716078471154,EXACT_FROM_SAVED_OBSERVATIONS,271.7716078471154,271.7716078471154,log1p(mm/h),1,Known regional pixel attains the cohort whole-grid maximum.
FAILING_FORWARD_ONLY,YUNNAN_OUTSIDE,pooled_pixels_per_tau,max,14,0.421875,,,283.9978222526158,EXACT_FROM_SAVED_OBSERVATIONS,283.9978222526158,283.9978222526158,log1p(mm/h),1,Known regional pixel attains the cohort whole-grid maximum.
FAILING_FORWARD_ONLY,YUNNAN_OUTSIDE,pooled_pixels_per_tau,max,15,0.453125,,,313.85624439617044,EXACT_FROM_SAVED_OBSERVATIONS,313.85624439617044,313.85624439617044,log1p(mm/h),1,Known regional pixel attains the cohort whole-grid maximum.
FAILING_FORWARD_ONLY,YUNNAN_OUTSIDE,pooled_pixels_per_tau,max,16,0.484375,,,343.23622339397315,EXACT_FROM_SAVED_OBSERVATIONS,343.23622339397315,343.23622339397315,log1p(mm/h),1,Known regional pixel attains the cohort whole-grid maximum.
FAILING_FORWARD_ONLY,YUNNAN_OUTSIDE,pooled_pixels_per_tau,max,17,0.515625,,,357.95030066121313,EXACT_FROM_SAVED_OBSERVATIONS,357.95030066121313,357.95030066121313,log1p(mm/h),1,Known regional pixel attains the cohort whole-grid maximum.
FAILING_FORWARD_ONLY,YUNNAN_OUTSIDE,pooled_pixels_per_tau,max,18,0.546875,,,381.9613164174387,EXACT_FROM_SAVED_OBSERVATIONS,381.9613164174387,381.9613164174387,log1p(mm/h),1,Known regional pixel attains the cohort whole-grid maximum.
FAILING_FORWARD_ONLY,YUNNAN_OUTSIDE,pooled_pixels_per_tau,max,19,0.578125,,,410.91248911030976,EXACT_FROM_SAVED_OBSERVATIONS,410.91248911030976,410.91248911030976,log1p(mm/h),1,Known regional pixel attains the cohort whole-grid maximum.
FAILING_FORWARD_ONLY,YUNNAN_OUTSIDE,pooled_pixels_per_tau,max,20,0.609375,,,436.31466583150115,EXACT_FROM_SAVED_OBSERVATIONS,436.31466583150115,436.31466583150115,log1p(mm/h),1,Known regional pixel attains the cohort whole-grid maximum.
FAILING_FORWARD_ONLY,YUNNAN_OUTSIDE,pooled_pixels_per_tau,max,21,0.640625,,,452.6420650306662,EXACT_FROM_SAVED_OBSERVATIONS,452.6420650306662,452.6420650306662,log1p(mm/h),1,Known regional pixel attains the cohort whole-grid maximum.
FAILING_FORWARD_ONLY,YUNNAN_OUTSIDE,pooled_pixels_per_tau,max,22,0.671875,,,481.99036678237513,EXACT_FROM_SAVED_OBSERVATIONS,481.99036678237513,481.99036678237513,log1p(mm/h),1,Known regional pixel attains the cohort whole-grid maximum.
FAILING_FORWARD_ONLY,YUNNAN_OUTSIDE,pooled_pixels_per_tau,max,23,0.703125,,,508.26223916701866,EXACT_FROM_SAVED_OBSERVATIONS,508.26223916701866,508.26223916701866,log1p(mm/h),1,Known regional pixel attains the cohort whole-grid maximum.
FAILING_FORWARD_ONLY,YUNNAN_OUTSIDE,pooled_pixels_per_tau,max,24,0.734375,,,531.7230077308615,EXACT_FROM_SAVED_OBSERVATIONS,531.7230077308615,531.7230077308615,log1p(mm/h),1,Known regional pixel attains the cohort whole-grid maximum.
FAILING_FORWARD_ONLY,YUNNAN_OUTSIDE,pooled_pixels_per_tau,max,25,0.765625,,,551.1164106521228,EXACT_FROM_SAVED_OBSERVATIONS,551.1164106521228,551.1164106521228,log1p(mm/h),1,Known regional pixel attains the cohort whole-grid maximum.
FAILING_FORWARD_ONLY,YUNNAN_OUTSIDE,pooled_pixels_per_tau,max,26,0.796875,,,551.1216490112137,EXACT_FROM_SAVED_OBSERVATIONS,551.1216490112137,551.1216490112137,log1p(mm/h),1,Known regional pixel attains the cohort whole-grid maximum.
FAILING_FORWARD_ONLY,YUNNAN_OUTSIDE,pooled_pixels_per_tau,max,27,0.828125,,,563.3060430998905,EXACT_FROM_SAVED_OBSERVATIONS,563.3060430998905,563.3060430998905,log1p(mm/h),1,Known regional pixel attains the cohort whole-grid maximum.
FAILING_FORWARD_ONLY,YUNNAN_OUTSIDE,pooled_pixels_per_tau,max,28,0.859375,,,589.4443686553104,EXACT_FROM_SAVED_OBSERVATIONS,589.4443686553104,589.4443686553104,log1p(mm/h),1,Known regional pixel attains the cohort whole-grid maximum.
FAILING_FORWARD_ONLY,YUNNAN_OUTSIDE,pooled_pixels_per_tau,max,29,0.890625,,,622.4111282012088,EXACT_FROM_SAVED_OBSERVATIONS,622.4111282012088,622.4111282012088,log1p(mm/h),1,Known regional pixel attains the cohort whole-grid maximum.
FAILING_FORWARD_ONLY,YUNNAN_OUTSIDE,pooled_pixels_per_tau,max,30,0.921875,,,644.6437797759158,EXACT_FROM_SAVED_OBSERVATIONS,644.6437797759158,644.6437797759158,log1p(mm/h),1,Known regional pixel attains the cohort whole-grid maximum.
FAILING_FORWARD_ONLY,YUNNAN_OUTSIDE,pooled_pixels_per_tau,max,31,0.953125,,,684.797188644324,EXACT_FROM_SAVED_OBSERVATIONS,684.797188644324,684.797188644324,log1p(mm/h),1,Known regional pixel attains the cohort whole-grid maximum.
FAILING_FORWARD_ONLY,YUNNAN_OUTSIDE,pooled_pixels_per_tau,max,32,0.984375,,,721.2174966216189,EXACT_FROM_SAVED_OBSERVATIONS,721.2174966216189,721.2174966216189,log1p(mm/h),1,Known regional pixel attains the cohort whole-grid maximum.
FAILING_FORWARD_ONLY,YUNNAN_OUTSIDE,per_tau_pixel_exposures,count_strictly_above,1,0.015625,10,2.3978952727983707,,NOT_RECOVERABLE_FROM_SAVED_OBSERVATIONS,1,13140,scene-pixel exposure,1,Exact pixel counts were not saved; these are conservative bounds.
FAILING_FORWARD_ONLY,YUNNAN_OUTSIDE,per_tau_pixel_exposures,count_strictly_above,2,0.046875,10,2.3978952727983707,,NOT_RECOVERABLE_FROM_SAVED_OBSERVATIONS,1,13140,scene-pixel exposure,1,Exact pixel counts were not saved; these are conservative bounds.
FAILING_FORWARD_ONLY,YUNNAN_OUTSIDE,per_tau_pixel_exposures,count_strictly_above,3,0.078125,10,2.3978952727983707,,NOT_RECOVERABLE_FROM_SAVED_OBSERVATIONS,1,13140,scene-pixel exposure,1,Exact pixel counts were not saved; these are conservative bounds.
FAILING_FORWARD_ONLY,YUNNAN_OUTSIDE,per_tau_pixel_exposures,count_strictly_above,4,0.109375,10,2.3978952727983707,,NOT_RECOVERABLE_FROM_SAVED_OBSERVATIONS,1,13140,scene-pixel exposure,1,Exact pixel counts were not saved; these are conservative bounds.
FAILING_FORWARD_ONLY,YUNNAN_OUTSIDE,per_tau_pixel_exposures,count_strictly_above,5,0.140625,10,2.3978952727983707,,NOT_RECOVERABLE_FROM_SAVED_OBSERVATIONS,1,13140,scene-pixel exposure,1,Exact pixel counts were not saved; these are conservative bounds.
FAILING_FORWARD_ONLY,YUNNAN_OUTSIDE,per_tau_pixel_exposures,count_strictly_above,6,0.171875,10,2.3978952727983707,,NOT_RECOVERABLE_FROM_SAVED_OBSERVATIONS,1,13140,scene-pixel exposure,1,Exact pixel counts were not saved; these are conservative bounds.
FAILING_FORWARD_ONLY,YUNNAN_OUTSIDE,per_tau_pixel_exposures,count_strictly_above,7,0.203125,10,2.3978952727983707,,NOT_RECOVERABLE_FROM_SAVED_OBSERVATIONS,1,13140,scene-pixel exposure,1,Exact pixel counts were not saved; these are conservative bounds.
FAILING_FORWARD_ONLY,YUNNAN_OUTSIDE,per_tau_pixel_exposures,count_strictly_above,8,0.234375,10,2.3978952727983707,,NOT_RECOVERABLE_FROM_SAVED_OBSERVATIONS,1,13140,scene-pixel exposure,1,Exact pixel counts were not saved; these are conservative bounds.
FAILING_FORWARD_ONLY,YUNNAN_OUTSIDE,per_tau_pixel_exposures,count_strictly_above,9,0.265625,10,2.3978952727983707,,NOT_RECOVERABLE_FROM_SAVED_OBSERVATIONS,1,13140,scene-pixel exposure,1,Exact pixel counts were not saved; these are conservative bounds.
FAILING_FORWARD_ONLY,YUNNAN_OUTSIDE,per_tau_pixel_exposures,count_strictly_above,10,0.296875,10,2.3978952727983707,,NOT_RECOVERABLE_FROM_SAVED_OBSERVATIONS,1,13140,scene-pixel exposure,1,Exact pixel counts were not saved; these are conservative bounds.
FAILING_FORWARD_ONLY,YUNNAN_OUTSIDE,per_tau_pixel_exposures,count_strictly_above,11,0.328125,10,2.3978952727983707,,NOT_RECOVERABLE_FROM_SAVED_OBSERVATIONS,1,13140,scene-pixel exposure,1,Exact pixel counts were not saved; these are conservative bounds.
FAILING_FORWARD_ONLY,YUNNAN_OUTSIDE,per_tau_pixel_exposures,count_strictly_above,12,0.359375,10,2.3978952727983707,,NOT_RECOVERABLE_FROM_SAVED_OBSERVATIONS,1,13140,scene-pixel exposure,1,Exact pixel counts were not saved; these are conservative bounds.
FAILING_FORWARD_ONLY,YUNNAN_OUTSIDE,per_tau_pixel_exposures,count_strictly_above,13,0.390625,10,2.3978952727983707,,NOT_RECOVERABLE_FROM_SAVED_OBSERVATIONS,1,13140,scene-pixel exposure,1,Exact pixel counts were not saved; these are conservative bounds.
FAILING_FORWARD_ONLY,YUNNAN_OUTSIDE,per_tau_pixel_exposures,count_strictly_above,14,0.421875,10,2.3978952727983707,,NOT_RECOVERABLE_FROM_SAVED_OBSERVATIONS,1,13140,scene-pixel exposure,1,Exact pixel counts were not saved; these are conservative bounds.
FAILING_FORWARD_ONLY,YUNNAN_OUTSIDE,per_tau_pixel_exposures,count_strictly_above,15,0.453125,10,2.3978952727983707,,NOT_RECOVERABLE_FROM_SAVED_OBSERVATIONS,1,13140,scene-pixel exposure,1,Exact pixel counts were not saved; these are conservative bounds.
FAILING_FORWARD_ONLY,YUNNAN_OUTSIDE,per_tau_pixel_exposures,count_strictly_above,16,0.484375,10,2.3978952727983707,,NOT_RECOVERABLE_FROM_SAVED_OBSERVATIONS,1,13140,scene-pixel exposure,1,Exact pixel counts were not saved; these are conservative bounds.
FAILING_FORWARD_ONLY,YUNNAN_OUTSIDE,per_tau_pixel_exposures,count_strictly_above,17,0.515625,10,2.3978952727983707,,NOT_RECOVERABLE_FROM_SAVED_OBSERVATIONS,1,13140,scene-pixel exposure,1,Exact pixel counts were not saved; these are conservative bounds.
FAILING_FORWARD_ONLY,YUNNAN_OUTSIDE,per_tau_pixel_exposures,count_strictly_above,18,0.546875,10,2.3978952727983707,,NOT_RECOVERABLE_FROM_SAVED_OBSERVATIONS,1,13140,scene-pixel exposure,1,Exact pixel counts were not saved; these are conservative bounds.
FAILING_FORWARD_ONLY,YUNNAN_OUTSIDE,per_tau_pixel_exposures,count_strictly_above,19,0.578125,10,2.3978952727983707,,NOT_RECOVERABLE_FROM_SAVED_OBSERVATIONS,1,13140,scene-pixel exposure,1,Exact pixel counts were not saved; these are conservative bounds.
FAILING_FORWARD_ONLY,YUNNAN_OUTSIDE,per_tau_pixel_exposures,count_strictly_above,20,0.609375,10,2.3978952727983707,,NOT_RECOVERABLE_FROM_SAVED_OBSERVATIONS,1,13140,scene-pixel exposure,1,Exact pixel counts were not saved; these are conservative bounds.
FAILING_FORWARD_ONLY,YUNNAN_OUTSIDE,per_tau_pixel_exposures,count_strictly_above,21,0.640625,10,2.3978952727983707,,NOT_RECOVERABLE_FROM_SAVED_OBSERVATIONS,1,13140,scene-pixel exposure,1,Exact pixel counts were not saved; these are conservative bounds.
FAILING_FORWARD_ONLY,YUNNAN_OUTSIDE,per_tau_pixel_exposures,count_strictly_above,22,0.671875,10,2.3978952727983707,,NOT_RECOVERABLE_FROM_SAVED_OBSERVATIONS,1,13140,scene-pixel exposure,1,Exact pixel counts were not saved; these are conservative bounds.
FAILING_FORWARD_ONLY,YUNNAN_OUTSIDE,per_tau_pixel_exposures,count_strictly_above,23,0.703125,10,2.3978952727983707,,NOT_RECOVERABLE_FROM_SAVED_OBSERVATIONS,1,13140,scene-pixel exposure,1,Exact pixel counts were not saved; these are conservative bounds.
FAILING_FORWARD_ONLY,YUNNAN_OUTSIDE,per_tau_pixel_exposures,count_strictly_above,24,0.734375,10,2.3978952727983707,,NOT_RECOVERABLE_FROM_SAVED_OBSERVATIONS,1,13140,scene-pixel exposure,1,Exact pixel counts were not saved; these are conservative bounds.
FAILING_FORWARD_ONLY,YUNNAN_OUTSIDE,per_tau_pixel_exposures,count_strictly_above,25,0.765625,10,2.3978952727983707,,NOT_RECOVERABLE_FROM_SAVED_OBSERVATIONS,1,13140,scene-pixel exposure,1,Exact pixel counts were not saved; these are conservative bounds.
FAILING_FORWARD_ONLY,YUNNAN_OUTSIDE,per_tau_pixel_exposures,count_strictly_above,26,0.796875,10,2.3978952727983707,,NOT_RECOVERABLE_FROM_SAVED_OBSERVATIONS,1,13140,scene-pixel exposure,1,Exact pixel counts were not saved; these are conservative bounds.
FAILING_FORWARD_ONLY,YUNNAN_OUTSIDE,per_tau_pixel_exposures,count_strictly_above,27,0.828125,10,2.3978952727983707,,NOT_RECOVERABLE_FROM_SAVED_OBSERVATIONS,1,13140,scene-pixel exposure,1,Exact pixel counts were not saved; these are conservative bounds.
FAILING_FORWARD_ONLY,YUNNAN_OUTSIDE,per_tau_pixel_exposures,count_strictly_above,28,0.859375,10,2.3978952727983707,,NOT_RECOVERABLE_FROM_SAVED_OBSERVATIONS,1,13140,scene-pixel exposure,1,Exact pixel counts were not saved; these are conservative bounds.
FAILING_FORWARD_ONLY,YUNNAN_OUTSIDE,per_tau_pixel_exposures,count_strictly_above,29,0.890625,10,2.3978952727983707,,NOT_RECOVERABLE_FROM_SAVED_OBSERVATIONS,1,13140,scene-pixel exposure,1,Exact pixel counts were not saved; these are conservative bounds.
FAILING_FORWARD_ONLY,YUNNAN_OUTSIDE,per_tau_pixel_exposures,count_strictly_above,30,0.921875,10,2.3978952727983707,,NOT_RECOVERABLE_FROM_SAVED_OBSERVATIONS,1,13140,scene-pixel exposure,1,Exact pixel counts were not saved; these are conservative bounds.
FAILING_FORWARD_ONLY,YUNNAN_OUTSIDE,per_tau_pixel_exposures,count_strictly_above,31,0.953125,10,2.3978952727983707,,NOT_RECOVERABLE_FROM_SAVED_OBSERVATIONS,1,13140,scene-pixel exposure,1,Exact pixel counts were not saved; these are conservative bounds.
FAILING_FORWARD_ONLY,YUNNAN_OUTSIDE,per_tau_pixel_exposures,count_strictly_above,32,0.984375,10,2.3978952727983707,,NOT_RECOVERABLE_FROM_SAVED_OBSERVATIONS,1,13140,scene-pixel exposure,1,Exact pixel counts were not saved; these are conservative bounds.
FAILING_FORWARD_ONLY,YUNNAN_OUTSIDE,pixel_tau_exposure_count,count_strictly_above,,,10,2.3978952727983707,,NOT_RECOVERABLE_FROM_SAVED_OBSERVATIONS,32,420480,scene-pixel-tau exposure,1,Exact pixel counts were not saved; these are conservative bounds.
FAILING_FORWARD_ONLY,YUNNAN_OUTSIDE,spatial_pixel_exposure_count_any_tau,count_strictly_above,,,10,2.3978952727983707,,NOT_RECOVERABLE_FROM_SAVED_OBSERVATIONS,1,13140,scene-pixel exposure (any tau),1,Exact pixel counts were not saved; these are conservative bounds.
FAILING_FORWARD_ONLY,YUNNAN_OUTSIDE,per_tau_pixel_exposures,count_strictly_above,1,0.015625,50,3.9318256327243257,,NOT_RECOVERABLE_FROM_SAVED_OBSERVATIONS,1,13140,scene-pixel exposure,1,Exact pixel counts were not saved; these are conservative bounds.
FAILING_FORWARD_ONLY,YUNNAN_OUTSIDE,per_tau_pixel_exposures,count_strictly_above,2,0.046875,50,3.9318256327243257,,NOT_RECOVERABLE_FROM_SAVED_OBSERVATIONS,1,13140,scene-pixel exposure,1,Exact pixel counts were not saved; these are conservative bounds.
FAILING_FORWARD_ONLY,YUNNAN_OUTSIDE,per_tau_pixel_exposures,count_strictly_above,3,0.078125,50,3.9318256327243257,,NOT_RECOVERABLE_FROM_SAVED_OBSERVATIONS,1,13140,scene-pixel exposure,1,Exact pixel counts were not saved; these are conservative bounds.
FAILING_FORWARD_ONLY,YUNNAN_OUTSIDE,per_tau_pixel_exposures,count_strictly_above,4,0.109375,50,3.9318256327243257,,NOT_RECOVERABLE_FROM_SAVED_OBSERVATIONS,1,13140,scene-pixel exposure,1,Exact pixel counts were not saved; these are conservative bounds.
FAILING_FORWARD_ONLY,YUNNAN_OUTSIDE,per_tau_pixel_exposures,count_strictly_above,5,0.140625,50,3.9318256327243257,,NOT_RECOVERABLE_FROM_SAVED_OBSERVATIONS,1,13140,scene-pixel exposure,1,Exact pixel counts were not saved; these are conservative bounds.
FAILING_FORWARD_ONLY,YUNNAN_OUTSIDE,per_tau_pixel_exposures,count_strictly_above,6,0.171875,50,3.9318256327243257,,NOT_RECOVERABLE_FROM_SAVED_OBSERVATIONS,1,13140,scene-pixel exposure,1,Exact pixel counts were not saved; these are conservative bounds.
FAILING_FORWARD_ONLY,YUNNAN_OUTSIDE,per_tau_pixel_exposures,count_strictly_above,7,0.203125,50,3.9318256327243257,,NOT_RECOVERABLE_FROM_SAVED_OBSERVATIONS,1,13140,scene-pixel exposure,1,Exact pixel counts were not saved; these are conservative bounds.
FAILING_FORWARD_ONLY,YUNNAN_OUTSIDE,per_tau_pixel_exposures,count_strictly_above,8,0.234375,50,3.9318256327243257,,NOT_RECOVERABLE_FROM_SAVED_OBSERVATIONS,1,13140,scene-pixel exposure,1,Exact pixel counts were not saved; these are conservative bounds.
FAILING_FORWARD_ONLY,YUNNAN_OUTSIDE,per_tau_pixel_exposures,count_strictly_above,9,0.265625,50,3.9318256327243257,,NOT_RECOVERABLE_FROM_SAVED_OBSERVATIONS,1,13140,scene-pixel exposure,1,Exact pixel counts were not saved; these are conservative bounds.
FAILING_FORWARD_ONLY,YUNNAN_OUTSIDE,per_tau_pixel_exposures,count_strictly_above,10,0.296875,50,3.9318256327243257,,NOT_RECOVERABLE_FROM_SAVED_OBSERVATIONS,1,13140,scene-pixel exposure,1,Exact pixel counts were not saved; these are conservative bounds.
FAILING_FORWARD_ONLY,YUNNAN_OUTSIDE,per_tau_pixel_exposures,count_strictly_above,11,0.328125,50,3.9318256327243257,,NOT_RECOVERABLE_FROM_SAVED_OBSERVATIONS,1,13140,scene-pixel exposure,1,Exact pixel counts were not saved; these are conservative bounds.
FAILING_FORWARD_ONLY,YUNNAN_OUTSIDE,per_tau_pixel_exposures,count_strictly_above,12,0.359375,50,3.9318256327243257,,NOT_RECOVERABLE_FROM_SAVED_OBSERVATIONS,1,13140,scene-pixel exposure,1,Exact pixel counts were not saved; these are conservative bounds.
FAILING_FORWARD_ONLY,YUNNAN_OUTSIDE,per_tau_pixel_exposures,count_strictly_above,13,0.390625,50,3.9318256327243257,,NOT_RECOVERABLE_FROM_SAVED_OBSERVATIONS,1,13140,scene-pixel exposure,1,Exact pixel counts were not saved; these are conservative bounds.
FAILING_FORWARD_ONLY,YUNNAN_OUTSIDE,per_tau_pixel_exposures,count_strictly_above,14,0.421875,50,3.9318256327243257,,NOT_RECOVERABLE_FROM_SAVED_OBSERVATIONS,1,13140,scene-pixel exposure,1,Exact pixel counts were not saved; these are conservative bounds.
FAILING_FORWARD_ONLY,YUNNAN_OUTSIDE,per_tau_pixel_exposures,count_strictly_above,15,0.453125,50,3.9318256327243257,,NOT_RECOVERABLE_FROM_SAVED_OBSERVATIONS,1,13140,scene-pixel exposure,1,Exact pixel counts were not saved; these are conservative bounds.
FAILING_FORWARD_ONLY,YUNNAN_OUTSIDE,per_tau_pixel_exposures,count_strictly_above,16,0.484375,50,3.9318256327243257,,NOT_RECOVERABLE_FROM_SAVED_OBSERVATIONS,1,13140,scene-pixel exposure,1,Exact pixel counts were not saved; these are conservative bounds.
FAILING_FORWARD_ONLY,YUNNAN_OUTSIDE,per_tau_pixel_exposures,count_strictly_above,17,0.515625,50,3.9318256327243257,,NOT_RECOVERABLE_FROM_SAVED_OBSERVATIONS,1,13140,scene-pixel exposure,1,Exact pixel counts were not saved; these are conservative bounds.
FAILING_FORWARD_ONLY,YUNNAN_OUTSIDE,per_tau_pixel_exposures,count_strictly_above,18,0.546875,50,3.9318256327243257,,NOT_RECOVERABLE_FROM_SAVED_OBSERVATIONS,1,13140,scene-pixel exposure,1,Exact pixel counts were not saved; these are conservative bounds.
FAILING_FORWARD_ONLY,YUNNAN_OUTSIDE,per_tau_pixel_exposures,count_strictly_above,19,0.578125,50,3.9318256327243257,,NOT_RECOVERABLE_FROM_SAVED_OBSERVATIONS,1,13140,scene-pixel exposure,1,Exact pixel counts were not saved; these are conservative bounds.
FAILING_FORWARD_ONLY,YUNNAN_OUTSIDE,per_tau_pixel_exposures,count_strictly_above,20,0.609375,50,3.9318256327243257,,NOT_RECOVERABLE_FROM_SAVED_OBSERVATIONS,1,13140,scene-pixel exposure,1,Exact pixel counts were not saved; these are conservative bounds.
FAILING_FORWARD_ONLY,YUNNAN_OUTSIDE,per_tau_pixel_exposures,count_strictly_above,21,0.640625,50,3.9318256327243257,,NOT_RECOVERABLE_FROM_SAVED_OBSERVATIONS,1,13140,scene-pixel exposure,1,Exact pixel counts were not saved; these are conservative bounds.
FAILING_FORWARD_ONLY,YUNNAN_OUTSIDE,per_tau_pixel_exposures,count_strictly_above,22,0.671875,50,3.9318256327243257,,NOT_RECOVERABLE_FROM_SAVED_OBSERVATIONS,1,13140,scene-pixel exposure,1,Exact pixel counts were not saved; these are conservative bounds.
FAILING_FORWARD_ONLY,YUNNAN_OUTSIDE,per_tau_pixel_exposures,count_strictly_above,23,0.703125,50,3.9318256327243257,,NOT_RECOVERABLE_FROM_SAVED_OBSERVATIONS,1,13140,scene-pixel exposure,1,Exact pixel counts were not saved; these are conservative bounds.
FAILING_FORWARD_ONLY,YUNNAN_OUTSIDE,per_tau_pixel_exposures,count_strictly_above,24,0.734375,50,3.9318256327243257,,NOT_RECOVERABLE_FROM_SAVED_OBSERVATIONS,1,13140,scene-pixel exposure,1,Exact pixel counts were not saved; these are conservative bounds.
FAILING_FORWARD_ONLY,YUNNAN_OUTSIDE,per_tau_pixel_exposures,count_strictly_above,25,0.765625,50,3.9318256327243257,,NOT_RECOVERABLE_FROM_SAVED_OBSERVATIONS,1,13140,scene-pixel exposure,1,Exact pixel counts were not saved; these are conservative bounds.
FAILING_FORWARD_ONLY,YUNNAN_OUTSIDE,per_tau_pixel_exposures,count_strictly_above,26,0.796875,50,3.9318256327243257,,NOT_RECOVERABLE_FROM_SAVED_OBSERVATIONS,1,13140,scene-pixel exposure,1,Exact pixel counts were not saved; these are conservative bounds.
FAILING_FORWARD_ONLY,YUNNAN_OUTSIDE,per_tau_pixel_exposures,count_strictly_above,27,0.828125,50,3.9318256327243257,,NOT_RECOVERABLE_FROM_SAVED_OBSERVATIONS,1,13140,scene-pixel exposure,1,Exact pixel counts were not saved; these are conservative bounds.
FAILING_FORWARD_ONLY,YUNNAN_OUTSIDE,per_tau_pixel_exposures,count_strictly_above,28,0.859375,50,3.9318256327243257,,NOT_RECOVERABLE_FROM_SAVED_OBSERVATIONS,1,13140,scene-pixel exposure,1,Exact pixel counts were not saved; these are conservative bounds.
FAILING_FORWARD_ONLY,YUNNAN_OUTSIDE,per_tau_pixel_exposures,count_strictly_above,29,0.890625,50,3.9318256327243257,,NOT_RECOVERABLE_FROM_SAVED_OBSERVATIONS,1,13140,scene-pixel exposure,1,Exact pixel counts were not saved; these are conservative bounds.
FAILING_FORWARD_ONLY,YUNNAN_OUTSIDE,per_tau_pixel_exposures,count_strictly_above,30,0.921875,50,3.9318256327243257,,NOT_RECOVERABLE_FROM_SAVED_OBSERVATIONS,1,13140,scene-pixel exposure,1,Exact pixel counts were not saved; these are conservative bounds.
FAILING_FORWARD_ONLY,YUNNAN_OUTSIDE,per_tau_pixel_exposures,count_strictly_above,31,0.953125,50,3.9318256327243257,,NOT_RECOVERABLE_FROM_SAVED_OBSERVATIONS,1,13140,scene-pixel exposure,1,Exact pixel counts were not saved; these are conservative bounds.
FAILING_FORWARD_ONLY,YUNNAN_OUTSIDE,per_tau_pixel_exposures,count_strictly_above,32,0.984375,50,3.9318256327243257,,NOT_RECOVERABLE_FROM_SAVED_OBSERVATIONS,1,13140,scene-pixel exposure,1,Exact pixel counts were not saved; these are conservative bounds.
FAILING_FORWARD_ONLY,YUNNAN_OUTSIDE,pixel_tau_exposure_count,count_strictly_above,,,50,3.9318256327243257,,NOT_RECOVERABLE_FROM_SAVED_OBSERVATIONS,32,420480,scene-pixel-tau exposure,1,Exact pixel counts were not saved; these are conservative bounds.
FAILING_FORWARD_ONLY,YUNNAN_OUTSIDE,spatial_pixel_exposure_count_any_tau,count_strictly_above,,,50,3.9318256327243257,,NOT_RECOVERABLE_FROM_SAVED_OBSERVATIONS,1,13140,scene-pixel exposure (any tau),1,Exact pixel counts were not saved; these are conservative bounds.
FAILING_FORWARD_ONLY,YUNNAN_OUTSIDE,per_tau_pixel_exposures,count_strictly_above,1,0.015625,100,4.61512051684126,,NOT_RECOVERABLE_FROM_SAVED_OBSERVATIONS,1,13140,scene-pixel exposure,1,Exact pixel counts were not saved; these are conservative bounds.
FAILING_FORWARD_ONLY,YUNNAN_OUTSIDE,per_tau_pixel_exposures,count_strictly_above,2,0.046875,100,4.61512051684126,,NOT_RECOVERABLE_FROM_SAVED_OBSERVATIONS,1,13140,scene-pixel exposure,1,Exact pixel counts were not saved; these are conservative bounds.
FAILING_FORWARD_ONLY,YUNNAN_OUTSIDE,per_tau_pixel_exposures,count_strictly_above,3,0.078125,100,4.61512051684126,,NOT_RECOVERABLE_FROM_SAVED_OBSERVATIONS,1,13140,scene-pixel exposure,1,Exact pixel counts were not saved; these are conservative bounds.
FAILING_FORWARD_ONLY,YUNNAN_OUTSIDE,per_tau_pixel_exposures,count_strictly_above,4,0.109375,100,4.61512051684126,,NOT_RECOVERABLE_FROM_SAVED_OBSERVATIONS,1,13140,scene-pixel exposure,1,Exact pixel counts were not saved; these are conservative bounds.
FAILING_FORWARD_ONLY,YUNNAN_OUTSIDE,per_tau_pixel_exposures,count_strictly_above,5,0.140625,100,4.61512051684126,,NOT_RECOVERABLE_FROM_SAVED_OBSERVATIONS,1,13140,scene-pixel exposure,1,Exact pixel counts were not saved; these are conservative bounds.
FAILING_FORWARD_ONLY,YUNNAN_OUTSIDE,per_tau_pixel_exposures,count_strictly_above,6,0.171875,100,4.61512051684126,,NOT_RECOVERABLE_FROM_SAVED_OBSERVATIONS,1,13140,scene-pixel exposure,1,Exact pixel counts were not saved; these are conservative bounds.
FAILING_FORWARD_ONLY,YUNNAN_OUTSIDE,per_tau_pixel_exposures,count_strictly_above,7,0.203125,100,4.61512051684126,,NOT_RECOVERABLE_FROM_SAVED_OBSERVATIONS,1,13140,scene-pixel exposure,1,Exact pixel counts were not saved; these are conservative bounds.
FAILING_FORWARD_ONLY,YUNNAN_OUTSIDE,per_tau_pixel_exposures,count_strictly_above,8,0.234375,100,4.61512051684126,,NOT_RECOVERABLE_FROM_SAVED_OBSERVATIONS,1,13140,scene-pixel exposure,1,Exact pixel counts were not saved; these are conservative bounds.
FAILING_FORWARD_ONLY,YUNNAN_OUTSIDE,per_tau_pixel_exposures,count_strictly_above,9,0.265625,100,4.61512051684126,,NOT_RECOVERABLE_FROM_SAVED_OBSERVATIONS,1,13140,scene-pixel exposure,1,Exact pixel counts were not saved; these are conservative bounds.
FAILING_FORWARD_ONLY,YUNNAN_OUTSIDE,per_tau_pixel_exposures,count_strictly_above,10,0.296875,100,4.61512051684126,,NOT_RECOVERABLE_FROM_SAVED_OBSERVATIONS,1,13140,scene-pixel exposure,1,Exact pixel counts were not saved; these are conservative bounds.
FAILING_FORWARD_ONLY,YUNNAN_OUTSIDE,per_tau_pixel_exposures,count_strictly_above,11,0.328125,100,4.61512051684126,,NOT_RECOVERABLE_FROM_SAVED_OBSERVATIONS,1,13140,scene-pixel exposure,1,Exact pixel counts were not saved; these are conservative bounds.
FAILING_FORWARD_ONLY,YUNNAN_OUTSIDE,per_tau_pixel_exposures,count_strictly_above,12,0.359375,100,4.61512051684126,,NOT_RECOVERABLE_FROM_SAVED_OBSERVATIONS,1,13140,scene-pixel exposure,1,Exact pixel counts were not saved; these are conservative bounds.
FAILING_FORWARD_ONLY,YUNNAN_OUTSIDE,per_tau_pixel_exposures,count_strictly_above,13,0.390625,100,4.61512051684126,,NOT_RECOVERABLE_FROM_SAVED_OBSERVATIONS,1,13140,scene-pixel exposure,1,Exact pixel counts were not saved; these are conservative bounds.
FAILING_FORWARD_ONLY,YUNNAN_OUTSIDE,per_tau_pixel_exposures,count_strictly_above,14,0.421875,100,4.61512051684126,,NOT_RECOVERABLE_FROM_SAVED_OBSERVATIONS,1,13140,scene-pixel exposure,1,Exact pixel counts were not saved; these are conservative bounds.
FAILING_FORWARD_ONLY,YUNNAN_OUTSIDE,per_tau_pixel_exposures,count_strictly_above,15,0.453125,100,4.61512051684126,,NOT_RECOVERABLE_FROM_SAVED_OBSERVATIONS,1,13140,scene-pixel exposure,1,Exact pixel counts were not saved; these are conservative bounds.
FAILING_FORWARD_ONLY,YUNNAN_OUTSIDE,per_tau_pixel_exposures,count_strictly_above,16,0.484375,100,4.61512051684126,,NOT_RECOVERABLE_FROM_SAVED_OBSERVATIONS,1,13140,scene-pixel exposure,1,Exact pixel counts were not saved; these are conservative bounds.
FAILING_FORWARD_ONLY,YUNNAN_OUTSIDE,per_tau_pixel_exposures,count_strictly_above,17,0.515625,100,4.61512051684126,,NOT_RECOVERABLE_FROM_SAVED_OBSERVATIONS,1,13140,scene-pixel exposure,1,Exact pixel counts were not saved; these are conservative bounds.
FAILING_FORWARD_ONLY,YUNNAN_OUTSIDE,per_tau_pixel_exposures,count_strictly_above,18,0.546875,100,4.61512051684126,,NOT_RECOVERABLE_FROM_SAVED_OBSERVATIONS,1,13140,scene-pixel exposure,1,Exact pixel counts were not saved; these are conservative bounds.
FAILING_FORWARD_ONLY,YUNNAN_OUTSIDE,per_tau_pixel_exposures,count_strictly_above,19,0.578125,100,4.61512051684126,,NOT_RECOVERABLE_FROM_SAVED_OBSERVATIONS,1,13140,scene-pixel exposure,1,Exact pixel counts were not saved; these are conservative bounds.
FAILING_FORWARD_ONLY,YUNNAN_OUTSIDE,per_tau_pixel_exposures,count_strictly_above,20,0.609375,100,4.61512051684126,,NOT_RECOVERABLE_FROM_SAVED_OBSERVATIONS,1,13140,scene-pixel exposure,1,Exact pixel counts were not saved; these are conservative bounds.
FAILING_FORWARD_ONLY,YUNNAN_OUTSIDE,per_tau_pixel_exposures,count_strictly_above,21,0.640625,100,4.61512051684126,,NOT_RECOVERABLE_FROM_SAVED_OBSERVATIONS,1,13140,scene-pixel exposure,1,Exact pixel counts were not saved; these are conservative bounds.
FAILING_FORWARD_ONLY,YUNNAN_OUTSIDE,per_tau_pixel_exposures,count_strictly_above,22,0.671875,100,4.61512051684126,,NOT_RECOVERABLE_FROM_SAVED_OBSERVATIONS,1,13140,scene-pixel exposure,1,Exact pixel counts were not saved; these are conservative bounds.
FAILING_FORWARD_ONLY,YUNNAN_OUTSIDE,per_tau_pixel_exposures,count_strictly_above,23,0.703125,100,4.61512051684126,,NOT_RECOVERABLE_FROM_SAVED_OBSERVATIONS,1,13140,scene-pixel exposure,1,Exact pixel counts were not saved; these are conservative bounds.
FAILING_FORWARD_ONLY,YUNNAN_OUTSIDE,per_tau_pixel_exposures,count_strictly_above,24,0.734375,100,4.61512051684126,,NOT_RECOVERABLE_FROM_SAVED_OBSERVATIONS,1,13140,scene-pixel exposure,1,Exact pixel counts were not saved; these are conservative bounds.
FAILING_FORWARD_ONLY,YUNNAN_OUTSIDE,per_tau_pixel_exposures,count_strictly_above,25,0.765625,100,4.61512051684126,,NOT_RECOVERABLE_FROM_SAVED_OBSERVATIONS,1,13140,scene-pixel exposure,1,Exact pixel counts were not saved; these are conservative bounds.
FAILING_FORWARD_ONLY,YUNNAN_OUTSIDE,per_tau_pixel_exposures,count_strictly_above,26,0.796875,100,4.61512051684126,,NOT_RECOVERABLE_FROM_SAVED_OBSERVATIONS,1,13140,scene-pixel exposure,1,Exact pixel counts were not saved; these are conservative bounds.
FAILING_FORWARD_ONLY,YUNNAN_OUTSIDE,per_tau_pixel_exposures,count_strictly_above,27,0.828125,100,4.61512051684126,,NOT_RECOVERABLE_FROM_SAVED_OBSERVATIONS,1,13140,scene-pixel exposure,1,Exact pixel counts were not saved; these are conservative bounds.
FAILING_FORWARD_ONLY,YUNNAN_OUTSIDE,per_tau_pixel_exposures,count_strictly_above,28,0.859375,100,4.61512051684126,,NOT_RECOVERABLE_FROM_SAVED_OBSERVATIONS,1,13140,scene-pixel exposure,1,Exact pixel counts were not saved; these are conservative bounds.
FAILING_FORWARD_ONLY,YUNNAN_OUTSIDE,per_tau_pixel_exposures,count_strictly_above,29,0.890625,100,4.61512051684126,,NOT_RECOVERABLE_FROM_SAVED_OBSERVATIONS,1,13140,scene-pixel exposure,1,Exact pixel counts were not saved; these are conservative bounds.
FAILING_FORWARD_ONLY,YUNNAN_OUTSIDE,per_tau_pixel_exposures,count_strictly_above,30,0.921875,100,4.61512051684126,,NOT_RECOVERABLE_FROM_SAVED_OBSERVATIONS,1,13140,scene-pixel exposure,1,Exact pixel counts were not saved; these are conservative bounds.
FAILING_FORWARD_ONLY,YUNNAN_OUTSIDE,per_tau_pixel_exposures,count_strictly_above,31,0.953125,100,4.61512051684126,,NOT_RECOVERABLE_FROM_SAVED_OBSERVATIONS,1,13140,scene-pixel exposure,1,Exact pixel counts were not saved; these are conservative bounds.
FAILING_FORWARD_ONLY,YUNNAN_OUTSIDE,per_tau_pixel_exposures,count_strictly_above,32,0.984375,100,4.61512051684126,,NOT_RECOVERABLE_FROM_SAVED_OBSERVATIONS,1,13140,scene-pixel exposure,1,Exact pixel counts were not saved; these are conservative bounds.
FAILING_FORWARD_ONLY,YUNNAN_OUTSIDE,pixel_tau_exposure_count,count_strictly_above,,,100,4.61512051684126,,NOT_RECOVERABLE_FROM_SAVED_OBSERVATIONS,32,420480,scene-pixel-tau exposure,1,Exact pixel counts were not saved; these are conservative bounds.
FAILING_FORWARD_ONLY,YUNNAN_OUTSIDE,spatial_pixel_exposure_count_any_tau,count_strictly_above,,,100,4.61512051684126,,NOT_RECOVERABLE_FROM_SAVED_OBSERVATIONS,1,13140,scene-pixel exposure (any tau),1,Exact pixel counts were not saved; these are conservative bounds.
FAILING_FORWARD_ONLY,YUNNAN_OUTSIDE,per_tau_pixel_exposures,count_strictly_above,1,0.015625,500,6.2166061010848646,,NOT_RECOVERABLE_FROM_SAVED_OBSERVATIONS,1,13140,scene-pixel exposure,1,Exact pixel counts were not saved; these are conservative bounds.
FAILING_FORWARD_ONLY,YUNNAN_OUTSIDE,per_tau_pixel_exposures,count_strictly_above,2,0.046875,500,6.2166061010848646,,NOT_RECOVERABLE_FROM_SAVED_OBSERVATIONS,1,13140,scene-pixel exposure,1,Exact pixel counts were not saved; these are conservative bounds.
FAILING_FORWARD_ONLY,YUNNAN_OUTSIDE,per_tau_pixel_exposures,count_strictly_above,3,0.078125,500,6.2166061010848646,,NOT_RECOVERABLE_FROM_SAVED_OBSERVATIONS,1,13140,scene-pixel exposure,1,Exact pixel counts were not saved; these are conservative bounds.
FAILING_FORWARD_ONLY,YUNNAN_OUTSIDE,per_tau_pixel_exposures,count_strictly_above,4,0.109375,500,6.2166061010848646,,NOT_RECOVERABLE_FROM_SAVED_OBSERVATIONS,1,13140,scene-pixel exposure,1,Exact pixel counts were not saved; these are conservative bounds.
FAILING_FORWARD_ONLY,YUNNAN_OUTSIDE,per_tau_pixel_exposures,count_strictly_above,5,0.140625,500,6.2166061010848646,,NOT_RECOVERABLE_FROM_SAVED_OBSERVATIONS,1,13140,scene-pixel exposure,1,Exact pixel counts were not saved; these are conservative bounds.
FAILING_FORWARD_ONLY,YUNNAN_OUTSIDE,per_tau_pixel_exposures,count_strictly_above,6,0.171875,500,6.2166061010848646,,NOT_RECOVERABLE_FROM_SAVED_OBSERVATIONS,1,13140,scene-pixel exposure,1,Exact pixel counts were not saved; these are conservative bounds.
FAILING_FORWARD_ONLY,YUNNAN_OUTSIDE,per_tau_pixel_exposures,count_strictly_above,7,0.203125,500,6.2166061010848646,,NOT_RECOVERABLE_FROM_SAVED_OBSERVATIONS,1,13140,scene-pixel exposure,1,Exact pixel counts were not saved; these are conservative bounds.
FAILING_FORWARD_ONLY,YUNNAN_OUTSIDE,per_tau_pixel_exposures,count_strictly_above,8,0.234375,500,6.2166061010848646,,NOT_RECOVERABLE_FROM_SAVED_OBSERVATIONS,1,13140,scene-pixel exposure,1,Exact pixel counts were not saved; these are conservative bounds.
FAILING_FORWARD_ONLY,YUNNAN_OUTSIDE,per_tau_pixel_exposures,count_strictly_above,9,0.265625,500,6.2166061010848646,,NOT_RECOVERABLE_FROM_SAVED_OBSERVATIONS,1,13140,scene-pixel exposure,1,Exact pixel counts were not saved; these are conservative bounds.
FAILING_FORWARD_ONLY,YUNNAN_OUTSIDE,per_tau_pixel_exposures,count_strictly_above,10,0.296875,500,6.2166061010848646,,NOT_RECOVERABLE_FROM_SAVED_OBSERVATIONS,1,13140,scene-pixel exposure,1,Exact pixel counts were not saved; these are conservative bounds.
FAILING_FORWARD_ONLY,YUNNAN_OUTSIDE,per_tau_pixel_exposures,count_strictly_above,11,0.328125,500,6.2166061010848646,,NOT_RECOVERABLE_FROM_SAVED_OBSERVATIONS,1,13140,scene-pixel exposure,1,Exact pixel counts were not saved; these are conservative bounds.
FAILING_FORWARD_ONLY,YUNNAN_OUTSIDE,per_tau_pixel_exposures,count_strictly_above,12,0.359375,500,6.2166061010848646,,NOT_RECOVERABLE_FROM_SAVED_OBSERVATIONS,1,13140,scene-pixel exposure,1,Exact pixel counts were not saved; these are conservative bounds.
FAILING_FORWARD_ONLY,YUNNAN_OUTSIDE,per_tau_pixel_exposures,count_strictly_above,13,0.390625,500,6.2166061010848646,,NOT_RECOVERABLE_FROM_SAVED_OBSERVATIONS,1,13140,scene-pixel exposure,1,Exact pixel counts were not saved; these are conservative bounds.
FAILING_FORWARD_ONLY,YUNNAN_OUTSIDE,per_tau_pixel_exposures,count_strictly_above,14,0.421875,500,6.2166061010848646,,NOT_RECOVERABLE_FROM_SAVED_OBSERVATIONS,1,13140,scene-pixel exposure,1,Exact pixel counts were not saved; these are conservative bounds.
FAILING_FORWARD_ONLY,YUNNAN_OUTSIDE,per_tau_pixel_exposures,count_strictly_above,15,0.453125,500,6.2166061010848646,,NOT_RECOVERABLE_FROM_SAVED_OBSERVATIONS,1,13140,scene-pixel exposure,1,Exact pixel counts were not saved; these are conservative bounds.
FAILING_FORWARD_ONLY,YUNNAN_OUTSIDE,per_tau_pixel_exposures,count_strictly_above,16,0.484375,500,6.2166061010848646,,NOT_RECOVERABLE_FROM_SAVED_OBSERVATIONS,1,13140,scene-pixel exposure,1,Exact pixel counts were not saved; these are conservative bounds.
FAILING_FORWARD_ONLY,YUNNAN_OUTSIDE,per_tau_pixel_exposures,count_strictly_above,17,0.515625,500,6.2166061010848646,,NOT_RECOVERABLE_FROM_SAVED_OBSERVATIONS,1,13140,scene-pixel exposure,1,Exact pixel counts were not saved; these are conservative bounds.
FAILING_FORWARD_ONLY,YUNNAN_OUTSIDE,per_tau_pixel_exposures,count_strictly_above,18,0.546875,500,6.2166061010848646,,NOT_RECOVERABLE_FROM_SAVED_OBSERVATIONS,1,13140,scene-pixel exposure,1,Exact pixel counts were not saved; these are conservative bounds.
FAILING_FORWARD_ONLY,YUNNAN_OUTSIDE,per_tau_pixel_exposures,count_strictly_above,19,0.578125,500,6.2166061010848646,,NOT_RECOVERABLE_FROM_SAVED_OBSERVATIONS,1,13140,scene-pixel exposure,1,Exact pixel counts were not saved; these are conservative bounds.
FAILING_FORWARD_ONLY,YUNNAN_OUTSIDE,per_tau_pixel_exposures,count_strictly_above,20,0.609375,500,6.2166061010848646,,NOT_RECOVERABLE_FROM_SAVED_OBSERVATIONS,1,13140,scene-pixel exposure,1,Exact pixel counts were not saved; these are conservative bounds.
FAILING_FORWARD_ONLY,YUNNAN_OUTSIDE,per_tau_pixel_exposures,count_strictly_above,21,0.640625,500,6.2166061010848646,,NOT_RECOVERABLE_FROM_SAVED_OBSERVATIONS,1,13140,scene-pixel exposure,1,Exact pixel counts were not saved; these are conservative bounds.
FAILING_FORWARD_ONLY,YUNNAN_OUTSIDE,per_tau_pixel_exposures,count_strictly_above,22,0.671875,500,6.2166061010848646,,NOT_RECOVERABLE_FROM_SAVED_OBSERVATIONS,1,13140,scene-pixel exposure,1,Exact pixel counts were not saved; these are conservative bounds.
FAILING_FORWARD_ONLY,YUNNAN_OUTSIDE,per_tau_pixel_exposures,count_strictly_above,23,0.703125,500,6.2166061010848646,,NOT_RECOVERABLE_FROM_SAVED_OBSERVATIONS,1,13140,scene-pixel exposure,1,Exact pixel counts were not saved; these are conservative bounds.
FAILING_FORWARD_ONLY,YUNNAN_OUTSIDE,per_tau_pixel_exposures,count_strictly_above,24,0.734375,500,6.2166061010848646,,NOT_RECOVERABLE_FROM_SAVED_OBSERVATIONS,1,13140,scene-pixel exposure,1,Exact pixel counts were not saved; these are conservative bounds.
FAILING_FORWARD_ONLY,YUNNAN_OUTSIDE,per_tau_pixel_exposures,count_strictly_above,25,0.765625,500,6.2166061010848646,,NOT_RECOVERABLE_FROM_SAVED_OBSERVATIONS,1,13140,scene-pixel exposure,1,Exact pixel counts were not saved; these are conservative bounds.
FAILING_FORWARD_ONLY,YUNNAN_OUTSIDE,per_tau_pixel_exposures,count_strictly_above,26,0.796875,500,6.2166061010848646,,NOT_RECOVERABLE_FROM_SAVED_OBSERVATIONS,1,13140,scene-pixel exposure,1,Exact pixel counts were not saved; these are conservative bounds.
FAILING_FORWARD_ONLY,YUNNAN_OUTSIDE,per_tau_pixel_exposures,count_strictly_above,27,0.828125,500,6.2166061010848646,,NOT_RECOVERABLE_FROM_SAVED_OBSERVATIONS,1,13140,scene-pixel exposure,1,Exact pixel counts were not saved; these are conservative bounds.
FAILING_FORWARD_ONLY,YUNNAN_OUTSIDE,per_tau_pixel_exposures,count_strictly_above,28,0.859375,500,6.2166061010848646,,NOT_RECOVERABLE_FROM_SAVED_OBSERVATIONS,1,13140,scene-pixel exposure,1,Exact pixel counts were not saved; these are conservative bounds.
FAILING_FORWARD_ONLY,YUNNAN_OUTSIDE,per_tau_pixel_exposures,count_strictly_above,29,0.890625,500,6.2166061010848646,,NOT_RECOVERABLE_FROM_SAVED_OBSERVATIONS,1,13140,scene-pixel exposure,1,Exact pixel counts were not saved; these are conservative bounds.
FAILING_FORWARD_ONLY,YUNNAN_OUTSIDE,per_tau_pixel_exposures,count_strictly_above,30,0.921875,500,6.2166061010848646,,NOT_RECOVERABLE_FROM_SAVED_OBSERVATIONS,1,13140,scene-pixel exposure,1,Exact pixel counts were not saved; these are conservative bounds.
FAILING_FORWARD_ONLY,YUNNAN_OUTSIDE,per_tau_pixel_exposures,count_strictly_above,31,0.953125,500,6.2166061010848646,,NOT_RECOVERABLE_FROM_SAVED_OBSERVATIONS,1,13140,scene-pixel exposure,1,Exact pixel counts were not saved; these are conservative bounds.
FAILING_FORWARD_ONLY,YUNNAN_OUTSIDE,per_tau_pixel_exposures,count_strictly_above,32,0.984375,500,6.2166061010848646,,NOT_RECOVERABLE_FROM_SAVED_OBSERVATIONS,1,13140,scene-pixel exposure,1,Exact pixel counts were not saved; these are conservative bounds.
FAILING_FORWARD_ONLY,YUNNAN_OUTSIDE,pixel_tau_exposure_count,count_strictly_above,,,500,6.2166061010848646,,NOT_RECOVERABLE_FROM_SAVED_OBSERVATIONS,32,420480,scene-pixel-tau exposure,1,Exact pixel counts were not saved; these are conservative bounds.
FAILING_FORWARD_ONLY,YUNNAN_OUTSIDE,spatial_pixel_exposure_count_any_tau,count_strictly_above,,,500,6.2166061010848646,,NOT_RECOVERABLE_FROM_SAVED_OBSERVATIONS,1,13140,scene-pixel exposure (any tau),1,Exact pixel counts were not saved; these are conservative bounds.
FAILING_FORWARD_ONLY,YUNNAN_OUTSIDE,per_tau_pixel_exposures,count_strictly_above,1,0.015625,1000,6.90875477931522,,NOT_RECOVERABLE_FROM_SAVED_OBSERVATIONS,1,13140,scene-pixel exposure,1,Exact pixel counts were not saved; these are conservative bounds.
FAILING_FORWARD_ONLY,YUNNAN_OUTSIDE,per_tau_pixel_exposures,count_strictly_above,2,0.046875,1000,6.90875477931522,,NOT_RECOVERABLE_FROM_SAVED_OBSERVATIONS,1,13140,scene-pixel exposure,1,Exact pixel counts were not saved; these are conservative bounds.
FAILING_FORWARD_ONLY,YUNNAN_OUTSIDE,per_tau_pixel_exposures,count_strictly_above,3,0.078125,1000,6.90875477931522,,NOT_RECOVERABLE_FROM_SAVED_OBSERVATIONS,1,13140,scene-pixel exposure,1,Exact pixel counts were not saved; these are conservative bounds.
FAILING_FORWARD_ONLY,YUNNAN_OUTSIDE,per_tau_pixel_exposures,count_strictly_above,4,0.109375,1000,6.90875477931522,,NOT_RECOVERABLE_FROM_SAVED_OBSERVATIONS,1,13140,scene-pixel exposure,1,Exact pixel counts were not saved; these are conservative bounds.
FAILING_FORWARD_ONLY,YUNNAN_OUTSIDE,per_tau_pixel_exposures,count_strictly_above,5,0.140625,1000,6.90875477931522,,NOT_RECOVERABLE_FROM_SAVED_OBSERVATIONS,1,13140,scene-pixel exposure,1,Exact pixel counts were not saved; these are conservative bounds.
FAILING_FORWARD_ONLY,YUNNAN_OUTSIDE,per_tau_pixel_exposures,count_strictly_above,6,0.171875,1000,6.90875477931522,,NOT_RECOVERABLE_FROM_SAVED_OBSERVATIONS,1,13140,scene-pixel exposure,1,Exact pixel counts were not saved; these are conservative bounds.
FAILING_FORWARD_ONLY,YUNNAN_OUTSIDE,per_tau_pixel_exposures,count_strictly_above,7,0.203125,1000,6.90875477931522,,NOT_RECOVERABLE_FROM_SAVED_OBSERVATIONS,1,13140,scene-pixel exposure,1,Exact pixel counts were not saved; these are conservative bounds.
FAILING_FORWARD_ONLY,YUNNAN_OUTSIDE,per_tau_pixel_exposures,count_strictly_above,8,0.234375,1000,6.90875477931522,,NOT_RECOVERABLE_FROM_SAVED_OBSERVATIONS,1,13140,scene-pixel exposure,1,Exact pixel counts were not saved; these are conservative bounds.
FAILING_FORWARD_ONLY,YUNNAN_OUTSIDE,per_tau_pixel_exposures,count_strictly_above,9,0.265625,1000,6.90875477931522,,NOT_RECOVERABLE_FROM_SAVED_OBSERVATIONS,1,13140,scene-pixel exposure,1,Exact pixel counts were not saved; these are conservative bounds.
FAILING_FORWARD_ONLY,YUNNAN_OUTSIDE,per_tau_pixel_exposures,count_strictly_above,10,0.296875,1000,6.90875477931522,,NOT_RECOVERABLE_FROM_SAVED_OBSERVATIONS,1,13140,scene-pixel exposure,1,Exact pixel counts were not saved; these are conservative bounds.
FAILING_FORWARD_ONLY,YUNNAN_OUTSIDE,per_tau_pixel_exposures,count_strictly_above,11,0.328125,1000,6.90875477931522,,NOT_RECOVERABLE_FROM_SAVED_OBSERVATIONS,1,13140,scene-pixel exposure,1,Exact pixel counts were not saved; these are conservative bounds.
FAILING_FORWARD_ONLY,YUNNAN_OUTSIDE,per_tau_pixel_exposures,count_strictly_above,12,0.359375,1000,6.90875477931522,,NOT_RECOVERABLE_FROM_SAVED_OBSERVATIONS,1,13140,scene-pixel exposure,1,Exact pixel counts were not saved; these are conservative bounds.
FAILING_FORWARD_ONLY,YUNNAN_OUTSIDE,per_tau_pixel_exposures,count_strictly_above,13,0.390625,1000,6.90875477931522,,NOT_RECOVERABLE_FROM_SAVED_OBSERVATIONS,1,13140,scene-pixel exposure,1,Exact pixel counts were not saved; these are conservative bounds.
FAILING_FORWARD_ONLY,YUNNAN_OUTSIDE,per_tau_pixel_exposures,count_strictly_above,14,0.421875,1000,6.90875477931522,,NOT_RECOVERABLE_FROM_SAVED_OBSERVATIONS,1,13140,scene-pixel exposure,1,Exact pixel counts were not saved; these are conservative bounds.
FAILING_FORWARD_ONLY,YUNNAN_OUTSIDE,per_tau_pixel_exposures,count_strictly_above,15,0.453125,1000,6.90875477931522,,NOT_RECOVERABLE_FROM_SAVED_OBSERVATIONS,1,13140,scene-pixel exposure,1,Exact pixel counts were not saved; these are conservative bounds.
FAILING_FORWARD_ONLY,YUNNAN_OUTSIDE,per_tau_pixel_exposures,count_strictly_above,16,0.484375,1000,6.90875477931522,,NOT_RECOVERABLE_FROM_SAVED_OBSERVATIONS,1,13140,scene-pixel exposure,1,Exact pixel counts were not saved; these are conservative bounds.
FAILING_FORWARD_ONLY,YUNNAN_OUTSIDE,per_tau_pixel_exposures,count_strictly_above,17,0.515625,1000,6.90875477931522,,NOT_RECOVERABLE_FROM_SAVED_OBSERVATIONS,1,13140,scene-pixel exposure,1,Exact pixel counts were not saved; these are conservative bounds.
FAILING_FORWARD_ONLY,YUNNAN_OUTSIDE,per_tau_pixel_exposures,count_strictly_above,18,0.546875,1000,6.90875477931522,,NOT_RECOVERABLE_FROM_SAVED_OBSERVATIONS,1,13140,scene-pixel exposure,1,Exact pixel counts were not saved; these are conservative bounds.
FAILING_FORWARD_ONLY,YUNNAN_OUTSIDE,per_tau_pixel_exposures,count_strictly_above,19,0.578125,1000,6.90875477931522,,NOT_RECOVERABLE_FROM_SAVED_OBSERVATIONS,1,13140,scene-pixel exposure,1,Exact pixel counts were not saved; these are conservative bounds.
FAILING_FORWARD_ONLY,YUNNAN_OUTSIDE,per_tau_pixel_exposures,count_strictly_above,20,0.609375,1000,6.90875477931522,,NOT_RECOVERABLE_FROM_SAVED_OBSERVATIONS,1,13140,scene-pixel exposure,1,Exact pixel counts were not saved; these are conservative bounds.
FAILING_FORWARD_ONLY,YUNNAN_OUTSIDE,per_tau_pixel_exposures,count_strictly_above,21,0.640625,1000,6.90875477931522,,NOT_RECOVERABLE_FROM_SAVED_OBSERVATIONS,1,13140,scene-pixel exposure,1,Exact pixel counts were not saved; these are conservative bounds.
FAILING_FORWARD_ONLY,YUNNAN_OUTSIDE,per_tau_pixel_exposures,count_strictly_above,22,0.671875,1000,6.90875477931522,,NOT_RECOVERABLE_FROM_SAVED_OBSERVATIONS,1,13140,scene-pixel exposure,1,Exact pixel counts were not saved; these are conservative bounds.
FAILING_FORWARD_ONLY,YUNNAN_OUTSIDE,per_tau_pixel_exposures,count_strictly_above,23,0.703125,1000,6.90875477931522,,NOT_RECOVERABLE_FROM_SAVED_OBSERVATIONS,1,13140,scene-pixel exposure,1,Exact pixel counts were not saved; these are conservative bounds.
FAILING_FORWARD_ONLY,YUNNAN_OUTSIDE,per_tau_pixel_exposures,count_strictly_above,24,0.734375,1000,6.90875477931522,,NOT_RECOVERABLE_FROM_SAVED_OBSERVATIONS,1,13140,scene-pixel exposure,1,Exact pixel counts were not saved; these are conservative bounds.
FAILING_FORWARD_ONLY,YUNNAN_OUTSIDE,per_tau_pixel_exposures,count_strictly_above,25,0.765625,1000,6.90875477931522,,NOT_RECOVERABLE_FROM_SAVED_OBSERVATIONS,1,13140,scene-pixel exposure,1,Exact pixel counts were not saved; these are conservative bounds.
FAILING_FORWARD_ONLY,YUNNAN_OUTSIDE,per_tau_pixel_exposures,count_strictly_above,26,0.796875,1000,6.90875477931522,,NOT_RECOVERABLE_FROM_SAVED_OBSERVATIONS,1,13140,scene-pixel exposure,1,Exact pixel counts were not saved; these are conservative bounds.
FAILING_FORWARD_ONLY,YUNNAN_OUTSIDE,per_tau_pixel_exposures,count_strictly_above,27,0.828125,1000,6.90875477931522,,NOT_RECOVERABLE_FROM_SAVED_OBSERVATIONS,1,13140,scene-pixel exposure,1,Exact pixel counts were not saved; these are conservative bounds.
FAILING_FORWARD_ONLY,YUNNAN_OUTSIDE,per_tau_pixel_exposures,count_strictly_above,28,0.859375,1000,6.90875477931522,,NOT_RECOVERABLE_FROM_SAVED_OBSERVATIONS,1,13140,scene-pixel exposure,1,Exact pixel counts were not saved; these are conservative bounds.
FAILING_FORWARD_ONLY,YUNNAN_OUTSIDE,per_tau_pixel_exposures,count_strictly_above,29,0.890625,1000,6.90875477931522,,NOT_RECOVERABLE_FROM_SAVED_OBSERVATIONS,1,13140,scene-pixel exposure,1,Exact pixel counts were not saved; these are conservative bounds.
FAILING_FORWARD_ONLY,YUNNAN_OUTSIDE,per_tau_pixel_exposures,count_strictly_above,30,0.921875,1000,6.90875477931522,,NOT_RECOVERABLE_FROM_SAVED_OBSERVATIONS,1,13140,scene-pixel exposure,1,Exact pixel counts were not saved; these are conservative bounds.
FAILING_FORWARD_ONLY,YUNNAN_OUTSIDE,per_tau_pixel_exposures,count_strictly_above,31,0.953125,1000,6.90875477931522,,NOT_RECOVERABLE_FROM_SAVED_OBSERVATIONS,1,13140,scene-pixel exposure,1,Exact pixel counts were not saved; these are conservative bounds.
FAILING_FORWARD_ONLY,YUNNAN_OUTSIDE,per_tau_pixel_exposures,count_strictly_above,32,0.984375,1000,6.90875477931522,,NOT_RECOVERABLE_FROM_SAVED_OBSERVATIONS,1,13140,scene-pixel exposure,1,Exact pixel counts were not saved; these are conservative bounds.
FAILING_FORWARD_ONLY,YUNNAN_OUTSIDE,pixel_tau_exposure_count,count_strictly_above,,,1000,6.90875477931522,,NOT_RECOVERABLE_FROM_SAVED_OBSERVATIONS,32,420480,scene-pixel-tau exposure,1,Exact pixel counts were not saved; these are conservative bounds.
FAILING_FORWARD_ONLY,YUNNAN_OUTSIDE,spatial_pixel_exposure_count_any_tau,count_strictly_above,,,1000,6.90875477931522,,NOT_RECOVERABLE_FROM_SAVED_OBSERVATIONS,1,13140,scene-pixel exposure (any tau),1,Exact pixel counts were not saved; these are conservative bounds.
FAILING_FORWARD_ONLY,WHOLE_GRID_UNPARTITIONED,per_forward_global_max_distribution,p99,,,,,721.2174966216189,EXACT_FROM_SAVED_OBSERVATIONS,,,log1p(mm/h),1,
FAILING_FORWARD_ONLY,WHOLE_GRID_UNPARTITIONED,per_forward_global_max_distribution,p99_9,,,,,721.2174966216189,EXACT_FROM_SAVED_OBSERVATIONS,,,log1p(mm/h),1,
FAILING_FORWARD_ONLY,WHOLE_GRID_UNPARTITIONED,per_forward_global_max_distribution,max,,,,,721.2174966216189,EXACT_FROM_SAVED_OBSERVATIONS,,,log1p(mm/h),1,
FAILING_FORWARD_ONLY,WHOLE_GRID_UNPARTITIONED,per_tau_forward_max_distribution,p99,1,0.015625,,,24.899046730707646,EXACT_FROM_SAVED_OBSERVATIONS,,,log1p(mm/h),1,
FAILING_FORWARD_ONLY,WHOLE_GRID_UNPARTITIONED,per_tau_forward_max_distribution,p99_9,1,0.015625,,,24.899046730707646,EXACT_FROM_SAVED_OBSERVATIONS,,,log1p(mm/h),1,
FAILING_FORWARD_ONLY,WHOLE_GRID_UNPARTITIONED,per_tau_forward_max_distribution,max,1,0.015625,,,24.899046730707646,EXACT_FROM_SAVED_OBSERVATIONS,,,log1p(mm/h),1,
FAILING_FORWARD_ONLY,WHOLE_GRID_UNPARTITIONED,per_tau_forward_max_distribution,p99,2,0.046875,,,52.744363481806275,EXACT_FROM_SAVED_OBSERVATIONS,,,log1p(mm/h),1,
FAILING_FORWARD_ONLY,WHOLE_GRID_UNPARTITIONED,per_tau_forward_max_distribution,p99_9,2,0.046875,,,52.744363481806275,EXACT_FROM_SAVED_OBSERVATIONS,,,log1p(mm/h),1,
FAILING_FORWARD_ONLY,WHOLE_GRID_UNPARTITIONED,per_tau_forward_max_distribution,max,2,0.046875,,,52.744363481806275,EXACT_FROM_SAVED_OBSERVATIONS,,,log1p(mm/h),1,
FAILING_FORWARD_ONLY,WHOLE_GRID_UNPARTITIONED,per_tau_forward_max_distribution,p99,3,0.078125,,,72.78914121618128,EXACT_FROM_SAVED_OBSERVATIONS,,,log1p(mm/h),1,
FAILING_FORWARD_ONLY,WHOLE_GRID_UNPARTITIONED,per_tau_forward_max_distribution,p99_9,3,0.078125,,,72.78914121618128,EXACT_FROM_SAVED_OBSERVATIONS,,,log1p(mm/h),1,
FAILING_FORWARD_ONLY,WHOLE_GRID_UNPARTITIONED,per_tau_forward_max_distribution,max,3,0.078125,,,72.78914121618128,EXACT_FROM_SAVED_OBSERVATIONS,,,log1p(mm/h),1,
FAILING_FORWARD_ONLY,WHOLE_GRID_UNPARTITIONED,per_tau_forward_max_distribution,p99,4,0.109375,,,91.5726636932317,EXACT_FROM_SAVED_OBSERVATIONS,,,log1p(mm/h),1,
FAILING_FORWARD_ONLY,WHOLE_GRID_UNPARTITIONED,per_tau_forward_max_distribution,p99_9,4,0.109375,,,91.5726636932317,EXACT_FROM_SAVED_OBSERVATIONS,,,log1p(mm/h),1,
FAILING_FORWARD_ONLY,WHOLE_GRID_UNPARTITIONED,per_tau_forward_max_distribution,max,4,0.109375,,,91.5726636932317,EXACT_FROM_SAVED_OBSERVATIONS,,,log1p(mm/h),1,
FAILING_FORWARD_ONLY,WHOLE_GRID_UNPARTITIONED,per_tau_forward_max_distribution,p99,5,0.140625,,,114.44625498046315,EXACT_FROM_SAVED_OBSERVATIONS,,,log1p(mm/h),1,
FAILING_FORWARD_ONLY,WHOLE_GRID_UNPARTITIONED,per_tau_forward_max_distribution,p99_9,5,0.140625,,,114.44625498046315,EXACT_FROM_SAVED_OBSERVATIONS,,,log1p(mm/h),1,
FAILING_FORWARD_ONLY,WHOLE_GRID_UNPARTITIONED,per_tau_forward_max_distribution,max,5,0.140625,,,114.44625498046315,EXACT_FROM_SAVED_OBSERVATIONS,,,log1p(mm/h),1,
FAILING_FORWARD_ONLY,WHOLE_GRID_UNPARTITIONED,per_tau_forward_max_distribution,p99,6,0.171875,,,146.86943923949636,EXACT_FROM_SAVED_OBSERVATIONS,,,log1p(mm/h),1,
FAILING_FORWARD_ONLY,WHOLE_GRID_UNPARTITIONED,per_tau_forward_max_distribution,p99_9,6,0.171875,,,146.86943923949636,EXACT_FROM_SAVED_OBSERVATIONS,,,log1p(mm/h),1,
FAILING_FORWARD_ONLY,WHOLE_GRID_UNPARTITIONED,per_tau_forward_max_distribution,max,6,0.171875,,,146.86943923949636,EXACT_FROM_SAVED_OBSERVATIONS,,,log1p(mm/h),1,
FAILING_FORWARD_ONLY,WHOLE_GRID_UNPARTITIONED,per_tau_forward_max_distribution,p99,7,0.203125,,,162.61949932967886,EXACT_FROM_SAVED_OBSERVATIONS,,,log1p(mm/h),1,
FAILING_FORWARD_ONLY,WHOLE_GRID_UNPARTITIONED,per_tau_forward_max_distribution,p99_9,7,0.203125,,,162.61949932967886,EXACT_FROM_SAVED_OBSERVATIONS,,,log1p(mm/h),1,
FAILING_FORWARD_ONLY,WHOLE_GRID_UNPARTITIONED,per_tau_forward_max_distribution,max,7,0.203125,,,162.61949932967886,EXACT_FROM_SAVED_OBSERVATIONS,,,log1p(mm/h),1,
FAILING_FORWARD_ONLY,WHOLE_GRID_UNPARTITIONED,per_tau_forward_max_distribution,p99,8,0.234375,,,166.86805794533964,EXACT_FROM_SAVED_OBSERVATIONS,,,log1p(mm/h),1,
FAILING_FORWARD_ONLY,WHOLE_GRID_UNPARTITIONED,per_tau_forward_max_distribution,p99_9,8,0.234375,,,166.86805794533964,EXACT_FROM_SAVED_OBSERVATIONS,,,log1p(mm/h),1,
FAILING_FORWARD_ONLY,WHOLE_GRID_UNPARTITIONED,per_tau_forward_max_distribution,max,8,0.234375,,,166.86805794533964,EXACT_FROM_SAVED_OBSERVATIONS,,,log1p(mm/h),1,
FAILING_FORWARD_ONLY,WHOLE_GRID_UNPARTITIONED,per_tau_forward_max_distribution,p99,9,0.265625,,,176.44857216986557,EXACT_FROM_SAVED_OBSERVATIONS,,,log1p(mm/h),1,
FAILING_FORWARD_ONLY,WHOLE_GRID_UNPARTITIONED,per_tau_forward_max_distribution,p99_9,9,0.265625,,,176.44857216986557,EXACT_FROM_SAVED_OBSERVATIONS,,,log1p(mm/h),1,
FAILING_FORWARD_ONLY,WHOLE_GRID_UNPARTITIONED,per_tau_forward_max_distribution,max,9,0.265625,,,176.44857216986557,EXACT_FROM_SAVED_OBSERVATIONS,,,log1p(mm/h),1,
FAILING_FORWARD_ONLY,WHOLE_GRID_UNPARTITIONED,per_tau_forward_max_distribution,p99,10,0.296875,,,195.7582730040547,EXACT_FROM_SAVED_OBSERVATIONS,,,log1p(mm/h),1,
FAILING_FORWARD_ONLY,WHOLE_GRID_UNPARTITIONED,per_tau_forward_max_distribution,p99_9,10,0.296875,,,195.7582730040547,EXACT_FROM_SAVED_OBSERVATIONS,,,log1p(mm/h),1,
FAILING_FORWARD_ONLY,WHOLE_GRID_UNPARTITIONED,per_tau_forward_max_distribution,max,10,0.296875,,,195.7582730040547,EXACT_FROM_SAVED_OBSERVATIONS,,,log1p(mm/h),1,
FAILING_FORWARD_ONLY,WHOLE_GRID_UNPARTITIONED,per_tau_forward_max_distribution,p99,11,0.328125,,,223.53547642812697,EXACT_FROM_SAVED_OBSERVATIONS,,,log1p(mm/h),1,
FAILING_FORWARD_ONLY,WHOLE_GRID_UNPARTITIONED,per_tau_forward_max_distribution,p99_9,11,0.328125,,,223.53547642812697,EXACT_FROM_SAVED_OBSERVATIONS,,,log1p(mm/h),1,
FAILING_FORWARD_ONLY,WHOLE_GRID_UNPARTITIONED,per_tau_forward_max_distribution,max,11,0.328125,,,223.53547642812697,EXACT_FROM_SAVED_OBSERVATIONS,,,log1p(mm/h),1,
FAILING_FORWARD_ONLY,WHOLE_GRID_UNPARTITIONED,per_tau_forward_max_distribution,p99,12,0.359375,,,254.16193636770217,EXACT_FROM_SAVED_OBSERVATIONS,,,log1p(mm/h),1,
FAILING_FORWARD_ONLY,WHOLE_GRID_UNPARTITIONED,per_tau_forward_max_distribution,p99_9,12,0.359375,,,254.16193636770217,EXACT_FROM_SAVED_OBSERVATIONS,,,log1p(mm/h),1,
FAILING_FORWARD_ONLY,WHOLE_GRID_UNPARTITIONED,per_tau_forward_max_distribution,max,12,0.359375,,,254.16193636770217,EXACT_FROM_SAVED_OBSERVATIONS,,,log1p(mm/h),1,
FAILING_FORWARD_ONLY,WHOLE_GRID_UNPARTITIONED,per_tau_forward_max_distribution,p99,13,0.390625,,,271.7716078471154,EXACT_FROM_SAVED_OBSERVATIONS,,,log1p(mm/h),1,
FAILING_FORWARD_ONLY,WHOLE_GRID_UNPARTITIONED,per_tau_forward_max_distribution,p99_9,13,0.390625,,,271.7716078471154,EXACT_FROM_SAVED_OBSERVATIONS,,,log1p(mm/h),1,
FAILING_FORWARD_ONLY,WHOLE_GRID_UNPARTITIONED,per_tau_forward_max_distribution,max,13,0.390625,,,271.7716078471154,EXACT_FROM_SAVED_OBSERVATIONS,,,log1p(mm/h),1,
FAILING_FORWARD_ONLY,WHOLE_GRID_UNPARTITIONED,per_tau_forward_max_distribution,p99,14,0.421875,,,283.9978222526158,EXACT_FROM_SAVED_OBSERVATIONS,,,log1p(mm/h),1,
FAILING_FORWARD_ONLY,WHOLE_GRID_UNPARTITIONED,per_tau_forward_max_distribution,p99_9,14,0.421875,,,283.9978222526158,EXACT_FROM_SAVED_OBSERVATIONS,,,log1p(mm/h),1,
FAILING_FORWARD_ONLY,WHOLE_GRID_UNPARTITIONED,per_tau_forward_max_distribution,max,14,0.421875,,,283.9978222526158,EXACT_FROM_SAVED_OBSERVATIONS,,,log1p(mm/h),1,
FAILING_FORWARD_ONLY,WHOLE_GRID_UNPARTITIONED,per_tau_forward_max_distribution,p99,15,0.453125,,,313.85624439617044,EXACT_FROM_SAVED_OBSERVATIONS,,,log1p(mm/h),1,
FAILING_FORWARD_ONLY,WHOLE_GRID_UNPARTITIONED,per_tau_forward_max_distribution,p99_9,15,0.453125,,,313.85624439617044,EXACT_FROM_SAVED_OBSERVATIONS,,,log1p(mm/h),1,
FAILING_FORWARD_ONLY,WHOLE_GRID_UNPARTITIONED,per_tau_forward_max_distribution,max,15,0.453125,,,313.85624439617044,EXACT_FROM_SAVED_OBSERVATIONS,,,log1p(mm/h),1,
FAILING_FORWARD_ONLY,WHOLE_GRID_UNPARTITIONED,per_tau_forward_max_distribution,p99,16,0.484375,,,343.23622339397315,EXACT_FROM_SAVED_OBSERVATIONS,,,log1p(mm/h),1,
FAILING_FORWARD_ONLY,WHOLE_GRID_UNPARTITIONED,per_tau_forward_max_distribution,p99_9,16,0.484375,,,343.23622339397315,EXACT_FROM_SAVED_OBSERVATIONS,,,log1p(mm/h),1,
FAILING_FORWARD_ONLY,WHOLE_GRID_UNPARTITIONED,per_tau_forward_max_distribution,max,16,0.484375,,,343.23622339397315,EXACT_FROM_SAVED_OBSERVATIONS,,,log1p(mm/h),1,
FAILING_FORWARD_ONLY,WHOLE_GRID_UNPARTITIONED,per_tau_forward_max_distribution,p99,17,0.515625,,,357.95030066121313,EXACT_FROM_SAVED_OBSERVATIONS,,,log1p(mm/h),1,
FAILING_FORWARD_ONLY,WHOLE_GRID_UNPARTITIONED,per_tau_forward_max_distribution,p99_9,17,0.515625,,,357.95030066121313,EXACT_FROM_SAVED_OBSERVATIONS,,,log1p(mm/h),1,
FAILING_FORWARD_ONLY,WHOLE_GRID_UNPARTITIONED,per_tau_forward_max_distribution,max,17,0.515625,,,357.95030066121313,EXACT_FROM_SAVED_OBSERVATIONS,,,log1p(mm/h),1,
FAILING_FORWARD_ONLY,WHOLE_GRID_UNPARTITIONED,per_tau_forward_max_distribution,p99,18,0.546875,,,381.9613164174387,EXACT_FROM_SAVED_OBSERVATIONS,,,log1p(mm/h),1,
FAILING_FORWARD_ONLY,WHOLE_GRID_UNPARTITIONED,per_tau_forward_max_distribution,p99_9,18,0.546875,,,381.9613164174387,EXACT_FROM_SAVED_OBSERVATIONS,,,log1p(mm/h),1,
FAILING_FORWARD_ONLY,WHOLE_GRID_UNPARTITIONED,per_tau_forward_max_distribution,max,18,0.546875,,,381.9613164174387,EXACT_FROM_SAVED_OBSERVATIONS,,,log1p(mm/h),1,
FAILING_FORWARD_ONLY,WHOLE_GRID_UNPARTITIONED,per_tau_forward_max_distribution,p99,19,0.578125,,,410.91248911030976,EXACT_FROM_SAVED_OBSERVATIONS,,,log1p(mm/h),1,
FAILING_FORWARD_ONLY,WHOLE_GRID_UNPARTITIONED,per_tau_forward_max_distribution,p99_9,19,0.578125,,,410.91248911030976,EXACT_FROM_SAVED_OBSERVATIONS,,,log1p(mm/h),1,
FAILING_FORWARD_ONLY,WHOLE_GRID_UNPARTITIONED,per_tau_forward_max_distribution,max,19,0.578125,,,410.91248911030976,EXACT_FROM_SAVED_OBSERVATIONS,,,log1p(mm/h),1,
FAILING_FORWARD_ONLY,WHOLE_GRID_UNPARTITIONED,per_tau_forward_max_distribution,p99,20,0.609375,,,436.31466583150115,EXACT_FROM_SAVED_OBSERVATIONS,,,log1p(mm/h),1,
FAILING_FORWARD_ONLY,WHOLE_GRID_UNPARTITIONED,per_tau_forward_max_distribution,p99_9,20,0.609375,,,436.31466583150115,EXACT_FROM_SAVED_OBSERVATIONS,,,log1p(mm/h),1,
FAILING_FORWARD_ONLY,WHOLE_GRID_UNPARTITIONED,per_tau_forward_max_distribution,max,20,0.609375,,,436.31466583150115,EXACT_FROM_SAVED_OBSERVATIONS,,,log1p(mm/h),1,
FAILING_FORWARD_ONLY,WHOLE_GRID_UNPARTITIONED,per_tau_forward_max_distribution,p99,21,0.640625,,,452.6420650306662,EXACT_FROM_SAVED_OBSERVATIONS,,,log1p(mm/h),1,
FAILING_FORWARD_ONLY,WHOLE_GRID_UNPARTITIONED,per_tau_forward_max_distribution,p99_9,21,0.640625,,,452.6420650306662,EXACT_FROM_SAVED_OBSERVATIONS,,,log1p(mm/h),1,
FAILING_FORWARD_ONLY,WHOLE_GRID_UNPARTITIONED,per_tau_forward_max_distribution,max,21,0.640625,,,452.6420650306662,EXACT_FROM_SAVED_OBSERVATIONS,,,log1p(mm/h),1,
FAILING_FORWARD_ONLY,WHOLE_GRID_UNPARTITIONED,per_tau_forward_max_distribution,p99,22,0.671875,,,481.99036678237513,EXACT_FROM_SAVED_OBSERVATIONS,,,log1p(mm/h),1,
FAILING_FORWARD_ONLY,WHOLE_GRID_UNPARTITIONED,per_tau_forward_max_distribution,p99_9,22,0.671875,,,481.99036678237513,EXACT_FROM_SAVED_OBSERVATIONS,,,log1p(mm/h),1,
FAILING_FORWARD_ONLY,WHOLE_GRID_UNPARTITIONED,per_tau_forward_max_distribution,max,22,0.671875,,,481.99036678237513,EXACT_FROM_SAVED_OBSERVATIONS,,,log1p(mm/h),1,
FAILING_FORWARD_ONLY,WHOLE_GRID_UNPARTITIONED,per_tau_forward_max_distribution,p99,23,0.703125,,,508.26223916701866,EXACT_FROM_SAVED_OBSERVATIONS,,,log1p(mm/h),1,
FAILING_FORWARD_ONLY,WHOLE_GRID_UNPARTITIONED,per_tau_forward_max_distribution,p99_9,23,0.703125,,,508.26223916701866,EXACT_FROM_SAVED_OBSERVATIONS,,,log1p(mm/h),1,
FAILING_FORWARD_ONLY,WHOLE_GRID_UNPARTITIONED,per_tau_forward_max_distribution,max,23,0.703125,,,508.26223916701866,EXACT_FROM_SAVED_OBSERVATIONS,,,log1p(mm/h),1,
FAILING_FORWARD_ONLY,WHOLE_GRID_UNPARTITIONED,per_tau_forward_max_distribution,p99,24,0.734375,,,531.7230077308615,EXACT_FROM_SAVED_OBSERVATIONS,,,log1p(mm/h),1,
FAILING_FORWARD_ONLY,WHOLE_GRID_UNPARTITIONED,per_tau_forward_max_distribution,p99_9,24,0.734375,,,531.7230077308615,EXACT_FROM_SAVED_OBSERVATIONS,,,log1p(mm/h),1,
FAILING_FORWARD_ONLY,WHOLE_GRID_UNPARTITIONED,per_tau_forward_max_distribution,max,24,0.734375,,,531.7230077308615,EXACT_FROM_SAVED_OBSERVATIONS,,,log1p(mm/h),1,
FAILING_FORWARD_ONLY,WHOLE_GRID_UNPARTITIONED,per_tau_forward_max_distribution,p99,25,0.765625,,,551.1164106521228,EXACT_FROM_SAVED_OBSERVATIONS,,,log1p(mm/h),1,
FAILING_FORWARD_ONLY,WHOLE_GRID_UNPARTITIONED,per_tau_forward_max_distribution,p99_9,25,0.765625,,,551.1164106521228,EXACT_FROM_SAVED_OBSERVATIONS,,,log1p(mm/h),1,
FAILING_FORWARD_ONLY,WHOLE_GRID_UNPARTITIONED,per_tau_forward_max_distribution,max,25,0.765625,,,551.1164106521228,EXACT_FROM_SAVED_OBSERVATIONS,,,log1p(mm/h),1,
FAILING_FORWARD_ONLY,WHOLE_GRID_UNPARTITIONED,per_tau_forward_max_distribution,p99,26,0.796875,,,551.1216490112137,EXACT_FROM_SAVED_OBSERVATIONS,,,log1p(mm/h),1,
FAILING_FORWARD_ONLY,WHOLE_GRID_UNPARTITIONED,per_tau_forward_max_distribution,p99_9,26,0.796875,,,551.1216490112137,EXACT_FROM_SAVED_OBSERVATIONS,,,log1p(mm/h),1,
FAILING_FORWARD_ONLY,WHOLE_GRID_UNPARTITIONED,per_tau_forward_max_distribution,max,26,0.796875,,,551.1216490112137,EXACT_FROM_SAVED_OBSERVATIONS,,,log1p(mm/h),1,
FAILING_FORWARD_ONLY,WHOLE_GRID_UNPARTITIONED,per_tau_forward_max_distribution,p99,27,0.828125,,,563.3060430998905,EXACT_FROM_SAVED_OBSERVATIONS,,,log1p(mm/h),1,
FAILING_FORWARD_ONLY,WHOLE_GRID_UNPARTITIONED,per_tau_forward_max_distribution,p99_9,27,0.828125,,,563.3060430998905,EXACT_FROM_SAVED_OBSERVATIONS,,,log1p(mm/h),1,
FAILING_FORWARD_ONLY,WHOLE_GRID_UNPARTITIONED,per_tau_forward_max_distribution,max,27,0.828125,,,563.3060430998905,EXACT_FROM_SAVED_OBSERVATIONS,,,log1p(mm/h),1,
FAILING_FORWARD_ONLY,WHOLE_GRID_UNPARTITIONED,per_tau_forward_max_distribution,p99,28,0.859375,,,589.4443686553104,EXACT_FROM_SAVED_OBSERVATIONS,,,log1p(mm/h),1,
FAILING_FORWARD_ONLY,WHOLE_GRID_UNPARTITIONED,per_tau_forward_max_distribution,p99_9,28,0.859375,,,589.4443686553104,EXACT_FROM_SAVED_OBSERVATIONS,,,log1p(mm/h),1,
FAILING_FORWARD_ONLY,WHOLE_GRID_UNPARTITIONED,per_tau_forward_max_distribution,max,28,0.859375,,,589.4443686553104,EXACT_FROM_SAVED_OBSERVATIONS,,,log1p(mm/h),1,
FAILING_FORWARD_ONLY,WHOLE_GRID_UNPARTITIONED,per_tau_forward_max_distribution,p99,29,0.890625,,,622.4111282012088,EXACT_FROM_SAVED_OBSERVATIONS,,,log1p(mm/h),1,
FAILING_FORWARD_ONLY,WHOLE_GRID_UNPARTITIONED,per_tau_forward_max_distribution,p99_9,29,0.890625,,,622.4111282012088,EXACT_FROM_SAVED_OBSERVATIONS,,,log1p(mm/h),1,
FAILING_FORWARD_ONLY,WHOLE_GRID_UNPARTITIONED,per_tau_forward_max_distribution,max,29,0.890625,,,622.4111282012088,EXACT_FROM_SAVED_OBSERVATIONS,,,log1p(mm/h),1,
FAILING_FORWARD_ONLY,WHOLE_GRID_UNPARTITIONED,per_tau_forward_max_distribution,p99,30,0.921875,,,644.6437797759158,EXACT_FROM_SAVED_OBSERVATIONS,,,log1p(mm/h),1,
FAILING_FORWARD_ONLY,WHOLE_GRID_UNPARTITIONED,per_tau_forward_max_distribution,p99_9,30,0.921875,,,644.6437797759158,EXACT_FROM_SAVED_OBSERVATIONS,,,log1p(mm/h),1,
FAILING_FORWARD_ONLY,WHOLE_GRID_UNPARTITIONED,per_tau_forward_max_distribution,max,30,0.921875,,,644.6437797759158,EXACT_FROM_SAVED_OBSERVATIONS,,,log1p(mm/h),1,
FAILING_FORWARD_ONLY,WHOLE_GRID_UNPARTITIONED,per_tau_forward_max_distribution,p99,31,0.953125,,,684.797188644324,EXACT_FROM_SAVED_OBSERVATIONS,,,log1p(mm/h),1,
FAILING_FORWARD_ONLY,WHOLE_GRID_UNPARTITIONED,per_tau_forward_max_distribution,p99_9,31,0.953125,,,684.797188644324,EXACT_FROM_SAVED_OBSERVATIONS,,,log1p(mm/h),1,
FAILING_FORWARD_ONLY,WHOLE_GRID_UNPARTITIONED,per_tau_forward_max_distribution,max,31,0.953125,,,684.797188644324,EXACT_FROM_SAVED_OBSERVATIONS,,,log1p(mm/h),1,
FAILING_FORWARD_ONLY,WHOLE_GRID_UNPARTITIONED,per_tau_forward_max_distribution,p99,32,0.984375,,,721.2174966216189,EXACT_FROM_SAVED_OBSERVATIONS,,,log1p(mm/h),1,
FAILING_FORWARD_ONLY,WHOLE_GRID_UNPARTITIONED,per_tau_forward_max_distribution,p99_9,32,0.984375,,,721.2174966216189,EXACT_FROM_SAVED_OBSERVATIONS,,,log1p(mm/h),1,
FAILING_FORWARD_ONLY,WHOLE_GRID_UNPARTITIONED,per_tau_forward_max_distribution,max,32,0.984375,,,721.2174966216189,EXACT_FROM_SAVED_OBSERVATIONS,,,log1p(mm/h),1,
SUCCESSFUL_UPDATES_PLUS_FAILING_FORWARD,YUNNAN_INSIDE,pooled_pixel_quantile_distribution,p99,,,,,,NOT_RECOVERABLE_FROM_SAVED_OBSERVATIONS,,721.2174966216189,log1p(mm/h),8626,Regional full pixel qlog arrays/histograms were not saved.
SUCCESSFUL_UPDATES_PLUS_FAILING_FORWARD,YUNNAN_INSIDE,pooled_pixel_quantile_distribution,p99_9,,,,,,NOT_RECOVERABLE_FROM_SAVED_OBSERVATIONS,,721.2174966216189,log1p(mm/h),8626,Regional full pixel qlog arrays/histograms were not saved.
SUCCESSFUL_UPDATES_PLUS_FAILING_FORWARD,YUNNAN_INSIDE,pooled_pixel_quantile_distribution,max,,,,,,NOT_RECOVERABLE_FROM_SAVED_OBSERVATIONS,,721.2174966216189,log1p(mm/h),8626,No saved location/value proves this region's maximum.
SUCCESSFUL_UPDATES_PLUS_FAILING_FORWARD,YUNNAN_INSIDE,per_forward_region_max_distribution,p99,,,,,,NOT_RECOVERABLE_FROM_SAVED_OBSERVATIONS,,532.9835015132659,log1p(mm/h),8626,Regional forward maxima were not saved; corresponding whole-grid percentile is an upper bound.
SUCCESSFUL_UPDATES_PLUS_FAILING_FORWARD,YUNNAN_INSIDE,per_forward_region_max_distribution,p99_9,,,,,,NOT_RECOVERABLE_FROM_SAVED_OBSERVATIONS,,637.9910460306833,log1p(mm/h),8626,Regional forward maxima were not saved; corresponding whole-grid percentile is an upper bound.
SUCCESSFUL_UPDATES_PLUS_FAILING_FORWARD,YUNNAN_INSIDE,per_forward_region_max_distribution,max,,,,,,NOT_RECOVERABLE_FROM_SAVED_OBSERVATIONS,,721.2174966216189,log1p(mm/h),8626,No saved location/value proves this region's maximum.
SUCCESSFUL_UPDATES_PLUS_FAILING_FORWARD,YUNNAN_INSIDE,pooled_pixels_per_tau,max,1,0.015625,,,,NOT_RECOVERABLE_FROM_SAVED_OBSERVATIONS,,24.899046730707646,log1p(mm/h),8626,No saved location/value proves this region's maximum.
SUCCESSFUL_UPDATES_PLUS_FAILING_FORWARD,YUNNAN_INSIDE,pooled_pixels_per_tau,max,2,0.046875,,,,NOT_RECOVERABLE_FROM_SAVED_OBSERVATIONS,,52.744363481806275,log1p(mm/h),8626,No saved location/value proves this region's maximum.
SUCCESSFUL_UPDATES_PLUS_FAILING_FORWARD,YUNNAN_INSIDE,pooled_pixels_per_tau,max,3,0.078125,,,,NOT_RECOVERABLE_FROM_SAVED_OBSERVATIONS,,72.78914121618128,log1p(mm/h),8626,No saved location/value proves this region's maximum.
SUCCESSFUL_UPDATES_PLUS_FAILING_FORWARD,YUNNAN_INSIDE,pooled_pixels_per_tau,max,4,0.109375,,,,NOT_RECOVERABLE_FROM_SAVED_OBSERVATIONS,,91.5726636932317,log1p(mm/h),8626,No saved location/value proves this region's maximum.
SUCCESSFUL_UPDATES_PLUS_FAILING_FORWARD,YUNNAN_INSIDE,pooled_pixels_per_tau,max,5,0.140625,,,,NOT_RECOVERABLE_FROM_SAVED_OBSERVATIONS,,114.44625498046315,log1p(mm/h),8626,No saved location/value proves this region's maximum.
SUCCESSFUL_UPDATES_PLUS_FAILING_FORWARD,YUNNAN_INSIDE,pooled_pixels_per_tau,max,6,0.171875,,,,NOT_RECOVERABLE_FROM_SAVED_OBSERVATIONS,,146.86943923949636,log1p(mm/h),8626,No saved location/value proves this region's maximum.
SUCCESSFUL_UPDATES_PLUS_FAILING_FORWARD,YUNNAN_INSIDE,pooled_pixels_per_tau,max,7,0.203125,,,,NOT_RECOVERABLE_FROM_SAVED_OBSERVATIONS,,162.61949932967886,log1p(mm/h),8626,No saved location/value proves this region's maximum.
SUCCESSFUL_UPDATES_PLUS_FAILING_FORWARD,YUNNAN_INSIDE,pooled_pixels_per_tau,max,8,0.234375,,,,NOT_RECOVERABLE_FROM_SAVED_OBSERVATIONS,,166.86805794533964,log1p(mm/h),8626,No saved location/value proves this region's maximum.
SUCCESSFUL_UPDATES_PLUS_FAILING_FORWARD,YUNNAN_INSIDE,pooled_pixels_per_tau,max,9,0.265625,,,,NOT_RECOVERABLE_FROM_SAVED_OBSERVATIONS,,176.44857216986557,log1p(mm/h),8626,No saved location/value proves this region's maximum.
SUCCESSFUL_UPDATES_PLUS_FAILING_FORWARD,YUNNAN_INSIDE,pooled_pixels_per_tau,max,10,0.296875,,,,NOT_RECOVERABLE_FROM_SAVED_OBSERVATIONS,,195.7582730040547,log1p(mm/h),8626,No saved location/value proves this region's maximum.
SUCCESSFUL_UPDATES_PLUS_FAILING_FORWARD,YUNNAN_INSIDE,pooled_pixels_per_tau,max,11,0.328125,,,,NOT_RECOVERABLE_FROM_SAVED_OBSERVATIONS,,223.53547642812697,log1p(mm/h),8626,No saved location/value proves this region's maximum.
SUCCESSFUL_UPDATES_PLUS_FAILING_FORWARD,YUNNAN_INSIDE,pooled_pixels_per_tau,max,12,0.359375,,,,NOT_RECOVERABLE_FROM_SAVED_OBSERVATIONS,,254.16193636770217,log1p(mm/h),8626,No saved location/value proves this region's maximum.
SUCCESSFUL_UPDATES_PLUS_FAILING_FORWARD,YUNNAN_INSIDE,pooled_pixels_per_tau,max,13,0.390625,,,,NOT_RECOVERABLE_FROM_SAVED_OBSERVATIONS,,271.7716078471154,log1p(mm/h),8626,No saved location/value proves this region's maximum.
SUCCESSFUL_UPDATES_PLUS_FAILING_FORWARD,YUNNAN_INSIDE,pooled_pixels_per_tau,max,14,0.421875,,,,NOT_RECOVERABLE_FROM_SAVED_OBSERVATIONS,,283.9978222526158,log1p(mm/h),8626,No saved location/value proves this region's maximum.
SUCCESSFUL_UPDATES_PLUS_FAILING_FORWARD,YUNNAN_INSIDE,pooled_pixels_per_tau,max,15,0.453125,,,,NOT_RECOVERABLE_FROM_SAVED_OBSERVATIONS,,313.85624439617044,log1p(mm/h),8626,No saved location/value proves this region's maximum.
SUCCESSFUL_UPDATES_PLUS_FAILING_FORWARD,YUNNAN_INSIDE,pooled_pixels_per_tau,max,16,0.484375,,,,NOT_RECOVERABLE_FROM_SAVED_OBSERVATIONS,,343.23622339397315,log1p(mm/h),8626,No saved location/value proves this region's maximum.
SUCCESSFUL_UPDATES_PLUS_FAILING_FORWARD,YUNNAN_INSIDE,pooled_pixels_per_tau,max,17,0.515625,,,,NOT_RECOVERABLE_FROM_SAVED_OBSERVATIONS,,357.95030066121313,log1p(mm/h),8626,No saved location/value proves this region's maximum.
SUCCESSFUL_UPDATES_PLUS_FAILING_FORWARD,YUNNAN_INSIDE,pooled_pixels_per_tau,max,18,0.546875,,,,NOT_RECOVERABLE_FROM_SAVED_OBSERVATIONS,,381.9613164174387,log1p(mm/h),8626,No saved location/value proves this region's maximum.
SUCCESSFUL_UPDATES_PLUS_FAILING_FORWARD,YUNNAN_INSIDE,pooled_pixels_per_tau,max,19,0.578125,,,,NOT_RECOVERABLE_FROM_SAVED_OBSERVATIONS,,410.91248911030976,log1p(mm/h),8626,No saved location/value proves this region's maximum.
SUCCESSFUL_UPDATES_PLUS_FAILING_FORWARD,YUNNAN_INSIDE,pooled_pixels_per_tau,max,20,0.609375,,,,NOT_RECOVERABLE_FROM_SAVED_OBSERVATIONS,,436.31466583150115,log1p(mm/h),8626,No saved location/value proves this region's maximum.
SUCCESSFUL_UPDATES_PLUS_FAILING_FORWARD,YUNNAN_INSIDE,pooled_pixels_per_tau,max,21,0.640625,,,,NOT_RECOVERABLE_FROM_SAVED_OBSERVATIONS,,452.6420650306662,log1p(mm/h),8626,No saved location/value proves this region's maximum.
SUCCESSFUL_UPDATES_PLUS_FAILING_FORWARD,YUNNAN_INSIDE,pooled_pixels_per_tau,max,22,0.671875,,,,NOT_RECOVERABLE_FROM_SAVED_OBSERVATIONS,,481.99036678237513,log1p(mm/h),8626,No saved location/value proves this region's maximum.
SUCCESSFUL_UPDATES_PLUS_FAILING_FORWARD,YUNNAN_INSIDE,pooled_pixels_per_tau,max,23,0.703125,,,,NOT_RECOVERABLE_FROM_SAVED_OBSERVATIONS,,508.26223916701866,log1p(mm/h),8626,No saved location/value proves this region's maximum.
SUCCESSFUL_UPDATES_PLUS_FAILING_FORWARD,YUNNAN_INSIDE,pooled_pixels_per_tau,max,24,0.734375,,,,NOT_RECOVERABLE_FROM_SAVED_OBSERVATIONS,,531.7230077308615,log1p(mm/h),8626,No saved location/value proves this region's maximum.
SUCCESSFUL_UPDATES_PLUS_FAILING_FORWARD,YUNNAN_INSIDE,pooled_pixels_per_tau,max,25,0.765625,,,,NOT_RECOVERABLE_FROM_SAVED_OBSERVATIONS,,551.1164106521228,log1p(mm/h),8626,No saved location/value proves this region's maximum.
SUCCESSFUL_UPDATES_PLUS_FAILING_FORWARD,YUNNAN_INSIDE,pooled_pixels_per_tau,max,26,0.796875,,,,NOT_RECOVERABLE_FROM_SAVED_OBSERVATIONS,,551.1216490112137,log1p(mm/h),8626,No saved location/value proves this region's maximum.
SUCCESSFUL_UPDATES_PLUS_FAILING_FORWARD,YUNNAN_INSIDE,pooled_pixels_per_tau,max,27,0.828125,,,,NOT_RECOVERABLE_FROM_SAVED_OBSERVATIONS,,563.3060430998905,log1p(mm/h),8626,No saved location/value proves this region's maximum.
SUCCESSFUL_UPDATES_PLUS_FAILING_FORWARD,YUNNAN_INSIDE,pooled_pixels_per_tau,max,28,0.859375,,,,NOT_RECOVERABLE_FROM_SAVED_OBSERVATIONS,,589.4443686553104,log1p(mm/h),8626,No saved location/value proves this region's maximum.
SUCCESSFUL_UPDATES_PLUS_FAILING_FORWARD,YUNNAN_INSIDE,pooled_pixels_per_tau,max,29,0.890625,,,,NOT_RECOVERABLE_FROM_SAVED_OBSERVATIONS,,622.4111282012088,log1p(mm/h),8626,No saved location/value proves this region's maximum.
SUCCESSFUL_UPDATES_PLUS_FAILING_FORWARD,YUNNAN_INSIDE,pooled_pixels_per_tau,max,30,0.921875,,,,NOT_RECOVERABLE_FROM_SAVED_OBSERVATIONS,,644.6437797759158,log1p(mm/h),8626,No saved location/value proves this region's maximum.
SUCCESSFUL_UPDATES_PLUS_FAILING_FORWARD,YUNNAN_INSIDE,pooled_pixels_per_tau,max,31,0.953125,,,,NOT_RECOVERABLE_FROM_SAVED_OBSERVATIONS,,684.797188644324,log1p(mm/h),8626,No saved location/value proves this region's maximum.
SUCCESSFUL_UPDATES_PLUS_FAILING_FORWARD,YUNNAN_INSIDE,pooled_pixels_per_tau,max,32,0.984375,,,,NOT_RECOVERABLE_FROM_SAVED_OBSERVATIONS,,721.2174966216189,log1p(mm/h),8626,No saved location/value proves this region's maximum.
SUCCESSFUL_UPDATES_PLUS_FAILING_FORWARD,YUNNAN_INSIDE,per_tau_pixel_exposures,count_strictly_above,1,0.015625,10,2.3978952727983707,,NOT_RECOVERABLE_FROM_SAVED_OBSERVATIONS,0,58200240,scene-pixel exposure,8626,Exact pixel counts were not saved; these are conservative bounds.
SUCCESSFUL_UPDATES_PLUS_FAILING_FORWARD,YUNNAN_INSIDE,per_tau_pixel_exposures,count_strictly_above,2,0.046875,10,2.3978952727983707,,NOT_RECOVERABLE_FROM_SAVED_OBSERVATIONS,0,58989140,scene-pixel exposure,8626,Exact pixel counts were not saved; these are conservative bounds.
SUCCESSFUL_UPDATES_PLUS_FAILING_FORWARD,YUNNAN_INSIDE,per_tau_pixel_exposures,count_strictly_above,3,0.078125,10,2.3978952727983707,,NOT_RECOVERABLE_FROM_SAVED_OBSERVATIONS,0,59050880,scene-pixel exposure,8626,Exact pixel counts were not saved; these are conservative bounds.
SUCCESSFUL_UPDATES_PLUS_FAILING_FORWARD,YUNNAN_INSIDE,per_tau_pixel_exposures,count_strictly_above,4,0.109375,10,2.3978952727983707,,NOT_RECOVERABLE_FROM_SAVED_OBSERVATIONS,0,59092040,scene-pixel exposure,8626,Exact pixel counts were not saved; these are conservative bounds.
SUCCESSFUL_UPDATES_PLUS_FAILING_FORWARD,YUNNAN_INSIDE,per_tau_pixel_exposures,count_strictly_above,5,0.140625,10,2.3978952727983707,,NOT_RECOVERABLE_FROM_SAVED_OBSERVATIONS,0,59105760,scene-pixel exposure,8626,Exact pixel counts were not saved; these are conservative bounds.
SUCCESSFUL_UPDATES_PLUS_FAILING_FORWARD,YUNNAN_INSIDE,per_tau_pixel_exposures,count_strictly_above,6,0.171875,10,2.3978952727983707,,NOT_RECOVERABLE_FROM_SAVED_OBSERVATIONS,0,59153780,scene-pixel exposure,8626,Exact pixel counts were not saved; these are conservative bounds.
SUCCESSFUL_UPDATES_PLUS_FAILING_FORWARD,YUNNAN_INSIDE,per_tau_pixel_exposures,count_strictly_above,7,0.203125,10,2.3978952727983707,,NOT_RECOVERABLE_FROM_SAVED_OBSERVATIONS,0,59153780,scene-pixel exposure,8626,Exact pixel counts were not saved; these are conservative bounds.
SUCCESSFUL_UPDATES_PLUS_FAILING_FORWARD,YUNNAN_INSIDE,per_tau_pixel_exposures,count_strictly_above,8,0.234375,10,2.3978952727983707,,NOT_RECOVERABLE_FROM_SAVED_OBSERVATIONS,0,59153780,scene-pixel exposure,8626,Exact pixel counts were not saved; these are conservative bounds.
SUCCESSFUL_UPDATES_PLUS_FAILING_FORWARD,YUNNAN_INSIDE,per_tau_pixel_exposures,count_strictly_above,9,0.265625,10,2.3978952727983707,,NOT_RECOVERABLE_FROM_SAVED_OBSERVATIONS,0,59153780,scene-pixel exposure,8626,Exact pixel counts were not saved; these are conservative bounds.
SUCCESSFUL_UPDATES_PLUS_FAILING_FORWARD,YUNNAN_INSIDE,per_tau_pixel_exposures,count_strictly_above,10,0.296875,10,2.3978952727983707,,NOT_RECOVERABLE_FROM_SAVED_OBSERVATIONS,0,59153780,scene-pixel exposure,8626,Exact pixel counts were not saved; these are conservative bounds.
SUCCESSFUL_UPDATES_PLUS_FAILING_FORWARD,YUNNAN_INSIDE,per_tau_pixel_exposures,count_strictly_above,11,0.328125,10,2.3978952727983707,,NOT_RECOVERABLE_FROM_SAVED_OBSERVATIONS,0,59167500,scene-pixel exposure,8626,Exact pixel counts were not saved; these are conservative bounds.
SUCCESSFUL_UPDATES_PLUS_FAILING_FORWARD,YUNNAN_INSIDE,per_tau_pixel_exposures,count_strictly_above,12,0.359375,10,2.3978952727983707,,NOT_RECOVERABLE_FROM_SAVED_OBSERVATIONS,0,59167500,scene-pixel exposure,8626,Exact pixel counts were not saved; these are conservative bounds.
SUCCESSFUL_UPDATES_PLUS_FAILING_FORWARD,YUNNAN_INSIDE,per_tau_pixel_exposures,count_strictly_above,13,0.390625,10,2.3978952727983707,,NOT_RECOVERABLE_FROM_SAVED_OBSERVATIONS,0,59167500,scene-pixel exposure,8626,Exact pixel counts were not saved; these are conservative bounds.
SUCCESSFUL_UPDATES_PLUS_FAILING_FORWARD,YUNNAN_INSIDE,per_tau_pixel_exposures,count_strictly_above,14,0.421875,10,2.3978952727983707,,NOT_RECOVERABLE_FROM_SAVED_OBSERVATIONS,0,59167500,scene-pixel exposure,8626,Exact pixel counts were not saved; these are conservative bounds.
SUCCESSFUL_UPDATES_PLUS_FAILING_FORWARD,YUNNAN_INSIDE,per_tau_pixel_exposures,count_strictly_above,15,0.453125,10,2.3978952727983707,,NOT_RECOVERABLE_FROM_SAVED_OBSERVATIONS,0,59167500,scene-pixel exposure,8626,Exact pixel counts were not saved; these are conservative bounds.
SUCCESSFUL_UPDATES_PLUS_FAILING_FORWARD,YUNNAN_INSIDE,per_tau_pixel_exposures,count_strictly_above,16,0.484375,10,2.3978952727983707,,NOT_RECOVERABLE_FROM_SAVED_OBSERVATIONS,0,59174360,scene-pixel exposure,8626,Exact pixel counts were not saved; these are conservative bounds.
SUCCESSFUL_UPDATES_PLUS_FAILING_FORWARD,YUNNAN_INSIDE,per_tau_pixel_exposures,count_strictly_above,17,0.515625,10,2.3978952727983707,,NOT_RECOVERABLE_FROM_SAVED_OBSERVATIONS,0,59174360,scene-pixel exposure,8626,Exact pixel counts were not saved; these are conservative bounds.
SUCCESSFUL_UPDATES_PLUS_FAILING_FORWARD,YUNNAN_INSIDE,per_tau_pixel_exposures,count_strictly_above,18,0.546875,10,2.3978952727983707,,NOT_RECOVERABLE_FROM_SAVED_OBSERVATIONS,0,59174360,scene-pixel exposure,8626,Exact pixel counts were not saved; these are conservative bounds.
SUCCESSFUL_UPDATES_PLUS_FAILING_FORWARD,YUNNAN_INSIDE,per_tau_pixel_exposures,count_strictly_above,19,0.578125,10,2.3978952727983707,,NOT_RECOVERABLE_FROM_SAVED_OBSERVATIONS,0,59174360,scene-pixel exposure,8626,Exact pixel counts were not saved; these are conservative bounds.
SUCCESSFUL_UPDATES_PLUS_FAILING_FORWARD,YUNNAN_INSIDE,per_tau_pixel_exposures,count_strictly_above,20,0.609375,10,2.3978952727983707,,NOT_RECOVERABLE_FROM_SAVED_OBSERVATIONS,0,59174360,scene-pixel exposure,8626,Exact pixel counts were not saved; these are conservative bounds.
SUCCESSFUL_UPDATES_PLUS_FAILING_FORWARD,YUNNAN_INSIDE,per_tau_pixel_exposures,count_strictly_above,21,0.640625,10,2.3978952727983707,,NOT_RECOVERABLE_FROM_SAVED_OBSERVATIONS,0,59174360,scene-pixel exposure,8626,Exact pixel counts were not saved; these are conservative bounds.
SUCCESSFUL_UPDATES_PLUS_FAILING_FORWARD,YUNNAN_INSIDE,per_tau_pixel_exposures,count_strictly_above,22,0.671875,10,2.3978952727983707,,NOT_RECOVERABLE_FROM_SAVED_OBSERVATIONS,0,59174360,scene-pixel exposure,8626,Exact pixel counts were not saved; these are conservative bounds.
SUCCESSFUL_UPDATES_PLUS_FAILING_FORWARD,YUNNAN_INSIDE,per_tau_pixel_exposures,count_strictly_above,23,0.703125,10,2.3978952727983707,,NOT_RECOVERABLE_FROM_SAVED_OBSERVATIONS,0,59174360,scene-pixel exposure,8626,Exact pixel counts were not saved; these are conservative bounds.
SUCCESSFUL_UPDATES_PLUS_FAILING_FORWARD,YUNNAN_INSIDE,per_tau_pixel_exposures,count_strictly_above,24,0.734375,10,2.3978952727983707,,NOT_RECOVERABLE_FROM_SAVED_OBSERVATIONS,0,59174360,scene-pixel exposure,8626,Exact pixel counts were not saved; these are conservative bounds.
SUCCESSFUL_UPDATES_PLUS_FAILING_FORWARD,YUNNAN_INSIDE,per_tau_pixel_exposures,count_strictly_above,25,0.765625,10,2.3978952727983707,,NOT_RECOVERABLE_FROM_SAVED_OBSERVATIONS,0,59174360,scene-pixel exposure,8626,Exact pixel counts were not saved; these are conservative bounds.
SUCCESSFUL_UPDATES_PLUS_FAILING_FORWARD,YUNNAN_INSIDE,per_tau_pixel_exposures,count_strictly_above,26,0.796875,10,2.3978952727983707,,NOT_RECOVERABLE_FROM_SAVED_OBSERVATIONS,0,59174360,scene-pixel exposure,8626,Exact pixel counts were not saved; these are conservative bounds.
SUCCESSFUL_UPDATES_PLUS_FAILING_FORWARD,YUNNAN_INSIDE,per_tau_pixel_exposures,count_strictly_above,27,0.828125,10,2.3978952727983707,,NOT_RECOVERABLE_FROM_SAVED_OBSERVATIONS,0,59174360,scene-pixel exposure,8626,Exact pixel counts were not saved; these are conservative bounds.
SUCCESSFUL_UPDATES_PLUS_FAILING_FORWARD,YUNNAN_INSIDE,per_tau_pixel_exposures,count_strictly_above,28,0.859375,10,2.3978952727983707,,NOT_RECOVERABLE_FROM_SAVED_OBSERVATIONS,0,59174360,scene-pixel exposure,8626,Exact pixel counts were not saved; these are conservative bounds.
SUCCESSFUL_UPDATES_PLUS_FAILING_FORWARD,YUNNAN_INSIDE,per_tau_pixel_exposures,count_strictly_above,29,0.890625,10,2.3978952727983707,,NOT_RECOVERABLE_FROM_SAVED_OBSERVATIONS,0,59174360,scene-pixel exposure,8626,Exact pixel counts were not saved; these are conservative bounds.
SUCCESSFUL_UPDATES_PLUS_FAILING_FORWARD,YUNNAN_INSIDE,per_tau_pixel_exposures,count_strictly_above,30,0.921875,10,2.3978952727983707,,NOT_RECOVERABLE_FROM_SAVED_OBSERVATIONS,0,59174360,scene-pixel exposure,8626,Exact pixel counts were not saved; these are conservative bounds.
SUCCESSFUL_UPDATES_PLUS_FAILING_FORWARD,YUNNAN_INSIDE,per_tau_pixel_exposures,count_strictly_above,31,0.953125,10,2.3978952727983707,,NOT_RECOVERABLE_FROM_SAVED_OBSERVATIONS,0,59174360,scene-pixel exposure,8626,Exact pixel counts were not saved; these are conservative bounds.
SUCCESSFUL_UPDATES_PLUS_FAILING_FORWARD,YUNNAN_INSIDE,per_tau_pixel_exposures,count_strictly_above,32,0.984375,10,2.3978952727983707,,NOT_RECOVERABLE_FROM_SAVED_OBSERVATIONS,0,59174360,scene-pixel exposure,8626,Exact pixel counts were not saved; these are conservative bounds.
SUCCESSFUL_UPDATES_PLUS_FAILING_FORWARD,YUNNAN_INSIDE,pixel_tau_exposure_count,count_strictly_above,,,10,2.3978952727983707,,NOT_RECOVERABLE_FROM_SAVED_OBSERVATIONS,0,1892008580,scene-pixel-tau exposure,8626,Exact pixel counts were not saved; these are conservative bounds.
SUCCESSFUL_UPDATES_PLUS_FAILING_FORWARD,YUNNAN_INSIDE,spatial_pixel_exposure_count_any_tau,count_strictly_above,,,10,2.3978952727983707,,NOT_RECOVERABLE_FROM_SAVED_OBSERVATIONS,0,59174360,scene-pixel exposure (any tau),8626,Exact pixel counts were not saved; these are conservative bounds.
SUCCESSFUL_UPDATES_PLUS_FAILING_FORWARD,YUNNAN_INSIDE,per_tau_pixel_exposures,count_strictly_above,1,0.015625,50,3.9318256327243257,,NOT_RECOVERABLE_FROM_SAVED_OBSERVATIONS,0,56567560,scene-pixel exposure,8626,Exact pixel counts were not saved; these are conservative bounds.
SUCCESSFUL_UPDATES_PLUS_FAILING_FORWARD,YUNNAN_INSIDE,per_tau_pixel_exposures,count_strictly_above,2,0.046875,50,3.9318256327243257,,NOT_RECOVERABLE_FROM_SAVED_OBSERVATIONS,0,58701020,scene-pixel exposure,8626,Exact pixel counts were not saved; these are conservative bounds.
SUCCESSFUL_UPDATES_PLUS_FAILING_FORWARD,YUNNAN_INSIDE,per_tau_pixel_exposures,count_strictly_above,3,0.078125,50,3.9318256327243257,,NOT_RECOVERABLE_FROM_SAVED_OBSERVATIONS,0,58831360,scene-pixel exposure,8626,Exact pixel counts were not saved; these are conservative bounds.
SUCCESSFUL_UPDATES_PLUS_FAILING_FORWARD,YUNNAN_INSIDE,per_tau_pixel_exposures,count_strictly_above,4,0.109375,50,3.9318256327243257,,NOT_RECOVERABLE_FROM_SAVED_OBSERVATIONS,0,58920540,scene-pixel exposure,8626,Exact pixel counts were not saved; these are conservative bounds.
SUCCESSFUL_UPDATES_PLUS_FAILING_FORWARD,YUNNAN_INSIDE,per_tau_pixel_exposures,count_strictly_above,5,0.140625,50,3.9318256327243257,,NOT_RECOVERABLE_FROM_SAVED_OBSERVATIONS,0,59009720,scene-pixel exposure,8626,Exact pixel counts were not saved; these are conservative bounds.
SUCCESSFUL_UPDATES_PLUS_FAILING_FORWARD,YUNNAN_INSIDE,per_tau_pixel_exposures,count_strictly_above,6,0.171875,50,3.9318256327243257,,NOT_RECOVERABLE_FROM_SAVED_OBSERVATIONS,0,59098900,scene-pixel exposure,8626,Exact pixel counts were not saved; these are conservative bounds.
SUCCESSFUL_UPDATES_PLUS_FAILING_FORWARD,YUNNAN_INSIDE,per_tau_pixel_exposures,count_strictly_above,7,0.203125,50,3.9318256327243257,,NOT_RECOVERABLE_FROM_SAVED_OBSERVATIONS,0,59105760,scene-pixel exposure,8626,Exact pixel counts were not saved; these are conservative bounds.
SUCCESSFUL_UPDATES_PLUS_FAILING_FORWARD,YUNNAN_INSIDE,per_tau_pixel_exposures,count_strictly_above,8,0.234375,50,3.9318256327243257,,NOT_RECOVERABLE_FROM_SAVED_OBSERVATIONS,0,59105760,scene-pixel exposure,8626,Exact pixel counts were not saved; these are conservative bounds.
SUCCESSFUL_UPDATES_PLUS_FAILING_FORWARD,YUNNAN_INSIDE,per_tau_pixel_exposures,count_strictly_above,9,0.265625,50,3.9318256327243257,,NOT_RECOVERABLE_FROM_SAVED_OBSERVATIONS,0,59105760,scene-pixel exposure,8626,Exact pixel counts were not saved; these are conservative bounds.
SUCCESSFUL_UPDATES_PLUS_FAILING_FORWARD,YUNNAN_INSIDE,per_tau_pixel_exposures,count_strictly_above,10,0.296875,50,3.9318256327243257,,NOT_RECOVERABLE_FROM_SAVED_OBSERVATIONS,0,59133200,scene-pixel exposure,8626,Exact pixel counts were not saved; these are conservative bounds.
SUCCESSFUL_UPDATES_PLUS_FAILING_FORWARD,YUNNAN_INSIDE,per_tau_pixel_exposures,count_strictly_above,11,0.328125,50,3.9318256327243257,,NOT_RECOVERABLE_FROM_SAVED_OBSERVATIONS,0,59153780,scene-pixel exposure,8626,Exact pixel counts were not saved; these are conservative bounds.
SUCCESSFUL_UPDATES_PLUS_FAILING_FORWARD,YUNNAN_INSIDE,per_tau_pixel_exposures,count_strictly_above,12,0.359375,50,3.9318256327243257,,NOT_RECOVERABLE_FROM_SAVED_OBSERVATIONS,0,59153780,scene-pixel exposure,8626,Exact pixel counts were not saved; these are conservative bounds.
SUCCESSFUL_UPDATES_PLUS_FAILING_FORWARD,YUNNAN_INSIDE,per_tau_pixel_exposures,count_strictly_above,13,0.390625,50,3.9318256327243257,,NOT_RECOVERABLE_FROM_SAVED_OBSERVATIONS,0,59153780,scene-pixel exposure,8626,Exact pixel counts were not saved; these are conservative bounds.
SUCCESSFUL_UPDATES_PLUS_FAILING_FORWARD,YUNNAN_INSIDE,per_tau_pixel_exposures,count_strictly_above,14,0.421875,50,3.9318256327243257,,NOT_RECOVERABLE_FROM_SAVED_OBSERVATIONS,0,59153780,scene-pixel exposure,8626,Exact pixel counts were not saved; these are conservative bounds.
SUCCESSFUL_UPDATES_PLUS_FAILING_FORWARD,YUNNAN_INSIDE,per_tau_pixel_exposures,count_strictly_above,15,0.453125,50,3.9318256327243257,,NOT_RECOVERABLE_FROM_SAVED_OBSERVATIONS,0,59153780,scene-pixel exposure,8626,Exact pixel counts were not saved; these are conservative bounds.
SUCCESSFUL_UPDATES_PLUS_FAILING_FORWARD,YUNNAN_INSIDE,per_tau_pixel_exposures,count_strictly_above,16,0.484375,50,3.9318256327243257,,NOT_RECOVERABLE_FROM_SAVED_OBSERVATIONS,0,59167500,scene-pixel exposure,8626,Exact pixel counts were not saved; these are conservative bounds.
SUCCESSFUL_UPDATES_PLUS_FAILING_FORWARD,YUNNAN_INSIDE,per_tau_pixel_exposures,count_strictly_above,17,0.515625,50,3.9318256327243257,,NOT_RECOVERABLE_FROM_SAVED_OBSERVATIONS,0,59167500,scene-pixel exposure,8626,Exact pixel counts were not saved; these are conservative bounds.
SUCCESSFUL_UPDATES_PLUS_FAILING_FORWARD,YUNNAN_INSIDE,per_tau_pixel_exposures,count_strictly_above,18,0.546875,50,3.9318256327243257,,NOT_RECOVERABLE_FROM_SAVED_OBSERVATIONS,0,59167500,scene-pixel exposure,8626,Exact pixel counts were not saved; these are conservative bounds.
SUCCESSFUL_UPDATES_PLUS_FAILING_FORWARD,YUNNAN_INSIDE,per_tau_pixel_exposures,count_strictly_above,19,0.578125,50,3.9318256327243257,,NOT_RECOVERABLE_FROM_SAVED_OBSERVATIONS,0,59167500,scene-pixel exposure,8626,Exact pixel counts were not saved; these are conservative bounds.
SUCCESSFUL_UPDATES_PLUS_FAILING_FORWARD,YUNNAN_INSIDE,per_tau_pixel_exposures,count_strictly_above,20,0.609375,50,3.9318256327243257,,NOT_RECOVERABLE_FROM_SAVED_OBSERVATIONS,0,59167500,scene-pixel exposure,8626,Exact pixel counts were not saved; these are conservative bounds.
SUCCESSFUL_UPDATES_PLUS_FAILING_FORWARD,YUNNAN_INSIDE,per_tau_pixel_exposures,count_strictly_above,21,0.640625,50,3.9318256327243257,,NOT_RECOVERABLE_FROM_SAVED_OBSERVATIONS,0,59167500,scene-pixel exposure,8626,Exact pixel counts were not saved; these are conservative bounds.
SUCCESSFUL_UPDATES_PLUS_FAILING_FORWARD,YUNNAN_INSIDE,per_tau_pixel_exposures,count_strictly_above,22,0.671875,50,3.9318256327243257,,NOT_RECOVERABLE_FROM_SAVED_OBSERVATIONS,0,59167500,scene-pixel exposure,8626,Exact pixel counts were not saved; these are conservative bounds.
SUCCESSFUL_UPDATES_PLUS_FAILING_FORWARD,YUNNAN_INSIDE,per_tau_pixel_exposures,count_strictly_above,23,0.703125,50,3.9318256327243257,,NOT_RECOVERABLE_FROM_SAVED_OBSERVATIONS,0,59167500,scene-pixel exposure,8626,Exact pixel counts were not saved; these are conservative bounds.
SUCCESSFUL_UPDATES_PLUS_FAILING_FORWARD,YUNNAN_INSIDE,per_tau_pixel_exposures,count_strictly_above,24,0.734375,50,3.9318256327243257,,NOT_RECOVERABLE_FROM_SAVED_OBSERVATIONS,0,59167500,scene-pixel exposure,8626,Exact pixel counts were not saved; these are conservative bounds.
SUCCESSFUL_UPDATES_PLUS_FAILING_FORWARD,YUNNAN_INSIDE,per_tau_pixel_exposures,count_strictly_above,25,0.765625,50,3.9318256327243257,,NOT_RECOVERABLE_FROM_SAVED_OBSERVATIONS,0,59167500,scene-pixel exposure,8626,Exact pixel counts were not saved; these are conservative bounds.
SUCCESSFUL_UPDATES_PLUS_FAILING_FORWARD,YUNNAN_INSIDE,per_tau_pixel_exposures,count_strictly_above,26,0.796875,50,3.9318256327243257,,NOT_RECOVERABLE_FROM_SAVED_OBSERVATIONS,0,59167500,scene-pixel exposure,8626,Exact pixel counts were not saved; these are conservative bounds.
SUCCESSFUL_UPDATES_PLUS_FAILING_FORWARD,YUNNAN_INSIDE,per_tau_pixel_exposures,count_strictly_above,27,0.828125,50,3.9318256327243257,,NOT_RECOVERABLE_FROM_SAVED_OBSERVATIONS,0,59174360,scene-pixel exposure,8626,Exact pixel counts were not saved; these are conservative bounds.
SUCCESSFUL_UPDATES_PLUS_FAILING_FORWARD,YUNNAN_INSIDE,per_tau_pixel_exposures,count_strictly_above,28,0.859375,50,3.9318256327243257,,NOT_RECOVERABLE_FROM_SAVED_OBSERVATIONS,0,59174360,scene-pixel exposure,8626,Exact pixel counts were not saved; these are conservative bounds.
SUCCESSFUL_UPDATES_PLUS_FAILING_FORWARD,YUNNAN_INSIDE,per_tau_pixel_exposures,count_strictly_above,29,0.890625,50,3.9318256327243257,,NOT_RECOVERABLE_FROM_SAVED_OBSERVATIONS,0,59174360,scene-pixel exposure,8626,Exact pixel counts were not saved; these are conservative bounds.
SUCCESSFUL_UPDATES_PLUS_FAILING_FORWARD,YUNNAN_INSIDE,per_tau_pixel_exposures,count_strictly_above,30,0.921875,50,3.9318256327243257,,NOT_RECOVERABLE_FROM_SAVED_OBSERVATIONS,0,59174360,scene-pixel exposure,8626,Exact pixel counts were not saved; these are conservative bounds.
SUCCESSFUL_UPDATES_PLUS_FAILING_FORWARD,YUNNAN_INSIDE,per_tau_pixel_exposures,count_strictly_above,31,0.953125,50,3.9318256327243257,,NOT_RECOVERABLE_FROM_SAVED_OBSERVATIONS,0,59174360,scene-pixel exposure,8626,Exact pixel counts were not saved; these are conservative bounds.
SUCCESSFUL_UPDATES_PLUS_FAILING_FORWARD,YUNNAN_INSIDE,per_tau_pixel_exposures,count_strictly_above,32,0.984375,50,3.9318256327243257,,NOT_RECOVERABLE_FROM_SAVED_OBSERVATIONS,0,59174360,scene-pixel exposure,8626,Exact pixel counts were not saved; these are conservative bounds.
SUCCESSFUL_UPDATES_PLUS_FAILING_FORWARD,YUNNAN_INSIDE,pixel_tau_exposure_count,count_strictly_above,,,50,3.9318256327243257,,NOT_RECOVERABLE_FROM_SAVED_OBSERVATIONS,0,1889237140,scene-pixel-tau exposure,8626,Exact pixel counts were not saved; these are conservative bounds.
SUCCESSFUL_UPDATES_PLUS_FAILING_FORWARD,YUNNAN_INSIDE,spatial_pixel_exposure_count_any_tau,count_strictly_above,,,50,3.9318256327243257,,NOT_RECOVERABLE_FROM_SAVED_OBSERVATIONS,0,59174360,scene-pixel exposure (any tau),8626,Exact pixel counts were not saved; these are conservative bounds.
SUCCESSFUL_UPDATES_PLUS_FAILING_FORWARD,YUNNAN_INSIDE,per_tau_pixel_exposures,count_strictly_above,1,0.015625,100,4.61512051684126,,NOT_RECOVERABLE_FROM_SAVED_OBSERVATIONS,0,55469960,scene-pixel exposure,8626,Exact pixel counts were not saved; these are conservative bounds.
SUCCESSFUL_UPDATES_PLUS_FAILING_FORWARD,YUNNAN_INSIDE,per_tau_pixel_exposures,count_strictly_above,2,0.046875,100,4.61512051684126,,NOT_RECOVERABLE_FROM_SAVED_OBSERVATIONS,0,58529520,scene-pixel exposure,8626,Exact pixel counts were not saved; these are conservative bounds.
SUCCESSFUL_UPDATES_PLUS_FAILING_FORWARD,YUNNAN_INSIDE,per_tau_pixel_exposures,count_strictly_above,3,0.078125,100,4.61512051684126,,NOT_RECOVERABLE_FROM_SAVED_OBSERVATIONS,0,58728460,scene-pixel exposure,8626,Exact pixel counts were not saved; these are conservative bounds.
SUCCESSFUL_UPDATES_PLUS_FAILING_FORWARD,YUNNAN_INSIDE,per_tau_pixel_exposures,count_strictly_above,4,0.109375,100,4.61512051684126,,NOT_RECOVERABLE_FROM_SAVED_OBSERVATIONS,0,58851940,scene-pixel exposure,8626,Exact pixel counts were not saved; these are conservative bounds.
SUCCESSFUL_UPDATES_PLUS_FAILING_FORWARD,YUNNAN_INSIDE,per_tau_pixel_exposures,count_strictly_above,5,0.140625,100,4.61512051684126,,NOT_RECOVERABLE_FROM_SAVED_OBSERVATIONS,0,58941120,scene-pixel exposure,8626,Exact pixel counts were not saved; these are conservative bounds.
SUCCESSFUL_UPDATES_PLUS_FAILING_FORWARD,YUNNAN_INSIDE,per_tau_pixel_exposures,count_strictly_above,6,0.171875,100,4.61512051684126,,NOT_RECOVERABLE_FROM_SAVED_OBSERVATIONS,0,59064600,scene-pixel exposure,8626,Exact pixel counts were not saved; these are conservative bounds.
SUCCESSFUL_UPDATES_PLUS_FAILING_FORWARD,YUNNAN_INSIDE,per_tau_pixel_exposures,count_strictly_above,7,0.203125,100,4.61512051684126,,NOT_RECOVERABLE_FROM_SAVED_OBSERVATIONS,0,59085180,scene-pixel exposure,8626,Exact pixel counts were not saved; these are conservative bounds.
SUCCESSFUL_UPDATES_PLUS_FAILING_FORWARD,YUNNAN_INSIDE,per_tau_pixel_exposures,count_strictly_above,8,0.234375,100,4.61512051684126,,NOT_RECOVERABLE_FROM_SAVED_OBSERVATIONS,0,59092040,scene-pixel exposure,8626,Exact pixel counts were not saved; these are conservative bounds.
SUCCESSFUL_UPDATES_PLUS_FAILING_FORWARD,YUNNAN_INSIDE,per_tau_pixel_exposures,count_strictly_above,9,0.265625,100,4.61512051684126,,NOT_RECOVERABLE_FROM_SAVED_OBSERVATIONS,0,59098900,scene-pixel exposure,8626,Exact pixel counts were not saved; these are conservative bounds.
SUCCESSFUL_UPDATES_PLUS_FAILING_FORWARD,YUNNAN_INSIDE,per_tau_pixel_exposures,count_strictly_above,10,0.296875,100,4.61512051684126,,NOT_RECOVERABLE_FROM_SAVED_OBSERVATIONS,0,59105760,scene-pixel exposure,8626,Exact pixel counts were not saved; these are conservative bounds.
SUCCESSFUL_UPDATES_PLUS_FAILING_FORWARD,YUNNAN_INSIDE,per_tau_pixel_exposures,count_strictly_above,11,0.328125,100,4.61512051684126,,NOT_RECOVERABLE_FROM_SAVED_OBSERVATIONS,0,59133200,scene-pixel exposure,8626,Exact pixel counts were not saved; these are conservative bounds.
SUCCESSFUL_UPDATES_PLUS_FAILING_FORWARD,YUNNAN_INSIDE,per_tau_pixel_exposures,count_strictly_above,12,0.359375,100,4.61512051684126,,NOT_RECOVERABLE_FROM_SAVED_OBSERVATIONS,0,59153780,scene-pixel exposure,8626,Exact pixel counts were not saved; these are conservative bounds.
SUCCESSFUL_UPDATES_PLUS_FAILING_FORWARD,YUNNAN_INSIDE,per_tau_pixel_exposures,count_strictly_above,13,0.390625,100,4.61512051684126,,NOT_RECOVERABLE_FROM_SAVED_OBSERVATIONS,0,59153780,scene-pixel exposure,8626,Exact pixel counts were not saved; these are conservative bounds.
SUCCESSFUL_UPDATES_PLUS_FAILING_FORWARD,YUNNAN_INSIDE,per_tau_pixel_exposures,count_strictly_above,14,0.421875,100,4.61512051684126,,NOT_RECOVERABLE_FROM_SAVED_OBSERVATIONS,0,59153780,scene-pixel exposure,8626,Exact pixel counts were not saved; these are conservative bounds.
SUCCESSFUL_UPDATES_PLUS_FAILING_FORWARD,YUNNAN_INSIDE,per_tau_pixel_exposures,count_strictly_above,15,0.453125,100,4.61512051684126,,NOT_RECOVERABLE_FROM_SAVED_OBSERVATIONS,0,59153780,scene-pixel exposure,8626,Exact pixel counts were not saved; these are conservative bounds.
SUCCESSFUL_UPDATES_PLUS_FAILING_FORWARD,YUNNAN_INSIDE,per_tau_pixel_exposures,count_strictly_above,16,0.484375,100,4.61512051684126,,NOT_RECOVERABLE_FROM_SAVED_OBSERVATIONS,0,59153780,scene-pixel exposure,8626,Exact pixel counts were not saved; these are conservative bounds.
SUCCESSFUL_UPDATES_PLUS_FAILING_FORWARD,YUNNAN_INSIDE,per_tau_pixel_exposures,count_strictly_above,17,0.515625,100,4.61512051684126,,NOT_RECOVERABLE_FROM_SAVED_OBSERVATIONS,0,59153780,scene-pixel exposure,8626,Exact pixel counts were not saved; these are conservative bounds.
SUCCESSFUL_UPDATES_PLUS_FAILING_FORWARD,YUNNAN_INSIDE,per_tau_pixel_exposures,count_strictly_above,18,0.546875,100,4.61512051684126,,NOT_RECOVERABLE_FROM_SAVED_OBSERVATIONS,0,59167500,scene-pixel exposure,8626,Exact pixel counts were not saved; these are conservative bounds.
SUCCESSFUL_UPDATES_PLUS_FAILING_FORWARD,YUNNAN_INSIDE,per_tau_pixel_exposures,count_strictly_above,19,0.578125,100,4.61512051684126,,NOT_RECOVERABLE_FROM_SAVED_OBSERVATIONS,0,59167500,scene-pixel exposure,8626,Exact pixel counts were not saved; these are conservative bounds.
SUCCESSFUL_UPDATES_PLUS_FAILING_FORWARD,YUNNAN_INSIDE,per_tau_pixel_exposures,count_strictly_above,20,0.609375,100,4.61512051684126,,NOT_RECOVERABLE_FROM_SAVED_OBSERVATIONS,0,59167500,scene-pixel exposure,8626,Exact pixel counts were not saved; these are conservative bounds.
SUCCESSFUL_UPDATES_PLUS_FAILING_FORWARD,YUNNAN_INSIDE,per_tau_pixel_exposures,count_strictly_above,21,0.640625,100,4.61512051684126,,NOT_RECOVERABLE_FROM_SAVED_OBSERVATIONS,0,59167500,scene-pixel exposure,8626,Exact pixel counts were not saved; these are conservative bounds.
SUCCESSFUL_UPDATES_PLUS_FAILING_FORWARD,YUNNAN_INSIDE,per_tau_pixel_exposures,count_strictly_above,22,0.671875,100,4.61512051684126,,NOT_RECOVERABLE_FROM_SAVED_OBSERVATIONS,0,59167500,scene-pixel exposure,8626,Exact pixel counts were not saved; these are conservative bounds.
SUCCESSFUL_UPDATES_PLUS_FAILING_FORWARD,YUNNAN_INSIDE,per_tau_pixel_exposures,count_strictly_above,23,0.703125,100,4.61512051684126,,NOT_RECOVERABLE_FROM_SAVED_OBSERVATIONS,0,59167500,scene-pixel exposure,8626,Exact pixel counts were not saved; these are conservative bounds.
SUCCESSFUL_UPDATES_PLUS_FAILING_FORWARD,YUNNAN_INSIDE,per_tau_pixel_exposures,count_strictly_above,24,0.734375,100,4.61512051684126,,NOT_RECOVERABLE_FROM_SAVED_OBSERVATIONS,0,59167500,scene-pixel exposure,8626,Exact pixel counts were not saved; these are conservative bounds.
SUCCESSFUL_UPDATES_PLUS_FAILING_FORWARD,YUNNAN_INSIDE,per_tau_pixel_exposures,count_strictly_above,25,0.765625,100,4.61512051684126,,NOT_RECOVERABLE_FROM_SAVED_OBSERVATIONS,0,59167500,scene-pixel exposure,8626,Exact pixel counts were not saved; these are conservative bounds.
SUCCESSFUL_UPDATES_PLUS_FAILING_FORWARD,YUNNAN_INSIDE,per_tau_pixel_exposures,count_strictly_above,26,0.796875,100,4.61512051684126,,NOT_RECOVERABLE_FROM_SAVED_OBSERVATIONS,0,59167500,scene-pixel exposure,8626,Exact pixel counts were not saved; these are conservative bounds.
SUCCESSFUL_UPDATES_PLUS_FAILING_FORWARD,YUNNAN_INSIDE,per_tau_pixel_exposures,count_strictly_above,27,0.828125,100,4.61512051684126,,NOT_RECOVERABLE_FROM_SAVED_OBSERVATIONS,0,59167500,scene-pixel exposure,8626,Exact pixel counts were not saved; these are conservative bounds.
SUCCESSFUL_UPDATES_PLUS_FAILING_FORWARD,YUNNAN_INSIDE,per_tau_pixel_exposures,count_strictly_above,28,0.859375,100,4.61512051684126,,NOT_RECOVERABLE_FROM_SAVED_OBSERVATIONS,0,59167500,scene-pixel exposure,8626,Exact pixel counts were not saved; these are conservative bounds.
SUCCESSFUL_UPDATES_PLUS_FAILING_FORWARD,YUNNAN_INSIDE,per_tau_pixel_exposures,count_strictly_above,29,0.890625,100,4.61512051684126,,NOT_RECOVERABLE_FROM_SAVED_OBSERVATIONS,0,59174360,scene-pixel exposure,8626,Exact pixel counts were not saved; these are conservative bounds.
SUCCESSFUL_UPDATES_PLUS_FAILING_FORWARD,YUNNAN_INSIDE,per_tau_pixel_exposures,count_strictly_above,30,0.921875,100,4.61512051684126,,NOT_RECOVERABLE_FROM_SAVED_OBSERVATIONS,0,59174360,scene-pixel exposure,8626,Exact pixel counts were not saved; these are conservative bounds.
SUCCESSFUL_UPDATES_PLUS_FAILING_FORWARD,YUNNAN_INSIDE,per_tau_pixel_exposures,count_strictly_above,31,0.953125,100,4.61512051684126,,NOT_RECOVERABLE_FROM_SAVED_OBSERVATIONS,0,59174360,scene-pixel exposure,8626,Exact pixel counts were not saved; these are conservative bounds.
SUCCESSFUL_UPDATES_PLUS_FAILING_FORWARD,YUNNAN_INSIDE,per_tau_pixel_exposures,count_strictly_above,32,0.984375,100,4.61512051684126,,NOT_RECOVERABLE_FROM_SAVED_OBSERVATIONS,0,59174360,scene-pixel exposure,8626,Exact pixel counts were not saved; these are conservative bounds.
SUCCESSFUL_UPDATES_PLUS_FAILING_FORWARD,YUNNAN_INSIDE,pixel_tau_exposure_count,count_strictly_above,,,100,4.61512051684126,,NOT_RECOVERABLE_FROM_SAVED_OBSERVATIONS,0,1887563300,scene-pixel-tau exposure,8626,Exact pixel counts were not saved; these are conservative bounds.
SUCCESSFUL_UPDATES_PLUS_FAILING_FORWARD,YUNNAN_INSIDE,spatial_pixel_exposure_count_any_tau,count_strictly_above,,,100,4.61512051684126,,NOT_RECOVERABLE_FROM_SAVED_OBSERVATIONS,0,59174360,scene-pixel exposure (any tau),8626,Exact pixel counts were not saved; these are conservative bounds.
SUCCESSFUL_UPDATES_PLUS_FAILING_FORWARD,YUNNAN_INSIDE,per_tau_pixel_exposures,count_strictly_above,1,0.015625,500,6.2166061010848646,,NOT_RECOVERABLE_FROM_SAVED_OBSERVATIONS,0,50702260,scene-pixel exposure,8626,Exact pixel counts were not saved; these are conservative bounds.
SUCCESSFUL_UPDATES_PLUS_FAILING_FORWARD,YUNNAN_INSIDE,per_tau_pixel_exposures,count_strictly_above,2,0.046875,500,6.2166061010848646,,NOT_RECOVERABLE_FROM_SAVED_OBSERVATIONS,0,57939560,scene-pixel exposure,8626,Exact pixel counts were not saved; these are conservative bounds.
SUCCESSFUL_UPDATES_PLUS_FAILING_FORWARD,YUNNAN_INSIDE,per_tau_pixel_exposures,count_strictly_above,3,0.078125,500,6.2166061010848646,,NOT_RECOVERABLE_FROM_SAVED_OBSERVATIONS,0,58426620,scene-pixel exposure,8626,Exact pixel counts were not saved; these are conservative bounds.
SUCCESSFUL_UPDATES_PLUS_FAILING_FORWARD,YUNNAN_INSIDE,per_tau_pixel_exposures,count_strictly_above,4,0.109375,500,6.2166061010848646,,NOT_RECOVERABLE_FROM_SAVED_OBSERVATIONS,0,58646140,scene-pixel exposure,8626,Exact pixel counts were not saved; these are conservative bounds.
SUCCESSFUL_UPDATES_PLUS_FAILING_FORWARD,YUNNAN_INSIDE,per_tau_pixel_exposures,count_strictly_above,5,0.140625,500,6.2166061010848646,,NOT_RECOVERABLE_FROM_SAVED_OBSERVATIONS,0,58783340,scene-pixel exposure,8626,Exact pixel counts were not saved; these are conservative bounds.
SUCCESSFUL_UPDATES_PLUS_FAILING_FORWARD,YUNNAN_INSIDE,per_tau_pixel_exposures,count_strictly_above,6,0.171875,500,6.2166061010848646,,NOT_RECOVERABLE_FROM_SAVED_OBSERVATIONS,0,58947980,scene-pixel exposure,8626,Exact pixel counts were not saved; these are conservative bounds.
SUCCESSFUL_UPDATES_PLUS_FAILING_FORWARD,YUNNAN_INSIDE,per_tau_pixel_exposures,count_strictly_above,7,0.203125,500,6.2166061010848646,,NOT_RECOVERABLE_FROM_SAVED_OBSERVATIONS,0,58975420,scene-pixel exposure,8626,Exact pixel counts were not saved; these are conservative bounds.
SUCCESSFUL_UPDATES_PLUS_FAILING_FORWARD,YUNNAN_INSIDE,per_tau_pixel_exposures,count_strictly_above,8,0.234375,500,6.2166061010848646,,NOT_RECOVERABLE_FROM_SAVED_OBSERVATIONS,0,58989140,scene-pixel exposure,8626,Exact pixel counts were not saved; these are conservative bounds.
SUCCESSFUL_UPDATES_PLUS_FAILING_FORWARD,YUNNAN_INSIDE,per_tau_pixel_exposures,count_strictly_above,9,0.265625,500,6.2166061010848646,,NOT_RECOVERABLE_FROM_SAVED_OBSERVATIONS,0,59023440,scene-pixel exposure,8626,Exact pixel counts were not saved; these are conservative bounds.
SUCCESSFUL_UPDATES_PLUS_FAILING_FORWARD,YUNNAN_INSIDE,per_tau_pixel_exposures,count_strictly_above,10,0.296875,500,6.2166061010848646,,NOT_RECOVERABLE_FROM_SAVED_OBSERVATIONS,0,59050880,scene-pixel exposure,8626,Exact pixel counts were not saved; these are conservative bounds.
SUCCESSFUL_UPDATES_PLUS_FAILING_FORWARD,YUNNAN_INSIDE,per_tau_pixel_exposures,count_strictly_above,11,0.328125,500,6.2166061010848646,,NOT_RECOVERABLE_FROM_SAVED_OBSERVATIONS,0,59092040,scene-pixel exposure,8626,Exact pixel counts were not saved; these are conservative bounds.
SUCCESSFUL_UPDATES_PLUS_FAILING_FORWARD,YUNNAN_INSIDE,per_tau_pixel_exposures,count_strictly_above,12,0.359375,500,6.2166061010848646,,NOT_RECOVERABLE_FROM_SAVED_OBSERVATIONS,0,59105760,scene-pixel exposure,8626,Exact pixel counts were not saved; these are conservative bounds.
SUCCESSFUL_UPDATES_PLUS_FAILING_FORWARD,YUNNAN_INSIDE,per_tau_pixel_exposures,count_strictly_above,13,0.390625,500,6.2166061010848646,,NOT_RECOVERABLE_FROM_SAVED_OBSERVATIONS,0,59112620,scene-pixel exposure,8626,Exact pixel counts were not saved; these are conservative bounds.
SUCCESSFUL_UPDATES_PLUS_FAILING_FORWARD,YUNNAN_INSIDE,per_tau_pixel_exposures,count_strictly_above,14,0.421875,500,6.2166061010848646,,NOT_RECOVERABLE_FROM_SAVED_OBSERVATIONS,0,59119480,scene-pixel exposure,8626,Exact pixel counts were not saved; these are conservative bounds.
SUCCESSFUL_UPDATES_PLUS_FAILING_FORWARD,YUNNAN_INSIDE,per_tau_pixel_exposures,count_strictly_above,15,0.453125,500,6.2166061010848646,,NOT_RECOVERABLE_FROM_SAVED_OBSERVATIONS,0,59140060,scene-pixel exposure,8626,Exact pixel counts were not saved; these are conservative bounds.
SUCCESSFUL_UPDATES_PLUS_FAILING_FORWARD,YUNNAN_INSIDE,per_tau_pixel_exposures,count_strictly_above,16,0.484375,500,6.2166061010848646,,NOT_RECOVERABLE_FROM_SAVED_OBSERVATIONS,0,59146920,scene-pixel exposure,8626,Exact pixel counts were not saved; these are conservative bounds.
SUCCESSFUL_UPDATES_PLUS_FAILING_FORWARD,YUNNAN_INSIDE,per_tau_pixel_exposures,count_strictly_above,17,0.515625,500,6.2166061010848646,,NOT_RECOVERABLE_FROM_SAVED_OBSERVATIONS,0,59146920,scene-pixel exposure,8626,Exact pixel counts were not saved; these are conservative bounds.
SUCCESSFUL_UPDATES_PLUS_FAILING_FORWARD,YUNNAN_INSIDE,per_tau_pixel_exposures,count_strictly_above,18,0.546875,500,6.2166061010848646,,NOT_RECOVERABLE_FROM_SAVED_OBSERVATIONS,0,59146920,scene-pixel exposure,8626,Exact pixel counts were not saved; these are conservative bounds.
SUCCESSFUL_UPDATES_PLUS_FAILING_FORWARD,YUNNAN_INSIDE,per_tau_pixel_exposures,count_strictly_above,19,0.578125,500,6.2166061010848646,,NOT_RECOVERABLE_FROM_SAVED_OBSERVATIONS,0,59153780,scene-pixel exposure,8626,Exact pixel counts were not saved; these are conservative bounds.
SUCCESSFUL_UPDATES_PLUS_FAILING_FORWARD,YUNNAN_INSIDE,per_tau_pixel_exposures,count_strictly_above,20,0.609375,500,6.2166061010848646,,NOT_RECOVERABLE_FROM_SAVED_OBSERVATIONS,0,59153780,scene-pixel exposure,8626,Exact pixel counts were not saved; these are conservative bounds.
SUCCESSFUL_UPDATES_PLUS_FAILING_FORWARD,YUNNAN_INSIDE,per_tau_pixel_exposures,count_strictly_above,21,0.640625,500,6.2166061010848646,,NOT_RECOVERABLE_FROM_SAVED_OBSERVATIONS,0,59153780,scene-pixel exposure,8626,Exact pixel counts were not saved; these are conservative bounds.
SUCCESSFUL_UPDATES_PLUS_FAILING_FORWARD,YUNNAN_INSIDE,per_tau_pixel_exposures,count_strictly_above,22,0.671875,500,6.2166061010848646,,NOT_RECOVERABLE_FROM_SAVED_OBSERVATIONS,0,59153780,scene-pixel exposure,8626,Exact pixel counts were not saved; these are conservative bounds.
SUCCESSFUL_UPDATES_PLUS_FAILING_FORWARD,YUNNAN_INSIDE,per_tau_pixel_exposures,count_strictly_above,23,0.703125,500,6.2166061010848646,,NOT_RECOVERABLE_FROM_SAVED_OBSERVATIONS,0,59153780,scene-pixel exposure,8626,Exact pixel counts were not saved; these are conservative bounds.
SUCCESSFUL_UPDATES_PLUS_FAILING_FORWARD,YUNNAN_INSIDE,per_tau_pixel_exposures,count_strictly_above,24,0.734375,500,6.2166061010848646,,NOT_RECOVERABLE_FROM_SAVED_OBSERVATIONS,0,59167500,scene-pixel exposure,8626,Exact pixel counts were not saved; these are conservative bounds.
SUCCESSFUL_UPDATES_PLUS_FAILING_FORWARD,YUNNAN_INSIDE,per_tau_pixel_exposures,count_strictly_above,25,0.765625,500,6.2166061010848646,,NOT_RECOVERABLE_FROM_SAVED_OBSERVATIONS,0,59167500,scene-pixel exposure,8626,Exact pixel counts were not saved; these are conservative bounds.
SUCCESSFUL_UPDATES_PLUS_FAILING_FORWARD,YUNNAN_INSIDE,per_tau_pixel_exposures,count_strictly_above,26,0.796875,500,6.2166061010848646,,NOT_RECOVERABLE_FROM_SAVED_OBSERVATIONS,0,59167500,scene-pixel exposure,8626,Exact pixel counts were not saved; these are conservative bounds.
SUCCESSFUL_UPDATES_PLUS_FAILING_FORWARD,YUNNAN_INSIDE,per_tau_pixel_exposures,count_strictly_above,27,0.828125,500,6.2166061010848646,,NOT_RECOVERABLE_FROM_SAVED_OBSERVATIONS,0,59167500,scene-pixel exposure,8626,Exact pixel counts were not saved; these are conservative bounds.
SUCCESSFUL_UPDATES_PLUS_FAILING_FORWARD,YUNNAN_INSIDE,per_tau_pixel_exposures,count_strictly_above,28,0.859375,500,6.2166061010848646,,NOT_RECOVERABLE_FROM_SAVED_OBSERVATIONS,0,59167500,scene-pixel exposure,8626,Exact pixel counts were not saved; these are conservative bounds.
SUCCESSFUL_UPDATES_PLUS_FAILING_FORWARD,YUNNAN_INSIDE,per_tau_pixel_exposures,count_strictly_above,29,0.890625,500,6.2166061010848646,,NOT_RECOVERABLE_FROM_SAVED_OBSERVATIONS,0,59167500,scene-pixel exposure,8626,Exact pixel counts were not saved; these are conservative bounds.
SUCCESSFUL_UPDATES_PLUS_FAILING_FORWARD,YUNNAN_INSIDE,per_tau_pixel_exposures,count_strictly_above,30,0.921875,500,6.2166061010848646,,NOT_RECOVERABLE_FROM_SAVED_OBSERVATIONS,0,59167500,scene-pixel exposure,8626,Exact pixel counts were not saved; these are conservative bounds.
SUCCESSFUL_UPDATES_PLUS_FAILING_FORWARD,YUNNAN_INSIDE,per_tau_pixel_exposures,count_strictly_above,31,0.953125,500,6.2166061010848646,,NOT_RECOVERABLE_FROM_SAVED_OBSERVATIONS,0,59167500,scene-pixel exposure,8626,Exact pixel counts were not saved; these are conservative bounds.
SUCCESSFUL_UPDATES_PLUS_FAILING_FORWARD,YUNNAN_INSIDE,per_tau_pixel_exposures,count_strictly_above,32,0.984375,500,6.2166061010848646,,NOT_RECOVERABLE_FROM_SAVED_OBSERVATIONS,0,59174360,scene-pixel exposure,8626,Exact pixel counts were not saved; these are conservative bounds.
SUCCESSFUL_UPDATES_PLUS_FAILING_FORWARD,YUNNAN_INSIDE,pixel_tau_exposure_count,count_strictly_above,,,500,6.2166061010848646,,NOT_RECOVERABLE_FROM_SAVED_OBSERVATIONS,0,1880778760,scene-pixel-tau exposure,8626,Exact pixel counts were not saved; these are conservative bounds.
SUCCESSFUL_UPDATES_PLUS_FAILING_FORWARD,YUNNAN_INSIDE,spatial_pixel_exposure_count_any_tau,count_strictly_above,,,500,6.2166061010848646,,NOT_RECOVERABLE_FROM_SAVED_OBSERVATIONS,0,59174360,scene-pixel exposure (any tau),8626,Exact pixel counts were not saved; these are conservative bounds.
SUCCESSFUL_UPDATES_PLUS_FAILING_FORWARD,YUNNAN_INSIDE,per_tau_pixel_exposures,count_strictly_above,1,0.015625,1000,6.90875477931522,,NOT_RECOVERABLE_FROM_SAVED_OBSERVATIONS,0,46654860,scene-pixel exposure,8626,Exact pixel counts were not saved; these are conservative bounds.
SUCCESSFUL_UPDATES_PLUS_FAILING_FORWARD,YUNNAN_INSIDE,per_tau_pixel_exposures,count_strictly_above,2,0.046875,1000,6.90875477931522,,NOT_RECOVERABLE_FROM_SAVED_OBSERVATIONS,0,57596560,scene-pixel exposure,8626,Exact pixel counts were not saved; these are conservative bounds.
SUCCESSFUL_UPDATES_PLUS_FAILING_FORWARD,YUNNAN_INSIDE,per_tau_pixel_exposures,count_strictly_above,3,0.078125,1000,6.90875477931522,,NOT_RECOVERABLE_FROM_SAVED_OBSERVATIONS,0,58255120,scene-pixel exposure,8626,Exact pixel counts were not saved; these are conservative bounds.
SUCCESSFUL_UPDATES_PLUS_FAILING_FORWARD,YUNNAN_INSIDE,per_tau_pixel_exposures,count_strictly_above,4,0.109375,1000,6.90875477931522,,NOT_RECOVERABLE_FROM_SAVED_OBSERVATIONS,0,58536380,scene-pixel exposure,8626,Exact pixel counts were not saved; these are conservative bounds.
SUCCESSFUL_UPDATES_PLUS_FAILING_FORWARD,YUNNAN_INSIDE,per_tau_pixel_exposures,count_strictly_above,5,0.140625,1000,6.90875477931522,,NOT_RECOVERABLE_FROM_SAVED_OBSERVATIONS,0,58728460,scene-pixel exposure,8626,Exact pixel counts were not saved; these are conservative bounds.
SUCCESSFUL_UPDATES_PLUS_FAILING_FORWARD,YUNNAN_INSIDE,per_tau_pixel_exposures,count_strictly_above,6,0.171875,1000,6.90875477931522,,NOT_RECOVERABLE_FROM_SAVED_OBSERVATIONS,0,58899960,scene-pixel exposure,8626,Exact pixel counts were not saved; these are conservative bounds.
SUCCESSFUL_UPDATES_PLUS_FAILING_FORWARD,YUNNAN_INSIDE,per_tau_pixel_exposures,count_strictly_above,7,0.203125,1000,6.90875477931522,,NOT_RECOVERABLE_FROM_SAVED_OBSERVATIONS,0,58947980,scene-pixel exposure,8626,Exact pixel counts were not saved; these are conservative bounds.
SUCCESSFUL_UPDATES_PLUS_FAILING_FORWARD,YUNNAN_INSIDE,per_tau_pixel_exposures,count_strictly_above,8,0.234375,1000,6.90875477931522,,NOT_RECOVERABLE_FROM_SAVED_OBSERVATIONS,0,58947980,scene-pixel exposure,8626,Exact pixel counts were not saved; these are conservative bounds.
SUCCESSFUL_UPDATES_PLUS_FAILING_FORWARD,YUNNAN_INSIDE,per_tau_pixel_exposures,count_strictly_above,9,0.265625,1000,6.90875477931522,,NOT_RECOVERABLE_FROM_SAVED_OBSERVATIONS,0,58968560,scene-pixel exposure,8626,Exact pixel counts were not saved; these are conservative bounds.
SUCCESSFUL_UPDATES_PLUS_FAILING_FORWARD,YUNNAN_INSIDE,per_tau_pixel_exposures,count_strictly_above,10,0.296875,1000,6.90875477931522,,NOT_RECOVERABLE_FROM_SAVED_OBSERVATIONS,0,59002860,scene-pixel exposure,8626,Exact pixel counts were not saved; these are conservative bounds.
SUCCESSFUL_UPDATES_PLUS_FAILING_FORWARD,YUNNAN_INSIDE,per_tau_pixel_exposures,count_strictly_above,11,0.328125,1000,6.90875477931522,,NOT_RECOVERABLE_FROM_SAVED_OBSERVATIONS,0,59064600,scene-pixel exposure,8626,Exact pixel counts were not saved; these are conservative bounds.
SUCCESSFUL_UPDATES_PLUS_FAILING_FORWARD,YUNNAN_INSIDE,per_tau_pixel_exposures,count_strictly_above,12,0.359375,1000,6.90875477931522,,NOT_RECOVERABLE_FROM_SAVED_OBSERVATIONS,0,59098900,scene-pixel exposure,8626,Exact pixel counts were not saved; these are conservative bounds.
SUCCESSFUL_UPDATES_PLUS_FAILING_FORWARD,YUNNAN_INSIDE,per_tau_pixel_exposures,count_strictly_above,13,0.390625,1000,6.90875477931522,,NOT_RECOVERABLE_FROM_SAVED_OBSERVATIONS,0,59098900,scene-pixel exposure,8626,Exact pixel counts were not saved; these are conservative bounds.
SUCCESSFUL_UPDATES_PLUS_FAILING_FORWARD,YUNNAN_INSIDE,per_tau_pixel_exposures,count_strictly_above,14,0.421875,1000,6.90875477931522,,NOT_RECOVERABLE_FROM_SAVED_OBSERVATIONS,0,59098900,scene-pixel exposure,8626,Exact pixel counts were not saved; these are conservative bounds.
SUCCESSFUL_UPDATES_PLUS_FAILING_FORWARD,YUNNAN_INSIDE,per_tau_pixel_exposures,count_strictly_above,15,0.453125,1000,6.90875477931522,,NOT_RECOVERABLE_FROM_SAVED_OBSERVATIONS,0,59112620,scene-pixel exposure,8626,Exact pixel counts were not saved; these are conservative bounds.
SUCCESSFUL_UPDATES_PLUS_FAILING_FORWARD,YUNNAN_INSIDE,per_tau_pixel_exposures,count_strictly_above,16,0.484375,1000,6.90875477931522,,NOT_RECOVERABLE_FROM_SAVED_OBSERVATIONS,0,59140060,scene-pixel exposure,8626,Exact pixel counts were not saved; these are conservative bounds.
SUCCESSFUL_UPDATES_PLUS_FAILING_FORWARD,YUNNAN_INSIDE,per_tau_pixel_exposures,count_strictly_above,17,0.515625,1000,6.90875477931522,,NOT_RECOVERABLE_FROM_SAVED_OBSERVATIONS,0,59140060,scene-pixel exposure,8626,Exact pixel counts were not saved; these are conservative bounds.
SUCCESSFUL_UPDATES_PLUS_FAILING_FORWARD,YUNNAN_INSIDE,per_tau_pixel_exposures,count_strictly_above,18,0.546875,1000,6.90875477931522,,NOT_RECOVERABLE_FROM_SAVED_OBSERVATIONS,0,59146920,scene-pixel exposure,8626,Exact pixel counts were not saved; these are conservative bounds.
SUCCESSFUL_UPDATES_PLUS_FAILING_FORWARD,YUNNAN_INSIDE,per_tau_pixel_exposures,count_strictly_above,19,0.578125,1000,6.90875477931522,,NOT_RECOVERABLE_FROM_SAVED_OBSERVATIONS,0,59146920,scene-pixel exposure,8626,Exact pixel counts were not saved; these are conservative bounds.
SUCCESSFUL_UPDATES_PLUS_FAILING_FORWARD,YUNNAN_INSIDE,per_tau_pixel_exposures,count_strictly_above,20,0.609375,1000,6.90875477931522,,NOT_RECOVERABLE_FROM_SAVED_OBSERVATIONS,0,59146920,scene-pixel exposure,8626,Exact pixel counts were not saved; these are conservative bounds.
SUCCESSFUL_UPDATES_PLUS_FAILING_FORWARD,YUNNAN_INSIDE,per_tau_pixel_exposures,count_strictly_above,21,0.640625,1000,6.90875477931522,,NOT_RECOVERABLE_FROM_SAVED_OBSERVATIONS,0,59153780,scene-pixel exposure,8626,Exact pixel counts were not saved; these are conservative bounds.
SUCCESSFUL_UPDATES_PLUS_FAILING_FORWARD,YUNNAN_INSIDE,per_tau_pixel_exposures,count_strictly_above,22,0.671875,1000,6.90875477931522,,NOT_RECOVERABLE_FROM_SAVED_OBSERVATIONS,0,59153780,scene-pixel exposure,8626,Exact pixel counts were not saved; these are conservative bounds.
SUCCESSFUL_UPDATES_PLUS_FAILING_FORWARD,YUNNAN_INSIDE,per_tau_pixel_exposures,count_strictly_above,23,0.703125,1000,6.90875477931522,,NOT_RECOVERABLE_FROM_SAVED_OBSERVATIONS,0,59153780,scene-pixel exposure,8626,Exact pixel counts were not saved; these are conservative bounds.
SUCCESSFUL_UPDATES_PLUS_FAILING_FORWARD,YUNNAN_INSIDE,per_tau_pixel_exposures,count_strictly_above,24,0.734375,1000,6.90875477931522,,NOT_RECOVERABLE_FROM_SAVED_OBSERVATIONS,0,59153780,scene-pixel exposure,8626,Exact pixel counts were not saved; these are conservative bounds.
SUCCESSFUL_UPDATES_PLUS_FAILING_FORWARD,YUNNAN_INSIDE,per_tau_pixel_exposures,count_strictly_above,25,0.765625,1000,6.90875477931522,,NOT_RECOVERABLE_FROM_SAVED_OBSERVATIONS,0,59153780,scene-pixel exposure,8626,Exact pixel counts were not saved; these are conservative bounds.
SUCCESSFUL_UPDATES_PLUS_FAILING_FORWARD,YUNNAN_INSIDE,per_tau_pixel_exposures,count_strictly_above,26,0.796875,1000,6.90875477931522,,NOT_RECOVERABLE_FROM_SAVED_OBSERVATIONS,0,59153780,scene-pixel exposure,8626,Exact pixel counts were not saved; these are conservative bounds.
SUCCESSFUL_UPDATES_PLUS_FAILING_FORWARD,YUNNAN_INSIDE,per_tau_pixel_exposures,count_strictly_above,27,0.828125,1000,6.90875477931522,,NOT_RECOVERABLE_FROM_SAVED_OBSERVATIONS,0,59160640,scene-pixel exposure,8626,Exact pixel counts were not saved; these are conservative bounds.
SUCCESSFUL_UPDATES_PLUS_FAILING_FORWARD,YUNNAN_INSIDE,per_tau_pixel_exposures,count_strictly_above,28,0.859375,1000,6.90875477931522,,NOT_RECOVERABLE_FROM_SAVED_OBSERVATIONS,0,59167500,scene-pixel exposure,8626,Exact pixel counts were not saved; these are conservative bounds.
SUCCESSFUL_UPDATES_PLUS_FAILING_FORWARD,YUNNAN_INSIDE,per_tau_pixel_exposures,count_strictly_above,29,0.890625,1000,6.90875477931522,,NOT_RECOVERABLE_FROM_SAVED_OBSERVATIONS,0,59167500,scene-pixel exposure,8626,Exact pixel counts were not saved; these are conservative bounds.
SUCCESSFUL_UPDATES_PLUS_FAILING_FORWARD,YUNNAN_INSIDE,per_tau_pixel_exposures,count_strictly_above,30,0.921875,1000,6.90875477931522,,NOT_RECOVERABLE_FROM_SAVED_OBSERVATIONS,0,59167500,scene-pixel exposure,8626,Exact pixel counts were not saved; these are conservative bounds.
SUCCESSFUL_UPDATES_PLUS_FAILING_FORWARD,YUNNAN_INSIDE,per_tau_pixel_exposures,count_strictly_above,31,0.953125,1000,6.90875477931522,,NOT_RECOVERABLE_FROM_SAVED_OBSERVATIONS,0,59167500,scene-pixel exposure,8626,Exact pixel counts were not saved; these are conservative bounds.
SUCCESSFUL_UPDATES_PLUS_FAILING_FORWARD,YUNNAN_INSIDE,per_tau_pixel_exposures,count_strictly_above,32,0.984375,1000,6.90875477931522,,NOT_RECOVERABLE_FROM_SAVED_OBSERVATIONS,0,59167500,scene-pixel exposure,8626,Exact pixel counts were not saved; these are conservative bounds.
SUCCESSFUL_UPDATES_PLUS_FAILING_FORWARD,YUNNAN_INSIDE,pixel_tau_exposure_count,count_strictly_above,,,1000,6.90875477931522,,NOT_RECOVERABLE_FROM_SAVED_OBSERVATIONS,0,1875654340,scene-pixel-tau exposure,8626,Exact pixel counts were not saved; these are conservative bounds.
SUCCESSFUL_UPDATES_PLUS_FAILING_FORWARD,YUNNAN_INSIDE,spatial_pixel_exposure_count_any_tau,count_strictly_above,,,1000,6.90875477931522,,NOT_RECOVERABLE_FROM_SAVED_OBSERVATIONS,0,59167500,scene-pixel exposure (any tau),8626,Exact pixel counts were not saved; these are conservative bounds.
SUCCESSFUL_UPDATES_PLUS_FAILING_FORWARD,YUNNAN_OUTSIDE,pooled_pixel_quantile_distribution,p99,,,,,,NOT_RECOVERABLE_FROM_SAVED_OBSERVATIONS,,721.2174966216189,log1p(mm/h),8626,Regional full pixel qlog arrays/histograms were not saved.
SUCCESSFUL_UPDATES_PLUS_FAILING_FORWARD,YUNNAN_OUTSIDE,pooled_pixel_quantile_distribution,p99_9,,,,,,NOT_RECOVERABLE_FROM_SAVED_OBSERVATIONS,,721.2174966216189,log1p(mm/h),8626,Regional full pixel qlog arrays/histograms were not saved.
SUCCESSFUL_UPDATES_PLUS_FAILING_FORWARD,YUNNAN_OUTSIDE,pooled_pixel_quantile_distribution,max,,,,,721.2174966216189,EXACT_FROM_SAVED_OBSERVATIONS,721.2174966216189,721.2174966216189,log1p(mm/h),8626,Known regional pixel attains the cohort whole-grid maximum.
SUCCESSFUL_UPDATES_PLUS_FAILING_FORWARD,YUNNAN_OUTSIDE,per_forward_region_max_distribution,p99,,,,,,NOT_RECOVERABLE_FROM_SAVED_OBSERVATIONS,,532.9835015132659,log1p(mm/h),8626,Regional forward maxima were not saved; corresponding whole-grid percentile is an upper bound.
SUCCESSFUL_UPDATES_PLUS_FAILING_FORWARD,YUNNAN_OUTSIDE,per_forward_region_max_distribution,p99_9,,,,,,NOT_RECOVERABLE_FROM_SAVED_OBSERVATIONS,,637.9910460306833,log1p(mm/h),8626,Regional forward maxima were not saved; corresponding whole-grid percentile is an upper bound.
SUCCESSFUL_UPDATES_PLUS_FAILING_FORWARD,YUNNAN_OUTSIDE,per_forward_region_max_distribution,max,,,,,721.2174966216189,EXACT_FROM_SAVED_OBSERVATIONS,721.2174966216189,721.2174966216189,log1p(mm/h),8626,Known regional pixel attains the cohort whole-grid maximum.
SUCCESSFUL_UPDATES_PLUS_FAILING_FORWARD,YUNNAN_OUTSIDE,pooled_pixels_per_tau,max,1,0.015625,,,24.899046730707646,EXACT_FROM_SAVED_OBSERVATIONS,24.899046730707646,24.899046730707646,log1p(mm/h),8626,Known regional pixel attains the cohort whole-grid maximum.
SUCCESSFUL_UPDATES_PLUS_FAILING_FORWARD,YUNNAN_OUTSIDE,pooled_pixels_per_tau,max,2,0.046875,,,52.744363481806275,EXACT_FROM_SAVED_OBSERVATIONS,52.744363481806275,52.744363481806275,log1p(mm/h),8626,Known regional pixel attains the cohort whole-grid maximum.
SUCCESSFUL_UPDATES_PLUS_FAILING_FORWARD,YUNNAN_OUTSIDE,pooled_pixels_per_tau,max,3,0.078125,,,72.78914121618128,EXACT_FROM_SAVED_OBSERVATIONS,72.78914121618128,72.78914121618128,log1p(mm/h),8626,Known regional pixel attains the cohort whole-grid maximum.
SUCCESSFUL_UPDATES_PLUS_FAILING_FORWARD,YUNNAN_OUTSIDE,pooled_pixels_per_tau,max,4,0.109375,,,91.5726636932317,EXACT_FROM_SAVED_OBSERVATIONS,91.5726636932317,91.5726636932317,log1p(mm/h),8626,Known regional pixel attains the cohort whole-grid maximum.
SUCCESSFUL_UPDATES_PLUS_FAILING_FORWARD,YUNNAN_OUTSIDE,pooled_pixels_per_tau,max,5,0.140625,,,114.44625498046315,EXACT_FROM_SAVED_OBSERVATIONS,114.44625498046315,114.44625498046315,log1p(mm/h),8626,Known regional pixel attains the cohort whole-grid maximum.
SUCCESSFUL_UPDATES_PLUS_FAILING_FORWARD,YUNNAN_OUTSIDE,pooled_pixels_per_tau,max,6,0.171875,,,146.86943923949636,EXACT_FROM_SAVED_OBSERVATIONS,146.86943923949636,146.86943923949636,log1p(mm/h),8626,Known regional pixel attains the cohort whole-grid maximum.
SUCCESSFUL_UPDATES_PLUS_FAILING_FORWARD,YUNNAN_OUTSIDE,pooled_pixels_per_tau,max,7,0.203125,,,162.61949932967886,EXACT_FROM_SAVED_OBSERVATIONS,162.61949932967886,162.61949932967886,log1p(mm/h),8626,Known regional pixel attains the cohort whole-grid maximum.
SUCCESSFUL_UPDATES_PLUS_FAILING_FORWARD,YUNNAN_OUTSIDE,pooled_pixels_per_tau,max,8,0.234375,,,166.86805794533964,EXACT_FROM_SAVED_OBSERVATIONS,166.86805794533964,166.86805794533964,log1p(mm/h),8626,Known regional pixel attains the cohort whole-grid maximum.
SUCCESSFUL_UPDATES_PLUS_FAILING_FORWARD,YUNNAN_OUTSIDE,pooled_pixels_per_tau,max,9,0.265625,,,176.44857216986557,EXACT_FROM_SAVED_OBSERVATIONS,176.44857216986557,176.44857216986557,log1p(mm/h),8626,Known regional pixel attains the cohort whole-grid maximum.
SUCCESSFUL_UPDATES_PLUS_FAILING_FORWARD,YUNNAN_OUTSIDE,pooled_pixels_per_tau,max,10,0.296875,,,195.7582730040547,EXACT_FROM_SAVED_OBSERVATIONS,195.7582730040547,195.7582730040547,log1p(mm/h),8626,Known regional pixel attains the cohort whole-grid maximum.
SUCCESSFUL_UPDATES_PLUS_FAILING_FORWARD,YUNNAN_OUTSIDE,pooled_pixels_per_tau,max,11,0.328125,,,223.53547642812697,EXACT_FROM_SAVED_OBSERVATIONS,223.53547642812697,223.53547642812697,log1p(mm/h),8626,Known regional pixel attains the cohort whole-grid maximum.
SUCCESSFUL_UPDATES_PLUS_FAILING_FORWARD,YUNNAN_OUTSIDE,pooled_pixels_per_tau,max,12,0.359375,,,254.16193636770217,EXACT_FROM_SAVED_OBSERVATIONS,254.16193636770217,254.16193636770217,log1p(mm/h),8626,Known regional pixel attains the cohort whole-grid maximum.
SUCCESSFUL_UPDATES_PLUS_FAILING_FORWARD,YUNNAN_OUTSIDE,pooled_pixels_per_tau,max,13,0.390625,,,271.7716078471154,EXACT_FROM_SAVED_OBSERVATIONS,271.7716078471154,271.7716078471154,log1p(mm/h),8626,Known regional pixel attains the cohort whole-grid maximum.
SUCCESSFUL_UPDATES_PLUS_FAILING_FORWARD,YUNNAN_OUTSIDE,pooled_pixels_per_tau,max,14,0.421875,,,283.9978222526158,EXACT_FROM_SAVED_OBSERVATIONS,283.9978222526158,283.9978222526158,log1p(mm/h),8626,Known regional pixel attains the cohort whole-grid maximum.
SUCCESSFUL_UPDATES_PLUS_FAILING_FORWARD,YUNNAN_OUTSIDE,pooled_pixels_per_tau,max,15,0.453125,,,313.85624439617044,EXACT_FROM_SAVED_OBSERVATIONS,313.85624439617044,313.85624439617044,log1p(mm/h),8626,Known regional pixel attains the cohort whole-grid maximum.
SUCCESSFUL_UPDATES_PLUS_FAILING_FORWARD,YUNNAN_OUTSIDE,pooled_pixels_per_tau,max,16,0.484375,,,343.23622339397315,EXACT_FROM_SAVED_OBSERVATIONS,343.23622339397315,343.23622339397315,log1p(mm/h),8626,Known regional pixel attains the cohort whole-grid maximum.
SUCCESSFUL_UPDATES_PLUS_FAILING_FORWARD,YUNNAN_OUTSIDE,pooled_pixels_per_tau,max,17,0.515625,,,357.95030066121313,EXACT_FROM_SAVED_OBSERVATIONS,357.95030066121313,357.95030066121313,log1p(mm/h),8626,Known regional pixel attains the cohort whole-grid maximum.
SUCCESSFUL_UPDATES_PLUS_FAILING_FORWARD,YUNNAN_OUTSIDE,pooled_pixels_per_tau,max,18,0.546875,,,381.9613164174387,EXACT_FROM_SAVED_OBSERVATIONS,381.9613164174387,381.9613164174387,log1p(mm/h),8626,Known regional pixel attains the cohort whole-grid maximum.
SUCCESSFUL_UPDATES_PLUS_FAILING_FORWARD,YUNNAN_OUTSIDE,pooled_pixels_per_tau,max,19,0.578125,,,410.91248911030976,EXACT_FROM_SAVED_OBSERVATIONS,410.91248911030976,410.91248911030976,log1p(mm/h),8626,Known regional pixel attains the cohort whole-grid maximum.
SUCCESSFUL_UPDATES_PLUS_FAILING_FORWARD,YUNNAN_OUTSIDE,pooled_pixels_per_tau,max,20,0.609375,,,436.31466583150115,EXACT_FROM_SAVED_OBSERVATIONS,436.31466583150115,436.31466583150115,log1p(mm/h),8626,Known regional pixel attains the cohort whole-grid maximum.
SUCCESSFUL_UPDATES_PLUS_FAILING_FORWARD,YUNNAN_OUTSIDE,pooled_pixels_per_tau,max,21,0.640625,,,452.6420650306662,EXACT_FROM_SAVED_OBSERVATIONS,452.6420650306662,452.6420650306662,log1p(mm/h),8626,Known regional pixel attains the cohort whole-grid maximum.
SUCCESSFUL_UPDATES_PLUS_FAILING_FORWARD,YUNNAN_OUTSIDE,pooled_pixels_per_tau,max,22,0.671875,,,481.99036678237513,EXACT_FROM_SAVED_OBSERVATIONS,481.99036678237513,481.99036678237513,log1p(mm/h),8626,Known regional pixel attains the cohort whole-grid maximum.
SUCCESSFUL_UPDATES_PLUS_FAILING_FORWARD,YUNNAN_OUTSIDE,pooled_pixels_per_tau,max,23,0.703125,,,508.26223916701866,EXACT_FROM_SAVED_OBSERVATIONS,508.26223916701866,508.26223916701866,log1p(mm/h),8626,Known regional pixel attains the cohort whole-grid maximum.
SUCCESSFUL_UPDATES_PLUS_FAILING_FORWARD,YUNNAN_OUTSIDE,pooled_pixels_per_tau,max,24,0.734375,,,531.7230077308615,EXACT_FROM_SAVED_OBSERVATIONS,531.7230077308615,531.7230077308615,log1p(mm/h),8626,Known regional pixel attains the cohort whole-grid maximum.
SUCCESSFUL_UPDATES_PLUS_FAILING_FORWARD,YUNNAN_OUTSIDE,pooled_pixels_per_tau,max,25,0.765625,,,551.1164106521228,EXACT_FROM_SAVED_OBSERVATIONS,551.1164106521228,551.1164106521228,log1p(mm/h),8626,Known regional pixel attains the cohort whole-grid maximum.
SUCCESSFUL_UPDATES_PLUS_FAILING_FORWARD,YUNNAN_OUTSIDE,pooled_pixels_per_tau,max,26,0.796875,,,551.1216490112137,EXACT_FROM_SAVED_OBSERVATIONS,551.1216490112137,551.1216490112137,log1p(mm/h),8626,Known regional pixel attains the cohort whole-grid maximum.
SUCCESSFUL_UPDATES_PLUS_FAILING_FORWARD,YUNNAN_OUTSIDE,pooled_pixels_per_tau,max,27,0.828125,,,563.3060430998905,EXACT_FROM_SAVED_OBSERVATIONS,563.3060430998905,563.3060430998905,log1p(mm/h),8626,Known regional pixel attains the cohort whole-grid maximum.
SUCCESSFUL_UPDATES_PLUS_FAILING_FORWARD,YUNNAN_OUTSIDE,pooled_pixels_per_tau,max,28,0.859375,,,589.4443686553104,EXACT_FROM_SAVED_OBSERVATIONS,589.4443686553104,589.4443686553104,log1p(mm/h),8626,Known regional pixel attains the cohort whole-grid maximum.
SUCCESSFUL_UPDATES_PLUS_FAILING_FORWARD,YUNNAN_OUTSIDE,pooled_pixels_per_tau,max,29,0.890625,,,622.4111282012088,EXACT_FROM_SAVED_OBSERVATIONS,622.4111282012088,622.4111282012088,log1p(mm/h),8626,Known regional pixel attains the cohort whole-grid maximum.
SUCCESSFUL_UPDATES_PLUS_FAILING_FORWARD,YUNNAN_OUTSIDE,pooled_pixels_per_tau,max,30,0.921875,,,644.6437797759158,EXACT_FROM_SAVED_OBSERVATIONS,644.6437797759158,644.6437797759158,log1p(mm/h),8626,Known regional pixel attains the cohort whole-grid maximum.
SUCCESSFUL_UPDATES_PLUS_FAILING_FORWARD,YUNNAN_OUTSIDE,pooled_pixels_per_tau,max,31,0.953125,,,684.797188644324,EXACT_FROM_SAVED_OBSERVATIONS,684.797188644324,684.797188644324,log1p(mm/h),8626,Known regional pixel attains the cohort whole-grid maximum.
SUCCESSFUL_UPDATES_PLUS_FAILING_FORWARD,YUNNAN_OUTSIDE,pooled_pixels_per_tau,max,32,0.984375,,,721.2174966216189,EXACT_FROM_SAVED_OBSERVATIONS,721.2174966216189,721.2174966216189,log1p(mm/h),8626,Known regional pixel attains the cohort whole-grid maximum.
SUCCESSFUL_UPDATES_PLUS_FAILING_FORWARD,YUNNAN_OUTSIDE,per_tau_pixel_exposures,count_strictly_above,1,0.015625,10,2.3978952727983707,,NOT_RECOVERABLE_FROM_SAVED_OBSERVATIONS,1,111479760,scene-pixel exposure,8626,Exact pixel counts were not saved; these are conservative bounds.
SUCCESSFUL_UPDATES_PLUS_FAILING_FORWARD,YUNNAN_OUTSIDE,per_tau_pixel_exposures,count_strictly_above,2,0.046875,10,2.3978952727983707,,NOT_RECOVERABLE_FROM_SAVED_OBSERVATIONS,1,112990860,scene-pixel exposure,8626,Exact pixel counts were not saved; these are conservative bounds.
SUCCESSFUL_UPDATES_PLUS_FAILING_FORWARD,YUNNAN_OUTSIDE,per_tau_pixel_exposures,count_strictly_above,3,0.078125,10,2.3978952727983707,,NOT_RECOVERABLE_FROM_SAVED_OBSERVATIONS,1,113109120,scene-pixel exposure,8626,Exact pixel counts were not saved; these are conservative bounds.
SUCCESSFUL_UPDATES_PLUS_FAILING_FORWARD,YUNNAN_OUTSIDE,per_tau_pixel_exposures,count_strictly_above,4,0.109375,10,2.3978952727983707,,NOT_RECOVERABLE_FROM_SAVED_OBSERVATIONS,1,113187960,scene-pixel exposure,8626,Exact pixel counts were not saved; these are conservative bounds.
SUCCESSFUL_UPDATES_PLUS_FAILING_FORWARD,YUNNAN_OUTSIDE,per_tau_pixel_exposures,count_strictly_above,5,0.140625,10,2.3978952727983707,,NOT_RECOVERABLE_FROM_SAVED_OBSERVATIONS,1,113214240,scene-pixel exposure,8626,Exact pixel counts were not saved; these are conservative bounds.
SUCCESSFUL_UPDATES_PLUS_FAILING_FORWARD,YUNNAN_OUTSIDE,per_tau_pixel_exposures,count_strictly_above,6,0.171875,10,2.3978952727983707,,NOT_RECOVERABLE_FROM_SAVED_OBSERVATIONS,1,113306220,scene-pixel exposure,8626,Exact pixel counts were not saved; these are conservative bounds.
SUCCESSFUL_UPDATES_PLUS_FAILING_FORWARD,YUNNAN_OUTSIDE,per_tau_pixel_exposures,count_strictly_above,7,0.203125,10,2.3978952727983707,,NOT_RECOVERABLE_FROM_SAVED_OBSERVATIONS,1,113306220,scene-pixel exposure,8626,Exact pixel counts were not saved; these are conservative bounds.
SUCCESSFUL_UPDATES_PLUS_FAILING_FORWARD,YUNNAN_OUTSIDE,per_tau_pixel_exposures,count_strictly_above,8,0.234375,10,2.3978952727983707,,NOT_RECOVERABLE_FROM_SAVED_OBSERVATIONS,1,113306220,scene-pixel exposure,8626,Exact pixel counts were not saved; these are conservative bounds.
SUCCESSFUL_UPDATES_PLUS_FAILING_FORWARD,YUNNAN_OUTSIDE,per_tau_pixel_exposures,count_strictly_above,9,0.265625,10,2.3978952727983707,,NOT_RECOVERABLE_FROM_SAVED_OBSERVATIONS,1,113306220,scene-pixel exposure,8626,Exact pixel counts were not saved; these are conservative bounds.
SUCCESSFUL_UPDATES_PLUS_FAILING_FORWARD,YUNNAN_OUTSIDE,per_tau_pixel_exposures,count_strictly_above,10,0.296875,10,2.3978952727983707,,NOT_RECOVERABLE_FROM_SAVED_OBSERVATIONS,1,113306220,scene-pixel exposure,8626,Exact pixel counts were not saved; these are conservative bounds.
SUCCESSFUL_UPDATES_PLUS_FAILING_FORWARD,YUNNAN_OUTSIDE,per_tau_pixel_exposures,count_strictly_above,11,0.328125,10,2.3978952727983707,,NOT_RECOVERABLE_FROM_SAVED_OBSERVATIONS,1,113332500,scene-pixel exposure,8626,Exact pixel counts were not saved; these are conservative bounds.
SUCCESSFUL_UPDATES_PLUS_FAILING_FORWARD,YUNNAN_OUTSIDE,per_tau_pixel_exposures,count_strictly_above,12,0.359375,10,2.3978952727983707,,NOT_RECOVERABLE_FROM_SAVED_OBSERVATIONS,1,113332500,scene-pixel exposure,8626,Exact pixel counts were not saved; these are conservative bounds.
SUCCESSFUL_UPDATES_PLUS_FAILING_FORWARD,YUNNAN_OUTSIDE,per_tau_pixel_exposures,count_strictly_above,13,0.390625,10,2.3978952727983707,,NOT_RECOVERABLE_FROM_SAVED_OBSERVATIONS,1,113332500,scene-pixel exposure,8626,Exact pixel counts were not saved; these are conservative bounds.
SUCCESSFUL_UPDATES_PLUS_FAILING_FORWARD,YUNNAN_OUTSIDE,per_tau_pixel_exposures,count_strictly_above,14,0.421875,10,2.3978952727983707,,NOT_RECOVERABLE_FROM_SAVED_OBSERVATIONS,1,113332500,scene-pixel exposure,8626,Exact pixel counts were not saved; these are conservative bounds.
SUCCESSFUL_UPDATES_PLUS_FAILING_FORWARD,YUNNAN_OUTSIDE,per_tau_pixel_exposures,count_strictly_above,15,0.453125,10,2.3978952727983707,,NOT_RECOVERABLE_FROM_SAVED_OBSERVATIONS,1,113332500,scene-pixel exposure,8626,Exact pixel counts were not saved; these are conservative bounds.
SUCCESSFUL_UPDATES_PLUS_FAILING_FORWARD,YUNNAN_OUTSIDE,per_tau_pixel_exposures,count_strictly_above,16,0.484375,10,2.3978952727983707,,NOT_RECOVERABLE_FROM_SAVED_OBSERVATIONS,1,113345640,scene-pixel exposure,8626,Exact pixel counts were not saved; these are conservative bounds.
SUCCESSFUL_UPDATES_PLUS_FAILING_FORWARD,YUNNAN_OUTSIDE,per_tau_pixel_exposures,count_strictly_above,17,0.515625,10,2.3978952727983707,,NOT_RECOVERABLE_FROM_SAVED_OBSERVATIONS,1,113345640,scene-pixel exposure,8626,Exact pixel counts were not saved; these are conservative bounds.
SUCCESSFUL_UPDATES_PLUS_FAILING_FORWARD,YUNNAN_OUTSIDE,per_tau_pixel_exposures,count_strictly_above,18,0.546875,10,2.3978952727983707,,NOT_RECOVERABLE_FROM_SAVED_OBSERVATIONS,1,113345640,scene-pixel exposure,8626,Exact pixel counts were not saved; these are conservative bounds.
SUCCESSFUL_UPDATES_PLUS_FAILING_FORWARD,YUNNAN_OUTSIDE,per_tau_pixel_exposures,count_strictly_above,19,0.578125,10,2.3978952727983707,,NOT_RECOVERABLE_FROM_SAVED_OBSERVATIONS,1,113345640,scene-pixel exposure,8626,Exact pixel counts were not saved; these are conservative bounds.
SUCCESSFUL_UPDATES_PLUS_FAILING_FORWARD,YUNNAN_OUTSIDE,per_tau_pixel_exposures,count_strictly_above,20,0.609375,10,2.3978952727983707,,NOT_RECOVERABLE_FROM_SAVED_OBSERVATIONS,1,113345640,scene-pixel exposure,8626,Exact pixel counts were not saved; these are conservative bounds.
SUCCESSFUL_UPDATES_PLUS_FAILING_FORWARD,YUNNAN_OUTSIDE,per_tau_pixel_exposures,count_strictly_above,21,0.640625,10,2.3978952727983707,,NOT_RECOVERABLE_FROM_SAVED_OBSERVATIONS,1,113345640,scene-pixel exposure,8626,Exact pixel counts were not saved; these are conservative bounds.
SUCCESSFUL_UPDATES_PLUS_FAILING_FORWARD,YUNNAN_OUTSIDE,per_tau_pixel_exposures,count_strictly_above,22,0.671875,10,2.3978952727983707,,NOT_RECOVERABLE_FROM_SAVED_OBSERVATIONS,1,113345640,scene-pixel exposure,8626,Exact pixel counts were not saved; these are conservative bounds.
SUCCESSFUL_UPDATES_PLUS_FAILING_FORWARD,YUNNAN_OUTSIDE,per_tau_pixel_exposures,count_strictly_above,23,0.703125,10,2.3978952727983707,,NOT_RECOVERABLE_FROM_SAVED_OBSERVATIONS,1,113345640,scene-pixel exposure,8626,Exact pixel counts were not saved; these are conservative bounds.
SUCCESSFUL_UPDATES_PLUS_FAILING_FORWARD,YUNNAN_OUTSIDE,per_tau_pixel_exposures,count_strictly_above,24,0.734375,10,2.3978952727983707,,NOT_RECOVERABLE_FROM_SAVED_OBSERVATIONS,1,113345640,scene-pixel exposure,8626,Exact pixel counts were not saved; these are conservative bounds.
SUCCESSFUL_UPDATES_PLUS_FAILING_FORWARD,YUNNAN_OUTSIDE,per_tau_pixel_exposures,count_strictly_above,25,0.765625,10,2.3978952727983707,,NOT_RECOVERABLE_FROM_SAVED_OBSERVATIONS,1,113345640,scene-pixel exposure,8626,Exact pixel counts were not saved; these are conservative bounds.
SUCCESSFUL_UPDATES_PLUS_FAILING_FORWARD,YUNNAN_OUTSIDE,per_tau_pixel_exposures,count_strictly_above,26,0.796875,10,2.3978952727983707,,NOT_RECOVERABLE_FROM_SAVED_OBSERVATIONS,1,113345640,scene-pixel exposure,8626,Exact pixel counts were not saved; these are conservative bounds.
SUCCESSFUL_UPDATES_PLUS_FAILING_FORWARD,YUNNAN_OUTSIDE,per_tau_pixel_exposures,count_strictly_above,27,0.828125,10,2.3978952727983707,,NOT_RECOVERABLE_FROM_SAVED_OBSERVATIONS,1,113345640,scene-pixel exposure,8626,Exact pixel counts were not saved; these are conservative bounds.
SUCCESSFUL_UPDATES_PLUS_FAILING_FORWARD,YUNNAN_OUTSIDE,per_tau_pixel_exposures,count_strictly_above,28,0.859375,10,2.3978952727983707,,NOT_RECOVERABLE_FROM_SAVED_OBSERVATIONS,1,113345640,scene-pixel exposure,8626,Exact pixel counts were not saved; these are conservative bounds.
SUCCESSFUL_UPDATES_PLUS_FAILING_FORWARD,YUNNAN_OUTSIDE,per_tau_pixel_exposures,count_strictly_above,29,0.890625,10,2.3978952727983707,,NOT_RECOVERABLE_FROM_SAVED_OBSERVATIONS,1,113345640,scene-pixel exposure,8626,Exact pixel counts were not saved; these are conservative bounds.
SUCCESSFUL_UPDATES_PLUS_FAILING_FORWARD,YUNNAN_OUTSIDE,per_tau_pixel_exposures,count_strictly_above,30,0.921875,10,2.3978952727983707,,NOT_RECOVERABLE_FROM_SAVED_OBSERVATIONS,1,113345640,scene-pixel exposure,8626,Exact pixel counts were not saved; these are conservative bounds.
SUCCESSFUL_UPDATES_PLUS_FAILING_FORWARD,YUNNAN_OUTSIDE,per_tau_pixel_exposures,count_strictly_above,31,0.953125,10,2.3978952727983707,,NOT_RECOVERABLE_FROM_SAVED_OBSERVATIONS,1,113345640,scene-pixel exposure,8626,Exact pixel counts were not saved; these are conservative bounds.
SUCCESSFUL_UPDATES_PLUS_FAILING_FORWARD,YUNNAN_OUTSIDE,per_tau_pixel_exposures,count_strictly_above,32,0.984375,10,2.3978952727983707,,NOT_RECOVERABLE_FROM_SAVED_OBSERVATIONS,1,113345640,scene-pixel exposure,8626,Exact pixel counts were not saved; these are conservative bounds.
SUCCESSFUL_UPDATES_PLUS_FAILING_FORWARD,YUNNAN_OUTSIDE,pixel_tau_exposure_count,count_strictly_above,,,10,2.3978952727983707,,NOT_RECOVERABLE_FROM_SAVED_OBSERVATIONS,32,3624051420,scene-pixel-tau exposure,8626,Exact pixel counts were not saved; these are conservative bounds.
SUCCESSFUL_UPDATES_PLUS_FAILING_FORWARD,YUNNAN_OUTSIDE,spatial_pixel_exposure_count_any_tau,count_strictly_above,,,10,2.3978952727983707,,NOT_RECOVERABLE_FROM_SAVED_OBSERVATIONS,1,113345640,scene-pixel exposure (any tau),8626,Exact pixel counts were not saved; these are conservative bounds.
SUCCESSFUL_UPDATES_PLUS_FAILING_FORWARD,YUNNAN_OUTSIDE,per_tau_pixel_exposures,count_strictly_above,1,0.015625,50,3.9318256327243257,,NOT_RECOVERABLE_FROM_SAVED_OBSERVATIONS,1,108352440,scene-pixel exposure,8626,Exact pixel counts were not saved; these are conservative bounds.
SUCCESSFUL_UPDATES_PLUS_FAILING_FORWARD,YUNNAN_OUTSIDE,per_tau_pixel_exposures,count_strictly_above,2,0.046875,50,3.9318256327243257,,NOT_RECOVERABLE_FROM_SAVED_OBSERVATIONS,1,112438980,scene-pixel exposure,8626,Exact pixel counts were not saved; these are conservative bounds.
SUCCESSFUL_UPDATES_PLUS_FAILING_FORWARD,YUNNAN_OUTSIDE,per_tau_pixel_exposures,count_strictly_above,3,0.078125,50,3.9318256327243257,,NOT_RECOVERABLE_FROM_SAVED_OBSERVATIONS,1,112688640,scene-pixel exposure,8626,Exact pixel counts were not saved; these are conservative bounds.
SUCCESSFUL_UPDATES_PLUS_FAILING_FORWARD,YUNNAN_OUTSIDE,per_tau_pixel_exposures,count_strictly_above,4,0.109375,50,3.9318256327243257,,NOT_RECOVERABLE_FROM_SAVED_OBSERVATIONS,1,112859460,scene-pixel exposure,8626,Exact pixel counts were not saved; these are conservative bounds.
SUCCESSFUL_UPDATES_PLUS_FAILING_FORWARD,YUNNAN_OUTSIDE,per_tau_pixel_exposures,count_strictly_above,5,0.140625,50,3.9318256327243257,,NOT_RECOVERABLE_FROM_SAVED_OBSERVATIONS,1,113030280,scene-pixel exposure,8626,Exact pixel counts were not saved; these are conservative bounds.
SUCCESSFUL_UPDATES_PLUS_FAILING_FORWARD,YUNNAN_OUTSIDE,per_tau_pixel_exposures,count_strictly_above,6,0.171875,50,3.9318256327243257,,NOT_RECOVERABLE_FROM_SAVED_OBSERVATIONS,1,113201100,scene-pixel exposure,8626,Exact pixel counts were not saved; these are conservative bounds.
SUCCESSFUL_UPDATES_PLUS_FAILING_FORWARD,YUNNAN_OUTSIDE,per_tau_pixel_exposures,count_strictly_above,7,0.203125,50,3.9318256327243257,,NOT_RECOVERABLE_FROM_SAVED_OBSERVATIONS,1,113214240,scene-pixel exposure,8626,Exact pixel counts were not saved; these are conservative bounds.
SUCCESSFUL_UPDATES_PLUS_FAILING_FORWARD,YUNNAN_OUTSIDE,per_tau_pixel_exposures,count_strictly_above,8,0.234375,50,3.9318256327243257,,NOT_RECOVERABLE_FROM_SAVED_OBSERVATIONS,1,113214240,scene-pixel exposure,8626,Exact pixel counts were not saved; these are conservative bounds.
SUCCESSFUL_UPDATES_PLUS_FAILING_FORWARD,YUNNAN_OUTSIDE,per_tau_pixel_exposures,count_strictly_above,9,0.265625,50,3.9318256327243257,,NOT_RECOVERABLE_FROM_SAVED_OBSERVATIONS,1,113214240,scene-pixel exposure,8626,Exact pixel counts were not saved; these are conservative bounds.
SUCCESSFUL_UPDATES_PLUS_FAILING_FORWARD,YUNNAN_OUTSIDE,per_tau_pixel_exposures,count_strictly_above,10,0.296875,50,3.9318256327243257,,NOT_RECOVERABLE_FROM_SAVED_OBSERVATIONS,1,113266800,scene-pixel exposure,8626,Exact pixel counts were not saved; these are conservative bounds.
SUCCESSFUL_UPDATES_PLUS_FAILING_FORWARD,YUNNAN_OUTSIDE,per_tau_pixel_exposures,count_strictly_above,11,0.328125,50,3.9318256327243257,,NOT_RECOVERABLE_FROM_SAVED_OBSERVATIONS,1,113306220,scene-pixel exposure,8626,Exact pixel counts were not saved; these are conservative bounds.
SUCCESSFUL_UPDATES_PLUS_FAILING_FORWARD,YUNNAN_OUTSIDE,per_tau_pixel_exposures,count_strictly_above,12,0.359375,50,3.9318256327243257,,NOT_RECOVERABLE_FROM_SAVED_OBSERVATIONS,1,113306220,scene-pixel exposure,8626,Exact pixel counts were not saved; these are conservative bounds.
SUCCESSFUL_UPDATES_PLUS_FAILING_FORWARD,YUNNAN_OUTSIDE,per_tau_pixel_exposures,count_strictly_above,13,0.390625,50,3.9318256327243257,,NOT_RECOVERABLE_FROM_SAVED_OBSERVATIONS,1,113306220,scene-pixel exposure,8626,Exact pixel counts were not saved; these are conservative bounds.
SUCCESSFUL_UPDATES_PLUS_FAILING_FORWARD,YUNNAN_OUTSIDE,per_tau_pixel_exposures,count_strictly_above,14,0.421875,50,3.9318256327243257,,NOT_RECOVERABLE_FROM_SAVED_OBSERVATIONS,1,113306220,scene-pixel exposure,8626,Exact pixel counts were not saved; these are conservative bounds.
SUCCESSFUL_UPDATES_PLUS_FAILING_FORWARD,YUNNAN_OUTSIDE,per_tau_pixel_exposures,count_strictly_above,15,0.453125,50,3.9318256327243257,,NOT_RECOVERABLE_FROM_SAVED_OBSERVATIONS,1,113306220,scene-pixel exposure,8626,Exact pixel counts were not saved; these are conservative bounds.
SUCCESSFUL_UPDATES_PLUS_FAILING_FORWARD,YUNNAN_OUTSIDE,per_tau_pixel_exposures,count_strictly_above,16,0.484375,50,3.9318256327243257,,NOT_RECOVERABLE_FROM_SAVED_OBSERVATIONS,1,113332500,scene-pixel exposure,8626,Exact pixel counts were not saved; these are conservative bounds.
SUCCESSFUL_UPDATES_PLUS_FAILING_FORWARD,YUNNAN_OUTSIDE,per_tau_pixel_exposures,count_strictly_above,17,0.515625,50,3.9318256327243257,,NOT_RECOVERABLE_FROM_SAVED_OBSERVATIONS,1,113332500,scene-pixel exposure,8626,Exact pixel counts were not saved; these are conservative bounds.
SUCCESSFUL_UPDATES_PLUS_FAILING_FORWARD,YUNNAN_OUTSIDE,per_tau_pixel_exposures,count_strictly_above,18,0.546875,50,3.9318256327243257,,NOT_RECOVERABLE_FROM_SAVED_OBSERVATIONS,1,113332500,scene-pixel exposure,8626,Exact pixel counts were not saved; these are conservative bounds.
SUCCESSFUL_UPDATES_PLUS_FAILING_FORWARD,YUNNAN_OUTSIDE,per_tau_pixel_exposures,count_strictly_above,19,0.578125,50,3.9318256327243257,,NOT_RECOVERABLE_FROM_SAVED_OBSERVATIONS,1,113332500,scene-pixel exposure,8626,Exact pixel counts were not saved; these are conservative bounds.
SUCCESSFUL_UPDATES_PLUS_FAILING_FORWARD,YUNNAN_OUTSIDE,per_tau_pixel_exposures,count_strictly_above,20,0.609375,50,3.9318256327243257,,NOT_RECOVERABLE_FROM_SAVED_OBSERVATIONS,1,113332500,scene-pixel exposure,8626,Exact pixel counts were not saved; these are conservative bounds.
SUCCESSFUL_UPDATES_PLUS_FAILING_FORWARD,YUNNAN_OUTSIDE,per_tau_pixel_exposures,count_strictly_above,21,0.640625,50,3.9318256327243257,,NOT_RECOVERABLE_FROM_SAVED_OBSERVATIONS,1,113332500,scene-pixel exposure,8626,Exact pixel counts were not saved; these are conservative bounds.
SUCCESSFUL_UPDATES_PLUS_FAILING_FORWARD,YUNNAN_OUTSIDE,per_tau_pixel_exposures,count_strictly_above,22,0.671875,50,3.9318256327243257,,NOT_RECOVERABLE_FROM_SAVED_OBSERVATIONS,1,113332500,scene-pixel exposure,8626,Exact pixel counts were not saved; these are conservative bounds.
SUCCESSFUL_UPDATES_PLUS_FAILING_FORWARD,YUNNAN_OUTSIDE,per_tau_pixel_exposures,count_strictly_above,23,0.703125,50,3.9318256327243257,,NOT_RECOVERABLE_FROM_SAVED_OBSERVATIONS,1,113332500,scene-pixel exposure,8626,Exact pixel counts were not saved; these are conservative bounds.
SUCCESSFUL_UPDATES_PLUS_FAILING_FORWARD,YUNNAN_OUTSIDE,per_tau_pixel_exposures,count_strictly_above,24,0.734375,50,3.9318256327243257,,NOT_RECOVERABLE_FROM_SAVED_OBSERVATIONS,1,113332500,scene-pixel exposure,8626,Exact pixel counts were not saved; these are conservative bounds.
SUCCESSFUL_UPDATES_PLUS_FAILING_FORWARD,YUNNAN_OUTSIDE,per_tau_pixel_exposures,count_strictly_above,25,0.765625,50,3.9318256327243257,,NOT_RECOVERABLE_FROM_SAVED_OBSERVATIONS,1,113332500,scene-pixel exposure,8626,Exact pixel counts were not saved; these are conservative bounds.
SUCCESSFUL_UPDATES_PLUS_FAILING_FORWARD,YUNNAN_OUTSIDE,per_tau_pixel_exposures,count_strictly_above,26,0.796875,50,3.9318256327243257,,NOT_RECOVERABLE_FROM_SAVED_OBSERVATIONS,1,113332500,scene-pixel exposure,8626,Exact pixel counts were not saved; these are conservative bounds.
SUCCESSFUL_UPDATES_PLUS_FAILING_FORWARD,YUNNAN_OUTSIDE,per_tau_pixel_exposures,count_strictly_above,27,0.828125,50,3.9318256327243257,,NOT_RECOVERABLE_FROM_SAVED_OBSERVATIONS,1,113345640,scene-pixel exposure,8626,Exact pixel counts were not saved; these are conservative bounds.
SUCCESSFUL_UPDATES_PLUS_FAILING_FORWARD,YUNNAN_OUTSIDE,per_tau_pixel_exposures,count_strictly_above,28,0.859375,50,3.9318256327243257,,NOT_RECOVERABLE_FROM_SAVED_OBSERVATIONS,1,113345640,scene-pixel exposure,8626,Exact pixel counts were not saved; these are conservative bounds.
SUCCESSFUL_UPDATES_PLUS_FAILING_FORWARD,YUNNAN_OUTSIDE,per_tau_pixel_exposures,count_strictly_above,29,0.890625,50,3.9318256327243257,,NOT_RECOVERABLE_FROM_SAVED_OBSERVATIONS,1,113345640,scene-pixel exposure,8626,Exact pixel counts were not saved; these are conservative bounds.
SUCCESSFUL_UPDATES_PLUS_FAILING_FORWARD,YUNNAN_OUTSIDE,per_tau_pixel_exposures,count_strictly_above,30,0.921875,50,3.9318256327243257,,NOT_RECOVERABLE_FROM_SAVED_OBSERVATIONS,1,113345640,scene-pixel exposure,8626,Exact pixel counts were not saved; these are conservative bounds.
SUCCESSFUL_UPDATES_PLUS_FAILING_FORWARD,YUNNAN_OUTSIDE,per_tau_pixel_exposures,count_strictly_above,31,0.953125,50,3.9318256327243257,,NOT_RECOVERABLE_FROM_SAVED_OBSERVATIONS,1,113345640,scene-pixel exposure,8626,Exact pixel counts were not saved; these are conservative bounds.
SUCCESSFUL_UPDATES_PLUS_FAILING_FORWARD,YUNNAN_OUTSIDE,per_tau_pixel_exposures,count_strictly_above,32,0.984375,50,3.9318256327243257,,NOT_RECOVERABLE_FROM_SAVED_OBSERVATIONS,1,113345640,scene-pixel exposure,8626,Exact pixel counts were not saved; these are conservative bounds.
SUCCESSFUL_UPDATES_PLUS_FAILING_FORWARD,YUNNAN_OUTSIDE,pixel_tau_exposure_count,count_strictly_above,,,50,3.9318256327243257,,NOT_RECOVERABLE_FROM_SAVED_OBSERVATIONS,32,3618742860,scene-pixel-tau exposure,8626,Exact pixel counts were not saved; these are conservative bounds.
SUCCESSFUL_UPDATES_PLUS_FAILING_FORWARD,YUNNAN_OUTSIDE,spatial_pixel_exposure_count_any_tau,count_strictly_above,,,50,3.9318256327243257,,NOT_RECOVERABLE_FROM_SAVED_OBSERVATIONS,1,113345640,scene-pixel exposure (any tau),8626,Exact pixel counts were not saved; these are conservative bounds.
SUCCESSFUL_UPDATES_PLUS_FAILING_FORWARD,YUNNAN_OUTSIDE,per_tau_pixel_exposures,count_strictly_above,1,0.015625,100,4.61512051684126,,NOT_RECOVERABLE_FROM_SAVED_OBSERVATIONS,1,106250040,scene-pixel exposure,8626,Exact pixel counts were not saved; these are conservative bounds.
SUCCESSFUL_UPDATES_PLUS_FAILING_FORWARD,YUNNAN_OUTSIDE,per_tau_pixel_exposures,count_strictly_above,2,0.046875,100,4.61512051684126,,NOT_RECOVERABLE_FROM_SAVED_OBSERVATIONS,1,112110480,scene-pixel exposure,8626,Exact pixel counts were not saved; these are conservative bounds.
SUCCESSFUL_UPDATES_PLUS_FAILING_FORWARD,YUNNAN_OUTSIDE,per_tau_pixel_exposures,count_strictly_above,3,0.078125,100,4.61512051684126,,NOT_RECOVERABLE_FROM_SAVED_OBSERVATIONS,1,112491540,scene-pixel exposure,8626,Exact pixel counts were not saved; these are conservative bounds.
SUCCESSFUL_UPDATES_PLUS_FAILING_FORWARD,YUNNAN_OUTSIDE,per_tau_pixel_exposures,count_strictly_above,4,0.109375,100,4.61512051684126,,NOT_RECOVERABLE_FROM_SAVED_OBSERVATIONS,1,112728060,scene-pixel exposure,8626,Exact pixel counts were not saved; these are conservative bounds.
SUCCESSFUL_UPDATES_PLUS_FAILING_FORWARD,YUNNAN_OUTSIDE,per_tau_pixel_exposures,count_strictly_above,5,0.140625,100,4.61512051684126,,NOT_RECOVERABLE_FROM_SAVED_OBSERVATIONS,1,112898880,scene-pixel exposure,8626,Exact pixel counts were not saved; these are conservative bounds.
SUCCESSFUL_UPDATES_PLUS_FAILING_FORWARD,YUNNAN_OUTSIDE,per_tau_pixel_exposures,count_strictly_above,6,0.171875,100,4.61512051684126,,NOT_RECOVERABLE_FROM_SAVED_OBSERVATIONS,1,113135400,scene-pixel exposure,8626,Exact pixel counts were not saved; these are conservative bounds.
SUCCESSFUL_UPDATES_PLUS_FAILING_FORWARD,YUNNAN_OUTSIDE,per_tau_pixel_exposures,count_strictly_above,7,0.203125,100,4.61512051684126,,NOT_RECOVERABLE_FROM_SAVED_OBSERVATIONS,1,113174820,scene-pixel exposure,8626,Exact pixel counts were not saved; these are conservative bounds.
SUCCESSFUL_UPDATES_PLUS_FAILING_FORWARD,YUNNAN_OUTSIDE,per_tau_pixel_exposures,count_strictly_above,8,0.234375,100,4.61512051684126,,NOT_RECOVERABLE_FROM_SAVED_OBSERVATIONS,1,113187960,scene-pixel exposure,8626,Exact pixel counts were not saved; these are conservative bounds.
SUCCESSFUL_UPDATES_PLUS_FAILING_FORWARD,YUNNAN_OUTSIDE,per_tau_pixel_exposures,count_strictly_above,9,0.265625,100,4.61512051684126,,NOT_RECOVERABLE_FROM_SAVED_OBSERVATIONS,1,113201100,scene-pixel exposure,8626,Exact pixel counts were not saved; these are conservative bounds.
SUCCESSFUL_UPDATES_PLUS_FAILING_FORWARD,YUNNAN_OUTSIDE,per_tau_pixel_exposures,count_strictly_above,10,0.296875,100,4.61512051684126,,NOT_RECOVERABLE_FROM_SAVED_OBSERVATIONS,1,113214240,scene-pixel exposure,8626,Exact pixel counts were not saved; these are conservative bounds.
SUCCESSFUL_UPDATES_PLUS_FAILING_FORWARD,YUNNAN_OUTSIDE,per_tau_pixel_exposures,count_strictly_above,11,0.328125,100,4.61512051684126,,NOT_RECOVERABLE_FROM_SAVED_OBSERVATIONS,1,113266800,scene-pixel exposure,8626,Exact pixel counts were not saved; these are conservative bounds.
SUCCESSFUL_UPDATES_PLUS_FAILING_FORWARD,YUNNAN_OUTSIDE,per_tau_pixel_exposures,count_strictly_above,12,0.359375,100,4.61512051684126,,NOT_RECOVERABLE_FROM_SAVED_OBSERVATIONS,1,113306220,scene-pixel exposure,8626,Exact pixel counts were not saved; these are conservative bounds.
SUCCESSFUL_UPDATES_PLUS_FAILING_FORWARD,YUNNAN_OUTSIDE,per_tau_pixel_exposures,count_strictly_above,13,0.390625,100,4.61512051684126,,NOT_RECOVERABLE_FROM_SAVED_OBSERVATIONS,1,113306220,scene-pixel exposure,8626,Exact pixel counts were not saved; these are conservative bounds.
SUCCESSFUL_UPDATES_PLUS_FAILING_FORWARD,YUNNAN_OUTSIDE,per_tau_pixel_exposures,count_strictly_above,14,0.421875,100,4.61512051684126,,NOT_RECOVERABLE_FROM_SAVED_OBSERVATIONS,1,113306220,scene-pixel exposure,8626,Exact pixel counts were not saved; these are conservative bounds.
SUCCESSFUL_UPDATES_PLUS_FAILING_FORWARD,YUNNAN_OUTSIDE,per_tau_pixel_exposures,count_strictly_above,15,0.453125,100,4.61512051684126,,NOT_RECOVERABLE_FROM_SAVED_OBSERVATIONS,1,113306220,scene-pixel exposure,8626,Exact pixel counts were not saved; these are conservative bounds.
SUCCESSFUL_UPDATES_PLUS_FAILING_FORWARD,YUNNAN_OUTSIDE,per_tau_pixel_exposures,count_strictly_above,16,0.484375,100,4.61512051684126,,NOT_RECOVERABLE_FROM_SAVED_OBSERVATIONS,1,113306220,scene-pixel exposure,8626,Exact pixel counts were not saved; these are conservative bounds.
SUCCESSFUL_UPDATES_PLUS_FAILING_FORWARD,YUNNAN_OUTSIDE,per_tau_pixel_exposures,count_strictly_above,17,0.515625,100,4.61512051684126,,NOT_RECOVERABLE_FROM_SAVED_OBSERVATIONS,1,113306220,scene-pixel exposure,8626,Exact pixel counts were not saved; these are conservative bounds.
SUCCESSFUL_UPDATES_PLUS_FAILING_FORWARD,YUNNAN_OUTSIDE,per_tau_pixel_exposures,count_strictly_above,18,0.546875,100,4.61512051684126,,NOT_RECOVERABLE_FROM_SAVED_OBSERVATIONS,1,113332500,scene-pixel exposure,8626,Exact pixel counts were not saved; these are conservative bounds.
SUCCESSFUL_UPDATES_PLUS_FAILING_FORWARD,YUNNAN_OUTSIDE,per_tau_pixel_exposures,count_strictly_above,19,0.578125,100,4.61512051684126,,NOT_RECOVERABLE_FROM_SAVED_OBSERVATIONS,1,113332500,scene-pixel exposure,8626,Exact pixel counts were not saved; these are conservative bounds.
SUCCESSFUL_UPDATES_PLUS_FAILING_FORWARD,YUNNAN_OUTSIDE,per_tau_pixel_exposures,count_strictly_above,20,0.609375,100,4.61512051684126,,NOT_RECOVERABLE_FROM_SAVED_OBSERVATIONS,1,113332500,scene-pixel exposure,8626,Exact pixel counts were not saved; these are conservative bounds.
SUCCESSFUL_UPDATES_PLUS_FAILING_FORWARD,YUNNAN_OUTSIDE,per_tau_pixel_exposures,count_strictly_above,21,0.640625,100,4.61512051684126,,NOT_RECOVERABLE_FROM_SAVED_OBSERVATIONS,1,113332500,scene-pixel exposure,8626,Exact pixel counts were not saved; these are conservative bounds.
SUCCESSFUL_UPDATES_PLUS_FAILING_FORWARD,YUNNAN_OUTSIDE,per_tau_pixel_exposures,count_strictly_above,22,0.671875,100,4.61512051684126,,NOT_RECOVERABLE_FROM_SAVED_OBSERVATIONS,1,113332500,scene-pixel exposure,8626,Exact pixel counts were not saved; these are conservative bounds.
SUCCESSFUL_UPDATES_PLUS_FAILING_FORWARD,YUNNAN_OUTSIDE,per_tau_pixel_exposures,count_strictly_above,23,0.703125,100,4.61512051684126,,NOT_RECOVERABLE_FROM_SAVED_OBSERVATIONS,1,113332500,scene-pixel exposure,8626,Exact pixel counts were not saved; these are conservative bounds.
SUCCESSFUL_UPDATES_PLUS_FAILING_FORWARD,YUNNAN_OUTSIDE,per_tau_pixel_exposures,count_strictly_above,24,0.734375,100,4.61512051684126,,NOT_RECOVERABLE_FROM_SAVED_OBSERVATIONS,1,113332500,scene-pixel exposure,8626,Exact pixel counts were not saved; these are conservative bounds.
SUCCESSFUL_UPDATES_PLUS_FAILING_FORWARD,YUNNAN_OUTSIDE,per_tau_pixel_exposures,count_strictly_above,25,0.765625,100,4.61512051684126,,NOT_RECOVERABLE_FROM_SAVED_OBSERVATIONS,1,113332500,scene-pixel exposure,8626,Exact pixel counts were not saved; these are conservative bounds.
SUCCESSFUL_UPDATES_PLUS_FAILING_FORWARD,YUNNAN_OUTSIDE,per_tau_pixel_exposures,count_strictly_above,26,0.796875,100,4.61512051684126,,NOT_RECOVERABLE_FROM_SAVED_OBSERVATIONS,1,113332500,scene-pixel exposure,8626,Exact pixel counts were not saved; these are conservative bounds.
SUCCESSFUL_UPDATES_PLUS_FAILING_FORWARD,YUNNAN_OUTSIDE,per_tau_pixel_exposures,count_strictly_above,27,0.828125,100,4.61512051684126,,NOT_RECOVERABLE_FROM_SAVED_OBSERVATIONS,1,113332500,scene-pixel exposure,8626,Exact pixel counts were not saved; these are conservative bounds.
SUCCESSFUL_UPDATES_PLUS_FAILING_FORWARD,YUNNAN_OUTSIDE,per_tau_pixel_exposures,count_strictly_above,28,0.859375,100,4.61512051684126,,NOT_RECOVERABLE_FROM_SAVED_OBSERVATIONS,1,113332500,scene-pixel exposure,8626,Exact pixel counts were not saved; these are conservative bounds.
SUCCESSFUL_UPDATES_PLUS_FAILING_FORWARD,YUNNAN_OUTSIDE,per_tau_pixel_exposures,count_strictly_above,29,0.890625,100,4.61512051684126,,NOT_RECOVERABLE_FROM_SAVED_OBSERVATIONS,1,113345640,scene-pixel exposure,8626,Exact pixel counts were not saved; these are conservative bounds.
SUCCESSFUL_UPDATES_PLUS_FAILING_FORWARD,YUNNAN_OUTSIDE,per_tau_pixel_exposures,count_strictly_above,30,0.921875,100,4.61512051684126,,NOT_RECOVERABLE_FROM_SAVED_OBSERVATIONS,1,113345640,scene-pixel exposure,8626,Exact pixel counts were not saved; these are conservative bounds.
SUCCESSFUL_UPDATES_PLUS_FAILING_FORWARD,YUNNAN_OUTSIDE,per_tau_pixel_exposures,count_strictly_above,31,0.953125,100,4.61512051684126,,NOT_RECOVERABLE_FROM_SAVED_OBSERVATIONS,1,113345640,scene-pixel exposure,8626,Exact pixel counts were not saved; these are conservative bounds.
SUCCESSFUL_UPDATES_PLUS_FAILING_FORWARD,YUNNAN_OUTSIDE,per_tau_pixel_exposures,count_strictly_above,32,0.984375,100,4.61512051684126,,NOT_RECOVERABLE_FROM_SAVED_OBSERVATIONS,1,113345640,scene-pixel exposure,8626,Exact pixel counts were not saved; these are conservative bounds.
SUCCESSFUL_UPDATES_PLUS_FAILING_FORWARD,YUNNAN_OUTSIDE,pixel_tau_exposure_count,count_strictly_above,,,100,4.61512051684126,,NOT_RECOVERABLE_FROM_SAVED_OBSERVATIONS,32,3615536700,scene-pixel-tau exposure,8626,Exact pixel counts were not saved; these are conservative bounds.
SUCCESSFUL_UPDATES_PLUS_FAILING_FORWARD,YUNNAN_OUTSIDE,spatial_pixel_exposure_count_any_tau,count_strictly_above,,,100,4.61512051684126,,NOT_RECOVERABLE_FROM_SAVED_OBSERVATIONS,1,113345640,scene-pixel exposure (any tau),8626,Exact pixel counts were not saved; these are conservative bounds.
SUCCESSFUL_UPDATES_PLUS_FAILING_FORWARD,YUNNAN_OUTSIDE,per_tau_pixel_exposures,count_strictly_above,1,0.015625,500,6.2166061010848646,,NOT_RECOVERABLE_FROM_SAVED_OBSERVATIONS,1,97117740,scene-pixel exposure,8626,Exact pixel counts were not saved; these are conservative bounds.
SUCCESSFUL_UPDATES_PLUS_FAILING_FORWARD,YUNNAN_OUTSIDE,per_tau_pixel_exposures,count_strictly_above,2,0.046875,500,6.2166061010848646,,NOT_RECOVERABLE_FROM_SAVED_OBSERVATIONS,1,110980440,scene-pixel exposure,8626,Exact pixel counts were not saved; these are conservative bounds.
SUCCESSFUL_UPDATES_PLUS_FAILING_FORWARD,YUNNAN_OUTSIDE,per_tau_pixel_exposures,count_strictly_above,3,0.078125,500,6.2166061010848646,,NOT_RECOVERABLE_FROM_SAVED_OBSERVATIONS,1,111913380,scene-pixel exposure,8626,Exact pixel counts were not saved; these are conservative bounds.
SUCCESSFUL_UPDATES_PLUS_FAILING_FORWARD,YUNNAN_OUTSIDE,per_tau_pixel_exposures,count_strictly_above,4,0.109375,500,6.2166061010848646,,NOT_RECOVERABLE_FROM_SAVED_OBSERVATIONS,1,112333860,scene-pixel exposure,8626,Exact pixel counts were not saved; these are conservative bounds.
SUCCESSFUL_UPDATES_PLUS_FAILING_FORWARD,YUNNAN_OUTSIDE,per_tau_pixel_exposures,count_strictly_above,5,0.140625,500,6.2166061010848646,,NOT_RECOVERABLE_FROM_SAVED_OBSERVATIONS,1,112596660,scene-pixel exposure,8626,Exact pixel counts were not saved; these are conservative bounds.
SUCCESSFUL_UPDATES_PLUS_FAILING_FORWARD,YUNNAN_OUTSIDE,per_tau_pixel_exposures,count_strictly_above,6,0.171875,500,6.2166061010848646,,NOT_RECOVERABLE_FROM_SAVED_OBSERVATIONS,1,112912020,scene-pixel exposure,8626,Exact pixel counts were not saved; these are conservative bounds.
SUCCESSFUL_UPDATES_PLUS_FAILING_FORWARD,YUNNAN_OUTSIDE,per_tau_pixel_exposures,count_strictly_above,7,0.203125,500,6.2166061010848646,,NOT_RECOVERABLE_FROM_SAVED_OBSERVATIONS,1,112964580,scene-pixel exposure,8626,Exact pixel counts were not saved; these are conservative bounds.
SUCCESSFUL_UPDATES_PLUS_FAILING_FORWARD,YUNNAN_OUTSIDE,per_tau_pixel_exposures,count_strictly_above,8,0.234375,500,6.2166061010848646,,NOT_RECOVERABLE_FROM_SAVED_OBSERVATIONS,1,112990860,scene-pixel exposure,8626,Exact pixel counts were not saved; these are conservative bounds.
SUCCESSFUL_UPDATES_PLUS_FAILING_FORWARD,YUNNAN_OUTSIDE,per_tau_pixel_exposures,count_strictly_above,9,0.265625,500,6.2166061010848646,,NOT_RECOVERABLE_FROM_SAVED_OBSERVATIONS,1,113056560,scene-pixel exposure,8626,Exact pixel counts were not saved; these are conservative bounds.
SUCCESSFUL_UPDATES_PLUS_FAILING_FORWARD,YUNNAN_OUTSIDE,per_tau_pixel_exposures,count_strictly_above,10,0.296875,500,6.2166061010848646,,NOT_RECOVERABLE_FROM_SAVED_OBSERVATIONS,1,113109120,scene-pixel exposure,8626,Exact pixel counts were not saved; these are conservative bounds.
SUCCESSFUL_UPDATES_PLUS_FAILING_FORWARD,YUNNAN_OUTSIDE,per_tau_pixel_exposures,count_strictly_above,11,0.328125,500,6.2166061010848646,,NOT_RECOVERABLE_FROM_SAVED_OBSERVATIONS,1,113187960,scene-pixel exposure,8626,Exact pixel counts were not saved; these are conservative bounds.
SUCCESSFUL_UPDATES_PLUS_FAILING_FORWARD,YUNNAN_OUTSIDE,per_tau_pixel_exposures,count_strictly_above,12,0.359375,500,6.2166061010848646,,NOT_RECOVERABLE_FROM_SAVED_OBSERVATIONS,1,113214240,scene-pixel exposure,8626,Exact pixel counts were not saved; these are conservative bounds.
SUCCESSFUL_UPDATES_PLUS_FAILING_FORWARD,YUNNAN_OUTSIDE,per_tau_pixel_exposures,count_strictly_above,13,0.390625,500,6.2166061010848646,,NOT_RECOVERABLE_FROM_SAVED_OBSERVATIONS,1,113227380,scene-pixel exposure,8626,Exact pixel counts were not saved; these are conservative bounds.
SUCCESSFUL_UPDATES_PLUS_FAILING_FORWARD,YUNNAN_OUTSIDE,per_tau_pixel_exposures,count_strictly_above,14,0.421875,500,6.2166061010848646,,NOT_RECOVERABLE_FROM_SAVED_OBSERVATIONS,1,113240520,scene-pixel exposure,8626,Exact pixel counts were not saved; these are conservative bounds.
SUCCESSFUL_UPDATES_PLUS_FAILING_FORWARD,YUNNAN_OUTSIDE,per_tau_pixel_exposures,count_strictly_above,15,0.453125,500,6.2166061010848646,,NOT_RECOVERABLE_FROM_SAVED_OBSERVATIONS,1,113279940,scene-pixel exposure,8626,Exact pixel counts were not saved; these are conservative bounds.
SUCCESSFUL_UPDATES_PLUS_FAILING_FORWARD,YUNNAN_OUTSIDE,per_tau_pixel_exposures,count_strictly_above,16,0.484375,500,6.2166061010848646,,NOT_RECOVERABLE_FROM_SAVED_OBSERVATIONS,1,113293080,scene-pixel exposure,8626,Exact pixel counts were not saved; these are conservative bounds.
SUCCESSFUL_UPDATES_PLUS_FAILING_FORWARD,YUNNAN_OUTSIDE,per_tau_pixel_exposures,count_strictly_above,17,0.515625,500,6.2166061010848646,,NOT_RECOVERABLE_FROM_SAVED_OBSERVATIONS,1,113293080,scene-pixel exposure,8626,Exact pixel counts were not saved; these are conservative bounds.
SUCCESSFUL_UPDATES_PLUS_FAILING_FORWARD,YUNNAN_OUTSIDE,per_tau_pixel_exposures,count_strictly_above,18,0.546875,500,6.2166061010848646,,NOT_RECOVERABLE_FROM_SAVED_OBSERVATIONS,1,113293080,scene-pixel exposure,8626,Exact pixel counts were not saved; these are conservative bounds.
SUCCESSFUL_UPDATES_PLUS_FAILING_FORWARD,YUNNAN_OUTSIDE,per_tau_pixel_exposures,count_strictly_above,19,0.578125,500,6.2166061010848646,,NOT_RECOVERABLE_FROM_SAVED_OBSERVATIONS,1,113306220,scene-pixel exposure,8626,Exact pixel counts were not saved; these are conservative bounds.
SUCCESSFUL_UPDATES_PLUS_FAILING_FORWARD,YUNNAN_OUTSIDE,per_tau_pixel_exposures,count_strictly_above,20,0.609375,500,6.2166061010848646,,NOT_RECOVERABLE_FROM_SAVED_OBSERVATIONS,1,113306220,scene-pixel exposure,8626,Exact pixel counts were not saved; these are conservative bounds.
SUCCESSFUL_UPDATES_PLUS_FAILING_FORWARD,YUNNAN_OUTSIDE,per_tau_pixel_exposures,count_strictly_above,21,0.640625,500,6.2166061010848646,,NOT_RECOVERABLE_FROM_SAVED_OBSERVATIONS,1,113306220,scene-pixel exposure,8626,Exact pixel counts were not saved; these are conservative bounds.
SUCCESSFUL_UPDATES_PLUS_FAILING_FORWARD,YUNNAN_OUTSIDE,per_tau_pixel_exposures,count_strictly_above,22,0.671875,500,6.2166061010848646,,NOT_RECOVERABLE_FROM_SAVED_OBSERVATIONS,1,113306220,scene-pixel exposure,8626,Exact pixel counts were not saved; these are conservative bounds.
SUCCESSFUL_UPDATES_PLUS_FAILING_FORWARD,YUNNAN_OUTSIDE,per_tau_pixel_exposures,count_strictly_above,23,0.703125,500,6.2166061010848646,,NOT_RECOVERABLE_FROM_SAVED_OBSERVATIONS,1,113306220,scene-pixel exposure,8626,Exact pixel counts were not saved; these are conservative bounds.
SUCCESSFUL_UPDATES_PLUS_FAILING_FORWARD,YUNNAN_OUTSIDE,per_tau_pixel_exposures,count_strictly_above,24,0.734375,500,6.2166061010848646,,NOT_RECOVERABLE_FROM_SAVED_OBSERVATIONS,1,113332500,scene-pixel exposure,8626,Exact pixel counts were not saved; these are conservative bounds.
SUCCESSFUL_UPDATES_PLUS_FAILING_FORWARD,YUNNAN_OUTSIDE,per_tau_pixel_exposures,count_strictly_above,25,0.765625,500,6.2166061010848646,,NOT_RECOVERABLE_FROM_SAVED_OBSERVATIONS,1,113332500,scene-pixel exposure,8626,Exact pixel counts were not saved; these are conservative bounds.
SUCCESSFUL_UPDATES_PLUS_FAILING_FORWARD,YUNNAN_OUTSIDE,per_tau_pixel_exposures,count_strictly_above,26,0.796875,500,6.2166061010848646,,NOT_RECOVERABLE_FROM_SAVED_OBSERVATIONS,1,113332500,scene-pixel exposure,8626,Exact pixel counts were not saved; these are conservative bounds.
SUCCESSFUL_UPDATES_PLUS_FAILING_FORWARD,YUNNAN_OUTSIDE,per_tau_pixel_exposures,count_strictly_above,27,0.828125,500,6.2166061010848646,,NOT_RECOVERABLE_FROM_SAVED_OBSERVATIONS,1,113332500,scene-pixel exposure,8626,Exact pixel counts were not saved; these are conservative bounds.
SUCCESSFUL_UPDATES_PLUS_FAILING_FORWARD,YUNNAN_OUTSIDE,per_tau_pixel_exposures,count_strictly_above,28,0.859375,500,6.2166061010848646,,NOT_RECOVERABLE_FROM_SAVED_OBSERVATIONS,1,113332500,scene-pixel exposure,8626,Exact pixel counts were not saved; these are conservative bounds.
SUCCESSFUL_UPDATES_PLUS_FAILING_FORWARD,YUNNAN_OUTSIDE,per_tau_pixel_exposures,count_strictly_above,29,0.890625,500,6.2166061010848646,,NOT_RECOVERABLE_FROM_SAVED_OBSERVATIONS,1,113332500,scene-pixel exposure,8626,Exact pixel counts were not saved; these are conservative bounds.
SUCCESSFUL_UPDATES_PLUS_FAILING_FORWARD,YUNNAN_OUTSIDE,per_tau_pixel_exposures,count_strictly_above,30,0.921875,500,6.2166061010848646,,NOT_RECOVERABLE_FROM_SAVED_OBSERVATIONS,1,113332500,scene-pixel exposure,8626,Exact pixel counts were not saved; these are conservative bounds.
SUCCESSFUL_UPDATES_PLUS_FAILING_FORWARD,YUNNAN_OUTSIDE,per_tau_pixel_exposures,count_strictly_above,31,0.953125,500,6.2166061010848646,,NOT_RECOVERABLE_FROM_SAVED_OBSERVATIONS,1,113332500,scene-pixel exposure,8626,Exact pixel counts were not saved; these are conservative bounds.
SUCCESSFUL_UPDATES_PLUS_FAILING_FORWARD,YUNNAN_OUTSIDE,per_tau_pixel_exposures,count_strictly_above,32,0.984375,500,6.2166061010848646,,NOT_RECOVERABLE_FROM_SAVED_OBSERVATIONS,1,113345640,scene-pixel exposure,8626,Exact pixel counts were not saved; these are conservative bounds.
SUCCESSFUL_UPDATES_PLUS_FAILING_FORWARD,YUNNAN_OUTSIDE,pixel_tau_exposure_count,count_strictly_above,,,500,6.2166061010848646,,NOT_RECOVERABLE_FROM_SAVED_OBSERVATIONS,32,3602541240,scene-pixel-tau exposure,8626,Exact pixel counts were not saved; these are conservative bounds.
SUCCESSFUL_UPDATES_PLUS_FAILING_FORWARD,YUNNAN_OUTSIDE,spatial_pixel_exposure_count_any_tau,count_strictly_above,,,500,6.2166061010848646,,NOT_RECOVERABLE_FROM_SAVED_OBSERVATIONS,1,113345640,scene-pixel exposure (any tau),8626,Exact pixel counts were not saved; these are conservative bounds.
SUCCESSFUL_UPDATES_PLUS_FAILING_FORWARD,YUNNAN_OUTSIDE,per_tau_pixel_exposures,count_strictly_above,1,0.015625,1000,6.90875477931522,,NOT_RECOVERABLE_FROM_SAVED_OBSERVATIONS,1,89365140,scene-pixel exposure,8626,Exact pixel counts were not saved; these are conservative bounds.
SUCCESSFUL_UPDATES_PLUS_FAILING_FORWARD,YUNNAN_OUTSIDE,per_tau_pixel_exposures,count_strictly_above,2,0.046875,1000,6.90875477931522,,NOT_RECOVERABLE_FROM_SAVED_OBSERVATIONS,1,110323440,scene-pixel exposure,8626,Exact pixel counts were not saved; these are conservative bounds.
SUCCESSFUL_UPDATES_PLUS_FAILING_FORWARD,YUNNAN_OUTSIDE,per_tau_pixel_exposures,count_strictly_above,3,0.078125,1000,6.90875477931522,,NOT_RECOVERABLE_FROM_SAVED_OBSERVATIONS,1,111584880,scene-pixel exposure,8626,Exact pixel counts were not saved; these are conservative bounds.
SUCCESSFUL_UPDATES_PLUS_FAILING_FORWARD,YUNNAN_OUTSIDE,per_tau_pixel_exposures,count_strictly_above,4,0.109375,1000,6.90875477931522,,NOT_RECOVERABLE_FROM_SAVED_OBSERVATIONS,1,112123620,scene-pixel exposure,8626,Exact pixel counts were not saved; these are conservative bounds.
SUCCESSFUL_UPDATES_PLUS_FAILING_FORWARD,YUNNAN_OUTSIDE,per_tau_pixel_exposures,count_strictly_above,5,0.140625,1000,6.90875477931522,,NOT_RECOVERABLE_FROM_SAVED_OBSERVATIONS,1,112491540,scene-pixel exposure,8626,Exact pixel counts were not saved; these are conservative bounds.
SUCCESSFUL_UPDATES_PLUS_FAILING_FORWARD,YUNNAN_OUTSIDE,per_tau_pixel_exposures,count_strictly_above,6,0.171875,1000,6.90875477931522,,NOT_RECOVERABLE_FROM_SAVED_OBSERVATIONS,1,112820040,scene-pixel exposure,8626,Exact pixel counts were not saved; these are conservative bounds.
SUCCESSFUL_UPDATES_PLUS_FAILING_FORWARD,YUNNAN_OUTSIDE,per_tau_pixel_exposures,count_strictly_above,7,0.203125,1000,6.90875477931522,,NOT_RECOVERABLE_FROM_SAVED_OBSERVATIONS,1,112912020,scene-pixel exposure,8626,Exact pixel counts were not saved; these are conservative bounds.
SUCCESSFUL_UPDATES_PLUS_FAILING_FORWARD,YUNNAN_OUTSIDE,per_tau_pixel_exposures,count_strictly_above,8,0.234375,1000,6.90875477931522,,NOT_RECOVERABLE_FROM_SAVED_OBSERVATIONS,1,112912020,scene-pixel exposure,8626,Exact pixel counts were not saved; these are conservative bounds.
SUCCESSFUL_UPDATES_PLUS_FAILING_FORWARD,YUNNAN_OUTSIDE,per_tau_pixel_exposures,count_strictly_above,9,0.265625,1000,6.90875477931522,,NOT_RECOVERABLE_FROM_SAVED_OBSERVATIONS,1,112951440,scene-pixel exposure,8626,Exact pixel counts were not saved; these are conservative bounds.
SUCCESSFUL_UPDATES_PLUS_FAILING_FORWARD,YUNNAN_OUTSIDE,per_tau_pixel_exposures,count_strictly_above,10,0.296875,1000,6.90875477931522,,NOT_RECOVERABLE_FROM_SAVED_OBSERVATIONS,1,113017140,scene-pixel exposure,8626,Exact pixel counts were not saved; these are conservative bounds.
SUCCESSFUL_UPDATES_PLUS_FAILING_FORWARD,YUNNAN_OUTSIDE,per_tau_pixel_exposures,count_strictly_above,11,0.328125,1000,6.90875477931522,,NOT_RECOVERABLE_FROM_SAVED_OBSERVATIONS,1,113135400,scene-pixel exposure,8626,Exact pixel counts were not saved; these are conservative bounds.
SUCCESSFUL_UPDATES_PLUS_FAILING_FORWARD,YUNNAN_OUTSIDE,per_tau_pixel_exposures,count_strictly_above,12,0.359375,1000,6.90875477931522,,NOT_RECOVERABLE_FROM_SAVED_OBSERVATIONS,1,113201100,scene-pixel exposure,8626,Exact pixel counts were not saved; these are conservative bounds.
SUCCESSFUL_UPDATES_PLUS_FAILING_FORWARD,YUNNAN_OUTSIDE,per_tau_pixel_exposures,count_strictly_above,13,0.390625,1000,6.90875477931522,,NOT_RECOVERABLE_FROM_SAVED_OBSERVATIONS,1,113201100,scene-pixel exposure,8626,Exact pixel counts were not saved; these are conservative bounds.
SUCCESSFUL_UPDATES_PLUS_FAILING_FORWARD,YUNNAN_OUTSIDE,per_tau_pixel_exposures,count_strictly_above,14,0.421875,1000,6.90875477931522,,NOT_RECOVERABLE_FROM_SAVED_OBSERVATIONS,1,113201100,scene-pixel exposure,8626,Exact pixel counts were not saved; these are conservative bounds.
SUCCESSFUL_UPDATES_PLUS_FAILING_FORWARD,YUNNAN_OUTSIDE,per_tau_pixel_exposures,count_strictly_above,15,0.453125,1000,6.90875477931522,,NOT_RECOVERABLE_FROM_SAVED_OBSERVATIONS,1,113227380,scene-pixel exposure,8626,Exact pixel counts were not saved; these are conservative bounds.
SUCCESSFUL_UPDATES_PLUS_FAILING_FORWARD,YUNNAN_OUTSIDE,per_tau_pixel_exposures,count_strictly_above,16,0.484375,1000,6.90875477931522,,NOT_RECOVERABLE_FROM_SAVED_OBSERVATIONS,1,113279940,scene-pixel exposure,8626,Exact pixel counts were not saved; these are conservative bounds.
SUCCESSFUL_UPDATES_PLUS_FAILING_FORWARD,YUNNAN_OUTSIDE,per_tau_pixel_exposures,count_strictly_above,17,0.515625,1000,6.90875477931522,,NOT_RECOVERABLE_FROM_SAVED_OBSERVATIONS,1,113279940,scene-pixel exposure,8626,Exact pixel counts were not saved; these are conservative bounds.
SUCCESSFUL_UPDATES_PLUS_FAILING_FORWARD,YUNNAN_OUTSIDE,per_tau_pixel_exposures,count_strictly_above,18,0.546875,1000,6.90875477931522,,NOT_RECOVERABLE_FROM_SAVED_OBSERVATIONS,1,113293080,scene-pixel exposure,8626,Exact pixel counts were not saved; these are conservative bounds.
SUCCESSFUL_UPDATES_PLUS_FAILING_FORWARD,YUNNAN_OUTSIDE,per_tau_pixel_exposures,count_strictly_above,19,0.578125,1000,6.90875477931522,,NOT_RECOVERABLE_FROM_SAVED_OBSERVATIONS,1,113293080,scene-pixel exposure,8626,Exact pixel counts were not saved; these are conservative bounds.
SUCCESSFUL_UPDATES_PLUS_FAILING_FORWARD,YUNNAN_OUTSIDE,per_tau_pixel_exposures,count_strictly_above,20,0.609375,1000,6.90875477931522,,NOT_RECOVERABLE_FROM_SAVED_OBSERVATIONS,1,113293080,scene-pixel exposure,8626,Exact pixel counts were not saved; these are conservative bounds.
SUCCESSFUL_UPDATES_PLUS_FAILING_FORWARD,YUNNAN_OUTSIDE,per_tau_pixel_exposures,count_strictly_above,21,0.640625,1000,6.90875477931522,,NOT_RECOVERABLE_FROM_SAVED_OBSERVATIONS,1,113306220,scene-pixel exposure,8626,Exact pixel counts were not saved; these are conservative bounds.
SUCCESSFUL_UPDATES_PLUS_FAILING_FORWARD,YUNNAN_OUTSIDE,per_tau_pixel_exposures,count_strictly_above,22,0.671875,1000,6.90875477931522,,NOT_RECOVERABLE_FROM_SAVED_OBSERVATIONS,1,113306220,scene-pixel exposure,8626,Exact pixel counts were not saved; these are conservative bounds.
SUCCESSFUL_UPDATES_PLUS_FAILING_FORWARD,YUNNAN_OUTSIDE,per_tau_pixel_exposures,count_strictly_above,23,0.703125,1000,6.90875477931522,,NOT_RECOVERABLE_FROM_SAVED_OBSERVATIONS,1,113306220,scene-pixel exposure,8626,Exact pixel counts were not saved; these are conservative bounds.
SUCCESSFUL_UPDATES_PLUS_FAILING_FORWARD,YUNNAN_OUTSIDE,per_tau_pixel_exposures,count_strictly_above,24,0.734375,1000,6.90875477931522,,NOT_RECOVERABLE_FROM_SAVED_OBSERVATIONS,1,113306220,scene-pixel exposure,8626,Exact pixel counts were not saved; these are conservative bounds.
SUCCESSFUL_UPDATES_PLUS_FAILING_FORWARD,YUNNAN_OUTSIDE,per_tau_pixel_exposures,count_strictly_above,25,0.765625,1000,6.90875477931522,,NOT_RECOVERABLE_FROM_SAVED_OBSERVATIONS,1,113306220,scene-pixel exposure,8626,Exact pixel counts were not saved; these are conservative bounds.
SUCCESSFUL_UPDATES_PLUS_FAILING_FORWARD,YUNNAN_OUTSIDE,per_tau_pixel_exposures,count_strictly_above,26,0.796875,1000,6.90875477931522,,NOT_RECOVERABLE_FROM_SAVED_OBSERVATIONS,1,113306220,scene-pixel exposure,8626,Exact pixel counts were not saved; these are conservative bounds.
SUCCESSFUL_UPDATES_PLUS_FAILING_FORWARD,YUNNAN_OUTSIDE,per_tau_pixel_exposures,count_strictly_above,27,0.828125,1000,6.90875477931522,,NOT_RECOVERABLE_FROM_SAVED_OBSERVATIONS,1,113319360,scene-pixel exposure,8626,Exact pixel counts were not saved; these are conservative bounds.
SUCCESSFUL_UPDATES_PLUS_FAILING_FORWARD,YUNNAN_OUTSIDE,per_tau_pixel_exposures,count_strictly_above,28,0.859375,1000,6.90875477931522,,NOT_RECOVERABLE_FROM_SAVED_OBSERVATIONS,1,113332500,scene-pixel exposure,8626,Exact pixel counts were not saved; these are conservative bounds.
SUCCESSFUL_UPDATES_PLUS_FAILING_FORWARD,YUNNAN_OUTSIDE,per_tau_pixel_exposures,count_strictly_above,29,0.890625,1000,6.90875477931522,,NOT_RECOVERABLE_FROM_SAVED_OBSERVATIONS,1,113332500,scene-pixel exposure,8626,Exact pixel counts were not saved; these are conservative bounds.
SUCCESSFUL_UPDATES_PLUS_FAILING_FORWARD,YUNNAN_OUTSIDE,per_tau_pixel_exposures,count_strictly_above,30,0.921875,1000,6.90875477931522,,NOT_RECOVERABLE_FROM_SAVED_OBSERVATIONS,1,113332500,scene-pixel exposure,8626,Exact pixel counts were not saved; these are conservative bounds.
SUCCESSFUL_UPDATES_PLUS_FAILING_FORWARD,YUNNAN_OUTSIDE,per_tau_pixel_exposures,count_strictly_above,31,0.953125,1000,6.90875477931522,,NOT_RECOVERABLE_FROM_SAVED_OBSERVATIONS,1,113332500,scene-pixel exposure,8626,Exact pixel counts were not saved; these are conservative bounds.
SUCCESSFUL_UPDATES_PLUS_FAILING_FORWARD,YUNNAN_OUTSIDE,per_tau_pixel_exposures,count_strictly_above,32,0.984375,1000,6.90875477931522,,NOT_RECOVERABLE_FROM_SAVED_OBSERVATIONS,1,113332500,scene-pixel exposure,8626,Exact pixel counts were not saved; these are conservative bounds.
SUCCESSFUL_UPDATES_PLUS_FAILING_FORWARD,YUNNAN_OUTSIDE,pixel_tau_exposure_count,count_strictly_above,,,1000,6.90875477931522,,NOT_RECOVERABLE_FROM_SAVED_OBSERVATIONS,32,3592725660,scene-pixel-tau exposure,8626,Exact pixel counts were not saved; these are conservative bounds.
SUCCESSFUL_UPDATES_PLUS_FAILING_FORWARD,YUNNAN_OUTSIDE,spatial_pixel_exposure_count_any_tau,count_strictly_above,,,1000,6.90875477931522,,NOT_RECOVERABLE_FROM_SAVED_OBSERVATIONS,1,113332500,scene-pixel exposure (any tau),8626,Exact pixel counts were not saved; these are conservative bounds.
SUCCESSFUL_UPDATES_PLUS_FAILING_FORWARD,WHOLE_GRID_UNPARTITIONED,per_forward_global_max_distribution,p99,,,,,532.9835015132659,EXACT_FROM_SAVED_OBSERVATIONS,,,log1p(mm/h),8626,
SUCCESSFUL_UPDATES_PLUS_FAILING_FORWARD,WHOLE_GRID_UNPARTITIONED,per_forward_global_max_distribution,p99_9,,,,,637.9910460306833,EXACT_FROM_SAVED_OBSERVATIONS,,,log1p(mm/h),8626,
SUCCESSFUL_UPDATES_PLUS_FAILING_FORWARD,WHOLE_GRID_UNPARTITIONED,per_forward_global_max_distribution,max,,,,,721.2174966216189,EXACT_FROM_SAVED_OBSERVATIONS,,,log1p(mm/h),8626,
SUCCESSFUL_UPDATES_PLUS_FAILING_FORWARD,WHOLE_GRID_UNPARTITIONED,per_tau_forward_max_distribution,p99,1,0.015625,,,17.81789860322747,EXACT_FROM_SAVED_OBSERVATIONS,,,log1p(mm/h),8626,
SUCCESSFUL_UPDATES_PLUS_FAILING_FORWARD,WHOLE_GRID_UNPARTITIONED,per_tau_forward_max_distribution,p99_9,1,0.015625,,,21.71316392392969,EXACT_FROM_SAVED_OBSERVATIONS,,,log1p(mm/h),8626,
SUCCESSFUL_UPDATES_PLUS_FAILING_FORWARD,WHOLE_GRID_UNPARTITIONED,per_tau_forward_max_distribution,max,1,0.015625,,,24.899046730707646,EXACT_FROM_SAVED_OBSERVATIONS,,,log1p(mm/h),8626,
SUCCESSFUL_UPDATES_PLUS_FAILING_FORWARD,WHOLE_GRID_UNPARTITIONED,per_tau_forward_max_distribution,p99,2,0.046875,,,38.03838940137403,EXACT_FROM_SAVED_OBSERVATIONS,,,log1p(mm/h),8626,
SUCCESSFUL_UPDATES_PLUS_FAILING_FORWARD,WHOLE_GRID_UNPARTITIONED,per_tau_forward_max_distribution,p99_9,2,0.046875,,,45.9909703085885,EXACT_FROM_SAVED_OBSERVATIONS,,,log1p(mm/h),8626,
SUCCESSFUL_UPDATES_PLUS_FAILING_FORWARD,WHOLE_GRID_UNPARTITIONED,per_tau_forward_max_distribution,max,2,0.046875,,,52.744363481806275,EXACT_FROM_SAVED_OBSERVATIONS,,,log1p(mm/h),8626,
SUCCESSFUL_UPDATES_PLUS_FAILING_FORWARD,WHOLE_GRID_UNPARTITIONED,per_tau_forward_max_distribution,p99,3,0.078125,,,52.644014722415776,EXACT_FROM_SAVED_OBSERVATIONS,,,log1p(mm/h),8626,
SUCCESSFUL_UPDATES_PLUS_FAILING_FORWARD,WHOLE_GRID_UNPARTITIONED,per_tau_forward_max_distribution,p99_9,3,0.078125,,,63.89652853739259,EXACT_FROM_SAVED_OBSERVATIONS,,,log1p(mm/h),8626,
SUCCESSFUL_UPDATES_PLUS_FAILING_FORWARD,WHOLE_GRID_UNPARTITIONED,per_tau_forward_max_distribution,max,3,0.078125,,,72.78914121618128,EXACT_FROM_SAVED_OBSERVATIONS,,,log1p(mm/h),8626,
SUCCESSFUL_UPDATES_PLUS_FAILING_FORWARD,WHOLE_GRID_UNPARTITIONED,per_tau_forward_max_distribution,p99,4,0.109375,,,66.73796169076776,EXACT_FROM_SAVED_OBSERVATIONS,,,log1p(mm/h),8626,
SUCCESSFUL_UPDATES_PLUS_FAILING_FORWARD,WHOLE_GRID_UNPARTITIONED,per_tau_forward_max_distribution,p99_9,4,0.109375,,,80.95652529683294,EXACT_FROM_SAVED_OBSERVATIONS,,,log1p(mm/h),8626,
SUCCESSFUL_UPDATES_PLUS_FAILING_FORWARD,WHOLE_GRID_UNPARTITIONED,per_tau_forward_max_distribution,max,4,0.109375,,,91.5726636932317,EXACT_FROM_SAVED_OBSERVATIONS,,,log1p(mm/h),8626,
SUCCESSFUL_UPDATES_PLUS_FAILING_FORWARD,WHOLE_GRID_UNPARTITIONED,per_tau_forward_max_distribution,p99,5,0.140625,,,84.09568386633131,EXACT_FROM_SAVED_OBSERVATIONS,,,log1p(mm/h),8626,
SUCCESSFUL_UPDATES_PLUS_FAILING_FORWARD,WHOLE_GRID_UNPARTITIONED,per_tau_forward_max_distribution,p99_9,5,0.140625,,,101.47096474385442,EXACT_FROM_SAVED_OBSERVATIONS,,,log1p(mm/h),8626,
SUCCESSFUL_UPDATES_PLUS_FAILING_FORWARD,WHOLE_GRID_UNPARTITIONED,per_tau_forward_max_distribution,max,5,0.140625,,,114.44625498046315,EXACT_FROM_SAVED_OBSERVATIONS,,,log1p(mm/h),8626,
SUCCESSFUL_UPDATES_PLUS_FAILING_FORWARD,WHOLE_GRID_UNPARTITIONED,per_tau_forward_max_distribution,p99,6,0.171875,,,108.36000517456573,EXACT_FROM_SAVED_OBSERVATIONS,,,log1p(mm/h),8626,
SUCCESSFUL_UPDATES_PLUS_FAILING_FORWARD,WHOLE_GRID_UNPARTITIONED,per_tau_forward_max_distribution,p99_9,6,0.171875,,,130.41522258267582,EXACT_FROM_SAVED_OBSERVATIONS,,,log1p(mm/h),8626,
SUCCESSFUL_UPDATES_PLUS_FAILING_FORWARD,WHOLE_GRID_UNPARTITIONED,per_tau_forward_max_distribution,max,6,0.171875,,,146.86943923949636,EXACT_FROM_SAVED_OBSERVATIONS,,,log1p(mm/h),8626,
SUCCESSFUL_UPDATES_PLUS_FAILING_FORWARD,WHOLE_GRID_UNPARTITIONED,per_tau_forward_max_distribution,p99,7,0.203125,,,119.83629685181378,EXACT_FROM_SAVED_OBSERVATIONS,,,log1p(mm/h),8626,
SUCCESSFUL_UPDATES_PLUS_FAILING_FORWARD,WHOLE_GRID_UNPARTITIONED,per_tau_forward_max_distribution,p99_9,7,0.203125,,,144.17892829753484,EXACT_FROM_SAVED_OBSERVATIONS,,,log1p(mm/h),8626,
SUCCESSFUL_UPDATES_PLUS_FAILING_FORWARD,WHOLE_GRID_UNPARTITIONED,per_tau_forward_max_distribution,max,7,0.203125,,,162.61949932967886,EXACT_FROM_SAVED_OBSERVATIONS,,,log1p(mm/h),8626,
SUCCESSFUL_UPDATES_PLUS_FAILING_FORWARD,WHOLE_GRID_UNPARTITIONED,per_tau_forward_max_distribution,p99,8,0.234375,,,122.91909003066874,EXACT_FROM_SAVED_OBSERVATIONS,,,log1p(mm/h),8626,
SUCCESSFUL_UPDATES_PLUS_FAILING_FORWARD,WHOLE_GRID_UNPARTITIONED,per_tau_forward_max_distribution,p99_9,8,0.234375,,,148.2035799756472,EXACT_FROM_SAVED_OBSERVATIONS,,,log1p(mm/h),8626,
SUCCESSFUL_UPDATES_PLUS_FAILING_FORWARD,WHOLE_GRID_UNPARTITIONED,per_tau_forward_max_distribution,max,8,0.234375,,,166.86805794533964,EXACT_FROM_SAVED_OBSERVATIONS,,,log1p(mm/h),8626,
SUCCESSFUL_UPDATES_PLUS_FAILING_FORWARD,WHOLE_GRID_UNPARTITIONED,per_tau_forward_max_distribution,p99,9,0.265625,,,130.09654737205668,EXACT_FROM_SAVED_OBSERVATIONS,,,log1p(mm/h),8626,
SUCCESSFUL_UPDATES_PLUS_FAILING_FORWARD,WHOLE_GRID_UNPARTITIONED,per_tau_forward_max_distribution,p99_9,9,0.265625,,,157.0152291897393,EXACT_FROM_SAVED_OBSERVATIONS,,,log1p(mm/h),8626,
SUCCESSFUL_UPDATES_PLUS_FAILING_FORWARD,WHOLE_GRID_UNPARTITIONED,per_tau_forward_max_distribution,max,9,0.265625,,,176.44857216986557,EXACT_FROM_SAVED_OBSERVATIONS,,,log1p(mm/h),8626,
SUCCESSFUL_UPDATES_PLUS_FAILING_FORWARD,WHOLE_GRID_UNPARTITIONED,per_tau_forward_max_distribution,p99,10,0.296875,,,144.74514907303694,EXACT_FROM_SAVED_OBSERVATIONS,,,log1p(mm/h),8626,
SUCCESSFUL_UPDATES_PLUS_FAILING_FORWARD,WHOLE_GRID_UNPARTITIONED,per_tau_forward_max_distribution,p99_9,10,0.296875,,,174.60753081931063,EXACT_FROM_SAVED_OBSERVATIONS,,,log1p(mm/h),8626,
SUCCESSFUL_UPDATES_PLUS_FAILING_FORWARD,WHOLE_GRID_UNPARTITIONED,per_tau_forward_max_distribution,max,10,0.296875,,,195.7582730040547,EXACT_FROM_SAVED_OBSERVATIONS,,,log1p(mm/h),8626,
SUCCESSFUL_UPDATES_PLUS_FAILING_FORWARD,WHOLE_GRID_UNPARTITIONED,per_tau_forward_max_distribution,p99,11,0.328125,,,164.65493910227985,EXACT_FROM_SAVED_OBSERVATIONS,,,log1p(mm/h),8626,
SUCCESSFUL_UPDATES_PLUS_FAILING_FORWARD,WHOLE_GRID_UNPARTITIONED,per_tau_forward_max_distribution,p99_9,11,0.328125,,,198.6677791619951,EXACT_FROM_SAVED_OBSERVATIONS,,,log1p(mm/h),8626,
SUCCESSFUL_UPDATES_PLUS_FAILING_FORWARD,WHOLE_GRID_UNPARTITIONED,per_tau_forward_max_distribution,max,11,0.328125,,,223.53547642812697,EXACT_FROM_SAVED_OBSERVATIONS,,,log1p(mm/h),8626,
SUCCESSFUL_UPDATES_PLUS_FAILING_FORWARD,WHOLE_GRID_UNPARTITIONED,per_tau_forward_max_distribution,p99,12,0.359375,,,186.4002955512676,EXACT_FROM_SAVED_OBSERVATIONS,,,log1p(mm/h),8626,
SUCCESSFUL_UPDATES_PLUS_FAILING_FORWARD,WHOLE_GRID_UNPARTITIONED,per_tau_forward_max_distribution,p99_9,12,0.359375,,,225.3006382562334,EXACT_FROM_SAVED_OBSERVATIONS,,,log1p(mm/h),8626,
SUCCESSFUL_UPDATES_PLUS_FAILING_FORWARD,WHOLE_GRID_UNPARTITIONED,per_tau_forward_max_distribution,max,12,0.359375,,,254.16193636770217,EXACT_FROM_SAVED_OBSERVATIONS,,,log1p(mm/h),8626,
SUCCESSFUL_UPDATES_PLUS_FAILING_FORWARD,WHOLE_GRID_UNPARTITIONED,per_tau_forward_max_distribution,p99,13,0.390625,,,199.7698497059373,EXACT_FROM_SAVED_OBSERVATIONS,,,log1p(mm/h),8626,
SUCCESSFUL_UPDATES_PLUS_FAILING_FORWARD,WHOLE_GRID_UNPARTITIONED,per_tau_forward_max_distribution,p99_9,13,0.390625,,,241.22014754498588,EXACT_FROM_SAVED_OBSERVATIONS,,,log1p(mm/h),8626,
SUCCESSFUL_UPDATES_PLUS_FAILING_FORWARD,WHOLE_GRID_UNPARTITIONED,per_tau_forward_max_distribution,max,13,0.390625,,,271.7716078471154,EXACT_FROM_SAVED_OBSERVATIONS,,,log1p(mm/h),8626,
SUCCESSFUL_UPDATES_PLUS_FAILING_FORWARD,WHOLE_GRID_UNPARTITIONED,per_tau_forward_max_distribution,p99,14,0.421875,,,208.73324050862448,EXACT_FROM_SAVED_OBSERVATIONS,,,log1p(mm/h),8626,
SUCCESSFUL_UPDATES_PLUS_FAILING_FORWARD,WHOLE_GRID_UNPARTITIONED,per_tau_forward_max_distribution,p99_9,14,0.421875,,,252.23383621110742,EXACT_FROM_SAVED_OBSERVATIONS,,,log1p(mm/h),8626,
SUCCESSFUL_UPDATES_PLUS_FAILING_FORWARD,WHOLE_GRID_UNPARTITIONED,per_tau_forward_max_distribution,max,14,0.421875,,,283.9978222526158,EXACT_FROM_SAVED_OBSERVATIONS,,,log1p(mm/h),8626,
SUCCESSFUL_UPDATES_PLUS_FAILING_FORWARD,WHOLE_GRID_UNPARTITIONED,per_tau_forward_max_distribution,p99,15,0.453125,,,231.02956067417415,EXACT_FROM_SAVED_OBSERVATIONS,,,log1p(mm/h),8626,
SUCCESSFUL_UPDATES_PLUS_FAILING_FORWARD,WHOLE_GRID_UNPARTITIONED,per_tau_forward_max_distribution,p99_9,15,0.453125,,,278.9057537522298,EXACT_FROM_SAVED_OBSERVATIONS,,,log1p(mm/h),8626,
SUCCESSFUL_UPDATES_PLUS_FAILING_FORWARD,WHOLE_GRID_UNPARTITIONED,per_tau_forward_max_distribution,max,15,0.453125,,,313.85624439617044,EXACT_FROM_SAVED_OBSERVATIONS,,,log1p(mm/h),8626,
SUCCESSFUL_UPDATES_PLUS_FAILING_FORWARD,WHOLE_GRID_UNPARTITIONED,per_tau_forward_max_distribution,p99,16,0.484375,,,253.01070902607572,EXACT_FROM_SAVED_OBSERVATIONS,,,log1p(mm/h),8626,
SUCCESSFUL_UPDATES_PLUS_FAILING_FORWARD,WHOLE_GRID_UNPARTITIONED,per_tau_forward_max_distribution,p99_9,16,0.484375,,,305.13970923814594,EXACT_FROM_SAVED_OBSERVATIONS,,,log1p(mm/h),8626,
SUCCESSFUL_UPDATES_PLUS_FAILING_FORWARD,WHOLE_GRID_UNPARTITIONED,per_tau_forward_max_distribution,max,16,0.484375,,,343.23622339397315,EXACT_FROM_SAVED_OBSERVATIONS,,,log1p(mm/h),8626,
SUCCESSFUL_UPDATES_PLUS_FAILING_FORWARD,WHOLE_GRID_UNPARTITIONED,per_tau_forward_max_distribution,p99,17,0.515625,,,264.02577276511283,EXACT_FROM_SAVED_OBSERVATIONS,,,log1p(mm/h),8626,
SUCCESSFUL_UPDATES_PLUS_FAILING_FORWARD,WHOLE_GRID_UNPARTITIONED,per_tau_forward_max_distribution,p99_9,17,0.515625,,,318.4035918771586,EXACT_FROM_SAVED_OBSERVATIONS,,,log1p(mm/h),8626,
SUCCESSFUL_UPDATES_PLUS_FAILING_FORWARD,WHOLE_GRID_UNPARTITIONED,per_tau_forward_max_distribution,max,17,0.515625,,,357.95030066121313,EXACT_FROM_SAVED_OBSERVATIONS,,,log1p(mm/h),8626,
SUCCESSFUL_UPDATES_PLUS_FAILING_FORWARD,WHOLE_GRID_UNPARTITIONED,per_tau_forward_max_distribution,p99,18,0.546875,,,281.74533874776057,EXACT_FROM_SAVED_OBSERVATIONS,,,log1p(mm/h),8626,
SUCCESSFUL_UPDATES_PLUS_FAILING_FORWARD,WHOLE_GRID_UNPARTITIONED,per_tau_forward_max_distribution,p99_9,18,0.546875,,,339.3557199132761,EXACT_FROM_SAVED_OBSERVATIONS,,,log1p(mm/h),8626,
SUCCESSFUL_UPDATES_PLUS_FAILING_FORWARD,WHOLE_GRID_UNPARTITIONED,per_tau_forward_max_distribution,max,18,0.546875,,,381.9613164174387,EXACT_FROM_SAVED_OBSERVATIONS,,,log1p(mm/h),8626,
SUCCESSFUL_UPDATES_PLUS_FAILING_FORWARD,WHOLE_GRID_UNPARTITIONED,per_tau_forward_max_distribution,p99,19,0.578125,,,303.01532133034567,EXACT_FROM_SAVED_OBSERVATIONS,,,log1p(mm/h),8626,
SUCCESSFUL_UPDATES_PLUS_FAILING_FORWARD,WHOLE_GRID_UNPARTITIONED,per_tau_forward_max_distribution,p99_9,19,0.578125,,,364.5178225369337,EXACT_FROM_SAVED_OBSERVATIONS,,,log1p(mm/h),8626,
SUCCESSFUL_UPDATES_PLUS_FAILING_FORWARD,WHOLE_GRID_UNPARTITIONED,per_tau_forward_max_distribution,max,19,0.578125,,,410.91248911030976,EXACT_FROM_SAVED_OBSERVATIONS,,,log1p(mm/h),8626,
SUCCESSFUL_UPDATES_PLUS_FAILING_FORWARD,WHOLE_GRID_UNPARTITIONED,per_tau_forward_max_distribution,p99,20,0.609375,,,322.8879784282436,EXACT_FROM_SAVED_OBSERVATIONS,,,log1p(mm/h),8626,
SUCCESSFUL_UPDATES_PLUS_FAILING_FORWARD,WHOLE_GRID_UNPARTITIONED,per_tau_forward_max_distribution,p99_9,20,0.609375,,,387.4729248448255,EXACT_FROM_SAVED_OBSERVATIONS,,,log1p(mm/h),8626,
SUCCESSFUL_UPDATES_PLUS_FAILING_FORWARD,WHOLE_GRID_UNPARTITIONED,per_tau_forward_max_distribution,max,20,0.609375,,,436.31466583150115,EXACT_FROM_SAVED_OBSERVATIONS,,,log1p(mm/h),8626,
SUCCESSFUL_UPDATES_PLUS_FAILING_FORWARD,WHOLE_GRID_UNPARTITIONED,per_tau_forward_max_distribution,p99,21,0.640625,,,334.7903238091968,EXACT_FROM_SAVED_OBSERVATIONS,,,log1p(mm/h),8626,
SUCCESSFUL_UPDATES_PLUS_FAILING_FORWARD,WHOLE_GRID_UNPARTITIONED,per_tau_forward_max_distribution,p99_9,21,0.640625,,,401.57017511717737,EXACT_FROM_SAVED_OBSERVATIONS,,,log1p(mm/h),8626,
SUCCESSFUL_UPDATES_PLUS_FAILING_FORWARD,WHOLE_GRID_UNPARTITIONED,per_tau_forward_max_distribution,max,21,0.640625,,,452.6420650306662,EXACT_FROM_SAVED_OBSERVATIONS,,,log1p(mm/h),8626,
SUCCESSFUL_UPDATES_PLUS_FAILING_FORWARD,WHOLE_GRID_UNPARTITIONED,per_tau_forward_max_distribution,p99,22,0.671875,,,356.7186505354516,EXACT_FROM_SAVED_OBSERVATIONS,,,log1p(mm/h),8626,
SUCCESSFUL_UPDATES_PLUS_FAILING_FORWARD,WHOLE_GRID_UNPARTITIONED,per_tau_forward_max_distribution,p99_9,22,0.671875,,,427.7280374062246,EXACT_FROM_SAVED_OBSERVATIONS,,,log1p(mm/h),8626,
SUCCESSFUL_UPDATES_PLUS_FAILING_FORWARD,WHOLE_GRID_UNPARTITIONED,per_tau_forward_max_distribution,max,22,0.671875,,,481.99036678237513,EXACT_FROM_SAVED_OBSERVATIONS,,,log1p(mm/h),8626,
SUCCESSFUL_UPDATES_PLUS_FAILING_FORWARD,WHOLE_GRID_UNPARTITIONED,per_tau_forward_max_distribution,p99,23,0.703125,,,377.16149582589367,EXACT_FROM_SAVED_OBSERVATIONS,,,log1p(mm/h),8626,
SUCCESSFUL_UPDATES_PLUS_FAILING_FORWARD,WHOLE_GRID_UNPARTITIONED,per_tau_forward_max_distribution,p99_9,23,0.703125,,,451.3480703840053,EXACT_FROM_SAVED_OBSERVATIONS,,,log1p(mm/h),8626,
SUCCESSFUL_UPDATES_PLUS_FAILING_FORWARD,WHOLE_GRID_UNPARTITIONED,per_tau_forward_max_distribution,max,23,0.703125,,,508.26223916701866,EXACT_FROM_SAVED_OBSERVATIONS,,,log1p(mm/h),8626,
SUCCESSFUL_UPDATES_PLUS_FAILING_FORWARD,WHOLE_GRID_UNPARTITIONED,per_tau_forward_max_distribution,p99,24,0.734375,,,393.97759109266417,EXACT_FROM_SAVED_OBSERVATIONS,,,log1p(mm/h),8626,
SUCCESSFUL_UPDATES_PLUS_FAILING_FORWARD,WHOLE_GRID_UNPARTITIONED,per_tau_forward_max_distribution,p99_9,24,0.734375,,,472.1689734615987,EXACT_FROM_SAVED_OBSERVATIONS,,,log1p(mm/h),8626,
SUCCESSFUL_UPDATES_PLUS_FAILING_FORWARD,WHOLE_GRID_UNPARTITIONED,per_tau_forward_max_distribution,max,24,0.734375,,,531.7230077308615,EXACT_FROM_SAVED_OBSERVATIONS,,,log1p(mm/h),8626,
SUCCESSFUL_UPDATES_PLUS_FAILING_FORWARD,WHOLE_GRID_UNPARTITIONED,per_tau_forward_max_distribution,p99,25,0.765625,,,409.00515077555036,EXACT_FROM_SAVED_OBSERVATIONS,,,log1p(mm/h),8626,
SUCCESSFUL_UPDATES_PLUS_FAILING_FORWARD,WHOLE_GRID_UNPARTITIONED,per_tau_forward_max_distribution,p99_9,25,0.765625,,,489.66416048184436,EXACT_FROM_SAVED_OBSERVATIONS,,,log1p(mm/h),8626,
SUCCESSFUL_UPDATES_PLUS_FAILING_FORWARD,WHOLE_GRID_UNPARTITIONED,per_tau_forward_max_distribution,max,25,0.765625,,,551.1164106521228,EXACT_FROM_SAVED_OBSERVATIONS,,,log1p(mm/h),8626,
SUCCESSFUL_UPDATES_PLUS_FAILING_FORWARD,WHOLE_GRID_UNPARTITIONED,per_tau_forward_max_distribution,p99,26,0.796875,,,409.02204438461007,EXACT_FROM_SAVED_OBSERVATIONS,,,log1p(mm/h),8626,
SUCCESSFUL_UPDATES_PLUS_FAILING_FORWARD,WHOLE_GRID_UNPARTITIONED,per_tau_forward_max_distribution,p99_9,26,0.796875,,,489.67295189661735,EXACT_FROM_SAVED_OBSERVATIONS,,,log1p(mm/h),8626,
SUCCESSFUL_UPDATES_PLUS_FAILING_FORWARD,WHOLE_GRID_UNPARTITIONED,per_tau_forward_max_distribution,max,26,0.796875,,,551.1216490112137,EXACT_FROM_SAVED_OBSERVATIONS,,,log1p(mm/h),8626,
SUCCESSFUL_UPDATES_PLUS_FAILING_FORWARD,WHOLE_GRID_UNPARTITIONED,per_tau_forward_max_distribution,p99,27,0.828125,,,417.97149649443213,EXACT_FROM_SAVED_OBSERVATIONS,,,log1p(mm/h),8626,
SUCCESSFUL_UPDATES_PLUS_FAILING_FORWARD,WHOLE_GRID_UNPARTITIONED,per_tau_forward_max_distribution,p99_9,27,0.828125,,,500.26895812372044,EXACT_FROM_SAVED_OBSERVATIONS,,,log1p(mm/h),8626,
SUCCESSFUL_UPDATES_PLUS_FAILING_FORWARD,WHOLE_GRID_UNPARTITIONED,per_tau_forward_max_distribution,max,27,0.828125,,,563.3060430998905,EXACT_FROM_SAVED_OBSERVATIONS,,,log1p(mm/h),8626,
SUCCESSFUL_UPDATES_PLUS_FAILING_FORWARD,WHOLE_GRID_UNPARTITIONED,per_tau_forward_max_distribution,p99,28,0.859375,,,436.9364095702264,EXACT_FROM_SAVED_OBSERVATIONS,,,log1p(mm/h),8626,
SUCCESSFUL_UPDATES_PLUS_FAILING_FORWARD,WHOLE_GRID_UNPARTITIONED,per_tau_forward_max_distribution,p99_9,28,0.859375,,,523.1590136443502,EXACT_FROM_SAVED_OBSERVATIONS,,,log1p(mm/h),8626,
SUCCESSFUL_UPDATES_PLUS_FAILING_FORWARD,WHOLE_GRID_UNPARTITIONED,per_tau_forward_max_distribution,max,28,0.859375,,,589.4443686553104,EXACT_FROM_SAVED_OBSERVATIONS,,,log1p(mm/h),8626,
SUCCESSFUL_UPDATES_PLUS_FAILING_FORWARD,WHOLE_GRID_UNPARTITIONED,per_tau_forward_max_distribution,p99,29,0.890625,,,460.5379369993126,EXACT_FROM_SAVED_OBSERVATIONS,,,log1p(mm/h),8626,
SUCCESSFUL_UPDATES_PLUS_FAILING_FORWARD,WHOLE_GRID_UNPARTITIONED,per_tau_forward_max_distribution,p99_9,29,0.890625,,,552.4342755416432,EXACT_FROM_SAVED_OBSERVATIONS,,,log1p(mm/h),8626,
SUCCESSFUL_UPDATES_PLUS_FAILING_FORWARD,WHOLE_GRID_UNPARTITIONED,per_tau_forward_max_distribution,max,29,0.890625,,,622.4111282012088,EXACT_FROM_SAVED_OBSERVATIONS,,,log1p(mm/h),8626,
SUCCESSFUL_UPDATES_PLUS_FAILING_FORWARD,WHOLE_GRID_UNPARTITIONED,per_tau_forward_max_distribution,p99,30,0.921875,,,476.0351957011932,EXACT_FROM_SAVED_OBSERVATIONS,,,log1p(mm/h),8626,
SUCCESSFUL_UPDATES_PLUS_FAILING_FORWARD,WHOLE_GRID_UNPARTITIONED,per_tau_forward_max_distribution,p99_9,30,0.921875,,,570.9326201605509,EXACT_FROM_SAVED_OBSERVATIONS,,,log1p(mm/h),8626,
SUCCESSFUL_UPDATES_PLUS_FAILING_FORWARD,WHOLE_GRID_UNPARTITIONED,per_tau_forward_max_distribution,max,30,0.921875,,,644.6437797759158,EXACT_FROM_SAVED_OBSERVATIONS,,,log1p(mm/h),8626,
SUCCESSFUL_UPDATES_PLUS_FAILING_FORWARD,WHOLE_GRID_UNPARTITIONED,per_tau_forward_max_distribution,p99,31,0.953125,,,505.7609803439849,EXACT_FROM_SAVED_OBSERVATIONS,,,log1p(mm/h),8626,
SUCCESSFUL_UPDATES_PLUS_FAILING_FORWARD,WHOLE_GRID_UNPARTITIONED,per_tau_forward_max_distribution,p99_9,31,0.953125,,,606.0102720022867,EXACT_FROM_SAVED_OBSERVATIONS,,,log1p(mm/h),8626,
SUCCESSFUL_UPDATES_PLUS_FAILING_FORWARD,WHOLE_GRID_UNPARTITIONED,per_tau_forward_max_distribution,max,31,0.953125,,,684.797188644324,EXACT_FROM_SAVED_OBSERVATIONS,,,log1p(mm/h),8626,
SUCCESSFUL_UPDATES_PLUS_FAILING_FORWARD,WHOLE_GRID_UNPARTITIONED,per_tau_forward_max_distribution,p99,32,0.984375,,,532.9835015132659,EXACT_FROM_SAVED_OBSERVATIONS,,,log1p(mm/h),8626,
SUCCESSFUL_UPDATES_PLUS_FAILING_FORWARD,WHOLE_GRID_UNPARTITIONED,per_tau_forward_max_distribution,p99_9,32,0.984375,,,637.9910460306833,EXACT_FROM_SAVED_OBSERVATIONS,,,log1p(mm/h),8626,
SUCCESSFUL_UPDATES_PLUS_FAILING_FORWARD,WHOLE_GRID_UNPARTITIONED,per_tau_forward_max_distribution,max,32,0.984375,,,721.2174966216189,EXACT_FROM_SAVED_OBSERVATIONS,,,log1p(mm/h),8626,
