sample_id,month,valid_pixels,positive_pixels,negative_pixels
2023-03-01T00:00:00+00:00,202303,3430,14,3416
2023-03-01T00:30:00+00:00,202303,3430,19,3411
2023-03-01T01:00:00+00:00,202303,3430,26,3404
2023-03-01T01:30:00+00:00,202303,3430,29,3401
2023-03-01T02:00:00+00:00,202303,3430,34,3396
2023-03-01T02:30:00+00:00,202303,3430,35,3395
2023-03-01T03:00:00+00:00,202303,3430,31,3399
2023-03-01T03:30:00+00:00,202303,3430,27,3403
2023-03-01T04:00:00+00:00,202303,3430,20,3410
2023-03-01T04:30:00+00:00,202303,3430,13,3417
2023-03-01T05:00:00+00:00,202303,3430,14,3416
2023-03-01T05:30:00+00:00,202303,3430,14,3416
2023-03-01T06:00:00+00:00,202303,3430,13,3417
2023-03-01T06:30:00+00:00,202303,3430,13,3417
2023-03-01T07:00:00+00:00,202303,3430,17,3413
2023-03-01T07:30:00+00:00,202303,3430,10,3420
2023-03-01T08:00:00+00:00,202303,3430,8,3422
2023-03-01T08:30:00+00:00,202303,3430,9,3421
2023-03-01T09:00:00+00:00,202303,3430,5,3425
2023-03-01T09:30:00+00:00,202303,3430,5,3425
2023-03-01T10:00:00+00:00,202303,3430,4,3426
2023-03-01T10:30:00+00:00,202303,3430,7,3423
2023-03-01T11:00:00+00:00,202303,3430,2,3428
2023-03-01T11:30:00+00:00,202303,3430,7,3423
2023-03-01T12:00:00+00:00,202303,3430,7,3423
2023-03-01T12:30:00+00:00,202303,3430,11,3419
2023-03-01T13:00:00+00:00,202303,3430,11,3419
2023-03-01T13:30:00+00:00,202303,3430,6,3424
2023-03-01T14:00:00+00:00,202303,3430,6,3424
2023-03-01T14:30:00+00:00,202303,3430,6,3424
2023-03-01T15:00:00+00:00,202303,3430,6,3424
2023-03-01T15:30:00+00:00,202303,3430,7,3423
2023-03-01T16:00:00+00:00,202303,3430,6,3424
2023-03-01T16:30:00+00:00,202303,3430,8,3422
2023-03-01T17:00:00+00:00,202303,3430,17,3413
2023-03-01T17:30:00+00:00,202303,3430,17,3413
2023-03-01T18:00:00+00:00,202303,3430,19,3411
2023-03-01T18:30:00+00:00,202303,3430,30,3400
2023-03-01T19:00:00+00:00,202303,3430,24,3406
2023-03-01T19:30:00+00:00,202303,3430,22,3408
2023-03-01T20:00:00+00:00,202303,3430,15,3415
2023-03-01T20:30:00+00:00,202303,3430,10,3420
2023-03-01T21:00:00+00:00,202303,3430,11,3419
2023-03-01T21:30:00+00:00,202303,3430,8,3422
2023-03-01T22:00:00+00:00,202303,3430,8,3422
2023-03-01T22:30:00+00:00,202303,3430,3,3427
2023-03-01T23:00:00+00:00,202303,3430,2,3428
2023-03-01T23:30:00+00:00,202303,3430,1,3429
2023-03-02T00:00:00+00:00,202303,3430,6,3424
2023-03-02T00:30:00+00:00,202303,3430,11,3419
2023-03-02T01:00:00+00:00,202303,3430,15,3415
2023-03-02T01:30:00+00:00,202303,3430,15,3415
2023-03-02T02:00:00+00:00,202303,3430,18,3412
2023-03-02T02:30:00+00:00,202303,3430,24,3406
2023-03-02T03:00:00+00:00,202303,3430,30,3400
2023-03-02T03:30:00+00:00,202303,3430,33,3397
2023-03-02T04:00:00+00:00,202303,3430,27,3403
2023-03-02T04:30:00+00:00,202303,3430,29,3401
2023-03-02T05:00:00+00:00,202303,3430,34,3396
2023-03-02T05:30:00+00:00,202303,3430,30,3400
2023-03-02T06:00:00+00:00,202303,3430,46,3384
2023-03-02T06:30:00+00:00,202303,3430,54,3376
2023-03-02T07:00:00+00:00,202303,3430,61,3369
2023-03-02T07:30:00+00:00,202303,3430,33,3397
2023-03-02T08:00:00+00:00,202303,3430,57,3373
2023-03-02T08:30:00+00:00,202303,3430,46,3384
2023-03-02T09:00:00+00:00,202303,3430,38,3392
2023-03-02T09:30:00+00:00,202303,3430,28,3402
2023-03-02T10:00:00+00:00,202303,3430,24,3406
2023-03-02T10:30:00+00:00,202303,3430,22,3408
2023-03-02T11:00:00+00:00,202303,3430,18,3412
2023-03-02T11:30:00+00:00,202303,3430,18,3412
2023-03-02T12:00:00+00:00,202303,3430,15,3415
2023-03-02T12:30:00+00:00,202303,3430,16,3414
2023-03-02T13:00:00+00:00,202303,3430,17,3413
2023-03-02T13:30:00+00:00,202303,3430,20,3410
2023-03-02T14:00:00+00:00,202303,3430,29,3401
2023-03-02T14:30:00+00:00,202303,3430,26,3404
2023-03-02T15:00:00+00:00,202303,3430,37,3393
2023-03-02T15:30:00+00:00,202303,3430,45,3385
2023-03-02T16:00:00+00:00,202303,3430,32,3398
2023-03-02T16:30:00+00:00,202303,3430,22,3408
2023-03-02T17:00:00+00:00,202303,3430,22,3408
2023-03-02T17:30:00+00:00,202303,3430,25,3405
2023-03-02T18:00:00+00:00,202303,3430,56,3374
2023-03-02T18:30:00+00:00,202303,3430,44,3386
2023-03-02T19:00:00+00:00,202303,3430,43,3387
2023-03-02T19:30:00+00:00,202303,3430,12,3418
2023-03-02T20:00:00+00:00,202303,3430,9,3421
2023-03-02T20:30:00+00:00,202303,3430,6,3424
2023-03-02T21:00:00+00:00,202303,3430,5,3425
2023-03-02T21:30:00+00:00,202303,3430,9,3421
2023-03-02T22:00:00+00:00,202303,3430,7,3423
2023-03-02T22:30:00+00:00,202303,3430,4,3426
2023-03-02T23:00:00+00:00,202303,3430,4,3426
2023-03-02T23:30:00+00:00,202303,3430,4,3426
2023-03-03T00:00:00+00:00,202303,3430,8,3422
2023-03-03T00:30:00+00:00,202303,3430,18,3412
2023-03-03T01:00:00+00:00,202303,3430,18,3412
2023-03-03T01:30:00+00:00,202303,3430,25,3405
2023-03-03T02:00:00+00:00,202303,3430,33,3397
2023-03-03T02:30:00+00:00,202303,3430,37,3393
2023-03-03T03:00:00+00:00,202303,3430,32,3398
2023-03-03T03:30:00+00:00,202303,3430,27,3403
2023-03-03T04:00:00+00:00,202303,3430,11,3419
2023-03-03T04:30:00+00:00,202303,3430,9,3421
2023-03-03T05:00:00+00:00,202303,3430,6,3424
2023-03-03T05:30:00+00:00,202303,3430,6,3424
2023-03-03T06:00:00+00:00,202303,3430,1,3429
2023-03-03T06:30:00+00:00,202303,3430,3,3427
2023-03-03T07:00:00+00:00,202303,3430,11,3419
2023-03-03T07:30:00+00:00,202303,3430,15,3415
2023-03-03T08:00:00+00:00,202303,3430,25,3405
2023-03-03T08:30:00+00:00,202303,3430,38,3392
2023-03-03T09:00:00+00:00,202303,3430,47,3383
2023-03-03T09:30:00+00:00,202303,3430,56,3374
2023-03-03T10:00:00+00:00,202303,3430,61,3369
2023-03-03T10:30:00+00:00,202303,3430,78,3352
2023-03-03T11:00:00+00:00,202303,3430,69,3361
2023-03-03T11:30:00+00:00,202303,3430,70,3360
2023-03-03T12:00:00+00:00,202303,3430,57,3373
2023-03-03T12:30:00+00:00,202303,3430,57,3373
2023-03-03T13:00:00+00:00,202303,3430,39,3391
2023-03-03T13:30:00+00:00,202303,3430,41,3389
2023-03-03T14:00:00+00:00,202303,3430,33,3397
2023-03-03T14:30:00+00:00,202303,3430,34,3396
2023-03-03T15:00:00+00:00,202303,3430,41,3389
2023-03-03T15:30:00+00:00,202303,3430,40,3390
2023-03-03T16:00:00+00:00,202303,3430,44,3386
2023-03-03T16:30:00+00:00,202303,3430,58,3372
2023-03-03T17:00:00+00:00,202303,3430,49,3381
2023-03-03T17:30:00+00:00,202303,3430,67,3363
2023-03-03T18:00:00+00:00,202303,3430,48,3382
2023-03-03T18:30:00+00:00,202303,3430,111,3319
2023-03-03T19:00:00+00:00,202303,3430,146,3284
2023-03-03T19:30:00+00:00,202303,3430,179,3251
2023-03-03T20:00:00+00:00,202303,3430,143,3287
2023-03-03T20:30:00+00:00,202303,3430,131,3299
2023-03-03T21:00:00+00:00,202303,3430,115,3315
2023-03-03T21:30:00+00:00,202303,3430,114,3316
2023-03-03T22:00:00+00:00,202303,3430,77,3353
2023-03-03T22:30:00+00:00,202303,3430,55,3375
2023-03-03T23:00:00+00:00,202303,3430,40,3390
2023-03-03T23:30:00+00:00,202303,3430,34,3396
2023-03-04T00:00:00+00:00,202303,3430,36,3394
2023-03-04T00:30:00+00:00,202303,3430,25,3405
2023-03-04T01:00:00+00:00,202303,3430,22,3408
2023-03-04T01:30:00+00:00,202303,3430,22,3408
2023-03-04T02:00:00+00:00,202303,3430,19,3411
2023-03-04T02:30:00+00:00,202303,3430,14,3416
2023-03-04T03:00:00+00:00,202303,3430,14,3416
2023-03-04T03:30:00+00:00,202303,3430,13,3417
2023-03-04T04:00:00+00:00,202303,3430,9,3421
2023-03-04T04:30:00+00:00,202303,3430,9,3421
2023-03-04T05:00:00+00:00,202303,3430,8,3422
2023-03-04T05:30:00+00:00,202303,3430,16,3414
2023-03-04T06:00:00+00:00,202303,3430,16,3414
2023-03-04T06:30:00+00:00,202303,3430,17,3413
2023-03-04T07:00:00+00:00,202303,3430,3,3427
2023-03-04T07:30:00+00:00,202303,3430,3,3427
2023-03-04T08:00:00+00:00,202303,3430,8,3422
2023-03-04T08:30:00+00:00,202303,3430,32,3398
2023-03-04T09:00:00+00:00,202303,3430,37,3393
2023-03-04T09:30:00+00:00,202303,3430,45,3385
2023-03-04T10:00:00+00:00,202303,3430,21,3409
2023-03-04T10:30:00+00:00,202303,3430,16,3414
2023-03-04T11:00:00+00:00,202303,3430,28,3402
2023-03-04T11:30:00+00:00,202303,3430,28,3402
2023-03-04T12:00:00+00:00,202303,3430,30,3400
2023-03-04T12:30:00+00:00,202303,3430,31,3399
2023-03-04T13:00:00+00:00,202303,3430,36,3394
2023-03-04T13:30:00+00:00,202303,3430,44,3386
2023-03-04T14:00:00+00:00,202303,3430,39,3391
2023-03-04T14:30:00+00:00,202303,3430,25,3405
2023-03-04T15:00:00+00:00,202303,3430,32,3398
2023-03-04T15:30:00+00:00,202303,3430,45,3385
2023-03-04T16:00:00+00:00,202303,3430,58,3372
2023-03-04T16:30:00+00:00,202303,3430,39,3391
2023-03-04T17:00:00+00:00,202303,3430,26,3404
2023-03-04T17:30:00+00:00,202303,3430,28,3402
2023-03-04T18:00:00+00:00,202303,3430,49,3381
2023-03-04T18:30:00+00:00,202303,3430,34,3396
2023-03-04T19:00:00+00:00,202303,3430,31,3399
2023-03-04T19:30:00+00:00,202303,3430,29,3401
2023-03-04T20:00:00+00:00,202303,3430,16,3414
2023-03-04T20:30:00+00:00,202303,3430,16,3414
2023-03-04T21:00:00+00:00,202303,3430,22,3408
2023-03-04T21:30:00+00:00,202303,3430,15,3415
2023-03-04T22:00:00+00:00,202303,3430,15,3415
2023-03-04T22:30:00+00:00,202303,3430,15,3415
2023-03-04T23:00:00+00:00,202303,3430,14,3416
2023-03-04T23:30:00+00:00,202303,3430,13,3417
2023-03-05T00:00:00+00:00,202303,3430,9,3421
2023-03-05T00:30:00+00:00,202303,3430,13,3417
2023-03-05T01:00:00+00:00,202303,3430,15,3415
2023-03-05T01:30:00+00:00,202303,3430,21,3409
2023-03-05T02:00:00+00:00,202303,3430,18,3412
2023-03-05T02:30:00+00:00,202303,3430,11,3419
2023-03-05T03:00:00+00:00,202303,3430,13,3417
2023-03-05T03:30:00+00:00,202303,3430,8,3422
2023-03-05T04:00:00+00:00,202303,3430,7,3423
2023-03-05T04:30:00+00:00,202303,3430,7,3423
2023-03-05T05:00:00+00:00,202303,3430,5,3425
2023-03-05T05:30:00+00:00,202303,3430,4,3426
2023-03-05T06:00:00+00:00,202303,3430,21,3409
2023-03-05T06:30:00+00:00,202303,3430,74,3356
2023-03-05T07:00:00+00:00,202303,3430,90,3340
2023-03-05T07:30:00+00:00,202303,3430,157,3273
2023-03-05T08:00:00+00:00,202303,3430,158,3272
2023-03-05T08:30:00+00:00,202303,3430,255,3175
2023-03-05T09:00:00+00:00,202303,3430,265,3165
2023-03-05T09:30:00+00:00,202303,3430,265,3165
2023-03-05T10:00:00+00:00,202303,3430,162,3268
2023-03-05T10:30:00+00:00,202303,3430,156,3274
2023-03-05T11:00:00+00:00,202303,3430,102,3328
2023-03-05T11:30:00+00:00,202303,3430,55,3375
2023-03-05T12:00:00+00:00,202303,3430,37,3393
2023-03-05T12:30:00+00:00,202303,3430,23,3407
2023-03-05T13:00:00+00:00,202303,3430,23,3407
2023-03-05T13:30:00+00:00,202303,3430,18,3412
2023-03-05T14:00:00+00:00,202303,3430,13,3417
2023-03-05T14:30:00+00:00,202303,3430,15,3415
2023-03-05T15:00:00+00:00,202303,3430,21,3409
2023-03-05T15:30:00+00:00,202303,3430,11,3419
2023-03-05T16:00:00+00:00,202303,3430,4,3426
2023-03-05T16:30:00+00:00,202303,3430,6,3424
2023-03-05T17:00:00+00:00,202303,3430,10,3420
2023-03-05T17:30:00+00:00,202303,3430,8,3422
2023-03-05T18:00:00+00:00,202303,3430,13,3417
2023-03-05T18:30:00+00:00,202303,3430,24,3406
2023-03-05T19:00:00+00:00,202303,3430,30,3400
2023-03-05T19:30:00+00:00,202303,3430,51,3379
2023-03-05T20:00:00+00:00,202303,3430,35,3395
2023-03-05T20:30:00+00:00,202303,3430,36,3394
2023-03-05T21:00:00+00:00,202303,3430,24,3406
2023-03-05T21:30:00+00:00,202303,3430,25,3405
2023-03-05T22:00:00+00:00,202303,3430,16,3414
2023-03-05T22:30:00+00:00,202303,3430,6,3424
2023-03-05T23:00:00+00:00,202303,3430,3,3427
2023-03-05T23:30:00+00:00,202303,3430,0,3430
2023-03-06T00:00:00+00:00,202303,3430,4,3426
2023-03-06T00:30:00+00:00,202303,3430,4,3426
2023-03-06T01:00:00+00:00,202303,3430,6,3424
2023-03-06T01:30:00+00:00,202303,3430,9,3421
2023-03-06T02:00:00+00:00,202303,3430,7,3423
2023-03-06T02:30:00+00:00,202303,3430,3,3427
2023-03-06T03:00:00+00:00,202303,3430,3,3427
2023-03-06T03:30:00+00:00,202303,3430,7,3423
2023-03-06T04:00:00+00:00,202303,3430,8,3422
2023-03-06T04:30:00+00:00,202303,3430,14,3416
2023-03-06T05:00:00+00:00,202303,3430,20,3410
2023-03-06T05:30:00+00:00,202303,3430,41,3389
2023-03-06T06:00:00+00:00,202303,3430,39,3391
2023-03-06T06:30:00+00:00,202303,3430,42,3388
2023-03-06T07:00:00+00:00,202303,3430,32,3398
2023-03-06T07:30:00+00:00,202303,3430,46,3384
2023-03-06T08:00:00+00:00,202303,3430,66,3364
2023-03-06T08:30:00+00:00,202303,3430,71,3359
2023-03-06T09:00:00+00:00,202303,3430,94,3336
2023-03-06T09:30:00+00:00,202303,3430,38,3392
2023-03-06T10:00:00+00:00,202303,3430,49,3381
2023-03-06T10:30:00+00:00,202303,3430,29,3401
2023-03-06T11:00:00+00:00,202303,3430,21,3409
2023-03-06T11:30:00+00:00,202303,3430,16,3414
2023-03-06T12:00:00+00:00,202303,3430,16,3414
2023-03-06T12:30:00+00:00,202303,3430,9,3421
2023-03-06T13:00:00+00:00,202303,3430,14,3416
2023-03-06T13:30:00+00:00,202303,3430,24,3406
2023-03-06T14:00:00+00:00,202303,3430,21,3409
2023-03-06T14:30:00+00:00,202303,3430,27,3403
2023-03-06T15:00:00+00:00,202303,3430,35,3395
2023-03-06T15:30:00+00:00,202303,3430,41,3389
2023-03-06T16:00:00+00:00,202303,3430,39,3391
2023-03-06T16:30:00+00:00,202303,3430,32,3398
2023-03-06T17:00:00+00:00,202303,3430,34,3396
2023-03-06T17:30:00+00:00,202303,3430,73,3357
2023-03-06T18:00:00+00:00,202303,3430,57,3373
2023-03-06T18:30:00+00:00,202303,3430,38,3392
2023-03-06T19:00:00+00:00,202303,3430,27,3403
2023-03-06T19:30:00+00:00,202303,3430,26,3404
2023-03-06T20:00:00+00:00,202303,3430,10,3420
2023-03-06T20:30:00+00:00,202303,3430,22,3408
2023-03-06T21:00:00+00:00,202303,3430,28,3402
2023-03-06T21:30:00+00:00,202303,3430,45,3385
2023-03-06T22:00:00+00:00,202303,3430,44,3386
2023-03-06T22:30:00+00:00,202303,3430,49,3381
2023-03-06T23:00:00+00:00,202303,3430,44,3386
2023-03-06T23:30:00+00:00,202303,3430,26,3404
2023-03-07T00:00:00+00:00,202303,3430,21,3409
2023-03-07T00:30:00+00:00,202303,3430,16,3414
2023-03-07T01:00:00+00:00,202303,3430,10,3420
2023-03-07T01:30:00+00:00,202303,3430,3,3427
2023-03-07T02:00:00+00:00,202303,3430,1,3429
2023-03-07T02:30:00+00:00,202303,3430,0,3430
2023-03-07T03:00:00+00:00,202303,3430,0,3430
2023-03-07T03:30:00+00:00,202303,3430,1,3429
2023-03-07T04:00:00+00:00,202303,3430,5,3425
2023-03-07T04:30:00+00:00,202303,3430,10,3420
2023-03-07T05:00:00+00:00,202303,3430,19,3411
2023-03-07T05:30:00+00:00,202303,3430,26,3404
2023-03-07T06:00:00+00:00,202303,3430,24,3406
2023-03-07T06:30:00+00:00,202303,3430,34,3396
2023-03-07T07:00:00+00:00,202303,3430,38,3392
2023-03-07T07:30:00+00:00,202303,3430,26,3404
2023-03-07T08:00:00+00:00,202303,3430,33,3397
2023-03-07T08:30:00+00:00,202303,3430,25,3405
2023-03-07T09:00:00+00:00,202303,3430,30,3400
2023-03-07T09:30:00+00:00,202303,3430,5,3425
2023-03-07T10:00:00+00:00,202303,3430,8,3422
2023-03-07T10:30:00+00:00,202303,3430,4,3426
2023-03-07T11:00:00+00:00,202303,3430,4,3426
2023-03-07T11:30:00+00:00,202303,3430,4,3426
2023-03-07T12:00:00+00:00,202303,3430,4,3426
2023-03-07T12:30:00+00:00,202303,3430,9,3421
2023-03-07T13:00:00+00:00,202303,3430,9,3421
2023-03-07T13:30:00+00:00,202303,3430,13,3417
2023-03-07T14:00:00+00:00,202303,3430,21,3409
2023-03-07T14:30:00+00:00,202303,3430,17,3413
2023-03-07T15:00:00+00:00,202303,3430,20,3410
2023-03-07T15:30:00+00:00,202303,3430,15,3415
2023-03-07T16:00:00+00:00,202303,3430,16,3414
2023-03-07T16:30:00+00:00,202303,3430,19,3411
2023-03-07T17:00:00+00:00,202303,3430,30,3400
2023-03-07T17:30:00+00:00,202303,3430,37,3393
2023-03-07T18:00:00+00:00,202303,3430,44,3386
2023-03-07T18:30:00+00:00,202303,3430,71,3359
2023-03-07T19:00:00+00:00,202303,3430,80,3350
2023-03-07T19:30:00+00:00,202303,3430,85,3345
2023-03-07T20:00:00+00:00,202303,3430,51,3379
2023-03-07T20:30:00+00:00,202303,3430,77,3353
2023-03-07T21:00:00+00:00,202303,3430,58,3372
2023-03-07T21:30:00+00:00,202303,3430,46,3384
2023-03-07T22:00:00+00:00,202303,3430,23,3407
2023-03-07T22:30:00+00:00,202303,3430,27,3403
2023-03-07T23:00:00+00:00,202303,3430,15,3415
2023-03-07T23:30:00+00:00,202303,3430,9,3421
2023-03-08T00:00:00+00:00,202303,3430,3,3427
2023-03-08T00:30:00+00:00,202303,3430,1,3429
2023-03-08T01:00:00+00:00,202303,3430,3,3427
2023-03-08T01:30:00+00:00,202303,3430,5,3425
2023-03-08T02:00:00+00:00,202303,3430,7,3423
2023-03-08T02:30:00+00:00,202303,3430,8,3422
2023-03-08T03:00:00+00:00,202303,3430,6,3424
2023-03-08T03:30:00+00:00,202303,3430,7,3423
2023-03-08T04:00:00+00:00,202303,3430,3,3427
2023-03-08T04:30:00+00:00,202303,3430,4,3426
2023-03-08T05:00:00+00:00,202303,3430,3,3427
2023-03-08T05:30:00+00:00,202303,3430,5,3425
2023-03-08T06:00:00+00:00,202303,3430,4,3426
2023-03-08T06:30:00+00:00,202303,3430,5,3425
2023-03-08T07:00:00+00:00,202303,3430,6,3424
2023-03-08T07:30:00+00:00,202303,3430,8,3422
2023-03-08T08:00:00+00:00,202303,3430,18,3412
2023-03-08T08:30:00+00:00,202303,3430,19,3411
2023-03-08T09:00:00+00:00,202303,3430,26,3404
2023-03-08T09:30:00+00:00,202303,3430,7,3423
2023-03-08T10:00:00+00:00,202303,3430,10,3420
2023-03-08T10:30:00+00:00,202303,3430,8,3422
2023-03-08T11:00:00+00:00,202303,3430,7,3423
2023-03-08T11:30:00+00:00,202303,3430,6,3424
2023-03-08T12:00:00+00:00,202303,3430,6,3424
2023-03-08T12:30:00+00:00,202303,3430,5,3425
2023-03-08T13:00:00+00:00,202303,3430,8,3422
2023-03-08T13:30:00+00:00,202303,3430,22,3408
2023-03-08T14:00:00+00:00,202303,3430,34,3396
2023-03-08T14:30:00+00:00,202303,3430,39,3391
2023-03-08T15:00:00+00:00,202303,3430,43,3387
2023-03-08T15:30:00+00:00,202303,3430,64,3366
2023-03-08T16:00:00+00:00,202303,3430,45,3385
2023-03-08T16:30:00+00:00,202303,3430,55,3375
2023-03-08T17:00:00+00:00,202303,3430,36,3394
2023-03-08T17:30:00+00:00,202303,3430,29,3401
2023-03-08T18:00:00+00:00,202303,3430,28,3402
2023-03-08T18:30:00+00:00,202303,3430,16,3414
2023-03-08T19:00:00+00:00,202303,3430,14,3416
2023-03-08T19:30:00+00:00,202303,3430,21,3409
2023-03-08T20:00:00+00:00,202303,3430,20,3410
2023-03-08T20:30:00+00:00,202303,3430,15,3415
2023-03-08T21:00:00+00:00,202303,3430,27,3403
2023-03-08T21:30:00+00:00,202303,3430,39,3391
2023-03-08T22:00:00+00:00,202303,3430,43,3387
2023-03-08T22:30:00+00:00,202303,3430,10,3420
2023-03-08T23:00:00+00:00,202303,3430,9,3421
2023-03-08T23:30:00+00:00,202303,3430,7,3423
2023-03-09T00:00:00+00:00,202303,3430,2,3428
2023-03-09T00:30:00+00:00,202303,3430,1,3429
2023-03-09T01:00:00+00:00,202303,3430,2,3428
2023-03-09T01:30:00+00:00,202303,3430,4,3426
2023-03-09T02:00:00+00:00,202303,3430,7,3423
2023-03-09T02:30:00+00:00,202303,3430,5,3425
2023-03-09T03:00:00+00:00,202303,3430,6,3424
2023-03-09T03:30:00+00:00,202303,3430,4,3426
2023-03-09T04:00:00+00:00,202303,3430,5,3425
2023-03-09T04:30:00+00:00,202303,3430,9,3421
2023-03-09T05:00:00+00:00,202303,3430,1,3429
2023-03-09T05:30:00+00:00,202303,3430,0,3430
2023-03-09T06:00:00+00:00,202303,3430,12,3418
2023-03-09T06:30:00+00:00,202303,3430,19,3411
2023-03-09T07:00:00+00:00,202303,3430,28,3402
2023-03-09T07:30:00+00:00,202303,3430,33,3397
2023-03-09T08:00:00+00:00,202303,3430,71,3359
2023-03-09T08:30:00+00:00,202303,3430,52,3378
2023-03-09T09:00:00+00:00,202303,3430,44,3386
2023-03-09T09:30:00+00:00,202303,3430,55,3375
2023-03-09T10:00:00+00:00,202303,3430,55,3375
2023-03-09T10:30:00+00:00,202303,3430,55,3375
2023-03-09T11:00:00+00:00,202303,3430,37,3393
2023-03-09T11:30:00+00:00,202303,3430,33,3397
2023-03-09T12:00:00+00:00,202303,3430,23,3407
2023-03-09T12:30:00+00:00,202303,3430,17,3413
2023-03-09T13:00:00+00:00,202303,3430,10,3420
2023-03-09T13:30:00+00:00,202303,3430,4,3426
2023-03-09T14:00:00+00:00,202303,3430,8,3422
2023-03-09T14:30:00+00:00,202303,3430,8,3422
2023-03-09T15:00:00+00:00,202303,3430,8,3422
2023-03-09T15:30:00+00:00,202303,3430,10,3420
2023-03-09T16:00:00+00:00,202303,3430,11,3419
2023-03-09T16:30:00+00:00,202303,3430,17,3413
2023-03-09T17:00:00+00:00,202303,3430,21,3409
2023-03-09T17:30:00+00:00,202303,3430,20,3410
2023-03-09T18:00:00+00:00,202303,3430,29,3401
2023-03-09T18:30:00+00:00,202303,3430,24,3406
2023-03-09T19:00:00+00:00,202303,3430,18,3412
2023-03-09T19:30:00+00:00,202303,3430,3,3427
2023-03-09T20:00:00+00:00,202303,3430,8,3422
2023-03-09T20:30:00+00:00,202303,3430,23,3407
2023-03-09T21:00:00+00:00,202303,3430,14,3416
2023-03-09T21:30:00+00:00,202303,3430,9,3421
2023-03-09T22:00:00+00:00,202303,3430,2,3428
2023-03-09T22:30:00+00:00,202303,3430,2,3428
2023-03-09T23:00:00+00:00,202303,3430,2,3428
2023-03-09T23:30:00+00:00,202303,3430,0,3430
2023-03-10T00:00:00+00:00,202303,3430,0,3430
2023-03-10T01:00:00+00:00,202303,3430,1,3429
2023-03-10T01:30:00+00:00,202303,3430,1,3429
2023-03-10T02:00:00+00:00,202303,3430,8,3422
2023-03-10T02:30:00+00:00,202303,3430,4,3426
2023-03-10T03:00:00+00:00,202303,3430,6,3424
2023-03-10T03:30:00+00:00,202303,3430,9,3421
2023-03-10T04:00:00+00:00,202303,3430,8,3422
2023-03-10T04:30:00+00:00,202303,3430,10,3420
2023-03-10T05:00:00+00:00,202303,3430,5,3425
2023-03-10T05:30:00+00:00,202303,3430,4,3426
2023-03-10T06:00:00+00:00,202303,3430,2,3428
2023-03-10T06:30:00+00:00,202303,3430,0,3430
2023-03-10T07:00:00+00:00,202303,3430,0,3430
2023-03-10T07:30:00+00:00,202303,3430,8,3422
2023-03-10T08:00:00+00:00,202303,3430,4,3426
2023-03-10T08:30:00+00:00,202303,3430,8,3422
2023-03-10T09:00:00+00:00,202303,3430,3,3427
2023-03-10T09:30:00+00:00,202303,3430,11,3419
2023-03-10T10:00:00+00:00,202303,3430,9,3421
2023-03-10T10:30:00+00:00,202303,3430,7,3423
2023-03-10T11:00:00+00:00,202303,3430,4,3426
2023-03-10T11:30:00+00:00,202303,3430,4,3426
2023-03-10T12:00:00+00:00,202303,3430,13,3417
2023-03-10T12:30:00+00:00,202303,3430,15,3415
2023-03-10T13:00:00+00:00,202303,3430,27,3403
2023-03-10T13:30:00+00:00,202303,3430,11,3419
2023-03-10T14:00:00+00:00,202303,3430,4,3426
2023-03-10T14:30:00+00:00,202303,3430,5,3425
2023-03-10T15:00:00+00:00,202303,3430,9,3421
2023-03-10T15:30:00+00:00,202303,3430,28,3402
2023-03-10T16:00:00+00:00,202303,3430,36,3394
2023-03-10T16:30:00+00:00,202303,3430,48,3382
2023-03-10T17:00:00+00:00,202303,3430,23,3407
2023-03-10T17:30:00+00:00,202303,3430,37,3393
2023-03-10T18:00:00+00:00,202303,3430,17,3413
2023-03-10T18:30:00+00:00,202303,3430,5,3425
2023-03-10T19:00:00+00:00,202303,3430,15,3415
2023-03-10T19:30:00+00:00,202303,3430,26,3404
2023-03-10T20:00:00+00:00,202303,3430,48,3382
2023-03-10T20:30:00+00:00,202303,3430,42,3388
2023-03-10T21:00:00+00:00,202303,3430,35,3395
2023-03-10T21:30:00+00:00,202303,3430,48,3382
2023-03-10T22:00:00+00:00,202303,3430,10,3420
2023-03-10T22:30:00+00:00,202303,3430,3,3427
2023-03-10T23:00:00+00:00,202303,3430,1,3429
2023-03-10T23:30:00+00:00,202303,3430,0,3430
2023-03-11T00:00:00+00:00,202303,3430,0,3430
2023-03-11T00:30:00+00:00,202303,3430,11,3419
2023-03-11T01:00:00+00:00,202303,3430,9,3421
2023-03-11T01:30:00+00:00,202303,3430,6,3424
2023-03-11T02:00:00+00:00,202303,3430,10,3420
2023-03-11T02:30:00+00:00,202303,3430,4,3426
2023-03-11T03:00:00+00:00,202303,3430,4,3426
2023-03-11T03:30:00+00:00,202303,3430,4,3426
2023-03-11T04:00:00+00:00,202303,3430,56,3374
2023-03-11T04:30:00+00:00,202303,3430,85,3345
2023-03-11T05:00:00+00:00,202303,3430,37,3393
2023-03-11T05:30:00+00:00,202303,3430,4,3426
2023-03-11T06:00:00+00:00,202303,3430,8,3422
2023-03-11T06:30:00+00:00,202303,3430,9,3421
2023-03-11T07:00:00+00:00,202303,3430,10,3420
2023-03-11T07:30:00+00:00,202303,3430,60,3370
2023-03-11T08:00:00+00:00,202303,3430,136,3294
2023-03-11T08:30:00+00:00,202303,3430,121,3309
2023-03-11T09:00:00+00:00,202303,3430,22,3408
2023-03-11T09:30:00+00:00,202303,3430,26,3404
2023-03-11T10:00:00+00:00,202303,3430,29,3401
2023-03-11T10:30:00+00:00,202303,3430,23,3407
2023-03-11T11:00:00+00:00,202303,3430,27,3403
2023-03-11T11:30:00+00:00,202303,3430,28,3402
2023-03-11T12:00:00+00:00,202303,3430,119,3311
2023-03-11T12:30:00+00:00,202303,3430,76,3354
2023-03-11T13:00:00+00:00,202303,3430,108,3322
2023-03-11T13:30:00+00:00,202303,3430,50,3380
2023-03-11T14:00:00+00:00,202303,3430,58,3372
2023-03-11T14:30:00+00:00,202303,3430,70,3360
2023-03-11T15:00:00+00:00,202303,3430,198,3232
2023-03-11T15:30:00+00:00,202303,3430,174,3256
2023-03-11T16:00:00+00:00,202303,3430,140,3290
2023-03-11T16:30:00+00:00,202303,3430,151,3279
2023-03-11T17:00:00+00:00,202303,3430,196,3234
2023-03-11T17:30:00+00:00,202303,3430,221,3209
2023-03-11T18:00:00+00:00,202303,3430,151,3279
2023-03-11T18:30:00+00:00,202303,3430,154,3276
2023-03-11T19:00:00+00:00,202303,3430,164,3266
2023-03-11T19:30:00+00:00,202303,3430,139,3291
2023-03-11T20:00:00+00:00,202303,3430,119,3311
2023-03-11T20:30:00+00:00,202303,3430,152,3278
2023-03-11T21:00:00+00:00,202303,3430,146,3284
2023-03-11T21:30:00+00:00,202303,3430,43,3387
2023-03-11T22:00:00+00:00,202303,3430,37,3393
2023-03-11T22:30:00+00:00,202303,3430,32,3398
2023-03-11T23:00:00+00:00,202303,3430,26,3404
2023-03-11T23:30:00+00:00,202303,3430,34,3396
2023-03-12T00:00:00+00:00,202303,3430,21,3409
2023-03-12T00:30:00+00:00,202303,3430,111,3319
2023-03-12T01:00:00+00:00,202303,3430,84,3346
2023-03-12T01:30:00+00:00,202303,3430,53,3377
2023-03-12T02:00:00+00:00,202303,3430,13,3417
2023-03-12T02:30:00+00:00,202303,3430,2,3428
2023-03-12T03:00:00+00:00,202303,3430,5,3425
2023-03-12T03:30:00+00:00,202303,3430,66,3364
2023-03-12T04:00:00+00:00,202303,3430,75,3355
2023-03-12T04:30:00+00:00,202303,3430,106,3324
2023-03-12T05:00:00+00:00,202303,3430,76,3354
2023-03-12T05:30:00+00:00,202303,3430,81,3349
2023-03-12T06:00:00+00:00,202303,3430,63,3367
2023-03-12T06:30:00+00:00,202303,3430,89,3341
2023-03-12T07:00:00+00:00,202303,3430,122,3308
2023-03-12T07:30:00+00:00,202303,3430,259,3171
2023-03-12T08:00:00+00:00,202303,3430,372,3058
2023-03-12T08:30:00+00:00,202303,3430,327,3103
2023-03-12T09:00:00+00:00,202303,3430,369,3061
2023-03-12T09:30:00+00:00,202303,3430,397,3033
2023-03-12T10:00:00+00:00,202303,3430,396,3034
2023-03-12T10:30:00+00:00,202303,3430,361,3069
2023-03-12T11:00:00+00:00,202303,3430,338,3092
2023-03-12T11:30:00+00:00,202303,3430,314,3116
2023-03-12T12:00:00+00:00,202303,3430,321,3109
2023-03-12T12:30:00+00:00,202303,3430,313,3117
2023-03-12T13:00:00+00:00,202303,3430,222,3208
2023-03-12T13:30:00+00:00,202303,3430,58,3372
2023-03-12T14:00:00+00:00,202303,3430,64,3366
2023-03-12T14:30:00+00:00,202303,3430,49,3381
2023-03-12T15:00:00+00:00,202303,3430,83,3347
2023-03-12T15:30:00+00:00,202303,3430,131,3299
2023-03-12T16:00:00+00:00,202303,3430,195,3235
2023-03-12T16:30:00+00:00,202303,3430,183,3247
2023-03-12T17:00:00+00:00,202303,3430,207,3223
2023-03-12T17:30:00+00:00,202303,3430,208,3222
2023-03-12T18:00:00+00:00,202303,3430,202,3228
2023-03-12T18:30:00+00:00,202303,3430,208,3222
2023-03-12T19:00:00+00:00,202303,3430,193,3237
2023-03-12T19:30:00+00:00,202303,3430,177,3253
2023-03-12T20:00:00+00:00,202303,3430,147,3283
2023-03-12T20:30:00+00:00,202303,3430,185,3245
2023-03-12T21:00:00+00:00,202303,3430,178,3252
2023-03-12T21:30:00+00:00,202303,3430,192,3238
2023-03-12T22:00:00+00:00,202303,3430,225,3205
2023-03-12T22:30:00+00:00,202303,3430,245,3185
2023-03-12T23:00:00+00:00,202303,3430,245,3185
2023-03-12T23:30:00+00:00,202303,3430,264,3166
2023-03-13T00:00:00+00:00,202303,3430,246,3184
2023-03-13T00:30:00+00:00,202303,3430,206,3224
2023-03-13T01:00:00+00:00,202303,3430,190,3240
2023-03-13T01:30:00+00:00,202303,3430,168,3262
2023-03-13T02:00:00+00:00,202303,3430,162,3268
2023-03-13T02:30:00+00:00,202303,3430,123,3307
2023-03-13T03:00:00+00:00,202303,3430,115,3315
2023-03-13T03:30:00+00:00,202303,3430,143,3287
2023-03-13T04:00:00+00:00,202303,3430,188,3242
2023-03-13T04:30:00+00:00,202303,3430,193,3237
2023-03-13T05:00:00+00:00,202303,3430,173,3257
2023-03-13T05:30:00+00:00,202303,3430,184,3246
2023-03-13T06:00:00+00:00,202303,3430,159,3271
2023-03-13T06:30:00+00:00,202303,3430,145,3285
2023-03-13T07:00:00+00:00,202303,3430,121,3309
2023-03-13T07:30:00+00:00,202303,3430,175,3255
2023-03-13T08:00:00+00:00,202303,3430,288,3142
2023-03-13T08:30:00+00:00,202303,3430,410,3020
2023-03-13T09:00:00+00:00,202303,3430,463,2967
2023-03-13T09:30:00+00:00,202303,3430,490,2940
2023-03-13T10:00:00+00:00,202303,3430,288,3142
2023-03-13T10:30:00+00:00,202303,3430,324,3106
2023-03-13T11:00:00+00:00,202303,3430,243,3187
2023-03-13T11:30:00+00:00,202303,3430,289,3141
2023-03-13T12:00:00+00:00,202303,3430,227,3203
2023-03-13T12:30:00+00:00,202303,3430,189,3241
2023-03-13T13:00:00+00:00,202303,3430,192,3238
2023-03-13T13:30:00+00:00,202303,3430,165,3265
2023-03-13T14:00:00+00:00,202303,3430,155,3275
2023-03-13T14:30:00+00:00,202303,3430,147,3283
2023-03-13T15:00:00+00:00,202303,3430,137,3293
2023-03-13T15:30:00+00:00,202303,3430,159,3271
2023-03-13T16:00:00+00:00,202303,3430,121,3309
2023-03-13T16:30:00+00:00,202303,3430,118,3312
2023-03-13T17:00:00+00:00,202303,3430,89,3341
2023-03-13T17:30:00+00:00,202303,3430,95,3335
2023-03-13T18:00:00+00:00,202303,3430,84,3346
2023-03-13T18:30:00+00:00,202303,3430,62,3368
2023-03-13T19:00:00+00:00,202303,3430,64,3366
2023-03-13T19:30:00+00:00,202303,3430,70,3360
2023-03-13T20:00:00+00:00,202303,3430,91,3339
2023-03-13T20:30:00+00:00,202303,3430,127,3303
2023-03-13T21:00:00+00:00,202303,3430,118,3312
2023-03-13T21:30:00+00:00,202303,3430,135,3295
2023-03-13T22:00:00+00:00,202303,3430,177,3253
2023-03-13T22:30:00+00:00,202303,3430,149,3281
2023-03-13T23:00:00+00:00,202303,3430,166,3264
2023-03-13T23:30:00+00:00,202303,3430,130,3300
2023-03-14T00:00:00+00:00,202303,3430,141,3289
2023-03-14T00:30:00+00:00,202303,3430,112,3318
2023-03-14T01:00:00+00:00,202303,3430,96,3334
2023-03-14T01:30:00+00:00,202303,3430,54,3376
2023-03-14T02:00:00+00:00,202303,3430,43,3387
2023-03-14T02:30:00+00:00,202303,3430,40,3390
2023-03-14T03:00:00+00:00,202303,3430,33,3397
2023-03-14T03:30:00+00:00,202303,3430,52,3378
2023-03-14T04:00:00+00:00,202303,3430,46,3384
2023-03-14T04:30:00+00:00,202303,3430,42,3388
2023-03-14T05:00:00+00:00,202303,3430,52,3378
2023-03-14T05:30:00+00:00,202303,3430,96,3334
2023-03-14T06:00:00+00:00,202303,3430,65,3365
2023-03-14T06:30:00+00:00,202303,3430,75,3355
2023-03-14T07:00:00+00:00,202303,3430,99,3331
2023-03-14T07:30:00+00:00,202303,3430,161,3269
2023-03-14T08:00:00+00:00,202303,3430,241,3189
2023-03-14T08:30:00+00:00,202303,3430,235,3195
2023-03-14T09:00:00+00:00,202303,3430,290,3140
2023-03-14T09:30:00+00:00,202303,3430,205,3225
2023-03-14T10:00:00+00:00,202303,3430,228,3202
2023-03-14T10:30:00+00:00,202303,3430,233,3197
2023-03-14T11:00:00+00:00,202303,3430,195,3235
2023-03-14T11:30:00+00:00,202303,3430,180,3250
2023-03-14T12:00:00+00:00,202303,3430,174,3256
2023-03-14T12:30:00+00:00,202303,3430,115,3315
2023-03-14T13:00:00+00:00,202303,3430,72,3358
2023-03-14T13:30:00+00:00,202303,3430,38,3392
2023-03-14T14:00:00+00:00,202303,3430,12,3418
2023-03-14T14:30:00+00:00,202303,3430,4,3426
2023-03-14T15:00:00+00:00,202303,3430,11,3419
2023-03-14T15:30:00+00:00,202303,3430,11,3419
2023-03-14T16:00:00+00:00,202303,3430,17,3413
2023-03-14T16:30:00+00:00,202303,3430,14,3416
2023-03-14T17:00:00+00:00,202303,3430,20,3410
2023-03-14T17:30:00+00:00,202303,3430,19,3411
2023-03-14T18:00:00+00:00,202303,3430,11,3419
2023-03-14T18:30:00+00:00,202303,3430,34,3396
2023-03-14T19:00:00+00:00,202303,3430,47,3383
2023-03-14T19:30:00+00:00,202303,3430,71,3359
2023-03-14T20:00:00+00:00,202303,3430,67,3363
2023-03-14T20:30:00+00:00,202303,3430,48,3382
2023-03-14T21:00:00+00:00,202303,3430,39,3391
2023-03-14T21:30:00+00:00,202303,3430,46,3384
2023-03-14T22:00:00+00:00,202303,3430,55,3375
2023-03-14T22:30:00+00:00,202303,3430,58,3372
2023-03-14T23:00:00+00:00,202303,3430,55,3375
2023-03-14T23:30:00+00:00,202303,3430,59,3371
2023-03-15T00:00:00+00:00,202303,3430,75,3355
2023-03-15T00:30:00+00:00,202303,3430,72,3358
2023-03-15T01:00:00+00:00,202303,3430,60,3370
2023-03-15T01:30:00+00:00,202303,3430,19,3411
2023-03-15T02:00:00+00:00,202303,3430,20,3410
2023-03-15T02:30:00+00:00,202303,3430,3,3427
2023-03-15T03:00:00+00:00,202303,3430,3,3427
2023-03-15T03:30:00+00:00,202303,3430,16,3414
2023-03-15T04:00:00+00:00,202303,3430,39,3391
2023-03-15T04:30:00+00:00,202303,3430,85,3345
2023-03-15T05:00:00+00:00,202303,3430,127,3303
2023-03-15T05:30:00+00:00,202303,3430,159,3271
2023-03-15T06:00:00+00:00,202303,3430,118,3312
2023-03-15T06:30:00+00:00,202303,3430,133,3297
2023-03-15T07:00:00+00:00,202303,3430,133,3297
2023-03-15T07:30:00+00:00,202303,3430,249,3181
2023-03-15T08:00:00+00:00,202303,3430,423,3007
2023-03-15T08:30:00+00:00,202303,3430,426,3004
2023-03-15T09:00:00+00:00,202303,3430,514,2916
2023-03-15T09:30:00+00:00,202303,3430,451,2979
2023-03-15T10:00:00+00:00,202303,3430,434,2996
2023-03-15T10:30:00+00:00,202303,3430,356,3074
2023-03-15T11:00:00+00:00,202303,3430,314,3116
2023-03-15T11:30:00+00:00,202303,3430,274,3156
2023-03-15T12:00:00+00:00,202303,3430,244,3186
2023-03-15T12:30:00+00:00,202303,3430,208,3222
2023-03-15T13:00:00+00:00,202303,3430,183,3247
2023-03-15T13:30:00+00:00,202303,3430,156,3274
2023-03-15T14:00:00+00:00,202303,3430,163,3267
2023-03-15T14:30:00+00:00,202303,3430,166,3264
2023-03-15T15:00:00+00:00,202303,3430,133,3297
2023-03-15T15:30:00+00:00,202303,3430,276,3154
2023-03-15T16:00:00+00:00,202303,3430,370,3060
2023-03-15T16:30:00+00:00,202303,3430,339,3091
2023-03-15T17:00:00+00:00,202303,3430,323,3107
2023-03-15T17:30:00+00:00,202303,3430,342,3088
2023-03-15T18:00:00+00:00,202303,3430,208,3222
2023-03-15T18:30:00+00:00,202303,3430,234,3196
2023-03-15T19:00:00+00:00,202303,3430,246,3184
2023-03-15T19:30:00+00:00,202303,3430,287,3143
2023-03-15T20:00:00+00:00,202303,3430,374,3056
2023-03-15T20:30:00+00:00,202303,3430,415,3015
2023-03-15T21:00:00+00:00,202303,3430,481,2949
2023-03-15T21:30:00+00:00,202303,3430,591,2839
2023-03-15T22:00:00+00:00,202303,3430,461,2969
2023-03-15T22:30:00+00:00,202303,3430,574,2856
2023-03-15T23:00:00+00:00,202303,3430,533,2897
2023-03-15T23:30:00+00:00,202303,3430,519,2911
2023-03-16T00:00:00+00:00,202303,3430,345,3085
2023-03-16T00:30:00+00:00,202303,3430,239,3191
2023-03-16T01:00:00+00:00,202303,3430,120,3310
2023-03-16T01:30:00+00:00,202303,3430,107,3323
2023-03-16T02:00:00+00:00,202303,3430,60,3370
2023-03-16T02:30:00+00:00,202303,3430,55,3375
2023-03-16T03:00:00+00:00,202303,3430,35,3395
2023-03-16T03:30:00+00:00,202303,3430,33,3397
2023-03-16T04:00:00+00:00,202303,3430,77,3353
2023-03-16T04:30:00+00:00,202303,3430,105,3325
2023-03-16T05:00:00+00:00,202303,3430,73,3357
2023-03-16T05:30:00+00:00,202303,3430,50,3380
2023-03-16T06:00:00+00:00,202303,3430,72,3358
2023-03-16T06:30:00+00:00,202303,3430,112,3318
2023-03-16T07:00:00+00:00,202303,3430,184,3246
2023-03-16T07:30:00+00:00,202303,3430,202,3228
2023-03-16T08:00:00+00:00,202303,3430,178,3252
2023-03-16T08:30:00+00:00,202303,3430,157,3273
2023-03-16T09:00:00+00:00,202303,3430,85,3345
2023-03-16T09:30:00+00:00,202303,3430,85,3345
2023-03-16T10:00:00+00:00,202303,3430,56,3374
2023-03-16T10:30:00+00:00,202303,3430,33,3397
2023-03-16T11:00:00+00:00,202303,3430,13,3417
2023-03-16T11:30:00+00:00,202303,3430,13,3417
2023-03-16T12:00:00+00:00,202303,3430,12,3418
2023-03-16T12:30:00+00:00,202303,3430,14,3416
2023-03-16T13:00:00+00:00,202303,3430,17,3413
2023-03-16T13:30:00+00:00,202303,3430,22,3408
2023-03-16T14:00:00+00:00,202303,3430,22,3408
2023-03-16T14:30:00+00:00,202303,3430,19,3411
2023-03-16T15:00:00+00:00,202303,3430,16,3414
2023-03-16T15:30:00+00:00,202303,3430,5,3425
2023-03-16T16:00:00+00:00,202303,3430,4,3426
2023-03-16T16:30:00+00:00,202303,3430,41,3389
2023-03-16T17:00:00+00:00,202303,3430,53,3377
2023-03-16T17:30:00+00:00,202303,3430,48,3382
2023-03-16T18:00:00+00:00,202303,3430,13,3417
2023-03-16T18:30:00+00:00,202303,3430,24,3406
2023-03-16T19:00:00+00:00,202303,3430,30,3400
2023-03-16T19:30:00+00:00,202303,3430,58,3372
2023-03-16T20:00:00+00:00,202303,3430,30,3400
2023-03-16T20:30:00+00:00,202303,3430,70,3360
2023-03-16T21:00:00+00:00,202303,3430,51,3379
2023-03-16T21:30:00+00:00,202303,3430,94,3336
2023-03-16T22:00:00+00:00,202303,3430,13,3417
2023-03-16T22:30:00+00:00,202303,3430,10,3420
2023-03-16T23:00:00+00:00,202303,3430,9,3421
2023-03-16T23:30:00+00:00,202303,3430,7,3423
2023-03-17T00:00:00+00:00,202303,3430,6,3424
2023-03-17T00:30:00+00:00,202303,3430,0,3430
2023-03-17T01:00:00+00:00,202303,3430,0,3430
2023-03-17T01:30:00+00:00,202303,3430,1,3429
2023-03-17T02:00:00+00:00,202303,3430,1,3429
2023-03-17T02:30:00+00:00,202303,3430,1,3429
2023-03-17T03:00:00+00:00,202303,3430,1,3429
2023-03-17T03:30:00+00:00,202303,3430,8,3422
2023-03-17T04:00:00+00:00,202303,3430,3,3427
2023-03-17T04:30:00+00:00,202303,3430,4,3426
2023-03-17T05:00:00+00:00,202303,3430,0,3430
2023-03-17T05:30:00+00:00,202303,3430,1,3429
2023-03-17T06:00:00+00:00,202303,3430,1,3429
2023-03-17T06:30:00+00:00,202303,3430,0,3430
2023-03-17T07:00:00+00:00,202303,3430,0,3430
2023-03-17T07:30:00+00:00,202303,3430,14,3416
2023-03-17T08:00:00+00:00,202303,3430,25,3405
2023-03-17T08:30:00+00:00,202303,3430,23,3407
2023-03-17T09:00:00+00:00,202303,3430,39,3391
2023-03-17T09:30:00+00:00,202303,3430,6,3424
2023-03-17T10:00:00+00:00,202303,3430,7,3423
2023-03-17T10:30:00+00:00,202303,3430,12,3418
2023-03-17T11:00:00+00:00,202303,3430,8,3422
2023-03-17T11:30:00+00:00,202303,3430,10,3420
2023-03-17T12:00:00+00:00,202303,3430,7,3423
2023-03-17T12:30:00+00:00,202303,3430,4,3426
2023-03-17T13:00:00+00:00,202303,3430,0,3430
2023-03-17T13:30:00+00:00,202303,3430,0,3430
2023-03-17T14:00:00+00:00,202303,3430,4,3426
2023-03-17T14:30:00+00:00,202303,3430,4,3426
2023-03-17T15:00:00+00:00,202303,3430,4,3426
2023-03-17T15:30:00+00:00,202303,3430,53,3377
2023-03-17T16:00:00+00:00,202303,3430,60,3370
2023-03-17T16:30:00+00:00,202303,3430,44,3386
2023-03-17T17:00:00+00:00,202303,3430,43,3387
2023-03-17T17:30:00+00:00,202303,3430,32,3398
2023-03-17T18:00:00+00:00,202303,3430,12,3418
2023-03-17T18:30:00+00:00,202303,3430,12,3418
2023-03-17T19:00:00+00:00,202303,3430,23,3407
2023-03-17T19:30:00+00:00,202303,3430,30,3400
2023-03-17T20:00:00+00:00,202303,3430,56,3374
2023-03-17T20:30:00+00:00,202303,3430,32,3398
2023-03-17T21:00:00+00:00,202303,3430,39,3391
2023-03-17T21:30:00+00:00,202303,3430,14,3416
2023-03-17T22:00:00+00:00,202303,3430,13,3417
2023-03-17T22:30:00+00:00,202303,3430,5,3425
2023-03-17T23:00:00+00:00,202303,3430,5,3425
2023-03-17T23:30:00+00:00,202303,3430,1,3429
2023-03-18T00:00:00+00:00,202303,3430,5,3425
2023-03-18T00:30:00+00:00,202303,3430,1,3429
2023-03-18T01:00:00+00:00,202303,3430,2,3428
2023-03-18T01:30:00+00:00,202303,3430,9,3421
2023-03-18T02:00:00+00:00,202303,3430,4,3426
2023-03-18T02:30:00+00:00,202303,3430,2,3428
2023-03-18T03:00:00+00:00,202303,3430,3,3427
2023-03-18T03:30:00+00:00,202303,3430,10,3420
2023-03-18T04:00:00+00:00,202303,3430,55,3375
2023-03-18T04:30:00+00:00,202303,3430,80,3350
2023-03-18T05:00:00+00:00,202303,3430,101,3329
2023-03-18T05:30:00+00:00,202303,3430,156,3274
2023-03-18T06:00:00+00:00,202303,3430,139,3291
2023-03-18T06:30:00+00:00,202303,3430,156,3274
2023-03-18T07:00:00+00:00,202303,3430,164,3266
2023-03-18T07:30:00+00:00,202303,3430,241,3189
2023-03-18T08:00:00+00:00,202303,3430,218,3212
2023-03-18T08:30:00+00:00,202303,3430,299,3131
2023-03-18T09:00:00+00:00,202303,3430,321,3109
2023-03-18T09:30:00+00:00,202303,3430,337,3093
2023-03-18T10:00:00+00:00,202303,3430,306,3124
2023-03-18T10:30:00+00:00,202303,3430,284,3146
2023-03-18T11:00:00+00:00,202303,3430,200,3230
2023-03-18T11:30:00+00:00,202303,3430,148,3282
2023-03-18T12:00:00+00:00,202303,3430,104,3326
2023-03-18T12:30:00+00:00,202303,3430,79,3351
2023-03-18T13:00:00+00:00,202303,3430,66,3364
2023-03-18T13:30:00+00:00,202303,3430,65,3365
2023-03-18T14:00:00+00:00,202303,3430,61,3369
2023-03-18T14:30:00+00:00,202303,3430,119,3311
2023-03-18T15:00:00+00:00,202303,3430,144,3286
2023-03-18T15:30:00+00:00,202303,3430,187,3243
2023-03-18T16:00:00+00:00,202303,3430,152,3278
2023-03-18T16:30:00+00:00,202303,3430,180,3250
2023-03-18T17:00:00+00:00,202303,3430,130,3300
2023-03-18T17:30:00+00:00,202303,3430,156,3274
2023-03-18T18:00:00+00:00,202303,3430,96,3334
2023-03-18T18:30:00+00:00,202303,3430,61,3369
2023-03-18T19:00:00+00:00,202303,3430,41,3389
2023-03-18T19:30:00+00:00,202303,3430,10,3420
2023-03-18T20:00:00+00:00,202303,3430,57,3373
2023-03-18T20:30:00+00:00,202303,3430,46,3384
2023-03-18T21:00:00+00:00,202303,3430,19,3411
2023-03-18T21:30:00+00:00,202303,3430,21,3409
2023-03-18T22:00:00+00:00,202303,3430,24,3406
2023-03-18T22:30:00+00:00,202303,3430,18,3412
2023-03-18T23:00:00+00:00,202303,3430,7,3423
2023-03-18T23:30:00+00:00,202303,3430,3,3427
2023-03-19T00:00:00+00:00,202303,3430,2,3428
2023-03-19T00:30:00+00:00,202303,3430,0,3430
2023-03-19T01:00:00+00:00,202303,3430,0,3430
2023-03-19T01:30:00+00:00,202303,3430,1,3429
2023-03-19T02:00:00+00:00,202303,3430,1,3429
2023-03-19T02:30:00+00:00,202303,3430,1,3429
2023-03-19T03:00:00+00:00,202303,3430,8,3422
2023-03-19T03:30:00+00:00,202303,3430,15,3415
2023-03-19T04:00:00+00:00,202303,3430,32,3398
2023-03-19T04:30:00+00:00,202303,3430,35,3395
2023-03-19T05:00:00+00:00,202303,3430,42,3388
2023-03-19T05:30:00+00:00,202303,3430,28,3402
2023-03-19T06:00:00+00:00,202303,3430,18,3412
2023-03-19T06:30:00+00:00,202303,3430,24,3406
2023-03-19T07:00:00+00:00,202303,3430,61,3369
2023-03-19T07:30:00+00:00,202303,3430,107,3323
2023-03-19T08:00:00+00:00,202303,3430,172,3258
2023-03-19T08:30:00+00:00,202303,3430,322,3108
2023-03-19T09:00:00+00:00,202303,3430,305,3125
2023-03-19T09:30:00+00:00,202303,3430,287,3143
2023-03-19T10:00:00+00:00,202303,3430,162,3268
2023-03-19T10:30:00+00:00,202303,3430,172,3258
2023-03-19T11:00:00+00:00,202303,3430,162,3268
2023-03-19T11:30:00+00:00,202303,3430,232,3198
2023-03-19T12:00:00+00:00,202303,3430,180,3250
2023-03-19T12:30:00+00:00,202303,3430,164,3266
2023-03-19T13:00:00+00:00,202303,3430,125,3305
2023-03-19T13:30:00+00:00,202303,3430,115,3315
2023-03-19T14:00:00+00:00,202303,3430,93,3337
2023-03-19T14:30:00+00:00,202303,3430,82,3348
2023-03-19T15:00:00+00:00,202303,3430,75,3355
2023-03-19T15:30:00+00:00,202303,3430,94,3336
2023-03-19T16:00:00+00:00,202303,3430,102,3328
2023-03-19T16:30:00+00:00,202303,3430,123,3307
2023-03-19T17:00:00+00:00,202303,3430,68,3362
2023-03-19T17:30:00+00:00,202303,3430,86,3344
2023-03-19T18:00:00+00:00,202303,3430,48,3382
2023-03-19T18:30:00+00:00,202303,3430,60,3370
2023-03-19T19:00:00+00:00,202303,3430,122,3308
2023-03-19T19:30:00+00:00,202303,3430,198,3232
2023-03-19T20:00:00+00:00,202303,3430,273,3157
2023-03-19T20:30:00+00:00,202303,3430,244,3186
2023-03-19T21:00:00+00:00,202303,3430,288,3142
2023-03-19T21:30:00+00:00,202303,3430,251,3179
2023-03-19T22:00:00+00:00,202303,3430,231,3199
2023-03-19T22:30:00+00:00,202303,3430,170,3260
2023-03-19T23:00:00+00:00,202303,3430,175,3255
2023-03-19T23:30:00+00:00,202303,3430,168,3262
2023-03-20T00:00:00+00:00,202303,3430,209,3221
2023-03-20T00:30:00+00:00,202303,3430,129,3301
2023-03-20T01:00:00+00:00,202303,3430,131,3299
2023-03-20T01:30:00+00:00,202303,3430,113,3317
2023-03-20T02:00:00+00:00,202303,3430,66,3364
2023-03-20T02:30:00+00:00,202303,3430,58,3372
2023-03-20T03:00:00+00:00,202303,3430,51,3379
2023-03-20T03:30:00+00:00,202303,3430,64,3366
2023-03-20T04:00:00+00:00,202303,3430,85,3345
2023-03-20T04:30:00+00:00,202303,3430,186,3244
2023-03-20T05:00:00+00:00,202303,3430,205,3225
2023-03-20T05:30:00+00:00,202303,3430,227,3203
2023-03-20T06:00:00+00:00,202303,3430,240,3190
2023-03-20T06:30:00+00:00,202303,3430,279,3151
2023-03-20T07:00:00+00:00,202303,3430,218,3212
2023-03-20T07:30:00+00:00,202303,3430,403,3027
2023-03-20T08:00:00+00:00,202303,3430,574,2856
2023-03-20T08:30:00+00:00,202303,3430,548,2882
2023-03-20T09:00:00+00:00,202303,3430,579,2851
2023-03-20T09:30:00+00:00,202303,3430,620,2810
2023-03-20T10:00:00+00:00,202303,3430,503,2927
2023-03-20T10:30:00+00:00,202303,3430,517,2913
2023-03-20T11:00:00+00:00,202303,3430,384,3046
2023-03-20T11:30:00+00:00,202303,3430,389,3041
2023-03-20T12:00:00+00:00,202303,3430,259,3171
2023-03-20T12:30:00+00:00,202303,3430,200,3230
2023-03-20T13:00:00+00:00,202303,3430,103,3327
2023-03-20T13:30:00+00:00,202303,3430,61,3369
2023-03-20T14:00:00+00:00,202303,3430,39,3391
2023-03-20T14:30:00+00:00,202303,3430,25,3405
2023-03-20T15:00:00+00:00,202303,3430,15,3415
2023-03-20T15:30:00+00:00,202303,3430,68,3362
2023-03-20T16:00:00+00:00,202303,3430,78,3352
2023-03-20T16:30:00+00:00,202303,3430,103,3327
2023-03-20T17:00:00+00:00,202303,3430,117,3313
2023-03-20T17:30:00+00:00,202303,3430,139,3291
2023-03-20T18:00:00+00:00,202303,3430,154,3276
2023-03-20T18:30:00+00:00,202303,3430,178,3252
2023-03-20T19:00:00+00:00,202303,3430,175,3255
2023-03-20T19:30:00+00:00,202303,3430,180,3250
2023-03-20T20:00:00+00:00,202303,3430,232,3198
2023-03-20T20:30:00+00:00,202303,3430,209,3221
2023-03-20T21:00:00+00:00,202303,3430,193,3237
2023-03-20T21:30:00+00:00,202303,3430,185,3245
2023-03-20T22:00:00+00:00,202303,3430,181,3249
2023-03-20T22:30:00+00:00,202303,3430,288,3142
2023-03-20T23:00:00+00:00,202303,3430,228,3202
2023-03-20T23:30:00+00:00,202303,3430,161,3269
2023-03-21T00:00:00+00:00,202303,3430,137,3293
2023-03-21T00:30:00+00:00,202303,3430,140,3290
2023-03-21T01:00:00+00:00,202303,3430,105,3325
2023-03-21T01:30:00+00:00,202303,3430,28,3402
2023-03-21T02:00:00+00:00,202303,3430,22,3408
2023-03-21T02:30:00+00:00,202303,3430,5,3425
2023-03-21T03:00:00+00:00,202303,3430,6,3424
2023-03-21T03:30:00+00:00,202303,3430,5,3425
2023-03-21T04:00:00+00:00,202303,3430,46,3384
2023-03-21T04:30:00+00:00,202303,3430,70,3360
2023-03-21T05:00:00+00:00,202303,3430,53,3377
2023-03-21T05:30:00+00:00,202303,3430,9,3421
2023-03-21T06:00:00+00:00,202303,3430,38,3392
2023-03-21T06:30:00+00:00,202303,3430,88,3342
2023-03-21T07:00:00+00:00,202303,3430,177,3253
2023-03-21T07:30:00+00:00,202303,3430,245,3185
2023-03-21T08:00:00+00:00,202303,3430,182,3248
2023-03-21T08:30:00+00:00,202303,3430,193,3237
2023-03-21T09:00:00+00:00,202303,3430,198,3232
2023-03-21T09:30:00+00:00,202303,3430,212,3218
2023-03-21T10:00:00+00:00,202303,3430,134,3296
2023-03-21T10:30:00+00:00,202303,3430,175,3255
2023-03-21T11:00:00+00:00,202303,3430,135,3295
2023-03-21T11:30:00+00:00,202303,3430,85,3345
2023-03-21T12:00:00+00:00,202303,3430,62,3368
2023-03-21T12:30:00+00:00,202303,3430,20,3410
2023-03-21T13:00:00+00:00,202303,3430,11,3419
2023-03-21T13:30:00+00:00,202303,3430,18,3412
2023-03-21T14:00:00+00:00,202303,3430,21,3409
2023-03-21T14:30:00+00:00,202303,3430,21,3409
2023-03-21T15:00:00+00:00,202303,3430,18,3412
2023-03-21T15:30:00+00:00,202303,3430,15,3415
2023-03-21T16:00:00+00:00,202303,3430,28,3402
2023-03-21T16:30:00+00:00,202303,3430,39,3391
2023-03-21T17:00:00+00:00,202303,3430,33,3397
2023-03-21T17:30:00+00:00,202303,3430,58,3372
2023-03-21T18:00:00+00:00,202303,3430,33,3397
2023-03-21T18:30:00+00:00,202303,3430,39,3391
2023-03-21T19:30:00+00:00,202303,3430,70,3360
2023-03-21T20:00:00+00:00,202303,3430,43,3387
2023-03-21T20:30:00+00:00,202303,3430,35,3395
2023-03-21T21:00:00+00:00,202303,3430,32,3398
2023-03-21T21:30:00+00:00,202303,3430,28,3402
2023-03-21T22:00:00+00:00,202303,3430,31,3399
2023-03-21T22:30:00+00:00,202303,3430,149,3281
2023-03-21T23:00:00+00:00,202303,3430,85,3345
2023-03-21T23:30:00+00:00,202303,3430,77,3353
2023-03-22T00:00:00+00:00,202303,3430,79,3351
2023-03-22T00:30:00+00:00,202303,3430,77,3353
2023-03-22T01:00:00+00:00,202303,3430,46,3384
2023-03-22T01:30:00+00:00,202303,3430,26,3404
2023-03-22T02:00:00+00:00,202303,3430,30,3400
2023-03-22T02:30:00+00:00,202303,3430,50,3380
2023-03-22T03:00:00+00:00,202303,3430,100,3330
2023-03-22T03:30:00+00:00,202303,3430,153,3277
2023-03-22T04:00:00+00:00,202303,3430,232,3198
2023-03-22T04:30:00+00:00,202303,3430,260,3170
2023-03-22T05:00:00+00:00,202303,3430,288,3142
2023-03-22T05:30:00+00:00,202303,3430,406,3024
2023-03-22T06:00:00+00:00,202303,3430,372,3058
2023-03-22T06:30:00+00:00,202303,3430,366,3064
2023-03-22T07:00:00+00:00,202303,3430,404,3026
2023-03-22T07:30:00+00:00,202303,3430,397,3033
2023-03-22T08:00:00+00:00,202303,3430,647,2783
2023-03-22T08:30:00+00:00,202303,3430,673,2757
2023-03-22T09:00:00+00:00,202303,3430,731,2699
2023-03-22T09:30:00+00:00,202303,3430,447,2983
2023-03-22T10:00:00+00:00,202303,3430,518,2912
2023-03-22T10:30:00+00:00,202303,3430,401,3029
2023-03-22T11:00:00+00:00,202303,3430,371,3059
2023-03-22T11:30:00+00:00,202303,3430,276,3154
2023-03-22T12:00:00+00:00,202303,3430,278,3152
2023-03-22T12:30:00+00:00,202303,3430,196,3234
2023-03-22T13:00:00+00:00,202303,3430,171,3259
2023-03-22T13:30:00+00:00,202303,3430,91,3339
2023-03-22T14:00:00+00:00,202303,3430,45,3385
2023-03-22T14:30:00+00:00,202303,3430,45,3385
2023-03-22T15:00:00+00:00,202303,3430,67,3363
2023-03-22T15:30:00+00:00,202303,3430,113,3317
2023-03-22T16:00:00+00:00,202303,3430,228,3202
2023-03-22T16:30:00+00:00,202303,3430,233,3197
2023-03-22T17:00:00+00:00,202303,3430,233,3197
2023-03-22T17:30:00+00:00,202303,3430,142,3288
2023-03-22T18:00:00+00:00,202303,3430,57,3373
2023-03-22T18:30:00+00:00,202303,3430,55,3375
2023-03-22T19:00:00+00:00,202303,3430,66,3364
2023-03-22T19:30:00+00:00,202303,3430,90,3340
2023-03-22T20:00:00+00:00,202303,3430,128,3302
2023-03-22T20:30:00+00:00,202303,3430,133,3297
2023-03-22T21:00:00+00:00,202303,3430,140,3290
2023-03-22T21:30:00+00:00,202303,3430,149,3281
2023-03-22T22:00:00+00:00,202303,3430,95,3335
2023-03-22T22:30:00+00:00,202303,3430,106,3324
2023-03-22T23:00:00+00:00,202303,3430,106,3324
2023-03-22T23:30:00+00:00,202303,3430,79,3351
2023-03-23T00:00:00+00:00,202303,3430,29,3401
2023-03-23T00:30:00+00:00,202303,3430,15,3415
2023-03-23T01:00:00+00:00,202303,3430,12,3418
2023-03-23T01:30:00+00:00,202303,3430,14,3416
2023-03-23T02:00:00+00:00,202303,3430,7,3423
2023-03-23T02:30:00+00:00,202303,3430,12,3418
2023-03-23T03:00:00+00:00,202303,3430,9,3421
2023-03-23T03:30:00+00:00,202303,3430,14,3416
2023-03-23T04:00:00+00:00,202303,3430,22,3408
2023-03-23T04:30:00+00:00,202303,3430,34,3396
2023-03-23T05:00:00+00:00,202303,3430,44,3386
2023-03-23T05:30:00+00:00,202303,3430,53,3377
2023-03-23T06:00:00+00:00,202303,3430,82,3348
2023-03-23T06:30:00+00:00,202303,3430,94,3336
2023-03-23T07:00:00+00:00,202303,3430,107,3323
2023-03-23T07:30:00+00:00,202303,3430,82,3348
2023-03-23T08:00:00+00:00,202303,3430,133,3297
2023-03-23T08:30:00+00:00,202303,3430,119,3311
2023-03-23T09:00:00+00:00,202303,3430,107,3323
2023-03-23T09:30:00+00:00,202303,3430,27,3403
2023-03-23T10:00:00+00:00,202303,3430,43,3387
2023-03-23T10:30:00+00:00,202303,3430,15,3415
2023-03-23T11:00:00+00:00,202303,3430,2,3428
2023-03-23T11:30:00+00:00,202303,3430,4,3426
2023-03-23T12:00:00+00:00,202303,3430,7,3423
2023-03-23T12:30:00+00:00,202303,3430,11,3419
2023-03-23T13:00:00+00:00,202303,3430,11,3419
2023-03-23T13:30:00+00:00,202303,3430,20,3410
2023-03-23T14:00:00+00:00,202303,3430,20,3410
2023-03-23T14:30:00+00:00,202303,3430,25,3405
2023-03-23T15:00:00+00:00,202303,3430,23,3407
2023-03-23T15:30:00+00:00,202303,3430,27,3403
2023-03-23T16:00:00+00:00,202303,3430,19,3411
2023-03-23T16:30:00+00:00,202303,3430,19,3411
2023-03-23T17:00:00+00:00,202303,3430,23,3407
2023-03-23T17:30:00+00:00,202303,3430,8,3422
2023-03-23T18:00:00+00:00,202303,3430,18,3412
2023-03-23T18:30:00+00:00,202303,3430,21,3409
2023-03-23T19:00:00+00:00,202303,3430,24,3406
2023-03-23T19:30:00+00:00,202303,3430,28,3402
2023-03-23T20:00:00+00:00,202303,3430,11,3419
2023-03-23T20:30:00+00:00,202303,3430,13,3417
2023-03-23T21:00:00+00:00,202303,3430,1,3429
2023-03-23T21:30:00+00:00,202303,3430,1,3429
2023-03-23T22:00:00+00:00,202303,3430,4,3426
2023-03-23T22:30:00+00:00,202303,3430,1,3429
2023-03-23T23:00:00+00:00,202303,3430,0,3430
2023-03-23T23:30:00+00:00,202303,3430,0,3430
2023-03-24T00:00:00+00:00,202303,3430,0,3430
2023-03-24T00:30:00+00:00,202303,3430,0,3430
2023-03-24T01:00:00+00:00,202303,3430,6,3424
2023-03-24T01:30:00+00:00,202303,3430,2,3428
2023-03-24T02:00:00+00:00,202303,3430,1,3429
2023-03-24T02:30:00+00:00,202303,3430,3,3427
2023-03-24T03:00:00+00:00,202303,3430,10,3420
2023-03-24T03:30:00+00:00,202303,3430,19,3411
2023-03-24T04:00:00+00:00,202303,3430,40,3390
2023-03-24T04:30:00+00:00,202303,3430,38,3392
2023-03-24T05:00:00+00:00,202303,3430,46,3384
2023-03-24T05:30:00+00:00,202303,3430,88,3342
2023-03-24T06:00:00+00:00,202303,3430,77,3353
2023-03-24T06:30:00+00:00,202303,3430,63,3367
2023-03-24T07:00:00+00:00,202303,3430,51,3379
2023-03-24T07:30:00+00:00,202303,3430,72,3358
2023-03-24T08:00:00+00:00,202303,3430,98,3332
2023-03-24T08:30:00+00:00,202303,3430,99,3331
2023-03-24T09:00:00+00:00,202303,3430,61,3369
2023-03-24T09:30:00+00:00,202303,3430,68,3362
2023-03-24T10:00:00+00:00,202303,3430,42,3388
2023-03-24T10:30:00+00:00,202303,3430,45,3385
2023-03-24T11:00:00+00:00,202303,3430,30,3400
2023-03-24T11:30:00+00:00,202303,3430,34,3396
2023-03-24T12:00:00+00:00,202303,3430,39,3391
2023-03-24T12:30:00+00:00,202303,3430,43,3387
2023-03-24T13:00:00+00:00,202303,3430,34,3396
2023-03-24T13:30:00+00:00,202303,3430,34,3396
2023-03-24T14:00:00+00:00,202303,3430,35,3395
2023-03-24T14:30:00+00:00,202303,3430,31,3399
2023-03-24T15:00:00+00:00,202303,3430,28,3402
2023-03-24T15:30:00+00:00,202303,3430,24,3406
2023-03-24T16:00:00+00:00,202303,3430,18,3412
2023-03-24T16:30:00+00:00,202303,3430,4,3426
2023-03-24T17:00:00+00:00,202303,3430,0,3430
2023-03-24T17:30:00+00:00,202303,3430,0,3430
2023-03-24T18:00:00+00:00,202303,3430,0,3430
2023-03-24T18:30:00+00:00,202303,3430,2,3428
2023-03-24T19:00:00+00:00,202303,3430,3,3427
2023-03-24T19:30:00+00:00,202303,3430,3,3427
2023-03-24T20:00:00+00:00,202303,3430,5,3425
2023-03-24T20:30:00+00:00,202303,3430,3,3427
2023-03-24T21:00:00+00:00,202303,3430,3,3427
2023-03-24T21:30:00+00:00,202303,3430,1,3429
2023-03-24T22:00:00+00:00,202303,3430,1,3429
2023-03-24T22:30:00+00:00,202303,3430,1,3429
2023-03-24T23:00:00+00:00,202303,3430,2,3428
2023-03-24T23:30:00+00:00,202303,3430,9,3421
2023-03-25T00:00:00+00:00,202303,3430,9,3421
2023-03-25T00:30:00+00:00,202303,3430,13,3417
2023-03-25T01:00:00+00:00,202303,3430,16,3414
2023-03-25T01:30:00+00:00,202303,3430,18,3412
2023-03-25T02:00:00+00:00,202303,3430,21,3409
2023-03-25T02:30:00+00:00,202303,3430,19,3411
2023-03-25T03:00:00+00:00,202303,3430,19,3411
2023-03-25T03:30:00+00:00,202303,3430,16,3414
2023-03-25T04:00:00+00:00,202303,3430,12,3418
2023-03-25T04:30:00+00:00,202303,3430,8,3422
2023-03-25T05:00:00+00:00,202303,3430,9,3421
2023-03-25T05:30:00+00:00,202303,3430,9,3421
2023-03-25T06:00:00+00:00,202303,3430,13,3417
2023-03-25T06:30:00+00:00,202303,3430,16,3414
2023-03-25T07:00:00+00:00,202303,3430,25,3405
2023-03-25T07:30:00+00:00,202303,3430,19,3411
2023-03-25T08:00:00+00:00,202303,3430,24,3406
2023-03-25T08:30:00+00:00,202303,3430,21,3409
2023-03-25T09:00:00+00:00,202303,3430,22,3408
2023-03-25T09:30:00+00:00,202303,3430,25,3405
2023-03-25T10:00:00+00:00,202303,3430,26,3404
2023-03-25T10:30:00+00:00,202303,3430,32,3398
2023-03-25T11:00:00+00:00,202303,3430,38,3392
2023-03-25T11:30:00+00:00,202303,3430,40,3390
2023-03-25T12:00:00+00:00,202303,3430,29,3401
2023-03-25T12:30:00+00:00,202303,3430,34,3396
2023-03-25T13:00:00+00:00,202303,3430,26,3404
2023-03-25T13:30:00+00:00,202303,3430,23,3407
2023-03-25T14:00:00+00:00,202303,3430,24,3406
2023-03-25T14:30:00+00:00,202303,3430,21,3409
2023-03-25T15:00:00+00:00,202303,3430,21,3409
2023-03-25T15:30:00+00:00,202303,3430,11,3419
2023-03-25T16:00:00+00:00,202303,3430,9,3421
2023-03-25T16:30:00+00:00,202303,3430,10,3420
2023-03-25T17:00:00+00:00,202303,3430,6,3424
2023-03-25T17:30:00+00:00,202303,3430,6,3424
2023-03-25T18:00:00+00:00,202303,3430,19,3411
2023-03-25T18:30:00+00:00,202303,3430,17,3413
2023-03-25T19:00:00+00:00,202303,3430,15,3415
2023-03-25T19:30:00+00:00,202303,3430,10,3420
2023-03-25T20:00:00+00:00,202303,3430,4,3426
2023-03-25T20:30:00+00:00,202303,3430,5,3425
2023-03-25T21:00:00+00:00,202303,3430,3,3427
2023-03-25T21:30:00+00:00,202303,3430,1,3429
2023-03-25T22:00:00+00:00,202303,3430,3,3427
2023-03-25T22:30:00+00:00,202303,3430,3,3427
2023-03-25T23:00:00+00:00,202303,3430,3,3427
2023-03-25T23:30:00+00:00,202303,3430,5,3425
2023-03-26T00:00:00+00:00,202303,3430,5,3425
2023-03-26T00:30:00+00:00,202303,3430,2,3428
2023-03-26T01:00:00+00:00,202303,3430,2,3428
2023-03-26T01:30:00+00:00,202303,3430,2,3428
2023-03-26T02:00:00+00:00,202303,3430,0,3430
2023-03-26T02:30:00+00:00,202303,3430,1,3429
2023-03-26T03:00:00+00:00,202303,3430,3,3427
2023-03-26T03:30:00+00:00,202303,3430,5,3425
2023-03-26T04:00:00+00:00,202303,3430,5,3425
2023-03-26T04:30:00+00:00,202303,3430,1,3429
2023-03-26T05:00:00+00:00,202303,3430,0,3430
2023-03-26T05:30:00+00:00,202303,3430,1,3429
2023-03-26T06:00:00+00:00,202303,3430,2,3428
2023-03-26T06:30:00+00:00,202303,3430,0,3430
2023-03-26T07:00:00+00:00,202303,3430,6,3424
2023-03-26T07:30:00+00:00,202303,3430,8,3422
2023-03-26T08:00:00+00:00,202303,3430,12,3418
2023-03-26T08:30:00+00:00,202303,3430,17,3413
2023-03-26T09:00:00+00:00,202303,3430,38,3392
2023-03-26T09:30:00+00:00,202303,3430,41,3389
2023-03-26T10:00:00+00:00,202303,3430,47,3383
2023-03-26T10:30:00+00:00,202303,3430,42,3388
2023-03-26T11:00:00+00:00,202303,3430,34,3396
2023-03-26T11:30:00+00:00,202303,3430,32,3398
2023-03-26T12:00:00+00:00,202303,3430,23,3407
2023-03-26T12:30:00+00:00,202303,3430,36,3394
2023-03-26T13:00:00+00:00,202303,3430,39,3391
2023-03-26T13:30:00+00:00,202303,3430,45,3385
2023-03-26T14:00:00+00:00,202303,3430,23,3407
2023-03-26T14:30:00+00:00,202303,3430,42,3388
2023-03-26T15:00:00+00:00,202303,3430,32,3398
2023-03-26T15:30:00+00:00,202303,3430,15,3415
2023-03-26T16:00:00+00:00,202303,3430,21,3409
2023-03-26T16:30:00+00:00,202303,3430,18,3412
2023-03-26T17:00:00+00:00,202303,3430,36,3394
2023-03-26T17:30:00+00:00,202303,3430,10,3420
2023-03-26T18:00:00+00:00,202303,3430,20,3410
2023-03-26T18:30:00+00:00,202303,3430,4,3426
2023-03-26T19:00:00+00:00,202303,3430,17,3413
2023-03-26T19:30:00+00:00,202303,3430,31,3399
2023-03-26T20:00:00+00:00,202303,3430,44,3386
2023-03-26T20:30:00+00:00,202303,3430,43,3387
2023-03-26T21:00:00+00:00,202303,3430,30,3400
2023-03-26T21:30:00+00:00,202303,3430,47,3383
2023-03-26T22:00:00+00:00,202303,3430,40,3390
2023-03-26T22:30:00+00:00,202303,3430,37,3393
2023-03-26T23:00:00+00:00,202303,3430,24,3406
2023-03-26T23:30:00+00:00,202303,3430,35,3395
2023-03-27T00:00:00+00:00,202303,3430,24,3406
2023-03-27T00:30:00+00:00,202303,3430,48,3382
2023-03-27T01:00:00+00:00,202303,3430,34,3396
2023-03-27T01:30:00+00:00,202303,3430,22,3408
2023-03-27T02:00:00+00:00,202303,3430,22,3408
2023-03-27T02:30:00+00:00,202303,3430,15,3415
2023-03-27T03:00:00+00:00,202303,3430,10,3420
2023-03-27T03:30:00+00:00,202303,3430,11,3419
2023-03-27T04:00:00+00:00,202303,3430,9,3421
2023-03-27T04:30:00+00:00,202303,3430,5,3425
2023-03-27T05:00:00+00:00,202303,3430,27,3403
2023-03-27T05:30:00+00:00,202303,3430,25,3405
2023-03-27T06:00:00+00:00,202303,3430,71,3359
2023-03-27T06:30:00+00:00,202303,3430,123,3307
2023-03-27T07:00:00+00:00,202303,3430,197,3233
2023-03-27T07:30:00+00:00,202303,3430,142,3288
2023-03-27T08:00:00+00:00,202303,3430,188,3242
2023-03-27T08:30:00+00:00,202303,3430,251,3179
2023-03-27T09:00:00+00:00,202303,3430,227,3203
2023-03-27T09:30:00+00:00,202303,3430,195,3235
2023-03-27T10:00:00+00:00,202303,3430,120,3310
2023-03-27T10:30:00+00:00,202303,3430,186,3244
2023-03-27T11:00:00+00:00,202303,3430,172,3258
2023-03-27T11:30:00+00:00,202303,3430,191,3239
2023-03-27T12:00:00+00:00,202303,3430,123,3307
2023-03-27T12:30:00+00:00,202303,3430,104,3326
2023-03-27T13:00:00+00:00,202303,3430,55,3375
2023-03-27T13:30:00+00:00,202303,3430,43,3387
2023-03-27T14:00:00+00:00,202303,3430,33,3397
2023-03-27T14:30:00+00:00,202303,3430,36,3394
2023-03-27T15:00:00+00:00,202303,3430,38,3392
2023-03-27T15:30:00+00:00,202303,3430,76,3354
2023-03-27T16:00:00+00:00,202303,3430,122,3308
2023-03-27T16:30:00+00:00,202303,3430,132,3298
2023-03-27T17:00:00+00:00,202303,3430,161,3269
2023-03-27T17:30:00+00:00,202303,3430,216,3214
2023-03-27T18:00:00+00:00,202303,3430,379,3051
2023-03-27T18:30:00+00:00,202303,3430,350,3080
2023-03-27T19:00:00+00:00,202303,3430,345,3085
2023-03-27T19:30:00+00:00,202303,3430,287,3143
2023-03-27T20:00:00+00:00,202303,3430,314,3116
2023-03-27T20:30:00+00:00,202303,3430,318,3112
2023-03-27T21:00:00+00:00,202303,3430,579,2851
2023-03-27T21:30:00+00:00,202303,3430,639,2791
2023-03-27T22:00:00+00:00,202303,3430,664,2766
2023-03-27T22:30:00+00:00,202303,3430,537,2893
2023-03-27T23:00:00+00:00,202303,3430,533,2897
2023-03-27T23:30:00+00:00,202303,3430,411,3019
2023-03-28T00:00:00+00:00,202303,3430,361,3069
2023-03-28T00:30:00+00:00,202303,3430,253,3177
2023-03-28T01:00:00+00:00,202303,3430,332,3098
2023-03-28T01:30:00+00:00,202303,3430,310,3120
2023-03-28T02:00:00+00:00,202303,3430,272,3158
2023-03-28T02:30:00+00:00,202303,3430,224,3206
2023-03-28T03:00:00+00:00,202303,3430,199,3231
2023-03-28T03:30:00+00:00,202303,3430,153,3277
2023-03-28T04:00:00+00:00,202303,3430,99,3331
2023-03-28T04:30:00+00:00,202303,3430,79,3351
2023-03-28T05:00:00+00:00,202303,3430,102,3328
2023-03-28T05:30:00+00:00,202303,3430,113,3317
2023-03-28T06:00:00+00:00,202303,3430,111,3319
2023-03-28T06:30:00+00:00,202303,3430,194,3236
2023-03-28T07:00:00+00:00,202303,3430,326,3104
2023-03-28T07:30:00+00:00,202303,3430,398,3032
2023-03-28T08:00:00+00:00,202303,3430,610,2820
2023-03-28T08:30:00+00:00,202303,3430,918,2512
2023-03-28T09:00:00+00:00,202303,3430,927,2503
2023-03-28T09:30:00+00:00,202303,3430,1011,2419
2023-03-28T10:00:00+00:00,202303,3430,706,2724
2023-03-28T10:30:00+00:00,202303,3430,720,2710
2023-03-28T11:00:00+00:00,202303,3430,600,2830
2023-03-28T11:30:00+00:00,202303,3430,537,2893
2023-03-28T12:00:00+00:00,202303,3430,322,3108
2023-03-28T12:30:00+00:00,202303,3430,312,3118
2023-03-28T13:00:00+00:00,202303,3430,254,3176
2023-03-28T13:30:00+00:00,202303,3430,271,3159
2023-03-28T14:00:00+00:00,202303,3430,250,3180
2023-03-28T14:30:00+00:00,202303,3430,233,3197
2023-03-28T15:00:00+00:00,202303,3430,206,3224
2023-03-28T15:30:00+00:00,202303,3430,205,3225
2023-03-28T16:00:00+00:00,202303,3430,186,3244
2023-03-28T16:30:00+00:00,202303,3430,170,3260
2023-03-28T17:00:00+00:00,202303,3430,172,3258
2023-03-28T17:30:00+00:00,202303,3430,176,3254
2023-03-28T18:00:00+00:00,202303,3430,152,3278
2023-03-28T18:30:00+00:00,202303,3430,183,3247
2023-03-28T19:00:00+00:00,202303,3430,166,3264
2023-03-28T19:30:00+00:00,202303,3430,162,3268
2023-03-28T20:00:00+00:00,202303,3430,106,3324
2023-03-28T20:30:00+00:00,202303,3430,107,3323
2023-03-28T21:00:00+00:00,202303,3430,175,3255
2023-03-28T21:30:00+00:00,202303,3430,171,3259
2023-03-28T22:00:00+00:00,202303,3430,199,3231
2023-03-28T22:30:00+00:00,202303,3430,102,3328
2023-03-28T23:00:00+00:00,202303,3430,125,3305
2023-03-28T23:30:00+00:00,202303,3430,105,3325
2023-03-29T00:00:00+00:00,202303,3430,100,3330
2023-03-29T00:30:00+00:00,202303,3430,53,3377
2023-03-29T01:00:00+00:00,202303,3430,77,3353
2023-03-29T01:30:00+00:00,202303,3430,59,3371
2023-03-29T02:00:00+00:00,202303,3430,51,3379
2023-03-29T02:30:00+00:00,202303,3430,49,3381
2023-03-29T03:00:00+00:00,202303,3430,46,3384
2023-03-29T03:30:00+00:00,202303,3430,29,3401
2023-03-29T04:00:00+00:00,202303,3430,28,3402
2023-03-29T04:30:00+00:00,202303,3430,23,3407
2023-03-29T05:00:00+00:00,202303,3430,37,3393
2023-03-29T05:30:00+00:00,202303,3430,55,3375
2023-03-29T06:00:00+00:00,202303,3430,45,3385
2023-03-29T06:30:00+00:00,202303,3430,52,3378
2023-03-29T07:00:00+00:00,202303,3430,54,3376
2023-03-29T07:30:00+00:00,202303,3430,60,3370
2023-03-29T08:00:00+00:00,202303,3430,120,3310
2023-03-29T08:30:00+00:00,202303,3430,133,3297
2023-03-29T09:00:00+00:00,202303,3430,140,3290
2023-03-29T09:30:00+00:00,202303,3430,81,3349
2023-03-29T10:00:00+00:00,202303,3430,67,3363
2023-03-29T10:30:00+00:00,202303,3430,46,3384
2023-03-29T11:00:00+00:00,202303,3430,37,3393
2023-03-29T11:30:00+00:00,202303,3430,41,3389
2023-03-29T12:00:00+00:00,202303,3430,32,3398
2023-03-29T12:30:00+00:00,202303,3430,35,3395
2023-03-29T13:00:00+00:00,202303,3430,35,3395
2023-03-29T13:30:00+00:00,202303,3430,25,3405
2023-03-29T14:00:00+00:00,202303,3430,15,3415
2023-03-29T14:30:00+00:00,202303,3430,16,3414
2023-03-29T15:00:00+00:00,202303,3430,19,3411
2023-03-29T15:30:00+00:00,202303,3430,21,3409
2023-03-29T16:00:00+00:00,202303,3430,21,3409
2023-03-29T16:30:00+00:00,202303,3430,19,3411
2023-03-29T17:00:00+00:00,202303,3430,11,3419
2023-03-29T17:30:00+00:00,202303,3430,17,3413
2023-03-29T18:00:00+00:00,202303,3430,27,3403
2023-03-29T18:30:00+00:00,202303,3430,12,3418
2023-03-29T19:00:00+00:00,202303,3430,11,3419
2023-03-29T19:30:00+00:00,202303,3430,21,3409
2023-03-29T20:00:00+00:00,202303,3430,15,3415
2023-03-29T20:30:00+00:00,202303,3430,17,3413
2023-03-29T21:00:00+00:00,202303,3430,5,3425
2023-03-29T21:30:00+00:00,202303,3430,5,3425
2023-03-29T22:00:00+00:00,202303,3430,5,3425
2023-03-29T22:30:00+00:00,202303,3430,6,3424
2023-03-29T23:00:00+00:00,202303,3430,2,3428
2023-03-29T23:30:00+00:00,202303,3430,2,3428
2023-03-30T00:00:00+00:00,202303,3430,0,3430
2023-03-30T00:30:00+00:00,202303,3430,0,3430
2023-03-30T01:00:00+00:00,202303,3430,3,3427
2023-03-30T01:30:00+00:00,202303,3430,6,3424
2023-03-30T02:00:00+00:00,202303,3430,5,3425
2023-03-30T02:30:00+00:00,202303,3430,3,3427
2023-03-30T03:00:00+00:00,202303,3430,3,3427
2023-03-30T03:30:00+00:00,202303,3430,8,3422
2023-03-30T04:00:00+00:00,202303,3430,6,3424
2023-03-30T04:30:00+00:00,202303,3430,2,3428
2023-03-30T05:00:00+00:00,202303,3430,0,3430
2023-03-30T05:30:00+00:00,202303,3430,0,3430
2023-03-30T06:00:00+00:00,202303,3430,0,3430
2023-03-30T06:30:00+00:00,202303,3430,8,3422
2023-03-30T07:00:00+00:00,202303,3430,24,3406
2023-03-30T07:30:00+00:00,202303,3430,39,3391
2023-03-30T08:00:00+00:00,202303,3430,40,3390
2023-03-30T08:30:00+00:00,202303,3430,43,3387
2023-03-30T09:00:00+00:00,202303,3430,53,3377
2023-03-30T09:30:00+00:00,202303,3430,30,3400
2023-03-30T10:00:00+00:00,202303,3430,40,3390
2023-03-30T10:30:00+00:00,202303,3430,39,3391
2023-03-30T11:00:00+00:00,202303,3430,43,3387
2023-03-30T11:30:00+00:00,202303,3430,33,3397
2023-03-30T12:00:00+00:00,202303,3430,26,3404
2023-03-30T12:30:00+00:00,202303,3430,21,3409
2023-03-30T13:00:00+00:00,202303,3430,22,3408
2023-03-30T13:30:00+00:00,202303,3430,19,3411
2023-03-30T14:00:00+00:00,202303,3430,21,3409
2023-03-30T14:30:00+00:00,202303,3430,27,3403
2023-03-30T15:00:00+00:00,202303,3430,37,3393
2023-03-30T15:30:00+00:00,202303,3430,30,3400
2023-03-30T16:00:00+00:00,202303,3430,54,3376
2023-03-30T16:30:00+00:00,202303,3430,58,3372
2023-03-30T17:00:00+00:00,202303,3430,61,3369
2023-03-30T17:30:00+00:00,202303,3430,86,3344
2023-03-30T18:00:00+00:00,202303,3430,104,3326
2023-03-30T18:30:00+00:00,202303,3430,157,3273
2023-03-30T19:00:00+00:00,202303,3430,176,3254
2023-03-30T19:30:00+00:00,202303,3430,173,3257
2023-03-30T20:00:00+00:00,202303,3430,91,3339
2023-03-30T20:30:00+00:00,202303,3430,104,3326
2023-03-30T21:00:00+00:00,202303,3430,66,3364
2023-03-30T21:30:00+00:00,202303,3430,29,3401
2023-03-30T22:00:00+00:00,202303,3430,10,3420
2023-03-30T22:30:00+00:00,202303,3430,6,3424
2023-03-30T23:00:00+00:00,202303,3430,2,3428
2023-03-30T23:30:00+00:00,202303,3430,0,3430
2023-03-31T00:00:00+00:00,202303,3430,1,3429
2023-03-31T00:30:00+00:00,202303,3430,6,3424
2023-03-31T01:00:00+00:00,202303,3430,9,3421
2023-03-31T01:30:00+00:00,202303,3430,8,3422
2023-03-31T02:00:00+00:00,202303,3430,6,3424
2023-03-31T02:30:00+00:00,202303,3430,6,3424
2023-03-31T03:00:00+00:00,202303,3430,2,3428
2023-03-31T03:30:00+00:00,202303,3430,1,3429
2023-03-31T04:00:00+00:00,202303,3430,15,3415
2023-03-31T04:30:00+00:00,202303,3430,30,3400
2023-03-31T05:00:00+00:00,202303,3430,14,3416
2023-03-31T05:30:00+00:00,202303,3430,27,3403
2023-03-31T06:00:00+00:00,202303,3430,19,3411
2023-03-31T06:30:00+00:00,202303,3430,25,3405
2023-03-31T07:00:00+00:00,202303,3430,5,3425
2023-03-31T07:30:00+00:00,202303,3430,16,3414
2023-03-31T08:00:00+00:00,202303,3430,55,3375
2023-03-31T08:30:00+00:00,202303,3430,61,3369
2023-03-31T09:00:00+00:00,202303,3430,82,3348
2023-03-31T09:30:00+00:00,202303,3430,56,3374
2023-03-31T10:00:00+00:00,202303,3430,86,3344
2023-03-31T10:30:00+00:00,202303,3430,94,3336
2023-03-31T11:00:00+00:00,202303,3430,123,3307
2023-03-31T11:30:00+00:00,202303,3430,114,3316
2023-03-31T12:00:00+00:00,202303,3430,107,3323
2023-03-31T12:30:00+00:00,202303,3430,91,3339
2023-03-31T13:00:00+00:00,202303,3430,92,3338
2023-03-31T13:30:00+00:00,202303,3430,58,3372
2023-03-31T14:00:00+00:00,202303,3430,53,3377
2023-03-31T14:30:00+00:00,202303,3430,49,3381
2023-03-31T15:00:00+00:00,202303,3430,31,3399
2023-03-31T15:30:00+00:00,202303,3430,17,3413
2023-03-31T16:00:00+00:00,202303,3430,16,3414
2023-03-31T16:30:00+00:00,202303,3430,3,3427
2023-03-31T17:00:00+00:00,202303,3430,4,3426
2023-03-31T17:30:00+00:00,202303,3430,10,3420
2023-03-31T18:00:00+00:00,202303,3430,12,3418
2023-03-31T18:30:00+00:00,202303,3430,6,3424
2023-03-31T19:00:00+00:00,202303,3430,7,3423
2023-03-31T19:30:00+00:00,202303,3430,7,3423
2023-03-31T20:00:00+00:00,202303,3430,0,3430
2023-03-31T20:30:00+00:00,202303,3430,3,3427
2023-03-31T21:00:00+00:00,202303,3430,3,3427
2023-03-31T21:30:00+00:00,202303,3430,3,3427
2023-03-31T22:00:00+00:00,202303,3430,0,3430
2023-03-31T22:30:00+00:00,202303,3430,0,3430
2023-03-31T23:00:00+00:00,202303,3430,0,3430
2023-03-31T23:30:00+00:00,202303,3430,0,3430
2023-04-01T00:00:00+00:00,202304,3430,1,3429
2023-04-01T00:30:00+00:00,202304,3430,3,3427
2023-04-01T01:00:00+00:00,202304,3430,6,3424
2023-04-01T01:30:00+00:00,202304,3430,5,3425
2023-04-01T02:00:00+00:00,202304,3430,3,3427
2023-04-01T02:30:00+00:00,202304,3430,2,3428
2023-04-01T03:00:00+00:00,202304,3430,0,3430
2023-04-01T03:30:00+00:00,202304,3430,0,3430
2023-04-01T04:00:00+00:00,202304,3430,3,3427
2023-04-01T04:30:00+00:00,202304,3430,11,3419
2023-04-01T05:00:00+00:00,202304,3430,0,3430
2023-04-01T06:00:00+00:00,202304,3430,46,3384
2023-04-01T06:30:00+00:00,202304,3430,78,3352
2023-04-01T07:00:00+00:00,202304,3430,134,3296
2023-04-01T07:30:00+00:00,202304,3430,191,3239
2023-04-01T08:00:00+00:00,202304,3430,145,3285
2023-04-01T08:30:00+00:00,202304,3430,193,3237
2023-04-01T09:00:00+00:00,202304,3430,152,3278
2023-04-01T09:30:00+00:00,202304,3430,97,3333
2023-04-01T10:00:00+00:00,202304,3430,108,3322
2023-04-01T10:30:00+00:00,202304,3430,115,3315
2023-04-01T11:00:00+00:00,202304,3430,120,3310
2023-04-01T11:30:00+00:00,202304,3430,122,3308
2023-04-01T12:00:00+00:00,202304,3430,170,3260
2023-04-01T12:30:00+00:00,202304,3430,125,3305
2023-04-01T13:00:00+00:00,202304,3430,109,3321
2023-04-01T13:30:00+00:00,202304,3430,120,3310
2023-04-01T14:00:00+00:00,202304,3430,123,3307
2023-04-01T14:30:00+00:00,202304,3430,113,3317
2023-04-01T15:00:00+00:00,202304,3430,106,3324
2023-04-01T15:30:00+00:00,202304,3430,136,3294
2023-04-01T16:00:00+00:00,202304,3430,180,3250
2023-04-01T16:30:00+00:00,202304,3430,118,3312
2023-04-01T17:00:00+00:00,202304,3430,88,3342
2023-04-01T17:30:00+00:00,202304,3430,72,3358
2023-04-01T18:00:00+00:00,202304,3430,61,3369
2023-04-01T18:30:00+00:00,202304,3430,105,3325
2023-04-01T19:00:00+00:00,202304,3430,146,3284
2023-04-01T19:30:00+00:00,202304,3430,207,3223
2023-04-01T20:00:00+00:00,202304,3430,164,3266
2023-04-01T20:30:00+00:00,202304,3430,142,3288
2023-04-01T21:00:00+00:00,202304,3430,111,3319
2023-04-01T21:30:00+00:00,202304,3430,114,3316
2023-04-01T22:00:00+00:00,202304,3430,156,3274
2023-04-01T22:30:00+00:00,202304,3430,125,3305
2023-04-01T23:00:00+00:00,202304,3430,124,3306
2023-04-01T23:30:00+00:00,202304,3430,69,3361
2023-04-02T00:00:00+00:00,202304,3430,45,3385
2023-04-02T00:30:00+00:00,202304,3430,35,3395
2023-04-02T01:00:00+00:00,202304,3430,50,3380
2023-04-02T01:30:00+00:00,202304,3430,31,3399
2023-04-02T02:00:00+00:00,202304,3430,26,3404
2023-04-02T02:30:00+00:00,202304,3430,26,3404
2023-04-02T03:00:00+00:00,202304,3430,34,3396
2023-04-02T03:30:00+00:00,202304,3430,43,3387
2023-04-02T04:00:00+00:00,202304,3430,74,3356
2023-04-02T04:30:00+00:00,202304,3430,102,3328
2023-04-02T05:00:00+00:00,202304,3430,157,3273
2023-04-02T05:30:00+00:00,202304,3430,161,3269
2023-04-02T06:00:00+00:00,202304,3430,128,3302
2023-04-02T06:30:00+00:00,202304,3430,95,3335
2023-04-02T07:00:00+00:00,202304,3430,104,3326
2023-04-02T07:30:00+00:00,202304,3430,146,3284
2023-04-02T08:00:00+00:00,202304,3430,159,3271
2023-04-02T08:30:00+00:00,202304,3430,280,3150
2023-04-02T09:00:00+00:00,202304,3430,338,3092
2023-04-02T09:30:00+00:00,202304,3430,550,2880
2023-04-02T10:00:00+00:00,202304,3430,526,2904
2023-04-02T10:30:00+00:00,202304,3430,512,2918
2023-04-02T11:00:00+00:00,202304,3430,382,3048
2023-04-02T11:30:00+00:00,202304,3430,311,3119
2023-04-02T12:00:00+00:00,202304,3430,194,3236
2023-04-02T12:30:00+00:00,202304,3430,196,3234
2023-04-02T13:00:00+00:00,202304,3430,90,3340
2023-04-02T13:30:00+00:00,202304,3430,86,3344
2023-04-02T14:00:00+00:00,202304,3430,81,3349
2023-04-02T14:30:00+00:00,202304,3430,76,3354
2023-04-02T15:00:00+00:00,202304,3430,121,3309
2023-04-02T15:30:00+00:00,202304,3430,146,3284
2023-04-02T16:00:00+00:00,202304,3430,156,3274
2023-04-02T16:30:00+00:00,202304,3430,93,3337
2023-04-02T17:00:00+00:00,202304,3430,109,3321
2023-04-02T17:30:00+00:00,202304,3430,104,3326
2023-04-02T18:00:00+00:00,202304,3430,76,3354
2023-04-02T18:30:00+00:00,202304,3430,60,3370
2023-04-02T19:00:00+00:00,202304,3430,96,3334
2023-04-02T19:30:00+00:00,202304,3430,128,3302
2023-04-02T20:00:00+00:00,202304,3430,175,3255
2023-04-02T20:30:00+00:00,202304,3430,222,3208
2023-04-02T21:00:00+00:00,202304,3430,182,3248
2023-04-02T21:30:00+00:00,202304,3430,173,3257
2023-04-02T22:00:00+00:00,202304,3430,244,3186
2023-04-02T22:30:00+00:00,202304,3430,212,3218
2023-04-02T23:00:00+00:00,202304,3430,196,3234
2023-04-02T23:30:00+00:00,202304,3430,125,3305
2023-04-03T00:00:00+00:00,202304,3430,91,3339
2023-04-03T00:30:00+00:00,202304,3430,26,3404
2023-04-03T01:00:00+00:00,202304,3430,42,3388
2023-04-03T01:30:00+00:00,202304,3430,11,3419
2023-04-03T02:00:00+00:00,202304,3430,5,3425
2023-04-03T02:30:00+00:00,202304,3430,3,3427
2023-04-03T03:00:00+00:00,202304,3430,11,3419
2023-04-03T03:30:00+00:00,202304,3430,12,3418
2023-04-03T04:00:00+00:00,202304,3430,18,3412
2023-04-03T04:30:00+00:00,202304,3430,18,3412
2023-04-03T05:00:00+00:00,202304,3430,52,3378
2023-04-03T05:30:00+00:00,202304,3430,60,3370
2023-04-03T06:00:00+00:00,202304,3430,100,3330
2023-04-03T06:30:00+00:00,202304,3430,130,3300
2023-04-03T07:00:00+00:00,202304,3430,133,3297
2023-04-03T07:30:00+00:00,202304,3430,93,3337
2023-04-03T08:00:00+00:00,202304,3430,85,3345
2023-04-03T08:30:00+00:00,202304,3430,53,3377
2023-04-03T09:00:00+00:00,202304,3430,76,3354
2023-04-03T09:30:00+00:00,202304,3430,61,3369
2023-04-03T10:00:00+00:00,202304,3430,65,3365
2023-04-03T10:30:00+00:00,202304,3430,56,3374
2023-04-03T11:00:00+00:00,202304,3430,51,3379
2023-04-03T11:30:00+00:00,202304,3430,22,3408
2023-04-03T12:00:00+00:00,202304,3430,25,3405
2023-04-03T12:30:00+00:00,202304,3430,4,3426
2023-04-03T13:00:00+00:00,202304,3430,3,3427
2023-04-03T13:30:00+00:00,202304,3430,7,3423
2023-04-03T14:00:00+00:00,202304,3430,11,3419
2023-04-03T14:30:00+00:00,202304,3430,16,3414
2023-04-03T15:00:00+00:00,202304,3430,15,3415
2023-04-03T15:30:00+00:00,202304,3430,6,3424
2023-04-03T16:00:00+00:00,202304,3430,7,3423
2023-04-03T16:30:00+00:00,202304,3430,7,3423
2023-04-03T17:00:00+00:00,202304,3430,35,3395
2023-04-03T17:30:00+00:00,202304,3430,31,3399
2023-04-03T18:00:00+00:00,202304,3430,41,3389
2023-04-03T18:30:00+00:00,202304,3430,28,3402
2023-04-03T19:00:00+00:00,202304,3430,18,3412
2023-04-03T19:30:00+00:00,202304,3430,7,3423
2023-04-03T20:00:00+00:00,202304,3430,0,3430
2023-04-03T20:30:00+00:00,202304,3430,0,3430
2023-04-03T21:00:00+00:00,202304,3430,1,3429
2023-04-03T21:30:00+00:00,202304,3430,3,3427
2023-04-03T22:00:00+00:00,202304,3430,3,3427
2023-04-03T22:30:00+00:00,202304,3430,2,3428
2023-04-03T23:00:00+00:00,202304,3430,2,3428
2023-04-03T23:30:00+00:00,202304,3430,5,3425
2023-04-04T00:00:00+00:00,202304,3430,5,3425
2023-04-04T00:30:00+00:00,202304,3430,6,3424
2023-04-04T01:00:00+00:00,202304,3430,1,3429
2023-04-04T01:30:00+00:00,202304,3430,1,3429
2023-04-04T02:00:00+00:00,202304,3430,0,3430
2023-04-04T02:30:00+00:00,202304,3430,0,3430
2023-04-04T03:00:00+00:00,202304,3430,1,3429
2023-04-04T03:30:00+00:00,202304,3430,2,3428
2023-04-04T04:00:00+00:00,202304,3430,1,3429
2023-04-04T04:30:00+00:00,202304,3430,1,3429
2023-04-04T05:00:00+00:00,202304,3430,1,3429
2023-04-04T05:30:00+00:00,202304,3430,1,3429
2023-04-04T06:00:00+00:00,202304,3430,0,3430
2023-04-04T06:30:00+00:00,202304,3430,0,3430
2023-04-04T07:00:00+00:00,202304,3430,4,3426
2023-04-04T07:30:00+00:00,202304,3430,2,3428
2023-04-04T08:00:00+00:00,202304,3430,7,3423
2023-04-04T08:30:00+00:00,202304,3430,25,3405
2023-04-04T09:00:00+00:00,202304,3430,26,3404
2023-04-04T09:30:00+00:00,202304,3430,35,3395
2023-04-04T10:00:00+00:00,202304,3430,49,3381
2023-04-04T10:30:00+00:00,202304,3430,74,3356
2023-04-04T11:00:00+00:00,202304,3430,42,3388
2023-04-04T11:30:00+00:00,202304,3430,59,3371
2023-04-04T12:00:00+00:00,202304,3430,27,3403
2023-04-04T12:30:00+00:00,202304,3430,28,3402
2023-04-04T13:00:00+00:00,202304,3430,19,3411
2023-04-04T13:30:00+00:00,202304,3430,11,3419
2023-04-04T14:00:00+00:00,202304,3430,11,3419
2023-04-04T14:30:00+00:00,202304,3430,8,3422
2023-04-04T15:00:00+00:00,202304,3430,9,3421
2023-04-04T15:30:00+00:00,202304,3430,6,3424
2023-04-04T16:00:00+00:00,202304,3430,2,3428
2023-04-04T16:30:00+00:00,202304,3430,4,3426
2023-04-04T17:00:00+00:00,202304,3430,2,3428
2023-04-04T17:30:00+00:00,202304,3430,3,3427
2023-04-04T18:00:00+00:00,202304,3430,5,3425
2023-04-04T18:30:00+00:00,202304,3430,0,3430
2023-04-04T19:00:00+00:00,202304,3430,6,3424
2023-04-04T19:30:00+00:00,202304,3430,12,3418
2023-04-04T20:00:00+00:00,202304,3430,10,3420
2023-04-04T20:30:00+00:00,202304,3430,5,3425
2023-04-04T21:00:00+00:00,202304,3430,8,3422
2023-04-04T21:30:00+00:00,202304,3430,4,3426
2023-04-04T22:00:00+00:00,202304,3430,6,3424
2023-04-04T22:30:00+00:00,202304,3430,8,3422
2023-04-04T23:00:00+00:00,202304,3430,3,3427
2023-04-04T23:30:00+00:00,202304,3430,12,3418
2023-04-05T00:00:00+00:00,202304,3430,23,3407
2023-04-05T00:30:00+00:00,202304,3430,23,3407
2023-04-05T01:00:00+00:00,202304,3430,27,3403
2023-04-05T01:30:00+00:00,202304,3430,15,3415
2023-04-05T02:00:00+00:00,202304,3430,5,3425
2023-04-05T02:30:00+00:00,202304,3430,5,3425
2023-04-05T03:00:00+00:00,202304,3430,6,3424
2023-04-05T03:30:00+00:00,202304,3430,6,3424
2023-04-05T04:00:00+00:00,202304,3430,3,3427
2023-04-05T04:30:00+00:00,202304,3430,1,3429
2023-04-05T05:00:00+00:00,202304,3430,27,3403
2023-04-05T05:30:00+00:00,202304,3430,20,3410
2023-04-05T06:00:00+00:00,202304,3430,37,3393
2023-04-05T06:30:00+00:00,202304,3430,61,3369
2023-04-05T07:00:00+00:00,202304,3430,78,3352
2023-04-05T07:30:00+00:00,202304,3430,42,3388
2023-04-05T08:00:00+00:00,202304,3430,62,3368
2023-04-05T08:30:00+00:00,202304,3430,127,3303
2023-04-05T09:00:00+00:00,202304,3430,144,3286
2023-04-05T09:30:00+00:00,202304,3430,156,3274
2023-04-05T10:00:00+00:00,202304,3430,43,3387
2023-04-05T10:30:00+00:00,202304,3430,63,3367
2023-04-05T11:00:00+00:00,202304,3430,26,3404
2023-04-05T11:30:00+00:00,202304,3430,29,3401
2023-04-05T12:00:00+00:00,202304,3430,24,3406
2023-04-05T12:30:00+00:00,202304,3430,23,3407
2023-04-05T13:00:00+00:00,202304,3430,16,3414
2023-04-05T13:30:00+00:00,202304,3430,26,3404
2023-04-05T14:00:00+00:00,202304,3430,27,3403
2023-04-05T14:30:00+00:00,202304,3430,28,3402
2023-04-05T15:00:00+00:00,202304,3430,36,3394
2023-04-05T15:30:00+00:00,202304,3430,38,3392
2023-04-05T16:00:00+00:00,202304,3430,22,3408
2023-04-05T16:30:00+00:00,202304,3430,15,3415
2023-04-05T17:00:00+00:00,202304,3430,13,3417
2023-04-05T17:30:00+00:00,202304,3430,10,3420
2023-04-05T18:00:00+00:00,202304,3430,44,3386
2023-04-05T18:30:00+00:00,202304,3430,49,3381
2023-04-05T19:00:00+00:00,202304,3430,59,3371
2023-04-05T19:30:00+00:00,202304,3430,26,3404
2023-04-05T20:00:00+00:00,202304,3430,9,3421
2023-04-05T20:30:00+00:00,202304,3430,3,3427
2023-04-05T21:00:00+00:00,202304,3430,5,3425
2023-04-05T21:30:00+00:00,202304,3430,2,3428
2023-04-05T22:00:00+00:00,202304,3430,0,3430
2023-04-05T22:30:00+00:00,202304,3430,0,3430
2023-04-05T23:00:00+00:00,202304,3430,0,3430
2023-04-05T23:30:00+00:00,202304,3430,0,3430
2023-04-06T00:00:00+00:00,202304,3430,0,3430
2023-04-06T00:30:00+00:00,202304,3430,0,3430
2023-04-06T01:00:00+00:00,202304,3430,1,3429
2023-04-06T01:30:00+00:00,202304,3430,10,3420
2023-04-06T02:00:00+00:00,202304,3430,12,3418
2023-04-06T02:30:00+00:00,202304,3430,14,3416
2023-04-06T03:00:00+00:00,202304,3430,11,3419
2023-04-06T03:30:00+00:00,202304,3430,15,3415
2023-04-06T04:00:00+00:00,202304,3430,2,3428
2023-04-06T04:30:00+00:00,202304,3430,0,3430
2023-04-06T05:00:00+00:00,202304,3430,0,3430
2023-04-06T05:30:00+00:00,202304,3430,0,3430
2023-04-06T06:00:00+00:00,202304,3430,4,3426
2023-04-06T06:30:00+00:00,202304,3430,9,3421
2023-04-06T07:00:00+00:00,202304,3430,20,3410
2023-04-06T07:30:00+00:00,202304,3430,23,3407
2023-04-06T08:00:00+00:00,202304,3430,26,3404
2023-04-06T08:30:00+00:00,202304,3430,19,3411
2023-04-06T09:00:00+00:00,202304,3430,19,3411
2023-04-06T09:30:00+00:00,202304,3430,14,3416
2023-04-06T10:00:00+00:00,202304,3430,15,3415
2023-04-06T10:30:00+00:00,202304,3430,6,3424
2023-04-06T11:00:00+00:00,202304,3430,5,3425
2023-04-06T11:30:00+00:00,202304,3430,2,3428
2023-04-06T12:00:00+00:00,202304,3430,1,3429
2023-04-06T12:30:00+00:00,202304,3430,1,3429
2023-04-06T13:00:00+00:00,202304,3430,2,3428
2023-04-06T13:30:00+00:00,202304,3430,6,3424
2023-04-06T14:30:00+00:00,202304,3430,13,3417
2023-04-06T15:00:00+00:00,202304,3430,13,3417
2023-04-06T15:30:00+00:00,202304,3430,9,3421
2023-04-06T16:00:00+00:00,202304,3430,7,3423
2023-04-06T16:30:00+00:00,202304,3430,6,3424
2023-04-06T17:00:00+00:00,202304,3430,10,3420
2023-04-06T17:30:00+00:00,202304,3430,12,3418
2023-04-06T18:00:00+00:00,202304,3430,13,3417
2023-04-06T18:30:00+00:00,202304,3430,19,3411
2023-04-06T19:00:00+00:00,202304,3430,18,3412
2023-04-06T19:30:00+00:00,202304,3430,18,3412
2023-04-06T20:00:00+00:00,202304,3430,10,3420
2023-04-06T20:30:00+00:00,202304,3430,10,3420
2023-04-06T21:00:00+00:00,202304,3430,6,3424
2023-04-06T21:30:00+00:00,202304,3430,5,3425
2023-04-06T22:00:00+00:00,202304,3430,4,3426
2023-04-06T22:30:00+00:00,202304,3430,4,3426
2023-04-06T23:00:00+00:00,202304,3430,2,3428
2023-04-06T23:30:00+00:00,202304,3430,0,3430
2023-04-07T00:00:00+00:00,202304,3430,1,3429
2023-04-07T00:30:00+00:00,202304,3430,3,3427
2023-04-07T01:00:00+00:00,202304,3430,3,3427
2023-04-07T01:30:00+00:00,202304,3430,3,3427
2023-04-07T02:00:00+00:00,202304,3430,3,3427
2023-04-07T02:30:00+00:00,202304,3430,3,3427
2023-04-07T03:00:00+00:00,202304,3430,3,3427
2023-04-07T03:30:00+00:00,202304,3430,3,3427
2023-04-07T04:00:00+00:00,202304,3430,0,3430
2023-04-07T04:30:00+00:00,202304,3430,5,3425
2023-04-07T05:00:00+00:00,202304,3430,7,3423
2023-04-07T05:30:00+00:00,202304,3430,12,3418
2023-04-07T06:00:00+00:00,202304,3430,9,3421
2023-04-07T06:30:00+00:00,202304,3430,10,3420
2023-04-07T07:00:00+00:00,202304,3430,7,3423
2023-04-07T07:30:00+00:00,202304,3430,7,3423
2023-04-07T08:00:00+00:00,202304,3430,17,3413
2023-04-07T08:30:00+00:00,202304,3430,19,3411
2023-04-07T09:00:00+00:00,202304,3430,23,3407
2023-04-07T09:30:00+00:00,202304,3430,12,3418
2023-04-07T10:00:00+00:00,202304,3430,15,3415
2023-04-07T10:30:00+00:00,202304,3430,7,3423
2023-04-07T11:00:00+00:00,202304,3430,5,3425
2023-04-07T11:30:00+00:00,202304,3430,2,3428
2023-04-07T12:00:00+00:00,202304,3430,0,3430
2023-04-07T12:30:00+00:00,202304,3430,1,3429
2023-04-07T13:00:00+00:00,202304,3430,1,3429
2023-04-07T13:30:00+00:00,202304,3430,1,3429
2023-04-07T14:30:00+00:00,202304,3430,0,3430
2023-04-07T15:00:00+00:00,202304,3430,1,3429
2023-04-07T15:30:00+00:00,202304,3430,6,3424
2023-04-07T16:00:00+00:00,202304,3430,6,3424
2023-04-07T16:30:00+00:00,202304,3430,2,3428
2023-04-07T17:00:00+00:00,202304,3430,5,3425
2023-04-07T17:30:00+00:00,202304,3430,10,3420
2023-04-07T18:00:00+00:00,202304,3430,12,3418
2023-04-07T18:30:00+00:00,202304,3430,15,3415
2023-04-07T19:00:00+00:00,202304,3430,16,3414
2023-04-07T19:30:00+00:00,202304,3430,8,3422
2023-04-07T20:00:00+00:00,202304,3430,2,3428
2023-04-07T20:30:00+00:00,202304,3430,8,3422
2023-04-07T21:00:00+00:00,202304,3430,9,3421
2023-04-07T21:30:00+00:00,202304,3430,6,3424
2023-04-07T22:00:00+00:00,202304,3430,1,3429
2023-04-07T22:30:00+00:00,202304,3430,1,3429
2023-04-07T23:00:00+00:00,202304,3430,0,3430
2023-04-07T23:30:00+00:00,202304,3430,0,3430
2023-04-08T00:00:00+00:00,202304,3430,0,3430
2023-04-08T00:30:00+00:00,202304,3430,0,3430
2023-04-08T01:00:00+00:00,202304,3430,0,3430
2023-04-08T01:30:00+00:00,202304,3430,1,3429
2023-04-08T02:00:00+00:00,202304,3430,4,3426
2023-04-08T02:30:00+00:00,202304,3430,1,3429
2023-04-08T03:00:00+00:00,202304,3430,0,3430
2023-04-08T03:30:00+00:00,202304,3430,0,3430
2023-04-08T04:00:00+00:00,202304,3430,1,3429
2023-04-08T04:30:00+00:00,202304,3430,1,3429
2023-04-08T05:00:00+00:00,202304,3430,9,3421
2023-04-08T05:30:00+00:00,202304,3430,14,3416
2023-04-08T06:00:00+00:00,202304,3430,0,3430
2023-04-08T06:30:00+00:00,202304,3430,3,3427
2023-04-08T07:00:00+00:00,202304,3430,7,3423
2023-04-08T07:30:00+00:00,202304,3430,13,3417
2023-04-08T08:00:00+00:00,202304,3430,17,3413
2023-04-08T08:30:00+00:00,202304,3430,19,3411
2023-04-08T09:00:00+00:00,202304,3430,30,3400
2023-04-08T09:30:00+00:00,202304,3430,28,3402
2023-04-08T10:00:00+00:00,202304,3430,26,3404
2023-04-08T10:30:00+00:00,202304,3430,27,3403
2023-04-08T11:00:00+00:00,202304,3430,24,3406
2023-04-08T11:30:00+00:00,202304,3430,22,3408
2023-04-08T12:00:00+00:00,202304,3430,11,3419
2023-04-08T12:30:00+00:00,202304,3430,11,3419
2023-04-08T13:00:00+00:00,202304,3430,10,3420
2023-04-08T13:30:00+00:00,202304,3430,9,3421
2023-04-08T14:30:00+00:00,202304,3430,8,3422
2023-04-08T15:00:00+00:00,202304,3430,9,3421
2023-04-08T15:30:00+00:00,202304,3430,5,3425
2023-04-08T16:00:00+00:00,202304,3430,2,3428
2023-04-08T16:30:00+00:00,202304,3430,8,3422
2023-04-08T17:00:00+00:00,202304,3430,7,3423
2023-04-08T17:30:00+00:00,202304,3430,18,3412
2023-04-08T18:00:00+00:00,202304,3430,20,3410
2023-04-08T18:30:00+00:00,202304,3430,36,3394
2023-04-08T19:00:00+00:00,202304,3430,35,3395
2023-04-08T19:30:00+00:00,202304,3430,34,3396
2023-04-08T20:00:00+00:00,202304,3430,17,3413
2023-04-08T20:30:00+00:00,202304,3430,17,3413
2023-04-08T21:00:00+00:00,202304,3430,9,3421
2023-04-08T21:30:00+00:00,202304,3430,9,3421
2023-04-08T22:00:00+00:00,202304,3430,6,3424
2023-04-08T22:30:00+00:00,202304,3430,5,3425
2023-04-08T23:00:00+00:00,202304,3430,4,3426
2023-04-08T23:30:00+00:00,202304,3430,2,3428
2023-04-09T00:00:00+00:00,202304,3430,0,3430
2023-04-09T00:30:00+00:00,202304,3430,0,3430
2023-04-09T01:00:00+00:00,202304,3430,0,3430
2023-04-09T01:30:00+00:00,202304,3430,0,3430
2023-04-09T02:00:00+00:00,202304,3430,0,3430
2023-04-09T02:30:00+00:00,202304,3430,0,3430
2023-04-09T03:00:00+00:00,202304,3430,0,3430
2023-04-09T03:30:00+00:00,202304,3430,1,3429
2023-04-09T04:00:00+00:00,202304,3430,2,3428
2023-04-09T04:30:00+00:00,202304,3430,9,3421
2023-04-09T05:00:00+00:00,202304,3430,10,3420
2023-04-09T05:30:00+00:00,202304,3430,18,3412
2023-04-09T06:00:00+00:00,202304,3430,17,3413
2023-04-09T06:30:00+00:00,202304,3430,13,3417
2023-04-09T07:00:00+00:00,202304,3430,8,3422
2023-04-09T07:30:00+00:00,202304,3430,11,3419
2023-04-09T08:00:00+00:00,202304,3430,12,3418
2023-04-09T08:30:00+00:00,202304,3430,14,3416
2023-04-09T09:00:00+00:00,202304,3430,15,3415
2023-04-09T09:30:00+00:00,202304,3430,19,3411
2023-04-09T10:00:00+00:00,202304,3430,23,3407
2023-04-09T10:30:00+00:00,202304,3430,23,3407
2023-04-09T11:00:00+00:00,202304,3430,20,3410
2023-04-09T11:30:00+00:00,202304,3430,12,3418
2023-04-09T12:00:00+00:00,202304,3430,6,3424
2023-04-09T12:30:00+00:00,202304,3430,4,3426
2023-04-09T13:00:00+00:00,202304,3430,1,3429
2023-04-09T13:30:00+00:00,202304,3430,1,3429
2023-04-09T14:30:00+00:00,202304,3430,0,3430
2023-04-09T15:00:00+00:00,202304,3430,1,3429
2023-04-09T15:30:00+00:00,202304,3430,0,3430
2023-04-09T16:00:00+00:00,202304,3430,0,3430
2023-04-09T16:30:00+00:00,202304,3430,0,3430
2023-04-09T17:00:00+00:00,202304,3430,0,3430
2023-04-09T17:30:00+00:00,202304,3430,0,3430
2023-04-09T18:00:00+00:00,202304,3430,0,3430
2023-04-09T18:30:00+00:00,202304,3430,0,3430
2023-04-09T19:00:00+00:00,202304,3430,0,3430
2023-04-09T19:30:00+00:00,202304,3430,0,3430
2023-04-09T20:00:00+00:00,202304,3430,3,3427
2023-04-09T20:30:00+00:00,202304,3430,2,3428
2023-04-09T21:00:00+00:00,202304,3430,2,3428
2023-04-09T21:30:00+00:00,202304,3430,4,3426
2023-04-09T22:00:00+00:00,202304,3430,4,3426
2023-04-09T22:30:00+00:00,202304,3430,5,3425
2023-04-09T23:00:00+00:00,202304,3430,6,3424
2023-04-09T23:30:00+00:00,202304,3430,5,3425
2023-04-10T00:00:00+00:00,202304,3430,5,3425
2023-04-10T00:30:00+00:00,202304,3430,2,3428
2023-04-10T01:00:00+00:00,202304,3430,2,3428
2023-04-10T01:30:00+00:00,202304,3430,1,3429
2023-04-10T02:00:00+00:00,202304,3430,0,3430
2023-04-10T02:30:00+00:00,202304,3430,0,3430
2023-04-10T03:00:00+00:00,202304,3430,0,3430
2023-04-10T03:30:00+00:00,202304,3430,0,3430
2023-04-10T04:00:00+00:00,202304,3430,0,3430
2023-04-10T04:30:00+00:00,202304,3430,1,3429
2023-04-10T05:00:00+00:00,202304,3430,3,3427
2023-04-10T05:30:00+00:00,202304,3430,0,3430
2023-04-10T06:00:00+00:00,202304,3430,19,3411
2023-04-10T06:30:00+00:00,202304,3430,24,3406
2023-04-10T07:00:00+00:00,202304,3430,44,3386
2023-04-10T07:30:00+00:00,202304,3430,25,3405
2023-04-10T08:00:00+00:00,202304,3430,30,3400
2023-04-10T08:30:00+00:00,202304,3430,27,3403
2023-04-10T09:00:00+00:00,202304,3430,23,3407
2023-04-10T09:30:00+00:00,202304,3430,28,3402
2023-04-10T10:00:00+00:00,202304,3430,25,3405
2023-04-10T10:30:00+00:00,202304,3430,26,3404
2023-04-10T11:00:00+00:00,202304,3430,21,3409
2023-04-10T11:30:00+00:00,202304,3430,17,3413
2023-04-10T12:00:00+00:00,202304,3430,8,3422
2023-04-10T12:30:00+00:00,202304,3430,9,3421
2023-04-10T13:00:00+00:00,202304,3430,5,3425
2023-04-10T13:30:00+00:00,202304,3430,0,3430
2023-04-10T14:00:00+00:00,202304,3430,0,3430
2023-04-10T14:30:00+00:00,202304,3430,1,3429
2023-04-10T15:00:00+00:00,202304,3430,0,3430
2023-04-10T15:30:00+00:00,202304,3430,2,3428
2023-04-10T16:00:00+00:00,202304,3430,6,3424
2023-04-10T16:30:00+00:00,202304,3430,11,3419
2023-04-10T17:00:00+00:00,202304,3430,19,3411
2023-04-10T17:30:00+00:00,202304,3430,21,3409
2023-04-10T18:00:00+00:00,202304,3430,36,3394
2023-04-10T18:30:00+00:00,202304,3430,25,3405
2023-04-10T19:00:00+00:00,202304,3430,21,3409
2023-04-10T19:30:00+00:00,202304,3430,10,3420
2023-04-10T20:00:00+00:00,202304,3430,9,3421
2023-04-10T20:30:00+00:00,202304,3430,2,3428
2023-04-10T21:00:00+00:00,202304,3430,3,3427
2023-04-10T21:30:00+00:00,202304,3430,12,3418
2023-04-10T22:00:00+00:00,202304,3430,10,3420
2023-04-10T22:30:00+00:00,202304,3430,3,3427
2023-04-10T23:00:00+00:00,202304,3430,0,3430
2023-04-10T23:30:00+00:00,202304,3430,2,3428
2023-04-11T00:00:00+00:00,202304,3430,2,3428
2023-04-11T00:30:00+00:00,202304,3430,2,3428
2023-04-11T01:00:00+00:00,202304,3430,2,3428
2023-04-11T01:30:00+00:00,202304,3430,2,3428
2023-04-11T02:00:00+00:00,202304,3430,2,3428
2023-04-11T02:30:00+00:00,202304,3430,2,3428
2023-04-11T03:00:00+00:00,202304,3430,0,3430
2023-04-11T03:30:00+00:00,202304,3430,0,3430
2023-04-11T04:00:00+00:00,202304,3430,0,3430
2023-04-11T04:30:00+00:00,202304,3430,0,3430
2023-04-11T05:00:00+00:00,202304,3430,0,3430
2023-04-11T05:30:00+00:00,202304,3430,0,3430
2023-04-11T06:00:00+00:00,202304,3430,0,3430
2023-04-11T06:30:00+00:00,202304,3430,0,3430
2023-04-11T07:00:00+00:00,202304,3430,2,3428
2023-04-11T07:30:00+00:00,202304,3430,4,3426
2023-04-11T08:00:00+00:00,202304,3430,12,3418
2023-04-11T08:30:00+00:00,202304,3430,16,3414
2023-04-11T09:00:00+00:00,202304,3430,28,3402
2023-04-11T09:30:00+00:00,202304,3430,32,3398
2023-04-11T10:00:00+00:00,202304,3430,32,3398
2023-04-11T10:30:00+00:00,202304,3430,20,3410
2023-04-11T11:00:00+00:00,202304,3430,22,3408
2023-04-11T11:30:00+00:00,202304,3430,4,3426
2023-04-11T12:00:00+00:00,202304,3430,3,3427
2023-04-11T12:30:00+00:00,202304,3430,2,3428
2023-04-11T13:00:00+00:00,202304,3430,1,3429
2023-04-11T13:30:00+00:00,202304,3430,0,3430
2023-04-11T14:00:00+00:00,202304,3430,0,3430
2023-04-11T14:30:00+00:00,202304,3430,5,3425
2023-04-11T15:00:00+00:00,202304,3430,10,3420
2023-04-11T15:30:00+00:00,202304,3430,17,3413
2023-04-11T16:00:00+00:00,202304,3430,18,3412
2023-04-11T16:30:00+00:00,202304,3430,27,3403
2023-04-11T17:00:00+00:00,202304,3430,21,3409
2023-04-11T17:30:00+00:00,202304,3430,26,3404
2023-04-11T18:00:00+00:00,202304,3430,21,3409
2023-04-11T18:30:00+00:00,202304,3430,21,3409
2023-04-11T19:00:00+00:00,202304,3430,30,3400
2023-04-11T19:30:00+00:00,202304,3430,26,3404
2023-04-11T20:00:00+00:00,202304,3430,26,3404
2023-04-11T20:30:00+00:00,202304,3430,15,3415
2023-04-11T21:00:00+00:00,202304,3430,18,3412
2023-04-11T21:30:00+00:00,202304,3430,12,3418
2023-04-11T22:00:00+00:00,202304,3430,11,3419
2023-04-11T22:30:00+00:00,202304,3430,13,3417
2023-04-11T23:00:00+00:00,202304,3430,6,3424
2023-04-11T23:30:00+00:00,202304,3430,7,3423
2023-04-12T00:00:00+00:00,202304,3430,2,3428
2023-04-12T00:30:00+00:00,202304,3430,1,3429
2023-04-12T01:00:00+00:00,202304,3430,0,3430
2023-04-12T01:30:00+00:00,202304,3430,0,3430
2023-04-12T02:00:00+00:00,202304,3430,0,3430
2023-04-12T02:30:00+00:00,202304,3430,0,3430
2023-04-12T03:00:00+00:00,202304,3430,0,3430
2023-04-12T03:30:00+00:00,202304,3430,0,3430
2023-04-12T04:00:00+00:00,202304,3430,0,3430
2023-04-12T04:30:00+00:00,202304,3430,0,3430
2023-04-12T05:00:00+00:00,202304,3430,0,3430
2023-04-12T05:30:00+00:00,202304,3430,0,3430
2023-04-12T06:00:00+00:00,202304,3430,7,3423
2023-04-12T06:30:00+00:00,202304,3430,10,3420
2023-04-12T07:00:00+00:00,202304,3430,14,3416
2023-04-12T07:30:00+00:00,202304,3430,16,3414
2023-04-12T08:00:00+00:00,202304,3430,12,3418
2023-04-12T08:30:00+00:00,202304,3430,10,3420
2023-04-12T09:00:00+00:00,202304,3430,10,3420
2023-04-12T09:30:00+00:00,202304,3430,14,3416
2023-04-12T10:00:00+00:00,202304,3430,3,3427
2023-04-12T10:30:00+00:00,202304,3430,6,3424
2023-04-12T11:00:00+00:00,202304,3430,6,3424
2023-04-12T11:30:00+00:00,202304,3430,8,3422
2023-04-12T12:00:00+00:00,202304,3430,2,3428
2023-04-12T12:30:00+00:00,202304,3430,2,3428
2023-04-12T13:00:00+00:00,202304,3430,3,3427
2023-04-12T13:30:00+00:00,202304,3430,3,3427
2023-04-12T14:00:00+00:00,202304,3430,8,3422
2023-04-12T14:30:00+00:00,202304,3430,7,3423
2023-04-12T15:00:00+00:00,202304,3430,5,3425
2023-04-12T15:30:00+00:00,202304,3430,7,3423
2023-04-12T16:00:00+00:00,202304,3430,4,3426
2023-04-12T16:30:00+00:00,202304,3430,7,3423
2023-04-12T17:00:00+00:00,202304,3430,12,3418
2023-04-12T17:30:00+00:00,202304,3430,15,3415
2023-04-12T18:00:00+00:00,202304,3430,26,3404
2023-04-12T18:30:00+00:00,202304,3430,24,3406
2023-04-12T19:00:00+00:00,202304,3430,27,3403
2023-04-12T19:30:00+00:00,202304,3430,20,3410
2023-04-12T20:00:00+00:00,202304,3430,12,3418
2023-04-12T20:30:00+00:00,202304,3430,8,3422
2023-04-12T21:00:00+00:00,202304,3430,2,3428
2023-04-12T21:30:00+00:00,202304,3430,3,3427
2023-04-12T22:00:00+00:00,202304,3430,3,3427
2023-04-12T22:30:00+00:00,202304,3430,2,3428
2023-04-12T23:00:00+00:00,202304,3430,5,3425
2023-04-12T23:30:00+00:00,202304,3430,4,3426
2023-04-13T00:00:00+00:00,202304,3430,4,3426
2023-04-13T00:30:00+00:00,202304,3430,3,3427
2023-04-13T01:00:00+00:00,202304,3430,3,3427
2023-04-13T01:30:00+00:00,202304,3430,3,3427
2023-04-13T02:00:00+00:00,202304,3430,9,3421
2023-04-13T02:30:00+00:00,202304,3430,1,3429
2023-04-13T03:00:00+00:00,202304,3430,0,3430
2023-04-13T03:30:00+00:00,202304,3430,0,3430
2023-04-13T04:00:00+00:00,202304,3430,0,3430
2023-04-13T04:30:00+00:00,202304,3430,0,3430
2023-04-13T05:00:00+00:00,202304,3430,0,3430
2023-04-13T05:30:00+00:00,202304,3430,0,3430
2023-04-13T06:00:00+00:00,202304,3430,0,3430
2023-04-13T06:30:00+00:00,202304,3430,0,3430
2023-04-13T07:00:00+00:00,202304,3430,0,3430
2023-04-13T07:30:00+00:00,202304,3430,2,3428
2023-04-13T08:00:00+00:00,202304,3430,6,3424
2023-04-13T08:30:00+00:00,202304,3430,10,3420
2023-04-13T09:00:00+00:00,202304,3430,11,3419
2023-04-13T09:30:00+00:00,202304,3430,11,3419
2023-04-13T10:00:00+00:00,202304,3430,5,3425
2023-04-13T10:30:00+00:00,202304,3430,7,3423
2023-04-13T11:00:00+00:00,202304,3430,11,3419
2023-04-13T11:30:00+00:00,202304,3430,11,3419
2023-04-13T12:00:00+00:00,202304,3430,6,3424
2023-04-13T12:30:00+00:00,202304,3430,2,3428
2023-04-13T13:00:00+00:00,202304,3430,1,3429
2023-04-13T13:30:00+00:00,202304,3430,1,3429
2023-04-13T14:00:00+00:00,202304,3430,3,3427
2023-04-13T14:30:00+00:00,202304,3430,3,3427
2023-04-13T15:00:00+00:00,202304,3430,4,3426
2023-04-13T15:30:00+00:00,202304,3430,2,3428
2023-04-13T16:00:00+00:00,202304,3430,4,3426
2023-04-13T16:30:00+00:00,202304,3430,13,3417
2023-04-13T17:00:00+00:00,202304,3430,18,3412
2023-04-13T17:30:00+00:00,202304,3430,46,3384
2023-04-13T18:00:00+00:00,202304,3430,49,3381
2023-04-13T18:30:00+00:00,202304,3430,65,3365
2023-04-13T19:00:00+00:00,202304,3430,50,3380
2023-04-13T19:30:00+00:00,202304,3430,34,3396
2023-04-13T20:00:00+00:00,202304,3430,8,3422
2023-04-13T20:30:00+00:00,202304,3430,5,3425
2023-04-13T21:00:00+00:00,202304,3430,4,3426
2023-04-13T21:30:00+00:00,202304,3430,4,3426
2023-04-13T22:00:00+00:00,202304,3430,2,3428
2023-04-13T22:30:00+00:00,202304,3430,1,3429
2023-04-13T23:00:00+00:00,202304,3430,1,3429
2023-04-13T23:30:00+00:00,202304,3430,0,3430
2023-04-14T00:00:00+00:00,202304,3430,0,3430
2023-04-14T00:30:00+00:00,202304,3430,0,3430
2023-04-14T01:00:00+00:00,202304,3430,0,3430
2023-04-14T01:30:00+00:00,202304,3430,0,3430
2023-04-14T02:00:00+00:00,202304,3430,0,3430
2023-04-14T02:30:00+00:00,202304,3430,0,3430
2023-04-14T03:00:00+00:00,202304,3430,0,3430
2023-04-14T03:30:00+00:00,202304,3430,2,3428
2023-04-14T04:00:00+00:00,202304,3430,2,3428
2023-04-14T04:30:00+00:00,202304,3430,13,3417
2023-04-14T05:00:00+00:00,202304,3430,13,3417
2023-04-14T05:30:00+00:00,202304,3430,26,3404
2023-04-14T06:00:00+00:00,202304,3430,16,3414
2023-04-14T06:30:00+00:00,202304,3430,11,3419
2023-04-14T07:00:00+00:00,202304,3430,6,3424
2023-04-14T07:30:00+00:00,202304,3430,16,3414
2023-04-14T08:00:00+00:00,202304,3430,30,3400
2023-04-14T08:30:00+00:00,202304,3430,30,3400
2023-04-14T09:00:00+00:00,202304,3430,36,3394
2023-04-14T09:30:00+00:00,202304,3430,57,3373
2023-04-14T10:00:00+00:00,202304,3430,73,3357
2023-04-14T10:30:00+00:00,202304,3430,81,3349
2023-04-14T11:00:00+00:00,202304,3430,81,3349
2023-04-14T11:30:00+00:00,202304,3430,107,3323
2023-04-14T12:00:00+00:00,202304,3430,128,3302
2023-04-14T12:30:00+00:00,202304,3430,104,3326
2023-04-14T13:00:00+00:00,202304,3430,102,3328
2023-04-14T13:30:00+00:00,202304,3430,86,3344
2023-04-14T14:00:00+00:00,202304,3430,92,3338
2023-04-14T14:30:00+00:00,202304,3430,85,3345
2023-04-14T15:00:00+00:00,202304,3430,126,3304
2023-04-14T15:30:00+00:00,202304,3430,170,3260
2023-04-14T16:00:00+00:00,202304,3430,205,3225
2023-04-14T16:30:00+00:00,202304,3430,210,3220
2023-04-14T17:00:00+00:00,202304,3430,189,3241
2023-04-14T17:30:00+00:00,202304,3430,222,3208
2023-04-14T18:00:00+00:00,202304,3430,314,3116
2023-04-14T18:30:00+00:00,202304,3430,315,3115
2023-04-14T19:00:00+00:00,202304,3430,311,3119
2023-04-14T19:30:00+00:00,202304,3430,306,3124
2023-04-14T20:00:00+00:00,202304,3430,304,3126
2023-04-14T20:30:00+00:00,202304,3430,287,3143
2023-04-14T21:00:00+00:00,202304,3430,281,3149
2023-04-14T21:30:00+00:00,202304,3430,268,3162
2023-04-14T22:00:00+00:00,202304,3430,164,3266
2023-04-14T22:30:00+00:00,202304,3430,165,3265
2023-04-14T23:00:00+00:00,202304,3430,79,3351
2023-04-14T23:30:00+00:00,202304,3430,84,3346
2023-04-15T00:00:00+00:00,202304,3430,67,3363
2023-04-15T00:30:00+00:00,202304,3430,42,3388
2023-04-15T01:00:00+00:00,202304,3430,36,3394
2023-04-15T01:30:00+00:00,202304,3430,42,3388
2023-04-15T02:00:00+00:00,202304,3430,25,3405
2023-04-15T02:30:00+00:00,202304,3430,12,3418
2023-04-15T03:00:00+00:00,202304,3430,0,3430
2023-04-15T03:30:00+00:00,202304,3430,0,3430
2023-04-15T04:00:00+00:00,202304,3430,0,3430
2023-04-15T04:30:00+00:00,202304,3430,0,3430
2023-04-15T05:00:00+00:00,202304,3430,0,3430
2023-04-15T05:30:00+00:00,202304,3430,0,3430
2023-04-15T06:00:00+00:00,202304,3430,6,3424
2023-04-15T06:30:00+00:00,202304,3430,19,3411
2023-04-15T07:00:00+00:00,202304,3430,48,3382
2023-04-15T07:30:00+00:00,202304,3430,66,3364
2023-04-15T08:00:00+00:00,202304,3430,112,3318
2023-04-15T08:30:00+00:00,202304,3430,118,3312
2023-04-15T09:00:00+00:00,202304,3430,125,3305
2023-04-15T09:30:00+00:00,202304,3430,87,3343
2023-04-15T10:00:00+00:00,202304,3430,101,3329
2023-04-15T10:30:00+00:00,202304,3430,83,3347
2023-04-15T11:00:00+00:00,202304,3430,84,3346
2023-04-15T11:30:00+00:00,202304,3430,75,3355
2023-04-15T12:00:00+00:00,202304,3430,63,3367
2023-04-15T12:30:00+00:00,202304,3430,56,3374
2023-04-15T13:00:00+00:00,202304,3430,53,3377
2023-04-15T13:30:00+00:00,202304,3430,27,3403
2023-04-15T14:00:00+00:00,202304,3430,19,3411
2023-04-15T14:30:00+00:00,202304,3430,13,3417
2023-04-15T15:00:00+00:00,202304,3430,14,3416
2023-04-15T15:30:00+00:00,202304,3430,55,3375
2023-04-15T16:00:00+00:00,202304,3430,122,3308
2023-04-15T16:30:00+00:00,202304,3430,59,3371
2023-04-15T17:00:00+00:00,202304,3430,32,3398
2023-04-15T17:30:00+00:00,202304,3430,31,3399
2023-04-15T18:00:00+00:00,202304,3430,6,3424
2023-04-15T18:30:00+00:00,202304,3430,14,3416
2023-04-15T19:00:00+00:00,202304,3430,15,3415
2023-04-15T19:30:00+00:00,202304,3430,20,3410
2023-04-15T20:00:00+00:00,202304,3430,34,3396
2023-04-15T20:30:00+00:00,202304,3430,15,3415
2023-04-15T21:00:00+00:00,202304,3430,8,3422
2023-04-15T21:30:00+00:00,202304,3430,6,3424
2023-04-15T22:00:00+00:00,202304,3430,41,3389
2023-04-15T22:30:00+00:00,202304,3430,5,3425
2023-04-15T23:00:00+00:00,202304,3430,3,3427
2023-04-15T23:30:00+00:00,202304,3430,1,3429
2023-04-16T00:00:00+00:00,202304,3430,3,3427
2023-04-16T00:30:00+00:00,202304,3430,2,3428
2023-04-16T01:00:00+00:00,202304,3430,6,3424
2023-04-16T01:30:00+00:00,202304,3430,2,3428
2023-04-16T02:00:00+00:00,202304,3430,0,3430
2023-04-16T02:30:00+00:00,202304,3430,0,3430
2023-04-16T03:00:00+00:00,202304,3430,0,3430
2023-04-16T03:30:00+00:00,202304,3430,1,3429
2023-04-16T04:00:00+00:00,202304,3430,0,3430
2023-04-16T04:30:00+00:00,202304,3430,13,3417
2023-04-16T05:00:00+00:00,202304,3430,27,3403
2023-04-16T05:30:00+00:00,202304,3430,15,3415
2023-04-16T06:00:00+00:00,202304,3430,12,3418
2023-04-16T06:30:00+00:00,202304,3430,18,3412
2023-04-16T07:00:00+00:00,202304,3430,21,3409
2023-04-16T07:30:00+00:00,202304,3430,33,3397
2023-04-16T08:00:00+00:00,202304,3430,45,3385
2023-04-16T08:30:00+00:00,202304,3430,63,3367
2023-04-16T09:00:00+00:00,202304,3430,80,3350
2023-04-16T09:30:00+00:00,202304,3430,89,3341
2023-04-16T10:00:00+00:00,202304,3430,89,3341
2023-04-16T10:30:00+00:00,202304,3430,89,3341
2023-04-16T11:00:00+00:00,202304,3430,73,3357
2023-04-16T11:30:00+00:00,202304,3430,64,3366
2023-04-16T12:00:00+00:00,202304,3430,86,3344
2023-04-16T12:30:00+00:00,202304,3430,75,3355
2023-04-16T13:00:00+00:00,202304,3430,35,3395
2023-04-16T13:30:00+00:00,202304,3430,36,3394
2023-04-16T14:00:00+00:00,202304,3430,24,3406
2023-04-16T14:30:00+00:00,202304,3430,30,3400
2023-04-16T15:00:00+00:00,202304,3430,34,3396
2023-04-16T15:30:00+00:00,202304,3430,83,3347
2023-04-16T16:00:00+00:00,202304,3430,105,3325
2023-04-16T16:30:00+00:00,202304,3430,70,3360
2023-04-16T17:00:00+00:00,202304,3430,86,3344
2023-04-16T17:30:00+00:00,202304,3430,100,3330
2023-04-16T18:00:00+00:00,202304,3430,83,3347
2023-04-16T18:30:00+00:00,202304,3430,79,3351
2023-04-16T19:00:00+00:00,202304,3430,62,3368
2023-04-16T19:30:00+00:00,202304,3430,56,3374
2023-04-16T20:00:00+00:00,202304,3430,64,3366
2023-04-16T20:30:00+00:00,202304,3430,53,3377
2023-04-16T21:00:00+00:00,202304,3430,42,3388
2023-04-16T21:30:00+00:00,202304,3430,73,3357
2023-04-16T22:00:00+00:00,202304,3430,35,3395
2023-04-16T22:30:00+00:00,202304,3430,22,3408
2023-04-16T23:00:00+00:00,202304,3430,20,3410
2023-04-16T23:30:00+00:00,202304,3430,20,3410
2023-04-17T00:00:00+00:00,202304,3430,21,3409
2023-04-17T00:30:00+00:00,202304,3430,54,3376
2023-04-17T01:00:00+00:00,202304,3430,22,3408
2023-04-17T01:30:00+00:00,202304,3430,12,3418
2023-04-17T02:00:00+00:00,202304,3430,12,3418
2023-04-17T02:30:00+00:00,202304,3430,12,3418
2023-04-17T03:00:00+00:00,202304,3430,8,3422
2023-04-17T03:30:00+00:00,202304,3430,5,3425
2023-04-17T04:00:00+00:00,202304,3430,6,3424
2023-04-17T04:30:00+00:00,202304,3430,7,3423
2023-04-17T05:00:00+00:00,202304,3430,5,3425
2023-04-17T05:30:00+00:00,202304,3430,8,3422
2023-04-17T06:00:00+00:00,202304,3430,11,3419
2023-04-17T06:30:00+00:00,202304,3430,14,3416
2023-04-17T07:00:00+00:00,202304,3430,22,3408
2023-04-17T07:30:00+00:00,202304,3430,9,3421
2023-04-17T08:00:00+00:00,202304,3430,10,3420
2023-04-17T08:30:00+00:00,202304,3430,13,3417
2023-04-17T09:00:00+00:00,202304,3430,22,3408
2023-04-17T09:30:00+00:00,202304,3430,19,3411
2023-04-17T10:00:00+00:00,202304,3430,49,3381
2023-04-17T10:30:00+00:00,202304,3430,63,3367
2023-04-17T11:00:00+00:00,202304,3430,64,3366
2023-04-17T11:30:00+00:00,202304,3430,64,3366
2023-04-17T12:00:00+00:00,202304,3430,67,3363
2023-04-17T12:30:00+00:00,202304,3430,70,3360
2023-04-17T13:00:00+00:00,202304,3430,44,3386
2023-04-17T13:30:00+00:00,202304,3430,38,3392
2023-04-17T14:00:00+00:00,202304,3430,39,3391
2023-04-17T14:30:00+00:00,202304,3430,29,3401
2023-04-17T15:00:00+00:00,202304,3430,21,3409
2023-04-17T15:30:00+00:00,202304,3430,21,3409
2023-04-17T16:00:00+00:00,202304,3430,24,3406
2023-04-17T16:30:00+00:00,202304,3430,14,3416
2023-04-17T17:00:00+00:00,202304,3430,5,3425
2023-04-17T17:30:00+00:00,202304,3430,5,3425
2023-04-17T18:00:00+00:00,202304,3430,10,3420
2023-04-17T18:30:00+00:00,202304,3430,43,3387
2023-04-17T19:00:00+00:00,202304,3430,49,3381
2023-04-17T19:30:00+00:00,202304,3430,47,3383
2023-04-17T20:00:00+00:00,202304,3430,13,3417
2023-04-17T20:30:00+00:00,202304,3430,17,3413
2023-04-17T21:00:00+00:00,202304,3430,8,3422
2023-04-17T21:30:00+00:00,202304,3430,10,3420
2023-04-17T22:00:00+00:00,202304,3430,15,3415
2023-04-17T22:30:00+00:00,202304,3430,15,3415
2023-04-17T23:00:00+00:00,202304,3430,20,3410
2023-04-17T23:30:00+00:00,202304,3430,12,3418
2023-04-18T00:00:00+00:00,202304,3430,10,3420
2023-04-18T00:30:00+00:00,202304,3430,29,3401
2023-04-18T01:00:00+00:00,202304,3430,18,3412
2023-04-18T01:30:00+00:00,202304,3430,0,3430
2023-04-18T02:00:00+00:00,202304,3430,2,3428
2023-04-18T02:30:00+00:00,202304,3430,5,3425
2023-04-18T03:00:00+00:00,202304,3430,5,3425
2023-04-18T03:30:00+00:00,202304,3430,5,3425
2023-04-18T04:00:00+00:00,202304,3430,6,3424
2023-04-18T04:30:00+00:00,202304,3430,8,3422
2023-04-18T05:00:00+00:00,202304,3430,5,3425
2023-04-18T05:30:00+00:00,202304,3430,3,3427
2023-04-18T06:00:00+00:00,202304,3430,3,3427
2023-04-18T06:30:00+00:00,202304,3430,0,3430
2023-04-18T07:00:00+00:00,202304,3430,3,3427
2023-04-18T07:30:00+00:00,202304,3430,5,3425
2023-04-18T08:00:00+00:00,202304,3430,32,3398
2023-04-18T08:30:00+00:00,202304,3430,33,3397
2023-04-18T09:00:00+00:00,202304,3430,36,3394
2023-04-18T09:30:00+00:00,202304,3430,47,3383
2023-04-18T10:00:00+00:00,202304,3430,54,3376
2023-04-18T10:30:00+00:00,202304,3430,50,3380
2023-04-18T11:00:00+00:00,202304,3430,52,3378
2023-04-18T11:30:00+00:00,202304,3430,49,3381
2023-04-18T12:00:00+00:00,202304,3430,44,3386
2023-04-18T12:30:00+00:00,202304,3430,48,3382
2023-04-18T13:00:00+00:00,202304,3430,56,3374
2023-04-18T13:30:00+00:00,202304,3430,57,3373
2023-04-18T14:00:00+00:00,202304,3430,59,3371
2023-04-18T14:30:00+00:00,202304,3430,60,3370
2023-04-18T15:00:00+00:00,202304,3430,45,3385
2023-04-18T15:30:00+00:00,202304,3430,84,3346
2023-04-18T16:00:00+00:00,202304,3430,75,3355
2023-04-18T16:30:00+00:00,202304,3430,66,3364
2023-04-18T17:00:00+00:00,202304,3430,52,3378
2023-04-18T17:30:00+00:00,202304,3430,39,3391
2023-04-18T18:00:00+00:00,202304,3430,42,3388
2023-04-18T18:30:00+00:00,202304,3430,49,3381
2023-04-18T19:00:00+00:00,202304,3430,60,3370
2023-04-18T19:30:00+00:00,202304,3430,46,3384
2023-04-18T20:00:00+00:00,202304,3430,49,3381
2023-04-18T20:30:00+00:00,202304,3430,27,3403
2023-04-18T21:00:00+00:00,202304,3430,26,3404
2023-04-18T21:30:00+00:00,202304,3430,36,3394
2023-04-18T22:00:00+00:00,202304,3430,26,3404
2023-04-18T22:30:00+00:00,202304,3430,22,3408
2023-04-18T23:00:00+00:00,202304,3430,10,3420
2023-04-18T23:30:00+00:00,202304,3430,8,3422
2023-04-19T00:00:00+00:00,202304,3430,3,3427
2023-04-19T00:30:00+00:00,202304,3430,2,3428
2023-04-19T01:00:00+00:00,202304,3430,1,3429
2023-04-19T01:30:00+00:00,202304,3430,0,3430
2023-04-19T02:00:00+00:00,202304,3430,0,3430
2023-04-19T02:30:00+00:00,202304,3430,0,3430
2023-04-19T03:00:00+00:00,202304,3430,0,3430
2023-04-19T03:30:00+00:00,202304,3430,5,3425
2023-04-19T04:00:00+00:00,202304,3430,15,3415
2023-04-19T04:30:00+00:00,202304,3430,42,3388
2023-04-19T05:00:00+00:00,202304,3430,58,3372
2023-04-19T05:30:00+00:00,202304,3430,72,3358
2023-04-19T06:00:00+00:00,202304,3430,102,3328
2023-04-19T06:30:00+00:00,202304,3430,103,3327
2023-04-19T07:00:00+00:00,202304,3430,100,3330
2023-04-19T07:30:00+00:00,202304,3430,79,3351
2023-04-19T08:00:00+00:00,202304,3430,96,3334
2023-04-19T08:30:00+00:00,202304,3430,132,3298
2023-04-19T09:00:00+00:00,202304,3430,134,3296
2023-04-19T09:30:00+00:00,202304,3430,146,3284
2023-04-19T10:00:00+00:00,202304,3430,164,3266
2023-04-19T10:30:00+00:00,202304,3430,157,3273
2023-04-19T11:00:00+00:00,202304,3430,105,3325
2023-04-19T11:30:00+00:00,202304,3430,99,3331
2023-04-19T12:00:00+00:00,202304,3430,62,3368
2023-04-19T12:30:00+00:00,202304,3430,44,3386
2023-04-19T13:00:00+00:00,202304,3430,28,3402
2023-04-19T13:30:00+00:00,202304,3430,21,3409
2023-04-19T14:00:00+00:00,202304,3430,34,3396
2023-04-19T14:30:00+00:00,202304,3430,47,3383
2023-04-19T15:00:00+00:00,202304,3430,85,3345
2023-04-19T15:30:00+00:00,202304,3430,98,3332
2023-04-19T16:00:00+00:00,202304,3430,71,3359
2023-04-19T16:30:00+00:00,202304,3430,59,3371
2023-04-19T17:00:00+00:00,202304,3430,87,3343
2023-04-19T17:30:00+00:00,202304,3430,73,3357
2023-04-19T18:00:00+00:00,202304,3430,93,3337
2023-04-19T18:30:00+00:00,202304,3430,73,3357
2023-04-19T19:00:00+00:00,202304,3430,51,3379
2023-04-19T20:00:00+00:00,202304,3430,25,3405
2023-04-19T20:30:00+00:00,202304,3430,16,3414
2023-04-19T21:00:00+00:00,202304,3430,20,3410
2023-04-19T21:30:00+00:00,202304,3430,21,3409
2023-04-19T22:00:00+00:00,202304,3430,29,3401
2023-04-19T22:30:00+00:00,202304,3430,5,3425
2023-04-19T23:00:00+00:00,202304,3430,8,3422
2023-04-19T23:30:00+00:00,202304,3430,1,3429
2023-04-20T00:00:00+00:00,202304,3430,3,3427
2023-04-20T00:30:00+00:00,202304,3430,0,3430
2023-04-20T01:00:00+00:00,202304,3430,0,3430
2023-04-20T01:30:00+00:00,202304,3430,0,3430
2023-04-20T02:00:00+00:00,202304,3430,0,3430
2023-04-20T02:30:00+00:00,202304,3430,0,3430
2023-04-20T03:00:00+00:00,202304,3430,5,3425
2023-04-20T03:30:00+00:00,202304,3430,7,3423
2023-04-20T04:00:00+00:00,202304,3430,19,3411
2023-04-20T04:30:00+00:00,202304,3430,31,3399
2023-04-20T05:00:00+00:00,202304,3430,41,3389
2023-04-20T05:30:00+00:00,202304,3430,60,3370
2023-04-20T06:00:00+00:00,202304,3430,36,3394
2023-04-20T06:30:00+00:00,202304,3430,35,3395
2023-04-20T07:00:00+00:00,202304,3430,43,3387
2023-04-20T07:30:00+00:00,202304,3430,62,3368
2023-04-20T08:00:00+00:00,202304,3430,96,3334
2023-04-20T08:30:00+00:00,202304,3430,170,3260
2023-04-20T09:00:00+00:00,202304,3430,160,3270
2023-04-20T09:30:00+00:00,202304,3430,166,3264
2023-04-20T10:00:00+00:00,202304,3430,83,3347
2023-04-20T10:30:00+00:00,202304,3430,88,3342
2023-04-20T11:00:00+00:00,202304,3430,29,3401
2023-04-20T11:30:00+00:00,202304,3430,42,3388
2023-04-20T12:00:00+00:00,202304,3430,33,3397
2023-04-20T12:30:00+00:00,202304,3430,18,3412
2023-04-20T13:00:00+00:00,202304,3430,8,3422
2023-04-20T13:30:00+00:00,202304,3430,14,3416
2023-04-20T14:00:00+00:00,202304,3430,5,3425
2023-04-20T14:30:00+00:00,202304,3430,5,3425
2023-04-20T15:00:00+00:00,202304,3430,0,3430
2023-04-20T15:30:00+00:00,202304,3430,0,3430
2023-04-20T16:00:00+00:00,202304,3430,0,3430
2023-04-20T16:30:00+00:00,202304,3430,7,3423
2023-04-20T17:00:00+00:00,202304,3430,9,3421
2023-04-20T17:30:00+00:00,202304,3430,17,3413
2023-04-20T18:00:00+00:00,202304,3430,19,3411
2023-04-20T18:30:00+00:00,202304,3430,26,3404
2023-04-20T19:00:00+00:00,202304,3430,31,3399
2023-04-20T19:30:00+00:00,202304,3430,47,3383
2023-04-20T20:00:00+00:00,202304,3430,62,3368
2023-04-20T20:30:00+00:00,202304,3430,97,3333
2023-04-20T21:00:00+00:00,202304,3430,101,3329
2023-04-20T21:30:00+00:00,202304,3430,140,3290
2023-04-20T22:00:00+00:00,202304,3430,174,3256
2023-04-20T22:30:00+00:00,202304,3430,166,3264
2023-04-20T23:00:00+00:00,202304,3430,134,3296
2023-04-20T23:30:00+00:00,202304,3430,120,3310
2023-04-21T00:00:00+00:00,202304,3430,142,3288
2023-04-21T00:30:00+00:00,202304,3430,124,3306
2023-04-21T01:00:00+00:00,202304,3430,65,3365
2023-04-21T01:30:00+00:00,202304,3430,59,3371
2023-04-21T02:00:00+00:00,202304,3430,39,3391
2023-04-21T02:30:00+00:00,202304,3430,3,3427
2023-04-21T03:00:00+00:00,202304,3430,3,3427
2023-04-21T03:30:00+00:00,202304,3430,7,3423
2023-04-21T04:00:00+00:00,202304,3430,19,3411
2023-04-21T04:30:00+00:00,202304,3430,49,3381
2023-04-21T05:00:00+00:00,202304,3430,42,3388
2023-04-21T05:30:00+00:00,202304,3430,73,3357
2023-04-21T06:00:00+00:00,202304,3430,73,3357
2023-04-21T06:30:00+00:00,202304,3430,100,3330
2023-04-21T07:00:00+00:00,202304,3430,81,3349
2023-04-21T07:30:00+00:00,202304,3430,100,3330
2023-04-21T08:00:00+00:00,202304,3430,174,3256
2023-04-21T08:30:00+00:00,202304,3430,267,3163
2023-04-21T09:00:00+00:00,202304,3430,263,3167
2023-04-21T09:30:00+00:00,202304,3430,262,3168
2023-04-21T10:00:00+00:00,202304,3430,123,3307
2023-04-21T10:30:00+00:00,202304,3430,116,3314
2023-04-21T11:00:00+00:00,202304,3430,53,3377
2023-04-21T11:30:00+00:00,202304,3430,31,3399
2023-04-21T12:00:00+00:00,202304,3430,15,3415
2023-04-21T12:30:00+00:00,202304,3430,5,3425
2023-04-21T13:00:00+00:00,202304,3430,6,3424
2023-04-21T13:30:00+00:00,202304,3430,5,3425
2023-04-21T14:00:00+00:00,202304,3430,6,3424
2023-04-21T14:30:00+00:00,202304,3430,1,3429
2023-04-21T15:00:00+00:00,202304,3430,1,3429
2023-04-21T15:30:00+00:00,202304,3430,4,3426
2023-04-21T16:00:00+00:00,202304,3430,13,3417
2023-04-21T16:30:00+00:00,202304,3430,4,3426
2023-04-21T17:00:00+00:00,202304,3430,4,3426
2023-04-21T17:30:00+00:00,202304,3430,3,3427
2023-04-21T18:00:00+00:00,202304,3430,6,3424
2023-04-21T18:30:00+00:00,202304,3430,12,3418
2023-04-21T19:00:00+00:00,202304,3430,19,3411
2023-04-21T19:30:00+00:00,202304,3430,26,3404
2023-04-21T20:00:00+00:00,202304,3430,44,3386
2023-04-21T20:30:00+00:00,202304,3430,71,3359
2023-04-21T21:00:00+00:00,202304,3430,73,3357
2023-04-21T21:30:00+00:00,202304,3430,85,3345
2023-04-21T22:00:00+00:00,202304,3430,89,3341
2023-04-21T22:30:00+00:00,202304,3430,75,3355
2023-04-21T23:00:00+00:00,202304,3430,64,3366
2023-04-21T23:30:00+00:00,202304,3430,46,3384
2023-04-22T00:00:00+00:00,202304,3430,25,3405
2023-04-22T00:30:00+00:00,202304,3430,13,3417
2023-04-22T01:00:00+00:00,202304,3430,25,3405
2023-04-22T01:30:00+00:00,202304,3430,18,3412
2023-04-22T02:00:00+00:00,202304,3430,11,3419
2023-04-22T02:30:00+00:00,202304,3430,14,3416
2023-04-22T03:00:00+00:00,202304,3430,16,3414
2023-04-22T03:30:00+00:00,202304,3430,67,3363
2023-04-22T04:00:00+00:00,202304,3430,98,3332
2023-04-22T04:30:00+00:00,202304,3430,86,3344
2023-04-22T05:00:00+00:00,202304,3430,84,3346
2023-04-22T05:30:00+00:00,202304,3430,84,3346
2023-04-22T06:00:00+00:00,202304,3430,81,3349
2023-04-22T06:30:00+00:00,202304,3430,136,3294
2023-04-22T07:00:00+00:00,202304,3430,315,3115
2023-04-22T07:30:00+00:00,202304,3430,428,3002
2023-04-22T08:00:00+00:00,202304,3430,377,3053
2023-04-22T08:30:00+00:00,202304,3430,422,3008
2023-04-22T09:00:00+00:00,202304,3430,446,2984
2023-04-22T09:30:00+00:00,202304,3430,504,2926
2023-04-22T10:00:00+00:00,202304,3430,488,2942
2023-04-22T10:30:00+00:00,202304,3430,443,2987
2023-04-22T11:00:00+00:00,202304,3430,438,2992
2023-04-22T11:30:00+00:00,202304,3430,377,3053
2023-04-22T12:00:00+00:00,202304,3430,285,3145
2023-04-22T12:30:00+00:00,202304,3430,162,3268
2023-04-22T13:00:00+00:00,202304,3430,163,3267
2023-04-22T13:30:00+00:00,202304,3430,88,3342
2023-04-22T14:00:00+00:00,202304,3430,49,3381
2023-04-22T14:30:00+00:00,202304,3430,20,3410
2023-04-22T15:00:00+00:00,202304,3430,23,3407
2023-04-22T15:30:00+00:00,202304,3430,15,3415
2023-04-22T16:00:00+00:00,202304,3430,26,3404
2023-04-22T16:30:00+00:00,202304,3430,12,3418
2023-04-22T17:00:00+00:00,202304,3430,16,3414
2023-04-22T17:30:00+00:00,202304,3430,26,3404
2023-04-22T18:00:00+00:00,202304,3430,46,3384
2023-04-22T18:30:00+00:00,202304,3430,53,3377
2023-04-22T19:30:00+00:00,202304,3430,72,3358
2023-04-22T20:00:00+00:00,202304,3430,58,3372
2023-04-22T20:30:00+00:00,202304,3430,60,3370
2023-04-22T21:00:00+00:00,202304,3430,52,3378
2023-04-22T21:30:00+00:00,202304,3430,60,3370
2023-04-22T22:00:00+00:00,202304,3430,94,3336
2023-04-22T22:30:00+00:00,202304,3430,88,3342
2023-04-22T23:00:00+00:00,202304,3430,112,3318
2023-04-22T23:30:00+00:00,202304,3430,116,3314
2023-04-23T00:00:00+00:00,202304,3430,97,3333
2023-04-23T00:30:00+00:00,202304,3430,72,3358
2023-04-23T01:00:00+00:00,202304,3430,47,3383
2023-04-23T01:30:00+00:00,202304,3430,46,3384
2023-04-23T02:00:00+00:00,202304,3430,23,3407
2023-04-23T02:30:00+00:00,202304,3430,14,3416
2023-04-23T03:00:00+00:00,202304,3430,17,3413
2023-04-23T03:30:00+00:00,202304,3430,26,3404
2023-04-23T04:00:00+00:00,202304,3430,44,3386
2023-04-23T04:30:00+00:00,202304,3430,90,3340
2023-04-23T05:00:00+00:00,202304,3430,110,3320
2023-04-23T05:30:00+00:00,202304,3430,121,3309
2023-04-23T06:00:00+00:00,202304,3430,111,3319
2023-04-23T06:30:00+00:00,202304,3430,102,3328
2023-04-23T07:00:00+00:00,202304,3430,91,3339
2023-04-23T07:30:00+00:00,202304,3430,113,3317
2023-04-23T08:00:00+00:00,202304,3430,191,3239
2023-04-23T08:30:00+00:00,202304,3430,201,3229
2023-04-23T09:00:00+00:00,202304,3430,177,3253
2023-04-23T09:30:00+00:00,202304,3430,86,3344
2023-04-23T10:00:00+00:00,202304,3430,121,3309
2023-04-23T10:30:00+00:00,202304,3430,56,3374
2023-04-23T11:00:00+00:00,202304,3430,45,3385
2023-04-23T11:30:00+00:00,202304,3430,52,3378
2023-04-23T12:00:00+00:00,202304,3430,74,3356
2023-04-23T12:30:00+00:00,202304,3430,83,3347
2023-04-23T13:00:00+00:00,202304,3430,98,3332
2023-04-23T13:30:00+00:00,202304,3430,147,3283
2023-04-23T14:00:00+00:00,202304,3430,157,3273
2023-04-23T14:30:00+00:00,202304,3430,159,3271
2023-04-23T15:00:00+00:00,202304,3430,177,3253
2023-04-23T15:30:00+00:00,202304,3430,216,3214
2023-04-23T16:00:00+00:00,202304,3430,206,3224
2023-04-23T16:30:00+00:00,202304,3430,164,3266
2023-04-23T17:00:00+00:00,202304,3430,137,3293
2023-04-23T17:30:00+00:00,202304,3430,142,3288
2023-04-23T18:00:00+00:00,202304,3430,165,3265
2023-04-23T18:30:00+00:00,202304,3430,101,3329
2023-04-23T19:00:00+00:00,202304,3430,121,3309
2023-04-23T19:30:00+00:00,202304,3430,161,3269
2023-04-23T20:00:00+00:00,202304,3430,229,3201
2023-04-23T20:30:00+00:00,202304,3430,215,3215
2023-04-23T21:00:00+00:00,202304,3430,223,3207
2023-04-23T21:30:00+00:00,202304,3430,242,3188
2023-04-23T22:00:00+00:00,202304,3430,180,3250
2023-04-23T22:30:00+00:00,202304,3430,196,3234
2023-04-23T23:00:00+00:00,202304,3430,125,3305
2023-04-23T23:30:00+00:00,202304,3430,102,3328
2023-04-24T00:00:00+00:00,202304,3430,83,3347
2023-04-24T00:30:00+00:00,202304,3430,63,3367
2023-04-24T01:00:00+00:00,202304,3430,63,3367
2023-04-24T01:30:00+00:00,202304,3430,53,3377
2023-04-24T02:00:00+00:00,202304,3430,34,3396
2023-04-24T02:30:00+00:00,202304,3430,26,3404
2023-04-24T03:00:00+00:00,202304,3430,18,3412
2023-04-24T03:30:00+00:00,202304,3430,24,3406
2023-04-24T04:00:00+00:00,202304,3430,40,3390
2023-04-24T04:30:00+00:00,202304,3430,57,3373
2023-04-24T05:00:00+00:00,202304,3430,87,3343
2023-04-24T05:30:00+00:00,202304,3430,85,3345
2023-04-24T06:00:00+00:00,202304,3430,142,3288
2023-04-24T06:30:00+00:00,202304,3430,194,3236
2023-04-24T07:00:00+00:00,202304,3430,219,3211
2023-04-24T07:30:00+00:00,202304,3430,228,3202
2023-04-24T08:00:00+00:00,202304,3430,165,3265
2023-04-24T08:30:00+00:00,202304,3430,153,3277
2023-04-24T09:00:00+00:00,202304,3430,126,3304
2023-04-24T09:30:00+00:00,202304,3430,156,3274
2023-04-24T10:00:00+00:00,202304,3430,142,3288
2023-04-24T10:30:00+00:00,202304,3430,132,3298
2023-04-24T11:00:00+00:00,202304,3430,87,3343
2023-04-24T11:30:00+00:00,202304,3430,55,3375
2023-04-24T12:00:00+00:00,202304,3430,22,3408
2023-04-24T12:30:00+00:00,202304,3430,25,3405
2023-04-24T13:00:00+00:00,202304,3430,10,3420
2023-04-24T13:30:00+00:00,202304,3430,5,3425
2023-04-24T14:00:00+00:00,202304,3430,0,3430
2023-04-24T14:30:00+00:00,202304,3430,0,3430
2023-04-24T15:00:00+00:00,202304,3430,0,3430
2023-04-24T15:30:00+00:00,202304,3430,1,3429
2023-04-24T16:00:00+00:00,202304,3430,0,3430
2023-04-24T16:30:00+00:00,202304,3430,5,3425
2023-04-24T17:00:00+00:00,202304,3430,5,3425
2023-04-24T17:30:00+00:00,202304,3430,11,3419
2023-04-24T18:00:00+00:00,202304,3430,13,3417
2023-04-24T18:30:00+00:00,202304,3430,18,3412
2023-04-24T19:00:00+00:00,202304,3430,32,3398
2023-04-24T19:30:00+00:00,202304,3430,34,3396
2023-04-24T20:00:00+00:00,202304,3430,19,3411
2023-04-24T20:30:00+00:00,202304,3430,21,3409
2023-04-24T21:00:00+00:00,202304,3430,13,3417
2023-04-24T21:30:00+00:00,202304,3430,12,3418
2023-04-24T22:00:00+00:00,202304,3430,9,3421
2023-04-24T22:30:00+00:00,202304,3430,4,3426
2023-04-24T23:00:00+00:00,202304,3430,4,3426
2023-04-24T23:30:00+00:00,202304,3430,4,3426
2023-04-25T00:00:00+00:00,202304,3430,1,3429
2023-04-25T00:30:00+00:00,202304,3430,0,3430
2023-04-25T01:00:00+00:00,202304,3430,0,3430
2023-04-25T01:30:00+00:00,202304,3430,0,3430
2023-04-25T02:00:00+00:00,202304,3430,0,3430
2023-04-25T02:30:00+00:00,202304,3430,0,3430
2023-04-25T03:00:00+00:00,202304,3430,0,3430
2023-04-25T03:30:00+00:00,202304,3430,2,3428
2023-04-25T04:00:00+00:00,202304,3430,8,3422
2023-04-25T04:30:00+00:00,202304,3430,24,3406
2023-04-25T05:00:00+00:00,202304,3430,21,3409
2023-04-25T05:30:00+00:00,202304,3430,39,3391
2023-04-25T06:00:00+00:00,202304,3430,32,3398
2023-04-25T06:30:00+00:00,202304,3430,25,3405
2023-04-25T07:00:00+00:00,202304,3430,3,3427
2023-04-25T07:30:00+00:00,202304,3430,14,3416
2023-04-25T08:00:00+00:00,202304,3430,19,3411
2023-04-25T08:30:00+00:00,202304,3430,44,3386
2023-04-25T09:00:00+00:00,202304,3430,60,3370
2023-04-25T09:30:00+00:00,202304,3430,100,3330
2023-04-25T10:00:00+00:00,202304,3430,98,3332
2023-04-25T10:30:00+00:00,202304,3430,92,3338
2023-04-25T11:00:00+00:00,202304,3430,72,3358
2023-04-25T11:30:00+00:00,202304,3430,46,3384
2023-04-25T12:00:00+00:00,202304,3430,22,3408
2023-04-25T12:30:00+00:00,202304,3430,19,3411
2023-04-25T13:00:00+00:00,202304,3430,20,3410
2023-04-25T13:30:00+00:00,202304,3430,13,3417
2023-04-25T14:00:00+00:00,202304,3430,7,3423
2023-04-25T14:30:00+00:00,202304,3430,7,3423
2023-04-25T15:00:00+00:00,202304,3430,4,3426
2023-04-25T15:30:00+00:00,202304,3430,0,3430
2023-04-25T16:00:00+00:00,202304,3430,6,3424
2023-04-25T16:30:00+00:00,202304,3430,37,3393
2023-04-25T17:00:00+00:00,202304,3430,17,3413
2023-04-25T17:30:00+00:00,202304,3430,33,3397
2023-04-25T18:00:00+00:00,202304,3430,12,3418
2023-04-25T18:30:00+00:00,202304,3430,10,3420
2023-04-25T19:00:00+00:00,202304,3430,19,3411
2023-04-25T19:30:00+00:00,202304,3430,17,3413
2023-04-25T20:00:00+00:00,202304,3430,37,3393
2023-04-25T20:30:00+00:00,202304,3430,48,3382
2023-04-25T21:00:00+00:00,202304,3430,63,3367
2023-04-25T21:30:00+00:00,202304,3430,73,3357
2023-04-25T22:00:00+00:00,202304,3430,102,3328
2023-04-25T22:30:00+00:00,202304,3430,101,3329
2023-04-25T23:00:00+00:00,202304,3430,97,3333
2023-04-25T23:30:00+00:00,202304,3430,78,3352
2023-04-26T00:00:00+00:00,202304,3430,83,3347
2023-04-26T00:30:00+00:00,202304,3430,63,3367
2023-04-26T01:00:00+00:00,202304,3430,46,3384
2023-04-26T01:30:00+00:00,202304,3430,28,3402
2023-04-26T02:00:00+00:00,202304,3430,13,3417
2023-04-26T02:30:00+00:00,202304,3430,3,3427
2023-04-26T03:00:00+00:00,202304,3430,10,3420
2023-04-26T03:30:00+00:00,202304,3430,15,3415
2023-04-26T04:00:00+00:00,202304,3430,29,3401
2023-04-26T04:30:00+00:00,202304,3430,51,3379
2023-04-26T05:00:00+00:00,202304,3430,59,3371
2023-04-26T05:30:00+00:00,202304,3430,81,3349
2023-04-26T06:00:00+00:00,202304,3430,241,3189
2023-04-26T06:30:00+00:00,202304,3430,316,3114
2023-04-26T07:00:00+00:00,202304,3430,442,2988
2023-04-26T07:30:00+00:00,202304,3430,308,3122
2023-04-26T08:00:00+00:00,202304,3430,361,3069
2023-04-26T08:30:00+00:00,202304,3430,353,3077
2023-04-26T09:00:00+00:00,202304,3430,492,2938
2023-04-26T09:30:00+00:00,202304,3430,471,2959
2023-04-26T10:00:00+00:00,202304,3430,469,2961
2023-04-26T10:30:00+00:00,202304,3430,352,3078
2023-04-26T11:00:00+00:00,202304,3430,282,3148
2023-04-26T11:30:00+00:00,202304,3430,232,3198
2023-04-26T12:00:00+00:00,202304,3430,192,3238
2023-04-26T12:30:00+00:00,202304,3430,155,3275
2023-04-26T13:00:00+00:00,202304,3430,96,3334
2023-04-26T13:30:00+00:00,202304,3430,77,3353
2023-04-26T14:00:00+00:00,202304,3430,70,3360
2023-04-26T14:30:00+00:00,202304,3430,71,3359
2023-04-26T15:00:00+00:00,202304,3430,85,3345
2023-04-26T15:30:00+00:00,202304,3430,70,3360
2023-04-26T16:00:00+00:00,202304,3430,57,3373
2023-04-26T16:30:00+00:00,202304,3430,54,3376
2023-04-26T17:00:00+00:00,202304,3430,71,3359
2023-04-26T17:30:00+00:00,202304,3430,80,3350
2023-04-26T18:00:00+00:00,202304,3430,62,3368
2023-04-26T18:30:00+00:00,202304,3430,46,3384
2023-04-26T19:00:00+00:00,202304,3430,45,3385
2023-04-26T19:30:00+00:00,202304,3430,34,3396
2023-04-26T20:00:00+00:00,202304,3430,68,3362
2023-04-26T20:30:00+00:00,202304,3430,46,3384
2023-04-26T21:00:00+00:00,202304,3430,51,3379
2023-04-26T21:30:00+00:00,202304,3430,34,3396
2023-04-26T22:00:00+00:00,202304,3430,47,3383
2023-04-26T22:30:00+00:00,202304,3430,69,3361
2023-04-26T23:00:00+00:00,202304,3430,39,3391
2023-04-26T23:30:00+00:00,202304,3430,41,3389
2023-04-27T00:00:00+00:00,202304,3430,18,3412
2023-04-27T00:30:00+00:00,202304,3430,20,3410
2023-04-27T01:00:00+00:00,202304,3430,17,3413
2023-04-27T01:30:00+00:00,202304,3430,7,3423
2023-04-27T02:00:00+00:00,202304,3430,3,3427
2023-04-27T02:30:00+00:00,202304,3430,33,3397
2023-04-27T03:00:00+00:00,202304,3430,74,3356
2023-04-27T03:30:00+00:00,202304,3430,94,3336
2023-04-27T04:00:00+00:00,202304,3430,102,3328
2023-04-27T04:30:00+00:00,202304,3430,47,3383
2023-04-27T05:00:00+00:00,202304,3430,53,3377
2023-04-27T05:30:00+00:00,202304,3430,36,3394
2023-04-27T06:00:00+00:00,202304,3430,17,3413
2023-04-27T06:30:00+00:00,202304,3430,24,3406
2023-04-27T07:00:00+00:00,202304,3430,36,3394
2023-04-27T07:30:00+00:00,202304,3430,92,3338
2023-04-27T08:00:00+00:00,202304,3430,145,3285
2023-04-27T08:30:00+00:00,202304,3430,223,3207
2023-04-27T09:00:00+00:00,202304,3430,213,3217
2023-04-27T09:30:00+00:00,202304,3430,212,3218
2023-04-27T10:00:00+00:00,202304,3430,138,3292
2023-04-27T10:30:00+00:00,202304,3430,120,3310
2023-04-27T11:00:00+00:00,202304,3430,60,3370
2023-04-27T11:30:00+00:00,202304,3430,45,3385
2023-04-27T12:00:00+00:00,202304,3430,23,3407
2023-04-27T12:30:00+00:00,202304,3430,14,3416
2023-04-27T13:00:00+00:00,202304,3430,4,3426
2023-04-27T13:30:00+00:00,202304,3430,1,3429
2023-04-27T14:00:00+00:00,202304,3430,0,3430
2023-04-27T14:30:00+00:00,202304,3430,1,3429
2023-04-27T15:00:00+00:00,202304,3430,9,3421
2023-04-27T15:30:00+00:00,202304,3430,9,3421
2023-04-27T16:00:00+00:00,202304,3430,14,3416
2023-04-27T16:30:00+00:00,202304,3430,31,3399
2023-04-27T17:00:00+00:00,202304,3430,43,3387
2023-04-27T17:30:00+00:00,202304,3430,45,3385
2023-04-27T18:00:00+00:00,202304,3430,42,3388
2023-04-27T18:30:00+00:00,202304,3430,44,3386
2023-04-27T19:00:00+00:00,202304,3430,58,3372
2023-04-27T19:30:00+00:00,202304,3430,50,3380
2023-04-27T20:00:00+00:00,202304,3430,41,3389
2023-04-27T20:30:00+00:00,202304,3430,24,3406
2023-04-27T21:00:00+00:00,202304,3430,44,3386
2023-04-27T21:30:00+00:00,202304,3430,53,3377
2023-04-27T22:00:00+00:00,202304,3430,71,3359
2023-04-27T22:30:00+00:00,202304,3430,70,3360
2023-04-27T23:00:00+00:00,202304,3430,68,3362
2023-04-27T23:30:00+00:00,202304,3430,58,3372
2023-04-28T00:00:00+00:00,202304,3430,54,3376
2023-04-28T00:30:00+00:00,202304,3430,68,3362
2023-04-28T01:00:00+00:00,202304,3430,68,3362
2023-04-28T01:30:00+00:00,202304,3430,36,3394
2023-04-28T02:00:00+00:00,202304,3430,35,3395
2023-04-28T02:30:00+00:00,202304,3430,56,3374
2023-04-28T03:00:00+00:00,202304,3430,85,3345
2023-04-28T03:30:00+00:00,202304,3430,80,3350
2023-04-28T04:00:00+00:00,202304,3430,160,3270
2023-04-28T04:30:00+00:00,202304,3430,140,3290
2023-04-28T05:00:00+00:00,202304,3430,125,3305
2023-04-28T05:30:00+00:00,202304,3430,82,3348
2023-04-28T06:00:00+00:00,202304,3430,342,3088
2023-04-28T06:30:00+00:00,202304,3430,504,2926
2023-04-28T07:00:00+00:00,202304,3430,731,2699
2023-04-28T07:30:00+00:00,202304,3430,545,2885
2023-04-28T08:00:00+00:00,202304,3430,612,2818
2023-04-28T08:30:00+00:00,202304,3430,719,2711
2023-04-28T09:00:00+00:00,202304,3430,716,2714
2023-04-28T09:30:00+00:00,202304,3430,708,2722
2023-04-28T10:00:00+00:00,202304,3430,497,2933
2023-04-28T10:30:00+00:00,202304,3430,462,2968
2023-04-28T11:00:00+00:00,202304,3430,248,3182
2023-04-28T11:30:00+00:00,202304,3430,229,3201
2023-04-28T12:00:00+00:00,202304,3430,171,3259
2023-04-28T12:30:00+00:00,202304,3430,118,3312
2023-04-28T13:00:00+00:00,202304,3430,81,3349
2023-04-28T13:30:00+00:00,202304,3430,57,3373
2023-04-28T14:00:00+00:00,202304,3430,48,3382
2023-04-28T14:30:00+00:00,202304,3430,36,3394
2023-04-28T15:00:00+00:00,202304,3430,51,3379
2023-04-28T15:30:00+00:00,202304,3430,68,3362
2023-04-28T16:00:00+00:00,202304,3430,94,3336
2023-04-28T16:30:00+00:00,202304,3430,91,3339
2023-04-28T17:00:00+00:00,202304,3430,88,3342
2023-04-28T17:30:00+00:00,202304,3430,120,3310
2023-04-28T18:00:00+00:00,202304,3430,112,3318
2023-04-28T18:30:00+00:00,202304,3430,106,3324
2023-04-28T19:00:00+00:00,202304,3430,104,3326
2023-04-28T19:30:00+00:00,202304,3430,65,3365
2023-04-28T20:00:00+00:00,202304,3430,67,3363
2023-04-28T20:30:00+00:00,202304,3430,72,3358
2023-04-28T21:00:00+00:00,202304,3430,76,3354
2023-04-28T21:30:00+00:00,202304,3430,66,3364
2023-04-28T22:00:00+00:00,202304,3430,71,3359
2023-04-28T22:30:00+00:00,202304,3430,104,3326
2023-04-28T23:00:00+00:00,202304,3430,105,3325
2023-04-28T23:30:00+00:00,202304,3430,98,3332
2023-04-29T00:00:00+00:00,202304,3430,83,3347
2023-04-29T00:30:00+00:00,202304,3430,75,3355
2023-04-29T01:00:00+00:00,202304,3430,81,3349
2023-04-29T01:30:00+00:00,202304,3430,103,3327
2023-04-29T02:00:00+00:00,202304,3430,114,3316
2023-04-29T02:30:00+00:00,202304,3430,31,3399
2023-04-29T03:00:00+00:00,202304,3430,38,3392
2023-04-29T03:30:00+00:00,202304,3430,34,3396
2023-04-29T04:00:00+00:00,202304,3430,124,3306
2023-04-29T04:30:00+00:00,202304,3430,151,3279
2023-04-29T05:00:00+00:00,202304,3430,132,3298
2023-04-29T05:30:00+00:00,202304,3430,122,3308
2023-04-29T06:00:00+00:00,202304,3430,115,3315
2023-04-29T06:30:00+00:00,202304,3430,160,3270
2023-04-29T07:00:00+00:00,202304,3430,312,3118
2023-04-29T07:30:00+00:00,202304,3430,345,3085
2023-04-29T08:00:00+00:00,202304,3430,582,2848
2023-04-29T08:30:00+00:00,202304,3430,597,2833
2023-04-29T09:00:00+00:00,202304,3430,620,2810
2023-04-29T09:30:00+00:00,202304,3430,463,2967
2023-04-29T10:00:00+00:00,202304,3430,485,2945
2023-04-29T10:30:00+00:00,202304,3430,337,3093
2023-04-29T11:00:00+00:00,202304,3430,327,3103
2023-04-29T11:30:00+00:00,202304,3430,308,3122
2023-04-29T12:00:00+00:00,202304,3430,278,3152
2023-04-29T12:30:00+00:00,202304,3430,202,3228
2023-04-29T13:00:00+00:00,202304,3430,214,3216
2023-04-29T13:30:00+00:00,202304,3430,155,3275
2023-04-29T14:00:00+00:00,202304,3430,134,3296
2023-04-29T14:30:00+00:00,202304,3430,73,3357
2023-04-29T15:00:00+00:00,202304,3430,68,3362
2023-04-29T15:30:00+00:00,202304,3430,47,3383
2023-04-29T16:00:00+00:00,202304,3430,29,3401
2023-04-29T16:30:00+00:00,202304,3430,45,3385
2023-04-29T17:00:00+00:00,202304,3430,50,3380
2023-04-29T17:30:00+00:00,202304,3430,59,3371
2023-04-29T18:00:00+00:00,202304,3430,75,3355
2023-04-29T18:30:00+00:00,202304,3430,105,3325
2023-04-29T19:00:00+00:00,202304,3430,119,3311
2023-04-29T19:30:00+00:00,202304,3430,125,3305
2023-04-29T20:00:00+00:00,202304,3430,86,3344
2023-04-29T20:30:00+00:00,202304,3430,95,3335
2023-04-29T21:00:00+00:00,202304,3430,111,3319
2023-04-29T21:30:00+00:00,202304,3430,100,3330
2023-04-29T22:00:00+00:00,202304,3430,77,3353
2023-04-29T22:30:00+00:00,202304,3430,67,3363
2023-04-29T23:00:00+00:00,202304,3430,62,3368
2023-04-29T23:30:00+00:00,202304,3430,55,3375
2023-04-30T00:00:00+00:00,202304,3430,56,3374
2023-04-30T00:30:00+00:00,202304,3430,76,3354
2023-04-30T01:00:00+00:00,202304,3430,154,3276
2023-04-30T01:30:00+00:00,202304,3430,169,3261
2023-04-30T02:00:00+00:00,202304,3430,214,3216
2023-04-30T02:30:00+00:00,202304,3430,158,3272
2023-04-30T03:00:00+00:00,202304,3430,158,3272
2023-04-30T03:30:00+00:00,202304,3430,165,3265
2023-04-30T04:00:00+00:00,202304,3430,195,3235
2023-04-30T04:30:00+00:00,202304,3430,355,3075
2023-04-30T05:00:00+00:00,202304,3430,514,2916
2023-04-30T05:30:00+00:00,202304,3430,488,2942
2023-04-30T06:00:00+00:00,202304,3430,389,3041
2023-04-30T06:30:00+00:00,202304,3430,378,3052
2023-04-30T07:00:00+00:00,202304,3430,328,3102
2023-04-30T07:30:00+00:00,202304,3430,413,3017
2023-04-30T08:00:00+00:00,202304,3430,635,2795
2023-04-30T08:30:00+00:00,202304,3430,683,2747
2023-04-30T09:00:00+00:00,202304,3430,729,2701
2023-04-30T10:00:00+00:00,202304,3430,675,2755
2023-04-30T10:30:00+00:00,202304,3430,621,2809
2023-04-30T11:00:00+00:00,202304,3430,611,2819
2023-04-30T11:30:00+00:00,202304,3430,564,2866
2023-04-30T12:00:00+00:00,202304,3430,518,2912
2023-04-30T12:30:00+00:00,202304,3430,258,3172
2023-04-30T13:00:00+00:00,202304,3430,270,3160
2023-04-30T13:30:00+00:00,202304,3430,113,3317
2023-04-30T14:00:00+00:00,202304,3430,117,3313
2023-04-30T14:30:00+00:00,202304,3430,78,3352
2023-04-30T15:00:00+00:00,202304,3430,70,3360
2023-04-30T15:30:00+00:00,202304,3430,97,3333
2023-04-30T16:00:00+00:00,202304,3430,96,3334
2023-04-30T16:30:00+00:00,202304,3430,85,3345
2023-04-30T17:00:00+00:00,202304,3430,85,3345
2023-04-30T17:30:00+00:00,202304,3430,79,3351
2023-04-30T18:00:00+00:00,202304,3430,43,3387
2023-04-30T18:30:00+00:00,202304,3430,35,3395
2023-04-30T19:00:00+00:00,202304,3430,23,3407
2023-04-30T19:30:00+00:00,202304,3430,17,3413
2023-04-30T20:00:00+00:00,202304,3430,19,3411
2023-04-30T20:30:00+00:00,202304,3430,21,3409
2023-04-30T21:00:00+00:00,202304,3430,29,3401
2023-04-30T21:30:00+00:00,202304,3430,28,3402
2023-04-30T22:00:00+00:00,202304,3430,30,3400
2023-04-30T22:30:00+00:00,202304,3430,19,3411
2023-04-30T23:00:00+00:00,202304,3430,25,3405
2023-04-30T23:30:00+00:00,202304,3430,38,3392
2023-05-01T00:00:00+00:00,202305,3430,37,3393
2023-05-01T00:30:00+00:00,202305,3430,47,3383
2023-05-01T01:00:00+00:00,202305,3430,141,3289
2023-05-01T01:30:00+00:00,202305,3430,181,3249
2023-05-01T02:00:00+00:00,202305,3430,167,3263
2023-05-01T02:30:00+00:00,202305,3430,37,3393
2023-05-01T03:00:00+00:00,202305,3430,43,3387
2023-05-01T03:30:00+00:00,202305,3430,42,3388
2023-05-01T04:00:00+00:00,202305,3430,270,3160
2023-05-01T04:30:00+00:00,202305,3430,372,3058
2023-05-01T05:00:00+00:00,202305,3430,259,3171
2023-05-01T05:30:00+00:00,202305,3430,91,3339
2023-05-01T06:00:00+00:00,202305,3430,81,3349
2023-05-01T06:30:00+00:00,202305,3430,197,3233
2023-05-01T07:00:00+00:00,202305,3430,381,3049
2023-05-01T07:30:00+00:00,202305,3430,662,2768
2023-05-01T08:00:00+00:00,202305,3430,541,2889
2023-05-01T08:30:00+00:00,202305,3430,481,2949
2023-05-01T09:00:00+00:00,202305,3430,396,3034
2023-05-01T09:30:00+00:00,202305,3430,288,3142
2023-05-01T10:00:00+00:00,202305,3430,177,3253
2023-05-01T10:30:00+00:00,202305,3430,90,3340
2023-05-01T11:00:00+00:00,202305,3430,69,3361
2023-05-01T11:30:00+00:00,202305,3430,48,3382
2023-05-01T12:00:00+00:00,202305,3430,55,3375
2023-05-01T12:30:00+00:00,202305,3430,38,3392
2023-05-01T13:00:00+00:00,202305,3430,18,3412
2023-05-01T13:30:00+00:00,202305,3430,6,3424
2023-05-01T14:00:00+00:00,202305,3430,18,3412
2023-05-01T14:30:00+00:00,202305,3430,22,3408
2023-05-01T15:00:00+00:00,202305,3430,29,3401
2023-05-01T15:30:00+00:00,202305,3430,65,3365
2023-05-01T16:00:00+00:00,202305,3430,116,3314
2023-05-01T16:30:00+00:00,202305,3430,111,3319
2023-05-01T17:00:00+00:00,202305,3430,106,3324
2023-05-01T17:30:00+00:00,202305,3430,98,3332
2023-05-01T18:00:00+00:00,202305,3430,14,3416
2023-05-01T18:30:00+00:00,202305,3430,19,3411
2023-05-01T19:00:00+00:00,202305,3430,27,3403
2023-05-01T19:30:00+00:00,202305,3430,66,3364
2023-05-01T20:00:00+00:00,202305,3430,322,3108
2023-05-01T20:30:00+00:00,202305,3430,386,3044
2023-05-01T21:00:00+00:00,202305,3430,397,3033
2023-05-01T21:30:00+00:00,202305,3430,351,3079
2023-05-01T22:00:00+00:00,202305,3430,182,3248
2023-05-01T22:30:00+00:00,202305,3430,212,3218
2023-05-01T23:00:00+00:00,202305,3430,250,3180
2023-05-01T23:30:00+00:00,202305,3430,269,3161
2023-05-02T00:00:00+00:00,202305,3430,269,3161
2023-05-02T00:30:00+00:00,202305,3430,427,3003
2023-05-02T01:00:00+00:00,202305,3430,448,2982
2023-05-02T01:30:00+00:00,202305,3430,330,3100
2023-05-02T02:00:00+00:00,202305,3430,106,3324
2023-05-02T02:30:00+00:00,202305,3430,76,3354
2023-05-02T03:00:00+00:00,202305,3430,78,3352
2023-05-02T03:30:00+00:00,202305,3430,190,3240
2023-05-02T04:00:00+00:00,202305,3430,279,3151
2023-05-02T04:30:00+00:00,202305,3430,360,3070
2023-05-02T05:00:00+00:00,202305,3430,330,3100
2023-05-02T05:30:00+00:00,202305,3430,350,3080
2023-05-02T06:00:00+00:00,202305,3430,273,3157
2023-05-02T06:30:00+00:00,202305,3430,241,3189
2023-05-02T07:00:00+00:00,202305,3430,159,3271
2023-05-02T07:30:00+00:00,202305,3430,313,3117
2023-05-02T08:00:00+00:00,202305,3430,398,3032
2023-05-02T08:30:00+00:00,202305,3430,353,3077
2023-05-02T09:00:00+00:00,202305,3430,267,3163
2023-05-02T09:30:00+00:00,202305,3430,324,3106
2023-05-02T10:00:00+00:00,202305,3430,300,3130
2023-05-02T10:30:00+00:00,202305,3430,286,3144
2023-05-02T11:00:00+00:00,202305,3430,262,3168
2023-05-02T11:30:00+00:00,202305,3430,221,3209
2023-05-02T12:00:00+00:00,202305,3430,244,3186
2023-05-02T12:30:00+00:00,202305,3430,215,3215
2023-05-02T13:00:00+00:00,202305,3430,127,3303
2023-05-02T13:30:00+00:00,202305,3430,115,3315
2023-05-02T14:00:00+00:00,202305,3430,93,3337
2023-05-02T14:30:00+00:00,202305,3430,68,3362
2023-05-02T15:00:00+00:00,202305,3430,44,3386
2023-05-02T15:30:00+00:00,202305,3430,148,3282
2023-05-02T16:00:00+00:00,202305,3430,250,3180
2023-05-02T16:30:00+00:00,202305,3430,223,3207
2023-05-02T17:00:00+00:00,202305,3430,187,3243
2023-05-02T17:30:00+00:00,202305,3430,140,3290
2023-05-02T18:00:00+00:00,202305,3430,56,3374
2023-05-02T18:30:00+00:00,202305,3430,43,3387
2023-05-02T19:00:00+00:00,202305,3430,27,3403
2023-05-02T19:30:00+00:00,202305,3430,29,3401
2023-05-02T20:00:00+00:00,202305,3430,55,3375
2023-05-02T20:30:00+00:00,202305,3430,60,3370
2023-05-02T21:00:00+00:00,202305,3430,30,3400
2023-05-02T21:30:00+00:00,202305,3430,90,3340
2023-05-02T22:00:00+00:00,202305,3430,33,3397
2023-05-02T22:30:00+00:00,202305,3430,33,3397
2023-05-02T23:00:00+00:00,202305,3430,35,3395
2023-05-02T23:30:00+00:00,202305,3430,47,3383
2023-05-03T00:00:00+00:00,202305,3430,68,3362
2023-05-03T00:30:00+00:00,202305,3430,95,3335
2023-05-03T01:00:00+00:00,202305,3430,99,3331
2023-05-03T01:30:00+00:00,202305,3430,72,3358
2023-05-03T02:00:00+00:00,202305,3430,37,3393
2023-05-03T02:30:00+00:00,202305,3430,10,3420
2023-05-03T03:00:00+00:00,202305,3430,13,3417
2023-05-03T03:30:00+00:00,202305,3430,14,3416
2023-05-03T04:00:00+00:00,202305,3430,42,3388
2023-05-03T04:30:00+00:00,202305,3430,45,3385
2023-05-03T05:00:00+00:00,202305,3430,56,3374
2023-05-03T05:30:00+00:00,202305,3430,10,3420
2023-05-03T06:00:00+00:00,202305,3430,70,3360
2023-05-03T06:30:00+00:00,202305,3430,134,3296
2023-05-03T07:00:00+00:00,202305,3430,268,3162
2023-05-03T07:30:00+00:00,202305,3430,131,3299
2023-05-03T08:00:00+00:00,202305,3430,131,3299
2023-05-03T08:30:00+00:00,202305,3430,63,3367
2023-05-03T09:00:00+00:00,202305,3430,73,3357
2023-05-03T09:30:00+00:00,202305,3430,102,3328
2023-05-03T10:00:00+00:00,202305,3430,77,3353
2023-05-03T10:30:00+00:00,202305,3430,72,3358
2023-05-03T11:00:00+00:00,202305,3430,114,3316
2023-05-03T11:30:00+00:00,202305,3430,118,3312
2023-05-03T12:00:00+00:00,202305,3430,78,3352
2023-05-03T12:30:00+00:00,202305,3430,62,3368
2023-05-03T13:00:00+00:00,202305,3430,19,3411
2023-05-03T13:30:00+00:00,202305,3430,13,3417
2023-05-03T14:00:00+00:00,202305,3430,21,3409
2023-05-03T14:30:00+00:00,202305,3430,28,3402
2023-05-03T15:00:00+00:00,202305,3430,41,3389
2023-05-03T15:30:00+00:00,202305,3430,38,3392
2023-05-03T16:00:00+00:00,202305,3430,32,3398
2023-05-03T16:30:00+00:00,202305,3430,17,3413
2023-05-03T17:00:00+00:00,202305,3430,12,3418
2023-05-03T17:30:00+00:00,202305,3430,6,3424
2023-05-03T18:00:00+00:00,202305,3430,2,3428
2023-05-03T18:30:00+00:00,202305,3430,11,3419
2023-05-03T19:00:00+00:00,202305,3430,16,3414
2023-05-03T19:30:00+00:00,202305,3430,19,3411
2023-05-03T20:00:00+00:00,202305,3430,16,3414
2023-05-03T20:30:00+00:00,202305,3430,20,3410
2023-05-03T21:00:00+00:00,202305,3430,21,3409
2023-05-03T21:30:00+00:00,202305,3430,17,3413
2023-05-03T22:00:00+00:00,202305,3430,7,3423
2023-05-03T22:30:00+00:00,202305,3430,6,3424
2023-05-03T23:00:00+00:00,202305,3430,4,3426
2023-05-03T23:30:00+00:00,202305,3430,1,3429
2023-05-04T00:00:00+00:00,202305,3430,0,3430
2023-05-04T00:30:00+00:00,202305,3430,0,3430
2023-05-04T01:00:00+00:00,202305,3430,0,3430
2023-05-04T01:30:00+00:00,202305,3430,0,3430
2023-05-04T02:00:00+00:00,202305,3430,0,3430
2023-05-04T02:30:00+00:00,202305,3430,0,3430
2023-05-04T03:00:00+00:00,202305,3430,0,3430
2023-05-04T03:30:00+00:00,202305,3430,8,3422
2023-05-04T04:00:00+00:00,202305,3430,37,3393
2023-05-04T04:30:00+00:00,202305,3430,52,3378
2023-05-04T05:00:00+00:00,202305,3430,78,3352
2023-05-04T05:30:00+00:00,202305,3430,40,3390
2023-05-04T06:00:00+00:00,202305,3430,0,3430
2023-05-04T06:30:00+00:00,202305,3430,0,3430
2023-05-04T07:00:00+00:00,202305,3430,0,3430
2023-05-04T07:30:00+00:00,202305,3430,119,3311
2023-05-04T08:00:00+00:00,202305,3430,169,3261
2023-05-04T08:30:00+00:00,202305,3430,137,3293
2023-05-04T09:00:00+00:00,202305,3430,34,3396
2023-05-04T09:30:00+00:00,202305,3430,55,3375
2023-05-04T10:00:00+00:00,202305,3430,72,3358
2023-05-04T10:30:00+00:00,202305,3430,189,3241
2023-05-04T11:00:00+00:00,202305,3430,191,3239
2023-05-04T11:30:00+00:00,202305,3430,159,3271
2023-05-04T12:00:00+00:00,202305,3430,138,3292
2023-05-04T12:30:00+00:00,202305,3430,13,3417
2023-05-04T13:00:00+00:00,202305,3430,9,3421
2023-05-04T13:30:00+00:00,202305,3430,4,3426
2023-05-04T14:00:00+00:00,202305,3430,0,3430
2023-05-04T14:30:00+00:00,202305,3430,0,3430
2023-05-04T15:00:00+00:00,202305,3430,5,3425
2023-05-04T15:30:00+00:00,202305,3430,3,3427
2023-05-04T16:00:00+00:00,202305,3430,32,3398
2023-05-04T16:30:00+00:00,202305,3430,63,3367
2023-05-04T17:00:00+00:00,202305,3430,14,3416
2023-05-04T17:30:00+00:00,202305,3430,27,3403
2023-05-04T18:00:00+00:00,202305,3430,13,3417
2023-05-04T18:30:00+00:00,202305,3430,0,3430
2023-05-04T19:00:00+00:00,202305,3430,15,3415
2023-05-04T19:30:00+00:00,202305,3430,18,3412
2023-05-04T20:00:00+00:00,202305,3430,24,3406
2023-05-04T20:30:00+00:00,202305,3430,13,3417
2023-05-04T21:00:00+00:00,202305,3430,20,3410
2023-05-04T21:30:00+00:00,202305,3430,10,3420
2023-05-04T22:00:00+00:00,202305,3430,10,3420
2023-05-04T22:30:00+00:00,202305,3430,14,3416
2023-05-04T23:00:00+00:00,202305,3430,64,3366
2023-05-04T23:30:00+00:00,202305,3430,80,3350
2023-05-05T00:00:00+00:00,202305,3430,83,3347
2023-05-05T00:30:00+00:00,202305,3430,36,3394
2023-05-05T01:00:00+00:00,202305,3430,32,3398
2023-05-05T01:30:00+00:00,202305,3430,23,3407
2023-05-05T02:00:00+00:00,202305,3430,7,3423
2023-05-05T02:30:00+00:00,202305,3430,6,3424
2023-05-05T03:00:00+00:00,202305,3430,10,3420
2023-05-05T03:30:00+00:00,202305,3430,9,3421
2023-05-05T04:00:00+00:00,202305,3430,37,3393
2023-05-05T04:30:00+00:00,202305,3430,81,3349
2023-05-05T05:00:00+00:00,202305,3430,116,3314
2023-05-05T05:30:00+00:00,202305,3430,118,3312
2023-05-05T06:00:00+00:00,202305,3430,160,3270
2023-05-05T06:30:00+00:00,202305,3430,169,3261
2023-05-05T07:00:00+00:00,202305,3430,169,3261
2023-05-05T07:30:00+00:00,202305,3430,171,3259
2023-05-05T08:00:00+00:00,202305,3430,188,3242
2023-05-05T08:30:00+00:00,202305,3430,196,3234
2023-05-05T09:00:00+00:00,202305,3430,187,3243
2023-05-05T09:30:00+00:00,202305,3430,179,3251
2023-05-05T10:00:00+00:00,202305,3430,141,3289
2023-05-05T10:30:00+00:00,202305,3430,81,3349
2023-05-05T11:00:00+00:00,202305,3430,53,3377
2023-05-05T11:30:00+00:00,202305,3430,54,3376
2023-05-05T12:00:00+00:00,202305,3430,22,3408
2023-05-05T12:30:00+00:00,202305,3430,27,3403
2023-05-05T13:00:00+00:00,202305,3430,25,3405
2023-05-05T13:30:00+00:00,202305,3430,29,3401
2023-05-05T14:00:00+00:00,202305,3430,40,3390
2023-05-05T14:30:00+00:00,202305,3430,60,3370
2023-05-05T15:00:00+00:00,202305,3430,63,3367
2023-05-05T15:30:00+00:00,202305,3430,29,3401
2023-05-05T16:00:00+00:00,202305,3430,22,3408
2023-05-05T16:30:00+00:00,202305,3430,10,3420
2023-05-05T17:00:00+00:00,202305,3430,15,3415
2023-05-05T17:30:00+00:00,202305,3430,26,3404
2023-05-05T18:00:00+00:00,202305,3430,47,3383
2023-05-05T18:30:00+00:00,202305,3430,35,3395
2023-05-05T19:00:00+00:00,202305,3430,28,3402
2023-05-05T19:30:00+00:00,202305,3430,16,3414
2023-05-05T20:00:00+00:00,202305,3430,21,3409
2023-05-05T20:30:00+00:00,202305,3430,43,3387
2023-05-05T21:00:00+00:00,202305,3430,18,3412
2023-05-05T21:30:00+00:00,202305,3430,28,3402
2023-05-05T22:00:00+00:00,202305,3430,36,3394
2023-05-05T22:30:00+00:00,202305,3430,23,3407
2023-05-05T23:00:00+00:00,202305,3430,25,3405
2023-05-05T23:30:00+00:00,202305,3430,18,3412
2023-05-06T00:00:00+00:00,202305,3430,31,3399
2023-05-06T00:30:00+00:00,202305,3430,24,3406
2023-05-06T01:00:00+00:00,202305,3430,16,3414
2023-05-06T01:30:00+00:00,202305,3430,5,3425
2023-05-06T02:00:00+00:00,202305,3430,0,3430
2023-05-06T02:30:00+00:00,202305,3430,0,3430
2023-05-06T03:00:00+00:00,202305,3430,0,3430
2023-05-06T03:30:00+00:00,202305,3430,0,3430
2023-05-06T04:00:00+00:00,202305,3430,0,3430
2023-05-06T04:30:00+00:00,202305,3430,0,3430
2023-05-06T05:00:00+00:00,202305,3430,4,3426
2023-05-06T05:30:00+00:00,202305,3430,4,3426
2023-05-06T06:00:00+00:00,202305,3430,2,3428
2023-05-06T06:30:00+00:00,202305,3430,4,3426
2023-05-06T07:00:00+00:00,202305,3430,7,3423
2023-05-06T07:30:00+00:00,202305,3430,19,3411
2023-05-06T08:00:00+00:00,202305,3430,37,3393
2023-05-06T08:30:00+00:00,202305,3430,86,3344
2023-05-06T09:00:00+00:00,202305,3430,95,3335
2023-05-06T09:30:00+00:00,202305,3430,101,3329
2023-05-06T10:00:00+00:00,202305,3430,40,3390
2023-05-06T10:30:00+00:00,202305,3430,28,3402
2023-05-06T11:00:00+00:00,202305,3430,19,3411
2023-05-06T11:30:00+00:00,202305,3430,13,3417
2023-05-06T12:00:00+00:00,202305,3430,8,3422
2023-05-06T12:30:00+00:00,202305,3430,6,3424
2023-05-06T13:00:00+00:00,202305,3430,2,3428
2023-05-06T13:30:00+00:00,202305,3430,2,3428
2023-05-06T14:00:00+00:00,202305,3430,1,3429
2023-05-06T14:30:00+00:00,202305,3430,0,3430
2023-05-06T15:00:00+00:00,202305,3430,1,3429
2023-05-06T15:30:00+00:00,202305,3430,3,3427
2023-05-06T16:00:00+00:00,202305,3430,0,3430
2023-05-06T16:30:00+00:00,202305,3430,2,3428
2023-05-06T17:00:00+00:00,202305,3430,0,3430
2023-05-06T17:30:00+00:00,202305,3430,2,3428
2023-05-06T18:00:00+00:00,202305,3430,7,3423
2023-05-06T18:30:00+00:00,202305,3430,1,3429
2023-05-06T19:00:00+00:00,202305,3430,10,3420
2023-05-06T19:30:00+00:00,202305,3430,16,3414
2023-05-06T20:00:00+00:00,202305,3430,18,3412
2023-05-06T20:30:00+00:00,202305,3430,10,3420
2023-05-06T21:00:00+00:00,202305,3430,8,3422
2023-05-06T21:30:00+00:00,202305,3430,3,3427
2023-05-06T22:00:00+00:00,202305,3430,2,3428
2023-05-06T22:30:00+00:00,202305,3430,0,3430
2023-05-06T23:00:00+00:00,202305,3430,1,3429
2023-05-06T23:30:00+00:00,202305,3430,1,3429
2023-05-07T00:00:00+00:00,202305,3430,0,3430
2023-05-07T00:30:00+00:00,202305,3430,0,3430
2023-05-07T01:00:00+00:00,202305,3430,0,3430
2023-05-07T01:30:00+00:00,202305,3430,0,3430
2023-05-07T02:00:00+00:00,202305,3430,0,3430
2023-05-07T02:30:00+00:00,202305,3430,1,3429
2023-05-07T03:00:00+00:00,202305,3430,1,3429
2023-05-07T03:30:00+00:00,202305,3430,4,3426
2023-05-07T04:00:00+00:00,202305,3430,3,3427
2023-05-07T04:30:00+00:00,202305,3430,7,3423
2023-05-07T05:00:00+00:00,202305,3430,18,3412
2023-05-07T05:30:00+00:00,202305,3430,34,3396
2023-05-07T06:00:00+00:00,202305,3430,36,3394
2023-05-07T06:30:00+00:00,202305,3430,44,3386
2023-05-07T07:00:00+00:00,202305,3430,18,3412
2023-05-07T07:30:00+00:00,202305,3430,21,3409
2023-05-07T08:00:00+00:00,202305,3430,17,3413
2023-05-07T08:30:00+00:00,202305,3430,23,3407
2023-05-07T09:00:00+00:00,202305,3430,46,3384
2023-05-07T09:30:00+00:00,202305,3430,62,3368
2023-05-07T10:00:00+00:00,202305,3430,53,3377
2023-05-07T10:30:00+00:00,202305,3430,41,3389
2023-05-07T11:00:00+00:00,202305,3430,12,3418
2023-05-07T11:30:00+00:00,202305,3430,7,3423
2023-05-07T12:00:00+00:00,202305,3430,3,3427
2023-05-07T12:30:00+00:00,202305,3430,6,3424
2023-05-07T13:00:00+00:00,202305,3430,5,3425
2023-05-07T13:30:00+00:00,202305,3430,15,3415
2023-05-07T14:00:00+00:00,202305,3430,15,3415
2023-05-07T14:30:00+00:00,202305,3430,12,3418
2023-05-07T15:00:00+00:00,202305,3430,15,3415
2023-05-07T15:30:00+00:00,202305,3430,24,3406
2023-05-07T16:00:00+00:00,202305,3430,8,3422
2023-05-07T16:30:00+00:00,202305,3430,4,3426
2023-05-07T17:00:00+00:00,202305,3430,8,3422
2023-05-07T17:30:00+00:00,202305,3430,16,3414
2023-05-07T18:00:00+00:00,202305,3430,30,3400
2023-05-07T18:30:00+00:00,202305,3430,30,3400
2023-05-07T19:00:00+00:00,202305,3430,35,3395
2023-05-07T19:30:00+00:00,202305,3430,32,3398
2023-05-07T20:00:00+00:00,202305,3430,51,3379
2023-05-07T20:30:00+00:00,202305,3430,34,3396
2023-05-07T21:00:00+00:00,202305,3430,32,3398
2023-05-07T21:30:00+00:00,202305,3430,33,3397
2023-05-07T22:00:00+00:00,202305,3430,87,3343
2023-05-07T22:30:00+00:00,202305,3430,106,3324
2023-05-07T23:00:00+00:00,202305,3430,115,3315
2023-05-07T23:30:00+00:00,202305,3430,48,3382
2023-05-08T00:00:00+00:00,202305,3430,42,3388
2023-05-08T00:30:00+00:00,202305,3430,32,3398
2023-05-08T01:00:00+00:00,202305,3430,20,3410
2023-05-08T01:30:00+00:00,202305,3430,6,3424
2023-05-08T02:00:00+00:00,202305,3430,2,3428
2023-05-08T02:30:00+00:00,202305,3430,1,3429
2023-05-08T03:00:00+00:00,202305,3430,0,3430
2023-05-08T03:30:00+00:00,202305,3430,2,3428
2023-05-08T04:00:00+00:00,202305,3430,15,3415
2023-05-08T04:30:00+00:00,202305,3430,30,3400
2023-05-08T05:00:00+00:00,202305,3430,8,3422
2023-05-08T05:30:00+00:00,202305,3430,9,3421
2023-05-08T06:00:00+00:00,202305,3430,11,3419
2023-05-08T06:30:00+00:00,202305,3430,14,3416
2023-05-08T07:00:00+00:00,202305,3430,60,3370
2023-05-08T07:30:00+00:00,202305,3430,88,3342
2023-05-08T08:00:00+00:00,202305,3430,37,3393
2023-05-08T08:30:00+00:00,202305,3430,39,3391
2023-05-08T09:00:00+00:00,202305,3430,40,3390
2023-05-08T09:30:00+00:00,202305,3430,57,3373
2023-05-08T10:00:00+00:00,202305,3430,29,3401
2023-05-08T10:30:00+00:00,202305,3430,31,3399
2023-05-08T11:00:00+00:00,202305,3430,30,3400
2023-05-08T11:30:00+00:00,202305,3430,39,3391
2023-05-08T12:00:00+00:00,202305,3430,108,3322
2023-05-08T12:30:00+00:00,202305,3430,133,3297
2023-05-08T13:00:00+00:00,202305,3430,24,3406
2023-05-08T13:30:00+00:00,202305,3430,5,3425
2023-05-08T14:00:00+00:00,202305,3430,1,3429
2023-05-08T14:30:00+00:00,202305,3430,4,3426
2023-05-08T15:00:00+00:00,202305,3430,198,3232
2023-05-08T15:30:00+00:00,202305,3430,454,2976
2023-05-08T16:00:00+00:00,202305,3430,312,3118
2023-05-08T16:30:00+00:00,202305,3430,339,3091
2023-05-08T17:00:00+00:00,202305,3430,266,3164
2023-05-08T17:30:00+00:00,202305,3430,70,3360
2023-05-08T18:00:00+00:00,202305,3430,4,3426
2023-05-08T18:30:00+00:00,202305,3430,13,3417
2023-05-08T19:00:00+00:00,202305,3430,21,3409
2023-05-08T19:30:00+00:00,202305,3430,19,3411
2023-05-08T20:00:00+00:00,202305,3430,181,3249
2023-05-08T20:30:00+00:00,202305,3430,8,3422
2023-05-08T21:00:00+00:00,202305,3430,8,3422
2023-05-08T21:30:00+00:00,202305,3430,7,3423
2023-05-08T22:00:00+00:00,202305,3430,123,3307
2023-05-08T22:30:00+00:00,202305,3430,6,3424
2023-05-08T23:00:00+00:00,202305,3430,4,3426
2023-05-08T23:30:00+00:00,202305,3430,3,3427
2023-05-09T00:00:00+00:00,202305,3430,6,3424
2023-05-09T00:30:00+00:00,202305,3430,58,3372
2023-05-09T01:00:00+00:00,202305,3430,73,3357
2023-05-09T01:30:00+00:00,202305,3430,82,3348
2023-05-09T02:00:00+00:00,202305,3430,3,3427
2023-05-09T02:30:00+00:00,202305,3430,1,3429
2023-05-09T03:00:00+00:00,202305,3430,2,3428
2023-05-09T03:30:00+00:00,202305,3430,78,3352
2023-05-09T04:00:00+00:00,202305,3430,191,3239
2023-05-09T04:30:00+00:00,202305,3430,214,3216
2023-05-09T05:00:00+00:00,202305,3430,207,3223
2023-05-09T05:30:00+00:00,202305,3430,198,3232
2023-05-09T06:00:00+00:00,202305,3430,180,3250
2023-05-09T06:30:00+00:00,202305,3430,170,3260
2023-05-09T07:00:00+00:00,202305,3430,182,3248
2023-05-09T07:30:00+00:00,202305,3430,206,3224
2023-05-09T08:00:00+00:00,202305,3430,247,3183
2023-05-09T08:30:00+00:00,202305,3430,213,3217
2023-05-09T09:00:00+00:00,202305,3430,226,3204
2023-05-09T09:30:00+00:00,202305,3430,175,3255
2023-05-09T10:00:00+00:00,202305,3430,155,3275
2023-05-09T10:30:00+00:00,202305,3430,147,3283
2023-05-09T11:00:00+00:00,202305,3430,124,3306
2023-05-09T11:30:00+00:00,202305,3430,102,3328
2023-05-09T12:00:00+00:00,202305,3430,97,3333
2023-05-09T12:30:00+00:00,202305,3430,59,3371
2023-05-09T13:00:00+00:00,202305,3430,35,3395
2023-05-09T13:30:00+00:00,202305,3430,25,3405
2023-05-09T14:00:00+00:00,202305,3430,13,3417
2023-05-09T14:30:00+00:00,202305,3430,13,3417
2023-05-09T15:00:00+00:00,202305,3430,35,3395
2023-05-09T15:30:00+00:00,202305,3430,31,3399
2023-05-09T16:00:00+00:00,202305,3430,29,3401
2023-05-09T16:30:00+00:00,202305,3430,23,3407
2023-05-09T17:00:00+00:00,202305,3430,15,3415
2023-05-09T17:30:00+00:00,202305,3430,9,3421
2023-05-09T18:00:00+00:00,202305,3430,4,3426
2023-05-09T18:30:00+00:00,202305,3430,5,3425
2023-05-09T19:00:00+00:00,202305,3430,6,3424
2023-05-09T19:30:00+00:00,202305,3430,4,3426
2023-05-09T20:00:00+00:00,202305,3430,7,3423
2023-05-09T20:30:00+00:00,202305,3430,8,3422
2023-05-09T21:00:00+00:00,202305,3430,5,3425
2023-05-09T21:30:00+00:00,202305,3430,28,3402
2023-05-09T22:00:00+00:00,202305,3430,47,3383
2023-05-09T22:30:00+00:00,202305,3430,47,3383
2023-05-09T23:00:00+00:00,202305,3430,77,3353
2023-05-09T23:30:00+00:00,202305,3430,84,3346
2023-05-10T00:00:00+00:00,202305,3430,91,3339
2023-05-10T00:30:00+00:00,202305,3430,59,3371
2023-05-10T01:00:00+00:00,202305,3430,68,3362
2023-05-10T01:30:00+00:00,202305,3430,74,3356
2023-05-10T02:00:00+00:00,202305,3430,58,3372
2023-05-10T02:30:00+00:00,202305,3430,41,3389
2023-05-10T03:00:00+00:00,202305,3430,30,3400
2023-05-10T03:30:00+00:00,202305,3430,32,3398
2023-05-10T04:00:00+00:00,202305,3430,108,3322
2023-05-10T04:30:00+00:00,202305,3430,175,3255
2023-05-10T05:00:00+00:00,202305,3430,218,3212
2023-05-10T05:30:00+00:00,202305,3430,267,3163
2023-05-10T06:00:00+00:00,202305,3430,388,3042
2023-05-10T06:30:00+00:00,202305,3430,434,2996
2023-05-10T07:00:00+00:00,202305,3430,501,2929
2023-05-10T07:30:00+00:00,202305,3430,439,2991
2023-05-10T08:00:00+00:00,202305,3430,427,3003
2023-05-10T08:30:00+00:00,202305,3430,335,3095
2023-05-10T09:00:00+00:00,202305,3430,247,3183
2023-05-10T09:30:00+00:00,202305,3430,280,3150
2023-05-10T10:00:00+00:00,202305,3430,211,3219
2023-05-10T10:30:00+00:00,202305,3430,180,3250
2023-05-10T11:00:00+00:00,202305,3430,141,3289
2023-05-10T11:30:00+00:00,202305,3430,120,3310
2023-05-10T12:00:00+00:00,202305,3430,115,3315
2023-05-10T12:30:00+00:00,202305,3430,84,3346
2023-05-10T13:00:00+00:00,202305,3430,40,3390
2023-05-10T13:30:00+00:00,202305,3430,21,3409
2023-05-10T14:00:00+00:00,202305,3430,19,3411
2023-05-10T14:30:00+00:00,202305,3430,10,3420
2023-05-10T15:00:00+00:00,202305,3430,19,3411
2023-05-10T15:30:00+00:00,202305,3430,70,3360
2023-05-10T16:00:00+00:00,202305,3430,89,3341
2023-05-10T16:30:00+00:00,202305,3430,83,3347
2023-05-10T17:00:00+00:00,202305,3430,69,3361
2023-05-10T17:30:00+00:00,202305,3430,59,3371
2023-05-10T18:00:00+00:00,202305,3430,80,3350
2023-05-10T18:30:00+00:00,202305,3430,95,3335
2023-05-10T19:00:00+00:00,202305,3430,108,3322
2023-05-10T19:30:00+00:00,202305,3430,126,3304
2023-05-10T20:00:00+00:00,202305,3430,94,3336
2023-05-10T20:30:00+00:00,202305,3430,62,3368
2023-05-10T21:00:00+00:00,202305,3430,39,3391
2023-05-10T21:30:00+00:00,202305,3430,25,3405
2023-05-10T22:00:00+00:00,202305,3430,46,3384
2023-05-10T22:30:00+00:00,202305,3430,41,3389
2023-05-10T23:00:00+00:00,202305,3430,47,3383
2023-05-10T23:30:00+00:00,202305,3430,76,3354
2023-05-11T00:00:00+00:00,202305,3430,14,3416
2023-05-11T00:30:00+00:00,202305,3430,25,3405
2023-05-11T01:00:00+00:00,202305,3430,2,3428
2023-05-11T01:30:00+00:00,202305,3430,3,3427
2023-05-11T02:00:00+00:00,202305,3430,4,3426
2023-05-11T02:30:00+00:00,202305,3430,7,3423
2023-05-11T03:00:00+00:00,202305,3430,13,3417
2023-05-11T03:30:00+00:00,202305,3430,25,3405
2023-05-11T04:00:00+00:00,202305,3430,40,3390
2023-05-11T04:30:00+00:00,202305,3430,85,3345
2023-05-11T05:00:00+00:00,202305,3430,74,3356
2023-05-11T05:30:00+00:00,202305,3430,138,3292
2023-05-11T06:00:00+00:00,202305,3430,101,3329
2023-05-11T06:30:00+00:00,202305,3430,82,3348
2023-05-11T07:00:00+00:00,202305,3430,41,3389
2023-05-11T07:30:00+00:00,202305,3430,59,3371
2023-05-11T08:00:00+00:00,202305,3430,85,3345
2023-05-11T08:30:00+00:00,202305,3430,76,3354
2023-05-11T09:00:00+00:00,202305,3430,113,3317
2023-05-11T09:30:00+00:00,202305,3430,119,3311
2023-05-11T10:00:00+00:00,202305,3430,116,3314
2023-05-11T10:30:00+00:00,202305,3430,91,3339
2023-05-11T11:00:00+00:00,202305,3430,77,3353
2023-05-11T11:30:00+00:00,202305,3430,46,3384
2023-05-11T12:00:00+00:00,202305,3430,72,3358
2023-05-11T12:30:00+00:00,202305,3430,41,3389
2023-05-11T13:00:00+00:00,202305,3430,34,3396
2023-05-11T13:30:00+00:00,202305,3430,6,3424
2023-05-11T14:00:00+00:00,202305,3430,6,3424
2023-05-11T15:00:00+00:00,202305,3430,6,3424
2023-05-11T15:30:00+00:00,202305,3430,12,3418
2023-05-11T16:00:00+00:00,202305,3430,45,3385
2023-05-11T16:30:00+00:00,202305,3430,94,3336
2023-05-11T17:00:00+00:00,202305,3430,140,3290
2023-05-11T17:30:00+00:00,202305,3430,140,3290
2023-05-11T18:00:00+00:00,202305,3430,74,3356
2023-05-11T18:30:00+00:00,202305,3430,84,3346
2023-05-11T19:00:00+00:00,202305,3430,92,3338
2023-05-11T19:30:00+00:00,202305,3430,110,3320
2023-05-11T20:00:00+00:00,202305,3430,129,3301
2023-05-11T20:30:00+00:00,202305,3430,200,3230
2023-05-11T21:00:00+00:00,202305,3430,175,3255
2023-05-11T21:30:00+00:00,202305,3430,231,3199
2023-05-11T22:00:00+00:00,202305,3430,226,3204
2023-05-11T22:30:00+00:00,202305,3430,208,3222
2023-05-11T23:00:00+00:00,202305,3430,183,3247
2023-05-11T23:30:00+00:00,202305,3430,154,3276
2023-05-12T00:00:00+00:00,202305,3430,89,3341
2023-05-12T00:30:00+00:00,202305,3430,39,3391
2023-05-12T01:00:00+00:00,202305,3430,27,3403
2023-05-12T01:30:00+00:00,202305,3430,36,3394
2023-05-12T02:00:00+00:00,202305,3430,25,3405
2023-05-12T02:30:00+00:00,202305,3430,17,3413
2023-05-12T03:00:00+00:00,202305,3430,9,3421
2023-05-12T03:30:00+00:00,202305,3430,31,3399
2023-05-12T04:00:00+00:00,202305,3430,57,3373
2023-05-12T04:30:00+00:00,202305,3430,124,3306
2023-05-12T05:00:00+00:00,202305,3430,166,3264
2023-05-12T05:30:00+00:00,202305,3430,127,3303
2023-05-12T06:00:00+00:00,202305,3430,257,3173
2023-05-12T06:30:00+00:00,202305,3430,326,3104
2023-05-12T07:00:00+00:00,202305,3430,468,2962
2023-05-12T07:30:00+00:00,202305,3430,521,2909
2023-05-12T08:00:00+00:00,202305,3430,540,2890
2023-05-12T08:30:00+00:00,202305,3430,625,2805
2023-05-12T09:00:00+00:00,202305,3430,625,2805
2023-05-12T09:30:00+00:00,202305,3430,594,2836
2023-05-12T10:00:00+00:00,202305,3430,564,2866
2023-05-12T10:30:00+00:00,202305,3430,601,2829
2023-05-12T11:00:00+00:00,202305,3430,736,2694
2023-05-12T11:30:00+00:00,202305,3430,373,3057
2023-05-12T12:00:00+00:00,202305,3430,690,2740
2023-05-12T12:30:00+00:00,202305,3430,705,2725
2023-05-12T13:00:00+00:00,202305,3430,433,2997
2023-05-12T13:30:00+00:00,202305,3430,503,2927
2023-05-12T14:00:00+00:00,202305,3430,534,2896
2023-05-12T14:30:00+00:00,202305,3430,559,2871
2023-05-12T15:00:00+00:00,202305,3430,643,2787
2023-05-12T15:30:00+00:00,202305,3430,1059,2371
2023-05-12T16:00:00+00:00,202305,3430,1279,2151
2023-05-12T16:30:00+00:00,202305,3430,1428,2002
2023-05-12T17:00:00+00:00,202305,3430,1414,2016
2023-05-12T17:30:00+00:00,202305,3430,1244,2186
2023-05-12T18:00:00+00:00,202305,3430,1173,2257
2023-05-12T18:30:00+00:00,202305,3430,1212,2218
2023-05-12T19:00:00+00:00,202305,3430,1252,2178
2023-05-12T19:30:00+00:00,202305,3430,1216,2214
2023-05-12T20:00:00+00:00,202305,3430,1385,2045
2023-05-12T20:30:00+00:00,202305,3430,1225,2205
2023-05-12T21:00:00+00:00,202305,3430,1251,2179
2023-05-12T21:30:00+00:00,202305,3430,1406,2024
2023-05-12T22:00:00+00:00,202305,3430,1475,1955
2023-05-12T22:30:00+00:00,202305,3430,1552,1878
2023-05-12T23:00:00+00:00,202305,3430,1332,2098
2023-05-12T23:30:00+00:00,202305,3430,1114,2316
2023-05-13T00:00:00+00:00,202305,3430,1051,2379
2023-05-13T00:30:00+00:00,202305,3430,918,2512
2023-05-13T01:00:00+00:00,202305,3430,798,2632
2023-05-13T01:30:00+00:00,202305,3430,772,2658
2023-05-13T02:00:00+00:00,202305,3430,813,2617
2023-05-13T02:30:00+00:00,202305,3430,812,2618
2023-05-13T03:00:00+00:00,202305,3430,798,2632
2023-05-13T03:30:00+00:00,202305,3430,844,2586
2023-05-13T04:00:00+00:00,202305,3430,1118,2312
2023-05-13T04:30:00+00:00,202305,3430,1422,2008
2023-05-13T05:00:00+00:00,202305,3430,1318,2112
2023-05-13T05:30:00+00:00,202305,3430,1379,2051
2023-05-13T06:00:00+00:00,202305,3430,1331,2099
2023-05-13T06:30:00+00:00,202305,3430,1332,2098
2023-05-13T07:00:00+00:00,202305,3430,1391,2039
2023-05-13T07:30:00+00:00,202305,3430,1430,2000
2023-05-13T08:00:00+00:00,202305,3430,1990,1440
2023-05-13T08:30:00+00:00,202305,3430,2349,1081
2023-05-13T09:00:00+00:00,202305,3430,2427,1003
2023-05-13T09:30:00+00:00,202305,3430,2497,933
2023-05-13T10:00:00+00:00,202305,3430,2040,1390
2023-05-13T10:30:00+00:00,202305,3430,2094,1336
2023-05-13T11:00:00+00:00,202305,3430,2018,1412
2023-05-13T11:30:00+00:00,202305,3430,2098,1332
2023-05-13T12:00:00+00:00,202305,3430,2117,1313
2023-05-13T12:30:00+00:00,202305,3430,2225,1205
2023-05-13T13:00:00+00:00,202305,3430,2052,1378
2023-05-13T13:30:00+00:00,202305,3430,1909,1521
2023-05-13T14:00:00+00:00,202305,3430,1925,1505
2023-05-13T14:30:00+00:00,202305,3430,1947,1483
2023-05-13T15:00:00+00:00,202305,3430,1781,1649
2023-05-13T15:30:00+00:00,202305,3430,1696,1734
2023-05-13T16:00:00+00:00,202305,3430,1792,1638
2023-05-13T16:30:00+00:00,202305,3430,1833,1597
2023-05-13T17:00:00+00:00,202305,3430,2002,1428
2023-05-13T17:30:00+00:00,202305,3430,2120,1310
2023-05-13T18:00:00+00:00,202305,3430,2228,1202
2023-05-13T18:30:00+00:00,202305,3430,2228,1202
2023-05-13T19:00:00+00:00,202305,3430,2289,1141
2023-05-13T19:30:00+00:00,202305,3430,2326,1104
2023-05-13T20:00:00+00:00,202305,3430,2201,1229
2023-05-13T20:30:00+00:00,202305,3430,2093,1337
2023-05-13T21:00:00+00:00,202305,3430,2399,1031
2023-05-13T21:30:00+00:00,202305,3430,2442,988
2023-05-13T22:00:00+00:00,202305,3430,2444,986
2023-05-13T22:30:00+00:00,202305,3430,2356,1074
2023-05-13T23:00:00+00:00,202305,3430,2139,1291
2023-05-13T23:30:00+00:00,202305,3430,2190,1240
2023-05-14T00:00:00+00:00,202305,3430,2095,1335
2023-05-14T00:30:00+00:00,202305,3430,2062,1368
2023-05-14T01:00:00+00:00,202305,3430,1932,1498
2023-05-14T01:30:00+00:00,202305,3430,1611,1819
2023-05-14T02:00:00+00:00,202305,3430,1429,2001
2023-05-14T02:30:00+00:00,202305,3430,1301,2129
2023-05-14T03:00:00+00:00,202305,3430,1139,2291
2023-05-14T03:30:00+00:00,202305,3430,1021,2409
2023-05-14T04:00:00+00:00,202305,3430,931,2499
2023-05-14T04:30:00+00:00,202305,3430,945,2485
2023-05-14T05:00:00+00:00,202305,3430,913,2517
2023-05-14T05:30:00+00:00,202305,3430,802,2628
2023-05-14T06:00:00+00:00,202305,3430,939,2491
2023-05-14T06:30:00+00:00,202305,3430,1038,2392
2023-05-14T07:00:00+00:00,202305,3430,1143,2287
2023-05-14T07:30:00+00:00,202305,3430,1200,2230
2023-05-14T08:00:00+00:00,202305,3430,1269,2161
2023-05-14T08:30:00+00:00,202305,3430,1148,2282
2023-05-14T09:00:00+00:00,202305,3430,1161,2269
2023-05-14T09:30:00+00:00,202305,3430,1173,2257
2023-05-14T10:00:00+00:00,202305,3430,1187,2243
2023-05-14T10:30:00+00:00,202305,3430,1169,2261
2023-05-14T11:00:00+00:00,202305,3430,1057,2373
2023-05-14T11:30:00+00:00,202305,3430,1007,2423
2023-05-14T12:00:00+00:00,202305,3430,894,2536
2023-05-14T12:30:00+00:00,202305,3430,828,2602
2023-05-14T13:00:00+00:00,202305,3430,727,2703
2023-05-14T13:30:00+00:00,202305,3430,728,2702
2023-05-14T14:00:00+00:00,202305,3430,766,2664
2023-05-14T14:30:00+00:00,202305,3430,846,2584
2023-05-14T15:00:00+00:00,202305,3430,929,2501
2023-05-14T15:30:00+00:00,202305,3430,1154,2276
2023-05-14T16:00:00+00:00,202305,3430,1432,1998
2023-05-14T16:30:00+00:00,202305,3430,1510,1920
2023-05-14T17:00:00+00:00,202305,3430,1481,1949
2023-05-14T17:30:00+00:00,202305,3430,1474,1956
2023-05-14T18:00:00+00:00,202305,3430,1337,2093
2023-05-14T18:30:00+00:00,202305,3430,1297,2133
2023-05-14T19:00:00+00:00,202305,3430,1312,2118
2023-05-14T19:30:00+00:00,202305,3430,1346,2084
2023-05-14T20:00:00+00:00,202305,3430,1362,2068
2023-05-14T20:30:00+00:00,202305,3430,1581,1849
2023-05-14T21:00:00+00:00,202305,3430,1795,1635
2023-05-14T21:30:00+00:00,202305,3430,1850,1580
2023-05-14T22:00:00+00:00,202305,3430,1888,1542
2023-05-14T22:30:00+00:00,202305,3430,1828,1602
2023-05-14T23:00:00+00:00,202305,3430,1824,1606
2023-05-14T23:30:00+00:00,202305,3430,1914,1516
2023-05-15T00:00:00+00:00,202305,3430,1794,1636
2023-05-15T00:30:00+00:00,202305,3430,1499,1931
2023-05-15T01:00:00+00:00,202305,3430,1192,2238
2023-05-15T01:30:00+00:00,202305,3430,875,2555
2023-05-15T02:00:00+00:00,202305,3430,710,2720
2023-05-15T02:30:00+00:00,202305,3430,703,2727
2023-05-15T03:00:00+00:00,202305,3430,711,2719
2023-05-15T03:30:00+00:00,202305,3430,760,2670
2023-05-15T04:00:00+00:00,202305,3430,826,2604
2023-05-15T04:30:00+00:00,202305,3430,863,2567
2023-05-15T05:00:00+00:00,202305,3430,859,2571
2023-05-15T05:30:00+00:00,202305,3430,778,2652
2023-05-15T06:00:00+00:00,202305,3430,717,2713
2023-05-15T06:30:00+00:00,202305,3430,656,2774
2023-05-15T07:00:00+00:00,202305,3430,758,2672
2023-05-15T07:30:00+00:00,202305,3430,863,2567
2023-05-15T08:00:00+00:00,202305,3430,1260,2170
2023-05-15T08:30:00+00:00,202305,3430,1254,2176
2023-05-15T09:00:00+00:00,202305,3430,1217,2213
2023-05-15T09:30:00+00:00,202305,3430,907,2523
2023-05-15T10:00:00+00:00,202305,3430,871,2559
2023-05-15T10:30:00+00:00,202305,3430,681,2749
2023-05-15T11:00:00+00:00,202305,3430,630,2800
2023-05-15T11:30:00+00:00,202305,3430,488,2942
2023-05-15T12:00:00+00:00,202305,3430,415,3015
2023-05-15T12:30:00+00:00,202305,3430,223,3207
2023-05-15T13:00:00+00:00,202305,3430,154,3276
2023-05-15T13:30:00+00:00,202305,3430,98,3332
2023-05-15T14:00:00+00:00,202305,3430,72,3358
2023-05-15T14:30:00+00:00,202305,3430,60,3370
2023-05-15T15:00:00+00:00,202305,3430,52,3378
2023-05-15T15:30:00+00:00,202305,3430,81,3349
2023-05-15T16:00:00+00:00,202305,3430,55,3375
2023-05-15T16:30:00+00:00,202305,3430,44,3386
2023-05-15T17:00:00+00:00,202305,3430,40,3390
2023-05-15T17:30:00+00:00,202305,3430,9,3421
2023-05-15T18:00:00+00:00,202305,3430,11,3419
2023-05-15T18:30:00+00:00,202305,3430,27,3403
2023-05-15T19:00:00+00:00,202305,3430,20,3410
2023-05-15T19:30:00+00:00,202305,3430,19,3411
2023-05-15T20:00:00+00:00,202305,3430,29,3401
2023-05-15T20:30:00+00:00,202305,3430,21,3409
2023-05-15T21:00:00+00:00,202305,3430,31,3399
2023-05-15T21:30:00+00:00,202305,3430,34,3396
2023-05-15T22:00:00+00:00,202305,3430,35,3395
2023-05-15T22:30:00+00:00,202305,3430,25,3405
2023-05-15T23:00:00+00:00,202305,3430,19,3411
2023-05-15T23:30:00+00:00,202305,3430,19,3411
2023-05-16T00:00:00+00:00,202305,3430,16,3414
2023-05-16T00:30:00+00:00,202305,3430,17,3413
2023-05-16T01:00:00+00:00,202305,3430,32,3398
2023-05-16T01:30:00+00:00,202305,3430,17,3413
2023-05-16T02:00:00+00:00,202305,3430,47,3383
2023-05-16T02:30:00+00:00,202305,3430,2,3428
2023-05-16T03:00:00+00:00,202305,3430,10,3420
2023-05-16T03:30:00+00:00,202305,3430,17,3413
2023-05-16T04:00:00+00:00,202305,3430,63,3367
2023-05-16T04:30:00+00:00,202305,3430,119,3311
2023-05-16T05:00:00+00:00,202305,3430,135,3295
2023-05-16T05:30:00+00:00,202305,3430,157,3273
2023-05-16T06:00:00+00:00,202305,3430,116,3314
2023-05-16T06:30:00+00:00,202305,3430,114,3316
2023-05-16T07:00:00+00:00,202305,3430,139,3291
2023-05-16T07:30:00+00:00,202305,3430,185,3245
2023-05-16T08:00:00+00:00,202305,3430,351,3079
2023-05-16T08:30:00+00:00,202305,3430,388,3042
2023-05-16T09:00:00+00:00,202305,3430,406,3024
2023-05-16T09:30:00+00:00,202305,3430,322,3108
2023-05-16T10:00:00+00:00,202305,3430,347,3083
2023-05-16T10:30:00+00:00,202305,3430,265,3165
2023-05-16T11:00:00+00:00,202305,3430,253,3177
2023-05-16T11:30:00+00:00,202305,3430,212,3218
2023-05-16T12:00:00+00:00,202305,3430,125,3305
2023-05-16T12:30:00+00:00,202305,3430,91,3339
2023-05-16T13:00:00+00:00,202305,3430,31,3399
2023-05-16T13:30:00+00:00,202305,3430,30,3400
2023-05-16T14:00:00+00:00,202305,3430,13,3417
2023-05-16T14:30:00+00:00,202305,3430,8,3422
2023-05-16T15:00:00+00:00,202305,3430,1,3429
2023-05-16T15:30:00+00:00,202305,3430,3,3427
2023-05-16T16:00:00+00:00,202305,3430,6,3424
2023-05-16T16:30:00+00:00,202305,3430,7,3423
2023-05-16T17:00:00+00:00,202305,3430,7,3423
2023-05-16T17:30:00+00:00,202305,3430,10,3420
2023-05-16T18:00:00+00:00,202305,3430,19,3411
2023-05-16T18:30:00+00:00,202305,3430,28,3402
2023-05-16T19:00:00+00:00,202305,3430,27,3403
2023-05-16T19:30:00+00:00,202305,3430,18,3412
2023-05-16T20:00:00+00:00,202305,3430,8,3422
2023-05-16T20:30:00+00:00,202305,3430,7,3423
2023-05-16T21:00:00+00:00,202305,3430,5,3425
2023-05-16T21:30:00+00:00,202305,3430,1,3429
2023-05-16T22:00:00+00:00,202305,3430,1,3429
2023-05-16T22:30:00+00:00,202305,3430,4,3426
2023-05-16T23:00:00+00:00,202305,3430,7,3423
2023-05-16T23:30:00+00:00,202305,3430,5,3425
2023-05-17T00:00:00+00:00,202305,3430,8,3422
2023-05-17T00:30:00+00:00,202305,3430,11,3419
2023-05-17T01:00:00+00:00,202305,3430,28,3402
2023-05-17T01:30:00+00:00,202305,3430,19,3411
2023-05-17T02:00:00+00:00,202305,3430,0,3430
2023-05-17T02:30:00+00:00,202305,3430,2,3428
2023-05-17T03:00:00+00:00,202305,3430,1,3429
2023-05-17T03:30:00+00:00,202305,3430,4,3426
2023-05-17T04:00:00+00:00,202305,3430,7,3423
2023-05-17T04:30:00+00:00,202305,3430,14,3416
2023-05-17T05:00:00+00:00,202305,3430,14,3416
2023-05-17T05:30:00+00:00,202305,3430,21,3409
2023-05-17T06:00:00+00:00,202305,3430,8,3422
2023-05-17T06:30:00+00:00,202305,3430,24,3406
2023-05-17T07:00:00+00:00,202305,3430,61,3369
2023-05-17T07:30:00+00:00,202305,3430,97,3333
2023-05-17T08:00:00+00:00,202305,3430,61,3369
2023-05-17T08:30:00+00:00,202305,3430,54,3376
2023-05-17T09:00:00+00:00,202305,3430,27,3403
2023-05-17T09:30:00+00:00,202305,3430,53,3377
2023-05-17T10:00:00+00:00,202305,3430,39,3391
2023-05-17T10:30:00+00:00,202305,3430,31,3399
2023-05-17T11:00:00+00:00,202305,3430,25,3405
2023-05-17T11:30:00+00:00,202305,3430,15,3415
2023-05-17T12:00:00+00:00,202305,3430,5,3425
2023-05-17T12:30:00+00:00,202305,3430,6,3424
2023-05-17T13:00:00+00:00,202305,3430,2,3428
2023-05-17T13:30:00+00:00,202305,3430,2,3428
2023-05-17T14:00:00+00:00,202305,3430,3,3427
2023-05-17T14:30:00+00:00,202305,3430,10,3420
2023-05-17T15:00:00+00:00,202305,3430,9,3421
2023-05-17T15:30:00+00:00,202305,3430,5,3425
2023-05-17T16:00:00+00:00,202305,3430,6,3424
2023-05-17T16:30:00+00:00,202305,3430,23,3407
2023-05-17T17:00:00+00:00,202305,3430,25,3405
2023-05-17T17:30:00+00:00,202305,3430,38,3392
2023-05-17T18:00:00+00:00,202305,3430,61,3369
2023-05-17T18:30:00+00:00,202305,3430,108,3322
2023-05-17T19:00:00+00:00,202305,3430,120,3310
2023-05-17T19:30:00+00:00,202305,3430,157,3273
2023-05-17T20:00:00+00:00,202305,3430,150,3280
2023-05-17T20:30:00+00:00,202305,3430,136,3294
2023-05-17T21:00:00+00:00,202305,3430,129,3301
2023-05-17T21:30:00+00:00,202305,3430,90,3340
2023-05-17T22:00:00+00:00,202305,3430,119,3311
2023-05-17T22:30:00+00:00,202305,3430,101,3329
2023-05-17T23:00:00+00:00,202305,3430,84,3346
2023-05-17T23:30:00+00:00,202305,3430,70,3360
2023-05-18T00:00:00+00:00,202305,3430,43,3387
2023-05-18T00:30:00+00:00,202305,3430,19,3411
2023-05-18T01:00:00+00:00,202305,3430,10,3420
2023-05-18T01:30:00+00:00,202305,3430,9,3421
2023-05-18T02:00:00+00:00,202305,3430,9,3421
2023-05-18T02:30:00+00:00,202305,3430,9,3421
2023-05-18T03:00:00+00:00,202305,3430,10,3420
2023-05-18T03:30:00+00:00,202305,3430,13,3417
2023-05-18T04:00:00+00:00,202305,3430,9,3421
2023-05-18T04:30:00+00:00,202305,3430,12,3418
2023-05-18T05:00:00+00:00,202305,3430,16,3414
2023-05-18T05:30:00+00:00,202305,3430,52,3378
2023-05-18T06:00:00+00:00,202305,3430,34,3396
2023-05-18T06:30:00+00:00,202305,3430,34,3396
2023-05-18T07:00:00+00:00,202305,3430,27,3403
2023-05-18T07:30:00+00:00,202305,3430,45,3385
2023-05-18T08:00:00+00:00,202305,3430,62,3368
2023-05-18T08:30:00+00:00,202305,3430,65,3365
2023-05-18T09:00:00+00:00,202305,3430,45,3385
2023-05-18T09:30:00+00:00,202305,3430,72,3358
2023-05-18T10:00:00+00:00,202305,3430,60,3370
2023-05-18T10:30:00+00:00,202305,3430,54,3376
2023-05-18T11:00:00+00:00,202305,3430,59,3371
2023-05-18T11:30:00+00:00,202305,3430,34,3396
2023-05-18T12:00:00+00:00,202305,3430,16,3414
2023-05-18T12:30:00+00:00,202305,3430,28,3402
2023-05-18T13:00:00+00:00,202305,3430,25,3405
2023-05-18T13:30:00+00:00,202305,3430,27,3403
2023-05-18T14:00:00+00:00,202305,3430,27,3403
2023-05-18T14:30:00+00:00,202305,3430,37,3393
2023-05-18T15:00:00+00:00,202305,3430,37,3393
2023-05-18T15:30:00+00:00,202305,3430,72,3358
2023-05-18T16:00:00+00:00,202305,3430,64,3366
2023-05-18T16:30:00+00:00,202305,3430,67,3363
2023-05-18T17:00:00+00:00,202305,3430,78,3352
2023-05-18T17:30:00+00:00,202305,3430,73,3357
2023-05-18T18:00:00+00:00,202305,3430,58,3372
2023-05-18T18:30:00+00:00,202305,3430,30,3400
2023-05-18T19:00:00+00:00,202305,3430,40,3390
2023-05-18T19:30:00+00:00,202305,3430,87,3343
2023-05-18T20:00:00+00:00,202305,3430,60,3370
2023-05-18T20:30:00+00:00,202305,3430,66,3364
2023-05-18T21:00:00+00:00,202305,3430,44,3386
2023-05-18T21:30:00+00:00,202305,3430,39,3391
2023-05-18T22:00:00+00:00,202305,3430,60,3370
2023-05-18T22:30:00+00:00,202305,3430,65,3365
2023-05-18T23:00:00+00:00,202305,3430,64,3366
2023-05-18T23:30:00+00:00,202305,3430,53,3377
2023-05-19T00:00:00+00:00,202305,3430,24,3406
2023-05-19T00:30:00+00:00,202305,3430,10,3420
2023-05-19T01:00:00+00:00,202305,3430,5,3425
2023-05-19T01:30:00+00:00,202305,3430,3,3427
2023-05-19T02:00:00+00:00,202305,3430,2,3428
2023-05-19T02:30:00+00:00,202305,3430,1,3429
2023-05-19T03:00:00+00:00,202305,3430,1,3429
2023-05-19T03:30:00+00:00,202305,3430,2,3428
2023-05-19T04:00:00+00:00,202305,3430,10,3420
2023-05-19T04:30:00+00:00,202305,3430,5,3425
2023-05-19T05:00:00+00:00,202305,3430,14,3416
2023-05-19T05:30:00+00:00,202305,3430,20,3410
2023-05-19T06:00:00+00:00,202305,3430,42,3388
2023-05-19T06:30:00+00:00,202305,3430,71,3359
2023-05-19T07:00:00+00:00,202305,3430,118,3312
2023-05-19T07:30:00+00:00,202305,3430,56,3374
2023-05-19T08:00:00+00:00,202305,3430,61,3369
2023-05-19T08:30:00+00:00,202305,3430,76,3354
2023-05-19T09:00:00+00:00,202305,3430,112,3318
2023-05-19T09:30:00+00:00,202305,3430,100,3330
2023-05-19T10:00:00+00:00,202305,3430,94,3336
2023-05-19T10:30:00+00:00,202305,3430,67,3363
2023-05-19T11:00:00+00:00,202305,3430,43,3387
2023-05-19T11:30:00+00:00,202305,3430,38,3392
2023-05-19T12:00:00+00:00,202305,3430,35,3395
2023-05-19T12:30:00+00:00,202305,3430,44,3386
2023-05-19T13:00:00+00:00,202305,3430,61,3369
2023-05-19T13:30:00+00:00,202305,3430,63,3367
2023-05-19T14:00:00+00:00,202305,3430,57,3373
2023-05-19T14:30:00+00:00,202305,3430,59,3371
2023-05-19T15:00:00+00:00,202305,3430,62,3368
2023-05-19T15:30:00+00:00,202305,3430,46,3384
2023-05-19T16:00:00+00:00,202305,3430,38,3392
2023-05-19T16:30:00+00:00,202305,3430,41,3389
2023-05-19T17:00:00+00:00,202305,3430,41,3389
2023-05-19T17:30:00+00:00,202305,3430,58,3372
2023-05-19T18:00:00+00:00,202305,3430,119,3311
2023-05-19T18:30:00+00:00,202305,3430,132,3298
2023-05-19T19:00:00+00:00,202305,3430,151,3279
2023-05-19T19:30:00+00:00,202305,3430,149,3281
2023-05-19T20:00:00+00:00,202305,3430,132,3298
2023-05-19T20:30:00+00:00,202305,3430,114,3316
2023-05-19T21:00:00+00:00,202305,3430,66,3364
2023-05-19T21:30:00+00:00,202305,3430,79,3351
2023-05-19T22:00:00+00:00,202305,3430,63,3367
2023-05-19T22:30:00+00:00,202305,3430,53,3377
2023-05-19T23:00:00+00:00,202305,3430,20,3410
2023-05-19T23:30:00+00:00,202305,3430,14,3416
2023-05-20T00:00:00+00:00,202305,3430,5,3425
2023-05-20T00:30:00+00:00,202305,3430,7,3423
2023-05-20T01:00:00+00:00,202305,3430,3,3427
2023-05-20T01:30:00+00:00,202305,3430,5,3425
2023-05-20T02:00:00+00:00,202305,3430,4,3426
2023-05-20T02:30:00+00:00,202305,3430,6,3424
2023-05-20T03:00:00+00:00,202305,3430,7,3423
2023-05-20T03:30:00+00:00,202305,3430,11,3419
2023-05-20T04:00:00+00:00,202305,3430,5,3425
2023-05-20T04:30:00+00:00,202305,3430,5,3425
2023-05-20T05:00:00+00:00,202305,3430,9,3421
2023-05-20T05:30:00+00:00,202305,3430,6,3424
2023-05-20T06:00:00+00:00,202305,3430,5,3425
2023-05-20T06:30:00+00:00,202305,3430,0,3430
2023-05-20T07:00:00+00:00,202305,3430,6,3424
2023-05-20T07:30:00+00:00,202305,3430,6,3424
2023-05-20T08:00:00+00:00,202305,3430,24,3406
2023-05-20T08:30:00+00:00,202305,3430,49,3381
2023-05-20T09:00:00+00:00,202305,3430,52,3378
2023-05-20T09:30:00+00:00,202305,3430,78,3352
2023-05-20T10:00:00+00:00,202305,3430,50,3380
2023-05-20T10:30:00+00:00,202305,3430,52,3378
2023-05-20T11:00:00+00:00,202305,3430,26,3404
2023-05-20T11:30:00+00:00,202305,3430,42,3388
2023-05-20T12:00:00+00:00,202305,3430,25,3405
2023-05-20T12:30:00+00:00,202305,3430,16,3414
2023-05-20T13:00:00+00:00,202305,3430,8,3422
2023-05-20T13:30:00+00:00,202305,3430,3,3427
2023-05-20T14:00:00+00:00,202305,3430,0,3430
2023-05-20T14:30:00+00:00,202305,3430,2,3428
2023-05-20T15:00:00+00:00,202305,3430,2,3428
2023-05-20T15:30:00+00:00,202305,3430,2,3428
2023-05-20T16:00:00+00:00,202305,3430,0,3430
2023-05-20T16:30:00+00:00,202305,3430,0,3430
2023-05-20T17:00:00+00:00,202305,3430,0,3430
2023-05-20T18:00:00+00:00,202305,3430,0,3430
2023-05-20T18:30:00+00:00,202305,3430,0,3430
2023-05-20T19:00:00+00:00,202305,3430,15,3415
2023-05-20T19:30:00+00:00,202305,3430,16,3414
2023-05-20T20:00:00+00:00,202305,3430,17,3413
2023-05-20T20:30:00+00:00,202305,3430,11,3419
2023-05-20T21:00:00+00:00,202305,3430,7,3423
2023-05-20T21:30:00+00:00,202305,3430,3,3427
2023-05-20T22:00:00+00:00,202305,3430,2,3428
2023-05-20T22:30:00+00:00,202305,3430,2,3428
2023-05-20T23:00:00+00:00,202305,3430,2,3428
2023-05-20T23:30:00+00:00,202305,3430,2,3428
2023-05-21T00:00:00+00:00,202305,3430,4,3426
2023-05-21T00:30:00+00:00,202305,3430,0,3430
2023-05-21T01:00:00+00:00,202305,3430,0,3430
2023-05-21T01:30:00+00:00,202305,3430,0,3430
2023-05-21T02:00:00+00:00,202305,3430,0,3430
2023-05-21T02:30:00+00:00,202305,3430,0,3430
2023-05-21T03:00:00+00:00,202305,3430,0,3430
2023-05-21T03:30:00+00:00,202305,3430,0,3430
2023-05-21T04:00:00+00:00,202305,3430,1,3429
2023-05-21T04:30:00+00:00,202305,3430,1,3429
2023-05-21T05:00:00+00:00,202305,3430,3,3427
2023-05-21T05:30:00+00:00,202305,3430,4,3426
2023-05-21T06:00:00+00:00,202305,3430,28,3402
2023-05-21T06:30:00+00:00,202305,3430,33,3397
2023-05-21T07:00:00+00:00,202305,3430,32,3398
2023-05-21T07:30:00+00:00,202305,3430,10,3420
2023-05-21T08:00:00+00:00,202305,3430,9,3421
2023-05-21T08:30:00+00:00,202305,3430,21,3409
2023-05-21T09:00:00+00:00,202305,3430,11,3419
2023-05-21T09:30:00+00:00,202305,3430,9,3421
2023-05-21T10:00:00+00:00,202305,3430,6,3424
2023-05-21T10:30:00+00:00,202305,3430,5,3425
2023-05-21T11:00:00+00:00,202305,3430,3,3427
2023-05-21T11:30:00+00:00,202305,3430,1,3429
2023-05-21T12:00:00+00:00,202305,3430,0,3430
2023-05-21T12:30:00+00:00,202305,3430,0,3430
2023-05-21T13:00:00+00:00,202305,3430,0,3430
2023-05-21T13:30:00+00:00,202305,3430,0,3430
2023-05-21T14:00:00+00:00,202305,3430,0,3430
2023-05-21T14:30:00+00:00,202305,3430,0,3430
2023-05-21T15:00:00+00:00,202305,3430,0,3430
2023-05-21T15:30:00+00:00,202305,3430,0,3430
2023-05-21T16:00:00+00:00,202305,3430,6,3424
2023-05-21T16:30:00+00:00,202305,3430,9,3421
2023-05-21T17:00:00+00:00,202305,3430,28,3402
2023-05-21T17:30:00+00:00,202305,3430,41,3389
2023-05-21T18:00:00+00:00,202305,3430,57,3373
2023-05-21T18:30:00+00:00,202305,3430,48,3382
2023-05-21T19:00:00+00:00,202305,3430,34,3396
2023-05-21T19:30:00+00:00,202305,3430,11,3419
2023-05-21T20:00:00+00:00,202305,3430,19,3411
2023-05-21T20:30:00+00:00,202305,3430,14,3416
2023-05-21T21:00:00+00:00,202305,3430,17,3413
2023-05-21T21:30:00+00:00,202305,3430,16,3414
2023-05-21T22:00:00+00:00,202305,3430,16,3414
2023-05-21T22:30:00+00:00,202305,3430,5,3425
2023-05-21T23:00:00+00:00,202305,3430,6,3424
2023-05-21T23:30:00+00:00,202305,3430,0,3430
2023-05-22T00:00:00+00:00,202305,3430,0,3430
2023-05-22T00:30:00+00:00,202305,3430,0,3430
2023-05-22T01:00:00+00:00,202305,3430,0,3430
2023-05-22T01:30:00+00:00,202305,3430,0,3430
2023-05-22T02:00:00+00:00,202305,3430,0,3430
2023-05-22T02:30:00+00:00,202305,3430,0,3430
2023-05-22T03:00:00+00:00,202305,3430,0,3430
2023-05-22T03:30:00+00:00,202305,3430,0,3430
2023-05-22T04:00:00+00:00,202305,3430,0,3430
2023-05-22T04:30:00+00:00,202305,3430,4,3426
2023-05-22T05:00:00+00:00,202305,3430,6,3424
2023-05-22T05:30:00+00:00,202305,3430,14,3416
2023-05-22T06:00:00+00:00,202305,3430,16,3414
2023-05-22T06:30:00+00:00,202305,3430,19,3411
2023-05-22T07:00:00+00:00,202305,3430,31,3399
2023-05-22T07:30:00+00:00,202305,3430,15,3415
2023-05-22T08:00:00+00:00,202305,3430,17,3413
2023-05-22T08:30:00+00:00,202305,3430,53,3377
2023-05-22T09:00:00+00:00,202305,3430,49,3381
2023-05-22T09:30:00+00:00,202305,3430,43,3387
2023-05-22T10:00:00+00:00,202305,3430,29,3401
2023-05-22T10:30:00+00:00,202305,3430,23,3407
2023-05-22T11:00:00+00:00,202305,3430,18,3412
2023-05-22T11:30:00+00:00,202305,3430,18,3412
2023-05-22T12:00:00+00:00,202305,3430,12,3418
2023-05-22T12:30:00+00:00,202305,3430,12,3418
2023-05-22T13:00:00+00:00,202305,3430,6,3424
2023-05-22T13:30:00+00:00,202305,3430,2,3428
2023-05-22T14:00:00+00:00,202305,3430,0,3430
2023-05-22T14:30:00+00:00,202305,3430,0,3430
2023-05-22T15:00:00+00:00,202305,3430,0,3430
2023-05-22T15:30:00+00:00,202305,3430,0,3430
2023-05-22T16:00:00+00:00,202305,3430,0,3430
2023-05-22T16:30:00+00:00,202305,3430,0,3430
2023-05-22T17:00:00+00:00,202305,3430,0,3430
2023-05-22T17:30:00+00:00,202305,3430,0,3430
2023-05-22T18:00:00+00:00,202305,3430,0,3430
2023-05-22T18:30:00+00:00,202305,3430,0,3430
2023-05-22T19:00:00+00:00,202305,3430,14,3416
2023-05-22T19:30:00+00:00,202305,3430,29,3401
2023-05-22T20:00:00+00:00,202305,3430,36,3394
2023-05-22T20:30:00+00:00,202305,3430,25,3405
2023-05-22T21:00:00+00:00,202305,3430,19,3411
2023-05-22T21:30:00+00:00,202305,3430,13,3417
2023-05-22T22:00:00+00:00,202305,3430,7,3423
2023-05-22T22:30:00+00:00,202305,3430,7,3423
2023-05-22T23:00:00+00:00,202305,3430,1,3429
2023-05-22T23:30:00+00:00,202305,3430,1,3429
2023-05-23T00:00:00+00:00,202305,3430,0,3430
2023-05-23T00:30:00+00:00,202305,3430,0,3430
2023-05-23T01:00:00+00:00,202305,3430,0,3430
2023-05-23T01:30:00+00:00,202305,3430,0,3430
2023-05-23T02:00:00+00:00,202305,3430,0,3430
2023-05-23T02:30:00+00:00,202305,3430,0,3430
2023-05-23T03:00:00+00:00,202305,3430,0,3430
2023-05-23T03:30:00+00:00,202305,3430,0,3430
2023-05-23T04:00:00+00:00,202305,3430,4,3426
2023-05-23T04:30:00+00:00,202305,3430,8,3422
2023-05-23T05:00:00+00:00,202305,3430,7,3423
2023-05-23T05:30:00+00:00,202305,3430,19,3411
2023-05-23T06:00:00+00:00,202305,3430,15,3415
2023-05-23T06:30:00+00:00,202305,3430,13,3417
2023-05-23T07:00:00+00:00,202305,3430,25,3405
2023-05-23T07:30:00+00:00,202305,3430,30,3400
2023-05-23T08:00:00+00:00,202305,3430,47,3383
2023-05-23T08:30:00+00:00,202305,3430,47,3383
2023-05-23T09:00:00+00:00,202305,3430,43,3387
2023-05-23T09:30:00+00:00,202305,3430,21,3409
2023-05-23T10:00:00+00:00,202305,3430,25,3405
2023-05-23T10:30:00+00:00,202305,3430,23,3407
2023-05-23T11:00:00+00:00,202305,3430,22,3408
2023-05-23T11:30:00+00:00,202305,3430,19,3411
2023-05-23T12:00:00+00:00,202305,3430,12,3418
2023-05-23T12:30:00+00:00,202305,3430,6,3424
2023-05-23T13:00:00+00:00,202305,3430,0,3430
2023-05-23T13:30:00+00:00,202305,3430,0,3430
2023-05-23T14:00:00+00:00,202305,3430,0,3430
2023-05-23T14:30:00+00:00,202305,3430,0,3430
2023-05-23T15:00:00+00:00,202305,3430,0,3430
2023-05-23T15:30:00+00:00,202305,3430,0,3430
2023-05-23T16:00:00+00:00,202305,3430,0,3430
2023-05-23T16:30:00+00:00,202305,3430,0,3430
2023-05-23T17:00:00+00:00,202305,3430,2,3428
2023-05-23T17:30:00+00:00,202305,3430,8,3422
2023-05-23T18:00:00+00:00,202305,3430,21,3409
2023-05-23T18:30:00+00:00,202305,3430,14,3416
2023-05-23T19:00:00+00:00,202305,3430,13,3417
2023-05-23T19:30:00+00:00,202305,3430,7,3423
2023-05-23T20:00:00+00:00,202305,3430,19,3411
2023-05-23T20:30:00+00:00,202305,3430,26,3404
2023-05-23T21:00:00+00:00,202305,3430,27,3403
2023-05-23T22:00:00+00:00,202305,3430,29,3401
2023-05-23T22:30:00+00:00,202305,3430,17,3413
2023-05-23T23:00:00+00:00,202305,3430,5,3425
2023-05-23T23:30:00+00:00,202305,3430,2,3428
2023-05-24T00:00:00+00:00,202305,3430,0,3430
2023-05-24T00:30:00+00:00,202305,3430,2,3428
2023-05-24T01:00:00+00:00,202305,3430,8,3422
2023-05-24T01:30:00+00:00,202305,3430,3,3427
2023-05-24T02:00:00+00:00,202305,3430,0,3430
2023-05-24T02:30:00+00:00,202305,3430,0,3430
2023-05-24T03:00:00+00:00,202305,3430,0,3430
2023-05-24T03:30:00+00:00,202305,3430,2,3428
2023-05-24T04:00:00+00:00,202305,3430,3,3427
2023-05-24T04:30:00+00:00,202305,3430,4,3426
2023-05-24T05:00:00+00:00,202305,3430,11,3419
2023-05-24T05:30:00+00:00,202305,3430,10,3420
2023-05-24T06:00:00+00:00,202305,3430,45,3385
2023-05-24T06:30:00+00:00,202305,3430,104,3326
2023-05-24T07:00:00+00:00,202305,3430,156,3274
2023-05-24T07:30:00+00:00,202305,3430,266,3164
2023-05-24T08:00:00+00:00,202305,3430,353,3077
2023-05-24T08:30:00+00:00,202305,3430,377,3053
2023-05-24T09:00:00+00:00,202305,3430,411,3019
2023-05-24T09:30:00+00:00,202305,3430,452,2978
2023-05-24T10:00:00+00:00,202305,3430,455,2975
2023-05-24T10:30:00+00:00,202305,3430,394,3036
2023-05-24T11:00:00+00:00,202305,3430,360,3070
2023-05-24T11:30:00+00:00,202305,3430,338,3092
2023-05-24T12:00:00+00:00,202305,3430,371,3059
2023-05-24T12:30:00+00:00,202305,3430,219,3211
2023-05-24T13:00:00+00:00,202305,3430,173,3257
2023-05-24T13:30:00+00:00,202305,3430,126,3304
2023-05-24T14:00:00+00:00,202305,3430,59,3371
2023-05-24T14:30:00+00:00,202305,3430,42,3388
2023-05-24T15:00:00+00:00,202305,3430,21,3409
2023-05-24T15:30:00+00:00,202305,3430,70,3360
2023-05-24T16:00:00+00:00,202305,3430,113,3317
2023-05-24T16:30:00+00:00,202305,3430,93,3337
2023-05-24T17:00:00+00:00,202305,3430,116,3314
2023-05-24T17:30:00+00:00,202305,3430,124,3306
2023-05-24T18:00:00+00:00,202305,3430,121,3309
2023-05-24T18:30:00+00:00,202305,3430,142,3288
2023-05-24T19:00:00+00:00,202305,3430,156,3274
2023-05-24T19:30:00+00:00,202305,3430,202,3228
2023-05-24T20:00:00+00:00,202305,3430,186,3244
2023-05-24T20:30:00+00:00,202305,3430,179,3251
2023-05-24T21:00:00+00:00,202305,3430,140,3290
2023-05-24T21:30:00+00:00,202305,3430,123,3307
2023-05-24T22:00:00+00:00,202305,3430,121,3309
2023-05-24T22:30:00+00:00,202305,3430,105,3325
2023-05-24T23:00:00+00:00,202305,3430,149,3281
2023-05-24T23:30:00+00:00,202305,3430,149,3281
2023-05-25T00:00:00+00:00,202305,3430,119,3311
2023-05-25T00:30:00+00:00,202305,3430,137,3293
2023-05-25T01:00:00+00:00,202305,3430,105,3325
2023-05-25T01:30:00+00:00,202305,3430,80,3350
2023-05-25T02:00:00+00:00,202305,3430,72,3358
2023-05-25T02:30:00+00:00,202305,3430,78,3352
2023-05-25T03:00:00+00:00,202305,3430,87,3343
2023-05-25T03:30:00+00:00,202305,3430,103,3327
2023-05-25T04:00:00+00:00,202305,3430,239,3191
2023-05-25T04:30:00+00:00,202305,3430,408,3022
2023-05-25T05:00:00+00:00,202305,3430,400,3030
2023-05-25T05:30:00+00:00,202305,3430,469,2961
2023-05-25T06:00:00+00:00,202305,3430,400,3030
2023-05-25T06:30:00+00:00,202305,3430,374,3056
2023-05-25T07:00:00+00:00,202305,3430,337,3093
2023-05-25T07:30:00+00:00,202305,3430,334,3096
2023-05-25T08:00:00+00:00,202305,3430,322,3108
2023-05-25T08:30:00+00:00,202305,3430,399,3031
2023-05-25T09:00:00+00:00,202305,3430,420,3010
2023-05-25T09:30:00+00:00,202305,3430,489,2941
2023-05-25T10:00:00+00:00,202305,3430,430,3000
2023-05-25T10:30:00+00:00,202305,3430,392,3038
2023-05-25T11:00:00+00:00,202305,3430,329,3101
2023-05-25T11:30:00+00:00,202305,3430,284,3146
2023-05-25T12:00:00+00:00,202305,3430,185,3245
2023-05-25T12:30:00+00:00,202305,3430,131,3299
2023-05-25T13:00:00+00:00,202305,3430,89,3341
2023-05-25T13:30:00+00:00,202305,3430,54,3376
2023-05-25T14:00:00+00:00,202305,3430,43,3387
2023-05-25T14:30:00+00:00,202305,3430,29,3401
2023-05-25T15:00:00+00:00,202305,3430,68,3362
2023-05-25T15:30:00+00:00,202305,3430,96,3334
2023-05-25T16:00:00+00:00,202305,3430,98,3332
2023-05-25T16:30:00+00:00,202305,3430,113,3317
2023-05-25T17:00:00+00:00,202305,3430,117,3313
2023-05-25T17:30:00+00:00,202305,3430,92,3338
2023-05-25T18:00:00+00:00,202305,3430,105,3325
2023-05-25T18:30:00+00:00,202305,3430,97,3333
2023-05-25T19:00:00+00:00,202305,3430,87,3343
2023-05-25T19:30:00+00:00,202305,3430,83,3347
2023-05-25T20:00:00+00:00,202305,3430,83,3347
2023-05-25T20:30:00+00:00,202305,3430,83,3347
2023-05-25T21:00:00+00:00,202305,3430,97,3333
2023-05-25T21:30:00+00:00,202305,3430,116,3314
2023-05-25T22:00:00+00:00,202305,3430,184,3246
2023-05-25T22:30:00+00:00,202305,3430,167,3263
2023-05-25T23:00:00+00:00,202305,3430,158,3272
2023-05-25T23:30:00+00:00,202305,3430,143,3287
2023-05-26T00:00:00+00:00,202305,3430,86,3344
2023-05-26T00:30:00+00:00,202305,3430,56,3374
2023-05-26T01:00:00+00:00,202305,3430,33,3397
2023-05-26T01:30:00+00:00,202305,3430,21,3409
2023-05-26T02:00:00+00:00,202305,3430,27,3403
2023-05-26T02:30:00+00:00,202305,3430,24,3406
2023-05-26T03:00:00+00:00,202305,3430,19,3411
2023-05-26T03:30:00+00:00,202305,3430,15,3415
2023-05-26T04:00:00+00:00,202305,3430,18,3412
2023-05-26T04:30:00+00:00,202305,3430,26,3404
2023-05-26T05:00:00+00:00,202305,3430,59,3371
2023-05-26T05:30:00+00:00,202305,3430,77,3353
2023-05-26T06:00:00+00:00,202305,3430,154,3276
2023-05-26T06:30:00+00:00,202305,3430,138,3292
2023-05-26T07:00:00+00:00,202305,3430,135,3295
2023-05-26T07:30:00+00:00,202305,3430,95,3335
2023-05-26T08:00:00+00:00,202305,3430,127,3303
2023-05-26T08:30:00+00:00,202305,3430,147,3283
2023-05-26T09:00:00+00:00,202305,3430,171,3259
2023-05-26T09:30:00+00:00,202305,3430,167,3263
2023-05-26T10:00:00+00:00,202305,3430,157,3273
2023-05-26T10:30:00+00:00,202305,3430,145,3285
2023-05-26T11:00:00+00:00,202305,3430,90,3340
2023-05-26T11:30:00+00:00,202305,3430,74,3356
2023-05-26T12:00:00+00:00,202305,3430,32,3398
2023-05-26T12:30:00+00:00,202305,3430,30,3400
2023-05-26T13:00:00+00:00,202305,3430,25,3405
2023-05-26T13:30:00+00:00,202305,3430,27,3403
2023-05-26T14:00:00+00:00,202305,3430,26,3404
2023-05-26T14:30:00+00:00,202305,3430,30,3400
2023-05-26T15:00:00+00:00,202305,3430,37,3393
2023-05-26T15:30:00+00:00,202305,3430,43,3387
2023-05-26T16:00:00+00:00,202305,3430,37,3393
2023-05-26T16:30:00+00:00,202305,3430,54,3376
2023-05-26T17:00:00+00:00,202305,3430,46,3384
2023-05-26T17:30:00+00:00,202305,3430,30,3400
2023-05-26T18:00:00+00:00,202305,3430,28,3402
2023-05-26T18:30:00+00:00,202305,3430,43,3387
2023-05-26T19:00:00+00:00,202305,3430,44,3386
2023-05-26T19:30:00+00:00,202305,3430,54,3376
2023-05-26T20:00:00+00:00,202305,3430,45,3385
2023-05-26T20:30:00+00:00,202305,3430,35,3395
2023-05-26T21:00:00+00:00,202305,3430,33,3397
2023-05-26T21:30:00+00:00,202305,3430,23,3407
2023-05-26T22:00:00+00:00,202305,3430,31,3399
2023-05-26T22:30:00+00:00,202305,3430,40,3390
2023-05-26T23:00:00+00:00,202305,3430,34,3396
2023-05-26T23:30:00+00:00,202305,3430,27,3403
2023-05-27T00:00:00+00:00,202305,3430,16,3414
2023-05-27T00:30:00+00:00,202305,3430,9,3421
2023-05-27T01:00:00+00:00,202305,3430,4,3426
2023-05-27T01:30:00+00:00,202305,3430,2,3428
2023-05-27T02:00:00+00:00,202305,3430,2,3428
2023-05-27T02:30:00+00:00,202305,3430,1,3429
2023-05-27T03:00:00+00:00,202305,3430,0,3430
2023-05-27T03:30:00+00:00,202305,3430,0,3430
2023-05-27T04:00:00+00:00,202305,3430,1,3429
2023-05-27T04:30:00+00:00,202305,3430,5,3425
2023-05-27T05:00:00+00:00,202305,3430,13,3417
2023-05-27T05:30:00+00:00,202305,3430,21,3409
2023-05-27T06:00:00+00:00,202305,3430,16,3414
2023-05-27T06:30:00+00:00,202305,3430,16,3414
2023-05-27T07:00:00+00:00,202305,3430,20,3410
2023-05-27T07:30:00+00:00,202305,3430,34,3396
2023-05-27T08:00:00+00:00,202305,3430,52,3378
2023-05-27T08:30:00+00:00,202305,3430,48,3382
2023-05-27T09:00:00+00:00,202305,3430,36,3394
2023-05-27T09:30:00+00:00,202305,3430,35,3395
2023-05-27T10:00:00+00:00,202305,3430,38,3392
2023-05-27T10:30:00+00:00,202305,3430,23,3407
2023-05-27T11:00:00+00:00,202305,3430,12,3418
2023-05-27T11:30:00+00:00,202305,3430,4,3426
2023-05-27T12:00:00+00:00,202305,3430,2,3428
2023-05-27T12:30:00+00:00,202305,3430,0,3430
2023-05-27T13:00:00+00:00,202305,3430,1,3429
2023-05-27T13:30:00+00:00,202305,3430,0,3430
2023-05-27T14:00:00+00:00,202305,3430,0,3430
2023-05-27T14:30:00+00:00,202305,3430,0,3430
2023-05-27T15:00:00+00:00,202305,3430,0,3430
2023-05-27T15:30:00+00:00,202305,3430,0,3430
2023-05-27T16:00:00+00:00,202305,3430,0,3430
2023-05-27T16:30:00+00:00,202305,3430,0,3430
2023-05-27T17:00:00+00:00,202305,3430,0,3430
2023-05-27T17:30:00+00:00,202305,3430,0,3430
2023-05-27T18:00:00+00:00,202305,3430,2,3428
2023-05-27T18:30:00+00:00,202305,3430,1,3429
2023-05-27T19:00:00+00:00,202305,3430,2,3428
2023-05-27T19:30:00+00:00,202305,3430,13,3417
2023-05-27T20:00:00+00:00,202305,3430,19,3411
2023-05-27T20:30:00+00:00,202305,3430,41,3389
2023-05-27T21:00:00+00:00,202305,3430,66,3364
2023-05-27T21:30:00+00:00,202305,3430,91,3339
2023-05-27T22:00:00+00:00,202305,3430,96,3334
2023-05-27T22:30:00+00:00,202305,3430,96,3334
2023-05-27T23:00:00+00:00,202305,3430,103,3327
2023-05-27T23:30:00+00:00,202305,3430,90,3340
2023-05-28T00:00:00+00:00,202305,3430,75,3355
2023-05-28T00:30:00+00:00,202305,3430,60,3370
2023-05-28T01:00:00+00:00,202305,3430,52,3378
2023-05-28T01:30:00+00:00,202305,3430,20,3410
2023-05-28T02:00:00+00:00,202305,3430,29,3401
2023-05-28T02:30:00+00:00,202305,3430,29,3401
2023-05-28T03:00:00+00:00,202305,3430,31,3399
2023-05-28T03:30:00+00:00,202305,3430,32,3398
2023-05-28T04:00:00+00:00,202305,3430,59,3371
2023-05-28T04:30:00+00:00,202305,3430,54,3376
2023-05-28T05:00:00+00:00,202305,3430,33,3397
2023-05-28T05:30:00+00:00,202305,3430,34,3396
2023-05-28T06:00:00+00:00,202305,3430,33,3397
2023-05-28T06:30:00+00:00,202305,3430,44,3386
2023-05-28T07:00:00+00:00,202305,3430,80,3350
2023-05-28T07:30:00+00:00,202305,3430,137,3293
2023-05-28T08:00:00+00:00,202305,3430,171,3259
2023-05-28T08:30:00+00:00,202305,3430,171,3259
2023-05-28T09:00:00+00:00,202305,3430,178,3252
2023-05-28T09:30:00+00:00,202305,3430,188,3242
2023-05-28T10:00:00+00:00,202305,3430,129,3301
2023-05-28T10:30:00+00:00,202305,3430,94,3336
2023-05-28T11:00:00+00:00,202305,3430,44,3386
2023-05-28T11:30:00+00:00,202305,3430,22,3408
2023-05-28T12:00:00+00:00,202305,3430,9,3421
2023-05-28T12:30:00+00:00,202305,3430,10,3420
2023-05-28T13:00:00+00:00,202305,3430,8,3422
2023-05-28T13:30:00+00:00,202305,3430,0,3430
2023-05-28T14:00:00+00:00,202305,3430,0,3430
2023-05-28T14:30:00+00:00,202305,3430,0,3430
2023-05-28T15:00:00+00:00,202305,3430,0,3430
2023-05-28T15:30:00+00:00,202305,3430,0,3430
2023-05-28T16:00:00+00:00,202305,3430,3,3427
2023-05-28T16:30:00+00:00,202305,3430,9,3421
2023-05-28T17:00:00+00:00,202305,3430,14,3416
2023-05-28T17:30:00+00:00,202305,3430,22,3408
2023-05-28T18:00:00+00:00,202305,3430,39,3391
2023-05-28T18:30:00+00:00,202305,3430,30,3400
2023-05-28T19:00:00+00:00,202305,3430,30,3400
2023-05-28T19:30:00+00:00,202305,3430,25,3405
2023-05-28T20:00:00+00:00,202305,3430,22,3408
2023-05-28T20:30:00+00:00,202305,3430,20,3410
2023-05-28T21:00:00+00:00,202305,3430,26,3404
2023-05-28T21:30:00+00:00,202305,3430,28,3402
2023-05-28T22:00:00+00:00,202305,3430,35,3395
2023-05-28T22:30:00+00:00,202305,3430,27,3403
2023-05-28T23:00:00+00:00,202305,3430,20,3410
2023-05-28T23:30:00+00:00,202305,3430,22,3408
2023-05-29T00:00:00+00:00,202305,3430,24,3406
2023-05-29T00:30:00+00:00,202305,3430,22,3408
2023-05-29T01:00:00+00:00,202305,3430,19,3411
2023-05-29T01:30:00+00:00,202305,3430,15,3415
2023-05-29T02:00:00+00:00,202305,3430,11,3419
2023-05-29T02:30:00+00:00,202305,3430,10,3420
2023-05-29T03:00:00+00:00,202305,3430,7,3423
2023-05-29T03:30:00+00:00,202305,3430,17,3413
2023-05-29T04:00:00+00:00,202305,3430,38,3392
2023-05-29T04:30:00+00:00,202305,3430,45,3385
2023-05-29T05:00:00+00:00,202305,3430,63,3367
2023-05-29T05:30:00+00:00,202305,3430,60,3370
2023-05-29T06:00:00+00:00,202305,3430,33,3397
2023-05-29T06:30:00+00:00,202305,3430,55,3375
2023-05-29T07:00:00+00:00,202305,3430,97,3333
2023-05-29T07:30:00+00:00,202305,3430,133,3297
2023-05-29T08:00:00+00:00,202305,3430,210,3220
2023-05-29T08:30:00+00:00,202305,3430,263,3167
2023-05-29T09:00:00+00:00,202305,3430,271,3159
2023-05-29T09:30:00+00:00,202305,3430,264,3166
2023-05-29T10:00:00+00:00,202305,3430,195,3235
2023-05-29T10:30:00+00:00,202305,3430,168,3262
2023-05-29T11:00:00+00:00,202305,3430,52,3378
2023-05-29T11:30:00+00:00,202305,3430,36,3394
2023-05-29T12:00:00+00:00,202305,3430,10,3420
2023-05-29T12:30:00+00:00,202305,3430,5,3425
2023-05-29T13:00:00+00:00,202305,3430,3,3427
2023-05-29T13:30:00+00:00,202305,3430,2,3428
2023-05-29T14:00:00+00:00,202305,3430,2,3428
2023-05-29T14:30:00+00:00,202305,3430,3,3427
2023-05-29T15:00:00+00:00,202305,3430,3,3427
2023-05-29T15:30:00+00:00,202305,3430,2,3428
2023-05-29T16:00:00+00:00,202305,3430,2,3428
2023-05-29T16:30:00+00:00,202305,3430,2,3428
2023-05-29T17:00:00+00:00,202305,3430,4,3426
2023-05-29T17:30:00+00:00,202305,3430,2,3428
2023-05-29T18:00:00+00:00,202305,3430,1,3429
2023-05-29T18:30:00+00:00,202305,3430,0,3430
2023-05-29T19:00:00+00:00,202305,3430,8,3422
2023-05-29T19:30:00+00:00,202305,3430,16,3414
2023-05-29T20:00:00+00:00,202305,3430,22,3408
2023-05-29T20:30:00+00:00,202305,3430,11,3419
2023-05-29T21:00:00+00:00,202305,3430,10,3420
2023-05-29T21:30:00+00:00,202305,3430,7,3423
2023-05-29T22:00:00+00:00,202305,3430,4,3426
2023-05-29T22:30:00+00:00,202305,3430,4,3426
2023-05-29T23:00:00+00:00,202305,3430,2,3428
2023-05-29T23:30:00+00:00,202305,3430,1,3429
2023-05-30T00:00:00+00:00,202305,3430,1,3429
2023-05-30T00:30:00+00:00,202305,3430,1,3429
2023-05-30T01:00:00+00:00,202305,3430,0,3430
2023-05-30T01:30:00+00:00,202305,3430,0,3430
2023-05-30T02:00:00+00:00,202305,3430,0,3430
2023-05-30T02:30:00+00:00,202305,3430,0,3430
2023-05-30T03:00:00+00:00,202305,3430,1,3429
2023-05-30T03:30:00+00:00,202305,3430,7,3423
2023-05-30T04:00:00+00:00,202305,3430,12,3418
2023-05-30T04:30:00+00:00,202305,3430,24,3406
2023-05-30T05:00:00+00:00,202305,3430,36,3394
2023-05-30T05:30:00+00:00,202305,3430,44,3386
2023-05-30T06:00:00+00:00,202305,3430,106,3324
2023-05-30T06:30:00+00:00,202305,3430,187,3243
2023-05-30T07:00:00+00:00,202305,3430,371,3059
2023-05-30T07:30:00+00:00,202305,3430,491,2939
2023-05-30T08:00:00+00:00,202305,3430,574,2856
2023-05-30T08:30:00+00:00,202305,3430,633,2797
2023-05-30T09:00:00+00:00,202305,3430,639,2791
2023-05-30T09:30:00+00:00,202305,3430,685,2745
2023-05-30T10:00:00+00:00,202305,3430,648,2782
2023-05-30T10:30:00+00:00,202305,3430,459,2971
2023-05-30T11:00:00+00:00,202305,3430,413,3017
2023-05-30T11:30:00+00:00,202305,3430,377,3053
2023-05-30T12:00:00+00:00,202305,3430,466,2964
2023-05-30T12:30:00+00:00,202305,3430,244,3186
2023-05-30T13:00:00+00:00,202305,3430,156,3274
2023-05-30T13:30:00+00:00,202305,3430,122,3308
2023-05-30T14:00:00+00:00,202305,3430,95,3335
2023-05-30T14:30:00+00:00,202305,3430,52,3378
2023-05-30T15:00:00+00:00,202305,3430,200,3230
2023-05-30T16:00:00+00:00,202305,3430,323,3107
2023-05-30T16:30:00+00:00,202305,3430,296,3134
2023-05-30T17:00:00+00:00,202305,3430,170,3260
2023-05-30T17:30:00+00:00,202305,3430,128,3302
2023-05-30T18:00:00+00:00,202305,3430,16,3414
2023-05-30T18:30:00+00:00,202305,3430,13,3417
2023-05-30T19:00:00+00:00,202305,3430,12,3418
2023-05-30T19:30:00+00:00,202305,3430,13,3417
2023-05-30T20:00:00+00:00,202305,3430,16,3414
2023-05-30T20:30:00+00:00,202305,3430,26,3404
2023-05-30T21:00:00+00:00,202305,3430,28,3402
2023-05-30T21:30:00+00:00,202305,3430,26,3404
2023-05-30T22:00:00+00:00,202305,3430,18,3412
2023-05-30T22:30:00+00:00,202305,3430,12,3418
2023-05-30T23:00:00+00:00,202305,3430,7,3423
2023-05-30T23:30:00+00:00,202305,3430,4,3426
2023-05-31T00:00:00+00:00,202305,3430,4,3426
2023-05-31T00:30:00+00:00,202305,3430,5,3425
2023-05-31T01:00:00+00:00,202305,3430,3,3427
2023-05-31T01:30:00+00:00,202305,3430,1,3429
2023-05-31T02:00:00+00:00,202305,3430,0,3430
2023-05-31T02:30:00+00:00,202305,3430,1,3429
2023-05-31T03:00:00+00:00,202305,3430,1,3429
2023-05-31T03:30:00+00:00,202305,3430,11,3419
2023-05-31T04:00:00+00:00,202305,3430,13,3417
2023-05-31T04:30:00+00:00,202305,3430,17,3413
2023-05-31T05:00:00+00:00,202305,3430,19,3411
2023-05-31T05:30:00+00:00,202305,3430,18,3412
2023-05-31T06:00:00+00:00,202305,3430,19,3411
2023-05-31T06:30:00+00:00,202305,3430,31,3399
2023-05-31T07:00:00+00:00,202305,3430,75,3355
2023-05-31T07:30:00+00:00,202305,3430,90,3340
2023-05-31T08:00:00+00:00,202305,3430,166,3264
2023-05-31T08:30:00+00:00,202305,3430,167,3263
2023-05-31T09:00:00+00:00,202305,3430,165,3265
2023-05-31T10:00:00+00:00,202305,3430,123,3307
2023-05-31T10:30:00+00:00,202305,3430,111,3319
2023-05-31T11:00:00+00:00,202305,3430,89,3341
2023-05-31T11:30:00+00:00,202305,3430,75,3355
2023-05-31T12:00:00+00:00,202305,3430,77,3353
2023-05-31T12:30:00+00:00,202305,3430,51,3379
2023-05-31T13:00:00+00:00,202305,3430,46,3384
2023-05-31T13:30:00+00:00,202305,3430,41,3389
2023-05-31T14:00:00+00:00,202305,3430,33,3397
2023-05-31T14:30:00+00:00,202305,3430,29,3401
2023-05-31T15:00:00+00:00,202305,3430,76,3354
2023-05-31T15:30:00+00:00,202305,3430,119,3311
2023-05-31T16:00:00+00:00,202305,3430,156,3274
2023-05-31T16:30:00+00:00,202305,3430,157,3273
2023-05-31T17:00:00+00:00,202305,3430,178,3252
2023-05-31T17:30:00+00:00,202305,3430,131,3299
2023-05-31T18:00:00+00:00,202305,3430,172,3258
2023-05-31T18:30:00+00:00,202305,3430,200,3230
2023-05-31T19:00:00+00:00,202305,3430,204,3226
2023-05-31T19:30:00+00:00,202305,3430,223,3207
2023-05-31T20:00:00+00:00,202305,3430,235,3195
2023-05-31T20:30:00+00:00,202305,3430,195,3235
2023-05-31T21:00:00+00:00,202305,3430,173,3257
2023-05-31T21:30:00+00:00,202305,3430,136,3294
2023-05-31T22:00:00+00:00,202305,3430,170,3260
2023-05-31T22:30:00+00:00,202305,3430,64,3366
2023-05-31T23:00:00+00:00,202305,3430,28,3402
2023-05-31T23:30:00+00:00,202305,3430,20,3410
2023-06-01T00:00:00+00:00,202306,3430,7,3423
2023-06-01T00:30:00+00:00,202306,3430,91,3339
2023-06-01T01:00:00+00:00,202306,3430,1,3429
2023-06-01T01:30:00+00:00,202306,3430,1,3429
2023-06-01T02:00:00+00:00,202306,3430,1,3429
2023-06-01T02:30:00+00:00,202306,3430,3,3427
2023-06-01T03:00:00+00:00,202306,3430,3,3427
2023-06-01T03:30:00+00:00,202306,3430,7,3423
2023-06-01T04:00:00+00:00,202306,3430,57,3373
2023-06-01T04:30:00+00:00,202306,3430,82,3348
2023-06-01T05:00:00+00:00,202306,3430,72,3358
2023-06-01T05:30:00+00:00,202306,3430,59,3371
2023-06-01T06:00:00+00:00,202306,3430,75,3355
2023-06-01T06:30:00+00:00,202306,3430,108,3322
2023-06-01T07:00:00+00:00,202306,3430,161,3269
2023-06-01T07:30:00+00:00,202306,3430,205,3225
2023-06-01T08:00:00+00:00,202306,3430,238,3192
2023-06-01T08:30:00+00:00,202306,3430,252,3178
2023-06-01T09:00:00+00:00,202306,3430,311,3119
2023-06-01T09:30:00+00:00,202306,3430,329,3101
2023-06-01T10:00:00+00:00,202306,3430,360,3070
2023-06-01T10:30:00+00:00,202306,3430,319,3111
2023-06-01T11:00:00+00:00,202306,3430,287,3143
2023-06-01T11:30:00+00:00,202306,3430,251,3179
2023-06-01T12:00:00+00:00,202306,3430,207,3223
2023-06-01T12:30:00+00:00,202306,3430,138,3292
2023-06-01T13:00:00+00:00,202306,3430,85,3345
2023-06-01T13:30:00+00:00,202306,3430,122,3308
2023-06-01T14:00:00+00:00,202306,3430,43,3387
2023-06-01T14:30:00+00:00,202306,3430,43,3387
2023-06-01T15:00:00+00:00,202306,3430,43,3387
2023-06-01T15:30:00+00:00,202306,3430,102,3328
2023-06-01T16:00:00+00:00,202306,3430,90,3340
2023-06-01T16:30:00+00:00,202306,3430,108,3322
2023-06-01T17:00:00+00:00,202306,3430,107,3323
2023-06-01T17:30:00+00:00,202306,3430,127,3303
2023-06-01T18:00:00+00:00,202306,3430,88,3342
2023-06-01T18:30:00+00:00,202306,3430,64,3366
2023-06-01T19:00:00+00:00,202306,3430,62,3368
2023-06-01T19:30:00+00:00,202306,3430,101,3329
2023-06-01T20:00:00+00:00,202306,3430,136,3294
2023-06-01T20:30:00+00:00,202306,3430,91,3339
2023-06-01T21:00:00+00:00,202306,3430,78,3352
2023-06-01T21:30:00+00:00,202306,3430,75,3355
2023-06-01T22:00:00+00:00,202306,3430,83,3347
2023-06-01T22:30:00+00:00,202306,3430,71,3359
2023-06-01T23:00:00+00:00,202306,3430,65,3365
2023-06-01T23:30:00+00:00,202306,3430,67,3363
2023-06-02T00:00:00+00:00,202306,3430,72,3358
2023-06-02T00:30:00+00:00,202306,3430,67,3363
2023-06-02T01:00:00+00:00,202306,3430,48,3382
2023-06-02T01:30:00+00:00,202306,3430,59,3371
2023-06-02T02:00:00+00:00,202306,3430,27,3403
2023-06-02T02:30:00+00:00,202306,3430,22,3408
2023-06-02T03:00:00+00:00,202306,3430,24,3406
2023-06-02T03:30:00+00:00,202306,3430,55,3375
2023-06-02T04:00:00+00:00,202306,3430,96,3334
2023-06-02T04:30:00+00:00,202306,3430,164,3266
2023-06-02T05:00:00+00:00,202306,3430,143,3287
2023-06-02T05:30:00+00:00,202306,3430,193,3237
2023-06-02T06:00:00+00:00,202306,3430,217,3213
2023-06-02T06:30:00+00:00,202306,3430,300,3130
2023-06-02T07:00:00+00:00,202306,3430,500,2930
2023-06-02T07:30:00+00:00,202306,3430,639,2791
2023-06-02T08:00:00+00:00,202306,3430,738,2692
2023-06-02T08:30:00+00:00,202306,3430,784,2646
2023-06-02T09:00:00+00:00,202306,3430,777,2653
2023-06-02T09:30:00+00:00,202306,3430,676,2754
2023-06-02T10:00:00+00:00,202306,3430,637,2793
2023-06-02T10:30:00+00:00,202306,3430,617,2813
2023-06-02T11:00:00+00:00,202306,3430,705,2725
2023-06-02T11:30:00+00:00,202306,3430,664,2766
2023-06-02T12:00:00+00:00,202306,3430,576,2854
2023-06-02T12:30:00+00:00,202306,3430,540,2890
2023-06-02T13:00:00+00:00,202306,3430,473,2957
2023-06-02T13:30:00+00:00,202306,3430,344,3086
2023-06-02T14:00:00+00:00,202306,3430,237,3193
2023-06-02T14:30:00+00:00,202306,3430,212,3218
2023-06-02T15:00:00+00:00,202306,3430,224,3206
2023-06-02T15:30:00+00:00,202306,3430,282,3148
2023-06-02T16:00:00+00:00,202306,3430,344,3086
2023-06-02T16:30:00+00:00,202306,3430,304,3126
2023-06-02T17:00:00+00:00,202306,3430,303,3127
2023-06-02T17:30:00+00:00,202306,3430,233,3197
2023-06-02T18:00:00+00:00,202306,3430,117,3313
2023-06-02T18:30:00+00:00,202306,3430,178,3252
2023-06-02T19:00:00+00:00,202306,3430,225,3205
2023-06-02T19:30:00+00:00,202306,3430,301,3129
2023-06-02T20:00:00+00:00,202306,3430,325,3105
2023-06-02T20:30:00+00:00,202306,3430,355,3075
2023-06-02T21:00:00+00:00,202306,3430,275,3155
2023-06-02T21:30:00+00:00,202306,3430,212,3218
2023-06-02T22:00:00+00:00,202306,3430,134,3296
2023-06-02T22:30:00+00:00,202306,3430,118,3312
2023-06-02T23:00:00+00:00,202306,3430,116,3314
2023-06-02T23:30:00+00:00,202306,3430,135,3295
2023-06-03T00:00:00+00:00,202306,3430,166,3264
2023-06-03T00:30:00+00:00,202306,3430,127,3303
2023-06-03T01:00:00+00:00,202306,3430,98,3332
2023-06-03T01:30:00+00:00,202306,3430,65,3365
2023-06-03T02:00:00+00:00,202306,3430,51,3379
2023-06-03T02:30:00+00:00,202306,3430,43,3387
2023-06-03T03:00:00+00:00,202306,3430,44,3386
2023-06-03T03:30:00+00:00,202306,3430,67,3363
2023-06-03T04:00:00+00:00,202306,3430,79,3351
2023-06-03T04:30:00+00:00,202306,3430,167,3263
2023-06-03T05:00:00+00:00,202306,3430,249,3181
2023-06-03T05:30:00+00:00,202306,3430,348,3082
2023-06-03T06:00:00+00:00,202306,3430,352,3078
2023-06-03T06:30:00+00:00,202306,3430,370,3060
2023-06-03T07:00:00+00:00,202306,3430,331,3099
2023-06-03T07:30:00+00:00,202306,3430,319,3111
2023-06-03T08:00:00+00:00,202306,3430,366,3064
2023-06-03T08:30:00+00:00,202306,3430,436,2994
2023-06-03T09:00:00+00:00,202306,3430,458,2972
2023-06-03T09:30:00+00:00,202306,3430,484,2946
2023-06-03T10:00:00+00:00,202306,3430,494,2936
2023-06-03T10:30:00+00:00,202306,3430,478,2952
2023-06-03T11:00:00+00:00,202306,3430,377,3053
2023-06-03T11:30:00+00:00,202306,3430,335,3095
2023-06-03T12:00:00+00:00,202306,3430,266,3164
2023-06-03T12:30:00+00:00,202306,3430,206,3224
2023-06-03T13:00:00+00:00,202306,3430,131,3299
2023-06-03T13:30:00+00:00,202306,3430,114,3316
2023-06-03T14:00:00+00:00,202306,3430,50,3380
2023-06-03T14:30:00+00:00,202306,3430,47,3383
2023-06-03T15:00:00+00:00,202306,3430,23,3407
2023-06-03T15:30:00+00:00,202306,3430,20,3410
2023-06-03T16:00:00+00:00,202306,3430,27,3403
2023-06-03T16:30:00+00:00,202306,3430,31,3399
2023-06-03T17:00:00+00:00,202306,3430,30,3400
2023-06-03T17:30:00+00:00,202306,3430,25,3405
2023-06-03T18:00:00+00:00,202306,3430,38,3392
2023-06-03T18:30:00+00:00,202306,3430,13,3417
2023-06-03T19:00:00+00:00,202306,3430,13,3417
2023-06-03T19:30:00+00:00,202306,3430,25,3405
2023-06-03T20:00:00+00:00,202306,3430,55,3375
2023-06-03T20:30:00+00:00,202306,3430,111,3319
2023-06-03T21:00:00+00:00,202306,3430,108,3322
2023-06-03T21:30:00+00:00,202306,3430,70,3360
2023-06-03T22:00:00+00:00,202306,3430,84,3346
2023-06-03T22:30:00+00:00,202306,3430,68,3362
2023-06-03T23:00:00+00:00,202306,3430,64,3366
2023-06-03T23:30:00+00:00,202306,3430,31,3399
2023-06-04T00:00:00+00:00,202306,3430,28,3402
2023-06-04T00:30:00+00:00,202306,3430,13,3417
2023-06-04T01:00:00+00:00,202306,3430,3,3427
2023-06-04T01:30:00+00:00,202306,3430,1,3429
2023-06-04T02:00:00+00:00,202306,3430,0,3430
2023-06-04T02:30:00+00:00,202306,3430,0,3430
2023-06-04T03:00:00+00:00,202306,3430,8,3422
2023-06-04T03:30:00+00:00,202306,3430,15,3415
2023-06-04T04:00:00+00:00,202306,3430,26,3404
2023-06-04T04:30:00+00:00,202306,3430,67,3363
2023-06-04T05:00:00+00:00,202306,3430,138,3292
2023-06-04T05:30:00+00:00,202306,3430,109,3321
2023-06-04T06:00:00+00:00,202306,3430,110,3320
2023-06-04T06:30:00+00:00,202306,3430,137,3293
2023-06-04T07:00:00+00:00,202306,3430,185,3245
2023-06-04T07:30:00+00:00,202306,3430,162,3268
2023-06-04T08:00:00+00:00,202306,3430,163,3267
2023-06-04T08:30:00+00:00,202306,3430,174,3256
2023-06-04T09:00:00+00:00,202306,3430,178,3252
2023-06-04T09:30:00+00:00,202306,3430,163,3267
2023-06-04T10:00:00+00:00,202306,3430,159,3271
2023-06-04T10:30:00+00:00,202306,3430,156,3274
2023-06-04T11:00:00+00:00,202306,3430,153,3277
2023-06-04T11:30:00+00:00,202306,3430,132,3298
2023-06-04T12:00:00+00:00,202306,3430,93,3337
2023-06-04T12:30:00+00:00,202306,3430,45,3385
2023-06-04T13:00:00+00:00,202306,3430,6,3424
2023-06-04T13:30:00+00:00,202306,3430,3,3427
2023-06-04T14:00:00+00:00,202306,3430,0,3430
2023-06-04T14:30:00+00:00,202306,3430,1,3429
2023-06-04T15:00:00+00:00,202306,3430,27,3403
2023-06-04T15:30:00+00:00,202306,3430,20,3410
2023-06-04T16:00:00+00:00,202306,3430,8,3422
2023-06-04T16:30:00+00:00,202306,3430,20,3410
2023-06-04T17:00:00+00:00,202306,3430,12,3418
2023-06-04T17:30:00+00:00,202306,3430,28,3402
2023-06-04T18:00:00+00:00,202306,3430,29,3401
2023-06-04T18:30:00+00:00,202306,3430,40,3390
2023-06-04T19:00:00+00:00,202306,3430,48,3382
2023-06-04T19:30:00+00:00,202306,3430,67,3363
2023-06-04T20:00:00+00:00,202306,3430,41,3389
2023-06-04T20:30:00+00:00,202306,3430,52,3378
2023-06-04T21:00:00+00:00,202306,3430,85,3345
2023-06-04T21:30:00+00:00,202306,3430,142,3288
2023-06-04T22:00:00+00:00,202306,3430,151,3279
2023-06-04T22:30:00+00:00,202306,3430,140,3290
2023-06-04T23:00:00+00:00,202306,3430,71,3359
2023-06-04T23:30:00+00:00,202306,3430,56,3374
2023-06-05T00:00:00+00:00,202306,3430,43,3387
2023-06-05T00:30:00+00:00,202306,3430,24,3406
2023-06-05T01:00:00+00:00,202306,3430,12,3418
2023-06-05T01:30:00+00:00,202306,3430,6,3424
2023-06-05T02:00:00+00:00,202306,3430,3,3427
2023-06-05T02:30:00+00:00,202306,3430,2,3428
2023-06-05T03:00:00+00:00,202306,3430,28,3402
2023-06-05T03:30:00+00:00,202306,3430,32,3398
2023-06-05T04:00:00+00:00,202306,3430,95,3335
2023-06-05T04:30:00+00:00,202306,3430,149,3281
2023-06-05T05:00:00+00:00,202306,3430,206,3224
2023-06-05T05:30:00+00:00,202306,3430,185,3245
2023-06-05T06:00:00+00:00,202306,3430,129,3301
2023-06-05T06:30:00+00:00,202306,3430,95,3335
2023-06-05T07:00:00+00:00,202306,3430,164,3266
2023-06-05T07:30:00+00:00,202306,3430,311,3119
2023-06-05T08:00:00+00:00,202306,3430,447,2983
2023-06-05T08:30:00+00:00,202306,3430,593,2837
2023-06-05T09:00:00+00:00,202306,3430,638,2792
2023-06-05T09:30:00+00:00,202306,3430,657,2773
2023-06-05T10:00:00+00:00,202306,3430,583,2847
2023-06-05T10:30:00+00:00,202306,3430,619,2811
2023-06-05T11:00:00+00:00,202306,3430,641,2789
2023-06-05T11:30:00+00:00,202306,3430,570,2860
2023-06-05T12:00:00+00:00,202306,3430,509,2921
2023-06-05T12:30:00+00:00,202306,3430,421,3009
2023-06-05T13:00:00+00:00,202306,3430,231,3199
2023-06-05T13:30:00+00:00,202306,3430,199,3231
2023-06-05T14:00:00+00:00,202306,3430,193,3237
2023-06-05T14:30:00+00:00,202306,3430,220,3210
2023-06-05T15:00:00+00:00,202306,3430,270,3160
2023-06-05T15:30:00+00:00,202306,3430,316,3114
2023-06-05T16:00:00+00:00,202306,3430,223,3207
2023-06-05T16:30:00+00:00,202306,3430,277,3153
2023-06-05T17:00:00+00:00,202306,3430,266,3164
2023-06-05T17:30:00+00:00,202306,3430,291,3139
2023-06-05T18:00:00+00:00,202306,3430,301,3129
2023-06-05T18:30:00+00:00,202306,3430,341,3089
2023-06-05T19:00:00+00:00,202306,3430,327,3103
2023-06-05T19:30:00+00:00,202306,3430,341,3089
2023-06-05T20:00:00+00:00,202306,3430,414,3016
2023-06-05T20:30:00+00:00,202306,3430,563,2867
2023-06-05T21:00:00+00:00,202306,3430,749,2681
2023-06-05T21:30:00+00:00,202306,3430,792,2638
2023-06-05T22:00:00+00:00,202306,3430,839,2591
2023-06-05T22:30:00+00:00,202306,3430,702,2728
2023-06-05T23:00:00+00:00,202306,3430,661,2769
2023-06-05T23:30:00+00:00,202306,3430,764,2666
2023-06-06T00:00:00+00:00,202306,3430,676,2754
2023-06-06T00:30:00+00:00,202306,3430,561,2869
2023-06-06T01:00:00+00:00,202306,3430,397,3033
2023-06-06T01:30:00+00:00,202306,3430,296,3134
2023-06-06T02:00:00+00:00,202306,3430,265,3165
2023-06-06T02:30:00+00:00,202306,3430,265,3165
2023-06-06T03:00:00+00:00,202306,3430,325,3105
2023-06-06T03:30:00+00:00,202306,3430,424,3006
2023-06-06T04:00:00+00:00,202306,3430,546,2884
2023-06-06T04:30:00+00:00,202306,3430,632,2798
2023-06-06T05:00:00+00:00,202306,3430,860,2570
2023-06-06T05:30:00+00:00,202306,3430,792,2638
2023-06-06T06:00:00+00:00,202306,3430,800,2630
2023-06-06T06:30:00+00:00,202306,3430,768,2662
2023-06-06T07:00:00+00:00,202306,3430,761,2669
2023-06-06T07:30:00+00:00,202306,3430,794,2636
2023-06-06T08:00:00+00:00,202306,3430,823,2607
2023-06-06T08:30:00+00:00,202306,3430,933,2497
2023-06-06T09:00:00+00:00,202306,3430,928,2502
2023-06-06T09:30:00+00:00,202306,3430,911,2519
2023-06-06T10:00:00+00:00,202306,3430,775,2655
2023-06-06T10:30:00+00:00,202306,3430,674,2756
2023-06-06T11:00:00+00:00,202306,3430,641,2789
2023-06-06T11:30:00+00:00,202306,3430,545,2885
2023-06-06T12:00:00+00:00,202306,3430,381,3049
2023-06-06T12:30:00+00:00,202306,3430,302,3128
2023-06-06T13:00:00+00:00,202306,3430,128,3302
2023-06-06T13:30:00+00:00,202306,3430,96,3334
2023-06-06T14:00:00+00:00,202306,3430,86,3344
2023-06-06T14:30:00+00:00,202306,3430,146,3284
2023-06-06T15:00:00+00:00,202306,3430,164,3266
2023-06-06T15:30:00+00:00,202306,3430,165,3265
2023-06-06T16:00:00+00:00,202306,3430,193,3237
2023-06-06T16:30:00+00:00,202306,3430,213,3217
2023-06-06T17:00:00+00:00,202306,3430,241,3189
2023-06-06T17:30:00+00:00,202306,3430,304,3126
2023-06-06T18:00:00+00:00,202306,3430,381,3049
2023-06-06T18:30:00+00:00,202306,3430,308,3122
2023-06-06T19:00:00+00:00,202306,3430,309,3121
2023-06-06T19:30:00+00:00,202306,3430,260,3170
2023-06-06T20:00:00+00:00,202306,3430,370,3060
2023-06-06T20:30:00+00:00,202306,3430,471,2959
2023-06-06T21:00:00+00:00,202306,3430,647,2783
2023-06-06T21:30:00+00:00,202306,3430,633,2797
2023-06-06T22:00:00+00:00,202306,3430,632,2798
2023-06-06T22:30:00+00:00,202306,3430,463,2967
2023-06-06T23:00:00+00:00,202306,3430,459,2971
2023-06-06T23:30:00+00:00,202306,3430,464,2966
2023-06-07T00:00:00+00:00,202306,3430,378,3052
2023-06-07T00:30:00+00:00,202306,3430,292,3138
2023-06-07T01:00:00+00:00,202306,3430,201,3229
2023-06-07T01:30:00+00:00,202306,3430,123,3307
2023-06-07T02:00:00+00:00,202306,3430,71,3359
2023-06-07T02:30:00+00:00,202306,3430,55,3375
2023-06-07T03:00:00+00:00,202306,3430,69,3361
2023-06-07T03:30:00+00:00,202306,3430,73,3357
2023-06-07T04:00:00+00:00,202306,3430,153,3277
2023-06-07T04:30:00+00:00,202306,3430,159,3271
2023-06-07T05:00:00+00:00,202306,3430,164,3266
2023-06-07T05:30:00+00:00,202306,3430,189,3241
2023-06-07T06:00:00+00:00,202306,3430,164,3266
2023-06-07T06:30:00+00:00,202306,3430,189,3241
2023-06-07T07:00:00+00:00,202306,3430,359,3071
2023-06-07T07:30:00+00:00,202306,3430,526,2904
2023-06-07T08:00:00+00:00,202306,3430,942,2488
2023-06-07T08:30:00+00:00,202306,3430,1059,2371
2023-06-07T09:00:00+00:00,202306,3430,1061,2369
2023-06-07T09:30:00+00:00,202306,3430,848,2582
2023-06-07T10:00:00+00:00,202306,3430,795,2635
2023-06-07T10:30:00+00:00,202306,3430,758,2672
2023-06-07T11:00:00+00:00,202306,3430,714,2716
2023-06-07T11:30:00+00:00,202306,3430,632,2798
2023-06-07T12:00:00+00:00,202306,3430,495,2935
2023-06-07T12:30:00+00:00,202306,3430,455,2975
2023-06-07T13:00:00+00:00,202306,3430,429,3001
2023-06-07T13:30:00+00:00,202306,3430,449,2981
2023-06-07T14:00:00+00:00,202306,3430,406,3024
2023-06-07T14:30:00+00:00,202306,3430,394,3036
2023-06-07T15:00:00+00:00,202306,3430,356,3074
2023-06-07T15:30:00+00:00,202306,3430,431,2999
2023-06-07T16:00:00+00:00,202306,3430,493,2937
2023-06-07T16:30:00+00:00,202306,3430,500,2930
2023-06-07T17:00:00+00:00,202306,3430,508,2922
2023-06-07T17:30:00+00:00,202306,3430,535,2895
2023-06-07T18:00:00+00:00,202306,3430,501,2929
2023-06-07T18:30:00+00:00,202306,3430,508,2922
2023-06-07T19:00:00+00:00,202306,3430,484,2946
2023-06-07T19:30:00+00:00,202306,3430,527,2903
2023-06-07T20:00:00+00:00,202306,3430,542,2888
2023-06-07T20:30:00+00:00,202306,3430,649,2781
2023-06-07T21:00:00+00:00,202306,3430,693,2737
2023-06-07T21:30:00+00:00,202306,3430,712,2718
2023-06-07T22:00:00+00:00,202306,3430,620,2810
2023-06-07T22:30:00+00:00,202306,3430,692,2738
2023-06-07T23:00:00+00:00,202306,3430,690,2740
2023-06-07T23:30:00+00:00,202306,3430,631,2799
2023-06-08T00:00:00+00:00,202306,3430,562,2868
2023-06-08T00:30:00+00:00,202306,3430,456,2974
2023-06-08T01:00:00+00:00,202306,3430,422,3008
2023-06-08T01:30:00+00:00,202306,3430,380,3050
2023-06-08T02:00:00+00:00,202306,3430,340,3090
2023-06-08T02:30:00+00:00,202306,3430,358,3072
2023-06-08T03:00:00+00:00,202306,3430,380,3050
2023-06-08T03:30:00+00:00,202306,3430,394,3036
2023-06-08T04:00:00+00:00,202306,3430,400,3030
2023-06-08T04:30:00+00:00,202306,3430,470,2960
2023-06-08T05:00:00+00:00,202306,3430,520,2910
2023-06-08T05:30:00+00:00,202306,3430,655,2775
2023-06-08T06:00:00+00:00,202306,3430,632,2798
2023-06-08T06:30:00+00:00,202306,3430,636,2794
2023-06-08T07:00:00+00:00,202306,3430,739,2691
2023-06-08T07:30:00+00:00,202306,3430,964,2466
2023-06-08T08:00:00+00:00,202306,3430,1337,2093
2023-06-08T08:30:00+00:00,202306,3430,1437,1993
2023-06-08T09:00:00+00:00,202306,3430,1469,1961
2023-06-08T09:30:00+00:00,202306,3430,1386,2044
2023-06-08T10:00:00+00:00,202306,3430,1360,2070
2023-06-08T10:30:00+00:00,202306,3430,1316,2114
2023-06-08T11:00:00+00:00,202306,3430,1243,2187
2023-06-08T11:30:00+00:00,202306,3430,1110,2320
2023-06-08T12:00:00+00:00,202306,3430,989,2441
2023-06-08T12:30:00+00:00,202306,3430,812,2618
2023-06-08T13:00:00+00:00,202306,3430,719,2711
2023-06-08T13:30:00+00:00,202306,3430,676,2754
2023-06-08T14:00:00+00:00,202306,3430,695,2735
2023-06-08T14:30:00+00:00,202306,3430,849,2581
2023-06-08T15:00:00+00:00,202306,3430,973,2457
2023-06-08T15:30:00+00:00,202306,3430,1078,2352
2023-06-08T16:00:00+00:00,202306,3430,1085,2345
2023-06-08T16:30:00+00:00,202306,3430,1054,2376
2023-06-08T17:00:00+00:00,202306,3430,1022,2408
2023-06-08T17:30:00+00:00,202306,3430,976,2454
2023-06-08T18:00:00+00:00,202306,3430,851,2579
2023-06-08T18:30:00+00:00,202306,3430,873,2557
2023-06-08T19:00:00+00:00,202306,3430,918,2512
2023-06-08T19:30:00+00:00,202306,3430,918,2512
2023-06-08T20:00:00+00:00,202306,3430,943,2487
2023-06-08T20:30:00+00:00,202306,3430,1101,2329
2023-06-08T21:00:00+00:00,202306,3430,1198,2232
2023-06-08T21:30:00+00:00,202306,3430,1266,2164
2023-06-08T22:00:00+00:00,202306,3430,1230,2200
2023-06-08T22:30:00+00:00,202306,3430,1363,2067
2023-06-08T23:00:00+00:00,202306,3430,1385,2045
2023-06-08T23:30:00+00:00,202306,3430,1344,2086
2023-06-09T00:00:00+00:00,202306,3430,1188,2242
2023-06-09T00:30:00+00:00,202306,3430,919,2511
2023-06-09T01:00:00+00:00,202306,3430,807,2623
2023-06-09T01:30:00+00:00,202306,3430,658,2772
2023-06-09T02:00:00+00:00,202306,3430,547,2883
2023-06-09T02:30:00+00:00,202306,3430,482,2948
2023-06-09T03:00:00+00:00,202306,3430,449,2981
2023-06-09T03:30:00+00:00,202306,3430,608,2822
2023-06-09T04:00:00+00:00,202306,3430,750,2680
2023-06-09T04:30:00+00:00,202306,3430,860,2570
2023-06-09T05:00:00+00:00,202306,3430,778,2652
2023-06-09T05:30:00+00:00,202306,3430,641,2789
2023-06-09T06:00:00+00:00,202306,3430,620,2810
2023-06-09T06:30:00+00:00,202306,3430,670,2760
2023-06-09T07:00:00+00:00,202306,3430,746,2684
2023-06-09T07:30:00+00:00,202306,3430,930,2500
2023-06-09T08:00:00+00:00,202306,3430,989,2441
2023-06-09T08:30:00+00:00,202306,3430,990,2440
2023-06-09T09:00:00+00:00,202306,3430,930,2500
2023-06-09T09:30:00+00:00,202306,3430,927,2503
2023-06-09T10:00:00+00:00,202306,3430,828,2602
2023-06-09T10:30:00+00:00,202306,3430,753,2677
2023-06-09T11:00:00+00:00,202306,3430,781,2649
2023-06-09T11:30:00+00:00,202306,3430,625,2805
2023-06-09T12:00:00+00:00,202306,3430,686,2744
2023-06-09T12:30:00+00:00,202306,3430,693,2737
2023-06-09T13:00:00+00:00,202306,3430,680,2750
2023-06-09T13:30:00+00:00,202306,3430,811,2619
2023-06-09T14:00:00+00:00,202306,3430,972,2458
2023-06-09T14:30:00+00:00,202306,3430,1048,2382
2023-06-09T15:00:00+00:00,202306,3430,1035,2395
2023-06-09T15:30:00+00:00,202306,3430,1098,2332
2023-06-09T16:00:00+00:00,202306,3430,1088,2342
2023-06-09T16:30:00+00:00,202306,3430,1124,2306
2023-06-09T17:00:00+00:00,202306,3430,1181,2249
2023-06-09T17:30:00+00:00,202306,3430,1217,2213
2023-06-09T18:00:00+00:00,202306,3430,1101,2329
2023-06-09T18:30:00+00:00,202306,3430,1087,2343
2023-06-09T19:00:00+00:00,202306,3430,1079,2351
2023-06-09T19:30:00+00:00,202306,3430,1077,2353
2023-06-09T20:00:00+00:00,202306,3430,1089,2341
2023-06-09T20:30:00+00:00,202306,3430,1103,2327
2023-06-09T21:00:00+00:00,202306,3430,1124,2306
2023-06-09T21:30:00+00:00,202306,3430,1190,2240
2023-06-09T22:00:00+00:00,202306,3430,1472,1958
2023-06-09T22:30:00+00:00,202306,3430,1391,2039
2023-06-09T23:00:00+00:00,202306,3430,1304,2126
2023-06-09T23:30:00+00:00,202306,3430,1223,2207
2023-06-10T00:00:00+00:00,202306,3430,1022,2408
2023-06-10T00:30:00+00:00,202306,3430,922,2508
2023-06-10T01:00:00+00:00,202306,3430,894,2536
2023-06-10T01:30:00+00:00,202306,3430,876,2554
2023-06-10T02:00:00+00:00,202306,3430,959,2471
2023-06-10T02:30:00+00:00,202306,3430,926,2504
2023-06-10T03:00:00+00:00,202306,3430,949,2481
2023-06-10T03:30:00+00:00,202306,3430,914,2516
2023-06-10T04:00:00+00:00,202306,3430,887,2543
2023-06-10T04:30:00+00:00,202306,3430,803,2627
2023-06-10T05:00:00+00:00,202306,3430,773,2657
2023-06-10T05:30:00+00:00,202306,3430,899,2531
2023-06-10T06:00:00+00:00,202306,3430,873,2557
2023-06-10T06:30:00+00:00,202306,3430,894,2536
2023-06-10T07:00:00+00:00,202306,3430,760,2670
2023-06-10T07:30:00+00:00,202306,3430,747,2683
2023-06-10T08:00:00+00:00,202306,3430,701,2729
2023-06-10T08:30:00+00:00,202306,3430,623,2807
2023-06-10T09:00:00+00:00,202306,3430,545,2885
2023-06-10T09:30:00+00:00,202306,3430,524,2906
2023-06-10T10:00:00+00:00,202306,3430,485,2945
2023-06-10T10:30:00+00:00,202306,3430,467,2963
2023-06-10T11:00:00+00:00,202306,3430,406,3024
2023-06-10T11:30:00+00:00,202306,3430,380,3050
2023-06-10T12:00:00+00:00,202306,3430,281,3149
2023-06-10T12:30:00+00:00,202306,3430,229,3201
2023-06-10T13:00:00+00:00,202306,3430,243,3187
2023-06-10T13:30:00+00:00,202306,3430,205,3225
2023-06-10T14:00:00+00:00,202306,3430,217,3213
2023-06-10T14:30:00+00:00,202306,3430,202,3228
2023-06-10T15:00:00+00:00,202306,3430,201,3229
2023-06-10T15:30:00+00:00,202306,3430,198,3232
2023-06-10T16:00:00+00:00,202306,3430,195,3235
2023-06-10T16:30:00+00:00,202306,3430,215,3215
2023-06-10T17:00:00+00:00,202306,3430,323,3107
2023-06-10T17:30:00+00:00,202306,3430,353,3077
2023-06-10T18:00:00+00:00,202306,3430,301,3129
2023-06-10T18:30:00+00:00,202306,3430,326,3104
2023-06-10T19:00:00+00:00,202306,3430,353,3077
2023-06-10T19:30:00+00:00,202306,3430,422,3008
2023-06-10T20:00:00+00:00,202306,3430,559,2871
2023-06-10T20:30:00+00:00,202306,3430,558,2872
2023-06-10T21:00:00+00:00,202306,3430,594,2836
2023-06-10T21:30:00+00:00,202306,3430,651,2779
2023-06-10T22:00:00+00:00,202306,3430,580,2850
2023-06-10T22:30:00+00:00,202306,3430,580,2850
2023-06-10T23:00:00+00:00,202306,3430,565,2865
2023-06-10T23:30:00+00:00,202306,3430,450,2980
2023-06-11T00:00:00+00:00,202306,3430,376,3054
2023-06-11T00:30:00+00:00,202306,3430,236,3194
2023-06-11T01:00:00+00:00,202306,3430,169,3261
2023-06-11T01:30:00+00:00,202306,3430,153,3277
2023-06-11T02:00:00+00:00,202306,3430,126,3304
2023-06-11T02:30:00+00:00,202306,3430,147,3283
2023-06-11T03:00:00+00:00,202306,3430,153,3277
2023-06-11T03:30:00+00:00,202306,3430,179,3251
2023-06-11T04:00:00+00:00,202306,3430,236,3194
2023-06-11T04:30:00+00:00,202306,3430,347,3083
2023-06-11T05:00:00+00:00,202306,3430,442,2988
2023-06-11T05:30:00+00:00,202306,3430,483,2947
2023-06-11T06:00:00+00:00,202306,3430,489,2941
2023-06-11T06:30:00+00:00,202306,3430,487,2943
2023-06-11T07:00:00+00:00,202306,3430,533,2897
2023-06-11T07:30:00+00:00,202306,3430,647,2783
2023-06-11T08:00:00+00:00,202306,3430,737,2693
2023-06-11T08:30:00+00:00,202306,3430,857,2573
2023-06-11T09:00:00+00:00,202306,3430,913,2517
2023-06-11T09:30:00+00:00,202306,3430,953,2477
2023-06-11T10:00:00+00:00,202306,3430,965,2465
2023-06-11T10:30:00+00:00,202306,3430,1060,2370
2023-06-11T11:00:00+00:00,202306,3430,1020,2410
2023-06-11T11:30:00+00:00,202306,3430,977,2453
2023-06-11T12:00:00+00:00,202306,3430,899,2531
2023-06-11T12:30:00+00:00,202306,3430,863,2567
2023-06-11T13:00:00+00:00,202306,3430,832,2598
2023-06-11T13:30:00+00:00,202306,3430,1062,2368
2023-06-11T14:00:00+00:00,202306,3430,1064,2366
2023-06-11T14:30:00+00:00,202306,3430,1065,2365
2023-06-11T15:00:00+00:00,202306,3430,805,2625
2023-06-11T15:30:00+00:00,202306,3430,759,2671
2023-06-11T16:00:00+00:00,202306,3430,685,2745
2023-06-11T16:30:00+00:00,202306,3430,656,2774
2023-06-11T17:00:00+00:00,202306,3430,608,2822
2023-06-11T17:30:00+00:00,202306,3430,661,2769
2023-06-11T18:00:00+00:00,202306,3430,708,2722
2023-06-11T18:30:00+00:00,202306,3430,869,2561
2023-06-11T19:00:00+00:00,202306,3430,877,2553
2023-06-11T19:30:00+00:00,202306,3430,902,2528
2023-06-11T20:00:00+00:00,202306,3430,801,2629
2023-06-11T20:30:00+00:00,202306,3430,729,2701
2023-06-11T21:00:00+00:00,202306,3430,775,2655
2023-06-11T21:30:00+00:00,202306,3430,980,2450
2023-06-11T22:00:00+00:00,202306,3430,978,2452
2023-06-11T22:30:00+00:00,202306,3430,983,2447
2023-06-11T23:00:00+00:00,202306,3430,647,2783
2023-06-11T23:30:00+00:00,202306,3430,592,2838
2023-06-12T00:00:00+00:00,202306,3430,627,2803
2023-06-12T00:30:00+00:00,202306,3430,580,2850
2023-06-12T01:00:00+00:00,202306,3430,530,2900
2023-06-12T01:30:00+00:00,202306,3430,402,3028
2023-06-12T02:00:00+00:00,202306,3430,421,3009
2023-06-12T02:30:00+00:00,202306,3430,442,2988
2023-06-12T03:00:00+00:00,202306,3430,466,2964
2023-06-12T03:30:00+00:00,202306,3430,599,2831
2023-06-12T04:00:00+00:00,202306,3430,573,2857
2023-06-12T04:30:00+00:00,202306,3430,655,2775
2023-06-12T05:00:00+00:00,202306,3430,750,2680
2023-06-12T05:30:00+00:00,202306,3430,756,2674
2023-06-12T06:00:00+00:00,202306,3430,792,2638
2023-06-12T06:30:00+00:00,202306,3430,828,2602
2023-06-12T07:00:00+00:00,202306,3430,935,2495
2023-06-12T07:30:00+00:00,202306,3430,1302,2128
2023-06-12T08:00:00+00:00,202306,3430,1659,1771
2023-06-12T08:30:00+00:00,202306,3430,1778,1652
2023-06-12T09:00:00+00:00,202306,3430,1857,1573
2023-06-12T09:30:00+00:00,202306,3430,1887,1543
2023-06-12T10:00:00+00:00,202306,3430,1791,1639
2023-06-12T10:30:00+00:00,202306,3430,1562,1868
2023-06-12T11:00:00+00:00,202306,3430,1319,2111
2023-06-12T11:30:00+00:00,202306,3430,1226,2204
2023-06-12T12:00:00+00:00,202306,3430,1162,2268
2023-06-12T12:30:00+00:00,202306,3430,1079,2351
2023-06-12T13:00:00+00:00,202306,3430,851,2579
2023-06-12T13:30:00+00:00,202306,3430,700,2730
2023-06-12T14:00:00+00:00,202306,3430,671,2759
2023-06-12T14:30:00+00:00,202306,3430,683,2747
2023-06-12T15:00:00+00:00,202306,3430,779,2651
2023-06-12T15:30:00+00:00,202306,3430,892,2538
2023-06-12T16:00:00+00:00,202306,3430,946,2484
2023-06-12T16:30:00+00:00,202306,3430,895,2535
2023-06-12T17:00:00+00:00,202306,3430,851,2579
2023-06-12T17:30:00+00:00,202306,3430,802,2628
2023-06-12T18:00:00+00:00,202306,3430,713,2717
2023-06-12T18:30:00+00:00,202306,3430,773,2657
2023-06-12T19:00:00+00:00,202306,3430,789,2641
2023-06-12T19:30:00+00:00,202306,3430,882,2548
2023-06-12T20:00:00+00:00,202306,3430,827,2603
2023-06-12T20:30:00+00:00,202306,3430,808,2622
2023-06-12T21:00:00+00:00,202306,3430,1032,2398
2023-06-12T21:30:00+00:00,202306,3430,1088,2342
2023-06-12T22:00:00+00:00,202306,3430,1094,2336
2023-06-12T22:30:00+00:00,202306,3430,841,2589
2023-06-12T23:00:00+00:00,202306,3430,752,2678
2023-06-12T23:30:00+00:00,202306,3430,656,2774
2023-06-13T00:00:00+00:00,202306,3430,501,2929
2023-06-13T00:30:00+00:00,202306,3430,423,3007
2023-06-13T01:00:00+00:00,202306,3430,483,2947
2023-06-13T01:30:00+00:00,202306,3430,519,2911
2023-06-13T02:00:00+00:00,202306,3430,522,2908
2023-06-13T02:30:00+00:00,202306,3430,465,2965
2023-06-13T03:00:00+00:00,202306,3430,477,2953
2023-06-13T03:30:00+00:00,202306,3430,506,2924
2023-06-13T04:00:00+00:00,202306,3430,545,2885
2023-06-13T04:30:00+00:00,202306,3430,624,2806
2023-06-13T05:00:00+00:00,202306,3430,654,2776
2023-06-13T05:30:00+00:00,202306,3430,580,2850
2023-06-13T06:00:00+00:00,202306,3430,790,2640
2023-06-13T06:30:00+00:00,202306,3430,927,2503
2023-06-13T07:00:00+00:00,202306,3430,1108,2322
2023-06-13T07:30:00+00:00,202306,3430,1238,2192
2023-06-13T08:00:00+00:00,202306,3430,1398,2032
2023-06-13T08:30:00+00:00,202306,3430,1548,1882
2023-06-13T09:00:00+00:00,202306,3430,1661,1769
2023-06-13T09:30:00+00:00,202306,3430,1729,1701
2023-06-13T10:00:00+00:00,202306,3430,1679,1751
2023-06-13T10:30:00+00:00,202306,3430,1611,1819
2023-06-13T11:00:00+00:00,202306,3430,1643,1787
2023-06-13T11:30:00+00:00,202306,3430,1536,1894
2023-06-13T12:00:00+00:00,202306,3430,1357,2073
2023-06-13T12:30:00+00:00,202306,3430,1144,2286
2023-06-13T13:00:00+00:00,202306,3430,954,2476
2023-06-13T13:30:00+00:00,202306,3430,834,2596
2023-06-13T14:00:00+00:00,202306,3430,760,2670
2023-06-13T14:30:00+00:00,202306,3430,742,2688
2023-06-13T15:00:00+00:00,202306,3430,716,2714
2023-06-13T15:30:00+00:00,202306,3430,706,2724
2023-06-13T16:00:00+00:00,202306,3430,656,2774
2023-06-13T16:30:00+00:00,202306,3430,690,2740
2023-06-13T17:00:00+00:00,202306,3430,801,2629
2023-06-13T17:30:00+00:00,202306,3430,929,2501
2023-06-13T18:00:00+00:00,202306,3430,976,2454
2023-06-13T18:30:00+00:00,202306,3430,1000,2430
2023-06-13T19:00:00+00:00,202306,3430,1049,2381
2023-06-13T19:30:00+00:00,202306,3430,1008,2422
2023-06-13T20:00:00+00:00,202306,3430,796,2634
2023-06-13T20:30:00+00:00,202306,3430,1241,2189
2023-06-13T21:00:00+00:00,202306,3430,1718,1712
2023-06-13T21:30:00+00:00,202306,3430,1757,1673
2023-06-13T22:00:00+00:00,202306,3430,1831,1599
2023-06-13T22:30:00+00:00,202306,3430,1395,2035
2023-06-13T23:00:00+00:00,202306,3430,1396,2034
2023-06-13T23:30:00+00:00,202306,3430,1661,1769
2023-06-14T00:00:00+00:00,202306,3430,1559,1871
2023-06-14T00:30:00+00:00,202306,3430,1374,2056
2023-06-14T01:00:00+00:00,202306,3430,1070,2360
2023-06-14T01:30:00+00:00,202306,3430,983,2447
2023-06-14T02:00:00+00:00,202306,3430,957,2473
2023-06-14T02:30:00+00:00,202306,3430,1006,2424
2023-06-14T03:00:00+00:00,202306,3430,1064,2366
2023-06-14T03:30:00+00:00,202306,3430,1215,2215
2023-06-14T04:00:00+00:00,202306,3430,1141,2289
2023-06-14T04:30:00+00:00,202306,3430,1041,2389
2023-06-14T05:00:00+00:00,202306,3430,1101,2329
2023-06-14T05:30:00+00:00,202306,3430,1000,2430
2023-06-14T06:00:00+00:00,202306,3430,930,2500
2023-06-14T06:30:00+00:00,202306,3430,934,2496
2023-06-14T07:00:00+00:00,202306,3430,945,2485
2023-06-14T07:30:00+00:00,202306,3430,1173,2257
2023-06-14T08:00:00+00:00,202306,3430,1357,2073
2023-06-14T08:30:00+00:00,202306,3430,1584,1846
2023-06-14T09:00:00+00:00,202306,3430,1527,1903
2023-06-14T09:30:00+00:00,202306,3430,1406,2024
2023-06-14T10:00:00+00:00,202306,3430,1216,2214
2023-06-14T10:30:00+00:00,202306,3430,1110,2320
2023-06-14T11:00:00+00:00,202306,3430,1106,2324
2023-06-14T11:30:00+00:00,202306,3430,1033,2397
2023-06-14T12:00:00+00:00,202306,3430,923,2507
2023-06-14T12:30:00+00:00,202306,3430,819,2611
2023-06-14T13:00:00+00:00,202306,3430,784,2646
2023-06-14T13:30:00+00:00,202306,3430,806,2624
2023-06-14T14:00:00+00:00,202306,3430,826,2604
2023-06-14T14:30:00+00:00,202306,3430,866,2564
2023-06-14T15:00:00+00:00,202306,3430,843,2587
2023-06-14T15:30:00+00:00,202306,3430,800,2630
2023-06-14T16:00:00+00:00,202306,3430,692,2738
2023-06-14T16:30:00+00:00,202306,3430,685,2745
2023-06-14T17:00:00+00:00,202306,3430,705,2725
2023-06-14T17:30:00+00:00,202306,3430,693,2737
2023-06-14T18:00:00+00:00,202306,3430,686,2744
2023-06-14T18:30:00+00:00,202306,3430,671,2759
2023-06-14T19:00:00+00:00,202306,3430,685,2745
2023-06-14T19:30:00+00:00,202306,3430,828,2602
2023-06-14T20:00:00+00:00,202306,3430,871,2559
2023-06-14T20:30:00+00:00,202306,3430,976,2454
2023-06-14T21:00:00+00:00,202306,3430,1326,2104
2023-06-14T21:30:00+00:00,202306,3430,1417,2013
2023-06-14T22:00:00+00:00,202306,3430,1485,1945
2023-06-14T22:30:00+00:00,202306,3430,1473,1957
2023-06-14T23:00:00+00:00,202306,3430,1496,1934
2023-06-14T23:30:00+00:00,202306,3430,1380,2050
2023-06-15T00:00:00+00:00,202306,3430,1213,2217
2023-06-15T00:30:00+00:00,202306,3430,957,2473
2023-06-15T01:00:00+00:00,202306,3430,742,2688
2023-06-15T01:30:00+00:00,202306,3430,458,2972
2023-06-15T02:00:00+00:00,202306,3430,356,3074
2023-06-15T02:30:00+00:00,202306,3430,286,3144
2023-06-15T03:00:00+00:00,202306,3430,260,3170
2023-06-15T03:30:00+00:00,202306,3430,246,3184
2023-06-15T04:00:00+00:00,202306,3430,324,3106
2023-06-15T04:30:00+00:00,202306,3430,375,3055
2023-06-15T05:00:00+00:00,202306,3430,391,3039
2023-06-15T05:30:00+00:00,202306,3430,381,3049
2023-06-15T06:00:00+00:00,202306,3430,397,3033
2023-06-15T06:30:00+00:00,202306,3430,427,3003
2023-06-15T07:00:00+00:00,202306,3430,578,2852
2023-06-15T07:30:00+00:00,202306,3430,810,2620
2023-06-15T08:00:00+00:00,202306,3430,1060,2370
2023-06-15T08:30:00+00:00,202306,3430,1200,2230
2023-06-15T09:00:00+00:00,202306,3430,1164,2266
2023-06-15T09:30:00+00:00,202306,3430,897,2533
2023-06-15T10:00:00+00:00,202306,3430,746,2684
2023-06-15T10:30:00+00:00,202306,3430,593,2837
2023-06-15T11:00:00+00:00,202306,3430,514,2916
2023-06-15T11:30:00+00:00,202306,3430,418,3012
2023-06-15T12:00:00+00:00,202306,3430,404,3026
2023-06-15T12:30:00+00:00,202306,3430,260,3170
2023-06-15T13:00:00+00:00,202306,3430,194,3236
2023-06-15T13:30:00+00:00,202306,3430,161,3269
2023-06-15T14:00:00+00:00,202306,3430,126,3304
2023-06-15T14:30:00+00:00,202306,3430,101,3329
2023-06-15T15:00:00+00:00,202306,3430,68,3362
2023-06-15T15:30:00+00:00,202306,3430,242,3188
2023-06-15T16:00:00+00:00,202306,3430,315,3115
2023-06-15T16:30:00+00:00,202306,3430,262,3168
2023-06-15T17:00:00+00:00,202306,3430,244,3186
2023-06-15T17:30:00+00:00,202306,3430,161,3269
2023-06-15T18:00:00+00:00,202306,3430,125,3305
2023-06-15T18:30:00+00:00,202306,3430,124,3306
2023-06-15T19:00:00+00:00,202306,3430,136,3294
2023-06-15T19:30:00+00:00,202306,3430,158,3272
2023-06-15T20:00:00+00:00,202306,3430,173,3257
2023-06-15T20:30:00+00:00,202306,3430,216,3214
2023-06-15T21:00:00+00:00,202306,3430,276,3154
2023-06-15T21:30:00+00:00,202306,3430,290,3140
2023-06-15T22:00:00+00:00,202306,3430,247,3183
2023-06-15T22:30:00+00:00,202306,3430,297,3133
2023-06-15T23:00:00+00:00,202306,3430,248,3182
2023-06-15T23:30:00+00:00,202306,3430,210,3220
2023-06-16T00:00:00+00:00,202306,3430,146,3284
2023-06-16T00:30:00+00:00,202306,3430,151,3279
2023-06-16T01:00:00+00:00,202306,3430,60,3370
2023-06-16T01:30:00+00:00,202306,3430,56,3374
2023-06-16T02:00:00+00:00,202306,3430,48,3382
2023-06-16T02:30:00+00:00,202306,3430,59,3371
2023-06-16T03:00:00+00:00,202306,3430,85,3345
2023-06-16T03:30:00+00:00,202306,3430,86,3344
2023-06-16T04:00:00+00:00,202306,3430,207,3223
2023-06-16T04:30:00+00:00,202306,3430,283,3147
2023-06-16T05:00:00+00:00,202306,3430,163,3267
2023-06-16T05:30:00+00:00,202306,3430,116,3314
2023-06-16T06:00:00+00:00,202306,3430,166,3264
2023-06-16T06:30:00+00:00,202306,3430,250,3180
2023-06-16T07:00:00+00:00,202306,3430,464,2966
2023-06-16T07:30:00+00:00,202306,3430,698,2732
2023-06-16T08:00:00+00:00,202306,3430,892,2538
2023-06-16T08:30:00+00:00,202306,3430,952,2478
2023-06-16T09:00:00+00:00,202306,3430,861,2569
2023-06-16T09:30:00+00:00,202306,3430,707,2723
2023-06-16T10:00:00+00:00,202306,3430,567,2863
2023-06-16T10:30:00+00:00,202306,3430,417,3013
2023-06-16T11:00:00+00:00,202306,3430,349,3081
2023-06-16T11:30:00+00:00,202306,3430,268,3162
2023-06-16T12:00:00+00:00,202306,3430,250,3180
2023-06-16T12:30:00+00:00,202306,3430,161,3269
2023-06-16T13:00:00+00:00,202306,3430,110,3320
2023-06-16T13:30:00+00:00,202306,3430,79,3351
2023-06-16T14:00:00+00:00,202306,3430,80,3350
2023-06-16T14:30:00+00:00,202306,3430,94,3336
2023-06-16T15:00:00+00:00,202306,3430,199,3231
2023-06-16T15:30:00+00:00,202306,3430,329,3101
2023-06-16T16:00:00+00:00,202306,3430,346,3084
2023-06-16T16:30:00+00:00,202306,3430,331,3099
2023-06-16T17:00:00+00:00,202306,3430,362,3068
2023-06-16T17:30:00+00:00,202306,3430,263,3167
2023-06-16T18:00:00+00:00,202306,3430,277,3153
2023-06-16T18:30:00+00:00,202306,3430,185,3245
2023-06-16T19:00:00+00:00,202306,3430,182,3248
2023-06-16T19:30:00+00:00,202306,3430,195,3235
2023-06-16T20:00:00+00:00,202306,3430,241,3189
2023-06-16T20:30:00+00:00,202306,3430,193,3237
2023-06-16T21:00:00+00:00,202306,3430,224,3206
2023-06-16T21:30:00+00:00,202306,3430,236,3194
2023-06-16T22:00:00+00:00,202306,3430,303,3127
2023-06-16T22:30:00+00:00,202306,3430,258,3172
2023-06-16T23:00:00+00:00,202306,3430,224,3206
2023-06-16T23:30:00+00:00,202306,3430,188,3242
2023-06-17T00:00:00+00:00,202306,3430,116,3314
2023-06-17T00:30:00+00:00,202306,3430,89,3341
2023-06-17T01:00:00+00:00,202306,3430,39,3391
2023-06-17T01:30:00+00:00,202306,3430,59,3371
2023-06-17T02:00:00+00:00,202306,3430,65,3365
2023-06-17T02:30:00+00:00,202306,3430,56,3374
2023-06-17T03:00:00+00:00,202306,3430,24,3406
2023-06-17T03:30:00+00:00,202306,3430,40,3390
2023-06-17T04:00:00+00:00,202306,3430,25,3405
2023-06-17T04:30:00+00:00,202306,3430,59,3371
2023-06-17T05:00:00+00:00,202306,3430,112,3318
2023-06-17T05:30:00+00:00,202306,3430,146,3284
2023-06-17T06:00:00+00:00,202306,3430,124,3306
2023-06-17T06:30:00+00:00,202306,3430,118,3312
2023-06-17T07:00:00+00:00,202306,3430,143,3287
2023-06-17T07:30:00+00:00,202306,3430,163,3267
2023-06-17T08:00:00+00:00,202306,3430,216,3214
2023-06-17T08:30:00+00:00,202306,3430,218,3212
2023-06-17T09:00:00+00:00,202306,3430,196,3234
2023-06-17T09:30:00+00:00,202306,3430,253,3177
2023-06-17T10:00:00+00:00,202306,3430,252,3178
2023-06-17T10:30:00+00:00,202306,3430,240,3190
2023-06-17T11:00:00+00:00,202306,3430,176,3254
2023-06-17T11:30:00+00:00,202306,3430,187,3243
2023-06-17T12:00:00+00:00,202306,3430,123,3307
2023-06-17T12:30:00+00:00,202306,3430,61,3369
2023-06-17T13:00:00+00:00,202306,3430,36,3394
2023-06-17T13:30:00+00:00,202306,3430,23,3407
2023-06-17T14:00:00+00:00,202306,3430,32,3398
2023-06-17T14:30:00+00:00,202306,3430,25,3405
2023-06-17T15:00:00+00:00,202306,3430,54,3376
2023-06-17T15:30:00+00:00,202306,3430,163,3267
2023-06-17T16:00:00+00:00,202306,3430,245,3185
2023-06-17T16:30:00+00:00,202306,3430,274,3156
2023-06-17T17:00:00+00:00,202306,3430,231,3199
2023-06-17T17:30:00+00:00,202306,3430,195,3235
2023-06-17T18:00:00+00:00,202306,3430,99,3331
2023-06-17T18:30:00+00:00,202306,3430,106,3324
2023-06-17T19:00:00+00:00,202306,3430,117,3313
2023-06-17T19:30:00+00:00,202306,3430,157,3273
2023-06-17T20:00:00+00:00,202306,3430,198,3232
2023-06-17T20:30:00+00:00,202306,3430,141,3289
2023-06-17T21:00:00+00:00,202306,3430,145,3285
2023-06-17T21:30:00+00:00,202306,3430,139,3291
2023-06-17T22:00:00+00:00,202306,3430,178,3252
2023-06-17T22:30:00+00:00,202306,3430,176,3254
2023-06-17T23:00:00+00:00,202306,3430,174,3256
2023-06-17T23:30:00+00:00,202306,3430,84,3346
2023-06-18T00:00:00+00:00,202306,3430,65,3365
2023-06-18T00:30:00+00:00,202306,3430,49,3381
2023-06-18T01:00:00+00:00,202306,3430,30,3400
2023-06-18T01:30:00+00:00,202306,3430,12,3418
2023-06-18T02:00:00+00:00,202306,3430,14,3416
2023-06-18T02:30:00+00:00,202306,3430,15,3415
2023-06-18T03:00:00+00:00,202306,3430,24,3406
2023-06-18T03:30:00+00:00,202306,3430,28,3402
2023-06-18T04:00:00+00:00,202306,3430,67,3363
2023-06-18T04:30:00+00:00,202306,3430,103,3327
2023-06-18T05:00:00+00:00,202306,3430,125,3305
2023-06-18T05:30:00+00:00,202306,3430,132,3298
2023-06-18T06:00:00+00:00,202306,3430,106,3324
2023-06-18T06:30:00+00:00,202306,3430,118,3312
2023-06-18T07:00:00+00:00,202306,3430,184,3246
2023-06-18T07:30:00+00:00,202306,3430,269,3161
2023-06-18T08:00:00+00:00,202306,3430,317,3113
2023-06-18T08:30:00+00:00,202306,3430,323,3107
2023-06-18T09:00:00+00:00,202306,3430,302,3128
2023-06-18T09:30:00+00:00,202306,3430,403,3027
2023-06-18T10:00:00+00:00,202306,3430,400,3030
2023-06-18T10:30:00+00:00,202306,3430,411,3019
2023-06-18T11:00:00+00:00,202306,3430,271,3159
2023-06-18T11:30:00+00:00,202306,3430,264,3166
2023-06-18T12:00:00+00:00,202306,3430,227,3203
2023-06-18T12:30:00+00:00,202306,3430,185,3245
2023-06-18T13:00:00+00:00,202306,3430,153,3277
2023-06-18T13:30:00+00:00,202306,3430,150,3280
2023-06-18T14:00:00+00:00,202306,3430,80,3350
2023-06-18T14:30:00+00:00,202306,3430,79,3351
2023-06-18T15:00:00+00:00,202306,3430,65,3365
2023-06-18T15:30:00+00:00,202306,3430,90,3340
2023-06-18T16:00:00+00:00,202306,3430,180,3250
2023-06-18T16:30:00+00:00,202306,3430,287,3143
2023-06-18T17:00:00+00:00,202306,3430,211,3219
2023-06-18T17:30:00+00:00,202306,3430,209,3221
2023-06-18T18:00:00+00:00,202306,3430,227,3203
2023-06-18T18:30:00+00:00,202306,3430,269,3161
2023-06-18T19:00:00+00:00,202306,3430,304,3126
2023-06-18T19:30:00+00:00,202306,3430,385,3045
2023-06-18T20:00:00+00:00,202306,3430,364,3066
2023-06-18T20:30:00+00:00,202306,3430,343,3087
2023-06-18T21:00:00+00:00,202306,3430,398,3032
2023-06-18T21:30:00+00:00,202306,3430,400,3030
2023-06-18T22:00:00+00:00,202306,3430,403,3027
2023-06-18T22:30:00+00:00,202306,3430,408,3022
2023-06-18T23:00:00+00:00,202306,3430,412,3018
2023-06-18T23:30:00+00:00,202306,3430,425,3005
2023-06-19T00:00:00+00:00,202306,3430,397,3033
2023-06-19T00:30:00+00:00,202306,3430,335,3095
2023-06-19T01:00:00+00:00,202306,3430,286,3144
2023-06-19T01:30:00+00:00,202306,3430,237,3193
2023-06-19T02:00:00+00:00,202306,3430,143,3287
2023-06-19T02:30:00+00:00,202306,3430,117,3313
2023-06-19T03:00:00+00:00,202306,3430,76,3354
2023-06-19T03:30:00+00:00,202306,3430,119,3311
2023-06-19T04:00:00+00:00,202306,3430,158,3272
2023-06-19T04:30:00+00:00,202306,3430,215,3215
2023-06-19T05:00:00+00:00,202306,3430,261,3169
2023-06-19T05:30:00+00:00,202306,3430,396,3034
2023-06-19T06:00:00+00:00,202306,3430,336,3094
2023-06-19T06:30:00+00:00,202306,3430,300,3130
2023-06-19T07:00:00+00:00,202306,3430,264,3166
2023-06-19T07:30:00+00:00,202306,3430,285,3145
2023-06-19T08:00:00+00:00,202306,3430,542,2888
2023-06-19T08:30:00+00:00,202306,3430,730,2700
2023-06-19T09:00:00+00:00,202306,3430,876,2554
2023-06-19T09:30:00+00:00,202306,3430,913,2517
2023-06-19T10:00:00+00:00,202306,3430,873,2557
2023-06-19T10:30:00+00:00,202306,3430,808,2622
2023-06-19T11:00:00+00:00,202306,3430,729,2701
2023-06-19T11:30:00+00:00,202306,3430,695,2735
2023-06-19T12:00:00+00:00,202306,3430,638,2792
2023-06-19T12:30:00+00:00,202306,3430,681,2749
2023-06-19T13:00:00+00:00,202306,3430,533,2897
2023-06-19T13:30:00+00:00,202306,3430,336,3094
2023-06-19T14:00:00+00:00,202306,3430,283,3147
2023-06-19T14:30:00+00:00,202306,3430,281,3149
2023-06-19T15:00:00+00:00,202306,3430,399,3031
2023-06-19T15:30:00+00:00,202306,3430,629,2801
2023-06-19T16:00:00+00:00,202306,3430,829,2601
2023-06-19T16:30:00+00:00,202306,3430,884,2546
2023-06-19T17:00:00+00:00,202306,3430,805,2625
2023-06-19T17:30:00+00:00,202306,3430,778,2652
2023-06-19T18:00:00+00:00,202306,3430,695,2735
2023-06-19T18:30:00+00:00,202306,3430,717,2713
2023-06-19T19:00:00+00:00,202306,3430,739,2691
2023-06-19T19:30:00+00:00,202306,3430,821,2609
2023-06-19T20:00:00+00:00,202306,3430,843,2587
2023-06-19T20:30:00+00:00,202306,3430,1020,2410
2023-06-19T21:00:00+00:00,202306,3430,1074,2356
2023-06-19T21:30:00+00:00,202306,3430,1000,2430
2023-06-19T22:00:00+00:00,202306,3430,1056,2374
2023-06-19T22:30:00+00:00,202306,3430,979,2451
2023-06-19T23:00:00+00:00,202306,3430,980,2450
2023-06-19T23:30:00+00:00,202306,3430,861,2569
2023-06-20T00:00:00+00:00,202306,3430,774,2656
2023-06-20T00:30:00+00:00,202306,3430,625,2805
2023-06-20T01:00:00+00:00,202306,3430,553,2877
2023-06-20T01:30:00+00:00,202306,3430,447,2983
2023-06-20T02:00:00+00:00,202306,3430,385,3045
2023-06-20T02:30:00+00:00,202306,3430,284,3146
2023-06-20T03:00:00+00:00,202306,3430,220,3210
2023-06-20T03:30:00+00:00,202306,3430,284,3146
2023-06-20T04:00:00+00:00,202306,3430,321,3109
2023-06-20T04:30:00+00:00,202306,3430,354,3076
2023-06-20T05:00:00+00:00,202306,3430,415,3015
2023-06-20T05:30:00+00:00,202306,3430,426,3004
2023-06-20T06:00:00+00:00,202306,3430,499,2931
2023-06-20T06:30:00+00:00,202306,3430,616,2814
2023-06-20T07:00:00+00:00,202306,3430,782,2648
2023-06-20T07:30:00+00:00,202306,3430,966,2464
2023-06-20T08:00:00+00:00,202306,3430,1187,2243
2023-06-20T08:30:00+00:00,202306,3430,1456,1974
2023-06-20T09:00:00+00:00,202306,3430,1565,1865
2023-06-20T09:30:00+00:00,202306,3430,1555,1875
2023-06-20T10:00:00+00:00,202306,3430,1394,2036
2023-06-20T10:30:00+00:00,202306,3430,1237,2193
2023-06-20T11:00:00+00:00,202306,3430,1084,2346
2023-06-20T11:30:00+00:00,202306,3430,974,2456
2023-06-20T12:00:00+00:00,202306,3430,920,2510
2023-06-20T12:30:00+00:00,202306,3430,914,2516
2023-06-20T13:00:00+00:00,202306,3430,804,2626
2023-06-20T13:30:00+00:00,202306,3430,555,2875
2023-06-20T14:00:00+00:00,202306,3430,490,2940
2023-06-20T14:30:00+00:00,202306,3430,453,2977
2023-06-20T15:00:00+00:00,202306,3430,421,3009
2023-06-20T15:30:00+00:00,202306,3430,570,2860
2023-06-20T16:00:00+00:00,202306,3430,671,2759
2023-06-20T16:30:00+00:00,202306,3430,626,2804
2023-06-20T17:00:00+00:00,202306,3430,599,2831
2023-06-20T17:30:00+00:00,202306,3430,531,2899
2023-06-20T18:00:00+00:00,202306,3430,481,2949
2023-06-20T18:30:00+00:00,202306,3430,536,2894
2023-06-20T19:00:00+00:00,202306,3430,623,2807
2023-06-20T19:30:00+00:00,202306,3430,731,2699
2023-06-20T20:00:00+00:00,202306,3430,834,2596
2023-06-20T20:30:00+00:00,202306,3430,839,2591
2023-06-20T21:00:00+00:00,202306,3430,909,2521
2023-06-20T21:30:00+00:00,202306,3430,903,2527
2023-06-20T22:00:00+00:00,202306,3430,878,2552
2023-06-20T22:30:00+00:00,202306,3430,743,2687
2023-06-20T23:00:00+00:00,202306,3430,628,2802
2023-06-20T23:30:00+00:00,202306,3430,607,2823
2023-06-21T00:00:00+00:00,202306,3430,568,2862
2023-06-21T00:30:00+00:00,202306,3430,542,2888
2023-06-21T01:00:00+00:00,202306,3430,487,2943
2023-06-21T01:30:00+00:00,202306,3430,398,3032
2023-06-21T02:00:00+00:00,202306,3430,285,3145
2023-06-21T02:30:00+00:00,202306,3430,258,3172
2023-06-21T03:00:00+00:00,202306,3430,247,3183
2023-06-21T03:30:00+00:00,202306,3430,265,3165
2023-06-21T04:00:00+00:00,202306,3430,373,3057
2023-06-21T04:30:00+00:00,202306,3430,442,2988
2023-06-21T05:00:00+00:00,202306,3430,486,2944
2023-06-21T05:30:00+00:00,202306,3430,545,2885
2023-06-21T06:00:00+00:00,202306,3430,464,2966
2023-06-21T06:30:00+00:00,202306,3430,509,2921
2023-06-21T07:00:00+00:00,202306,3430,572,2858
2023-06-21T07:30:00+00:00,202306,3430,880,2550
2023-06-21T08:00:00+00:00,202306,3430,1276,2154
2023-06-21T08:30:00+00:00,202306,3430,1544,1886
2023-06-21T09:00:00+00:00,202306,3430,1568,1862
2023-06-21T09:30:00+00:00,202306,3430,1577,1853
2023-06-21T10:00:00+00:00,202306,3430,1332,2098
2023-06-21T10:30:00+00:00,202306,3430,1211,2219
2023-06-21T11:00:00+00:00,202306,3430,1070,2360
2023-06-21T11:30:00+00:00,202306,3430,946,2484
2023-06-21T12:00:00+00:00,202306,3430,840,2590
2023-06-21T12:30:00+00:00,202306,3430,825,2605
2023-06-21T13:00:00+00:00,202306,3430,614,2816
2023-06-21T13:30:00+00:00,202306,3430,520,2910
2023-06-21T14:00:00+00:00,202306,3430,495,2935
2023-06-21T14:30:00+00:00,202306,3430,452,2978
2023-06-21T15:00:00+00:00,202306,3430,642,2788
2023-06-21T15:30:00+00:00,202306,3430,774,2656
2023-06-21T16:00:00+00:00,202306,3430,919,2511
2023-06-21T16:30:00+00:00,202306,3430,935,2495
2023-06-21T17:00:00+00:00,202306,3430,839,2591
2023-06-21T17:30:00+00:00,202306,3430,743,2687
2023-06-21T18:00:00+00:00,202306,3430,705,2725
2023-06-21T18:30:00+00:00,202306,3430,676,2754
2023-06-21T19:00:00+00:00,202306,3430,654,2776
2023-06-21T19:30:00+00:00,202306,3430,734,2696
2023-06-21T20:00:00+00:00,202306,3430,761,2669
2023-06-21T20:30:00+00:00,202306,3430,818,2612
2023-06-21T21:00:00+00:00,202306,3430,929,2501
2023-06-21T21:30:00+00:00,202306,3430,905,2525
2023-06-21T22:00:00+00:00,202306,3430,907,2523
2023-06-21T22:30:00+00:00,202306,3430,825,2605
2023-06-21T23:00:00+00:00,202306,3430,811,2619
2023-06-21T23:30:00+00:00,202306,3430,824,2606
2023-06-22T00:00:00+00:00,202306,3430,771,2659
2023-06-22T00:30:00+00:00,202306,3430,666,2764
2023-06-22T01:00:00+00:00,202306,3430,571,2859
2023-06-22T01:30:00+00:00,202306,3430,484,2946
2023-06-22T02:00:00+00:00,202306,3430,450,2980
2023-06-22T02:30:00+00:00,202306,3430,420,3010
2023-06-22T03:00:00+00:00,202306,3430,422,3008
2023-06-22T03:30:00+00:00,202306,3430,439,2991
2023-06-22T04:00:00+00:00,202306,3430,521,2909
2023-06-22T04:30:00+00:00,202306,3430,500,2930
2023-06-22T05:00:00+00:00,202306,3430,638,2792
2023-06-22T05:30:00+00:00,202306,3430,748,2682
2023-06-22T06:00:00+00:00,202306,3430,913,2517
2023-06-22T06:30:00+00:00,202306,3430,942,2488
2023-06-22T07:00:00+00:00,202306,3430,1053,2377
2023-06-22T07:30:00+00:00,202306,3430,1140,2290
2023-06-22T08:00:00+00:00,202306,3430,1474,1956
2023-06-22T08:30:00+00:00,202306,3430,1524,1906
2023-06-22T09:00:00+00:00,202306,3430,1467,1963
2023-06-22T09:30:00+00:00,202306,3430,1222,2208
2023-06-22T10:00:00+00:00,202306,3430,1094,2336
2023-06-22T10:30:00+00:00,202306,3430,1071,2359
2023-06-22T11:00:00+00:00,202306,3430,1031,2399
2023-06-22T11:30:00+00:00,202306,3430,1012,2418
2023-06-22T12:00:00+00:00,202306,3430,860,2570
2023-06-22T12:30:00+00:00,202306,3430,792,2638
2023-06-22T13:00:00+00:00,202306,3430,596,2834
2023-06-22T13:30:00+00:00,202306,3430,631,2799
2023-06-22T14:00:00+00:00,202306,3430,719,2711
2023-06-22T14:30:00+00:00,202306,3430,745,2685
2023-06-22T15:00:00+00:00,202306,3430,780,2650
2023-06-22T15:30:00+00:00,202306,3430,922,2508
2023-06-22T16:00:00+00:00,202306,3430,966,2464
2023-06-22T16:30:00+00:00,202306,3430,1016,2414
2023-06-22T17:00:00+00:00,202306,3430,989,2441
2023-06-22T17:30:00+00:00,202306,3430,961,2469
2023-06-22T18:00:00+00:00,202306,3430,920,2510
2023-06-22T18:30:00+00:00,202306,3430,887,2543
2023-06-22T19:00:00+00:00,202306,3430,900,2530
2023-06-22T19:30:00+00:00,202306,3430,933,2497
2023-06-22T20:00:00+00:00,202306,3430,950,2480
2023-06-22T20:30:00+00:00,202306,3430,1203,2227
2023-06-22T21:00:00+00:00,202306,3430,1290,2140
2023-06-22T21:30:00+00:00,202306,3430,1395,2035
2023-06-22T22:00:00+00:00,202306,3430,1173,2257
2023-06-22T22:30:00+00:00,202306,3430,1427,2003
2023-06-22T23:00:00+00:00,202306,3430,1591,1839
2023-06-22T23:30:00+00:00,202306,3430,1562,1868
2023-06-23T00:00:00+00:00,202306,3430,1472,1958
2023-06-23T00:30:00+00:00,202306,3430,1194,2236
2023-06-23T01:00:00+00:00,202306,3430,1093,2337
2023-06-23T01:30:00+00:00,202306,3430,1010,2420
2023-06-23T02:00:00+00:00,202306,3430,940,2490
2023-06-23T02:30:00+00:00,202306,3430,893,2537
2023-06-23T03:00:00+00:00,202306,3430,883,2547
2023-06-23T03:30:00+00:00,202306,3430,888,2542
2023-06-23T04:00:00+00:00,202306,3430,862,2568
2023-06-23T04:30:00+00:00,202306,3430,888,2542
2023-06-23T05:00:00+00:00,202306,3430,911,2519
2023-06-23T05:30:00+00:00,202306,3430,917,2513
2023-06-23T06:00:00+00:00,202306,3430,918,2512
2023-06-23T06:30:00+00:00,202306,3430,990,2440
2023-06-23T07:00:00+00:00,202306,3430,1225,2205
2023-06-23T07:30:00+00:00,202306,3430,1403,2027
2023-06-23T08:00:00+00:00,202306,3430,1847,1583
2023-06-23T08:30:00+00:00,202306,3430,1902,1528
2023-06-23T09:00:00+00:00,202306,3430,1847,1583
2023-06-23T09:30:00+00:00,202306,3430,1449,1981
2023-06-23T10:00:00+00:00,202306,3430,1510,1920
2023-06-23T10:30:00+00:00,202306,3430,1338,2092
2023-06-23T11:00:00+00:00,202306,3430,1206,2224
2023-06-23T11:30:00+00:00,202306,3430,1048,2382
2023-06-23T12:00:00+00:00,202306,3430,834,2596
2023-06-23T12:30:00+00:00,202306,3430,775,2655
2023-06-23T13:00:00+00:00,202306,3430,788,2642
2023-06-23T13:30:00+00:00,202306,3430,792,2638
2023-06-23T14:00:00+00:00,202306,3430,835,2595
2023-06-23T14:30:00+00:00,202306,3430,910,2520
2023-06-23T15:00:00+00:00,202306,3430,947,2483
2023-06-23T15:30:00+00:00,202306,3430,890,2540
2023-06-23T16:00:00+00:00,202306,3430,885,2545
2023-06-23T16:30:00+00:00,202306,3430,1017,2413
2023-06-23T17:00:00+00:00,202306,3430,1069,2361
2023-06-23T17:30:00+00:00,202306,3430,1007,2423
2023-06-23T18:00:00+00:00,202306,3430,1053,2377
2023-06-23T18:30:00+00:00,202306,3430,1085,2345
2023-06-23T19:00:00+00:00,202306,3430,1113,2317
2023-06-23T19:30:00+00:00,202306,3430,1167,2263
2023-06-23T20:00:00+00:00,202306,3430,1194,2236
2023-06-23T20:30:00+00:00,202306,3430,1329,2101
2023-06-23T21:00:00+00:00,202306,3430,1360,2070
2023-06-23T21:30:00+00:00,202306,3430,1372,2058
2023-06-23T22:00:00+00:00,202306,3430,1056,2374
2023-06-23T22:30:00+00:00,202306,3430,1229,2201
2023-06-23T23:00:00+00:00,202306,3430,1112,2318
2023-06-23T23:30:00+00:00,202306,3430,1009,2421
2023-06-24T00:00:00+00:00,202306,3430,785,2645
2023-06-24T00:30:00+00:00,202306,3430,470,2960
2023-06-24T01:00:00+00:00,202306,3430,418,3012
2023-06-24T01:30:00+00:00,202306,3430,300,3130
2023-06-24T02:00:00+00:00,202306,3430,228,3202
2023-06-24T02:30:00+00:00,202306,3430,205,3225
2023-06-24T03:00:00+00:00,202306,3430,164,3266
2023-06-24T03:30:00+00:00,202306,3430,179,3251
2023-06-24T04:00:00+00:00,202306,3430,171,3259
2023-06-24T04:30:00+00:00,202306,3430,223,3207
2023-06-24T05:00:00+00:00,202306,3430,301,3129
2023-06-24T05:30:00+00:00,202306,3430,383,3047
2023-06-24T06:00:00+00:00,202306,3430,364,3066
2023-06-24T06:30:00+00:00,202306,3430,364,3066
2023-06-24T07:00:00+00:00,202306,3430,465,2965
2023-06-24T07:30:00+00:00,202306,3430,583,2847
2023-06-24T08:00:00+00:00,202306,3430,1262,2168
2023-06-24T08:30:00+00:00,202306,3430,1293,2137
2023-06-24T09:00:00+00:00,202306,3430,1181,2249
2023-06-24T09:30:00+00:00,202306,3430,1044,2386
2023-06-24T10:00:00+00:00,202306,3430,789,2641
2023-06-24T10:30:00+00:00,202306,3430,647,2783
2023-06-24T11:00:00+00:00,202306,3430,498,2932
2023-06-24T11:30:00+00:00,202306,3430,284,3146
2023-06-24T12:00:00+00:00,202306,3430,202,3228
2023-06-24T12:30:00+00:00,202306,3430,182,3248
2023-06-24T13:00:00+00:00,202306,3430,125,3305
2023-06-24T13:30:00+00:00,202306,3430,115,3315
2023-06-24T14:00:00+00:00,202306,3430,144,3286
2023-06-24T14:30:00+00:00,202306,3430,177,3253
2023-06-24T15:00:00+00:00,202306,3430,219,3211
2023-06-24T15:30:00+00:00,202306,3430,194,3236
2023-06-24T16:00:00+00:00,202306,3430,203,3227
2023-06-24T16:30:00+00:00,202306,3430,220,3210
2023-06-24T17:00:00+00:00,202306,3430,244,3186
2023-06-24T17:30:00+00:00,202306,3430,192,3238
2023-06-24T18:00:00+00:00,202306,3430,226,3204
2023-06-24T18:30:00+00:00,202306,3430,201,3229
2023-06-24T19:00:00+00:00,202306,3430,196,3234
2023-06-24T19:30:00+00:00,202306,3430,189,3241
2023-06-24T20:00:00+00:00,202306,3430,157,3273
2023-06-24T20:30:00+00:00,202306,3430,156,3274
2023-06-24T21:00:00+00:00,202306,3430,153,3277
2023-06-24T21:30:00+00:00,202306,3430,131,3299
2023-06-24T22:00:00+00:00,202306,3430,141,3289
2023-06-24T22:30:00+00:00,202306,3430,98,3332
2023-06-24T23:00:00+00:00,202306,3430,68,3362
2023-06-24T23:30:00+00:00,202306,3430,54,3376
2023-06-25T00:00:00+00:00,202306,3430,32,3398
2023-06-25T00:30:00+00:00,202306,3430,17,3413
2023-06-25T01:00:00+00:00,202306,3430,14,3416
2023-06-25T01:30:00+00:00,202306,3430,10,3420
2023-06-25T02:00:00+00:00,202306,3430,5,3425
2023-06-25T02:30:00+00:00,202306,3430,3,3427
2023-06-25T03:00:00+00:00,202306,3430,3,3427
2023-06-25T03:30:00+00:00,202306,3430,3,3427
2023-06-25T04:00:00+00:00,202306,3430,3,3427
2023-06-25T04:30:00+00:00,202306,3430,0,3430
2023-06-25T05:00:00+00:00,202306,3430,4,3426
2023-06-25T05:30:00+00:00,202306,3430,6,3424
2023-06-25T06:00:00+00:00,202306,3430,37,3393
2023-06-25T06:30:00+00:00,202306,3430,87,3343
2023-06-25T07:00:00+00:00,202306,3430,119,3311
2023-06-25T07:30:00+00:00,202306,3430,246,3184
2023-06-25T08:00:00+00:00,202306,3430,295,3135
2023-06-25T08:30:00+00:00,202306,3430,282,3148
2023-06-25T09:00:00+00:00,202306,3430,273,3157
2023-06-25T09:30:00+00:00,202306,3430,294,3136
2023-06-25T10:00:00+00:00,202306,3430,286,3144
2023-06-25T10:30:00+00:00,202306,3430,281,3149
2023-06-25T11:00:00+00:00,202306,3430,221,3209
2023-06-25T11:30:00+00:00,202306,3430,195,3235
2023-06-25T12:00:00+00:00,202306,3430,168,3262
2023-06-25T12:30:00+00:00,202306,3430,120,3310
2023-06-25T13:00:00+00:00,202306,3430,104,3326
2023-06-25T13:30:00+00:00,202306,3430,108,3322
2023-06-25T14:00:00+00:00,202306,3430,107,3323
2023-06-25T14:30:00+00:00,202306,3430,107,3323
2023-06-25T15:00:00+00:00,202306,3430,118,3312
2023-06-25T15:30:00+00:00,202306,3430,124,3306
2023-06-25T16:00:00+00:00,202306,3430,146,3284
2023-06-25T16:30:00+00:00,202306,3430,205,3225
2023-06-25T17:00:00+00:00,202306,3430,193,3237
2023-06-25T17:30:00+00:00,202306,3430,194,3236
2023-06-25T18:00:00+00:00,202306,3430,175,3255
2023-06-25T18:30:00+00:00,202306,3430,270,3160
2023-06-25T19:00:00+00:00,202306,3430,323,3107
2023-06-25T19:30:00+00:00,202306,3430,355,3075
2023-06-25T20:00:00+00:00,202306,3430,274,3156
2023-06-25T20:30:00+00:00,202306,3430,257,3173
2023-06-25T21:00:00+00:00,202306,3430,286,3144
2023-06-25T21:30:00+00:00,202306,3430,298,3132
2023-06-25T22:00:00+00:00,202306,3430,350,3080
2023-06-25T22:30:00+00:00,202306,3430,352,3078
2023-06-25T23:00:00+00:00,202306,3430,348,3082
2023-06-25T23:30:00+00:00,202306,3430,211,3219
2023-06-26T00:00:00+00:00,202306,3430,165,3265
2023-06-26T00:30:00+00:00,202306,3430,127,3303
2023-06-26T01:00:00+00:00,202306,3430,106,3324
2023-06-26T01:30:00+00:00,202306,3430,73,3357
2023-06-26T02:00:00+00:00,202306,3430,53,3377
2023-06-26T02:30:00+00:00,202306,3430,32,3398
2023-06-26T03:00:00+00:00,202306,3430,26,3404
2023-06-26T03:30:00+00:00,202306,3430,57,3373
2023-06-26T04:00:00+00:00,202306,3430,62,3368
2023-06-26T04:30:00+00:00,202306,3430,135,3295
2023-06-26T05:00:00+00:00,202306,3430,177,3253
2023-06-26T05:30:00+00:00,202306,3430,272,3158
2023-06-26T06:00:00+00:00,202306,3430,238,3192
2023-06-26T06:30:00+00:00,202306,3430,217,3213
2023-06-26T07:00:00+00:00,202306,3430,149,3281
2023-06-26T07:30:00+00:00,202306,3430,195,3235
2023-06-26T08:00:00+00:00,202306,3430,264,3166
2023-06-26T08:30:00+00:00,202306,3430,330,3100
2023-06-26T09:00:00+00:00,202306,3430,379,3051
2023-06-26T09:30:00+00:00,202306,3430,384,3046
2023-06-26T10:00:00+00:00,202306,3430,416,3014
2023-06-26T10:30:00+00:00,202306,3430,376,3054
2023-06-26T11:00:00+00:00,202306,3430,315,3115
2023-06-26T11:30:00+00:00,202306,3430,274,3156
2023-06-26T12:00:00+00:00,202306,3430,238,3192
2023-06-26T12:30:00+00:00,202306,3430,136,3294
2023-06-26T13:00:00+00:00,202306,3430,83,3347
2023-06-26T13:30:00+00:00,202306,3430,42,3388
2023-06-26T14:00:00+00:00,202306,3430,23,3407
2023-06-26T14:30:00+00:00,202306,3430,18,3412
2023-06-26T15:00:00+00:00,202306,3430,11,3419
2023-06-26T15:30:00+00:00,202306,3430,9,3421
2023-06-26T16:00:00+00:00,202306,3430,29,3401
2023-06-26T16:30:00+00:00,202306,3430,28,3402
2023-06-26T17:00:00+00:00,202306,3430,10,3420
2023-06-26T17:30:00+00:00,202306,3430,22,3408
2023-06-26T18:00:00+00:00,202306,3430,27,3403
2023-06-26T18:30:00+00:00,202306,3430,56,3374
2023-06-26T19:00:00+00:00,202306,3430,93,3337
2023-06-26T19:30:00+00:00,202306,3430,100,3330
2023-06-26T20:00:00+00:00,202306,3430,109,3321
2023-06-26T20:30:00+00:00,202306,3430,131,3299
2023-06-26T21:00:00+00:00,202306,3430,174,3256
2023-06-26T21:30:00+00:00,202306,3430,223,3207
2023-06-26T22:00:00+00:00,202306,3430,328,3102
2023-06-26T22:30:00+00:00,202306,3430,334,3096
2023-06-26T23:00:00+00:00,202306,3430,323,3107
2023-06-26T23:30:00+00:00,202306,3430,273,3157
2023-06-27T00:00:00+00:00,202306,3430,240,3190
2023-06-27T00:30:00+00:00,202306,3430,196,3234
2023-06-27T01:00:00+00:00,202306,3430,123,3307
2023-06-27T01:30:00+00:00,202306,3430,63,3367
2023-06-27T02:00:00+00:00,202306,3430,25,3405
2023-06-27T02:30:00+00:00,202306,3430,3,3427
2023-06-27T03:00:00+00:00,202306,3430,5,3425
2023-06-27T03:30:00+00:00,202306,3430,0,3430
2023-06-27T04:00:00+00:00,202306,3430,15,3415
2023-06-27T04:30:00+00:00,202306,3430,11,3419
2023-06-27T05:00:00+00:00,202306,3430,56,3374
2023-06-27T05:30:00+00:00,202306,3430,101,3329
2023-06-27T06:00:00+00:00,202306,3430,174,3256
2023-06-27T06:30:00+00:00,202306,3430,178,3252
2023-06-27T07:00:00+00:00,202306,3430,182,3248
2023-06-27T07:30:00+00:00,202306,3430,126,3304
2023-06-27T08:00:00+00:00,202306,3430,126,3304
2023-06-27T08:30:00+00:00,202306,3430,158,3272
2023-06-27T09:00:00+00:00,202306,3430,246,3184
2023-06-27T09:30:00+00:00,202306,3430,253,3177
2023-06-27T10:00:00+00:00,202306,3430,241,3189
2023-06-27T10:30:00+00:00,202306,3430,188,3242
2023-06-27T11:00:00+00:00,202306,3430,215,3215
2023-06-27T11:30:00+00:00,202306,3430,198,3232
2023-06-27T12:00:00+00:00,202306,3430,171,3259
2023-06-27T12:30:00+00:00,202306,3430,95,3335
2023-06-27T13:00:00+00:00,202306,3430,59,3371
2023-06-27T13:30:00+00:00,202306,3430,32,3398
2023-06-27T14:00:00+00:00,202306,3430,1,3429
2023-06-27T14:30:00+00:00,202306,3430,0,3430
2023-06-27T15:00:00+00:00,202306,3430,4,3426
2023-06-27T15:30:00+00:00,202306,3430,4,3426
2023-06-27T16:00:00+00:00,202306,3430,9,3421
2023-06-27T16:30:00+00:00,202306,3430,42,3388
2023-06-27T17:00:00+00:00,202306,3430,48,3382
2023-06-27T17:30:00+00:00,202306,3430,97,3333
2023-06-27T18:00:00+00:00,202306,3430,133,3297
2023-06-27T18:30:00+00:00,202306,3430,194,3236
2023-06-27T19:00:00+00:00,202306,3430,207,3223
2023-06-27T19:30:00+00:00,202306,3430,220,3210
2023-06-27T20:00:00+00:00,202306,3430,178,3252
2023-06-27T20:30:00+00:00,202306,3430,201,3229
2023-06-27T21:00:00+00:00,202306,3430,209,3221
2023-06-27T21:30:00+00:00,202306,3430,285,3145
2023-06-27T22:00:00+00:00,202306,3430,260,3170
2023-06-27T22:30:00+00:00,202306,3430,217,3213
2023-06-27T23:00:00+00:00,202306,3430,150,3280
2023-06-27T23:30:00+00:00,202306,3430,134,3296
2023-06-28T00:00:00+00:00,202306,3430,90,3340
2023-06-28T00:30:00+00:00,202306,3430,69,3361
2023-06-28T01:00:00+00:00,202306,3430,46,3384
2023-06-28T01:30:00+00:00,202306,3430,38,3392
2023-06-28T02:00:00+00:00,202306,3430,12,3418
2023-06-28T02:30:00+00:00,202306,3430,1,3429
2023-06-28T03:00:00+00:00,202306,3430,4,3426
2023-06-28T03:30:00+00:00,202306,3430,6,3424
2023-06-28T04:00:00+00:00,202306,3430,30,3400
2023-06-28T04:30:00+00:00,202306,3430,84,3346
2023-06-28T05:00:00+00:00,202306,3430,81,3349
2023-06-28T05:30:00+00:00,202306,3430,76,3354
2023-06-28T06:00:00+00:00,202306,3430,84,3346
2023-06-28T06:30:00+00:00,202306,3430,133,3297
2023-06-28T07:00:00+00:00,202306,3430,165,3265
2023-06-28T07:30:00+00:00,202306,3430,252,3178
2023-06-28T08:00:00+00:00,202306,3430,317,3113
2023-06-28T08:30:00+00:00,202306,3430,482,2948
2023-06-28T09:00:00+00:00,202306,3430,481,2949
2023-06-28T09:30:00+00:00,202306,3430,478,2952
2023-06-28T10:00:00+00:00,202306,3430,344,3086
2023-06-28T10:30:00+00:00,202306,3430,299,3131
2023-06-28T11:00:00+00:00,202306,3430,225,3205
2023-06-28T11:30:00+00:00,202306,3430,188,3242
2023-06-28T12:00:00+00:00,202306,3430,156,3274
2023-06-28T12:30:00+00:00,202306,3430,149,3281
2023-06-28T13:00:00+00:00,202306,3430,113,3317
2023-06-28T13:30:00+00:00,202306,3430,50,3380
2023-06-28T14:00:00+00:00,202306,3430,47,3383
2023-06-28T14:30:00+00:00,202306,3430,40,3390
2023-06-28T15:00:00+00:00,202306,3430,55,3375
2023-06-28T15:30:00+00:00,202306,3430,71,3359
2023-06-28T16:00:00+00:00,202306,3430,56,3374
2023-06-28T16:30:00+00:00,202306,3430,53,3377
2023-06-28T17:00:00+00:00,202306,3430,84,3346
2023-06-28T17:30:00+00:00,202306,3430,87,3343
2023-06-28T18:00:00+00:00,202306,3430,68,3362
2023-06-28T18:30:00+00:00,202306,3430,79,3351
2023-06-28T19:00:00+00:00,202306,3430,87,3343
2023-06-28T19:30:00+00:00,202306,3430,85,3345
2023-06-28T20:00:00+00:00,202306,3430,157,3273
2023-06-28T20:30:00+00:00,202306,3430,191,3239
2023-06-28T21:00:00+00:00,202306,3430,191,3239
2023-06-28T21:30:00+00:00,202306,3430,211,3219
2023-06-28T22:00:00+00:00,202306,3430,237,3193
2023-06-28T22:30:00+00:00,202306,3430,278,3152
2023-06-28T23:00:00+00:00,202306,3430,259,3171
2023-06-28T23:30:00+00:00,202306,3430,251,3179
2023-06-29T00:00:00+00:00,202306,3430,205,3225
2023-06-29T00:30:00+00:00,202306,3430,156,3274
2023-06-29T01:00:00+00:00,202306,3430,157,3273
2023-06-29T01:30:00+00:00,202306,3430,150,3280
2023-06-29T02:00:00+00:00,202306,3430,45,3385
2023-06-29T02:30:00+00:00,202306,3430,26,3404
2023-06-29T03:00:00+00:00,202306,3430,27,3403
2023-06-29T03:30:00+00:00,202306,3430,69,3361
2023-06-29T04:00:00+00:00,202306,3430,59,3371
2023-06-29T04:30:00+00:00,202306,3430,109,3321
2023-06-29T05:00:00+00:00,202306,3430,70,3360
2023-06-29T05:30:00+00:00,202306,3430,25,3405
2023-06-29T06:00:00+00:00,202306,3430,43,3387
2023-06-29T06:30:00+00:00,202306,3430,65,3365
2023-06-29T07:00:00+00:00,202306,3430,85,3345
2023-06-29T07:30:00+00:00,202306,3430,126,3304
2023-06-29T08:00:00+00:00,202306,3430,123,3307
2023-06-29T08:30:00+00:00,202306,3430,182,3248
2023-06-29T09:00:00+00:00,202306,3430,198,3232
2023-06-29T09:30:00+00:00,202306,3430,207,3223
2023-06-29T10:00:00+00:00,202306,3430,137,3293
2023-06-29T10:30:00+00:00,202306,3430,142,3288
2023-06-29T11:00:00+00:00,202306,3430,132,3298
2023-06-29T11:30:00+00:00,202306,3430,120,3310
2023-06-29T12:00:00+00:00,202306,3430,71,3359
2023-06-29T12:30:00+00:00,202306,3430,40,3390
2023-06-29T13:00:00+00:00,202306,3430,31,3399
2023-06-29T13:30:00+00:00,202306,3430,17,3413
2023-06-29T14:00:00+00:00,202306,3430,15,3415
2023-06-29T14:30:00+00:00,202306,3430,24,3406
2023-06-29T15:00:00+00:00,202306,3430,77,3353
2023-06-29T15:30:00+00:00,202306,3430,131,3299
2023-06-29T16:00:00+00:00,202306,3430,215,3215
2023-06-29T16:30:00+00:00,202306,3430,266,3164
2023-06-29T17:00:00+00:00,202306,3430,202,3228
2023-06-29T17:30:00+00:00,202306,3430,103,3327
2023-06-29T18:00:00+00:00,202306,3430,146,3284
2023-06-29T18:30:00+00:00,202306,3430,130,3300
2023-06-29T19:00:00+00:00,202306,3430,138,3292
2023-06-29T19:30:00+00:00,202306,3430,93,3337
2023-06-29T20:00:00+00:00,202306,3430,284,3146
2023-06-29T20:30:00+00:00,202306,3430,399,3031
2023-06-29T21:00:00+00:00,202306,3430,290,3140
2023-06-29T21:30:00+00:00,202306,3430,294,3136
2023-06-29T22:00:00+00:00,202306,3430,310,3120
2023-06-29T22:30:00+00:00,202306,3430,373,3057
2023-06-29T23:00:00+00:00,202306,3430,335,3095
2023-06-29T23:30:00+00:00,202306,3430,338,3092
2023-06-30T00:00:00+00:00,202306,3430,324,3106
2023-06-30T00:30:00+00:00,202306,3430,515,2915
2023-06-30T01:00:00+00:00,202306,3430,479,2951
2023-06-30T01:30:00+00:00,202306,3430,113,3317
2023-06-30T02:00:00+00:00,202306,3430,63,3367
2023-06-30T02:30:00+00:00,202306,3430,68,3362
2023-06-30T03:00:00+00:00,202306,3430,72,3358
2023-06-30T03:30:00+00:00,202306,3430,101,3329
2023-06-30T04:00:00+00:00,202306,3430,500,2930
2023-06-30T04:30:00+00:00,202306,3430,546,2884
2023-06-30T05:00:00+00:00,202306,3430,351,3079
2023-06-30T05:30:00+00:00,202306,3430,125,3305
2023-06-30T06:00:00+00:00,202306,3430,120,3310
2023-06-30T06:30:00+00:00,202306,3430,129,3301
2023-06-30T07:00:00+00:00,202306,3430,192,3238
2023-06-30T07:30:00+00:00,202306,3430,286,3144
2023-06-30T08:00:00+00:00,202306,3430,370,3060
2023-06-30T08:30:00+00:00,202306,3430,429,3001
2023-06-30T09:00:00+00:00,202306,3430,421,3009
2023-06-30T09:30:00+00:00,202306,3430,311,3119
2023-06-30T10:00:00+00:00,202306,3430,252,3178
2023-06-30T10:30:00+00:00,202306,3430,155,3275
2023-06-30T11:00:00+00:00,202306,3430,132,3298
2023-06-30T11:30:00+00:00,202306,3430,102,3328
2023-06-30T12:00:00+00:00,202306,3430,113,3317
2023-06-30T12:30:00+00:00,202306,3430,86,3344
2023-06-30T13:00:00+00:00,202306,3430,10,3420
2023-06-30T13:30:00+00:00,202306,3430,9,3421
2023-06-30T14:00:00+00:00,202306,3430,15,3415
2023-06-30T14:30:00+00:00,202306,3430,15,3415
2023-06-30T15:00:00+00:00,202306,3430,32,3398
2023-06-30T15:30:00+00:00,202306,3430,106,3324
2023-06-30T16:00:00+00:00,202306,3430,206,3224
2023-06-30T16:30:00+00:00,202306,3430,180,3250
2023-06-30T17:00:00+00:00,202306,3430,163,3267
2023-06-30T17:30:00+00:00,202306,3430,152,3278
2023-06-30T18:00:00+00:00,202306,3430,69,3361
2023-06-30T18:30:00+00:00,202306,3430,82,3348
2023-06-30T19:00:00+00:00,202306,3430,95,3335
2023-06-30T19:30:00+00:00,202306,3430,144,3286
2023-06-30T20:00:00+00:00,202306,3430,236,3194
2023-06-30T20:30:00+00:00,202306,3430,276,3154
2023-06-30T21:00:00+00:00,202306,3430,283,3147
2023-06-30T21:30:00+00:00,202306,3430,273,3157
2023-06-30T22:00:00+00:00,202306,3430,248,3182
2023-06-30T22:30:00+00:00,202306,3430,246,3184
2023-06-30T23:00:00+00:00,202306,3430,205,3225
2023-06-30T23:30:00+00:00,202306,3430,171,3259
2023-07-01T00:00:00+00:00,202307,3430,111,3319
2023-07-01T00:30:00+00:00,202307,3430,129,3301
2023-07-01T01:00:00+00:00,202307,3430,71,3359
2023-07-01T01:30:00+00:00,202307,3430,25,3405
2023-07-01T02:00:00+00:00,202307,3430,3,3427
2023-07-01T02:30:00+00:00,202307,3430,1,3429
2023-07-01T03:00:00+00:00,202307,3430,6,3424
2023-07-01T03:30:00+00:00,202307,3430,39,3391
2023-07-01T04:00:00+00:00,202307,3430,61,3369
2023-07-01T04:30:00+00:00,202307,3430,85,3345
2023-07-01T05:00:00+00:00,202307,3430,54,3376
2023-07-01T05:30:00+00:00,202307,3430,80,3350
2023-07-01T06:00:00+00:00,202307,3430,74,3356
2023-07-01T06:30:00+00:00,202307,3430,63,3367
2023-07-01T07:00:00+00:00,202307,3430,93,3337
2023-07-01T07:30:00+00:00,202307,3430,162,3268
2023-07-01T08:00:00+00:00,202307,3430,192,3238
2023-07-01T08:30:00+00:00,202307,3430,227,3203
2023-07-01T09:00:00+00:00,202307,3430,241,3189
2023-07-01T09:30:00+00:00,202307,3430,200,3230
2023-07-01T10:00:00+00:00,202307,3430,216,3214
2023-07-01T10:30:00+00:00,202307,3430,210,3220
2023-07-01T11:00:00+00:00,202307,3430,165,3265
2023-07-01T11:30:00+00:00,202307,3430,122,3308
2023-07-01T12:00:00+00:00,202307,3430,89,3341
2023-07-01T12:30:00+00:00,202307,3430,48,3382
2023-07-01T13:00:00+00:00,202307,3430,14,3416
2023-07-01T13:30:00+00:00,202307,3430,15,3415
2023-07-01T14:00:00+00:00,202307,3430,14,3416
2023-07-01T14:30:00+00:00,202307,3430,22,3408
2023-07-01T15:00:00+00:00,202307,3430,60,3370
2023-07-01T15:30:00+00:00,202307,3430,91,3339
2023-07-01T16:00:00+00:00,202307,3430,147,3283
2023-07-01T16:30:00+00:00,202307,3430,202,3228
2023-07-01T17:00:00+00:00,202307,3430,198,3232
2023-07-01T18:00:00+00:00,202307,3430,298,3132
2023-07-01T18:30:00+00:00,202307,3430,286,3144
2023-07-01T19:00:00+00:00,202307,3430,281,3149
2023-07-01T19:30:00+00:00,202307,3430,352,3078
2023-07-01T20:00:00+00:00,202307,3430,399,3031
2023-07-01T20:30:00+00:00,202307,3430,331,3099
2023-07-01T21:00:00+00:00,202307,3430,348,3082
2023-07-01T21:30:00+00:00,202307,3430,355,3075
2023-07-01T22:00:00+00:00,202307,3430,448,2982
2023-07-01T22:30:00+00:00,202307,3430,379,3051
2023-07-01T23:00:00+00:00,202307,3430,402,3028
2023-07-01T23:30:00+00:00,202307,3430,396,3034
2023-07-02T00:00:00+00:00,202307,3430,421,3009
2023-07-02T00:30:00+00:00,202307,3430,350,3080
2023-07-02T01:00:00+00:00,202307,3430,262,3168
2023-07-02T01:30:00+00:00,202307,3430,118,3312
2023-07-02T02:00:00+00:00,202307,3430,94,3336
2023-07-02T02:30:00+00:00,202307,3430,77,3353
2023-07-02T03:00:00+00:00,202307,3430,84,3346
2023-07-02T03:30:00+00:00,202307,3430,123,3307
2023-07-02T04:00:00+00:00,202307,3430,161,3269
2023-07-02T04:30:00+00:00,202307,3430,203,3227
2023-07-02T05:00:00+00:00,202307,3430,147,3283
2023-07-02T05:30:00+00:00,202307,3430,117,3313
2023-07-02T06:00:00+00:00,202307,3430,127,3303
2023-07-02T06:30:00+00:00,202307,3430,160,3270
2023-07-02T07:00:00+00:00,202307,3430,213,3217
2023-07-02T07:30:00+00:00,202307,3430,234,3196
2023-07-02T08:00:00+00:00,202307,3430,290,3140
2023-07-02T08:30:00+00:00,202307,3430,292,3138
2023-07-02T09:00:00+00:00,202307,3430,303,3127
2023-07-02T09:30:00+00:00,202307,3430,221,3209
2023-07-02T10:00:00+00:00,202307,3430,205,3225
2023-07-02T10:30:00+00:00,202307,3430,133,3297
2023-07-02T11:00:00+00:00,202307,3430,125,3305
2023-07-02T11:30:00+00:00,202307,3430,119,3311
2023-07-02T12:00:00+00:00,202307,3430,82,3348
2023-07-02T12:30:00+00:00,202307,3430,10,3420
2023-07-02T13:00:00+00:00,202307,3430,10,3420
2023-07-02T13:30:00+00:00,202307,3430,0,3430
2023-07-02T14:00:00+00:00,202307,3430,7,3423
2023-07-02T14:30:00+00:00,202307,3430,8,3422
2023-07-02T15:00:00+00:00,202307,3430,12,3418
2023-07-02T15:30:00+00:00,202307,3430,79,3351
2023-07-02T16:00:00+00:00,202307,3430,150,3280
2023-07-02T16:30:00+00:00,202307,3430,178,3252
2023-07-02T17:00:00+00:00,202307,3430,191,3239
2023-07-02T17:30:00+00:00,202307,3430,248,3182
2023-07-02T18:00:00+00:00,202307,3430,239,3191
2023-07-02T18:30:00+00:00,202307,3430,190,3240
2023-07-02T19:00:00+00:00,202307,3430,189,3241
2023-07-02T19:30:00+00:00,202307,3430,204,3226
2023-07-02T20:00:00+00:00,202307,3430,226,3204
2023-07-02T20:30:00+00:00,202307,3430,229,3201
2023-07-02T21:00:00+00:00,202307,3430,224,3206
2023-07-02T21:30:00+00:00,202307,3430,219,3211
2023-07-02T22:00:00+00:00,202307,3430,269,3161
2023-07-02T22:30:00+00:00,202307,3430,313,3117
2023-07-02T23:00:00+00:00,202307,3430,335,3095
2023-07-02T23:30:00+00:00,202307,3430,274,3156
2023-07-03T00:00:00+00:00,202307,3430,201,3229
2023-07-03T00:30:00+00:00,202307,3430,145,3285
2023-07-03T01:00:00+00:00,202307,3430,120,3310
2023-07-03T01:30:00+00:00,202307,3430,92,3338
2023-07-03T02:00:00+00:00,202307,3430,96,3334
2023-07-03T02:30:00+00:00,202307,3430,93,3337
2023-07-03T03:00:00+00:00,202307,3430,96,3334
2023-07-03T03:30:00+00:00,202307,3430,102,3328
2023-07-03T04:00:00+00:00,202307,3430,135,3295
2023-07-03T04:30:00+00:00,202307,3430,192,3238
2023-07-03T05:00:00+00:00,202307,3430,224,3206
2023-07-03T05:30:00+00:00,202307,3430,262,3168
2023-07-03T06:00:00+00:00,202307,3430,251,3179
2023-07-03T06:30:00+00:00,202307,3430,245,3185
2023-07-03T07:00:00+00:00,202307,3430,250,3180
2023-07-03T07:30:00+00:00,202307,3430,250,3180
2023-07-03T08:00:00+00:00,202307,3430,240,3190
2023-07-03T08:30:00+00:00,202307,3430,271,3159
2023-07-03T09:00:00+00:00,202307,3430,333,3097
2023-07-03T09:30:00+00:00,202307,3430,334,3096
2023-07-03T10:00:00+00:00,202307,3430,334,3096
2023-07-03T10:30:00+00:00,202307,3430,300,3130
2023-07-03T11:00:00+00:00,202307,3430,340,3090
2023-07-03T11:30:00+00:00,202307,3430,292,3138
2023-07-03T12:00:00+00:00,202307,3430,187,3243
2023-07-03T12:30:00+00:00,202307,3430,85,3345
2023-07-03T13:00:00+00:00,202307,3430,91,3339
2023-07-03T13:30:00+00:00,202307,3430,95,3335
2023-07-03T14:00:00+00:00,202307,3430,100,3330
2023-07-03T14:30:00+00:00,202307,3430,123,3307
2023-07-03T15:00:00+00:00,202307,3430,241,3189
2023-07-03T15:30:00+00:00,202307,3430,415,3015
2023-07-03T16:00:00+00:00,202307,3430,530,2900
2023-07-03T16:30:00+00:00,202307,3430,609,2821
2023-07-03T17:00:00+00:00,202307,3430,658,2772
2023-07-03T17:30:00+00:00,202307,3430,566,2864
2023-07-03T18:00:00+00:00,202307,3430,370,3060
2023-07-03T18:30:00+00:00,202307,3430,290,3140
2023-07-03T19:00:00+00:00,202307,3430,296,3134
2023-07-03T19:30:00+00:00,202307,3430,377,3053
2023-07-03T20:00:00+00:00,202307,3430,670,2760
2023-07-03T20:30:00+00:00,202307,3430,899,2531
2023-07-03T21:00:00+00:00,202307,3430,897,2533
2023-07-03T21:30:00+00:00,202307,3430,857,2573
2023-07-03T22:00:00+00:00,202307,3430,759,2671
2023-07-03T22:30:00+00:00,202307,3430,732,2698
2023-07-03T23:00:00+00:00,202307,3430,658,2772
2023-07-03T23:30:00+00:00,202307,3430,900,2530
2023-07-04T00:00:00+00:00,202307,3430,878,2552
2023-07-04T00:30:00+00:00,202307,3430,730,2700
2023-07-04T01:00:00+00:00,202307,3430,418,3012
2023-07-04T01:30:00+00:00,202307,3430,398,3032
2023-07-04T02:00:00+00:00,202307,3430,349,3081
2023-07-04T02:30:00+00:00,202307,3430,335,3095
2023-07-04T03:00:00+00:00,202307,3430,347,3083
2023-07-04T03:30:00+00:00,202307,3430,528,2902
2023-07-04T04:00:00+00:00,202307,3430,609,2821
2023-07-04T04:30:00+00:00,202307,3430,772,2658
2023-07-04T05:00:00+00:00,202307,3430,769,2661
2023-07-04T05:30:00+00:00,202307,3430,543,2887
2023-07-04T06:00:00+00:00,202307,3430,592,2838
2023-07-04T06:30:00+00:00,202307,3430,679,2751
2023-07-04T07:00:00+00:00,202307,3430,859,2571
2023-07-04T07:30:00+00:00,202307,3430,1116,2314
2023-07-04T08:00:00+00:00,202307,3430,1285,2145
2023-07-04T08:30:00+00:00,202307,3430,1441,1989
2023-07-04T09:00:00+00:00,202307,3430,1525,1905
2023-07-04T09:30:00+00:00,202307,3430,1577,1853
2023-07-04T10:00:00+00:00,202307,3430,1559,1871
2023-07-04T10:30:00+00:00,202307,3430,1570,1860
2023-07-04T11:00:00+00:00,202307,3430,1408,2022
2023-07-04T11:30:00+00:00,202307,3430,1343,2087
2023-07-04T12:00:00+00:00,202307,3430,1134,2296
2023-07-04T12:30:00+00:00,202307,3430,1039,2391
2023-07-04T13:00:00+00:00,202307,3430,797,2633
2023-07-04T13:30:00+00:00,202307,3430,584,2846
2023-07-04T14:00:00+00:00,202307,3430,418,3012
2023-07-04T14:30:00+00:00,202307,3430,457,2973
2023-07-04T15:00:00+00:00,202307,3430,499,2931
2023-07-04T15:30:00+00:00,202307,3430,818,2612
2023-07-04T16:00:00+00:00,202307,3430,952,2478
2023-07-04T16:30:00+00:00,202307,3430,1008,2422
2023-07-04T17:00:00+00:00,202307,3430,819,2611
2023-07-04T17:30:00+00:00,202307,3430,771,2659
2023-07-04T18:00:00+00:00,202307,3430,599,2831
2023-07-04T18:30:00+00:00,202307,3430,679,2751
2023-07-04T19:00:00+00:00,202307,3430,808,2622
2023-07-04T19:30:00+00:00,202307,3430,942,2488
2023-07-04T20:00:00+00:00,202307,3430,1031,2399
2023-07-04T20:30:00+00:00,202307,3430,985,2445
2023-07-04T21:00:00+00:00,202307,3430,1019,2411
2023-07-04T21:30:00+00:00,202307,3430,1267,2163
2023-07-04T22:00:00+00:00,202307,3430,1311,2119
2023-07-04T22:30:00+00:00,202307,3430,1283,2147
2023-07-04T23:00:00+00:00,202307,3430,1068,2362
2023-07-04T23:30:00+00:00,202307,3430,1004,2426
2023-07-05T00:00:00+00:00,202307,3430,913,2517
2023-07-05T00:30:00+00:00,202307,3430,797,2633
2023-07-05T01:00:00+00:00,202307,3430,736,2694
2023-07-05T01:30:00+00:00,202307,3430,586,2844
2023-07-05T02:00:00+00:00,202307,3430,464,2966
2023-07-05T02:30:00+00:00,202307,3430,282,3148
2023-07-05T03:00:00+00:00,202307,3430,263,3167
2023-07-05T03:30:00+00:00,202307,3430,264,3166
2023-07-05T04:00:00+00:00,202307,3430,500,2930
2023-07-05T04:30:00+00:00,202307,3430,676,2754
2023-07-05T05:00:00+00:00,202307,3430,757,2673
2023-07-05T05:30:00+00:00,202307,3430,741,2689
2023-07-05T06:00:00+00:00,202307,3430,728,2702
2023-07-05T06:30:00+00:00,202307,3430,816,2614
2023-07-05T07:00:00+00:00,202307,3430,1013,2417
2023-07-05T07:30:00+00:00,202307,3430,1278,2152
2023-07-05T08:00:00+00:00,202307,3430,1220,2210
2023-07-05T08:30:00+00:00,202307,3430,1294,2136
2023-07-05T09:00:00+00:00,202307,3430,1408,2022
2023-07-05T09:30:00+00:00,202307,3430,1272,2158
2023-07-05T10:00:00+00:00,202307,3430,1097,2333
2023-07-05T10:30:00+00:00,202307,3430,824,2606
2023-07-05T11:00:00+00:00,202307,3430,703,2727
2023-07-05T11:30:00+00:00,202307,3430,551,2879
2023-07-05T12:00:00+00:00,202307,3430,432,2998
2023-07-05T12:30:00+00:00,202307,3430,366,3064
2023-07-05T13:00:00+00:00,202307,3430,147,3283
2023-07-05T13:30:00+00:00,202307,3430,109,3321
2023-07-05T14:00:00+00:00,202307,3430,61,3369
2023-07-05T14:30:00+00:00,202307,3430,50,3380
2023-07-05T15:00:00+00:00,202307,3430,103,3327
2023-07-05T15:30:00+00:00,202307,3430,98,3332
2023-07-05T16:00:00+00:00,202307,3430,129,3301
2023-07-05T16:30:00+00:00,202307,3430,71,3359
2023-07-05T17:00:00+00:00,202307,3430,62,3368
2023-07-05T17:30:00+00:00,202307,3430,60,3370
2023-07-05T18:00:00+00:00,202307,3430,61,3369
2023-07-05T18:30:00+00:00,202307,3430,76,3354
2023-07-05T19:00:00+00:00,202307,3430,86,3344
2023-07-05T19:30:00+00:00,202307,3430,125,3305
2023-07-05T20:00:00+00:00,202307,3430,143,3287
2023-07-05T20:30:00+00:00,202307,3430,220,3210
2023-07-05T21:00:00+00:00,202307,3430,305,3125
2023-07-05T21:30:00+00:00,202307,3430,381,3049
2023-07-05T22:00:00+00:00,202307,3430,470,2960
2023-07-05T22:30:00+00:00,202307,3430,406,3024
2023-07-05T23:00:00+00:00,202307,3430,425,3005
2023-07-05T23:30:00+00:00,202307,3430,598,2832
2023-07-06T00:00:00+00:00,202307,3430,571,2859
2023-07-06T00:30:00+00:00,202307,3430,512,2918
2023-07-06T01:00:00+00:00,202307,3430,287,3143
2023-07-06T01:30:00+00:00,202307,3430,149,3281
2023-07-06T02:00:00+00:00,202307,3430,121,3309
2023-07-06T02:30:00+00:00,202307,3430,83,3347
2023-07-06T03:00:00+00:00,202307,3430,74,3356
2023-07-06T03:30:00+00:00,202307,3430,61,3369
2023-07-06T04:00:00+00:00,202307,3430,94,3336
2023-07-06T04:30:00+00:00,202307,3430,122,3308
2023-07-06T05:00:00+00:00,202307,3430,196,3234
2023-07-06T05:30:00+00:00,202307,3430,228,3202
2023-07-06T06:00:00+00:00,202307,3430,194,3236
2023-07-06T06:30:00+00:00,202307,3430,232,3198
2023-07-06T07:00:00+00:00,202307,3430,269,3161
2023-07-06T07:30:00+00:00,202307,3430,214,3216
2023-07-06T08:00:00+00:00,202307,3430,340,3090
2023-07-06T08:30:00+00:00,202307,3430,554,2876
2023-07-06T09:00:00+00:00,202307,3430,610,2820
2023-07-06T09:30:00+00:00,202307,3430,559,2871
2023-07-06T10:00:00+00:00,202307,3430,286,3144
2023-07-06T10:30:00+00:00,202307,3430,167,3263
2023-07-06T11:00:00+00:00,202307,3430,202,3228
2023-07-06T11:30:00+00:00,202307,3430,116,3314
2023-07-06T12:00:00+00:00,202307,3430,74,3356
2023-07-06T12:30:00+00:00,202307,3430,38,3392
2023-07-06T13:00:00+00:00,202307,3430,21,3409
2023-07-06T13:30:00+00:00,202307,3430,10,3420
2023-07-06T14:00:00+00:00,202307,3430,6,3424
2023-07-06T14:30:00+00:00,202307,3430,8,3422
2023-07-06T15:00:00+00:00,202307,3430,12,3418
2023-07-06T15:30:00+00:00,202307,3430,23,3407
2023-07-06T16:00:00+00:00,202307,3430,35,3395
2023-07-06T16:30:00+00:00,202307,3430,30,3400
2023-07-06T17:00:00+00:00,202307,3430,74,3356
2023-07-06T17:30:00+00:00,202307,3430,101,3329
2023-07-06T18:00:00+00:00,202307,3430,87,3343
2023-07-06T18:30:00+00:00,202307,3430,88,3342
2023-07-06T19:00:00+00:00,202307,3430,110,3320
2023-07-06T19:30:00+00:00,202307,3430,179,3251
2023-07-06T20:00:00+00:00,202307,3430,180,3250
2023-07-06T20:30:00+00:00,202307,3430,166,3264
2023-07-06T21:00:00+00:00,202307,3430,180,3250
2023-07-06T21:30:00+00:00,202307,3430,163,3267
2023-07-06T22:00:00+00:00,202307,3430,179,3251
2023-07-06T22:30:00+00:00,202307,3430,233,3197
2023-07-06T23:00:00+00:00,202307,3430,381,3049
2023-07-06T23:30:00+00:00,202307,3430,477,2953
2023-07-07T00:00:00+00:00,202307,3430,442,2988
2023-07-07T00:30:00+00:00,202307,3430,366,3064
2023-07-07T01:00:00+00:00,202307,3430,261,3169
2023-07-07T01:30:00+00:00,202307,3430,177,3253
2023-07-07T02:00:00+00:00,202307,3430,116,3314
2023-07-07T02:30:00+00:00,202307,3430,85,3345
2023-07-07T03:00:00+00:00,202307,3430,69,3361
2023-07-07T03:30:00+00:00,202307,3430,122,3308
2023-07-07T04:00:00+00:00,202307,3430,129,3301
2023-07-07T04:30:00+00:00,202307,3430,138,3292
2023-07-07T05:00:00+00:00,202307,3430,170,3260
2023-07-07T05:30:00+00:00,202307,3430,186,3244
2023-07-07T06:00:00+00:00,202307,3430,139,3291
2023-07-07T06:30:00+00:00,202307,3430,161,3269
2023-07-07T07:00:00+00:00,202307,3430,243,3187
2023-07-07T07:30:00+00:00,202307,3430,265,3165
2023-07-07T08:00:00+00:00,202307,3430,417,3013
2023-07-07T08:30:00+00:00,202307,3430,707,2723
2023-07-07T09:00:00+00:00,202307,3430,678,2752
2023-07-07T09:30:00+00:00,202307,3430,527,2903
2023-07-07T10:00:00+00:00,202307,3430,399,3031
2023-07-07T10:30:00+00:00,202307,3430,303,3127
2023-07-07T11:00:00+00:00,202307,3430,263,3167
2023-07-07T11:30:00+00:00,202307,3430,241,3189
2023-07-07T12:00:00+00:00,202307,3430,236,3194
2023-07-07T12:30:00+00:00,202307,3430,186,3244
2023-07-07T13:00:00+00:00,202307,3430,123,3307
2023-07-07T13:30:00+00:00,202307,3430,102,3328
2023-07-07T14:00:00+00:00,202307,3430,129,3301
2023-07-07T14:30:00+00:00,202307,3430,167,3263
2023-07-07T15:00:00+00:00,202307,3430,200,3230
2023-07-07T15:30:00+00:00,202307,3430,279,3151
2023-07-07T16:00:00+00:00,202307,3430,393,3037
2023-07-07T16:30:00+00:00,202307,3430,530,2900
2023-07-07T17:00:00+00:00,202307,3430,535,2895
2023-07-07T17:30:00+00:00,202307,3430,642,2788
2023-07-07T18:00:00+00:00,202307,3430,500,2930
2023-07-07T18:30:00+00:00,202307,3430,258,3172
2023-07-07T19:00:00+00:00,202307,3430,214,3216
2023-07-07T19:30:00+00:00,202307,3430,157,3273
2023-07-07T20:00:00+00:00,202307,3430,304,3126
2023-07-07T20:30:00+00:00,202307,3430,422,3008
2023-07-07T21:00:00+00:00,202307,3430,715,2715
2023-07-07T21:30:00+00:00,202307,3430,847,2583
2023-07-07T22:00:00+00:00,202307,3430,885,2545
2023-07-07T22:30:00+00:00,202307,3430,606,2824
2023-07-07T23:00:00+00:00,202307,3430,538,2892
2023-07-07T23:30:00+00:00,202307,3430,545,2885
2023-07-08T00:00:00+00:00,202307,3430,464,2966
2023-07-08T00:30:00+00:00,202307,3430,760,2670
2023-07-08T01:00:00+00:00,202307,3430,690,2740
2023-07-08T01:30:00+00:00,202307,3430,578,2852
2023-07-08T02:00:00+00:00,202307,3430,89,3341
2023-07-08T02:30:00+00:00,202307,3430,65,3365
2023-07-08T03:00:00+00:00,202307,3430,66,3364
2023-07-08T03:30:00+00:00,202307,3430,118,3312
2023-07-08T04:00:00+00:00,202307,3430,557,2873
2023-07-08T04:30:00+00:00,202307,3430,754,2676
2023-07-08T05:00:00+00:00,202307,3430,663,2767
2023-07-08T05:30:00+00:00,202307,3430,601,2829
2023-07-08T06:00:00+00:00,202307,3430,625,2805
2023-07-08T06:30:00+00:00,202307,3430,636,2794
2023-07-08T07:00:00+00:00,202307,3430,711,2719
2023-07-08T07:30:00+00:00,202307,3430,1044,2386
2023-07-08T08:00:00+00:00,202307,3430,1104,2326
2023-07-08T08:30:00+00:00,202307,3430,1171,2259
2023-07-08T09:00:00+00:00,202307,3430,1165,2265
2023-07-08T09:30:00+00:00,202307,3430,1114,2316
2023-07-08T10:00:00+00:00,202307,3430,942,2488
2023-07-08T10:30:00+00:00,202307,3430,869,2561
2023-07-08T11:00:00+00:00,202307,3430,817,2613
2023-07-08T11:30:00+00:00,202307,3430,704,2726
2023-07-08T12:00:00+00:00,202307,3430,882,2548
2023-07-08T12:30:00+00:00,202307,3430,690,2740
2023-07-08T13:00:00+00:00,202307,3430,260,3170
2023-07-08T13:30:00+00:00,202307,3430,213,3217
2023-07-08T14:00:00+00:00,202307,3430,201,3229
2023-07-08T14:30:00+00:00,202307,3430,204,3226
2023-07-08T15:00:00+00:00,202307,3430,333,3097
2023-07-08T15:30:00+00:00,202307,3430,373,3057
2023-07-08T16:00:00+00:00,202307,3430,670,2760
2023-07-08T16:30:00+00:00,202307,3430,752,2678
2023-07-08T17:00:00+00:00,202307,3430,856,2574
2023-07-08T17:30:00+00:00,202307,3430,933,2497
2023-07-08T18:00:00+00:00,202307,3430,1000,2430
2023-07-08T18:30:00+00:00,202307,3430,892,2538
2023-07-08T19:00:00+00:00,202307,3430,833,2597
2023-07-08T19:30:00+00:00,202307,3430,833,2597
2023-07-08T20:00:00+00:00,202307,3430,1089,2341
2023-07-08T20:30:00+00:00,202307,3430,1198,2232
2023-07-08T21:00:00+00:00,202307,3430,1302,2128
2023-07-08T21:30:00+00:00,202307,3430,1351,2079
2023-07-08T22:00:00+00:00,202307,3430,1271,2159
2023-07-08T22:30:00+00:00,202307,3430,1350,2080
2023-07-08T23:00:00+00:00,202307,3430,1425,2005
2023-07-08T23:30:00+00:00,202307,3430,1364,2066
2023-07-09T00:00:00+00:00,202307,3430,1288,2142
2023-07-09T00:30:00+00:00,202307,3430,1286,2144
2023-07-09T01:00:00+00:00,202307,3430,1171,2259
2023-07-09T01:30:00+00:00,202307,3430,881,2549
2023-07-09T02:00:00+00:00,202307,3430,834,2596
2023-07-09T02:30:00+00:00,202307,3430,777,2653
2023-07-09T03:00:00+00:00,202307,3430,732,2698
2023-07-09T03:30:00+00:00,202307,3430,907,2523
2023-07-09T04:00:00+00:00,202307,3430,979,2451
2023-07-09T04:30:00+00:00,202307,3430,1117,2313
2023-07-09T05:00:00+00:00,202307,3430,1095,2335
2023-07-09T05:30:00+00:00,202307,3430,845,2585
2023-07-09T06:00:00+00:00,202307,3430,914,2516
2023-07-09T06:30:00+00:00,202307,3430,1024,2406
2023-07-09T07:00:00+00:00,202307,3430,1338,2092
2023-07-09T07:30:00+00:00,202307,3430,1784,1646
2023-07-09T08:00:00+00:00,202307,3430,2002,1428
2023-07-09T08:30:00+00:00,202307,3430,2147,1283
2023-07-09T09:00:00+00:00,202307,3430,2093,1337
2023-07-09T09:30:00+00:00,202307,3430,1798,1632
2023-07-09T10:00:00+00:00,202307,3430,1789,1641
2023-07-09T10:30:00+00:00,202307,3430,1625,1805
2023-07-09T11:00:00+00:00,202307,3430,1479,1951
2023-07-09T11:30:00+00:00,202307,3430,1322,2108
2023-07-09T12:00:00+00:00,202307,3430,1130,2300
2023-07-09T12:30:00+00:00,202307,3430,947,2483
2023-07-09T13:00:00+00:00,202307,3430,830,2600
2023-07-09T13:30:00+00:00,202307,3430,753,2677
2023-07-09T14:00:00+00:00,202307,3430,730,2700
2023-07-09T14:30:00+00:00,202307,3430,700,2730
2023-07-09T15:00:00+00:00,202307,3430,701,2729
2023-07-09T15:30:00+00:00,202307,3430,606,2824
2023-07-09T16:00:00+00:00,202307,3430,488,2942
2023-07-09T16:30:00+00:00,202307,3430,379,3051
2023-07-09T17:00:00+00:00,202307,3430,309,3121
2023-07-09T17:30:00+00:00,202307,3430,343,3087
2023-07-09T18:00:00+00:00,202307,3430,419,3011
2023-07-09T18:30:00+00:00,202307,3430,418,3012
2023-07-09T19:00:00+00:00,202307,3430,446,2984
2023-07-09T19:30:00+00:00,202307,3430,473,2957
2023-07-09T20:00:00+00:00,202307,3430,464,2966
2023-07-09T20:30:00+00:00,202307,3430,364,3066
2023-07-09T21:00:00+00:00,202307,3430,327,3103
2023-07-09T21:30:00+00:00,202307,3430,359,3071
2023-07-09T22:00:00+00:00,202307,3430,526,2904
2023-07-09T22:30:00+00:00,202307,3430,798,2632
2023-07-09T23:00:00+00:00,202307,3430,823,2607
2023-07-09T23:30:00+00:00,202307,3430,746,2684
2023-07-10T00:00:00+00:00,202307,3430,448,2982
2023-07-10T00:30:00+00:00,202307,3430,320,3110
2023-07-10T01:00:00+00:00,202307,3430,255,3175
2023-07-10T01:30:00+00:00,202307,3430,305,3125
2023-07-10T02:00:00+00:00,202307,3430,281,3149
2023-07-10T02:30:00+00:00,202307,3430,262,3168
2023-07-10T03:00:00+00:00,202307,3430,255,3175
2023-07-10T03:30:00+00:00,202307,3430,248,3182
2023-07-10T04:00:00+00:00,202307,3430,171,3259
2023-07-10T04:30:00+00:00,202307,3430,146,3284
2023-07-10T05:00:00+00:00,202307,3430,195,3235
2023-07-10T05:30:00+00:00,202307,3430,251,3179
2023-07-10T06:00:00+00:00,202307,3430,251,3179
2023-07-10T06:30:00+00:00,202307,3430,269,3161
2023-07-10T07:00:00+00:00,202307,3430,414,3016
2023-07-10T07:30:00+00:00,202307,3430,464,2966
2023-07-10T08:00:00+00:00,202307,3430,645,2785
2023-07-10T08:30:00+00:00,202307,3430,699,2731
2023-07-10T09:00:00+00:00,202307,3430,520,2910
2023-07-10T09:30:00+00:00,202307,3430,401,3029
2023-07-10T10:00:00+00:00,202307,3430,357,3073
2023-07-10T10:30:00+00:00,202307,3430,284,3146
2023-07-10T11:00:00+00:00,202307,3430,273,3157
2023-07-10T11:30:00+00:00,202307,3430,204,3226
2023-07-10T12:00:00+00:00,202307,3430,175,3255
2023-07-10T12:30:00+00:00,202307,3430,92,3338
2023-07-10T13:00:00+00:00,202307,3430,83,3347
2023-07-10T13:30:00+00:00,202307,3430,86,3344
2023-07-10T14:00:00+00:00,202307,3430,73,3357
2023-07-10T14:30:00+00:00,202307,3430,71,3359
2023-07-10T15:00:00+00:00,202307,3430,178,3252
2023-07-10T15:30:00+00:00,202307,3430,275,3155
2023-07-10T16:00:00+00:00,202307,3430,277,3153
2023-07-10T16:30:00+00:00,202307,3430,278,3152
2023-07-10T17:00:00+00:00,202307,3430,335,3095
2023-07-10T17:30:00+00:00,202307,3430,384,3046
2023-07-10T18:00:00+00:00,202307,3430,242,3188
2023-07-10T18:30:00+00:00,202307,3430,325,3105
2023-07-10T19:00:00+00:00,202307,3430,395,3035
2023-07-10T19:30:00+00:00,202307,3430,458,2972
2023-07-10T20:00:00+00:00,202307,3430,555,2875
2023-07-10T20:30:00+00:00,202307,3430,587,2843
2023-07-10T21:00:00+00:00,202307,3430,584,2846
2023-07-10T21:30:00+00:00,202307,3430,475,2955
2023-07-10T22:00:00+00:00,202307,3430,519,2911
2023-07-10T22:30:00+00:00,202307,3430,530,2900
2023-07-10T23:00:00+00:00,202307,3430,465,2965
2023-07-10T23:30:00+00:00,202307,3430,404,3026
2023-07-11T00:00:00+00:00,202307,3430,350,3080
2023-07-11T00:30:00+00:00,202307,3430,299,3131
2023-07-11T01:00:00+00:00,202307,3430,180,3250
2023-07-11T01:30:00+00:00,202307,3430,147,3283
2023-07-11T02:00:00+00:00,202307,3430,134,3296
2023-07-11T02:30:00+00:00,202307,3430,138,3292
2023-07-11T03:00:00+00:00,202307,3430,157,3273
2023-07-11T03:30:00+00:00,202307,3430,153,3277
2023-07-11T04:00:00+00:00,202307,3430,201,3229
2023-07-11T04:30:00+00:00,202307,3430,317,3113
2023-07-11T05:00:00+00:00,202307,3430,324,3106
2023-07-11T05:30:00+00:00,202307,3430,286,3144
2023-07-11T06:00:00+00:00,202307,3430,314,3116
2023-07-11T06:30:00+00:00,202307,3430,340,3090
2023-07-11T07:00:00+00:00,202307,3430,408,3022
2023-07-11T07:30:00+00:00,202307,3430,506,2924
2023-07-11T08:00:00+00:00,202307,3430,573,2857
2023-07-11T08:30:00+00:00,202307,3430,706,2724
2023-07-11T09:00:00+00:00,202307,3430,863,2567
2023-07-11T09:30:00+00:00,202307,3430,884,2546
2023-07-11T10:00:00+00:00,202307,3430,862,2568
2023-07-11T10:30:00+00:00,202307,3430,787,2643
2023-07-11T11:00:00+00:00,202307,3430,921,2509
2023-07-11T11:30:00+00:00,202307,3430,749,2681
2023-07-11T12:00:00+00:00,202307,3430,646,2784
2023-07-11T12:30:00+00:00,202307,3430,296,3134
2023-07-11T13:00:00+00:00,202307,3430,241,3189
2023-07-11T13:30:00+00:00,202307,3430,265,3165
2023-07-11T14:00:00+00:00,202307,3430,247,3183
2023-07-11T14:30:00+00:00,202307,3430,265,3165
2023-07-11T15:00:00+00:00,202307,3430,363,3067
2023-07-11T15:30:00+00:00,202307,3430,801,2629
2023-07-11T16:00:00+00:00,202307,3430,967,2463
2023-07-11T16:30:00+00:00,202307,3430,986,2444
2023-07-11T17:00:00+00:00,202307,3430,919,2511
2023-07-11T17:30:00+00:00,202307,3430,687,2743
2023-07-11T18:00:00+00:00,202307,3430,387,3043
2023-07-11T18:30:00+00:00,202307,3430,399,3031
2023-07-11T19:00:00+00:00,202307,3430,471,2959
2023-07-11T19:30:00+00:00,202307,3430,590,2840
2023-07-11T20:00:00+00:00,202307,3430,893,2537
2023-07-11T20:30:00+00:00,202307,3430,936,2494
2023-07-11T21:00:00+00:00,202307,3430,832,2598
2023-07-11T21:30:00+00:00,202307,3430,904,2526
2023-07-11T22:00:00+00:00,202307,3430,906,2524
2023-07-11T22:30:00+00:00,202307,3430,889,2541
2023-07-11T23:00:00+00:00,202307,3430,879,2551
2023-07-11T23:30:00+00:00,202307,3430,1082,2348
2023-07-12T00:00:00+00:00,202307,3430,1013,2417
2023-07-12T00:30:00+00:00,202307,3430,879,2551
2023-07-12T01:00:00+00:00,202307,3430,621,2809
2023-07-12T01:30:00+00:00,202307,3430,519,2911
2023-07-12T02:00:00+00:00,202307,3430,457,2973
2023-07-12T02:30:00+00:00,202307,3430,326,3104
2023-07-12T03:00:00+00:00,202307,3430,360,3070
2023-07-12T03:30:00+00:00,202307,3430,451,2979
2023-07-12T04:00:00+00:00,202307,3430,724,2706
2023-07-12T04:30:00+00:00,202307,3430,916,2514
2023-07-12T05:00:00+00:00,202307,3430,963,2467
2023-07-12T05:30:00+00:00,202307,3430,962,2468
2023-07-12T06:00:00+00:00,202307,3430,959,2471
2023-07-12T06:30:00+00:00,202307,3430,909,2521
2023-07-12T07:00:00+00:00,202307,3430,855,2575
2023-07-12T07:30:00+00:00,202307,3430,915,2515
2023-07-12T08:00:00+00:00,202307,3430,948,2482
2023-07-12T08:30:00+00:00,202307,3430,1025,2405
2023-07-12T09:00:00+00:00,202307,3430,1096,2334
2023-07-12T09:30:00+00:00,202307,3430,1149,2281
2023-07-12T10:00:00+00:00,202307,3430,1022,2408
2023-07-12T10:30:00+00:00,202307,3430,865,2565
2023-07-12T11:00:00+00:00,202307,3430,889,2541
2023-07-12T11:30:00+00:00,202307,3430,819,2611
2023-07-12T12:00:00+00:00,202307,3430,718,2712
2023-07-12T12:30:00+00:00,202307,3430,644,2786
2023-07-12T13:00:00+00:00,202307,3430,554,2876
2023-07-12T13:30:00+00:00,202307,3430,385,3045
2023-07-12T14:00:00+00:00,202307,3430,312,3118
2023-07-12T14:30:00+00:00,202307,3430,293,3137
2023-07-12T15:00:00+00:00,202307,3430,271,3159
2023-07-12T15:30:00+00:00,202307,3430,341,3089
2023-07-12T16:00:00+00:00,202307,3430,419,3011
2023-07-12T16:30:00+00:00,202307,3430,416,3014
2023-07-12T17:00:00+00:00,202307,3430,446,2984
2023-07-12T17:30:00+00:00,202307,3430,438,2992
2023-07-12T18:00:00+00:00,202307,3430,454,2976
2023-07-12T18:30:00+00:00,202307,3430,467,2963
2023-07-12T19:00:00+00:00,202307,3430,495,2935
2023-07-12T19:30:00+00:00,202307,3430,515,2915
2023-07-12T20:00:00+00:00,202307,3430,468,2962
2023-07-12T20:30:00+00:00,202307,3430,559,2871
2023-07-12T21:00:00+00:00,202307,3430,644,2786
2023-07-12T21:30:00+00:00,202307,3430,711,2719
2023-07-12T22:00:00+00:00,202307,3430,782,2648
2023-07-12T22:30:00+00:00,202307,3430,714,2716
2023-07-12T23:00:00+00:00,202307,3430,712,2718
2023-07-12T23:30:00+00:00,202307,3430,750,2680
2023-07-13T00:00:00+00:00,202307,3430,718,2712
2023-07-13T00:30:00+00:00,202307,3430,646,2784
2023-07-13T01:00:00+00:00,202307,3430,459,2971
2023-07-13T01:30:00+00:00,202307,3430,412,3018
2023-07-13T02:00:00+00:00,202307,3430,314,3116
2023-07-13T02:30:00+00:00,202307,3430,265,3165
2023-07-13T03:00:00+00:00,202307,3430,291,3139
2023-07-13T03:30:00+00:00,202307,3430,414,3016
2023-07-13T04:00:00+00:00,202307,3430,485,2945
2023-07-13T04:30:00+00:00,202307,3430,602,2828
2023-07-13T05:00:00+00:00,202307,3430,647,2783
2023-07-13T05:30:00+00:00,202307,3430,531,2899
2023-07-13T06:00:00+00:00,202307,3430,577,2853
2023-07-13T06:30:00+00:00,202307,3430,547,2883
2023-07-13T07:00:00+00:00,202307,3430,576,2854
2023-07-13T07:30:00+00:00,202307,3430,483,2947
2023-07-13T08:00:00+00:00,202307,3430,598,2832
2023-07-13T08:30:00+00:00,202307,3430,836,2594
2023-07-13T09:00:00+00:00,202307,3430,863,2567
2023-07-13T09:30:00+00:00,202307,3430,818,2612
2023-07-13T10:00:00+00:00,202307,3430,575,2855
2023-07-13T10:30:00+00:00,202307,3430,500,2930
2023-07-13T11:00:00+00:00,202307,3430,548,2882
2023-07-13T11:30:00+00:00,202307,3430,517,2913
2023-07-13T12:00:00+00:00,202307,3430,482,2948
2023-07-13T12:30:00+00:00,202307,3430,403,3027
2023-07-13T13:00:00+00:00,202307,3430,402,3028
2023-07-13T13:30:00+00:00,202307,3430,273,3157
2023-07-13T14:00:00+00:00,202307,3430,245,3185
2023-07-13T14:30:00+00:00,202307,3430,220,3210
2023-07-13T15:00:00+00:00,202307,3430,264,3166
2023-07-13T15:30:00+00:00,202307,3430,289,3141
2023-07-13T16:00:00+00:00,202307,3430,383,3047
2023-07-13T16:30:00+00:00,202307,3430,450,2980
2023-07-13T17:00:00+00:00,202307,3430,510,2920
2023-07-13T17:30:00+00:00,202307,3430,552,2878
2023-07-13T18:00:00+00:00,202307,3430,521,2909
2023-07-13T18:30:00+00:00,202307,3430,476,2954
2023-07-13T19:00:00+00:00,202307,3430,465,2965
2023-07-13T19:30:00+00:00,202307,3430,450,2980
2023-07-13T20:00:00+00:00,202307,3430,419,3011
2023-07-13T20:30:00+00:00,202307,3430,437,2993
2023-07-13T21:00:00+00:00,202307,3430,547,2883
2023-07-13T21:30:00+00:00,202307,3430,568,2862
2023-07-13T22:00:00+00:00,202307,3430,506,2924
2023-07-13T22:30:00+00:00,202307,3430,346,3084
2023-07-13T23:00:00+00:00,202307,3430,265,3165
2023-07-13T23:30:00+00:00,202307,3430,335,3095
2023-07-14T00:00:00+00:00,202307,3430,267,3163
2023-07-14T00:30:00+00:00,202307,3430,217,3213
2023-07-14T01:00:00+00:00,202307,3430,133,3297
2023-07-14T01:30:00+00:00,202307,3430,77,3353
2023-07-14T02:00:00+00:00,202307,3430,30,3400
2023-07-14T02:30:00+00:00,202307,3430,18,3412
2023-07-14T03:00:00+00:00,202307,3430,36,3394
2023-07-14T03:30:00+00:00,202307,3430,76,3354
2023-07-14T04:00:00+00:00,202307,3430,109,3321
2023-07-14T04:30:00+00:00,202307,3430,159,3271
2023-07-14T05:00:00+00:00,202307,3430,300,3130
2023-07-14T05:30:00+00:00,202307,3430,347,3083
2023-07-14T06:00:00+00:00,202307,3430,286,3144
2023-07-14T06:30:00+00:00,202307,3430,262,3168
2023-07-14T07:00:00+00:00,202307,3430,348,3082
2023-07-14T07:30:00+00:00,202307,3430,540,2890
2023-07-14T08:00:00+00:00,202307,3430,903,2527
2023-07-14T08:30:00+00:00,202307,3430,1198,2232
2023-07-14T09:00:00+00:00,202307,3430,1289,2141
2023-07-14T09:30:00+00:00,202307,3430,1219,2211
2023-07-14T10:00:00+00:00,202307,3430,1101,2329
2023-07-14T10:30:00+00:00,202307,3430,958,2472
2023-07-14T11:00:00+00:00,202307,3430,817,2613
2023-07-14T11:30:00+00:00,202307,3430,690,2740
2023-07-14T12:00:00+00:00,202307,3430,726,2704
2023-07-14T12:30:00+00:00,202307,3430,640,2790
2023-07-14T13:00:00+00:00,202307,3430,407,3023
2023-07-14T13:30:00+00:00,202307,3430,244,3186
2023-07-14T14:00:00+00:00,202307,3430,186,3244
2023-07-14T14:30:00+00:00,202307,3430,193,3237
2023-07-14T15:00:00+00:00,202307,3430,211,3219
2023-07-14T15:30:00+00:00,202307,3430,563,2867
2023-07-14T16:00:00+00:00,202307,3430,696,2734
2023-07-14T16:30:00+00:00,202307,3430,797,2633
2023-07-14T17:00:00+00:00,202307,3430,820,2610
2023-07-14T17:30:00+00:00,202307,3430,786,2644
2023-07-14T18:00:00+00:00,202307,3430,730,2700
2023-07-14T18:30:00+00:00,202307,3430,725,2705
2023-07-14T19:00:00+00:00,202307,3430,794,2636
2023-07-14T19:30:00+00:00,202307,3430,893,2537
2023-07-14T20:00:00+00:00,202307,3430,1024,2406
2023-07-14T20:30:00+00:00,202307,3430,1141,2289
2023-07-14T21:00:00+00:00,202307,3430,1429,2001
2023-07-14T21:30:00+00:00,202307,3430,1518,1912
2023-07-14T22:00:00+00:00,202307,3430,1531,1899
2023-07-14T22:30:00+00:00,202307,3430,1266,2164
2023-07-14T23:00:00+00:00,202307,3430,1518,1912
2023-07-14T23:30:00+00:00,202307,3430,1442,1988
2023-07-15T00:00:00+00:00,202307,3430,1314,2116
2023-07-15T00:30:00+00:00,202307,3430,896,2534
2023-07-15T01:00:00+00:00,202307,3430,662,2768
2023-07-15T01:30:00+00:00,202307,3430,540,2890
2023-07-15T02:00:00+00:00,202307,3430,464,2966
2023-07-15T02:30:00+00:00,202307,3430,435,2995
2023-07-15T03:00:00+00:00,202307,3430,407,3023
2023-07-15T03:30:00+00:00,202307,3430,465,2965
2023-07-15T04:00:00+00:00,202307,3430,440,2990
2023-07-15T04:30:00+00:00,202307,3430,534,2896
2023-07-15T05:00:00+00:00,202307,3430,397,3033
2023-07-15T05:30:00+00:00,202307,3430,347,3083
2023-07-15T06:00:00+00:00,202307,3430,419,3011
2023-07-15T06:30:00+00:00,202307,3430,517,2913
2023-07-15T07:00:00+00:00,202307,3430,653,2777
2023-07-15T07:30:00+00:00,202307,3430,598,2832
2023-07-15T08:00:00+00:00,202307,3430,797,2633
2023-07-15T08:30:00+00:00,202307,3430,789,2641
2023-07-15T09:00:00+00:00,202307,3430,701,2729
2023-07-15T09:30:00+00:00,202307,3430,350,3080
2023-07-15T10:00:00+00:00,202307,3430,390,3040
2023-07-15T10:30:00+00:00,202307,3430,276,3154
2023-07-15T11:00:00+00:00,202307,3430,223,3207
2023-07-15T11:30:00+00:00,202307,3430,186,3244
2023-07-15T12:00:00+00:00,202307,3430,147,3283
2023-07-15T12:30:00+00:00,202307,3430,130,3300
2023-07-15T13:00:00+00:00,202307,3430,127,3303
2023-07-15T13:30:00+00:00,202307,3430,175,3255
2023-07-15T14:00:00+00:00,202307,3430,189,3241
2023-07-15T14:30:00+00:00,202307,3430,202,3228
2023-07-15T15:00:00+00:00,202307,3430,155,3275
2023-07-15T15:30:00+00:00,202307,3430,201,3229
2023-07-15T16:00:00+00:00,202307,3430,238,3192
2023-07-15T16:30:00+00:00,202307,3430,342,3088
2023-07-15T17:00:00+00:00,202307,3430,545,2885
2023-07-15T17:30:00+00:00,202307,3430,803,2627
2023-07-15T18:00:00+00:00,202307,3430,843,2587
2023-07-15T18:30:00+00:00,202307,3430,762,2668
2023-07-15T19:00:00+00:00,202307,3430,642,2788
2023-07-15T19:30:00+00:00,202307,3430,520,2910
2023-07-15T20:00:00+00:00,202307,3430,454,2976
2023-07-15T20:30:00+00:00,202307,3430,627,2803
2023-07-15T21:00:00+00:00,202307,3430,636,2794
2023-07-15T21:30:00+00:00,202307,3430,646,2784
2023-07-15T22:00:00+00:00,202307,3430,469,2961
2023-07-15T22:30:00+00:00,202307,3430,596,2834
2023-07-15T23:00:00+00:00,202307,3430,518,2912
2023-07-15T23:30:00+00:00,202307,3430,452,2978
2023-07-16T00:00:00+00:00,202307,3430,371,3059
2023-07-16T00:30:00+00:00,202307,3430,272,3158
2023-07-16T01:00:00+00:00,202307,3430,241,3189
2023-07-16T01:30:00+00:00,202307,3430,178,3252
2023-07-16T02:00:00+00:00,202307,3430,91,3339
2023-07-16T02:30:00+00:00,202307,3430,135,3295
2023-07-16T03:00:00+00:00,202307,3430,171,3259
2023-07-16T03:30:00+00:00,202307,3430,206,3224
2023-07-16T04:00:00+00:00,202307,3430,231,3199
2023-07-16T04:30:00+00:00,202307,3430,205,3225
2023-07-16T05:00:00+00:00,202307,3430,140,3290
2023-07-16T05:30:00+00:00,202307,3430,96,3334
2023-07-16T06:00:00+00:00,202307,3430,85,3345
2023-07-16T06:30:00+00:00,202307,3430,100,3330
2023-07-16T07:00:00+00:00,202307,3430,162,3268
2023-07-16T07:30:00+00:00,202307,3430,238,3192
2023-07-16T08:00:00+00:00,202307,3430,341,3089
2023-07-16T08:30:00+00:00,202307,3430,372,3058
2023-07-16T09:00:00+00:00,202307,3430,332,3098
2023-07-16T09:30:00+00:00,202307,3430,184,3246
2023-07-16T10:00:00+00:00,202307,3430,182,3248
2023-07-16T10:30:00+00:00,202307,3430,140,3290
2023-07-16T11:00:00+00:00,202307,3430,102,3328
2023-07-16T11:30:00+00:00,202307,3430,48,3382
2023-07-16T12:00:00+00:00,202307,3430,22,3408
2023-07-16T12:30:00+00:00,202307,3430,9,3421
2023-07-16T13:00:00+00:00,202307,3430,20,3410
2023-07-16T13:30:00+00:00,202307,3430,13,3417
2023-07-16T14:00:00+00:00,202307,3430,8,3422
2023-07-16T14:30:00+00:00,202307,3430,12,3418
2023-07-16T15:00:00+00:00,202307,3430,17,3413
2023-07-16T15:30:00+00:00,202307,3430,132,3298
2023-07-16T16:00:00+00:00,202307,3430,85,3345
2023-07-16T16:30:00+00:00,202307,3430,107,3323
2023-07-16T17:00:00+00:00,202307,3430,134,3296
2023-07-16T17:30:00+00:00,202307,3430,125,3305
2023-07-16T18:00:00+00:00,202307,3430,86,3344
2023-07-16T18:30:00+00:00,202307,3430,17,3413
2023-07-16T19:00:00+00:00,202307,3430,33,3397
2023-07-16T19:30:00+00:00,202307,3430,56,3374
2023-07-16T20:00:00+00:00,202307,3430,58,3372
2023-07-16T20:30:00+00:00,202307,3430,44,3386
2023-07-16T21:00:00+00:00,202307,3430,45,3385
2023-07-16T21:30:00+00:00,202307,3430,46,3384
2023-07-16T22:00:00+00:00,202307,3430,58,3372
2023-07-16T22:30:00+00:00,202307,3430,64,3366
2023-07-16T23:00:00+00:00,202307,3430,85,3345
2023-07-16T23:30:00+00:00,202307,3430,68,3362
2023-07-17T00:00:00+00:00,202307,3430,40,3390
2023-07-17T00:30:00+00:00,202307,3430,26,3404
2023-07-17T01:00:00+00:00,202307,3430,18,3412
2023-07-17T01:30:00+00:00,202307,3430,12,3418
2023-07-17T02:00:00+00:00,202307,3430,9,3421
2023-07-17T02:30:00+00:00,202307,3430,9,3421
2023-07-17T03:00:00+00:00,202307,3430,10,3420
2023-07-17T03:30:00+00:00,202307,3430,18,3412
2023-07-17T04:00:00+00:00,202307,3430,17,3413
2023-07-17T04:30:00+00:00,202307,3430,34,3396
2023-07-17T05:00:00+00:00,202307,3430,47,3383
2023-07-17T05:30:00+00:00,202307,3430,88,3342
2023-07-17T06:00:00+00:00,202307,3430,101,3329
2023-07-17T06:30:00+00:00,202307,3430,120,3310
2023-07-17T07:00:00+00:00,202307,3430,154,3276
2023-07-17T07:30:00+00:00,202307,3430,168,3262
2023-07-17T08:00:00+00:00,202307,3430,244,3186
2023-07-17T08:30:00+00:00,202307,3430,274,3156
2023-07-17T09:00:00+00:00,202307,3430,233,3197
2023-07-17T09:30:00+00:00,202307,3430,205,3225
2023-07-17T10:00:00+00:00,202307,3430,168,3262
2023-07-17T10:30:00+00:00,202307,3430,152,3278
2023-07-17T11:00:00+00:00,202307,3430,84,3346
2023-07-17T11:30:00+00:00,202307,3430,60,3370
2023-07-17T12:00:00+00:00,202307,3430,45,3385
2023-07-17T12:30:00+00:00,202307,3430,21,3409
2023-07-17T13:00:00+00:00,202307,3430,19,3411
2023-07-17T13:30:00+00:00,202307,3430,8,3422
2023-07-17T14:00:00+00:00,202307,3430,4,3426
2023-07-17T14:30:00+00:00,202307,3430,4,3426
2023-07-17T15:00:00+00:00,202307,3430,5,3425
2023-07-17T15:30:00+00:00,202307,3430,11,3419
2023-07-17T16:00:00+00:00,202307,3430,35,3395
2023-07-17T16:30:00+00:00,202307,3430,39,3391
2023-07-17T17:00:00+00:00,202307,3430,63,3367
2023-07-17T17:30:00+00:00,202307,3430,68,3362
2023-07-17T18:00:00+00:00,202307,3430,56,3374
2023-07-17T18:30:00+00:00,202307,3430,63,3367
2023-07-17T19:00:00+00:00,202307,3430,77,3353
2023-07-17T19:30:00+00:00,202307,3430,62,3368
2023-07-17T20:00:00+00:00,202307,3430,51,3379
2023-07-17T20:30:00+00:00,202307,3430,112,3318
2023-07-17T21:00:00+00:00,202307,3430,146,3284
2023-07-17T21:30:00+00:00,202307,3430,177,3253
2023-07-17T22:00:00+00:00,202307,3430,211,3219
2023-07-17T22:30:00+00:00,202307,3430,263,3167
2023-07-17T23:00:00+00:00,202307,3430,282,3148
2023-07-17T23:30:00+00:00,202307,3430,231,3199
2023-07-18T00:00:00+00:00,202307,3430,112,3318
2023-07-18T00:30:00+00:00,202307,3430,82,3348
2023-07-18T01:00:00+00:00,202307,3430,67,3363
2023-07-18T01:30:00+00:00,202307,3430,117,3313
2023-07-18T02:00:00+00:00,202307,3430,100,3330
2023-07-18T02:30:00+00:00,202307,3430,122,3308
2023-07-18T03:00:00+00:00,202307,3430,158,3272
2023-07-18T03:30:00+00:00,202307,3430,148,3282
2023-07-18T04:00:00+00:00,202307,3430,180,3250
2023-07-18T04:30:00+00:00,202307,3430,231,3199
2023-07-18T05:00:00+00:00,202307,3430,412,3018
2023-07-18T05:30:00+00:00,202307,3430,378,3052
2023-07-18T06:00:00+00:00,202307,3430,353,3077
2023-07-18T06:30:00+00:00,202307,3430,296,3134
2023-07-18T07:00:00+00:00,202307,3430,439,2991
2023-07-18T07:30:00+00:00,202307,3430,667,2763
2023-07-18T08:00:00+00:00,202307,3430,827,2603
2023-07-18T08:30:00+00:00,202307,3430,834,2596
2023-07-18T09:00:00+00:00,202307,3430,612,2818
2023-07-18T09:30:00+00:00,202307,3430,789,2641
2023-07-18T10:00:00+00:00,202307,3430,766,2664
2023-07-18T10:30:00+00:00,202307,3430,743,2687
2023-07-18T11:30:00+00:00,202307,3430,451,2979
2023-07-18T12:00:00+00:00,202307,3430,415,3015
2023-07-18T12:30:00+00:00,202307,3430,515,2915
2023-07-18T13:00:00+00:00,202307,3430,547,2883
2023-07-18T13:30:00+00:00,202307,3430,546,2884
2023-07-18T14:00:00+00:00,202307,3430,549,2881
2023-07-18T14:30:00+00:00,202307,3430,564,2866
2023-07-18T15:00:00+00:00,202307,3430,542,2888
2023-07-18T15:30:00+00:00,202307,3430,490,2940
2023-07-18T16:00:00+00:00,202307,3430,677,2753
2023-07-18T16:30:00+00:00,202307,3430,1017,2413
2023-07-18T17:00:00+00:00,202307,3430,1130,2300
2023-07-18T17:30:00+00:00,202307,3430,1213,2217
2023-07-18T18:00:00+00:00,202307,3430,1168,2262
2023-07-18T18:30:00+00:00,202307,3430,1283,2147
2023-07-18T19:00:00+00:00,202307,3430,1362,2068
2023-07-18T19:30:00+00:00,202307,3430,1507,1923
2023-07-18T20:00:00+00:00,202307,3430,1538,1892
2023-07-18T20:30:00+00:00,202307,3430,1763,1667
2023-07-18T21:00:00+00:00,202307,3430,1723,1707
2023-07-18T21:30:00+00:00,202307,3430,1440,1990
2023-07-18T22:00:00+00:00,202307,3430,1914,1516
2023-07-18T22:30:00+00:00,202307,3430,1905,1525
2023-07-18T23:00:00+00:00,202307,3430,1772,1658
2023-07-18T23:30:00+00:00,202307,3430,1096,2334
2023-07-19T00:00:00+00:00,202307,3430,785,2645
2023-07-19T00:30:00+00:00,202307,3430,701,2729
2023-07-19T01:00:00+00:00,202307,3430,838,2592
2023-07-19T01:30:00+00:00,202307,3430,890,2540
2023-07-19T02:00:00+00:00,202307,3430,943,2487
2023-07-19T02:30:00+00:00,202307,3430,942,2488
2023-07-19T03:00:00+00:00,202307,3430,887,2543
2023-07-19T03:30:00+00:00,202307,3430,684,2746
2023-07-19T04:00:00+00:00,202307,3430,556,2874
2023-07-19T04:30:00+00:00,202307,3430,541,2889
2023-07-19T05:00:00+00:00,202307,3430,627,2803
2023-07-19T05:30:00+00:00,202307,3430,900,2530
2023-07-19T06:00:00+00:00,202307,3430,877,2553
2023-07-19T06:30:00+00:00,202307,3430,834,2596
2023-07-19T07:00:00+00:00,202307,3430,658,2772
2023-07-19T07:30:00+00:00,202307,3430,569,2861
2023-07-19T08:00:00+00:00,202307,3430,609,2821
2023-07-19T08:30:00+00:00,202307,3430,699,2731
2023-07-19T09:00:00+00:00,202307,3430,886,2544
2023-07-19T09:30:00+00:00,202307,3430,1117,2313
2023-07-19T10:00:00+00:00,202307,3430,1128,2302
2023-07-19T10:30:00+00:00,202307,3430,968,2462
2023-07-19T11:00:00+00:00,202307,3430,927,2503
2023-07-19T11:30:00+00:00,202307,3430,823,2607
2023-07-19T12:00:00+00:00,202307,3430,703,2727
2023-07-19T12:30:00+00:00,202307,3430,785,2645
2023-07-19T13:00:00+00:00,202307,3430,722,2708
2023-07-19T13:30:00+00:00,202307,3430,672,2758
2023-07-19T14:00:00+00:00,202307,3430,697,2733
2023-07-19T14:30:00+00:00,202307,3430,655,2775
2023-07-19T15:00:00+00:00,202307,3430,663,2767
2023-07-19T15:30:00+00:00,202307,3430,517,2913
2023-07-19T16:00:00+00:00,202307,3430,543,2887
2023-07-19T16:30:00+00:00,202307,3430,578,2852
2023-07-19T17:00:00+00:00,202307,3430,533,2897
2023-07-19T17:30:00+00:00,202307,3430,608,2822
2023-07-19T18:00:00+00:00,202307,3430,843,2587
2023-07-19T18:30:00+00:00,202307,3430,908,2522
2023-07-19T19:00:00+00:00,202307,3430,932,2498
2023-07-19T19:30:00+00:00,202307,3430,929,2501
2023-07-19T20:00:00+00:00,202307,3430,752,2678
2023-07-19T20:30:00+00:00,202307,3430,693,2737
2023-07-19T21:00:00+00:00,202307,3430,778,2652
2023-07-19T21:30:00+00:00,202307,3430,1033,2397
2023-07-19T22:00:00+00:00,202307,3430,1506,1924
2023-07-19T22:30:00+00:00,202307,3430,1541,1889
2023-07-19T23:00:00+00:00,202307,3430,1434,1996
2023-07-19T23:30:00+00:00,202307,3430,1327,2103
2023-07-20T00:00:00+00:00,202307,3430,1242,2188
2023-07-20T00:30:00+00:00,202307,3430,927,2503
2023-07-20T01:00:00+00:00,202307,3430,683,2747
2023-07-20T01:30:00+00:00,202307,3430,490,2940
2023-07-20T02:00:00+00:00,202307,3430,365,3065
2023-07-20T02:30:00+00:00,202307,3430,318,3112
2023-07-20T03:00:00+00:00,202307,3430,295,3135
2023-07-20T03:30:00+00:00,202307,3430,335,3095
2023-07-20T04:00:00+00:00,202307,3430,368,3062
2023-07-20T04:30:00+00:00,202307,3430,459,2971
2023-07-20T05:00:00+00:00,202307,3430,530,2900
2023-07-20T05:30:00+00:00,202307,3430,709,2721
2023-07-20T06:00:00+00:00,202307,3430,797,2633
2023-07-20T06:30:00+00:00,202307,3430,839,2591
2023-07-20T07:00:00+00:00,202307,3430,910,2520
2023-07-20T07:30:00+00:00,202307,3430,840,2590
2023-07-20T08:00:00+00:00,202307,3430,820,2610
2023-07-20T08:30:00+00:00,202307,3430,1007,2423
2023-07-20T09:00:00+00:00,202307,3430,1272,2158
2023-07-20T09:30:00+00:00,202307,3430,1360,2070
2023-07-20T10:00:00+00:00,202307,3430,1297,2133
2023-07-20T10:30:00+00:00,202307,3430,1244,2186
2023-07-20T11:00:00+00:00,202307,3430,1292,2138
2023-07-20T11:30:00+00:00,202307,3430,1187,2243
2023-07-20T12:00:00+00:00,202307,3430,984,2446
2023-07-20T12:30:00+00:00,202307,3430,806,2624
2023-07-20T13:00:00+00:00,202307,3430,550,2880
2023-07-20T13:30:00+00:00,202307,3430,401,3029
2023-07-20T14:00:00+00:00,202307,3430,393,3037
2023-07-20T14:30:00+00:00,202307,3430,388,3042
2023-07-20T15:00:00+00:00,202307,3430,398,3032
2023-07-20T15:30:00+00:00,202307,3430,417,3013
2023-07-20T16:00:00+00:00,202307,3430,418,3012
2023-07-20T16:30:00+00:00,202307,3430,405,3025
2023-07-20T17:00:00+00:00,202307,3430,418,3012
2023-07-20T17:30:00+00:00,202307,3430,357,3073
2023-07-20T18:00:00+00:00,202307,3430,373,3057
2023-07-20T18:30:00+00:00,202307,3430,340,3090
2023-07-20T19:00:00+00:00,202307,3430,383,3047
2023-07-20T19:30:00+00:00,202307,3430,461,2969
2023-07-20T20:00:00+00:00,202307,3430,357,3073
2023-07-20T20:30:00+00:00,202307,3430,400,3030
2023-07-20T21:00:00+00:00,202307,3430,496,2934
2023-07-20T21:30:00+00:00,202307,3430,743,2687
2023-07-20T22:00:00+00:00,202307,3430,763,2667
2023-07-20T22:30:00+00:00,202307,3430,762,2668
2023-07-20T23:00:00+00:00,202307,3430,628,2802
2023-07-20T23:30:00+00:00,202307,3430,799,2631
2023-07-21T00:00:00+00:00,202307,3430,774,2656
2023-07-21T00:30:00+00:00,202307,3430,725,2705
2023-07-21T01:00:00+00:00,202307,3430,558,2872
2023-07-21T01:30:00+00:00,202307,3430,569,2861
2023-07-21T02:00:00+00:00,202307,3430,727,2703
2023-07-21T02:30:00+00:00,202307,3430,657,2773
2023-07-21T03:00:00+00:00,202307,3430,569,2861
2023-07-21T03:30:00+00:00,202307,3430,434,2996
2023-07-21T04:00:00+00:00,202307,3430,353,3077
2023-07-21T04:30:00+00:00,202307,3430,388,3042
2023-07-21T05:00:00+00:00,202307,3430,498,2932
2023-07-21T05:30:00+00:00,202307,3430,673,2757
2023-07-21T06:00:00+00:00,202307,3430,680,2750
2023-07-21T06:30:00+00:00,202307,3430,662,2768
2023-07-21T07:00:00+00:00,202307,3430,692,2738
2023-07-21T07:30:00+00:00,202307,3430,808,2622
2023-07-21T08:00:00+00:00,202307,3430,1172,2258
2023-07-21T08:30:00+00:00,202307,3430,1623,1807
2023-07-21T09:00:00+00:00,202307,3430,1707,1723
2023-07-21T09:30:00+00:00,202307,3430,1674,1756
2023-07-21T10:00:00+00:00,202307,3430,1405,2025
2023-07-21T10:30:00+00:00,202307,3430,1395,2035
2023-07-21T11:00:00+00:00,202307,3430,1320,2110
2023-07-21T11:30:00+00:00,202307,3430,1166,2264
2023-07-21T12:00:00+00:00,202307,3430,934,2496
2023-07-21T12:30:00+00:00,202307,3430,747,2683
2023-07-21T13:00:00+00:00,202307,3430,576,2854
2023-07-21T13:30:00+00:00,202307,3430,559,2871
2023-07-21T14:00:00+00:00,202307,3430,618,2812
2023-07-21T14:30:00+00:00,202307,3430,619,2811
2023-07-21T15:00:00+00:00,202307,3430,642,2788
2023-07-21T15:30:00+00:00,202307,3430,580,2850
2023-07-21T16:00:00+00:00,202307,3430,567,2863
2023-07-21T16:30:00+00:00,202307,3430,539,2891
2023-07-21T17:00:00+00:00,202307,3430,545,2885
2023-07-21T17:30:00+00:00,202307,3430,537,2893
2023-07-21T18:00:00+00:00,202307,3430,587,2843
2023-07-21T18:30:00+00:00,202307,3430,608,2822
2023-07-21T19:00:00+00:00,202307,3430,614,2816
2023-07-21T19:30:00+00:00,202307,3430,637,2793
2023-07-21T20:00:00+00:00,202307,3430,544,2886
2023-07-21T20:30:00+00:00,202307,3430,507,2923
2023-07-21T21:00:00+00:00,202307,3430,651,2779
2023-07-21T21:30:00+00:00,202307,3430,639,2791
2023-07-21T22:00:00+00:00,202307,3430,621,2809
2023-07-21T22:30:00+00:00,202307,3430,444,2986
2023-07-21T23:00:00+00:00,202307,3430,529,2901
2023-07-21T23:30:00+00:00,202307,3430,509,2921
2023-07-22T00:00:00+00:00,202307,3430,492,2938
2023-07-22T00:30:00+00:00,202307,3430,335,3095
2023-07-22T01:00:00+00:00,202307,3430,305,3125
2023-07-22T01:30:00+00:00,202307,3430,287,3143
2023-07-22T02:00:00+00:00,202307,3430,271,3159
2023-07-22T02:30:00+00:00,202307,3430,331,3099
2023-07-22T03:00:00+00:00,202307,3430,330,3100
2023-07-22T03:30:00+00:00,202307,3430,330,3100
2023-07-22T04:00:00+00:00,202307,3430,319,3111
2023-07-22T04:30:00+00:00,202307,3430,360,3070
2023-07-22T05:00:00+00:00,202307,3430,349,3081
2023-07-22T05:30:00+00:00,202307,3430,330,3100
2023-07-22T06:00:00+00:00,202307,3430,490,2940
2023-07-22T06:30:00+00:00,202307,3430,718,2712
2023-07-22T07:00:00+00:00,202307,3430,970,2460
2023-07-22T07:30:00+00:00,202307,3430,1092,2338
2023-07-22T08:00:00+00:00,202307,3430,1352,2078
2023-07-22T08:30:00+00:00,202307,3430,1594,1836
2023-07-22T09:00:00+00:00,202307,3430,1618,1812
2023-07-22T09:30:00+00:00,202307,3430,1523,1907
2023-07-22T10:00:00+00:00,202307,3430,1223,2207
2023-07-22T10:30:00+00:00,202307,3430,1060,2370
2023-07-22T11:00:00+00:00,202307,3430,934,2496
2023-07-22T11:30:00+00:00,202307,3430,782,2648
2023-07-22T12:00:00+00:00,202307,3430,729,2701
2023-07-22T12:30:00+00:00,202307,3430,640,2790
2023-07-22T13:00:00+00:00,202307,3430,540,2890
2023-07-22T13:30:00+00:00,202307,3430,425,3005
2023-07-22T14:00:00+00:00,202307,3430,411,3019
2023-07-22T14:30:00+00:00,202307,3430,402,3028
2023-07-22T15:00:00+00:00,202307,3430,404,3026
2023-07-22T15:30:00+00:00,202307,3430,330,3100
2023-07-22T16:00:00+00:00,202307,3430,311,3119
2023-07-22T16:30:00+00:00,202307,3430,290,3140
2023-07-22T17:30:00+00:00,202307,3430,172,3258
2023-07-22T18:00:00+00:00,202307,3430,212,3218
2023-07-22T18:30:00+00:00,202307,3430,188,3242
2023-07-22T19:00:00+00:00,202307,3430,213,3217
2023-07-22T19:30:00+00:00,202307,3430,278,3152
2023-07-22T20:00:00+00:00,202307,3430,291,3139
2023-07-22T20:30:00+00:00,202307,3430,439,2991
2023-07-22T21:00:00+00:00,202307,3430,596,2834
2023-07-22T21:30:00+00:00,202307,3430,665,2765
2023-07-22T22:00:00+00:00,202307,3430,695,2735
2023-07-22T22:30:00+00:00,202307,3430,600,2830
2023-07-22T23:00:00+00:00,202307,3430,745,2685
2023-07-22T23:30:00+00:00,202307,3430,768,2662
2023-07-23T00:00:00+00:00,202307,3430,708,2722
2023-07-23T00:30:00+00:00,202307,3430,563,2867
2023-07-23T01:00:00+00:00,202307,3430,453,2977
2023-07-23T01:30:00+00:00,202307,3430,384,3046
2023-07-23T02:00:00+00:00,202307,3430,229,3201
2023-07-23T02:30:00+00:00,202307,3430,169,3261
2023-07-23T03:00:00+00:00,202307,3430,129,3301
2023-07-23T03:30:00+00:00,202307,3430,309,3121
2023-07-23T04:00:00+00:00,202307,3430,461,2969
2023-07-23T04:30:00+00:00,202307,3430,583,2847
2023-07-23T05:00:00+00:00,202307,3430,674,2756
2023-07-23T05:30:00+00:00,202307,3430,584,2846
2023-07-23T06:00:00+00:00,202307,3430,570,2860
2023-07-23T06:30:00+00:00,202307,3430,604,2826
2023-07-23T07:00:00+00:00,202307,3430,811,2619
2023-07-23T07:30:00+00:00,202307,3430,1209,2221
2023-07-23T08:00:00+00:00,202307,3430,1569,1861
2023-07-23T08:30:00+00:00,202307,3430,1701,1729
2023-07-23T09:00:00+00:00,202307,3430,1680,1750
2023-07-23T09:30:00+00:00,202307,3430,1431,1999
2023-07-23T10:00:00+00:00,202307,3430,1357,2073
2023-07-23T10:30:00+00:00,202307,3430,1180,2250
2023-07-23T11:00:00+00:00,202307,3430,1091,2339
2023-07-23T11:30:00+00:00,202307,3430,930,2500
2023-07-23T12:00:00+00:00,202307,3430,893,2537
2023-07-23T12:30:00+00:00,202307,3430,642,2788
2023-07-23T13:00:00+00:00,202307,3430,472,2958
2023-07-23T13:30:00+00:00,202307,3430,217,3213
2023-07-23T14:00:00+00:00,202307,3430,142,3288
2023-07-23T14:30:00+00:00,202307,3430,113,3317
2023-07-23T15:00:00+00:00,202307,3430,170,3260
2023-07-23T15:30:00+00:00,202307,3430,208,3222
2023-07-23T16:00:00+00:00,202307,3430,207,3223
2023-07-23T16:30:00+00:00,202307,3430,164,3266
2023-07-23T17:00:00+00:00,202307,3430,143,3287
2023-07-23T17:30:00+00:00,202307,3430,134,3296
2023-07-23T18:00:00+00:00,202307,3430,115,3315
2023-07-23T18:30:00+00:00,202307,3430,118,3312
2023-07-23T19:00:00+00:00,202307,3430,129,3301
2023-07-23T19:30:00+00:00,202307,3430,163,3267
2023-07-23T20:00:00+00:00,202307,3430,211,3219
2023-07-23T20:30:00+00:00,202307,3430,311,3119
2023-07-23T21:00:00+00:00,202307,3430,370,3060
2023-07-23T21:30:00+00:00,202307,3430,384,3046
2023-07-23T22:00:00+00:00,202307,3430,313,3117
2023-07-23T22:30:00+00:00,202307,3430,437,2993
2023-07-23T23:00:00+00:00,202307,3430,396,3034
2023-07-23T23:30:00+00:00,202307,3430,322,3108
2023-07-24T00:00:00+00:00,202307,3430,248,3182
2023-07-24T00:30:00+00:00,202307,3430,191,3239
2023-07-24T01:00:00+00:00,202307,3430,190,3240
2023-07-24T01:30:00+00:00,202307,3430,141,3289
2023-07-24T02:00:00+00:00,202307,3430,85,3345
2023-07-24T02:30:00+00:00,202307,3430,35,3395
2023-07-24T03:00:00+00:00,202307,3430,6,3424
2023-07-24T03:30:00+00:00,202307,3430,14,3416
2023-07-24T04:00:00+00:00,202307,3430,66,3364
2023-07-24T04:30:00+00:00,202307,3430,81,3349
2023-07-24T05:00:00+00:00,202307,3430,93,3337
2023-07-24T05:30:00+00:00,202307,3430,164,3266
2023-07-24T06:00:00+00:00,202307,3430,274,3156
2023-07-24T06:30:00+00:00,202307,3430,323,3107
2023-07-24T07:00:00+00:00,202307,3430,437,2993
2023-07-24T07:30:00+00:00,202307,3430,651,2779
2023-07-24T08:00:00+00:00,202307,3430,918,2512
2023-07-24T08:30:00+00:00,202307,3430,1057,2373
2023-07-24T09:00:00+00:00,202307,3430,1041,2389
2023-07-24T09:30:00+00:00,202307,3430,816,2614
2023-07-24T10:00:00+00:00,202307,3430,680,2750
2023-07-24T10:30:00+00:00,202307,3430,575,2855
2023-07-24T11:00:00+00:00,202307,3430,469,2961
2023-07-24T11:30:00+00:00,202307,3430,611,2819
2023-07-24T12:00:00+00:00,202307,3430,594,2836
2023-07-24T12:30:00+00:00,202307,3430,461,2969
2023-07-24T13:00:00+00:00,202307,3430,107,3323
2023-07-24T13:30:00+00:00,202307,3430,72,3358
2023-07-24T14:00:00+00:00,202307,3430,57,3373
2023-07-24T14:30:00+00:00,202307,3430,61,3369
2023-07-24T15:00:00+00:00,202307,3430,77,3353
2023-07-24T15:30:00+00:00,202307,3430,411,3019
2023-07-24T16:00:00+00:00,202307,3430,543,2887
2023-07-24T16:30:00+00:00,202307,3430,573,2857
2023-07-24T17:00:00+00:00,202307,3430,592,2838
2023-07-24T17:30:00+00:00,202307,3430,518,2912
2023-07-24T18:00:00+00:00,202307,3430,295,3135
2023-07-24T18:30:00+00:00,202307,3430,279,3151
2023-07-24T19:00:00+00:00,202307,3430,271,3159
2023-07-24T19:30:00+00:00,202307,3430,266,3164
2023-07-24T20:00:00+00:00,202307,3430,383,3047
2023-07-24T20:30:00+00:00,202307,3430,348,3082
2023-07-24T21:00:00+00:00,202307,3430,370,3060
2023-07-24T21:30:00+00:00,202307,3430,377,3053
2023-07-24T22:00:00+00:00,202307,3430,406,3024
2023-07-24T22:30:00+00:00,202307,3430,355,3075
2023-07-24T23:00:00+00:00,202307,3430,364,3066
2023-07-24T23:30:00+00:00,202307,3430,318,3112
2023-07-25T00:00:00+00:00,202307,3430,301,3129
2023-07-25T00:30:00+00:00,202307,3430,208,3222
2023-07-25T01:00:00+00:00,202307,3430,127,3303
2023-07-25T01:30:00+00:00,202307,3430,56,3374
2023-07-25T02:00:00+00:00,202307,3430,38,3392
2023-07-25T02:30:00+00:00,202307,3430,24,3406
2023-07-25T03:00:00+00:00,202307,3430,26,3404
2023-07-25T03:30:00+00:00,202307,3430,44,3386
2023-07-25T04:30:00+00:00,202307,3430,130,3300
2023-07-25T05:00:00+00:00,202307,3430,135,3295
2023-07-25T05:30:00+00:00,202307,3430,142,3288
2023-07-25T06:00:00+00:00,202307,3430,129,3301
2023-07-25T06:30:00+00:00,202307,3430,171,3259
2023-07-25T07:00:00+00:00,202307,3430,423,3007
2023-07-25T07:30:00+00:00,202307,3430,557,2873
2023-07-25T08:00:00+00:00,202307,3430,775,2655
2023-07-25T08:30:00+00:00,202307,3430,767,2663
2023-07-25T09:00:00+00:00,202307,3430,651,2779
2023-07-25T09:30:00+00:00,202307,3430,585,2845
2023-07-25T10:00:00+00:00,202307,3430,517,2913
2023-07-25T10:30:00+00:00,202307,3430,482,2948
2023-07-25T11:00:00+00:00,202307,3430,345,3085
2023-07-25T11:30:00+00:00,202307,3430,374,3056
2023-07-25T12:00:00+00:00,202307,3430,356,3074
2023-07-25T12:30:00+00:00,202307,3430,224,3206
2023-07-25T13:00:00+00:00,202307,3430,122,3308
2023-07-25T13:30:00+00:00,202307,3430,101,3329
2023-07-25T14:00:00+00:00,202307,3430,82,3348
2023-07-25T14:30:00+00:00,202307,3430,112,3318
2023-07-25T15:00:00+00:00,202307,3430,284,3146
2023-07-25T15:30:00+00:00,202307,3430,406,3024
2023-07-25T16:00:00+00:00,202307,3430,514,2916
2023-07-25T16:30:00+00:00,202307,3430,544,2886
2023-07-25T17:00:00+00:00,202307,3430,503,2927
2023-07-25T17:30:00+00:00,202307,3430,400,3030
2023-07-25T18:00:00+00:00,202307,3430,133,3297
2023-07-25T18:30:00+00:00,202307,3430,160,3270
2023-07-25T19:00:00+00:00,202307,3430,177,3253
2023-07-25T19:30:00+00:00,202307,3430,225,3205
2023-07-25T20:00:00+00:00,202307,3430,246,3184
2023-07-25T20:30:00+00:00,202307,3430,266,3164
2023-07-25T21:00:00+00:00,202307,3430,282,3148
2023-07-25T21:30:00+00:00,202307,3430,391,3039
2023-07-25T22:00:00+00:00,202307,3430,336,3094
2023-07-25T22:30:00+00:00,202307,3430,341,3089
2023-07-25T23:00:00+00:00,202307,3430,332,3098
2023-07-25T23:30:00+00:00,202307,3430,355,3075
2023-07-26T00:00:00+00:00,202307,3430,300,3130
2023-07-26T00:30:00+00:00,202307,3430,235,3195
2023-07-26T01:00:00+00:00,202307,3430,176,3254
2023-07-26T01:30:00+00:00,202307,3430,139,3291
2023-07-26T02:00:00+00:00,202307,3430,122,3308
2023-07-26T02:30:00+00:00,202307,3430,105,3325
2023-07-26T03:00:00+00:00,202307,3430,96,3334
2023-07-26T03:30:00+00:00,202307,3430,131,3299
2023-07-26T04:00:00+00:00,202307,3430,153,3277
2023-07-26T04:30:00+00:00,202307,3430,176,3254
2023-07-26T05:00:00+00:00,202307,3430,138,3292
2023-07-26T05:30:00+00:00,202307,3430,228,3202
2023-07-26T06:00:00+00:00,202307,3430,276,3154
2023-07-26T06:30:00+00:00,202307,3430,361,3069
2023-07-26T07:00:00+00:00,202307,3430,454,2976
2023-07-26T07:30:00+00:00,202307,3430,549,2881
2023-07-26T08:00:00+00:00,202307,3430,594,2836
2023-07-26T08:30:00+00:00,202307,3430,592,2838
2023-07-26T09:00:00+00:00,202307,3430,577,2853
2023-07-26T09:30:00+00:00,202307,3430,594,2836
2023-07-26T10:00:00+00:00,202307,3430,559,2871
2023-07-26T10:30:00+00:00,202307,3430,530,2900
2023-07-26T11:00:00+00:00,202307,3430,426,3004
2023-07-26T11:30:00+00:00,202307,3430,422,3008
2023-07-26T12:00:00+00:00,202307,3430,386,3044
2023-07-26T12:30:00+00:00,202307,3430,269,3161
2023-07-26T13:00:00+00:00,202307,3430,151,3279
2023-07-26T13:30:00+00:00,202307,3430,130,3300
2023-07-26T14:00:00+00:00,202307,3430,149,3281
2023-07-26T14:30:00+00:00,202307,3430,199,3231
2023-07-26T15:00:00+00:00,202307,3430,238,3192
2023-07-26T15:30:00+00:00,202307,3430,323,3107
2023-07-26T16:00:00+00:00,202307,3430,364,3066
2023-07-26T16:30:00+00:00,202307,3430,486,2944
2023-07-26T17:00:00+00:00,202307,3430,424,3006
2023-07-26T17:30:00+00:00,202307,3430,341,3089
2023-07-26T18:00:00+00:00,202307,3430,301,3129
2023-07-26T18:30:00+00:00,202307,3430,339,3091
2023-07-26T19:00:00+00:00,202307,3430,431,2999
2023-07-26T19:30:00+00:00,202307,3430,670,2760
2023-07-26T20:00:00+00:00,202307,3430,666,2764
2023-07-26T20:30:00+00:00,202307,3430,720,2710
2023-07-26T21:00:00+00:00,202307,3430,724,2706
2023-07-26T21:30:00+00:00,202307,3430,757,2673
2023-07-26T22:00:00+00:00,202307,3430,614,2816
2023-07-26T22:30:00+00:00,202307,3430,581,2849
2023-07-26T23:00:00+00:00,202307,3430,576,2854
2023-07-26T23:30:00+00:00,202307,3430,649,2781
2023-07-27T00:00:00+00:00,202307,3430,678,2752
2023-07-27T00:30:00+00:00,202307,3430,628,2802
2023-07-27T01:00:00+00:00,202307,3430,698,2732
2023-07-27T01:30:00+00:00,202307,3430,518,2912
2023-07-27T02:00:00+00:00,202307,3430,471,2959
2023-07-27T02:30:00+00:00,202307,3430,423,3007
2023-07-27T03:00:00+00:00,202307,3430,429,3001
2023-07-27T03:30:00+00:00,202307,3430,417,3013
2023-07-27T04:00:00+00:00,202307,3430,671,2759
2023-07-27T04:30:00+00:00,202307,3430,707,2723
2023-07-27T05:00:00+00:00,202307,3430,550,2880
2023-07-27T05:30:00+00:00,202307,3430,544,2886
2023-07-27T06:00:00+00:00,202307,3430,551,2879
2023-07-27T06:30:00+00:00,202307,3430,567,2863
2023-07-27T07:00:00+00:00,202307,3430,902,2528
2023-07-27T07:30:00+00:00,202307,3430,1100,2330
2023-07-27T08:00:00+00:00,202307,3430,1228,2202
2023-07-27T08:30:00+00:00,202307,3430,1176,2254
2023-07-27T09:00:00+00:00,202307,3430,1040,2390
2023-07-27T09:30:00+00:00,202307,3430,996,2434
2023-07-27T10:00:00+00:00,202307,3430,952,2478
2023-07-27T10:30:00+00:00,202307,3430,984,2446
2023-07-27T11:00:00+00:00,202307,3430,681,2749
2023-07-27T11:30:00+00:00,202307,3430,565,2865
2023-07-27T12:00:00+00:00,202307,3430,385,3045
2023-07-27T12:30:00+00:00,202307,3430,325,3105
2023-07-27T13:00:00+00:00,202307,3430,273,3157
2023-07-27T14:00:00+00:00,202307,3430,229,3201
2023-07-27T14:30:00+00:00,202307,3430,235,3195
2023-07-27T15:00:00+00:00,202307,3430,359,3071
2023-07-27T15:30:00+00:00,202307,3430,367,3063
2023-07-27T16:00:00+00:00,202307,3430,352,3078
2023-07-27T16:30:00+00:00,202307,3430,389,3041
2023-07-27T17:00:00+00:00,202307,3430,405,3025
2023-07-27T17:30:00+00:00,202307,3430,401,3029
2023-07-27T18:00:00+00:00,202307,3430,380,3050
2023-07-27T18:30:00+00:00,202307,3430,437,2993
2023-07-27T19:00:00+00:00,202307,3430,510,2920
2023-07-27T19:30:00+00:00,202307,3430,640,2790
2023-07-27T20:00:00+00:00,202307,3430,642,2788
2023-07-27T20:30:00+00:00,202307,3430,664,2766
2023-07-27T21:00:00+00:00,202307,3430,743,2687
2023-07-27T21:30:00+00:00,202307,3430,951,2479
2023-07-27T22:00:00+00:00,202307,3430,1004,2426
2023-07-27T22:30:00+00:00,202307,3430,984,2446
2023-07-27T23:00:00+00:00,202307,3430,882,2548
2023-07-27T23:30:00+00:00,202307,3430,933,2497
2023-07-28T00:00:00+00:00,202307,3430,879,2551
2023-07-28T00:30:00+00:00,202307,3430,675,2755
2023-07-28T01:00:00+00:00,202307,3430,579,2851
2023-07-28T01:30:00+00:00,202307,3430,404,3026
2023-07-28T02:00:00+00:00,202307,3430,350,3080
2023-07-28T02:30:00+00:00,202307,3430,324,3106
2023-07-28T03:00:00+00:00,202307,3430,304,3126
2023-07-28T03:30:00+00:00,202307,3430,460,2970
2023-07-28T04:00:00+00:00,202307,3430,671,2759
2023-07-28T04:30:00+00:00,202307,3430,827,2603
2023-07-28T05:00:00+00:00,202307,3430,1019,2411
2023-07-28T05:30:00+00:00,202307,3430,1006,2424
2023-07-28T06:00:00+00:00,202307,3430,921,2509
2023-07-28T06:30:00+00:00,202307,3430,821,2609
2023-07-28T07:00:00+00:00,202307,3430,909,2521
2023-07-28T07:30:00+00:00,202307,3430,1101,2329
2023-07-28T08:00:00+00:00,202307,3430,1353,2077
2023-07-28T08:30:00+00:00,202307,3430,1537,1893
2023-07-28T09:00:00+00:00,202307,3430,1646,1784
2023-07-28T09:30:00+00:00,202307,3430,1680,1750
2023-07-28T10:00:00+00:00,202307,3430,1689,1741
2023-07-28T10:30:00+00:00,202307,3430,1617,1813
2023-07-28T11:00:00+00:00,202307,3430,1485,1945
2023-07-28T11:30:00+00:00,202307,3430,1360,2070
2023-07-28T12:00:00+00:00,202307,3430,1116,2314
2023-07-28T12:30:00+00:00,202307,3430,919,2511
2023-07-28T13:00:00+00:00,202307,3430,776,2654
2023-07-28T13:30:00+00:00,202307,3430,731,2699
2023-07-28T14:00:00+00:00,202307,3430,704,2726
2023-07-28T14:30:00+00:00,202307,3430,643,2787
2023-07-28T15:00:00+00:00,202307,3430,596,2834
2023-07-28T15:30:00+00:00,202307,3430,859,2571
2023-07-28T16:00:00+00:00,202307,3430,1007,2423
2023-07-28T16:30:00+00:00,202307,3430,1034,2396
2023-07-28T17:00:00+00:00,202307,3430,973,2457
2023-07-28T17:30:00+00:00,202307,3430,923,2507
2023-07-28T18:00:00+00:00,202307,3430,725,2705
2023-07-28T18:30:00+00:00,202307,3430,797,2633
2023-07-28T19:00:00+00:00,202307,3430,797,2633
2023-07-28T19:30:00+00:00,202307,3430,761,2669
2023-07-28T20:00:00+00:00,202307,3430,783,2647
2023-07-28T20:30:00+00:00,202307,3430,783,2647
2023-07-28T21:00:00+00:00,202307,3430,926,2504
2023-07-28T21:30:00+00:00,202307,3430,1020,2410
2023-07-28T22:00:00+00:00,202307,3430,1044,2386
2023-07-28T22:30:00+00:00,202307,3430,824,2606
2023-07-28T23:00:00+00:00,202307,3430,635,2795
2023-07-28T23:30:00+00:00,202307,3430,605,2825
2023-07-29T00:00:00+00:00,202307,3430,541,2889
2023-07-29T00:30:00+00:00,202307,3430,449,2981
2023-07-29T01:00:00+00:00,202307,3430,348,3082
2023-07-29T01:30:00+00:00,202307,3430,279,3151
2023-07-29T02:00:00+00:00,202307,3430,248,3182
2023-07-29T02:30:00+00:00,202307,3430,219,3211
2023-07-29T03:00:00+00:00,202307,3430,233,3197
2023-07-29T03:30:00+00:00,202307,3430,248,3182
2023-07-29T04:00:00+00:00,202307,3430,344,3086
2023-07-29T04:30:00+00:00,202307,3430,501,2929
2023-07-29T05:00:00+00:00,202307,3430,568,2862
2023-07-29T05:30:00+00:00,202307,3430,660,2770
2023-07-29T06:00:00+00:00,202307,3430,735,2695
2023-07-29T06:30:00+00:00,202307,3430,756,2674
2023-07-29T07:00:00+00:00,202307,3430,825,2605
2023-07-29T07:30:00+00:00,202307,3430,994,2436
2023-07-29T08:00:00+00:00,202307,3430,1359,2071
2023-07-29T08:30:00+00:00,202307,3430,1666,1764
2023-07-29T09:00:00+00:00,202307,3430,1749,1681
2023-07-29T09:30:00+00:00,202307,3430,1713,1717
2023-07-29T10:00:00+00:00,202307,3430,1459,1971
2023-07-29T10:30:00+00:00,202307,3430,1381,2049
2023-07-29T11:00:00+00:00,202307,3430,1243,2187
2023-07-29T11:30:00+00:00,202307,3430,1128,2302
2023-07-29T12:00:00+00:00,202307,3430,1067,2363
2023-07-29T12:30:00+00:00,202307,3430,909,2521
2023-07-29T13:00:00+00:00,202307,3430,809,2621
2023-07-29T13:30:00+00:00,202307,3430,628,2802
2023-07-29T14:00:00+00:00,202307,3430,542,2888
2023-07-29T14:30:00+00:00,202307,3430,469,2961
2023-07-29T15:00:00+00:00,202307,3430,418,3012
2023-07-29T15:30:00+00:00,202307,3430,462,2968
2023-07-29T16:00:00+00:00,202307,3430,431,2999
2023-07-29T16:30:00+00:00,202307,3430,424,3006
2023-07-29T17:00:00+00:00,202307,3430,374,3056
2023-07-29T17:30:00+00:00,202307,3430,365,3065
2023-07-29T18:00:00+00:00,202307,3430,328,3102
2023-07-29T18:30:00+00:00,202307,3430,398,3032
2023-07-29T19:00:00+00:00,202307,3430,400,3030
2023-07-29T19:30:00+00:00,202307,3430,456,2974
2023-07-29T20:00:00+00:00,202307,3430,390,3040
2023-07-29T20:30:00+00:00,202307,3430,440,2990
2023-07-29T21:00:00+00:00,202307,3430,542,2888
2023-07-29T21:30:00+00:00,202307,3430,553,2877
2023-07-29T22:00:00+00:00,202307,3430,524,2906
2023-07-29T22:30:00+00:00,202307,3430,405,3025
2023-07-29T23:00:00+00:00,202307,3430,469,2961
2023-07-29T23:30:00+00:00,202307,3430,434,2996
2023-07-30T00:00:00+00:00,202307,3430,383,3047
2023-07-30T00:30:00+00:00,202307,3430,308,3122
2023-07-30T01:00:00+00:00,202307,3430,247,3183
2023-07-30T01:30:00+00:00,202307,3430,180,3250
2023-07-30T02:00:00+00:00,202307,3430,118,3312
2023-07-30T02:30:00+00:00,202307,3430,120,3310
2023-07-30T03:00:00+00:00,202307,3430,98,3332
2023-07-30T03:30:00+00:00,202307,3430,275,3155
2023-07-30T04:00:00+00:00,202307,3430,455,2975
2023-07-30T04:30:00+00:00,202307,3430,603,2827
2023-07-30T05:00:00+00:00,202307,3430,799,2631
2023-07-30T05:30:00+00:00,202307,3430,951,2479
2023-07-30T06:00:00+00:00,202307,3430,753,2677
2023-07-30T06:30:00+00:00,202307,3430,659,2771
2023-07-30T07:00:00+00:00,202307,3430,750,2680
2023-07-30T07:30:00+00:00,202307,3430,1097,2333
2023-07-30T08:00:00+00:00,202307,3430,1614,1816
2023-07-30T08:30:00+00:00,202307,3430,1853,1577
2023-07-30T09:30:00+00:00,202307,3430,1852,1578
2023-07-30T10:00:00+00:00,202307,3430,1657,1773
2023-07-30T10:30:00+00:00,202307,3430,1533,1897
2023-07-30T11:00:00+00:00,202307,3430,1388,2042
2023-07-30T11:30:00+00:00,202307,3430,1162,2268
2023-07-30T12:00:00+00:00,202307,3430,1175,2255
2023-07-30T12:30:00+00:00,202307,3430,986,2444
2023-07-30T13:00:00+00:00,202307,3430,705,2725
2023-07-30T13:30:00+00:00,202307,3430,336,3094
2023-07-30T14:00:00+00:00,202307,3430,324,3106
2023-07-30T14:30:00+00:00,202307,3430,305,3125
2023-07-30T15:00:00+00:00,202307,3430,323,3107
2023-07-30T15:30:00+00:00,202307,3430,364,3066
2023-07-30T16:00:00+00:00,202307,3430,652,2778
2023-07-30T16:30:00+00:00,202307,3430,744,2686
2023-07-30T17:00:00+00:00,202307,3430,744,2686
2023-07-30T17:30:00+00:00,202307,3430,650,2780
2023-07-30T18:00:00+00:00,202307,3430,505,2925
2023-07-30T18:30:00+00:00,202307,3430,511,2919
2023-07-30T19:00:00+00:00,202307,3430,548,2882
2023-07-30T19:30:00+00:00,202307,3430,649,2781
2023-07-30T20:00:00+00:00,202307,3430,696,2734
2023-07-30T20:30:00+00:00,202307,3430,782,2648
2023-07-30T21:00:00+00:00,202307,3430,935,2495
2023-07-30T21:30:00+00:00,202307,3430,981,2449
2023-07-30T22:00:00+00:00,202307,3430,937,2493
2023-07-30T22:30:00+00:00,202307,3430,911,2519
2023-07-30T23:00:00+00:00,202307,3430,875,2555
2023-07-30T23:30:00+00:00,202307,3430,819,2611
2023-07-31T00:00:00+00:00,202307,3430,671,2759
2023-07-31T00:30:00+00:00,202307,3430,568,2862
2023-07-31T01:00:00+00:00,202307,3430,503,2927
2023-07-31T01:30:00+00:00,202307,3430,372,3058
2023-07-31T02:00:00+00:00,202307,3430,317,3113
2023-07-31T02:30:00+00:00,202307,3430,325,3105
2023-07-31T03:00:00+00:00,202307,3430,330,3100
2023-07-31T03:30:00+00:00,202307,3430,351,3079
2023-07-31T04:00:00+00:00,202307,3430,395,3035
2023-07-31T04:30:00+00:00,202307,3430,453,2977
2023-07-31T05:00:00+00:00,202307,3430,486,2944
2023-07-31T05:30:00+00:00,202307,3430,464,2966
2023-07-31T06:00:00+00:00,202307,3430,623,2807
2023-07-31T06:30:00+00:00,202307,3430,837,2593
2023-07-31T07:00:00+00:00,202307,3430,1164,2266
2023-07-31T07:30:00+00:00,202307,3430,1411,2019
2023-07-31T08:00:00+00:00,202307,3430,1760,1670
2023-07-31T08:30:00+00:00,202307,3430,1865,1565
2023-07-31T09:00:00+00:00,202307,3430,1876,1554
2023-07-31T09:30:00+00:00,202307,3430,1714,1716
2023-07-31T10:00:00+00:00,202307,3430,1583,1847
2023-07-31T10:30:00+00:00,202307,3430,1508,1922
2023-07-31T11:00:00+00:00,202307,3430,1427,2003
2023-07-31T11:30:00+00:00,202307,3430,1471,1959
2023-07-31T12:00:00+00:00,202307,3430,1390,2040
2023-07-31T12:30:00+00:00,202307,3430,1281,2149
2023-07-31T13:00:00+00:00,202307,3430,1036,2394
2023-07-31T13:30:00+00:00,202307,3430,834,2596
2023-07-31T14:00:00+00:00,202307,3430,703,2727
2023-07-31T14:30:00+00:00,202307,3430,681,2749
2023-07-31T15:00:00+00:00,202307,3430,707,2723
2023-07-31T15:30:00+00:00,202307,3430,805,2625
2023-07-31T16:00:00+00:00,202307,3430,906,2524
2023-07-31T16:30:00+00:00,202307,3430,867,2563
2023-07-31T17:00:00+00:00,202307,3430,926,2504
2023-07-31T17:30:00+00:00,202307,3430,825,2605
2023-07-31T18:00:00+00:00,202307,3430,899,2531
2023-07-31T18:30:00+00:00,202307,3430,945,2485
2023-07-31T19:00:00+00:00,202307,3430,977,2453
2023-07-31T19:30:00+00:00,202307,3430,990,2440
2023-07-31T20:00:00+00:00,202307,3430,987,2443
2023-07-31T20:30:00+00:00,202307,3430,1082,2348
2023-07-31T21:00:00+00:00,202307,3430,1131,2299
2023-07-31T21:30:00+00:00,202307,3430,1157,2273
2023-07-31T22:00:00+00:00,202307,3430,1090,2340
2023-07-31T22:30:00+00:00,202307,3430,1213,2217
2023-07-31T23:00:00+00:00,202307,3430,1197,2233
2023-07-31T23:30:00+00:00,202307,3430,1142,2288
2023-08-01T00:00:00+00:00,202308,3430,976,2454
2023-08-01T00:30:00+00:00,202308,3430,896,2534
2023-08-01T01:00:00+00:00,202308,3430,762,2668
2023-08-01T01:30:00+00:00,202308,3430,645,2785
2023-08-01T02:00:00+00:00,202308,3430,437,2993
2023-08-01T02:30:00+00:00,202308,3430,376,3054
2023-08-01T03:00:00+00:00,202308,3430,336,3094
2023-08-01T03:30:00+00:00,202308,3430,373,3057
2023-08-01T04:00:00+00:00,202308,3430,607,2823
2023-08-01T04:30:00+00:00,202308,3430,689,2741
2023-08-01T05:00:00+00:00,202308,3430,760,2670
2023-08-01T05:30:00+00:00,202308,3430,638,2792
2023-08-01T06:00:00+00:00,202308,3430,633,2797
2023-08-01T06:30:00+00:00,202308,3430,818,2612
2023-08-01T07:00:00+00:00,202308,3430,1168,2262
2023-08-01T07:30:00+00:00,202308,3430,1769,1661
2023-08-01T08:00:00+00:00,202308,3430,1893,1537
2023-08-01T08:30:00+00:00,202308,3430,2262,1168
2023-08-01T09:00:00+00:00,202308,3430,2266,1164
2023-08-01T09:30:00+00:00,202308,3430,2114,1316
2023-08-01T10:00:00+00:00,202308,3430,1980,1450
2023-08-01T10:30:00+00:00,202308,3430,1783,1647
2023-08-01T11:00:00+00:00,202308,3430,1715,1715
2023-08-01T11:30:00+00:00,202308,3430,1683,1747
2023-08-01T12:00:00+00:00,202308,3430,1541,1889
2023-08-01T12:30:00+00:00,202308,3430,1356,2074
2023-08-01T13:00:00+00:00,202308,3430,1132,2298
2023-08-01T13:30:00+00:00,202308,3430,827,2603
2023-08-01T14:00:00+00:00,202308,3430,771,2659
2023-08-01T14:30:00+00:00,202308,3430,760,2670
2023-08-01T15:00:00+00:00,202308,3430,947,2483
2023-08-01T15:30:00+00:00,202308,3430,932,2498
2023-08-01T16:00:00+00:00,202308,3430,1001,2429
2023-08-01T16:30:00+00:00,202308,3430,1042,2388
2023-08-01T17:00:00+00:00,202308,3430,1079,2351
2023-08-01T17:30:00+00:00,202308,3430,1059,2371
2023-08-01T18:00:00+00:00,202308,3430,1064,2366
2023-08-01T18:30:00+00:00,202308,3430,987,2443
2023-08-01T19:00:00+00:00,202308,3430,1014,2416
2023-08-01T19:30:00+00:00,202308,3430,1056,2374
2023-08-01T20:00:00+00:00,202308,3430,1090,2340
2023-08-01T20:30:00+00:00,202308,3430,1235,2195
2023-08-01T21:00:00+00:00,202308,3430,1306,2124
2023-08-01T21:30:00+00:00,202308,3430,1330,2100
2023-08-01T22:00:00+00:00,202308,3430,1186,2244
2023-08-01T22:30:00+00:00,202308,3430,1253,2177
2023-08-01T23:00:00+00:00,202308,3430,1285,2145
2023-08-01T23:30:00+00:00,202308,3430,1161,2269
2023-08-02T00:00:00+00:00,202308,3430,868,2562
2023-08-02T00:30:00+00:00,202308,3430,742,2688
2023-08-02T01:00:00+00:00,202308,3430,588,2842
2023-08-02T01:30:00+00:00,202308,3430,486,2944
2023-08-02T02:00:00+00:00,202308,3430,462,2968
2023-08-02T02:30:00+00:00,202308,3430,424,3006
2023-08-02T03:00:00+00:00,202308,3430,451,2979
2023-08-02T03:30:00+00:00,202308,3430,419,3011
2023-08-02T04:00:00+00:00,202308,3430,500,2930
2023-08-02T04:30:00+00:00,202308,3430,685,2745
2023-08-02T05:00:00+00:00,202308,3430,795,2635
2023-08-02T05:30:00+00:00,202308,3430,833,2597
2023-08-02T06:00:00+00:00,202308,3430,1037,2393
2023-08-02T06:30:00+00:00,202308,3430,1391,2039
2023-08-02T07:00:00+00:00,202308,3430,1858,1572
2023-08-02T07:30:00+00:00,202308,3430,1969,1461
2023-08-02T08:00:00+00:00,202308,3430,2239,1191
2023-08-02T08:30:00+00:00,202308,3430,2288,1142
2023-08-02T09:00:00+00:00,202308,3430,2143,1287
2023-08-02T09:30:00+00:00,202308,3430,2038,1392
2023-08-02T10:00:00+00:00,202308,3430,1954,1476
2023-08-02T10:30:00+00:00,202308,3430,1826,1604
2023-08-02T11:00:00+00:00,202308,3430,1817,1613
2023-08-02T11:30:00+00:00,202308,3430,1766,1664
2023-08-02T12:00:00+00:00,202308,3430,1574,1856
2023-08-02T12:30:00+00:00,202308,3430,1321,2109
2023-08-02T13:00:00+00:00,202308,3430,929,2501
2023-08-02T13:30:00+00:00,202308,3430,838,2592
2023-08-02T14:00:00+00:00,202308,3430,846,2584
2023-08-02T14:30:00+00:00,202308,3430,957,2473
2023-08-02T15:00:00+00:00,202308,3430,998,2432
2023-08-02T15:30:00+00:00,202308,3430,982,2448
2023-08-02T16:00:00+00:00,202308,3430,967,2463
2023-08-02T16:30:00+00:00,202308,3430,931,2499
2023-08-02T17:00:00+00:00,202308,3430,881,2549
2023-08-02T17:30:00+00:00,202308,3430,809,2621
2023-08-02T18:00:00+00:00,202308,3430,870,2560
2023-08-02T18:30:00+00:00,202308,3430,806,2624
2023-08-02T19:00:00+00:00,202308,3430,814,2616
2023-08-02T19:30:00+00:00,202308,3430,782,2648
2023-08-02T20:00:00+00:00,202308,3430,863,2567
2023-08-02T20:30:00+00:00,202308,3430,827,2603
2023-08-02T21:00:00+00:00,202308,3430,814,2616
2023-08-02T21:30:00+00:00,202308,3430,741,2689
2023-08-02T22:00:00+00:00,202308,3430,824,2606
2023-08-02T22:30:00+00:00,202308,3430,825,2605
2023-08-02T23:00:00+00:00,202308,3430,795,2635
2023-08-02T23:30:00+00:00,202308,3430,556,2874
2023-08-03T00:00:00+00:00,202308,3430,516,2914
2023-08-03T00:30:00+00:00,202308,3430,452,2978
2023-08-03T01:00:00+00:00,202308,3430,341,3089
2023-08-03T01:30:00+00:00,202308,3430,273,3157
2023-08-03T02:00:00+00:00,202308,3430,233,3197
2023-08-03T02:30:00+00:00,202308,3430,206,3224
2023-08-03T03:00:00+00:00,202308,3430,221,3209
2023-08-03T03:30:00+00:00,202308,3430,259,3171
2023-08-03T04:00:00+00:00,202308,3430,302,3128
2023-08-03T04:30:00+00:00,202308,3430,357,3073
2023-08-03T05:00:00+00:00,202308,3430,574,2856
2023-08-03T05:30:00+00:00,202308,3430,572,2858
2023-08-03T06:00:00+00:00,202308,3430,547,2883
2023-08-03T06:30:00+00:00,202308,3430,557,2873
2023-08-03T07:00:00+00:00,202308,3430,663,2767
2023-08-03T07:30:00+00:00,202308,3430,1058,2372
2023-08-03T08:00:00+00:00,202308,3430,1351,2079
2023-08-03T08:30:00+00:00,202308,3430,1625,1805
2023-08-03T09:00:00+00:00,202308,3430,1723,1707
2023-08-03T09:30:00+00:00,202308,3430,1849,1581
2023-08-03T10:00:00+00:00,202308,3430,1905,1525
2023-08-03T10:30:00+00:00,202308,3430,1886,1544
2023-08-03T11:00:00+00:00,202308,3430,1829,1601
2023-08-03T11:30:00+00:00,202308,3430,1755,1675
2023-08-03T12:00:00+00:00,202308,3430,1534,1896
2023-08-03T12:30:00+00:00,202308,3430,1260,2170
2023-08-03T13:00:00+00:00,202308,3430,1092,2338
2023-08-03T13:30:00+00:00,202308,3430,863,2567
2023-08-03T14:00:00+00:00,202308,3430,783,2647
2023-08-03T14:30:00+00:00,202308,3430,763,2667
2023-08-03T15:00:00+00:00,202308,3430,1177,2253
2023-08-03T15:30:00+00:00,202308,3430,1230,2200
2023-08-03T16:00:00+00:00,202308,3430,1336,2094
2023-08-03T16:30:00+00:00,202308,3430,1303,2127
2023-08-03T17:00:00+00:00,202308,3430,1235,2195
2023-08-03T17:30:00+00:00,202308,3430,1078,2352
2023-08-03T18:00:00+00:00,202308,3430,1006,2424
2023-08-03T18:30:00+00:00,202308,3430,922,2508
2023-08-03T19:00:00+00:00,202308,3430,962,2468
2023-08-03T19:30:00+00:00,202308,3430,992,2438
2023-08-03T20:00:00+00:00,202308,3430,912,2518
2023-08-03T20:30:00+00:00,202308,3430,897,2533
2023-08-03T21:00:00+00:00,202308,3430,841,2589
2023-08-03T21:30:00+00:00,202308,3430,609,2821
2023-08-03T22:00:00+00:00,202308,3430,744,2686
2023-08-03T22:30:00+00:00,202308,3430,677,2753
2023-08-03T23:00:00+00:00,202308,3430,638,2792
2023-08-03T23:30:00+00:00,202308,3430,575,2855
2023-08-04T00:00:00+00:00,202308,3430,522,2908
2023-08-04T00:30:00+00:00,202308,3430,431,2999
2023-08-04T01:00:00+00:00,202308,3430,372,3058
2023-08-04T01:30:00+00:00,202308,3430,299,3131
2023-08-04T02:00:00+00:00,202308,3430,248,3182
2023-08-04T02:30:00+00:00,202308,3430,260,3170
2023-08-04T03:00:00+00:00,202308,3430,279,3151
2023-08-04T03:30:00+00:00,202308,3430,416,3014
2023-08-04T04:00:00+00:00,202308,3430,502,2928
2023-08-04T04:30:00+00:00,202308,3430,548,2882
2023-08-04T05:00:00+00:00,202308,3430,657,2773
2023-08-04T05:30:00+00:00,202308,3430,775,2655
2023-08-04T06:00:00+00:00,202308,3430,754,2676
2023-08-04T06:30:00+00:00,202308,3430,705,2725
2023-08-04T07:00:00+00:00,202308,3430,810,2620
2023-08-04T07:30:00+00:00,202308,3430,1145,2285
2023-08-04T08:00:00+00:00,202308,3430,1405,2025
2023-08-04T08:30:00+00:00,202308,3430,1667,1763
2023-08-04T09:00:00+00:00,202308,3430,1748,1682
2023-08-04T09:30:00+00:00,202308,3430,1700,1730
2023-08-04T10:00:00+00:00,202308,3430,1834,1596
2023-08-04T10:30:00+00:00,202308,3430,1807,1623
2023-08-04T11:00:00+00:00,202308,3430,1609,1821
2023-08-04T11:30:00+00:00,202308,3430,1454,1976
2023-08-04T12:00:00+00:00,202308,3430,1222,2208
2023-08-04T12:30:00+00:00,202308,3430,1037,2393
2023-08-04T13:00:00+00:00,202308,3430,856,2574
2023-08-04T13:30:00+00:00,202308,3430,807,2623
2023-08-04T14:00:00+00:00,202308,3430,773,2657
2023-08-04T14:30:00+00:00,202308,3430,763,2667
2023-08-04T15:00:00+00:00,202308,3430,997,2433
2023-08-04T15:30:00+00:00,202308,3430,1205,2225
2023-08-04T16:00:00+00:00,202308,3430,1280,2150
2023-08-04T16:30:00+00:00,202308,3430,1399,2031
2023-08-04T17:00:00+00:00,202308,3430,1413,2017
2023-08-04T17:30:00+00:00,202308,3430,1276,2154
2023-08-04T18:00:00+00:00,202308,3430,1153,2277
2023-08-04T18:30:00+00:00,202308,3430,1213,2217
2023-08-04T19:00:00+00:00,202308,3430,1240,2190
2023-08-04T19:30:00+00:00,202308,3430,1198,2232
2023-08-04T20:00:00+00:00,202308,3430,1246,2184
2023-08-04T20:30:00+00:00,202308,3430,1212,2218
2023-08-04T21:00:00+00:00,202308,3430,1237,2193
2023-08-04T21:30:00+00:00,202308,3430,1398,2032
2023-08-04T22:00:00+00:00,202308,3430,1379,2051
2023-08-04T22:30:00+00:00,202308,3430,1389,2041
2023-08-04T23:00:00+00:00,202308,3430,1315,2115
2023-08-04T23:30:00+00:00,202308,3430,1479,1951
2023-08-05T00:00:00+00:00,202308,3430,1373,2057
2023-08-05T00:30:00+00:00,202308,3430,1162,2268
2023-08-05T01:00:00+00:00,202308,3430,985,2445
2023-08-05T01:30:00+00:00,202308,3430,854,2576
2023-08-05T02:00:00+00:00,202308,3430,889,2541
2023-08-05T02:30:00+00:00,202308,3430,880,2550
2023-08-05T03:00:00+00:00,202308,3430,920,2510
2023-08-05T03:30:00+00:00,202308,3430,1028,2402
2023-08-05T04:00:00+00:00,202308,3430,1076,2354
2023-08-05T04:30:00+00:00,202308,3430,1132,2298
2023-08-05T05:00:00+00:00,202308,3430,1169,2261
2023-08-05T05:30:00+00:00,202308,3430,1000,2430
2023-08-05T06:00:00+00:00,202308,3430,987,2443
2023-08-05T06:30:00+00:00,202308,3430,1098,2332
2023-08-05T07:00:00+00:00,202308,3430,1333,2097
2023-08-05T07:30:00+00:00,202308,3430,1619,1811
2023-08-05T08:00:00+00:00,202308,3430,1818,1612
2023-08-05T08:30:00+00:00,202308,3430,1834,1596
2023-08-05T09:00:00+00:00,202308,3430,1850,1580
2023-08-05T09:30:00+00:00,202308,3430,1779,1651
2023-08-05T10:00:00+00:00,202308,3430,1857,1573
2023-08-05T10:30:00+00:00,202308,3430,1609,1821
2023-08-05T11:00:00+00:00,202308,3430,1442,1988
2023-08-05T11:30:00+00:00,202308,3430,1249,2181
2023-08-05T12:00:00+00:00,202308,3430,1112,2318
2023-08-05T12:30:00+00:00,202308,3430,835,2595
2023-08-05T13:00:00+00:00,202308,3430,810,2620
2023-08-05T13:30:00+00:00,202308,3430,764,2666
2023-08-05T14:00:00+00:00,202308,3430,918,2512
2023-08-05T14:30:00+00:00,202308,3430,976,2454
2023-08-05T15:00:00+00:00,202308,3430,1071,2359
2023-08-05T15:30:00+00:00,202308,3430,1298,2132
2023-08-05T16:00:00+00:00,202308,3430,1303,2127
2023-08-05T16:30:00+00:00,202308,3430,1312,2118
2023-08-05T17:00:00+00:00,202308,3430,1226,2204
2023-08-05T17:30:00+00:00,202308,3430,1270,2160
2023-08-05T18:00:00+00:00,202308,3430,1218,2212
2023-08-05T18:30:00+00:00,202308,3430,1257,2173
2023-08-05T19:00:00+00:00,202308,3430,1360,2070
2023-08-05T19:30:00+00:00,202308,3430,1523,1907
2023-08-05T20:00:00+00:00,202308,3430,1580,1850
2023-08-05T20:30:00+00:00,202308,3430,1531,1899
2023-08-05T21:00:00+00:00,202308,3430,1574,1856
2023-08-05T21:30:00+00:00,202308,3430,1606,1824
2023-08-05T22:00:00+00:00,202308,3430,1662,1768
2023-08-05T22:30:00+00:00,202308,3430,1749,1681
2023-08-05T23:00:00+00:00,202308,3430,1774,1656
2023-08-05T23:30:00+00:00,202308,3430,1735,1695
2023-08-06T00:00:00+00:00,202308,3430,1612,1818
2023-08-06T00:30:00+00:00,202308,3430,1568,1862
2023-08-06T01:00:00+00:00,202308,3430,1306,2124
2023-08-06T01:30:00+00:00,202308,3430,1147,2283
2023-08-06T02:00:00+00:00,202308,3430,1064,2366
2023-08-06T02:30:00+00:00,202308,3430,849,2581
2023-08-06T03:00:00+00:00,202308,3430,810,2620
2023-08-06T03:30:00+00:00,202308,3430,847,2583
2023-08-06T04:00:00+00:00,202308,3430,1321,2109
2023-08-06T04:30:00+00:00,202308,3430,1418,2012
2023-08-06T05:00:00+00:00,202308,3430,1375,2055
2023-08-06T05:30:00+00:00,202308,3430,1262,2168
2023-08-06T06:00:00+00:00,202308,3430,1240,2190
2023-08-06T06:30:00+00:00,202308,3430,1213,2217
2023-08-06T07:00:00+00:00,202308,3430,1311,2119
2023-08-06T07:30:00+00:00,202308,3430,1813,1617
2023-08-06T08:00:00+00:00,202308,3430,2078,1352
2023-08-06T08:30:00+00:00,202308,3430,2147,1283
2023-08-06T09:00:00+00:00,202308,3430,2242,1188
2023-08-06T09:30:00+00:00,202308,3430,2248,1182
2023-08-06T10:00:00+00:00,202308,3430,2262,1168
2023-08-06T10:30:00+00:00,202308,3430,2040,1390
2023-08-06T11:00:00+00:00,202308,3430,1890,1540
2023-08-06T11:30:00+00:00,202308,3430,1721,1709
2023-08-06T12:00:00+00:00,202308,3430,1847,1583
2023-08-06T12:30:00+00:00,202308,3430,1748,1682
2023-08-06T13:00:00+00:00,202308,3430,1617,1813
2023-08-06T13:30:00+00:00,202308,3430,1380,2050
2023-08-06T14:00:00+00:00,202308,3430,1444,1986
2023-08-06T14:30:00+00:00,202308,3430,1503,1927
2023-08-06T15:00:00+00:00,202308,3430,1706,1724
2023-08-06T15:30:00+00:00,202308,3430,1802,1628
2023-08-06T16:00:00+00:00,202308,3430,1926,1504
2023-08-06T16:30:00+00:00,202308,3430,1961,1469
2023-08-06T17:00:00+00:00,202308,3430,1857,1573
2023-08-06T17:30:00+00:00,202308,3430,1797,1633
2023-08-06T18:00:00+00:00,202308,3430,1783,1647
2023-08-06T18:30:00+00:00,202308,3430,1760,1670
2023-08-06T19:00:00+00:00,202308,3430,1790,1640
2023-08-06T19:30:00+00:00,202308,3430,1827,1603
2023-08-06T20:00:00+00:00,202308,3430,1773,1657
2023-08-06T20:30:00+00:00,202308,3430,1841,1589
2023-08-06T21:00:00+00:00,202308,3430,1932,1498
2023-08-06T21:30:00+00:00,202308,3430,1922,1508
2023-08-06T22:00:00+00:00,202308,3430,1891,1539
2023-08-06T22:30:00+00:00,202308,3430,1766,1664
2023-08-06T23:00:00+00:00,202308,3430,1861,1569
2023-08-06T23:30:00+00:00,202308,3430,1808,1622
2023-08-07T00:00:00+00:00,202308,3430,1654,1776
2023-08-07T00:30:00+00:00,202308,3430,1375,2055
2023-08-07T01:00:00+00:00,202308,3430,1100,2330
2023-08-07T01:30:00+00:00,202308,3430,986,2444
2023-08-07T02:00:00+00:00,202308,3430,906,2524
2023-08-07T02:30:00+00:00,202308,3430,880,2550
2023-08-07T03:00:00+00:00,202308,3430,869,2561
2023-08-07T03:30:00+00:00,202308,3430,932,2498
2023-08-07T04:00:00+00:00,202308,3430,951,2479
2023-08-07T04:30:00+00:00,202308,3430,941,2489
2023-08-07T05:00:00+00:00,202308,3430,866,2564
2023-08-07T05:30:00+00:00,202308,3430,799,2631
2023-08-07T06:00:00+00:00,202308,3430,964,2466
2023-08-07T06:30:00+00:00,202308,3430,1269,2161
2023-08-07T07:00:00+00:00,202308,3430,1540,1890
2023-08-07T07:30:00+00:00,202308,3430,1656,1774
2023-08-07T08:00:00+00:00,202308,3430,1998,1432
2023-08-07T08:30:00+00:00,202308,3430,2069,1361
2023-08-07T09:00:00+00:00,202308,3430,2100,1330
2023-08-07T09:30:00+00:00,202308,3430,1830,1600
2023-08-07T10:00:00+00:00,202308,3430,1876,1554
2023-08-07T10:30:00+00:00,202308,3430,1790,1640
2023-08-07T11:00:00+00:00,202308,3430,1655,1775
2023-08-07T11:30:00+00:00,202308,3430,1582,1848
2023-08-07T12:00:00+00:00,202308,3430,1441,1989
2023-08-07T12:30:00+00:00,202308,3430,1343,2087
2023-08-07T13:00:00+00:00,202308,3430,1242,2188
2023-08-07T13:30:00+00:00,202308,3430,1085,2345
2023-08-07T14:00:00+00:00,202308,3430,1057,2373
2023-08-07T14:30:00+00:00,202308,3430,1036,2394
2023-08-07T15:00:00+00:00,202308,3430,1052,2378
2023-08-07T15:30:00+00:00,202308,3430,987,2443
2023-08-07T16:00:00+00:00,202308,3430,811,2619
2023-08-07T16:30:00+00:00,202308,3430,708,2722
2023-08-07T17:00:00+00:00,202308,3430,658,2772
2023-08-07T17:30:00+00:00,202308,3430,662,2768
2023-08-07T18:00:00+00:00,202308,3430,708,2722
2023-08-07T18:30:00+00:00,202308,3430,674,2756
2023-08-07T19:00:00+00:00,202308,3430,612,2818
2023-08-07T19:30:00+00:00,202308,3430,623,2807
2023-08-07T20:00:00+00:00,202308,3430,548,2882
2023-08-07T20:30:00+00:00,202308,3430,675,2755
2023-08-07T21:00:00+00:00,202308,3430,684,2746
2023-08-07T21:30:00+00:00,202308,3430,727,2703
2023-08-07T22:00:00+00:00,202308,3430,685,2745
2023-08-07T22:30:00+00:00,202308,3430,784,2646
2023-08-07T23:00:00+00:00,202308,3430,837,2593
2023-08-07T23:30:00+00:00,202308,3430,842,2588
2023-08-08T00:00:00+00:00,202308,3430,624,2806
2023-08-08T00:30:00+00:00,202308,3430,443,2987
2023-08-08T01:00:00+00:00,202308,3430,359,3071
2023-08-08T01:30:00+00:00,202308,3430,361,3069
2023-08-08T02:00:00+00:00,202308,3430,336,3094
2023-08-08T02:30:00+00:00,202308,3430,343,3087
2023-08-08T03:00:00+00:00,202308,3430,343,3087
2023-08-08T03:30:00+00:00,202308,3430,381,3049
2023-08-08T04:00:00+00:00,202308,3430,320,3110
2023-08-08T04:30:00+00:00,202308,3430,361,3069
2023-08-08T05:00:00+00:00,202308,3430,470,2960
2023-08-08T05:30:00+00:00,202308,3430,563,2867
2023-08-08T06:00:00+00:00,202308,3430,563,2867
2023-08-08T06:30:00+00:00,202308,3430,720,2710
2023-08-08T07:00:00+00:00,202308,3430,921,2509
2023-08-08T07:30:00+00:00,202308,3430,1224,2206
2023-08-08T08:00:00+00:00,202308,3430,1800,1630
2023-08-08T08:30:00+00:00,202308,3430,2010,1420
2023-08-08T09:00:00+00:00,202308,3430,1972,1458
2023-08-08T09:30:00+00:00,202308,3430,1577,1853
2023-08-08T10:00:00+00:00,202308,3430,1645,1785
2023-08-08T10:30:00+00:00,202308,3430,1491,1939
2023-08-08T11:00:00+00:00,202308,3430,1272,2158
2023-08-08T11:30:00+00:00,202308,3430,1078,2352
2023-08-08T12:00:00+00:00,202308,3430,1000,2430
2023-08-08T12:30:00+00:00,202308,3430,840,2590
2023-08-08T13:00:00+00:00,202308,3430,731,2699
2023-08-08T13:30:00+00:00,202308,3430,598,2832
2023-08-08T14:00:00+00:00,202308,3430,600,2830
2023-08-08T14:30:00+00:00,202308,3430,580,2850
2023-08-08T15:00:00+00:00,202308,3430,696,2734
2023-08-08T15:30:00+00:00,202308,3430,692,2738
2023-08-08T16:00:00+00:00,202308,3430,769,2661
2023-08-08T16:30:00+00:00,202308,3430,765,2665
2023-08-08T17:00:00+00:00,202308,3430,753,2677
2023-08-08T17:30:00+00:00,202308,3430,825,2605
2023-08-08T18:00:00+00:00,202308,3430,777,2653
2023-08-08T18:30:00+00:00,202308,3430,836,2594
2023-08-08T19:00:00+00:00,202308,3430,839,2591
2023-08-08T19:30:00+00:00,202308,3430,818,2612
2023-08-08T20:00:00+00:00,202308,3430,805,2625
2023-08-08T20:30:00+00:00,202308,3430,850,2580
2023-08-08T21:00:00+00:00,202308,3430,913,2517
2023-08-08T21:30:00+00:00,202308,3430,914,2516
2023-08-08T22:00:00+00:00,202308,3430,686,2744
2023-08-08T22:30:00+00:00,202308,3430,786,2644
2023-08-08T23:00:00+00:00,202308,3430,748,2682
2023-08-08T23:30:00+00:00,202308,3430,693,2737
2023-08-09T00:00:00+00:00,202308,3430,387,3043
2023-08-09T00:30:00+00:00,202308,3430,294,3136
2023-08-09T01:00:00+00:00,202308,3430,231,3199
2023-08-09T01:30:00+00:00,202308,3430,191,3239
2023-08-09T02:00:00+00:00,202308,3430,246,3184
2023-08-09T02:30:00+00:00,202308,3430,230,3200
2023-08-09T03:00:00+00:00,202308,3430,237,3193
2023-08-09T03:30:00+00:00,202308,3430,225,3205
2023-08-09T04:00:00+00:00,202308,3430,348,3082
2023-08-09T04:30:00+00:00,202308,3430,428,3002
2023-08-09T05:00:00+00:00,202308,3430,532,2898
2023-08-09T05:30:00+00:00,202308,3430,708,2722
2023-08-09T06:00:00+00:00,202308,3430,948,2482
2023-08-09T06:30:00+00:00,202308,3430,1093,2337
2023-08-09T07:00:00+00:00,202308,3430,1249,2181
2023-08-09T07:30:00+00:00,202308,3430,1297,2133
2023-08-09T08:00:00+00:00,202308,3430,1701,1729
2023-08-09T08:30:00+00:00,202308,3430,1785,1645
2023-08-09T09:00:00+00:00,202308,3430,1752,1678
2023-08-09T09:30:00+00:00,202308,3430,1690,1740
2023-08-09T10:00:00+00:00,202308,3430,1570,1860
2023-08-09T10:30:00+00:00,202308,3430,1494,1936
2023-08-09T11:00:00+00:00,202308,3430,1405,2025
2023-08-09T11:30:00+00:00,202308,3430,1297,2133
2023-08-09T12:00:00+00:00,202308,3430,1259,2171
2023-08-09T12:30:00+00:00,202308,3430,1096,2334
2023-08-09T13:00:00+00:00,202308,3430,924,2506
2023-08-09T13:30:00+00:00,202308,3430,601,2829
2023-08-09T14:00:00+00:00,202308,3430,516,2914
2023-08-09T14:30:00+00:00,202308,3430,524,2906
2023-08-09T15:00:00+00:00,202308,3430,570,2860
2023-08-09T15:30:00+00:00,202308,3430,714,2716
2023-08-09T16:00:00+00:00,202308,3430,569,2861
2023-08-09T16:30:00+00:00,202308,3430,527,2903
2023-08-09T17:00:00+00:00,202308,3430,468,2962
2023-08-09T17:30:00+00:00,202308,3430,386,3044
2023-08-09T18:00:00+00:00,202308,3430,440,2990
2023-08-09T18:30:00+00:00,202308,3430,344,3086
2023-08-09T19:00:00+00:00,202308,3430,308,3122
2023-08-09T19:30:00+00:00,202308,3430,276,3154
2023-08-09T20:00:00+00:00,202308,3430,420,3010
2023-08-09T20:30:00+00:00,202308,3430,407,3023
2023-08-09T21:00:00+00:00,202308,3430,444,2986
2023-08-09T21:30:00+00:00,202308,3430,478,2952
2023-08-09T22:00:00+00:00,202308,3430,466,2964
2023-08-09T22:30:00+00:00,202308,3430,461,2969
2023-08-09T23:00:00+00:00,202308,3430,459,2971
2023-08-09T23:30:00+00:00,202308,3430,335,3095
2023-08-10T00:00:00+00:00,202308,3430,269,3161
2023-08-10T00:30:00+00:00,202308,3430,251,3179
2023-08-10T01:00:00+00:00,202308,3430,156,3274
2023-08-10T01:30:00+00:00,202308,3430,165,3265
2023-08-10T02:00:00+00:00,202308,3430,110,3320
2023-08-10T02:30:00+00:00,202308,3430,87,3343
2023-08-10T03:00:00+00:00,202308,3430,70,3360
2023-08-10T03:30:00+00:00,202308,3430,83,3347
2023-08-10T04:00:00+00:00,202308,3430,104,3326
2023-08-10T04:30:00+00:00,202308,3430,163,3267
2023-08-10T05:00:00+00:00,202308,3430,231,3199
2023-08-10T05:30:00+00:00,202308,3430,267,3163
2023-08-10T06:00:00+00:00,202308,3430,244,3186
2023-08-10T06:30:00+00:00,202308,3430,305,3125
2023-08-10T07:00:00+00:00,202308,3430,526,2904
2023-08-10T07:30:00+00:00,202308,3430,804,2626
2023-08-10T08:00:00+00:00,202308,3430,1082,2348
2023-08-10T08:30:00+00:00,202308,3430,1266,2164
2023-08-10T09:00:00+00:00,202308,3430,1219,2211
2023-08-10T09:30:00+00:00,202308,3430,1327,2103
2023-08-10T10:00:00+00:00,202308,3430,1304,2126
2023-08-10T10:30:00+00:00,202308,3430,1221,2209
2023-08-10T11:00:00+00:00,202308,3430,1033,2397
2023-08-10T11:30:00+00:00,202308,3430,898,2532
2023-08-10T12:00:00+00:00,202308,3430,632,2798
2023-08-10T12:30:00+00:00,202308,3430,435,2995
2023-08-10T13:00:00+00:00,202308,3430,216,3214
2023-08-10T13:30:00+00:00,202308,3430,156,3274
2023-08-10T14:00:00+00:00,202308,3430,143,3287
2023-08-10T14:30:00+00:00,202308,3430,155,3275
2023-08-10T15:00:00+00:00,202308,3430,164,3266
2023-08-10T15:30:00+00:00,202308,3430,466,2964
2023-08-10T16:00:00+00:00,202308,3430,563,2867
2023-08-10T16:30:00+00:00,202308,3430,731,2699
2023-08-10T17:00:00+00:00,202308,3430,669,2761
2023-08-10T17:30:00+00:00,202308,3430,662,2768
2023-08-10T18:00:00+00:00,202308,3430,415,3015
2023-08-10T18:30:00+00:00,202308,3430,423,3007
2023-08-10T19:00:00+00:00,202308,3430,460,2970
2023-08-10T19:30:00+00:00,202308,3430,679,2751
2023-08-10T20:00:00+00:00,202308,3430,757,2673
2023-08-10T20:30:00+00:00,202308,3430,737,2693
2023-08-10T21:00:00+00:00,202308,3430,758,2672
2023-08-10T21:30:00+00:00,202308,3430,744,2686
2023-08-10T22:00:00+00:00,202308,3430,704,2726
2023-08-10T22:30:00+00:00,202308,3430,665,2765
2023-08-10T23:00:00+00:00,202308,3430,604,2826
2023-08-10T23:30:00+00:00,202308,3430,567,2863
2023-08-11T00:00:00+00:00,202308,3430,371,3059
2023-08-11T00:30:00+00:00,202308,3430,324,3106
2023-08-11T01:00:00+00:00,202308,3430,237,3193
2023-08-11T01:30:00+00:00,202308,3430,124,3306
2023-08-11T02:00:00+00:00,202308,3430,62,3368
2023-08-11T02:30:00+00:00,202308,3430,27,3403
2023-08-11T03:00:00+00:00,202308,3430,35,3395
2023-08-11T03:30:00+00:00,202308,3430,74,3356
2023-08-11T04:00:00+00:00,202308,3430,143,3287
2023-08-11T04:30:00+00:00,202308,3430,178,3252
2023-08-11T05:00:00+00:00,202308,3430,194,3236
2023-08-11T05:30:00+00:00,202308,3430,204,3226
2023-08-11T06:00:00+00:00,202308,3430,255,3175
2023-08-11T06:30:00+00:00,202308,3430,253,3177
2023-08-11T07:00:00+00:00,202308,3430,377,3053
2023-08-11T07:30:00+00:00,202308,3430,542,2888
2023-08-11T08:00:00+00:00,202308,3430,699,2731
2023-08-11T08:30:00+00:00,202308,3430,789,2641
2023-08-11T09:00:00+00:00,202308,3430,729,2701
2023-08-11T09:30:00+00:00,202308,3430,820,2610
2023-08-11T10:00:00+00:00,202308,3430,930,2500
2023-08-11T10:30:00+00:00,202308,3430,997,2433
2023-08-11T11:00:00+00:00,202308,3430,974,2456
2023-08-11T11:30:00+00:00,202308,3430,966,2464
2023-08-11T12:00:00+00:00,202308,3430,798,2632
2023-08-11T12:30:00+00:00,202308,3430,964,2466
2023-08-11T13:00:00+00:00,202308,3430,481,2949
2023-08-11T13:30:00+00:00,202308,3430,414,3016
2023-08-11T14:00:00+00:00,202308,3430,395,3035
2023-08-11T14:30:00+00:00,202308,3430,405,3025
2023-08-11T15:00:00+00:00,202308,3430,614,2816
2023-08-11T15:30:00+00:00,202308,3430,696,2734
2023-08-11T16:00:00+00:00,202308,3430,1119,2311
2023-08-11T16:30:00+00:00,202308,3430,1301,2129
2023-08-11T17:00:00+00:00,202308,3430,1407,2023
2023-08-11T17:30:00+00:00,202308,3430,1320,2110
2023-08-11T18:00:00+00:00,202308,3430,955,2475
2023-08-11T18:30:00+00:00,202308,3430,971,2459
2023-08-11T19:00:00+00:00,202308,3430,907,2523
2023-08-11T19:30:00+00:00,202308,3430,848,2582
2023-08-11T20:00:00+00:00,202308,3430,1279,2151
2023-08-11T20:30:00+00:00,202308,3430,1536,1894
2023-08-11T21:00:00+00:00,202308,3430,1788,1642
2023-08-11T21:30:00+00:00,202308,3430,1712,1718
2023-08-11T22:00:00+00:00,202308,3430,1759,1671
2023-08-11T22:30:00+00:00,202308,3430,1716,1714
2023-08-11T23:00:00+00:00,202308,3430,1663,1767
2023-08-11T23:30:00+00:00,202308,3430,1420,2010
2023-08-12T00:00:00+00:00,202308,3430,1257,2173
2023-08-12T00:30:00+00:00,202308,3430,1071,2359
2023-08-12T01:00:00+00:00,202308,3430,1308,2122
2023-08-12T01:30:00+00:00,202308,3430,732,2698
2023-08-12T02:00:00+00:00,202308,3430,602,2828
2023-08-12T02:30:00+00:00,202308,3430,502,2928
2023-08-12T03:00:00+00:00,202308,3430,500,2930
2023-08-12T03:30:00+00:00,202308,3430,602,2828
2023-08-12T04:00:00+00:00,202308,3430,1186,2244
2023-08-12T04:30:00+00:00,202308,3430,1206,2224
2023-08-12T05:00:00+00:00,202308,3430,654,2776
2023-08-12T05:30:00+00:00,202308,3430,651,2779
2023-08-12T06:00:00+00:00,202308,3430,592,2838
2023-08-12T06:30:00+00:00,202308,3430,629,2801
2023-08-12T07:00:00+00:00,202308,3430,1159,2271
2023-08-12T07:30:00+00:00,202308,3430,1302,2128
2023-08-12T08:00:00+00:00,202308,3430,1486,1944
2023-08-12T08:30:00+00:00,202308,3430,1485,1945
2023-08-12T09:00:00+00:00,202308,3430,1424,2006
2023-08-12T09:30:00+00:00,202308,3430,1344,2086
2023-08-12T10:00:00+00:00,202308,3430,1281,2149
2023-08-12T10:30:00+00:00,202308,3430,1263,2167
2023-08-12T11:00:00+00:00,202308,3430,1092,2338
2023-08-12T11:30:00+00:00,202308,3430,905,2525
2023-08-12T12:00:00+00:00,202308,3430,698,2732
2023-08-12T12:30:00+00:00,202308,3430,523,2907
2023-08-12T13:00:00+00:00,202308,3430,359,3071
2023-08-12T13:30:00+00:00,202308,3430,268,3162
2023-08-12T14:00:00+00:00,202308,3430,268,3162
2023-08-12T14:30:00+00:00,202308,3430,281,3149
2023-08-12T15:00:00+00:00,202308,3430,249,3181
2023-08-12T15:30:00+00:00,202308,3430,539,2891
2023-08-12T16:00:00+00:00,202308,3430,574,2856
2023-08-12T16:30:00+00:00,202308,3430,644,2786
2023-08-12T17:00:00+00:00,202308,3430,537,2893
2023-08-12T17:30:00+00:00,202308,3430,375,3055
2023-08-12T18:00:00+00:00,202308,3430,339,3091
2023-08-12T18:30:00+00:00,202308,3430,376,3054
2023-08-12T19:00:00+00:00,202308,3430,511,2919
2023-08-12T19:30:00+00:00,202308,3430,587,2843
2023-08-12T20:00:00+00:00,202308,3430,479,2951
2023-08-12T20:30:00+00:00,202308,3430,438,2992
2023-08-12T21:00:00+00:00,202308,3430,461,2969
2023-08-12T21:30:00+00:00,202308,3430,394,3036
2023-08-12T22:00:00+00:00,202308,3430,390,3040
2023-08-12T22:30:00+00:00,202308,3430,313,3117
2023-08-12T23:00:00+00:00,202308,3430,242,3188
2023-08-12T23:30:00+00:00,202308,3430,256,3174
2023-08-13T00:00:00+00:00,202308,3430,207,3223
2023-08-13T00:30:00+00:00,202308,3430,143,3287
2023-08-13T01:00:00+00:00,202308,3430,112,3318
2023-08-13T01:30:00+00:00,202308,3430,70,3360
2023-08-13T02:00:00+00:00,202308,3430,41,3389
2023-08-13T02:30:00+00:00,202308,3430,46,3384
2023-08-13T03:00:00+00:00,202308,3430,49,3381
2023-08-13T03:30:00+00:00,202308,3430,100,3330
2023-08-13T04:00:00+00:00,202308,3430,104,3326
2023-08-13T04:30:00+00:00,202308,3430,142,3288
2023-08-13T05:00:00+00:00,202308,3430,237,3193
2023-08-13T05:30:00+00:00,202308,3430,384,3046
2023-08-13T06:00:00+00:00,202308,3430,398,3032
2023-08-13T06:30:00+00:00,202308,3430,443,2987
2023-08-13T07:00:00+00:00,202308,3430,518,2912
2023-08-13T07:30:00+00:00,202308,3430,610,2820
2023-08-13T08:00:00+00:00,202308,3430,819,2611
2023-08-13T08:30:00+00:00,202308,3430,1190,2240
2023-08-13T09:00:00+00:00,202308,3430,1172,2258
2023-08-13T09:30:00+00:00,202308,3430,964,2466
2023-08-13T10:00:00+00:00,202308,3430,716,2714
2023-08-13T10:30:00+00:00,202308,3430,707,2723
2023-08-13T11:00:00+00:00,202308,3430,594,2836
2023-08-13T11:30:00+00:00,202308,3430,442,2988
2023-08-13T12:00:00+00:00,202308,3430,361,3069
2023-08-13T12:30:00+00:00,202308,3430,169,3261
2023-08-13T13:00:00+00:00,202308,3430,101,3329
2023-08-13T13:30:00+00:00,202308,3430,62,3368
2023-08-13T14:00:00+00:00,202308,3430,77,3353
2023-08-13T14:30:00+00:00,202308,3430,89,3341
2023-08-13T15:00:00+00:00,202308,3430,178,3252
2023-08-13T16:00:00+00:00,202308,3430,309,3121
2023-08-13T16:30:00+00:00,202308,3430,371,3059
2023-08-13T17:00:00+00:00,202308,3430,450,2980
2023-08-13T17:30:00+00:00,202308,3430,481,2949
2023-08-13T18:00:00+00:00,202308,3430,426,3004
2023-08-13T18:30:00+00:00,202308,3430,444,2986
2023-08-13T19:00:00+00:00,202308,3430,462,2968
2023-08-13T19:30:00+00:00,202308,3430,597,2833
2023-08-13T20:00:00+00:00,202308,3430,569,2861
2023-08-13T20:30:00+00:00,202308,3430,616,2814
2023-08-13T21:00:00+00:00,202308,3430,653,2777
2023-08-13T21:30:00+00:00,202308,3430,660,2770
2023-08-13T22:00:00+00:00,202308,3430,607,2823
2023-08-13T22:30:00+00:00,202308,3430,527,2903
2023-08-13T23:00:00+00:00,202308,3430,590,2840
2023-08-13T23:30:00+00:00,202308,3430,525,2905
2023-08-14T00:00:00+00:00,202308,3430,429,3001
2023-08-14T00:30:00+00:00,202308,3430,312,3118
2023-08-14T01:00:00+00:00,202308,3430,200,3230
2023-08-14T01:30:00+00:00,202308,3430,142,3288
2023-08-14T02:00:00+00:00,202308,3430,107,3323
2023-08-14T02:30:00+00:00,202308,3430,101,3329
2023-08-14T03:00:00+00:00,202308,3430,106,3324
2023-08-14T03:30:00+00:00,202308,3430,171,3259
2023-08-14T04:00:00+00:00,202308,3430,227,3203
2023-08-14T04:30:00+00:00,202308,3430,261,3169
2023-08-14T05:00:00+00:00,202308,3430,310,3120
2023-08-14T05:30:00+00:00,202308,3430,340,3090
2023-08-14T06:00:00+00:00,202308,3430,373,3057
2023-08-14T06:30:00+00:00,202308,3430,446,2984
2023-08-14T07:00:00+00:00,202308,3430,493,2937
2023-08-14T07:30:00+00:00,202308,3430,539,2891
2023-08-14T08:00:00+00:00,202308,3430,655,2775
2023-08-14T08:30:00+00:00,202308,3430,881,2549
2023-08-14T09:00:00+00:00,202308,3430,1035,2395
2023-08-14T09:30:00+00:00,202308,3430,1026,2404
2023-08-14T10:00:00+00:00,202308,3430,783,2647
2023-08-14T10:30:00+00:00,202308,3430,729,2701
2023-08-14T11:00:00+00:00,202308,3430,591,2839
2023-08-14T11:30:00+00:00,202308,3430,474,2956
2023-08-14T12:00:00+00:00,202308,3430,343,3087
2023-08-14T12:30:00+00:00,202308,3430,190,3240
2023-08-14T13:00:00+00:00,202308,3430,125,3305
2023-08-14T13:30:00+00:00,202308,3430,69,3361
2023-08-14T14:00:00+00:00,202308,3430,22,3408
2023-08-14T14:30:00+00:00,202308,3430,15,3415
2023-08-14T15:00:00+00:00,202308,3430,14,3416
2023-08-14T15:30:00+00:00,202308,3430,20,3410
2023-08-14T16:00:00+00:00,202308,3430,22,3408
2023-08-14T16:30:00+00:00,202308,3430,83,3347
2023-08-14T17:00:00+00:00,202308,3430,107,3323
2023-08-14T17:30:00+00:00,202308,3430,166,3264
2023-08-14T18:00:00+00:00,202308,3430,200,3230
2023-08-14T18:30:00+00:00,202308,3430,263,3167
2023-08-14T19:00:00+00:00,202308,3430,284,3146
2023-08-14T19:30:00+00:00,202308,3430,308,3122
2023-08-14T20:00:00+00:00,202308,3430,245,3185
2023-08-14T20:30:00+00:00,202308,3430,291,3139
2023-08-14T21:00:00+00:00,202308,3430,399,3031
2023-08-14T21:30:00+00:00,202308,3430,416,3014
2023-08-14T22:00:00+00:00,202308,3430,386,3044
2023-08-14T22:30:00+00:00,202308,3430,311,3119
2023-08-14T23:00:00+00:00,202308,3430,346,3084
2023-08-14T23:30:00+00:00,202308,3430,322,3108
2023-08-15T00:00:00+00:00,202308,3430,279,3151
2023-08-15T00:30:00+00:00,202308,3430,185,3245
2023-08-15T01:00:00+00:00,202308,3430,160,3270
2023-08-15T01:30:00+00:00,202308,3430,137,3293
2023-08-15T02:00:00+00:00,202308,3430,115,3315
2023-08-15T02:30:00+00:00,202308,3430,75,3355
2023-08-15T03:00:00+00:00,202308,3430,71,3359
2023-08-15T03:30:00+00:00,202308,3430,117,3313
2023-08-15T04:00:00+00:00,202308,3430,119,3311
2023-08-15T04:30:00+00:00,202308,3430,146,3284
2023-08-15T05:00:00+00:00,202308,3430,241,3189
2023-08-15T05:30:00+00:00,202308,3430,367,3063
2023-08-15T06:00:00+00:00,202308,3430,359,3071
2023-08-15T06:30:00+00:00,202308,3430,410,3020
2023-08-15T07:00:00+00:00,202308,3430,566,2864
2023-08-15T07:30:00+00:00,202308,3430,698,2732
2023-08-15T08:00:00+00:00,202308,3430,1072,2358
2023-08-15T08:30:00+00:00,202308,3430,1278,2152
2023-08-15T09:00:00+00:00,202308,3430,1268,2162
2023-08-15T09:30:00+00:00,202308,3430,924,2506
2023-08-15T10:00:00+00:00,202308,3430,994,2436
2023-08-15T10:30:00+00:00,202308,3430,885,2545
2023-08-15T11:00:00+00:00,202308,3430,839,2591
2023-08-15T11:30:00+00:00,202308,3430,610,2820
2023-08-15T12:00:00+00:00,202308,3430,507,2923
2023-08-15T12:30:00+00:00,202308,3430,429,3001
2023-08-15T13:00:00+00:00,202308,3430,285,3145
2023-08-15T13:30:00+00:00,202308,3430,254,3176
2023-08-15T14:00:00+00:00,202308,3430,227,3203
2023-08-15T14:30:00+00:00,202308,3430,212,3218
2023-08-15T15:00:00+00:00,202308,3430,212,3218
2023-08-15T15:30:00+00:00,202308,3430,237,3193
2023-08-15T16:00:00+00:00,202308,3430,230,3200
2023-08-15T16:30:00+00:00,202308,3430,212,3218
2023-08-15T17:00:00+00:00,202308,3430,224,3206
2023-08-15T17:30:00+00:00,202308,3430,241,3189
2023-08-15T18:00:00+00:00,202308,3430,246,3184
2023-08-15T18:30:00+00:00,202308,3430,280,3150
2023-08-15T19:00:00+00:00,202308,3430,326,3104
2023-08-15T19:30:00+00:00,202308,3430,370,3060
2023-08-15T20:00:00+00:00,202308,3430,300,3130
2023-08-15T20:30:00+00:00,202308,3430,385,3045
2023-08-15T21:00:00+00:00,202308,3430,375,3055
2023-08-15T21:30:00+00:00,202308,3430,354,3076
2023-08-15T22:00:00+00:00,202308,3430,234,3196
2023-08-15T22:30:00+00:00,202308,3430,300,3130
2023-08-15T23:00:00+00:00,202308,3430,281,3149
2023-08-15T23:30:00+00:00,202308,3430,253,3177
2023-08-16T00:00:00+00:00,202308,3430,141,3289
2023-08-16T00:30:00+00:00,202308,3430,116,3314
2023-08-16T01:00:00+00:00,202308,3430,111,3319
2023-08-16T01:30:00+00:00,202308,3430,79,3351
2023-08-16T02:00:00+00:00,202308,3430,111,3319
2023-08-16T02:30:00+00:00,202308,3430,104,3326
2023-08-16T03:00:00+00:00,202308,3430,105,3325
2023-08-16T03:30:00+00:00,202308,3430,94,3336
2023-08-16T04:00:00+00:00,202308,3430,116,3314
2023-08-16T04:30:00+00:00,202308,3430,157,3273
2023-08-16T05:00:00+00:00,202308,3430,208,3222
2023-08-16T05:30:00+00:00,202308,3430,328,3102
2023-08-16T06:00:00+00:00,202308,3430,417,3013
2023-08-16T06:30:00+00:00,202308,3430,625,2805
2023-08-16T07:00:00+00:00,202308,3430,904,2526
2023-08-16T07:30:00+00:00,202308,3430,920,2510
2023-08-16T08:00:00+00:00,202308,3430,1369,2061
2023-08-16T08:30:00+00:00,202308,3430,1416,2014
2023-08-16T09:00:00+00:00,202308,3430,1359,2071
2023-08-16T09:30:00+00:00,202308,3430,913,2517
2023-08-16T10:00:00+00:00,202308,3430,943,2487
2023-08-16T10:30:00+00:00,202308,3430,829,2601
2023-08-16T11:00:00+00:00,202308,3430,731,2699
2023-08-16T11:30:00+00:00,202308,3430,498,2932
2023-08-16T12:00:00+00:00,202308,3430,403,3027
2023-08-16T12:30:00+00:00,202308,3430,301,3129
2023-08-16T13:00:00+00:00,202308,3430,189,3241
2023-08-16T13:30:00+00:00,202308,3430,172,3258
2023-08-16T14:00:00+00:00,202308,3430,101,3329
2023-08-16T14:30:00+00:00,202308,3430,77,3353
2023-08-16T15:00:00+00:00,202308,3430,76,3354
2023-08-16T15:30:00+00:00,202308,3430,78,3352
2023-08-16T16:00:00+00:00,202308,3430,130,3300
2023-08-16T16:30:00+00:00,202308,3430,145,3285
2023-08-16T17:00:00+00:00,202308,3430,182,3248
2023-08-16T17:30:00+00:00,202308,3430,247,3183
2023-08-16T18:00:00+00:00,202308,3430,292,3138
2023-08-16T18:30:00+00:00,202308,3430,258,3172
2023-08-16T19:00:00+00:00,202308,3430,250,3180
2023-08-16T19:30:00+00:00,202308,3430,253,3177
2023-08-16T20:00:00+00:00,202308,3430,266,3164
2023-08-16T20:30:00+00:00,202308,3430,402,3028
2023-08-16T21:00:00+00:00,202308,3430,487,2943
2023-08-16T21:30:00+00:00,202308,3430,478,2952
2023-08-16T22:00:00+00:00,202308,3430,307,3123
2023-08-16T22:30:00+00:00,202308,3430,404,3026
2023-08-16T23:00:00+00:00,202308,3430,373,3057
2023-08-16T23:30:00+00:00,202308,3430,346,3084
2023-08-17T00:00:00+00:00,202308,3430,170,3260
2023-08-17T00:30:00+00:00,202308,3430,116,3314
2023-08-17T01:00:00+00:00,202308,3430,67,3363
2023-08-17T01:30:00+00:00,202308,3430,26,3404
2023-08-17T02:00:00+00:00,202308,3430,24,3406
2023-08-17T02:30:00+00:00,202308,3430,6,3424
2023-08-17T03:00:00+00:00,202308,3430,10,3420
2023-08-17T03:30:00+00:00,202308,3430,52,3378
2023-08-17T04:00:00+00:00,202308,3430,57,3373
2023-08-17T04:30:00+00:00,202308,3430,117,3313
2023-08-17T05:00:00+00:00,202308,3430,185,3245
2023-08-17T05:30:00+00:00,202308,3430,216,3214
2023-08-17T06:00:00+00:00,202308,3430,209,3221
2023-08-17T06:30:00+00:00,202308,3430,327,3103
2023-08-17T07:00:00+00:00,202308,3430,672,2758
2023-08-17T07:30:00+00:00,202308,3430,825,2605
2023-08-17T08:00:00+00:00,202308,3430,1117,2313
2023-08-17T08:30:00+00:00,202308,3430,1203,2227
2023-08-17T09:00:00+00:00,202308,3430,1012,2418
2023-08-17T09:30:00+00:00,202308,3430,949,2481
2023-08-17T10:00:00+00:00,202308,3430,829,2601
2023-08-17T10:30:00+00:00,202308,3430,731,2699
2023-08-17T11:00:00+00:00,202308,3430,528,2902
2023-08-17T11:30:00+00:00,202308,3430,446,2984
2023-08-17T12:00:00+00:00,202308,3430,413,3017
2023-08-17T12:30:00+00:00,202308,3430,283,3147
2023-08-17T13:00:00+00:00,202308,3430,134,3296
2023-08-17T13:30:00+00:00,202308,3430,79,3351
2023-08-17T14:00:00+00:00,202308,3430,36,3394
2023-08-17T14:30:00+00:00,202308,3430,25,3405
2023-08-17T15:00:00+00:00,202308,3430,23,3407
2023-08-17T15:30:00+00:00,202308,3430,58,3372
2023-08-17T16:00:00+00:00,202308,3430,79,3351
2023-08-17T16:30:00+00:00,202308,3430,125,3305
2023-08-17T17:00:00+00:00,202308,3430,117,3313
2023-08-17T17:30:00+00:00,202308,3430,170,3260
2023-08-17T18:00:00+00:00,202308,3430,133,3297
2023-08-17T18:30:00+00:00,202308,3430,138,3292
2023-08-17T19:00:00+00:00,202308,3430,179,3251
2023-08-17T19:30:00+00:00,202308,3430,320,3110
2023-08-17T20:00:00+00:00,202308,3430,383,3047
2023-08-17T20:30:00+00:00,202308,3430,485,2945
2023-08-17T21:00:00+00:00,202308,3430,536,2894
2023-08-17T21:30:00+00:00,202308,3430,521,2909
2023-08-17T22:00:00+00:00,202308,3430,435,2995
2023-08-17T22:30:00+00:00,202308,3430,417,3013
2023-08-17T23:00:00+00:00,202308,3430,411,3019
2023-08-17T23:30:00+00:00,202308,3430,349,3081
2023-08-18T00:00:00+00:00,202308,3430,268,3162
2023-08-18T00:30:00+00:00,202308,3430,255,3175
2023-08-18T01:00:00+00:00,202308,3430,200,3230
2023-08-18T01:30:00+00:00,202308,3430,214,3216
2023-08-18T02:00:00+00:00,202308,3430,70,3360
2023-08-18T02:30:00+00:00,202308,3430,78,3352
2023-08-18T03:00:00+00:00,202308,3430,87,3343
2023-08-18T03:30:00+00:00,202308,3430,150,3280
2023-08-18T04:00:00+00:00,202308,3430,423,3007
2023-08-18T04:30:00+00:00,202308,3430,556,2874
2023-08-18T05:00:00+00:00,202308,3430,524,2906
2023-08-18T05:30:00+00:00,202308,3430,466,2964
2023-08-18T06:00:00+00:00,202308,3430,546,2884
2023-08-18T06:30:00+00:00,202308,3430,773,2657
2023-08-18T07:00:00+00:00,202308,3430,1149,2281
2023-08-18T07:30:00+00:00,202308,3430,1406,2024
2023-08-18T08:00:00+00:00,202308,3430,1783,1647
2023-08-18T08:30:00+00:00,202308,3430,1934,1496
2023-08-18T09:00:00+00:00,202308,3430,2069,1361
2023-08-18T09:30:00+00:00,202308,3430,1811,1619
2023-08-18T10:00:00+00:00,202308,3430,1801,1629
2023-08-18T10:30:00+00:00,202308,3430,1717,1713
2023-08-18T11:00:00+00:00,202308,3430,1686,1744
2023-08-18T11:30:00+00:00,202308,3430,1551,1879
2023-08-18T12:00:00+00:00,202308,3430,1438,1992
2023-08-18T12:30:00+00:00,202308,3430,1453,1977
2023-08-18T13:00:00+00:00,202308,3430,976,2454
2023-08-18T13:30:00+00:00,202308,3430,964,2466
2023-08-18T14:00:00+00:00,202308,3430,983,2447
2023-08-18T14:30:00+00:00,202308,3430,1046,2384
2023-08-18T15:00:00+00:00,202308,3430,1361,2069
2023-08-18T15:30:00+00:00,202308,3430,1480,1950
2023-08-18T16:00:00+00:00,202308,3430,1661,1769
2023-08-18T16:30:00+00:00,202308,3430,1575,1855
2023-08-18T17:00:00+00:00,202308,3430,1437,1993
2023-08-18T17:30:00+00:00,202308,3430,1155,2275
2023-08-18T18:00:00+00:00,202308,3430,1144,2286
2023-08-18T18:30:00+00:00,202308,3430,1149,2281
2023-08-18T19:00:00+00:00,202308,3430,1146,2284
2023-08-18T19:30:00+00:00,202308,3430,1089,2341
2023-08-18T20:00:00+00:00,202308,3430,1124,2306
2023-08-18T20:30:00+00:00,202308,3430,1133,2297
2023-08-18T21:00:00+00:00,202308,3430,1064,2366
2023-08-18T21:30:00+00:00,202308,3430,1019,2411
2023-08-18T22:00:00+00:00,202308,3430,1071,2359
2023-08-18T22:30:00+00:00,202308,3430,1023,2407
2023-08-18T23:00:00+00:00,202308,3430,911,2519
2023-08-18T23:30:00+00:00,202308,3430,780,2650
2023-08-19T00:00:00+00:00,202308,3430,685,2745
2023-08-19T00:30:00+00:00,202308,3430,594,2836
2023-08-19T01:00:00+00:00,202308,3430,523,2907
2023-08-19T01:30:00+00:00,202308,3430,426,3004
2023-08-19T02:00:00+00:00,202308,3430,388,3042
2023-08-19T02:30:00+00:00,202308,3430,383,3047
2023-08-19T03:00:00+00:00,202308,3430,394,3036
2023-08-19T03:30:00+00:00,202308,3430,387,3043
2023-08-19T04:00:00+00:00,202308,3430,370,3060
2023-08-19T04:30:00+00:00,202308,3430,429,3001
2023-08-19T05:00:00+00:00,202308,3430,440,2990
2023-08-19T05:30:00+00:00,202308,3430,416,3014
2023-08-19T06:00:00+00:00,202308,3430,468,2962
2023-08-19T06:30:00+00:00,202308,3430,695,2735
2023-08-19T07:00:00+00:00,202308,3430,873,2557
2023-08-19T07:30:00+00:00,202308,3430,1075,2355
2023-08-19T08:00:00+00:00,202308,3430,1182,2248
2023-08-19T08:30:00+00:00,202308,3430,1073,2357
2023-08-19T09:00:00+00:00,202308,3430,1094,2336
2023-08-19T09:30:00+00:00,202308,3430,1103,2327
2023-08-19T10:00:00+00:00,202308,3430,1091,2339
2023-08-19T10:30:00+00:00,202308,3430,1018,2412
2023-08-19T11:00:00+00:00,202308,3430,981,2449
2023-08-19T11:30:00+00:00,202308,3430,889,2541
2023-08-19T12:00:00+00:00,202308,3430,706,2724
2023-08-19T12:30:00+00:00,202308,3430,654,2776
2023-08-19T13:00:00+00:00,202308,3430,363,3067
2023-08-19T13:30:00+00:00,202308,3430,304,3126
2023-08-19T14:00:00+00:00,202308,3430,266,3164
2023-08-19T14:30:00+00:00,202308,3430,279,3151
2023-08-19T15:00:00+00:00,202308,3430,280,3150
2023-08-19T15:30:00+00:00,202308,3430,350,3080
2023-08-19T16:00:00+00:00,202308,3430,396,3034
2023-08-19T16:30:00+00:00,202308,3430,468,2962
2023-08-19T17:00:00+00:00,202308,3430,391,3039
2023-08-19T17:30:00+00:00,202308,3430,390,3040
2023-08-19T18:00:00+00:00,202308,3430,442,2988
2023-08-19T18:30:00+00:00,202308,3430,287,3143
2023-08-19T19:00:00+00:00,202308,3430,294,3136
2023-08-19T19:30:00+00:00,202308,3430,264,3166
2023-08-19T20:00:00+00:00,202308,3430,260,3170
2023-08-19T20:30:00+00:00,202308,3430,346,3084
2023-08-19T21:00:00+00:00,202308,3430,425,3005
2023-08-19T21:30:00+00:00,202308,3430,359,3071
2023-08-19T22:00:00+00:00,202308,3430,355,3075
2023-08-19T22:30:00+00:00,202308,3430,289,3141
2023-08-19T23:00:00+00:00,202308,3430,265,3165
2023-08-19T23:30:00+00:00,202308,3430,179,3251
2023-08-20T00:00:00+00:00,202308,3430,128,3302
2023-08-20T00:30:00+00:00,202308,3430,106,3324
2023-08-20T01:00:00+00:00,202308,3430,142,3288
2023-08-20T01:30:00+00:00,202308,3430,74,3356
2023-08-20T02:00:00+00:00,202308,3430,64,3366
2023-08-20T02:30:00+00:00,202308,3430,45,3385
2023-08-20T03:00:00+00:00,202308,3430,55,3375
2023-08-20T03:30:00+00:00,202308,3430,155,3275
2023-08-20T04:00:00+00:00,202308,3430,467,2963
2023-08-20T04:30:00+00:00,202308,3430,586,2844
2023-08-20T05:00:00+00:00,202308,3430,714,2716
2023-08-20T05:30:00+00:00,202308,3430,609,2821
2023-08-20T06:00:00+00:00,202308,3430,536,2894
2023-08-20T06:30:00+00:00,202308,3430,437,2993
2023-08-20T07:00:00+00:00,202308,3430,460,2970
2023-08-20T07:30:00+00:00,202308,3430,840,2590
2023-08-20T08:00:00+00:00,202308,3430,953,2477
2023-08-20T08:30:00+00:00,202308,3430,1107,2323
2023-08-20T09:00:00+00:00,202308,3430,1075,2355
2023-08-20T09:30:00+00:00,202308,3430,1143,2287
2023-08-20T10:00:00+00:00,202308,3430,1134,2296
2023-08-20T10:30:00+00:00,202308,3430,1129,2301
2023-08-20T11:00:00+00:00,202308,3430,998,2432
2023-08-20T11:30:00+00:00,202308,3430,921,2509
2023-08-20T12:00:00+00:00,202308,3430,977,2453
2023-08-20T12:30:00+00:00,202308,3430,831,2599
2023-08-20T13:00:00+00:00,202308,3430,451,2979
2023-08-20T13:30:00+00:00,202308,3430,411,3019
2023-08-20T14:00:00+00:00,202308,3430,398,3032
2023-08-20T14:30:00+00:00,202308,3430,436,2994
2023-08-20T15:00:00+00:00,202308,3430,755,2675
2023-08-20T15:30:00+00:00,202308,3430,914,2516
2023-08-20T16:00:00+00:00,202308,3430,996,2434
2023-08-20T16:30:00+00:00,202308,3430,1078,2352
2023-08-20T17:00:00+00:00,202308,3430,1068,2362
2023-08-20T17:30:00+00:00,202308,3430,1001,2429
2023-08-20T18:00:00+00:00,202308,3430,808,2622
2023-08-20T18:30:00+00:00,202308,3430,762,2668
2023-08-20T19:00:00+00:00,202308,3430,737,2693
2023-08-20T19:30:00+00:00,202308,3430,749,2681
2023-08-20T20:00:00+00:00,202308,3430,880,2550
2023-08-20T20:30:00+00:00,202308,3430,934,2496
2023-08-20T21:00:00+00:00,202308,3430,1082,2348
2023-08-20T21:30:00+00:00,202308,3430,1040,2390
2023-08-20T22:00:00+00:00,202308,3430,1120,2310
2023-08-20T22:30:00+00:00,202308,3430,1064,2366
2023-08-20T23:00:00+00:00,202308,3430,1106,2324
2023-08-20T23:30:00+00:00,202308,3430,1049,2381
2023-08-21T00:00:00+00:00,202308,3430,984,2446
2023-08-21T00:30:00+00:00,202308,3430,937,2493
2023-08-21T01:00:00+00:00,202308,3430,791,2639
2023-08-21T01:30:00+00:00,202308,3430,600,2830
2023-08-21T02:00:00+00:00,202308,3430,481,2949
2023-08-21T02:30:00+00:00,202308,3430,428,3002
2023-08-21T03:00:00+00:00,202308,3430,380,3050
2023-08-21T03:30:00+00:00,202308,3430,599,2831
2023-08-21T04:00:00+00:00,202308,3430,703,2727
2023-08-21T04:30:00+00:00,202308,3430,884,2546
2023-08-21T05:00:00+00:00,202308,3430,891,2539
2023-08-21T05:30:00+00:00,202308,3430,577,2853
2023-08-21T06:00:00+00:00,202308,3430,661,2769
2023-08-21T06:30:00+00:00,202308,3430,882,2548
2023-08-21T07:00:00+00:00,202308,3430,1404,2026
2023-08-21T07:30:00+00:00,202308,3430,1843,1587
2023-08-21T08:00:00+00:00,202308,3430,2190,1240
2023-08-21T08:30:00+00:00,202308,3430,2448,982
2023-08-21T09:00:00+00:00,202308,3430,2630,800
2023-08-21T09:30:00+00:00,202308,3430,2610,820
2023-08-21T10:00:00+00:00,202308,3430,2394,1036
2023-08-21T10:30:00+00:00,202308,3430,2140,1290
2023-08-21T11:00:00+00:00,202308,3430,1986,1444
2023-08-21T11:30:00+00:00,202308,3430,1616,1814
2023-08-21T12:00:00+00:00,202308,3430,1470,1960
2023-08-21T12:30:00+00:00,202308,3430,1002,2428
2023-08-21T13:00:00+00:00,202308,3430,886,2544
2023-08-21T13:30:00+00:00,202308,3430,875,2555
2023-08-21T14:00:00+00:00,202308,3430,927,2503
2023-08-21T14:30:00+00:00,202308,3430,975,2455
2023-08-21T15:00:00+00:00,202308,3430,1074,2356
2023-08-21T15:30:00+00:00,202308,3430,1185,2245
2023-08-21T16:00:00+00:00,202308,3430,1208,2222
2023-08-21T16:30:00+00:00,202308,3430,1314,2116
2023-08-21T17:00:00+00:00,202308,3430,1294,2136
2023-08-21T17:30:00+00:00,202308,3430,1224,2206
2023-08-21T18:00:00+00:00,202308,3430,1141,2289
2023-08-21T18:30:00+00:00,202308,3430,1067,2363
2023-08-21T19:00:00+00:00,202308,3430,1042,2388
2023-08-21T19:30:00+00:00,202308,3430,1055,2375
2023-08-21T20:00:00+00:00,202308,3430,891,2539
2023-08-21T20:30:00+00:00,202308,3430,911,2519
2023-08-21T21:00:00+00:00,202308,3430,1086,2344
2023-08-21T21:30:00+00:00,202308,3430,1108,2322
2023-08-21T22:00:00+00:00,202308,3430,1041,2389
2023-08-21T22:30:00+00:00,202308,3430,792,2638
2023-08-21T23:00:00+00:00,202308,3430,924,2506
2023-08-21T23:30:00+00:00,202308,3430,865,2565
2023-08-22T00:00:00+00:00,202308,3430,749,2681
2023-08-22T00:30:00+00:00,202308,3430,574,2856
2023-08-22T01:00:00+00:00,202308,3430,626,2804
2023-08-22T01:30:00+00:00,202308,3430,568,2862
2023-08-22T02:00:00+00:00,202308,3430,573,2857
2023-08-22T02:30:00+00:00,202308,3430,570,2860
2023-08-22T03:00:00+00:00,202308,3430,571,2859
2023-08-22T03:30:00+00:00,202308,3430,606,2824
2023-08-22T04:00:00+00:00,202308,3430,627,2803
2023-08-22T04:30:00+00:00,202308,3430,765,2665
2023-08-22T05:00:00+00:00,202308,3430,906,2524
2023-08-22T05:30:00+00:00,202308,3430,953,2477
2023-08-22T06:00:00+00:00,202308,3430,923,2507
2023-08-22T06:30:00+00:00,202308,3430,1016,2414
2023-08-22T07:00:00+00:00,202308,3430,1178,2252
2023-08-22T07:30:00+00:00,202308,3430,1447,1983
2023-08-22T08:00:00+00:00,202308,3430,1809,1621
2023-08-22T08:30:00+00:00,202308,3430,2008,1422
2023-08-22T09:00:00+00:00,202308,3430,2147,1283
2023-08-22T09:30:00+00:00,202308,3430,2084,1346
2023-08-22T10:00:00+00:00,202308,3430,2036,1394
2023-08-22T10:30:00+00:00,202308,3430,1880,1550
2023-08-22T11:00:00+00:00,202308,3430,1821,1609
2023-08-22T11:30:00+00:00,202308,3430,1929,1501
2023-08-22T12:00:00+00:00,202308,3430,1847,1583
2023-08-22T12:30:00+00:00,202308,3430,1656,1774
2023-08-22T13:00:00+00:00,202308,3430,1509,1921
2023-08-22T13:30:00+00:00,202308,3430,1531,1899
2023-08-22T14:00:00+00:00,202308,3430,1314,2116
2023-08-22T14:30:00+00:00,202308,3430,1271,2159
2023-08-22T15:00:00+00:00,202308,3430,1232,2198
2023-08-22T15:30:00+00:00,202308,3430,1303,2127
2023-08-22T16:00:00+00:00,202308,3430,1398,2032
2023-08-22T16:30:00+00:00,202308,3430,1343,2087
2023-08-22T17:00:00+00:00,202308,3430,1195,2235
2023-08-22T17:30:00+00:00,202308,3430,1073,2357
2023-08-22T18:00:00+00:00,202308,3430,983,2447
2023-08-22T18:30:00+00:00,202308,3430,919,2511
2023-08-22T19:00:00+00:00,202308,3430,939,2491
2023-08-22T20:00:00+00:00,202308,3430,1125,2305
2023-08-22T20:30:00+00:00,202308,3430,1212,2218
2023-08-22T21:00:00+00:00,202308,3430,1255,2175
2023-08-22T21:30:00+00:00,202308,3430,1257,2173
2023-08-22T22:00:00+00:00,202308,3430,1233,2197
2023-08-22T22:30:00+00:00,202308,3430,1236,2194
2023-08-22T23:00:00+00:00,202308,3430,1212,2218
2023-08-22T23:30:00+00:00,202308,3430,1158,2272
2023-08-23T00:00:00+00:00,202308,3430,911,2519
2023-08-23T00:30:00+00:00,202308,3430,718,2712
2023-08-23T01:00:00+00:00,202308,3430,605,2825
2023-08-23T01:30:00+00:00,202308,3430,501,2929
2023-08-23T02:00:00+00:00,202308,3430,459,2971
2023-08-23T02:30:00+00:00,202308,3430,455,2975
2023-08-23T03:00:00+00:00,202308,3430,471,2959
2023-08-23T03:30:00+00:00,202308,3430,654,2776
2023-08-23T04:00:00+00:00,202308,3430,872,2558
2023-08-23T04:30:00+00:00,202308,3430,1020,2410
2023-08-23T05:00:00+00:00,202308,3430,942,2488
2023-08-23T05:30:00+00:00,202308,3430,925,2505
2023-08-23T06:00:00+00:00,202308,3430,1000,2430
2023-08-23T06:30:00+00:00,202308,3430,1319,2111
2023-08-23T07:00:00+00:00,202308,3430,1615,1815
2023-08-23T07:30:00+00:00,202308,3430,1967,1463
2023-08-23T08:00:00+00:00,202308,3430,2056,1374
2023-08-23T08:30:00+00:00,202308,3430,2184,1246
2023-08-23T09:00:00+00:00,202308,3430,2194,1236
2023-08-23T09:30:00+00:00,202308,3430,2180,1250
2023-08-23T10:00:00+00:00,202308,3430,2004,1426
2023-08-23T10:30:00+00:00,202308,3430,1920,1510
2023-08-23T11:00:00+00:00,202308,3430,1781,1649
2023-08-23T11:30:00+00:00,202308,3430,1786,1644
2023-08-23T12:00:00+00:00,202308,3430,1622,1808
2023-08-23T12:30:00+00:00,202308,3430,1398,2032
2023-08-23T13:00:00+00:00,202308,3430,1145,2285
2023-08-23T13:30:00+00:00,202308,3430,843,2587
2023-08-23T14:00:00+00:00,202308,3430,809,2621
2023-08-23T14:30:00+00:00,202308,3430,829,2601
2023-08-23T15:00:00+00:00,202308,3430,969,2461
2023-08-23T15:30:00+00:00,202308,3430,1032,2398
2023-08-23T16:00:00+00:00,202308,3430,1193,2237
2023-08-23T16:30:00+00:00,202308,3430,1088,2342
2023-08-23T17:00:00+00:00,202308,3430,1170,2260
2023-08-23T17:30:00+00:00,202308,3430,1193,2237
2023-08-23T18:00:00+00:00,202308,3430,1210,2220
2023-08-23T18:30:00+00:00,202308,3430,1307,2123
2023-08-23T19:00:00+00:00,202308,3430,1379,2051
2023-08-23T19:30:00+00:00,202308,3430,1416,2014
2023-08-23T20:00:00+00:00,202308,3430,1522,1908
2023-08-23T20:30:00+00:00,202308,3430,1599,1831
2023-08-23T21:00:00+00:00,202308,3430,1642,1788
2023-08-23T21:30:00+00:00,202308,3430,1658,1772
2023-08-23T22:00:00+00:00,202308,3430,1573,1857
2023-08-23T22:30:00+00:00,202308,3430,1637,1793
2023-08-23T23:00:00+00:00,202308,3430,1632,1798
2023-08-23T23:30:00+00:00,202308,3430,1600,1830
2023-08-24T00:00:00+00:00,202308,3430,1419,2011
2023-08-24T00:30:00+00:00,202308,3430,1348,2082
2023-08-24T01:00:00+00:00,202308,3430,1223,2207
2023-08-24T01:30:00+00:00,202308,3430,1153,2277
2023-08-24T02:00:00+00:00,202308,3430,972,2458
2023-08-24T02:30:00+00:00,202308,3430,930,2500
2023-08-24T03:00:00+00:00,202308,3430,936,2494
2023-08-24T03:30:00+00:00,202308,3430,1050,2380
2023-08-24T04:00:00+00:00,202308,3430,1080,2350
2023-08-24T04:30:00+00:00,202308,3430,1238,2192
2023-08-24T05:00:00+00:00,202308,3430,1219,2211
2023-08-24T05:30:00+00:00,202308,3430,1322,2108
2023-08-24T06:00:00+00:00,202308,3430,1206,2224
2023-08-24T06:30:00+00:00,202308,3430,1154,2276
2023-08-24T07:00:00+00:00,202308,3430,1268,2162
2023-08-24T07:30:00+00:00,202308,3430,1582,1848
2023-08-24T08:00:00+00:00,202308,3430,1690,1740
2023-08-24T08:30:00+00:00,202308,3430,1908,1522
2023-08-24T09:00:00+00:00,202308,3430,1979,1451
2023-08-24T09:30:00+00:00,202308,3430,1871,1559
2023-08-24T10:00:00+00:00,202308,3430,1929,1501
2023-08-24T10:30:00+00:00,202308,3430,1794,1636
2023-08-24T11:00:00+00:00,202308,3430,1873,1557
2023-08-24T11:30:00+00:00,202308,3430,1720,1710
2023-08-24T12:00:00+00:00,202308,3430,1516,1914
2023-08-24T12:30:00+00:00,202308,3430,1289,2141
2023-08-24T13:00:00+00:00,202308,3430,1056,2374
2023-08-24T13:30:00+00:00,202308,3430,856,2574
2023-08-24T14:00:00+00:00,202308,3430,724,2706
2023-08-24T14:30:00+00:00,202308,3430,753,2677
2023-08-24T15:00:00+00:00,202308,3430,800,2630
2023-08-24T15:30:00+00:00,202308,3430,979,2451
2023-08-24T16:00:00+00:00,202308,3430,985,2445
2023-08-24T16:30:00+00:00,202308,3430,1026,2404
2023-08-24T17:00:00+00:00,202308,3430,949,2481
2023-08-24T17:30:00+00:00,202308,3430,990,2440
2023-08-24T18:00:00+00:00,202308,3430,980,2450
2023-08-24T18:30:00+00:00,202308,3430,931,2499
2023-08-24T19:00:00+00:00,202308,3430,929,2501
2023-08-24T19:30:00+00:00,202308,3430,984,2446
2023-08-24T20:00:00+00:00,202308,3430,922,2508
2023-08-24T20:30:00+00:00,202308,3430,1005,2425
2023-08-24T21:00:00+00:00,202308,3430,957,2473
2023-08-24T21:30:00+00:00,202308,3430,905,2525
2023-08-24T22:00:00+00:00,202308,3430,702,2728
2023-08-24T22:30:00+00:00,202308,3430,791,2639
2023-08-24T23:00:00+00:00,202308,3430,780,2650
2023-08-24T23:30:00+00:00,202308,3430,750,2680
2023-08-25T00:00:00+00:00,202308,3430,513,2917
2023-08-25T00:30:00+00:00,202308,3430,378,3052
2023-08-25T01:00:00+00:00,202308,3430,313,3117
2023-08-25T01:30:00+00:00,202308,3430,273,3157
2023-08-25T02:00:00+00:00,202308,3430,198,3232
2023-08-25T02:30:00+00:00,202308,3430,161,3269
2023-08-25T03:00:00+00:00,202308,3430,146,3284
2023-08-25T03:30:00+00:00,202308,3430,144,3286
2023-08-25T04:00:00+00:00,202308,3430,317,3113
2023-08-25T04:30:00+00:00,202308,3430,390,3040
2023-08-25T05:00:00+00:00,202308,3430,579,2851
2023-08-25T05:30:00+00:00,202308,3430,647,2783
2023-08-25T06:00:00+00:00,202308,3430,652,2778
2023-08-25T06:30:00+00:00,202308,3430,775,2655
2023-08-25T07:00:00+00:00,202308,3430,1087,2343
2023-08-25T07:30:00+00:00,202308,3430,1230,2200
2023-08-25T08:00:00+00:00,202308,3430,1517,1913
2023-08-25T08:30:00+00:00,202308,3430,1480,1950
2023-08-25T09:00:00+00:00,202308,3430,1482,1948
2023-08-25T09:30:00+00:00,202308,3430,1210,2220
2023-08-25T10:00:00+00:00,202308,3430,1083,2347
2023-08-25T10:30:00+00:00,202308,3430,941,2489
2023-08-25T11:00:00+00:00,202308,3430,1133,2297
2023-08-25T11:30:00+00:00,202308,3430,982,2448
2023-08-25T12:00:00+00:00,202308,3430,942,2488
2023-08-25T12:30:00+00:00,202308,3430,918,2512
2023-08-25T13:00:00+00:00,202308,3430,713,2717
2023-08-25T13:30:00+00:00,202308,3430,206,3224
2023-08-25T14:00:00+00:00,202308,3430,165,3265
2023-08-25T14:30:00+00:00,202308,3430,175,3255
2023-08-25T15:00:00+00:00,202308,3430,522,2908
2023-08-25T15:30:00+00:00,202308,3430,622,2808
2023-08-25T16:00:00+00:00,202308,3430,596,2834
2023-08-25T16:30:00+00:00,202308,3430,565,2865
2023-08-25T17:00:00+00:00,202308,3430,607,2823
2023-08-25T17:30:00+00:00,202308,3430,524,2906
2023-08-25T18:00:00+00:00,202308,3430,324,3106
2023-08-25T18:30:00+00:00,202308,3430,301,3129
2023-08-25T19:00:00+00:00,202308,3430,313,3117
2023-08-25T19:30:00+00:00,202308,3430,378,3052
2023-08-25T20:00:00+00:00,202308,3430,466,2964
2023-08-25T20:30:00+00:00,202308,3430,530,2900
2023-08-25T21:00:00+00:00,202308,3430,532,2898
2023-08-25T21:30:00+00:00,202308,3430,464,2966
2023-08-25T22:00:00+00:00,202308,3430,490,2940
2023-08-25T22:30:00+00:00,202308,3430,460,2970
2023-08-25T23:00:00+00:00,202308,3430,424,3006
2023-08-25T23:30:00+00:00,202308,3430,386,3044
2023-08-26T00:00:00+00:00,202308,3430,319,3111
2023-08-26T00:30:00+00:00,202308,3430,273,3157
2023-08-26T01:00:00+00:00,202308,3430,184,3246
2023-08-26T01:30:00+00:00,202308,3430,134,3296
2023-08-26T02:00:00+00:00,202308,3430,51,3379
2023-08-26T02:30:00+00:00,202308,3430,16,3414
2023-08-26T03:00:00+00:00,202308,3430,21,3409
2023-08-26T03:30:00+00:00,202308,3430,86,3344
2023-08-26T04:00:00+00:00,202308,3430,103,3327
2023-08-26T04:30:00+00:00,202308,3430,155,3275
2023-08-26T05:00:00+00:00,202308,3430,178,3252
2023-08-26T05:30:00+00:00,202308,3430,179,3251
2023-08-26T06:00:00+00:00,202308,3430,201,3229
2023-08-26T06:30:00+00:00,202308,3430,240,3190
2023-08-26T07:00:00+00:00,202308,3430,365,3065
2023-08-26T07:30:00+00:00,202308,3430,404,3026
2023-08-26T08:00:00+00:00,202308,3430,446,2984
2023-08-26T08:30:00+00:00,202308,3430,478,2952
2023-08-26T09:00:00+00:00,202308,3430,449,2981
2023-08-26T09:30:00+00:00,202308,3430,453,2977
2023-08-26T10:00:00+00:00,202308,3430,358,3072
2023-08-26T10:30:00+00:00,202308,3430,249,3181
2023-08-26T11:00:00+00:00,202308,3430,235,3195
2023-08-26T11:30:00+00:00,202308,3430,158,3272
2023-08-26T12:00:00+00:00,202308,3430,107,3323
2023-08-26T12:30:00+00:00,202308,3430,81,3349
2023-08-26T13:00:00+00:00,202308,3430,51,3379
2023-08-26T13:30:00+00:00,202308,3430,52,3378
2023-08-26T14:00:00+00:00,202308,3430,51,3379
2023-08-26T14:30:00+00:00,202308,3430,52,3378
2023-08-26T15:00:00+00:00,202308,3430,91,3339
2023-08-26T15:30:00+00:00,202308,3430,96,3334
2023-08-26T16:00:00+00:00,202308,3430,147,3283
2023-08-26T16:30:00+00:00,202308,3430,190,3240
2023-08-26T17:00:00+00:00,202308,3430,178,3252
2023-08-26T17:30:00+00:00,202308,3430,155,3275
2023-08-26T18:00:00+00:00,202308,3430,133,3297
2023-08-26T18:30:00+00:00,202308,3430,143,3287
2023-08-26T19:00:00+00:00,202308,3430,145,3285
2023-08-26T19:30:00+00:00,202308,3430,197,3233
2023-08-26T20:00:00+00:00,202308,3430,312,3118
2023-08-26T20:30:00+00:00,202308,3430,341,3089
2023-08-26T21:00:00+00:00,202308,3430,428,3002
2023-08-26T21:30:00+00:00,202308,3430,488,2942
2023-08-26T22:00:00+00:00,202308,3430,620,2810
2023-08-26T22:30:00+00:00,202308,3430,676,2754
2023-08-26T23:00:00+00:00,202308,3430,741,2689
2023-08-26T23:30:00+00:00,202308,3430,639,2791
2023-08-27T00:00:00+00:00,202308,3430,617,2813
2023-08-27T00:30:00+00:00,202308,3430,545,2885
2023-08-27T01:00:00+00:00,202308,3430,654,2776
2023-08-27T01:30:00+00:00,202308,3430,379,3051
2023-08-27T02:00:00+00:00,202308,3430,306,3124
2023-08-27T02:30:00+00:00,202308,3430,259,3171
2023-08-27T03:00:00+00:00,202308,3430,270,3160
2023-08-27T03:30:00+00:00,202308,3430,362,3068
2023-08-27T04:00:00+00:00,202308,3430,755,2675
2023-08-27T04:30:00+00:00,202308,3430,569,2861
2023-08-27T05:00:00+00:00,202308,3430,582,2848
2023-08-27T05:30:00+00:00,202308,3430,556,2874
2023-08-27T06:00:00+00:00,202308,3430,546,2884
2023-08-27T06:30:00+00:00,202308,3430,593,2837
2023-08-27T07:00:00+00:00,202308,3430,709,2721
2023-08-27T07:30:00+00:00,202308,3430,1133,2297
2023-08-27T08:00:00+00:00,202308,3430,1217,2213
2023-08-27T08:30:00+00:00,202308,3430,1298,2132
2023-08-27T09:00:00+00:00,202308,3430,1187,2243
2023-08-27T09:30:00+00:00,202308,3430,1220,2210
2023-08-27T10:00:00+00:00,202308,3430,1175,2255
2023-08-27T10:30:00+00:00,202308,3430,974,2456
2023-08-27T11:00:00+00:00,202308,3430,805,2625
2023-08-27T11:30:00+00:00,202308,3430,705,2725
2023-08-27T12:00:00+00:00,202308,3430,599,2831
2023-08-27T12:30:00+00:00,202308,3430,527,2903
2023-08-27T13:00:00+00:00,202308,3430,350,3080
2023-08-27T13:30:00+00:00,202308,3430,282,3148
2023-08-27T14:00:00+00:00,202308,3430,247,3183
2023-08-27T14:30:00+00:00,202308,3430,267,3163
2023-08-27T15:00:00+00:00,202308,3430,306,3124
2023-08-27T15:30:00+00:00,202308,3430,387,3043
2023-08-27T16:00:00+00:00,202308,3430,425,3005
2023-08-27T16:30:00+00:00,202308,3430,417,3013
2023-08-27T17:00:00+00:00,202308,3430,349,3081
2023-08-27T17:30:00+00:00,202308,3430,396,3034
2023-08-27T18:00:00+00:00,202308,3430,347,3083
2023-08-27T18:30:00+00:00,202308,3430,421,3009
2023-08-27T19:00:00+00:00,202308,3430,458,2972
2023-08-27T19:30:00+00:00,202308,3430,509,2921
2023-08-27T20:00:00+00:00,202308,3430,435,2995
2023-08-27T20:30:00+00:00,202308,3430,458,2972
2023-08-27T21:00:00+00:00,202308,3430,511,2919
2023-08-27T21:30:00+00:00,202308,3430,542,2888
2023-08-27T22:00:00+00:00,202308,3430,593,2837
2023-08-27T22:30:00+00:00,202308,3430,603,2827
2023-08-27T23:00:00+00:00,202308,3430,682,2748
2023-08-27T23:30:00+00:00,202308,3430,652,2778
2023-08-28T00:00:00+00:00,202308,3430,615,2815
2023-08-28T00:30:00+00:00,202308,3430,459,2971
2023-08-28T01:00:00+00:00,202308,3430,429,3001
2023-08-28T01:30:00+00:00,202308,3430,325,3105
2023-08-28T02:00:00+00:00,202308,3430,259,3171
2023-08-28T02:30:00+00:00,202308,3430,225,3205
2023-08-28T03:00:00+00:00,202308,3430,273,3157
2023-08-28T03:30:00+00:00,202308,3430,313,3117
2023-08-28T04:00:00+00:00,202308,3430,378,3052
2023-08-28T04:30:00+00:00,202308,3430,472,2958
2023-08-28T05:00:00+00:00,202308,3430,516,2914
2023-08-28T05:30:00+00:00,202308,3430,510,2920
2023-08-28T06:00:00+00:00,202308,3430,487,2943
2023-08-28T06:30:00+00:00,202308,3430,546,2884
2023-08-28T07:00:00+00:00,202308,3430,670,2760
2023-08-28T07:30:00+00:00,202308,3430,781,2649
2023-08-28T08:00:00+00:00,202308,3430,973,2457
2023-08-28T08:30:00+00:00,202308,3430,1277,2153
2023-08-28T09:00:00+00:00,202308,3430,1347,2083
2023-08-28T09:30:00+00:00,202308,3430,1250,2180
2023-08-28T10:00:00+00:00,202308,3430,983,2447
2023-08-28T10:30:00+00:00,202308,3430,980,2450
2023-08-28T11:00:00+00:00,202308,3430,828,2602
2023-08-28T11:30:00+00:00,202308,3430,720,2710
2023-08-28T12:00:00+00:00,202308,3430,563,2867
2023-08-28T12:30:00+00:00,202308,3430,430,3000
2023-08-28T13:00:00+00:00,202308,3430,392,3038
2023-08-28T13:30:00+00:00,202308,3430,337,3093
2023-08-28T14:00:00+00:00,202308,3430,330,3100
2023-08-28T14:30:00+00:00,202308,3430,338,3092
2023-08-28T15:00:00+00:00,202308,3430,289,3141
2023-08-28T15:30:00+00:00,202308,3430,296,3134
2023-08-28T16:00:00+00:00,202308,3430,269,3161
2023-08-28T16:30:00+00:00,202308,3430,231,3199
2023-08-28T17:00:00+00:00,202308,3430,231,3199
2023-08-28T17:30:00+00:00,202308,3430,211,3219
2023-08-28T18:00:00+00:00,202308,3430,196,3234
2023-08-28T18:30:00+00:00,202308,3430,239,3191
2023-08-28T19:00:00+00:00,202308,3430,309,3121
2023-08-28T19:30:00+00:00,202308,3430,356,3074
2023-08-28T20:00:00+00:00,202308,3430,318,3112
2023-08-28T20:30:00+00:00,202308,3430,301,3129
2023-08-28T21:00:00+00:00,202308,3430,352,3078
2023-08-28T21:30:00+00:00,202308,3430,374,3056
2023-08-28T22:00:00+00:00,202308,3430,382,3048
2023-08-28T22:30:00+00:00,202308,3430,320,3110
2023-08-28T23:00:00+00:00,202308,3430,432,2998
2023-08-28T23:30:00+00:00,202308,3430,395,3035
2023-08-29T00:00:00+00:00,202308,3430,354,3076
2023-08-29T00:30:00+00:00,202308,3430,253,3177
2023-08-29T01:00:00+00:00,202308,3430,158,3272
2023-08-29T01:30:00+00:00,202308,3430,176,3254
2023-08-29T02:00:00+00:00,202308,3430,112,3318
2023-08-29T02:30:00+00:00,202308,3430,66,3364
2023-08-29T03:00:00+00:00,202308,3430,86,3344
2023-08-29T03:30:00+00:00,202308,3430,170,3260
2023-08-29T04:00:00+00:00,202308,3430,219,3211
2023-08-29T04:30:00+00:00,202308,3430,336,3094
2023-08-29T05:00:00+00:00,202308,3430,460,2970
2023-08-29T05:30:00+00:00,202308,3430,444,2986
2023-08-29T06:00:00+00:00,202308,3430,384,3046
2023-08-29T06:30:00+00:00,202308,3430,481,2949
2023-08-29T07:00:00+00:00,202308,3430,567,2863
2023-08-29T07:30:00+00:00,202308,3430,646,2784
2023-08-29T08:00:00+00:00,202308,3430,953,2477
2023-08-29T08:30:00+00:00,202308,3430,1532,1898
2023-08-29T09:00:00+00:00,202308,3430,1608,1822
2023-08-29T09:30:00+00:00,202308,3430,1626,1804
2023-08-29T10:00:00+00:00,202308,3430,1053,2377
2023-08-29T10:30:00+00:00,202308,3430,963,2467
2023-08-29T11:00:00+00:00,202308,3430,861,2569
2023-08-29T11:30:00+00:00,202308,3430,621,2809
2023-08-29T12:00:00+00:00,202308,3430,460,2970
2023-08-29T12:30:00+00:00,202308,3430,445,2985
2023-08-29T13:00:00+00:00,202308,3430,421,3009
2023-08-29T13:30:00+00:00,202308,3430,488,2942
2023-08-29T14:00:00+00:00,202308,3430,528,2902
2023-08-29T14:30:00+00:00,202308,3430,548,2882
2023-08-29T15:00:00+00:00,202308,3430,568,2862
2023-08-29T15:30:00+00:00,202308,3430,412,3018
2023-08-29T16:00:00+00:00,202308,3430,408,3022
2023-08-29T16:30:00+00:00,202308,3430,439,2991
2023-08-29T17:00:00+00:00,202308,3430,489,2941
2023-08-29T17:30:00+00:00,202308,3430,563,2867
2023-08-29T18:00:00+00:00,202308,3430,724,2706
2023-08-29T19:00:00+00:00,202308,3430,779,2651
2023-08-29T19:30:00+00:00,202308,3430,823,2607
2023-08-29T20:00:00+00:00,202308,3430,661,2769
2023-08-29T20:30:00+00:00,202308,3430,754,2676
2023-08-29T21:00:00+00:00,202308,3430,1013,2417
2023-08-29T21:30:00+00:00,202308,3430,1032,2398
2023-08-29T22:00:00+00:00,202308,3430,1001,2429
2023-08-29T22:30:00+00:00,202308,3430,760,2670
2023-08-29T23:00:00+00:00,202308,3430,946,2484
2023-08-29T23:30:00+00:00,202308,3430,866,2564
2023-08-30T00:00:00+00:00,202308,3430,735,2695
2023-08-30T00:30:00+00:00,202308,3430,465,2965
2023-08-30T01:00:00+00:00,202308,3430,484,2946
2023-08-30T01:30:00+00:00,202308,3430,408,3022
2023-08-30T02:00:00+00:00,202308,3430,347,3083
2023-08-30T02:30:00+00:00,202308,3430,327,3103
2023-08-30T03:00:00+00:00,202308,3430,307,3123
2023-08-30T03:30:00+00:00,202308,3430,332,3098
2023-08-30T04:00:00+00:00,202308,3430,347,3083
2023-08-30T04:30:00+00:00,202308,3430,344,3086
2023-08-30T05:00:00+00:00,202308,3430,346,3084
2023-08-30T05:30:00+00:00,202308,3430,374,3056
2023-08-30T06:00:00+00:00,202308,3430,498,2932
2023-08-30T06:30:00+00:00,202308,3430,542,2888
2023-08-30T07:00:00+00:00,202308,3430,653,2777
2023-08-30T07:30:00+00:00,202308,3430,737,2693
2023-08-30T08:00:00+00:00,202308,3430,1040,2390
2023-08-30T08:30:00+00:00,202308,3430,1198,2232
2023-08-30T09:00:00+00:00,202308,3430,1146,2284
2023-08-30T09:30:00+00:00,202308,3430,785,2645
2023-08-30T10:00:00+00:00,202308,3430,861,2569
2023-08-30T10:30:00+00:00,202308,3430,702,2728
2023-08-30T11:00:00+00:00,202308,3430,596,2834
2023-08-30T11:30:00+00:00,202308,3430,417,3013
2023-08-30T12:00:00+00:00,202308,3430,329,3101
2023-08-30T12:30:00+00:00,202308,3430,291,3139
2023-08-30T13:00:00+00:00,202308,3430,251,3179
2023-08-30T13:30:00+00:00,202308,3430,271,3159
2023-08-30T14:00:00+00:00,202308,3430,298,3132
2023-08-30T14:30:00+00:00,202308,3430,365,3065
2023-08-30T15:00:00+00:00,202308,3430,308,3122
2023-08-30T15:30:00+00:00,202308,3430,287,3143
2023-08-30T16:00:00+00:00,202308,3430,223,3207
2023-08-30T16:30:00+00:00,202308,3430,201,3229
2023-08-30T17:00:00+00:00,202308,3430,202,3228
2023-08-30T17:30:00+00:00,202308,3430,206,3224
2023-08-30T18:00:00+00:00,202308,3430,255,3175
2023-08-30T18:30:00+00:00,202308,3430,444,2986
2023-08-30T19:00:00+00:00,202308,3430,469,2961
2023-08-30T19:30:00+00:00,202308,3430,487,2943
2023-08-30T20:00:00+00:00,202308,3430,379,3051
2023-08-30T20:30:00+00:00,202308,3430,550,2880
2023-08-30T21:00:00+00:00,202308,3430,559,2871
2023-08-30T21:30:00+00:00,202308,3430,527,2903
2023-08-30T22:00:00+00:00,202308,3430,330,3100
2023-08-30T22:30:00+00:00,202308,3430,403,3027
2023-08-30T23:00:00+00:00,202308,3430,352,3078
2023-08-30T23:30:00+00:00,202308,3430,312,3118
2023-08-31T00:00:00+00:00,202308,3430,157,3273
2023-08-31T00:30:00+00:00,202308,3430,98,3332
2023-08-31T01:00:00+00:00,202308,3430,83,3347
2023-08-31T01:30:00+00:00,202308,3430,69,3361
2023-08-31T02:00:00+00:00,202308,3430,107,3323
2023-08-31T02:30:00+00:00,202308,3430,84,3346
2023-08-31T03:00:00+00:00,202308,3430,74,3356
2023-08-31T03:30:00+00:00,202308,3430,74,3356
2023-08-31T04:00:00+00:00,202308,3430,83,3347
2023-08-31T04:30:00+00:00,202308,3430,91,3339
2023-08-31T05:00:00+00:00,202308,3430,133,3297
2023-08-31T05:30:00+00:00,202308,3430,208,3222
2023-08-31T06:00:00+00:00,202308,3430,215,3215
2023-08-31T06:30:00+00:00,202308,3430,310,3120
2023-08-31T07:00:00+00:00,202308,3430,485,2945
2023-08-31T07:30:00+00:00,202308,3430,583,2847
2023-08-31T08:00:00+00:00,202308,3430,1040,2390
2023-08-31T08:30:00+00:00,202308,3430,1196,2234
2023-08-31T09:00:00+00:00,202308,3430,1087,2343
2023-08-31T09:30:00+00:00,202308,3430,526,2904
2023-08-31T10:00:00+00:00,202308,3430,525,2905
2023-08-31T10:30:00+00:00,202308,3430,350,3080
2023-08-31T11:00:00+00:00,202308,3430,266,3164
2023-08-31T11:30:00+00:00,202308,3430,158,3272
2023-08-31T12:00:00+00:00,202308,3430,136,3294
2023-08-31T12:30:00+00:00,202308,3430,111,3319
2023-08-31T13:00:00+00:00,202308,3430,93,3337
2023-08-31T13:30:00+00:00,202308,3430,86,3344
2023-08-31T14:00:00+00:00,202308,3430,100,3330
2023-08-31T14:30:00+00:00,202308,3430,105,3325
2023-08-31T15:00:00+00:00,202308,3430,119,3311
2023-08-31T15:30:00+00:00,202308,3430,104,3326
2023-08-31T16:00:00+00:00,202308,3430,127,3303
2023-08-31T16:30:00+00:00,202308,3430,132,3298
2023-08-31T17:00:00+00:00,202308,3430,118,3312
2023-08-31T17:30:00+00:00,202308,3430,127,3303
2023-08-31T18:00:00+00:00,202308,3430,153,3277
2023-08-31T18:30:00+00:00,202308,3430,163,3267
2023-08-31T19:00:00+00:00,202308,3430,179,3251
2023-08-31T19:30:00+00:00,202308,3430,236,3194
2023-08-31T20:00:00+00:00,202308,3430,237,3193
2023-08-31T20:30:00+00:00,202308,3430,331,3099
2023-08-31T21:00:00+00:00,202308,3430,381,3049
2023-08-31T21:30:00+00:00,202308,3430,382,3048
2023-08-31T22:00:00+00:00,202308,3430,254,3176
2023-08-31T22:30:00+00:00,202308,3430,334,3096
2023-08-31T23:00:00+00:00,202308,3430,319,3111
2023-08-31T23:30:00+00:00,202308,3430,324,3106
2023-09-01T00:00:00+00:00,202309,3430,181,3249
2023-09-01T00:30:00+00:00,202309,3430,117,3313
2023-09-01T01:00:00+00:00,202309,3430,104,3326
2023-09-01T01:30:00+00:00,202309,3430,103,3327
2023-09-01T02:00:00+00:00,202309,3430,96,3334
2023-09-01T02:30:00+00:00,202309,3430,141,3289
2023-09-01T03:00:00+00:00,202309,3430,202,3228
2023-09-01T03:30:00+00:00,202309,3430,254,3176
2023-09-01T04:00:00+00:00,202309,3430,347,3083
2023-09-01T04:30:00+00:00,202309,3430,415,3015
2023-09-01T05:00:00+00:00,202309,3430,340,3090
2023-09-01T05:30:00+00:00,202309,3430,420,3010
2023-09-01T06:00:00+00:00,202309,3430,415,3015
2023-09-01T06:30:00+00:00,202309,3430,575,2855
2023-09-01T07:00:00+00:00,202309,3430,942,2488
2023-09-01T07:30:00+00:00,202309,3430,1015,2415
2023-09-01T08:00:00+00:00,202309,3430,1543,1887
2023-09-01T08:30:00+00:00,202309,3430,1731,1699
2023-09-01T09:00:00+00:00,202309,3430,1703,1727
2023-09-01T09:30:00+00:00,202309,3430,1645,1785
2023-09-01T10:00:00+00:00,202309,3430,1490,1940
2023-09-01T10:30:00+00:00,202309,3430,1387,2043
2023-09-01T11:00:00+00:00,202309,3430,1105,2325
2023-09-01T11:30:00+00:00,202309,3430,1032,2398
2023-09-01T12:00:00+00:00,202309,3430,1011,2419
2023-09-01T12:30:00+00:00,202309,3430,1013,2417
2023-09-01T13:00:00+00:00,202309,3430,1096,2334
2023-09-01T13:30:00+00:00,202309,3430,916,2514
2023-09-01T14:00:00+00:00,202309,3430,780,2650
2023-09-01T14:30:00+00:00,202309,3430,627,2803
2023-09-01T15:00:00+00:00,202309,3430,690,2740
2023-09-01T15:30:00+00:00,202309,3430,719,2711
2023-09-01T16:00:00+00:00,202309,3430,823,2607
2023-09-01T16:30:00+00:00,202309,3430,928,2502
2023-09-01T17:00:00+00:00,202309,3430,1018,2412
2023-09-01T17:30:00+00:00,202309,3430,1200,2230
2023-09-01T18:00:00+00:00,202309,3430,1355,2075
2023-09-01T18:30:00+00:00,202309,3430,1460,1970
2023-09-01T19:00:00+00:00,202309,3430,1580,1850
2023-09-01T19:30:00+00:00,202309,3430,1615,1815
2023-09-01T20:00:00+00:00,202309,3430,1584,1846
2023-09-01T20:30:00+00:00,202309,3430,1923,1507
2023-09-01T21:00:00+00:00,202309,3430,2063,1367
2023-09-01T21:30:00+00:00,202309,3430,1990,1440
2023-09-01T22:30:00+00:00,202309,3430,1892,1538
2023-09-01T23:00:00+00:00,202309,3430,1793,1637
2023-09-01T23:30:00+00:00,202309,3430,1277,2153
2023-09-02T00:00:00+00:00,202309,3430,1111,2319
2023-09-02T00:30:00+00:00,202309,3430,1057,2373
2023-09-02T01:00:00+00:00,202309,3430,780,2650
2023-09-02T01:30:00+00:00,202309,3430,718,2712
2023-09-02T02:00:00+00:00,202309,3430,598,2832
2023-09-02T02:30:00+00:00,202309,3430,501,2929
2023-09-02T03:00:00+00:00,202309,3430,414,3016
2023-09-02T03:30:00+00:00,202309,3430,388,3042
2023-09-02T04:00:00+00:00,202309,3430,415,3015
2023-09-02T04:30:00+00:00,202309,3430,411,3019
2023-09-02T05:00:00+00:00,202309,3430,491,2939
2023-09-02T05:30:00+00:00,202309,3430,587,2843
2023-09-02T06:00:00+00:00,202309,3430,606,2824
2023-09-02T06:30:00+00:00,202309,3430,694,2736
2023-09-02T07:00:00+00:00,202309,3430,883,2547
2023-09-02T07:30:00+00:00,202309,3430,834,2596
2023-09-02T08:00:00+00:00,202309,3430,937,2493
2023-09-02T08:30:00+00:00,202309,3430,872,2558
2023-09-02T09:00:00+00:00,202309,3430,649,2781
2023-09-02T09:30:00+00:00,202309,3430,910,2520
2023-09-02T10:00:00+00:00,202309,3430,825,2605
2023-09-02T10:30:00+00:00,202309,3430,707,2723
2023-09-02T11:00:00+00:00,202309,3430,611,2819
2023-09-02T11:30:00+00:00,202309,3430,543,2887
2023-09-02T12:00:00+00:00,202309,3430,467,2963
2023-09-02T12:30:00+00:00,202309,3430,257,3173
2023-09-02T13:00:00+00:00,202309,3430,187,3243
2023-09-02T13:30:00+00:00,202309,3430,197,3233
2023-09-02T14:00:00+00:00,202309,3430,168,3262
2023-09-02T14:30:00+00:00,202309,3430,164,3266
2023-09-02T15:00:00+00:00,202309,3430,174,3256
2023-09-02T15:30:00+00:00,202309,3430,132,3298
2023-09-02T16:00:00+00:00,202309,3430,131,3299
2023-09-02T16:30:00+00:00,202309,3430,112,3318
2023-09-02T17:00:00+00:00,202309,3430,150,3280
2023-09-02T17:30:00+00:00,202309,3430,194,3236
2023-09-02T18:00:00+00:00,202309,3430,355,3075
2023-09-02T18:30:00+00:00,202309,3430,463,2967
2023-09-02T19:00:00+00:00,202309,3430,473,2957
2023-09-02T19:30:00+00:00,202309,3430,538,2892
2023-09-02T20:00:00+00:00,202309,3430,449,2981
2023-09-02T20:30:00+00:00,202309,3430,325,3105
2023-09-02T21:00:00+00:00,202309,3430,314,3116
2023-09-02T21:30:00+00:00,202309,3430,221,3209
2023-09-02T22:00:00+00:00,202309,3430,181,3249
2023-09-02T22:30:00+00:00,202309,3430,137,3293
2023-09-02T23:00:00+00:00,202309,3430,69,3361
2023-09-02T23:30:00+00:00,202309,3430,58,3372
2023-09-03T00:00:00+00:00,202309,3430,50,3380
2023-09-03T00:30:00+00:00,202309,3430,33,3397
2023-09-03T01:00:00+00:00,202309,3430,16,3414
2023-09-03T01:30:00+00:00,202309,3430,10,3420
2023-09-03T02:00:00+00:00,202309,3430,5,3425
2023-09-03T02:30:00+00:00,202309,3430,2,3428
2023-09-03T03:00:00+00:00,202309,3430,1,3429
2023-09-03T03:30:00+00:00,202309,3430,13,3417
2023-09-03T04:00:00+00:00,202309,3430,24,3406
2023-09-03T04:30:00+00:00,202309,3430,22,3408
2023-09-03T05:00:00+00:00,202309,3430,76,3354
2023-09-03T05:30:00+00:00,202309,3430,133,3297
2023-09-03T06:00:00+00:00,202309,3430,114,3316
2023-09-03T06:30:00+00:00,202309,3430,138,3292
2023-09-03T07:00:00+00:00,202309,3430,154,3276
2023-09-03T07:30:00+00:00,202309,3430,123,3307
2023-09-03T08:00:00+00:00,202309,3430,166,3264
2023-09-03T08:30:00+00:00,202309,3430,152,3278
2023-09-03T09:00:00+00:00,202309,3430,202,3228
2023-09-03T09:30:00+00:00,202309,3430,197,3233
2023-09-03T10:00:00+00:00,202309,3430,178,3252
2023-09-03T10:30:00+00:00,202309,3430,99,3331
2023-09-03T11:00:00+00:00,202309,3430,145,3285
2023-09-03T11:30:00+00:00,202309,3430,123,3307
2023-09-03T12:00:00+00:00,202309,3430,89,3341
2023-09-03T12:30:00+00:00,202309,3430,45,3385
2023-09-03T13:00:00+00:00,202309,3430,93,3337
2023-09-03T13:30:00+00:00,202309,3430,48,3382
2023-09-03T14:30:00+00:00,202309,3430,22,3408
2023-09-03T15:00:00+00:00,202309,3430,47,3383
2023-09-03T15:30:00+00:00,202309,3430,61,3369
2023-09-03T16:00:00+00:00,202309,3430,61,3369
2023-09-03T16:30:00+00:00,202309,3430,43,3387
2023-09-03T17:00:00+00:00,202309,3430,68,3362
2023-09-03T17:30:00+00:00,202309,3430,104,3326
2023-09-03T18:00:00+00:00,202309,3430,153,3277
2023-09-03T18:30:00+00:00,202309,3430,160,3270
2023-09-03T19:00:00+00:00,202309,3430,210,3220
2023-09-03T19:30:00+00:00,202309,3430,154,3276
2023-09-03T20:00:00+00:00,202309,3430,210,3220
2023-09-03T20:30:00+00:00,202309,3430,283,3147
2023-09-03T21:00:00+00:00,202309,3430,245,3185
2023-09-03T21:30:00+00:00,202309,3430,265,3165
2023-09-03T22:00:00+00:00,202309,3430,316,3114
2023-09-03T22:30:00+00:00,202309,3430,282,3148
2023-09-03T23:00:00+00:00,202309,3430,233,3197
2023-09-03T23:30:00+00:00,202309,3430,296,3134
2023-09-04T00:00:00+00:00,202309,3430,296,3134
2023-09-04T00:30:00+00:00,202309,3430,284,3146
2023-09-04T01:00:00+00:00,202309,3430,188,3242
2023-09-04T01:30:00+00:00,202309,3430,185,3245
2023-09-04T02:00:00+00:00,202309,3430,206,3224
2023-09-04T02:30:00+00:00,202309,3430,191,3239
2023-09-04T03:00:00+00:00,202309,3430,172,3258
2023-09-04T03:30:00+00:00,202309,3430,139,3291
2023-09-04T04:00:00+00:00,202309,3430,155,3275
2023-09-04T04:30:00+00:00,202309,3430,174,3256
2023-09-04T05:00:00+00:00,202309,3430,202,3228
2023-09-04T05:30:00+00:00,202309,3430,228,3202
2023-09-04T06:00:00+00:00,202309,3430,244,3186
2023-09-04T06:30:00+00:00,202309,3430,244,3186
2023-09-04T07:00:00+00:00,202309,3430,196,3234
2023-09-04T07:30:00+00:00,202309,3430,179,3251
2023-09-04T08:00:00+00:00,202309,3430,179,3251
2023-09-04T08:30:00+00:00,202309,3430,198,3232
2023-09-04T09:00:00+00:00,202309,3430,252,3178
2023-09-04T09:30:00+00:00,202309,3430,237,3193
2023-09-04T10:00:00+00:00,202309,3430,238,3192
2023-09-04T10:30:00+00:00,202309,3430,218,3212
2023-09-04T11:00:00+00:00,202309,3430,202,3228
2023-09-04T11:30:00+00:00,202309,3430,171,3259
2023-09-04T12:00:00+00:00,202309,3430,107,3323
2023-09-04T12:30:00+00:00,202309,3430,65,3365
2023-09-04T13:00:00+00:00,202309,3430,36,3394
2023-09-04T13:30:00+00:00,202309,3430,20,3410
2023-09-04T14:30:00+00:00,202309,3430,31,3399
2023-09-04T15:00:00+00:00,202309,3430,70,3360
2023-09-04T15:30:00+00:00,202309,3430,65,3365
2023-09-04T16:00:00+00:00,202309,3430,34,3396
2023-09-04T16:30:00+00:00,202309,3430,75,3355
2023-09-04T17:00:00+00:00,202309,3430,73,3357
2023-09-04T17:30:00+00:00,202309,3430,77,3353
2023-09-04T18:00:00+00:00,202309,3430,110,3320
2023-09-04T18:30:00+00:00,202309,3430,158,3272
2023-09-04T19:00:00+00:00,202309,3430,173,3257
2023-09-04T19:30:00+00:00,202309,3430,188,3242
2023-09-04T20:00:00+00:00,202309,3430,153,3277
2023-09-04T20:30:00+00:00,202309,3430,122,3308
2023-09-04T21:00:00+00:00,202309,3430,117,3313
2023-09-04T21:30:00+00:00,202309,3430,148,3282
2023-09-04T22:00:00+00:00,202309,3430,164,3266
2023-09-04T22:30:00+00:00,202309,3430,111,3319
2023-09-04T23:00:00+00:00,202309,3430,119,3311
2023-09-04T23:30:00+00:00,202309,3430,91,3339
2023-09-05T00:00:00+00:00,202309,3430,66,3364
2023-09-05T00:30:00+00:00,202309,3430,38,3392
2023-09-05T01:00:00+00:00,202309,3430,22,3408
2023-09-05T01:30:00+00:00,202309,3430,25,3405
2023-09-05T02:00:00+00:00,202309,3430,13,3417
2023-09-05T02:30:00+00:00,202309,3430,4,3426
2023-09-05T03:00:00+00:00,202309,3430,2,3428
2023-09-05T03:30:00+00:00,202309,3430,9,3421
2023-09-05T04:00:00+00:00,202309,3430,31,3399
2023-09-05T04:30:00+00:00,202309,3430,35,3395
2023-09-05T05:00:00+00:00,202309,3430,53,3377
2023-09-05T05:30:00+00:00,202309,3430,109,3321
2023-09-05T06:00:00+00:00,202309,3430,94,3336
2023-09-05T06:30:00+00:00,202309,3430,116,3314
2023-09-05T07:00:00+00:00,202309,3430,225,3205
2023-09-05T07:30:00+00:00,202309,3430,258,3172
2023-09-05T08:00:00+00:00,202309,3430,436,2994
2023-09-05T08:30:00+00:00,202309,3430,889,2541
2023-09-05T09:00:00+00:00,202309,3430,981,2449
2023-09-05T09:30:00+00:00,202309,3430,727,2703
2023-09-05T10:00:00+00:00,202309,3430,399,3031
2023-09-05T10:30:00+00:00,202309,3430,416,3014
2023-09-05T11:00:00+00:00,202309,3430,282,3148
2023-09-05T11:30:00+00:00,202309,3430,168,3262
2023-09-05T12:00:00+00:00,202309,3430,73,3357
2023-09-05T12:30:00+00:00,202309,3430,50,3380
2023-09-05T13:00:00+00:00,202309,3430,43,3387
2023-09-05T13:30:00+00:00,202309,3430,15,3415
2023-09-05T14:00:00+00:00,202309,3430,3,3427
2023-09-05T14:30:00+00:00,202309,3430,2,3428
2023-09-05T15:00:00+00:00,202309,3430,8,3422
2023-09-05T15:30:00+00:00,202309,3430,9,3421
2023-09-05T16:00:00+00:00,202309,3430,13,3417
2023-09-05T16:30:00+00:00,202309,3430,27,3403
2023-09-05T17:00:00+00:00,202309,3430,44,3386
2023-09-05T17:30:00+00:00,202309,3430,67,3363
2023-09-05T18:00:00+00:00,202309,3430,101,3329
2023-09-05T18:30:00+00:00,202309,3430,101,3329
2023-09-05T19:00:00+00:00,202309,3430,122,3308
2023-09-05T19:30:00+00:00,202309,3430,186,3244
2023-09-05T20:00:00+00:00,202309,3430,178,3252
2023-09-05T20:30:00+00:00,202309,3430,231,3199
2023-09-05T21:00:00+00:00,202309,3430,428,3002
2023-09-05T21:30:00+00:00,202309,3430,460,2970
2023-09-05T22:00:00+00:00,202309,3430,428,3002
2023-09-05T22:30:00+00:00,202309,3430,260,3170
2023-09-05T23:00:00+00:00,202309,3430,366,3064
2023-09-05T23:30:00+00:00,202309,3430,311,3119
2023-09-06T00:00:00+00:00,202309,3430,256,3174
2023-09-06T00:30:00+00:00,202309,3430,118,3312
2023-09-06T01:00:00+00:00,202309,3430,72,3358
2023-09-06T01:30:00+00:00,202309,3430,66,3364
2023-09-06T02:00:00+00:00,202309,3430,94,3336
2023-09-06T02:30:00+00:00,202309,3430,103,3327
2023-09-06T03:00:00+00:00,202309,3430,79,3351
2023-09-06T03:30:00+00:00,202309,3430,33,3397
2023-09-06T04:00:00+00:00,202309,3430,27,3403
2023-09-06T04:30:00+00:00,202309,3430,50,3380
2023-09-06T05:00:00+00:00,202309,3430,92,3338
2023-09-06T05:30:00+00:00,202309,3430,147,3283
2023-09-06T06:00:00+00:00,202309,3430,132,3298
2023-09-06T06:30:00+00:00,202309,3430,170,3260
2023-09-06T07:00:00+00:00,202309,3430,385,3045
2023-09-06T07:30:00+00:00,202309,3430,611,2819
2023-09-06T08:00:00+00:00,202309,3430,779,2651
2023-09-06T08:30:00+00:00,202309,3430,1340,2090
2023-09-06T09:00:00+00:00,202309,3430,1380,2050
2023-09-06T09:30:00+00:00,202309,3430,1146,2284
2023-09-06T10:00:00+00:00,202309,3430,976,2454
2023-09-06T10:30:00+00:00,202309,3430,609,2821
2023-09-06T11:00:00+00:00,202309,3430,491,2939
2023-09-06T11:30:00+00:00,202309,3430,408,3022
2023-09-06T12:00:00+00:00,202309,3430,392,3038
2023-09-06T13:00:00+00:00,202309,3430,115,3315
2023-09-06T13:30:00+00:00,202309,3430,38,3392
2023-09-06T14:00:00+00:00,202309,3430,51,3379
2023-09-06T14:30:00+00:00,202309,3430,54,3376
2023-09-06T15:00:00+00:00,202309,3430,102,3328
2023-09-06T15:30:00+00:00,202309,3430,125,3305
2023-09-06T16:00:00+00:00,202309,3430,179,3251
2023-09-06T16:30:00+00:00,202309,3430,255,3175
2023-09-06T17:00:00+00:00,202309,3430,147,3283
2023-09-06T17:30:00+00:00,202309,3430,170,3260
2023-09-06T18:00:00+00:00,202309,3430,169,3261
2023-09-06T18:30:00+00:00,202309,3430,170,3260
2023-09-06T19:00:00+00:00,202309,3430,243,3187
2023-09-06T19:30:00+00:00,202309,3430,342,3088
2023-09-06T20:00:00+00:00,202309,3430,300,3130
2023-09-06T20:30:00+00:00,202309,3430,361,3069
2023-09-06T21:00:00+00:00,202309,3430,557,2873
2023-09-06T21:30:00+00:00,202309,3430,561,2869
2023-09-06T22:00:00+00:00,202309,3430,512,2918
2023-09-06T22:30:00+00:00,202309,3430,540,2890
2023-09-06T23:00:00+00:00,202309,3430,446,2984
2023-09-06T23:30:00+00:00,202309,3430,461,2969
2023-09-07T00:00:00+00:00,202309,3430,401,3029
2023-09-07T00:30:00+00:00,202309,3430,358,3072
2023-09-07T01:00:00+00:00,202309,3430,363,3067
2023-09-07T01:30:00+00:00,202309,3430,295,3135
2023-09-07T02:00:00+00:00,202309,3430,251,3179
2023-09-07T02:30:00+00:00,202309,3430,216,3214
2023-09-07T03:00:00+00:00,202309,3430,185,3245
2023-09-07T03:30:00+00:00,202309,3430,164,3266
2023-09-07T04:00:00+00:00,202309,3430,207,3223
2023-09-07T04:30:00+00:00,202309,3430,273,3157
2023-09-07T05:00:00+00:00,202309,3430,327,3103
2023-09-07T05:30:00+00:00,202309,3430,435,2995
2023-09-07T06:00:00+00:00,202309,3430,405,3025
2023-09-07T06:30:00+00:00,202309,3430,503,2927
2023-09-07T07:00:00+00:00,202309,3430,697,2733
2023-09-07T07:30:00+00:00,202309,3430,901,2529
2023-09-07T08:00:00+00:00,202309,3430,1284,2146
2023-09-07T08:30:00+00:00,202309,3430,1644,1786
2023-09-07T09:00:00+00:00,202309,3430,1609,1821
2023-09-07T09:30:00+00:00,202309,3430,1106,2324
2023-09-07T10:00:00+00:00,202309,3430,1197,2233
2023-09-07T10:30:00+00:00,202309,3430,992,2438
2023-09-07T11:00:00+00:00,202309,3430,782,2648
2023-09-07T11:30:00+00:00,202309,3430,479,2951
2023-09-07T12:00:00+00:00,202309,3430,337,3093
2023-09-07T12:30:00+00:00,202309,3430,279,3151
2023-09-07T13:00:00+00:00,202309,3430,157,3273
2023-09-07T13:30:00+00:00,202309,3430,82,3348
2023-09-07T14:00:00+00:00,202309,3430,62,3368
2023-09-07T14:30:00+00:00,202309,3430,59,3371
2023-09-07T15:00:00+00:00,202309,3430,79,3351
2023-09-07T15:30:00+00:00,202309,3430,96,3334
2023-09-07T16:00:00+00:00,202309,3430,122,3308
2023-09-07T16:30:00+00:00,202309,3430,193,3237
2023-09-07T17:00:00+00:00,202309,3430,267,3163
2023-09-07T17:30:00+00:00,202309,3430,333,3097
2023-09-07T18:00:00+00:00,202309,3430,502,2928
2023-09-07T18:30:00+00:00,202309,3430,508,2922
2023-09-07T19:00:00+00:00,202309,3430,508,2922
2023-09-07T19:30:00+00:00,202309,3430,627,2803
2023-09-07T20:00:00+00:00,202309,3430,571,2859
2023-09-07T20:30:00+00:00,202309,3430,900,2530
2023-09-07T21:00:00+00:00,202309,3430,1059,2371
2023-09-07T21:30:00+00:00,202309,3430,1060,2370
2023-09-07T22:00:00+00:00,202309,3430,769,2661
2023-09-07T22:30:00+00:00,202309,3430,929,2501
2023-09-07T23:00:00+00:00,202309,3430,864,2566
2023-09-07T23:30:00+00:00,202309,3430,802,2628
2023-09-08T00:00:00+00:00,202309,3430,508,2922
2023-09-08T00:30:00+00:00,202309,3430,375,3055
2023-09-08T01:00:00+00:00,202309,3430,347,3083
2023-09-08T01:30:00+00:00,202309,3430,236,3194
2023-09-08T02:00:00+00:00,202309,3430,163,3267
2023-09-08T02:30:00+00:00,202309,3430,112,3318
2023-09-08T03:00:00+00:00,202309,3430,94,3336
2023-09-08T03:30:00+00:00,202309,3430,89,3341
2023-09-08T04:00:00+00:00,202309,3430,134,3296
2023-09-08T04:30:00+00:00,202309,3430,158,3272
2023-09-08T05:00:00+00:00,202309,3430,230,3200
2023-09-08T05:30:00+00:00,202309,3430,245,3185
2023-09-08T06:00:00+00:00,202309,3430,358,3072
2023-09-08T06:30:00+00:00,202309,3430,666,2764
2023-09-08T07:00:00+00:00,202309,3430,1050,2380
2023-09-08T07:30:00+00:00,202309,3430,1155,2275
2023-09-08T08:00:00+00:00,202309,3430,1727,1703
2023-09-08T08:30:00+00:00,202309,3430,1807,1623
2023-09-08T09:00:00+00:00,202309,3430,1694,1736
2023-09-08T09:30:00+00:00,202309,3430,1115,2315
2023-09-08T10:00:00+00:00,202309,3430,1145,2285
2023-09-08T10:30:00+00:00,202309,3430,894,2536
2023-09-08T11:00:00+00:00,202309,3430,644,2786
2023-09-08T11:30:00+00:00,202309,3430,559,2871
2023-09-08T12:00:00+00:00,202309,3430,397,3033
2023-09-08T12:30:00+00:00,202309,3430,267,3163
2023-09-08T13:00:00+00:00,202309,3430,175,3255
2023-09-08T13:30:00+00:00,202309,3430,129,3301
2023-09-08T14:00:00+00:00,202309,3430,89,3341
2023-09-08T14:30:00+00:00,202309,3430,68,3362
2023-09-08T15:00:00+00:00,202309,3430,62,3368
2023-09-08T15:30:00+00:00,202309,3430,127,3303
2023-09-08T16:00:00+00:00,202309,3430,123,3307
2023-09-08T16:30:00+00:00,202309,3430,191,3239
2023-09-08T17:00:00+00:00,202309,3430,216,3214
2023-09-08T17:30:00+00:00,202309,3430,281,3149
2023-09-08T18:00:00+00:00,202309,3430,351,3079
2023-09-08T18:30:00+00:00,202309,3430,354,3076
2023-09-08T19:00:00+00:00,202309,3430,392,3038
2023-09-08T19:30:00+00:00,202309,3430,480,2950
2023-09-08T20:00:00+00:00,202309,3430,473,2957
2023-09-08T20:30:00+00:00,202309,3430,616,2814
2023-09-08T21:00:00+00:00,202309,3430,634,2796
2023-09-08T21:30:00+00:00,202309,3430,625,2805
2023-09-08T22:00:00+00:00,202309,3430,441,2989
2023-09-08T22:30:00+00:00,202309,3430,560,2870
2023-09-08T23:00:00+00:00,202309,3430,535,2895
2023-09-08T23:30:00+00:00,202309,3430,497,2933
2023-09-09T00:00:00+00:00,202309,3430,355,3075
2023-09-09T00:30:00+00:00,202309,3430,372,3058
2023-09-09T01:00:00+00:00,202309,3430,526,2904
2023-09-09T01:30:00+00:00,202309,3430,437,2993
2023-09-09T02:00:00+00:00,202309,3430,295,3135
2023-09-09T02:30:00+00:00,202309,3430,200,3230
2023-09-09T03:00:00+00:00,202309,3430,128,3302
2023-09-09T03:30:00+00:00,202309,3430,72,3358
2023-09-09T04:00:00+00:00,202309,3430,70,3360
2023-09-09T04:30:00+00:00,202309,3430,130,3300
2023-09-09T05:00:00+00:00,202309,3430,226,3204
2023-09-09T05:30:00+00:00,202309,3430,245,3185
2023-09-09T06:00:00+00:00,202309,3430,301,3129
2023-09-09T06:30:00+00:00,202309,3430,522,2908
2023-09-09T07:00:00+00:00,202309,3430,948,2482
2023-09-09T07:30:00+00:00,202309,3430,1331,2099
2023-09-09T08:00:00+00:00,202309,3430,1679,1751
2023-09-09T08:30:00+00:00,202309,3430,1796,1634
2023-09-09T09:00:00+00:00,202309,3430,1383,2047
2023-09-09T09:30:00+00:00,202309,3430,1357,2073
2023-09-09T10:00:00+00:00,202309,3430,1066,2364
2023-09-09T10:30:00+00:00,202309,3430,850,2580
2023-09-09T11:00:00+00:00,202309,3430,780,2650
2023-09-09T11:30:00+00:00,202309,3430,621,2809
2023-09-09T12:00:00+00:00,202309,3430,577,2853
2023-09-09T12:30:00+00:00,202309,3430,445,2985
2023-09-09T13:00:00+00:00,202309,3430,338,3092
2023-09-09T13:30:00+00:00,202309,3430,170,3260
2023-09-09T14:00:00+00:00,202309,3430,126,3304
2023-09-09T14:30:00+00:00,202309,3430,93,3337
2023-09-09T15:00:00+00:00,202309,3430,187,3243
2023-09-09T15:30:00+00:00,202309,3430,195,3235
2023-09-09T16:00:00+00:00,202309,3430,319,3111
2023-09-09T16:30:00+00:00,202309,3430,329,3101
2023-09-09T17:00:00+00:00,202309,3430,372,3058
2023-09-09T17:30:00+00:00,202309,3430,348,3082
2023-09-09T18:00:00+00:00,202309,3430,390,3040
2023-09-09T18:30:00+00:00,202309,3430,419,3011
2023-09-09T19:00:00+00:00,202309,3430,435,2995
2023-09-09T19:30:00+00:00,202309,3430,477,2953
2023-09-09T20:00:00+00:00,202309,3430,508,2922
2023-09-09T20:30:00+00:00,202309,3430,542,2888
2023-09-09T21:00:00+00:00,202309,3430,571,2859
2023-09-09T21:30:00+00:00,202309,3430,526,2904
2023-09-09T22:00:00+00:00,202309,3430,592,2838
2023-09-09T22:30:00+00:00,202309,3430,565,2865
2023-09-09T23:00:00+00:00,202309,3430,497,2933
2023-09-09T23:30:00+00:00,202309,3430,467,2963
2023-09-10T00:00:00+00:00,202309,3430,404,3026
2023-09-10T00:30:00+00:00,202309,3430,304,3126
2023-09-10T01:00:00+00:00,202309,3430,222,3208
2023-09-10T01:30:00+00:00,202309,3430,157,3273
2023-09-10T02:00:00+00:00,202309,3430,58,3372
2023-09-10T02:30:00+00:00,202309,3430,34,3396
2023-09-10T03:00:00+00:00,202309,3430,41,3389
2023-09-10T03:30:00+00:00,202309,3430,98,3332
2023-09-10T04:00:00+00:00,202309,3430,141,3289
2023-09-10T04:30:00+00:00,202309,3430,212,3218
2023-09-10T05:00:00+00:00,202309,3430,186,3244
2023-09-10T05:30:00+00:00,202309,3430,297,3133
2023-09-10T06:00:00+00:00,202309,3430,459,2971
2023-09-10T06:30:00+00:00,202309,3430,539,2891
2023-09-10T07:00:00+00:00,202309,3430,688,2742
2023-09-10T07:30:00+00:00,202309,3430,650,2780
2023-09-10T08:00:00+00:00,202309,3430,769,2661
2023-09-10T08:30:00+00:00,202309,3430,742,2688
2023-09-10T09:00:00+00:00,202309,3430,656,2774
2023-09-10T09:30:00+00:00,202309,3430,793,2637
2023-09-10T10:00:00+00:00,202309,3430,789,2641
2023-09-10T10:30:00+00:00,202309,3430,666,2764
2023-09-10T11:00:00+00:00,202309,3430,672,2758
2023-09-10T11:30:00+00:00,202309,3430,601,2829
2023-09-10T12:00:00+00:00,202309,3430,472,2958
2023-09-10T12:30:00+00:00,202309,3430,275,3155
2023-09-10T13:00:00+00:00,202309,3430,197,3233
2023-09-10T13:30:00+00:00,202309,3430,168,3262
2023-09-10T14:00:00+00:00,202309,3430,109,3321
2023-09-10T14:30:00+00:00,202309,3430,85,3345
2023-09-10T15:00:00+00:00,202309,3430,77,3353
2023-09-10T15:30:00+00:00,202309,3430,85,3345
2023-09-10T16:00:00+00:00,202309,3430,113,3317
2023-09-10T16:30:00+00:00,202309,3430,158,3272
2023-09-10T17:00:00+00:00,202309,3430,224,3206
2023-09-10T17:30:00+00:00,202309,3430,283,3147
2023-09-10T18:00:00+00:00,202309,3430,341,3089
2023-09-10T18:30:00+00:00,202309,3430,292,3138
2023-09-10T19:00:00+00:00,202309,3430,254,3176
2023-09-10T19:30:00+00:00,202309,3430,225,3205
2023-09-10T20:00:00+00:00,202309,3430,238,3192
2023-09-10T20:30:00+00:00,202309,3430,248,3182
2023-09-10T21:00:00+00:00,202309,3430,231,3199
2023-09-10T21:30:00+00:00,202309,3430,202,3228
2023-09-10T22:00:00+00:00,202309,3430,239,3191
2023-09-10T22:30:00+00:00,202309,3430,219,3211
2023-09-10T23:00:00+00:00,202309,3430,186,3244
2023-09-10T23:30:00+00:00,202309,3430,196,3234
2023-09-11T00:00:00+00:00,202309,3430,168,3262
2023-09-11T00:30:00+00:00,202309,3430,146,3284
2023-09-11T01:00:00+00:00,202309,3430,146,3284
2023-09-11T01:30:00+00:00,202309,3430,89,3341
2023-09-11T02:00:00+00:00,202309,3430,64,3366
2023-09-11T02:30:00+00:00,202309,3430,41,3389
2023-09-11T03:00:00+00:00,202309,3430,33,3397
2023-09-11T03:30:00+00:00,202309,3430,37,3393
2023-09-11T04:00:00+00:00,202309,3430,134,3296
2023-09-11T04:30:00+00:00,202309,3430,114,3316
2023-09-11T05:00:00+00:00,202309,3430,81,3349
2023-09-11T05:30:00+00:00,202309,3430,85,3345
2023-09-11T06:00:00+00:00,202309,3430,80,3350
2023-09-11T06:30:00+00:00,202309,3430,72,3358
2023-09-11T07:00:00+00:00,202309,3430,112,3318
2023-09-11T07:30:00+00:00,202309,3430,117,3313
2023-09-11T08:00:00+00:00,202309,3430,174,3256
2023-09-11T08:30:00+00:00,202309,3430,250,3180
2023-09-11T09:00:00+00:00,202309,3430,277,3153
2023-09-11T09:30:00+00:00,202309,3430,234,3196
2023-09-11T10:00:00+00:00,202309,3430,259,3171
2023-09-11T10:30:00+00:00,202309,3430,308,3122
2023-09-11T11:00:00+00:00,202309,3430,304,3126
2023-09-11T11:30:00+00:00,202309,3430,245,3185
2023-09-11T12:00:00+00:00,202309,3430,171,3259
2023-09-11T12:30:00+00:00,202309,3430,131,3299
2023-09-11T13:00:00+00:00,202309,3430,96,3334
2023-09-11T13:30:00+00:00,202309,3430,97,3333
2023-09-11T14:00:00+00:00,202309,3430,74,3356
2023-09-11T14:30:00+00:00,202309,3430,57,3373
2023-09-11T15:00:00+00:00,202309,3430,43,3387
2023-09-11T15:30:00+00:00,202309,3430,57,3373
2023-09-11T16:00:00+00:00,202309,3430,104,3326
2023-09-11T16:30:00+00:00,202309,3430,128,3302
2023-09-11T17:00:00+00:00,202309,3430,206,3224
2023-09-11T17:30:00+00:00,202309,3430,208,3222
2023-09-11T18:00:00+00:00,202309,3430,216,3214
2023-09-11T18:30:00+00:00,202309,3430,217,3213
2023-09-11T19:00:00+00:00,202309,3430,189,3241
2023-09-11T19:30:00+00:00,202309,3430,229,3201
2023-09-11T20:00:00+00:00,202309,3430,317,3113
2023-09-11T20:30:00+00:00,202309,3430,299,3131
2023-09-11T21:00:00+00:00,202309,3430,377,3053
2023-09-11T21:30:00+00:00,202309,3430,500,2930
2023-09-11T22:00:00+00:00,202309,3430,603,2827
2023-09-11T22:30:00+00:00,202309,3430,561,2869
2023-09-11T23:00:00+00:00,202309,3430,653,2777
2023-09-11T23:30:00+00:00,202309,3430,552,2878
2023-09-12T00:00:00+00:00,202309,3430,468,2962
2023-09-12T00:30:00+00:00,202309,3430,385,3045
2023-09-12T01:00:00+00:00,202309,3430,296,3134
2023-09-12T01:30:00+00:00,202309,3430,276,3154
2023-09-12T02:00:00+00:00,202309,3430,165,3265
2023-09-12T02:30:00+00:00,202309,3430,153,3277
2023-09-12T03:00:00+00:00,202309,3430,171,3259
2023-09-12T03:30:00+00:00,202309,3430,280,3150
2023-09-12T04:00:00+00:00,202309,3430,315,3115
2023-09-12T04:30:00+00:00,202309,3430,310,3120
2023-09-12T05:00:00+00:00,202309,3430,342,3088
2023-09-12T05:30:00+00:00,202309,3430,529,2901
2023-09-12T06:00:00+00:00,202309,3430,555,2875
2023-09-12T06:30:00+00:00,202309,3430,526,2904
2023-09-12T07:00:00+00:00,202309,3430,526,2904
2023-09-12T07:30:00+00:00,202309,3430,811,2619
2023-09-12T08:00:00+00:00,202309,3430,985,2445
2023-09-12T08:30:00+00:00,202309,3430,1241,2189
2023-09-12T09:00:00+00:00,202309,3430,1414,2016
2023-09-12T09:30:00+00:00,202309,3430,1428,2002
2023-09-12T10:00:00+00:00,202309,3430,1536,1894
2023-09-12T10:30:00+00:00,202309,3430,1454,1976
2023-09-12T11:00:00+00:00,202309,3430,1342,2088
2023-09-12T11:30:00+00:00,202309,3430,1191,2239
2023-09-12T12:00:00+00:00,202309,3430,1180,2250
2023-09-12T12:30:00+00:00,202309,3430,982,2448
2023-09-12T13:00:00+00:00,202309,3430,586,2844
2023-09-12T13:30:00+00:00,202309,3430,518,2912
2023-09-12T14:00:00+00:00,202309,3430,513,2917
2023-09-12T14:30:00+00:00,202309,3430,523,2907
2023-09-12T15:00:00+00:00,202309,3430,553,2877
2023-09-12T15:30:00+00:00,202309,3430,989,2441
2023-09-12T16:00:00+00:00,202309,3430,1103,2327
2023-09-12T16:30:00+00:00,202309,3430,1327,2103
2023-09-12T17:00:00+00:00,202309,3430,1454,1976
2023-09-12T17:30:00+00:00,202309,3430,1466,1964
2023-09-12T18:00:00+00:00,202309,3430,1213,2217
2023-09-12T18:30:00+00:00,202309,3430,1245,2185
2023-09-12T19:00:00+00:00,202309,3430,1271,2159
2023-09-12T19:30:00+00:00,202309,3430,1283,2147
2023-09-12T20:00:00+00:00,202309,3430,1564,1866
2023-09-12T20:30:00+00:00,202309,3430,1616,1814
2023-09-12T21:00:00+00:00,202309,3430,1883,1547
2023-09-12T21:30:00+00:00,202309,3430,1949,1481
2023-09-12T22:00:00+00:00,202309,3430,2114,1316
2023-09-12T22:30:00+00:00,202309,3430,1989,1441
2023-09-12T23:00:00+00:00,202309,3430,2127,1303
2023-09-12T23:30:00+00:00,202309,3430,1968,1462
2023-09-13T00:00:00+00:00,202309,3430,1774,1656
2023-09-13T00:30:00+00:00,202309,3430,1307,2123
2023-09-13T01:00:00+00:00,202309,3430,1150,2280
2023-09-13T01:30:00+00:00,202309,3430,1048,2382
2023-09-13T02:00:00+00:00,202309,3430,840,2590
2023-09-13T02:30:00+00:00,202309,3430,760,2670
2023-09-13T03:00:00+00:00,202309,3430,706,2724
2023-09-13T03:30:00+00:00,202309,3430,665,2765
2023-09-13T04:00:00+00:00,202309,3430,683,2747
2023-09-13T04:30:00+00:00,202309,3430,647,2783
2023-09-13T05:00:00+00:00,202309,3430,740,2690
2023-09-13T05:30:00+00:00,202309,3430,721,2709
2023-09-13T06:00:00+00:00,202309,3430,689,2741
2023-09-13T06:30:00+00:00,202309,3430,800,2630
2023-09-13T07:00:00+00:00,202309,3430,966,2464
2023-09-13T07:30:00+00:00,202309,3430,1013,2417
2023-09-13T08:00:00+00:00,202309,3430,1278,2152
2023-09-13T08:30:00+00:00,202309,3430,1675,1755
2023-09-13T09:00:00+00:00,202309,3430,1696,1734
2023-09-13T09:30:00+00:00,202309,3430,1552,1878
2023-09-13T10:00:00+00:00,202309,3430,1240,2190
2023-09-13T10:30:00+00:00,202309,3430,1346,2084
2023-09-13T11:00:00+00:00,202309,3430,1123,2307
2023-09-13T11:30:00+00:00,202309,3430,984,2446
2023-09-13T12:00:00+00:00,202309,3430,692,2738
2023-09-13T12:30:00+00:00,202309,3430,689,2741
2023-09-13T13:00:00+00:00,202309,3430,525,2905
2023-09-13T14:00:00+00:00,202309,3430,424,3006
2023-09-13T14:30:00+00:00,202309,3430,409,3021
2023-09-13T15:00:00+00:00,202309,3430,419,3011
2023-09-13T15:30:00+00:00,202309,3430,491,2939
2023-09-13T16:00:00+00:00,202309,3430,549,2881
2023-09-13T16:30:00+00:00,202309,3430,569,2861
2023-09-13T17:00:00+00:00,202309,3430,766,2664
2023-09-13T17:30:00+00:00,202309,3430,696,2734
2023-09-13T18:00:00+00:00,202309,3430,797,2633
2023-09-13T18:30:00+00:00,202309,3430,756,2674
2023-09-13T19:00:00+00:00,202309,3430,763,2667
2023-09-13T19:30:00+00:00,202309,3430,827,2603
2023-09-13T20:00:00+00:00,202309,3430,802,2628
2023-09-13T20:30:00+00:00,202309,3430,875,2555
2023-09-13T21:00:00+00:00,202309,3430,1044,2386
2023-09-13T21:30:00+00:00,202309,3430,1092,2338
2023-09-13T22:00:00+00:00,202309,3430,1021,2409
2023-09-13T22:30:00+00:00,202309,3430,787,2643
2023-09-13T23:00:00+00:00,202309,3430,987,2443
2023-09-13T23:30:00+00:00,202309,3430,834,2596
2023-09-14T00:00:00+00:00,202309,3430,612,2818
2023-09-14T00:30:00+00:00,202309,3430,370,3060
2023-09-14T01:00:00+00:00,202309,3430,286,3144
2023-09-14T01:30:00+00:00,202309,3430,170,3260
2023-09-14T02:00:00+00:00,202309,3430,83,3347
2023-09-14T02:30:00+00:00,202309,3430,57,3373
2023-09-14T03:00:00+00:00,202309,3430,58,3372
2023-09-14T03:30:00+00:00,202309,3430,30,3400
2023-09-14T04:00:00+00:00,202309,3430,32,3398
2023-09-14T04:30:00+00:00,202309,3430,64,3366
2023-09-14T05:00:00+00:00,202309,3430,136,3294
2023-09-14T05:30:00+00:00,202309,3430,162,3268
2023-09-14T06:00:00+00:00,202309,3430,137,3293
2023-09-14T06:30:00+00:00,202309,3430,168,3262
2023-09-14T07:00:00+00:00,202309,3430,221,3209
2023-09-14T07:30:00+00:00,202309,3430,270,3160
2023-09-14T08:00:00+00:00,202309,3430,435,2995
2023-09-14T08:30:00+00:00,202309,3430,806,2624
2023-09-14T09:00:00+00:00,202309,3430,713,2717
2023-09-14T09:30:00+00:00,202309,3430,527,2903
2023-09-14T10:00:00+00:00,202309,3430,312,3118
2023-09-14T10:30:00+00:00,202309,3430,198,3232
2023-09-14T11:00:00+00:00,202309,3430,150,3280
2023-09-14T11:30:00+00:00,202309,3430,102,3328
2023-09-14T12:00:00+00:00,202309,3430,60,3370
2023-09-14T12:30:00+00:00,202309,3430,49,3381
2023-09-14T13:00:00+00:00,202309,3430,19,3411
2023-09-14T14:00:00+00:00,202309,3430,7,3423
2023-09-14T14:30:00+00:00,202309,3430,6,3424
2023-09-14T15:00:00+00:00,202309,3430,5,3425
2023-09-14T15:30:00+00:00,202309,3430,5,3425
2023-09-14T16:00:00+00:00,202309,3430,2,3428
2023-09-14T16:30:00+00:00,202309,3430,3,3427
2023-09-14T17:00:00+00:00,202309,3430,14,3416
2023-09-14T17:30:00+00:00,202309,3430,24,3406
2023-09-14T18:00:00+00:00,202309,3430,16,3414
2023-09-14T18:30:00+00:00,202309,3430,19,3411
2023-09-14T19:00:00+00:00,202309,3430,42,3388
2023-09-14T19:30:00+00:00,202309,3430,67,3363
2023-09-14T20:00:00+00:00,202309,3430,45,3385
2023-09-14T20:30:00+00:00,202309,3430,84,3346
2023-09-14T21:00:00+00:00,202309,3430,183,3247
2023-09-14T21:30:00+00:00,202309,3430,199,3231
2023-09-14T22:00:00+00:00,202309,3430,157,3273
2023-09-14T22:30:00+00:00,202309,3430,161,3269
2023-09-14T23:00:00+00:00,202309,3430,135,3295
2023-09-14T23:30:00+00:00,202309,3430,108,3322
2023-09-15T00:00:00+00:00,202309,3430,64,3366
2023-09-15T00:30:00+00:00,202309,3430,27,3403
2023-09-15T01:00:00+00:00,202309,3430,21,3409
2023-09-15T01:30:00+00:00,202309,3430,14,3416
2023-09-15T02:00:00+00:00,202309,3430,5,3425
2023-09-15T02:30:00+00:00,202309,3430,0,3430
2023-09-15T03:00:00+00:00,202309,3430,0,3430
2023-09-15T03:30:00+00:00,202309,3430,5,3425
2023-09-15T04:00:00+00:00,202309,3430,9,3421
2023-09-15T04:30:00+00:00,202309,3430,17,3413
2023-09-15T05:00:00+00:00,202309,3430,21,3409
2023-09-15T05:30:00+00:00,202309,3430,30,3400
2023-09-15T06:00:00+00:00,202309,3430,64,3366
2023-09-15T06:30:00+00:00,202309,3430,80,3350
2023-09-15T07:00:00+00:00,202309,3430,121,3309
2023-09-15T07:30:00+00:00,202309,3430,143,3287
2023-09-15T08:00:00+00:00,202309,3430,255,3175
2023-09-15T08:30:00+00:00,202309,3430,295,3135
2023-09-15T09:00:00+00:00,202309,3430,272,3158
2023-09-15T09:30:00+00:00,202309,3430,172,3258
2023-09-15T10:00:00+00:00,202309,3430,160,3270
2023-09-15T10:30:00+00:00,202309,3430,137,3293
2023-09-15T11:00:00+00:00,202309,3430,95,3335
2023-09-15T11:30:00+00:00,202309,3430,133,3297
2023-09-15T12:00:00+00:00,202309,3430,115,3315
2023-09-15T12:30:00+00:00,202309,3430,67,3363
2023-09-15T13:00:00+00:00,202309,3430,57,3373
2023-09-15T14:00:00+00:00,202309,3430,42,3388
2023-09-15T14:30:00+00:00,202309,3430,37,3393
2023-09-15T15:00:00+00:00,202309,3430,30,3400
2023-09-15T15:30:00+00:00,202309,3430,65,3365
2023-09-15T16:00:00+00:00,202309,3430,56,3374
2023-09-15T16:30:00+00:00,202309,3430,66,3364
2023-09-15T17:00:00+00:00,202309,3430,88,3342
2023-09-15T17:30:00+00:00,202309,3430,74,3356
2023-09-15T18:00:00+00:00,202309,3430,81,3349
2023-09-15T18:30:00+00:00,202309,3430,103,3327
2023-09-15T19:00:00+00:00,202309,3430,101,3329
2023-09-15T19:30:00+00:00,202309,3430,111,3319
2023-09-15T20:00:00+00:00,202309,3430,82,3348
2023-09-15T20:30:00+00:00,202309,3430,120,3310
2023-09-15T21:00:00+00:00,202309,3430,115,3315
2023-09-15T21:30:00+00:00,202309,3430,101,3329
2023-09-15T22:00:00+00:00,202309,3430,54,3376
2023-09-15T22:30:00+00:00,202309,3430,74,3356
2023-09-15T23:00:00+00:00,202309,3430,72,3358
2023-09-15T23:30:00+00:00,202309,3430,65,3365
2023-09-16T00:00:00+00:00,202309,3430,44,3386
2023-09-16T00:30:00+00:00,202309,3430,31,3399
2023-09-16T01:00:00+00:00,202309,3430,11,3419
2023-09-16T01:30:00+00:00,202309,3430,6,3424
2023-09-16T02:00:00+00:00,202309,3430,5,3425
2023-09-16T02:30:00+00:00,202309,3430,4,3426
2023-09-16T03:00:00+00:00,202309,3430,6,3424
2023-09-16T03:30:00+00:00,202309,3430,15,3415
2023-09-16T04:00:00+00:00,202309,3430,20,3410
2023-09-16T04:30:00+00:00,202309,3430,25,3405
2023-09-16T05:00:00+00:00,202309,3430,51,3379
2023-09-16T05:30:00+00:00,202309,3430,71,3359
2023-09-16T06:00:00+00:00,202309,3430,70,3360
2023-09-16T06:30:00+00:00,202309,3430,121,3309
2023-09-16T07:00:00+00:00,202309,3430,234,3196
2023-09-16T07:30:00+00:00,202309,3430,359,3071
2023-09-16T08:00:00+00:00,202309,3430,546,2884
2023-09-16T08:30:00+00:00,202309,3430,675,2755
2023-09-16T09:00:00+00:00,202309,3430,564,2866
2023-09-16T09:30:00+00:00,202309,3430,482,2948
2023-09-16T10:00:00+00:00,202309,3430,360,3070
2023-09-16T10:30:00+00:00,202309,3430,309,3121
2023-09-16T11:00:00+00:00,202309,3430,237,3193
2023-09-16T11:30:00+00:00,202309,3430,252,3178
2023-09-16T12:00:00+00:00,202309,3430,197,3233
2023-09-16T12:30:00+00:00,202309,3430,150,3280
2023-09-16T13:00:00+00:00,202309,3430,121,3309
2023-09-16T14:00:00+00:00,202309,3430,31,3399
2023-09-16T14:30:00+00:00,202309,3430,21,3409
2023-09-16T15:00:00+00:00,202309,3430,38,3392
2023-09-16T15:30:00+00:00,202309,3430,43,3387
2023-09-16T16:00:00+00:00,202309,3430,47,3383
2023-09-16T17:00:00+00:00,202309,3430,68,3362
2023-09-16T17:30:00+00:00,202309,3430,65,3365
2023-09-16T18:00:00+00:00,202309,3430,83,3347
2023-09-16T18:30:00+00:00,202309,3430,105,3325
2023-09-16T19:00:00+00:00,202309,3430,138,3292
2023-09-16T19:30:00+00:00,202309,3430,200,3230
2023-09-16T20:00:00+00:00,202309,3430,202,3228
2023-09-16T20:30:00+00:00,202309,3430,240,3190
2023-09-16T21:00:00+00:00,202309,3430,247,3183
2023-09-16T21:30:00+00:00,202309,3430,210,3220
2023-09-16T22:00:00+00:00,202309,3430,175,3255
2023-09-16T22:30:00+00:00,202309,3430,175,3255
2023-09-16T23:00:00+00:00,202309,3430,164,3266
2023-09-16T23:30:00+00:00,202309,3430,133,3297
2023-09-17T00:00:00+00:00,202309,3430,84,3346
2023-09-17T00:30:00+00:00,202309,3430,55,3375
2023-09-17T01:00:00+00:00,202309,3430,48,3382
2023-09-17T01:30:00+00:00,202309,3430,28,3402
2023-09-17T02:00:00+00:00,202309,3430,22,3408
2023-09-17T02:30:00+00:00,202309,3430,28,3402
2023-09-17T03:00:00+00:00,202309,3430,41,3389
2023-09-17T03:30:00+00:00,202309,3430,43,3387
2023-09-17T04:00:00+00:00,202309,3430,39,3391
2023-09-17T04:30:00+00:00,202309,3430,67,3363
2023-09-17T05:00:00+00:00,202309,3430,86,3344
2023-09-17T05:30:00+00:00,202309,3430,162,3268
2023-09-17T06:00:00+00:00,202309,3430,224,3206
2023-09-17T06:30:00+00:00,202309,3430,344,3086
2023-09-17T07:00:00+00:00,202309,3430,583,2847
2023-09-17T07:30:00+00:00,202309,3430,620,2810
2023-09-17T08:00:00+00:00,202309,3430,769,2661
2023-09-17T08:30:00+00:00,202309,3430,729,2701
2023-09-17T09:00:00+00:00,202309,3430,510,2920
2023-09-17T09:30:00+00:00,202309,3430,533,2897
2023-09-17T10:00:00+00:00,202309,3430,464,2966
2023-09-17T10:30:00+00:00,202309,3430,365,3065
2023-09-17T11:00:00+00:00,202309,3430,374,3056
2023-09-17T11:30:00+00:00,202309,3430,350,3080
2023-09-17T12:00:00+00:00,202309,3430,253,3177
2023-09-17T12:30:00+00:00,202309,3430,137,3293
2023-09-17T13:00:00+00:00,202309,3430,77,3353
2023-09-17T14:00:00+00:00,202309,3430,42,3388
2023-09-17T14:30:00+00:00,202309,3430,35,3395
2023-09-17T15:00:00+00:00,202309,3430,29,3401
2023-09-17T15:30:00+00:00,202309,3430,52,3378
2023-09-17T16:00:00+00:00,202309,3430,54,3376
2023-09-17T16:30:00+00:00,202309,3430,86,3344
2023-09-17T17:00:00+00:00,202309,3430,128,3302
2023-09-17T17:30:00+00:00,202309,3430,160,3270
2023-09-17T18:00:00+00:00,202309,3430,224,3206
2023-09-17T18:30:00+00:00,202309,3430,218,3212
2023-09-17T19:00:00+00:00,202309,3430,214,3216
2023-09-17T19:30:00+00:00,202309,3430,221,3209
2023-09-17T20:00:00+00:00,202309,3430,298,3132
2023-09-17T20:30:00+00:00,202309,3430,401,3029
2023-09-17T21:00:00+00:00,202309,3430,528,2902
2023-09-17T21:30:00+00:00,202309,3430,488,2942
2023-09-17T22:00:00+00:00,202309,3430,656,2774
2023-09-17T22:30:00+00:00,202309,3430,648,2782
2023-09-17T23:00:00+00:00,202309,3430,586,2844
2023-09-17T23:30:00+00:00,202309,3430,581,2849
2023-09-18T00:00:00+00:00,202309,3430,525,2905
2023-09-18T00:30:00+00:00,202309,3430,409,3021
2023-09-18T01:00:00+00:00,202309,3430,310,3120
2023-09-18T01:30:00+00:00,202309,3430,257,3173
2023-09-18T02:00:00+00:00,202309,3430,199,3231
2023-09-18T02:30:00+00:00,202309,3430,117,3313
2023-09-18T03:00:00+00:00,202309,3430,103,3327
2023-09-18T03:30:00+00:00,202309,3430,110,3320
2023-09-18T04:00:00+00:00,202309,3430,301,3129
2023-09-18T04:30:00+00:00,202309,3430,345,3085
2023-09-18T05:00:00+00:00,202309,3430,394,3036
2023-09-18T05:30:00+00:00,202309,3430,318,3112
2023-09-18T06:00:00+00:00,202309,3430,284,3146
2023-09-18T06:30:00+00:00,202309,3430,290,3140
2023-09-18T07:00:00+00:00,202309,3430,356,3074
2023-09-18T07:30:00+00:00,202309,3430,588,2842
2023-09-18T08:00:00+00:00,202309,3430,722,2708
2023-09-18T08:30:00+00:00,202309,3430,854,2576
2023-09-18T09:00:00+00:00,202309,3430,848,2582
2023-09-18T09:30:00+00:00,202309,3430,814,2616
2023-09-18T10:00:00+00:00,202309,3430,772,2658
2023-09-18T11:00:00+00:00,202309,3430,732,2698
2023-09-18T11:30:00+00:00,202309,3430,667,2763
2023-09-18T12:00:00+00:00,202309,3430,593,2837
2023-09-18T12:30:00+00:00,202309,3430,457,2973
2023-09-18T13:00:00+00:00,202309,3430,333,3097
2023-09-18T14:00:00+00:00,202309,3430,139,3291
2023-09-18T14:30:00+00:00,202309,3430,66,3364
2023-09-18T15:00:00+00:00,202309,3430,63,3367
2023-09-18T15:30:00+00:00,202309,3430,62,3368
2023-09-18T16:00:00+00:00,202309,3430,86,3344
2023-09-18T16:30:00+00:00,202309,3430,107,3323
2023-09-18T17:00:00+00:00,202309,3430,180,3250
2023-09-18T17:30:00+00:00,202309,3430,222,3208
2023-09-18T18:00:00+00:00,202309,3430,254,3176
2023-09-18T18:30:00+00:00,202309,3430,343,3087
2023-09-18T19:00:00+00:00,202309,3430,345,3085
2023-09-18T19:30:00+00:00,202309,3430,377,3053
2023-09-18T20:00:00+00:00,202309,3430,346,3084
2023-09-18T20:30:00+00:00,202309,3430,306,3124
2023-09-18T21:00:00+00:00,202309,3430,326,3104
2023-09-18T21:30:00+00:00,202309,3430,348,3082
2023-09-18T22:00:00+00:00,202309,3430,448,2982
2023-09-18T22:30:00+00:00,202309,3430,468,2962
2023-09-18T23:00:00+00:00,202309,3430,508,2922
2023-09-18T23:30:00+00:00,202309,3430,555,2875
2023-09-19T00:00:00+00:00,202309,3430,552,2878
2023-09-19T00:30:00+00:00,202309,3430,516,2914
2023-09-19T01:00:00+00:00,202309,3430,344,3086
2023-09-19T01:30:00+00:00,202309,3430,251,3179
2023-09-19T02:00:00+00:00,202309,3430,251,3179
2023-09-19T02:30:00+00:00,202309,3430,189,3241
2023-09-19T03:00:00+00:00,202309,3430,136,3294
2023-09-19T03:30:00+00:00,202309,3430,222,3208
2023-09-19T04:00:00+00:00,202309,3430,221,3209
2023-09-19T04:30:00+00:00,202309,3430,237,3193
2023-09-19T05:00:00+00:00,202309,3430,277,3153
2023-09-19T05:30:00+00:00,202309,3430,320,3110
2023-09-19T06:00:00+00:00,202309,3430,364,3066
2023-09-19T06:30:00+00:00,202309,3430,470,2960
2023-09-19T07:00:00+00:00,202309,3430,602,2828
2023-09-19T07:30:00+00:00,202309,3430,613,2817
2023-09-19T08:00:00+00:00,202309,3430,723,2707
2023-09-19T08:30:00+00:00,202309,3430,688,2742
2023-09-19T09:00:00+00:00,202309,3430,644,2786
2023-09-19T09:30:00+00:00,202309,3430,646,2784
2023-09-19T10:00:00+00:00,202309,3430,588,2842
2023-09-19T10:30:00+00:00,202309,3430,517,2913
2023-09-19T11:00:00+00:00,202309,3430,459,2971
2023-09-19T11:30:00+00:00,202309,3430,360,3070
2023-09-19T12:00:00+00:00,202309,3430,364,3066
2023-09-19T12:30:00+00:00,202309,3430,289,3141
2023-09-19T13:00:00+00:00,202309,3430,240,3190
2023-09-19T14:00:00+00:00,202309,3430,84,3346
2023-09-19T14:30:00+00:00,202309,3430,50,3380
2023-09-19T15:00:00+00:00,202309,3430,47,3383
2023-09-19T15:30:00+00:00,202309,3430,161,3269
2023-09-19T16:00:00+00:00,202309,3430,157,3273
2023-09-19T16:30:00+00:00,202309,3430,173,3257
2023-09-19T17:00:00+00:00,202309,3430,187,3243
2023-09-19T17:30:00+00:00,202309,3430,247,3183
2023-09-19T18:00:00+00:00,202309,3430,158,3272
2023-09-19T18:30:00+00:00,202309,3430,203,3227
2023-09-19T19:00:00+00:00,202309,3430,267,3163
2023-09-19T19:30:00+00:00,202309,3430,305,3125
2023-09-19T20:00:00+00:00,202309,3430,348,3082
2023-09-19T20:30:00+00:00,202309,3430,409,3021
2023-09-19T21:00:00+00:00,202309,3430,389,3041
2023-09-19T21:30:00+00:00,202309,3430,333,3097
2023-09-19T22:00:00+00:00,202309,3430,358,3072
2023-09-19T22:30:00+00:00,202309,3430,385,3045
2023-09-19T23:00:00+00:00,202309,3430,392,3038
2023-09-19T23:30:00+00:00,202309,3430,407,3023
2023-09-20T00:00:00+00:00,202309,3430,371,3059
2023-09-20T00:30:00+00:00,202309,3430,417,3013
2023-09-20T01:00:00+00:00,202309,3430,326,3104
2023-09-20T01:30:00+00:00,202309,3430,250,3180
2023-09-20T02:00:00+00:00,202309,3430,108,3322
2023-09-20T02:30:00+00:00,202309,3430,86,3344
2023-09-20T03:00:00+00:00,202309,3430,99,3331
2023-09-20T03:30:00+00:00,202309,3430,138,3292
2023-09-20T04:00:00+00:00,202309,3430,259,3171
2023-09-20T04:30:00+00:00,202309,3430,272,3158
2023-09-20T05:00:00+00:00,202309,3430,357,3073
2023-09-20T05:30:00+00:00,202309,3430,352,3078
2023-09-20T06:00:00+00:00,202309,3430,331,3099
2023-09-20T06:30:00+00:00,202309,3430,348,3082
2023-09-20T07:00:00+00:00,202309,3430,469,2961
2023-09-20T07:30:00+00:00,202309,3430,675,2755
2023-09-20T08:00:00+00:00,202309,3430,849,2581
2023-09-20T08:30:00+00:00,202309,3430,1096,2334
2023-09-20T09:00:00+00:00,202309,3430,1212,2218
2023-09-20T09:30:00+00:00,202309,3430,1107,2323
2023-09-20T10:00:00+00:00,202309,3430,872,2558
2023-09-20T10:30:00+00:00,202309,3430,890,2540
2023-09-20T11:00:00+00:00,202309,3430,769,2661
2023-09-20T11:30:00+00:00,202309,3430,668,2762
2023-09-20T12:00:00+00:00,202309,3430,578,2852
2023-09-20T12:30:00+00:00,202309,3430,508,2922
2023-09-20T13:00:00+00:00,202309,3430,294,3136
2023-09-20T14:00:00+00:00,202309,3430,137,3293
2023-09-20T14:30:00+00:00,202309,3430,122,3308
2023-09-20T15:00:00+00:00,202309,3430,104,3326
2023-09-20T15:30:00+00:00,202309,3430,351,3079
2023-09-20T16:00:00+00:00,202309,3430,378,3052
2023-09-20T16:30:00+00:00,202309,3430,458,2972
2023-09-20T17:00:00+00:00,202309,3430,376,3054
2023-09-20T17:30:00+00:00,202309,3430,388,3042
2023-09-20T18:00:00+00:00,202309,3430,382,3048
2023-09-20T18:30:00+00:00,202309,3430,365,3065
2023-09-20T19:00:00+00:00,202309,3430,351,3079
2023-09-20T19:30:00+00:00,202309,3430,376,3054
2023-09-20T20:00:00+00:00,202309,3430,422,3008
2023-09-20T20:30:00+00:00,202309,3430,491,2939
2023-09-20T21:00:00+00:00,202309,3430,520,2910
2023-09-20T21:30:00+00:00,202309,3430,574,2856
2023-09-20T22:00:00+00:00,202309,3430,569,2861
2023-09-20T22:30:00+00:00,202309,3430,537,2893
2023-09-20T23:00:00+00:00,202309,3430,547,2883
2023-09-20T23:30:00+00:00,202309,3430,507,2923
2023-09-21T00:00:00+00:00,202309,3430,488,2942
2023-09-21T00:30:00+00:00,202309,3430,464,2966
2023-09-21T01:00:00+00:00,202309,3430,426,3004
2023-09-21T01:30:00+00:00,202309,3430,283,3147
2023-09-21T02:00:00+00:00,202309,3430,256,3174
2023-09-21T02:30:00+00:00,202309,3430,243,3187
2023-09-21T03:00:00+00:00,202309,3430,357,3073
2023-09-21T03:30:00+00:00,202309,3430,355,3075
2023-09-21T04:00:00+00:00,202309,3430,432,2998
2023-09-21T04:30:00+00:00,202309,3430,477,2953
2023-09-21T05:00:00+00:00,202309,3430,523,2907
2023-09-21T05:30:00+00:00,202309,3430,483,2947
2023-09-21T06:00:00+00:00,202309,3430,364,3066
2023-09-21T06:30:00+00:00,202309,3430,309,3121
2023-09-21T07:00:00+00:00,202309,3430,550,2880
2023-09-21T07:30:00+00:00,202309,3430,741,2689
2023-09-21T08:00:00+00:00,202309,3430,892,2538
2023-09-21T08:30:00+00:00,202309,3430,1038,2392
2023-09-21T09:00:00+00:00,202309,3430,1191,2239
2023-09-21T09:30:00+00:00,202309,3430,1011,2419
2023-09-21T10:00:00+00:00,202309,3430,833,2597
2023-09-21T10:30:00+00:00,202309,3430,581,2849
2023-09-21T11:00:00+00:00,202309,3430,442,2988
2023-09-21T11:30:00+00:00,202309,3430,579,2851
2023-09-21T12:00:00+00:00,202309,3430,455,2975
2023-09-21T12:30:00+00:00,202309,3430,356,3074
2023-09-21T13:00:00+00:00,202309,3430,126,3304
2023-09-21T13:30:00+00:00,202309,3430,73,3357
2023-09-21T14:00:00+00:00,202309,3430,34,3396
2023-09-21T14:30:00+00:00,202309,3430,28,3402
2023-09-21T15:00:00+00:00,202309,3430,174,3256
2023-09-21T15:30:00+00:00,202309,3430,172,3258
2023-09-21T16:00:00+00:00,202309,3430,201,3229
2023-09-21T16:30:00+00:00,202309,3430,192,3238
2023-09-21T17:00:00+00:00,202309,3430,203,3227
2023-09-21T17:30:00+00:00,202309,3430,180,3250
2023-09-21T18:00:00+00:00,202309,3430,131,3299
2023-09-21T18:30:00+00:00,202309,3430,152,3278
2023-09-21T19:00:00+00:00,202309,3430,204,3226
2023-09-21T19:30:00+00:00,202309,3430,279,3151
2023-09-21T20:00:00+00:00,202309,3430,258,3172
2023-09-21T20:30:00+00:00,202309,3430,287,3143
2023-09-21T21:00:00+00:00,202309,3430,467,2963
2023-09-21T21:30:00+00:00,202309,3430,474,2956
2023-09-21T22:00:00+00:00,202309,3430,407,3023
2023-09-21T22:30:00+00:00,202309,3430,384,3046
2023-09-21T23:00:00+00:00,202309,3430,385,3045
2023-09-21T23:30:00+00:00,202309,3430,328,3102
2023-09-22T00:00:00+00:00,202309,3430,302,3128
2023-09-22T00:30:00+00:00,202309,3430,245,3185
2023-09-22T01:00:00+00:00,202309,3430,203,3227
2023-09-22T01:30:00+00:00,202309,3430,99,3331
2023-09-22T02:00:00+00:00,202309,3430,69,3361
2023-09-22T02:30:00+00:00,202309,3430,49,3381
2023-09-22T03:00:00+00:00,202309,3430,43,3387
2023-09-22T03:30:00+00:00,202309,3430,62,3368
2023-09-22T04:00:00+00:00,202309,3430,63,3367
2023-09-22T04:30:00+00:00,202309,3430,133,3297
2023-09-22T05:00:00+00:00,202309,3430,188,3242
2023-09-22T05:30:00+00:00,202309,3430,153,3277
2023-09-22T06:00:00+00:00,202309,3430,179,3251
2023-09-22T06:30:00+00:00,202309,3430,241,3189
2023-09-22T07:00:00+00:00,202309,3430,386,3044
2023-09-22T07:30:00+00:00,202309,3430,699,2731
2023-09-22T08:00:00+00:00,202309,3430,938,2492
2023-09-22T08:30:00+00:00,202309,3430,1069,2361
2023-09-22T09:00:00+00:00,202309,3430,1034,2396
2023-09-22T09:30:00+00:00,202309,3430,692,2738
2023-09-22T10:00:00+00:00,202309,3430,558,2872
2023-09-22T10:30:00+00:00,202309,3430,401,3029
2023-09-22T11:00:00+00:00,202309,3430,229,3201
2023-09-22T11:30:00+00:00,202309,3430,227,3203
2023-09-22T12:00:00+00:00,202309,3430,149,3281
2023-09-22T12:30:00+00:00,202309,3430,97,3333
2023-09-22T13:00:00+00:00,202309,3430,54,3376
2023-09-22T13:30:00+00:00,202309,3430,51,3379
2023-09-22T14:00:00+00:00,202309,3430,34,3396
2023-09-22T14:30:00+00:00,202309,3430,33,3397
2023-09-22T15:00:00+00:00,202309,3430,35,3395
2023-09-22T15:30:00+00:00,202309,3430,46,3384
2023-09-22T16:00:00+00:00,202309,3430,55,3375
2023-09-22T16:30:00+00:00,202309,3430,56,3374
2023-09-22T17:00:00+00:00,202309,3430,72,3358
2023-09-22T17:30:00+00:00,202309,3430,83,3347
2023-09-22T18:00:00+00:00,202309,3430,104,3326
2023-09-22T18:30:00+00:00,202309,3430,101,3329
2023-09-22T19:00:00+00:00,202309,3430,141,3289
2023-09-22T19:30:00+00:00,202309,3430,199,3231
2023-09-22T20:00:00+00:00,202309,3430,220,3210
2023-09-22T20:30:00+00:00,202309,3430,219,3211
2023-09-22T21:00:00+00:00,202309,3430,235,3195
2023-09-22T21:30:00+00:00,202309,3430,224,3206
2023-09-22T22:00:00+00:00,202309,3430,197,3233
2023-09-22T22:30:00+00:00,202309,3430,199,3231
2023-09-22T23:00:00+00:00,202309,3430,170,3260
2023-09-22T23:30:00+00:00,202309,3430,124,3306
2023-09-23T00:00:00+00:00,202309,3430,90,3340
2023-09-23T00:30:00+00:00,202309,3430,77,3353
2023-09-23T01:00:00+00:00,202309,3430,46,3384
2023-09-23T01:30:00+00:00,202309,3430,16,3414
2023-09-23T02:00:00+00:00,202309,3430,6,3424
2023-09-23T02:30:00+00:00,202309,3430,3,3427
2023-09-23T03:00:00+00:00,202309,3430,9,3421
2023-09-23T03:30:00+00:00,202309,3430,26,3404
2023-09-23T04:00:00+00:00,202309,3430,49,3381
2023-09-23T04:30:00+00:00,202309,3430,62,3368
2023-09-23T05:00:00+00:00,202309,3430,110,3320
2023-09-23T05:30:00+00:00,202309,3430,153,3277
2023-09-23T06:00:00+00:00,202309,3430,113,3317
2023-09-23T06:30:00+00:00,202309,3430,157,3273
2023-09-23T07:00:00+00:00,202309,3430,250,3180
2023-09-23T07:30:00+00:00,202309,3430,388,3042
2023-09-23T08:00:00+00:00,202309,3430,546,2884
2023-09-23T08:30:00+00:00,202309,3430,740,2690
2023-09-23T09:00:00+00:00,202309,3430,666,2764
2023-09-23T09:30:00+00:00,202309,3430,419,3011
2023-09-23T10:00:00+00:00,202309,3430,355,3075
2023-09-23T10:30:00+00:00,202309,3430,250,3180
2023-09-23T11:00:00+00:00,202309,3430,142,3288
2023-09-23T11:30:00+00:00,202309,3430,93,3337
2023-09-23T12:00:00+00:00,202309,3430,48,3382
2023-09-23T12:30:00+00:00,202309,3430,32,3398
2023-09-23T13:00:00+00:00,202309,3430,23,3407
2023-09-23T13:30:00+00:00,202309,3430,24,3406
2023-09-23T14:00:00+00:00,202309,3430,25,3405
2023-09-23T14:30:00+00:00,202309,3430,33,3397
2023-09-23T15:00:00+00:00,202309,3430,36,3394
2023-09-23T15:30:00+00:00,202309,3430,52,3378
2023-09-23T16:00:00+00:00,202309,3430,59,3371
2023-09-23T16:30:00+00:00,202309,3430,98,3332
2023-09-23T17:00:00+00:00,202309,3430,96,3334
2023-09-23T17:30:00+00:00,202309,3430,110,3320
2023-09-23T18:00:00+00:00,202309,3430,85,3345
2023-09-23T18:30:00+00:00,202309,3430,102,3328
2023-09-23T19:00:00+00:00,202309,3430,146,3284
2023-09-23T19:30:00+00:00,202309,3430,211,3219
2023-09-23T20:00:00+00:00,202309,3430,305,3125
2023-09-23T20:30:00+00:00,202309,3430,355,3075
2023-09-23T21:00:00+00:00,202309,3430,453,2977
2023-09-23T21:30:00+00:00,202309,3430,460,2970
2023-09-23T22:00:00+00:00,202309,3430,383,3047
2023-09-23T22:30:00+00:00,202309,3430,380,3050
2023-09-23T23:00:00+00:00,202309,3430,323,3107
2023-09-23T23:30:00+00:00,202309,3430,277,3153
2023-09-24T00:00:00+00:00,202309,3430,241,3189
2023-09-24T00:30:00+00:00,202309,3430,207,3223
2023-09-24T01:00:00+00:00,202309,3430,84,3346
2023-09-24T01:30:00+00:00,202309,3430,43,3387
2023-09-24T02:00:00+00:00,202309,3430,35,3395
2023-09-24T02:30:00+00:00,202309,3430,30,3400
2023-09-24T03:00:00+00:00,202309,3430,16,3414
2023-09-24T03:30:00+00:00,202309,3430,43,3387
2023-09-24T04:00:00+00:00,202309,3430,69,3361
2023-09-24T04:30:00+00:00,202309,3430,80,3350
2023-09-24T05:00:00+00:00,202309,3430,35,3395
2023-09-24T05:30:00+00:00,202309,3430,16,3414
2023-09-24T06:00:00+00:00,202309,3430,48,3382
2023-09-24T06:30:00+00:00,202309,3430,128,3302
2023-09-24T07:00:00+00:00,202309,3430,199,3231
2023-09-24T07:30:00+00:00,202309,3430,380,3050
2023-09-24T08:00:00+00:00,202309,3430,636,2794
2023-09-24T08:30:00+00:00,202309,3430,767,2663
2023-09-24T09:00:00+00:00,202309,3430,723,2707
2023-09-24T09:30:00+00:00,202309,3430,677,2753
2023-09-24T10:00:00+00:00,202309,3430,482,2948
2023-09-24T10:30:00+00:00,202309,3430,348,3082
2023-09-24T11:00:00+00:00,202309,3430,321,3109
2023-09-24T11:30:00+00:00,202309,3430,240,3190
2023-09-24T12:00:00+00:00,202309,3430,166,3264
2023-09-24T12:30:00+00:00,202309,3430,142,3288
2023-09-24T13:00:00+00:00,202309,3430,113,3317
2023-09-24T13:30:00+00:00,202309,3430,91,3339
2023-09-24T14:00:00+00:00,202309,3430,44,3386
2023-09-24T14:30:00+00:00,202309,3430,38,3392
2023-09-24T15:00:00+00:00,202309,3430,45,3385
2023-09-24T15:30:00+00:00,202309,3430,98,3332
2023-09-24T16:00:00+00:00,202309,3430,106,3324
2023-09-24T16:30:00+00:00,202309,3430,125,3305
2023-09-24T17:00:00+00:00,202309,3430,156,3274
2023-09-24T17:30:00+00:00,202309,3430,166,3264
2023-09-24T18:00:00+00:00,202309,3430,141,3289
2023-09-24T18:30:00+00:00,202309,3430,161,3269
2023-09-24T19:00:00+00:00,202309,3430,230,3200
2023-09-24T19:30:00+00:00,202309,3430,312,3118
2023-09-24T20:00:00+00:00,202309,3430,339,3091
2023-09-24T20:30:00+00:00,202309,3430,405,3025
2023-09-24T21:00:00+00:00,202309,3430,467,2963
2023-09-24T21:30:00+00:00,202309,3430,450,2980
2023-09-24T22:00:00+00:00,202309,3430,449,2981
2023-09-24T22:30:00+00:00,202309,3430,387,3043
2023-09-24T23:00:00+00:00,202309,3430,294,3136
2023-09-24T23:30:00+00:00,202309,3430,251,3179
2023-09-25T00:00:00+00:00,202309,3430,174,3256
2023-09-25T00:30:00+00:00,202309,3430,104,3326
2023-09-25T01:00:00+00:00,202309,3430,75,3355
2023-09-25T01:30:00+00:00,202309,3430,23,3407
2023-09-25T02:00:00+00:00,202309,3430,11,3419
2023-09-25T02:30:00+00:00,202309,3430,4,3426
2023-09-25T03:00:00+00:00,202309,3430,5,3425
2023-09-25T03:30:00+00:00,202309,3430,29,3401
2023-09-25T04:00:00+00:00,202309,3430,23,3407
2023-09-25T04:30:00+00:00,202309,3430,59,3371
2023-09-25T05:00:00+00:00,202309,3430,86,3344
2023-09-25T05:30:00+00:00,202309,3430,118,3312
2023-09-25T06:00:00+00:00,202309,3430,142,3288
2023-09-25T06:30:00+00:00,202309,3430,196,3234
2023-09-25T07:00:00+00:00,202309,3430,311,3119
2023-09-25T07:30:00+00:00,202309,3430,396,3034
2023-09-25T08:00:00+00:00,202309,3430,508,2922
2023-09-25T08:30:00+00:00,202309,3430,546,2884
2023-09-25T09:00:00+00:00,202309,3430,467,2963
2023-09-25T09:30:00+00:00,202309,3430,619,2811
2023-09-25T10:00:00+00:00,202309,3430,543,2887
2023-09-25T10:30:00+00:00,202309,3430,460,2970
2023-09-25T11:00:00+00:00,202309,3430,450,2980
2023-09-25T11:30:00+00:00,202309,3430,362,3068
2023-09-25T12:00:00+00:00,202309,3430,304,3126
2023-09-25T12:30:00+00:00,202309,3430,235,3195
2023-09-25T13:00:00+00:00,202309,3430,144,3286
2023-09-25T13:30:00+00:00,202309,3430,113,3317
2023-09-25T14:00:00+00:00,202309,3430,73,3357
2023-09-25T14:30:00+00:00,202309,3430,44,3386
2023-09-25T15:00:00+00:00,202309,3430,48,3382
2023-09-25T15:30:00+00:00,202309,3430,74,3356
2023-09-25T16:00:00+00:00,202309,3430,90,3340
2023-09-25T16:30:00+00:00,202309,3430,138,3292
2023-09-25T17:00:00+00:00,202309,3430,153,3277
2023-09-25T17:30:00+00:00,202309,3430,184,3246
2023-09-25T18:00:00+00:00,202309,3430,174,3256
2023-09-25T18:30:00+00:00,202309,3430,197,3233
2023-09-25T19:00:00+00:00,202309,3430,193,3237
2023-09-25T19:30:00+00:00,202309,3430,219,3211
2023-09-25T20:00:00+00:00,202309,3430,271,3159
2023-09-25T20:30:00+00:00,202309,3430,281,3149
2023-09-25T21:00:00+00:00,202309,3430,336,3094
2023-09-25T21:30:00+00:00,202309,3430,345,3085
2023-09-25T22:00:00+00:00,202309,3430,414,3016
2023-09-25T22:30:00+00:00,202309,3430,430,3000
2023-09-25T23:00:00+00:00,202309,3430,429,3001
2023-09-25T23:30:00+00:00,202309,3430,424,3006
2023-09-26T00:00:00+00:00,202309,3430,374,3056
2023-09-26T00:30:00+00:00,202309,3430,325,3105
2023-09-26T01:00:00+00:00,202309,3430,212,3218
2023-09-26T01:30:00+00:00,202309,3430,133,3297
2023-09-26T02:00:00+00:00,202309,3430,103,3327
2023-09-26T02:30:00+00:00,202309,3430,63,3367
2023-09-26T03:00:00+00:00,202309,3430,42,3388
2023-09-26T03:30:00+00:00,202309,3430,53,3377
2023-09-26T04:00:00+00:00,202309,3430,58,3372
2023-09-26T04:30:00+00:00,202309,3430,145,3285
2023-09-26T05:00:00+00:00,202309,3430,208,3222
2023-09-26T05:30:00+00:00,202309,3430,280,3150
2023-09-26T06:00:00+00:00,202309,3430,434,2996
2023-09-26T06:30:00+00:00,202309,3430,448,2982
2023-09-26T07:00:00+00:00,202309,3430,471,2959
2023-09-26T07:30:00+00:00,202309,3430,381,3049
2023-09-26T08:00:00+00:00,202309,3430,477,2953
2023-09-26T08:30:00+00:00,202309,3430,497,2933
2023-09-26T09:00:00+00:00,202309,3430,596,2834
2023-09-26T09:30:00+00:00,202309,3430,655,2775
2023-09-26T10:00:00+00:00,202309,3430,735,2695
2023-09-26T10:30:00+00:00,202309,3430,801,2629
2023-09-26T11:00:00+00:00,202309,3430,820,2610
2023-09-26T11:30:00+00:00,202309,3430,727,2703
2023-09-26T12:00:00+00:00,202309,3430,478,2952
2023-09-26T12:30:00+00:00,202309,3430,319,3111
2023-09-26T13:00:00+00:00,202309,3430,259,3171
2023-09-26T13:30:00+00:00,202309,3430,153,3277
2023-09-26T14:00:00+00:00,202309,3430,123,3307
2023-09-26T14:30:00+00:00,202309,3430,97,3333
2023-09-26T15:00:00+00:00,202309,3430,93,3337
2023-09-26T15:30:00+00:00,202309,3430,56,3374
2023-09-26T16:00:00+00:00,202309,3430,48,3382
2023-09-26T16:30:00+00:00,202309,3430,43,3387
2023-09-26T17:00:00+00:00,202309,3430,92,3338
2023-09-26T17:30:00+00:00,202309,3430,95,3335
2023-09-26T18:00:00+00:00,202309,3430,163,3267
2023-09-26T18:30:00+00:00,202309,3430,139,3291
2023-09-26T19:00:00+00:00,202309,3430,121,3309
2023-09-26T19:30:00+00:00,202309,3430,125,3305
2023-09-26T20:00:00+00:00,202309,3430,151,3279
2023-09-26T20:30:00+00:00,202309,3430,194,3236
2023-09-26T21:00:00+00:00,202309,3430,179,3251
2023-09-26T21:30:00+00:00,202309,3430,212,3218
2023-09-26T22:00:00+00:00,202309,3430,281,3149
2023-09-26T22:30:00+00:00,202309,3430,313,3117
2023-09-26T23:00:00+00:00,202309,3430,327,3103
2023-09-26T23:30:00+00:00,202309,3430,377,3053
2023-09-27T00:00:00+00:00,202309,3430,376,3054
2023-09-27T00:30:00+00:00,202309,3430,144,3286
2023-09-27T01:00:00+00:00,202309,3430,109,3321
2023-09-27T01:30:00+00:00,202309,3430,94,3336
2023-09-27T02:00:00+00:00,202309,3430,67,3363
2023-09-27T02:30:00+00:00,202309,3430,55,3375
2023-09-27T03:00:00+00:00,202309,3430,50,3380
2023-09-27T03:30:00+00:00,202309,3430,88,3342
2023-09-27T04:00:00+00:00,202309,3430,89,3341
2023-09-27T04:30:00+00:00,202309,3430,130,3300
2023-09-27T05:00:00+00:00,202309,3430,207,3223
2023-09-27T05:30:00+00:00,202309,3430,383,3047
2023-09-27T06:00:00+00:00,202309,3430,568,2862
2023-09-27T06:30:00+00:00,202309,3430,699,2731
2023-09-27T07:00:00+00:00,202309,3430,829,2601
2023-09-27T07:30:00+00:00,202309,3430,660,2770
2023-09-27T08:00:00+00:00,202309,3430,646,2784
2023-09-27T08:30:00+00:00,202309,3430,683,2747
2023-09-27T09:00:00+00:00,202309,3430,835,2595
2023-09-27T09:30:00+00:00,202309,3430,923,2507
2023-09-27T10:00:00+00:00,202309,3430,887,2543
2023-09-27T10:30:00+00:00,202309,3430,769,2661
2023-09-27T11:00:00+00:00,202309,3430,720,2710
2023-09-27T11:30:00+00:00,202309,3430,567,2863
2023-09-27T12:00:00+00:00,202309,3430,458,2972
2023-09-27T12:30:00+00:00,202309,3430,318,3112
2023-09-27T13:00:00+00:00,202309,3430,267,3163
2023-09-27T13:30:00+00:00,202309,3430,208,3222
2023-09-27T14:00:00+00:00,202309,3430,191,3239
2023-09-27T14:30:00+00:00,202309,3430,207,3223
2023-09-27T15:00:00+00:00,202309,3430,191,3239
2023-09-27T15:30:00+00:00,202309,3430,226,3204
2023-09-27T16:00:00+00:00,202309,3430,175,3255
2023-09-27T16:30:00+00:00,202309,3430,214,3216
2023-09-27T17:00:00+00:00,202309,3430,279,3151
2023-09-27T17:30:00+00:00,202309,3430,332,3098
2023-09-27T18:00:00+00:00,202309,3430,335,3095
2023-09-27T18:30:00+00:00,202309,3430,371,3059
2023-09-27T19:00:00+00:00,202309,3430,442,2988
2023-09-27T19:30:00+00:00,202309,3430,499,2931
2023-09-27T20:00:00+00:00,202309,3430,579,2851
2023-09-27T20:30:00+00:00,202309,3430,521,2909
2023-09-27T21:00:00+00:00,202309,3430,585,2845
2023-09-27T21:30:00+00:00,202309,3430,722,2708
2023-09-27T22:00:00+00:00,202309,3430,785,2645
2023-09-27T22:30:00+00:00,202309,3430,756,2674
2023-09-27T23:00:00+00:00,202309,3430,905,2525
2023-09-27T23:30:00+00:00,202309,3430,869,2561
2023-09-28T00:00:00+00:00,202309,3430,776,2654
2023-09-28T00:30:00+00:00,202309,3430,470,2960
2023-09-28T01:00:00+00:00,202309,3430,373,3057
2023-09-28T01:30:00+00:00,202309,3430,372,3058
2023-09-28T02:00:00+00:00,202309,3430,388,3042
2023-09-28T02:30:00+00:00,202309,3430,323,3107
2023-09-28T03:00:00+00:00,202309,3430,340,3090
2023-09-28T03:30:00+00:00,202309,3430,390,3040
2023-09-28T04:00:00+00:00,202309,3430,417,3013
2023-09-28T04:30:00+00:00,202309,3430,498,2932
2023-09-28T05:00:00+00:00,202309,3430,692,2738
2023-09-28T05:30:00+00:00,202309,3430,881,2549
2023-09-28T06:00:00+00:00,202309,3430,870,2560
2023-09-28T06:30:00+00:00,202309,3430,833,2597
2023-09-28T07:00:00+00:00,202309,3430,953,2477
2023-09-28T07:30:00+00:00,202309,3430,1194,2236
2023-09-28T08:00:00+00:00,202309,3430,1545,1885
2023-09-28T08:30:00+00:00,202309,3430,1980,1450
2023-09-28T09:00:00+00:00,202309,3430,2135,1295
2023-09-28T09:30:00+00:00,202309,3430,2007,1423
2023-09-28T10:00:00+00:00,202309,3430,1925,1505
2023-09-28T10:30:00+00:00,202309,3430,1745,1685
2023-09-28T11:00:00+00:00,202309,3430,1582,1848
2023-09-28T11:30:00+00:00,202309,3430,1202,2228
2023-09-28T12:00:00+00:00,202309,3430,966,2464
2023-09-28T12:30:00+00:00,202309,3430,839,2591
2023-09-28T13:00:00+00:00,202309,3430,653,2777
2023-09-28T13:30:00+00:00,202309,3430,501,2929
2023-09-28T14:00:00+00:00,202309,3430,426,3004
2023-09-28T14:30:00+00:00,202309,3430,393,3037
2023-09-28T15:00:00+00:00,202309,3430,508,2922
2023-09-28T15:30:00+00:00,202309,3430,502,2928
2023-09-28T16:00:00+00:00,202309,3430,523,2907
2023-09-28T16:30:00+00:00,202309,3430,335,3095
2023-09-28T17:00:00+00:00,202309,3430,300,3130
2023-09-28T17:30:00+00:00,202309,3430,284,3146
2023-09-28T18:00:00+00:00,202309,3430,263,3167
2023-09-28T18:30:00+00:00,202309,3430,353,3077
2023-09-28T19:00:00+00:00,202309,3430,460,2970
2023-09-28T19:30:00+00:00,202309,3430,638,2792
2023-09-28T20:00:00+00:00,202309,3430,459,2971
2023-09-28T20:30:00+00:00,202309,3430,542,2888
2023-09-28T21:00:00+00:00,202309,3430,781,2649
2023-09-28T21:30:00+00:00,202309,3430,778,2652
2023-09-28T22:00:00+00:00,202309,3430,751,2679
2023-09-28T22:30:00+00:00,202309,3430,884,2546
2023-09-28T23:00:00+00:00,202309,3430,850,2580
2023-09-28T23:30:00+00:00,202309,3430,801,2629
2023-09-29T00:00:00+00:00,202309,3430,444,2986
2023-09-29T00:30:00+00:00,202309,3430,279,3151
2023-09-29T01:00:00+00:00,202309,3430,195,3235
2023-09-29T01:30:00+00:00,202309,3430,135,3295
2023-09-29T02:00:00+00:00,202309,3430,114,3316
2023-09-29T02:30:00+00:00,202309,3430,88,3342
2023-09-29T03:00:00+00:00,202309,3430,86,3344
2023-09-29T03:30:00+00:00,202309,3430,62,3368
2023-09-29T04:00:00+00:00,202309,3430,106,3324
2023-09-29T04:30:00+00:00,202309,3430,119,3311
2023-09-29T05:00:00+00:00,202309,3430,209,3221
2023-09-29T05:30:00+00:00,202309,3430,304,3126
2023-09-29T06:00:00+00:00,202309,3430,416,3014
2023-09-29T06:30:00+00:00,202309,3430,523,2907
2023-09-29T07:00:00+00:00,202309,3430,534,2896
2023-09-29T07:30:00+00:00,202309,3430,639,2791
2023-09-29T08:00:00+00:00,202309,3430,897,2533
2023-09-29T08:30:00+00:00,202309,3430,1628,1802
2023-09-29T09:00:00+00:00,202309,3430,1616,1814
2023-09-29T09:30:00+00:00,202309,3430,1401,2029
2023-09-29T10:00:00+00:00,202309,3430,1035,2395
2023-09-29T10:30:00+00:00,202309,3430,963,2467
2023-09-29T11:00:00+00:00,202309,3430,775,2655
2023-09-29T11:30:00+00:00,202309,3430,574,2856
2023-09-29T12:00:00+00:00,202309,3430,371,3059
2023-09-29T12:30:00+00:00,202309,3430,264,3166
2023-09-29T13:00:00+00:00,202309,3430,227,3203
2023-09-29T13:30:00+00:00,202309,3430,140,3290
2023-09-29T14:00:00+00:00,202309,3430,98,3332
2023-09-29T14:30:00+00:00,202309,3430,105,3325
2023-09-29T15:00:00+00:00,202309,3430,90,3340
2023-09-29T15:30:00+00:00,202309,3430,115,3315
2023-09-29T16:00:00+00:00,202309,3430,117,3313
2023-09-29T16:30:00+00:00,202309,3430,140,3290
2023-09-29T17:00:00+00:00,202309,3430,145,3285
2023-09-29T17:30:00+00:00,202309,3430,219,3211
2023-09-29T18:00:00+00:00,202309,3430,266,3164
2023-09-29T18:30:00+00:00,202309,3430,315,3115
2023-09-29T19:00:00+00:00,202309,3430,329,3101
2023-09-29T19:30:00+00:00,202309,3430,350,3080
2023-09-29T20:00:00+00:00,202309,3430,371,3059
2023-09-29T20:30:00+00:00,202309,3430,316,3114
2023-09-29T21:00:00+00:00,202309,3430,451,2979
2023-09-29T21:30:00+00:00,202309,3430,473,2957
2023-09-29T22:00:00+00:00,202309,3430,462,2968
2023-09-29T22:30:00+00:00,202309,3430,338,3092
2023-09-29T23:00:00+00:00,202309,3430,410,3020
2023-09-29T23:30:00+00:00,202309,3430,355,3075
2023-09-30T00:00:00+00:00,202309,3430,294,3136
2023-09-30T00:30:00+00:00,202309,3430,150,3280
2023-09-30T01:00:00+00:00,202309,3430,80,3350
2023-09-30T01:30:00+00:00,202309,3430,70,3360
2023-09-30T02:00:00+00:00,202309,3430,15,3415
2023-09-30T02:30:00+00:00,202309,3430,0,3430
2023-09-30T03:00:00+00:00,202309,3430,22,3408
2023-09-30T03:30:00+00:00,202309,3430,69,3361
2023-09-30T04:00:00+00:00,202309,3430,82,3348
2023-09-30T04:30:00+00:00,202309,3430,133,3297
2023-09-30T05:00:00+00:00,202309,3430,260,3170
2023-09-30T05:30:00+00:00,202309,3430,317,3113
2023-09-30T06:00:00+00:00,202309,3430,363,3067
2023-09-30T06:30:00+00:00,202309,3430,576,2854
2023-09-30T07:00:00+00:00,202309,3430,488,2942
2023-09-30T07:30:00+00:00,202309,3430,791,2639
2023-09-30T08:00:00+00:00,202309,3430,1303,2127
2023-09-30T08:30:00+00:00,202309,3430,1403,2027
2023-09-30T09:00:00+00:00,202309,3430,1257,2173
2023-09-30T09:30:00+00:00,202309,3430,702,2728
2023-09-30T10:00:00+00:00,202309,3430,711,2719
2023-09-30T10:30:00+00:00,202309,3430,547,2883
2023-09-30T11:00:00+00:00,202309,3430,313,3117
2023-09-30T11:30:00+00:00,202309,3430,188,3242
2023-09-30T12:00:00+00:00,202309,3430,109,3321
2023-09-30T12:30:00+00:00,202309,3430,82,3348
2023-09-30T13:00:00+00:00,202309,3430,65,3365
2023-09-30T13:30:00+00:00,202309,3430,43,3387
2023-09-30T14:00:00+00:00,202309,3430,36,3394
2023-09-30T14:30:00+00:00,202309,3430,37,3393
2023-09-30T15:00:00+00:00,202309,3430,43,3387
2023-09-30T15:30:00+00:00,202309,3430,59,3371
2023-09-30T16:00:00+00:00,202309,3430,70,3360
2023-09-30T16:30:00+00:00,202309,3430,84,3346
2023-09-30T17:00:00+00:00,202309,3430,71,3359
2023-09-30T17:30:00+00:00,202309,3430,92,3338
2023-09-30T18:00:00+00:00,202309,3430,87,3343
2023-09-30T18:30:00+00:00,202309,3430,81,3349
2023-09-30T19:00:00+00:00,202309,3430,109,3321
2023-09-30T19:30:00+00:00,202309,3430,127,3303
2023-09-30T20:00:00+00:00,202309,3430,139,3291
2023-09-30T20:30:00+00:00,202309,3430,266,3164
2023-09-30T21:00:00+00:00,202309,3430,265,3165
2023-09-30T21:30:00+00:00,202309,3430,255,3175
2023-09-30T22:00:00+00:00,202309,3430,167,3263
2023-09-30T22:30:00+00:00,202309,3430,238,3192
2023-09-30T23:00:00+00:00,202309,3430,252,3178
2023-09-30T23:30:00+00:00,202309,3430,220,3210
2023-10-01T00:00:00+00:00,202310,3430,111,3319
2023-10-01T00:30:00+00:00,202310,3430,66,3364
2023-10-01T01:00:00+00:00,202310,3430,52,3378
2023-10-01T01:30:00+00:00,202310,3430,17,3413
2023-10-01T02:00:00+00:00,202310,3430,2,3428
2023-10-01T02:30:00+00:00,202310,3430,2,3428
2023-10-01T03:00:00+00:00,202310,3430,8,3422
2023-10-01T03:30:00+00:00,202310,3430,11,3419
2023-10-01T04:00:00+00:00,202310,3430,28,3402
2023-10-01T04:30:00+00:00,202310,3430,48,3382
2023-10-01T05:00:00+00:00,202310,3430,87,3343
2023-10-01T05:30:00+00:00,202310,3430,112,3318
2023-10-01T06:00:00+00:00,202310,3430,190,3240
2023-10-01T06:30:00+00:00,202310,3430,246,3184
2023-10-01T07:00:00+00:00,202310,3430,424,3006
2023-10-01T07:30:00+00:00,202310,3430,475,2955
2023-10-01T08:00:00+00:00,202310,3430,864,2566
2023-10-01T08:30:00+00:00,202310,3430,904,2526
2023-10-01T09:00:00+00:00,202310,3430,876,2554
2023-10-01T09:30:00+00:00,202310,3430,495,2935
2023-10-01T10:00:00+00:00,202310,3430,528,2902
2023-10-01T10:30:00+00:00,202310,3430,423,3007
2023-10-01T11:00:00+00:00,202310,3430,301,3129
2023-10-01T11:30:00+00:00,202310,3430,216,3214
2023-10-01T12:00:00+00:00,202310,3430,145,3285
2023-10-01T12:30:00+00:00,202310,3430,91,3339
2023-10-01T13:00:00+00:00,202310,3430,33,3397
2023-10-01T13:30:00+00:00,202310,3430,6,3424
2023-10-01T14:00:00+00:00,202310,3430,9,3421
2023-10-01T14:30:00+00:00,202310,3430,16,3414
2023-10-01T15:00:00+00:00,202310,3430,10,3420
2023-10-01T15:30:00+00:00,202310,3430,22,3408
2023-10-01T16:00:00+00:00,202310,3430,20,3410
2023-10-01T16:30:00+00:00,202310,3430,33,3397
2023-10-01T17:00:00+00:00,202310,3430,64,3366
2023-10-01T17:30:00+00:00,202310,3430,98,3332
2023-10-01T18:00:00+00:00,202310,3430,107,3323
2023-10-01T18:30:00+00:00,202310,3430,184,3246
2023-10-01T19:00:00+00:00,202310,3430,201,3229
2023-10-01T19:30:00+00:00,202310,3430,223,3207
2023-10-01T20:00:00+00:00,202310,3430,187,3243
2023-10-01T20:30:00+00:00,202310,3430,281,3149
2023-10-01T21:00:00+00:00,202310,3430,286,3144
2023-10-01T21:30:00+00:00,202310,3430,307,3123
2023-10-01T22:00:00+00:00,202310,3430,214,3216
2023-10-01T22:30:00+00:00,202310,3430,314,3116
2023-10-01T23:00:00+00:00,202310,3430,283,3147
2023-10-01T23:30:00+00:00,202310,3430,252,3178
2023-10-02T00:00:00+00:00,202310,3430,138,3292
2023-10-02T00:30:00+00:00,202310,3430,87,3343
2023-10-02T01:00:00+00:00,202310,3430,65,3365
2023-10-02T01:30:00+00:00,202310,3430,15,3415
2023-10-02T02:00:00+00:00,202310,3430,3,3427
2023-10-02T02:30:00+00:00,202310,3430,3,3427
2023-10-02T03:00:00+00:00,202310,3430,19,3411
2023-10-02T03:30:00+00:00,202310,3430,51,3379
2023-10-02T04:00:00+00:00,202310,3430,54,3376
2023-10-02T04:30:00+00:00,202310,3430,96,3334
2023-10-02T05:00:00+00:00,202310,3430,125,3305
2023-10-02T05:30:00+00:00,202310,3430,114,3316
2023-10-02T06:00:00+00:00,202310,3430,90,3340
2023-10-02T06:30:00+00:00,202310,3430,224,3206
2023-10-02T07:00:00+00:00,202310,3430,468,2962
2023-10-02T07:30:00+00:00,202310,3430,664,2766
2023-10-02T08:00:00+00:00,202310,3430,766,2664
2023-10-02T08:30:00+00:00,202310,3430,742,2688
2023-10-02T09:00:00+00:00,202310,3430,439,2991
2023-10-02T09:30:00+00:00,202310,3430,419,3011
2023-10-02T10:00:00+00:00,202310,3430,317,3113
2023-10-02T10:30:00+00:00,202310,3430,209,3221
2023-10-02T11:00:00+00:00,202310,3430,213,3217
2023-10-02T11:30:00+00:00,202310,3430,203,3227
2023-10-02T12:00:00+00:00,202310,3430,161,3269
2023-10-02T12:30:00+00:00,202310,3430,101,3329
2023-10-02T13:00:00+00:00,202310,3430,59,3371
2023-10-02T13:30:00+00:00,202310,3430,49,3381
2023-10-02T14:00:00+00:00,202310,3430,28,3402
2023-10-02T14:30:00+00:00,202310,3430,15,3415
2023-10-02T15:00:00+00:00,202310,3430,17,3413
2023-10-02T15:30:00+00:00,202310,3430,12,3418
2023-10-02T16:00:00+00:00,202310,3430,20,3410
2023-10-02T16:30:00+00:00,202310,3430,20,3410
2023-10-02T17:00:00+00:00,202310,3430,27,3403
2023-10-02T17:30:00+00:00,202310,3430,46,3384
2023-10-02T18:00:00+00:00,202310,3430,74,3356
2023-10-02T18:30:00+00:00,202310,3430,75,3355
2023-10-02T19:00:00+00:00,202310,3430,84,3346
2023-10-02T19:30:00+00:00,202310,3430,124,3306
2023-10-02T20:00:00+00:00,202310,3430,180,3250
2023-10-02T20:30:00+00:00,202310,3430,171,3259
2023-10-02T21:00:00+00:00,202310,3430,211,3219
2023-10-02T21:30:00+00:00,202310,3430,167,3263
2023-10-02T22:00:00+00:00,202310,3430,267,3163
2023-10-02T22:30:00+00:00,202310,3430,247,3183
2023-10-02T23:00:00+00:00,202310,3430,223,3207
2023-10-02T23:30:00+00:00,202310,3430,209,3221
2023-10-03T00:00:00+00:00,202310,3430,179,3251
2023-10-03T00:30:00+00:00,202310,3430,142,3288
2023-10-03T01:00:00+00:00,202310,3430,72,3358
2023-10-03T01:30:00+00:00,202310,3430,54,3376
2023-10-03T02:00:00+00:00,202310,3430,42,3388
2023-10-03T02:30:00+00:00,202310,3430,26,3404
2023-10-03T03:00:00+00:00,202310,3430,10,3420
2023-10-03T03:30:00+00:00,202310,3430,10,3420
2023-10-03T04:00:00+00:00,202310,3430,10,3420
2023-10-03T04:30:00+00:00,202310,3430,7,3423
2023-10-03T05:00:00+00:00,202310,3430,3,3427
2023-10-03T05:30:00+00:00,202310,3430,19,3411
2023-10-03T06:00:00+00:00,202310,3430,85,3345
2023-10-03T06:30:00+00:00,202310,3430,141,3289
2023-10-03T07:00:00+00:00,202310,3430,217,3213
2023-10-03T07:30:00+00:00,202310,3430,170,3260
2023-10-03T08:00:00+00:00,202310,3430,181,3249
2023-10-03T08:30:00+00:00,202310,3430,179,3251
2023-10-03T09:00:00+00:00,202310,3430,150,3280
2023-10-03T09:30:00+00:00,202310,3430,243,3187
2023-10-03T10:00:00+00:00,202310,3430,230,3200
2023-10-03T10:30:00+00:00,202310,3430,197,3233
2023-10-03T11:00:00+00:00,202310,3430,195,3235
2023-10-03T11:30:00+00:00,202310,3430,167,3263
2023-10-03T12:00:00+00:00,202310,3430,127,3303
2023-10-03T12:30:00+00:00,202310,3430,78,3352
2023-10-03T13:00:00+00:00,202310,3430,55,3375
2023-10-03T13:30:00+00:00,202310,3430,48,3382
2023-10-03T14:00:00+00:00,202310,3430,24,3406
2023-10-03T14:30:00+00:00,202310,3430,15,3415
2023-10-03T15:00:00+00:00,202310,3430,10,3420
2023-10-03T15:30:00+00:00,202310,3430,9,3421
2023-10-03T16:00:00+00:00,202310,3430,10,3420
2023-10-03T16:30:00+00:00,202310,3430,13,3417
2023-10-03T17:00:00+00:00,202310,3430,16,3414
2023-10-03T17:30:00+00:00,202310,3430,32,3398
2023-10-03T18:00:00+00:00,202310,3430,58,3372
2023-10-03T18:30:00+00:00,202310,3430,52,3378
2023-10-03T19:00:00+00:00,202310,3430,43,3387
2023-10-03T19:30:00+00:00,202310,3430,33,3397
2023-10-03T20:00:00+00:00,202310,3430,33,3397
2023-10-03T20:30:00+00:00,202310,3430,52,3378
2023-10-03T21:00:00+00:00,202310,3430,83,3347
2023-10-03T21:30:00+00:00,202310,3430,69,3361
2023-10-03T22:00:00+00:00,202310,3430,103,3327
2023-10-03T22:30:00+00:00,202310,3430,97,3333
2023-10-03T23:00:00+00:00,202310,3430,82,3348
2023-10-03T23:30:00+00:00,202310,3430,69,3361
2023-10-04T00:00:00+00:00,202310,3430,60,3370
2023-10-04T00:30:00+00:00,202310,3430,51,3379
2023-10-04T01:00:00+00:00,202310,3430,20,3410
2023-10-04T01:30:00+00:00,202310,3430,13,3417
2023-10-04T02:00:00+00:00,202310,3430,12,3418
2023-10-04T02:30:00+00:00,202310,3430,7,3423
2023-10-04T03:00:00+00:00,202310,3430,7,3423
2023-10-04T03:30:00+00:00,202310,3430,3,3427
2023-10-04T04:00:00+00:00,202310,3430,3,3427
2023-10-04T04:30:00+00:00,202310,3430,9,3421
2023-10-04T05:00:00+00:00,202310,3430,11,3419
2023-10-04T05:30:00+00:00,202310,3430,22,3408
2023-10-04T06:00:00+00:00,202310,3430,23,3407
2023-10-04T06:30:00+00:00,202310,3430,31,3399
2023-10-04T07:00:00+00:00,202310,3430,43,3387
2023-10-04T07:30:00+00:00,202310,3430,41,3389
2023-10-04T08:00:00+00:00,202310,3430,59,3371
2023-10-04T08:30:00+00:00,202310,3430,73,3357
2023-10-04T09:00:00+00:00,202310,3430,96,3334
2023-10-04T09:30:00+00:00,202310,3430,127,3303
2023-10-04T10:00:00+00:00,202310,3430,121,3309
2023-10-04T10:30:00+00:00,202310,3430,187,3243
2023-10-04T11:00:00+00:00,202310,3430,177,3253
2023-10-04T11:30:00+00:00,202310,3430,162,3268
2023-10-04T12:00:00+00:00,202310,3430,76,3354
2023-10-04T12:30:00+00:00,202310,3430,58,3372
2023-10-04T13:00:00+00:00,202310,3430,49,3381
2023-10-04T13:30:00+00:00,202310,3430,23,3407
2023-10-04T14:00:00+00:00,202310,3430,6,3424
2023-10-04T14:30:00+00:00,202310,3430,6,3424
2023-10-04T15:00:00+00:00,202310,3430,9,3421
2023-10-04T15:30:00+00:00,202310,3430,9,3421
2023-10-04T16:00:00+00:00,202310,3430,14,3416
2023-10-04T16:30:00+00:00,202310,3430,43,3387
2023-10-04T17:00:00+00:00,202310,3430,73,3357
2023-10-04T17:30:00+00:00,202310,3430,114,3316
2023-10-04T18:00:00+00:00,202310,3430,122,3308
2023-10-04T18:30:00+00:00,202310,3430,112,3318
2023-10-04T19:00:00+00:00,202310,3430,112,3318
2023-10-04T19:30:00+00:00,202310,3430,129,3301
2023-10-04T20:00:00+00:00,202310,3430,208,3222
2023-10-04T20:30:00+00:00,202310,3430,181,3249
2023-10-04T21:00:00+00:00,202310,3430,180,3250
2023-10-04T21:30:00+00:00,202310,3430,214,3216
2023-10-04T22:00:00+00:00,202310,3430,238,3192
2023-10-04T22:30:00+00:00,202310,3430,180,3250
2023-10-04T23:00:00+00:00,202310,3430,170,3260
2023-10-04T23:30:00+00:00,202310,3430,148,3282
2023-10-05T00:00:00+00:00,202310,3430,122,3308
2023-10-05T00:30:00+00:00,202310,3430,84,3346
2023-10-05T01:00:00+00:00,202310,3430,57,3373
2023-10-05T01:30:00+00:00,202310,3430,39,3391
2023-10-05T02:00:00+00:00,202310,3430,16,3414
2023-10-05T02:30:00+00:00,202310,3430,10,3420
2023-10-05T03:00:00+00:00,202310,3430,31,3399
2023-10-05T03:30:00+00:00,202310,3430,64,3366
2023-10-05T04:00:00+00:00,202310,3430,105,3325
2023-10-05T04:30:00+00:00,202310,3430,140,3290
2023-10-05T05:00:00+00:00,202310,3430,114,3316
2023-10-05T05:30:00+00:00,202310,3430,178,3252
2023-10-05T06:00:00+00:00,202310,3430,217,3213
2023-10-05T06:30:00+00:00,202310,3430,278,3152
2023-10-05T07:00:00+00:00,202310,3430,383,3047
2023-10-05T07:30:00+00:00,202310,3430,374,3056
2023-10-05T08:00:00+00:00,202310,3430,435,2995
2023-10-05T08:30:00+00:00,202310,3430,535,2895
2023-10-05T09:00:00+00:00,202310,3430,740,2690
2023-10-05T09:30:00+00:00,202310,3430,695,2735
2023-10-05T10:00:00+00:00,202310,3430,586,2844
2023-10-05T10:30:00+00:00,202310,3430,575,2855
2023-10-05T11:00:00+00:00,202310,3430,494,2936
2023-10-05T11:30:00+00:00,202310,3430,383,3047
2023-10-05T12:00:00+00:00,202310,3430,316,3114
2023-10-05T12:30:00+00:00,202310,3430,252,3178
2023-10-05T13:00:00+00:00,202310,3430,226,3204
2023-10-05T13:30:00+00:00,202310,3430,112,3318
2023-10-05T14:00:00+00:00,202310,3430,111,3319
2023-10-05T14:30:00+00:00,202310,3430,117,3313
2023-10-05T15:00:00+00:00,202310,3430,235,3195
2023-10-05T15:30:00+00:00,202310,3430,297,3133
2023-10-05T16:00:00+00:00,202310,3430,375,3055
2023-10-05T16:30:00+00:00,202310,3430,410,3020
2023-10-05T17:00:00+00:00,202310,3430,432,2998
2023-10-05T17:30:00+00:00,202310,3430,420,3010
2023-10-05T18:00:00+00:00,202310,3430,308,3122
2023-10-05T18:30:00+00:00,202310,3430,308,3122
2023-10-05T19:00:00+00:00,202310,3430,315,3115
2023-10-05T19:30:00+00:00,202310,3430,291,3139
2023-10-05T20:00:00+00:00,202310,3430,315,3115
2023-10-05T20:30:00+00:00,202310,3430,264,3166
2023-10-05T21:00:00+00:00,202310,3430,257,3173
2023-10-05T21:30:00+00:00,202310,3430,259,3171
2023-10-05T22:00:00+00:00,202310,3430,236,3194
2023-10-05T22:30:00+00:00,202310,3430,218,3212
2023-10-05T23:00:00+00:00,202310,3430,293,3137
2023-10-05T23:30:00+00:00,202310,3430,283,3147
2023-10-06T00:00:00+00:00,202310,3430,236,3194
2023-10-06T00:30:00+00:00,202310,3430,120,3310
2023-10-06T01:00:00+00:00,202310,3430,93,3337
2023-10-06T01:30:00+00:00,202310,3430,78,3352
2023-10-06T02:00:00+00:00,202310,3430,52,3378
2023-10-06T02:30:00+00:00,202310,3430,59,3371
2023-10-06T03:00:00+00:00,202310,3430,69,3361
2023-10-06T03:30:00+00:00,202310,3430,93,3337
2023-10-06T04:00:00+00:00,202310,3430,101,3329
2023-10-06T04:30:00+00:00,202310,3430,124,3306
2023-10-06T05:00:00+00:00,202310,3430,201,3229
2023-10-06T05:30:00+00:00,202310,3430,215,3215
2023-10-06T06:00:00+00:00,202310,3430,216,3214
2023-10-06T06:30:00+00:00,202310,3430,339,3091
2023-10-06T07:00:00+00:00,202310,3430,501,2929
2023-10-06T07:30:00+00:00,202310,3430,750,2680
2023-10-06T08:00:00+00:00,202310,3430,908,2522
2023-10-06T08:30:00+00:00,202310,3430,1457,1973
2023-10-06T09:00:00+00:00,202310,3430,1540,1890
2023-10-06T09:30:00+00:00,202310,3430,1453,1977
2023-10-06T10:00:00+00:00,202310,3430,1319,2111
2023-10-06T10:30:00+00:00,202310,3430,1177,2253
2023-10-06T11:00:00+00:00,202310,3430,1168,2262
2023-10-06T11:30:00+00:00,202310,3430,1021,2409
2023-10-06T12:00:00+00:00,202310,3430,1038,2392
2023-10-06T12:30:00+00:00,202310,3430,977,2453
2023-10-06T13:00:00+00:00,202310,3430,930,2500
2023-10-06T13:30:00+00:00,202310,3430,734,2696
2023-10-06T14:00:00+00:00,202310,3430,740,2690
2023-10-06T14:30:00+00:00,202310,3430,754,2676
2023-10-06T15:00:00+00:00,202310,3430,811,2619
2023-10-06T15:30:00+00:00,202310,3430,978,2452
2023-10-06T16:00:00+00:00,202310,3430,928,2502
2023-10-06T16:30:00+00:00,202310,3430,925,2505
2023-10-06T17:00:00+00:00,202310,3430,1013,2417
2023-10-06T17:30:00+00:00,202310,3430,1036,2394
2023-10-06T18:00:00+00:00,202310,3430,1132,2298
2023-10-06T18:30:00+00:00,202310,3430,1122,2308
2023-10-06T19:00:00+00:00,202310,3430,1116,2314
2023-10-06T19:30:00+00:00,202310,3430,1117,2313
2023-10-06T20:00:00+00:00,202310,3430,992,2438
2023-10-06T20:30:00+00:00,202310,3430,950,2480
2023-10-06T21:00:00+00:00,202310,3430,1222,2208
2023-10-06T21:30:00+00:00,202310,3430,1356,2074
2023-10-06T22:00:00+00:00,202310,3430,1422,2008
2023-10-06T22:30:00+00:00,202310,3430,1405,2025
2023-10-06T23:00:00+00:00,202310,3430,1532,1898
2023-10-06T23:30:00+00:00,202310,3430,1528,1902
2023-10-07T00:00:00+00:00,202310,3430,1330,2100
2023-10-07T00:30:00+00:00,202310,3430,1176,2254
2023-10-07T01:00:00+00:00,202310,3430,1131,2299
2023-10-07T01:30:00+00:00,202310,3430,1205,2225
2023-10-07T02:00:00+00:00,202310,3430,1015,2415
2023-10-07T02:30:00+00:00,202310,3430,932,2498
2023-10-07T03:00:00+00:00,202310,3430,870,2560
2023-10-07T03:30:00+00:00,202310,3430,912,2518
2023-10-07T04:00:00+00:00,202310,3430,973,2457
2023-10-07T04:30:00+00:00,202310,3430,1038,2392
2023-10-07T05:00:00+00:00,202310,3430,904,2526
2023-10-07T05:30:00+00:00,202310,3430,995,2435
2023-10-07T06:00:00+00:00,202310,3430,864,2566
2023-10-07T06:30:00+00:00,202310,3430,899,2531
2023-10-07T07:00:00+00:00,202310,3430,973,2457
2023-10-07T07:30:00+00:00,202310,3430,991,2439
2023-10-07T08:00:00+00:00,202310,3430,1127,2303
2023-10-07T08:30:00+00:00,202310,3430,1659,1771
2023-10-07T09:00:00+00:00,202310,3430,1710,1720
2023-10-07T09:30:00+00:00,202310,3430,1658,1772
2023-10-07T10:00:00+00:00,202310,3430,1563,1867
2023-10-07T10:30:00+00:00,202310,3430,1430,2000
2023-10-07T11:00:00+00:00,202310,3430,1272,2158
2023-10-07T11:30:00+00:00,202310,3430,1046,2384
2023-10-07T12:00:00+00:00,202310,3430,894,2536
2023-10-07T12:30:00+00:00,202310,3430,816,2614
2023-10-07T13:00:00+00:00,202310,3430,660,2770
2023-10-07T13:30:00+00:00,202310,3430,595,2835
2023-10-07T14:00:00+00:00,202310,3430,587,2843
2023-10-07T14:30:00+00:00,202310,3430,619,2811
2023-10-07T15:00:00+00:00,202310,3430,664,2766
2023-10-07T15:30:00+00:00,202310,3430,716,2714
2023-10-07T16:00:00+00:00,202310,3430,764,2666
2023-10-07T16:30:00+00:00,202310,3430,861,2569
2023-10-07T17:00:00+00:00,202310,3430,963,2467
2023-10-07T17:30:00+00:00,202310,3430,996,2434
2023-10-07T18:00:00+00:00,202310,3430,1004,2426
2023-10-07T18:30:00+00:00,202310,3430,1191,2239
2023-10-07T19:00:00+00:00,202310,3430,1316,2114
2023-10-07T19:30:00+00:00,202310,3430,1436,1994
2023-10-07T20:00:00+00:00,202310,3430,1369,2061
2023-10-07T20:30:00+00:00,202310,3430,1062,2368
2023-10-07T21:00:00+00:00,202310,3430,1563,1867
2023-10-07T21:30:00+00:00,202310,3430,1580,1850
2023-10-07T22:00:00+00:00,202310,3430,1571,1859
2023-10-07T22:30:00+00:00,202310,3430,1564,1866
2023-10-07T23:00:00+00:00,202310,3430,1515,1915
2023-10-07T23:30:00+00:00,202310,3430,1460,1970
2023-10-08T00:00:00+00:00,202310,3430,1140,2290
2023-10-08T00:30:00+00:00,202310,3430,1044,2386
2023-10-08T01:00:00+00:00,202310,3430,1043,2387
2023-10-08T01:30:00+00:00,202310,3430,875,2555
2023-10-08T02:00:00+00:00,202310,3430,792,2638
2023-10-08T02:30:00+00:00,202310,3430,805,2625
2023-10-08T03:00:00+00:00,202310,3430,780,2650
2023-10-08T03:30:00+00:00,202310,3430,744,2686
2023-10-08T04:00:00+00:00,202310,3430,673,2757
2023-10-08T04:30:00+00:00,202310,3430,630,2800
2023-10-08T05:00:00+00:00,202310,3430,665,2765
2023-10-08T05:30:00+00:00,202310,3430,711,2719
2023-10-08T06:00:00+00:00,202310,3430,746,2684
2023-10-08T06:30:00+00:00,202310,3430,811,2619
2023-10-08T07:00:00+00:00,202310,3430,894,2536
2023-10-08T07:30:00+00:00,202310,3430,930,2500
2023-10-08T08:00:00+00:00,202310,3430,1121,2309
2023-10-08T08:30:00+00:00,202310,3430,1147,2283
2023-10-08T09:00:00+00:00,202310,3430,1065,2365
2023-10-08T09:30:00+00:00,202310,3430,817,2613
2023-10-08T10:00:00+00:00,202310,3430,915,2515
2023-10-08T10:30:00+00:00,202310,3430,845,2585
2023-10-08T11:00:00+00:00,202310,3430,737,2693
2023-10-08T11:30:00+00:00,202310,3430,580,2850
2023-10-08T12:00:00+00:00,202310,3430,448,2982
2023-10-08T12:30:00+00:00,202310,3430,377,3053
2023-10-08T13:00:00+00:00,202310,3430,298,3132
2023-10-08T13:30:00+00:00,202310,3430,241,3189
2023-10-08T14:00:00+00:00,202310,3430,241,3189
2023-10-08T14:30:00+00:00,202310,3430,285,3145
2023-10-08T15:00:00+00:00,202310,3430,250,3180
2023-10-08T15:30:00+00:00,202310,3430,232,3198
2023-10-08T16:00:00+00:00,202310,3430,268,3162
2023-10-08T16:30:00+00:00,202310,3430,255,3175
2023-10-08T17:00:00+00:00,202310,3430,197,3233
2023-10-08T17:30:00+00:00,202310,3430,187,3243
2023-10-08T18:00:00+00:00,202310,3430,278,3152
2023-10-08T18:30:00+00:00,202310,3430,311,3119
2023-10-08T19:00:00+00:00,202310,3430,393,3037
2023-10-08T19:30:00+00:00,202310,3430,512,2918
2023-10-08T20:00:00+00:00,202310,3430,406,3024
2023-10-08T20:30:00+00:00,202310,3430,627,2803
2023-10-08T21:00:00+00:00,202310,3430,672,2758
2023-10-08T21:30:00+00:00,202310,3430,707,2723
2023-10-08T22:00:00+00:00,202310,3430,509,2921
2023-10-08T22:30:00+00:00,202310,3430,734,2696
2023-10-08T23:00:00+00:00,202310,3430,726,2704
2023-10-08T23:30:00+00:00,202310,3430,689,2741
2023-10-09T00:00:00+00:00,202310,3430,472,2958
2023-10-09T00:30:00+00:00,202310,3430,373,3057
2023-10-09T01:00:00+00:00,202310,3430,346,3084
2023-10-09T01:30:00+00:00,202310,3430,318,3112
2023-10-09T02:00:00+00:00,202310,3430,280,3150
2023-10-09T02:30:00+00:00,202310,3430,260,3170
2023-10-09T03:00:00+00:00,202310,3430,271,3159
2023-10-09T03:30:00+00:00,202310,3430,298,3132
2023-10-09T04:00:00+00:00,202310,3430,272,3158
2023-10-09T04:30:00+00:00,202310,3430,295,3135
2023-10-09T05:00:00+00:00,202310,3430,444,2986
2023-10-09T05:30:00+00:00,202310,3430,556,2874
2023-10-09T06:00:00+00:00,202310,3430,476,2954
2023-10-09T06:30:00+00:00,202310,3430,527,2903
2023-10-09T07:00:00+00:00,202310,3430,786,2644
2023-10-09T07:30:00+00:00,202310,3430,781,2649
2023-10-09T08:00:00+00:00,202310,3430,1158,2272
2023-10-09T08:30:00+00:00,202310,3430,1407,2023
2023-10-09T09:00:00+00:00,202310,3430,1351,2079
2023-10-09T09:30:00+00:00,202310,3430,1210,2220
2023-10-09T10:00:00+00:00,202310,3430,1103,2327
2023-10-09T10:30:00+00:00,202310,3430,1052,2378
2023-10-09T11:00:00+00:00,202310,3430,988,2442
2023-10-09T11:30:00+00:00,202310,3430,927,2503
2023-10-09T12:00:00+00:00,202310,3430,807,2623
2023-10-09T12:30:00+00:00,202310,3430,685,2745
2023-10-09T13:00:00+00:00,202310,3430,549,2881
2023-10-09T13:30:00+00:00,202310,3430,488,2942
2023-10-09T14:00:00+00:00,202310,3430,423,3007
2023-10-09T14:30:00+00:00,202310,3430,414,3016
2023-10-09T15:00:00+00:00,202310,3430,385,3045
2023-10-09T15:30:00+00:00,202310,3430,408,3022
2023-10-09T16:00:00+00:00,202310,3430,609,2821
2023-10-09T16:30:00+00:00,202310,3430,653,2777
2023-10-09T17:00:00+00:00,202310,3430,663,2767
2023-10-09T17:30:00+00:00,202310,3430,659,2771
2023-10-09T18:00:00+00:00,202310,3430,753,2677
2023-10-09T18:30:00+00:00,202310,3430,787,2643
2023-10-09T19:00:00+00:00,202310,3430,837,2593
2023-10-09T19:30:00+00:00,202310,3430,906,2524
2023-10-09T20:00:00+00:00,202310,3430,766,2664
2023-10-09T20:30:00+00:00,202310,3430,981,2449
2023-10-09T21:00:00+00:00,202310,3430,1072,2358
2023-10-09T21:30:00+00:00,202310,3430,1074,2356
2023-10-09T22:00:00+00:00,202310,3430,1042,2388
2023-10-09T22:30:00+00:00,202310,3430,1030,2400
2023-10-09T23:00:00+00:00,202310,3430,957,2473
2023-10-09T23:30:00+00:00,202310,3430,877,2553
2023-10-10T00:00:00+00:00,202310,3430,733,2697
2023-10-10T00:30:00+00:00,202310,3430,606,2824
2023-10-10T01:00:00+00:00,202310,3430,457,2973
2023-10-10T01:30:00+00:00,202310,3430,391,3039
2023-10-10T02:00:00+00:00,202310,3430,382,3048
2023-10-10T02:30:00+00:00,202310,3430,452,2978
2023-10-10T03:00:00+00:00,202310,3430,528,2902
2023-10-10T03:30:00+00:00,202310,3430,371,3059
2023-10-10T04:00:00+00:00,202310,3430,336,3094
2023-10-10T04:30:00+00:00,202310,3430,389,3041
2023-10-10T05:00:00+00:00,202310,3430,396,3034
2023-10-10T05:30:00+00:00,202310,3430,386,3044
2023-10-10T06:00:00+00:00,202310,3430,384,3046
2023-10-10T06:30:00+00:00,202310,3430,420,3010
2023-10-10T07:00:00+00:00,202310,3430,563,2867
2023-10-10T07:30:00+00:00,202310,3430,731,2699
2023-10-10T08:00:00+00:00,202310,3430,823,2607
2023-10-10T08:30:00+00:00,202310,3430,798,2632
2023-10-10T09:00:00+00:00,202310,3430,539,2891
2023-10-10T09:30:00+00:00,202310,3430,593,2837
2023-10-10T10:00:00+00:00,202310,3430,525,2905
2023-10-10T10:30:00+00:00,202310,3430,438,2992
2023-10-10T11:00:00+00:00,202310,3430,445,2985
2023-10-10T11:30:00+00:00,202310,3430,386,3044
2023-10-10T12:00:00+00:00,202310,3430,325,3105
2023-10-10T12:30:00+00:00,202310,3430,151,3279
2023-10-10T13:00:00+00:00,202310,3430,92,3338
2023-10-10T13:30:00+00:00,202310,3430,74,3356
2023-10-10T14:00:00+00:00,202310,3430,66,3364
2023-10-10T14:30:00+00:00,202310,3430,80,3350
2023-10-10T15:00:00+00:00,202310,3430,71,3359
2023-10-10T15:30:00+00:00,202310,3430,114,3316
2023-10-10T16:00:00+00:00,202310,3430,150,3280
2023-10-10T16:30:00+00:00,202310,3430,172,3258
2023-10-10T17:00:00+00:00,202310,3430,135,3295
2023-10-10T17:30:00+00:00,202310,3430,198,3232
2023-10-10T18:00:00+00:00,202310,3430,288,3142
2023-10-10T18:30:00+00:00,202310,3430,317,3113
2023-10-10T19:00:00+00:00,202310,3430,339,3091
2023-10-10T19:30:00+00:00,202310,3430,367,3063
2023-10-10T20:00:00+00:00,202310,3430,415,3015
2023-10-10T20:30:00+00:00,202310,3430,421,3009
2023-10-10T21:00:00+00:00,202310,3430,386,3044
2023-10-10T21:30:00+00:00,202310,3430,349,3081
2023-10-10T22:00:00+00:00,202310,3430,396,3034
2023-10-10T22:30:00+00:00,202310,3430,388,3042
2023-10-10T23:00:00+00:00,202310,3430,368,3062
2023-10-10T23:30:00+00:00,202310,3430,360,3070
2023-10-11T00:00:00+00:00,202310,3430,348,3082
2023-10-11T00:30:00+00:00,202310,3430,310,3120
2023-10-11T01:00:00+00:00,202310,3430,290,3140
2023-10-11T01:30:00+00:00,202310,3430,262,3168
2023-10-11T02:00:00+00:00,202310,3430,200,3230
2023-10-11T02:30:00+00:00,202310,3430,184,3246
2023-10-11T03:00:00+00:00,202310,3430,210,3220
2023-10-11T03:30:00+00:00,202310,3430,223,3207
2023-10-11T04:00:00+00:00,202310,3430,206,3224
2023-10-11T04:30:00+00:00,202310,3430,346,3084
2023-10-11T05:00:00+00:00,202310,3430,394,3036
2023-10-11T05:30:00+00:00,202310,3430,321,3109
2023-10-11T06:00:00+00:00,202310,3430,316,3114
2023-10-11T06:30:00+00:00,202310,3430,341,3089
2023-10-11T07:00:00+00:00,202310,3430,358,3072
2023-10-11T07:30:00+00:00,202310,3430,496,2934
2023-10-11T08:00:00+00:00,202310,3430,552,2878
2023-10-11T08:30:00+00:00,202310,3430,616,2814
2023-10-11T09:00:00+00:00,202310,3430,654,2776
2023-10-11T09:30:00+00:00,202310,3430,579,2851
2023-10-11T10:00:00+00:00,202310,3430,679,2751
2023-10-11T10:30:00+00:00,202310,3430,836,2594
2023-10-11T11:00:00+00:00,202310,3430,872,2558
2023-10-11T11:30:00+00:00,202310,3430,866,2564
2023-10-11T12:00:00+00:00,202310,3430,643,2787
2023-10-11T12:30:00+00:00,202310,3430,523,2907
2023-10-11T13:00:00+00:00,202310,3430,495,2935
2023-10-11T13:30:00+00:00,202310,3430,338,3092
2023-10-11T14:00:00+00:00,202310,3430,262,3168
2023-10-11T14:30:00+00:00,202310,3430,332,3098
2023-10-11T15:00:00+00:00,202310,3430,337,3093
2023-10-11T15:30:00+00:00,202310,3430,385,3045
2023-10-11T16:00:00+00:00,202310,3430,509,2921
2023-10-11T16:30:00+00:00,202310,3430,494,2936
2023-10-11T17:00:00+00:00,202310,3430,516,2914
2023-10-11T17:30:00+00:00,202310,3430,459,2971
2023-10-11T18:00:00+00:00,202310,3430,444,2986
2023-10-11T18:30:00+00:00,202310,3430,403,3027
2023-10-11T19:00:00+00:00,202310,3430,398,3032
2023-10-11T19:30:00+00:00,202310,3430,381,3049
2023-10-11T20:00:00+00:00,202310,3430,419,3011
2023-10-11T20:30:00+00:00,202310,3430,372,3058
2023-10-11T21:00:00+00:00,202310,3430,408,3022
2023-10-11T21:30:00+00:00,202310,3430,358,3072
2023-10-11T22:00:00+00:00,202310,3430,346,3084
2023-10-11T22:30:00+00:00,202310,3430,373,3057
2023-10-11T23:00:00+00:00,202310,3430,433,2997
2023-10-11T23:30:00+00:00,202310,3430,437,2993
2023-10-12T00:00:00+00:00,202310,3430,441,2989
2023-10-12T00:30:00+00:00,202310,3430,382,3048
2023-10-12T01:00:00+00:00,202310,3430,327,3103
2023-10-12T01:30:00+00:00,202310,3430,338,3092
2023-10-12T02:00:00+00:00,202310,3430,288,3142
2023-10-12T02:30:00+00:00,202310,3430,264,3166
2023-10-12T03:00:00+00:00,202310,3430,254,3176
2023-10-12T03:30:00+00:00,202310,3430,265,3165
2023-10-12T04:00:00+00:00,202310,3430,465,2965
2023-10-12T04:30:00+00:00,202310,3430,568,2862
2023-10-12T05:00:00+00:00,202310,3430,707,2723
2023-10-12T05:30:00+00:00,202310,3430,724,2706
2023-10-12T06:00:00+00:00,202310,3430,737,2693
2023-10-12T06:30:00+00:00,202310,3430,739,2691
2023-10-12T07:00:00+00:00,202310,3430,721,2709
2023-10-12T07:30:00+00:00,202310,3430,821,2609
2023-10-12T08:00:00+00:00,202310,3430,898,2532
2023-10-12T08:30:00+00:00,202310,3430,1003,2427
2023-10-12T09:00:00+00:00,202310,3430,1131,2299
2023-10-12T09:30:00+00:00,202310,3430,1327,2103
2023-10-12T10:00:00+00:00,202310,3430,1427,2003
2023-10-12T10:30:00+00:00,202310,3430,1435,1995
2023-10-12T11:00:00+00:00,202310,3430,1476,1954
2023-10-12T11:30:00+00:00,202310,3430,1498,1932
2023-10-12T12:00:00+00:00,202310,3430,1327,2103
2023-10-12T12:30:00+00:00,202310,3430,1312,2118
2023-10-12T13:00:00+00:00,202310,3430,1007,2423
2023-10-12T13:30:00+00:00,202310,3430,1193,2237
2023-10-12T14:00:00+00:00,202310,3430,1130,2300
2023-10-12T14:30:00+00:00,202310,3430,1098,2332
2023-10-12T15:00:00+00:00,202310,3430,1075,2355
2023-10-12T15:30:00+00:00,202310,3430,1098,2332
2023-10-12T16:00:00+00:00,202310,3430,1215,2215
2023-10-12T16:30:00+00:00,202310,3430,1237,2193
2023-10-12T17:00:00+00:00,202310,3430,1263,2167
2023-10-12T17:30:00+00:00,202310,3430,1259,2171
2023-10-12T18:00:00+00:00,202310,3430,1327,2103
2023-10-12T18:30:00+00:00,202310,3430,1237,2193
2023-10-12T19:00:00+00:00,202310,3430,1219,2211
2023-10-12T19:30:00+00:00,202310,3430,1241,2189
2023-10-12T20:00:00+00:00,202310,3430,1368,2062
2023-10-12T20:30:00+00:00,202310,3430,1296,2134
2023-10-12T21:00:00+00:00,202310,3430,1449,1981
2023-10-12T21:30:00+00:00,202310,3430,1426,2004
2023-10-12T22:00:00+00:00,202310,3430,1442,1988
2023-10-12T22:30:00+00:00,202310,3430,1497,1933
2023-10-12T23:00:00+00:00,202310,3430,1615,1815
2023-10-12T23:30:00+00:00,202310,3430,1632,1798
2023-10-13T00:00:00+00:00,202310,3430,1609,1821
2023-10-13T00:30:00+00:00,202310,3430,1618,1812
2023-10-13T01:00:00+00:00,202310,3430,1588,1842
2023-10-13T01:30:00+00:00,202310,3430,1453,1977
2023-10-13T02:00:00+00:00,202310,3430,1277,2153
2023-10-13T02:30:00+00:00,202310,3430,1188,2242
2023-10-13T03:00:00+00:00,202310,3430,1044,2386
2023-10-13T03:30:00+00:00,202310,3430,1258,2172
2023-10-13T04:00:00+00:00,202310,3430,1247,2183
2023-10-13T04:30:00+00:00,202310,3430,1294,2136
2023-10-13T05:00:00+00:00,202310,3430,1293,2137
2023-10-13T05:30:00+00:00,202310,3430,1125,2305
2023-10-13T06:00:00+00:00,202310,3430,1154,2276
2023-10-13T06:30:00+00:00,202310,3430,1218,2212
2023-10-13T07:00:00+00:00,202310,3430,1306,2124
2023-10-13T07:30:00+00:00,202310,3430,1350,2080
2023-10-13T08:00:00+00:00,202310,3430,1401,2029
2023-10-13T08:30:00+00:00,202310,3430,1896,1534
2023-10-13T09:00:00+00:00,202310,3430,2046,1384
2023-10-13T09:30:00+00:00,202310,3430,2060,1370
2023-10-13T10:00:00+00:00,202310,3430,2015,1415
2023-10-13T10:30:00+00:00,202310,3430,1892,1538
2023-10-13T11:00:00+00:00,202310,3430,1729,1701
2023-10-13T11:30:00+00:00,202310,3430,1229,2201
2023-10-13T12:00:00+00:00,202310,3430,928,2502
2023-10-13T12:30:00+00:00,202310,3430,808,2622
2023-10-13T13:00:00+00:00,202310,3430,550,2880
2023-10-13T13:30:00+00:00,202310,3430,556,2874
2023-10-13T14:00:00+00:00,202310,3430,549,2881
2023-10-13T14:30:00+00:00,202310,3430,557,2873
2023-10-13T15:00:00+00:00,202310,3430,607,2823
2023-10-13T15:30:00+00:00,202310,3430,604,2826
2023-10-13T16:00:00+00:00,202310,3430,352,3078
2023-10-13T16:30:00+00:00,202310,3430,378,3052
2023-10-13T17:00:00+00:00,202310,3430,403,3027
2023-10-13T17:30:00+00:00,202310,3430,398,3032
2023-10-13T18:00:00+00:00,202310,3430,408,3022
2023-10-13T18:30:00+00:00,202310,3430,432,2998
2023-10-13T19:00:00+00:00,202310,3430,444,2986
2023-10-13T19:30:00+00:00,202310,3430,492,2938
2023-10-13T20:00:00+00:00,202310,3430,503,2927
2023-10-13T20:30:00+00:00,202310,3430,446,2984
2023-10-13T21:00:00+00:00,202310,3430,501,2929
2023-10-13T21:30:00+00:00,202310,3430,588,2842
2023-10-13T22:00:00+00:00,202310,3430,629,2801
2023-10-13T22:30:00+00:00,202310,3430,687,2743
2023-10-13T23:00:00+00:00,202310,3430,671,2759
2023-10-13T23:30:00+00:00,202310,3430,617,2813
2023-10-14T00:00:00+00:00,202310,3430,365,3065
2023-10-14T00:30:00+00:00,202310,3430,234,3196
2023-10-14T01:00:00+00:00,202310,3430,203,3227
2023-10-14T01:30:00+00:00,202310,3430,131,3299
2023-10-14T02:00:00+00:00,202310,3430,131,3299
2023-10-14T02:30:00+00:00,202310,3430,121,3309
2023-10-14T03:00:00+00:00,202310,3430,115,3315
2023-10-14T03:30:00+00:00,202310,3430,80,3350
2023-10-14T04:00:00+00:00,202310,3430,80,3350
2023-10-14T04:30:00+00:00,202310,3430,67,3363
2023-10-14T05:00:00+00:00,202310,3430,116,3314
2023-10-14T05:30:00+00:00,202310,3430,166,3264
2023-10-14T06:00:00+00:00,202310,3430,113,3317
2023-10-14T06:30:00+00:00,202310,3430,140,3290
2023-10-14T07:00:00+00:00,202310,3430,197,3233
2023-10-14T07:30:00+00:00,202310,3430,276,3154
2023-10-14T08:00:00+00:00,202310,3430,386,3044
2023-10-14T08:30:00+00:00,202310,3430,863,2567
2023-10-14T09:00:00+00:00,202310,3430,933,2497
2023-10-14T09:30:00+00:00,202310,3430,902,2528
2023-10-14T10:00:00+00:00,202310,3430,502,2928
2023-10-14T10:30:00+00:00,202310,3430,387,3043
2023-10-14T11:00:00+00:00,202310,3430,320,3110
2023-10-14T11:30:00+00:00,202310,3430,126,3304
2023-10-14T12:00:00+00:00,202310,3430,40,3390
2023-10-14T12:30:00+00:00,202310,3430,39,3391
2023-10-14T13:00:00+00:00,202310,3430,10,3420
2023-10-14T13:30:00+00:00,202310,3430,0,3430
2023-10-14T14:00:00+00:00,202310,3430,5,3425
2023-10-14T14:30:00+00:00,202310,3430,8,3422
2023-10-14T15:00:00+00:00,202310,3430,12,3418
2023-10-14T15:30:00+00:00,202310,3430,13,3417
2023-10-14T16:00:00+00:00,202310,3430,25,3405
2023-10-14T16:30:00+00:00,202310,3430,37,3393
2023-10-14T17:00:00+00:00,202310,3430,57,3373
2023-10-14T17:30:00+00:00,202310,3430,60,3370
2023-10-14T18:00:00+00:00,202310,3430,96,3334
2023-10-14T18:30:00+00:00,202310,3430,76,3354
2023-10-14T19:00:00+00:00,202310,3430,79,3351
2023-10-14T19:30:00+00:00,202310,3430,55,3375
2023-10-14T20:00:00+00:00,202310,3430,80,3350
2023-10-14T20:30:00+00:00,202310,3430,117,3313
2023-10-14T21:00:00+00:00,202310,3430,282,3148
2023-10-14T21:30:00+00:00,202310,3430,305,3125
2023-10-14T22:00:00+00:00,202310,3430,295,3135
2023-10-14T22:30:00+00:00,202310,3430,248,3182
2023-10-14T23:00:00+00:00,202310,3430,323,3107
2023-10-14T23:30:00+00:00,202310,3430,323,3107
2023-10-15T00:00:00+00:00,202310,3430,295,3135
2023-10-15T00:30:00+00:00,202310,3430,185,3245
2023-10-15T01:00:00+00:00,202310,3430,180,3250
2023-10-15T01:30:00+00:00,202310,3430,144,3286
2023-10-15T02:00:00+00:00,202310,3430,56,3374
2023-10-15T02:30:00+00:00,202310,3430,15,3415
2023-10-15T03:00:00+00:00,202310,3430,4,3426
2023-10-15T03:30:00+00:00,202310,3430,6,3424
2023-10-15T04:00:00+00:00,202310,3430,4,3426
2023-10-15T04:30:00+00:00,202310,3430,10,3420
2023-10-15T05:00:00+00:00,202310,3430,8,3422
2023-10-15T05:30:00+00:00,202310,3430,12,3418
2023-10-15T06:00:00+00:00,202310,3430,84,3346
2023-10-15T06:30:00+00:00,202310,3430,196,3234
2023-10-15T07:00:00+00:00,202310,3430,305,3125
2023-10-15T07:30:00+00:00,202310,3430,384,3046
2023-10-15T08:00:00+00:00,202310,3430,811,2619
2023-10-15T08:30:00+00:00,202310,3430,769,2661
2023-10-15T09:00:00+00:00,202310,3430,679,2751
2023-10-15T09:30:00+00:00,202310,3430,339,3091
2023-10-15T10:00:00+00:00,202310,3430,347,3083
2023-10-15T10:30:00+00:00,202310,3430,273,3157
2023-10-15T11:00:00+00:00,202310,3430,157,3273
2023-10-15T11:30:00+00:00,202310,3430,80,3350
2023-10-15T12:00:00+00:00,202310,3430,52,3378
2023-10-15T12:30:00+00:00,202310,3430,35,3395
2023-10-15T13:00:00+00:00,202310,3430,11,3419
2023-10-15T13:30:00+00:00,202310,3430,0,3430
2023-10-15T14:00:00+00:00,202310,3430,7,3423
2023-10-15T14:30:00+00:00,202310,3430,19,3411
2023-10-15T15:00:00+00:00,202310,3430,26,3404
2023-10-15T15:30:00+00:00,202310,3430,31,3399
2023-10-15T16:00:00+00:00,202310,3430,18,3412
2023-10-15T16:30:00+00:00,202310,3430,11,3419
2023-10-15T17:00:00+00:00,202310,3430,11,3419
2023-10-15T17:30:00+00:00,202310,3430,7,3423
2023-10-15T18:00:00+00:00,202310,3430,7,3423
2023-10-15T18:30:00+00:00,202310,3430,62,3368
2023-10-15T19:00:00+00:00,202310,3430,115,3315
2023-10-15T19:30:00+00:00,202310,3430,157,3273
2023-10-15T20:00:00+00:00,202310,3430,107,3323
2023-10-15T20:30:00+00:00,202310,3430,129,3301
2023-10-15T21:00:00+00:00,202310,3430,126,3304
2023-10-15T21:30:00+00:00,202310,3430,128,3302
2023-10-15T22:00:00+00:00,202310,3430,77,3353
2023-10-15T22:30:00+00:00,202310,3430,116,3314
2023-10-15T23:00:00+00:00,202310,3430,101,3329
2023-10-15T23:30:00+00:00,202310,3430,92,3338
2023-10-16T00:00:00+00:00,202310,3430,63,3367
2023-10-16T00:30:00+00:00,202310,3430,46,3384
2023-10-16T01:00:00+00:00,202310,3430,33,3397
2023-10-16T01:30:00+00:00,202310,3430,9,3421
2023-10-16T02:00:00+00:00,202310,3430,3,3427
2023-10-16T02:30:00+00:00,202310,3430,1,3429
2023-10-16T03:00:00+00:00,202310,3430,2,3428
2023-10-16T03:30:00+00:00,202310,3430,15,3415
2023-10-16T04:00:00+00:00,202310,3430,35,3395
2023-10-16T04:30:00+00:00,202310,3430,56,3374
2023-10-16T05:00:00+00:00,202310,3430,79,3351
2023-10-16T05:30:00+00:00,202310,3430,176,3254
2023-10-16T06:00:00+00:00,202310,3430,156,3274
2023-10-16T06:30:00+00:00,202310,3430,172,3258
2023-10-16T07:00:00+00:00,202310,3430,163,3267
2023-10-16T07:30:00+00:00,202310,3430,208,3222
2023-10-16T08:00:00+00:00,202310,3430,346,3084
2023-10-16T08:30:00+00:00,202310,3430,422,3008
2023-10-16T09:00:00+00:00,202310,3430,366,3064
2023-10-16T09:30:00+00:00,202310,3430,164,3266
2023-10-16T10:00:00+00:00,202310,3430,149,3281
2023-10-16T10:30:00+00:00,202310,3430,82,3348
2023-10-16T11:00:00+00:00,202310,3430,8,3422
2023-10-16T11:30:00+00:00,202310,3430,2,3428
2023-10-16T12:00:00+00:00,202310,3430,1,3429
2023-10-16T12:30:00+00:00,202310,3430,0,3430
2023-10-16T13:00:00+00:00,202310,3430,0,3430
2023-10-16T13:30:00+00:00,202310,3430,0,3430
2023-10-16T14:00:00+00:00,202310,3430,0,3430
2023-10-16T14:30:00+00:00,202310,3430,0,3430
2023-10-16T15:00:00+00:00,202310,3430,2,3428
2023-10-16T15:30:00+00:00,202310,3430,3,3427
2023-10-16T16:00:00+00:00,202310,3430,7,3423
2023-10-16T16:30:00+00:00,202310,3430,15,3415
2023-10-16T17:00:00+00:00,202310,3430,18,3412
2023-10-16T17:30:00+00:00,202310,3430,29,3401
2023-10-16T18:00:00+00:00,202310,3430,21,3409
2023-10-16T18:30:00+00:00,202310,3430,15,3415
2023-10-16T19:00:00+00:00,202310,3430,3,3427
2023-10-16T19:30:00+00:00,202310,3430,9,3421
2023-10-16T20:00:00+00:00,202310,3430,11,3419
2023-10-16T20:30:00+00:00,202310,3430,28,3402
2023-10-16T21:00:00+00:00,202310,3430,37,3393
2023-10-16T21:30:00+00:00,202310,3430,45,3385
2023-10-16T22:00:00+00:00,202310,3430,35,3395
2023-10-16T22:30:00+00:00,202310,3430,52,3378
2023-10-16T23:00:00+00:00,202310,3430,53,3377
2023-10-16T23:30:00+00:00,202310,3430,43,3387
2023-10-17T00:00:00+00:00,202310,3430,34,3396
2023-10-17T00:30:00+00:00,202310,3430,15,3415
2023-10-17T01:00:00+00:00,202310,3430,12,3418
2023-10-17T01:30:00+00:00,202310,3430,6,3424
2023-10-17T02:00:00+00:00,202310,3430,1,3429
2023-10-17T02:30:00+00:00,202310,3430,0,3430
2023-10-17T03:00:00+00:00,202310,3430,0,3430
2023-10-17T03:30:00+00:00,202310,3430,3,3427
2023-10-17T04:00:00+00:00,202310,3430,6,3424
2023-10-17T04:30:00+00:00,202310,3430,12,3418
2023-10-17T05:00:00+00:00,202310,3430,25,3405
2023-10-17T05:30:00+00:00,202310,3430,35,3395
2023-10-17T06:00:00+00:00,202310,3430,73,3357
2023-10-17T06:30:00+00:00,202310,3430,100,3330
2023-10-17T07:00:00+00:00,202310,3430,184,3246
2023-10-17T07:30:00+00:00,202310,3430,201,3229
2023-10-17T08:00:00+00:00,202310,3430,352,3078
2023-10-17T08:30:00+00:00,202310,3430,348,3082
2023-10-17T09:00:00+00:00,202310,3430,299,3131
2023-10-17T09:30:00+00:00,202310,3430,244,3186
2023-10-17T10:00:00+00:00,202310,3430,126,3304
2023-10-17T10:30:00+00:00,202310,3430,64,3366
2023-10-17T11:00:00+00:00,202310,3430,59,3371
2023-10-17T11:30:00+00:00,202310,3430,44,3386
2023-10-17T12:00:00+00:00,202310,3430,28,3402
2023-10-17T12:30:00+00:00,202310,3430,18,3412
2023-10-17T13:00:00+00:00,202310,3430,12,3418
2023-10-17T13:30:00+00:00,202310,3430,4,3426
2023-10-17T14:00:00+00:00,202310,3430,1,3429
2023-10-17T14:30:00+00:00,202310,3430,2,3428
2023-10-17T15:00:00+00:00,202310,3430,2,3428
2023-10-17T15:30:00+00:00,202310,3430,2,3428
2023-10-17T16:00:00+00:00,202310,3430,5,3425
2023-10-17T16:30:00+00:00,202310,3430,11,3419
2023-10-17T17:00:00+00:00,202310,3430,14,3416
2023-10-17T17:30:00+00:00,202310,3430,22,3408
2023-10-17T18:00:00+00:00,202310,3430,28,3402
2023-10-17T18:30:00+00:00,202310,3430,54,3376
2023-10-17T19:00:00+00:00,202310,3430,51,3379
2023-10-17T19:30:00+00:00,202310,3430,39,3391
2023-10-17T20:00:00+00:00,202310,3430,29,3401
2023-10-17T20:30:00+00:00,202310,3430,32,3398
2023-10-17T21:00:00+00:00,202310,3430,36,3394
2023-10-17T21:30:00+00:00,202310,3430,29,3401
2023-10-17T22:00:00+00:00,202310,3430,41,3389
2023-10-17T22:30:00+00:00,202310,3430,44,3386
2023-10-17T23:00:00+00:00,202310,3430,37,3393
2023-10-17T23:30:00+00:00,202310,3430,35,3395
2023-10-18T00:00:00+00:00,202310,3430,23,3407
2023-10-18T00:30:00+00:00,202310,3430,10,3420
2023-10-18T01:00:00+00:00,202310,3430,7,3423
2023-10-18T01:30:00+00:00,202310,3430,3,3427
2023-10-18T02:00:00+00:00,202310,3430,1,3429
2023-10-18T02:30:00+00:00,202310,3430,0,3430
2023-10-18T03:00:00+00:00,202310,3430,2,3428
2023-10-18T03:30:00+00:00,202310,3430,3,3427
2023-10-18T04:00:00+00:00,202310,3430,8,3422
2023-10-18T04:30:00+00:00,202310,3430,17,3413
2023-10-18T05:00:00+00:00,202310,3430,22,3408
2023-10-18T05:30:00+00:00,202310,3430,39,3391
2023-10-18T06:00:00+00:00,202310,3430,37,3393
2023-10-18T06:30:00+00:00,202310,3430,71,3359
2023-10-18T07:00:00+00:00,202310,3430,102,3328
2023-10-18T07:30:00+00:00,202310,3430,136,3294
2023-10-18T08:00:00+00:00,202310,3430,176,3254
2023-10-18T08:30:00+00:00,202310,3430,200,3230
2023-10-18T09:00:00+00:00,202310,3430,153,3277
2023-10-18T09:30:00+00:00,202310,3430,200,3230
2023-10-18T10:00:00+00:00,202310,3430,200,3230
2023-10-18T10:30:00+00:00,202310,3430,202,3228
2023-10-18T11:00:00+00:00,202310,3430,214,3216
2023-10-18T11:30:00+00:00,202310,3430,209,3221
2023-10-18T12:00:00+00:00,202310,3430,185,3245
2023-10-18T12:30:00+00:00,202310,3430,153,3277
2023-10-18T13:00:00+00:00,202310,3430,162,3268
2023-10-18T13:30:00+00:00,202310,3430,152,3278
2023-10-18T14:00:00+00:00,202310,3430,150,3280
2023-10-18T14:30:00+00:00,202310,3430,143,3287
2023-10-18T15:00:00+00:00,202310,3430,140,3290
2023-10-18T15:30:00+00:00,202310,3430,172,3258
2023-10-18T16:00:00+00:00,202310,3430,155,3275
2023-10-18T16:30:00+00:00,202310,3430,150,3280
2023-10-18T17:00:00+00:00,202310,3430,104,3326
2023-10-18T17:30:00+00:00,202310,3430,98,3332
2023-10-18T18:00:00+00:00,202310,3430,3,3427
2023-10-18T18:30:00+00:00,202310,3430,1,3429
2023-10-18T19:00:00+00:00,202310,3430,9,3421
2023-10-18T19:30:00+00:00,202310,3430,33,3397
2023-10-18T20:00:00+00:00,202310,3430,73,3357
2023-10-18T20:30:00+00:00,202310,3430,93,3337
2023-10-18T21:00:00+00:00,202310,3430,103,3327
2023-10-18T21:30:00+00:00,202310,3430,86,3344
2023-10-18T22:00:00+00:00,202310,3430,108,3322
2023-10-18T22:30:00+00:00,202310,3430,103,3327
2023-10-18T23:00:00+00:00,202310,3430,91,3339
2023-10-18T23:30:00+00:00,202310,3430,79,3351
2023-10-19T00:00:00+00:00,202310,3430,48,3382
2023-10-19T00:30:00+00:00,202310,3430,28,3402
2023-10-19T01:00:00+00:00,202310,3430,17,3413
2023-10-19T01:30:00+00:00,202310,3430,12,3418
2023-10-19T02:00:00+00:00,202310,3430,0,3430
2023-10-19T02:30:00+00:00,202310,3430,0,3430
2023-10-19T03:00:00+00:00,202310,3430,0,3430
2023-10-19T03:30:00+00:00,202310,3430,2,3428
2023-10-19T04:00:00+00:00,202310,3430,2,3428
2023-10-19T04:30:00+00:00,202310,3430,8,3422
2023-10-19T05:00:00+00:00,202310,3430,12,3418
2023-10-19T05:30:00+00:00,202310,3430,24,3406
2023-10-19T06:00:00+00:00,202310,3430,29,3401
2023-10-19T06:30:00+00:00,202310,3430,27,3403
2023-10-19T07:00:00+00:00,202310,3430,36,3394
2023-10-19T07:30:00+00:00,202310,3430,12,3418
2023-10-19T08:00:00+00:00,202310,3430,14,3416
2023-10-19T08:30:00+00:00,202310,3430,10,3420
2023-10-19T09:00:00+00:00,202310,3430,5,3425
2023-10-19T09:30:00+00:00,202310,3430,9,3421
2023-10-19T10:00:00+00:00,202310,3430,12,3418
2023-10-19T10:30:00+00:00,202310,3430,15,3415
2023-10-19T11:00:00+00:00,202310,3430,20,3410
2023-10-19T11:30:00+00:00,202310,3430,14,3416
2023-10-19T12:00:00+00:00,202310,3430,8,3422
2023-10-19T12:30:00+00:00,202310,3430,3,3427
2023-10-19T13:00:00+00:00,202310,3430,1,3429
2023-10-19T13:30:00+00:00,202310,3430,0,3430
2023-10-19T14:00:00+00:00,202310,3430,0,3430
2023-10-19T14:30:00+00:00,202310,3430,0,3430
2023-10-19T15:00:00+00:00,202310,3430,5,3425
2023-10-19T15:30:00+00:00,202310,3430,16,3414
2023-10-19T16:00:00+00:00,202310,3430,32,3398
2023-10-19T16:30:00+00:00,202310,3430,59,3371
2023-10-19T17:00:00+00:00,202310,3430,71,3359
2023-10-19T17:30:00+00:00,202310,3430,52,3378
2023-10-19T18:00:00+00:00,202310,3430,114,3316
2023-10-19T18:30:00+00:00,202310,3430,107,3323
2023-10-19T19:00:00+00:00,202310,3430,92,3338
2023-10-19T19:30:00+00:00,202310,3430,31,3399
2023-10-19T20:00:00+00:00,202310,3430,30,3400
2023-10-19T20:30:00+00:00,202310,3430,37,3393
2023-10-19T21:00:00+00:00,202310,3430,57,3373
2023-10-19T21:30:00+00:00,202310,3430,97,3333
2023-10-19T22:00:00+00:00,202310,3430,107,3323
2023-10-19T22:30:00+00:00,202310,3430,98,3332
2023-10-19T23:00:00+00:00,202310,3430,104,3326
2023-10-19T23:30:00+00:00,202310,3430,89,3341
2023-10-20T00:00:00+00:00,202310,3430,68,3362
2023-10-20T00:30:00+00:00,202310,3430,28,3402
2023-10-20T01:00:00+00:00,202310,3430,12,3418
2023-10-20T01:30:00+00:00,202310,3430,12,3418
2023-10-20T02:00:00+00:00,202310,3430,9,3421
2023-10-20T02:30:00+00:00,202310,3430,11,3419
2023-10-20T03:00:00+00:00,202310,3430,15,3415
2023-10-20T03:30:00+00:00,202310,3430,13,3417
2023-10-20T04:00:00+00:00,202310,3430,15,3415
2023-10-20T04:30:00+00:00,202310,3430,17,3413
2023-10-20T05:00:00+00:00,202310,3430,18,3412
2023-10-20T05:30:00+00:00,202310,3430,31,3399
2023-10-20T06:00:00+00:00,202310,3430,27,3403
2023-10-20T06:30:00+00:00,202310,3430,24,3406
2023-10-20T07:00:00+00:00,202310,3430,30,3400
2023-10-20T07:30:00+00:00,202310,3430,34,3396
2023-10-20T08:00:00+00:00,202310,3430,53,3377
2023-10-20T08:30:00+00:00,202310,3430,88,3342
2023-10-20T09:00:00+00:00,202310,3430,151,3279
2023-10-20T09:30:00+00:00,202310,3430,171,3259
2023-10-20T10:00:00+00:00,202310,3430,165,3265
2023-10-20T10:30:00+00:00,202310,3430,212,3218
2023-10-20T11:00:00+00:00,202310,3430,220,3210
2023-10-20T11:30:00+00:00,202310,3430,206,3224
2023-10-20T12:00:00+00:00,202310,3430,100,3330
2023-10-20T12:30:00+00:00,202310,3430,82,3348
2023-10-20T13:00:00+00:00,202310,3430,94,3336
2023-10-20T13:30:00+00:00,202310,3430,52,3378
2023-10-20T14:00:00+00:00,202310,3430,21,3409
2023-10-20T14:30:00+00:00,202310,3430,7,3423
2023-10-20T15:00:00+00:00,202310,3430,5,3425
2023-10-20T15:30:00+00:00,202310,3430,10,3420
2023-10-20T16:00:00+00:00,202310,3430,4,3426
2023-10-20T16:30:00+00:00,202310,3430,17,3413
2023-10-20T17:00:00+00:00,202310,3430,25,3405
2023-10-20T17:30:00+00:00,202310,3430,30,3400
2023-10-20T18:00:00+00:00,202310,3430,59,3371
2023-10-20T18:30:00+00:00,202310,3430,68,3362
2023-10-20T19:00:00+00:00,202310,3430,89,3341
2023-10-20T19:30:00+00:00,202310,3430,130,3300
2023-10-20T20:00:00+00:00,202310,3430,120,3310
2023-10-20T20:30:00+00:00,202310,3430,103,3327
2023-10-20T21:00:00+00:00,202310,3430,87,3343
2023-10-20T21:30:00+00:00,202310,3430,118,3312
2023-10-20T22:00:00+00:00,202310,3430,141,3289
2023-10-20T22:30:00+00:00,202310,3430,125,3305
2023-10-20T23:00:00+00:00,202310,3430,154,3276
2023-10-20T23:30:00+00:00,202310,3430,135,3295
2023-10-21T00:00:00+00:00,202310,3430,120,3310
2023-10-21T00:30:00+00:00,202310,3430,72,3358
2023-10-21T01:00:00+00:00,202310,3430,41,3389
2023-10-21T01:30:00+00:00,202310,3430,34,3396
2023-10-21T02:00:00+00:00,202310,3430,13,3417
2023-10-21T02:30:00+00:00,202310,3430,0,3430
2023-10-21T03:00:00+00:00,202310,3430,0,3430
2023-10-21T03:30:00+00:00,202310,3430,5,3425
2023-10-21T04:00:00+00:00,202310,3430,7,3423
2023-10-21T04:30:00+00:00,202310,3430,12,3418
2023-10-21T05:00:00+00:00,202310,3430,21,3409
2023-10-21T05:30:00+00:00,202310,3430,29,3401
2023-10-21T06:00:00+00:00,202310,3430,53,3377
2023-10-21T06:30:00+00:00,202310,3430,100,3330
2023-10-21T07:00:00+00:00,202310,3430,183,3247
2023-10-21T07:30:00+00:00,202310,3430,193,3237
2023-10-21T08:00:00+00:00,202310,3430,248,3182
2023-10-21T08:30:00+00:00,202310,3430,432,2998
2023-10-21T09:00:00+00:00,202310,3430,478,2952
2023-10-21T09:30:00+00:00,202310,3430,390,3040
2023-10-21T10:00:00+00:00,202310,3430,233,3197
2023-10-21T10:30:00+00:00,202310,3430,176,3254
2023-10-21T11:00:00+00:00,202310,3430,143,3287
2023-10-21T11:30:00+00:00,202310,3430,71,3359
2023-10-21T12:00:00+00:00,202310,3430,65,3365
2023-10-21T12:30:00+00:00,202310,3430,48,3382
2023-10-21T13:00:00+00:00,202310,3430,37,3393
2023-10-21T13:30:00+00:00,202310,3430,20,3410
2023-10-21T14:00:00+00:00,202310,3430,3,3427
2023-10-21T14:30:00+00:00,202310,3430,3,3427
2023-10-21T15:00:00+00:00,202310,3430,8,3422
2023-10-21T15:30:00+00:00,202310,3430,11,3419
2023-10-21T16:00:00+00:00,202310,3430,19,3411
2023-10-21T16:30:00+00:00,202310,3430,31,3399
2023-10-21T17:00:00+00:00,202310,3430,49,3381
2023-10-21T17:30:00+00:00,202310,3430,64,3366
2023-10-21T18:00:00+00:00,202310,3430,122,3308
2023-10-21T18:30:00+00:00,202310,3430,120,3310
2023-10-21T19:00:00+00:00,202310,3430,113,3317
2023-10-21T19:30:00+00:00,202310,3430,72,3358
2023-10-21T20:00:00+00:00,202310,3430,67,3363
2023-10-21T20:30:00+00:00,202310,3430,73,3357
2023-10-21T21:00:00+00:00,202310,3430,131,3299
2023-10-21T21:30:00+00:00,202310,3430,173,3257
2023-10-21T22:00:00+00:00,202310,3430,151,3279
2023-10-21T22:30:00+00:00,202310,3430,111,3319
2023-10-21T23:00:00+00:00,202310,3430,147,3283
2023-10-21T23:30:00+00:00,202310,3430,164,3266
2023-10-22T00:00:00+00:00,202310,3430,125,3305
2023-10-22T00:30:00+00:00,202310,3430,64,3366
2023-10-22T01:00:00+00:00,202310,3430,28,3402
2023-10-22T01:30:00+00:00,202310,3430,32,3398
2023-10-22T02:00:00+00:00,202310,3430,16,3414
2023-10-22T02:30:00+00:00,202310,3430,3,3427
2023-10-22T03:00:00+00:00,202310,3430,8,3422
2023-10-22T03:30:00+00:00,202310,3430,9,3421
2023-10-22T04:00:00+00:00,202310,3430,20,3410
2023-10-22T04:30:00+00:00,202310,3430,22,3408
2023-10-22T05:00:00+00:00,202310,3430,66,3364
2023-10-22T05:30:00+00:00,202310,3430,67,3363
2023-10-22T06:00:00+00:00,202310,3430,73,3357
2023-10-22T06:30:00+00:00,202310,3430,116,3314
2023-10-22T07:00:00+00:00,202310,3430,236,3194
2023-10-22T07:30:00+00:00,202310,3430,344,3086
2023-10-22T08:00:00+00:00,202310,3430,435,2995
2023-10-22T08:30:00+00:00,202310,3430,973,2457
2023-10-22T09:00:00+00:00,202310,3430,901,2529
2023-10-22T09:30:00+00:00,202310,3430,741,2689
2023-10-22T10:00:00+00:00,202310,3430,543,2887
2023-10-22T10:30:00+00:00,202310,3430,344,3086
2023-10-22T11:00:00+00:00,202310,3430,195,3235
2023-10-22T11:30:00+00:00,202310,3430,72,3358
2023-10-22T12:00:00+00:00,202310,3430,40,3390
2023-10-22T12:30:00+00:00,202310,3430,29,3401
2023-10-22T13:00:00+00:00,202310,3430,15,3415
2023-10-22T13:30:00+00:00,202310,3430,5,3425
2023-10-22T14:00:00+00:00,202310,3430,3,3427
2023-10-22T14:30:00+00:00,202310,3430,7,3423
2023-10-22T15:00:00+00:00,202310,3430,46,3384
2023-10-22T15:30:00+00:00,202310,3430,36,3394
2023-10-22T16:00:00+00:00,202310,3430,24,3406
2023-10-22T16:30:00+00:00,202310,3430,65,3365
2023-10-22T17:00:00+00:00,202310,3430,60,3370
2023-10-22T17:30:00+00:00,202310,3430,88,3342
2023-10-22T18:00:00+00:00,202310,3430,99,3331
2023-10-22T18:30:00+00:00,202310,3430,150,3280
2023-10-22T19:00:00+00:00,202310,3430,141,3289
2023-10-22T19:30:00+00:00,202310,3430,163,3267
2023-10-22T20:00:00+00:00,202310,3430,194,3236
2023-10-22T20:30:00+00:00,202310,3430,129,3301
2023-10-22T21:00:00+00:00,202310,3430,252,3178
2023-10-22T21:30:00+00:00,202310,3430,266,3164
2023-10-22T22:00:00+00:00,202310,3430,211,3219
2023-10-22T22:30:00+00:00,202310,3430,195,3235
2023-10-22T23:00:00+00:00,202310,3430,196,3234
2023-10-22T23:30:00+00:00,202310,3430,228,3202
2023-10-23T00:00:00+00:00,202310,3430,177,3253
2023-10-23T00:30:00+00:00,202310,3430,197,3233
2023-10-23T01:00:00+00:00,202310,3430,112,3318
2023-10-23T01:30:00+00:00,202310,3430,51,3379
2023-10-23T02:00:00+00:00,202310,3430,26,3404
2023-10-23T02:30:00+00:00,202310,3430,8,3422
2023-10-23T03:00:00+00:00,202310,3430,18,3412
2023-10-23T03:30:00+00:00,202310,3430,22,3408
2023-10-23T04:00:00+00:00,202310,3430,34,3396
2023-10-23T04:30:00+00:00,202310,3430,53,3377
2023-10-23T05:00:00+00:00,202310,3430,68,3362
2023-10-23T05:30:00+00:00,202310,3430,169,3261
2023-10-23T06:00:00+00:00,202310,3430,140,3290
2023-10-23T06:30:00+00:00,202310,3430,214,3216
2023-10-23T07:00:00+00:00,202310,3430,365,3065
2023-10-23T07:30:00+00:00,202310,3430,443,2987
2023-10-23T08:00:00+00:00,202310,3430,767,2663
2023-10-23T08:30:00+00:00,202310,3430,973,2457
2023-10-23T09:00:00+00:00,202310,3430,850,2580
2023-10-23T09:30:00+00:00,202310,3430,486,2944
2023-10-23T10:00:00+00:00,202310,3430,515,2915
2023-10-23T10:30:00+00:00,202310,3430,421,3009
2023-10-23T11:00:00+00:00,202310,3430,304,3126
2023-10-23T11:30:00+00:00,202310,3430,299,3131
2023-10-23T12:00:00+00:00,202310,3430,368,3062
2023-10-23T12:30:00+00:00,202310,3430,287,3143
2023-10-23T13:00:00+00:00,202310,3430,216,3214
2023-10-23T13:30:00+00:00,202310,3430,175,3255
2023-10-23T14:00:00+00:00,202310,3430,142,3288
2023-10-23T14:30:00+00:00,202310,3430,163,3267
2023-10-23T15:00:00+00:00,202310,3430,211,3219
2023-10-23T15:30:00+00:00,202310,3430,303,3127
2023-10-23T16:00:00+00:00,202310,3430,391,3039
2023-10-23T16:30:00+00:00,202310,3430,485,2945
2023-10-23T17:00:00+00:00,202310,3430,551,2879
2023-10-23T17:30:00+00:00,202310,3430,609,2821
2023-10-23T18:00:00+00:00,202310,3430,478,2952
2023-10-23T18:30:00+00:00,202310,3430,539,2891
2023-10-23T19:00:00+00:00,202310,3430,600,2830
2023-10-23T19:30:00+00:00,202310,3430,690,2740
2023-10-23T20:00:00+00:00,202310,3430,878,2552
2023-10-23T20:30:00+00:00,202310,3430,801,2629
2023-10-23T21:00:00+00:00,202310,3430,832,2598
2023-10-23T21:30:00+00:00,202310,3430,821,2609
2023-10-23T22:00:00+00:00,202310,3430,823,2607
2023-10-23T22:30:00+00:00,202310,3430,846,2584
2023-10-23T23:00:00+00:00,202310,3430,1045,2385
2023-10-23T23:30:00+00:00,202310,3430,848,2582
2023-10-24T00:00:00+00:00,202310,3430,803,2627
2023-10-24T00:30:00+00:00,202310,3430,730,2700
2023-10-24T01:00:00+00:00,202310,3430,645,2785
2023-10-24T01:30:00+00:00,202310,3430,489,2941
2023-10-24T02:00:00+00:00,202310,3430,212,3218
2023-10-24T02:30:00+00:00,202310,3430,131,3299
2023-10-24T03:00:00+00:00,202310,3430,65,3365
2023-10-24T03:30:00+00:00,202310,3430,55,3375
2023-10-24T04:00:00+00:00,202310,3430,211,3219
2023-10-24T04:30:00+00:00,202310,3430,179,3251
2023-10-24T05:00:00+00:00,202310,3430,191,3239
2023-10-24T05:30:00+00:00,202310,3430,135,3295
2023-10-24T06:00:00+00:00,202310,3430,130,3300
2023-10-24T06:30:00+00:00,202310,3430,203,3227
2023-10-24T07:00:00+00:00,202310,3430,413,3017
2023-10-24T07:30:00+00:00,202310,3430,692,2738
2023-10-24T08:00:00+00:00,202310,3430,880,2550
2023-10-24T08:30:00+00:00,202310,3430,1060,2370
2023-10-24T09:00:00+00:00,202310,3430,1099,2331
2023-10-24T09:30:00+00:00,202310,3430,799,2631
2023-10-24T10:00:00+00:00,202310,3430,917,2513
2023-10-24T10:30:00+00:00,202310,3430,931,2499
2023-10-24T11:00:00+00:00,202310,3430,947,2483
2023-10-24T11:30:00+00:00,202310,3430,977,2453
2023-10-24T12:00:00+00:00,202310,3430,930,2500
2023-10-24T12:30:00+00:00,202310,3430,704,2726
2023-10-24T13:00:00+00:00,202310,3430,784,2646
2023-10-24T13:30:00+00:00,202310,3430,701,2729
2023-10-24T14:00:00+00:00,202310,3430,629,2801
2023-10-24T14:30:00+00:00,202310,3430,566,2864
2023-10-24T15:00:00+00:00,202310,3430,625,2805
2023-10-24T15:30:00+00:00,202310,3430,480,2950
2023-10-24T16:00:00+00:00,202310,3430,466,2964
2023-10-24T16:30:00+00:00,202310,3430,532,2898
2023-10-24T17:00:00+00:00,202310,3430,338,3092
2023-10-24T17:30:00+00:00,202310,3430,308,3122
2023-10-24T18:00:00+00:00,202310,3430,291,3139
2023-10-24T19:00:00+00:00,202310,3430,459,2971
2023-10-24T19:30:00+00:00,202310,3430,562,2868
2023-10-24T20:00:00+00:00,202310,3430,547,2883
2023-10-24T20:30:00+00:00,202310,3430,508,2922
2023-10-24T21:00:00+00:00,202310,3430,436,2994
2023-10-24T21:30:00+00:00,202310,3430,367,3063
2023-10-24T22:00:00+00:00,202310,3430,463,2967
2023-10-24T22:30:00+00:00,202310,3430,314,3116
2023-10-24T23:00:00+00:00,202310,3430,273,3157
2023-10-24T23:30:00+00:00,202310,3430,221,3209
2023-10-25T00:00:00+00:00,202310,3430,172,3258
2023-10-25T00:30:00+00:00,202310,3430,147,3283
2023-10-25T01:00:00+00:00,202310,3430,175,3255
2023-10-25T01:30:00+00:00,202310,3430,118,3312
2023-10-25T02:00:00+00:00,202310,3430,86,3344
2023-10-25T02:30:00+00:00,202310,3430,67,3363
2023-10-25T03:00:00+00:00,202310,3430,73,3357
2023-10-25T03:30:00+00:00,202310,3430,173,3257
2023-10-25T04:00:00+00:00,202310,3430,223,3207
2023-10-25T04:30:00+00:00,202310,3430,290,3140
2023-10-25T05:00:00+00:00,202310,3430,338,3092
2023-10-25T05:30:00+00:00,202310,3430,282,3148
2023-10-25T06:00:00+00:00,202310,3430,238,3192
2023-10-25T06:30:00+00:00,202310,3430,337,3093
2023-10-25T07:00:00+00:00,202310,3430,626,2804
2023-10-25T07:30:00+00:00,202310,3430,863,2567
2023-10-25T08:00:00+00:00,202310,3430,1047,2383
2023-10-25T08:30:00+00:00,202310,3430,1121,2309
2023-10-25T09:00:00+00:00,202310,3430,813,2617
2023-10-25T09:30:00+00:00,202310,3430,839,2591
2023-10-25T10:00:00+00:00,202310,3430,682,2748
2023-10-25T10:30:00+00:00,202310,3430,536,2894
2023-10-25T11:00:00+00:00,202310,3430,523,2907
2023-10-25T11:30:00+00:00,202310,3430,456,2974
2023-10-25T12:00:00+00:00,202310,3430,346,3084
2023-10-25T12:30:00+00:00,202310,3430,217,3213
2023-10-25T13:00:00+00:00,202310,3430,195,3235
2023-10-25T13:30:00+00:00,202310,3430,140,3290
2023-10-25T14:00:00+00:00,202310,3430,100,3330
2023-10-25T14:30:00+00:00,202310,3430,85,3345
2023-10-25T15:00:00+00:00,202310,3430,72,3358
2023-10-25T15:30:00+00:00,202310,3430,112,3318
2023-10-25T16:30:00+00:00,202310,3430,140,3290
2023-10-25T17:00:00+00:00,202310,3430,170,3260
2023-10-25T17:30:00+00:00,202310,3430,178,3252
2023-10-25T18:00:00+00:00,202310,3430,215,3215
2023-10-25T18:30:00+00:00,202310,3430,229,3201
2023-10-25T19:00:00+00:00,202310,3430,251,3179
2023-10-25T19:30:00+00:00,202310,3430,280,3150
2023-10-25T20:00:00+00:00,202310,3430,313,3117
2023-10-25T20:30:00+00:00,202310,3430,318,3112
2023-10-25T21:00:00+00:00,202310,3430,333,3097
2023-10-25T21:30:00+00:00,202310,3430,331,3099
2023-10-25T22:00:00+00:00,202310,3430,342,3088
2023-10-25T22:30:00+00:00,202310,3430,302,3128
2023-10-25T23:00:00+00:00,202310,3430,280,3150
2023-10-25T23:30:00+00:00,202310,3430,260,3170
2023-10-26T00:00:00+00:00,202310,3430,219,3211
2023-10-26T00:30:00+00:00,202310,3430,149,3281
2023-10-26T01:00:00+00:00,202310,3430,98,3332
2023-10-26T01:30:00+00:00,202310,3430,83,3347
2023-10-26T02:00:00+00:00,202310,3430,55,3375
2023-10-26T02:30:00+00:00,202310,3430,19,3411
2023-10-26T03:00:00+00:00,202310,3430,34,3396
2023-10-26T03:30:00+00:00,202310,3430,29,3401
2023-10-26T04:00:00+00:00,202310,3430,10,3420
2023-10-26T04:30:00+00:00,202310,3430,10,3420
2023-10-26T05:00:00+00:00,202310,3430,27,3403
2023-10-26T05:30:00+00:00,202310,3430,28,3402
2023-10-26T06:00:00+00:00,202310,3430,89,3341
2023-10-26T06:30:00+00:00,202310,3430,196,3234
2023-10-26T07:00:00+00:00,202310,3430,352,3078
2023-10-26T07:30:00+00:00,202310,3430,303,3127
2023-10-26T08:00:00+00:00,202310,3430,353,3077
2023-10-26T08:30:00+00:00,202310,3430,352,3078
2023-10-26T09:00:00+00:00,202310,3430,242,3188
2023-10-26T09:30:00+00:00,202310,3430,330,3100
2023-10-26T10:00:00+00:00,202310,3430,297,3133
2023-10-26T10:30:00+00:00,202310,3430,303,3127
2023-10-26T11:00:00+00:00,202310,3430,259,3171
2023-10-26T11:30:00+00:00,202310,3430,179,3251
2023-10-26T12:00:00+00:00,202310,3430,120,3310
2023-10-26T12:30:00+00:00,202310,3430,72,3358
2023-10-26T13:00:00+00:00,202310,3430,50,3380
2023-10-26T13:30:00+00:00,202310,3430,30,3400
2023-10-26T14:00:00+00:00,202310,3430,34,3396
2023-10-26T14:30:00+00:00,202310,3430,42,3388
2023-10-26T15:00:00+00:00,202310,3430,49,3381
2023-10-26T15:30:00+00:00,202310,3430,28,3402
2023-10-26T16:00:00+00:00,202310,3430,25,3405
2023-10-26T16:30:00+00:00,202310,3430,24,3406
2023-10-26T17:00:00+00:00,202310,3430,25,3405
2023-10-26T17:30:00+00:00,202310,3430,10,3420
2023-10-26T18:00:00+00:00,202310,3430,21,3409
2023-10-26T18:30:00+00:00,202310,3430,73,3357
2023-10-26T19:00:00+00:00,202310,3430,106,3324
2023-10-26T19:30:00+00:00,202310,3430,114,3316
2023-10-26T20:00:00+00:00,202310,3430,86,3344
2023-10-26T20:30:00+00:00,202310,3430,84,3346
2023-10-26T21:00:00+00:00,202310,3430,75,3355
2023-10-26T21:30:00+00:00,202310,3430,66,3364
2023-10-26T22:00:00+00:00,202310,3430,128,3302
2023-10-26T22:30:00+00:00,202310,3430,105,3325
2023-10-26T23:00:00+00:00,202310,3430,75,3355
2023-10-26T23:30:00+00:00,202310,3430,46,3384
2023-10-27T00:00:00+00:00,202310,3430,27,3403
2023-10-27T00:30:00+00:00,202310,3430,9,3421
2023-10-27T01:00:00+00:00,202310,3430,5,3425
2023-10-27T01:30:00+00:00,202310,3430,2,3428
2023-10-27T02:00:00+00:00,202310,3430,3,3427
2023-10-27T02:30:00+00:00,202310,3430,3,3427
2023-10-27T03:00:00+00:00,202310,3430,1,3429
2023-10-27T03:30:00+00:00,202310,3430,4,3426
2023-10-27T04:00:00+00:00,202310,3430,13,3417
2023-10-27T04:30:00+00:00,202310,3430,16,3414
2023-10-27T05:00:00+00:00,202310,3430,54,3376
2023-10-27T05:30:00+00:00,202310,3430,62,3368
2023-10-27T06:00:00+00:00,202310,3430,45,3385
2023-10-27T06:30:00+00:00,202310,3430,32,3398
2023-10-27T07:00:00+00:00,202310,3430,33,3397
2023-10-27T07:30:00+00:00,202310,3430,30,3400
2023-10-27T08:00:00+00:00,202310,3430,25,3405
2023-10-27T08:30:00+00:00,202310,3430,46,3384
2023-10-27T09:00:00+00:00,202310,3430,45,3385
2023-10-27T09:30:00+00:00,202310,3430,42,3388
2023-10-27T10:00:00+00:00,202310,3430,56,3374
2023-10-27T10:30:00+00:00,202310,3430,94,3336
2023-10-27T11:00:00+00:00,202310,3430,94,3336
2023-10-27T11:30:00+00:00,202310,3430,69,3361
2023-10-27T12:00:00+00:00,202310,3430,17,3413
2023-10-27T12:30:00+00:00,202310,3430,15,3415
2023-10-27T13:00:00+00:00,202310,3430,20,3410
2023-10-27T13:30:00+00:00,202310,3430,12,3418
2023-10-27T14:00:00+00:00,202310,3430,29,3401
2023-10-27T14:30:00+00:00,202310,3430,42,3388
2023-10-27T15:00:00+00:00,202310,3430,64,3366
2023-10-27T15:30:00+00:00,202310,3430,65,3365
2023-10-27T16:00:00+00:00,202310,3430,105,3325
2023-10-27T16:30:00+00:00,202310,3430,102,3328
2023-10-27T17:00:00+00:00,202310,3430,78,3352
2023-10-27T17:30:00+00:00,202310,3430,71,3359
2023-10-27T18:00:00+00:00,202310,3430,54,3376
2023-10-27T18:30:00+00:00,202310,3430,18,3412
2023-10-27T19:00:00+00:00,202310,3430,24,3406
2023-10-27T19:30:00+00:00,202310,3430,41,3389
2023-10-27T20:00:00+00:00,202310,3430,197,3233
2023-10-27T20:30:00+00:00,202310,3430,250,3180
2023-10-27T21:00:00+00:00,202310,3430,298,3132
2023-10-27T21:30:00+00:00,202310,3430,317,3113
2023-10-27T22:00:00+00:00,202310,3430,287,3143
2023-10-27T22:30:00+00:00,202310,3430,314,3116
2023-10-27T23:00:00+00:00,202310,3430,185,3245
2023-10-27T23:30:00+00:00,202310,3430,186,3244
2023-10-28T00:00:00+00:00,202310,3430,182,3248
2023-10-28T00:30:00+00:00,202310,3430,205,3225
2023-10-28T01:00:00+00:00,202310,3430,161,3269
2023-10-28T01:30:00+00:00,202310,3430,168,3262
2023-10-28T02:00:00+00:00,202310,3430,37,3393
2023-10-28T02:30:00+00:00,202310,3430,35,3395
2023-10-28T03:00:00+00:00,202310,3430,38,3392
2023-10-28T03:30:00+00:00,202310,3430,131,3299
2023-10-28T04:00:00+00:00,202310,3430,122,3308
2023-10-28T04:30:00+00:00,202310,3430,250,3180
2023-10-28T05:00:00+00:00,202310,3430,287,3143
2023-10-28T05:30:00+00:00,202310,3430,389,3041
2023-10-28T06:00:00+00:00,202310,3430,399,3031
2023-10-28T06:30:00+00:00,202310,3430,461,2969
2023-10-28T07:00:00+00:00,202310,3430,536,2894
2023-10-28T07:30:00+00:00,202310,3430,605,2825
2023-10-28T08:00:00+00:00,202310,3430,640,2790
2023-10-28T08:30:00+00:00,202310,3430,739,2691
2023-10-28T09:00:00+00:00,202310,3430,800,2630
2023-10-28T09:30:00+00:00,202310,3430,799,2631
2023-10-28T10:00:00+00:00,202310,3430,680,2750
2023-10-28T10:30:00+00:00,202310,3430,602,2828
2023-10-28T11:00:00+00:00,202310,3430,519,2911
2023-10-28T11:30:00+00:00,202310,3430,543,2887
2023-10-28T12:00:00+00:00,202310,3430,429,3001
2023-10-28T12:30:00+00:00,202310,3430,392,3038
2023-10-28T13:00:00+00:00,202310,3430,172,3258
2023-10-28T13:30:00+00:00,202310,3430,92,3338
2023-10-28T14:00:00+00:00,202310,3430,73,3357
2023-10-28T14:30:00+00:00,202310,3430,89,3341
2023-10-28T15:00:00+00:00,202310,3430,85,3345
2023-10-28T15:30:00+00:00,202310,3430,239,3191
2023-10-28T16:00:00+00:00,202310,3430,205,3225
2023-10-28T16:30:00+00:00,202310,3430,207,3223
2023-10-28T17:00:00+00:00,202310,3430,231,3199
2023-10-28T17:30:00+00:00,202310,3430,225,3205
2023-10-28T18:00:00+00:00,202310,3430,203,3227
2023-10-28T18:30:00+00:00,202310,3430,176,3254
2023-10-28T19:00:00+00:00,202310,3430,139,3291
2023-10-28T19:30:00+00:00,202310,3430,81,3349
2023-10-28T20:00:00+00:00,202310,3430,77,3353
2023-10-28T20:30:00+00:00,202310,3430,69,3361
2023-10-28T21:00:00+00:00,202310,3430,68,3362
2023-10-28T21:30:00+00:00,202310,3430,54,3376
2023-10-28T22:00:00+00:00,202310,3430,100,3330
2023-10-28T22:30:00+00:00,202310,3430,48,3382
2023-10-28T23:00:00+00:00,202310,3430,50,3380
2023-10-28T23:30:00+00:00,202310,3430,38,3392
2023-10-29T00:00:00+00:00,202310,3430,23,3407
2023-10-29T00:30:00+00:00,202310,3430,31,3399
2023-10-29T01:00:00+00:00,202310,3430,14,3416
2023-10-29T01:30:00+00:00,202310,3430,13,3417
2023-10-29T02:00:00+00:00,202310,3430,7,3423
2023-10-29T02:30:00+00:00,202310,3430,0,3430
2023-10-29T03:00:00+00:00,202310,3430,2,3428
2023-10-29T03:30:00+00:00,202310,3430,7,3423
2023-10-29T04:00:00+00:00,202310,3430,9,3421
2023-10-29T04:30:00+00:00,202310,3430,12,3418
2023-10-29T05:00:00+00:00,202310,3430,24,3406
2023-10-29T05:30:00+00:00,202310,3430,40,3390
2023-10-29T06:00:00+00:00,202310,3430,30,3400
2023-10-29T06:30:00+00:00,202310,3430,42,3388
2023-10-29T07:00:00+00:00,202310,3430,63,3367
2023-10-29T07:30:00+00:00,202310,3430,90,3340
2023-10-29T08:00:00+00:00,202310,3430,126,3304
2023-10-29T08:30:00+00:00,202310,3430,318,3112
2023-10-29T09:00:00+00:00,202310,3430,300,3130
2023-10-29T09:30:00+00:00,202310,3430,225,3205
2023-10-29T10:00:00+00:00,202310,3430,154,3276
2023-10-29T10:30:00+00:00,202310,3430,95,3335
2023-10-29T11:00:00+00:00,202310,3430,68,3362
2023-10-29T11:30:00+00:00,202310,3430,67,3363
2023-10-29T12:00:00+00:00,202310,3430,23,3407
2023-10-29T12:30:00+00:00,202310,3430,18,3412
2023-10-29T13:00:00+00:00,202310,3430,16,3414
2023-10-29T13:30:00+00:00,202310,3430,15,3415
2023-10-29T14:00:00+00:00,202310,3430,12,3418
2023-10-29T14:30:00+00:00,202310,3430,12,3418
2023-10-29T15:00:00+00:00,202310,3430,26,3404
2023-10-29T15:30:00+00:00,202310,3430,30,3400
2023-10-29T16:00:00+00:00,202310,3430,39,3391
2023-10-29T16:30:00+00:00,202310,3430,47,3383
2023-10-29T17:00:00+00:00,202310,3430,36,3394
2023-10-29T17:30:00+00:00,202310,3430,32,3398
2023-10-29T18:00:00+00:00,202310,3430,8,3422
2023-10-29T18:30:00+00:00,202310,3430,13,3417
2023-10-29T19:00:00+00:00,202310,3430,41,3389
2023-10-29T19:30:00+00:00,202310,3430,89,3341
2023-10-29T20:00:00+00:00,202310,3430,111,3319
2023-10-29T20:30:00+00:00,202310,3430,98,3332
2023-10-29T21:00:00+00:00,202310,3430,165,3265
2023-10-29T21:30:00+00:00,202310,3430,175,3255
2023-10-29T22:00:00+00:00,202310,3430,163,3267
2023-10-29T22:30:00+00:00,202310,3430,118,3312
2023-10-29T23:00:00+00:00,202310,3430,153,3277
2023-10-29T23:30:00+00:00,202310,3430,154,3276
2023-10-30T00:00:00+00:00,202310,3430,122,3308
2023-10-30T00:30:00+00:00,202310,3430,52,3378
2023-10-30T01:00:00+00:00,202310,3430,37,3393
2023-10-30T01:30:00+00:00,202310,3430,26,3404
2023-10-30T02:00:00+00:00,202310,3430,20,3410
2023-10-30T02:30:00+00:00,202310,3430,13,3417
2023-10-30T03:00:00+00:00,202310,3430,20,3410
2023-10-30T03:30:00+00:00,202310,3430,80,3350
2023-10-30T04:00:00+00:00,202310,3430,96,3334
2023-10-30T04:30:00+00:00,202310,3430,139,3291
2023-10-30T05:00:00+00:00,202310,3430,143,3287
2023-10-30T05:30:00+00:00,202310,3430,155,3275
2023-10-30T06:00:00+00:00,202310,3430,120,3310
2023-10-30T06:30:00+00:00,202310,3430,75,3355
2023-10-30T07:00:00+00:00,202310,3430,51,3379
2023-10-30T07:30:00+00:00,202310,3430,227,3203
2023-10-30T08:00:00+00:00,202310,3430,234,3196
2023-10-30T08:30:00+00:00,202310,3430,296,3134
2023-10-30T09:00:00+00:00,202310,3430,307,3123
2023-10-30T09:30:00+00:00,202310,3430,319,3111
2023-10-30T10:00:00+00:00,202310,3430,241,3189
2023-10-30T10:30:00+00:00,202310,3430,230,3200
2023-10-30T11:00:00+00:00,202310,3430,204,3226
2023-10-30T11:30:00+00:00,202310,3430,285,3145
2023-10-30T12:00:00+00:00,202310,3430,413,3017
2023-10-30T12:30:00+00:00,202310,3430,326,3104
2023-10-30T13:00:00+00:00,202310,3430,282,3148
2023-10-30T13:30:00+00:00,202310,3430,49,3381
2023-10-30T14:00:00+00:00,202310,3430,49,3381
2023-10-30T14:30:00+00:00,202310,3430,46,3384
2023-10-30T15:00:00+00:00,202310,3430,79,3351
2023-10-30T15:30:00+00:00,202310,3430,365,3065
2023-10-30T16:00:00+00:00,202310,3430,392,3038
2023-10-30T16:30:00+00:00,202310,3430,523,2907
2023-10-30T17:00:00+00:00,202310,3430,328,3102
2023-10-30T17:30:00+00:00,202310,3430,263,3167
2023-10-30T18:00:00+00:00,202310,3430,83,3347
2023-10-30T18:30:00+00:00,202310,3430,106,3324
2023-10-30T19:00:00+00:00,202310,3430,130,3300
2023-10-30T19:30:00+00:00,202310,3430,135,3295
2023-10-30T20:00:00+00:00,202310,3430,419,3011
2023-10-30T20:30:00+00:00,202310,3430,197,3233
2023-10-30T21:00:00+00:00,202310,3430,77,3353
2023-10-30T21:30:00+00:00,202310,3430,85,3345
2023-10-30T22:00:00+00:00,202310,3430,96,3334
2023-10-30T22:30:00+00:00,202310,3430,99,3331
2023-10-30T23:00:00+00:00,202310,3430,104,3326
2023-10-30T23:30:00+00:00,202310,3430,105,3325
2023-10-31T00:00:00+00:00,202310,3430,336,3094
2023-10-31T00:30:00+00:00,202310,3430,351,3079
2023-10-31T01:00:00+00:00,202310,3430,289,3141
2023-10-31T01:30:00+00:00,202310,3430,234,3196
2023-10-31T02:00:00+00:00,202310,3430,79,3351
2023-10-31T02:30:00+00:00,202310,3430,62,3368
2023-10-31T03:00:00+00:00,202310,3430,57,3373
2023-10-31T03:30:00+00:00,202310,3430,38,3392
2023-10-31T04:00:00+00:00,202310,3430,215,3215
2023-10-31T04:30:00+00:00,202310,3430,191,3239
2023-10-31T05:00:00+00:00,202310,3430,18,3412
2023-10-31T05:30:00+00:00,202310,3430,35,3395
2023-10-31T06:00:00+00:00,202310,3430,64,3366
2023-10-31T06:30:00+00:00,202310,3430,164,3266
2023-10-31T07:00:00+00:00,202310,3430,346,3084
2023-10-31T07:30:00+00:00,202310,3430,380,3050
2023-10-31T08:00:00+00:00,202310,3430,641,2789
2023-10-31T08:30:00+00:00,202310,3430,609,2821
2023-10-31T09:00:00+00:00,202310,3430,493,2937
2023-10-31T09:30:00+00:00,202310,3430,337,3093
2023-10-31T10:00:00+00:00,202310,3430,178,3252
2023-10-31T10:30:00+00:00,202310,3430,92,3338
2023-10-31T11:00:00+00:00,202310,3430,52,3378
2023-10-31T11:30:00+00:00,202310,3430,48,3382
2023-10-31T12:00:00+00:00,202310,3430,40,3390
2023-10-31T12:30:00+00:00,202310,3430,24,3406
2023-10-31T13:00:00+00:00,202310,3430,18,3412
2023-10-31T13:30:00+00:00,202310,3430,11,3419
2023-10-31T14:00:00+00:00,202310,3430,4,3426
2023-10-31T14:30:00+00:00,202310,3430,3,3427
2023-10-31T15:00:00+00:00,202310,3430,3,3427
2023-10-31T15:30:00+00:00,202310,3430,21,3409
2023-10-31T16:00:00+00:00,202310,3430,21,3409
2023-10-31T16:30:00+00:00,202310,3430,24,3406
2023-10-31T17:00:00+00:00,202310,3430,18,3412
2023-10-31T17:30:00+00:00,202310,3430,8,3422
2023-10-31T18:00:00+00:00,202310,3430,24,3406
2023-10-31T18:30:00+00:00,202310,3430,59,3371
2023-10-31T19:00:00+00:00,202310,3430,97,3333
2023-10-31T19:30:00+00:00,202310,3430,116,3314
2023-10-31T20:00:00+00:00,202310,3430,75,3355
2023-10-31T20:30:00+00:00,202310,3430,66,3364
2023-10-31T21:00:00+00:00,202310,3430,56,3374
2023-10-31T21:30:00+00:00,202310,3430,42,3388
2023-10-31T22:00:00+00:00,202310,3430,25,3405
2023-10-31T22:30:00+00:00,202310,3430,47,3383
2023-10-31T23:00:00+00:00,202310,3430,41,3389
2023-10-31T23:30:00+00:00,202310,3430,23,3407
