candidate_case_id,evidence_path,line,local_timestamp_raw,timezone,requested_url,event_type,remote_last_modified,response_date,raw_event
,F:\云南极端降水数据\logs\gfs_20260725_192805.log,25,2026-07-25 19:29:15,UNKNOWN_UNLESS_EXPLICIT_IN_RAW_EVENT,"[""https://thredds.rda.ucar.edu/thredds/ncss/grid/files/g/d084001/2022/20220714/gfs.0p25.2022071418.f006.grib2?var=Pressure_surface&var=Convective_available_potential_energy_surface&var=Precipitable_water_entire_atmosphere_single_layer&var=u-component_of_wind_height_above_ground&var=v-component_of_wind_height_above_ground&var=Specific_humidity_isobaric&var=u-component_of_wind_isobaric&var=v-component_of_wind_isobaric&var=Vertical_velocity_pressure_isobaric&var=Geopotential_height_isobaric&var=Total_precipitation_surface_6_Hour_Accumulation&north=32.0&south=19.0&west=95.0&east=109.0&horizStride=1&addLatLon=true&accept=netcdf""]",OTHER,NOT_RECORDED_IN_EVENT,NOT_RECORDED_IN_EVENT,2026-07-25 19:29:15 | ERROR | gfs | GFS task failed in round 1/5: 2022-07-14 18 f006: 404 Client Error:  for url: https://thredds.rda.ucar.edu/thredds/ncss/grid/files/g/d084001/2022/20220714/gfs.0p25.2022071418.f006.grib2?var=Pressure_surface&var=Convective_available_potential_energy_surface&var=Precipitable_water_entire_atmosphere_single_layer&var=u-component_of_wind_height_above_ground&var=v-component_of_wind_height_above_ground&var=Specific_humidity_isobaric&var=u-component_of_wind_isobaric&var=v-component_of_wind_isobaric&var=Vertical_velocity_pressure_isobaric&var=Geopotential_height_isobaric&var=Total_precipitation_surface_6_Hour_Accumulation&north=32.0&south=19.0&west=95.0&east=109.0&horizStride=1&addLatLon=true&accept=netcdf
,F:\云南极端降水数据\logs\gfs_20260725_192805.log,2823,2026-07-25 21:43:58,UNKNOWN_UNLESS_EXPLICIT_IN_RAW_EVENT,"[""https://thredds.rda.ucar.edu/thredds/ncss/grid/files/g/d084001/2022/20221129/gfs.0p25.2022112918.f003.grib2?var=Pressure_surface&var=Convective_available_potential_energy_surface&var=Precipitable_water_entire_atmosphere_single_layer&var=u-component_of_wind_height_above_ground&var=v-component_of_wind_height_above_ground&var=Specific_humidity_isobaric&var=u-component_of_wind_isobaric&var=v-component_of_wind_isobaric&var=Vertical_velocity_pressure_isobaric&var=Geopotential_height_isobaric&var=Total_precipitation_surface_3_Hour_Accumulation&north=32.0&south=19.0&west=95.0&east=109.0&horizStride=1&addLatLon=true&accept=netcdf""]",OTHER,NOT_RECORDED_IN_EVENT,NOT_RECORDED_IN_EVENT,2026-07-25 21:43:58 | ERROR | gfs | GFS task failed in round 1/5: 2022-11-29 18 f003: 404 Client Error:  for url: https://thredds.rda.ucar.edu/thredds/ncss/grid/files/g/d084001/2022/20221129/gfs.0p25.2022112918.f003.grib2?var=Pressure_surface&var=Convective_available_potential_energy_surface&var=Precipitable_water_entire_atmosphere_single_layer&var=u-component_of_wind_height_above_ground&var=v-component_of_wind_height_above_ground&var=Specific_humidity_isobaric&var=u-component_of_wind_isobaric&var=v-component_of_wind_isobaric&var=Vertical_velocity_pressure_isobaric&var=Geopotential_height_isobaric&var=Total_precipitation_surface_3_Hour_Accumulation&north=32.0&south=19.0&west=95.0&east=109.0&horizStride=1&addLatLon=true&accept=netcdf
2023030100_f000,F:\云南极端降水数据\logs\gfs_20260725_192805.log,4982,2026-07-25 23:10:15,UNKNOWN_UNLESS_EXPLICIT_IN_RAW_EVENT,[],REQUEST,NOT_RECORDED_IN_EVENT,NOT_RECORDED_IN_EVENT,2026-07-25 23:10:15 | INFO | gfs | Request GFS 2023-03-01 00 f000
2023030100_f000,F:\云南极端降水数据\logs\gfs_20260725_192805.log,4984,2026-07-25 23:10:16,UNKNOWN_UNLESS_EXPLICIT_IN_RAW_EVENT,[],REQUEST,NOT_RECORDED_IN_EVENT,NOT_RECORDED_IN_EVENT,2026-07-25 23:10:16 | INFO | gfs | Request GFS 2023-03-01 00 f003
2023030100_f000,F:\云南极端降水数据\logs\gfs_20260725_192805.log,4986,2026-07-25 23:10:19,UNKNOWN_UNLESS_EXPLICIT_IN_RAW_EVENT,[],REQUEST,NOT_RECORDED_IN_EVENT,NOT_RECORDED_IN_EVENT,2026-07-25 23:10:19 | INFO | gfs | Request GFS 2023-03-01 00 f006
2023030100_f000,F:\云南极端降水数据\logs\gfs_20260725_192805.log,4989,2026-07-25 23:10:37,UNKNOWN_UNLESS_EXPLICIT_IN_RAW_EVENT,[],COMPLETION,NOT_RECORDED_IN_EVENT,NOT_RECORDED_IN_EVENT,2026-07-25 23:10:37 | INFO | gfs | Completed: F:\云南极端降水数据\raw\GFS\2023\20230301\gfs_0p25_2023030100_f000.nc (0.26 MB)
2023030100_f000,F:\云南极端降水数据\logs\gfs_20260725_192805.log,4991,2026-07-25 23:10:39,UNKNOWN_UNLESS_EXPLICIT_IN_RAW_EVENT,[],COMPLETION,NOT_RECORDED_IN_EVENT,NOT_RECORDED_IN_EVENT,2026-07-25 23:10:39 | INFO | gfs | Completed: F:\云南极端降水数据\raw\GFS\2023\20230301\gfs_0p25_2023030100_f003.nc (0.27 MB)
2023030100_f000,F:\云南极端降水数据\logs\gfs_20260725_192805.log,4993,2026-07-25 23:10:40,UNKNOWN_UNLESS_EXPLICIT_IN_RAW_EVENT,[],COMPLETION,NOT_RECORDED_IN_EVENT,NOT_RECORDED_IN_EVENT,2026-07-25 23:10:40 | INFO | gfs | Completed: F:\云南极端降水数据\raw\GFS\2023\20230301\gfs_0p25_2023030100_f006.nc (0.27 MB)
2023030112_f003,F:\云南极端降水数据\logs\gfs_20260725_192805.log,4994,2026-07-25 23:10:40,UNKNOWN_UNLESS_EXPLICIT_IN_RAW_EVENT,[],REQUEST,NOT_RECORDED_IN_EVENT,NOT_RECORDED_IN_EVENT,2026-07-25 23:10:40 | INFO | gfs | Request GFS 2023-03-01 12 f000
2023030112_f003,F:\云南极端降水数据\logs\gfs_20260725_192805.log,4996,2026-07-25 23:10:40,UNKNOWN_UNLESS_EXPLICIT_IN_RAW_EVENT,[],REQUEST,NOT_RECORDED_IN_EVENT,NOT_RECORDED_IN_EVENT,2026-07-25 23:10:40 | INFO | gfs | Request GFS 2023-03-01 12 f003
2023030112_f003,F:\云南极端降水数据\logs\gfs_20260725_192805.log,4998,2026-07-25 23:10:54,UNKNOWN_UNLESS_EXPLICIT_IN_RAW_EVENT,[],REQUEST,NOT_RECORDED_IN_EVENT,NOT_RECORDED_IN_EVENT,2026-07-25 23:10:54 | INFO | gfs | Request GFS 2023-03-01 12 f006
2023030112_f003,F:\云南极端降水数据\logs\gfs_20260725_192805.log,5001,2026-07-25 23:10:58,UNKNOWN_UNLESS_EXPLICIT_IN_RAW_EVENT,[],COMPLETION,NOT_RECORDED_IN_EVENT,NOT_RECORDED_IN_EVENT,2026-07-25 23:10:58 | INFO | gfs | Completed: F:\云南极端降水数据\raw\GFS\2023\20230301\gfs_0p25_2023030112_f000.nc (0.26 MB)
2023030112_f003,F:\云南极端降水数据\logs\gfs_20260725_192805.log,5003,2026-07-25 23:10:59,UNKNOWN_UNLESS_EXPLICIT_IN_RAW_EVENT,[],COMPLETION,NOT_RECORDED_IN_EVENT,NOT_RECORDED_IN_EVENT,2026-07-25 23:10:59 | INFO | gfs | Completed: F:\云南极端降水数据\raw\GFS\2023\20230301\gfs_0p25_2023030112_f003.nc (0.27 MB)
2023030112_f003,F:\云南极端降水数据\logs\gfs_20260725_192805.log,5009,2026-07-25 23:11:14,UNKNOWN_UNLESS_EXPLICIT_IN_RAW_EVENT,[],COMPLETION,NOT_RECORDED_IN_EVENT,NOT_RECORDED_IN_EVENT,2026-07-25 23:11:14 | INFO | gfs | Completed: F:\云南极端降水数据\raw\GFS\2023\20230301\gfs_0p25_2023030112_f006.nc (0.27 MB)
,F:\云南极端降水数据\logs\gfs_20260726_101110.log,7,2026-07-26 10:18:06,UNKNOWN_UNLESS_EXPLICIT_IN_RAW_EVENT,"[""https://thredds.rda.ucar.edu/thredds/ncss/grid/files/g/d084001/2023/20230622/gfs.0p25.2023062218.f006.grib2?var=Pressure_surface&var=Convective_available_potential_energy_surface&var=Precipitable_water_entire_atmosphere_single_layer&var=u-component_of_wind_height_above_ground&var=v-component_of_wind_height_above_ground&var=Specific_humidity_isobaric&var=u-component_of_wind_isobaric&var=v-component_of_wind_isobaric&var=Vertical_velocity_pressure_isobaric&var=Geopotential_height_isobaric&var=Total_precipitation_surface_6_Hour_Accumulation&north=32.0&south=19.0&west=95.0&east=109.0&horizStride=1&addLatLon=true&accept=netcdf""]",OTHER,NOT_RECORDED_IN_EVENT,NOT_RECORDED_IN_EVENT,2026-07-26 10:18:06 | ERROR | gfs | GFS task failed in round 1/5: 2023-06-22 18 f006: 504 Server Error: Gateway Time-out for url: https://thredds.rda.ucar.edu/thredds/ncss/grid/files/g/d084001/2023/20230622/gfs.0p25.2023062218.f006.grib2?var=Pressure_surface&var=Convective_available_potential_energy_surface&var=Precipitable_water_entire_atmosphere_single_layer&var=u-component_of_wind_height_above_ground&var=v-component_of_wind_height_above_ground&var=Specific_humidity_isobaric&var=u-component_of_wind_isobaric&var=v-component_of_wind_isobaric&var=Vertical_velocity_pressure_isobaric&var=Geopotential_height_isobaric&var=Total_precipitation_surface_6_Hour_Accumulation&north=32.0&south=19.0&west=95.0&east=109.0&horizStride=1&addLatLon=true&accept=netcdf
,F:\云南极端降水数据\logs\gfs_20260726_101110.log,9,2026-07-26 10:21:16,UNKNOWN_UNLESS_EXPLICIT_IN_RAW_EVENT,"[""https://thredds.rda.ucar.edu/thredds/ncss/grid/files/g/d084001/2023/20230622/gfs.0p25.2023062212.f006.grib2?var=Pressure_surface&var=Convective_available_potential_energy_surface&var=Precipitable_water_entire_atmosphere_single_layer&var=u-component_of_wind_height_above_ground&var=v-component_of_wind_height_above_ground&var=Specific_humidity_isobaric&var=u-component_of_wind_isobaric&var=v-component_of_wind_isobaric&var=Vertical_velocity_pressure_isobaric&var=Geopotential_height_isobaric&var=Total_precipitation_surface_6_Hour_Accumulation&north=32.0&south=19.0&west=95.0&east=109.0&horizStride=1&addLatLon=true&accept=netcdf""]",OTHER,NOT_RECORDED_IN_EVENT,NOT_RECORDED_IN_EVENT,2026-07-26 10:21:16 | ERROR | gfs | GFS task failed in round 1/5: 2023-06-22 12 f006: 504 Server Error: Gateway Time-out for url: https://thredds.rda.ucar.edu/thredds/ncss/grid/files/g/d084001/2023/20230622/gfs.0p25.2023062212.f006.grib2?var=Pressure_surface&var=Convective_available_potential_energy_surface&var=Precipitable_water_entire_atmosphere_single_layer&var=u-component_of_wind_height_above_ground&var=v-component_of_wind_height_above_ground&var=Specific_humidity_isobaric&var=u-component_of_wind_isobaric&var=v-component_of_wind_isobaric&var=Vertical_velocity_pressure_isobaric&var=Geopotential_height_isobaric&var=Total_precipitation_surface_6_Hour_Accumulation&north=32.0&south=19.0&west=95.0&east=109.0&horizStride=1&addLatLon=true&accept=netcdf
,F:\云南极端降水数据\logs\gfs_20260726_101110.log,11,2026-07-26 10:24:25,UNKNOWN_UNLESS_EXPLICIT_IN_RAW_EVENT,"[""https://thredds.rda.ucar.edu/thredds/ncss/grid/files/g/d084001/2023/20230622/gfs.0p25.2023062218.f003.grib2?var=Pressure_surface&var=Convective_available_potential_energy_surface&var=Precipitable_water_entire_atmosphere_single_layer&var=u-component_of_wind_height_above_ground&var=v-component_of_wind_height_above_ground&var=Specific_humidity_isobaric&var=u-component_of_wind_isobaric&var=v-component_of_wind_isobaric&var=Vertical_velocity_pressure_isobaric&var=Geopotential_height_isobaric&var=Total_precipitation_surface_3_Hour_Accumulation&north=32.0&south=19.0&west=95.0&east=109.0&horizStride=1&addLatLon=true&accept=netcdf""]",OTHER,NOT_RECORDED_IN_EVENT,NOT_RECORDED_IN_EVENT,2026-07-26 10:24:25 | ERROR | gfs | GFS task failed in round 1/5: 2023-06-22 18 f003: 504 Server Error: Gateway Time-out for url: https://thredds.rda.ucar.edu/thredds/ncss/grid/files/g/d084001/2023/20230622/gfs.0p25.2023062218.f003.grib2?var=Pressure_surface&var=Convective_available_potential_energy_surface&var=Precipitable_water_entire_atmosphere_single_layer&var=u-component_of_wind_height_above_ground&var=v-component_of_wind_height_above_ground&var=Specific_humidity_isobaric&var=u-component_of_wind_isobaric&var=v-component_of_wind_isobaric&var=Vertical_velocity_pressure_isobaric&var=Geopotential_height_isobaric&var=Total_precipitation_surface_3_Hour_Accumulation&north=32.0&south=19.0&west=95.0&east=109.0&horizStride=1&addLatLon=true&accept=netcdf
,F:\云南极端降水数据\logs\gfs_20260726_101110.log,13,2026-07-26 10:24:26,UNKNOWN_UNLESS_EXPLICIT_IN_RAW_EVENT,"[""https://thredds.rda.ucar.edu/thredds/ncss/grid/files/g/d084001/2023/20230622/gfs.0p25.2023062218.f000.grib2?var=Pressure_surface&var=Convective_available_potential_energy_surface&var=Precipitable_water_entire_atmosphere_single_layer&var=u-component_of_wind_height_above_ground&var=v-component_of_wind_height_above_ground&var=Specific_humidity_isobaric&var=u-component_of_wind_isobaric&var=v-component_of_wind_isobaric&var=Vertical_velocity_pressure_isobaric&var=Geopotential_height_isobaric&north=32.0&south=19.0&west=95.0&east=109.0&horizStride=1&addLatLon=true&accept=netcdf""]",OTHER,NOT_RECORDED_IN_EVENT,NOT_RECORDED_IN_EVENT,2026-07-26 10:24:26 | ERROR | gfs | GFS task failed in round 1/5: 2023-06-22 18 f000: 504 Server Error: Gateway Time-out for url: https://thredds.rda.ucar.edu/thredds/ncss/grid/files/g/d084001/2023/20230622/gfs.0p25.2023062218.f000.grib2?var=Pressure_surface&var=Convective_available_potential_energy_surface&var=Precipitable_water_entire_atmosphere_single_layer&var=u-component_of_wind_height_above_ground&var=v-component_of_wind_height_above_ground&var=Specific_humidity_isobaric&var=u-component_of_wind_isobaric&var=v-component_of_wind_isobaric&var=Vertical_velocity_pressure_isobaric&var=Geopotential_height_isobaric&north=32.0&south=19.0&west=95.0&east=109.0&horizStride=1&addLatLon=true&accept=netcdf
,F:\云南极端降水数据\logs\gfs_20260726_101110.log,15,2026-07-26 10:31:19,UNKNOWN_UNLESS_EXPLICIT_IN_RAW_EVENT,"[""https://thredds.rda.ucar.edu/thredds/ncss/grid/files/g/d084001/2023/20230623/gfs.0p25.2023062300.f006.grib2?var=Pressure_surface&var=Convective_available_potential_energy_surface&var=Precipitable_water_entire_atmosphere_single_layer&var=u-component_of_wind_height_above_ground&var=v-component_of_wind_height_above_ground&var=Specific_humidity_isobaric&var=u-component_of_wind_isobaric&var=v-component_of_wind_isobaric&var=Vertical_velocity_pressure_isobaric&var=Geopotential_height_isobaric&var=Total_precipitation_surface_6_Hour_Accumulation&north=32.0&south=19.0&west=95.0&east=109.0&horizStride=1&addLatLon=true&accept=netcdf""]",OTHER,NOT_RECORDED_IN_EVENT,NOT_RECORDED_IN_EVENT,2026-07-26 10:31:19 | ERROR | gfs | GFS task failed in round 1/5: 2023-06-23 00 f006: 503 Server Error: Service Temporarily Unavailable for url: https://thredds.rda.ucar.edu/thredds/ncss/grid/files/g/d084001/2023/20230623/gfs.0p25.2023062300.f006.grib2?var=Pressure_surface&var=Convective_available_potential_energy_surface&var=Precipitable_water_entire_atmosphere_single_layer&var=u-component_of_wind_height_above_ground&var=v-component_of_wind_height_above_ground&var=Specific_humidity_isobaric&var=u-component_of_wind_isobaric&var=v-component_of_wind_isobaric&var=Vertical_velocity_pressure_isobaric&var=Geopotential_height_isobaric&var=Total_precipitation_surface_6_Hour_Accumulation&north=32.0&south=19.0&west=95.0&east=109.0&horizStride=1&addLatLon=true&accept=netcdf
,F:\云南极端降水数据\logs\gfs_20260726_101110.log,17,2026-07-26 10:31:19,UNKNOWN_UNLESS_EXPLICIT_IN_RAW_EVENT,"[""https://thredds.rda.ucar.edu/thredds/ncss/grid/files/g/d084001/2023/20230623/gfs.0p25.2023062306.f000.grib2?var=Pressure_surface&var=Convective_available_potential_energy_surface&var=Precipitable_water_entire_atmosphere_single_layer&var=u-component_of_wind_height_above_ground&var=v-component_of_wind_height_above_ground&var=Specific_humidity_isobaric&var=u-component_of_wind_isobaric&var=v-component_of_wind_isobaric&var=Vertical_velocity_pressure_isobaric&var=Geopotential_height_isobaric&north=32.0&south=19.0&west=95.0&east=109.0&horizStride=1&addLatLon=true&accept=netcdf""]",OTHER,NOT_RECORDED_IN_EVENT,NOT_RECORDED_IN_EVENT,2026-07-26 10:31:19 | ERROR | gfs | GFS task failed in round 1/5: 2023-06-23 06 f000: 504 Server Error: Gateway Time-out for url: https://thredds.rda.ucar.edu/thredds/ncss/grid/files/g/d084001/2023/20230623/gfs.0p25.2023062306.f000.grib2?var=Pressure_surface&var=Convective_available_potential_energy_surface&var=Precipitable_water_entire_atmosphere_single_layer&var=u-component_of_wind_height_above_ground&var=v-component_of_wind_height_above_ground&var=Specific_humidity_isobaric&var=u-component_of_wind_isobaric&var=v-component_of_wind_isobaric&var=Vertical_velocity_pressure_isobaric&var=Geopotential_height_isobaric&north=32.0&south=19.0&west=95.0&east=109.0&horizStride=1&addLatLon=true&accept=netcdf
,F:\云南极端降水数据\logs\gfs_20260726_101110.log,19,2026-07-26 10:31:19,UNKNOWN_UNLESS_EXPLICIT_IN_RAW_EVENT,"[""https://thredds.rda.ucar.edu/thredds/ncss/grid/files/g/d084001/2023/20230623/gfs.0p25.2023062300.f003.grib2?var=Pressure_surface&var=Convective_available_potential_energy_surface&var=Precipitable_water_entire_atmosphere_single_layer&var=u-component_of_wind_height_above_ground&var=v-component_of_wind_height_above_ground&var=Specific_humidity_isobaric&var=u-component_of_wind_isobaric&var=v-component_of_wind_isobaric&var=Vertical_velocity_pressure_isobaric&var=Geopotential_height_isobaric&var=Total_precipitation_surface_3_Hour_Accumulation&north=32.0&south=19.0&west=95.0&east=109.0&horizStride=1&addLatLon=true&accept=netcdf""]",OTHER,NOT_RECORDED_IN_EVENT,NOT_RECORDED_IN_EVENT,2026-07-26 10:31:19 | ERROR | gfs | GFS task failed in round 1/5: 2023-06-23 00 f003: 504 Server Error: Gateway Time-out for url: https://thredds.rda.ucar.edu/thredds/ncss/grid/files/g/d084001/2023/20230623/gfs.0p25.2023062300.f003.grib2?var=Pressure_surface&var=Convective_available_potential_energy_surface&var=Precipitable_water_entire_atmosphere_single_layer&var=u-component_of_wind_height_above_ground&var=v-component_of_wind_height_above_ground&var=Specific_humidity_isobaric&var=u-component_of_wind_isobaric&var=v-component_of_wind_isobaric&var=Vertical_velocity_pressure_isobaric&var=Geopotential_height_isobaric&var=Total_precipitation_surface_3_Hour_Accumulation&north=32.0&south=19.0&west=95.0&east=109.0&horizStride=1&addLatLon=true&accept=netcdf
,F:\云南极端降水数据\logs\gfs_20260726_101110.log,21,2026-07-26 10:31:19,UNKNOWN_UNLESS_EXPLICIT_IN_RAW_EVENT,"[""https://thredds.rda.ucar.edu/thredds/ncss/grid/files/g/d084001/2023/20230623/gfs.0p25.2023062300.f000.grib2?var=Pressure_surface&var=Convective_available_potential_energy_surface&var=Precipitable_water_entire_atmosphere_single_layer&var=u-component_of_wind_height_above_ground&var=v-component_of_wind_height_above_ground&var=Specific_humidity_isobaric&var=u-component_of_wind_isobaric&var=v-component_of_wind_isobaric&var=Vertical_velocity_pressure_isobaric&var=Geopotential_height_isobaric&north=32.0&south=19.0&west=95.0&east=109.0&horizStride=1&addLatLon=true&accept=netcdf""]",OTHER,NOT_RECORDED_IN_EVENT,NOT_RECORDED_IN_EVENT,2026-07-26 10:31:19 | ERROR | gfs | GFS task failed in round 1/5: 2023-06-23 00 f000: 504 Server Error: Gateway Time-out for url: https://thredds.rda.ucar.edu/thredds/ncss/grid/files/g/d084001/2023/20230623/gfs.0p25.2023062300.f000.grib2?var=Pressure_surface&var=Convective_available_potential_energy_surface&var=Precipitable_water_entire_atmosphere_single_layer&var=u-component_of_wind_height_above_ground&var=v-component_of_wind_height_above_ground&var=Specific_humidity_isobaric&var=u-component_of_wind_isobaric&var=v-component_of_wind_isobaric&var=Vertical_velocity_pressure_isobaric&var=Geopotential_height_isobaric&north=32.0&south=19.0&west=95.0&east=109.0&horizStride=1&addLatLon=true&accept=netcdf
2023070100_f006,F:\云南极端降水数据\logs\gfs_aws_primary_20260726_103441.log,143,2026-07-26 10:39:38,UNKNOWN_UNLESS_EXPLICIT_IN_RAW_EVENT,[],REQUEST,NOT_RECORDED_IN_EVENT,NOT_RECORDED_IN_EVENT,2026-07-26 10:39:38 | INFO | gfs_aws_primary | Request AWS GFS 2023-07-01 00 f000
2023070100_f006,F:\云南极端降水数据\logs\gfs_aws_primary_20260726_103441.log,144,2026-07-26 10:39:52,UNKNOWN_UNLESS_EXPLICIT_IN_RAW_EVENT,[],COMPLETION,NOT_RECORDED_IN_EVENT,NOT_RECORDED_IN_EVENT,2026-07-26 10:39:52 | INFO | gfs_aws_primary | Completed AWS: F:\云南极端降水数据\raw\GFS\2023\20230701\gfs_0p25_2023070100_f000.nc (0.26 MB)
2023070100_f006,F:\云南极端降水数据\logs\gfs_aws_primary_20260726_103441.log,145,2026-07-26 10:39:52,UNKNOWN_UNLESS_EXPLICIT_IN_RAW_EVENT,[],REQUEST,NOT_RECORDED_IN_EVENT,NOT_RECORDED_IN_EVENT,2026-07-26 10:39:52 | INFO | gfs_aws_primary | Request AWS GFS 2023-07-01 00 f003
2023070100_f006,F:\云南极端降水数据\logs\gfs_aws_primary_20260726_103441.log,147,2026-07-26 10:39:53,UNKNOWN_UNLESS_EXPLICIT_IN_RAW_EVENT,[],REQUEST,NOT_RECORDED_IN_EVENT,NOT_RECORDED_IN_EVENT,2026-07-26 10:39:53 | INFO | gfs_aws_primary | Request AWS GFS 2023-07-01 00 f006
2023070100_f006,F:\云南极端降水数据\logs\gfs_aws_primary_20260726_103441.log,152,2026-07-26 10:40:07,UNKNOWN_UNLESS_EXPLICIT_IN_RAW_EVENT,[],COMPLETION,NOT_RECORDED_IN_EVENT,NOT_RECORDED_IN_EVENT,2026-07-26 10:40:07 | INFO | gfs_aws_primary | Completed AWS: F:\云南极端降水数据\raw\GFS\2023\20230701\gfs_0p25_2023070100_f003.nc (0.28 MB)
2023070100_f006,F:\云南极端降水数据\logs\gfs_aws_primary_20260726_103441.log,154,2026-07-26 10:40:09,UNKNOWN_UNLESS_EXPLICIT_IN_RAW_EVENT,[],COMPLETION,NOT_RECORDED_IN_EVENT,NOT_RECORDED_IN_EVENT,2026-07-26 10:40:09 | INFO | gfs_aws_primary | Completed AWS: F:\云南极端降水数据\raw\GFS\2023\20230701\gfs_0p25_2023070100_f006.nc (0.28 MB)
2023070112_f003,F:\云南极端降水数据\logs\gfs_aws_primary_20260726_103441.log,155,2026-07-26 10:40:09,UNKNOWN_UNLESS_EXPLICIT_IN_RAW_EVENT,[],REQUEST,NOT_RECORDED_IN_EVENT,NOT_RECORDED_IN_EVENT,2026-07-26 10:40:09 | INFO | gfs_aws_primary | Request AWS GFS 2023-07-01 12 f000
2023070112_f003,F:\云南极端降水数据\logs\gfs_aws_primary_20260726_103441.log,157,2026-07-26 10:40:12,UNKNOWN_UNLESS_EXPLICIT_IN_RAW_EVENT,[],REQUEST,NOT_RECORDED_IN_EVENT,NOT_RECORDED_IN_EVENT,2026-07-26 10:40:12 | INFO | gfs_aws_primary | Request AWS GFS 2023-07-01 12 f003
2023070112_f003,F:\云南极端降水数据\logs\gfs_aws_primary_20260726_103441.log,159,2026-07-26 10:40:22,UNKNOWN_UNLESS_EXPLICIT_IN_RAW_EVENT,[],REQUEST,NOT_RECORDED_IN_EVENT,NOT_RECORDED_IN_EVENT,2026-07-26 10:40:22 | INFO | gfs_aws_primary | Request AWS GFS 2023-07-01 12 f006
2023070112_f003,F:\云南极端降水数据\logs\gfs_aws_primary_20260726_103441.log,160,2026-07-26 10:40:24,UNKNOWN_UNLESS_EXPLICIT_IN_RAW_EVENT,[],COMPLETION,NOT_RECORDED_IN_EVENT,NOT_RECORDED_IN_EVENT,2026-07-26 10:40:24 | INFO | gfs_aws_primary | Completed AWS: F:\云南极端降水数据\raw\GFS\2023\20230701\gfs_0p25_2023070112_f000.nc (0.27 MB)
2023070112_f003,F:\云南极端降水数据\logs\gfs_aws_primary_20260726_103441.log,162,2026-07-26 10:40:28,UNKNOWN_UNLESS_EXPLICIT_IN_RAW_EVENT,[],COMPLETION,NOT_RECORDED_IN_EVENT,NOT_RECORDED_IN_EVENT,2026-07-26 10:40:28 | INFO | gfs_aws_primary | Completed AWS: F:\云南极端降水数据\raw\GFS\2023\20230701\gfs_0p25_2023070112_f003.nc (0.28 MB)
2023070112_f003,F:\云南极端降水数据\logs\gfs_aws_primary_20260726_103441.log,164,2026-07-26 10:40:35,UNKNOWN_UNLESS_EXPLICIT_IN_RAW_EVENT,[],COMPLETION,NOT_RECORDED_IN_EVENT,NOT_RECORDED_IN_EVENT,2026-07-26 10:40:35 | INFO | gfs_aws_primary | Completed AWS: F:\云南极端降水数据\raw\GFS\2023\20230701\gfs_0p25_2023070112_f006.nc (0.28 MB)
,F:\云南极端降水数据\logs\gfs_aws_primary_20260726_103441.log,4573,2026-07-26 19:34:27,UNKNOWN_UNLESS_EXPLICIT_IN_RAW_EVENT,"[""https://thredds.rda.ucar.edu/thredds/ncss/grid/files/g/d084001/2022/20221129/gfs.0p25.2022112918.f003.grib2?var=Pressure_surface&var=Convective_available_potential_energy_surface&var=Precipitable_water_entire_atmosphere_single_layer&var=u-component_of_wind_height_above_ground&var=v-component_of_wind_height_above_ground&var=Specific_humidity_isobaric&var=u-component_of_wind_isobaric&var=v-component_of_wind_isobaric&var=Vertical_velocity_pressure_isobaric&var=Geopotential_height_isobaric&var=Total_precipitation_surface_3_Hour_Accumulation&north=32.0&south=19.0&west=95.0&east=109.0&horizStride=1&addLatLon=true&accept=netcdf""]",OTHER,NOT_RECORDED_IN_EVENT,NOT_RECORDED_IN_EVENT,2026-07-26 19:34:27 | ERROR | gfs_aws_primary | AWS-primary task failed in round 1/5: 2022-11-29 18 f003: 404 Client Error:  for url: https://thredds.rda.ucar.edu/thredds/ncss/grid/files/g/d084001/2022/20221129/gfs.0p25.2022112918.f003.grib2?var=Pressure_surface&var=Convective_available_potential_energy_surface&var=Precipitable_water_entire_atmosphere_single_layer&var=u-component_of_wind_height_above_ground&var=v-component_of_wind_height_above_ground&var=Specific_humidity_isobaric&var=u-component_of_wind_isobaric&var=v-component_of_wind_isobaric&var=Vertical_velocity_pressure_isobaric&var=Geopotential_height_isobaric&var=Total_precipitation_surface_3_Hour_Accumulation&north=32.0&south=19.0&west=95.0&east=109.0&horizStride=1&addLatLon=true&accept=netcdf
,F:\云南极端降水数据\logs\gfs_aws_primary_20260726_103441.log,6019,2026-07-26 20:50:15,UNKNOWN_UNLESS_EXPLICIT_IN_RAW_EVENT,"[""https://thredds.rda.ucar.edu/thredds/ncss/grid/files/g/d084001/2022/20221129/gfs.0p25.2022112918.f003.grib2?var=Pressure_surface&var=Convective_available_potential_energy_surface&var=Precipitable_water_entire_atmosphere_single_layer&var=u-component_of_wind_height_above_ground&var=v-component_of_wind_height_above_ground&var=Specific_humidity_isobaric&var=u-component_of_wind_isobaric&var=v-component_of_wind_isobaric&var=Vertical_velocity_pressure_isobaric&var=Geopotential_height_isobaric&var=Total_precipitation_surface_3_Hour_Accumulation&north=32.0&south=19.0&west=95.0&east=109.0&horizStride=1&addLatLon=true&accept=netcdf""]",OTHER,NOT_RECORDED_IN_EVENT,NOT_RECORDED_IN_EVENT,2026-07-26 20:50:15 | ERROR | gfs_aws_primary | AWS-primary task failed in round 2/5: 2022-11-29 18 f003: 404 Client Error:  for url: https://thredds.rda.ucar.edu/thredds/ncss/grid/files/g/d084001/2022/20221129/gfs.0p25.2022112918.f003.grib2?var=Pressure_surface&var=Convective_available_potential_energy_surface&var=Precipitable_water_entire_atmosphere_single_layer&var=u-component_of_wind_height_above_ground&var=v-component_of_wind_height_above_ground&var=Specific_humidity_isobaric&var=u-component_of_wind_isobaric&var=v-component_of_wind_isobaric&var=Vertical_velocity_pressure_isobaric&var=Geopotential_height_isobaric&var=Total_precipitation_surface_3_Hour_Accumulation&north=32.0&south=19.0&west=95.0&east=109.0&horizStride=1&addLatLon=true&accept=netcdf
,F:\云南极端降水数据\logs\gfs_aws_primary_20260726_103441.log,6024,2026-07-26 20:51:25,UNKNOWN_UNLESS_EXPLICIT_IN_RAW_EVENT,"[""https://thredds.rda.ucar.edu/thredds/ncss/grid/files/g/d084001/2022/20221129/gfs.0p25.2022112918.f003.grib2?var=Pressure_surface&var=Convective_available_potential_energy_surface&var=Precipitable_water_entire_atmosphere_single_layer&var=u-component_of_wind_height_above_ground&var=v-component_of_wind_height_above_ground&var=Specific_humidity_isobaric&var=u-component_of_wind_isobaric&var=v-component_of_wind_isobaric&var=Vertical_velocity_pressure_isobaric&var=Geopotential_height_isobaric&var=Total_precipitation_surface_3_Hour_Accumulation&north=32.0&south=19.0&west=95.0&east=109.0&horizStride=1&addLatLon=true&accept=netcdf""]",OTHER,NOT_RECORDED_IN_EVENT,NOT_RECORDED_IN_EVENT,2026-07-26 20:51:25 | ERROR | gfs_aws_primary | AWS-primary task failed in round 3/5: 2022-11-29 18 f003: 404 Client Error:  for url: https://thredds.rda.ucar.edu/thredds/ncss/grid/files/g/d084001/2022/20221129/gfs.0p25.2022112918.f003.grib2?var=Pressure_surface&var=Convective_available_potential_energy_surface&var=Precipitable_water_entire_atmosphere_single_layer&var=u-component_of_wind_height_above_ground&var=v-component_of_wind_height_above_ground&var=Specific_humidity_isobaric&var=u-component_of_wind_isobaric&var=v-component_of_wind_isobaric&var=Vertical_velocity_pressure_isobaric&var=Geopotential_height_isobaric&var=Total_precipitation_surface_3_Hour_Accumulation&north=32.0&south=19.0&west=95.0&east=109.0&horizStride=1&addLatLon=true&accept=netcdf
,F:\云南极端降水数据\logs\gfs_aws_primary_20260726_103441.log,6029,2026-07-26 20:53:00,UNKNOWN_UNLESS_EXPLICIT_IN_RAW_EVENT,"[""https://thredds.rda.ucar.edu/thredds/ncss/grid/files/g/d084001/2022/20221129/gfs.0p25.2022112918.f003.grib2?var=Pressure_surface&var=Convective_available_potential_energy_surface&var=Precipitable_water_entire_atmosphere_single_layer&var=u-component_of_wind_height_above_ground&var=v-component_of_wind_height_above_ground&var=Specific_humidity_isobaric&var=u-component_of_wind_isobaric&var=v-component_of_wind_isobaric&var=Vertical_velocity_pressure_isobaric&var=Geopotential_height_isobaric&var=Total_precipitation_surface_3_Hour_Accumulation&north=32.0&south=19.0&west=95.0&east=109.0&horizStride=1&addLatLon=true&accept=netcdf""]",OTHER,NOT_RECORDED_IN_EVENT,NOT_RECORDED_IN_EVENT,2026-07-26 20:53:00 | ERROR | gfs_aws_primary | AWS-primary task failed in round 4/5: 2022-11-29 18 f003: 404 Client Error:  for url: https://thredds.rda.ucar.edu/thredds/ncss/grid/files/g/d084001/2022/20221129/gfs.0p25.2022112918.f003.grib2?var=Pressure_surface&var=Convective_available_potential_energy_surface&var=Precipitable_water_entire_atmosphere_single_layer&var=u-component_of_wind_height_above_ground&var=v-component_of_wind_height_above_ground&var=Specific_humidity_isobaric&var=u-component_of_wind_isobaric&var=v-component_of_wind_isobaric&var=Vertical_velocity_pressure_isobaric&var=Geopotential_height_isobaric&var=Total_precipitation_surface_3_Hour_Accumulation&north=32.0&south=19.0&west=95.0&east=109.0&horizStride=1&addLatLon=true&accept=netcdf
,F:\云南极端降水数据\logs\gfs_aws_primary_20260726_103441.log,6034,2026-07-26 20:55:37,UNKNOWN_UNLESS_EXPLICIT_IN_RAW_EVENT,"[""https://thredds.rda.ucar.edu/thredds/ncss/grid/files/g/d084001/2022/20221129/gfs.0p25.2022112918.f003.grib2?var=Pressure_surface&var=Convective_available_potential_energy_surface&var=Precipitable_water_entire_atmosphere_single_layer&var=u-component_of_wind_height_above_ground&var=v-component_of_wind_height_above_ground&var=Specific_humidity_isobaric&var=u-component_of_wind_isobaric&var=v-component_of_wind_isobaric&var=Vertical_velocity_pressure_isobaric&var=Geopotential_height_isobaric&var=Total_precipitation_surface_3_Hour_Accumulation&north=32.0&south=19.0&west=95.0&east=109.0&horizStride=1&addLatLon=true&accept=netcdf""]",OTHER,NOT_RECORDED_IN_EVENT,NOT_RECORDED_IN_EVENT,2026-07-26 20:55:37 | ERROR | gfs_aws_primary | AWS-primary task failed in round 5/5: 2022-11-29 18 f003: 404 Client Error:  for url: https://thredds.rda.ucar.edu/thredds/ncss/grid/files/g/d084001/2022/20221129/gfs.0p25.2022112918.f003.grib2?var=Pressure_surface&var=Convective_available_potential_energy_surface&var=Precipitable_water_entire_atmosphere_single_layer&var=u-component_of_wind_height_above_ground&var=v-component_of_wind_height_above_ground&var=Specific_humidity_isobaric&var=u-component_of_wind_isobaric&var=v-component_of_wind_isobaric&var=Vertical_velocity_pressure_isobaric&var=Geopotential_height_isobaric&var=Total_precipitation_surface_3_Hour_Accumulation&north=32.0&south=19.0&west=95.0&east=109.0&horizStride=1&addLatLon=true&accept=netcdf
,F:\云南极端降水数据\logs\gfs_aws_primary_20260726_205608.log,6,2026-07-26 20:56:52,UNKNOWN_UNLESS_EXPLICIT_IN_RAW_EVENT,"[""https://thredds.rda.ucar.edu/thredds/ncss/grid/files/g/d084001/2022/20221129/gfs.0p25.2022112918.f003.grib2?var=Pressure_surface&var=Convective_available_potential_energy_surface&var=Precipitable_water_entire_atmosphere_single_layer&var=u-component_of_wind_height_above_ground&var=v-component_of_wind_height_above_ground&var=Specific_humidity_isobaric&var=u-component_of_wind_isobaric&var=v-component_of_wind_isobaric&var=Vertical_velocity_pressure_isobaric&var=Geopotential_height_isobaric&var=Total_precipitation_surface_3_Hour_Accumulation&north=32.0&south=19.0&west=95.0&east=109.0&horizStride=1&addLatLon=true&accept=netcdf""]",OTHER,NOT_RECORDED_IN_EVENT,NOT_RECORDED_IN_EVENT,2026-07-26 20:56:52 | ERROR | gfs_aws_primary | AWS-primary task failed in round 1/5: 2022-11-29 18 f003: 404 Client Error:  for url: https://thredds.rda.ucar.edu/thredds/ncss/grid/files/g/d084001/2022/20221129/gfs.0p25.2022112918.f003.grib2?var=Pressure_surface&var=Convective_available_potential_energy_surface&var=Precipitable_water_entire_atmosphere_single_layer&var=u-component_of_wind_height_above_ground&var=v-component_of_wind_height_above_ground&var=Specific_humidity_isobaric&var=u-component_of_wind_isobaric&var=v-component_of_wind_isobaric&var=Vertical_velocity_pressure_isobaric&var=Geopotential_height_isobaric&var=Total_precipitation_surface_3_Hour_Accumulation&north=32.0&south=19.0&west=95.0&east=109.0&horizStride=1&addLatLon=true&accept=netcdf
,F:\云南极端降水数据\logs\gfs_aws_primary_20260726_205608.log,11,2026-07-26 20:57:49,UNKNOWN_UNLESS_EXPLICIT_IN_RAW_EVENT,"[""https://thredds.rda.ucar.edu/thredds/ncss/grid/files/g/d084001/2022/20221129/gfs.0p25.2022112918.f003.grib2?var=Pressure_surface&var=Convective_available_potential_energy_surface&var=Precipitable_water_entire_atmosphere_single_layer&var=u-component_of_wind_height_above_ground&var=v-component_of_wind_height_above_ground&var=Specific_humidity_isobaric&var=u-component_of_wind_isobaric&var=v-component_of_wind_isobaric&var=Vertical_velocity_pressure_isobaric&var=Geopotential_height_isobaric&var=Total_precipitation_surface_3_Hour_Accumulation&north=32.0&south=19.0&west=95.0&east=109.0&horizStride=1&addLatLon=true&accept=netcdf""]",OTHER,NOT_RECORDED_IN_EVENT,NOT_RECORDED_IN_EVENT,2026-07-26 20:57:49 | ERROR | gfs_aws_primary | AWS-primary task failed in round 2/5: 2022-11-29 18 f003: 404 Client Error:  for url: https://thredds.rda.ucar.edu/thredds/ncss/grid/files/g/d084001/2022/20221129/gfs.0p25.2022112918.f003.grib2?var=Pressure_surface&var=Convective_available_potential_energy_surface&var=Precipitable_water_entire_atmosphere_single_layer&var=u-component_of_wind_height_above_ground&var=v-component_of_wind_height_above_ground&var=Specific_humidity_isobaric&var=u-component_of_wind_isobaric&var=v-component_of_wind_isobaric&var=Vertical_velocity_pressure_isobaric&var=Geopotential_height_isobaric&var=Total_precipitation_surface_3_Hour_Accumulation&north=32.0&south=19.0&west=95.0&east=109.0&horizStride=1&addLatLon=true&accept=netcdf
,F:\云南极端降水数据\logs\gfs_aws_primary_20260726_205608.log,16,2026-07-26 20:59:02,UNKNOWN_UNLESS_EXPLICIT_IN_RAW_EVENT,"[""https://thredds.rda.ucar.edu/thredds/ncss/grid/files/g/d084001/2022/20221129/gfs.0p25.2022112918.f003.grib2?var=Pressure_surface&var=Convective_available_potential_energy_surface&var=Precipitable_water_entire_atmosphere_single_layer&var=u-component_of_wind_height_above_ground&var=v-component_of_wind_height_above_ground&var=Specific_humidity_isobaric&var=u-component_of_wind_isobaric&var=v-component_of_wind_isobaric&var=Vertical_velocity_pressure_isobaric&var=Geopotential_height_isobaric&var=Total_precipitation_surface_3_Hour_Accumulation&north=32.0&south=19.0&west=95.0&east=109.0&horizStride=1&addLatLon=true&accept=netcdf""]",OTHER,NOT_RECORDED_IN_EVENT,NOT_RECORDED_IN_EVENT,2026-07-26 20:59:02 | ERROR | gfs_aws_primary | AWS-primary task failed in round 3/5: 2022-11-29 18 f003: 404 Client Error:  for url: https://thredds.rda.ucar.edu/thredds/ncss/grid/files/g/d084001/2022/20221129/gfs.0p25.2022112918.f003.grib2?var=Pressure_surface&var=Convective_available_potential_energy_surface&var=Precipitable_water_entire_atmosphere_single_layer&var=u-component_of_wind_height_above_ground&var=v-component_of_wind_height_above_ground&var=Specific_humidity_isobaric&var=u-component_of_wind_isobaric&var=v-component_of_wind_isobaric&var=Vertical_velocity_pressure_isobaric&var=Geopotential_height_isobaric&var=Total_precipitation_surface_3_Hour_Accumulation&north=32.0&south=19.0&west=95.0&east=109.0&horizStride=1&addLatLon=true&accept=netcdf
,F:\云南极端降水数据\logs\gfs_aws_primary_20260726_205608.log,21,2026-07-26 21:00:27,UNKNOWN_UNLESS_EXPLICIT_IN_RAW_EVENT,"[""https://thredds.rda.ucar.edu/thredds/ncss/grid/files/g/d084001/2022/20221129/gfs.0p25.2022112918.f003.grib2?var=Pressure_surface&var=Convective_available_potential_energy_surface&var=Precipitable_water_entire_atmosphere_single_layer&var=u-component_of_wind_height_above_ground&var=v-component_of_wind_height_above_ground&var=Specific_humidity_isobaric&var=u-component_of_wind_isobaric&var=v-component_of_wind_isobaric&var=Vertical_velocity_pressure_isobaric&var=Geopotential_height_isobaric&var=Total_precipitation_surface_3_Hour_Accumulation&north=32.0&south=19.0&west=95.0&east=109.0&horizStride=1&addLatLon=true&accept=netcdf""]",OTHER,NOT_RECORDED_IN_EVENT,NOT_RECORDED_IN_EVENT,2026-07-26 21:00:27 | ERROR | gfs_aws_primary | AWS-primary task failed in round 4/5: 2022-11-29 18 f003: 404 Client Error:  for url: https://thredds.rda.ucar.edu/thredds/ncss/grid/files/g/d084001/2022/20221129/gfs.0p25.2022112918.f003.grib2?var=Pressure_surface&var=Convective_available_potential_energy_surface&var=Precipitable_water_entire_atmosphere_single_layer&var=u-component_of_wind_height_above_ground&var=v-component_of_wind_height_above_ground&var=Specific_humidity_isobaric&var=u-component_of_wind_isobaric&var=v-component_of_wind_isobaric&var=Vertical_velocity_pressure_isobaric&var=Geopotential_height_isobaric&var=Total_precipitation_surface_3_Hour_Accumulation&north=32.0&south=19.0&west=95.0&east=109.0&horizStride=1&addLatLon=true&accept=netcdf
,F:\云南极端降水数据\logs\gfs_aws_primary_20260726_205608.log,26,2026-07-26 21:02:09,UNKNOWN_UNLESS_EXPLICIT_IN_RAW_EVENT,"[""https://thredds.rda.ucar.edu/thredds/ncss/grid/files/g/d084001/2022/20221129/gfs.0p25.2022112918.f003.grib2?var=Pressure_surface&var=Convective_available_potential_energy_surface&var=Precipitable_water_entire_atmosphere_single_layer&var=u-component_of_wind_height_above_ground&var=v-component_of_wind_height_above_ground&var=Specific_humidity_isobaric&var=u-component_of_wind_isobaric&var=v-component_of_wind_isobaric&var=Vertical_velocity_pressure_isobaric&var=Geopotential_height_isobaric&var=Total_precipitation_surface_3_Hour_Accumulation&north=32.0&south=19.0&west=95.0&east=109.0&horizStride=1&addLatLon=true&accept=netcdf""]",OTHER,NOT_RECORDED_IN_EVENT,NOT_RECORDED_IN_EVENT,2026-07-26 21:02:09 | ERROR | gfs_aws_primary | AWS-primary task failed in round 5/5: 2022-11-29 18 f003: 404 Client Error:  for url: https://thredds.rda.ucar.edu/thredds/ncss/grid/files/g/d084001/2022/20221129/gfs.0p25.2022112918.f003.grib2?var=Pressure_surface&var=Convective_available_potential_energy_surface&var=Precipitable_water_entire_atmosphere_single_layer&var=u-component_of_wind_height_above_ground&var=v-component_of_wind_height_above_ground&var=Specific_humidity_isobaric&var=u-component_of_wind_isobaric&var=v-component_of_wind_isobaric&var=Vertical_velocity_pressure_isobaric&var=Geopotential_height_isobaric&var=Total_precipitation_surface_3_Hour_Accumulation&north=32.0&south=19.0&west=95.0&east=109.0&horizStride=1&addLatLon=true&accept=netcdf
,F:\云南极端降水数据\logs\gfs_aws_primary_20260726_210255.log,6,2026-07-26 21:03:36,UNKNOWN_UNLESS_EXPLICIT_IN_RAW_EVENT,"[""https://thredds.rda.ucar.edu/thredds/ncss/grid/files/g/d084001/2022/20221129/gfs.0p25.2022112918.f003.grib2?var=Pressure_surface&var=Convective_available_potential_energy_surface&var=Precipitable_water_entire_atmosphere_single_layer&var=u-component_of_wind_height_above_ground&var=v-component_of_wind_height_above_ground&var=Specific_humidity_isobaric&var=u-component_of_wind_isobaric&var=v-component_of_wind_isobaric&var=Vertical_velocity_pressure_isobaric&var=Geopotential_height_isobaric&var=Total_precipitation_surface_3_Hour_Accumulation&north=32.0&south=19.0&west=95.0&east=109.0&horizStride=1&addLatLon=true&accept=netcdf""]",OTHER,NOT_RECORDED_IN_EVENT,NOT_RECORDED_IN_EVENT,2026-07-26 21:03:36 | ERROR | gfs_aws_primary | AWS-primary task failed in round 1/5: 2022-11-29 18 f003: 404 Client Error:  for url: https://thredds.rda.ucar.edu/thredds/ncss/grid/files/g/d084001/2022/20221129/gfs.0p25.2022112918.f003.grib2?var=Pressure_surface&var=Convective_available_potential_energy_surface&var=Precipitable_water_entire_atmosphere_single_layer&var=u-component_of_wind_height_above_ground&var=v-component_of_wind_height_above_ground&var=Specific_humidity_isobaric&var=u-component_of_wind_isobaric&var=v-component_of_wind_isobaric&var=Vertical_velocity_pressure_isobaric&var=Geopotential_height_isobaric&var=Total_precipitation_surface_3_Hour_Accumulation&north=32.0&south=19.0&west=95.0&east=109.0&horizStride=1&addLatLon=true&accept=netcdf
,F:\云南极端降水数据\logs\gfs_aws_primary_20260726_210255.log,11,2026-07-26 21:04:36,UNKNOWN_UNLESS_EXPLICIT_IN_RAW_EVENT,"[""https://thredds.rda.ucar.edu/thredds/ncss/grid/files/g/d084001/2022/20221129/gfs.0p25.2022112918.f003.grib2?var=Pressure_surface&var=Convective_available_potential_energy_surface&var=Precipitable_water_entire_atmosphere_single_layer&var=u-component_of_wind_height_above_ground&var=v-component_of_wind_height_above_ground&var=Specific_humidity_isobaric&var=u-component_of_wind_isobaric&var=v-component_of_wind_isobaric&var=Vertical_velocity_pressure_isobaric&var=Geopotential_height_isobaric&var=Total_precipitation_surface_3_Hour_Accumulation&north=32.0&south=19.0&west=95.0&east=109.0&horizStride=1&addLatLon=true&accept=netcdf""]",OTHER,NOT_RECORDED_IN_EVENT,NOT_RECORDED_IN_EVENT,2026-07-26 21:04:36 | ERROR | gfs_aws_primary | AWS-primary task failed in round 2/5: 2022-11-29 18 f003: 404 Client Error:  for url: https://thredds.rda.ucar.edu/thredds/ncss/grid/files/g/d084001/2022/20221129/gfs.0p25.2022112918.f003.grib2?var=Pressure_surface&var=Convective_available_potential_energy_surface&var=Precipitable_water_entire_atmosphere_single_layer&var=u-component_of_wind_height_above_ground&var=v-component_of_wind_height_above_ground&var=Specific_humidity_isobaric&var=u-component_of_wind_isobaric&var=v-component_of_wind_isobaric&var=Vertical_velocity_pressure_isobaric&var=Geopotential_height_isobaric&var=Total_precipitation_surface_3_Hour_Accumulation&north=32.0&south=19.0&west=95.0&east=109.0&horizStride=1&addLatLon=true&accept=netcdf
,F:\云南极端降水数据\logs\gfs_aws_primary_20260726_210255.log,16,2026-07-26 21:05:47,UNKNOWN_UNLESS_EXPLICIT_IN_RAW_EVENT,"[""https://thredds.rda.ucar.edu/thredds/ncss/grid/files/g/d084001/2022/20221129/gfs.0p25.2022112918.f003.grib2?var=Pressure_surface&var=Convective_available_potential_energy_surface&var=Precipitable_water_entire_atmosphere_single_layer&var=u-component_of_wind_height_above_ground&var=v-component_of_wind_height_above_ground&var=Specific_humidity_isobaric&var=u-component_of_wind_isobaric&var=v-component_of_wind_isobaric&var=Vertical_velocity_pressure_isobaric&var=Geopotential_height_isobaric&var=Total_precipitation_surface_3_Hour_Accumulation&north=32.0&south=19.0&west=95.0&east=109.0&horizStride=1&addLatLon=true&accept=netcdf""]",OTHER,NOT_RECORDED_IN_EVENT,NOT_RECORDED_IN_EVENT,2026-07-26 21:05:47 | ERROR | gfs_aws_primary | AWS-primary task failed in round 3/5: 2022-11-29 18 f003: 404 Client Error:  for url: https://thredds.rda.ucar.edu/thredds/ncss/grid/files/g/d084001/2022/20221129/gfs.0p25.2022112918.f003.grib2?var=Pressure_surface&var=Convective_available_potential_energy_surface&var=Precipitable_water_entire_atmosphere_single_layer&var=u-component_of_wind_height_above_ground&var=v-component_of_wind_height_above_ground&var=Specific_humidity_isobaric&var=u-component_of_wind_isobaric&var=v-component_of_wind_isobaric&var=Vertical_velocity_pressure_isobaric&var=Geopotential_height_isobaric&var=Total_precipitation_surface_3_Hour_Accumulation&north=32.0&south=19.0&west=95.0&east=109.0&horizStride=1&addLatLon=true&accept=netcdf
,F:\云南极端降水数据\logs\gfs_aws_primary_20260726_210255.log,21,2026-07-26 21:07:10,UNKNOWN_UNLESS_EXPLICIT_IN_RAW_EVENT,"[""https://thredds.rda.ucar.edu/thredds/ncss/grid/files/g/d084001/2022/20221129/gfs.0p25.2022112918.f003.grib2?var=Pressure_surface&var=Convective_available_potential_energy_surface&var=Precipitable_water_entire_atmosphere_single_layer&var=u-component_of_wind_height_above_ground&var=v-component_of_wind_height_above_ground&var=Specific_humidity_isobaric&var=u-component_of_wind_isobaric&var=v-component_of_wind_isobaric&var=Vertical_velocity_pressure_isobaric&var=Geopotential_height_isobaric&var=Total_precipitation_surface_3_Hour_Accumulation&north=32.0&south=19.0&west=95.0&east=109.0&horizStride=1&addLatLon=true&accept=netcdf""]",OTHER,NOT_RECORDED_IN_EVENT,NOT_RECORDED_IN_EVENT,2026-07-26 21:07:10 | ERROR | gfs_aws_primary | AWS-primary task failed in round 4/5: 2022-11-29 18 f003: 404 Client Error:  for url: https://thredds.rda.ucar.edu/thredds/ncss/grid/files/g/d084001/2022/20221129/gfs.0p25.2022112918.f003.grib2?var=Pressure_surface&var=Convective_available_potential_energy_surface&var=Precipitable_water_entire_atmosphere_single_layer&var=u-component_of_wind_height_above_ground&var=v-component_of_wind_height_above_ground&var=Specific_humidity_isobaric&var=u-component_of_wind_isobaric&var=v-component_of_wind_isobaric&var=Vertical_velocity_pressure_isobaric&var=Geopotential_height_isobaric&var=Total_precipitation_surface_3_Hour_Accumulation&north=32.0&south=19.0&west=95.0&east=109.0&horizStride=1&addLatLon=true&accept=netcdf
,F:\云南极端降水数据\logs\gfs_aws_primary_20260726_210255.log,26,2026-07-26 21:08:50,UNKNOWN_UNLESS_EXPLICIT_IN_RAW_EVENT,"[""https://thredds.rda.ucar.edu/thredds/ncss/grid/files/g/d084001/2022/20221129/gfs.0p25.2022112918.f003.grib2?var=Pressure_surface&var=Convective_available_potential_energy_surface&var=Precipitable_water_entire_atmosphere_single_layer&var=u-component_of_wind_height_above_ground&var=v-component_of_wind_height_above_ground&var=Specific_humidity_isobaric&var=u-component_of_wind_isobaric&var=v-component_of_wind_isobaric&var=Vertical_velocity_pressure_isobaric&var=Geopotential_height_isobaric&var=Total_precipitation_surface_3_Hour_Accumulation&north=32.0&south=19.0&west=95.0&east=109.0&horizStride=1&addLatLon=true&accept=netcdf""]",OTHER,NOT_RECORDED_IN_EVENT,NOT_RECORDED_IN_EVENT,2026-07-26 21:08:50 | ERROR | gfs_aws_primary | AWS-primary task failed in round 5/5: 2022-11-29 18 f003: 404 Client Error:  for url: https://thredds.rda.ucar.edu/thredds/ncss/grid/files/g/d084001/2022/20221129/gfs.0p25.2022112918.f003.grib2?var=Pressure_surface&var=Convective_available_potential_energy_surface&var=Precipitable_water_entire_atmosphere_single_layer&var=u-component_of_wind_height_above_ground&var=v-component_of_wind_height_above_ground&var=Specific_humidity_isobaric&var=u-component_of_wind_isobaric&var=v-component_of_wind_isobaric&var=Vertical_velocity_pressure_isobaric&var=Geopotential_height_isobaric&var=Total_precipitation_surface_3_Hour_Accumulation&north=32.0&south=19.0&west=95.0&east=109.0&horizStride=1&addLatLon=true&accept=netcdf
,F:\云南极端降水数据\logs\gfs_aws_primary_20260726_210951.log,6,2026-07-26 21:10:33,UNKNOWN_UNLESS_EXPLICIT_IN_RAW_EVENT,"[""https://thredds.rda.ucar.edu/thredds/ncss/grid/files/g/d084001/2022/20221129/gfs.0p25.2022112918.f003.grib2?var=Pressure_surface&var=Convective_available_potential_energy_surface&var=Precipitable_water_entire_atmosphere_single_layer&var=u-component_of_wind_height_above_ground&var=v-component_of_wind_height_above_ground&var=Specific_humidity_isobaric&var=u-component_of_wind_isobaric&var=v-component_of_wind_isobaric&var=Vertical_velocity_pressure_isobaric&var=Geopotential_height_isobaric&var=Total_precipitation_surface_3_Hour_Accumulation&north=32.0&south=19.0&west=95.0&east=109.0&horizStride=1&addLatLon=true&accept=netcdf""]",OTHER,NOT_RECORDED_IN_EVENT,NOT_RECORDED_IN_EVENT,2026-07-26 21:10:33 | ERROR | gfs_aws_primary | AWS-primary task failed in round 1/5: 2022-11-29 18 f003: 404 Client Error:  for url: https://thredds.rda.ucar.edu/thredds/ncss/grid/files/g/d084001/2022/20221129/gfs.0p25.2022112918.f003.grib2?var=Pressure_surface&var=Convective_available_potential_energy_surface&var=Precipitable_water_entire_atmosphere_single_layer&var=u-component_of_wind_height_above_ground&var=v-component_of_wind_height_above_ground&var=Specific_humidity_isobaric&var=u-component_of_wind_isobaric&var=v-component_of_wind_isobaric&var=Vertical_velocity_pressure_isobaric&var=Geopotential_height_isobaric&var=Total_precipitation_surface_3_Hour_Accumulation&north=32.0&south=19.0&west=95.0&east=109.0&horizStride=1&addLatLon=true&accept=netcdf
,F:\云南极端降水数据\logs\gfs_aws_primary_20260726_210951.log,11,2026-07-26 21:11:34,UNKNOWN_UNLESS_EXPLICIT_IN_RAW_EVENT,"[""https://thredds.rda.ucar.edu/thredds/ncss/grid/files/g/d084001/2022/20221129/gfs.0p25.2022112918.f003.grib2?var=Pressure_surface&var=Convective_available_potential_energy_surface&var=Precipitable_water_entire_atmosphere_single_layer&var=u-component_of_wind_height_above_ground&var=v-component_of_wind_height_above_ground&var=Specific_humidity_isobaric&var=u-component_of_wind_isobaric&var=v-component_of_wind_isobaric&var=Vertical_velocity_pressure_isobaric&var=Geopotential_height_isobaric&var=Total_precipitation_surface_3_Hour_Accumulation&north=32.0&south=19.0&west=95.0&east=109.0&horizStride=1&addLatLon=true&accept=netcdf""]",OTHER,NOT_RECORDED_IN_EVENT,NOT_RECORDED_IN_EVENT,2026-07-26 21:11:34 | ERROR | gfs_aws_primary | AWS-primary task failed in round 2/5: 2022-11-29 18 f003: 404 Client Error:  for url: https://thredds.rda.ucar.edu/thredds/ncss/grid/files/g/d084001/2022/20221129/gfs.0p25.2022112918.f003.grib2?var=Pressure_surface&var=Convective_available_potential_energy_surface&var=Precipitable_water_entire_atmosphere_single_layer&var=u-component_of_wind_height_above_ground&var=v-component_of_wind_height_above_ground&var=Specific_humidity_isobaric&var=u-component_of_wind_isobaric&var=v-component_of_wind_isobaric&var=Vertical_velocity_pressure_isobaric&var=Geopotential_height_isobaric&var=Total_precipitation_surface_3_Hour_Accumulation&north=32.0&south=19.0&west=95.0&east=109.0&horizStride=1&addLatLon=true&accept=netcdf
,F:\云南极端降水数据\logs\gfs_aws_primary_20260726_210951.log,16,2026-07-26 21:12:45,UNKNOWN_UNLESS_EXPLICIT_IN_RAW_EVENT,"[""https://thredds.rda.ucar.edu/thredds/ncss/grid/files/g/d084001/2022/20221129/gfs.0p25.2022112918.f003.grib2?var=Pressure_surface&var=Convective_available_potential_energy_surface&var=Precipitable_water_entire_atmosphere_single_layer&var=u-component_of_wind_height_above_ground&var=v-component_of_wind_height_above_ground&var=Specific_humidity_isobaric&var=u-component_of_wind_isobaric&var=v-component_of_wind_isobaric&var=Vertical_velocity_pressure_isobaric&var=Geopotential_height_isobaric&var=Total_precipitation_surface_3_Hour_Accumulation&north=32.0&south=19.0&west=95.0&east=109.0&horizStride=1&addLatLon=true&accept=netcdf""]",OTHER,NOT_RECORDED_IN_EVENT,NOT_RECORDED_IN_EVENT,2026-07-26 21:12:45 | ERROR | gfs_aws_primary | AWS-primary task failed in round 3/5: 2022-11-29 18 f003: 404 Client Error:  for url: https://thredds.rda.ucar.edu/thredds/ncss/grid/files/g/d084001/2022/20221129/gfs.0p25.2022112918.f003.grib2?var=Pressure_surface&var=Convective_available_potential_energy_surface&var=Precipitable_water_entire_atmosphere_single_layer&var=u-component_of_wind_height_above_ground&var=v-component_of_wind_height_above_ground&var=Specific_humidity_isobaric&var=u-component_of_wind_isobaric&var=v-component_of_wind_isobaric&var=Vertical_velocity_pressure_isobaric&var=Geopotential_height_isobaric&var=Total_precipitation_surface_3_Hour_Accumulation&north=32.0&south=19.0&west=95.0&east=109.0&horizStride=1&addLatLon=true&accept=netcdf
,F:\云南极端降水数据\logs\gfs_aws_primary_20260726_210951.log,21,2026-07-26 21:14:12,UNKNOWN_UNLESS_EXPLICIT_IN_RAW_EVENT,"[""https://thredds.rda.ucar.edu/thredds/ncss/grid/files/g/d084001/2022/20221129/gfs.0p25.2022112918.f003.grib2?var=Pressure_surface&var=Convective_available_potential_energy_surface&var=Precipitable_water_entire_atmosphere_single_layer&var=u-component_of_wind_height_above_ground&var=v-component_of_wind_height_above_ground&var=Specific_humidity_isobaric&var=u-component_of_wind_isobaric&var=v-component_of_wind_isobaric&var=Vertical_velocity_pressure_isobaric&var=Geopotential_height_isobaric&var=Total_precipitation_surface_3_Hour_Accumulation&north=32.0&south=19.0&west=95.0&east=109.0&horizStride=1&addLatLon=true&accept=netcdf""]",OTHER,NOT_RECORDED_IN_EVENT,NOT_RECORDED_IN_EVENT,2026-07-26 21:14:12 | ERROR | gfs_aws_primary | AWS-primary task failed in round 4/5: 2022-11-29 18 f003: 404 Client Error:  for url: https://thredds.rda.ucar.edu/thredds/ncss/grid/files/g/d084001/2022/20221129/gfs.0p25.2022112918.f003.grib2?var=Pressure_surface&var=Convective_available_potential_energy_surface&var=Precipitable_water_entire_atmosphere_single_layer&var=u-component_of_wind_height_above_ground&var=v-component_of_wind_height_above_ground&var=Specific_humidity_isobaric&var=u-component_of_wind_isobaric&var=v-component_of_wind_isobaric&var=Vertical_velocity_pressure_isobaric&var=Geopotential_height_isobaric&var=Total_precipitation_surface_3_Hour_Accumulation&north=32.0&south=19.0&west=95.0&east=109.0&horizStride=1&addLatLon=true&accept=netcdf
,F:\云南极端降水数据\logs\gfs_aws_primary_20260726_210951.log,26,2026-07-26 21:15:54,UNKNOWN_UNLESS_EXPLICIT_IN_RAW_EVENT,"[""https://thredds.rda.ucar.edu/thredds/ncss/grid/files/g/d084001/2022/20221129/gfs.0p25.2022112918.f003.grib2?var=Pressure_surface&var=Convective_available_potential_energy_surface&var=Precipitable_water_entire_atmosphere_single_layer&var=u-component_of_wind_height_above_ground&var=v-component_of_wind_height_above_ground&var=Specific_humidity_isobaric&var=u-component_of_wind_isobaric&var=v-component_of_wind_isobaric&var=Vertical_velocity_pressure_isobaric&var=Geopotential_height_isobaric&var=Total_precipitation_surface_3_Hour_Accumulation&north=32.0&south=19.0&west=95.0&east=109.0&horizStride=1&addLatLon=true&accept=netcdf""]",OTHER,NOT_RECORDED_IN_EVENT,NOT_RECORDED_IN_EVENT,2026-07-26 21:15:54 | ERROR | gfs_aws_primary | AWS-primary task failed in round 5/5: 2022-11-29 18 f003: 404 Client Error:  for url: https://thredds.rda.ucar.edu/thredds/ncss/grid/files/g/d084001/2022/20221129/gfs.0p25.2022112918.f003.grib2?var=Pressure_surface&var=Convective_available_potential_energy_surface&var=Precipitable_water_entire_atmosphere_single_layer&var=u-component_of_wind_height_above_ground&var=v-component_of_wind_height_above_ground&var=Specific_humidity_isobaric&var=u-component_of_wind_isobaric&var=v-component_of_wind_isobaric&var=Vertical_velocity_pressure_isobaric&var=Geopotential_height_isobaric&var=Total_precipitation_surface_3_Hour_Accumulation&north=32.0&south=19.0&west=95.0&east=109.0&horizStride=1&addLatLon=true&accept=netcdf
,F:\云南极端降水数据\logs\gfs_aws_primary_20260726_211655.log,6,2026-07-26 21:17:36,UNKNOWN_UNLESS_EXPLICIT_IN_RAW_EVENT,"[""https://thredds.rda.ucar.edu/thredds/ncss/grid/files/g/d084001/2022/20221129/gfs.0p25.2022112918.f003.grib2?var=Pressure_surface&var=Convective_available_potential_energy_surface&var=Precipitable_water_entire_atmosphere_single_layer&var=u-component_of_wind_height_above_ground&var=v-component_of_wind_height_above_ground&var=Specific_humidity_isobaric&var=u-component_of_wind_isobaric&var=v-component_of_wind_isobaric&var=Vertical_velocity_pressure_isobaric&var=Geopotential_height_isobaric&var=Total_precipitation_surface_3_Hour_Accumulation&north=32.0&south=19.0&west=95.0&east=109.0&horizStride=1&addLatLon=true&accept=netcdf""]",OTHER,NOT_RECORDED_IN_EVENT,NOT_RECORDED_IN_EVENT,2026-07-26 21:17:36 | ERROR | gfs_aws_primary | AWS-primary task failed in round 1/5: 2022-11-29 18 f003: 404 Client Error:  for url: https://thredds.rda.ucar.edu/thredds/ncss/grid/files/g/d084001/2022/20221129/gfs.0p25.2022112918.f003.grib2?var=Pressure_surface&var=Convective_available_potential_energy_surface&var=Precipitable_water_entire_atmosphere_single_layer&var=u-component_of_wind_height_above_ground&var=v-component_of_wind_height_above_ground&var=Specific_humidity_isobaric&var=u-component_of_wind_isobaric&var=v-component_of_wind_isobaric&var=Vertical_velocity_pressure_isobaric&var=Geopotential_height_isobaric&var=Total_precipitation_surface_3_Hour_Accumulation&north=32.0&south=19.0&west=95.0&east=109.0&horizStride=1&addLatLon=true&accept=netcdf
,F:\云南极端降水数据\logs\gfs_aws_primary_20260726_211655.log,11,2026-07-26 21:18:33,UNKNOWN_UNLESS_EXPLICIT_IN_RAW_EVENT,"[""https://thredds.rda.ucar.edu/thredds/ncss/grid/files/g/d084001/2022/20221129/gfs.0p25.2022112918.f003.grib2?var=Pressure_surface&var=Convective_available_potential_energy_surface&var=Precipitable_water_entire_atmosphere_single_layer&var=u-component_of_wind_height_above_ground&var=v-component_of_wind_height_above_ground&var=Specific_humidity_isobaric&var=u-component_of_wind_isobaric&var=v-component_of_wind_isobaric&var=Vertical_velocity_pressure_isobaric&var=Geopotential_height_isobaric&var=Total_precipitation_surface_3_Hour_Accumulation&north=32.0&south=19.0&west=95.0&east=109.0&horizStride=1&addLatLon=true&accept=netcdf""]",OTHER,NOT_RECORDED_IN_EVENT,NOT_RECORDED_IN_EVENT,2026-07-26 21:18:33 | ERROR | gfs_aws_primary | AWS-primary task failed in round 2/5: 2022-11-29 18 f003: 404 Client Error:  for url: https://thredds.rda.ucar.edu/thredds/ncss/grid/files/g/d084001/2022/20221129/gfs.0p25.2022112918.f003.grib2?var=Pressure_surface&var=Convective_available_potential_energy_surface&var=Precipitable_water_entire_atmosphere_single_layer&var=u-component_of_wind_height_above_ground&var=v-component_of_wind_height_above_ground&var=Specific_humidity_isobaric&var=u-component_of_wind_isobaric&var=v-component_of_wind_isobaric&var=Vertical_velocity_pressure_isobaric&var=Geopotential_height_isobaric&var=Total_precipitation_surface_3_Hour_Accumulation&north=32.0&south=19.0&west=95.0&east=109.0&horizStride=1&addLatLon=true&accept=netcdf
,F:\云南极端降水数据\logs\gfs_aws_primary_20260726_211655.log,16,2026-07-26 21:19:40,UNKNOWN_UNLESS_EXPLICIT_IN_RAW_EVENT,"[""https://thredds.rda.ucar.edu/thredds/ncss/grid/files/g/d084001/2022/20221129/gfs.0p25.2022112918.f003.grib2?var=Pressure_surface&var=Convective_available_potential_energy_surface&var=Precipitable_water_entire_atmosphere_single_layer&var=u-component_of_wind_height_above_ground&var=v-component_of_wind_height_above_ground&var=Specific_humidity_isobaric&var=u-component_of_wind_isobaric&var=v-component_of_wind_isobaric&var=Vertical_velocity_pressure_isobaric&var=Geopotential_height_isobaric&var=Total_precipitation_surface_3_Hour_Accumulation&north=32.0&south=19.0&west=95.0&east=109.0&horizStride=1&addLatLon=true&accept=netcdf""]",OTHER,NOT_RECORDED_IN_EVENT,NOT_RECORDED_IN_EVENT,2026-07-26 21:19:40 | ERROR | gfs_aws_primary | AWS-primary task failed in round 3/5: 2022-11-29 18 f003: 404 Client Error:  for url: https://thredds.rda.ucar.edu/thredds/ncss/grid/files/g/d084001/2022/20221129/gfs.0p25.2022112918.f003.grib2?var=Pressure_surface&var=Convective_available_potential_energy_surface&var=Precipitable_water_entire_atmosphere_single_layer&var=u-component_of_wind_height_above_ground&var=v-component_of_wind_height_above_ground&var=Specific_humidity_isobaric&var=u-component_of_wind_isobaric&var=v-component_of_wind_isobaric&var=Vertical_velocity_pressure_isobaric&var=Geopotential_height_isobaric&var=Total_precipitation_surface_3_Hour_Accumulation&north=32.0&south=19.0&west=95.0&east=109.0&horizStride=1&addLatLon=true&accept=netcdf
,F:\云南极端降水数据\logs\gfs_aws_primary_20260726_211655.log,21,2026-07-26 21:21:09,UNKNOWN_UNLESS_EXPLICIT_IN_RAW_EVENT,"[""https://thredds.rda.ucar.edu/thredds/ncss/grid/files/g/d084001/2022/20221129/gfs.0p25.2022112918.f003.grib2?var=Pressure_surface&var=Convective_available_potential_energy_surface&var=Precipitable_water_entire_atmosphere_single_layer&var=u-component_of_wind_height_above_ground&var=v-component_of_wind_height_above_ground&var=Specific_humidity_isobaric&var=u-component_of_wind_isobaric&var=v-component_of_wind_isobaric&var=Vertical_velocity_pressure_isobaric&var=Geopotential_height_isobaric&var=Total_precipitation_surface_3_Hour_Accumulation&north=32.0&south=19.0&west=95.0&east=109.0&horizStride=1&addLatLon=true&accept=netcdf""]",OTHER,NOT_RECORDED_IN_EVENT,NOT_RECORDED_IN_EVENT,2026-07-26 21:21:09 | ERROR | gfs_aws_primary | AWS-primary task failed in round 4/5: 2022-11-29 18 f003: 404 Client Error:  for url: https://thredds.rda.ucar.edu/thredds/ncss/grid/files/g/d084001/2022/20221129/gfs.0p25.2022112918.f003.grib2?var=Pressure_surface&var=Convective_available_potential_energy_surface&var=Precipitable_water_entire_atmosphere_single_layer&var=u-component_of_wind_height_above_ground&var=v-component_of_wind_height_above_ground&var=Specific_humidity_isobaric&var=u-component_of_wind_isobaric&var=v-component_of_wind_isobaric&var=Vertical_velocity_pressure_isobaric&var=Geopotential_height_isobaric&var=Total_precipitation_surface_3_Hour_Accumulation&north=32.0&south=19.0&west=95.0&east=109.0&horizStride=1&addLatLon=true&accept=netcdf
,F:\云南极端降水数据\logs\gfs_aws_primary_20260726_211655.log,26,2026-07-26 21:22:51,UNKNOWN_UNLESS_EXPLICIT_IN_RAW_EVENT,"[""https://thredds.rda.ucar.edu/thredds/ncss/grid/files/g/d084001/2022/20221129/gfs.0p25.2022112918.f003.grib2?var=Pressure_surface&var=Convective_available_potential_energy_surface&var=Precipitable_water_entire_atmosphere_single_layer&var=u-component_of_wind_height_above_ground&var=v-component_of_wind_height_above_ground&var=Specific_humidity_isobaric&var=u-component_of_wind_isobaric&var=v-component_of_wind_isobaric&var=Vertical_velocity_pressure_isobaric&var=Geopotential_height_isobaric&var=Total_precipitation_surface_3_Hour_Accumulation&north=32.0&south=19.0&west=95.0&east=109.0&horizStride=1&addLatLon=true&accept=netcdf""]",OTHER,NOT_RECORDED_IN_EVENT,NOT_RECORDED_IN_EVENT,2026-07-26 21:22:51 | ERROR | gfs_aws_primary | AWS-primary task failed in round 5/5: 2022-11-29 18 f003: 404 Client Error:  for url: https://thredds.rda.ucar.edu/thredds/ncss/grid/files/g/d084001/2022/20221129/gfs.0p25.2022112918.f003.grib2?var=Pressure_surface&var=Convective_available_potential_energy_surface&var=Precipitable_water_entire_atmosphere_single_layer&var=u-component_of_wind_height_above_ground&var=v-component_of_wind_height_above_ground&var=Specific_humidity_isobaric&var=u-component_of_wind_isobaric&var=v-component_of_wind_isobaric&var=Vertical_velocity_pressure_isobaric&var=Geopotential_height_isobaric&var=Total_precipitation_surface_3_Hour_Accumulation&north=32.0&south=19.0&west=95.0&east=109.0&horizStride=1&addLatLon=true&accept=netcdf
,F:\云南极端降水数据\logs\gfs_aws_primary_20260726_212352.log,6,2026-07-26 21:24:32,UNKNOWN_UNLESS_EXPLICIT_IN_RAW_EVENT,"[""https://thredds.rda.ucar.edu/thredds/ncss/grid/files/g/d084001/2022/20221129/gfs.0p25.2022112918.f003.grib2?var=Pressure_surface&var=Convective_available_potential_energy_surface&var=Precipitable_water_entire_atmosphere_single_layer&var=u-component_of_wind_height_above_ground&var=v-component_of_wind_height_above_ground&var=Specific_humidity_isobaric&var=u-component_of_wind_isobaric&var=v-component_of_wind_isobaric&var=Vertical_velocity_pressure_isobaric&var=Geopotential_height_isobaric&var=Total_precipitation_surface_3_Hour_Accumulation&north=32.0&south=19.0&west=95.0&east=109.0&horizStride=1&addLatLon=true&accept=netcdf""]",OTHER,NOT_RECORDED_IN_EVENT,NOT_RECORDED_IN_EVENT,2026-07-26 21:24:32 | ERROR | gfs_aws_primary | AWS-primary task failed in round 1/5: 2022-11-29 18 f003: 404 Client Error:  for url: https://thredds.rda.ucar.edu/thredds/ncss/grid/files/g/d084001/2022/20221129/gfs.0p25.2022112918.f003.grib2?var=Pressure_surface&var=Convective_available_potential_energy_surface&var=Precipitable_water_entire_atmosphere_single_layer&var=u-component_of_wind_height_above_ground&var=v-component_of_wind_height_above_ground&var=Specific_humidity_isobaric&var=u-component_of_wind_isobaric&var=v-component_of_wind_isobaric&var=Vertical_velocity_pressure_isobaric&var=Geopotential_height_isobaric&var=Total_precipitation_surface_3_Hour_Accumulation&north=32.0&south=19.0&west=95.0&east=109.0&horizStride=1&addLatLon=true&accept=netcdf
,F:\云南极端降水数据\logs\gfs_aws_primary_20260726_212352.log,11,2026-07-26 21:25:28,UNKNOWN_UNLESS_EXPLICIT_IN_RAW_EVENT,"[""https://thredds.rda.ucar.edu/thredds/ncss/grid/files/g/d084001/2022/20221129/gfs.0p25.2022112918.f003.grib2?var=Pressure_surface&var=Convective_available_potential_energy_surface&var=Precipitable_water_entire_atmosphere_single_layer&var=u-component_of_wind_height_above_ground&var=v-component_of_wind_height_above_ground&var=Specific_humidity_isobaric&var=u-component_of_wind_isobaric&var=v-component_of_wind_isobaric&var=Vertical_velocity_pressure_isobaric&var=Geopotential_height_isobaric&var=Total_precipitation_surface_3_Hour_Accumulation&north=32.0&south=19.0&west=95.0&east=109.0&horizStride=1&addLatLon=true&accept=netcdf""]",OTHER,NOT_RECORDED_IN_EVENT,NOT_RECORDED_IN_EVENT,2026-07-26 21:25:28 | ERROR | gfs_aws_primary | AWS-primary task failed in round 2/5: 2022-11-29 18 f003: 404 Client Error:  for url: https://thredds.rda.ucar.edu/thredds/ncss/grid/files/g/d084001/2022/20221129/gfs.0p25.2022112918.f003.grib2?var=Pressure_surface&var=Convective_available_potential_energy_surface&var=Precipitable_water_entire_atmosphere_single_layer&var=u-component_of_wind_height_above_ground&var=v-component_of_wind_height_above_ground&var=Specific_humidity_isobaric&var=u-component_of_wind_isobaric&var=v-component_of_wind_isobaric&var=Vertical_velocity_pressure_isobaric&var=Geopotential_height_isobaric&var=Total_precipitation_surface_3_Hour_Accumulation&north=32.0&south=19.0&west=95.0&east=109.0&horizStride=1&addLatLon=true&accept=netcdf
,F:\云南极端降水数据\logs\gfs_aws_primary_20260726_212352.log,16,2026-07-26 21:26:43,UNKNOWN_UNLESS_EXPLICIT_IN_RAW_EVENT,"[""https://thredds.rda.ucar.edu/thredds/ncss/grid/files/g/d084001/2022/20221129/gfs.0p25.2022112918.f003.grib2?var=Pressure_surface&var=Convective_available_potential_energy_surface&var=Precipitable_water_entire_atmosphere_single_layer&var=u-component_of_wind_height_above_ground&var=v-component_of_wind_height_above_ground&var=Specific_humidity_isobaric&var=u-component_of_wind_isobaric&var=v-component_of_wind_isobaric&var=Vertical_velocity_pressure_isobaric&var=Geopotential_height_isobaric&var=Total_precipitation_surface_3_Hour_Accumulation&north=32.0&south=19.0&west=95.0&east=109.0&horizStride=1&addLatLon=true&accept=netcdf""]",OTHER,NOT_RECORDED_IN_EVENT,NOT_RECORDED_IN_EVENT,2026-07-26 21:26:43 | ERROR | gfs_aws_primary | AWS-primary task failed in round 3/5: 2022-11-29 18 f003: 404 Client Error:  for url: https://thredds.rda.ucar.edu/thredds/ncss/grid/files/g/d084001/2022/20221129/gfs.0p25.2022112918.f003.grib2?var=Pressure_surface&var=Convective_available_potential_energy_surface&var=Precipitable_water_entire_atmosphere_single_layer&var=u-component_of_wind_height_above_ground&var=v-component_of_wind_height_above_ground&var=Specific_humidity_isobaric&var=u-component_of_wind_isobaric&var=v-component_of_wind_isobaric&var=Vertical_velocity_pressure_isobaric&var=Geopotential_height_isobaric&var=Total_precipitation_surface_3_Hour_Accumulation&north=32.0&south=19.0&west=95.0&east=109.0&horizStride=1&addLatLon=true&accept=netcdf
,F:\云南极端降水数据\logs\gfs_aws_primary_20260726_212352.log,21,2026-07-26 21:28:05,UNKNOWN_UNLESS_EXPLICIT_IN_RAW_EVENT,"[""https://thredds.rda.ucar.edu/thredds/ncss/grid/files/g/d084001/2022/20221129/gfs.0p25.2022112918.f003.grib2?var=Pressure_surface&var=Convective_available_potential_energy_surface&var=Precipitable_water_entire_atmosphere_single_layer&var=u-component_of_wind_height_above_ground&var=v-component_of_wind_height_above_ground&var=Specific_humidity_isobaric&var=u-component_of_wind_isobaric&var=v-component_of_wind_isobaric&var=Vertical_velocity_pressure_isobaric&var=Geopotential_height_isobaric&var=Total_precipitation_surface_3_Hour_Accumulation&north=32.0&south=19.0&west=95.0&east=109.0&horizStride=1&addLatLon=true&accept=netcdf""]",OTHER,NOT_RECORDED_IN_EVENT,NOT_RECORDED_IN_EVENT,2026-07-26 21:28:05 | ERROR | gfs_aws_primary | AWS-primary task failed in round 4/5: 2022-11-29 18 f003: 404 Client Error:  for url: https://thredds.rda.ucar.edu/thredds/ncss/grid/files/g/d084001/2022/20221129/gfs.0p25.2022112918.f003.grib2?var=Pressure_surface&var=Convective_available_potential_energy_surface&var=Precipitable_water_entire_atmosphere_single_layer&var=u-component_of_wind_height_above_ground&var=v-component_of_wind_height_above_ground&var=Specific_humidity_isobaric&var=u-component_of_wind_isobaric&var=v-component_of_wind_isobaric&var=Vertical_velocity_pressure_isobaric&var=Geopotential_height_isobaric&var=Total_precipitation_surface_3_Hour_Accumulation&north=32.0&south=19.0&west=95.0&east=109.0&horizStride=1&addLatLon=true&accept=netcdf
,F:\云南极端降水数据\logs\gfs_aws_primary_20260726_212352.log,26,2026-07-26 21:29:50,UNKNOWN_UNLESS_EXPLICIT_IN_RAW_EVENT,"[""https://thredds.rda.ucar.edu/thredds/ncss/grid/files/g/d084001/2022/20221129/gfs.0p25.2022112918.f003.grib2?var=Pressure_surface&var=Convective_available_potential_energy_surface&var=Precipitable_water_entire_atmosphere_single_layer&var=u-component_of_wind_height_above_ground&var=v-component_of_wind_height_above_ground&var=Specific_humidity_isobaric&var=u-component_of_wind_isobaric&var=v-component_of_wind_isobaric&var=Vertical_velocity_pressure_isobaric&var=Geopotential_height_isobaric&var=Total_precipitation_surface_3_Hour_Accumulation&north=32.0&south=19.0&west=95.0&east=109.0&horizStride=1&addLatLon=true&accept=netcdf""]",OTHER,NOT_RECORDED_IN_EVENT,NOT_RECORDED_IN_EVENT,2026-07-26 21:29:50 | ERROR | gfs_aws_primary | AWS-primary task failed in round 5/5: 2022-11-29 18 f003: 404 Client Error:  for url: https://thredds.rda.ucar.edu/thredds/ncss/grid/files/g/d084001/2022/20221129/gfs.0p25.2022112918.f003.grib2?var=Pressure_surface&var=Convective_available_potential_energy_surface&var=Precipitable_water_entire_atmosphere_single_layer&var=u-component_of_wind_height_above_ground&var=v-component_of_wind_height_above_ground&var=Specific_humidity_isobaric&var=u-component_of_wind_isobaric&var=v-component_of_wind_isobaric&var=Vertical_velocity_pressure_isobaric&var=Geopotential_height_isobaric&var=Total_precipitation_surface_3_Hour_Accumulation&north=32.0&south=19.0&west=95.0&east=109.0&horizStride=1&addLatLon=true&accept=netcdf
,F:\云南极端降水数据\logs\gfs_aws_primary_20260726_213052.log,6,2026-07-26 21:31:44,UNKNOWN_UNLESS_EXPLICIT_IN_RAW_EVENT,"[""https://thredds.rda.ucar.edu/thredds/ncss/grid/files/g/d084001/2022/20221129/gfs.0p25.2022112918.f003.grib2?var=Pressure_surface&var=Convective_available_potential_energy_surface&var=Precipitable_water_entire_atmosphere_single_layer&var=u-component_of_wind_height_above_ground&var=v-component_of_wind_height_above_ground&var=Specific_humidity_isobaric&var=u-component_of_wind_isobaric&var=v-component_of_wind_isobaric&var=Vertical_velocity_pressure_isobaric&var=Geopotential_height_isobaric&var=Total_precipitation_surface_3_Hour_Accumulation&north=32.0&south=19.0&west=95.0&east=109.0&horizStride=1&addLatLon=true&accept=netcdf""]",OTHER,NOT_RECORDED_IN_EVENT,NOT_RECORDED_IN_EVENT,2026-07-26 21:31:44 | ERROR | gfs_aws_primary | AWS-primary task failed in round 1/5: 2022-11-29 18 f003: 404 Client Error:  for url: https://thredds.rda.ucar.edu/thredds/ncss/grid/files/g/d084001/2022/20221129/gfs.0p25.2022112918.f003.grib2?var=Pressure_surface&var=Convective_available_potential_energy_surface&var=Precipitable_water_entire_atmosphere_single_layer&var=u-component_of_wind_height_above_ground&var=v-component_of_wind_height_above_ground&var=Specific_humidity_isobaric&var=u-component_of_wind_isobaric&var=v-component_of_wind_isobaric&var=Vertical_velocity_pressure_isobaric&var=Geopotential_height_isobaric&var=Total_precipitation_surface_3_Hour_Accumulation&north=32.0&south=19.0&west=95.0&east=109.0&horizStride=1&addLatLon=true&accept=netcdf
,F:\云南极端降水数据\logs\gfs_aws_primary_20260726_213052.log,11,2026-07-26 21:32:37,UNKNOWN_UNLESS_EXPLICIT_IN_RAW_EVENT,"[""https://thredds.rda.ucar.edu/thredds/ncss/grid/files/g/d084001/2022/20221129/gfs.0p25.2022112918.f003.grib2?var=Pressure_surface&var=Convective_available_potential_energy_surface&var=Precipitable_water_entire_atmosphere_single_layer&var=u-component_of_wind_height_above_ground&var=v-component_of_wind_height_above_ground&var=Specific_humidity_isobaric&var=u-component_of_wind_isobaric&var=v-component_of_wind_isobaric&var=Vertical_velocity_pressure_isobaric&var=Geopotential_height_isobaric&var=Total_precipitation_surface_3_Hour_Accumulation&north=32.0&south=19.0&west=95.0&east=109.0&horizStride=1&addLatLon=true&accept=netcdf""]",OTHER,NOT_RECORDED_IN_EVENT,NOT_RECORDED_IN_EVENT,2026-07-26 21:32:37 | ERROR | gfs_aws_primary | AWS-primary task failed in round 2/5: 2022-11-29 18 f003: 404 Client Error:  for url: https://thredds.rda.ucar.edu/thredds/ncss/grid/files/g/d084001/2022/20221129/gfs.0p25.2022112918.f003.grib2?var=Pressure_surface&var=Convective_available_potential_energy_surface&var=Precipitable_water_entire_atmosphere_single_layer&var=u-component_of_wind_height_above_ground&var=v-component_of_wind_height_above_ground&var=Specific_humidity_isobaric&var=u-component_of_wind_isobaric&var=v-component_of_wind_isobaric&var=Vertical_velocity_pressure_isobaric&var=Geopotential_height_isobaric&var=Total_precipitation_surface_3_Hour_Accumulation&north=32.0&south=19.0&west=95.0&east=109.0&horizStride=1&addLatLon=true&accept=netcdf
,F:\云南极端降水数据\logs\gfs_aws_primary_20260726_213052.log,16,2026-07-26 21:33:48,UNKNOWN_UNLESS_EXPLICIT_IN_RAW_EVENT,"[""https://thredds.rda.ucar.edu/thredds/ncss/grid/files/g/d084001/2022/20221129/gfs.0p25.2022112918.f003.grib2?var=Pressure_surface&var=Convective_available_potential_energy_surface&var=Precipitable_water_entire_atmosphere_single_layer&var=u-component_of_wind_height_above_ground&var=v-component_of_wind_height_above_ground&var=Specific_humidity_isobaric&var=u-component_of_wind_isobaric&var=v-component_of_wind_isobaric&var=Vertical_velocity_pressure_isobaric&var=Geopotential_height_isobaric&var=Total_precipitation_surface_3_Hour_Accumulation&north=32.0&south=19.0&west=95.0&east=109.0&horizStride=1&addLatLon=true&accept=netcdf""]",OTHER,NOT_RECORDED_IN_EVENT,NOT_RECORDED_IN_EVENT,2026-07-26 21:33:48 | ERROR | gfs_aws_primary | AWS-primary task failed in round 3/5: 2022-11-29 18 f003: 404 Client Error:  for url: https://thredds.rda.ucar.edu/thredds/ncss/grid/files/g/d084001/2022/20221129/gfs.0p25.2022112918.f003.grib2?var=Pressure_surface&var=Convective_available_potential_energy_surface&var=Precipitable_water_entire_atmosphere_single_layer&var=u-component_of_wind_height_above_ground&var=v-component_of_wind_height_above_ground&var=Specific_humidity_isobaric&var=u-component_of_wind_isobaric&var=v-component_of_wind_isobaric&var=Vertical_velocity_pressure_isobaric&var=Geopotential_height_isobaric&var=Total_precipitation_surface_3_Hour_Accumulation&north=32.0&south=19.0&west=95.0&east=109.0&horizStride=1&addLatLon=true&accept=netcdf
,F:\云南极端降水数据\logs\gfs_aws_primary_20260726_213052.log,21,2026-07-26 21:35:10,UNKNOWN_UNLESS_EXPLICIT_IN_RAW_EVENT,"[""https://thredds.rda.ucar.edu/thredds/ncss/grid/files/g/d084001/2022/20221129/gfs.0p25.2022112918.f003.grib2?var=Pressure_surface&var=Convective_available_potential_energy_surface&var=Precipitable_water_entire_atmosphere_single_layer&var=u-component_of_wind_height_above_ground&var=v-component_of_wind_height_above_ground&var=Specific_humidity_isobaric&var=u-component_of_wind_isobaric&var=v-component_of_wind_isobaric&var=Vertical_velocity_pressure_isobaric&var=Geopotential_height_isobaric&var=Total_precipitation_surface_3_Hour_Accumulation&north=32.0&south=19.0&west=95.0&east=109.0&horizStride=1&addLatLon=true&accept=netcdf""]",OTHER,NOT_RECORDED_IN_EVENT,NOT_RECORDED_IN_EVENT,2026-07-26 21:35:10 | ERROR | gfs_aws_primary | AWS-primary task failed in round 4/5: 2022-11-29 18 f003: 404 Client Error:  for url: https://thredds.rda.ucar.edu/thredds/ncss/grid/files/g/d084001/2022/20221129/gfs.0p25.2022112918.f003.grib2?var=Pressure_surface&var=Convective_available_potential_energy_surface&var=Precipitable_water_entire_atmosphere_single_layer&var=u-component_of_wind_height_above_ground&var=v-component_of_wind_height_above_ground&var=Specific_humidity_isobaric&var=u-component_of_wind_isobaric&var=v-component_of_wind_isobaric&var=Vertical_velocity_pressure_isobaric&var=Geopotential_height_isobaric&var=Total_precipitation_surface_3_Hour_Accumulation&north=32.0&south=19.0&west=95.0&east=109.0&horizStride=1&addLatLon=true&accept=netcdf
,F:\云南极端降水数据\logs\gfs_aws_primary_20260726_213052.log,26,2026-07-26 21:36:48,UNKNOWN_UNLESS_EXPLICIT_IN_RAW_EVENT,"[""https://thredds.rda.ucar.edu/thredds/ncss/grid/files/g/d084001/2022/20221129/gfs.0p25.2022112918.f003.grib2?var=Pressure_surface&var=Convective_available_potential_energy_surface&var=Precipitable_water_entire_atmosphere_single_layer&var=u-component_of_wind_height_above_ground&var=v-component_of_wind_height_above_ground&var=Specific_humidity_isobaric&var=u-component_of_wind_isobaric&var=v-component_of_wind_isobaric&var=Vertical_velocity_pressure_isobaric&var=Geopotential_height_isobaric&var=Total_precipitation_surface_3_Hour_Accumulation&north=32.0&south=19.0&west=95.0&east=109.0&horizStride=1&addLatLon=true&accept=netcdf""]",OTHER,NOT_RECORDED_IN_EVENT,NOT_RECORDED_IN_EVENT,2026-07-26 21:36:48 | ERROR | gfs_aws_primary | AWS-primary task failed in round 5/5: 2022-11-29 18 f003: 404 Client Error:  for url: https://thredds.rda.ucar.edu/thredds/ncss/grid/files/g/d084001/2022/20221129/gfs.0p25.2022112918.f003.grib2?var=Pressure_surface&var=Convective_available_potential_energy_surface&var=Precipitable_water_entire_atmosphere_single_layer&var=u-component_of_wind_height_above_ground&var=v-component_of_wind_height_above_ground&var=Specific_humidity_isobaric&var=u-component_of_wind_isobaric&var=v-component_of_wind_isobaric&var=Vertical_velocity_pressure_isobaric&var=Geopotential_height_isobaric&var=Total_precipitation_surface_3_Hour_Accumulation&north=32.0&south=19.0&west=95.0&east=109.0&horizStride=1&addLatLon=true&accept=netcdf
,F:\云南极端降水数据\logs\gfs_aws_primary_20260726_213749.log,6,2026-07-26 21:38:33,UNKNOWN_UNLESS_EXPLICIT_IN_RAW_EVENT,"[""https://thredds.rda.ucar.edu/thredds/ncss/grid/files/g/d084001/2022/20221129/gfs.0p25.2022112918.f003.grib2?var=Pressure_surface&var=Convective_available_potential_energy_surface&var=Precipitable_water_entire_atmosphere_single_layer&var=u-component_of_wind_height_above_ground&var=v-component_of_wind_height_above_ground&var=Specific_humidity_isobaric&var=u-component_of_wind_isobaric&var=v-component_of_wind_isobaric&var=Vertical_velocity_pressure_isobaric&var=Geopotential_height_isobaric&var=Total_precipitation_surface_3_Hour_Accumulation&north=32.0&south=19.0&west=95.0&east=109.0&horizStride=1&addLatLon=true&accept=netcdf""]",OTHER,NOT_RECORDED_IN_EVENT,NOT_RECORDED_IN_EVENT,2026-07-26 21:38:33 | ERROR | gfs_aws_primary | AWS-primary task failed in round 1/5: 2022-11-29 18 f003: 404 Client Error:  for url: https://thredds.rda.ucar.edu/thredds/ncss/grid/files/g/d084001/2022/20221129/gfs.0p25.2022112918.f003.grib2?var=Pressure_surface&var=Convective_available_potential_energy_surface&var=Precipitable_water_entire_atmosphere_single_layer&var=u-component_of_wind_height_above_ground&var=v-component_of_wind_height_above_ground&var=Specific_humidity_isobaric&var=u-component_of_wind_isobaric&var=v-component_of_wind_isobaric&var=Vertical_velocity_pressure_isobaric&var=Geopotential_height_isobaric&var=Total_precipitation_surface_3_Hour_Accumulation&north=32.0&south=19.0&west=95.0&east=109.0&horizStride=1&addLatLon=true&accept=netcdf
,F:\云南极端降水数据\logs\gfs_aws_primary_20260726_213749.log,11,2026-07-26 21:39:28,UNKNOWN_UNLESS_EXPLICIT_IN_RAW_EVENT,"[""https://thredds.rda.ucar.edu/thredds/ncss/grid/files/g/d084001/2022/20221129/gfs.0p25.2022112918.f003.grib2?var=Pressure_surface&var=Convective_available_potential_energy_surface&var=Precipitable_water_entire_atmosphere_single_layer&var=u-component_of_wind_height_above_ground&var=v-component_of_wind_height_above_ground&var=Specific_humidity_isobaric&var=u-component_of_wind_isobaric&var=v-component_of_wind_isobaric&var=Vertical_velocity_pressure_isobaric&var=Geopotential_height_isobaric&var=Total_precipitation_surface_3_Hour_Accumulation&north=32.0&south=19.0&west=95.0&east=109.0&horizStride=1&addLatLon=true&accept=netcdf""]",OTHER,NOT_RECORDED_IN_EVENT,NOT_RECORDED_IN_EVENT,2026-07-26 21:39:28 | ERROR | gfs_aws_primary | AWS-primary task failed in round 2/5: 2022-11-29 18 f003: 404 Client Error:  for url: https://thredds.rda.ucar.edu/thredds/ncss/grid/files/g/d084001/2022/20221129/gfs.0p25.2022112918.f003.grib2?var=Pressure_surface&var=Convective_available_potential_energy_surface&var=Precipitable_water_entire_atmosphere_single_layer&var=u-component_of_wind_height_above_ground&var=v-component_of_wind_height_above_ground&var=Specific_humidity_isobaric&var=u-component_of_wind_isobaric&var=v-component_of_wind_isobaric&var=Vertical_velocity_pressure_isobaric&var=Geopotential_height_isobaric&var=Total_precipitation_surface_3_Hour_Accumulation&north=32.0&south=19.0&west=95.0&east=109.0&horizStride=1&addLatLon=true&accept=netcdf
,F:\云南极端降水数据\logs\gfs_aws_primary_20260726_213749.log,16,2026-07-26 21:40:44,UNKNOWN_UNLESS_EXPLICIT_IN_RAW_EVENT,"[""https://thredds.rda.ucar.edu/thredds/ncss/grid/files/g/d084001/2022/20221129/gfs.0p25.2022112918.f003.grib2?var=Pressure_surface&var=Convective_available_potential_energy_surface&var=Precipitable_water_entire_atmosphere_single_layer&var=u-component_of_wind_height_above_ground&var=v-component_of_wind_height_above_ground&var=Specific_humidity_isobaric&var=u-component_of_wind_isobaric&var=v-component_of_wind_isobaric&var=Vertical_velocity_pressure_isobaric&var=Geopotential_height_isobaric&var=Total_precipitation_surface_3_Hour_Accumulation&north=32.0&south=19.0&west=95.0&east=109.0&horizStride=1&addLatLon=true&accept=netcdf""]",OTHER,NOT_RECORDED_IN_EVENT,NOT_RECORDED_IN_EVENT,2026-07-26 21:40:44 | ERROR | gfs_aws_primary | AWS-primary task failed in round 3/5: 2022-11-29 18 f003: 404 Client Error:  for url: https://thredds.rda.ucar.edu/thredds/ncss/grid/files/g/d084001/2022/20221129/gfs.0p25.2022112918.f003.grib2?var=Pressure_surface&var=Convective_available_potential_energy_surface&var=Precipitable_water_entire_atmosphere_single_layer&var=u-component_of_wind_height_above_ground&var=v-component_of_wind_height_above_ground&var=Specific_humidity_isobaric&var=u-component_of_wind_isobaric&var=v-component_of_wind_isobaric&var=Vertical_velocity_pressure_isobaric&var=Geopotential_height_isobaric&var=Total_precipitation_surface_3_Hour_Accumulation&north=32.0&south=19.0&west=95.0&east=109.0&horizStride=1&addLatLon=true&accept=netcdf
,F:\云南极端降水数据\logs\gfs_aws_primary_20260726_213749.log,21,2026-07-26 21:42:11,UNKNOWN_UNLESS_EXPLICIT_IN_RAW_EVENT,"[""https://thredds.rda.ucar.edu/thredds/ncss/grid/files/g/d084001/2022/20221129/gfs.0p25.2022112918.f003.grib2?var=Pressure_surface&var=Convective_available_potential_energy_surface&var=Precipitable_water_entire_atmosphere_single_layer&var=u-component_of_wind_height_above_ground&var=v-component_of_wind_height_above_ground&var=Specific_humidity_isobaric&var=u-component_of_wind_isobaric&var=v-component_of_wind_isobaric&var=Vertical_velocity_pressure_isobaric&var=Geopotential_height_isobaric&var=Total_precipitation_surface_3_Hour_Accumulation&north=32.0&south=19.0&west=95.0&east=109.0&horizStride=1&addLatLon=true&accept=netcdf""]",OTHER,NOT_RECORDED_IN_EVENT,NOT_RECORDED_IN_EVENT,2026-07-26 21:42:11 | ERROR | gfs_aws_primary | AWS-primary task failed in round 4/5: 2022-11-29 18 f003: 404 Client Error:  for url: https://thredds.rda.ucar.edu/thredds/ncss/grid/files/g/d084001/2022/20221129/gfs.0p25.2022112918.f003.grib2?var=Pressure_surface&var=Convective_available_potential_energy_surface&var=Precipitable_water_entire_atmosphere_single_layer&var=u-component_of_wind_height_above_ground&var=v-component_of_wind_height_above_ground&var=Specific_humidity_isobaric&var=u-component_of_wind_isobaric&var=v-component_of_wind_isobaric&var=Vertical_velocity_pressure_isobaric&var=Geopotential_height_isobaric&var=Total_precipitation_surface_3_Hour_Accumulation&north=32.0&south=19.0&west=95.0&east=109.0&horizStride=1&addLatLon=true&accept=netcdf
,F:\云南极端降水数据\logs\gfs_aws_primary_20260726_213749.log,26,2026-07-26 21:43:51,UNKNOWN_UNLESS_EXPLICIT_IN_RAW_EVENT,"[""https://thredds.rda.ucar.edu/thredds/ncss/grid/files/g/d084001/2022/20221129/gfs.0p25.2022112918.f003.grib2?var=Pressure_surface&var=Convective_available_potential_energy_surface&var=Precipitable_water_entire_atmosphere_single_layer&var=u-component_of_wind_height_above_ground&var=v-component_of_wind_height_above_ground&var=Specific_humidity_isobaric&var=u-component_of_wind_isobaric&var=v-component_of_wind_isobaric&var=Vertical_velocity_pressure_isobaric&var=Geopotential_height_isobaric&var=Total_precipitation_surface_3_Hour_Accumulation&north=32.0&south=19.0&west=95.0&east=109.0&horizStride=1&addLatLon=true&accept=netcdf""]",OTHER,NOT_RECORDED_IN_EVENT,NOT_RECORDED_IN_EVENT,2026-07-26 21:43:51 | ERROR | gfs_aws_primary | AWS-primary task failed in round 5/5: 2022-11-29 18 f003: 404 Client Error:  for url: https://thredds.rda.ucar.edu/thredds/ncss/grid/files/g/d084001/2022/20221129/gfs.0p25.2022112918.f003.grib2?var=Pressure_surface&var=Convective_available_potential_energy_surface&var=Precipitable_water_entire_atmosphere_single_layer&var=u-component_of_wind_height_above_ground&var=v-component_of_wind_height_above_ground&var=Specific_humidity_isobaric&var=u-component_of_wind_isobaric&var=v-component_of_wind_isobaric&var=Vertical_velocity_pressure_isobaric&var=Geopotential_height_isobaric&var=Total_precipitation_surface_3_Hour_Accumulation&north=32.0&south=19.0&west=95.0&east=109.0&horizStride=1&addLatLon=true&accept=netcdf
,F:\云南极端降水数据\logs\gfs_aws_primary_20260726_214452.log,6,2026-07-26 21:46:08,UNKNOWN_UNLESS_EXPLICIT_IN_RAW_EVENT,"[""https://thredds.rda.ucar.edu/thredds/ncss/grid/files/g/d084001/2022/20221129/gfs.0p25.2022112918.f003.grib2?var=Pressure_surface&var=Convective_available_potential_energy_surface&var=Precipitable_water_entire_atmosphere_single_layer&var=u-component_of_wind_height_above_ground&var=v-component_of_wind_height_above_ground&var=Specific_humidity_isobaric&var=u-component_of_wind_isobaric&var=v-component_of_wind_isobaric&var=Vertical_velocity_pressure_isobaric&var=Geopotential_height_isobaric&var=Total_precipitation_surface_3_Hour_Accumulation&north=32.0&south=19.0&west=95.0&east=109.0&horizStride=1&addLatLon=true&accept=netcdf""]",OTHER,NOT_RECORDED_IN_EVENT,NOT_RECORDED_IN_EVENT,2026-07-26 21:46:08 | ERROR | gfs_aws_primary | AWS-primary task failed in round 1/5: 2022-11-29 18 f003: 404 Client Error:  for url: https://thredds.rda.ucar.edu/thredds/ncss/grid/files/g/d084001/2022/20221129/gfs.0p25.2022112918.f003.grib2?var=Pressure_surface&var=Convective_available_potential_energy_surface&var=Precipitable_water_entire_atmosphere_single_layer&var=u-component_of_wind_height_above_ground&var=v-component_of_wind_height_above_ground&var=Specific_humidity_isobaric&var=u-component_of_wind_isobaric&var=v-component_of_wind_isobaric&var=Vertical_velocity_pressure_isobaric&var=Geopotential_height_isobaric&var=Total_precipitation_surface_3_Hour_Accumulation&north=32.0&south=19.0&west=95.0&east=109.0&horizStride=1&addLatLon=true&accept=netcdf
,F:\云南极端降水数据\logs\gfs_aws_primary_20260726_214452.log,11,2026-07-26 21:47:05,UNKNOWN_UNLESS_EXPLICIT_IN_RAW_EVENT,"[""https://thredds.rda.ucar.edu/thredds/ncss/grid/files/g/d084001/2022/20221129/gfs.0p25.2022112918.f003.grib2?var=Pressure_surface&var=Convective_available_potential_energy_surface&var=Precipitable_water_entire_atmosphere_single_layer&var=u-component_of_wind_height_above_ground&var=v-component_of_wind_height_above_ground&var=Specific_humidity_isobaric&var=u-component_of_wind_isobaric&var=v-component_of_wind_isobaric&var=Vertical_velocity_pressure_isobaric&var=Geopotential_height_isobaric&var=Total_precipitation_surface_3_Hour_Accumulation&north=32.0&south=19.0&west=95.0&east=109.0&horizStride=1&addLatLon=true&accept=netcdf""]",OTHER,NOT_RECORDED_IN_EVENT,NOT_RECORDED_IN_EVENT,2026-07-26 21:47:05 | ERROR | gfs_aws_primary | AWS-primary task failed in round 2/5: 2022-11-29 18 f003: 404 Client Error:  for url: https://thredds.rda.ucar.edu/thredds/ncss/grid/files/g/d084001/2022/20221129/gfs.0p25.2022112918.f003.grib2?var=Pressure_surface&var=Convective_available_potential_energy_surface&var=Precipitable_water_entire_atmosphere_single_layer&var=u-component_of_wind_height_above_ground&var=v-component_of_wind_height_above_ground&var=Specific_humidity_isobaric&var=u-component_of_wind_isobaric&var=v-component_of_wind_isobaric&var=Vertical_velocity_pressure_isobaric&var=Geopotential_height_isobaric&var=Total_precipitation_surface_3_Hour_Accumulation&north=32.0&south=19.0&west=95.0&east=109.0&horizStride=1&addLatLon=true&accept=netcdf
,F:\云南极端降水数据\logs\gfs_aws_primary_20260726_214452.log,16,2026-07-26 21:48:44,UNKNOWN_UNLESS_EXPLICIT_IN_RAW_EVENT,"[""https://thredds.rda.ucar.edu/thredds/ncss/grid/files/g/d084001/2022/20221129/gfs.0p25.2022112918.f003.grib2?var=Pressure_surface&var=Convective_available_potential_energy_surface&var=Precipitable_water_entire_atmosphere_single_layer&var=u-component_of_wind_height_above_ground&var=v-component_of_wind_height_above_ground&var=Specific_humidity_isobaric&var=u-component_of_wind_isobaric&var=v-component_of_wind_isobaric&var=Vertical_velocity_pressure_isobaric&var=Geopotential_height_isobaric&var=Total_precipitation_surface_3_Hour_Accumulation&north=32.0&south=19.0&west=95.0&east=109.0&horizStride=1&addLatLon=true&accept=netcdf""]",OTHER,NOT_RECORDED_IN_EVENT,NOT_RECORDED_IN_EVENT,2026-07-26 21:48:44 | ERROR | gfs_aws_primary | AWS-primary task failed in round 3/5: 2022-11-29 18 f003: 404 Client Error:  for url: https://thredds.rda.ucar.edu/thredds/ncss/grid/files/g/d084001/2022/20221129/gfs.0p25.2022112918.f003.grib2?var=Pressure_surface&var=Convective_available_potential_energy_surface&var=Precipitable_water_entire_atmosphere_single_layer&var=u-component_of_wind_height_above_ground&var=v-component_of_wind_height_above_ground&var=Specific_humidity_isobaric&var=u-component_of_wind_isobaric&var=v-component_of_wind_isobaric&var=Vertical_velocity_pressure_isobaric&var=Geopotential_height_isobaric&var=Total_precipitation_surface_3_Hour_Accumulation&north=32.0&south=19.0&west=95.0&east=109.0&horizStride=1&addLatLon=true&accept=netcdf
,F:\云南极端降水数据\logs\gfs_aws_primary_20260726_214452.log,21,2026-07-26 21:50:10,UNKNOWN_UNLESS_EXPLICIT_IN_RAW_EVENT,"[""https://thredds.rda.ucar.edu/thredds/ncss/grid/files/g/d084001/2022/20221129/gfs.0p25.2022112918.f003.grib2?var=Pressure_surface&var=Convective_available_potential_energy_surface&var=Precipitable_water_entire_atmosphere_single_layer&var=u-component_of_wind_height_above_ground&var=v-component_of_wind_height_above_ground&var=Specific_humidity_isobaric&var=u-component_of_wind_isobaric&var=v-component_of_wind_isobaric&var=Vertical_velocity_pressure_isobaric&var=Geopotential_height_isobaric&var=Total_precipitation_surface_3_Hour_Accumulation&north=32.0&south=19.0&west=95.0&east=109.0&horizStride=1&addLatLon=true&accept=netcdf""]",OTHER,NOT_RECORDED_IN_EVENT,NOT_RECORDED_IN_EVENT,2026-07-26 21:50:10 | ERROR | gfs_aws_primary | AWS-primary task failed in round 4/5: 2022-11-29 18 f003: 404 Client Error:  for url: https://thredds.rda.ucar.edu/thredds/ncss/grid/files/g/d084001/2022/20221129/gfs.0p25.2022112918.f003.grib2?var=Pressure_surface&var=Convective_available_potential_energy_surface&var=Precipitable_water_entire_atmosphere_single_layer&var=u-component_of_wind_height_above_ground&var=v-component_of_wind_height_above_ground&var=Specific_humidity_isobaric&var=u-component_of_wind_isobaric&var=v-component_of_wind_isobaric&var=Vertical_velocity_pressure_isobaric&var=Geopotential_height_isobaric&var=Total_precipitation_surface_3_Hour_Accumulation&north=32.0&south=19.0&west=95.0&east=109.0&horizStride=1&addLatLon=true&accept=netcdf
,F:\云南极端降水数据\logs\gfs_aws_primary_20260726_214452.log,26,2026-07-26 21:51:47,UNKNOWN_UNLESS_EXPLICIT_IN_RAW_EVENT,"[""https://thredds.rda.ucar.edu/thredds/ncss/grid/files/g/d084001/2022/20221129/gfs.0p25.2022112918.f003.grib2?var=Pressure_surface&var=Convective_available_potential_energy_surface&var=Precipitable_water_entire_atmosphere_single_layer&var=u-component_of_wind_height_above_ground&var=v-component_of_wind_height_above_ground&var=Specific_humidity_isobaric&var=u-component_of_wind_isobaric&var=v-component_of_wind_isobaric&var=Vertical_velocity_pressure_isobaric&var=Geopotential_height_isobaric&var=Total_precipitation_surface_3_Hour_Accumulation&north=32.0&south=19.0&west=95.0&east=109.0&horizStride=1&addLatLon=true&accept=netcdf""]",OTHER,NOT_RECORDED_IN_EVENT,NOT_RECORDED_IN_EVENT,2026-07-26 21:51:47 | ERROR | gfs_aws_primary | AWS-primary task failed in round 5/5: 2022-11-29 18 f003: 404 Client Error:  for url: https://thredds.rda.ucar.edu/thredds/ncss/grid/files/g/d084001/2022/20221129/gfs.0p25.2022112918.f003.grib2?var=Pressure_surface&var=Convective_available_potential_energy_surface&var=Precipitable_water_entire_atmosphere_single_layer&var=u-component_of_wind_height_above_ground&var=v-component_of_wind_height_above_ground&var=Specific_humidity_isobaric&var=u-component_of_wind_isobaric&var=v-component_of_wind_isobaric&var=Vertical_velocity_pressure_isobaric&var=Geopotential_height_isobaric&var=Total_precipitation_surface_3_Hour_Accumulation&north=32.0&south=19.0&west=95.0&east=109.0&horizStride=1&addLatLon=true&accept=netcdf
,F:\云南极端降水数据\logs\gfs_aws_primary_20260726_215249.log,6,2026-07-26 21:53:34,UNKNOWN_UNLESS_EXPLICIT_IN_RAW_EVENT,"[""https://thredds.rda.ucar.edu/thredds/ncss/grid/files/g/d084001/2022/20221129/gfs.0p25.2022112918.f003.grib2?var=Pressure_surface&var=Convective_available_potential_energy_surface&var=Precipitable_water_entire_atmosphere_single_layer&var=u-component_of_wind_height_above_ground&var=v-component_of_wind_height_above_ground&var=Specific_humidity_isobaric&var=u-component_of_wind_isobaric&var=v-component_of_wind_isobaric&var=Vertical_velocity_pressure_isobaric&var=Geopotential_height_isobaric&var=Total_precipitation_surface_3_Hour_Accumulation&north=32.0&south=19.0&west=95.0&east=109.0&horizStride=1&addLatLon=true&accept=netcdf""]",OTHER,NOT_RECORDED_IN_EVENT,NOT_RECORDED_IN_EVENT,2026-07-26 21:53:34 | ERROR | gfs_aws_primary | AWS-primary task failed in round 1/5: 2022-11-29 18 f003: 404 Client Error:  for url: https://thredds.rda.ucar.edu/thredds/ncss/grid/files/g/d084001/2022/20221129/gfs.0p25.2022112918.f003.grib2?var=Pressure_surface&var=Convective_available_potential_energy_surface&var=Precipitable_water_entire_atmosphere_single_layer&var=u-component_of_wind_height_above_ground&var=v-component_of_wind_height_above_ground&var=Specific_humidity_isobaric&var=u-component_of_wind_isobaric&var=v-component_of_wind_isobaric&var=Vertical_velocity_pressure_isobaric&var=Geopotential_height_isobaric&var=Total_precipitation_surface_3_Hour_Accumulation&north=32.0&south=19.0&west=95.0&east=109.0&horizStride=1&addLatLon=true&accept=netcdf
,F:\云南极端降水数据\logs\gfs_aws_primary_20260726_215249.log,11,2026-07-26 21:54:27,UNKNOWN_UNLESS_EXPLICIT_IN_RAW_EVENT,"[""https://thredds.rda.ucar.edu/thredds/ncss/grid/files/g/d084001/2022/20221129/gfs.0p25.2022112918.f003.grib2?var=Pressure_surface&var=Convective_available_potential_energy_surface&var=Precipitable_water_entire_atmosphere_single_layer&var=u-component_of_wind_height_above_ground&var=v-component_of_wind_height_above_ground&var=Specific_humidity_isobaric&var=u-component_of_wind_isobaric&var=v-component_of_wind_isobaric&var=Vertical_velocity_pressure_isobaric&var=Geopotential_height_isobaric&var=Total_precipitation_surface_3_Hour_Accumulation&north=32.0&south=19.0&west=95.0&east=109.0&horizStride=1&addLatLon=true&accept=netcdf""]",OTHER,NOT_RECORDED_IN_EVENT,NOT_RECORDED_IN_EVENT,2026-07-26 21:54:27 | ERROR | gfs_aws_primary | AWS-primary task failed in round 2/5: 2022-11-29 18 f003: 404 Client Error:  for url: https://thredds.rda.ucar.edu/thredds/ncss/grid/files/g/d084001/2022/20221129/gfs.0p25.2022112918.f003.grib2?var=Pressure_surface&var=Convective_available_potential_energy_surface&var=Precipitable_water_entire_atmosphere_single_layer&var=u-component_of_wind_height_above_ground&var=v-component_of_wind_height_above_ground&var=Specific_humidity_isobaric&var=u-component_of_wind_isobaric&var=v-component_of_wind_isobaric&var=Vertical_velocity_pressure_isobaric&var=Geopotential_height_isobaric&var=Total_precipitation_surface_3_Hour_Accumulation&north=32.0&south=19.0&west=95.0&east=109.0&horizStride=1&addLatLon=true&accept=netcdf
,F:\云南极端降水数据\logs\gfs_aws_primary_20260726_215249.log,16,2026-07-26 21:55:39,UNKNOWN_UNLESS_EXPLICIT_IN_RAW_EVENT,"[""https://thredds.rda.ucar.edu/thredds/ncss/grid/files/g/d084001/2022/20221129/gfs.0p25.2022112918.f003.grib2?var=Pressure_surface&var=Convective_available_potential_energy_surface&var=Precipitable_water_entire_atmosphere_single_layer&var=u-component_of_wind_height_above_ground&var=v-component_of_wind_height_above_ground&var=Specific_humidity_isobaric&var=u-component_of_wind_isobaric&var=v-component_of_wind_isobaric&var=Vertical_velocity_pressure_isobaric&var=Geopotential_height_isobaric&var=Total_precipitation_surface_3_Hour_Accumulation&north=32.0&south=19.0&west=95.0&east=109.0&horizStride=1&addLatLon=true&accept=netcdf""]",OTHER,NOT_RECORDED_IN_EVENT,NOT_RECORDED_IN_EVENT,2026-07-26 21:55:39 | ERROR | gfs_aws_primary | AWS-primary task failed in round 3/5: 2022-11-29 18 f003: 404 Client Error:  for url: https://thredds.rda.ucar.edu/thredds/ncss/grid/files/g/d084001/2022/20221129/gfs.0p25.2022112918.f003.grib2?var=Pressure_surface&var=Convective_available_potential_energy_surface&var=Precipitable_water_entire_atmosphere_single_layer&var=u-component_of_wind_height_above_ground&var=v-component_of_wind_height_above_ground&var=Specific_humidity_isobaric&var=u-component_of_wind_isobaric&var=v-component_of_wind_isobaric&var=Vertical_velocity_pressure_isobaric&var=Geopotential_height_isobaric&var=Total_precipitation_surface_3_Hour_Accumulation&north=32.0&south=19.0&west=95.0&east=109.0&horizStride=1&addLatLon=true&accept=netcdf
,F:\云南极端降水数据\logs\gfs_aws_primary_20260726_215249.log,21,2026-07-26 21:57:17,UNKNOWN_UNLESS_EXPLICIT_IN_RAW_EVENT,"[""https://thredds.rda.ucar.edu/thredds/ncss/grid/files/g/d084001/2022/20221129/gfs.0p25.2022112918.f003.grib2?var=Pressure_surface&var=Convective_available_potential_energy_surface&var=Precipitable_water_entire_atmosphere_single_layer&var=u-component_of_wind_height_above_ground&var=v-component_of_wind_height_above_ground&var=Specific_humidity_isobaric&var=u-component_of_wind_isobaric&var=v-component_of_wind_isobaric&var=Vertical_velocity_pressure_isobaric&var=Geopotential_height_isobaric&var=Total_precipitation_surface_3_Hour_Accumulation&north=32.0&south=19.0&west=95.0&east=109.0&horizStride=1&addLatLon=true&accept=netcdf""]",OTHER,NOT_RECORDED_IN_EVENT,NOT_RECORDED_IN_EVENT,2026-07-26 21:57:17 | ERROR | gfs_aws_primary | AWS-primary task failed in round 4/5: 2022-11-29 18 f003: 404 Client Error:  for url: https://thredds.rda.ucar.edu/thredds/ncss/grid/files/g/d084001/2022/20221129/gfs.0p25.2022112918.f003.grib2?var=Pressure_surface&var=Convective_available_potential_energy_surface&var=Precipitable_water_entire_atmosphere_single_layer&var=u-component_of_wind_height_above_ground&var=v-component_of_wind_height_above_ground&var=Specific_humidity_isobaric&var=u-component_of_wind_isobaric&var=v-component_of_wind_isobaric&var=Vertical_velocity_pressure_isobaric&var=Geopotential_height_isobaric&var=Total_precipitation_surface_3_Hour_Accumulation&north=32.0&south=19.0&west=95.0&east=109.0&horizStride=1&addLatLon=true&accept=netcdf
2024010100_f000,F:\云南极端降水数据\logs\gfs_aws_primary_20260823_200954.log,1,2026-08-23 20:09:55,UNKNOWN_UNLESS_EXPLICIT_IN_RAW_EVENT,[],OTHER,NOT_RECORDED_IN_EVENT,NOT_RECORDED_IN_EVENT,"2026-08-23 20:09:55 | INFO | gfs_aws_primary | AWS resume scan: total=4392, fast-skipped=1, fully-verified=0, pending=4391, forward-pending=4391, historical-gaps=0, first-pending=2024-01-01 00 f003"
2024010100_f000,F:\云南极端降水数据\logs\gfs_aws_primary_20260823_200954.log,2,2026-08-23 20:09:56,UNKNOWN_UNLESS_EXPLICIT_IN_RAW_EVENT,[],OTHER,NOT_RECORDED_IN_EVENT,NOT_RECORDED_IN_EVENT,"2026-08-23 20:09:56 | INFO | gfs_aws_primary | AWS templates: instant=F:\云南极端降水数据\raw\GFS\2024\20240101\gfs_0p25_2024010100_f000.nc, precip3=F:\云南极端降水数据\raw\GFS\2023\20231231\gfs_0p25_2023123118_f003.nc, precip6=F:\云南极端降水数据\raw\GFS\2023\20231231\gfs_0p25_2023123118_f006.nc"
2024010100_f000,F:\云南极端降水数据\logs\gfs_aws_primary_20260823_200954.log,4,2026-08-23 20:09:56,UNKNOWN_UNLESS_EXPLICIT_IN_RAW_EVENT,[],REQUEST,NOT_RECORDED_IN_EVENT,NOT_RECORDED_IN_EVENT,2026-08-23 20:09:56 | INFO | gfs_aws_primary | Request AWS GFS 2024-01-01 00 f003
2024010100_f000,F:\云南极端降水数据\logs\gfs_aws_primary_20260823_200954.log,5,2026-08-23 20:09:56,UNKNOWN_UNLESS_EXPLICIT_IN_RAW_EVENT,[],REQUEST,NOT_RECORDED_IN_EVENT,NOT_RECORDED_IN_EVENT,2026-08-23 20:09:56 | INFO | gfs_aws_primary | Request AWS GFS 2024-01-01 00 f006
2024010100_f000,F:\云南极端降水数据\logs\gfs_aws_primary_20260823_200954.log,9,2026-08-23 20:10:13,UNKNOWN_UNLESS_EXPLICIT_IN_RAW_EVENT,[],COMPLETION,NOT_RECORDED_IN_EVENT,NOT_RECORDED_IN_EVENT,2026-08-23 20:10:13 | INFO | gfs_aws_primary | Completed AWS: F:\云南极端降水数据\raw\GFS\2024\20240101\gfs_0p25_2024010100_f006.nc (0.28 MB)
2024010112_f000,F:\云南极端降水数据\logs\gfs_aws_primary_20260823_200954.log,12,2026-08-23 20:10:24,UNKNOWN_UNLESS_EXPLICIT_IN_RAW_EVENT,[],REQUEST,NOT_RECORDED_IN_EVENT,NOT_RECORDED_IN_EVENT,2026-08-23 20:10:24 | INFO | gfs_aws_primary | Request AWS GFS 2024-01-01 12 f000
2024010112_f000,F:\云南极端降水数据\logs\gfs_aws_primary_20260823_200954.log,14,2026-08-23 20:10:28,UNKNOWN_UNLESS_EXPLICIT_IN_RAW_EVENT,[],REQUEST,NOT_RECORDED_IN_EVENT,NOT_RECORDED_IN_EVENT,2026-08-23 20:10:28 | INFO | gfs_aws_primary | Request AWS GFS 2024-01-01 12 f003
2024010100_f000,F:\云南极端降水数据\logs\gfs_aws_primary_20260823_200954.log,15,2026-08-23 20:10:28,UNKNOWN_UNLESS_EXPLICIT_IN_RAW_EVENT,[],COMPLETION,NOT_RECORDED_IN_EVENT,NOT_RECORDED_IN_EVENT,2026-08-23 20:10:28 | INFO | gfs_aws_primary | Completed AWS: F:\云南极端降水数据\raw\GFS\2024\20240101\gfs_0p25_2024010100_f003.nc (0.28 MB)
2024010112_f000,F:\云南极端降水数据\logs\gfs_aws_primary_20260823_200954.log,16,2026-08-23 20:10:28,UNKNOWN_UNLESS_EXPLICIT_IN_RAW_EVENT,[],REQUEST,NOT_RECORDED_IN_EVENT,NOT_RECORDED_IN_EVENT,2026-08-23 20:10:28 | INFO | gfs_aws_primary | Request AWS GFS 2024-01-01 12 f006
2024010112_f000,F:\云南极端降水数据\logs\gfs_aws_primary_20260823_200954.log,17,2026-08-23 20:10:40,UNKNOWN_UNLESS_EXPLICIT_IN_RAW_EVENT,[],COMPLETION,NOT_RECORDED_IN_EVENT,NOT_RECORDED_IN_EVENT,2026-08-23 20:10:40 | INFO | gfs_aws_primary | Completed AWS: F:\云南极端降水数据\raw\GFS\2024\20240101\gfs_0p25_2024010112_f000.nc (0.27 MB)
2024010112_f000,F:\云南极端降水数据\logs\gfs_aws_primary_20260823_200954.log,19,2026-08-23 20:10:42,UNKNOWN_UNLESS_EXPLICIT_IN_RAW_EVENT,[],COMPLETION,NOT_RECORDED_IN_EVENT,NOT_RECORDED_IN_EVENT,2026-08-23 20:10:42 | INFO | gfs_aws_primary | Completed AWS: F:\云南极端降水数据\raw\GFS\2024\20240101\gfs_0p25_2024010112_f003.nc (0.28 MB)
2024010112_f000,F:\云南极端降水数据\logs\gfs_aws_primary_20260823_200954.log,25,2026-08-23 20:10:59,UNKNOWN_UNLESS_EXPLICIT_IN_RAW_EVENT,[],COMPLETION,NOT_RECORDED_IN_EVENT,NOT_RECORDED_IN_EVENT,2026-08-23 20:10:59 | INFO | gfs_aws_primary | Completed AWS: F:\云南极端降水数据\raw\GFS\2024\20240101\gfs_0p25_2024010112_f006.nc (0.28 MB)
2024070100_f006,F:\云南极端降水数据\logs\gfs_aws_primary_20260824_073120.log,1738,2026-08-24 08:34:51,UNKNOWN_UNLESS_EXPLICIT_IN_RAW_EVENT,[],REQUEST,NOT_RECORDED_IN_EVENT,NOT_RECORDED_IN_EVENT,2026-08-24 08:34:51 | INFO | gfs_aws_primary | Request AWS GFS 2024-07-01 00 f000
2024070100_f006,F:\云南极端降水数据\logs\gfs_aws_primary_20260824_073120.log,1740,2026-08-24 08:34:52,UNKNOWN_UNLESS_EXPLICIT_IN_RAW_EVENT,[],REQUEST,NOT_RECORDED_IN_EVENT,NOT_RECORDED_IN_EVENT,2026-08-24 08:34:52 | INFO | gfs_aws_primary | Request AWS GFS 2024-07-01 00 f003
2024070100_f006,F:\云南极端降水数据\logs\gfs_aws_primary_20260824_073120.log,1741,2026-08-24 08:35:01,UNKNOWN_UNLESS_EXPLICIT_IN_RAW_EVENT,[],COMPLETION,NOT_RECORDED_IN_EVENT,NOT_RECORDED_IN_EVENT,2026-08-24 08:35:01 | INFO | gfs_aws_primary | Completed AWS: F:\云南极端降水数据\raw\GFS\2024\20240701\gfs_0p25_2024070100_f000.nc (0.27 MB)
2024070100_f006,F:\云南极端降水数据\logs\gfs_aws_primary_20260824_073120.log,1742,2026-08-24 08:35:01,UNKNOWN_UNLESS_EXPLICIT_IN_RAW_EVENT,[],REQUEST,NOT_RECORDED_IN_EVENT,NOT_RECORDED_IN_EVENT,2026-08-24 08:35:01 | INFO | gfs_aws_primary | Request AWS GFS 2024-07-01 00 f006
2024070100_f006,F:\云南极端降水数据\logs\gfs_aws_primary_20260824_073120.log,1743,2026-08-24 08:35:02,UNKNOWN_UNLESS_EXPLICIT_IN_RAW_EVENT,[],COMPLETION,NOT_RECORDED_IN_EVENT,NOT_RECORDED_IN_EVENT,2026-08-24 08:35:02 | INFO | gfs_aws_primary | Completed AWS: F:\云南极端降水数据\raw\GFS\2024\20240701\gfs_0p25_2024070100_f003.nc (0.28 MB)
2024070100_f006,F:\云南极端降水数据\logs\gfs_aws_primary_20260824_073120.log,1749,2026-08-24 08:35:12,UNKNOWN_UNLESS_EXPLICIT_IN_RAW_EVENT,[],COMPLETION,NOT_RECORDED_IN_EVENT,NOT_RECORDED_IN_EVENT,2026-08-24 08:35:12 | INFO | gfs_aws_primary | Completed AWS: F:\云南极端降水数据\raw\GFS\2024\20240701\gfs_0p25_2024070100_f006.nc (0.28 MB)
2024070112_f003,F:\云南极端降水数据\logs\gfs_aws_primary_20260824_073120.log,1750,2026-08-24 08:35:12,UNKNOWN_UNLESS_EXPLICIT_IN_RAW_EVENT,[],REQUEST,NOT_RECORDED_IN_EVENT,NOT_RECORDED_IN_EVENT,2026-08-24 08:35:12 | INFO | gfs_aws_primary | Request AWS GFS 2024-07-01 12 f000
2024070112_f003,F:\云南极端降水数据\logs\gfs_aws_primary_20260824_073120.log,1751,2026-08-24 08:35:22,UNKNOWN_UNLESS_EXPLICIT_IN_RAW_EVENT,[],COMPLETION,NOT_RECORDED_IN_EVENT,NOT_RECORDED_IN_EVENT,2026-08-24 08:35:22 | INFO | gfs_aws_primary | Completed AWS: F:\云南极端降水数据\raw\GFS\2024\20240701\gfs_0p25_2024070112_f000.nc (0.26 MB)
2024070112_f003,F:\云南极端降水数据\logs\gfs_aws_primary_20260824_073120.log,1752,2026-08-24 08:35:22,UNKNOWN_UNLESS_EXPLICIT_IN_RAW_EVENT,[],REQUEST,NOT_RECORDED_IN_EVENT,NOT_RECORDED_IN_EVENT,2026-08-24 08:35:22 | INFO | gfs_aws_primary | Request AWS GFS 2024-07-01 12 f003
2024070112_f003,F:\云南极端降水数据\logs\gfs_aws_primary_20260824_073120.log,1754,2026-08-24 08:35:22,UNKNOWN_UNLESS_EXPLICIT_IN_RAW_EVENT,[],REQUEST,NOT_RECORDED_IN_EVENT,NOT_RECORDED_IN_EVENT,2026-08-24 08:35:22 | INFO | gfs_aws_primary | Request AWS GFS 2024-07-01 12 f006
2024070112_f003,F:\云南极端降水数据\logs\gfs_aws_primary_20260824_073120.log,1757,2026-08-24 08:35:31,UNKNOWN_UNLESS_EXPLICIT_IN_RAW_EVENT,[],COMPLETION,NOT_RECORDED_IN_EVENT,NOT_RECORDED_IN_EVENT,2026-08-24 08:35:31 | INFO | gfs_aws_primary | Completed AWS: F:\云南极端降水数据\raw\GFS\2024\20240701\gfs_0p25_2024070112_f003.nc (0.28 MB)
2024070112_f003,F:\云南极端降水数据\logs\gfs_aws_primary_20260824_073120.log,1761,2026-08-24 08:35:33,UNKNOWN_UNLESS_EXPLICIT_IN_RAW_EVENT,[],COMPLETION,NOT_RECORDED_IN_EVENT,NOT_RECORDED_IN_EVENT,2026-08-24 08:35:33 | INFO | gfs_aws_primary | Completed AWS: F:\云南极端降水数据\raw\GFS\2024\20240701\gfs_0p25_2024070112_f006.nc (0.28 MB)
2025030100_f000,F:\云南极端降水数据\logs\gfs_aws_primary_20260825_080250.log,1314,2026-08-25 08:41:02,UNKNOWN_UNLESS_EXPLICIT_IN_RAW_EVENT,[],REQUEST,NOT_RECORDED_IN_EVENT,NOT_RECORDED_IN_EVENT,2026-08-25 08:41:02 | INFO | gfs_aws_primary | Request AWS GFS 2025-03-01 00 f000
2025030100_f000,F:\云南极端降水数据\logs\gfs_aws_primary_20260825_080250.log,1316,2026-08-25 08:41:06,UNKNOWN_UNLESS_EXPLICIT_IN_RAW_EVENT,[],REQUEST,NOT_RECORDED_IN_EVENT,NOT_RECORDED_IN_EVENT,2026-08-25 08:41:06 | INFO | gfs_aws_primary | Request AWS GFS 2025-03-01 00 f003
2025030100_f000,F:\云南极端降水数据\logs\gfs_aws_primary_20260825_080250.log,1318,2026-08-25 08:41:08,UNKNOWN_UNLESS_EXPLICIT_IN_RAW_EVENT,[],REQUEST,NOT_RECORDED_IN_EVENT,NOT_RECORDED_IN_EVENT,2026-08-25 08:41:08 | INFO | gfs_aws_primary | Request AWS GFS 2025-03-01 00 f006
2025030100_f000,F:\云南极端降水数据\logs\gfs_aws_primary_20260825_080250.log,1319,2026-08-25 08:41:10,UNKNOWN_UNLESS_EXPLICIT_IN_RAW_EVENT,[],COMPLETION,NOT_RECORDED_IN_EVENT,NOT_RECORDED_IN_EVENT,2026-08-25 08:41:10 | INFO | gfs_aws_primary | Completed AWS: F:\云南极端降水数据\raw\GFS\2025\20250301\gfs_0p25_2025030100_f000.nc (0.26 MB)
2025030100_f000,F:\云南极端降水数据\logs\gfs_aws_primary_20260825_080250.log,1321,2026-08-25 08:41:16,UNKNOWN_UNLESS_EXPLICIT_IN_RAW_EVENT,[],COMPLETION,NOT_RECORDED_IN_EVENT,NOT_RECORDED_IN_EVENT,2026-08-25 08:41:16 | INFO | gfs_aws_primary | Completed AWS: F:\云南极端降水数据\raw\GFS\2025\20250301\gfs_0p25_2025030100_f003.nc (0.27 MB)
2025030100_f000,F:\云南极端降水数据\logs\gfs_aws_primary_20260825_080250.log,1323,2026-08-25 08:41:18,UNKNOWN_UNLESS_EXPLICIT_IN_RAW_EVENT,[],COMPLETION,NOT_RECORDED_IN_EVENT,NOT_RECORDED_IN_EVENT,2026-08-25 08:41:18 | INFO | gfs_aws_primary | Completed AWS: F:\云南极端降水数据\raw\GFS\2025\20250301\gfs_0p25_2025030100_f006.nc (0.27 MB)
2025030112_f003,F:\云南极端降水数据\logs\gfs_aws_primary_20260825_080250.log,1326,2026-08-25 08:41:19,UNKNOWN_UNLESS_EXPLICIT_IN_RAW_EVENT,[],REQUEST,NOT_RECORDED_IN_EVENT,NOT_RECORDED_IN_EVENT,2026-08-25 08:41:19 | INFO | gfs_aws_primary | Request AWS GFS 2025-03-01 12 f000
2025030112_f003,F:\云南极端降水数据\logs\gfs_aws_primary_20260825_080250.log,1328,2026-08-25 08:41:25,UNKNOWN_UNLESS_EXPLICIT_IN_RAW_EVENT,[],REQUEST,NOT_RECORDED_IN_EVENT,NOT_RECORDED_IN_EVENT,2026-08-25 08:41:25 | INFO | gfs_aws_primary | Request AWS GFS 2025-03-01 12 f003
2025030112_f003,F:\云南极端降水数据\logs\gfs_aws_primary_20260825_080250.log,1329,2026-08-25 08:41:28,UNKNOWN_UNLESS_EXPLICIT_IN_RAW_EVENT,[],COMPLETION,NOT_RECORDED_IN_EVENT,NOT_RECORDED_IN_EVENT,2026-08-25 08:41:28 | INFO | gfs_aws_primary | Completed AWS: F:\云南极端降水数据\raw\GFS\2025\20250301\gfs_0p25_2025030112_f000.nc (0.26 MB)
2025030112_f003,F:\云南极端降水数据\logs\gfs_aws_primary_20260825_080250.log,1330,2026-08-25 08:41:28,UNKNOWN_UNLESS_EXPLICIT_IN_RAW_EVENT,[],REQUEST,NOT_RECORDED_IN_EVENT,NOT_RECORDED_IN_EVENT,2026-08-25 08:41:28 | INFO | gfs_aws_primary | Request AWS GFS 2025-03-01 12 f006
2025030112_f003,F:\云南极端降水数据\logs\gfs_aws_primary_20260825_080250.log,1333,2026-08-25 08:41:35,UNKNOWN_UNLESS_EXPLICIT_IN_RAW_EVENT,[],COMPLETION,NOT_RECORDED_IN_EVENT,NOT_RECORDED_IN_EVENT,2026-08-25 08:41:35 | INFO | gfs_aws_primary | Completed AWS: F:\云南极端降水数据\raw\GFS\2025\20250301\gfs_0p25_2025030112_f003.nc (0.28 MB)
2025030112_f003,F:\云南极端降水数据\logs\gfs_aws_primary_20260825_080250.log,1337,2026-08-25 08:41:38,UNKNOWN_UNLESS_EXPLICIT_IN_RAW_EVENT,[],COMPLETION,NOT_RECORDED_IN_EVENT,NOT_RECORDED_IN_EVENT,2026-08-25 08:41:38 | INFO | gfs_aws_primary | Completed AWS: F:\云南极端降水数据\raw\GFS\2025\20250301\gfs_0p25_2025030112_f006.nc (0.28 MB)
2025070100_f000,F:\云南极端降水数据\logs\gfs_aws_primary_20260825_080250.log,4242,2026-08-25 10:02:55,UNKNOWN_UNLESS_EXPLICIT_IN_RAW_EVENT,[],REQUEST,NOT_RECORDED_IN_EVENT,NOT_RECORDED_IN_EVENT,2026-08-25 10:02:55 | INFO | gfs_aws_primary | Request AWS GFS 2025-07-01 00 f000
2025070100_f000,F:\云南极端降水数据\logs\gfs_aws_primary_20260825_080250.log,4244,2026-08-25 10:03:02,UNKNOWN_UNLESS_EXPLICIT_IN_RAW_EVENT,[],REQUEST,NOT_RECORDED_IN_EVENT,NOT_RECORDED_IN_EVENT,2026-08-25 10:03:02 | INFO | gfs_aws_primary | Request AWS GFS 2025-07-01 00 f003
2025070100_f000,F:\云南极端降水数据\logs\gfs_aws_primary_20260825_080250.log,4245,2026-08-25 10:03:04,UNKNOWN_UNLESS_EXPLICIT_IN_RAW_EVENT,[],COMPLETION,NOT_RECORDED_IN_EVENT,NOT_RECORDED_IN_EVENT,2026-08-25 10:03:04 | INFO | gfs_aws_primary | Completed AWS: F:\云南极端降水数据\raw\GFS\2025\20250701\gfs_0p25_2025070100_f000.nc (0.27 MB)
2025070100_f000,F:\云南极端降水数据\logs\gfs_aws_primary_20260825_080250.log,4246,2026-08-25 10:03:04,UNKNOWN_UNLESS_EXPLICIT_IN_RAW_EVENT,[],REQUEST,NOT_RECORDED_IN_EVENT,NOT_RECORDED_IN_EVENT,2026-08-25 10:03:04 | INFO | gfs_aws_primary | Request AWS GFS 2025-07-01 00 f006
2025070100_f000,F:\云南极端降水数据\logs\gfs_aws_primary_20260825_080250.log,4249,2026-08-25 10:03:13,UNKNOWN_UNLESS_EXPLICIT_IN_RAW_EVENT,[],COMPLETION,NOT_RECORDED_IN_EVENT,NOT_RECORDED_IN_EVENT,2026-08-25 10:03:13 | INFO | gfs_aws_primary | Completed AWS: F:\云南极端降水数据\raw\GFS\2025\20250701\gfs_0p25_2025070100_f003.nc (0.28 MB)
2025070100_f000,F:\云南极端降水数据\logs\gfs_aws_primary_20260825_080250.log,4251,2026-08-25 10:03:18,UNKNOWN_UNLESS_EXPLICIT_IN_RAW_EVENT,[],COMPLETION,NOT_RECORDED_IN_EVENT,NOT_RECORDED_IN_EVENT,2026-08-25 10:03:18 | INFO | gfs_aws_primary | Completed AWS: F:\云南极端降水数据\raw\GFS\2025\20250701\gfs_0p25_2025070100_f006.nc (0.28 MB)
2025070112_f003,F:\云南极端降水数据\logs\gfs_aws_primary_20260825_080250.log,4254,2026-08-25 10:03:25,UNKNOWN_UNLESS_EXPLICIT_IN_RAW_EVENT,[],REQUEST,NOT_RECORDED_IN_EVENT,NOT_RECORDED_IN_EVENT,2026-08-25 10:03:25 | INFO | gfs_aws_primary | Request AWS GFS 2025-07-01 12 f000
2025070112_f003,F:\云南极端降水数据\logs\gfs_aws_primary_20260825_080250.log,4256,2026-08-25 10:03:28,UNKNOWN_UNLESS_EXPLICIT_IN_RAW_EVENT,[],REQUEST,NOT_RECORDED_IN_EVENT,NOT_RECORDED_IN_EVENT,2026-08-25 10:03:28 | INFO | gfs_aws_primary | Request AWS GFS 2025-07-01 12 f003
2025070112_f003,F:\云南极端降水数据\logs\gfs_aws_primary_20260825_080250.log,4258,2026-08-25 10:03:29,UNKNOWN_UNLESS_EXPLICIT_IN_RAW_EVENT,[],REQUEST,NOT_RECORDED_IN_EVENT,NOT_RECORDED_IN_EVENT,2026-08-25 10:03:29 | INFO | gfs_aws_primary | Request AWS GFS 2025-07-01 12 f006
2025070112_f003,F:\云南极端降水数据\logs\gfs_aws_primary_20260825_080250.log,4259,2026-08-25 10:03:34,UNKNOWN_UNLESS_EXPLICIT_IN_RAW_EVENT,[],COMPLETION,NOT_RECORDED_IN_EVENT,NOT_RECORDED_IN_EVENT,2026-08-25 10:03:34 | INFO | gfs_aws_primary | Completed AWS: F:\云南极端降水数据\raw\GFS\2025\20250701\gfs_0p25_2025070112_f000.nc (0.27 MB)
2025070112_f003,F:\云南极端降水数据\logs\gfs_aws_primary_20260825_080250.log,4261,2026-08-25 10:03:39,UNKNOWN_UNLESS_EXPLICIT_IN_RAW_EVENT,[],COMPLETION,NOT_RECORDED_IN_EVENT,NOT_RECORDED_IN_EVENT,2026-08-25 10:03:39 | INFO | gfs_aws_primary | Completed AWS: F:\云南极端降水数据\raw\GFS\2025\20250701\gfs_0p25_2025070112_f003.nc (0.28 MB)
2025070112_f003,F:\云南极端降水数据\logs\gfs_aws_primary_20260825_080250.log,4267,2026-08-25 10:03:53,UNKNOWN_UNLESS_EXPLICIT_IN_RAW_EVENT,[],COMPLETION,NOT_RECORDED_IN_EVENT,NOT_RECORDED_IN_EVENT,2026-08-25 10:03:53 | INFO | gfs_aws_primary | Completed AWS: F:\云南极端降水数据\raw\GFS\2025\20250701\gfs_0p25_2025070112_f006.nc (0.28 MB)
2025100100_f006,F:\云南极端降水数据\logs\gfs_aws_primary_20260825_080250.log,6450,2026-08-25 11:11:06,UNKNOWN_UNLESS_EXPLICIT_IN_RAW_EVENT,[],REQUEST,NOT_RECORDED_IN_EVENT,NOT_RECORDED_IN_EVENT,2026-08-25 11:11:06 | INFO | gfs_aws_primary | Request AWS GFS 2025-10-01 00 f000
2025100100_f006,F:\云南极端降水数据\logs\gfs_aws_primary_20260825_080250.log,6452,2026-08-25 11:11:16,UNKNOWN_UNLESS_EXPLICIT_IN_RAW_EVENT,[],REQUEST,NOT_RECORDED_IN_EVENT,NOT_RECORDED_IN_EVENT,2026-08-25 11:11:16 | INFO | gfs_aws_primary | Request AWS GFS 2025-10-01 00 f003
2025100100_f006,F:\云南极端降水数据\logs\gfs_aws_primary_20260825_080250.log,6453,2026-08-25 11:11:16,UNKNOWN_UNLESS_EXPLICIT_IN_RAW_EVENT,[],COMPLETION,NOT_RECORDED_IN_EVENT,NOT_RECORDED_IN_EVENT,2026-08-25 11:11:16 | INFO | gfs_aws_primary | Completed AWS: F:\云南极端降水数据\raw\GFS\2025\20251001\gfs_0p25_2025100100_f000.nc (0.26 MB)
2025100100_f006,F:\云南极端降水数据\logs\gfs_aws_primary_20260825_080250.log,6454,2026-08-25 11:11:16,UNKNOWN_UNLESS_EXPLICIT_IN_RAW_EVENT,[],REQUEST,NOT_RECORDED_IN_EVENT,NOT_RECORDED_IN_EVENT,2026-08-25 11:11:16 | INFO | gfs_aws_primary | Request AWS GFS 2025-10-01 00 f006
2025100100_f006,F:\云南极端降水数据\logs\gfs_aws_primary_20260825_080250.log,6457,2026-08-25 11:11:27,UNKNOWN_UNLESS_EXPLICIT_IN_RAW_EVENT,[],COMPLETION,NOT_RECORDED_IN_EVENT,NOT_RECORDED_IN_EVENT,2026-08-25 11:11:27 | INFO | gfs_aws_primary | Completed AWS: F:\云南极端降水数据\raw\GFS\2025\20251001\gfs_0p25_2025100100_f006.nc (0.28 MB)
2025100100_f006,F:\云南极端降水数据\logs\gfs_aws_primary_20260825_080250.log,6461,2026-08-25 11:11:28,UNKNOWN_UNLESS_EXPLICIT_IN_RAW_EVENT,[],COMPLETION,NOT_RECORDED_IN_EVENT,NOT_RECORDED_IN_EVENT,2026-08-25 11:11:28 | INFO | gfs_aws_primary | Completed AWS: F:\云南极端降水数据\raw\GFS\2025\20251001\gfs_0p25_2025100100_f003.nc (0.28 MB)
2025100112_f003,F:\云南极端降水数据\logs\gfs_aws_primary_20260825_080250.log,6462,2026-08-25 11:11:28,UNKNOWN_UNLESS_EXPLICIT_IN_RAW_EVENT,[],REQUEST,NOT_RECORDED_IN_EVENT,NOT_RECORDED_IN_EVENT,2026-08-25 11:11:28 | INFO | gfs_aws_primary | Request AWS GFS 2025-10-01 12 f000
2025100112_f003,F:\云南极端降水数据\logs\gfs_aws_primary_20260825_080250.log,6463,2026-08-25 11:11:37,UNKNOWN_UNLESS_EXPLICIT_IN_RAW_EVENT,[],COMPLETION,NOT_RECORDED_IN_EVENT,NOT_RECORDED_IN_EVENT,2026-08-25 11:11:37 | INFO | gfs_aws_primary | Completed AWS: F:\云南极端降水数据\raw\GFS\2025\20251001\gfs_0p25_2025100112_f000.nc (0.27 MB)
2025100112_f003,F:\云南极端降水数据\logs\gfs_aws_primary_20260825_080250.log,6464,2026-08-25 11:11:37,UNKNOWN_UNLESS_EXPLICIT_IN_RAW_EVENT,[],REQUEST,NOT_RECORDED_IN_EVENT,NOT_RECORDED_IN_EVENT,2026-08-25 11:11:37 | INFO | gfs_aws_primary | Request AWS GFS 2025-10-01 12 f003
2025100112_f003,F:\云南极端降水数据\logs\gfs_aws_primary_20260825_080250.log,6466,2026-08-25 11:11:38,UNKNOWN_UNLESS_EXPLICIT_IN_RAW_EVENT,[],REQUEST,NOT_RECORDED_IN_EVENT,NOT_RECORDED_IN_EVENT,2026-08-25 11:11:38 | INFO | gfs_aws_primary | Request AWS GFS 2025-10-01 12 f006
2025100112_f003,F:\云南极端降水数据\logs\gfs_aws_primary_20260825_080250.log,6469,2026-08-25 11:11:48,UNKNOWN_UNLESS_EXPLICIT_IN_RAW_EVENT,[],COMPLETION,NOT_RECORDED_IN_EVENT,NOT_RECORDED_IN_EVENT,2026-08-25 11:11:48 | INFO | gfs_aws_primary | Completed AWS: F:\云南极端降水数据\raw\GFS\2025\20251001\gfs_0p25_2025100112_f003.nc (0.28 MB)
2025100112_f003,F:\云南极端降水数据\logs\gfs_aws_primary_20260825_080250.log,6471,2026-08-25 11:11:49,UNKNOWN_UNLESS_EXPLICIT_IN_RAW_EVENT,[],COMPLETION,NOT_RECORDED_IN_EVENT,NOT_RECORDED_IN_EVENT,2026-08-25 11:11:49 | INFO | gfs_aws_primary | Completed AWS: F:\云南极端降水数据\raw\GFS\2025\20251001\gfs_0p25_2025100112_f006.nc (0.28 MB)
