path,archive_member,feature_index,geometry_type,source_geometry_status,validity_reason,empty,duplicate_geometry,multipart,parts,holes,bounds,native_area,native_area_units,crs,identity,properties,source_version_evidence
F:\云南极端降水数据\processed\boundary\Yunnan_GADM41_level1.geojson,,0,MultiPolygon,SOURCE_GEOMETRY_VALID,Valid Geometry,False,False,False,1,0,"[97.5341, 21.1394, 106.1942, 29.2511]",34.264743344999964,degree_squared_NOT_km2,urn:ogc:def:crs:OGC:1.3:CRS84,ATTRIBUTE_SUPPORTED_YUNNAN,"{""GID_1"": ""CHN.30_1"", ""GID_0"": ""CHN"", ""COUNTRY"": ""China"", ""NAME_1"": ""Yunnan"", ""VARNAME_1"": ""Yúnnán"", ""NL_NAME_1"": ""雲南|云南"", ""TYPE_1"": ""Shěng"", ""ENGTYPE_1"": ""Province"", ""CC_1"": ""NA"", ""HASC_1"": ""CN.YN"", ""ISO_1"": ""CN-YN""}",GADM41 path/member name and GADM field schema; upstream checksum receipt not located
F:\云南极端降水数据\processed\boundary\Yunnan_GADM41_level2.geojson,,0,MultiPolygon,SOURCE_GEOMETRY_VALID,Valid Geometry,False,False,False,1,0,"[98.084, 24.1236, 100.0492, 25.8607]",1.705719320000001,degree_squared_NOT_km2,urn:ogc:def:crs:OGC:1.3:CRS84,ATTRIBUTE_SUPPORTED_YUNNAN,"{""GID_2"": ""CHN.30.1_1"", ""GID_0"": ""CHN"", ""COUNTRY"": ""China"", ""GID_1"": ""CHN.30_1"", ""NAME_1"": ""Yunnan"", ""NL_NAME_1"": ""雲南|云南"", ""NAME_2"": ""Baoshan"", ""VARNAME_2"": ""Bǎoshān"", ""NL_NAME_2"": ""保山市"", ""TYPE_2"": ""Dìjíshì"", ""ENGTYPE_2"": ""PrefectureCity"", ""CC_2"": ""NA"", ""HASC_2"": ""NA""}",GADM41 path/member name and GADM field schema; upstream checksum receipt not located
F:\云南极端降水数据\processed\boundary\Yunnan_GADM41_level2.geojson,,1,MultiPolygon,SOURCE_GEOMETRY_VALID,Valid Geometry,False,False,False,1,0,"[100.7243, 24.2267, 102.4815, 26.503]",2.5523363549999987,degree_squared_NOT_km2,urn:ogc:def:crs:OGC:1.3:CRS84,ATTRIBUTE_SUPPORTED_YUNNAN,"{""GID_2"": ""CHN.30.2_1"", ""GID_0"": ""CHN"", ""COUNTRY"": ""China"", ""GID_1"": ""CHN.30_1"", ""NAME_1"": ""Yunnan"", ""NL_NAME_1"": ""雲南|云南"", ""NAME_2"": ""ChuxiongYi"", ""VARNAME_2"": ""ChǔxióngYízú"", ""NL_NAME_2"": ""楚雄彝族自治州"", ""TYPE_2"": ""Zìzhìzhou"", ""ENGTYPE_2"": ""AutonomousPrefecture"", ""CC_2"": ""NA"", ""HASC_2"": ""NA""}",GADM41 path/member name and GADM field schema; upstream checksum receipt not located
F:\云南极端降水数据\processed\boundary\Yunnan_GADM41_level2.geojson,,2,MultiPolygon,SOURCE_GEOMETRY_VALID,Valid Geometry,False,False,False,1,0,"[98.8647, 24.6651, 101.0468, 26.7037]",2.5504098249999996,degree_squared_NOT_km2,urn:ogc:def:crs:OGC:1.3:CRS84,ATTRIBUTE_SUPPORTED_YUNNAN,"{""GID_2"": ""CHN.30.3_1"", ""GID_0"": ""CHN"", ""COUNTRY"": ""China"", ""GID_1"": ""CHN.30_1"", ""NAME_1"": ""Yunnan"", ""NL_NAME_1"": ""雲南|云南"", ""NAME_2"": ""DaliBai"", ""VARNAME_2"": ""DàlǐBáizú"", ""NL_NAME_2"": ""大理白族自治州"", ""TYPE_2"": ""Zìzhìzhou"", ""ENGTYPE_2"": ""AutonomousPrefecture"", ""CC_2"": ""NA"", ""HASC_2"": ""NA""}",GADM41 path/member name and GADM field schema; upstream checksum receipt not located
F:\云南极端降水数据\processed\boundary\Yunnan_GADM41_level2.geojson,,3,MultiPolygon,SOURCE_GEOMETRY_VALID,Valid Geometry,False,False,False,1,0,"[97.5341, 23.8445, 98.7312, 25.3379]",0.9918499749999992,degree_squared_NOT_km2,urn:ogc:def:crs:OGC:1.3:CRS84,ATTRIBUTE_SUPPORTED_YUNNAN,"{""GID_2"": ""CHN.30.4_1"", ""GID_0"": ""CHN"", ""COUNTRY"": ""China"", ""GID_1"": ""CHN.30_1"", ""NAME_1"": ""Yunnan"", ""NL_NAME_1"": ""雲南|云南"", ""NAME_2"": ""DehongDaiandJingpo"", ""VARNAME_2"": ""DéhóngDǎizú|Jǐngpōzú"", ""NL_NAME_2"": ""德宏傣族景颇族自治州"", ""TYPE_2"": ""Zìzhìzhou"", ""ENGTYPE_2"": ""AutonomousPrefecture"", ""CC_2"": ""NA"", ""HASC_2"": ""NA""}",GADM41 path/member name and GADM field schema; upstream checksum receipt not located
F:\云南极端降水数据\processed\boundary\Yunnan_GADM41_level2.geojson,,4,MultiPolygon,SOURCE_GEOMETRY_VALID,Valid Geometry,False,False,False,1,0,"[98.5929, 26.8762, 100.3166, 29.2511]",2.1228064350000007,degree_squared_NOT_km2,urn:ogc:def:crs:OGC:1.3:CRS84,ATTRIBUTE_SUPPORTED_YUNNAN,"{""GID_2"": ""CHN.30.5_1"", ""GID_0"": ""CHN"", ""COUNTRY"": ""China"", ""GID_1"": ""CHN.30_1"", ""NAME_1"": ""Yunnan"", ""NL_NAME_1"": ""雲南|云南"", ""NAME_2"": ""DêqênTibetan"", ""VARNAME_2"": ""DíqìngZàngzú"", ""NL_NAME_2"": ""迪庆藏族自治州"", ""TYPE_2"": ""Zìzhìzhou"", ""ENGTYPE_2"": ""AutonomousPrefecture"", ""CC_2"": ""NA"", ""HASC_2"": ""NA""}",GADM41 path/member name and GADM field schema; upstream checksum receipt not located
F:\云南极端降水数据\processed\boundary\Yunnan_GADM41_level2.geojson,,5,MultiPolygon,SOURCE_GEOMETRY_VALID,Valid Geometry,False,False,False,1,0,"[101.7892, 22.4425, 104.2846, 24.7579]",2.8407674099999984,degree_squared_NOT_km2,urn:ogc:def:crs:OGC:1.3:CRS84,ATTRIBUTE_SUPPORTED_YUNNAN,"{""GID_2"": ""CHN.30.6_1"", ""GID_0"": ""CHN"", ""COUNTRY"": ""China"", ""GID_1"": ""CHN.30_1"", ""NAME_1"": ""Yunnan"", ""NL_NAME_1"": ""雲南|云南"", ""NAME_2"": ""HongheHaniandYi"", ""VARNAME_2"": ""HónghéHānízú|Yízú"", ""NL_NAME_2"": ""红河哈尼族彝族自治州"", ""TYPE_2"": ""Zìzhìzhou"", ""ENGTYPE_2"": ""AutonomousPrefecture"", ""CC_2"": ""NA"", ""HASC_2"": ""NA""}",GADM41 path/member name and GADM field schema; upstream checksum receipt not located
F:\云南极端降水数据\processed\boundary\Yunnan_GADM41_level2.geojson,,6,MultiPolygon,SOURCE_GEOMETRY_VALID,Valid Geometry,False,False,False,1,0,"[102.1678, 24.3956, 103.6744, 26.5274]",1.8849061700000014,degree_squared_NOT_km2,urn:ogc:def:crs:OGC:1.3:CRS84,ATTRIBUTE_SUPPORTED_YUNNAN,"{""GID_2"": ""CHN.30.7_1"", ""GID_0"": ""CHN"", ""COUNTRY"": ""China"", ""GID_1"": ""CHN.30_1"", ""NAME_1"": ""Yunnan"", ""NL_NAME_1"": ""雲南|云南"", ""NAME_2"": ""Kunming"", ""VARNAME_2"": ""Kūnmíng"", ""NL_NAME_2"": ""昆明市"", ""TYPE_2"": ""Dìjíshì"", ""ENGTYPE_2"": ""PrefectureCity"", ""CC_2"": ""NA"", ""HASC_2"": ""NA""}",GADM41 path/member name and GADM field schema; upstream checksum receipt not located
F:\云南极端降水数据\processed\boundary\Yunnan_GADM41_level2.geojson,,7,MultiPolygon,SOURCE_GEOMETRY_VALID,Valid Geometry,False,False,False,1,0,"[99.3841, 25.9906, 101.5141, 27.9264]",1.866719745000003,degree_squared_NOT_km2,urn:ogc:def:crs:OGC:1.3:CRS84,ATTRIBUTE_SUPPORTED_YUNNAN,"{""GID_2"": ""CHN.30.8_1"", ""GID_0"": ""CHN"", ""COUNTRY"": ""China"", ""GID_1"": ""CHN.30_1"", ""NAME_1"": ""Yunnan"", ""NL_NAME_1"": ""雲南|云南"", ""NAME_2"": ""Lijiang"", ""VARNAME_2"": ""Lìjiāng"", ""NL_NAME_2"": ""丽江市"", ""TYPE_2"": ""Dìjíshì"", ""ENGTYPE_2"": ""PrefectureCity"", ""CC_2"": ""NA"", ""HASC_2"": ""NA""}",GADM41 path/member name and GADM field schema; upstream checksum receipt not located
F:\云南极端降水数据\processed\boundary\Yunnan_GADM41_level2.geojson,,8,MultiPolygon,SOURCE_GEOMETRY_VALID,Valid Geometry,False,False,False,1,0,"[98.6785, 23.0838, 100.5488, 25.0407]",2.09068253,degree_squared_NOT_km2,urn:ogc:def:crs:OGC:1.3:CRS84,ATTRIBUTE_SUPPORTED_YUNNAN,"{""GID_2"": ""CHN.30.9_1"", ""GID_0"": ""CHN"", ""COUNTRY"": ""China"", ""GID_1"": ""CHN.30_1"", ""NAME_1"": ""Yunnan"", ""NL_NAME_1"": ""雲南|云南"", ""NAME_2"": ""Lincang"", ""VARNAME_2"": ""Líncāng"", ""NL_NAME_2"": ""临沧市"", ""TYPE_2"": ""Dìjíshì"", ""ENGTYPE_2"": ""PrefectureCity"", ""CC_2"": ""NA"", ""HASC_2"": ""NA""}",GADM41 path/member name and GADM field schema; upstream checksum receipt not located
F:\云南极端降水数据\processed\boundary\Yunnan_GADM41_level2.geojson,,9,MultiPolygon,SOURCE_GEOMETRY_VALID,Valid Geometry,False,False,False,1,0,"[98.1374, 25.5476, 99.6475, 28.3969]",1.3203830900000033,degree_squared_NOT_km2,urn:ogc:def:crs:OGC:1.3:CRS84,ATTRIBUTE_SUPPORTED_YUNNAN,"{""GID_2"": ""CHN.30.10_1"", ""GID_0"": ""CHN"", ""COUNTRY"": ""China"", ""GID_1"": ""CHN.30_1"", ""NAME_1"": ""Yunnan"", ""NL_NAME_1"": ""雲南|云南"", ""NAME_2"": ""NujiangLisu"", ""VARNAME_2"": ""NùjiāngLìsùzú"", ""NL_NAME_2"": ""怒江傈僳族自治州"", ""TYPE_2"": ""Zìzhìzhou"", ""ENGTYPE_2"": ""AutonomousPrefecture"", ""CC_2"": ""NA"", ""HASC_2"": ""NA""}",GADM41 path/member name and GADM field schema; upstream checksum receipt not located
F:\云南极端降水数据\processed\boundary\Yunnan_GADM41_level2.geojson,,10,MultiPolygon,SOURCE_GEOMETRY_VALID,Valid Geometry,False,False,False,1,0,"[99.1635, 22.0237, 102.3249, 24.8285]",3.887178669999997,degree_squared_NOT_km2,urn:ogc:def:crs:OGC:1.3:CRS84,ATTRIBUTE_SUPPORTED_YUNNAN,"{""GID_2"": ""CHN.30.11_1"", ""GID_0"": ""CHN"", ""COUNTRY"": ""China"", ""GID_1"": ""CHN.30_1"", ""NAME_1"": ""Yunnan"", ""NL_NAME_1"": ""雲南|云南"", ""NAME_2"": ""Pu'er"", ""VARNAME_2"": ""Pǔ'ěr"", ""NL_NAME_2"": ""普洱市"", ""TYPE_2"": ""Dìjíshì"", ""ENGTYPE_2"": ""PrefectureCity"", ""CC_2"": ""NA"", ""HASC_2"": ""NA""}",GADM41 path/member name and GADM field schema; upstream checksum receipt not located
F:\云南极端降水数据\processed\boundary\Yunnan_GADM41_level2.geojson,,11,MultiPolygon,SOURCE_GEOMETRY_VALID,Valid Geometry,False,False,False,1,0,"[103.0546, 24.3535, 104.8193, 27.0524]",2.5943062450000034,degree_squared_NOT_km2,urn:ogc:def:crs:OGC:1.3:CRS84,ATTRIBUTE_SUPPORTED_YUNNAN,"{""GID_2"": ""CHN.30.12_1"", ""GID_0"": ""CHN"", ""COUNTRY"": ""China"", ""GID_1"": ""CHN.30_1"", ""NAME_1"": ""Yunnan"", ""NL_NAME_1"": ""雲南|云南"", ""NAME_2"": ""Qujing"", ""VARNAME_2"": ""Qǔjìng"", ""NL_NAME_2"": ""曲靖市"", ""TYPE_2"": ""Dìjíshì"", ""ENGTYPE_2"": ""PrefectureCity"", ""CC_2"": ""NA"", ""HASC_2"": ""NA""}",GADM41 path/member name and GADM field schema; upstream checksum receipt not located
F:\云南极端降水数据\processed\boundary\Yunnan_GADM41_level2.geojson,,12,MultiPolygon,SOURCE_GEOMETRY_VALID,Valid Geometry,False,False,False,1,0,"[103.5753, 22.677, 106.1942, 24.4629]",2.786950169999999,degree_squared_NOT_km2,urn:ogc:def:crs:OGC:1.3:CRS84,ATTRIBUTE_SUPPORTED_YUNNAN,"{""GID_2"": ""CHN.30.13_1"", ""GID_0"": ""CHN"", ""COUNTRY"": ""China"", ""GID_1"": ""CHN.30_1"", ""NAME_1"": ""Yunnan"", ""NL_NAME_1"": ""雲南|云南"", ""NAME_2"": ""WenshanZhuangandMiao"", ""VARNAME_2"": ""WénshānZhuàngzú|Miáozú"", ""NL_NAME_2"": ""文山壮族苗族自治州"", ""TYPE_2"": ""Zìzhìzhou"", ""ENGTYPE_2"": ""AutonomousPrefecture"", ""CC_2"": ""NA"", ""HASC_2"": ""NA""}",GADM41 path/member name and GADM field schema; upstream checksum receipt not located
F:\云南极端降水数据\processed\boundary\Yunnan_GADM41_level2.geojson,,13,MultiPolygon,SOURCE_GEOMETRY_VALID,Valid Geometry,False,False,False,1,0,"[99.9478, 21.1394, 101.8471, 22.5914]",1.6799391200000016,degree_squared_NOT_km2,urn:ogc:def:crs:OGC:1.3:CRS84,ATTRIBUTE_SUPPORTED_YUNNAN,"{""GID_2"": ""CHN.30.14_1"", ""GID_0"": ""CHN"", ""COUNTRY"": ""China"", ""GID_1"": ""CHN.30_1"", ""NAME_1"": ""Yunnan"", ""NL_NAME_1"": ""雲南|云南"", ""NAME_2"": ""XishuangbannaDai"", ""VARNAME_2"": ""Xīshuāngbǎnnà|Dǎizú"", ""NL_NAME_2"": ""西双版纳傣族自治州"", ""TYPE_2"": ""Zìzhìzhou"", ""ENGTYPE_2"": ""AutonomousPrefecture"", ""CC_2"": ""NA"", ""HASC_2"": ""NA""}",GADM41 path/member name and GADM field schema; upstream checksum receipt not located
F:\云南极端降水数据\processed\boundary\Yunnan_GADM41_level2.geojson,,14,MultiPolygon,SOURCE_GEOMETRY_VALID,Valid Geometry,False,False,False,1,0,"[101.2776, 23.3165, 103.1454, 24.9511]",1.3320651650000006,degree_squared_NOT_km2,urn:ogc:def:crs:OGC:1.3:CRS84,ATTRIBUTE_SUPPORTED_YUNNAN,"{""GID_2"": ""CHN.30.15_1"", ""GID_0"": ""CHN"", ""COUNTRY"": ""China"", ""GID_1"": ""CHN.30_1"", ""NAME_1"": ""Yunnan"", ""NL_NAME_1"": ""雲南|云南"", ""NAME_2"": ""Yuxi"", ""VARNAME_2"": ""Yùxī"", ""NL_NAME_2"": ""玉溪市"", ""TYPE_2"": ""Dìjíshì"", ""ENGTYPE_2"": ""PrefectureCity"", ""CC_2"": ""NA"", ""HASC_2"": ""NA""}",GADM41 path/member name and GADM field schema; upstream checksum receipt not located
F:\云南极端降水数据\processed\boundary\Yunnan_GADM41_level2.geojson,,15,MultiPolygon,SOURCE_GEOMETRY_VALID,Valid Geometry,False,False,False,1,0,"[102.8674, 26.5382, 105.3094, 28.6749]",2.0578946100000017,degree_squared_NOT_km2,urn:ogc:def:crs:OGC:1.3:CRS84,ATTRIBUTE_SUPPORTED_YUNNAN,"{""GID_2"": ""CHN.30.16_1"", ""GID_0"": ""CHN"", ""COUNTRY"": ""China"", ""GID_1"": ""CHN.30_1"", ""NAME_1"": ""Yunnan"", ""NL_NAME_1"": ""雲南|云南"", ""NAME_2"": ""Zhaotong"", ""VARNAME_2"": ""Zhāotōng"", ""NL_NAME_2"": ""昭通市"", ""TYPE_2"": ""Dìjíshì"", ""ENGTYPE_2"": ""PrefectureCity"", ""CC_2"": ""NA"", ""HASC_2"": ""NA""}",GADM41 path/member name and GADM field schema; upstream checksum receipt not located
F:\云南极端降水数据\processed\boundary\Yunnan_GADM41_level3.geojson,,0,MultiPolygon,SOURCE_GEOMETRY_VALID,Valid Geometry,False,False,False,1,0,"[98.7286, 24.8169, 99.4967, 25.641]",0.429645355,degree_squared_NOT_km2,urn:ogc:def:crs:OGC:1.3:CRS84,ATTRIBUTE_SUPPORTED_YUNNAN,"{""GID_3"": ""CHN.30.1.1_1"", ""GID_0"": ""CHN"", ""COUNTRY"": ""China"", ""GID_1"": ""CHN.30_1"", ""NAME_1"": ""Yunnan"", ""NL_NAME_1"": ""雲南|云南"", ""GID_2"": ""CHN.30.1_1"", ""NAME_2"": ""Baoshan"", ""NL_NAME_2"": ""保山市"", ""NAME_3"": ""Baoshan"", ""VARNAME_3"": ""NA"", ""NL_NAME_3"": ""NA"", ""TYPE_3"": ""Xiàn"", ""ENGTYPE_3"": ""County"", ""CC_3"": ""NA"", ""HASC_3"": ""NA""}",GADM41 path/member name and GADM field schema; upstream checksum receipt not located
F:\云南极端降水数据\processed\boundary\Yunnan_GADM41_level3.geojson,,1,MultiPolygon,SOURCE_GEOMETRY_VALID,Valid Geometry,False,False,False,1,0,"[99.2748, 24.2332, 100.0492, 25.2078]",0.33723075000000163,degree_squared_NOT_km2,urn:ogc:def:crs:OGC:1.3:CRS84,ATTRIBUTE_SUPPORTED_YUNNAN,"{""GID_3"": ""CHN.30.1.2_1"", ""GID_0"": ""CHN"", ""COUNTRY"": ""China"", ""GID_1"": ""CHN.30_1"", ""NAME_1"": ""Yunnan"", ""NL_NAME_1"": ""雲南|云南"", ""GID_2"": ""CHN.30.1_1"", ""NAME_2"": ""Baoshan"", ""NL_NAME_2"": ""保山市"", ""NAME_3"": ""Changning"", ""VARNAME_3"": ""Chāngníng"", ""NL_NAME_3"": ""昌宁县"", ""TYPE_3"": ""Xiàn"", ""ENGTYPE_3"": ""County"", ""CC_3"": ""NA"", ""HASC_3"": ""NA""}",GADM41 path/member name and GADM field schema; upstream checksum receipt not located
F:\云南极端降水数据\processed\boundary\Yunnan_GADM41_level3.geojson,,2,MultiPolygon,SOURCE_GEOMETRY_VALID,Valid Geometry,False,False,False,1,0,"[98.4298, 24.1236, 99.1885, 24.8469]",0.24632257999999996,degree_squared_NOT_km2,urn:ogc:def:crs:OGC:1.3:CRS84,ATTRIBUTE_SUPPORTED_YUNNAN,"{""GID_3"": ""CHN.30.1.3_1"", ""GID_0"": ""CHN"", ""COUNTRY"": ""China"", ""GID_1"": ""CHN.30_1"", ""NAME_1"": ""Yunnan"", ""NL_NAME_1"": ""雲南|云南"", ""GID_2"": ""CHN.30.1_1"", ""NAME_2"": ""Baoshan"", ""NL_NAME_2"": ""保山市"", ""NAME_3"": ""Longling"", ""VARNAME_3"": ""Lónglíng"", ""NL_NAME_3"": ""龙陵县"", ""TYPE_3"": ""Xiàn"", ""ENGTYPE_3"": ""County"", ""CC_3"": ""NA"", ""HASC_3"": ""NA""}",GADM41 path/member name and GADM field schema; upstream checksum receipt not located
F:\云南极端降水数据\processed\boundary\Yunnan_GADM41_level3.geojson,,3,MultiPolygon,SOURCE_GEOMETRY_VALID,Valid Geometry,False,False,False,1,0,"[98.8896, 24.2804, 99.3629, 24.9883]",0.17755309999999908,degree_squared_NOT_km2,urn:ogc:def:crs:OGC:1.3:CRS84,ATTRIBUTE_SUPPORTED_YUNNAN,"{""GID_3"": ""CHN.30.1.4_1"", ""GID_0"": ""CHN"", ""COUNTRY"": ""China"", ""GID_1"": ""CHN.30_1"", ""NAME_1"": ""Yunnan"", ""NL_NAME_1"": ""雲南|云南"", ""GID_2"": ""CHN.30.1_1"", ""NAME_2"": ""Baoshan"", ""NL_NAME_2"": ""保山市"", ""NAME_3"": ""Shidian"", ""VARNAME_3"": ""Shīdiàn"", ""NL_NAME_3"": ""施甸县"", ""TYPE_3"": ""Xiàn"", ""ENGTYPE_3"": ""County"", ""CC_3"": ""NA"", ""HASC_3"": ""NA""}",GADM41 path/member name and GADM field schema; upstream checksum receipt not located
F:\云南极端降水数据\processed\boundary\Yunnan_GADM41_level3.geojson,,4,MultiPolygon,SOURCE_GEOMETRY_VALID,Valid Geometry,False,False,False,1,0,"[98.084, 24.6279, 98.7746, 25.8607]",0.5149661850000001,degree_squared_NOT_km2,urn:ogc:def:crs:OGC:1.3:CRS84,ATTRIBUTE_SUPPORTED_YUNNAN,"{""GID_3"": ""CHN.30.1.5_1"", ""GID_0"": ""CHN"", ""COUNTRY"": ""China"", ""GID_1"": ""CHN.30_1"", ""NAME_1"": ""Yunnan"", ""NL_NAME_1"": ""雲南|云南"", ""GID_2"": ""CHN.30.1_1"", ""NAME_2"": ""Baoshan"", ""NL_NAME_2"": ""保山市"", ""NAME_3"": ""Tengchong"", ""VARNAME_3"": ""Téngchōng"", ""NL_NAME_3"": ""腾冲县"", ""TYPE_3"": ""Xiàn"", ""ENGTYPE_3"": ""County"", ""CC_3"": ""NA"", ""HASC_3"": ""NA""}",GADM41 path/member name and GADM field schema; upstream checksum receipt not located
F:\云南极端降水数据\processed\boundary\Yunnan_GADM41_level3.geojson,,5,MultiPolygon,SOURCE_GEOMETRY_VALID,Valid Geometry,False,False,False,1,0,"[100.888, 24.489, 101.8191, 25.2456]",0.38826708000000054,degree_squared_NOT_km2,urn:ogc:def:crs:OGC:1.3:CRS84,ATTRIBUTE_SUPPORTED_YUNNAN,"{""GID_3"": ""CHN.30.2.1_1"", ""GID_0"": ""CHN"", ""COUNTRY"": ""China"", ""GID_1"": ""CHN.30_1"", ""NAME_1"": ""Yunnan"", ""NL_NAME_1"": ""雲南|云南"", ""GID_2"": ""CHN.30.2_1"", ""NAME_2"": ""ChuxiongYi"", ""NL_NAME_2"": ""楚雄彝族自治州"", ""NAME_3"": ""Chuxiong"", ""VARNAME_3"": ""Chǔxióng"", ""NL_NAME_3"": ""楚雄市"", ""TYPE_3"": ""Xiànjíshì"", ""ENGTYPE_3"": ""CountyCity"", ""CC_3"": ""NA"", ""HASC_3"": ""NA""}",GADM41 path/member name and GADM field schema; upstream checksum receipt not located
F:\云南极端降水数据\processed\boundary\Yunnan_GADM41_level3.geojson,,6,MultiPolygon,SOURCE_GEOMETRY_VALID,Valid Geometry,False,False,False,1,0,"[100.8801, 25.5477, 101.6688, 26.4014]",0.36713871500000084,degree_squared_NOT_km2,urn:ogc:def:crs:OGC:1.3:CRS84,ATTRIBUTE_SUPPORTED_YUNNAN,"{""GID_3"": ""CHN.30.2.2_1"", ""GID_0"": ""CHN"", ""COUNTRY"": ""China"", ""GID_1"": ""CHN.30_1"", ""NAME_1"": ""Yunnan"", ""NL_NAME_1"": ""雲南|云南"", ""GID_2"": ""CHN.30.2_1"", ""NAME_2"": ""ChuxiongYi"", ""NL_NAME_2"": ""楚雄彝族自治州"", ""NAME_3"": ""Dayao"", ""VARNAME_3"": ""Dàyáo"", ""NL_NAME_3"": ""大姚县"", ""TYPE_3"": ""Xiàn"", ""ENGTYPE_3"": ""County"", ""CC_3"": ""NA"", ""HASC_3"": ""NA""}",GADM41 path/member name and GADM field schema; upstream checksum receipt not located
F:\云南极端降水数据\processed\boundary\Yunnan_GADM41_level3.geojson,,7,MultiPolygon,SOURCE_GEOMETRY_VALID,Valid Geometry,False,False,False,1,0,"[101.6252, 24.8559, 102.4118, 25.504]",0.31804267499999866,degree_squared_NOT_km2,urn:ogc:def:crs:OGC:1.3:CRS84,ATTRIBUTE_SUPPORTED_YUNNAN,"{""GID_3"": ""CHN.30.2.3_1"", ""GID_0"": ""CHN"", ""COUNTRY"": ""China"", ""GID_1"": ""CHN.30_1"", ""NAME_1"": ""Yunnan"", ""NL_NAME_1"": ""雲南|云南"", ""GID_2"": ""CHN.30.2_1"", ""NAME_2"": ""ChuxiongYi"", ""NL_NAME_2"": ""楚雄彝族自治州"", ""NAME_3"": ""Lufeng"", ""VARNAME_3"": ""Lùfēng"", ""NL_NAME_3"": ""禄丰县"", ""TYPE_3"": ""Xiàn"", ""ENGTYPE_3"": ""County"", ""CC_3"": ""NA"", ""HASC_3"": ""NA""}",GADM41 path/member name and GADM field schema; upstream checksum receipt not located
F:\云南极端降水数据\processed\boundary\Yunnan_GADM41_level3.geojson,,8,MultiPolygon,SOURCE_GEOMETRY_VALID,Valid Geometry,False,False,False,1,0,"[101.3226, 25.153, 101.8491, 25.6679]",0.13057466500000092,degree_squared_NOT_km2,urn:ogc:def:crs:OGC:1.3:CRS84,ATTRIBUTE_SUPPORTED_YUNNAN,"{""GID_3"": ""CHN.30.2.4_1"", ""GID_0"": ""CHN"", ""COUNTRY"": ""China"", ""GID_1"": ""CHN.30_1"", ""NAME_1"": ""Yunnan"", ""NL_NAME_1"": ""雲南|云南"", ""GID_2"": ""CHN.30.2_1"", ""NAME_2"": ""ChuxiongYi"", ""NL_NAME_2"": ""楚雄彝族自治州"", ""NAME_3"": ""Mouding"", ""VARNAME_3"": ""Móudìng"", ""NL_NAME_3"": ""牟定县"", ""TYPE_3"": ""Xiàn"", ""ENGTYPE_3"": ""County"", ""CC_3"": ""NA"", ""HASC_3"": ""NA""}",GADM41 path/member name and GADM field schema; upstream checksum receipt not located
F:\云南极端降水数据\processed\boundary\Yunnan_GADM41_level3.geojson,,9,MultiPolygon,SOURCE_GEOMETRY_VALID,Valid Geometry,False,False,False,1,0,"[100.7243, 24.7249, 101.3673, 25.3663]",0.20355468000000002,degree_squared_NOT_km2,urn:ogc:def:crs:OGC:1.3:CRS84,ATTRIBUTE_SUPPORTED_YUNNAN,"{""GID_3"": ""CHN.30.2.5_1"", ""GID_0"": ""CHN"", ""COUNTRY"": ""China"", ""GID_1"": ""CHN.30_1"", ""NAME_1"": ""Yunnan"", ""NL_NAME_1"": ""雲南|云南"", ""GID_2"": ""CHN.30.2_1"", ""NAME_2"": ""ChuxiongYi"", ""NL_NAME_2"": ""楚雄彝族自治州"", ""NAME_3"": ""Nanhua"", ""VARNAME_3"": ""Nánhuá"", ""NL_NAME_3"": ""南华县"", ""TYPE_3"": ""Xiàn"", ""ENGTYPE_3"": ""County"", ""CC_3"": ""NA"", ""HASC_3"": ""NA""}",GADM41 path/member name and GADM field schema; upstream checksum receipt not located
F:\云南极端降水数据\processed\boundary\Yunnan_GADM41_level3.geojson,,10,MultiPolygon,SOURCE_GEOMETRY_VALID,Valid Geometry,False,False,False,1,0,"[101.0626, 24.2267, 102.0266, 24.9104]",0.3504768799999997,degree_squared_NOT_km2,urn:ogc:def:crs:OGC:1.3:CRS84,ATTRIBUTE_SUPPORTED_YUNNAN,"{""GID_3"": ""CHN.30.2.6_1"", ""GID_0"": ""CHN"", ""COUNTRY"": ""China"", ""GID_1"": ""CHN.30_1"", ""NAME_1"": ""Yunnan"", ""NL_NAME_1"": ""雲南|云南"", ""GID_2"": ""CHN.30.2_1"", ""NAME_2"": ""ChuxiongYi"", ""NL_NAME_2"": ""楚雄彝族自治州"", ""NAME_3"": ""Shuangbai"", ""VARNAME_3"": ""Shuāngbǎi"", ""NL_NAME_3"": ""双柏县"", ""TYPE_3"": ""Xiàn"", ""ENGTYPE_3"": ""County"", ""CC_3"": ""NA"", ""HASC_3"": ""NA""}",GADM41 path/member name and GADM field schema; upstream checksum receipt not located
F:\云南极端降水数据\processed\boundary\Yunnan_GADM41_level3.geojson,,11,MultiPolygon,SOURCE_GEOMETRY_VALID,Valid Geometry,False,False,False,1,0,"[101.8211, 25.3347, 102.4815, 26.1886]",0.29232879499999986,degree_squared_NOT_km2,urn:ogc:def:crs:OGC:1.3:CRS84,ATTRIBUTE_SUPPORTED_YUNNAN,"{""GID_3"": ""CHN.30.2.7_1"", ""GID_0"": ""CHN"", ""COUNTRY"": ""China"", ""GID_1"": ""CHN.30_1"", ""NAME_1"": ""Yunnan"", ""NL_NAME_1"": ""雲南|云南"", ""GID_2"": ""CHN.30.2_1"", ""NAME_2"": ""ChuxiongYi"", ""NL_NAME_2"": ""楚雄彝族自治州"", ""NAME_3"": ""Wuding"", ""VARNAME_3"": ""Wǔdìng"", ""NL_NAME_3"": ""武定县"", ""TYPE_3"": ""Xiàn"", ""ENGTYPE_3"": ""County"", ""CC_3"": ""NA"", ""HASC_3"": ""NA""}",GADM41 path/member name and GADM field schema; upstream checksum receipt not located
F:\云南极端降水数据\processed\boundary\Yunnan_GADM41_level3.geojson,,12,MultiPolygon,SOURCE_GEOMETRY_VALID,Valid Geometry,False,False,False,1,0,"[100.935, 25.3071, 101.571, 25.7385]",0.15179835499999933,degree_squared_NOT_km2,urn:ogc:def:crs:OGC:1.3:CRS84,ATTRIBUTE_SUPPORTED_YUNNAN,"{""GID_3"": ""CHN.30.2.8_1"", ""GID_0"": ""CHN"", ""COUNTRY"": ""China"", ""GID_1"": ""CHN.30_1"", ""NAME_1"": ""Yunnan"", ""NL_NAME_1"": ""雲南|云南"", ""GID_2"": ""CHN.30.2_1"", ""NAME_2"": ""ChuxiongYi"", ""NL_NAME_2"": ""楚雄彝族自治州"", ""NAME_3"": ""Yao'an"", ""VARNAME_3"": ""Yáo'ān"", ""NL_NAME_3"": ""姚安县"", ""TYPE_3"": ""Xiàn"", ""ENGTYPE_3"": ""County"", ""CC_3"": ""NA"", ""HASC_3"": ""NA""}",GADM41 path/member name and GADM field schema; upstream checksum receipt not located
F:\云南极端降水数据\processed\boundary\Yunnan_GADM41_level3.geojson,,13,MultiPolygon,SOURCE_GEOMETRY_VALID,Valid Geometry,False,False,False,1,0,"[101.3097, 25.8483, 101.8396, 26.503]",0.19275369499999934,degree_squared_NOT_km2,urn:ogc:def:crs:OGC:1.3:CRS84,ATTRIBUTE_SUPPORTED_YUNNAN,"{""GID_3"": ""CHN.30.2.9_1"", ""GID_0"": ""CHN"", ""COUNTRY"": ""China"", ""GID_1"": ""CHN.30_1"", ""NAME_1"": ""Yunnan"", ""NL_NAME_1"": ""雲南|云南"", ""GID_2"": ""CHN.30.2_1"", ""NAME_2"": ""ChuxiongYi"", ""NL_NAME_2"": ""楚雄彝族自治州"", ""NAME_3"": ""Yongren"", ""VARNAME_3"": ""Yǒngrén"", ""NL_NAME_3"": ""永仁县"", ""TYPE_3"": ""Xiàn"", ""ENGTYPE_3"": ""County"", ""CC_3"": ""NA"", ""HASC_3"": ""NA""}",GADM41 path/member name and GADM field schema; upstream checksum receipt not located
F:\云南极端降水数据\processed\boundary\Yunnan_GADM41_level3.geojson,,14,MultiPolygon,SOURCE_GEOMETRY_VALID,Valid Geometry,False,False,False,1,0,"[101.608, 25.5256, 102.1084, 26.1141]",0.1574617599999999,degree_squared_NOT_km2,urn:ogc:def:crs:OGC:1.3:CRS84,ATTRIBUTE_SUPPORTED_YUNNAN,"{""GID_3"": ""CHN.30.2.10_1"", ""GID_0"": ""CHN"", ""COUNTRY"": ""China"", ""GID_1"": ""CHN.30_1"", ""NAME_1"": ""Yunnan"", ""NL_NAME_1"": ""雲南|云南"", ""GID_2"": ""CHN.30.2_1"", ""NAME_2"": ""ChuxiongYi"", ""NL_NAME_2"": ""楚雄彝族自治州"", ""NAME_3"": ""Yuanmou"", ""VARNAME_3"": ""Yuánmóu"", ""NL_NAME_3"": ""元谋县"", ""TYPE_3"": ""Xiàn"", ""ENGTYPE_3"": ""County"", ""CC_3"": ""NA"", ""HASC_3"": ""NA""}",GADM41 path/member name and GADM field schema; upstream checksum receipt not located
F:\云南极端降水数据\processed\boundary\Yunnan_GADM41_level3.geojson,,15,MultiPolygon,SOURCE_GEOMETRY_VALID,Valid Geometry,False,False,False,1,0,"[100.2852, 25.548, 100.9605, 26.2051]",0.22763081499999985,degree_squared_NOT_km2,urn:ogc:def:crs:OGC:1.3:CRS84,ATTRIBUTE_SUPPORTED_YUNNAN,"{""GID_3"": ""CHN.30.3.1_1"", ""GID_0"": ""CHN"", ""COUNTRY"": ""China"", ""GID_1"": ""CHN.30_1"", ""NAME_1"": ""Yunnan"", ""NL_NAME_1"": ""雲南|云南"", ""GID_2"": ""CHN.30.3_1"", ""NAME_2"": ""DaliBai"", ""NL_NAME_2"": ""大理白族自治州"", ""NAME_3"": ""Binchuan"", ""VARNAME_3"": ""Bīnchuān"", ""NL_NAME_3"": ""宾川县"", ""TYPE_3"": ""Xiàn"", ""ENGTYPE_3"": ""County"", ""CC_3"": ""NA"", ""HASC_3"": ""NA""}",GADM41 path/member name and GADM field schema; upstream checksum receipt not located
F:\云南极端降水数据\processed\boundary\Yunnan_GADM41_level3.geojson,,16,MultiPolygon,SOURCE_GEOMETRY_VALID,Valid Geometry,False,False,False,1,0,"[99.9783, 25.4247, 100.4346, 25.9625]",0.12676996000000082,degree_squared_NOT_km2,urn:ogc:def:crs:OGC:1.3:CRS84,ATTRIBUTE_SUPPORTED_YUNNAN,"{""GID_3"": ""CHN.30.3.2_1"", ""GID_0"": ""CHN"", ""COUNTRY"": ""China"", ""GID_1"": ""CHN.30_1"", ""NAME_1"": ""Yunnan"", ""NL_NAME_1"": ""雲南|云南"", ""GID_2"": ""CHN.30.3_1"", ""NAME_2"": ""DaliBai"", ""NL_NAME_2"": ""大理白族自治州"", ""NAME_3"": ""Dali"", ""VARNAME_3"": ""Dàlǐ"", ""NL_NAME_3"": ""大理市"", ""TYPE_3"": ""Xiànjíshì"", ""ENGTYPE_3"": ""CountyCity"", ""CC_3"": ""NA"", ""HASC_3"": ""NA""}",GADM41 path/member name and GADM field schema; upstream checksum receipt not located
F:\云南极端降水数据\processed\boundary\Yunnan_GADM41_level3.geojson,,17,MultiPolygon,SOURCE_GEOMETRY_VALID,Valid Geometry,False,False,False,1,0,"[99.5409, 25.8159, 100.3524, 26.4304]",0.257437174999999,degree_squared_NOT_km2,urn:ogc:def:crs:OGC:1.3:CRS84,ATTRIBUTE_SUPPORTED_YUNNAN,"{""GID_3"": ""CHN.30.3.3_1"", ""GID_0"": ""CHN"", ""COUNTRY"": ""China"", ""GID_1"": ""CHN.30_1"", ""NAME_1"": ""Yunnan"", ""NL_NAME_1"": ""雲南|云南"", ""GID_2"": ""CHN.30.3_1"", ""NAME_2"": ""DaliBai"", ""NL_NAME_2"": ""大理白族自治州"", ""NAME_3"": ""Eryuan"", ""VARNAME_3"": ""Ěryuán"", ""NL_NAME_3"": ""洱源县"", ""TYPE_3"": ""Xiàn"", ""ENGTYPE_3"": ""County"", ""CC_3"": ""NA"", ""HASC_3"": ""NA""}",GADM41 path/member name and GADM field schema; upstream checksum receipt not located
F:\云南极端降水数据\processed\boundary\Yunnan_GADM41_level3.geojson,,18,MultiPolygon,SOURCE_GEOMETRY_VALID,Valid Geometry,False,False,False,1,0,"[100.0328, 25.9564, 100.4949, 26.7037]",0.21179862999999982,degree_squared_NOT_km2,urn:ogc:def:crs:OGC:1.3:CRS84,ATTRIBUTE_SUPPORTED_YUNNAN,"{""GID_3"": ""CHN.30.3.4_1"", ""GID_0"": ""CHN"", ""COUNTRY"": ""China"", ""GID_1"": ""CHN.30_1"", ""NAME_1"": ""Yunnan"", ""NL_NAME_1"": ""雲南|云南"", ""GID_2"": ""CHN.30.3_1"", ""NAME_2"": ""DaliBai"", ""NL_NAME_2"": ""大理白族自治州"", ""NAME_3"": ""Heqing"", ""VARNAME_3"": ""Hèqìng"", ""NL_NAME_3"": ""鹤庆县"", ""TYPE_3"": ""Xiàn"", ""ENGTYPE_3"": ""County"", ""CC_3"": ""NA"", ""HASC_3"": ""NA""}",GADM41 path/member name and GADM field schema; upstream checksum receipt not located
F:\云南极端降水数据\processed\boundary\Yunnan_GADM41_level3.geojson,,19,MultiPolygon,SOURCE_GEOMETRY_VALID,Valid Geometry,False,False,False,1,0,"[99.4732, 26.1911, 100.0618, 26.6833]",0.204393555,degree_squared_NOT_km2,urn:ogc:def:crs:OGC:1.3:CRS84,ATTRIBUTE_SUPPORTED_YUNNAN,"{""GID_3"": ""CHN.30.3.5_1"", ""GID_0"": ""CHN"", ""COUNTRY"": ""China"", ""GID_1"": ""CHN.30_1"", ""NAME_1"": ""Yunnan"", ""NL_NAME_1"": ""雲南|云南"", ""GID_2"": ""CHN.30.3_1"", ""NAME_2"": ""DaliBai"", ""NL_NAME_2"": ""大理白族自治州"", ""NAME_3"": ""Jianchuan"", ""VARNAME_3"": ""Jiànchuān"", ""NL_NAME_3"": ""剑川县"", ""TYPE_3"": ""Xiàn"", ""ENGTYPE_3"": ""County"", ""CC_3"": ""NA"", ""HASC_3"": ""NA""}",GADM41 path/member name and GADM field schema; upstream checksum receipt not located
F:\云南极端降水数据\processed\boundary\Yunnan_GADM41_level3.geojson,,20,MultiPolygon,SOURCE_GEOMETRY_VALID,Valid Geometry,False,False,False,1,0,"[100.3277, 24.7878, 100.7833, 25.5309]",0.1372950650000008,degree_squared_NOT_km2,urn:ogc:def:crs:OGC:1.3:CRS84,ATTRIBUTE_SUPPORTED_YUNNAN,"{""GID_3"": ""CHN.30.3.6_1"", ""GID_0"": ""CHN"", ""COUNTRY"": ""China"", ""GID_1"": ""CHN.30_1"", ""NAME_1"": ""Yunnan"", ""NL_NAME_1"": ""雲南|云南"", ""GID_2"": ""CHN.30.3_1"", ""NAME_2"": ""DaliBai"", ""NL_NAME_2"": ""大理白族自治州"", ""NAME_3"": ""Midu"", ""VARNAME_3"": ""Mídù"", ""NL_NAME_3"": ""弥渡县"", ""TYPE_3"": ""Xiàn"", ""ENGTYPE_3"": ""County"", ""CC_3"": ""NA"", ""HASC_3"": ""NA""}",GADM41 path/member name and GADM field schema; upstream checksum receipt not located
F:\云南极端降水数据\processed\boundary\Yunnan_GADM41_level3.geojson,,21,MultiPolygon,SOURCE_GEOMETRY_VALID,Valid Geometry,False,False,False,1,0,"[100.0984, 24.6651, 100.6716, 25.1657]",0.15337416999999975,degree_squared_NOT_km2,urn:ogc:def:crs:OGC:1.3:CRS84,ATTRIBUTE_SUPPORTED_YUNNAN,"{""GID_3"": ""CHN.30.3.7_1"", ""GID_0"": ""CHN"", ""COUNTRY"": ""China"", ""GID_1"": ""CHN.30_1"", ""NAME_1"": ""Yunnan"", ""NL_NAME_1"": ""雲南|云南"", ""GID_2"": ""CHN.30.3_1"", ""NAME_2"": ""DaliBai"", ""NL_NAME_2"": ""大理白族自治州"", ""NAME_3"": ""NanjianYi"", ""VARNAME_3"": ""NánjiànYízú"", ""NL_NAME_3"": ""南涧彝族自治县"", ""TYPE_3"": ""Zìzhìxiàn"", ""ENGTYPE_3"": ""AutonomousCounty"", ""CC_3"": ""NA"", ""HASC_3"": ""NA""}",GADM41 path/member name and GADM field schema; upstream checksum receipt not located
F:\云南极端降水数据\processed\boundary\Yunnan_GADM41_level3.geojson,,22,MultiPolygon,SOURCE_GEOMETRY_VALID,Valid Geometry,False,False,False,1,0,"[99.9323, 24.9337, 100.4264, 25.5422]",0.19743007000000026,degree_squared_NOT_km2,urn:ogc:def:crs:OGC:1.3:CRS84,ATTRIBUTE_SUPPORTED_YUNNAN,"{""GID_3"": ""CHN.30.3.8_1"", ""GID_0"": ""CHN"", ""COUNTRY"": ""China"", ""GID_1"": ""CHN.30_1"", ""NAME_1"": ""Yunnan"", ""NL_NAME_1"": ""雲南|云南"", ""GID_2"": ""CHN.30.3_1"", ""NAME_2"": ""DaliBai"", ""NL_NAME_2"": ""大理白族自治州"", ""NAME_3"": ""WeishanYiandHui"", ""VARNAME_3"": ""WēishānYízúHuízú"", ""NL_NAME_3"": ""巍山彝族巍山彝族"", ""TYPE_3"": ""Zìzhìxiàn"", ""ENGTYPE_3"": ""AutonomousCounty"", ""CC_3"": ""NA"", ""HASC_3"": ""NA""}",GADM41 path/member name and GADM field schema; upstream checksum receipt not located
F:\云南极端降水数据\processed\boundary\Yunnan_GADM41_level3.geojson,,23,MultiPolygon,SOURCE_GEOMETRY_VALID,Valid Geometry,False,False,False,1,0,"[100.4249, 25.2042, 101.0468, 25.8723]",0.21760017499999962,degree_squared_NOT_km2,urn:ogc:def:crs:OGC:1.3:CRS84,ATTRIBUTE_SUPPORTED_YUNNAN,"{""GID_3"": ""CHN.30.3.9_1"", ""GID_0"": ""CHN"", ""COUNTRY"": ""China"", ""GID_1"": ""CHN.30_1"", ""NAME_1"": ""Yunnan"", ""NL_NAME_1"": ""雲南|云南"", ""GID_2"": ""CHN.30.3_1"", ""NAME_2"": ""DaliBai"", ""NL_NAME_2"": ""大理白族自治州"", ""NAME_3"": ""Xiangyun"", ""VARNAME_3"": ""Xiángyún"", ""NL_NAME_3"": ""祥云县"", ""TYPE_3"": ""Xiàn"", ""ENGTYPE_3"": ""County"", ""CC_3"": ""NA"", ""HASC_3"": ""NA""}",GADM41 path/member name and GADM field schema; upstream checksum receipt not located
F:\云南极端降水数据\processed\boundary\Yunnan_GADM41_level3.geojson,,24,MultiPolygon,SOURCE_GEOMETRY_VALID,Valid Geometry,False,False,False,1,0,"[99.6153, 25.203, 100.1358, 25.9028]",0.16750025499999988,degree_squared_NOT_km2,urn:ogc:def:crs:OGC:1.3:CRS84,ATTRIBUTE_SUPPORTED_YUNNAN,"{""GID_3"": ""CHN.30.3.10_1"", ""GID_0"": ""CHN"", ""COUNTRY"": ""China"", ""GID_1"": ""CHN.30_1"", ""NAME_1"": ""Yunnan"", ""NL_NAME_1"": ""雲南|云南"", ""GID_2"": ""CHN.30.3_1"", ""NAME_2"": ""DaliBai"", ""NL_NAME_2"": ""大理白族自治州"", ""NAME_3"": ""YangbiYi"", ""VARNAME_3"": ""YàngbìYízú"", ""NL_NAME_3"": ""漾濞彝族自治县"", ""TYPE_3"": ""Zìzhìxiàn"", ""ENGTYPE_3"": ""AutonomousCounty"", ""CC_3"": ""NA"", ""HASC_3"": ""NA""}",GADM41 path/member name and GADM field schema; upstream checksum receipt not located
F:\云南极端降水数据\processed\boundary\Yunnan_GADM41_level3.geojson,,25,MultiPolygon,SOURCE_GEOMETRY_VALID,Valid Geometry,False,False,False,1,0,"[99.2881, 25.055, 99.933, 25.7423]",0.2514871900000002,degree_squared_NOT_km2,urn:ogc:def:crs:OGC:1.3:CRS84,ATTRIBUTE_SUPPORTED_YUNNAN,"{""GID_3"": ""CHN.30.3.11_1"", ""GID_0"": ""CHN"", ""COUNTRY"": ""China"", ""GID_1"": ""CHN.30_1"", ""NAME_1"": ""Yunnan"", ""NL_NAME_1"": ""雲南|云南"", ""GID_2"": ""CHN.30.3_1"", ""NAME_2"": ""DaliBai"", ""NL_NAME_2"": ""大理白族自治州"", ""NAME_3"": ""Yongping"", ""VARNAME_3"": ""Yǒngpíng"", ""NL_NAME_3"": ""永平县"", ""TYPE_3"": ""Xiàn"", ""ENGTYPE_3"": ""County"", ""CC_3"": ""NA"", ""HASC_3"": ""NA""}",GADM41 path/member name and GADM field schema; upstream checksum receipt not located
F:\云南极端降水数据\processed\boundary\Yunnan_GADM41_level3.geojson,,26,MultiPolygon,SOURCE_GEOMETRY_VALID,Valid Geometry,False,False,False,1,0,"[98.8647, 25.4747, 99.7641, 26.3815]",0.3978349850000002,degree_squared_NOT_km2,urn:ogc:def:crs:OGC:1.3:CRS84,ATTRIBUTE_SUPPORTED_YUNNAN,"{""GID_3"": ""CHN.30.3.12_1"", ""GID_0"": ""CHN"", ""COUNTRY"": ""China"", ""GID_1"": ""CHN.30_1"", ""NAME_1"": ""Yunnan"", ""NL_NAME_1"": ""雲南|云南"", ""GID_2"": ""CHN.30.3_1"", ""NAME_2"": ""DaliBai"", ""NL_NAME_2"": ""大理白族自治州"", ""NAME_3"": ""YulongNaxi"", ""VARNAME_3"": ""YùlóngNàxīzú"", ""NL_NAME_3"": ""玉龙纳西族自治县"", ""TYPE_3"": ""Zìzhìxiàn"", ""ENGTYPE_3"": ""AutonomousCounty"", ""CC_3"": ""NA"", ""HASC_3"": ""NA""}",GADM41 path/member name and GADM field schema; upstream checksum receipt not located
F:\云南极端降水数据\processed\boundary\Yunnan_GADM41_level3.geojson,,27,MultiPolygon,SOURCE_GEOMETRY_VALID,Valid Geometry,False,False,False,1,0,"[98.1204, 24.5227, 98.5607, 24.957]",0.10292879499999968,degree_squared_NOT_km2,urn:ogc:def:crs:OGC:1.3:CRS84,ATTRIBUTE_SUPPORTED_YUNNAN,"{""GID_3"": ""CHN.30.4.1_1"", ""GID_0"": ""CHN"", ""COUNTRY"": ""China"", ""GID_1"": ""CHN.30_1"", ""NAME_1"": ""Yunnan"", ""NL_NAME_1"": ""雲南|云南"", ""GID_2"": ""CHN.30.4_1"", ""NAME_2"": ""DehongDaiandJingpo"", ""NL_NAME_2"": ""德宏傣族景颇族自治州"", ""NAME_3"": ""Lianghe"", ""VARNAME_3"": ""Liánghé"", ""NL_NAME_3"": ""梁河县"", ""TYPE_3"": ""Xiàn"", ""ENGTYPE_3"": ""County"", ""CC_3"": ""NA"", ""HASC_3"": ""NA""}",GADM41 path/member name and GADM field schema; upstream checksum receipt not located
F:\云南极端降水数据\processed\boundary\Yunnan_GADM41_level3.geojson,,28,MultiPolygon,SOURCE_GEOMETRY_VALID,Valid Geometry,False,False,False,1,0,"[97.6621, 24.14, 98.2885, 24.6606]",0.166489355,degree_squared_NOT_km2,urn:ogc:def:crs:OGC:1.3:CRS84,ATTRIBUTE_SUPPORTED_YUNNAN,"{""GID_3"": ""CHN.30.4.2_1"", ""GID_0"": ""CHN"", ""COUNTRY"": ""China"", ""GID_1"": ""CHN.30_1"", ""NAME_1"": ""Yunnan"", ""NL_NAME_1"": ""雲南|云南"", ""GID_2"": ""CHN.30.4_1"", ""NAME_2"": ""DehongDaiandJingpo"", ""NL_NAME_2"": ""德宏傣族景颇族自治州"", ""NAME_3"": ""Longchuan"", ""VARNAME_3"": ""Lǒngchuān"", ""NL_NAME_3"": ""陇川县"", ""TYPE_3"": ""Xiàn"", ""ENGTYPE_3"": ""County"", ""CC_3"": ""NA"", ""HASC_3"": ""NA""}",GADM41 path/member name and GADM field schema; upstream checksum receipt not located
F:\云南极端降水数据\processed\boundary\Yunnan_GADM41_level3.geojson,,29,MultiPolygon,SOURCE_GEOMETRY_VALID,Valid Geometry,False,False,False,1,0,"[98.0266, 24.0945, 98.7312, 24.6667]",0.2584700399999995,degree_squared_NOT_km2,urn:ogc:def:crs:OGC:1.3:CRS84,ATTRIBUTE_SUPPORTED_YUNNAN,"{""GID_3"": ""CHN.30.4.3_1"", ""GID_0"": ""CHN"", ""COUNTRY"": ""China"", ""GID_1"": ""CHN.30_1"", ""NAME_1"": ""Yunnan"", ""NL_NAME_1"": ""雲南|云南"", ""GID_2"": ""CHN.30.4_1"", ""NAME_2"": ""DehongDaiandJingpo"", ""NL_NAME_2"": ""德宏傣族景颇族自治州"", ""NAME_3"": ""Luxi"", ""VARNAME_3"": ""Lùxī"", ""NL_NAME_3"": ""潞西市"", ""TYPE_3"": ""Xiànjíshì"", ""ENGTYPE_3"": ""CountyCity"", ""CC_3"": ""NA"", ""HASC_3"": ""NA""}",GADM41 path/member name and GADM field schema; upstream checksum receipt not located
F:\云南极端降水数据\processed\boundary\Yunnan_GADM41_level3.geojson,,30,MultiPolygon,SOURCE_GEOMETRY_VALID,Valid Geometry,False,False,False,1,0,"[97.5341, 23.8445, 98.1634, 24.1784]",0.08186452499999969,degree_squared_NOT_km2,urn:ogc:def:crs:OGC:1.3:CRS84,ATTRIBUTE_SUPPORTED_YUNNAN,"{""GID_3"": ""CHN.30.4.4_1"", ""GID_0"": ""CHN"", ""COUNTRY"": ""China"", ""GID_1"": ""CHN.30_1"", ""NAME_1"": ""Yunnan"", ""NL_NAME_1"": ""雲南|云南"", ""GID_2"": ""CHN.30.4_1"", ""NAME_2"": ""DehongDaiandJingpo"", ""NL_NAME_2"": ""德宏傣族景颇族自治州"", ""NAME_3"": ""Ruili"", ""VARNAME_3"": ""Ruìlì"", ""NL_NAME_3"": ""瑞丽市"", ""TYPE_3"": ""Xiànjíshì"", ""ENGTYPE_3"": ""CountyCity"", ""CC_3"": ""NA"", ""HASC_3"": ""NA""}",GADM41 path/member name and GADM field schema; upstream checksum receipt not located
F:\云南极端降水数据\processed\boundary\Yunnan_GADM41_level3.geojson,,31,MultiPolygon,SOURCE_GEOMETRY_VALID,Valid Geometry,False,False,False,1,0,"[97.5366, 24.4046, 98.269, 25.3379]",0.38209960500000006,degree_squared_NOT_km2,urn:ogc:def:crs:OGC:1.3:CRS84,ATTRIBUTE_SUPPORTED_YUNNAN,"{""GID_3"": ""CHN.30.4.5_1"", ""GID_0"": ""CHN"", ""COUNTRY"": ""China"", ""GID_1"": ""CHN.30_1"", ""NAME_1"": ""Yunnan"", ""NL_NAME_1"": ""雲南|云南"", ""GID_2"": ""CHN.30.4_1"", ""NAME_2"": ""DehongDaiandJingpo"", ""NL_NAME_2"": ""德宏傣族景颇族自治州"", ""NAME_3"": ""Yingjiang"", ""VARNAME_3"": ""Yíngjiāng"", ""NL_NAME_3"": ""盈江县"", ""TYPE_3"": ""Xiàn"", ""ENGTYPE_3"": ""County"", ""CC_3"": ""NA"", ""HASC_3"": ""NA""}",GADM41 path/member name and GADM field schema; upstream checksum receipt not located
F:\云南极端降水数据\processed\boundary\Yunnan_GADM41_level3.geojson,,32,MultiPolygon,SOURCE_GEOMETRY_VALID,Valid Geometry,False,False,False,1,0,"[98.5929, 27.5578, 99.5235, 29.2511]",0.666628025,degree_squared_NOT_km2,urn:ogc:def:crs:OGC:1.3:CRS84,ATTRIBUTE_SUPPORTED_YUNNAN,"{""GID_3"": ""CHN.30.5.1_1"", ""GID_0"": ""CHN"", ""COUNTRY"": ""China"", ""GID_1"": ""CHN.30_1"", ""NAME_1"": ""Yunnan"", ""NL_NAME_1"": ""雲南|云南"", ""GID_2"": ""CHN.30.5_1"", ""NAME_2"": ""DêqênTibetan"", ""NL_NAME_2"": ""迪庆藏族自治州"", ""NAME_3"": ""Dêqên"", ""VARNAME_3"": ""Déqīn"", ""NL_NAME_3"": ""德钦县"", ""TYPE_3"": ""Xiàn"", ""ENGTYPE_3"": ""County"", ""CC_3"": ""NA"", ""HASC_3"": ""NA""}",GADM41 path/member name and GADM field schema; upstream checksum receipt not located
F:\云南极端降水数据\processed\boundary\Yunnan_GADM41_level3.geojson,,33,MultiPolygon,SOURCE_GEOMETRY_VALID,Valid Geometry,False,False,False,1,0,"[98.7876, 26.9156, 99.5521, 28.017]",0.4110335250000009,degree_squared_NOT_km2,urn:ogc:def:crs:OGC:1.3:CRS84,ATTRIBUTE_SUPPORTED_YUNNAN,"{""GID_3"": ""CHN.30.5.2_1"", ""GID_0"": ""CHN"", ""COUNTRY"": ""China"", ""GID_1"": ""CHN.30_1"", ""NAME_1"": ""Yunnan"", ""NL_NAME_1"": ""雲南|云南"", ""GID_2"": ""CHN.30.5_1"", ""NAME_2"": ""DêqênTibetan"", ""NL_NAME_2"": ""迪庆藏族自治州"", ""NAME_3"": ""Weixin"", ""VARNAME_3"": ""Wēixìn"", ""NL_NAME_3"": ""威信县"", ""TYPE_3"": ""Xiàn"", ""ENGTYPE_3"": ""County"", ""CC_3"": ""NA"", ""HASC_3"": ""NA""}",GADM41 path/member name and GADM field schema; upstream checksum receipt not located
F:\云南极端降水数据\processed\boundary\Yunnan_GADM41_level3.geojson,,34,MultiPolygon,SOURCE_GEOMETRY_VALID,Valid Geometry,False,False,False,1,0,"[99.3781, 26.8762, 100.3166, 28.8452]",1.0451475850000005,degree_squared_NOT_km2,urn:ogc:def:crs:OGC:1.3:CRS84,ATTRIBUTE_SUPPORTED_YUNNAN,"{""GID_3"": ""CHN.30.5.3_1"", ""GID_0"": ""CHN"", ""COUNTRY"": ""China"", ""GID_1"": ""CHN.30_1"", ""NAME_1"": ""Yunnan"", ""NL_NAME_1"": ""雲南|云南"", ""GID_2"": ""CHN.30.5_1"", ""NAME_2"": ""DêqênTibetan"", ""NL_NAME_2"": ""迪庆藏族自治州"", ""NAME_3"": ""Zhongdian"", ""VARNAME_3"": ""NA"", ""NL_NAME_3"": ""NA"", ""TYPE_3"": ""Xiàn"", ""ENGTYPE_3"": ""County"", ""CC_3"": ""NA"", ""HASC_3"": ""NA""}",GADM41 path/member name and GADM field schema; upstream checksum receipt not located
F:\云南极端降水数据\processed\boundary\Yunnan_GADM41_level3.geojson,,35,MultiPolygon,SOURCE_GEOMETRY_VALID,Valid Geometry,False,False,False,1,0,"[102.8638, 23.0006, 103.4301, 23.6321]",0.13763897999999972,degree_squared_NOT_km2,urn:ogc:def:crs:OGC:1.3:CRS84,ATTRIBUTE_SUPPORTED_YUNNAN,"{""GID_3"": ""CHN.30.6.1_1"", ""GID_0"": ""CHN"", ""COUNTRY"": ""China"", ""GID_1"": ""CHN.30_1"", ""NAME_1"": ""Yunnan"", ""NL_NAME_1"": ""雲南|云南"", ""GID_2"": ""CHN.30.6_1"", ""NAME_2"": ""HongheHaniandYi"", ""NL_NAME_2"": ""红河哈尼族彝族自治州"", ""NAME_3"": ""Gejiu"", ""VARNAME_3"": ""Gèjiù"", ""NL_NAME_3"": ""个旧市"", ""TYPE_3"": ""Xiànjíshì"", ""ENGTYPE_3"": ""CountyCity"", ""CC_3"": ""NA"", ""HASC_3"": ""NA""}",GADM41 path/member name and GADM field schema; upstream checksum receipt not located
F:\云南极端降水数据\processed\boundary\Yunnan_GADM41_level3.geojson,,36,MultiPolygon,SOURCE_GEOMETRY_VALID,Valid Geometry,False,False,False,1,0,"[103.3964, 22.5057, 104.2846, 23.0274]",0.11632978499999992,degree_squared_NOT_km2,urn:ogc:def:crs:OGC:1.3:CRS84,ATTRIBUTE_SUPPORTED_YUNNAN,"{""GID_3"": ""CHN.30.6.2_1"", ""GID_0"": ""CHN"", ""COUNTRY"": ""China"", ""GID_1"": ""CHN.30_1"", ""NAME_1"": ""Yunnan"", ""NL_NAME_1"": ""雲南|云南"", ""GID_2"": ""CHN.30.6_1"", ""NAME_2"": ""HongheHaniandYi"", ""NL_NAME_2"": ""红河哈尼族彝族自治州"", ""NAME_3"": ""HekouYao"", ""VARNAME_3"": ""HékǒuYáozú"", ""NL_NAME_3"": ""河口瑶族自治县"", ""TYPE_3"": ""Zìzhìxiàn"", ""ENGTYPE_3"": ""AutonomousCounty"", ""CC_3"": ""NA"", ""HASC_3"": ""NA""}",GADM41 path/member name and GADM field schema; upstream checksum receipt not located
F:\云南极端降水数据\processed\boundary\Yunnan_GADM41_level3.geojson,,37,MultiPolygon,SOURCE_GEOMETRY_VALID,Valid Geometry,False,False,False,1,0,"[101.8214, 23.0911, 102.6193, 23.4352]",0.17831689000000023,degree_squared_NOT_km2,urn:ogc:def:crs:OGC:1.3:CRS84,ATTRIBUTE_SUPPORTED_YUNNAN,"{""GID_3"": ""CHN.30.6.3_1"", ""GID_0"": ""CHN"", ""COUNTRY"": ""China"", ""GID_1"": ""CHN.30_1"", ""NAME_1"": ""Yunnan"", ""NL_NAME_1"": ""雲南|云南"", ""GID_2"": ""CHN.30.6_1"", ""NAME_2"": ""HongheHaniandYi"", ""NL_NAME_2"": ""红河哈尼族彝族自治州"", ""NAME_3"": ""Honghe"", ""VARNAME_3"": ""Hónghé"", ""NL_NAME_3"": ""红河县"", ""TYPE_3"": ""Xiàn"", ""ENGTYPE_3"": ""County"", ""CC_3"": ""NA"", ""HASC_3"": ""NA""}",GADM41 path/member name and GADM field schema; upstream checksum receipt not located
F:\云南极端降水数据\processed\boundary\Yunnan_GADM41_level3.geojson,,38,MultiPolygon,SOURCE_GEOMETRY_VALID,Valid Geometry,False,False,False,1,0,"[102.5871, 23.212, 103.1917, 24.1987]",0.33820629000000063,degree_squared_NOT_km2,urn:ogc:def:crs:OGC:1.3:CRS84,ATTRIBUTE_SUPPORTED_YUNNAN,"{""GID_3"": ""CHN.30.6.4_1"", ""GID_0"": ""CHN"", ""COUNTRY"": ""China"", ""GID_1"": ""CHN.30_1"", ""NAME_1"": ""Yunnan"", ""NL_NAME_1"": ""雲南|云南"", ""GID_2"": ""CHN.30.6_1"", ""NAME_2"": ""HongheHaniandYi"", ""NL_NAME_2"": ""红河哈尼族彝族自治州"", ""NAME_3"": ""Jianshui"", ""VARNAME_3"": ""Jiànshuǐ"", ""NL_NAME_3"": ""建水县"", ""TYPE_3"": ""Xiàn"", ""ENGTYPE_3"": ""County"", ""CC_3"": ""NA"", ""HASC_3"": ""NA""}",GADM41 path/member name and GADM field schema; upstream checksum receipt not located
F:\云南极端降水数据\processed\boundary\Yunnan_GADM41_level3.geojson,,39,MultiPolygon,SOURCE_GEOMETRY_VALID,Valid Geometry,False,False,False,1,0,"[102.5666, 22.4425, 103.6587, 23.0769]",0.31810770499999874,degree_squared_NOT_km2,urn:ogc:def:crs:OGC:1.3:CRS84,ATTRIBUTE_SUPPORTED_YUNNAN,"{""GID_3"": ""CHN.30.6.5_1"", ""GID_0"": ""CHN"", ""COUNTRY"": ""China"", ""GID_1"": ""CHN.30_1"", ""NAME_1"": ""Yunnan"", ""NL_NAME_1"": ""雲南|云南"", ""GID_2"": ""CHN.30.6_1"", ""NAME_2"": ""HongheHaniandYi"", ""NL_NAME_2"": ""红河哈尼族彝族自治州"", ""NAME_3"": ""JinpingMiao,YaoandDai"", ""VARNAME_3"": ""JīnpíngMiáozúYáozúDǎiz"", ""NL_NAME_3"": ""金平苗族瑶族傣族自治县"", ""TYPE_3"": ""Zìzhìxiàn"", ""ENGTYPE_3"": ""AutonomousCounty"", ""CC_3"": ""NA"", ""HASC_3"": ""NA""}",GADM41 path/member name and GADM field schema; upstream checksum receipt not located
F:\云南极端降水数据\processed\boundary\Yunnan_GADM41_level3.geojson,,40,MultiPolygon,SOURCE_GEOMETRY_VALID,Valid Geometry,False,False,False,1,0,"[103.0679, 23.5128, 103.7071, 23.9748]",0.17216493500000013,degree_squared_NOT_km2,urn:ogc:def:crs:OGC:1.3:CRS84,ATTRIBUTE_SUPPORTED_YUNNAN,"{""GID_3"": ""CHN.30.6.6_1"", ""GID_0"": ""CHN"", ""COUNTRY"": ""China"", ""GID_1"": ""CHN.30_1"", ""NAME_1"": ""Yunnan"", ""NL_NAME_1"": ""雲南|云南"", ""GID_2"": ""CHN.30.6_1"", ""NAME_2"": ""HongheHaniandYi"", ""NL_NAME_2"": ""红河哈尼族彝族自治州"", ""NAME_3"": ""Kaiyuan"", ""VARNAME_3"": ""Kāiyuǎn"", ""NL_NAME_3"": ""开远市"", ""TYPE_3"": ""Xiàn"", ""ENGTYPE_3"": ""County"", ""CC_3"": ""NA"", ""HASC_3"": ""NA""}",GADM41 path/member name and GADM field schema; upstream checksum receipt not located
F:\云南极端降水数据\processed\boundary\Yunnan_GADM41_level3.geojson,,41,MultiPolygon,SOURCE_GEOMETRY_VALID,Valid Geometry,False,False,False,1,0,"[101.7892, 22.5577, 102.6474, 23.1345]",0.2744656300000006,degree_squared_NOT_km2,urn:ogc:def:crs:OGC:1.3:CRS84,ATTRIBUTE_SUPPORTED_YUNNAN,"{""GID_3"": ""CHN.30.6.7_1"", ""GID_0"": ""CHN"", ""COUNTRY"": ""China"", ""GID_1"": ""CHN.30_1"", ""NAME_1"": ""Yunnan"", ""NL_NAME_1"": ""雲南|云南"", ""GID_2"": ""CHN.30.6_1"", ""NAME_2"": ""HongheHaniandYi"", ""NL_NAME_2"": ""红河哈尼族彝族自治州"", ""NAME_3"": ""Lüchun"", ""VARNAME_3"": ""Lǜchūn"", ""NL_NAME_3"": ""绿春县"", ""TYPE_3"": ""Xiàn"", ""ENGTYPE_3"": ""County"", ""CC_3"": ""NA"", ""HASC_3"": ""NA""}",GADM41 path/member name and GADM field schema; upstream checksum receipt not located
F:\云南极端降水数据\processed\boundary\Yunnan_GADM41_level3.geojson,,42,MultiPolygon,SOURCE_GEOMETRY_VALID,Valid Geometry,False,False,False,1,0,"[103.5148, 24.265, 104.0336, 24.7579]",0.14696870999999995,degree_squared_NOT_km2,urn:ogc:def:crs:OGC:1.3:CRS84,ATTRIBUTE_SUPPORTED_YUNNAN,"{""GID_3"": ""CHN.30.6.8_1"", ""GID_0"": ""CHN"", ""COUNTRY"": ""China"", ""GID_1"": ""CHN.30_1"", ""NAME_1"": ""Yunnan"", ""NL_NAME_1"": ""雲南|云南"", ""GID_2"": ""CHN.30.6_1"", ""NAME_2"": ""HongheHaniandYi"", ""NL_NAME_2"": ""红河哈尼族彝族自治州"", ""NAME_3"": ""Luxi"", ""VARNAME_3"": ""Lùxī"", ""NL_NAME_3"": ""潞西市"", ""TYPE_3"": ""Xiànjíshì"", ""ENGTYPE_3"": ""CountyCity"", ""CC_3"": ""NA"", ""HASC_3"": ""NA""}",GADM41 path/member name and GADM field schema; upstream checksum receipt not located
F:\云南极端降水数据\processed\boundary\Yunnan_GADM41_level3.geojson,,43,MultiPolygon,SOURCE_GEOMETRY_VALID,Valid Geometry,False,False,False,1,0,"[103.2116, 23.0317, 103.8155, 23.5732]",0.18927902500000046,degree_squared_NOT_km2,urn:ogc:def:crs:OGC:1.3:CRS84,ATTRIBUTE_SUPPORTED_YUNNAN,"{""GID_3"": ""CHN.30.6.9_1"", ""GID_0"": ""CHN"", ""COUNTRY"": ""China"", ""GID_1"": ""CHN.30_1"", ""NAME_1"": ""Yunnan"", ""NL_NAME_1"": ""雲南|云南"", ""GID_2"": ""CHN.30.6_1"", ""NAME_2"": ""HongheHaniandYi"", ""NL_NAME_2"": ""红河哈尼族彝族自治州"", ""NAME_3"": ""Mengzi"", ""VARNAME_3"": ""Méngzì"", ""NL_NAME_3"": ""蒙自县"", ""TYPE_3"": ""Xiàn"", ""ENGTYPE_3"": ""County"", ""CC_3"": ""NA"", ""HASC_3"": ""NA""}",GADM41 path/member name and GADM field schema; upstream checksum receipt not located
F:\云南极端降水数据\processed\boundary\Yunnan_GADM41_level3.geojson,,44,MultiPolygon,SOURCE_GEOMETRY_VALID,Valid Geometry,False,False,False,1,0,"[103.0596, 23.8367, 103.8143, 24.6627]",0.34679217499999937,degree_squared_NOT_km2,urn:ogc:def:crs:OGC:1.3:CRS84,ATTRIBUTE_SUPPORTED_YUNNAN,"{""GID_3"": ""CHN.30.6.10_1"", ""GID_0"": ""CHN"", ""COUNTRY"": ""China"", ""GID_1"": ""CHN.30_1"", ""NAME_1"": ""Yunnan"", ""NL_NAME_1"": ""雲南|云南"", ""GID_2"": ""CHN.30.6_1"", ""NAME_2"": ""HongheHaniandYi"", ""NL_NAME_2"": ""红河哈尼族彝族自治州"", ""NAME_3"": ""Mile"", ""VARNAME_3"": ""Mílè"", ""NL_NAME_3"": ""弥勒县"", ""TYPE_3"": ""Xiàn"", ""ENGTYPE_3"": ""County"", ""CC_3"": ""NA"", ""HASC_3"": ""NA""}",GADM41 path/member name and GADM field schema; upstream checksum receipt not located
F:\云南极端降水数据\processed\boundary\Yunnan_GADM41_level3.geojson,,45,MultiPolygon,SOURCE_GEOMETRY_VALID,Valid Geometry,False,False,False,1,0,"[103.3979, 22.8182, 103.9526, 23.39]",0.16484770999999943,degree_squared_NOT_km2,urn:ogc:def:crs:OGC:1.3:CRS84,ATTRIBUTE_SUPPORTED_YUNNAN,"{""GID_3"": ""CHN.30.6.11_1"", ""GID_0"": ""CHN"", ""COUNTRY"": ""China"", ""GID_1"": ""CHN.30_1"", ""NAME_1"": ""Yunnan"", ""NL_NAME_1"": ""雲南|云南"", ""GID_2"": ""CHN.30.6_1"", ""NAME_2"": ""HongheHaniandYi"", ""NL_NAME_2"": ""红河哈尼族彝族自治州"", ""NAME_3"": ""PingbianMiao"", ""VARNAME_3"": ""PíngbiānMiáozú"", ""NL_NAME_3"": ""屏边苗族自治县"", ""TYPE_3"": ""Zìzhìxiàn"", ""ENGTYPE_3"": ""AutonomousCounty"", ""CC_3"": ""NA"", ""HASC_3"": ""NA""}",GADM41 path/member name and GADM field schema; upstream checksum receipt not located
F:\云南极端降水数据\processed\boundary\Yunnan_GADM41_level3.geojson,,46,MultiPolygon,SOURCE_GEOMETRY_VALID,Valid Geometry,False,False,False,1,0,"[102.1453, 23.3131, 102.7117, 24.0983]",0.26036424999999985,degree_squared_NOT_km2,urn:ogc:def:crs:OGC:1.3:CRS84,ATTRIBUTE_SUPPORTED_YUNNAN,"{""GID_3"": ""CHN.30.6.12_1"", ""GID_0"": ""CHN"", ""COUNTRY"": ""China"", ""GID_1"": ""CHN.30_1"", ""NAME_1"": ""Yunnan"", ""NL_NAME_1"": ""雲南|云南"", ""GID_2"": ""CHN.30.6_1"", ""NAME_2"": ""HongheHaniandYi"", ""NL_NAME_2"": ""红河哈尼族彝族自治州"", ""NAME_3"": ""Shiping"", ""VARNAME_3"": ""Shípíng"", ""NL_NAME_3"": ""石屏县"", ""TYPE_3"": ""Xiàn"", ""ENGTYPE_3"": ""County"", ""CC_3"": ""NA"", ""HASC_3"": ""NA""}",GADM41 path/member name and GADM field schema; upstream checksum receipt not located
F:\云南极端降水数据\processed\boundary\Yunnan_GADM41_level3.geojson,,47,MultiPolygon,SOURCE_GEOMETRY_VALID,Valid Geometry,False,False,False,1,0,"[102.451, 22.831, 103.2227, 23.3131]",0.1973332600000008,degree_squared_NOT_km2,urn:ogc:def:crs:OGC:1.3:CRS84,ATTRIBUTE_SUPPORTED_YUNNAN,"{""GID_3"": ""CHN.30.6.13_1"", ""GID_0"": ""CHN"", ""COUNTRY"": ""China"", ""GID_1"": ""CHN.30_1"", ""NAME_1"": ""Yunnan"", ""NL_NAME_1"": ""雲南|云南"", ""GID_2"": ""CHN.30.6_1"", ""NAME_2"": ""HongheHaniandYi"", ""NL_NAME_2"": ""红河哈尼族彝族自治州"", ""NAME_3"": ""Yuanyang"", ""VARNAME_3"": ""Yuányáng"", ""NL_NAME_3"": ""元阳县"", ""TYPE_3"": ""Xiàn"", ""ENGTYPE_3"": ""County"", ""CC_3"": ""NA"", ""HASC_3"": ""NA""}",GADM41 path/member name and GADM field schema; upstream checksum receipt not located
F:\云南极端降水数据\processed\boundary\Yunnan_GADM41_level3.geojson,,48,MultiPolygon,SOURCE_GEOMETRY_VALID,Valid Geometry,False,False,False,1,0,"[102.1678, 24.5172, 102.568, 25.1088]",0.11069839500000041,degree_squared_NOT_km2,urn:ogc:def:crs:OGC:1.3:CRS84,ATTRIBUTE_SUPPORTED_YUNNAN,"{""GID_3"": ""CHN.30.7.1_1"", ""GID_0"": ""CHN"", ""COUNTRY"": ""China"", ""GID_1"": ""CHN.30_1"", ""NAME_1"": ""Yunnan"", ""NL_NAME_1"": ""雲南|云南"", ""GID_2"": ""CHN.30.7_1"", ""NAME_2"": ""Kunming"", ""NL_NAME_2"": ""昆明市"", ""NAME_3"": ""Anning"", ""VARNAME_3"": ""Ānníng"", ""NL_NAME_3"": ""安宁市"", ""TYPE_3"": ""Xiànjíshì"", ""ENGTYPE_3"": ""CountyCity"", ""CC_3"": ""NA"", ""HASC_3"": ""NA""}",GADM41 path/member name and GADM field schema; upstream checksum receipt not located
F:\云南极端降水数据\processed\boundary\Yunnan_GADM41_level3.geojson,,49,MultiPolygon,SOURCE_GEOMETRY_VALID,Valid Geometry,False,False,False,1,0,"[102.4641, 24.7187, 102.9948, 24.9948]",0.07259559999999939,degree_squared_NOT_km2,urn:ogc:def:crs:OGC:1.3:CRS84,ATTRIBUTE_SUPPORTED_YUNNAN,"{""GID_3"": ""CHN.30.7.2_1"", ""GID_0"": ""CHN"", ""COUNTRY"": ""China"", ""GID_1"": ""CHN.30_1"", ""NAME_1"": ""Yunnan"", ""NL_NAME_1"": ""雲南|云南"", ""GID_2"": ""CHN.30.7_1"", ""NAME_2"": ""Kunming"", ""NL_NAME_2"": ""昆明市"", ""NAME_3"": ""Chenggong"", ""VARNAME_3"": ""Chénggòng"", ""NL_NAME_3"": ""呈贡县"", ""TYPE_3"": ""Xiàn"", ""ENGTYPE_3"": ""County"", ""CC_3"": ""NA"", ""HASC_3"": ""NA""}",GADM41 path/member name and GADM field schema; upstream checksum receipt not located
F:\云南极端降水数据\processed\boundary\Yunnan_GADM41_level3.geojson,,50,MultiPolygon,SOURCE_GEOMETRY_VALID,Valid Geometry,False,False,False,1,0,"[102.7914, 25.9048, 103.312, 26.5274]",0.14564546499999964,degree_squared_NOT_km2,urn:ogc:def:crs:OGC:1.3:CRS84,ATTRIBUTE_SUPPORTED_YUNNAN,"{""GID_3"": ""CHN.30.7.3_1"", ""GID_0"": ""CHN"", ""COUNTRY"": ""China"", ""GID_1"": ""CHN.30_1"", ""NAME_1"": ""Yunnan"", ""NL_NAME_1"": ""雲南|云南"", ""GID_2"": ""CHN.30.7_1"", ""NAME_2"": ""Kunming"", ""NL_NAME_2"": ""昆明市"", ""NAME_3"": ""Dongchuan"", ""VARNAME_3"": ""Dōngchuān"", ""NL_NAME_3"": ""东川区"", ""TYPE_3"": ""Shìxiáqū"", ""ENGTYPE_3"": ""District"", ""CC_3"": ""NA"", ""HASC_3"": ""NA""}",GADM41 path/member name and GADM field schema; upstream checksum receipt not located
F:\云南极端降水数据\processed\boundary\Yunnan_GADM41_level3.geojson,,51,MultiPolygon,SOURCE_GEOMETRY_VALID,Valid Geometry,False,False,False,1,0,"[102.3477, 25.1447, 102.7878, 25.6035]",0.09239132500000116,degree_squared_NOT_km2,urn:ogc:def:crs:OGC:1.3:CRS84,ATTRIBUTE_SUPPORTED_YUNNAN,"{""GID_3"": ""CHN.30.7.4_1"", ""GID_0"": ""CHN"", ""COUNTRY"": ""China"", ""GID_1"": ""CHN.30_1"", ""NAME_1"": ""Yunnan"", ""NL_NAME_1"": ""雲南|云南"", ""GID_2"": ""CHN.30.7_1"", ""NAME_2"": ""Kunming"", ""NL_NAME_2"": ""昆明市"", ""NAME_3"": ""Fumin"", ""VARNAME_3"": ""Fùmín"", ""NL_NAME_3"": ""富民县"", ""TYPE_3"": ""Xiàn"", ""ENGTYPE_3"": ""County"", ""CC_3"": ""NA"", ""HASC_3"": ""NA""}",GADM41 path/member name and GADM field schema; upstream checksum receipt not located
F:\云南极端降水数据\processed\boundary\Yunnan_GADM41_level3.geojson,,52,MultiPolygon,SOURCE_GEOMETRY_VALID,Valid Geometry,False,False,False,1,0,"[102.2066, 24.3956, 102.8546, 24.7896]",0.11483255500000049,degree_squared_NOT_km2,urn:ogc:def:crs:OGC:1.3:CRS84,ATTRIBUTE_SUPPORTED_YUNNAN,"{""GID_3"": ""CHN.30.7.5_1"", ""GID_0"": ""CHN"", ""COUNTRY"": ""China"", ""GID_1"": ""CHN.30_1"", ""NAME_1"": ""Yunnan"", ""NL_NAME_1"": ""雲南|云南"", ""GID_2"": ""CHN.30.7_1"", ""NAME_2"": ""Kunming"", ""NL_NAME_2"": ""昆明市"", ""NAME_3"": ""Jinning"", ""VARNAME_3"": ""Jìnníng"", ""NL_NAME_3"": ""晋宁县"", ""TYPE_3"": ""Xiàn"", ""ENGTYPE_3"": ""County"", ""CC_3"": ""NA"", ""HASC_3"": ""NA""}",GADM41 path/member name and GADM field schema; upstream checksum receipt not located
F:\云南极端降水数据\processed\boundary\Yunnan_GADM41_level3.geojson,,53,MultiPolygon,SOURCE_GEOMETRY_VALID,Valid Geometry,False,False,False,1,0,"[102.5914, 24.8894, 103.0439, 25.2913]",0.10444780500000081,degree_squared_NOT_km2,urn:ogc:def:crs:OGC:1.3:CRS84,ATTRIBUTE_SUPPORTED_YUNNAN,"{""GID_3"": ""CHN.30.7.6_1"", ""GID_0"": ""CHN"", ""COUNTRY"": ""China"", ""GID_1"": ""CHN.30_1"", ""NAME_1"": ""Yunnan"", ""NL_NAME_1"": ""雲南|云南"", ""GID_2"": ""CHN.30.7_1"", ""NAME_2"": ""Kunming"", ""NL_NAME_2"": ""昆明市"", ""NAME_3"": ""Kunming"", ""VARNAME_3"": ""Kūnmíng"", ""NL_NAME_3"": ""昆明市"", ""TYPE_3"": ""Xiànjíshì"", ""ENGTYPE_3"": ""CountyCity"", ""CC_3"": ""NA"", ""HASC_3"": ""NA""}",GADM41 path/member name and GADM field schema; upstream checksum receipt not located
F:\云南极端降水数据\processed\boundary\Yunnan_GADM41_level3.geojson,,54,MultiPolygon,SOURCE_GEOMETRY_VALID,Valid Geometry,False,False,False,1,0,"[103.172, 24.5074, 103.6744, 25.0403]",0.15410487500000042,degree_squared_NOT_km2,urn:ogc:def:crs:OGC:1.3:CRS84,ATTRIBUTE_SUPPORTED_YUNNAN,"{""GID_3"": ""CHN.30.7.7_1"", ""GID_0"": ""CHN"", ""COUNTRY"": ""China"", ""GID_1"": ""CHN.30_1"", ""NAME_1"": ""Yunnan"", ""NL_NAME_1"": ""雲南|云南"", ""GID_2"": ""CHN.30.7_1"", ""NAME_2"": ""Kunming"", ""NL_NAME_2"": ""昆明市"", ""NAME_3"": ""Lunan"", ""VARNAME_3"": ""NA"", ""NL_NAME_3"": ""NA"", ""TYPE_3"": ""Xiàn"", ""ENGTYPE_3"": ""County"", ""CC_3"": ""NA"", ""HASC_3"": ""NA""}",GADM41 path/member name and GADM field schema; upstream checksum receipt not located
F:\云南极端降水数据\processed\boundary\Yunnan_GADM41_level3.geojson,,55,MultiPolygon,SOURCE_GEOMETRY_VALID,Valid Geometry,False,False,False,1,0,"[102.2331, 25.4143, 102.934, 26.3682]",0.3789110000000004,degree_squared_NOT_km2,urn:ogc:def:crs:OGC:1.3:CRS84,ATTRIBUTE_SUPPORTED_YUNNAN,"{""GID_3"": ""CHN.30.7.8_1"", ""GID_0"": ""CHN"", ""COUNTRY"": ""China"", ""GID_1"": ""CHN.30_1"", ""NAME_1"": ""Yunnan"", ""NL_NAME_1"": ""雲南|云南"", ""GID_2"": ""CHN.30.7_1"", ""NAME_2"": ""Kunming"", ""NL_NAME_2"": ""昆明市"", ""NAME_3"": ""LuquanYiandMiao"", ""VARNAME_3"": ""LùquànYízúMiáozú"", ""NL_NAME_3"": ""禄劝彝族苗族自治县"", ""TYPE_3"": ""Zìzhìxiàn"", ""ENGTYPE_3"": ""AutonomousCounty"", ""CC_3"": ""NA"", ""HASC_3"": ""NA""}",GADM41 path/member name and GADM field schema; upstream checksum receipt not located
F:\云南极端降水数据\processed\boundary\Yunnan_GADM41_level3.geojson,,56,MultiPolygon,SOURCE_GEOMETRY_VALID,Valid Geometry,False,False,False,1,0,"[102.6829, 25.0943, 103.3132, 25.4625]",0.12623598499999966,degree_squared_NOT_km2,urn:ogc:def:crs:OGC:1.3:CRS84,ATTRIBUTE_SUPPORTED_YUNNAN,"{""GID_3"": ""CHN.30.7.9_1"", ""GID_0"": ""CHN"", ""COUNTRY"": ""China"", ""GID_1"": ""CHN.30_1"", ""NAME_1"": ""Yunnan"", ""NL_NAME_1"": ""雲南|云南"", ""GID_2"": ""CHN.30.7_1"", ""NAME_2"": ""Kunming"", ""NL_NAME_2"": ""昆明市"", ""NAME_3"": ""Songming"", ""VARNAME_3"": ""Sōngmíng"", ""NL_NAME_3"": ""嵩明县"", ""TYPE_3"": ""Xiàn"", ""ENGTYPE_3"": ""County"", ""CC_3"": ""NA"", ""HASC_3"": ""NA""}",GADM41 path/member name and GADM field schema; upstream checksum receipt not located
F:\云南极端降水数据\processed\boundary\Yunnan_GADM41_level3.geojson,,57,MultiPolygon,SOURCE_GEOMETRY_VALID,Valid Geometry,False,False,False,1,0,"[102.3527, 24.8454, 102.7281, 25.2959]",0.06960938499999943,degree_squared_NOT_km2,urn:ogc:def:crs:OGC:1.3:CRS84,ATTRIBUTE_SUPPORTED_YUNNAN,"{""GID_3"": ""CHN.30.7.10_1"", ""GID_0"": ""CHN"", ""COUNTRY"": ""China"", ""GID_1"": ""CHN.30_1"", ""NAME_1"": ""Yunnan"", ""NL_NAME_1"": ""雲南|云南"", ""GID_2"": ""CHN.30.7_1"", ""NAME_2"": ""Kunming"", ""NL_NAME_2"": ""昆明市"", ""NAME_3"": ""Xishan"", ""VARNAME_3"": ""Xīshān"", ""NL_NAME_3"": ""西山区"", ""TYPE_3"": ""Shìxiáqū"", ""ENGTYPE_3"": ""District"", ""CC_3"": ""NA"", ""HASC_3"": ""NA""}",GADM41 path/member name and GADM field schema; upstream checksum receipt not located
F:\云南极端降水数据\processed\boundary\Yunnan_GADM41_level3.geojson,,58,MultiPolygon,SOURCE_GEOMETRY_VALID,Valid Geometry,False,False,False,1,0,"[102.7091, 25.3455, 103.552, 26.0184]",0.34612066000000047,degree_squared_NOT_km2,urn:ogc:def:crs:OGC:1.3:CRS84,ATTRIBUTE_SUPPORTED_YUNNAN,"{""GID_3"": ""CHN.30.7.11_1"", ""GID_0"": ""CHN"", ""COUNTRY"": ""China"", ""GID_1"": ""CHN.30_1"", ""NAME_1"": ""Yunnan"", ""NL_NAME_1"": ""雲南|云南"", ""GID_2"": ""CHN.30.7_1"", ""NAME_2"": ""Kunming"", ""NL_NAME_2"": ""昆明市"", ""NAME_3"": ""XundianHuiandYi"", ""VARNAME_3"": ""XúndiànHuízúYízú"", ""NL_NAME_3"": ""寻甸回族彝族自治县"", ""TYPE_3"": ""Zìzhìxiàn"", ""ENGTYPE_3"": ""AutonomousCounty"", ""CC_3"": ""NA"", ""HASC_3"": ""NA""}",GADM41 path/member name and GADM field schema; upstream checksum receipt not located
F:\云南极端降水数据\processed\boundary\Yunnan_GADM41_level3.geojson,,59,MultiPolygon,SOURCE_GEOMETRY_VALID,Valid Geometry,False,False,False,1,0,"[102.9769, 24.5134, 103.474, 25.2858]",0.16928400999999993,degree_squared_NOT_km2,urn:ogc:def:crs:OGC:1.3:CRS84,ATTRIBUTE_SUPPORTED_YUNNAN,"{""GID_3"": ""CHN.30.7.12_1"", ""GID_0"": ""CHN"", ""COUNTRY"": ""China"", ""GID_1"": ""CHN.30_1"", ""NAME_1"": ""Yunnan"", ""NL_NAME_1"": ""雲南|云南"", ""GID_2"": ""CHN.30.7_1"", ""NAME_2"": ""Kunming"", ""NL_NAME_2"": ""昆明市"", ""NAME_3"": ""Yiliang"", ""VARNAME_3"": ""Yíliáng"", ""NL_NAME_3"": ""宜良县"", ""TYPE_3"": ""Xiàn"", ""ENGTYPE_3"": ""County"", ""CC_3"": ""NA"", ""HASC_3"": ""NA""}",GADM41 path/member name and GADM field schema; upstream checksum receipt not located
F:\云南极端降水数据\processed\boundary\Yunnan_GADM41_level3.geojson,,60,MultiPolygon,SOURCE_GEOMETRY_VALID,Valid Geometry,False,False,False,1,0,"[100.9838, 26.3618, 101.5141, 26.9512]",0.19478653999999868,degree_squared_NOT_km2,urn:ogc:def:crs:OGC:1.3:CRS84,ATTRIBUTE_SUPPORTED_YUNNAN,"{""GID_3"": ""CHN.30.8.1_1"", ""GID_0"": ""CHN"", ""COUNTRY"": ""China"", ""GID_1"": ""CHN.30_1"", ""NAME_1"": ""Yunnan"", ""NL_NAME_1"": ""雲南|云南"", ""GID_2"": ""CHN.30.8_1"", ""NAME_2"": ""Lijiang"", ""NL_NAME_2"": ""丽江市"", ""NAME_3"": ""Huaping"", ""VARNAME_3"": ""Huápíng"", ""NL_NAME_3"": ""华坪县"", ""TYPE_3"": ""Xiàn"", ""ENGTYPE_3"": ""County"", ""CC_3"": ""NA"", ""HASC_3"": ""NA""}",GADM41 path/member name and GADM field schema; upstream checksum receipt not located
F:\云南极端降水数据\processed\boundary\Yunnan_GADM41_level3.geojson,,61,MultiPolygon,SOURCE_GEOMETRY_VALID,Valid Geometry,False,False,False,1,0,"[99.3841, 26.5661, 100.543, 27.7606]",0.6813470099999995,degree_squared_NOT_km2,urn:ogc:def:crs:OGC:1.3:CRS84,ATTRIBUTE_SUPPORTED_YUNNAN,"{""GID_3"": ""CHN.30.8.2_1"", ""GID_0"": ""CHN"", ""COUNTRY"": ""China"", ""GID_1"": ""CHN.30_1"", ""NAME_1"": ""Yunnan"", ""NL_NAME_1"": ""雲南|云南"", ""GID_2"": ""CHN.30.8_1"", ""NAME_2"": ""Lijiang"", ""NL_NAME_2"": ""丽江市"", ""NAME_3"": ""Lijiang"", ""VARNAME_3"": ""NA"", ""NL_NAME_3"": ""NA"", ""TYPE_3"": ""Xiàn"", ""ENGTYPE_3"": ""County"", ""CC_3"": ""NA"", ""HASC_3"": ""NA""}",GADM41 path/member name and GADM field schema; upstream checksum receipt not located
F:\云南极端降水数据\processed\boundary\Yunnan_GADM41_level3.geojson,,62,MultiPolygon,SOURCE_GEOMETRY_VALID,Valid Geometry,False,False,False,1,0,"[100.3776, 26.5997, 101.268, 27.9264]",0.543983155000001,degree_squared_NOT_km2,urn:ogc:def:crs:OGC:1.3:CRS84,ATTRIBUTE_SUPPORTED_YUNNAN,"{""GID_3"": ""CHN.30.8.3_1"", ""GID_0"": ""CHN"", ""COUNTRY"": ""China"", ""GID_1"": ""CHN.30_1"", ""NAME_1"": ""Yunnan"", ""NL_NAME_1"": ""雲南|云南"", ""GID_2"": ""CHN.30.8_1"", ""NAME_2"": ""Lijiang"", ""NL_NAME_2"": ""丽江市"", ""NAME_3"": ""NinglangYi"", ""VARNAME_3"": ""NínglàngYízú"", ""NL_NAME_3"": ""宁蒗彝族自治县"", ""TYPE_3"": ""Zìzhìxiàn"", ""ENGTYPE_3"": ""AutonomousCounty"", ""CC_3"": ""NA"", ""HASC_3"": ""NA""}",GADM41 path/member name and GADM field schema; upstream checksum receipt not located
F:\云南极端降水数据\processed\boundary\Yunnan_GADM41_level3.geojson,,63,MultiPolygon,SOURCE_GEOMETRY_VALID,Valid Geometry,False,False,False,1,0,"[100.38, 25.9906, 101.1899, 27.0774]",0.44659452499999996,degree_squared_NOT_km2,urn:ogc:def:crs:OGC:1.3:CRS84,ATTRIBUTE_SUPPORTED_YUNNAN,"{""GID_3"": ""CHN.30.8.4_1"", ""GID_0"": ""CHN"", ""COUNTRY"": ""China"", ""GID_1"": ""CHN.30_1"", ""NAME_1"": ""Yunnan"", ""NL_NAME_1"": ""雲南|云南"", ""GID_2"": ""CHN.30.8_1"", ""NAME_2"": ""Lijiang"", ""NL_NAME_2"": ""丽江市"", ""NAME_3"": ""Yongsheng"", ""VARNAME_3"": ""Yǒngshèng"", ""NL_NAME_3"": ""永胜县"", ""TYPE_3"": ""Xiàn"", ""ENGTYPE_3"": ""County"", ""CC_3"": ""NA"", ""HASC_3"": ""NA""}",GADM41 path/member name and GADM field schema; upstream checksum receipt not located
F:\云南极端降水数据\processed\boundary\Yunnan_GADM41_level3.geojson,,64,MultiPolygon,SOURCE_GEOMETRY_VALID,Valid Geometry,False,False,False,1,0,"[98.8662, 23.0838, 99.7165, 23.5066]",0.21338306000000073,degree_squared_NOT_km2,urn:ogc:def:crs:OGC:1.3:CRS84,ATTRIBUTE_SUPPORTED_YUNNAN,"{""GID_3"": ""CHN.30.9.1_1"", ""GID_0"": ""CHN"", ""COUNTRY"": ""China"", ""GID_1"": ""CHN.30_1"", ""NAME_1"": ""Yunnan"", ""NL_NAME_1"": ""雲南|云南"", ""GID_2"": ""CHN.30.9_1"", ""NAME_2"": ""Lincang"", ""NL_NAME_2"": ""临沧市"", ""NAME_3"": ""CangyuanVa"", ""VARNAME_3"": ""CāngyuánWǎzú"", ""NL_NAME_3"": ""沧源佤族自治县"", ""TYPE_3"": ""Zìzhìxiàn"", ""ENGTYPE_3"": ""AutonomousCounty"", ""CC_3"": ""NA"", ""HASC_3"": ""NA""}",GADM41 path/member name and GADM field schema; upstream checksum receipt not located
F:\云南极端降水数据\processed\boundary\Yunnan_GADM41_level3.geojson,,65,MultiPolygon,SOURCE_GEOMETRY_VALID,Valid Geometry,False,False,False,1,0,"[99.5178, 24.2274, 100.2215, 25.0407]",0.29863599499999993,degree_squared_NOT_km2,urn:ogc:def:crs:OGC:1.3:CRS84,ATTRIBUTE_SUPPORTED_YUNNAN,"{""GID_3"": ""CHN.30.9.2_1"", ""GID_0"": ""CHN"", ""COUNTRY"": ""China"", ""GID_1"": ""CHN.30_1"", ""NAME_1"": ""Yunnan"", ""NL_NAME_1"": ""雲南|云南"", ""GID_2"": ""CHN.30.9_1"", ""NAME_2"": ""Lincang"", ""NL_NAME_2"": ""临沧市"", ""NAME_3"": ""Fengqing"", ""VARNAME_3"": ""Fèngqìng"", ""NL_NAME_3"": ""凤庆县"", ""TYPE_3"": ""Xiàn"", ""ENGTYPE_3"": ""County"", ""CC_3"": ""NA"", ""HASC_3"": ""NA""}",GADM41 path/member name and GADM field schema; upstream checksum receipt not located
F:\云南极端降水数据\processed\boundary\Yunnan_GADM41_level3.geojson,,66,MultiPolygon,SOURCE_GEOMETRY_VALID,Valid Geometry,False,False,False,1,0,"[98.8077, 23.3507, 99.9017, 24.0258]",0.32389005999999887,degree_squared_NOT_km2,urn:ogc:def:crs:OGC:1.3:CRS84,ATTRIBUTE_SUPPORTED_YUNNAN,"{""GID_3"": ""CHN.30.9.3_1"", ""GID_0"": ""CHN"", ""COUNTRY"": ""China"", ""GID_1"": ""CHN.30_1"", ""NAME_1"": ""Yunnan"", ""NL_NAME_1"": ""雲南|云南"", ""GID_2"": ""CHN.30.9_1"", ""NAME_2"": ""Lincang"", ""NL_NAME_2"": ""临沧市"", ""NAME_3"": ""GengmaDaiandVa"", ""VARNAME_3"": ""GěngmǎDǎizúWǎzú"", ""NL_NAME_3"": ""耿马傣族佤族自治县"", ""TYPE_3"": ""Zìzhìxiàn"", ""ENGTYPE_3"": ""AutonomousCounty"", ""CC_3"": ""NA"", ""HASC_3"": ""NA""}",GADM41 path/member name and GADM field schema; upstream checksum receipt not located
F:\云南极端降水数据\processed\boundary\Yunnan_GADM41_level3.geojson,,67,MultiPolygon,SOURCE_GEOMETRY_VALID,Valid Geometry,False,False,False,1,0,"[99.846, 23.4915, 100.4353, 24.2585]",0.22988660000000063,degree_squared_NOT_km2,urn:ogc:def:crs:OGC:1.3:CRS84,ATTRIBUTE_SUPPORTED_YUNNAN,"{""GID_3"": ""CHN.30.9.4_1"", ""GID_0"": ""CHN"", ""COUNTRY"": ""China"", ""GID_1"": ""CHN.30_1"", ""NAME_1"": ""Yunnan"", ""NL_NAME_1"": ""雲南|云南"", ""GID_2"": ""CHN.30.9_1"", ""NAME_2"": ""Lincang"", ""NL_NAME_2"": ""临沧市"", ""NAME_3"": ""Lincang"", ""VARNAME_3"": ""NA"", ""NL_NAME_3"": ""NA"", ""TYPE_3"": ""Xiàn"", ""ENGTYPE_3"": ""County"", ""CC_3"": ""NA"", ""HASC_3"": ""NA""}",GADM41 path/member name and GADM field schema; upstream checksum receipt not located
F:\云南极端降水数据\processed\boundary\Yunnan_GADM41_level3.geojson,,68,MultiPolygon,SOURCE_GEOMETRY_VALID,Valid Geometry,False,False,False,1,0,"[99.5857, 23.2015, 100.1551, 23.8128]",0.19081211999999922,degree_squared_NOT_km2,urn:ogc:def:crs:OGC:1.3:CRS84,ATTRIBUTE_SUPPORTED_YUNNAN,"{""GID_3"": ""CHN.30.9.5_1"", ""GID_0"": ""CHN"", ""COUNTRY"": ""China"", ""GID_1"": ""CHN.30_1"", ""NAME_1"": ""Yunnan"", ""NL_NAME_1"": ""雲南|云南"", ""GID_2"": ""CHN.30.9_1"", ""NAME_2"": ""Lincang"", ""NL_NAME_2"": ""临沧市"", ""NAME_3"": ""ShuangjiangLahu,Va,Blangand"", ""VARNAME_3"": ""ShuāngjiāngLāhùzúWǎzúBùlǎngzú"", ""NL_NAME_3"": ""双江拉祜族佤族布朗族傣族自治县"", ""TYPE_3"": ""Zìzhìxiàn"", ""ENGTYPE_3"": ""AutonomousCounty"", ""CC_3"": ""NA"", ""HASC_3"": ""NA""}",GADM41 path/member name and GADM field schema; upstream checksum receipt not located
F:\云南极端降水数据\processed\boundary\Yunnan_GADM41_level3.geojson,,69,MultiPolygon,SOURCE_GEOMETRY_VALID,Valid Geometry,False,False,False,1,0,"[99.0912, 23.7519, 99.8456, 24.4519]",0.28648497499999914,degree_squared_NOT_km2,urn:ogc:def:crs:OGC:1.3:CRS84,ATTRIBUTE_SUPPORTED_YUNNAN,"{""GID_3"": ""CHN.30.9.6_1"", ""GID_0"": ""CHN"", ""COUNTRY"": ""China"", ""GID_1"": ""CHN.30_1"", ""NAME_1"": ""Yunnan"", ""NL_NAME_1"": ""雲南|云南"", ""GID_2"": ""CHN.30.9_1"", ""NAME_2"": ""Lincang"", ""NL_NAME_2"": ""临沧市"", ""NAME_3"": ""Yongde"", ""VARNAME_3"": ""Yǒngdé"", ""NL_NAME_3"": ""永德县"", ""TYPE_3"": ""Xiàn"", ""ENGTYPE_3"": ""County"", ""CC_3"": ""NA"", ""HASC_3"": ""NA""}",GADM41 path/member name and GADM field schema; upstream checksum receipt not located
F:\云南极端降水数据\processed\boundary\Yunnan_GADM41_level3.geojson,,70,MultiPolygon,SOURCE_GEOMETRY_VALID,Valid Geometry,False,False,False,1,0,"[99.726, 23.9555, 100.5488, 24.7639]",0.3241182400000008,degree_squared_NOT_km2,urn:ogc:def:crs:OGC:1.3:CRS84,ATTRIBUTE_SUPPORTED_YUNNAN,"{""GID_3"": ""CHN.30.9.7_1"", ""GID_0"": ""CHN"", ""COUNTRY"": ""China"", ""GID_1"": ""CHN.30_1"", ""NAME_1"": ""Yunnan"", ""NL_NAME_1"": ""雲南|云南"", ""GID_2"": ""CHN.30.9_1"", ""NAME_2"": ""Lincang"", ""NL_NAME_2"": ""临沧市"", ""NAME_3"": ""Yun"", ""VARNAME_3"": ""Yún"", ""NL_NAME_3"": ""云县"", ""TYPE_3"": ""Xiàn"", ""ENGTYPE_3"": ""County"", ""CC_3"": ""NA"", ""HASC_3"": ""NA""}",GADM41 path/member name and GADM field schema; upstream checksum receipt not located
F:\云南极端降水数据\processed\boundary\Yunnan_GADM41_level3.geojson,,71,MultiPolygon,SOURCE_GEOMETRY_VALID,Valid Geometry,False,False,False,1,0,"[98.6785, 23.6294, 99.3715, 24.2593]",0.22351393500000027,degree_squared_NOT_km2,urn:ogc:def:crs:OGC:1.3:CRS84,ATTRIBUTE_SUPPORTED_YUNNAN,"{""GID_3"": ""CHN.30.9.8_1"", ""GID_0"": ""CHN"", ""COUNTRY"": ""China"", ""GID_1"": ""CHN.30_1"", ""NAME_1"": ""Yunnan"", ""NL_NAME_1"": ""雲南|云南"", ""GID_2"": ""CHN.30.9_1"", ""NAME_2"": ""Lincang"", ""NL_NAME_2"": ""临沧市"", ""NAME_3"": ""Zhenkang"", ""VARNAME_3"": ""Zhènkāng"", ""NL_NAME_3"": ""镇康县"", ""TYPE_3"": ""Xiàn"", ""ENGTYPE_3"": ""County"", ""CC_3"": ""NA"", ""HASC_3"": ""NA""}",GADM41 path/member name and GADM field schema; upstream checksum receipt not located
F:\云南极端降水数据\processed\boundary\Yunnan_GADM41_level3.geojson,,72,MultiPolygon,SOURCE_GEOMETRY_VALID,Valid Geometry,False,False,False,1,0,"[98.686, 26.4694, 99.0346, 27.5192]",0.24984210499999981,degree_squared_NOT_km2,urn:ogc:def:crs:OGC:1.3:CRS84,ATTRIBUTE_SUPPORTED_YUNNAN,"{""GID_3"": ""CHN.30.10.1_1"", ""GID_0"": ""CHN"", ""COUNTRY"": ""China"", ""GID_1"": ""CHN.30_1"", ""NAME_1"": ""Yunnan"", ""NL_NAME_1"": ""雲南|云南"", ""GID_2"": ""CHN.30.10_1"", ""NAME_2"": ""NujiangLisu"", ""NL_NAME_2"": ""怒江傈僳族自治州"", ""NAME_3"": ""Bijiang"", ""VARNAME_3"": ""NA"", ""NL_NAME_3"": ""NA"", ""TYPE_3"": ""Xiàn"", ""ENGTYPE_3"": ""County"", ""CC_3"": ""NA"", ""HASC_3"": ""NA""}",GADM41 path/member name and GADM field schema; upstream checksum receipt not located
F:\云南极端降水数据\processed\boundary\Yunnan_GADM41_level3.geojson,,73,MultiPolygon,SOURCE_GEOMETRY_VALID,Valid Geometry,False,False,False,1,0,"[98.1374, 27.4944, 98.9149, 28.3969]",0.394318875,degree_squared_NOT_km2,urn:ogc:def:crs:OGC:1.3:CRS84,ATTRIBUTE_SUPPORTED_YUNNAN,"{""GID_3"": ""CHN.30.10.2_1"", ""GID_0"": ""CHN"", ""COUNTRY"": ""China"", ""GID_1"": ""CHN.30_1"", ""NAME_1"": ""Yunnan"", ""NL_NAME_1"": ""雲南|云南"", ""GID_2"": ""CHN.30.10_1"", ""NAME_2"": ""NujiangLisu"", ""NL_NAME_2"": ""怒江傈僳族自治州"", ""NAME_3"": ""GongshanDerungandNu"", ""VARNAME_3"": ""GòngshānDúlóngzúNùzú"", ""NL_NAME_3"": ""贡山独龙族怒族自治县"", ""TYPE_3"": ""Zìzhìxiàn"", ""ENGTYPE_3"": ""AutonomousCounty"", ""CC_3"": ""NA"", ""HASC_3"": ""NA""}",GADM41 path/member name and GADM field schema; upstream checksum receipt not located
F:\云南极端降水数据\processed\boundary\Yunnan_GADM41_level3.geojson,,74,MultiPolygon,SOURCE_GEOMETRY_VALID,Valid Geometry,False,False,False,1,0,"[98.9597, 26.1107, 99.6475, 27.0816]",0.3982961600000005,degree_squared_NOT_km2,urn:ogc:def:crs:OGC:1.3:CRS84,ATTRIBUTE_SUPPORTED_YUNNAN,"{""GID_3"": ""CHN.30.10.3_1"", ""GID_0"": ""CHN"", ""COUNTRY"": ""China"", ""GID_1"": ""CHN.30_1"", ""NAME_1"": ""Yunnan"", ""NL_NAME_1"": ""雲南|云南"", ""GID_2"": ""CHN.30.10_1"", ""NAME_2"": ""NujiangLisu"", ""NL_NAME_2"": ""怒江傈僳族自治州"", ""NAME_3"": ""LanpingBaiandPumi"", ""VARNAME_3"": ""LánpíngBáizúPǔmǐzú"", ""NL_NAME_3"": ""兰坪白族普米族自治县"", ""TYPE_3"": ""Zìzhìxiàn"", ""ENGTYPE_3"": ""AutonomousCounty"", ""CC_3"": ""NA"", ""HASC_3"": ""NA""}",GADM41 path/member name and GADM field schema; upstream checksum receipt not located
F:\云南极端降水数据\processed\boundary\Yunnan_GADM41_level3.geojson,,75,MultiPolygon,SOURCE_GEOMETRY_VALID,Valid Geometry,False,False,False,1,0,"[98.5729, 25.5476, 99.1377, 26.5296]",0.27791893999999995,degree_squared_NOT_km2,urn:ogc:def:crs:OGC:1.3:CRS84,ATTRIBUTE_SUPPORTED_YUNNAN,"{""GID_3"": ""CHN.30.10.4_1"", ""GID_0"": ""CHN"", ""COUNTRY"": ""China"", ""GID_1"": ""CHN.30_1"", ""NAME_1"": ""Yunnan"", ""NL_NAME_1"": ""雲南|云南"", ""GID_2"": ""CHN.30.10_1"", ""NAME_2"": ""NujiangLisu"", ""NL_NAME_2"": ""怒江傈僳族自治州"", ""NAME_3"": ""Lushui"", ""VARNAME_3"": ""Lúshuǐ"", ""NL_NAME_3"": ""泸水县"", ""TYPE_3"": ""Xiàn"", ""ENGTYPE_3"": ""County"", ""CC_3"": ""NA"", ""HASC_3"": ""NA""}",GADM41 path/member name and GADM field schema; upstream checksum receipt not located
F:\云南极端降水数据\processed\boundary\Yunnan_GADM41_level3.geojson,,76,MultiPolygon,SOURCE_GEOMETRY_VALID,Valid Geometry,False,False,False,1,0,"[101.2121, 22.3378, 102.3249, 22.9271]",0.30329579499999915,degree_squared_NOT_km2,urn:ogc:def:crs:OGC:1.3:CRS84,ATTRIBUTE_SUPPORTED_YUNNAN,"{""GID_3"": ""CHN.30.11.1_1"", ""GID_0"": ""CHN"", ""COUNTRY"": ""China"", ""GID_1"": ""CHN.30_1"", ""NAME_1"": ""Yunnan"", ""NL_NAME_1"": ""雲南|云南"", ""GID_2"": ""CHN.30.11_1"", ""NAME_2"": ""Pu'er"", ""NL_NAME_2"": ""普洱市"", ""NAME_3"": ""JiangchengHaniandYi"", ""VARNAME_3"": ""JiāngchéngHānízúYízú"", ""NL_NAME_3"": ""江城哈尼族彝族自治县"", ""TYPE_3"": ""Zìzhìxiàn"", ""ENGTYPE_3"": ""AutonomousCounty"", ""CC_3"": ""NA"", ""HASC_3"": ""NA""}",GADM41 path/member name and GADM field schema; upstream checksum receipt not located
F:\云南极端降水数据\processed\boundary\Yunnan_GADM41_level3.geojson,,77,MultiPolygon,SOURCE_GEOMETRY_VALID,Valid Geometry,False,False,False,1,0,"[100.3655, 23.9405, 101.2524, 24.8285]",0.39463424499999755,degree_squared_NOT_km2,urn:ogc:def:crs:OGC:1.3:CRS84,ATTRIBUTE_SUPPORTED_YUNNAN,"{""GID_3"": ""CHN.30.11.2_1"", ""GID_0"": ""CHN"", ""COUNTRY"": ""China"", ""GID_1"": ""CHN.30_1"", ""NAME_1"": ""Yunnan"", ""NL_NAME_1"": ""雲南|云南"", ""GID_2"": ""CHN.30.11_1"", ""NAME_2"": ""Pu'er"", ""NL_NAME_2"": ""普洱市"", ""NAME_3"": ""JingdongYi"", ""VARNAME_3"": ""JǐngdōngYízú"", ""NL_NAME_3"": ""景东彝族自治县"", ""TYPE_3"": ""Zìzhìxiàn"", ""ENGTYPE_3"": ""AutonomousCounty"", ""CC_3"": ""NA"", ""HASC_3"": ""NA""}",GADM41 path/member name and GADM field schema; upstream checksum receipt not located
F:\云南极端降水数据\processed\boundary\Yunnan_GADM41_level3.geojson,,78,MultiPolygon,SOURCE_GEOMETRY_VALID,Valid Geometry,False,False,False,1,0,"[100.0418, 22.8158, 101.1194, 23.8624]",0.663658090000001,degree_squared_NOT_km2,urn:ogc:def:crs:OGC:1.3:CRS84,ATTRIBUTE_SUPPORTED_YUNNAN,"{""GID_3"": ""CHN.30.11.3_1"", ""GID_0"": ""CHN"", ""COUNTRY"": ""China"", ""GID_1"": ""CHN.30_1"", ""NAME_1"": ""Yunnan"", ""NL_NAME_1"": ""雲南|云南"", ""GID_2"": ""CHN.30.11_1"", ""NAME_2"": ""Pu'er"", ""NL_NAME_2"": ""普洱市"", ""NAME_3"": ""JingguDaiandYi"", ""VARNAME_3"": ""JǐnggǔDǎizúYízú"", ""NL_NAME_3"": ""景谷傣族彝族自治县"", ""TYPE_3"": ""Zìzhìxiàn"", ""ENGTYPE_3"": ""AutonomousCounty"", ""CC_3"": ""NA"", ""HASC_3"": ""NA""}",GADM41 path/member name and GADM field schema; upstream checksum receipt not located
F:\云南极端降水数据\processed\boundary\Yunnan_GADM41_level3.geojson,,79,MultiPolygon,SOURCE_GEOMETRY_VALID,Valid Geometry,False,False,False,1,0,"[99.494, 22.0237, 100.5815, 23.2589]",0.7539188550000009,degree_squared_NOT_km2,urn:ogc:def:crs:OGC:1.3:CRS84,ATTRIBUTE_SUPPORTED_YUNNAN,"{""GID_3"": ""CHN.30.11.4_1"", ""GID_0"": ""CHN"", ""COUNTRY"": ""China"", ""GID_1"": ""CHN.30_1"", ""NAME_1"": ""Yunnan"", ""NL_NAME_1"": ""雲南|云南"", ""GID_2"": ""CHN.30.11_1"", ""NAME_2"": ""Pu'er"", ""NL_NAME_2"": ""普洱市"", ""NAME_3"": ""LancangLahu"", ""VARNAME_3"": ""LáncāngLāhùzú"", ""NL_NAME_3"": ""澜沧拉祜族自治县"", ""TYPE_3"": ""Zìzhìxiàn"", ""ENGTYPE_3"": ""AutonomousCounty"", ""CC_3"": ""NA"", ""HASC_3"": ""NA""}",GADM41 path/member name and GADM field schema; upstream checksum receipt not located
F:\云南极端降水数据\processed\boundary\Yunnan_GADM41_level3.geojson,,80,MultiPolygon,SOURCE_GEOMETRY_VALID,Valid Geometry,False,False,False,1,0,"[99.1635, 22.0967, 99.7588, 22.5338]",0.16354945000000032,degree_squared_NOT_km2,urn:ogc:def:crs:OGC:1.3:CRS84,ATTRIBUTE_SUPPORTED_YUNNAN,"{""GID_3"": ""CHN.30.11.5_1"", ""GID_0"": ""CHN"", ""COUNTRY"": ""China"", ""GID_1"": ""CHN.30_1"", ""NAME_1"": ""Yunnan"", ""NL_NAME_1"": ""雲南|云南"", ""GID_2"": ""CHN.30.11_1"", ""NAME_2"": ""Pu'er"", ""NL_NAME_2"": ""普洱市"", ""NAME_3"": ""MenglianDai,LahuandVa"", ""VARNAME_3"": ""MèngliánDǎizúLāhùzúWǎzú"", ""NL_NAME_3"": ""孟连傣族拉祜族佤族自治县"", ""TYPE_3"": ""Zìzhìxiàn"", ""ENGTYPE_3"": ""AutonomousCounty"", ""CC_3"": ""NA"", ""HASC_3"": ""NA""}",GADM41 path/member name and GADM field schema; upstream checksum receipt not located
F:\云南极端降水数据\processed\boundary\Yunnan_GADM41_level3.geojson,,81,MultiPolygon,SOURCE_GEOMETRY_VALID,Valid Geometry,False,False,False,1,0,"[101.1269, 22.8521, 102.0662, 23.9775]",0.46391346500000064,degree_squared_NOT_km2,urn:ogc:def:crs:OGC:1.3:CRS84,ATTRIBUTE_SUPPORTED_YUNNAN,"{""GID_3"": ""CHN.30.11.6_1"", ""GID_0"": ""CHN"", ""COUNTRY"": ""China"", ""GID_1"": ""CHN.30_1"", ""NAME_1"": ""Yunnan"", ""NL_NAME_1"": ""雲南|云南"", ""GID_2"": ""CHN.30.11_1"", ""NAME_2"": ""Pu'er"", ""NL_NAME_2"": ""普洱市"", ""NAME_3"": ""MojiangHani"", ""VARNAME_3"": ""MòjiāngHānízú"", ""NL_NAME_3"": ""墨江哈尼族自治县"", ""TYPE_3"": ""Zìzhìxiàn"", ""ENGTYPE_3"": ""AutonomousCounty"", ""CC_3"": ""NA"", ""HASC_3"": ""NA""}",GADM41 path/member name and GADM field schema; upstream checksum receipt not located
F:\云南极端降水数据\processed\boundary\Yunnan_GADM41_level3.geojson,,82,MultiPolygon,SOURCE_GEOMETRY_VALID,Valid Geometry,False,False,False,1,0,"[100.7164, 22.6822, 101.6005, 23.5945]",0.3235081949999979,degree_squared_NOT_km2,urn:ogc:def:crs:OGC:1.3:CRS84,ATTRIBUTE_SUPPORTED_YUNNAN,"{""GID_3"": ""CHN.30.11.7_1"", ""GID_0"": ""CHN"", ""COUNTRY"": ""China"", ""GID_1"": ""CHN.30_1"", ""NAME_1"": ""Yunnan"", ""NL_NAME_1"": ""雲南|云南"", ""GID_2"": ""CHN.30.11_1"", ""NAME_2"": ""Pu'er"", ""NL_NAME_2"": ""普洱市"", ""NAME_3"": ""Puer"", ""VARNAME_3"": ""NA"", ""NL_NAME_3"": ""NA"", ""TYPE_3"": ""Xiàn"", ""ENGTYPE_3"": ""County"", ""CC_3"": ""NA"", ""HASC_3"": ""NA""}",GADM41 path/member name and GADM field schema; upstream checksum receipt not located
F:\云南极端降水数据\processed\boundary\Yunnan_GADM41_level3.geojson,,83,MultiPolygon,SOURCE_GEOMETRY_VALID,Valid Geometry,False,False,False,1,0,"[100.3264, 22.4536, 101.4462, 23.0884]",0.3393741599999998,degree_squared_NOT_km2,urn:ogc:def:crs:OGC:1.3:CRS84,ATTRIBUTE_SUPPORTED_YUNNAN,"{""GID_3"": ""CHN.30.11.8_1"", ""GID_0"": ""CHN"", ""COUNTRY"": ""China"", ""GID_1"": ""CHN.30_1"", ""NAME_1"": ""Yunnan"", ""NL_NAME_1"": ""雲南|云南"", ""GID_2"": ""CHN.30.11_1"", ""NAME_2"": ""Pu'er"", ""NL_NAME_2"": ""普洱市"", ""NAME_3"": ""Simao"", ""VARNAME_3"": ""Sīmáo"", ""NL_NAME_3"": ""思茅区"", ""TYPE_3"": ""Shìxiáqū"", ""ENGTYPE_3"": ""District"", ""CC_3"": ""NA"", ""HASC_3"": ""NA""}",GADM41 path/member name and GADM field schema; upstream checksum receipt not located
F:\云南极端降水数据\processed\boundary\Yunnan_GADM41_level3.geojson,,84,MultiPolygon,SOURCE_GEOMETRY_VALID,Valid Geometry,False,False,False,1,0,"[99.322, 22.4564, 99.7151, 22.9469]",0.11709080499999966,degree_squared_NOT_km2,urn:ogc:def:crs:OGC:1.3:CRS84,ATTRIBUTE_SUPPORTED_YUNNAN,"{""GID_3"": ""CHN.30.11.9_1"", ""GID_0"": ""CHN"", ""COUNTRY"": ""China"", ""GID_1"": ""CHN.30_1"", ""NAME_1"": ""Yunnan"", ""NL_NAME_1"": ""雲南|云南"", ""GID_2"": ""CHN.30.11_1"", ""NAME_2"": ""Pu'er"", ""NL_NAME_2"": ""普洱市"", ""NAME_3"": ""XimengVa"", ""VARNAME_3"": ""XīméngWǎzú"", ""NL_NAME_3"": ""西盟佤族自治县"", ""TYPE_3"": ""Zìzhìxiàn"", ""ENGTYPE_3"": ""AutonomousCounty"", ""CC_3"": ""NA"", ""HASC_3"": ""NA""}",GADM41 path/member name and GADM field schema; upstream checksum receipt not located
F:\云南极端降水数据\processed\boundary\Yunnan_GADM41_level3.geojson,,85,MultiPolygon,SOURCE_GEOMETRY_VALID,Valid Geometry,False,False,False,1,0,"[100.3599, 23.5736, 101.4991, 24.3572]",0.36427027999999995,degree_squared_NOT_km2,urn:ogc:def:crs:OGC:1.3:CRS84,ATTRIBUTE_SUPPORTED_YUNNAN,"{""GID_3"": ""CHN.30.11.10_1"", ""GID_0"": ""CHN"", ""COUNTRY"": ""China"", ""GID_1"": ""CHN.30_1"", ""NAME_1"": ""Yunnan"", ""NL_NAME_1"": ""雲南|云南"", ""GID_2"": ""CHN.30.11_1"", ""NAME_2"": ""Pu'er"", ""NL_NAME_2"": ""普洱市"", ""NAME_3"": ""ZhenyuanYi,HaniandLahu"", ""VARNAME_3"": ""ZhènyuánYízúHānízúLāhùzú"", ""NL_NAME_3"": ""镇沅彝族哈尼族拉祜族自治县"", ""TYPE_3"": ""Zìzhìxiàn"", ""ENGTYPE_3"": ""AutonomousCounty"", ""CC_3"": ""NA"", ""HASC_3"": ""NA""}",GADM41 path/member name and GADM field schema; upstream checksum receipt not located
F:\云南极端降水数据\processed\boundary\Yunnan_GADM41_level3.geojson,,86,MultiPolygon,SOURCE_GEOMETRY_VALID,Valid Geometry,False,False,False,1,0,"[103.9826, 25.0428, 104.8193, 25.9725]",0.2903827050000012,degree_squared_NOT_km2,urn:ogc:def:crs:OGC:1.3:CRS84,ATTRIBUTE_SUPPORTED_YUNNAN,"{""GID_3"": ""CHN.30.12.1_1"", ""GID_0"": ""CHN"", ""COUNTRY"": ""China"", ""GID_1"": ""CHN.30_1"", ""NAME_1"": ""Yunnan"", ""NL_NAME_1"": ""雲南|云南"", ""GID_2"": ""CHN.30.12_1"", ""NAME_2"": ""Qujing"", ""NL_NAME_2"": ""曲靖市"", ""NAME_3"": ""Fuyuan"", ""VARNAME_3"": ""Fùyuán"", ""NL_NAME_3"": ""富源县"", ""TYPE_3"": ""Xiàn"", ""ENGTYPE_3"": ""County"", ""CC_3"": ""NA"", ""HASC_3"": ""NA""}",GADM41 path/member name and GADM field schema; upstream checksum receipt not located
F:\云南极端降水数据\processed\boundary\Yunnan_GADM41_level3.geojson,,87,MultiPolygon,SOURCE_GEOMETRY_VALID,Valid Geometry,False,False,False,1,0,"[103.0546, 25.8088, 103.9113, 27.0524]",0.5300501800000024,degree_squared_NOT_km2,urn:ogc:def:crs:OGC:1.3:CRS84,ATTRIBUTE_SUPPORTED_YUNNAN,"{""GID_3"": ""CHN.30.12.2_1"", ""GID_0"": ""CHN"", ""COUNTRY"": ""China"", ""GID_1"": ""CHN.30_1"", ""NAME_1"": ""Yunnan"", ""NL_NAME_1"": ""雲南|云南"", ""GID_2"": ""CHN.30.12_1"", ""NAME_2"": ""Qujing"", ""NL_NAME_2"": ""曲靖市"", ""NAME_3"": ""Huize"", ""VARNAME_3"": ""Huìzé"", ""NL_NAME_3"": ""会泽县"", ""TYPE_3"": ""Xiàn"", ""ENGTYPE_3"": ""County"", ""CC_3"": ""NA"", ""HASC_3"": ""NA""}",GADM41 path/member name and GADM field schema; upstream checksum receipt not located
F:\云南极端降水数据\processed\boundary\Yunnan_GADM41_level3.geojson,,88,MultiPolygon,SOURCE_GEOMETRY_VALID,Valid Geometry,False,False,False,1,0,"[103.4068, 24.7381, 104.0193, 25.3374]",0.18017404499999973,degree_squared_NOT_km2,urn:ogc:def:crs:OGC:1.3:CRS84,ATTRIBUTE_SUPPORTED_YUNNAN,"{""GID_3"": ""CHN.30.12.3_1"", ""GID_0"": ""CHN"", ""COUNTRY"": ""China"", ""GID_1"": ""CHN.30_1"", ""NAME_1"": ""Yunnan"", ""NL_NAME_1"": ""雲南|云南"", ""GID_2"": ""CHN.30.12_1"", ""NAME_2"": ""Qujing"", ""NL_NAME_2"": ""曲靖市"", ""NAME_3"": ""Luliang"", ""VARNAME_3"": ""Lùliáng"", ""NL_NAME_3"": ""陆良县"", ""TYPE_3"": ""Xiàn"", ""ENGTYPE_3"": ""County"", ""CC_3"": ""NA"", ""HASC_3"": ""NA""}",GADM41 path/member name and GADM field schema; upstream checksum receipt not located
F:\云南极端降水数据\processed\boundary\Yunnan_GADM41_level3.geojson,,89,MultiPolygon,SOURCE_GEOMETRY_VALID,Valid Geometry,False,False,False,1,0,"[103.9438, 24.5273, 104.7098, 25.4133]",0.26983892999999975,degree_squared_NOT_km2,urn:ogc:def:crs:OGC:1.3:CRS84,ATTRIBUTE_SUPPORTED_YUNNAN,"{""GID_3"": ""CHN.30.12.4_1"", ""GID_0"": ""CHN"", ""COUNTRY"": ""China"", ""GID_1"": ""CHN.30_1"", ""NAME_1"": ""Yunnan"", ""NL_NAME_1"": ""雲南|云南"", ""GID_2"": ""CHN.30.12_1"", ""NAME_2"": ""Qujing"", ""NL_NAME_2"": ""曲靖市"", ""NAME_3"": ""Luoping"", ""VARNAME_3"": ""Luópíng"", ""NL_NAME_3"": ""罗平县"", ""TYPE_3"": ""Xiàn"", ""ENGTYPE_3"": ""County"", ""CC_3"": ""NA"", ""HASC_3"": ""NA""}",GADM41 path/member name and GADM field schema; upstream checksum receipt not located
F:\云南极端降水数据\processed\boundary\Yunnan_GADM41_level3.geojson,,90,MultiPolygon,SOURCE_GEOMETRY_VALID,Valid Geometry,False,False,False,1,0,"[103.2707, 25.1439, 103.7731, 25.6117]",0.15231301999999955,degree_squared_NOT_km2,urn:ogc:def:crs:OGC:1.3:CRS84,ATTRIBUTE_SUPPORTED_YUNNAN,"{""GID_3"": ""CHN.30.12.5_1"", ""GID_0"": ""CHN"", ""COUNTRY"": ""China"", ""GID_1"": ""CHN.30_1"", ""NAME_1"": ""Yunnan"", ""NL_NAME_1"": ""雲南|云南"", ""GID_2"": ""CHN.30.12_1"", ""NAME_2"": ""Qujing"", ""NL_NAME_2"": ""曲靖市"", ""NAME_3"": ""Malong"", ""VARNAME_3"": ""Mǎlóng"", ""NL_NAME_3"": ""马龙县"", ""TYPE_3"": ""Xiàn"", ""ENGTYPE_3"": ""County"", ""CC_3"": ""NA"", ""HASC_3"": ""NA""}",GADM41 path/member name and GADM field schema; upstream checksum receipt not located
F:\云南极端降水数据\processed\boundary\Yunnan_GADM41_level3.geojson,,91,MultiPolygon,SOURCE_GEOMETRY_VALID,Valid Geometry,False,False,False,1,0,"[103.7095, 24.3535, 104.5692, 25.0027]",0.24780060000000004,degree_squared_NOT_km2,urn:ogc:def:crs:OGC:1.3:CRS84,ATTRIBUTE_SUPPORTED_YUNNAN,"{""GID_3"": ""CHN.30.12.6_1"", ""GID_0"": ""CHN"", ""COUNTRY"": ""China"", ""GID_1"": ""CHN.30_1"", ""NAME_1"": ""Yunnan"", ""NL_NAME_1"": ""雲南|云南"", ""GID_2"": ""CHN.30.12_1"", ""NAME_2"": ""Qujing"", ""NL_NAME_2"": ""曲靖市"", ""NAME_3"": ""Shizong"", ""VARNAME_3"": ""Shīzōng"", ""NL_NAME_3"": ""师宗县"", ""TYPE_3"": ""Xiàn"", ""ENGTYPE_3"": ""County"", ""CC_3"": ""NA"", ""HASC_3"": ""NA""}",GADM41 path/member name and GADM field schema; upstream checksum receipt not located
F:\云南极端降水数据\processed\boundary\Yunnan_GADM41_level3.geojson,,92,MultiPolygon,SOURCE_GEOMETRY_VALID,Valid Geometry,False,False,False,1,0,"[103.594, 25.8967, 104.6779, 26.7139]",0.5463076200000004,degree_squared_NOT_km2,urn:ogc:def:crs:OGC:1.3:CRS84,ATTRIBUTE_SUPPORTED_YUNNAN,"{""GID_3"": ""CHN.30.12.7_1"", ""GID_0"": ""CHN"", ""COUNTRY"": ""China"", ""GID_1"": ""CHN.30_1"", ""NAME_1"": ""Yunnan"", ""NL_NAME_1"": ""雲南|云南"", ""GID_2"": ""CHN.30.12_1"", ""NAME_2"": ""Qujing"", ""NL_NAME_2"": ""曲靖市"", ""NAME_3"": ""Xuanwei"", ""VARNAME_3"": ""Xuānwēi"", ""NL_NAME_3"": ""宣威市"", ""TYPE_3"": ""Xiànjíshì"", ""ENGTYPE_3"": ""CountyCity"", ""CC_3"": ""NA"", ""HASC_3"": ""NA""}",GADM41 path/member name and GADM field schema; upstream checksum receipt not located
F:\云南极端降水数据\processed\boundary\Yunnan_GADM41_level3.geojson,,93,MultiPolygon,SOURCE_GEOMETRY_VALID,Valid Geometry,False,False,False,1,0,"[103.4891, 25.1194, 104.2196, 26.0884]",0.37749802499999907,degree_squared_NOT_km2,urn:ogc:def:crs:OGC:1.3:CRS84,ATTRIBUTE_SUPPORTED_YUNNAN,"{""GID_3"": ""CHN.30.12.8_1"", ""GID_0"": ""CHN"", ""COUNTRY"": ""China"", ""GID_1"": ""CHN.30_1"", ""NAME_1"": ""Yunnan"", ""NL_NAME_1"": ""雲南|云南"", ""GID_2"": ""CHN.30.12_1"", ""NAME_2"": ""Qujing"", ""NL_NAME_2"": ""曲靖市"", ""NAME_3"": ""Zhanyi"", ""VARNAME_3"": ""Zhānyì"", ""NL_NAME_3"": ""沾益县"", ""TYPE_3"": ""Xiàn"", ""ENGTYPE_3"": ""County"", ""CC_3"": ""NA"", ""HASC_3"": ""NA""}",GADM41 path/member name and GADM field schema; upstream checksum receipt not located
F:\云南极端降水数据\processed\boundary\Yunnan_GADM41_level3.geojson,,94,MultiPolygon,SOURCE_GEOMETRY_VALID,Valid Geometry,False,False,False,1,0,"[105.2228, 23.1886, 106.1942, 24.142]",0.4677891350000005,degree_squared_NOT_km2,urn:ogc:def:crs:OGC:1.3:CRS84,ATTRIBUTE_SUPPORTED_YUNNAN,"{""GID_3"": ""CHN.30.13.1_1"", ""GID_0"": ""CHN"", ""COUNTRY"": ""China"", ""GID_1"": ""CHN.30_1"", ""NAME_1"": ""Yunnan"", ""NL_NAME_1"": ""雲南|云南"", ""GID_2"": ""CHN.30.13_1"", ""NAME_2"": ""WenshanZhuangandMiao"", ""NL_NAME_2"": ""文山壮族苗族自治州"", ""NAME_3"": ""Funing"", ""VARNAME_3"": ""Fùníng"", ""NL_NAME_3"": ""富宁县"", ""TYPE_3"": ""Xiàn"", ""ENGTYPE_3"": ""County"", ""CC_3"": ""NA"", ""HASC_3"": ""NA""}",GADM41 path/member name and GADM field schema; upstream checksum receipt not located
F:\云南极端降水数据\processed\boundary\Yunnan_GADM41_level3.geojson,,95,MultiPolygon,SOURCE_GEOMETRY_VALID,Valid Geometry,False,False,False,1,0,"[104.5104, 23.4988, 105.5981, 24.4629]",0.6937983900000007,degree_squared_NOT_km2,urn:ogc:def:crs:OGC:1.3:CRS84,ATTRIBUTE_SUPPORTED_YUNNAN,"{""GID_3"": ""CHN.30.13.2_1"", ""GID_0"": ""CHN"", ""COUNTRY"": ""China"", ""GID_1"": ""CHN.30_1"", ""NAME_1"": ""Yunnan"", ""NL_NAME_1"": ""雲南|云南"", ""GID_2"": ""CHN.30.13_1"", ""NAME_2"": ""WenshanZhuangandMiao"", ""NL_NAME_2"": ""文山壮族苗族自治州"", ""NAME_3"": ""Guangnan"", ""VARNAME_3"": ""Guǎngnán"", ""NL_NAME_3"": ""广南县"", ""TYPE_3"": ""Xiàn"", ""ENGTYPE_3"": ""County"", ""CC_3"": ""NA"", ""HASC_3"": ""NA""}",GADM41 path/member name and GADM field schema; upstream checksum receipt not located
F:\云南极端降水数据\processed\boundary\Yunnan_GADM41_level3.geojson,,96,MultiPolygon,SOURCE_GEOMETRY_VALID,Valid Geometry,False,False,False,1,0,"[103.8821, 22.677, 104.652, 23.2404]",0.23457453499999759,degree_squared_NOT_km2,urn:ogc:def:crs:OGC:1.3:CRS84,ATTRIBUTE_SUPPORTED_YUNNAN,"{""GID_3"": ""CHN.30.13.3_1"", ""GID_0"": ""CHN"", ""COUNTRY"": ""China"", ""GID_1"": ""CHN.30_1"", ""NAME_1"": ""Yunnan"", ""NL_NAME_1"": ""雲南|云南"", ""GID_2"": ""CHN.30.13_1"", ""NAME_2"": ""WenshanZhuangandMiao"", ""NL_NAME_2"": ""文山壮族苗族自治州"", ""NAME_3"": ""Maguan"", ""VARNAME_3"": ""Mǎguān"", ""NL_NAME_3"": ""马关县"", ""TYPE_3"": ""Xiàn"", ""ENGTYPE_3"": ""County"", ""CC_3"": ""NA"", ""HASC_3"": ""NA""}",GADM41 path/member name and GADM field schema; upstream checksum receipt not located
F:\云南极端降水数据\processed\boundary\Yunnan_GADM41_level3.geojson,,97,MultiPolygon,SOURCE_GEOMETRY_VALID,Valid Geometry,False,False,False,1,0,"[104.5397, 22.8172, 105.3082, 23.5512]",0.20812551000000037,degree_squared_NOT_km2,urn:ogc:def:crs:OGC:1.3:CRS84,ATTRIBUTE_SUPPORTED_YUNNAN,"{""GID_3"": ""CHN.30.13.4_1"", ""GID_0"": ""CHN"", ""COUNTRY"": ""China"", ""GID_1"": ""CHN.30_1"", ""NAME_1"": ""Yunnan"", ""NL_NAME_1"": ""雲南|云南"", ""GID_2"": ""CHN.30.13_1"", ""NAME_2"": ""WenshanZhuangandMiao"", ""NL_NAME_2"": ""文山壮族苗族自治州"", ""NAME_3"": ""Malipo"", ""VARNAME_3"": ""Málìpō"", ""NL_NAME_3"": ""麻栗坡县"", ""TYPE_3"": ""Xiàn"", ""ENGTYPE_3"": ""County"", ""CC_3"": ""NA"", ""HASC_3"": ""NA""}",GADM41 path/member name and GADM field schema; upstream checksum receipt not located
F:\云南极端降水数据\processed\boundary\Yunnan_GADM41_level3.geojson,,98,MultiPolygon,SOURCE_GEOMETRY_VALID,Valid Geometry,False,False,False,1,0,"[103.5753, 23.7509, 104.5711, 24.4629]",0.447496635,degree_squared_NOT_km2,urn:ogc:def:crs:OGC:1.3:CRS84,ATTRIBUTE_SUPPORTED_YUNNAN,"{""GID_3"": ""CHN.30.13.5_1"", ""GID_0"": ""CHN"", ""COUNTRY"": ""China"", ""GID_1"": ""CHN.30_1"", ""NAME_1"": ""Yunnan"", ""NL_NAME_1"": ""雲南|云南"", ""GID_2"": ""CHN.30.13_1"", ""NAME_2"": ""WenshanZhuangandMiao"", ""NL_NAME_2"": ""文山壮族苗族自治州"", ""NAME_3"": ""Qiubei"", ""VARNAME_3"": ""Qiūběi"", ""NL_NAME_3"": ""丘北县"", ""TYPE_3"": ""Xiàn"", ""ENGTYPE_3"": ""County"", ""CC_3"": ""NA"", ""HASC_3"": ""NA""}",GADM41 path/member name and GADM field schema; upstream checksum receipt not located
F:\云南极端降水数据\processed\boundary\Yunnan_GADM41_level3.geojson,,99,MultiPolygon,SOURCE_GEOMETRY_VALID,Valid Geometry,False,False,False,1,0,"[103.7188, 23.0916, 104.4278, 23.7269]",0.2634492850000015,degree_squared_NOT_km2,urn:ogc:def:crs:OGC:1.3:CRS84,ATTRIBUTE_SUPPORTED_YUNNAN,"{""GID_3"": ""CHN.30.13.6_1"", ""GID_0"": ""CHN"", ""COUNTRY"": ""China"", ""GID_1"": ""CHN.30_1"", ""NAME_1"": ""Yunnan"", ""NL_NAME_1"": ""雲南|云南"", ""GID_2"": ""CHN.30.13_1"", ""NAME_2"": ""WenshanZhuangandMiao"", ""NL_NAME_2"": ""文山壮族苗族自治州"", ""NAME_3"": ""Wenshan"", ""VARNAME_3"": ""Wénshān"", ""NL_NAME_3"": ""文山县"", ""TYPE_3"": ""Xiàn"", ""ENGTYPE_3"": ""County"", ""CC_3"": ""NA"", ""HASC_3"": ""NA""}",GADM41 path/member name and GADM field schema; upstream checksum receipt not located
F:\云南极端降水数据\processed\boundary\Yunnan_GADM41_level3.geojson,,100,MultiPolygon,SOURCE_GEOMETRY_VALID,Valid Geometry,False,False,False,1,0,"[104.3714, 23.0859, 104.9796, 23.6195]",0.13325820999999988,degree_squared_NOT_km2,urn:ogc:def:crs:OGC:1.3:CRS84,ATTRIBUTE_SUPPORTED_YUNNAN,"{""GID_3"": ""CHN.30.13.7_1"", ""GID_0"": ""CHN"", ""COUNTRY"": ""China"", ""GID_1"": ""CHN.30_1"", ""NAME_1"": ""Yunnan"", ""NL_NAME_1"": ""雲南|云南"", ""GID_2"": ""CHN.30.13_1"", ""NAME_2"": ""WenshanZhuangandMiao"", ""NL_NAME_2"": ""文山壮族苗族自治州"", ""NAME_3"": ""Xichou"", ""VARNAME_3"": ""Xīchóu"", ""NL_NAME_3"": ""西畴县"", ""TYPE_3"": ""Xiàn"", ""ENGTYPE_3"": ""County"", ""CC_3"": ""NA"", ""HASC_3"": ""NA""}",GADM41 path/member name and GADM field schema; upstream checksum receipt not located
F:\云南极端降水数据\processed\boundary\Yunnan_GADM41_level3.geojson,,101,MultiPolygon,SOURCE_GEOMETRY_VALID,Valid Geometry,False,False,False,1,0,"[103.5822, 23.3137, 104.7345, 23.9867]",0.33853258499999944,degree_squared_NOT_km2,urn:ogc:def:crs:OGC:1.3:CRS84,ATTRIBUTE_SUPPORTED_YUNNAN,"{""GID_3"": ""CHN.30.13.8_1"", ""GID_0"": ""CHN"", ""COUNTRY"": ""China"", ""GID_1"": ""CHN.30_1"", ""NAME_1"": ""Yunnan"", ""NL_NAME_1"": ""雲南|云南"", ""GID_2"": ""CHN.30.13_1"", ""NAME_2"": ""WenshanZhuangandMiao"", ""NL_NAME_2"": ""文山壮族苗族自治州"", ""NAME_3"": ""Yanshan"", ""VARNAME_3"": ""Yànshān"", ""NL_NAME_3"": ""砚山县"", ""TYPE_3"": ""Xiàn"", ""ENGTYPE_3"": ""County"", ""CC_3"": ""NA"", ""HASC_3"": ""NA""}",GADM41 path/member name and GADM field schema; upstream checksum receipt not located
F:\云南极端降水数据\processed\boundary\Yunnan_GADM41_level3.geojson,,102,MultiPolygon,SOURCE_GEOMETRY_VALID,Valid Geometry,False,False,False,1,0,"[100.3997, 21.4503, 101.5106, 22.5914]",0.6162109550000012,degree_squared_NOT_km2,urn:ogc:def:crs:OGC:1.3:CRS84,ATTRIBUTE_SUPPORTED_YUNNAN,"{""GID_3"": ""CHN.30.14.1_1"", ""GID_0"": ""CHN"", ""COUNTRY"": ""China"", ""GID_1"": ""CHN.30_1"", ""NAME_1"": ""Yunnan"", ""NL_NAME_1"": ""雲南|云南"", ""GID_2"": ""CHN.30.14_1"", ""NAME_2"": ""XishuangbannaDai"", ""NL_NAME_2"": ""西双版纳傣族自治州"", ""NAME_3"": ""Jinghong"", ""VARNAME_3"": ""Jǐnghóng"", ""NL_NAME_3"": ""景洪市"", ""TYPE_3"": ""Xiànjíshì"", ""ENGTYPE_3"": ""CountyCity"", ""CC_3"": ""NA"", ""HASC_3"": ""NA""}",GADM41 path/member name and GADM field schema; upstream checksum receipt not located
F:\云南极端降水数据\processed\boundary\Yunnan_GADM41_level3.geojson,,103,MultiPolygon,SOURCE_GEOMETRY_VALID,Valid Geometry,False,False,False,1,0,"[99.9478, 21.437, 100.692, 22.5066]",0.47027539999999934,degree_squared_NOT_km2,urn:ogc:def:crs:OGC:1.3:CRS84,ATTRIBUTE_SUPPORTED_YUNNAN,"{""GID_3"": ""CHN.30.14.2_1"", ""GID_0"": ""CHN"", ""COUNTRY"": ""China"", ""GID_1"": ""CHN.30_1"", ""NAME_1"": ""Yunnan"", ""NL_NAME_1"": ""雲南|云南"", ""GID_2"": ""CHN.30.14_1"", ""NAME_2"": ""XishuangbannaDai"", ""NL_NAME_2"": ""西双版纳傣族自治州"", ""NAME_3"": ""Menghai"", ""VARNAME_3"": ""Měnghǎi"", ""NL_NAME_3"": ""勐海县"", ""TYPE_3"": ""Xiàn"", ""ENGTYPE_3"": ""County"", ""CC_3"": ""NA"", ""HASC_3"": ""NA""}",GADM41 path/member name and GADM field schema; upstream checksum receipt not located
F:\云南极端降水数据\processed\boundary\Yunnan_GADM41_level3.geojson,,104,MultiPolygon,SOURCE_GEOMETRY_VALID,Valid Geometry,False,False,False,1,0,"[101.0963, 21.1394, 101.8471, 22.4096]",0.5934715149999991,degree_squared_NOT_km2,urn:ogc:def:crs:OGC:1.3:CRS84,ATTRIBUTE_SUPPORTED_YUNNAN,"{""GID_3"": ""CHN.30.14.3_1"", ""GID_0"": ""CHN"", ""COUNTRY"": ""China"", ""GID_1"": ""CHN.30_1"", ""NAME_1"": ""Yunnan"", ""NL_NAME_1"": ""雲南|云南"", ""GID_2"": ""CHN.30.14_1"", ""NAME_2"": ""XishuangbannaDai"", ""NL_NAME_2"": ""西双版纳傣族自治州"", ""NAME_3"": ""Mengla"", ""VARNAME_3"": ""Měnglà"", ""NL_NAME_3"": ""勐腊县"", ""TYPE_3"": ""Xiàn"", ""ENGTYPE_3"": ""County"", ""CC_3"": ""NA"", ""HASC_3"": ""NA""}",GADM41 path/member name and GADM field schema; upstream checksum receipt not located
F:\云南极端降水数据\processed\boundary\Yunnan_GADM41_level3.geojson,,105,MultiPolygon,SOURCE_GEOMETRY_VALID,Valid Geometry,False,False,False,1,0,"[102.7871, 24.4942, 103.0644, 24.9254]",0.06416049000000039,degree_squared_NOT_km2,urn:ogc:def:crs:OGC:1.3:CRS84,ATTRIBUTE_SUPPORTED_YUNNAN,"{""GID_3"": ""CHN.30.15.1_1"", ""GID_0"": ""CHN"", ""COUNTRY"": ""China"", ""GID_1"": ""CHN.30_1"", ""NAME_1"": ""Yunnan"", ""NL_NAME_1"": ""雲南|云南"", ""GID_2"": ""CHN.30.15_1"", ""NAME_2"": ""Yuxi"", ""NL_NAME_2"": ""玉溪市"", ""NAME_3"": ""Chengjiang"", ""VARNAME_3"": ""Chéngjiāng"", ""NL_NAME_3"": ""澄江县"", ""TYPE_3"": ""Xiàn"", ""ENGTYPE_3"": ""County"", ""CC_3"": ""NA"", ""HASC_3"": ""NA""}",GADM41 path/member name and GADM field schema; upstream checksum receipt not located
F:\云南极端降水数据\processed\boundary\Yunnan_GADM41_level3.geojson,,106,MultiPolygon,SOURCE_GEOMETRY_VALID,Valid Geometry,False,False,False,1,0,"[101.8696, 24.0224, 102.6066, 24.5261]",0.17022524500000102,degree_squared_NOT_km2,urn:ogc:def:crs:OGC:1.3:CRS84,ATTRIBUTE_SUPPORTED_YUNNAN,"{""GID_3"": ""CHN.30.15.2_1"", ""GID_0"": ""CHN"", ""COUNTRY"": ""China"", ""GID_1"": ""CHN.30_1"", ""NAME_1"": ""Yunnan"", ""NL_NAME_1"": ""雲南|云南"", ""GID_2"": ""CHN.30.15_1"", ""NAME_2"": ""Yuxi"", ""NL_NAME_2"": ""玉溪市"", ""NAME_3"": ""EshanYi"", ""VARNAME_3"": ""ÉshānYízú"", ""NL_NAME_3"": ""峨山彝族自治县"", ""TYPE_3"": ""Zìzhìxiàn"", ""ENGTYPE_3"": ""AutonomousCounty"", ""CC_3"": ""NA"", ""HASC_3"": ""NA""}",GADM41 path/member name and GADM field schema; upstream checksum receipt not located
F:\云南极端降水数据\processed\boundary\Yunnan_GADM41_level3.geojson,,107,MultiPolygon,SOURCE_GEOMETRY_VALID,Valid Geometry,False,False,False,1,0,"[102.8117, 23.9858, 103.1454, 24.5713]",0.11163889499999988,degree_squared_NOT_km2,urn:ogc:def:crs:OGC:1.3:CRS84,ATTRIBUTE_SUPPORTED_YUNNAN,"{""GID_3"": ""CHN.30.15.3_1"", ""GID_0"": ""CHN"", ""COUNTRY"": ""China"", ""GID_1"": ""CHN.30_1"", ""NAME_1"": ""Yunnan"", ""NL_NAME_1"": ""雲南|云南"", ""GID_2"": ""CHN.30.15_1"", ""NAME_2"": ""Yuxi"", ""NL_NAME_2"": ""玉溪市"", ""NAME_3"": ""Huaning"", ""VARNAME_3"": ""Huáníng"", ""NL_NAME_3"": ""华宁县"", ""TYPE_3"": ""Xiàn"", ""ENGTYPE_3"": ""County"", ""CC_3"": ""NA"", ""HASC_3"": ""NA""}",GADM41 path/member name and GADM field schema; upstream checksum receipt not located
F:\云南极端降水数据\processed\boundary\Yunnan_GADM41_level3.geojson,,108,MultiPolygon,SOURCE_GEOMETRY_VALID,Valid Geometry,False,False,False,1,0,"[102.5805, 24.2031, 102.9141, 24.5193]",0.07313852000000048,degree_squared_NOT_km2,urn:ogc:def:crs:OGC:1.3:CRS84,ATTRIBUTE_SUPPORTED_YUNNAN,"{""GID_3"": ""CHN.30.15.4_1"", ""GID_0"": ""CHN"", ""COUNTRY"": ""China"", ""GID_1"": ""CHN.30_1"", ""NAME_1"": ""Yunnan"", ""NL_NAME_1"": ""雲南|云南"", ""GID_2"": ""CHN.30.15_1"", ""NAME_2"": ""Yuxi"", ""NL_NAME_2"": ""玉溪市"", ""NAME_3"": ""Jiangchuan"", ""VARNAME_3"": ""Jiāngchuān"", ""NL_NAME_3"": ""江川县"", ""TYPE_3"": ""Xiàn"", ""ENGTYPE_3"": ""County"", ""CC_3"": ""NA"", ""HASC_3"": ""NA""}",GADM41 path/member name and GADM field schema; upstream checksum receipt not located
F:\云南极端降水数据\processed\boundary\Yunnan_GADM41_level3.geojson,,109,MultiPolygon,SOURCE_GEOMETRY_VALID,Valid Geometry,False,False,False,1,0,"[102.5083, 23.9269, 102.8827, 24.2393]",0.0636266749999997,degree_squared_NOT_km2,urn:ogc:def:crs:OGC:1.3:CRS84,ATTRIBUTE_SUPPORTED_YUNNAN,"{""GID_3"": ""CHN.30.15.5_1"", ""GID_0"": ""CHN"", ""COUNTRY"": ""China"", ""GID_1"": ""CHN.30_1"", ""NAME_1"": ""Yunnan"", ""NL_NAME_1"": ""雲南|云南"", ""GID_2"": ""CHN.30.15_1"", ""NAME_2"": ""Yuxi"", ""NL_NAME_2"": ""玉溪市"", ""NAME_3"": ""Tonghai"", ""VARNAME_3"": ""NA"", ""NL_NAME_3"": ""NA"", ""TYPE_3"": ""Xiàn"", ""ENGTYPE_3"": ""County"", ""CC_3"": ""NA"", ""HASC_3"": ""NA""}",GADM41 path/member name and GADM field schema; upstream checksum receipt not located
F:\云南极端降水数据\processed\boundary\Yunnan_GADM41_level3.geojson,,110,MultiPolygon,SOURCE_GEOMETRY_VALID,Valid Geometry,False,False,False,1,0,"[101.2776, 23.6389, 102.2787, 24.4303]",0.377080395000001,degree_squared_NOT_km2,urn:ogc:def:crs:OGC:1.3:CRS84,ATTRIBUTE_SUPPORTED_YUNNAN,"{""GID_3"": ""CHN.30.15.6_1"", ""GID_0"": ""CHN"", ""COUNTRY"": ""China"", ""GID_1"": ""CHN.30_1"", ""NAME_1"": ""Yunnan"", ""NL_NAME_1"": ""雲南|云南"", ""GID_2"": ""CHN.30.15_1"", ""NAME_2"": ""Yuxi"", ""NL_NAME_2"": ""玉溪市"", ""NAME_3"": ""XinpingYiandDai"", ""VARNAME_3"": ""XīnpíngYízúDǎizú"", ""NL_NAME_3"": ""新平彝族傣族自治县"", ""TYPE_3"": ""Zìzhìxiàn"", ""ENGTYPE_3"": ""AutonomousCounty"", ""CC_3"": ""NA"", ""HASC_3"": ""NA""}",GADM41 path/member name and GADM field schema; upstream checksum receipt not located
F:\云南极端降水数据\processed\boundary\Yunnan_GADM41_level3.geojson,,111,MultiPolygon,SOURCE_GEOMETRY_VALID,Valid Geometry,False,False,False,1,0,"[101.9038, 24.4524, 102.3221, 24.9504]",0.13770492500000048,degree_squared_NOT_km2,urn:ogc:def:crs:OGC:1.3:CRS84,ATTRIBUTE_SUPPORTED_YUNNAN,"{""GID_3"": ""CHN.30.15.7_1"", ""GID_0"": ""CHN"", ""COUNTRY"": ""China"", ""GID_1"": ""CHN.30_1"", ""NAME_1"": ""Yunnan"", ""NL_NAME_1"": ""雲南|云南"", ""GID_2"": ""CHN.30.15_1"", ""NAME_2"": ""Yuxi"", ""NL_NAME_2"": ""玉溪市"", ""NAME_3"": ""Yimen"", ""VARNAME_3"": ""Yìmén"", ""NL_NAME_3"": ""易门县"", ""TYPE_3"": ""Xiàn"", ""ENGTYPE_3"": ""County"", ""CC_3"": ""NA"", ""HASC_3"": ""NA""}",GADM41 path/member name and GADM field schema; upstream checksum receipt not located
F:\云南极端降水数据\processed\boundary\Yunnan_GADM41_level3.geojson,,112,MultiPolygon,SOURCE_GEOMETRY_VALID,Valid Geometry,False,False,False,1,0,"[101.6685, 23.3165, 102.3602, 23.8989]",0.24903810000000026,degree_squared_NOT_km2,urn:ogc:def:crs:OGC:1.3:CRS84,ATTRIBUTE_SUPPORTED_YUNNAN,"{""GID_3"": ""CHN.30.15.8_1"", ""GID_0"": ""CHN"", ""COUNTRY"": ""China"", ""GID_1"": ""CHN.30_1"", ""NAME_1"": ""Yunnan"", ""NL_NAME_1"": ""雲南|云南"", ""GID_2"": ""CHN.30.15_1"", ""NAME_2"": ""Yuxi"", ""NL_NAME_2"": ""玉溪市"", ""NAME_3"": ""YuanjiangHani,YiandDai"", ""VARNAME_3"": ""YuánjiāngHānízúYízúDǎizú"", ""NL_NAME_3"": ""元江哈尼族彝族傣族自治县"", ""TYPE_3"": ""Zìzhìxiàn"", ""ENGTYPE_3"": ""AutonomousCounty"", ""CC_3"": ""NA"", ""HASC_3"": ""NA""}",GADM41 path/member name and GADM field schema; upstream checksum receipt not located
F:\云南极端降水数据\processed\boundary\Yunnan_GADM41_level3.geojson,,113,MultiPolygon,SOURCE_GEOMETRY_VALID,Valid Geometry,False,False,False,1,0,"[102.2945, 24.1468, 102.6909, 24.5384]",0.08544289499999981,degree_squared_NOT_km2,urn:ogc:def:crs:OGC:1.3:CRS84,ATTRIBUTE_SUPPORTED_YUNNAN,"{""GID_3"": ""CHN.30.15.9_1"", ""GID_0"": ""CHN"", ""COUNTRY"": ""China"", ""GID_1"": ""CHN.30_1"", ""NAME_1"": ""Yunnan"", ""NL_NAME_1"": ""雲南|云南"", ""GID_2"": ""CHN.30.15_1"", ""NAME_2"": ""Yuxi"", ""NL_NAME_2"": ""玉溪市"", ""NAME_3"": ""Yuxi"", ""VARNAME_3"": ""NA"", ""NL_NAME_3"": ""NA"", ""TYPE_3"": ""Xiàn"", ""ENGTYPE_3"": ""County"", ""CC_3"": ""NA"", ""HASC_3"": ""NA""}",GADM41 path/member name and GADM field schema; upstream checksum receipt not located
F:\云南极端降水数据\processed\boundary\Yunnan_GADM41_level3.geojson,,114,MultiPolygon,SOURCE_GEOMETRY_VALID,Valid Geometry,False,False,False,1,0,"[103.6823, 27.5886, 104.1366, 28.2409]",0.15779013999999936,degree_squared_NOT_km2,urn:ogc:def:crs:OGC:1.3:CRS84,ATTRIBUTE_SUPPORTED_YUNNAN,"{""GID_3"": ""CHN.30.16.1_1"", ""GID_0"": ""CHN"", ""COUNTRY"": ""China"", ""GID_1"": ""CHN.30_1"", ""NAME_1"": ""Yunnan"", ""NL_NAME_1"": ""雲南|云南"", ""GID_2"": ""CHN.30.16_1"", ""NAME_2"": ""Zhaotong"", ""NL_NAME_2"": ""昭通市"", ""NAME_3"": ""Daguan"", ""VARNAME_3"": ""Dàguān"", ""NL_NAME_3"": ""大关县"", ""TYPE_3"": ""Xiàn"", ""ENGTYPE_3"": ""County"", ""CC_3"": ""NA"", ""HASC_3"": ""NA""}",GADM41 path/member name and GADM field schema; upstream checksum receipt not located
F:\云南极端降水数据\processed\boundary\Yunnan_GADM41_level3.geojson,,115,MultiPolygon,SOURCE_GEOMETRY_VALID,Valid Geometry,False,False,False,1,0,"[103.1515, 26.9907, 103.6709, 27.5249]",0.1374930049999999,degree_squared_NOT_km2,urn:ogc:def:crs:OGC:1.3:CRS84,ATTRIBUTE_SUPPORTED_YUNNAN,"{""GID_3"": ""CHN.30.16.2_1"", ""GID_0"": ""CHN"", ""COUNTRY"": ""China"", ""GID_1"": ""CHN.30_1"", ""NAME_1"": ""Yunnan"", ""NL_NAME_1"": ""雲南|云南"", ""GID_2"": ""CHN.30.16_1"", ""NAME_2"": ""Zhaotong"", ""NL_NAME_2"": ""昭通市"", ""NAME_3"": ""Ludian"", ""VARNAME_3"": ""Lǔdiàn"", ""NL_NAME_3"": ""鲁甸县"", ""TYPE_3"": ""Xiàn"", ""ENGTYPE_3"": ""County"", ""CC_3"": ""NA"", ""HASC_3"": ""NA""}",GADM41 path/member name and GADM field schema; upstream checksum receipt not located
F:\云南极端降水数据\processed\boundary\Yunnan_GADM41_level3.geojson,,116,MultiPolygon,SOURCE_GEOMETRY_VALID,Valid Geometry,False,False,False,1,0,"[102.8674, 26.5382, 103.4344, 27.4255]",0.2904865450000003,degree_squared_NOT_km2,urn:ogc:def:crs:OGC:1.3:CRS84,ATTRIBUTE_SUPPORTED_YUNNAN,"{""GID_3"": ""CHN.30.16.3_1"", ""GID_0"": ""CHN"", ""COUNTRY"": ""China"", ""GID_1"": ""CHN.30_1"", ""NAME_1"": ""Yunnan"", ""NL_NAME_1"": ""雲南|云南"", ""GID_2"": ""CHN.30.16_1"", ""NAME_2"": ""Zhaotong"", ""NL_NAME_2"": ""昭通市"", ""NAME_3"": ""Qiaojia"", ""VARNAME_3"": ""Qiǎojiā"", ""NL_NAME_3"": ""巧家县"", ""TYPE_3"": ""Xiàn"", ""ENGTYPE_3"": ""County"", ""CC_3"": ""NA"", ""HASC_3"": ""NA""}",GADM41 path/member name and GADM field schema; upstream checksum receipt not located
F:\云南极端降水数据\processed\boundary\Yunnan_GADM41_level3.geojson,,117,MultiPolygon,SOURCE_GEOMETRY_VALID,Valid Geometry,False,False,False,1,0,"[104.0734, 28.3753, 104.4186, 28.6495]",0.03924013999999978,degree_squared_NOT_km2,urn:ogc:def:crs:OGC:1.3:CRS84,ATTRIBUTE_SUPPORTED_YUNNAN,"{""GID_3"": ""CHN.30.16.4_1"", ""GID_0"": ""CHN"", ""COUNTRY"": ""China"", ""GID_1"": ""CHN.30_1"", ""NAME_1"": ""Yunnan"", ""NL_NAME_1"": ""雲南|云南"", ""GID_2"": ""CHN.30.16_1"", ""NAME_2"": ""Zhaotong"", ""NL_NAME_2"": ""昭通市"", ""NAME_3"": ""Shuifu"", ""VARNAME_3"": ""Shuǐfù"", ""NL_NAME_3"": ""水富县"", ""TYPE_3"": ""Xiàn"", ""ENGTYPE_3"": ""County"", ""CC_3"": ""NA"", ""HASC_3"": ""NA""}",GADM41 path/member name and GADM field schema; upstream checksum receipt not located
F:\云南极端降水数据\processed\boundary\Yunnan_GADM41_level3.geojson,,118,MultiPolygon,SOURCE_GEOMETRY_VALID,Valid Geometry,False,False,False,1,0,"[103.7827, 28.3547, 104.2739, 28.6749]",0.07132281499999918,degree_squared_NOT_km2,urn:ogc:def:crs:OGC:1.3:CRS84,ATTRIBUTE_SUPPORTED_YUNNAN,"{""GID_3"": ""CHN.30.16.5_1"", ""GID_0"": ""CHN"", ""COUNTRY"": ""China"", ""GID_1"": ""CHN.30_1"", ""NAME_1"": ""Yunnan"", ""NL_NAME_1"": ""雲南|云南"", ""GID_2"": ""CHN.30.16_1"", ""NAME_2"": ""Zhaotong"", ""NL_NAME_2"": ""昭通市"", ""NAME_3"": ""Suijiang"", ""VARNAME_3"": ""Suíjiāng"", ""NL_NAME_3"": ""绥江县"", ""TYPE_3"": ""Xiàn"", ""ENGTYPE_3"": ""County"", ""CC_3"": ""NA"", ""HASC_3"": ""NA""}",GADM41 path/member name and GADM field schema; upstream checksum receipt not located
F:\云南极端降水数据\processed\boundary\Yunnan_GADM41_level3.geojson,,119,MultiPolygon,SOURCE_GEOMETRY_VALID,Valid Geometry,False,False,False,1,0,"[104.6973, 27.7091, 105.3094, 28.1005]",0.12976254500000006,degree_squared_NOT_km2,urn:ogc:def:crs:OGC:1.3:CRS84,ATTRIBUTE_SUPPORTED_YUNNAN,"{""GID_3"": ""CHN.30.16.6_1"", ""GID_0"": ""CHN"", ""COUNTRY"": ""China"", ""GID_1"": ""CHN.30_1"", ""NAME_1"": ""Yunnan"", ""NL_NAME_1"": ""雲南|云南"", ""GID_2"": ""CHN.30.16_1"", ""NAME_2"": ""Zhaotong"", ""NL_NAME_2"": ""昭通市"", ""NAME_3"": ""WeixiLisu"", ""VARNAME_3"": ""WéixīLìsùzú"", ""NL_NAME_3"": ""维西傈僳族自治县"", ""TYPE_3"": ""Zìzhìxiàn"", ""ENGTYPE_3"": ""AutonomousCounty"", ""CC_3"": ""NA"", ""HASC_3"": ""NA""}",GADM41 path/member name and GADM field schema; upstream checksum receipt not located
F:\云南极端降水数据\processed\boundary\Yunnan_GADM41_level3.geojson,,120,MultiPolygon,SOURCE_GEOMETRY_VALID,Valid Geometry,False,False,False,1,0,"[103.9877, 27.8225, 104.4573, 28.4039]",0.18491800500000113,degree_squared_NOT_km2,urn:ogc:def:crs:OGC:1.3:CRS84,ATTRIBUTE_SUPPORTED_YUNNAN,"{""GID_3"": ""CHN.30.16.7_1"", ""GID_0"": ""CHN"", ""COUNTRY"": ""China"", ""GID_1"": ""CHN.30_1"", ""NAME_1"": ""Yunnan"", ""NL_NAME_1"": ""雲南|云南"", ""GID_2"": ""CHN.30.16_1"", ""NAME_2"": ""Zhaotong"", ""NL_NAME_2"": ""昭通市"", ""NAME_3"": ""Yanjin"", ""VARNAME_3"": ""Yánjīn"", ""NL_NAME_3"": ""盐津县"", ""TYPE_3"": ""Xiàn"", ""ENGTYPE_3"": ""County"", ""CC_3"": ""NA"", ""HASC_3"": ""NA""}",GADM41 path/member name and GADM field schema; upstream checksum receipt not located
F:\云南极端降水数据\processed\boundary\Yunnan_GADM41_level3.geojson,,121,MultiPolygon,SOURCE_GEOMETRY_VALID,Valid Geometry,False,False,False,1,0,"[103.8495, 27.2734, 104.7481, 27.945]",0.25522043000000005,degree_squared_NOT_km2,urn:ogc:def:crs:OGC:1.3:CRS84,ATTRIBUTE_SUPPORTED_YUNNAN,"{""GID_3"": ""CHN.30.16.8_1"", ""GID_0"": ""CHN"", ""COUNTRY"": ""China"", ""GID_1"": ""CHN.30_1"", ""NAME_1"": ""Yunnan"", ""NL_NAME_1"": ""雲南|云南"", ""GID_2"": ""CHN.30.16_1"", ""NAME_2"": ""Zhaotong"", ""NL_NAME_2"": ""昭通市"", ""NAME_3"": ""Yiliang"", ""VARNAME_3"": ""Yíliáng"", ""NL_NAME_3"": ""宜良县"", ""TYPE_3"": ""Xiàn"", ""ENGTYPE_3"": ""County"", ""CC_3"": ""NA"", ""HASC_3"": ""NA""}",GADM41 path/member name and GADM field schema; upstream checksum receipt not located
F:\云南极端降水数据\processed\boundary\Yunnan_GADM41_level3.geojson,,122,MultiPolygon,SOURCE_GEOMETRY_VALID,Valid Geometry,False,False,False,1,0,"[103.2601, 27.5122, 104.0231, 28.5171]",0.2553117450000024,degree_squared_NOT_km2,urn:ogc:def:crs:OGC:1.3:CRS84,ATTRIBUTE_SUPPORTED_YUNNAN,"{""GID_3"": ""CHN.30.16.9_1"", ""GID_0"": ""CHN"", ""COUNTRY"": ""China"", ""GID_1"": ""CHN.30_1"", ""NAME_1"": ""Yunnan"", ""NL_NAME_1"": ""雲南|云南"", ""GID_2"": ""CHN.30.16_1"", ""NAME_2"": ""Zhaotong"", ""NL_NAME_2"": ""昭通市"", ""NAME_3"": ""Yongshan"", ""VARNAME_3"": ""Yǒngshàn"", ""NL_NAME_3"": ""永善县"", ""TYPE_3"": ""Xiàn"", ""ENGTYPE_3"": ""County"", ""CC_3"": ""NA"", ""HASC_3"": ""NA""}",GADM41 path/member name and GADM field schema; upstream checksum receipt not located
F:\云南极端降水数据\processed\boundary\Yunnan_GADM41_level3.geojson,,123,MultiPolygon,SOURCE_GEOMETRY_VALID,Valid Geometry,False,False,False,1,0,"[103.1366, 27.1194, 103.9317, 27.6495]",0.19810259499999996,degree_squared_NOT_km2,urn:ogc:def:crs:OGC:1.3:CRS84,ATTRIBUTE_SUPPORTED_YUNNAN,"{""GID_3"": ""CHN.30.16.10_1"", ""GID_0"": ""CHN"", ""COUNTRY"": ""China"", ""GID_1"": ""CHN.30_1"", ""NAME_1"": ""Yunnan"", ""NL_NAME_1"": ""雲南|云南"", ""GID_2"": ""CHN.30.16_1"", ""NAME_2"": ""Zhaotong"", ""NL_NAME_2"": ""昭通市"", ""NAME_3"": ""Zhaotong"", ""VARNAME_3"": ""NA"", ""NL_NAME_3"": ""NA"", ""TYPE_3"": ""Xiànjíshì"", ""ENGTYPE_3"": ""CountyCity"", ""CC_3"": ""NA"", ""HASC_3"": ""NA""}",GADM41 path/member name and GADM field schema; upstream checksum receipt not located
F:\云南极端降水数据\processed\boundary\Yunnan_GADM41_level3.geojson,,124,MultiPolygon,SOURCE_GEOMETRY_VALID,Valid Geometry,False,False,False,1,0,"[104.3015, 27.2936, 105.3066, 27.8252]",0.33830658500000044,degree_squared_NOT_km2,urn:ogc:def:crs:OGC:1.3:CRS84,ATTRIBUTE_SUPPORTED_YUNNAN,"{""GID_3"": ""CHN.30.16.11_1"", ""GID_0"": ""CHN"", ""COUNTRY"": ""China"", ""GID_1"": ""CHN.30_1"", ""NAME_1"": ""Yunnan"", ""NL_NAME_1"": ""雲南|云南"", ""GID_2"": ""CHN.30.16_1"", ""NAME_2"": ""Zhaotong"", ""NL_NAME_2"": ""昭通市"", ""NAME_3"": ""Zhenxiong"", ""VARNAME_3"": ""Zhènxióng"", ""NL_NAME_3"": ""镇雄县"", ""TYPE_3"": ""Xiàn"", ""ENGTYPE_3"": ""County"", ""CC_3"": ""NA"", ""HASC_3"": ""NA""}",GADM41 path/member name and GADM field schema; upstream checksum receipt not located
F:\云南极端降水数据\raw\BOUNDARY\GADM41\gadm41_CHN_1.json.zip,gadm41_CHN_1.json,35,MultiPolygon,SOURCE_GEOMETRY_VALID,Valid Geometry,False,False,False,1,0,"[97.5341, 21.1394, 106.1942, 29.2511]",34.264743344999964,degree_squared_NOT_km2,urn:ogc:def:crs:OGC:1.3:CRS84,ATTRIBUTE_SUPPORTED_YUNNAN,"{""GID_1"": ""CHN.30_1"", ""GID_0"": ""CHN"", ""COUNTRY"": ""China"", ""NAME_1"": ""Yunnan"", ""VARNAME_1"": ""Yúnnán"", ""NL_NAME_1"": ""雲南|云南"", ""TYPE_1"": ""Shěng"", ""ENGTYPE_1"": ""Province"", ""CC_1"": ""NA"", ""HASC_1"": ""CN.YN"", ""ISO_1"": ""CN-YN""}",GADM41 path/member name and GADM field schema; upstream checksum receipt not located
F:\云南极端降水数据\raw\BOUNDARY\GADM41\gadm41_CHN_2.json.zip,gadm41_CHN_2.json,341,MultiPolygon,SOURCE_GEOMETRY_VALID,Valid Geometry,False,False,False,1,0,"[98.084, 24.1236, 100.0492, 25.8607]",1.705719320000001,degree_squared_NOT_km2,urn:ogc:def:crs:OGC:1.3:CRS84,ATTRIBUTE_SUPPORTED_YUNNAN,"{""GID_2"": ""CHN.30.1_1"", ""GID_0"": ""CHN"", ""COUNTRY"": ""China"", ""GID_1"": ""CHN.30_1"", ""NAME_1"": ""Yunnan"", ""NL_NAME_1"": ""雲南|云南"", ""NAME_2"": ""Baoshan"", ""VARNAME_2"": ""Bǎoshān"", ""NL_NAME_2"": ""保山市"", ""TYPE_2"": ""Dìjíshì"", ""ENGTYPE_2"": ""PrefectureCity"", ""CC_2"": ""NA"", ""HASC_2"": ""NA""}",GADM41 path/member name and GADM field schema; upstream checksum receipt not located
F:\云南极端降水数据\raw\BOUNDARY\GADM41\gadm41_CHN_2.json.zip,gadm41_CHN_2.json,342,MultiPolygon,SOURCE_GEOMETRY_VALID,Valid Geometry,False,False,False,1,0,"[100.7243, 24.2267, 102.4815, 26.503]",2.5523363549999987,degree_squared_NOT_km2,urn:ogc:def:crs:OGC:1.3:CRS84,ATTRIBUTE_SUPPORTED_YUNNAN,"{""GID_2"": ""CHN.30.2_1"", ""GID_0"": ""CHN"", ""COUNTRY"": ""China"", ""GID_1"": ""CHN.30_1"", ""NAME_1"": ""Yunnan"", ""NL_NAME_1"": ""雲南|云南"", ""NAME_2"": ""ChuxiongYi"", ""VARNAME_2"": ""ChǔxióngYízú"", ""NL_NAME_2"": ""楚雄彝族自治州"", ""TYPE_2"": ""Zìzhìzhou"", ""ENGTYPE_2"": ""AutonomousPrefecture"", ""CC_2"": ""NA"", ""HASC_2"": ""NA""}",GADM41 path/member name and GADM field schema; upstream checksum receipt not located
F:\云南极端降水数据\raw\BOUNDARY\GADM41\gadm41_CHN_2.json.zip,gadm41_CHN_2.json,343,MultiPolygon,SOURCE_GEOMETRY_VALID,Valid Geometry,False,False,False,1,0,"[98.8647, 24.6651, 101.0468, 26.7037]",2.5504098249999996,degree_squared_NOT_km2,urn:ogc:def:crs:OGC:1.3:CRS84,ATTRIBUTE_SUPPORTED_YUNNAN,"{""GID_2"": ""CHN.30.3_1"", ""GID_0"": ""CHN"", ""COUNTRY"": ""China"", ""GID_1"": ""CHN.30_1"", ""NAME_1"": ""Yunnan"", ""NL_NAME_1"": ""雲南|云南"", ""NAME_2"": ""DaliBai"", ""VARNAME_2"": ""DàlǐBáizú"", ""NL_NAME_2"": ""大理白族自治州"", ""TYPE_2"": ""Zìzhìzhou"", ""ENGTYPE_2"": ""AutonomousPrefecture"", ""CC_2"": ""NA"", ""HASC_2"": ""NA""}",GADM41 path/member name and GADM field schema; upstream checksum receipt not located
F:\云南极端降水数据\raw\BOUNDARY\GADM41\gadm41_CHN_2.json.zip,gadm41_CHN_2.json,344,MultiPolygon,SOURCE_GEOMETRY_VALID,Valid Geometry,False,False,False,1,0,"[97.5341, 23.8445, 98.7312, 25.3379]",0.9918499749999992,degree_squared_NOT_km2,urn:ogc:def:crs:OGC:1.3:CRS84,ATTRIBUTE_SUPPORTED_YUNNAN,"{""GID_2"": ""CHN.30.4_1"", ""GID_0"": ""CHN"", ""COUNTRY"": ""China"", ""GID_1"": ""CHN.30_1"", ""NAME_1"": ""Yunnan"", ""NL_NAME_1"": ""雲南|云南"", ""NAME_2"": ""DehongDaiandJingpo"", ""VARNAME_2"": ""DéhóngDǎizú|Jǐngpōzú"", ""NL_NAME_2"": ""德宏傣族景颇族自治州"", ""TYPE_2"": ""Zìzhìzhou"", ""ENGTYPE_2"": ""AutonomousPrefecture"", ""CC_2"": ""NA"", ""HASC_2"": ""NA""}",GADM41 path/member name and GADM field schema; upstream checksum receipt not located
F:\云南极端降水数据\raw\BOUNDARY\GADM41\gadm41_CHN_2.json.zip,gadm41_CHN_2.json,345,MultiPolygon,SOURCE_GEOMETRY_VALID,Valid Geometry,False,False,False,1,0,"[98.5929, 26.8762, 100.3166, 29.2511]",2.1228064350000007,degree_squared_NOT_km2,urn:ogc:def:crs:OGC:1.3:CRS84,ATTRIBUTE_SUPPORTED_YUNNAN,"{""GID_2"": ""CHN.30.5_1"", ""GID_0"": ""CHN"", ""COUNTRY"": ""China"", ""GID_1"": ""CHN.30_1"", ""NAME_1"": ""Yunnan"", ""NL_NAME_1"": ""雲南|云南"", ""NAME_2"": ""DêqênTibetan"", ""VARNAME_2"": ""DíqìngZàngzú"", ""NL_NAME_2"": ""迪庆藏族自治州"", ""TYPE_2"": ""Zìzhìzhou"", ""ENGTYPE_2"": ""AutonomousPrefecture"", ""CC_2"": ""NA"", ""HASC_2"": ""NA""}",GADM41 path/member name and GADM field schema; upstream checksum receipt not located
F:\云南极端降水数据\raw\BOUNDARY\GADM41\gadm41_CHN_2.json.zip,gadm41_CHN_2.json,346,MultiPolygon,SOURCE_GEOMETRY_VALID,Valid Geometry,False,False,False,1,0,"[101.7892, 22.4425, 104.2846, 24.7579]",2.8407674099999984,degree_squared_NOT_km2,urn:ogc:def:crs:OGC:1.3:CRS84,ATTRIBUTE_SUPPORTED_YUNNAN,"{""GID_2"": ""CHN.30.6_1"", ""GID_0"": ""CHN"", ""COUNTRY"": ""China"", ""GID_1"": ""CHN.30_1"", ""NAME_1"": ""Yunnan"", ""NL_NAME_1"": ""雲南|云南"", ""NAME_2"": ""HongheHaniandYi"", ""VARNAME_2"": ""HónghéHānízú|Yízú"", ""NL_NAME_2"": ""红河哈尼族彝族自治州"", ""TYPE_2"": ""Zìzhìzhou"", ""ENGTYPE_2"": ""AutonomousPrefecture"", ""CC_2"": ""NA"", ""HASC_2"": ""NA""}",GADM41 path/member name and GADM field schema; upstream checksum receipt not located
F:\云南极端降水数据\raw\BOUNDARY\GADM41\gadm41_CHN_2.json.zip,gadm41_CHN_2.json,347,MultiPolygon,SOURCE_GEOMETRY_VALID,Valid Geometry,False,False,False,1,0,"[102.1678, 24.3956, 103.6744, 26.5274]",1.8849061700000014,degree_squared_NOT_km2,urn:ogc:def:crs:OGC:1.3:CRS84,ATTRIBUTE_SUPPORTED_YUNNAN,"{""GID_2"": ""CHN.30.7_1"", ""GID_0"": ""CHN"", ""COUNTRY"": ""China"", ""GID_1"": ""CHN.30_1"", ""NAME_1"": ""Yunnan"", ""NL_NAME_1"": ""雲南|云南"", ""NAME_2"": ""Kunming"", ""VARNAME_2"": ""Kūnmíng"", ""NL_NAME_2"": ""昆明市"", ""TYPE_2"": ""Dìjíshì"", ""ENGTYPE_2"": ""PrefectureCity"", ""CC_2"": ""NA"", ""HASC_2"": ""NA""}",GADM41 path/member name and GADM field schema; upstream checksum receipt not located
F:\云南极端降水数据\raw\BOUNDARY\GADM41\gadm41_CHN_2.json.zip,gadm41_CHN_2.json,348,MultiPolygon,SOURCE_GEOMETRY_VALID,Valid Geometry,False,False,False,1,0,"[99.3841, 25.9906, 101.5141, 27.9264]",1.866719745000003,degree_squared_NOT_km2,urn:ogc:def:crs:OGC:1.3:CRS84,ATTRIBUTE_SUPPORTED_YUNNAN,"{""GID_2"": ""CHN.30.8_1"", ""GID_0"": ""CHN"", ""COUNTRY"": ""China"", ""GID_1"": ""CHN.30_1"", ""NAME_1"": ""Yunnan"", ""NL_NAME_1"": ""雲南|云南"", ""NAME_2"": ""Lijiang"", ""VARNAME_2"": ""Lìjiāng"", ""NL_NAME_2"": ""丽江市"", ""TYPE_2"": ""Dìjíshì"", ""ENGTYPE_2"": ""PrefectureCity"", ""CC_2"": ""NA"", ""HASC_2"": ""NA""}",GADM41 path/member name and GADM field schema; upstream checksum receipt not located
F:\云南极端降水数据\raw\BOUNDARY\GADM41\gadm41_CHN_2.json.zip,gadm41_CHN_2.json,349,MultiPolygon,SOURCE_GEOMETRY_VALID,Valid Geometry,False,False,False,1,0,"[98.6785, 23.0838, 100.5488, 25.0407]",2.09068253,degree_squared_NOT_km2,urn:ogc:def:crs:OGC:1.3:CRS84,ATTRIBUTE_SUPPORTED_YUNNAN,"{""GID_2"": ""CHN.30.9_1"", ""GID_0"": ""CHN"", ""COUNTRY"": ""China"", ""GID_1"": ""CHN.30_1"", ""NAME_1"": ""Yunnan"", ""NL_NAME_1"": ""雲南|云南"", ""NAME_2"": ""Lincang"", ""VARNAME_2"": ""Líncāng"", ""NL_NAME_2"": ""临沧市"", ""TYPE_2"": ""Dìjíshì"", ""ENGTYPE_2"": ""PrefectureCity"", ""CC_2"": ""NA"", ""HASC_2"": ""NA""}",GADM41 path/member name and GADM field schema; upstream checksum receipt not located
F:\云南极端降水数据\raw\BOUNDARY\GADM41\gadm41_CHN_2.json.zip,gadm41_CHN_2.json,350,MultiPolygon,SOURCE_GEOMETRY_VALID,Valid Geometry,False,False,False,1,0,"[98.1374, 25.5476, 99.6475, 28.3969]",1.3203830900000033,degree_squared_NOT_km2,urn:ogc:def:crs:OGC:1.3:CRS84,ATTRIBUTE_SUPPORTED_YUNNAN,"{""GID_2"": ""CHN.30.10_1"", ""GID_0"": ""CHN"", ""COUNTRY"": ""China"", ""GID_1"": ""CHN.30_1"", ""NAME_1"": ""Yunnan"", ""NL_NAME_1"": ""雲南|云南"", ""NAME_2"": ""NujiangLisu"", ""VARNAME_2"": ""NùjiāngLìsùzú"", ""NL_NAME_2"": ""怒江傈僳族自治州"", ""TYPE_2"": ""Zìzhìzhou"", ""ENGTYPE_2"": ""AutonomousPrefecture"", ""CC_2"": ""NA"", ""HASC_2"": ""NA""}",GADM41 path/member name and GADM field schema; upstream checksum receipt not located
F:\云南极端降水数据\raw\BOUNDARY\GADM41\gadm41_CHN_2.json.zip,gadm41_CHN_2.json,351,MultiPolygon,SOURCE_GEOMETRY_VALID,Valid Geometry,False,False,False,1,0,"[99.1635, 22.0237, 102.3249, 24.8285]",3.887178669999997,degree_squared_NOT_km2,urn:ogc:def:crs:OGC:1.3:CRS84,ATTRIBUTE_SUPPORTED_YUNNAN,"{""GID_2"": ""CHN.30.11_1"", ""GID_0"": ""CHN"", ""COUNTRY"": ""China"", ""GID_1"": ""CHN.30_1"", ""NAME_1"": ""Yunnan"", ""NL_NAME_1"": ""雲南|云南"", ""NAME_2"": ""Pu'er"", ""VARNAME_2"": ""Pǔ'ěr"", ""NL_NAME_2"": ""普洱市"", ""TYPE_2"": ""Dìjíshì"", ""ENGTYPE_2"": ""PrefectureCity"", ""CC_2"": ""NA"", ""HASC_2"": ""NA""}",GADM41 path/member name and GADM field schema; upstream checksum receipt not located
F:\云南极端降水数据\raw\BOUNDARY\GADM41\gadm41_CHN_2.json.zip,gadm41_CHN_2.json,352,MultiPolygon,SOURCE_GEOMETRY_VALID,Valid Geometry,False,False,False,1,0,"[103.0546, 24.3535, 104.8193, 27.0524]",2.5943062450000034,degree_squared_NOT_km2,urn:ogc:def:crs:OGC:1.3:CRS84,ATTRIBUTE_SUPPORTED_YUNNAN,"{""GID_2"": ""CHN.30.12_1"", ""GID_0"": ""CHN"", ""COUNTRY"": ""China"", ""GID_1"": ""CHN.30_1"", ""NAME_1"": ""Yunnan"", ""NL_NAME_1"": ""雲南|云南"", ""NAME_2"": ""Qujing"", ""VARNAME_2"": ""Qǔjìng"", ""NL_NAME_2"": ""曲靖市"", ""TYPE_2"": ""Dìjíshì"", ""ENGTYPE_2"": ""PrefectureCity"", ""CC_2"": ""NA"", ""HASC_2"": ""NA""}",GADM41 path/member name and GADM field schema; upstream checksum receipt not located
F:\云南极端降水数据\raw\BOUNDARY\GADM41\gadm41_CHN_2.json.zip,gadm41_CHN_2.json,353,MultiPolygon,SOURCE_GEOMETRY_VALID,Valid Geometry,False,False,False,1,0,"[103.5753, 22.677, 106.1942, 24.4629]",2.786950169999999,degree_squared_NOT_km2,urn:ogc:def:crs:OGC:1.3:CRS84,ATTRIBUTE_SUPPORTED_YUNNAN,"{""GID_2"": ""CHN.30.13_1"", ""GID_0"": ""CHN"", ""COUNTRY"": ""China"", ""GID_1"": ""CHN.30_1"", ""NAME_1"": ""Yunnan"", ""NL_NAME_1"": ""雲南|云南"", ""NAME_2"": ""WenshanZhuangandMiao"", ""VARNAME_2"": ""WénshānZhuàngzú|Miáozú"", ""NL_NAME_2"": ""文山壮族苗族自治州"", ""TYPE_2"": ""Zìzhìzhou"", ""ENGTYPE_2"": ""AutonomousPrefecture"", ""CC_2"": ""NA"", ""HASC_2"": ""NA""}",GADM41 path/member name and GADM field schema; upstream checksum receipt not located
F:\云南极端降水数据\raw\BOUNDARY\GADM41\gadm41_CHN_2.json.zip,gadm41_CHN_2.json,354,MultiPolygon,SOURCE_GEOMETRY_VALID,Valid Geometry,False,False,False,1,0,"[99.9478, 21.1394, 101.8471, 22.5914]",1.6799391200000016,degree_squared_NOT_km2,urn:ogc:def:crs:OGC:1.3:CRS84,ATTRIBUTE_SUPPORTED_YUNNAN,"{""GID_2"": ""CHN.30.14_1"", ""GID_0"": ""CHN"", ""COUNTRY"": ""China"", ""GID_1"": ""CHN.30_1"", ""NAME_1"": ""Yunnan"", ""NL_NAME_1"": ""雲南|云南"", ""NAME_2"": ""XishuangbannaDai"", ""VARNAME_2"": ""Xīshuāngbǎnnà|Dǎizú"", ""NL_NAME_2"": ""西双版纳傣族自治州"", ""TYPE_2"": ""Zìzhìzhou"", ""ENGTYPE_2"": ""AutonomousPrefecture"", ""CC_2"": ""NA"", ""HASC_2"": ""NA""}",GADM41 path/member name and GADM field schema; upstream checksum receipt not located
F:\云南极端降水数据\raw\BOUNDARY\GADM41\gadm41_CHN_2.json.zip,gadm41_CHN_2.json,355,MultiPolygon,SOURCE_GEOMETRY_VALID,Valid Geometry,False,False,False,1,0,"[101.2776, 23.3165, 103.1454, 24.9511]",1.3320651650000006,degree_squared_NOT_km2,urn:ogc:def:crs:OGC:1.3:CRS84,ATTRIBUTE_SUPPORTED_YUNNAN,"{""GID_2"": ""CHN.30.15_1"", ""GID_0"": ""CHN"", ""COUNTRY"": ""China"", ""GID_1"": ""CHN.30_1"", ""NAME_1"": ""Yunnan"", ""NL_NAME_1"": ""雲南|云南"", ""NAME_2"": ""Yuxi"", ""VARNAME_2"": ""Yùxī"", ""NL_NAME_2"": ""玉溪市"", ""TYPE_2"": ""Dìjíshì"", ""ENGTYPE_2"": ""PrefectureCity"", ""CC_2"": ""NA"", ""HASC_2"": ""NA""}",GADM41 path/member name and GADM field schema; upstream checksum receipt not located
F:\云南极端降水数据\raw\BOUNDARY\GADM41\gadm41_CHN_2.json.zip,gadm41_CHN_2.json,356,MultiPolygon,SOURCE_GEOMETRY_VALID,Valid Geometry,False,False,False,1,0,"[102.8674, 26.5382, 105.3094, 28.6749]",2.0578946100000017,degree_squared_NOT_km2,urn:ogc:def:crs:OGC:1.3:CRS84,ATTRIBUTE_SUPPORTED_YUNNAN,"{""GID_2"": ""CHN.30.16_1"", ""GID_0"": ""CHN"", ""COUNTRY"": ""China"", ""GID_1"": ""CHN.30_1"", ""NAME_1"": ""Yunnan"", ""NL_NAME_1"": ""雲南|云南"", ""NAME_2"": ""Zhaotong"", ""VARNAME_2"": ""Zhāotōng"", ""NL_NAME_2"": ""昭通市"", ""TYPE_2"": ""Dìjíshì"", ""ENGTYPE_2"": ""PrefectureCity"", ""CC_2"": ""NA"", ""HASC_2"": ""NA""}",GADM41 path/member name and GADM field schema; upstream checksum receipt not located
F:\云南极端降水数据\raw\BOUNDARY\GADM41\gadm41_CHN_3.json.zip,gadm41_CHN_3.json,2219,MultiPolygon,SOURCE_GEOMETRY_VALID,Valid Geometry,False,False,False,1,0,"[98.7286, 24.8169, 99.4967, 25.641]",0.429645355,degree_squared_NOT_km2,urn:ogc:def:crs:OGC:1.3:CRS84,ATTRIBUTE_SUPPORTED_YUNNAN,"{""GID_3"": ""CHN.30.1.1_1"", ""GID_0"": ""CHN"", ""COUNTRY"": ""China"", ""GID_1"": ""CHN.30_1"", ""NAME_1"": ""Yunnan"", ""NL_NAME_1"": ""雲南|云南"", ""GID_2"": ""CHN.30.1_1"", ""NAME_2"": ""Baoshan"", ""NL_NAME_2"": ""保山市"", ""NAME_3"": ""Baoshan"", ""VARNAME_3"": ""NA"", ""NL_NAME_3"": ""NA"", ""TYPE_3"": ""Xiàn"", ""ENGTYPE_3"": ""County"", ""CC_3"": ""NA"", ""HASC_3"": ""NA""}",GADM41 path/member name and GADM field schema; upstream checksum receipt not located
F:\云南极端降水数据\raw\BOUNDARY\GADM41\gadm41_CHN_3.json.zip,gadm41_CHN_3.json,2220,MultiPolygon,SOURCE_GEOMETRY_VALID,Valid Geometry,False,False,False,1,0,"[99.2748, 24.2332, 100.0492, 25.2078]",0.33723075000000163,degree_squared_NOT_km2,urn:ogc:def:crs:OGC:1.3:CRS84,ATTRIBUTE_SUPPORTED_YUNNAN,"{""GID_3"": ""CHN.30.1.2_1"", ""GID_0"": ""CHN"", ""COUNTRY"": ""China"", ""GID_1"": ""CHN.30_1"", ""NAME_1"": ""Yunnan"", ""NL_NAME_1"": ""雲南|云南"", ""GID_2"": ""CHN.30.1_1"", ""NAME_2"": ""Baoshan"", ""NL_NAME_2"": ""保山市"", ""NAME_3"": ""Changning"", ""VARNAME_3"": ""Chāngníng"", ""NL_NAME_3"": ""昌宁县"", ""TYPE_3"": ""Xiàn"", ""ENGTYPE_3"": ""County"", ""CC_3"": ""NA"", ""HASC_3"": ""NA""}",GADM41 path/member name and GADM field schema; upstream checksum receipt not located
F:\云南极端降水数据\raw\BOUNDARY\GADM41\gadm41_CHN_3.json.zip,gadm41_CHN_3.json,2221,MultiPolygon,SOURCE_GEOMETRY_VALID,Valid Geometry,False,False,False,1,0,"[98.4298, 24.1236, 99.1885, 24.8469]",0.24632257999999996,degree_squared_NOT_km2,urn:ogc:def:crs:OGC:1.3:CRS84,ATTRIBUTE_SUPPORTED_YUNNAN,"{""GID_3"": ""CHN.30.1.3_1"", ""GID_0"": ""CHN"", ""COUNTRY"": ""China"", ""GID_1"": ""CHN.30_1"", ""NAME_1"": ""Yunnan"", ""NL_NAME_1"": ""雲南|云南"", ""GID_2"": ""CHN.30.1_1"", ""NAME_2"": ""Baoshan"", ""NL_NAME_2"": ""保山市"", ""NAME_3"": ""Longling"", ""VARNAME_3"": ""Lónglíng"", ""NL_NAME_3"": ""龙陵县"", ""TYPE_3"": ""Xiàn"", ""ENGTYPE_3"": ""County"", ""CC_3"": ""NA"", ""HASC_3"": ""NA""}",GADM41 path/member name and GADM field schema; upstream checksum receipt not located
F:\云南极端降水数据\raw\BOUNDARY\GADM41\gadm41_CHN_3.json.zip,gadm41_CHN_3.json,2222,MultiPolygon,SOURCE_GEOMETRY_VALID,Valid Geometry,False,False,False,1,0,"[98.8896, 24.2804, 99.3629, 24.9883]",0.17755309999999908,degree_squared_NOT_km2,urn:ogc:def:crs:OGC:1.3:CRS84,ATTRIBUTE_SUPPORTED_YUNNAN,"{""GID_3"": ""CHN.30.1.4_1"", ""GID_0"": ""CHN"", ""COUNTRY"": ""China"", ""GID_1"": ""CHN.30_1"", ""NAME_1"": ""Yunnan"", ""NL_NAME_1"": ""雲南|云南"", ""GID_2"": ""CHN.30.1_1"", ""NAME_2"": ""Baoshan"", ""NL_NAME_2"": ""保山市"", ""NAME_3"": ""Shidian"", ""VARNAME_3"": ""Shīdiàn"", ""NL_NAME_3"": ""施甸县"", ""TYPE_3"": ""Xiàn"", ""ENGTYPE_3"": ""County"", ""CC_3"": ""NA"", ""HASC_3"": ""NA""}",GADM41 path/member name and GADM field schema; upstream checksum receipt not located
F:\云南极端降水数据\raw\BOUNDARY\GADM41\gadm41_CHN_3.json.zip,gadm41_CHN_3.json,2223,MultiPolygon,SOURCE_GEOMETRY_VALID,Valid Geometry,False,False,False,1,0,"[98.084, 24.6279, 98.7746, 25.8607]",0.5149661850000001,degree_squared_NOT_km2,urn:ogc:def:crs:OGC:1.3:CRS84,ATTRIBUTE_SUPPORTED_YUNNAN,"{""GID_3"": ""CHN.30.1.5_1"", ""GID_0"": ""CHN"", ""COUNTRY"": ""China"", ""GID_1"": ""CHN.30_1"", ""NAME_1"": ""Yunnan"", ""NL_NAME_1"": ""雲南|云南"", ""GID_2"": ""CHN.30.1_1"", ""NAME_2"": ""Baoshan"", ""NL_NAME_2"": ""保山市"", ""NAME_3"": ""Tengchong"", ""VARNAME_3"": ""Téngchōng"", ""NL_NAME_3"": ""腾冲县"", ""TYPE_3"": ""Xiàn"", ""ENGTYPE_3"": ""County"", ""CC_3"": ""NA"", ""HASC_3"": ""NA""}",GADM41 path/member name and GADM field schema; upstream checksum receipt not located
F:\云南极端降水数据\raw\BOUNDARY\GADM41\gadm41_CHN_3.json.zip,gadm41_CHN_3.json,2224,MultiPolygon,SOURCE_GEOMETRY_VALID,Valid Geometry,False,False,False,1,0,"[100.888, 24.489, 101.8191, 25.2456]",0.38826708000000054,degree_squared_NOT_km2,urn:ogc:def:crs:OGC:1.3:CRS84,ATTRIBUTE_SUPPORTED_YUNNAN,"{""GID_3"": ""CHN.30.2.1_1"", ""GID_0"": ""CHN"", ""COUNTRY"": ""China"", ""GID_1"": ""CHN.30_1"", ""NAME_1"": ""Yunnan"", ""NL_NAME_1"": ""雲南|云南"", ""GID_2"": ""CHN.30.2_1"", ""NAME_2"": ""ChuxiongYi"", ""NL_NAME_2"": ""楚雄彝族自治州"", ""NAME_3"": ""Chuxiong"", ""VARNAME_3"": ""Chǔxióng"", ""NL_NAME_3"": ""楚雄市"", ""TYPE_3"": ""Xiànjíshì"", ""ENGTYPE_3"": ""CountyCity"", ""CC_3"": ""NA"", ""HASC_3"": ""NA""}",GADM41 path/member name and GADM field schema; upstream checksum receipt not located
F:\云南极端降水数据\raw\BOUNDARY\GADM41\gadm41_CHN_3.json.zip,gadm41_CHN_3.json,2225,MultiPolygon,SOURCE_GEOMETRY_VALID,Valid Geometry,False,False,False,1,0,"[100.8801, 25.5477, 101.6688, 26.4014]",0.36713871500000084,degree_squared_NOT_km2,urn:ogc:def:crs:OGC:1.3:CRS84,ATTRIBUTE_SUPPORTED_YUNNAN,"{""GID_3"": ""CHN.30.2.2_1"", ""GID_0"": ""CHN"", ""COUNTRY"": ""China"", ""GID_1"": ""CHN.30_1"", ""NAME_1"": ""Yunnan"", ""NL_NAME_1"": ""雲南|云南"", ""GID_2"": ""CHN.30.2_1"", ""NAME_2"": ""ChuxiongYi"", ""NL_NAME_2"": ""楚雄彝族自治州"", ""NAME_3"": ""Dayao"", ""VARNAME_3"": ""Dàyáo"", ""NL_NAME_3"": ""大姚县"", ""TYPE_3"": ""Xiàn"", ""ENGTYPE_3"": ""County"", ""CC_3"": ""NA"", ""HASC_3"": ""NA""}",GADM41 path/member name and GADM field schema; upstream checksum receipt not located
F:\云南极端降水数据\raw\BOUNDARY\GADM41\gadm41_CHN_3.json.zip,gadm41_CHN_3.json,2226,MultiPolygon,SOURCE_GEOMETRY_VALID,Valid Geometry,False,False,False,1,0,"[101.6252, 24.8559, 102.4118, 25.504]",0.31804267499999866,degree_squared_NOT_km2,urn:ogc:def:crs:OGC:1.3:CRS84,ATTRIBUTE_SUPPORTED_YUNNAN,"{""GID_3"": ""CHN.30.2.3_1"", ""GID_0"": ""CHN"", ""COUNTRY"": ""China"", ""GID_1"": ""CHN.30_1"", ""NAME_1"": ""Yunnan"", ""NL_NAME_1"": ""雲南|云南"", ""GID_2"": ""CHN.30.2_1"", ""NAME_2"": ""ChuxiongYi"", ""NL_NAME_2"": ""楚雄彝族自治州"", ""NAME_3"": ""Lufeng"", ""VARNAME_3"": ""Lùfēng"", ""NL_NAME_3"": ""禄丰县"", ""TYPE_3"": ""Xiàn"", ""ENGTYPE_3"": ""County"", ""CC_3"": ""NA"", ""HASC_3"": ""NA""}",GADM41 path/member name and GADM field schema; upstream checksum receipt not located
F:\云南极端降水数据\raw\BOUNDARY\GADM41\gadm41_CHN_3.json.zip,gadm41_CHN_3.json,2227,MultiPolygon,SOURCE_GEOMETRY_VALID,Valid Geometry,False,False,False,1,0,"[101.3226, 25.153, 101.8491, 25.6679]",0.13057466500000092,degree_squared_NOT_km2,urn:ogc:def:crs:OGC:1.3:CRS84,ATTRIBUTE_SUPPORTED_YUNNAN,"{""GID_3"": ""CHN.30.2.4_1"", ""GID_0"": ""CHN"", ""COUNTRY"": ""China"", ""GID_1"": ""CHN.30_1"", ""NAME_1"": ""Yunnan"", ""NL_NAME_1"": ""雲南|云南"", ""GID_2"": ""CHN.30.2_1"", ""NAME_2"": ""ChuxiongYi"", ""NL_NAME_2"": ""楚雄彝族自治州"", ""NAME_3"": ""Mouding"", ""VARNAME_3"": ""Móudìng"", ""NL_NAME_3"": ""牟定县"", ""TYPE_3"": ""Xiàn"", ""ENGTYPE_3"": ""County"", ""CC_3"": ""NA"", ""HASC_3"": ""NA""}",GADM41 path/member name and GADM field schema; upstream checksum receipt not located
F:\云南极端降水数据\raw\BOUNDARY\GADM41\gadm41_CHN_3.json.zip,gadm41_CHN_3.json,2228,MultiPolygon,SOURCE_GEOMETRY_VALID,Valid Geometry,False,False,False,1,0,"[100.7243, 24.7249, 101.3673, 25.3663]",0.20355468000000002,degree_squared_NOT_km2,urn:ogc:def:crs:OGC:1.3:CRS84,ATTRIBUTE_SUPPORTED_YUNNAN,"{""GID_3"": ""CHN.30.2.5_1"", ""GID_0"": ""CHN"", ""COUNTRY"": ""China"", ""GID_1"": ""CHN.30_1"", ""NAME_1"": ""Yunnan"", ""NL_NAME_1"": ""雲南|云南"", ""GID_2"": ""CHN.30.2_1"", ""NAME_2"": ""ChuxiongYi"", ""NL_NAME_2"": ""楚雄彝族自治州"", ""NAME_3"": ""Nanhua"", ""VARNAME_3"": ""Nánhuá"", ""NL_NAME_3"": ""南华县"", ""TYPE_3"": ""Xiàn"", ""ENGTYPE_3"": ""County"", ""CC_3"": ""NA"", ""HASC_3"": ""NA""}",GADM41 path/member name and GADM field schema; upstream checksum receipt not located
F:\云南极端降水数据\raw\BOUNDARY\GADM41\gadm41_CHN_3.json.zip,gadm41_CHN_3.json,2229,MultiPolygon,SOURCE_GEOMETRY_VALID,Valid Geometry,False,False,False,1,0,"[101.0626, 24.2267, 102.0266, 24.9104]",0.3504768799999997,degree_squared_NOT_km2,urn:ogc:def:crs:OGC:1.3:CRS84,ATTRIBUTE_SUPPORTED_YUNNAN,"{""GID_3"": ""CHN.30.2.6_1"", ""GID_0"": ""CHN"", ""COUNTRY"": ""China"", ""GID_1"": ""CHN.30_1"", ""NAME_1"": ""Yunnan"", ""NL_NAME_1"": ""雲南|云南"", ""GID_2"": ""CHN.30.2_1"", ""NAME_2"": ""ChuxiongYi"", ""NL_NAME_2"": ""楚雄彝族自治州"", ""NAME_3"": ""Shuangbai"", ""VARNAME_3"": ""Shuāngbǎi"", ""NL_NAME_3"": ""双柏县"", ""TYPE_3"": ""Xiàn"", ""ENGTYPE_3"": ""County"", ""CC_3"": ""NA"", ""HASC_3"": ""NA""}",GADM41 path/member name and GADM field schema; upstream checksum receipt not located
F:\云南极端降水数据\raw\BOUNDARY\GADM41\gadm41_CHN_3.json.zip,gadm41_CHN_3.json,2230,MultiPolygon,SOURCE_GEOMETRY_VALID,Valid Geometry,False,False,False,1,0,"[101.8211, 25.3347, 102.4815, 26.1886]",0.29232879499999986,degree_squared_NOT_km2,urn:ogc:def:crs:OGC:1.3:CRS84,ATTRIBUTE_SUPPORTED_YUNNAN,"{""GID_3"": ""CHN.30.2.7_1"", ""GID_0"": ""CHN"", ""COUNTRY"": ""China"", ""GID_1"": ""CHN.30_1"", ""NAME_1"": ""Yunnan"", ""NL_NAME_1"": ""雲南|云南"", ""GID_2"": ""CHN.30.2_1"", ""NAME_2"": ""ChuxiongYi"", ""NL_NAME_2"": ""楚雄彝族自治州"", ""NAME_3"": ""Wuding"", ""VARNAME_3"": ""Wǔdìng"", ""NL_NAME_3"": ""武定县"", ""TYPE_3"": ""Xiàn"", ""ENGTYPE_3"": ""County"", ""CC_3"": ""NA"", ""HASC_3"": ""NA""}",GADM41 path/member name and GADM field schema; upstream checksum receipt not located
F:\云南极端降水数据\raw\BOUNDARY\GADM41\gadm41_CHN_3.json.zip,gadm41_CHN_3.json,2231,MultiPolygon,SOURCE_GEOMETRY_VALID,Valid Geometry,False,False,False,1,0,"[100.935, 25.3071, 101.571, 25.7385]",0.15179835499999933,degree_squared_NOT_km2,urn:ogc:def:crs:OGC:1.3:CRS84,ATTRIBUTE_SUPPORTED_YUNNAN,"{""GID_3"": ""CHN.30.2.8_1"", ""GID_0"": ""CHN"", ""COUNTRY"": ""China"", ""GID_1"": ""CHN.30_1"", ""NAME_1"": ""Yunnan"", ""NL_NAME_1"": ""雲南|云南"", ""GID_2"": ""CHN.30.2_1"", ""NAME_2"": ""ChuxiongYi"", ""NL_NAME_2"": ""楚雄彝族自治州"", ""NAME_3"": ""Yao'an"", ""VARNAME_3"": ""Yáo'ān"", ""NL_NAME_3"": ""姚安县"", ""TYPE_3"": ""Xiàn"", ""ENGTYPE_3"": ""County"", ""CC_3"": ""NA"", ""HASC_3"": ""NA""}",GADM41 path/member name and GADM field schema; upstream checksum receipt not located
F:\云南极端降水数据\raw\BOUNDARY\GADM41\gadm41_CHN_3.json.zip,gadm41_CHN_3.json,2232,MultiPolygon,SOURCE_GEOMETRY_VALID,Valid Geometry,False,False,False,1,0,"[101.3097, 25.8483, 101.8396, 26.503]",0.19275369499999934,degree_squared_NOT_km2,urn:ogc:def:crs:OGC:1.3:CRS84,ATTRIBUTE_SUPPORTED_YUNNAN,"{""GID_3"": ""CHN.30.2.9_1"", ""GID_0"": ""CHN"", ""COUNTRY"": ""China"", ""GID_1"": ""CHN.30_1"", ""NAME_1"": ""Yunnan"", ""NL_NAME_1"": ""雲南|云南"", ""GID_2"": ""CHN.30.2_1"", ""NAME_2"": ""ChuxiongYi"", ""NL_NAME_2"": ""楚雄彝族自治州"", ""NAME_3"": ""Yongren"", ""VARNAME_3"": ""Yǒngrén"", ""NL_NAME_3"": ""永仁县"", ""TYPE_3"": ""Xiàn"", ""ENGTYPE_3"": ""County"", ""CC_3"": ""NA"", ""HASC_3"": ""NA""}",GADM41 path/member name and GADM field schema; upstream checksum receipt not located
F:\云南极端降水数据\raw\BOUNDARY\GADM41\gadm41_CHN_3.json.zip,gadm41_CHN_3.json,2233,MultiPolygon,SOURCE_GEOMETRY_VALID,Valid Geometry,False,False,False,1,0,"[101.608, 25.5256, 102.1084, 26.1141]",0.1574617599999999,degree_squared_NOT_km2,urn:ogc:def:crs:OGC:1.3:CRS84,ATTRIBUTE_SUPPORTED_YUNNAN,"{""GID_3"": ""CHN.30.2.10_1"", ""GID_0"": ""CHN"", ""COUNTRY"": ""China"", ""GID_1"": ""CHN.30_1"", ""NAME_1"": ""Yunnan"", ""NL_NAME_1"": ""雲南|云南"", ""GID_2"": ""CHN.30.2_1"", ""NAME_2"": ""ChuxiongYi"", ""NL_NAME_2"": ""楚雄彝族自治州"", ""NAME_3"": ""Yuanmou"", ""VARNAME_3"": ""Yuánmóu"", ""NL_NAME_3"": ""元谋县"", ""TYPE_3"": ""Xiàn"", ""ENGTYPE_3"": ""County"", ""CC_3"": ""NA"", ""HASC_3"": ""NA""}",GADM41 path/member name and GADM field schema; upstream checksum receipt not located
F:\云南极端降水数据\raw\BOUNDARY\GADM41\gadm41_CHN_3.json.zip,gadm41_CHN_3.json,2234,MultiPolygon,SOURCE_GEOMETRY_VALID,Valid Geometry,False,False,False,1,0,"[100.2852, 25.548, 100.9605, 26.2051]",0.22763081499999985,degree_squared_NOT_km2,urn:ogc:def:crs:OGC:1.3:CRS84,ATTRIBUTE_SUPPORTED_YUNNAN,"{""GID_3"": ""CHN.30.3.1_1"", ""GID_0"": ""CHN"", ""COUNTRY"": ""China"", ""GID_1"": ""CHN.30_1"", ""NAME_1"": ""Yunnan"", ""NL_NAME_1"": ""雲南|云南"", ""GID_2"": ""CHN.30.3_1"", ""NAME_2"": ""DaliBai"", ""NL_NAME_2"": ""大理白族自治州"", ""NAME_3"": ""Binchuan"", ""VARNAME_3"": ""Bīnchuān"", ""NL_NAME_3"": ""宾川县"", ""TYPE_3"": ""Xiàn"", ""ENGTYPE_3"": ""County"", ""CC_3"": ""NA"", ""HASC_3"": ""NA""}",GADM41 path/member name and GADM field schema; upstream checksum receipt not located
F:\云南极端降水数据\raw\BOUNDARY\GADM41\gadm41_CHN_3.json.zip,gadm41_CHN_3.json,2235,MultiPolygon,SOURCE_GEOMETRY_VALID,Valid Geometry,False,False,False,1,0,"[99.9783, 25.4247, 100.4346, 25.9625]",0.12676996000000082,degree_squared_NOT_km2,urn:ogc:def:crs:OGC:1.3:CRS84,ATTRIBUTE_SUPPORTED_YUNNAN,"{""GID_3"": ""CHN.30.3.2_1"", ""GID_0"": ""CHN"", ""COUNTRY"": ""China"", ""GID_1"": ""CHN.30_1"", ""NAME_1"": ""Yunnan"", ""NL_NAME_1"": ""雲南|云南"", ""GID_2"": ""CHN.30.3_1"", ""NAME_2"": ""DaliBai"", ""NL_NAME_2"": ""大理白族自治州"", ""NAME_3"": ""Dali"", ""VARNAME_3"": ""Dàlǐ"", ""NL_NAME_3"": ""大理市"", ""TYPE_3"": ""Xiànjíshì"", ""ENGTYPE_3"": ""CountyCity"", ""CC_3"": ""NA"", ""HASC_3"": ""NA""}",GADM41 path/member name and GADM field schema; upstream checksum receipt not located
F:\云南极端降水数据\raw\BOUNDARY\GADM41\gadm41_CHN_3.json.zip,gadm41_CHN_3.json,2236,MultiPolygon,SOURCE_GEOMETRY_VALID,Valid Geometry,False,False,False,1,0,"[99.5409, 25.8159, 100.3524, 26.4304]",0.257437174999999,degree_squared_NOT_km2,urn:ogc:def:crs:OGC:1.3:CRS84,ATTRIBUTE_SUPPORTED_YUNNAN,"{""GID_3"": ""CHN.30.3.3_1"", ""GID_0"": ""CHN"", ""COUNTRY"": ""China"", ""GID_1"": ""CHN.30_1"", ""NAME_1"": ""Yunnan"", ""NL_NAME_1"": ""雲南|云南"", ""GID_2"": ""CHN.30.3_1"", ""NAME_2"": ""DaliBai"", ""NL_NAME_2"": ""大理白族自治州"", ""NAME_3"": ""Eryuan"", ""VARNAME_3"": ""Ěryuán"", ""NL_NAME_3"": ""洱源县"", ""TYPE_3"": ""Xiàn"", ""ENGTYPE_3"": ""County"", ""CC_3"": ""NA"", ""HASC_3"": ""NA""}",GADM41 path/member name and GADM field schema; upstream checksum receipt not located
F:\云南极端降水数据\raw\BOUNDARY\GADM41\gadm41_CHN_3.json.zip,gadm41_CHN_3.json,2237,MultiPolygon,SOURCE_GEOMETRY_VALID,Valid Geometry,False,False,False,1,0,"[100.0328, 25.9564, 100.4949, 26.7037]",0.21179862999999982,degree_squared_NOT_km2,urn:ogc:def:crs:OGC:1.3:CRS84,ATTRIBUTE_SUPPORTED_YUNNAN,"{""GID_3"": ""CHN.30.3.4_1"", ""GID_0"": ""CHN"", ""COUNTRY"": ""China"", ""GID_1"": ""CHN.30_1"", ""NAME_1"": ""Yunnan"", ""NL_NAME_1"": ""雲南|云南"", ""GID_2"": ""CHN.30.3_1"", ""NAME_2"": ""DaliBai"", ""NL_NAME_2"": ""大理白族自治州"", ""NAME_3"": ""Heqing"", ""VARNAME_3"": ""Hèqìng"", ""NL_NAME_3"": ""鹤庆县"", ""TYPE_3"": ""Xiàn"", ""ENGTYPE_3"": ""County"", ""CC_3"": ""NA"", ""HASC_3"": ""NA""}",GADM41 path/member name and GADM field schema; upstream checksum receipt not located
F:\云南极端降水数据\raw\BOUNDARY\GADM41\gadm41_CHN_3.json.zip,gadm41_CHN_3.json,2238,MultiPolygon,SOURCE_GEOMETRY_VALID,Valid Geometry,False,False,False,1,0,"[99.4732, 26.1911, 100.0618, 26.6833]",0.204393555,degree_squared_NOT_km2,urn:ogc:def:crs:OGC:1.3:CRS84,ATTRIBUTE_SUPPORTED_YUNNAN,"{""GID_3"": ""CHN.30.3.5_1"", ""GID_0"": ""CHN"", ""COUNTRY"": ""China"", ""GID_1"": ""CHN.30_1"", ""NAME_1"": ""Yunnan"", ""NL_NAME_1"": ""雲南|云南"", ""GID_2"": ""CHN.30.3_1"", ""NAME_2"": ""DaliBai"", ""NL_NAME_2"": ""大理白族自治州"", ""NAME_3"": ""Jianchuan"", ""VARNAME_3"": ""Jiànchuān"", ""NL_NAME_3"": ""剑川县"", ""TYPE_3"": ""Xiàn"", ""ENGTYPE_3"": ""County"", ""CC_3"": ""NA"", ""HASC_3"": ""NA""}",GADM41 path/member name and GADM field schema; upstream checksum receipt not located
F:\云南极端降水数据\raw\BOUNDARY\GADM41\gadm41_CHN_3.json.zip,gadm41_CHN_3.json,2239,MultiPolygon,SOURCE_GEOMETRY_VALID,Valid Geometry,False,False,False,1,0,"[100.3277, 24.7878, 100.7833, 25.5309]",0.1372950650000008,degree_squared_NOT_km2,urn:ogc:def:crs:OGC:1.3:CRS84,ATTRIBUTE_SUPPORTED_YUNNAN,"{""GID_3"": ""CHN.30.3.6_1"", ""GID_0"": ""CHN"", ""COUNTRY"": ""China"", ""GID_1"": ""CHN.30_1"", ""NAME_1"": ""Yunnan"", ""NL_NAME_1"": ""雲南|云南"", ""GID_2"": ""CHN.30.3_1"", ""NAME_2"": ""DaliBai"", ""NL_NAME_2"": ""大理白族自治州"", ""NAME_3"": ""Midu"", ""VARNAME_3"": ""Mídù"", ""NL_NAME_3"": ""弥渡县"", ""TYPE_3"": ""Xiàn"", ""ENGTYPE_3"": ""County"", ""CC_3"": ""NA"", ""HASC_3"": ""NA""}",GADM41 path/member name and GADM field schema; upstream checksum receipt not located
F:\云南极端降水数据\raw\BOUNDARY\GADM41\gadm41_CHN_3.json.zip,gadm41_CHN_3.json,2240,MultiPolygon,SOURCE_GEOMETRY_VALID,Valid Geometry,False,False,False,1,0,"[100.0984, 24.6651, 100.6716, 25.1657]",0.15337416999999975,degree_squared_NOT_km2,urn:ogc:def:crs:OGC:1.3:CRS84,ATTRIBUTE_SUPPORTED_YUNNAN,"{""GID_3"": ""CHN.30.3.7_1"", ""GID_0"": ""CHN"", ""COUNTRY"": ""China"", ""GID_1"": ""CHN.30_1"", ""NAME_1"": ""Yunnan"", ""NL_NAME_1"": ""雲南|云南"", ""GID_2"": ""CHN.30.3_1"", ""NAME_2"": ""DaliBai"", ""NL_NAME_2"": ""大理白族自治州"", ""NAME_3"": ""NanjianYi"", ""VARNAME_3"": ""NánjiànYízú"", ""NL_NAME_3"": ""南涧彝族自治县"", ""TYPE_3"": ""Zìzhìxiàn"", ""ENGTYPE_3"": ""AutonomousCounty"", ""CC_3"": ""NA"", ""HASC_3"": ""NA""}",GADM41 path/member name and GADM field schema; upstream checksum receipt not located
F:\云南极端降水数据\raw\BOUNDARY\GADM41\gadm41_CHN_3.json.zip,gadm41_CHN_3.json,2241,MultiPolygon,SOURCE_GEOMETRY_VALID,Valid Geometry,False,False,False,1,0,"[99.9323, 24.9337, 100.4264, 25.5422]",0.19743007000000026,degree_squared_NOT_km2,urn:ogc:def:crs:OGC:1.3:CRS84,ATTRIBUTE_SUPPORTED_YUNNAN,"{""GID_3"": ""CHN.30.3.8_1"", ""GID_0"": ""CHN"", ""COUNTRY"": ""China"", ""GID_1"": ""CHN.30_1"", ""NAME_1"": ""Yunnan"", ""NL_NAME_1"": ""雲南|云南"", ""GID_2"": ""CHN.30.3_1"", ""NAME_2"": ""DaliBai"", ""NL_NAME_2"": ""大理白族自治州"", ""NAME_3"": ""WeishanYiandHui"", ""VARNAME_3"": ""WēishānYízúHuízú"", ""NL_NAME_3"": ""巍山彝族巍山彝族"", ""TYPE_3"": ""Zìzhìxiàn"", ""ENGTYPE_3"": ""AutonomousCounty"", ""CC_3"": ""NA"", ""HASC_3"": ""NA""}",GADM41 path/member name and GADM field schema; upstream checksum receipt not located
F:\云南极端降水数据\raw\BOUNDARY\GADM41\gadm41_CHN_3.json.zip,gadm41_CHN_3.json,2242,MultiPolygon,SOURCE_GEOMETRY_VALID,Valid Geometry,False,False,False,1,0,"[100.4249, 25.2042, 101.0468, 25.8723]",0.21760017499999962,degree_squared_NOT_km2,urn:ogc:def:crs:OGC:1.3:CRS84,ATTRIBUTE_SUPPORTED_YUNNAN,"{""GID_3"": ""CHN.30.3.9_1"", ""GID_0"": ""CHN"", ""COUNTRY"": ""China"", ""GID_1"": ""CHN.30_1"", ""NAME_1"": ""Yunnan"", ""NL_NAME_1"": ""雲南|云南"", ""GID_2"": ""CHN.30.3_1"", ""NAME_2"": ""DaliBai"", ""NL_NAME_2"": ""大理白族自治州"", ""NAME_3"": ""Xiangyun"", ""VARNAME_3"": ""Xiángyún"", ""NL_NAME_3"": ""祥云县"", ""TYPE_3"": ""Xiàn"", ""ENGTYPE_3"": ""County"", ""CC_3"": ""NA"", ""HASC_3"": ""NA""}",GADM41 path/member name and GADM field schema; upstream checksum receipt not located
F:\云南极端降水数据\raw\BOUNDARY\GADM41\gadm41_CHN_3.json.zip,gadm41_CHN_3.json,2243,MultiPolygon,SOURCE_GEOMETRY_VALID,Valid Geometry,False,False,False,1,0,"[99.6153, 25.203, 100.1358, 25.9028]",0.16750025499999988,degree_squared_NOT_km2,urn:ogc:def:crs:OGC:1.3:CRS84,ATTRIBUTE_SUPPORTED_YUNNAN,"{""GID_3"": ""CHN.30.3.10_1"", ""GID_0"": ""CHN"", ""COUNTRY"": ""China"", ""GID_1"": ""CHN.30_1"", ""NAME_1"": ""Yunnan"", ""NL_NAME_1"": ""雲南|云南"", ""GID_2"": ""CHN.30.3_1"", ""NAME_2"": ""DaliBai"", ""NL_NAME_2"": ""大理白族自治州"", ""NAME_3"": ""YangbiYi"", ""VARNAME_3"": ""YàngbìYízú"", ""NL_NAME_3"": ""漾濞彝族自治县"", ""TYPE_3"": ""Zìzhìxiàn"", ""ENGTYPE_3"": ""AutonomousCounty"", ""CC_3"": ""NA"", ""HASC_3"": ""NA""}",GADM41 path/member name and GADM field schema; upstream checksum receipt not located
F:\云南极端降水数据\raw\BOUNDARY\GADM41\gadm41_CHN_3.json.zip,gadm41_CHN_3.json,2244,MultiPolygon,SOURCE_GEOMETRY_VALID,Valid Geometry,False,False,False,1,0,"[99.2881, 25.055, 99.933, 25.7423]",0.2514871900000002,degree_squared_NOT_km2,urn:ogc:def:crs:OGC:1.3:CRS84,ATTRIBUTE_SUPPORTED_YUNNAN,"{""GID_3"": ""CHN.30.3.11_1"", ""GID_0"": ""CHN"", ""COUNTRY"": ""China"", ""GID_1"": ""CHN.30_1"", ""NAME_1"": ""Yunnan"", ""NL_NAME_1"": ""雲南|云南"", ""GID_2"": ""CHN.30.3_1"", ""NAME_2"": ""DaliBai"", ""NL_NAME_2"": ""大理白族自治州"", ""NAME_3"": ""Yongping"", ""VARNAME_3"": ""Yǒngpíng"", ""NL_NAME_3"": ""永平县"", ""TYPE_3"": ""Xiàn"", ""ENGTYPE_3"": ""County"", ""CC_3"": ""NA"", ""HASC_3"": ""NA""}",GADM41 path/member name and GADM field schema; upstream checksum receipt not located
F:\云南极端降水数据\raw\BOUNDARY\GADM41\gadm41_CHN_3.json.zip,gadm41_CHN_3.json,2245,MultiPolygon,SOURCE_GEOMETRY_VALID,Valid Geometry,False,False,False,1,0,"[98.8647, 25.4747, 99.7641, 26.3815]",0.3978349850000002,degree_squared_NOT_km2,urn:ogc:def:crs:OGC:1.3:CRS84,ATTRIBUTE_SUPPORTED_YUNNAN,"{""GID_3"": ""CHN.30.3.12_1"", ""GID_0"": ""CHN"", ""COUNTRY"": ""China"", ""GID_1"": ""CHN.30_1"", ""NAME_1"": ""Yunnan"", ""NL_NAME_1"": ""雲南|云南"", ""GID_2"": ""CHN.30.3_1"", ""NAME_2"": ""DaliBai"", ""NL_NAME_2"": ""大理白族自治州"", ""NAME_3"": ""YulongNaxi"", ""VARNAME_3"": ""YùlóngNàxīzú"", ""NL_NAME_3"": ""玉龙纳西族自治县"", ""TYPE_3"": ""Zìzhìxiàn"", ""ENGTYPE_3"": ""AutonomousCounty"", ""CC_3"": ""NA"", ""HASC_3"": ""NA""}",GADM41 path/member name and GADM field schema; upstream checksum receipt not located
F:\云南极端降水数据\raw\BOUNDARY\GADM41\gadm41_CHN_3.json.zip,gadm41_CHN_3.json,2246,MultiPolygon,SOURCE_GEOMETRY_VALID,Valid Geometry,False,False,False,1,0,"[98.1204, 24.5227, 98.5607, 24.957]",0.10292879499999968,degree_squared_NOT_km2,urn:ogc:def:crs:OGC:1.3:CRS84,ATTRIBUTE_SUPPORTED_YUNNAN,"{""GID_3"": ""CHN.30.4.1_1"", ""GID_0"": ""CHN"", ""COUNTRY"": ""China"", ""GID_1"": ""CHN.30_1"", ""NAME_1"": ""Yunnan"", ""NL_NAME_1"": ""雲南|云南"", ""GID_2"": ""CHN.30.4_1"", ""NAME_2"": ""DehongDaiandJingpo"", ""NL_NAME_2"": ""德宏傣族景颇族自治州"", ""NAME_3"": ""Lianghe"", ""VARNAME_3"": ""Liánghé"", ""NL_NAME_3"": ""梁河县"", ""TYPE_3"": ""Xiàn"", ""ENGTYPE_3"": ""County"", ""CC_3"": ""NA"", ""HASC_3"": ""NA""}",GADM41 path/member name and GADM field schema; upstream checksum receipt not located
F:\云南极端降水数据\raw\BOUNDARY\GADM41\gadm41_CHN_3.json.zip,gadm41_CHN_3.json,2247,MultiPolygon,SOURCE_GEOMETRY_VALID,Valid Geometry,False,False,False,1,0,"[97.6621, 24.14, 98.2885, 24.6606]",0.166489355,degree_squared_NOT_km2,urn:ogc:def:crs:OGC:1.3:CRS84,ATTRIBUTE_SUPPORTED_YUNNAN,"{""GID_3"": ""CHN.30.4.2_1"", ""GID_0"": ""CHN"", ""COUNTRY"": ""China"", ""GID_1"": ""CHN.30_1"", ""NAME_1"": ""Yunnan"", ""NL_NAME_1"": ""雲南|云南"", ""GID_2"": ""CHN.30.4_1"", ""NAME_2"": ""DehongDaiandJingpo"", ""NL_NAME_2"": ""德宏傣族景颇族自治州"", ""NAME_3"": ""Longchuan"", ""VARNAME_3"": ""Lǒngchuān"", ""NL_NAME_3"": ""陇川县"", ""TYPE_3"": ""Xiàn"", ""ENGTYPE_3"": ""County"", ""CC_3"": ""NA"", ""HASC_3"": ""NA""}",GADM41 path/member name and GADM field schema; upstream checksum receipt not located
F:\云南极端降水数据\raw\BOUNDARY\GADM41\gadm41_CHN_3.json.zip,gadm41_CHN_3.json,2248,MultiPolygon,SOURCE_GEOMETRY_VALID,Valid Geometry,False,False,False,1,0,"[98.0266, 24.0945, 98.7312, 24.6667]",0.2584700399999995,degree_squared_NOT_km2,urn:ogc:def:crs:OGC:1.3:CRS84,ATTRIBUTE_SUPPORTED_YUNNAN,"{""GID_3"": ""CHN.30.4.3_1"", ""GID_0"": ""CHN"", ""COUNTRY"": ""China"", ""GID_1"": ""CHN.30_1"", ""NAME_1"": ""Yunnan"", ""NL_NAME_1"": ""雲南|云南"", ""GID_2"": ""CHN.30.4_1"", ""NAME_2"": ""DehongDaiandJingpo"", ""NL_NAME_2"": ""德宏傣族景颇族自治州"", ""NAME_3"": ""Luxi"", ""VARNAME_3"": ""Lùxī"", ""NL_NAME_3"": ""潞西市"", ""TYPE_3"": ""Xiànjíshì"", ""ENGTYPE_3"": ""CountyCity"", ""CC_3"": ""NA"", ""HASC_3"": ""NA""}",GADM41 path/member name and GADM field schema; upstream checksum receipt not located
F:\云南极端降水数据\raw\BOUNDARY\GADM41\gadm41_CHN_3.json.zip,gadm41_CHN_3.json,2249,MultiPolygon,SOURCE_GEOMETRY_VALID,Valid Geometry,False,False,False,1,0,"[97.5341, 23.8445, 98.1634, 24.1784]",0.08186452499999969,degree_squared_NOT_km2,urn:ogc:def:crs:OGC:1.3:CRS84,ATTRIBUTE_SUPPORTED_YUNNAN,"{""GID_3"": ""CHN.30.4.4_1"", ""GID_0"": ""CHN"", ""COUNTRY"": ""China"", ""GID_1"": ""CHN.30_1"", ""NAME_1"": ""Yunnan"", ""NL_NAME_1"": ""雲南|云南"", ""GID_2"": ""CHN.30.4_1"", ""NAME_2"": ""DehongDaiandJingpo"", ""NL_NAME_2"": ""德宏傣族景颇族自治州"", ""NAME_3"": ""Ruili"", ""VARNAME_3"": ""Ruìlì"", ""NL_NAME_3"": ""瑞丽市"", ""TYPE_3"": ""Xiànjíshì"", ""ENGTYPE_3"": ""CountyCity"", ""CC_3"": ""NA"", ""HASC_3"": ""NA""}",GADM41 path/member name and GADM field schema; upstream checksum receipt not located
F:\云南极端降水数据\raw\BOUNDARY\GADM41\gadm41_CHN_3.json.zip,gadm41_CHN_3.json,2250,MultiPolygon,SOURCE_GEOMETRY_VALID,Valid Geometry,False,False,False,1,0,"[97.5366, 24.4046, 98.269, 25.3379]",0.38209960500000006,degree_squared_NOT_km2,urn:ogc:def:crs:OGC:1.3:CRS84,ATTRIBUTE_SUPPORTED_YUNNAN,"{""GID_3"": ""CHN.30.4.5_1"", ""GID_0"": ""CHN"", ""COUNTRY"": ""China"", ""GID_1"": ""CHN.30_1"", ""NAME_1"": ""Yunnan"", ""NL_NAME_1"": ""雲南|云南"", ""GID_2"": ""CHN.30.4_1"", ""NAME_2"": ""DehongDaiandJingpo"", ""NL_NAME_2"": ""德宏傣族景颇族自治州"", ""NAME_3"": ""Yingjiang"", ""VARNAME_3"": ""Yíngjiāng"", ""NL_NAME_3"": ""盈江县"", ""TYPE_3"": ""Xiàn"", ""ENGTYPE_3"": ""County"", ""CC_3"": ""NA"", ""HASC_3"": ""NA""}",GADM41 path/member name and GADM field schema; upstream checksum receipt not located
F:\云南极端降水数据\raw\BOUNDARY\GADM41\gadm41_CHN_3.json.zip,gadm41_CHN_3.json,2251,MultiPolygon,SOURCE_GEOMETRY_VALID,Valid Geometry,False,False,False,1,0,"[98.5929, 27.5578, 99.5235, 29.2511]",0.666628025,degree_squared_NOT_km2,urn:ogc:def:crs:OGC:1.3:CRS84,ATTRIBUTE_SUPPORTED_YUNNAN,"{""GID_3"": ""CHN.30.5.1_1"", ""GID_0"": ""CHN"", ""COUNTRY"": ""China"", ""GID_1"": ""CHN.30_1"", ""NAME_1"": ""Yunnan"", ""NL_NAME_1"": ""雲南|云南"", ""GID_2"": ""CHN.30.5_1"", ""NAME_2"": ""DêqênTibetan"", ""NL_NAME_2"": ""迪庆藏族自治州"", ""NAME_3"": ""Dêqên"", ""VARNAME_3"": ""Déqīn"", ""NL_NAME_3"": ""德钦县"", ""TYPE_3"": ""Xiàn"", ""ENGTYPE_3"": ""County"", ""CC_3"": ""NA"", ""HASC_3"": ""NA""}",GADM41 path/member name and GADM field schema; upstream checksum receipt not located
F:\云南极端降水数据\raw\BOUNDARY\GADM41\gadm41_CHN_3.json.zip,gadm41_CHN_3.json,2252,MultiPolygon,SOURCE_GEOMETRY_VALID,Valid Geometry,False,False,False,1,0,"[98.7876, 26.9156, 99.5521, 28.017]",0.4110335250000009,degree_squared_NOT_km2,urn:ogc:def:crs:OGC:1.3:CRS84,ATTRIBUTE_SUPPORTED_YUNNAN,"{""GID_3"": ""CHN.30.5.2_1"", ""GID_0"": ""CHN"", ""COUNTRY"": ""China"", ""GID_1"": ""CHN.30_1"", ""NAME_1"": ""Yunnan"", ""NL_NAME_1"": ""雲南|云南"", ""GID_2"": ""CHN.30.5_1"", ""NAME_2"": ""DêqênTibetan"", ""NL_NAME_2"": ""迪庆藏族自治州"", ""NAME_3"": ""Weixin"", ""VARNAME_3"": ""Wēixìn"", ""NL_NAME_3"": ""威信县"", ""TYPE_3"": ""Xiàn"", ""ENGTYPE_3"": ""County"", ""CC_3"": ""NA"", ""HASC_3"": ""NA""}",GADM41 path/member name and GADM field schema; upstream checksum receipt not located
F:\云南极端降水数据\raw\BOUNDARY\GADM41\gadm41_CHN_3.json.zip,gadm41_CHN_3.json,2253,MultiPolygon,SOURCE_GEOMETRY_VALID,Valid Geometry,False,False,False,1,0,"[99.3781, 26.8762, 100.3166, 28.8452]",1.0451475850000005,degree_squared_NOT_km2,urn:ogc:def:crs:OGC:1.3:CRS84,ATTRIBUTE_SUPPORTED_YUNNAN,"{""GID_3"": ""CHN.30.5.3_1"", ""GID_0"": ""CHN"", ""COUNTRY"": ""China"", ""GID_1"": ""CHN.30_1"", ""NAME_1"": ""Yunnan"", ""NL_NAME_1"": ""雲南|云南"", ""GID_2"": ""CHN.30.5_1"", ""NAME_2"": ""DêqênTibetan"", ""NL_NAME_2"": ""迪庆藏族自治州"", ""NAME_3"": ""Zhongdian"", ""VARNAME_3"": ""NA"", ""NL_NAME_3"": ""NA"", ""TYPE_3"": ""Xiàn"", ""ENGTYPE_3"": ""County"", ""CC_3"": ""NA"", ""HASC_3"": ""NA""}",GADM41 path/member name and GADM field schema; upstream checksum receipt not located
F:\云南极端降水数据\raw\BOUNDARY\GADM41\gadm41_CHN_3.json.zip,gadm41_CHN_3.json,2254,MultiPolygon,SOURCE_GEOMETRY_VALID,Valid Geometry,False,False,False,1,0,"[102.8638, 23.0006, 103.4301, 23.6321]",0.13763897999999972,degree_squared_NOT_km2,urn:ogc:def:crs:OGC:1.3:CRS84,ATTRIBUTE_SUPPORTED_YUNNAN,"{""GID_3"": ""CHN.30.6.1_1"", ""GID_0"": ""CHN"", ""COUNTRY"": ""China"", ""GID_1"": ""CHN.30_1"", ""NAME_1"": ""Yunnan"", ""NL_NAME_1"": ""雲南|云南"", ""GID_2"": ""CHN.30.6_1"", ""NAME_2"": ""HongheHaniandYi"", ""NL_NAME_2"": ""红河哈尼族彝族自治州"", ""NAME_3"": ""Gejiu"", ""VARNAME_3"": ""Gèjiù"", ""NL_NAME_3"": ""个旧市"", ""TYPE_3"": ""Xiànjíshì"", ""ENGTYPE_3"": ""CountyCity"", ""CC_3"": ""NA"", ""HASC_3"": ""NA""}",GADM41 path/member name and GADM field schema; upstream checksum receipt not located
F:\云南极端降水数据\raw\BOUNDARY\GADM41\gadm41_CHN_3.json.zip,gadm41_CHN_3.json,2255,MultiPolygon,SOURCE_GEOMETRY_VALID,Valid Geometry,False,False,False,1,0,"[103.3964, 22.5057, 104.2846, 23.0274]",0.11632978499999992,degree_squared_NOT_km2,urn:ogc:def:crs:OGC:1.3:CRS84,ATTRIBUTE_SUPPORTED_YUNNAN,"{""GID_3"": ""CHN.30.6.2_1"", ""GID_0"": ""CHN"", ""COUNTRY"": ""China"", ""GID_1"": ""CHN.30_1"", ""NAME_1"": ""Yunnan"", ""NL_NAME_1"": ""雲南|云南"", ""GID_2"": ""CHN.30.6_1"", ""NAME_2"": ""HongheHaniandYi"", ""NL_NAME_2"": ""红河哈尼族彝族自治州"", ""NAME_3"": ""HekouYao"", ""VARNAME_3"": ""HékǒuYáozú"", ""NL_NAME_3"": ""河口瑶族自治县"", ""TYPE_3"": ""Zìzhìxiàn"", ""ENGTYPE_3"": ""AutonomousCounty"", ""CC_3"": ""NA"", ""HASC_3"": ""NA""}",GADM41 path/member name and GADM field schema; upstream checksum receipt not located
F:\云南极端降水数据\raw\BOUNDARY\GADM41\gadm41_CHN_3.json.zip,gadm41_CHN_3.json,2256,MultiPolygon,SOURCE_GEOMETRY_VALID,Valid Geometry,False,False,False,1,0,"[101.8214, 23.0911, 102.6193, 23.4352]",0.17831689000000023,degree_squared_NOT_km2,urn:ogc:def:crs:OGC:1.3:CRS84,ATTRIBUTE_SUPPORTED_YUNNAN,"{""GID_3"": ""CHN.30.6.3_1"", ""GID_0"": ""CHN"", ""COUNTRY"": ""China"", ""GID_1"": ""CHN.30_1"", ""NAME_1"": ""Yunnan"", ""NL_NAME_1"": ""雲南|云南"", ""GID_2"": ""CHN.30.6_1"", ""NAME_2"": ""HongheHaniandYi"", ""NL_NAME_2"": ""红河哈尼族彝族自治州"", ""NAME_3"": ""Honghe"", ""VARNAME_3"": ""Hónghé"", ""NL_NAME_3"": ""红河县"", ""TYPE_3"": ""Xiàn"", ""ENGTYPE_3"": ""County"", ""CC_3"": ""NA"", ""HASC_3"": ""NA""}",GADM41 path/member name and GADM field schema; upstream checksum receipt not located
F:\云南极端降水数据\raw\BOUNDARY\GADM41\gadm41_CHN_3.json.zip,gadm41_CHN_3.json,2257,MultiPolygon,SOURCE_GEOMETRY_VALID,Valid Geometry,False,False,False,1,0,"[102.5871, 23.212, 103.1917, 24.1987]",0.33820629000000063,degree_squared_NOT_km2,urn:ogc:def:crs:OGC:1.3:CRS84,ATTRIBUTE_SUPPORTED_YUNNAN,"{""GID_3"": ""CHN.30.6.4_1"", ""GID_0"": ""CHN"", ""COUNTRY"": ""China"", ""GID_1"": ""CHN.30_1"", ""NAME_1"": ""Yunnan"", ""NL_NAME_1"": ""雲南|云南"", ""GID_2"": ""CHN.30.6_1"", ""NAME_2"": ""HongheHaniandYi"", ""NL_NAME_2"": ""红河哈尼族彝族自治州"", ""NAME_3"": ""Jianshui"", ""VARNAME_3"": ""Jiànshuǐ"", ""NL_NAME_3"": ""建水县"", ""TYPE_3"": ""Xiàn"", ""ENGTYPE_3"": ""County"", ""CC_3"": ""NA"", ""HASC_3"": ""NA""}",GADM41 path/member name and GADM field schema; upstream checksum receipt not located
F:\云南极端降水数据\raw\BOUNDARY\GADM41\gadm41_CHN_3.json.zip,gadm41_CHN_3.json,2258,MultiPolygon,SOURCE_GEOMETRY_VALID,Valid Geometry,False,False,False,1,0,"[102.5666, 22.4425, 103.6587, 23.0769]",0.31810770499999874,degree_squared_NOT_km2,urn:ogc:def:crs:OGC:1.3:CRS84,ATTRIBUTE_SUPPORTED_YUNNAN,"{""GID_3"": ""CHN.30.6.5_1"", ""GID_0"": ""CHN"", ""COUNTRY"": ""China"", ""GID_1"": ""CHN.30_1"", ""NAME_1"": ""Yunnan"", ""NL_NAME_1"": ""雲南|云南"", ""GID_2"": ""CHN.30.6_1"", ""NAME_2"": ""HongheHaniandYi"", ""NL_NAME_2"": ""红河哈尼族彝族自治州"", ""NAME_3"": ""JinpingMiao,YaoandDai"", ""VARNAME_3"": ""JīnpíngMiáozúYáozúDǎiz"", ""NL_NAME_3"": ""金平苗族瑶族傣族自治县"", ""TYPE_3"": ""Zìzhìxiàn"", ""ENGTYPE_3"": ""AutonomousCounty"", ""CC_3"": ""NA"", ""HASC_3"": ""NA""}",GADM41 path/member name and GADM field schema; upstream checksum receipt not located
F:\云南极端降水数据\raw\BOUNDARY\GADM41\gadm41_CHN_3.json.zip,gadm41_CHN_3.json,2259,MultiPolygon,SOURCE_GEOMETRY_VALID,Valid Geometry,False,False,False,1,0,"[103.0679, 23.5128, 103.7071, 23.9748]",0.17216493500000013,degree_squared_NOT_km2,urn:ogc:def:crs:OGC:1.3:CRS84,ATTRIBUTE_SUPPORTED_YUNNAN,"{""GID_3"": ""CHN.30.6.6_1"", ""GID_0"": ""CHN"", ""COUNTRY"": ""China"", ""GID_1"": ""CHN.30_1"", ""NAME_1"": ""Yunnan"", ""NL_NAME_1"": ""雲南|云南"", ""GID_2"": ""CHN.30.6_1"", ""NAME_2"": ""HongheHaniandYi"", ""NL_NAME_2"": ""红河哈尼族彝族自治州"", ""NAME_3"": ""Kaiyuan"", ""VARNAME_3"": ""Kāiyuǎn"", ""NL_NAME_3"": ""开远市"", ""TYPE_3"": ""Xiàn"", ""ENGTYPE_3"": ""County"", ""CC_3"": ""NA"", ""HASC_3"": ""NA""}",GADM41 path/member name and GADM field schema; upstream checksum receipt not located
F:\云南极端降水数据\raw\BOUNDARY\GADM41\gadm41_CHN_3.json.zip,gadm41_CHN_3.json,2260,MultiPolygon,SOURCE_GEOMETRY_VALID,Valid Geometry,False,False,False,1,0,"[101.7892, 22.5577, 102.6474, 23.1345]",0.2744656300000006,degree_squared_NOT_km2,urn:ogc:def:crs:OGC:1.3:CRS84,ATTRIBUTE_SUPPORTED_YUNNAN,"{""GID_3"": ""CHN.30.6.7_1"", ""GID_0"": ""CHN"", ""COUNTRY"": ""China"", ""GID_1"": ""CHN.30_1"", ""NAME_1"": ""Yunnan"", ""NL_NAME_1"": ""雲南|云南"", ""GID_2"": ""CHN.30.6_1"", ""NAME_2"": ""HongheHaniandYi"", ""NL_NAME_2"": ""红河哈尼族彝族自治州"", ""NAME_3"": ""Lüchun"", ""VARNAME_3"": ""Lǜchūn"", ""NL_NAME_3"": ""绿春县"", ""TYPE_3"": ""Xiàn"", ""ENGTYPE_3"": ""County"", ""CC_3"": ""NA"", ""HASC_3"": ""NA""}",GADM41 path/member name and GADM field schema; upstream checksum receipt not located
F:\云南极端降水数据\raw\BOUNDARY\GADM41\gadm41_CHN_3.json.zip,gadm41_CHN_3.json,2261,MultiPolygon,SOURCE_GEOMETRY_VALID,Valid Geometry,False,False,False,1,0,"[103.5148, 24.265, 104.0336, 24.7579]",0.14696870999999995,degree_squared_NOT_km2,urn:ogc:def:crs:OGC:1.3:CRS84,ATTRIBUTE_SUPPORTED_YUNNAN,"{""GID_3"": ""CHN.30.6.8_1"", ""GID_0"": ""CHN"", ""COUNTRY"": ""China"", ""GID_1"": ""CHN.30_1"", ""NAME_1"": ""Yunnan"", ""NL_NAME_1"": ""雲南|云南"", ""GID_2"": ""CHN.30.6_1"", ""NAME_2"": ""HongheHaniandYi"", ""NL_NAME_2"": ""红河哈尼族彝族自治州"", ""NAME_3"": ""Luxi"", ""VARNAME_3"": ""Lùxī"", ""NL_NAME_3"": ""潞西市"", ""TYPE_3"": ""Xiànjíshì"", ""ENGTYPE_3"": ""CountyCity"", ""CC_3"": ""NA"", ""HASC_3"": ""NA""}",GADM41 path/member name and GADM field schema; upstream checksum receipt not located
F:\云南极端降水数据\raw\BOUNDARY\GADM41\gadm41_CHN_3.json.zip,gadm41_CHN_3.json,2262,MultiPolygon,SOURCE_GEOMETRY_VALID,Valid Geometry,False,False,False,1,0,"[103.2116, 23.0317, 103.8155, 23.5732]",0.18927902500000046,degree_squared_NOT_km2,urn:ogc:def:crs:OGC:1.3:CRS84,ATTRIBUTE_SUPPORTED_YUNNAN,"{""GID_3"": ""CHN.30.6.9_1"", ""GID_0"": ""CHN"", ""COUNTRY"": ""China"", ""GID_1"": ""CHN.30_1"", ""NAME_1"": ""Yunnan"", ""NL_NAME_1"": ""雲南|云南"", ""GID_2"": ""CHN.30.6_1"", ""NAME_2"": ""HongheHaniandYi"", ""NL_NAME_2"": ""红河哈尼族彝族自治州"", ""NAME_3"": ""Mengzi"", ""VARNAME_3"": ""Méngzì"", ""NL_NAME_3"": ""蒙自县"", ""TYPE_3"": ""Xiàn"", ""ENGTYPE_3"": ""County"", ""CC_3"": ""NA"", ""HASC_3"": ""NA""}",GADM41 path/member name and GADM field schema; upstream checksum receipt not located
F:\云南极端降水数据\raw\BOUNDARY\GADM41\gadm41_CHN_3.json.zip,gadm41_CHN_3.json,2263,MultiPolygon,SOURCE_GEOMETRY_VALID,Valid Geometry,False,False,False,1,0,"[103.0596, 23.8367, 103.8143, 24.6627]",0.34679217499999937,degree_squared_NOT_km2,urn:ogc:def:crs:OGC:1.3:CRS84,ATTRIBUTE_SUPPORTED_YUNNAN,"{""GID_3"": ""CHN.30.6.10_1"", ""GID_0"": ""CHN"", ""COUNTRY"": ""China"", ""GID_1"": ""CHN.30_1"", ""NAME_1"": ""Yunnan"", ""NL_NAME_1"": ""雲南|云南"", ""GID_2"": ""CHN.30.6_1"", ""NAME_2"": ""HongheHaniandYi"", ""NL_NAME_2"": ""红河哈尼族彝族自治州"", ""NAME_3"": ""Mile"", ""VARNAME_3"": ""Mílè"", ""NL_NAME_3"": ""弥勒县"", ""TYPE_3"": ""Xiàn"", ""ENGTYPE_3"": ""County"", ""CC_3"": ""NA"", ""HASC_3"": ""NA""}",GADM41 path/member name and GADM field schema; upstream checksum receipt not located
F:\云南极端降水数据\raw\BOUNDARY\GADM41\gadm41_CHN_3.json.zip,gadm41_CHN_3.json,2264,MultiPolygon,SOURCE_GEOMETRY_VALID,Valid Geometry,False,False,False,1,0,"[103.3979, 22.8182, 103.9526, 23.39]",0.16484770999999943,degree_squared_NOT_km2,urn:ogc:def:crs:OGC:1.3:CRS84,ATTRIBUTE_SUPPORTED_YUNNAN,"{""GID_3"": ""CHN.30.6.11_1"", ""GID_0"": ""CHN"", ""COUNTRY"": ""China"", ""GID_1"": ""CHN.30_1"", ""NAME_1"": ""Yunnan"", ""NL_NAME_1"": ""雲南|云南"", ""GID_2"": ""CHN.30.6_1"", ""NAME_2"": ""HongheHaniandYi"", ""NL_NAME_2"": ""红河哈尼族彝族自治州"", ""NAME_3"": ""PingbianMiao"", ""VARNAME_3"": ""PíngbiānMiáozú"", ""NL_NAME_3"": ""屏边苗族自治县"", ""TYPE_3"": ""Zìzhìxiàn"", ""ENGTYPE_3"": ""AutonomousCounty"", ""CC_3"": ""NA"", ""HASC_3"": ""NA""}",GADM41 path/member name and GADM field schema; upstream checksum receipt not located
F:\云南极端降水数据\raw\BOUNDARY\GADM41\gadm41_CHN_3.json.zip,gadm41_CHN_3.json,2265,MultiPolygon,SOURCE_GEOMETRY_VALID,Valid Geometry,False,False,False,1,0,"[102.1453, 23.3131, 102.7117, 24.0983]",0.26036424999999985,degree_squared_NOT_km2,urn:ogc:def:crs:OGC:1.3:CRS84,ATTRIBUTE_SUPPORTED_YUNNAN,"{""GID_3"": ""CHN.30.6.12_1"", ""GID_0"": ""CHN"", ""COUNTRY"": ""China"", ""GID_1"": ""CHN.30_1"", ""NAME_1"": ""Yunnan"", ""NL_NAME_1"": ""雲南|云南"", ""GID_2"": ""CHN.30.6_1"", ""NAME_2"": ""HongheHaniandYi"", ""NL_NAME_2"": ""红河哈尼族彝族自治州"", ""NAME_3"": ""Shiping"", ""VARNAME_3"": ""Shípíng"", ""NL_NAME_3"": ""石屏县"", ""TYPE_3"": ""Xiàn"", ""ENGTYPE_3"": ""County"", ""CC_3"": ""NA"", ""HASC_3"": ""NA""}",GADM41 path/member name and GADM field schema; upstream checksum receipt not located
F:\云南极端降水数据\raw\BOUNDARY\GADM41\gadm41_CHN_3.json.zip,gadm41_CHN_3.json,2266,MultiPolygon,SOURCE_GEOMETRY_VALID,Valid Geometry,False,False,False,1,0,"[102.451, 22.831, 103.2227, 23.3131]",0.1973332600000008,degree_squared_NOT_km2,urn:ogc:def:crs:OGC:1.3:CRS84,ATTRIBUTE_SUPPORTED_YUNNAN,"{""GID_3"": ""CHN.30.6.13_1"", ""GID_0"": ""CHN"", ""COUNTRY"": ""China"", ""GID_1"": ""CHN.30_1"", ""NAME_1"": ""Yunnan"", ""NL_NAME_1"": ""雲南|云南"", ""GID_2"": ""CHN.30.6_1"", ""NAME_2"": ""HongheHaniandYi"", ""NL_NAME_2"": ""红河哈尼族彝族自治州"", ""NAME_3"": ""Yuanyang"", ""VARNAME_3"": ""Yuányáng"", ""NL_NAME_3"": ""元阳县"", ""TYPE_3"": ""Xiàn"", ""ENGTYPE_3"": ""County"", ""CC_3"": ""NA"", ""HASC_3"": ""NA""}",GADM41 path/member name and GADM field schema; upstream checksum receipt not located
F:\云南极端降水数据\raw\BOUNDARY\GADM41\gadm41_CHN_3.json.zip,gadm41_CHN_3.json,2267,MultiPolygon,SOURCE_GEOMETRY_VALID,Valid Geometry,False,False,False,1,0,"[102.1678, 24.5172, 102.568, 25.1088]",0.11069839500000041,degree_squared_NOT_km2,urn:ogc:def:crs:OGC:1.3:CRS84,ATTRIBUTE_SUPPORTED_YUNNAN,"{""GID_3"": ""CHN.30.7.1_1"", ""GID_0"": ""CHN"", ""COUNTRY"": ""China"", ""GID_1"": ""CHN.30_1"", ""NAME_1"": ""Yunnan"", ""NL_NAME_1"": ""雲南|云南"", ""GID_2"": ""CHN.30.7_1"", ""NAME_2"": ""Kunming"", ""NL_NAME_2"": ""昆明市"", ""NAME_3"": ""Anning"", ""VARNAME_3"": ""Ānníng"", ""NL_NAME_3"": ""安宁市"", ""TYPE_3"": ""Xiànjíshì"", ""ENGTYPE_3"": ""CountyCity"", ""CC_3"": ""NA"", ""HASC_3"": ""NA""}",GADM41 path/member name and GADM field schema; upstream checksum receipt not located
F:\云南极端降水数据\raw\BOUNDARY\GADM41\gadm41_CHN_3.json.zip,gadm41_CHN_3.json,2268,MultiPolygon,SOURCE_GEOMETRY_VALID,Valid Geometry,False,False,False,1,0,"[102.4641, 24.7187, 102.9948, 24.9948]",0.07259559999999939,degree_squared_NOT_km2,urn:ogc:def:crs:OGC:1.3:CRS84,ATTRIBUTE_SUPPORTED_YUNNAN,"{""GID_3"": ""CHN.30.7.2_1"", ""GID_0"": ""CHN"", ""COUNTRY"": ""China"", ""GID_1"": ""CHN.30_1"", ""NAME_1"": ""Yunnan"", ""NL_NAME_1"": ""雲南|云南"", ""GID_2"": ""CHN.30.7_1"", ""NAME_2"": ""Kunming"", ""NL_NAME_2"": ""昆明市"", ""NAME_3"": ""Chenggong"", ""VARNAME_3"": ""Chénggòng"", ""NL_NAME_3"": ""呈贡县"", ""TYPE_3"": ""Xiàn"", ""ENGTYPE_3"": ""County"", ""CC_3"": ""NA"", ""HASC_3"": ""NA""}",GADM41 path/member name and GADM field schema; upstream checksum receipt not located
F:\云南极端降水数据\raw\BOUNDARY\GADM41\gadm41_CHN_3.json.zip,gadm41_CHN_3.json,2269,MultiPolygon,SOURCE_GEOMETRY_VALID,Valid Geometry,False,False,False,1,0,"[102.7914, 25.9048, 103.312, 26.5274]",0.14564546499999964,degree_squared_NOT_km2,urn:ogc:def:crs:OGC:1.3:CRS84,ATTRIBUTE_SUPPORTED_YUNNAN,"{""GID_3"": ""CHN.30.7.3_1"", ""GID_0"": ""CHN"", ""COUNTRY"": ""China"", ""GID_1"": ""CHN.30_1"", ""NAME_1"": ""Yunnan"", ""NL_NAME_1"": ""雲南|云南"", ""GID_2"": ""CHN.30.7_1"", ""NAME_2"": ""Kunming"", ""NL_NAME_2"": ""昆明市"", ""NAME_3"": ""Dongchuan"", ""VARNAME_3"": ""Dōngchuān"", ""NL_NAME_3"": ""东川区"", ""TYPE_3"": ""Shìxiáqū"", ""ENGTYPE_3"": ""District"", ""CC_3"": ""NA"", ""HASC_3"": ""NA""}",GADM41 path/member name and GADM field schema; upstream checksum receipt not located
F:\云南极端降水数据\raw\BOUNDARY\GADM41\gadm41_CHN_3.json.zip,gadm41_CHN_3.json,2270,MultiPolygon,SOURCE_GEOMETRY_VALID,Valid Geometry,False,False,False,1,0,"[102.3477, 25.1447, 102.7878, 25.6035]",0.09239132500000116,degree_squared_NOT_km2,urn:ogc:def:crs:OGC:1.3:CRS84,ATTRIBUTE_SUPPORTED_YUNNAN,"{""GID_3"": ""CHN.30.7.4_1"", ""GID_0"": ""CHN"", ""COUNTRY"": ""China"", ""GID_1"": ""CHN.30_1"", ""NAME_1"": ""Yunnan"", ""NL_NAME_1"": ""雲南|云南"", ""GID_2"": ""CHN.30.7_1"", ""NAME_2"": ""Kunming"", ""NL_NAME_2"": ""昆明市"", ""NAME_3"": ""Fumin"", ""VARNAME_3"": ""Fùmín"", ""NL_NAME_3"": ""富民县"", ""TYPE_3"": ""Xiàn"", ""ENGTYPE_3"": ""County"", ""CC_3"": ""NA"", ""HASC_3"": ""NA""}",GADM41 path/member name and GADM field schema; upstream checksum receipt not located
F:\云南极端降水数据\raw\BOUNDARY\GADM41\gadm41_CHN_3.json.zip,gadm41_CHN_3.json,2271,MultiPolygon,SOURCE_GEOMETRY_VALID,Valid Geometry,False,False,False,1,0,"[102.2066, 24.3956, 102.8546, 24.7896]",0.11483255500000049,degree_squared_NOT_km2,urn:ogc:def:crs:OGC:1.3:CRS84,ATTRIBUTE_SUPPORTED_YUNNAN,"{""GID_3"": ""CHN.30.7.5_1"", ""GID_0"": ""CHN"", ""COUNTRY"": ""China"", ""GID_1"": ""CHN.30_1"", ""NAME_1"": ""Yunnan"", ""NL_NAME_1"": ""雲南|云南"", ""GID_2"": ""CHN.30.7_1"", ""NAME_2"": ""Kunming"", ""NL_NAME_2"": ""昆明市"", ""NAME_3"": ""Jinning"", ""VARNAME_3"": ""Jìnníng"", ""NL_NAME_3"": ""晋宁县"", ""TYPE_3"": ""Xiàn"", ""ENGTYPE_3"": ""County"", ""CC_3"": ""NA"", ""HASC_3"": ""NA""}",GADM41 path/member name and GADM field schema; upstream checksum receipt not located
F:\云南极端降水数据\raw\BOUNDARY\GADM41\gadm41_CHN_3.json.zip,gadm41_CHN_3.json,2272,MultiPolygon,SOURCE_GEOMETRY_VALID,Valid Geometry,False,False,False,1,0,"[102.5914, 24.8894, 103.0439, 25.2913]",0.10444780500000081,degree_squared_NOT_km2,urn:ogc:def:crs:OGC:1.3:CRS84,ATTRIBUTE_SUPPORTED_YUNNAN,"{""GID_3"": ""CHN.30.7.6_1"", ""GID_0"": ""CHN"", ""COUNTRY"": ""China"", ""GID_1"": ""CHN.30_1"", ""NAME_1"": ""Yunnan"", ""NL_NAME_1"": ""雲南|云南"", ""GID_2"": ""CHN.30.7_1"", ""NAME_2"": ""Kunming"", ""NL_NAME_2"": ""昆明市"", ""NAME_3"": ""Kunming"", ""VARNAME_3"": ""Kūnmíng"", ""NL_NAME_3"": ""昆明市"", ""TYPE_3"": ""Xiànjíshì"", ""ENGTYPE_3"": ""CountyCity"", ""CC_3"": ""NA"", ""HASC_3"": ""NA""}",GADM41 path/member name and GADM field schema; upstream checksum receipt not located
F:\云南极端降水数据\raw\BOUNDARY\GADM41\gadm41_CHN_3.json.zip,gadm41_CHN_3.json,2273,MultiPolygon,SOURCE_GEOMETRY_VALID,Valid Geometry,False,False,False,1,0,"[103.172, 24.5074, 103.6744, 25.0403]",0.15410487500000042,degree_squared_NOT_km2,urn:ogc:def:crs:OGC:1.3:CRS84,ATTRIBUTE_SUPPORTED_YUNNAN,"{""GID_3"": ""CHN.30.7.7_1"", ""GID_0"": ""CHN"", ""COUNTRY"": ""China"", ""GID_1"": ""CHN.30_1"", ""NAME_1"": ""Yunnan"", ""NL_NAME_1"": ""雲南|云南"", ""GID_2"": ""CHN.30.7_1"", ""NAME_2"": ""Kunming"", ""NL_NAME_2"": ""昆明市"", ""NAME_3"": ""Lunan"", ""VARNAME_3"": ""NA"", ""NL_NAME_3"": ""NA"", ""TYPE_3"": ""Xiàn"", ""ENGTYPE_3"": ""County"", ""CC_3"": ""NA"", ""HASC_3"": ""NA""}",GADM41 path/member name and GADM field schema; upstream checksum receipt not located
F:\云南极端降水数据\raw\BOUNDARY\GADM41\gadm41_CHN_3.json.zip,gadm41_CHN_3.json,2274,MultiPolygon,SOURCE_GEOMETRY_VALID,Valid Geometry,False,False,False,1,0,"[102.2331, 25.4143, 102.934, 26.3682]",0.3789110000000004,degree_squared_NOT_km2,urn:ogc:def:crs:OGC:1.3:CRS84,ATTRIBUTE_SUPPORTED_YUNNAN,"{""GID_3"": ""CHN.30.7.8_1"", ""GID_0"": ""CHN"", ""COUNTRY"": ""China"", ""GID_1"": ""CHN.30_1"", ""NAME_1"": ""Yunnan"", ""NL_NAME_1"": ""雲南|云南"", ""GID_2"": ""CHN.30.7_1"", ""NAME_2"": ""Kunming"", ""NL_NAME_2"": ""昆明市"", ""NAME_3"": ""LuquanYiandMiao"", ""VARNAME_3"": ""LùquànYízúMiáozú"", ""NL_NAME_3"": ""禄劝彝族苗族自治县"", ""TYPE_3"": ""Zìzhìxiàn"", ""ENGTYPE_3"": ""AutonomousCounty"", ""CC_3"": ""NA"", ""HASC_3"": ""NA""}",GADM41 path/member name and GADM field schema; upstream checksum receipt not located
F:\云南极端降水数据\raw\BOUNDARY\GADM41\gadm41_CHN_3.json.zip,gadm41_CHN_3.json,2275,MultiPolygon,SOURCE_GEOMETRY_VALID,Valid Geometry,False,False,False,1,0,"[102.6829, 25.0943, 103.3132, 25.4625]",0.12623598499999966,degree_squared_NOT_km2,urn:ogc:def:crs:OGC:1.3:CRS84,ATTRIBUTE_SUPPORTED_YUNNAN,"{""GID_3"": ""CHN.30.7.9_1"", ""GID_0"": ""CHN"", ""COUNTRY"": ""China"", ""GID_1"": ""CHN.30_1"", ""NAME_1"": ""Yunnan"", ""NL_NAME_1"": ""雲南|云南"", ""GID_2"": ""CHN.30.7_1"", ""NAME_2"": ""Kunming"", ""NL_NAME_2"": ""昆明市"", ""NAME_3"": ""Songming"", ""VARNAME_3"": ""Sōngmíng"", ""NL_NAME_3"": ""嵩明县"", ""TYPE_3"": ""Xiàn"", ""ENGTYPE_3"": ""County"", ""CC_3"": ""NA"", ""HASC_3"": ""NA""}",GADM41 path/member name and GADM field schema; upstream checksum receipt not located
F:\云南极端降水数据\raw\BOUNDARY\GADM41\gadm41_CHN_3.json.zip,gadm41_CHN_3.json,2276,MultiPolygon,SOURCE_GEOMETRY_VALID,Valid Geometry,False,False,False,1,0,"[102.3527, 24.8454, 102.7281, 25.2959]",0.06960938499999943,degree_squared_NOT_km2,urn:ogc:def:crs:OGC:1.3:CRS84,ATTRIBUTE_SUPPORTED_YUNNAN,"{""GID_3"": ""CHN.30.7.10_1"", ""GID_0"": ""CHN"", ""COUNTRY"": ""China"", ""GID_1"": ""CHN.30_1"", ""NAME_1"": ""Yunnan"", ""NL_NAME_1"": ""雲南|云南"", ""GID_2"": ""CHN.30.7_1"", ""NAME_2"": ""Kunming"", ""NL_NAME_2"": ""昆明市"", ""NAME_3"": ""Xishan"", ""VARNAME_3"": ""Xīshān"", ""NL_NAME_3"": ""西山区"", ""TYPE_3"": ""Shìxiáqū"", ""ENGTYPE_3"": ""District"", ""CC_3"": ""NA"", ""HASC_3"": ""NA""}",GADM41 path/member name and GADM field schema; upstream checksum receipt not located
F:\云南极端降水数据\raw\BOUNDARY\GADM41\gadm41_CHN_3.json.zip,gadm41_CHN_3.json,2277,MultiPolygon,SOURCE_GEOMETRY_VALID,Valid Geometry,False,False,False,1,0,"[102.7091, 25.3455, 103.552, 26.0184]",0.34612066000000047,degree_squared_NOT_km2,urn:ogc:def:crs:OGC:1.3:CRS84,ATTRIBUTE_SUPPORTED_YUNNAN,"{""GID_3"": ""CHN.30.7.11_1"", ""GID_0"": ""CHN"", ""COUNTRY"": ""China"", ""GID_1"": ""CHN.30_1"", ""NAME_1"": ""Yunnan"", ""NL_NAME_1"": ""雲南|云南"", ""GID_2"": ""CHN.30.7_1"", ""NAME_2"": ""Kunming"", ""NL_NAME_2"": ""昆明市"", ""NAME_3"": ""XundianHuiandYi"", ""VARNAME_3"": ""XúndiànHuízúYízú"", ""NL_NAME_3"": ""寻甸回族彝族自治县"", ""TYPE_3"": ""Zìzhìxiàn"", ""ENGTYPE_3"": ""AutonomousCounty"", ""CC_3"": ""NA"", ""HASC_3"": ""NA""}",GADM41 path/member name and GADM field schema; upstream checksum receipt not located
F:\云南极端降水数据\raw\BOUNDARY\GADM41\gadm41_CHN_3.json.zip,gadm41_CHN_3.json,2278,MultiPolygon,SOURCE_GEOMETRY_VALID,Valid Geometry,False,False,False,1,0,"[102.9769, 24.5134, 103.474, 25.2858]",0.16928400999999993,degree_squared_NOT_km2,urn:ogc:def:crs:OGC:1.3:CRS84,ATTRIBUTE_SUPPORTED_YUNNAN,"{""GID_3"": ""CHN.30.7.12_1"", ""GID_0"": ""CHN"", ""COUNTRY"": ""China"", ""GID_1"": ""CHN.30_1"", ""NAME_1"": ""Yunnan"", ""NL_NAME_1"": ""雲南|云南"", ""GID_2"": ""CHN.30.7_1"", ""NAME_2"": ""Kunming"", ""NL_NAME_2"": ""昆明市"", ""NAME_3"": ""Yiliang"", ""VARNAME_3"": ""Yíliáng"", ""NL_NAME_3"": ""宜良县"", ""TYPE_3"": ""Xiàn"", ""ENGTYPE_3"": ""County"", ""CC_3"": ""NA"", ""HASC_3"": ""NA""}",GADM41 path/member name and GADM field schema; upstream checksum receipt not located
F:\云南极端降水数据\raw\BOUNDARY\GADM41\gadm41_CHN_3.json.zip,gadm41_CHN_3.json,2279,MultiPolygon,SOURCE_GEOMETRY_VALID,Valid Geometry,False,False,False,1,0,"[100.9838, 26.3618, 101.5141, 26.9512]",0.19478653999999868,degree_squared_NOT_km2,urn:ogc:def:crs:OGC:1.3:CRS84,ATTRIBUTE_SUPPORTED_YUNNAN,"{""GID_3"": ""CHN.30.8.1_1"", ""GID_0"": ""CHN"", ""COUNTRY"": ""China"", ""GID_1"": ""CHN.30_1"", ""NAME_1"": ""Yunnan"", ""NL_NAME_1"": ""雲南|云南"", ""GID_2"": ""CHN.30.8_1"", ""NAME_2"": ""Lijiang"", ""NL_NAME_2"": ""丽江市"", ""NAME_3"": ""Huaping"", ""VARNAME_3"": ""Huápíng"", ""NL_NAME_3"": ""华坪县"", ""TYPE_3"": ""Xiàn"", ""ENGTYPE_3"": ""County"", ""CC_3"": ""NA"", ""HASC_3"": ""NA""}",GADM41 path/member name and GADM field schema; upstream checksum receipt not located
F:\云南极端降水数据\raw\BOUNDARY\GADM41\gadm41_CHN_3.json.zip,gadm41_CHN_3.json,2280,MultiPolygon,SOURCE_GEOMETRY_VALID,Valid Geometry,False,False,False,1,0,"[99.3841, 26.5661, 100.543, 27.7606]",0.6813470099999995,degree_squared_NOT_km2,urn:ogc:def:crs:OGC:1.3:CRS84,ATTRIBUTE_SUPPORTED_YUNNAN,"{""GID_3"": ""CHN.30.8.2_1"", ""GID_0"": ""CHN"", ""COUNTRY"": ""China"", ""GID_1"": ""CHN.30_1"", ""NAME_1"": ""Yunnan"", ""NL_NAME_1"": ""雲南|云南"", ""GID_2"": ""CHN.30.8_1"", ""NAME_2"": ""Lijiang"", ""NL_NAME_2"": ""丽江市"", ""NAME_3"": ""Lijiang"", ""VARNAME_3"": ""NA"", ""NL_NAME_3"": ""NA"", ""TYPE_3"": ""Xiàn"", ""ENGTYPE_3"": ""County"", ""CC_3"": ""NA"", ""HASC_3"": ""NA""}",GADM41 path/member name and GADM field schema; upstream checksum receipt not located
F:\云南极端降水数据\raw\BOUNDARY\GADM41\gadm41_CHN_3.json.zip,gadm41_CHN_3.json,2281,MultiPolygon,SOURCE_GEOMETRY_VALID,Valid Geometry,False,False,False,1,0,"[100.3776, 26.5997, 101.268, 27.9264]",0.543983155000001,degree_squared_NOT_km2,urn:ogc:def:crs:OGC:1.3:CRS84,ATTRIBUTE_SUPPORTED_YUNNAN,"{""GID_3"": ""CHN.30.8.3_1"", ""GID_0"": ""CHN"", ""COUNTRY"": ""China"", ""GID_1"": ""CHN.30_1"", ""NAME_1"": ""Yunnan"", ""NL_NAME_1"": ""雲南|云南"", ""GID_2"": ""CHN.30.8_1"", ""NAME_2"": ""Lijiang"", ""NL_NAME_2"": ""丽江市"", ""NAME_3"": ""NinglangYi"", ""VARNAME_3"": ""NínglàngYízú"", ""NL_NAME_3"": ""宁蒗彝族自治县"", ""TYPE_3"": ""Zìzhìxiàn"", ""ENGTYPE_3"": ""AutonomousCounty"", ""CC_3"": ""NA"", ""HASC_3"": ""NA""}",GADM41 path/member name and GADM field schema; upstream checksum receipt not located
F:\云南极端降水数据\raw\BOUNDARY\GADM41\gadm41_CHN_3.json.zip,gadm41_CHN_3.json,2282,MultiPolygon,SOURCE_GEOMETRY_VALID,Valid Geometry,False,False,False,1,0,"[100.38, 25.9906, 101.1899, 27.0774]",0.44659452499999996,degree_squared_NOT_km2,urn:ogc:def:crs:OGC:1.3:CRS84,ATTRIBUTE_SUPPORTED_YUNNAN,"{""GID_3"": ""CHN.30.8.4_1"", ""GID_0"": ""CHN"", ""COUNTRY"": ""China"", ""GID_1"": ""CHN.30_1"", ""NAME_1"": ""Yunnan"", ""NL_NAME_1"": ""雲南|云南"", ""GID_2"": ""CHN.30.8_1"", ""NAME_2"": ""Lijiang"", ""NL_NAME_2"": ""丽江市"", ""NAME_3"": ""Yongsheng"", ""VARNAME_3"": ""Yǒngshèng"", ""NL_NAME_3"": ""永胜县"", ""TYPE_3"": ""Xiàn"", ""ENGTYPE_3"": ""County"", ""CC_3"": ""NA"", ""HASC_3"": ""NA""}",GADM41 path/member name and GADM field schema; upstream checksum receipt not located
F:\云南极端降水数据\raw\BOUNDARY\GADM41\gadm41_CHN_3.json.zip,gadm41_CHN_3.json,2283,MultiPolygon,SOURCE_GEOMETRY_VALID,Valid Geometry,False,False,False,1,0,"[98.8662, 23.0838, 99.7165, 23.5066]",0.21338306000000073,degree_squared_NOT_km2,urn:ogc:def:crs:OGC:1.3:CRS84,ATTRIBUTE_SUPPORTED_YUNNAN,"{""GID_3"": ""CHN.30.9.1_1"", ""GID_0"": ""CHN"", ""COUNTRY"": ""China"", ""GID_1"": ""CHN.30_1"", ""NAME_1"": ""Yunnan"", ""NL_NAME_1"": ""雲南|云南"", ""GID_2"": ""CHN.30.9_1"", ""NAME_2"": ""Lincang"", ""NL_NAME_2"": ""临沧市"", ""NAME_3"": ""CangyuanVa"", ""VARNAME_3"": ""CāngyuánWǎzú"", ""NL_NAME_3"": ""沧源佤族自治县"", ""TYPE_3"": ""Zìzhìxiàn"", ""ENGTYPE_3"": ""AutonomousCounty"", ""CC_3"": ""NA"", ""HASC_3"": ""NA""}",GADM41 path/member name and GADM field schema; upstream checksum receipt not located
F:\云南极端降水数据\raw\BOUNDARY\GADM41\gadm41_CHN_3.json.zip,gadm41_CHN_3.json,2284,MultiPolygon,SOURCE_GEOMETRY_VALID,Valid Geometry,False,False,False,1,0,"[99.5178, 24.2274, 100.2215, 25.0407]",0.29863599499999993,degree_squared_NOT_km2,urn:ogc:def:crs:OGC:1.3:CRS84,ATTRIBUTE_SUPPORTED_YUNNAN,"{""GID_3"": ""CHN.30.9.2_1"", ""GID_0"": ""CHN"", ""COUNTRY"": ""China"", ""GID_1"": ""CHN.30_1"", ""NAME_1"": ""Yunnan"", ""NL_NAME_1"": ""雲南|云南"", ""GID_2"": ""CHN.30.9_1"", ""NAME_2"": ""Lincang"", ""NL_NAME_2"": ""临沧市"", ""NAME_3"": ""Fengqing"", ""VARNAME_3"": ""Fèngqìng"", ""NL_NAME_3"": ""凤庆县"", ""TYPE_3"": ""Xiàn"", ""ENGTYPE_3"": ""County"", ""CC_3"": ""NA"", ""HASC_3"": ""NA""}",GADM41 path/member name and GADM field schema; upstream checksum receipt not located
F:\云南极端降水数据\raw\BOUNDARY\GADM41\gadm41_CHN_3.json.zip,gadm41_CHN_3.json,2285,MultiPolygon,SOURCE_GEOMETRY_VALID,Valid Geometry,False,False,False,1,0,"[98.8077, 23.3507, 99.9017, 24.0258]",0.32389005999999887,degree_squared_NOT_km2,urn:ogc:def:crs:OGC:1.3:CRS84,ATTRIBUTE_SUPPORTED_YUNNAN,"{""GID_3"": ""CHN.30.9.3_1"", ""GID_0"": ""CHN"", ""COUNTRY"": ""China"", ""GID_1"": ""CHN.30_1"", ""NAME_1"": ""Yunnan"", ""NL_NAME_1"": ""雲南|云南"", ""GID_2"": ""CHN.30.9_1"", ""NAME_2"": ""Lincang"", ""NL_NAME_2"": ""临沧市"", ""NAME_3"": ""GengmaDaiandVa"", ""VARNAME_3"": ""GěngmǎDǎizúWǎzú"", ""NL_NAME_3"": ""耿马傣族佤族自治县"", ""TYPE_3"": ""Zìzhìxiàn"", ""ENGTYPE_3"": ""AutonomousCounty"", ""CC_3"": ""NA"", ""HASC_3"": ""NA""}",GADM41 path/member name and GADM field schema; upstream checksum receipt not located
F:\云南极端降水数据\raw\BOUNDARY\GADM41\gadm41_CHN_3.json.zip,gadm41_CHN_3.json,2286,MultiPolygon,SOURCE_GEOMETRY_VALID,Valid Geometry,False,False,False,1,0,"[99.846, 23.4915, 100.4353, 24.2585]",0.22988660000000063,degree_squared_NOT_km2,urn:ogc:def:crs:OGC:1.3:CRS84,ATTRIBUTE_SUPPORTED_YUNNAN,"{""GID_3"": ""CHN.30.9.4_1"", ""GID_0"": ""CHN"", ""COUNTRY"": ""China"", ""GID_1"": ""CHN.30_1"", ""NAME_1"": ""Yunnan"", ""NL_NAME_1"": ""雲南|云南"", ""GID_2"": ""CHN.30.9_1"", ""NAME_2"": ""Lincang"", ""NL_NAME_2"": ""临沧市"", ""NAME_3"": ""Lincang"", ""VARNAME_3"": ""NA"", ""NL_NAME_3"": ""NA"", ""TYPE_3"": ""Xiàn"", ""ENGTYPE_3"": ""County"", ""CC_3"": ""NA"", ""HASC_3"": ""NA""}",GADM41 path/member name and GADM field schema; upstream checksum receipt not located
F:\云南极端降水数据\raw\BOUNDARY\GADM41\gadm41_CHN_3.json.zip,gadm41_CHN_3.json,2287,MultiPolygon,SOURCE_GEOMETRY_VALID,Valid Geometry,False,False,False,1,0,"[99.5857, 23.2015, 100.1551, 23.8128]",0.19081211999999922,degree_squared_NOT_km2,urn:ogc:def:crs:OGC:1.3:CRS84,ATTRIBUTE_SUPPORTED_YUNNAN,"{""GID_3"": ""CHN.30.9.5_1"", ""GID_0"": ""CHN"", ""COUNTRY"": ""China"", ""GID_1"": ""CHN.30_1"", ""NAME_1"": ""Yunnan"", ""NL_NAME_1"": ""雲南|云南"", ""GID_2"": ""CHN.30.9_1"", ""NAME_2"": ""Lincang"", ""NL_NAME_2"": ""临沧市"", ""NAME_3"": ""ShuangjiangLahu,Va,Blangand"", ""VARNAME_3"": ""ShuāngjiāngLāhùzúWǎzúBùlǎngzú"", ""NL_NAME_3"": ""双江拉祜族佤族布朗族傣族自治县"", ""TYPE_3"": ""Zìzhìxiàn"", ""ENGTYPE_3"": ""AutonomousCounty"", ""CC_3"": ""NA"", ""HASC_3"": ""NA""}",GADM41 path/member name and GADM field schema; upstream checksum receipt not located
F:\云南极端降水数据\raw\BOUNDARY\GADM41\gadm41_CHN_3.json.zip,gadm41_CHN_3.json,2288,MultiPolygon,SOURCE_GEOMETRY_VALID,Valid Geometry,False,False,False,1,0,"[99.0912, 23.7519, 99.8456, 24.4519]",0.28648497499999914,degree_squared_NOT_km2,urn:ogc:def:crs:OGC:1.3:CRS84,ATTRIBUTE_SUPPORTED_YUNNAN,"{""GID_3"": ""CHN.30.9.6_1"", ""GID_0"": ""CHN"", ""COUNTRY"": ""China"", ""GID_1"": ""CHN.30_1"", ""NAME_1"": ""Yunnan"", ""NL_NAME_1"": ""雲南|云南"", ""GID_2"": ""CHN.30.9_1"", ""NAME_2"": ""Lincang"", ""NL_NAME_2"": ""临沧市"", ""NAME_3"": ""Yongde"", ""VARNAME_3"": ""Yǒngdé"", ""NL_NAME_3"": ""永德县"", ""TYPE_3"": ""Xiàn"", ""ENGTYPE_3"": ""County"", ""CC_3"": ""NA"", ""HASC_3"": ""NA""}",GADM41 path/member name and GADM field schema; upstream checksum receipt not located
F:\云南极端降水数据\raw\BOUNDARY\GADM41\gadm41_CHN_3.json.zip,gadm41_CHN_3.json,2289,MultiPolygon,SOURCE_GEOMETRY_VALID,Valid Geometry,False,False,False,1,0,"[99.726, 23.9555, 100.5488, 24.7639]",0.3241182400000008,degree_squared_NOT_km2,urn:ogc:def:crs:OGC:1.3:CRS84,ATTRIBUTE_SUPPORTED_YUNNAN,"{""GID_3"": ""CHN.30.9.7_1"", ""GID_0"": ""CHN"", ""COUNTRY"": ""China"", ""GID_1"": ""CHN.30_1"", ""NAME_1"": ""Yunnan"", ""NL_NAME_1"": ""雲南|云南"", ""GID_2"": ""CHN.30.9_1"", ""NAME_2"": ""Lincang"", ""NL_NAME_2"": ""临沧市"", ""NAME_3"": ""Yun"", ""VARNAME_3"": ""Yún"", ""NL_NAME_3"": ""云县"", ""TYPE_3"": ""Xiàn"", ""ENGTYPE_3"": ""County"", ""CC_3"": ""NA"", ""HASC_3"": ""NA""}",GADM41 path/member name and GADM field schema; upstream checksum receipt not located
F:\云南极端降水数据\raw\BOUNDARY\GADM41\gadm41_CHN_3.json.zip,gadm41_CHN_3.json,2290,MultiPolygon,SOURCE_GEOMETRY_VALID,Valid Geometry,False,False,False,1,0,"[98.6785, 23.6294, 99.3715, 24.2593]",0.22351393500000027,degree_squared_NOT_km2,urn:ogc:def:crs:OGC:1.3:CRS84,ATTRIBUTE_SUPPORTED_YUNNAN,"{""GID_3"": ""CHN.30.9.8_1"", ""GID_0"": ""CHN"", ""COUNTRY"": ""China"", ""GID_1"": ""CHN.30_1"", ""NAME_1"": ""Yunnan"", ""NL_NAME_1"": ""雲南|云南"", ""GID_2"": ""CHN.30.9_1"", ""NAME_2"": ""Lincang"", ""NL_NAME_2"": ""临沧市"", ""NAME_3"": ""Zhenkang"", ""VARNAME_3"": ""Zhènkāng"", ""NL_NAME_3"": ""镇康县"", ""TYPE_3"": ""Xiàn"", ""ENGTYPE_3"": ""County"", ""CC_3"": ""NA"", ""HASC_3"": ""NA""}",GADM41 path/member name and GADM field schema; upstream checksum receipt not located
F:\云南极端降水数据\raw\BOUNDARY\GADM41\gadm41_CHN_3.json.zip,gadm41_CHN_3.json,2291,MultiPolygon,SOURCE_GEOMETRY_VALID,Valid Geometry,False,False,False,1,0,"[98.686, 26.4694, 99.0346, 27.5192]",0.24984210499999981,degree_squared_NOT_km2,urn:ogc:def:crs:OGC:1.3:CRS84,ATTRIBUTE_SUPPORTED_YUNNAN,"{""GID_3"": ""CHN.30.10.1_1"", ""GID_0"": ""CHN"", ""COUNTRY"": ""China"", ""GID_1"": ""CHN.30_1"", ""NAME_1"": ""Yunnan"", ""NL_NAME_1"": ""雲南|云南"", ""GID_2"": ""CHN.30.10_1"", ""NAME_2"": ""NujiangLisu"", ""NL_NAME_2"": ""怒江傈僳族自治州"", ""NAME_3"": ""Bijiang"", ""VARNAME_3"": ""NA"", ""NL_NAME_3"": ""NA"", ""TYPE_3"": ""Xiàn"", ""ENGTYPE_3"": ""County"", ""CC_3"": ""NA"", ""HASC_3"": ""NA""}",GADM41 path/member name and GADM field schema; upstream checksum receipt not located
F:\云南极端降水数据\raw\BOUNDARY\GADM41\gadm41_CHN_3.json.zip,gadm41_CHN_3.json,2292,MultiPolygon,SOURCE_GEOMETRY_VALID,Valid Geometry,False,False,False,1,0,"[98.1374, 27.4944, 98.9149, 28.3969]",0.394318875,degree_squared_NOT_km2,urn:ogc:def:crs:OGC:1.3:CRS84,ATTRIBUTE_SUPPORTED_YUNNAN,"{""GID_3"": ""CHN.30.10.2_1"", ""GID_0"": ""CHN"", ""COUNTRY"": ""China"", ""GID_1"": ""CHN.30_1"", ""NAME_1"": ""Yunnan"", ""NL_NAME_1"": ""雲南|云南"", ""GID_2"": ""CHN.30.10_1"", ""NAME_2"": ""NujiangLisu"", ""NL_NAME_2"": ""怒江傈僳族自治州"", ""NAME_3"": ""GongshanDerungandNu"", ""VARNAME_3"": ""GòngshānDúlóngzúNùzú"", ""NL_NAME_3"": ""贡山独龙族怒族自治县"", ""TYPE_3"": ""Zìzhìxiàn"", ""ENGTYPE_3"": ""AutonomousCounty"", ""CC_3"": ""NA"", ""HASC_3"": ""NA""}",GADM41 path/member name and GADM field schema; upstream checksum receipt not located
F:\云南极端降水数据\raw\BOUNDARY\GADM41\gadm41_CHN_3.json.zip,gadm41_CHN_3.json,2293,MultiPolygon,SOURCE_GEOMETRY_VALID,Valid Geometry,False,False,False,1,0,"[98.9597, 26.1107, 99.6475, 27.0816]",0.3982961600000005,degree_squared_NOT_km2,urn:ogc:def:crs:OGC:1.3:CRS84,ATTRIBUTE_SUPPORTED_YUNNAN,"{""GID_3"": ""CHN.30.10.3_1"", ""GID_0"": ""CHN"", ""COUNTRY"": ""China"", ""GID_1"": ""CHN.30_1"", ""NAME_1"": ""Yunnan"", ""NL_NAME_1"": ""雲南|云南"", ""GID_2"": ""CHN.30.10_1"", ""NAME_2"": ""NujiangLisu"", ""NL_NAME_2"": ""怒江傈僳族自治州"", ""NAME_3"": ""LanpingBaiandPumi"", ""VARNAME_3"": ""LánpíngBáizúPǔmǐzú"", ""NL_NAME_3"": ""兰坪白族普米族自治县"", ""TYPE_3"": ""Zìzhìxiàn"", ""ENGTYPE_3"": ""AutonomousCounty"", ""CC_3"": ""NA"", ""HASC_3"": ""NA""}",GADM41 path/member name and GADM field schema; upstream checksum receipt not located
F:\云南极端降水数据\raw\BOUNDARY\GADM41\gadm41_CHN_3.json.zip,gadm41_CHN_3.json,2294,MultiPolygon,SOURCE_GEOMETRY_VALID,Valid Geometry,False,False,False,1,0,"[98.5729, 25.5476, 99.1377, 26.5296]",0.27791893999999995,degree_squared_NOT_km2,urn:ogc:def:crs:OGC:1.3:CRS84,ATTRIBUTE_SUPPORTED_YUNNAN,"{""GID_3"": ""CHN.30.10.4_1"", ""GID_0"": ""CHN"", ""COUNTRY"": ""China"", ""GID_1"": ""CHN.30_1"", ""NAME_1"": ""Yunnan"", ""NL_NAME_1"": ""雲南|云南"", ""GID_2"": ""CHN.30.10_1"", ""NAME_2"": ""NujiangLisu"", ""NL_NAME_2"": ""怒江傈僳族自治州"", ""NAME_3"": ""Lushui"", ""VARNAME_3"": ""Lúshuǐ"", ""NL_NAME_3"": ""泸水县"", ""TYPE_3"": ""Xiàn"", ""ENGTYPE_3"": ""County"", ""CC_3"": ""NA"", ""HASC_3"": ""NA""}",GADM41 path/member name and GADM field schema; upstream checksum receipt not located
F:\云南极端降水数据\raw\BOUNDARY\GADM41\gadm41_CHN_3.json.zip,gadm41_CHN_3.json,2295,MultiPolygon,SOURCE_GEOMETRY_VALID,Valid Geometry,False,False,False,1,0,"[101.2121, 22.3378, 102.3249, 22.9271]",0.30329579499999915,degree_squared_NOT_km2,urn:ogc:def:crs:OGC:1.3:CRS84,ATTRIBUTE_SUPPORTED_YUNNAN,"{""GID_3"": ""CHN.30.11.1_1"", ""GID_0"": ""CHN"", ""COUNTRY"": ""China"", ""GID_1"": ""CHN.30_1"", ""NAME_1"": ""Yunnan"", ""NL_NAME_1"": ""雲南|云南"", ""GID_2"": ""CHN.30.11_1"", ""NAME_2"": ""Pu'er"", ""NL_NAME_2"": ""普洱市"", ""NAME_3"": ""JiangchengHaniandYi"", ""VARNAME_3"": ""JiāngchéngHānízúYízú"", ""NL_NAME_3"": ""江城哈尼族彝族自治县"", ""TYPE_3"": ""Zìzhìxiàn"", ""ENGTYPE_3"": ""AutonomousCounty"", ""CC_3"": ""NA"", ""HASC_3"": ""NA""}",GADM41 path/member name and GADM field schema; upstream checksum receipt not located
F:\云南极端降水数据\raw\BOUNDARY\GADM41\gadm41_CHN_3.json.zip,gadm41_CHN_3.json,2296,MultiPolygon,SOURCE_GEOMETRY_VALID,Valid Geometry,False,False,False,1,0,"[100.3655, 23.9405, 101.2524, 24.8285]",0.39463424499999755,degree_squared_NOT_km2,urn:ogc:def:crs:OGC:1.3:CRS84,ATTRIBUTE_SUPPORTED_YUNNAN,"{""GID_3"": ""CHN.30.11.2_1"", ""GID_0"": ""CHN"", ""COUNTRY"": ""China"", ""GID_1"": ""CHN.30_1"", ""NAME_1"": ""Yunnan"", ""NL_NAME_1"": ""雲南|云南"", ""GID_2"": ""CHN.30.11_1"", ""NAME_2"": ""Pu'er"", ""NL_NAME_2"": ""普洱市"", ""NAME_3"": ""JingdongYi"", ""VARNAME_3"": ""JǐngdōngYízú"", ""NL_NAME_3"": ""景东彝族自治县"", ""TYPE_3"": ""Zìzhìxiàn"", ""ENGTYPE_3"": ""AutonomousCounty"", ""CC_3"": ""NA"", ""HASC_3"": ""NA""}",GADM41 path/member name and GADM field schema; upstream checksum receipt not located
F:\云南极端降水数据\raw\BOUNDARY\GADM41\gadm41_CHN_3.json.zip,gadm41_CHN_3.json,2297,MultiPolygon,SOURCE_GEOMETRY_VALID,Valid Geometry,False,False,False,1,0,"[100.0418, 22.8158, 101.1194, 23.8624]",0.663658090000001,degree_squared_NOT_km2,urn:ogc:def:crs:OGC:1.3:CRS84,ATTRIBUTE_SUPPORTED_YUNNAN,"{""GID_3"": ""CHN.30.11.3_1"", ""GID_0"": ""CHN"", ""COUNTRY"": ""China"", ""GID_1"": ""CHN.30_1"", ""NAME_1"": ""Yunnan"", ""NL_NAME_1"": ""雲南|云南"", ""GID_2"": ""CHN.30.11_1"", ""NAME_2"": ""Pu'er"", ""NL_NAME_2"": ""普洱市"", ""NAME_3"": ""JingguDaiandYi"", ""VARNAME_3"": ""JǐnggǔDǎizúYízú"", ""NL_NAME_3"": ""景谷傣族彝族自治县"", ""TYPE_3"": ""Zìzhìxiàn"", ""ENGTYPE_3"": ""AutonomousCounty"", ""CC_3"": ""NA"", ""HASC_3"": ""NA""}",GADM41 path/member name and GADM field schema; upstream checksum receipt not located
F:\云南极端降水数据\raw\BOUNDARY\GADM41\gadm41_CHN_3.json.zip,gadm41_CHN_3.json,2298,MultiPolygon,SOURCE_GEOMETRY_VALID,Valid Geometry,False,False,False,1,0,"[99.494, 22.0237, 100.5815, 23.2589]",0.7539188550000009,degree_squared_NOT_km2,urn:ogc:def:crs:OGC:1.3:CRS84,ATTRIBUTE_SUPPORTED_YUNNAN,"{""GID_3"": ""CHN.30.11.4_1"", ""GID_0"": ""CHN"", ""COUNTRY"": ""China"", ""GID_1"": ""CHN.30_1"", ""NAME_1"": ""Yunnan"", ""NL_NAME_1"": ""雲南|云南"", ""GID_2"": ""CHN.30.11_1"", ""NAME_2"": ""Pu'er"", ""NL_NAME_2"": ""普洱市"", ""NAME_3"": ""LancangLahu"", ""VARNAME_3"": ""LáncāngLāhùzú"", ""NL_NAME_3"": ""澜沧拉祜族自治县"", ""TYPE_3"": ""Zìzhìxiàn"", ""ENGTYPE_3"": ""AutonomousCounty"", ""CC_3"": ""NA"", ""HASC_3"": ""NA""}",GADM41 path/member name and GADM field schema; upstream checksum receipt not located
F:\云南极端降水数据\raw\BOUNDARY\GADM41\gadm41_CHN_3.json.zip,gadm41_CHN_3.json,2299,MultiPolygon,SOURCE_GEOMETRY_VALID,Valid Geometry,False,False,False,1,0,"[99.1635, 22.0967, 99.7588, 22.5338]",0.16354945000000032,degree_squared_NOT_km2,urn:ogc:def:crs:OGC:1.3:CRS84,ATTRIBUTE_SUPPORTED_YUNNAN,"{""GID_3"": ""CHN.30.11.5_1"", ""GID_0"": ""CHN"", ""COUNTRY"": ""China"", ""GID_1"": ""CHN.30_1"", ""NAME_1"": ""Yunnan"", ""NL_NAME_1"": ""雲南|云南"", ""GID_2"": ""CHN.30.11_1"", ""NAME_2"": ""Pu'er"", ""NL_NAME_2"": ""普洱市"", ""NAME_3"": ""MenglianDai,LahuandVa"", ""VARNAME_3"": ""MèngliánDǎizúLāhùzúWǎzú"", ""NL_NAME_3"": ""孟连傣族拉祜族佤族自治县"", ""TYPE_3"": ""Zìzhìxiàn"", ""ENGTYPE_3"": ""AutonomousCounty"", ""CC_3"": ""NA"", ""HASC_3"": ""NA""}",GADM41 path/member name and GADM field schema; upstream checksum receipt not located
F:\云南极端降水数据\raw\BOUNDARY\GADM41\gadm41_CHN_3.json.zip,gadm41_CHN_3.json,2300,MultiPolygon,SOURCE_GEOMETRY_VALID,Valid Geometry,False,False,False,1,0,"[101.1269, 22.8521, 102.0662, 23.9775]",0.46391346500000064,degree_squared_NOT_km2,urn:ogc:def:crs:OGC:1.3:CRS84,ATTRIBUTE_SUPPORTED_YUNNAN,"{""GID_3"": ""CHN.30.11.6_1"", ""GID_0"": ""CHN"", ""COUNTRY"": ""China"", ""GID_1"": ""CHN.30_1"", ""NAME_1"": ""Yunnan"", ""NL_NAME_1"": ""雲南|云南"", ""GID_2"": ""CHN.30.11_1"", ""NAME_2"": ""Pu'er"", ""NL_NAME_2"": ""普洱市"", ""NAME_3"": ""MojiangHani"", ""VARNAME_3"": ""MòjiāngHānízú"", ""NL_NAME_3"": ""墨江哈尼族自治县"", ""TYPE_3"": ""Zìzhìxiàn"", ""ENGTYPE_3"": ""AutonomousCounty"", ""CC_3"": ""NA"", ""HASC_3"": ""NA""}",GADM41 path/member name and GADM field schema; upstream checksum receipt not located
F:\云南极端降水数据\raw\BOUNDARY\GADM41\gadm41_CHN_3.json.zip,gadm41_CHN_3.json,2301,MultiPolygon,SOURCE_GEOMETRY_VALID,Valid Geometry,False,False,False,1,0,"[100.7164, 22.6822, 101.6005, 23.5945]",0.3235081949999979,degree_squared_NOT_km2,urn:ogc:def:crs:OGC:1.3:CRS84,ATTRIBUTE_SUPPORTED_YUNNAN,"{""GID_3"": ""CHN.30.11.7_1"", ""GID_0"": ""CHN"", ""COUNTRY"": ""China"", ""GID_1"": ""CHN.30_1"", ""NAME_1"": ""Yunnan"", ""NL_NAME_1"": ""雲南|云南"", ""GID_2"": ""CHN.30.11_1"", ""NAME_2"": ""Pu'er"", ""NL_NAME_2"": ""普洱市"", ""NAME_3"": ""Puer"", ""VARNAME_3"": ""NA"", ""NL_NAME_3"": ""NA"", ""TYPE_3"": ""Xiàn"", ""ENGTYPE_3"": ""County"", ""CC_3"": ""NA"", ""HASC_3"": ""NA""}",GADM41 path/member name and GADM field schema; upstream checksum receipt not located
F:\云南极端降水数据\raw\BOUNDARY\GADM41\gadm41_CHN_3.json.zip,gadm41_CHN_3.json,2302,MultiPolygon,SOURCE_GEOMETRY_VALID,Valid Geometry,False,False,False,1,0,"[100.3264, 22.4536, 101.4462, 23.0884]",0.3393741599999998,degree_squared_NOT_km2,urn:ogc:def:crs:OGC:1.3:CRS84,ATTRIBUTE_SUPPORTED_YUNNAN,"{""GID_3"": ""CHN.30.11.8_1"", ""GID_0"": ""CHN"", ""COUNTRY"": ""China"", ""GID_1"": ""CHN.30_1"", ""NAME_1"": ""Yunnan"", ""NL_NAME_1"": ""雲南|云南"", ""GID_2"": ""CHN.30.11_1"", ""NAME_2"": ""Pu'er"", ""NL_NAME_2"": ""普洱市"", ""NAME_3"": ""Simao"", ""VARNAME_3"": ""Sīmáo"", ""NL_NAME_3"": ""思茅区"", ""TYPE_3"": ""Shìxiáqū"", ""ENGTYPE_3"": ""District"", ""CC_3"": ""NA"", ""HASC_3"": ""NA""}",GADM41 path/member name and GADM field schema; upstream checksum receipt not located
F:\云南极端降水数据\raw\BOUNDARY\GADM41\gadm41_CHN_3.json.zip,gadm41_CHN_3.json,2303,MultiPolygon,SOURCE_GEOMETRY_VALID,Valid Geometry,False,False,False,1,0,"[99.322, 22.4564, 99.7151, 22.9469]",0.11709080499999966,degree_squared_NOT_km2,urn:ogc:def:crs:OGC:1.3:CRS84,ATTRIBUTE_SUPPORTED_YUNNAN,"{""GID_3"": ""CHN.30.11.9_1"", ""GID_0"": ""CHN"", ""COUNTRY"": ""China"", ""GID_1"": ""CHN.30_1"", ""NAME_1"": ""Yunnan"", ""NL_NAME_1"": ""雲南|云南"", ""GID_2"": ""CHN.30.11_1"", ""NAME_2"": ""Pu'er"", ""NL_NAME_2"": ""普洱市"", ""NAME_3"": ""XimengVa"", ""VARNAME_3"": ""XīméngWǎzú"", ""NL_NAME_3"": ""西盟佤族自治县"", ""TYPE_3"": ""Zìzhìxiàn"", ""ENGTYPE_3"": ""AutonomousCounty"", ""CC_3"": ""NA"", ""HASC_3"": ""NA""}",GADM41 path/member name and GADM field schema; upstream checksum receipt not located
F:\云南极端降水数据\raw\BOUNDARY\GADM41\gadm41_CHN_3.json.zip,gadm41_CHN_3.json,2304,MultiPolygon,SOURCE_GEOMETRY_VALID,Valid Geometry,False,False,False,1,0,"[100.3599, 23.5736, 101.4991, 24.3572]",0.36427027999999995,degree_squared_NOT_km2,urn:ogc:def:crs:OGC:1.3:CRS84,ATTRIBUTE_SUPPORTED_YUNNAN,"{""GID_3"": ""CHN.30.11.10_1"", ""GID_0"": ""CHN"", ""COUNTRY"": ""China"", ""GID_1"": ""CHN.30_1"", ""NAME_1"": ""Yunnan"", ""NL_NAME_1"": ""雲南|云南"", ""GID_2"": ""CHN.30.11_1"", ""NAME_2"": ""Pu'er"", ""NL_NAME_2"": ""普洱市"", ""NAME_3"": ""ZhenyuanYi,HaniandLahu"", ""VARNAME_3"": ""ZhènyuánYízúHānízúLāhùzú"", ""NL_NAME_3"": ""镇沅彝族哈尼族拉祜族自治县"", ""TYPE_3"": ""Zìzhìxiàn"", ""ENGTYPE_3"": ""AutonomousCounty"", ""CC_3"": ""NA"", ""HASC_3"": ""NA""}",GADM41 path/member name and GADM field schema; upstream checksum receipt not located
F:\云南极端降水数据\raw\BOUNDARY\GADM41\gadm41_CHN_3.json.zip,gadm41_CHN_3.json,2305,MultiPolygon,SOURCE_GEOMETRY_VALID,Valid Geometry,False,False,False,1,0,"[103.9826, 25.0428, 104.8193, 25.9725]",0.2903827050000012,degree_squared_NOT_km2,urn:ogc:def:crs:OGC:1.3:CRS84,ATTRIBUTE_SUPPORTED_YUNNAN,"{""GID_3"": ""CHN.30.12.1_1"", ""GID_0"": ""CHN"", ""COUNTRY"": ""China"", ""GID_1"": ""CHN.30_1"", ""NAME_1"": ""Yunnan"", ""NL_NAME_1"": ""雲南|云南"", ""GID_2"": ""CHN.30.12_1"", ""NAME_2"": ""Qujing"", ""NL_NAME_2"": ""曲靖市"", ""NAME_3"": ""Fuyuan"", ""VARNAME_3"": ""Fùyuán"", ""NL_NAME_3"": ""富源县"", ""TYPE_3"": ""Xiàn"", ""ENGTYPE_3"": ""County"", ""CC_3"": ""NA"", ""HASC_3"": ""NA""}",GADM41 path/member name and GADM field schema; upstream checksum receipt not located
F:\云南极端降水数据\raw\BOUNDARY\GADM41\gadm41_CHN_3.json.zip,gadm41_CHN_3.json,2306,MultiPolygon,SOURCE_GEOMETRY_VALID,Valid Geometry,False,False,False,1,0,"[103.0546, 25.8088, 103.9113, 27.0524]",0.5300501800000024,degree_squared_NOT_km2,urn:ogc:def:crs:OGC:1.3:CRS84,ATTRIBUTE_SUPPORTED_YUNNAN,"{""GID_3"": ""CHN.30.12.2_1"", ""GID_0"": ""CHN"", ""COUNTRY"": ""China"", ""GID_1"": ""CHN.30_1"", ""NAME_1"": ""Yunnan"", ""NL_NAME_1"": ""雲南|云南"", ""GID_2"": ""CHN.30.12_1"", ""NAME_2"": ""Qujing"", ""NL_NAME_2"": ""曲靖市"", ""NAME_3"": ""Huize"", ""VARNAME_3"": ""Huìzé"", ""NL_NAME_3"": ""会泽县"", ""TYPE_3"": ""Xiàn"", ""ENGTYPE_3"": ""County"", ""CC_3"": ""NA"", ""HASC_3"": ""NA""}",GADM41 path/member name and GADM field schema; upstream checksum receipt not located
F:\云南极端降水数据\raw\BOUNDARY\GADM41\gadm41_CHN_3.json.zip,gadm41_CHN_3.json,2307,MultiPolygon,SOURCE_GEOMETRY_VALID,Valid Geometry,False,False,False,1,0,"[103.4068, 24.7381, 104.0193, 25.3374]",0.18017404499999973,degree_squared_NOT_km2,urn:ogc:def:crs:OGC:1.3:CRS84,ATTRIBUTE_SUPPORTED_YUNNAN,"{""GID_3"": ""CHN.30.12.3_1"", ""GID_0"": ""CHN"", ""COUNTRY"": ""China"", ""GID_1"": ""CHN.30_1"", ""NAME_1"": ""Yunnan"", ""NL_NAME_1"": ""雲南|云南"", ""GID_2"": ""CHN.30.12_1"", ""NAME_2"": ""Qujing"", ""NL_NAME_2"": ""曲靖市"", ""NAME_3"": ""Luliang"", ""VARNAME_3"": ""Lùliáng"", ""NL_NAME_3"": ""陆良县"", ""TYPE_3"": ""Xiàn"", ""ENGTYPE_3"": ""County"", ""CC_3"": ""NA"", ""HASC_3"": ""NA""}",GADM41 path/member name and GADM field schema; upstream checksum receipt not located
F:\云南极端降水数据\raw\BOUNDARY\GADM41\gadm41_CHN_3.json.zip,gadm41_CHN_3.json,2308,MultiPolygon,SOURCE_GEOMETRY_VALID,Valid Geometry,False,False,False,1,0,"[103.9438, 24.5273, 104.7098, 25.4133]",0.26983892999999975,degree_squared_NOT_km2,urn:ogc:def:crs:OGC:1.3:CRS84,ATTRIBUTE_SUPPORTED_YUNNAN,"{""GID_3"": ""CHN.30.12.4_1"", ""GID_0"": ""CHN"", ""COUNTRY"": ""China"", ""GID_1"": ""CHN.30_1"", ""NAME_1"": ""Yunnan"", ""NL_NAME_1"": ""雲南|云南"", ""GID_2"": ""CHN.30.12_1"", ""NAME_2"": ""Qujing"", ""NL_NAME_2"": ""曲靖市"", ""NAME_3"": ""Luoping"", ""VARNAME_3"": ""Luópíng"", ""NL_NAME_3"": ""罗平县"", ""TYPE_3"": ""Xiàn"", ""ENGTYPE_3"": ""County"", ""CC_3"": ""NA"", ""HASC_3"": ""NA""}",GADM41 path/member name and GADM field schema; upstream checksum receipt not located
F:\云南极端降水数据\raw\BOUNDARY\GADM41\gadm41_CHN_3.json.zip,gadm41_CHN_3.json,2309,MultiPolygon,SOURCE_GEOMETRY_VALID,Valid Geometry,False,False,False,1,0,"[103.2707, 25.1439, 103.7731, 25.6117]",0.15231301999999955,degree_squared_NOT_km2,urn:ogc:def:crs:OGC:1.3:CRS84,ATTRIBUTE_SUPPORTED_YUNNAN,"{""GID_3"": ""CHN.30.12.5_1"", ""GID_0"": ""CHN"", ""COUNTRY"": ""China"", ""GID_1"": ""CHN.30_1"", ""NAME_1"": ""Yunnan"", ""NL_NAME_1"": ""雲南|云南"", ""GID_2"": ""CHN.30.12_1"", ""NAME_2"": ""Qujing"", ""NL_NAME_2"": ""曲靖市"", ""NAME_3"": ""Malong"", ""VARNAME_3"": ""Mǎlóng"", ""NL_NAME_3"": ""马龙县"", ""TYPE_3"": ""Xiàn"", ""ENGTYPE_3"": ""County"", ""CC_3"": ""NA"", ""HASC_3"": ""NA""}",GADM41 path/member name and GADM field schema; upstream checksum receipt not located
F:\云南极端降水数据\raw\BOUNDARY\GADM41\gadm41_CHN_3.json.zip,gadm41_CHN_3.json,2310,MultiPolygon,SOURCE_GEOMETRY_VALID,Valid Geometry,False,False,False,1,0,"[103.7095, 24.3535, 104.5692, 25.0027]",0.24780060000000004,degree_squared_NOT_km2,urn:ogc:def:crs:OGC:1.3:CRS84,ATTRIBUTE_SUPPORTED_YUNNAN,"{""GID_3"": ""CHN.30.12.6_1"", ""GID_0"": ""CHN"", ""COUNTRY"": ""China"", ""GID_1"": ""CHN.30_1"", ""NAME_1"": ""Yunnan"", ""NL_NAME_1"": ""雲南|云南"", ""GID_2"": ""CHN.30.12_1"", ""NAME_2"": ""Qujing"", ""NL_NAME_2"": ""曲靖市"", ""NAME_3"": ""Shizong"", ""VARNAME_3"": ""Shīzōng"", ""NL_NAME_3"": ""师宗县"", ""TYPE_3"": ""Xiàn"", ""ENGTYPE_3"": ""County"", ""CC_3"": ""NA"", ""HASC_3"": ""NA""}",GADM41 path/member name and GADM field schema; upstream checksum receipt not located
F:\云南极端降水数据\raw\BOUNDARY\GADM41\gadm41_CHN_3.json.zip,gadm41_CHN_3.json,2311,MultiPolygon,SOURCE_GEOMETRY_VALID,Valid Geometry,False,False,False,1,0,"[103.594, 25.8967, 104.6779, 26.7139]",0.5463076200000004,degree_squared_NOT_km2,urn:ogc:def:crs:OGC:1.3:CRS84,ATTRIBUTE_SUPPORTED_YUNNAN,"{""GID_3"": ""CHN.30.12.7_1"", ""GID_0"": ""CHN"", ""COUNTRY"": ""China"", ""GID_1"": ""CHN.30_1"", ""NAME_1"": ""Yunnan"", ""NL_NAME_1"": ""雲南|云南"", ""GID_2"": ""CHN.30.12_1"", ""NAME_2"": ""Qujing"", ""NL_NAME_2"": ""曲靖市"", ""NAME_3"": ""Xuanwei"", ""VARNAME_3"": ""Xuānwēi"", ""NL_NAME_3"": ""宣威市"", ""TYPE_3"": ""Xiànjíshì"", ""ENGTYPE_3"": ""CountyCity"", ""CC_3"": ""NA"", ""HASC_3"": ""NA""}",GADM41 path/member name and GADM field schema; upstream checksum receipt not located
F:\云南极端降水数据\raw\BOUNDARY\GADM41\gadm41_CHN_3.json.zip,gadm41_CHN_3.json,2312,MultiPolygon,SOURCE_GEOMETRY_VALID,Valid Geometry,False,False,False,1,0,"[103.4891, 25.1194, 104.2196, 26.0884]",0.37749802499999907,degree_squared_NOT_km2,urn:ogc:def:crs:OGC:1.3:CRS84,ATTRIBUTE_SUPPORTED_YUNNAN,"{""GID_3"": ""CHN.30.12.8_1"", ""GID_0"": ""CHN"", ""COUNTRY"": ""China"", ""GID_1"": ""CHN.30_1"", ""NAME_1"": ""Yunnan"", ""NL_NAME_1"": ""雲南|云南"", ""GID_2"": ""CHN.30.12_1"", ""NAME_2"": ""Qujing"", ""NL_NAME_2"": ""曲靖市"", ""NAME_3"": ""Zhanyi"", ""VARNAME_3"": ""Zhānyì"", ""NL_NAME_3"": ""沾益县"", ""TYPE_3"": ""Xiàn"", ""ENGTYPE_3"": ""County"", ""CC_3"": ""NA"", ""HASC_3"": ""NA""}",GADM41 path/member name and GADM field schema; upstream checksum receipt not located
F:\云南极端降水数据\raw\BOUNDARY\GADM41\gadm41_CHN_3.json.zip,gadm41_CHN_3.json,2313,MultiPolygon,SOURCE_GEOMETRY_VALID,Valid Geometry,False,False,False,1,0,"[105.2228, 23.1886, 106.1942, 24.142]",0.4677891350000005,degree_squared_NOT_km2,urn:ogc:def:crs:OGC:1.3:CRS84,ATTRIBUTE_SUPPORTED_YUNNAN,"{""GID_3"": ""CHN.30.13.1_1"", ""GID_0"": ""CHN"", ""COUNTRY"": ""China"", ""GID_1"": ""CHN.30_1"", ""NAME_1"": ""Yunnan"", ""NL_NAME_1"": ""雲南|云南"", ""GID_2"": ""CHN.30.13_1"", ""NAME_2"": ""WenshanZhuangandMiao"", ""NL_NAME_2"": ""文山壮族苗族自治州"", ""NAME_3"": ""Funing"", ""VARNAME_3"": ""Fùníng"", ""NL_NAME_3"": ""富宁县"", ""TYPE_3"": ""Xiàn"", ""ENGTYPE_3"": ""County"", ""CC_3"": ""NA"", ""HASC_3"": ""NA""}",GADM41 path/member name and GADM field schema; upstream checksum receipt not located
F:\云南极端降水数据\raw\BOUNDARY\GADM41\gadm41_CHN_3.json.zip,gadm41_CHN_3.json,2314,MultiPolygon,SOURCE_GEOMETRY_VALID,Valid Geometry,False,False,False,1,0,"[104.5104, 23.4988, 105.5981, 24.4629]",0.6937983900000007,degree_squared_NOT_km2,urn:ogc:def:crs:OGC:1.3:CRS84,ATTRIBUTE_SUPPORTED_YUNNAN,"{""GID_3"": ""CHN.30.13.2_1"", ""GID_0"": ""CHN"", ""COUNTRY"": ""China"", ""GID_1"": ""CHN.30_1"", ""NAME_1"": ""Yunnan"", ""NL_NAME_1"": ""雲南|云南"", ""GID_2"": ""CHN.30.13_1"", ""NAME_2"": ""WenshanZhuangandMiao"", ""NL_NAME_2"": ""文山壮族苗族自治州"", ""NAME_3"": ""Guangnan"", ""VARNAME_3"": ""Guǎngnán"", ""NL_NAME_3"": ""广南县"", ""TYPE_3"": ""Xiàn"", ""ENGTYPE_3"": ""County"", ""CC_3"": ""NA"", ""HASC_3"": ""NA""}",GADM41 path/member name and GADM field schema; upstream checksum receipt not located
F:\云南极端降水数据\raw\BOUNDARY\GADM41\gadm41_CHN_3.json.zip,gadm41_CHN_3.json,2315,MultiPolygon,SOURCE_GEOMETRY_VALID,Valid Geometry,False,False,False,1,0,"[103.8821, 22.677, 104.652, 23.2404]",0.23457453499999759,degree_squared_NOT_km2,urn:ogc:def:crs:OGC:1.3:CRS84,ATTRIBUTE_SUPPORTED_YUNNAN,"{""GID_3"": ""CHN.30.13.3_1"", ""GID_0"": ""CHN"", ""COUNTRY"": ""China"", ""GID_1"": ""CHN.30_1"", ""NAME_1"": ""Yunnan"", ""NL_NAME_1"": ""雲南|云南"", ""GID_2"": ""CHN.30.13_1"", ""NAME_2"": ""WenshanZhuangandMiao"", ""NL_NAME_2"": ""文山壮族苗族自治州"", ""NAME_3"": ""Maguan"", ""VARNAME_3"": ""Mǎguān"", ""NL_NAME_3"": ""马关县"", ""TYPE_3"": ""Xiàn"", ""ENGTYPE_3"": ""County"", ""CC_3"": ""NA"", ""HASC_3"": ""NA""}",GADM41 path/member name and GADM field schema; upstream checksum receipt not located
F:\云南极端降水数据\raw\BOUNDARY\GADM41\gadm41_CHN_3.json.zip,gadm41_CHN_3.json,2316,MultiPolygon,SOURCE_GEOMETRY_VALID,Valid Geometry,False,False,False,1,0,"[104.5397, 22.8172, 105.3082, 23.5512]",0.20812551000000037,degree_squared_NOT_km2,urn:ogc:def:crs:OGC:1.3:CRS84,ATTRIBUTE_SUPPORTED_YUNNAN,"{""GID_3"": ""CHN.30.13.4_1"", ""GID_0"": ""CHN"", ""COUNTRY"": ""China"", ""GID_1"": ""CHN.30_1"", ""NAME_1"": ""Yunnan"", ""NL_NAME_1"": ""雲南|云南"", ""GID_2"": ""CHN.30.13_1"", ""NAME_2"": ""WenshanZhuangandMiao"", ""NL_NAME_2"": ""文山壮族苗族自治州"", ""NAME_3"": ""Malipo"", ""VARNAME_3"": ""Málìpō"", ""NL_NAME_3"": ""麻栗坡县"", ""TYPE_3"": ""Xiàn"", ""ENGTYPE_3"": ""County"", ""CC_3"": ""NA"", ""HASC_3"": ""NA""}",GADM41 path/member name and GADM field schema; upstream checksum receipt not located
F:\云南极端降水数据\raw\BOUNDARY\GADM41\gadm41_CHN_3.json.zip,gadm41_CHN_3.json,2317,MultiPolygon,SOURCE_GEOMETRY_VALID,Valid Geometry,False,False,False,1,0,"[103.5753, 23.7509, 104.5711, 24.4629]",0.447496635,degree_squared_NOT_km2,urn:ogc:def:crs:OGC:1.3:CRS84,ATTRIBUTE_SUPPORTED_YUNNAN,"{""GID_3"": ""CHN.30.13.5_1"", ""GID_0"": ""CHN"", ""COUNTRY"": ""China"", ""GID_1"": ""CHN.30_1"", ""NAME_1"": ""Yunnan"", ""NL_NAME_1"": ""雲南|云南"", ""GID_2"": ""CHN.30.13_1"", ""NAME_2"": ""WenshanZhuangandMiao"", ""NL_NAME_2"": ""文山壮族苗族自治州"", ""NAME_3"": ""Qiubei"", ""VARNAME_3"": ""Qiūběi"", ""NL_NAME_3"": ""丘北县"", ""TYPE_3"": ""Xiàn"", ""ENGTYPE_3"": ""County"", ""CC_3"": ""NA"", ""HASC_3"": ""NA""}",GADM41 path/member name and GADM field schema; upstream checksum receipt not located
F:\云南极端降水数据\raw\BOUNDARY\GADM41\gadm41_CHN_3.json.zip,gadm41_CHN_3.json,2318,MultiPolygon,SOURCE_GEOMETRY_VALID,Valid Geometry,False,False,False,1,0,"[103.7188, 23.0916, 104.4278, 23.7269]",0.2634492850000015,degree_squared_NOT_km2,urn:ogc:def:crs:OGC:1.3:CRS84,ATTRIBUTE_SUPPORTED_YUNNAN,"{""GID_3"": ""CHN.30.13.6_1"", ""GID_0"": ""CHN"", ""COUNTRY"": ""China"", ""GID_1"": ""CHN.30_1"", ""NAME_1"": ""Yunnan"", ""NL_NAME_1"": ""雲南|云南"", ""GID_2"": ""CHN.30.13_1"", ""NAME_2"": ""WenshanZhuangandMiao"", ""NL_NAME_2"": ""文山壮族苗族自治州"", ""NAME_3"": ""Wenshan"", ""VARNAME_3"": ""Wénshān"", ""NL_NAME_3"": ""文山县"", ""TYPE_3"": ""Xiàn"", ""ENGTYPE_3"": ""County"", ""CC_3"": ""NA"", ""HASC_3"": ""NA""}",GADM41 path/member name and GADM field schema; upstream checksum receipt not located
F:\云南极端降水数据\raw\BOUNDARY\GADM41\gadm41_CHN_3.json.zip,gadm41_CHN_3.json,2319,MultiPolygon,SOURCE_GEOMETRY_VALID,Valid Geometry,False,False,False,1,0,"[104.3714, 23.0859, 104.9796, 23.6195]",0.13325820999999988,degree_squared_NOT_km2,urn:ogc:def:crs:OGC:1.3:CRS84,ATTRIBUTE_SUPPORTED_YUNNAN,"{""GID_3"": ""CHN.30.13.7_1"", ""GID_0"": ""CHN"", ""COUNTRY"": ""China"", ""GID_1"": ""CHN.30_1"", ""NAME_1"": ""Yunnan"", ""NL_NAME_1"": ""雲南|云南"", ""GID_2"": ""CHN.30.13_1"", ""NAME_2"": ""WenshanZhuangandMiao"", ""NL_NAME_2"": ""文山壮族苗族自治州"", ""NAME_3"": ""Xichou"", ""VARNAME_3"": ""Xīchóu"", ""NL_NAME_3"": ""西畴县"", ""TYPE_3"": ""Xiàn"", ""ENGTYPE_3"": ""County"", ""CC_3"": ""NA"", ""HASC_3"": ""NA""}",GADM41 path/member name and GADM field schema; upstream checksum receipt not located
F:\云南极端降水数据\raw\BOUNDARY\GADM41\gadm41_CHN_3.json.zip,gadm41_CHN_3.json,2320,MultiPolygon,SOURCE_GEOMETRY_VALID,Valid Geometry,False,False,False,1,0,"[103.5822, 23.3137, 104.7345, 23.9867]",0.33853258499999944,degree_squared_NOT_km2,urn:ogc:def:crs:OGC:1.3:CRS84,ATTRIBUTE_SUPPORTED_YUNNAN,"{""GID_3"": ""CHN.30.13.8_1"", ""GID_0"": ""CHN"", ""COUNTRY"": ""China"", ""GID_1"": ""CHN.30_1"", ""NAME_1"": ""Yunnan"", ""NL_NAME_1"": ""雲南|云南"", ""GID_2"": ""CHN.30.13_1"", ""NAME_2"": ""WenshanZhuangandMiao"", ""NL_NAME_2"": ""文山壮族苗族自治州"", ""NAME_3"": ""Yanshan"", ""VARNAME_3"": ""Yànshān"", ""NL_NAME_3"": ""砚山县"", ""TYPE_3"": ""Xiàn"", ""ENGTYPE_3"": ""County"", ""CC_3"": ""NA"", ""HASC_3"": ""NA""}",GADM41 path/member name and GADM field schema; upstream checksum receipt not located
F:\云南极端降水数据\raw\BOUNDARY\GADM41\gadm41_CHN_3.json.zip,gadm41_CHN_3.json,2321,MultiPolygon,SOURCE_GEOMETRY_VALID,Valid Geometry,False,False,False,1,0,"[100.3997, 21.4503, 101.5106, 22.5914]",0.6162109550000012,degree_squared_NOT_km2,urn:ogc:def:crs:OGC:1.3:CRS84,ATTRIBUTE_SUPPORTED_YUNNAN,"{""GID_3"": ""CHN.30.14.1_1"", ""GID_0"": ""CHN"", ""COUNTRY"": ""China"", ""GID_1"": ""CHN.30_1"", ""NAME_1"": ""Yunnan"", ""NL_NAME_1"": ""雲南|云南"", ""GID_2"": ""CHN.30.14_1"", ""NAME_2"": ""XishuangbannaDai"", ""NL_NAME_2"": ""西双版纳傣族自治州"", ""NAME_3"": ""Jinghong"", ""VARNAME_3"": ""Jǐnghóng"", ""NL_NAME_3"": ""景洪市"", ""TYPE_3"": ""Xiànjíshì"", ""ENGTYPE_3"": ""CountyCity"", ""CC_3"": ""NA"", ""HASC_3"": ""NA""}",GADM41 path/member name and GADM field schema; upstream checksum receipt not located
F:\云南极端降水数据\raw\BOUNDARY\GADM41\gadm41_CHN_3.json.zip,gadm41_CHN_3.json,2322,MultiPolygon,SOURCE_GEOMETRY_VALID,Valid Geometry,False,False,False,1,0,"[99.9478, 21.437, 100.692, 22.5066]",0.47027539999999934,degree_squared_NOT_km2,urn:ogc:def:crs:OGC:1.3:CRS84,ATTRIBUTE_SUPPORTED_YUNNAN,"{""GID_3"": ""CHN.30.14.2_1"", ""GID_0"": ""CHN"", ""COUNTRY"": ""China"", ""GID_1"": ""CHN.30_1"", ""NAME_1"": ""Yunnan"", ""NL_NAME_1"": ""雲南|云南"", ""GID_2"": ""CHN.30.14_1"", ""NAME_2"": ""XishuangbannaDai"", ""NL_NAME_2"": ""西双版纳傣族自治州"", ""NAME_3"": ""Menghai"", ""VARNAME_3"": ""Měnghǎi"", ""NL_NAME_3"": ""勐海县"", ""TYPE_3"": ""Xiàn"", ""ENGTYPE_3"": ""County"", ""CC_3"": ""NA"", ""HASC_3"": ""NA""}",GADM41 path/member name and GADM field schema; upstream checksum receipt not located
F:\云南极端降水数据\raw\BOUNDARY\GADM41\gadm41_CHN_3.json.zip,gadm41_CHN_3.json,2323,MultiPolygon,SOURCE_GEOMETRY_VALID,Valid Geometry,False,False,False,1,0,"[101.0963, 21.1394, 101.8471, 22.4096]",0.5934715149999991,degree_squared_NOT_km2,urn:ogc:def:crs:OGC:1.3:CRS84,ATTRIBUTE_SUPPORTED_YUNNAN,"{""GID_3"": ""CHN.30.14.3_1"", ""GID_0"": ""CHN"", ""COUNTRY"": ""China"", ""GID_1"": ""CHN.30_1"", ""NAME_1"": ""Yunnan"", ""NL_NAME_1"": ""雲南|云南"", ""GID_2"": ""CHN.30.14_1"", ""NAME_2"": ""XishuangbannaDai"", ""NL_NAME_2"": ""西双版纳傣族自治州"", ""NAME_3"": ""Mengla"", ""VARNAME_3"": ""Měnglà"", ""NL_NAME_3"": ""勐腊县"", ""TYPE_3"": ""Xiàn"", ""ENGTYPE_3"": ""County"", ""CC_3"": ""NA"", ""HASC_3"": ""NA""}",GADM41 path/member name and GADM field schema; upstream checksum receipt not located
F:\云南极端降水数据\raw\BOUNDARY\GADM41\gadm41_CHN_3.json.zip,gadm41_CHN_3.json,2324,MultiPolygon,SOURCE_GEOMETRY_VALID,Valid Geometry,False,False,False,1,0,"[102.7871, 24.4942, 103.0644, 24.9254]",0.06416049000000039,degree_squared_NOT_km2,urn:ogc:def:crs:OGC:1.3:CRS84,ATTRIBUTE_SUPPORTED_YUNNAN,"{""GID_3"": ""CHN.30.15.1_1"", ""GID_0"": ""CHN"", ""COUNTRY"": ""China"", ""GID_1"": ""CHN.30_1"", ""NAME_1"": ""Yunnan"", ""NL_NAME_1"": ""雲南|云南"", ""GID_2"": ""CHN.30.15_1"", ""NAME_2"": ""Yuxi"", ""NL_NAME_2"": ""玉溪市"", ""NAME_3"": ""Chengjiang"", ""VARNAME_3"": ""Chéngjiāng"", ""NL_NAME_3"": ""澄江县"", ""TYPE_3"": ""Xiàn"", ""ENGTYPE_3"": ""County"", ""CC_3"": ""NA"", ""HASC_3"": ""NA""}",GADM41 path/member name and GADM field schema; upstream checksum receipt not located
F:\云南极端降水数据\raw\BOUNDARY\GADM41\gadm41_CHN_3.json.zip,gadm41_CHN_3.json,2325,MultiPolygon,SOURCE_GEOMETRY_VALID,Valid Geometry,False,False,False,1,0,"[101.8696, 24.0224, 102.6066, 24.5261]",0.17022524500000102,degree_squared_NOT_km2,urn:ogc:def:crs:OGC:1.3:CRS84,ATTRIBUTE_SUPPORTED_YUNNAN,"{""GID_3"": ""CHN.30.15.2_1"", ""GID_0"": ""CHN"", ""COUNTRY"": ""China"", ""GID_1"": ""CHN.30_1"", ""NAME_1"": ""Yunnan"", ""NL_NAME_1"": ""雲南|云南"", ""GID_2"": ""CHN.30.15_1"", ""NAME_2"": ""Yuxi"", ""NL_NAME_2"": ""玉溪市"", ""NAME_3"": ""EshanYi"", ""VARNAME_3"": ""ÉshānYízú"", ""NL_NAME_3"": ""峨山彝族自治县"", ""TYPE_3"": ""Zìzhìxiàn"", ""ENGTYPE_3"": ""AutonomousCounty"", ""CC_3"": ""NA"", ""HASC_3"": ""NA""}",GADM41 path/member name and GADM field schema; upstream checksum receipt not located
F:\云南极端降水数据\raw\BOUNDARY\GADM41\gadm41_CHN_3.json.zip,gadm41_CHN_3.json,2326,MultiPolygon,SOURCE_GEOMETRY_VALID,Valid Geometry,False,False,False,1,0,"[102.8117, 23.9858, 103.1454, 24.5713]",0.11163889499999988,degree_squared_NOT_km2,urn:ogc:def:crs:OGC:1.3:CRS84,ATTRIBUTE_SUPPORTED_YUNNAN,"{""GID_3"": ""CHN.30.15.3_1"", ""GID_0"": ""CHN"", ""COUNTRY"": ""China"", ""GID_1"": ""CHN.30_1"", ""NAME_1"": ""Yunnan"", ""NL_NAME_1"": ""雲南|云南"", ""GID_2"": ""CHN.30.15_1"", ""NAME_2"": ""Yuxi"", ""NL_NAME_2"": ""玉溪市"", ""NAME_3"": ""Huaning"", ""VARNAME_3"": ""Huáníng"", ""NL_NAME_3"": ""华宁县"", ""TYPE_3"": ""Xiàn"", ""ENGTYPE_3"": ""County"", ""CC_3"": ""NA"", ""HASC_3"": ""NA""}",GADM41 path/member name and GADM field schema; upstream checksum receipt not located
F:\云南极端降水数据\raw\BOUNDARY\GADM41\gadm41_CHN_3.json.zip,gadm41_CHN_3.json,2327,MultiPolygon,SOURCE_GEOMETRY_VALID,Valid Geometry,False,False,False,1,0,"[102.5805, 24.2031, 102.9141, 24.5193]",0.07313852000000048,degree_squared_NOT_km2,urn:ogc:def:crs:OGC:1.3:CRS84,ATTRIBUTE_SUPPORTED_YUNNAN,"{""GID_3"": ""CHN.30.15.4_1"", ""GID_0"": ""CHN"", ""COUNTRY"": ""China"", ""GID_1"": ""CHN.30_1"", ""NAME_1"": ""Yunnan"", ""NL_NAME_1"": ""雲南|云南"", ""GID_2"": ""CHN.30.15_1"", ""NAME_2"": ""Yuxi"", ""NL_NAME_2"": ""玉溪市"", ""NAME_3"": ""Jiangchuan"", ""VARNAME_3"": ""Jiāngchuān"", ""NL_NAME_3"": ""江川县"", ""TYPE_3"": ""Xiàn"", ""ENGTYPE_3"": ""County"", ""CC_3"": ""NA"", ""HASC_3"": ""NA""}",GADM41 path/member name and GADM field schema; upstream checksum receipt not located
F:\云南极端降水数据\raw\BOUNDARY\GADM41\gadm41_CHN_3.json.zip,gadm41_CHN_3.json,2328,MultiPolygon,SOURCE_GEOMETRY_VALID,Valid Geometry,False,False,False,1,0,"[102.5083, 23.9269, 102.8827, 24.2393]",0.0636266749999997,degree_squared_NOT_km2,urn:ogc:def:crs:OGC:1.3:CRS84,ATTRIBUTE_SUPPORTED_YUNNAN,"{""GID_3"": ""CHN.30.15.5_1"", ""GID_0"": ""CHN"", ""COUNTRY"": ""China"", ""GID_1"": ""CHN.30_1"", ""NAME_1"": ""Yunnan"", ""NL_NAME_1"": ""雲南|云南"", ""GID_2"": ""CHN.30.15_1"", ""NAME_2"": ""Yuxi"", ""NL_NAME_2"": ""玉溪市"", ""NAME_3"": ""Tonghai"", ""VARNAME_3"": ""NA"", ""NL_NAME_3"": ""NA"", ""TYPE_3"": ""Xiàn"", ""ENGTYPE_3"": ""County"", ""CC_3"": ""NA"", ""HASC_3"": ""NA""}",GADM41 path/member name and GADM field schema; upstream checksum receipt not located
F:\云南极端降水数据\raw\BOUNDARY\GADM41\gadm41_CHN_3.json.zip,gadm41_CHN_3.json,2329,MultiPolygon,SOURCE_GEOMETRY_VALID,Valid Geometry,False,False,False,1,0,"[101.2776, 23.6389, 102.2787, 24.4303]",0.377080395000001,degree_squared_NOT_km2,urn:ogc:def:crs:OGC:1.3:CRS84,ATTRIBUTE_SUPPORTED_YUNNAN,"{""GID_3"": ""CHN.30.15.6_1"", ""GID_0"": ""CHN"", ""COUNTRY"": ""China"", ""GID_1"": ""CHN.30_1"", ""NAME_1"": ""Yunnan"", ""NL_NAME_1"": ""雲南|云南"", ""GID_2"": ""CHN.30.15_1"", ""NAME_2"": ""Yuxi"", ""NL_NAME_2"": ""玉溪市"", ""NAME_3"": ""XinpingYiandDai"", ""VARNAME_3"": ""XīnpíngYízúDǎizú"", ""NL_NAME_3"": ""新平彝族傣族自治县"", ""TYPE_3"": ""Zìzhìxiàn"", ""ENGTYPE_3"": ""AutonomousCounty"", ""CC_3"": ""NA"", ""HASC_3"": ""NA""}",GADM41 path/member name and GADM field schema; upstream checksum receipt not located
F:\云南极端降水数据\raw\BOUNDARY\GADM41\gadm41_CHN_3.json.zip,gadm41_CHN_3.json,2330,MultiPolygon,SOURCE_GEOMETRY_VALID,Valid Geometry,False,False,False,1,0,"[101.9038, 24.4524, 102.3221, 24.9504]",0.13770492500000048,degree_squared_NOT_km2,urn:ogc:def:crs:OGC:1.3:CRS84,ATTRIBUTE_SUPPORTED_YUNNAN,"{""GID_3"": ""CHN.30.15.7_1"", ""GID_0"": ""CHN"", ""COUNTRY"": ""China"", ""GID_1"": ""CHN.30_1"", ""NAME_1"": ""Yunnan"", ""NL_NAME_1"": ""雲南|云南"", ""GID_2"": ""CHN.30.15_1"", ""NAME_2"": ""Yuxi"", ""NL_NAME_2"": ""玉溪市"", ""NAME_3"": ""Yimen"", ""VARNAME_3"": ""Yìmén"", ""NL_NAME_3"": ""易门县"", ""TYPE_3"": ""Xiàn"", ""ENGTYPE_3"": ""County"", ""CC_3"": ""NA"", ""HASC_3"": ""NA""}",GADM41 path/member name and GADM field schema; upstream checksum receipt not located
F:\云南极端降水数据\raw\BOUNDARY\GADM41\gadm41_CHN_3.json.zip,gadm41_CHN_3.json,2331,MultiPolygon,SOURCE_GEOMETRY_VALID,Valid Geometry,False,False,False,1,0,"[101.6685, 23.3165, 102.3602, 23.8989]",0.24903810000000026,degree_squared_NOT_km2,urn:ogc:def:crs:OGC:1.3:CRS84,ATTRIBUTE_SUPPORTED_YUNNAN,"{""GID_3"": ""CHN.30.15.8_1"", ""GID_0"": ""CHN"", ""COUNTRY"": ""China"", ""GID_1"": ""CHN.30_1"", ""NAME_1"": ""Yunnan"", ""NL_NAME_1"": ""雲南|云南"", ""GID_2"": ""CHN.30.15_1"", ""NAME_2"": ""Yuxi"", ""NL_NAME_2"": ""玉溪市"", ""NAME_3"": ""YuanjiangHani,YiandDai"", ""VARNAME_3"": ""YuánjiāngHānízúYízúDǎizú"", ""NL_NAME_3"": ""元江哈尼族彝族傣族自治县"", ""TYPE_3"": ""Zìzhìxiàn"", ""ENGTYPE_3"": ""AutonomousCounty"", ""CC_3"": ""NA"", ""HASC_3"": ""NA""}",GADM41 path/member name and GADM field schema; upstream checksum receipt not located
F:\云南极端降水数据\raw\BOUNDARY\GADM41\gadm41_CHN_3.json.zip,gadm41_CHN_3.json,2332,MultiPolygon,SOURCE_GEOMETRY_VALID,Valid Geometry,False,False,False,1,0,"[102.2945, 24.1468, 102.6909, 24.5384]",0.08544289499999981,degree_squared_NOT_km2,urn:ogc:def:crs:OGC:1.3:CRS84,ATTRIBUTE_SUPPORTED_YUNNAN,"{""GID_3"": ""CHN.30.15.9_1"", ""GID_0"": ""CHN"", ""COUNTRY"": ""China"", ""GID_1"": ""CHN.30_1"", ""NAME_1"": ""Yunnan"", ""NL_NAME_1"": ""雲南|云南"", ""GID_2"": ""CHN.30.15_1"", ""NAME_2"": ""Yuxi"", ""NL_NAME_2"": ""玉溪市"", ""NAME_3"": ""Yuxi"", ""VARNAME_3"": ""NA"", ""NL_NAME_3"": ""NA"", ""TYPE_3"": ""Xiàn"", ""ENGTYPE_3"": ""County"", ""CC_3"": ""NA"", ""HASC_3"": ""NA""}",GADM41 path/member name and GADM field schema; upstream checksum receipt not located
F:\云南极端降水数据\raw\BOUNDARY\GADM41\gadm41_CHN_3.json.zip,gadm41_CHN_3.json,2333,MultiPolygon,SOURCE_GEOMETRY_VALID,Valid Geometry,False,False,False,1,0,"[103.6823, 27.5886, 104.1366, 28.2409]",0.15779013999999936,degree_squared_NOT_km2,urn:ogc:def:crs:OGC:1.3:CRS84,ATTRIBUTE_SUPPORTED_YUNNAN,"{""GID_3"": ""CHN.30.16.1_1"", ""GID_0"": ""CHN"", ""COUNTRY"": ""China"", ""GID_1"": ""CHN.30_1"", ""NAME_1"": ""Yunnan"", ""NL_NAME_1"": ""雲南|云南"", ""GID_2"": ""CHN.30.16_1"", ""NAME_2"": ""Zhaotong"", ""NL_NAME_2"": ""昭通市"", ""NAME_3"": ""Daguan"", ""VARNAME_3"": ""Dàguān"", ""NL_NAME_3"": ""大关县"", ""TYPE_3"": ""Xiàn"", ""ENGTYPE_3"": ""County"", ""CC_3"": ""NA"", ""HASC_3"": ""NA""}",GADM41 path/member name and GADM field schema; upstream checksum receipt not located
F:\云南极端降水数据\raw\BOUNDARY\GADM41\gadm41_CHN_3.json.zip,gadm41_CHN_3.json,2334,MultiPolygon,SOURCE_GEOMETRY_VALID,Valid Geometry,False,False,False,1,0,"[103.1515, 26.9907, 103.6709, 27.5249]",0.1374930049999999,degree_squared_NOT_km2,urn:ogc:def:crs:OGC:1.3:CRS84,ATTRIBUTE_SUPPORTED_YUNNAN,"{""GID_3"": ""CHN.30.16.2_1"", ""GID_0"": ""CHN"", ""COUNTRY"": ""China"", ""GID_1"": ""CHN.30_1"", ""NAME_1"": ""Yunnan"", ""NL_NAME_1"": ""雲南|云南"", ""GID_2"": ""CHN.30.16_1"", ""NAME_2"": ""Zhaotong"", ""NL_NAME_2"": ""昭通市"", ""NAME_3"": ""Ludian"", ""VARNAME_3"": ""Lǔdiàn"", ""NL_NAME_3"": ""鲁甸县"", ""TYPE_3"": ""Xiàn"", ""ENGTYPE_3"": ""County"", ""CC_3"": ""NA"", ""HASC_3"": ""NA""}",GADM41 path/member name and GADM field schema; upstream checksum receipt not located
F:\云南极端降水数据\raw\BOUNDARY\GADM41\gadm41_CHN_3.json.zip,gadm41_CHN_3.json,2335,MultiPolygon,SOURCE_GEOMETRY_VALID,Valid Geometry,False,False,False,1,0,"[102.8674, 26.5382, 103.4344, 27.4255]",0.2904865450000003,degree_squared_NOT_km2,urn:ogc:def:crs:OGC:1.3:CRS84,ATTRIBUTE_SUPPORTED_YUNNAN,"{""GID_3"": ""CHN.30.16.3_1"", ""GID_0"": ""CHN"", ""COUNTRY"": ""China"", ""GID_1"": ""CHN.30_1"", ""NAME_1"": ""Yunnan"", ""NL_NAME_1"": ""雲南|云南"", ""GID_2"": ""CHN.30.16_1"", ""NAME_2"": ""Zhaotong"", ""NL_NAME_2"": ""昭通市"", ""NAME_3"": ""Qiaojia"", ""VARNAME_3"": ""Qiǎojiā"", ""NL_NAME_3"": ""巧家县"", ""TYPE_3"": ""Xiàn"", ""ENGTYPE_3"": ""County"", ""CC_3"": ""NA"", ""HASC_3"": ""NA""}",GADM41 path/member name and GADM field schema; upstream checksum receipt not located
F:\云南极端降水数据\raw\BOUNDARY\GADM41\gadm41_CHN_3.json.zip,gadm41_CHN_3.json,2336,MultiPolygon,SOURCE_GEOMETRY_VALID,Valid Geometry,False,False,False,1,0,"[104.0734, 28.3753, 104.4186, 28.6495]",0.03924013999999978,degree_squared_NOT_km2,urn:ogc:def:crs:OGC:1.3:CRS84,ATTRIBUTE_SUPPORTED_YUNNAN,"{""GID_3"": ""CHN.30.16.4_1"", ""GID_0"": ""CHN"", ""COUNTRY"": ""China"", ""GID_1"": ""CHN.30_1"", ""NAME_1"": ""Yunnan"", ""NL_NAME_1"": ""雲南|云南"", ""GID_2"": ""CHN.30.16_1"", ""NAME_2"": ""Zhaotong"", ""NL_NAME_2"": ""昭通市"", ""NAME_3"": ""Shuifu"", ""VARNAME_3"": ""Shuǐfù"", ""NL_NAME_3"": ""水富县"", ""TYPE_3"": ""Xiàn"", ""ENGTYPE_3"": ""County"", ""CC_3"": ""NA"", ""HASC_3"": ""NA""}",GADM41 path/member name and GADM field schema; upstream checksum receipt not located
F:\云南极端降水数据\raw\BOUNDARY\GADM41\gadm41_CHN_3.json.zip,gadm41_CHN_3.json,2337,MultiPolygon,SOURCE_GEOMETRY_VALID,Valid Geometry,False,False,False,1,0,"[103.7827, 28.3547, 104.2739, 28.6749]",0.07132281499999918,degree_squared_NOT_km2,urn:ogc:def:crs:OGC:1.3:CRS84,ATTRIBUTE_SUPPORTED_YUNNAN,"{""GID_3"": ""CHN.30.16.5_1"", ""GID_0"": ""CHN"", ""COUNTRY"": ""China"", ""GID_1"": ""CHN.30_1"", ""NAME_1"": ""Yunnan"", ""NL_NAME_1"": ""雲南|云南"", ""GID_2"": ""CHN.30.16_1"", ""NAME_2"": ""Zhaotong"", ""NL_NAME_2"": ""昭通市"", ""NAME_3"": ""Suijiang"", ""VARNAME_3"": ""Suíjiāng"", ""NL_NAME_3"": ""绥江县"", ""TYPE_3"": ""Xiàn"", ""ENGTYPE_3"": ""County"", ""CC_3"": ""NA"", ""HASC_3"": ""NA""}",GADM41 path/member name and GADM field schema; upstream checksum receipt not located
F:\云南极端降水数据\raw\BOUNDARY\GADM41\gadm41_CHN_3.json.zip,gadm41_CHN_3.json,2338,MultiPolygon,SOURCE_GEOMETRY_VALID,Valid Geometry,False,False,False,1,0,"[104.6973, 27.7091, 105.3094, 28.1005]",0.12976254500000006,degree_squared_NOT_km2,urn:ogc:def:crs:OGC:1.3:CRS84,ATTRIBUTE_SUPPORTED_YUNNAN,"{""GID_3"": ""CHN.30.16.6_1"", ""GID_0"": ""CHN"", ""COUNTRY"": ""China"", ""GID_1"": ""CHN.30_1"", ""NAME_1"": ""Yunnan"", ""NL_NAME_1"": ""雲南|云南"", ""GID_2"": ""CHN.30.16_1"", ""NAME_2"": ""Zhaotong"", ""NL_NAME_2"": ""昭通市"", ""NAME_3"": ""WeixiLisu"", ""VARNAME_3"": ""WéixīLìsùzú"", ""NL_NAME_3"": ""维西傈僳族自治县"", ""TYPE_3"": ""Zìzhìxiàn"", ""ENGTYPE_3"": ""AutonomousCounty"", ""CC_3"": ""NA"", ""HASC_3"": ""NA""}",GADM41 path/member name and GADM field schema; upstream checksum receipt not located
F:\云南极端降水数据\raw\BOUNDARY\GADM41\gadm41_CHN_3.json.zip,gadm41_CHN_3.json,2339,MultiPolygon,SOURCE_GEOMETRY_VALID,Valid Geometry,False,False,False,1,0,"[103.9877, 27.8225, 104.4573, 28.4039]",0.18491800500000113,degree_squared_NOT_km2,urn:ogc:def:crs:OGC:1.3:CRS84,ATTRIBUTE_SUPPORTED_YUNNAN,"{""GID_3"": ""CHN.30.16.7_1"", ""GID_0"": ""CHN"", ""COUNTRY"": ""China"", ""GID_1"": ""CHN.30_1"", ""NAME_1"": ""Yunnan"", ""NL_NAME_1"": ""雲南|云南"", ""GID_2"": ""CHN.30.16_1"", ""NAME_2"": ""Zhaotong"", ""NL_NAME_2"": ""昭通市"", ""NAME_3"": ""Yanjin"", ""VARNAME_3"": ""Yánjīn"", ""NL_NAME_3"": ""盐津县"", ""TYPE_3"": ""Xiàn"", ""ENGTYPE_3"": ""County"", ""CC_3"": ""NA"", ""HASC_3"": ""NA""}",GADM41 path/member name and GADM field schema; upstream checksum receipt not located
F:\云南极端降水数据\raw\BOUNDARY\GADM41\gadm41_CHN_3.json.zip,gadm41_CHN_3.json,2340,MultiPolygon,SOURCE_GEOMETRY_VALID,Valid Geometry,False,False,False,1,0,"[103.8495, 27.2734, 104.7481, 27.945]",0.25522043000000005,degree_squared_NOT_km2,urn:ogc:def:crs:OGC:1.3:CRS84,ATTRIBUTE_SUPPORTED_YUNNAN,"{""GID_3"": ""CHN.30.16.8_1"", ""GID_0"": ""CHN"", ""COUNTRY"": ""China"", ""GID_1"": ""CHN.30_1"", ""NAME_1"": ""Yunnan"", ""NL_NAME_1"": ""雲南|云南"", ""GID_2"": ""CHN.30.16_1"", ""NAME_2"": ""Zhaotong"", ""NL_NAME_2"": ""昭通市"", ""NAME_3"": ""Yiliang"", ""VARNAME_3"": ""Yíliáng"", ""NL_NAME_3"": ""宜良县"", ""TYPE_3"": ""Xiàn"", ""ENGTYPE_3"": ""County"", ""CC_3"": ""NA"", ""HASC_3"": ""NA""}",GADM41 path/member name and GADM field schema; upstream checksum receipt not located
F:\云南极端降水数据\raw\BOUNDARY\GADM41\gadm41_CHN_3.json.zip,gadm41_CHN_3.json,2341,MultiPolygon,SOURCE_GEOMETRY_VALID,Valid Geometry,False,False,False,1,0,"[103.2601, 27.5122, 104.0231, 28.5171]",0.2553117450000024,degree_squared_NOT_km2,urn:ogc:def:crs:OGC:1.3:CRS84,ATTRIBUTE_SUPPORTED_YUNNAN,"{""GID_3"": ""CHN.30.16.9_1"", ""GID_0"": ""CHN"", ""COUNTRY"": ""China"", ""GID_1"": ""CHN.30_1"", ""NAME_1"": ""Yunnan"", ""NL_NAME_1"": ""雲南|云南"", ""GID_2"": ""CHN.30.16_1"", ""NAME_2"": ""Zhaotong"", ""NL_NAME_2"": ""昭通市"", ""NAME_3"": ""Yongshan"", ""VARNAME_3"": ""Yǒngshàn"", ""NL_NAME_3"": ""永善县"", ""TYPE_3"": ""Xiàn"", ""ENGTYPE_3"": ""County"", ""CC_3"": ""NA"", ""HASC_3"": ""NA""}",GADM41 path/member name and GADM field schema; upstream checksum receipt not located
F:\云南极端降水数据\raw\BOUNDARY\GADM41\gadm41_CHN_3.json.zip,gadm41_CHN_3.json,2342,MultiPolygon,SOURCE_GEOMETRY_VALID,Valid Geometry,False,False,False,1,0,"[103.1366, 27.1194, 103.9317, 27.6495]",0.19810259499999996,degree_squared_NOT_km2,urn:ogc:def:crs:OGC:1.3:CRS84,ATTRIBUTE_SUPPORTED_YUNNAN,"{""GID_3"": ""CHN.30.16.10_1"", ""GID_0"": ""CHN"", ""COUNTRY"": ""China"", ""GID_1"": ""CHN.30_1"", ""NAME_1"": ""Yunnan"", ""NL_NAME_1"": ""雲南|云南"", ""GID_2"": ""CHN.30.16_1"", ""NAME_2"": ""Zhaotong"", ""NL_NAME_2"": ""昭通市"", ""NAME_3"": ""Zhaotong"", ""VARNAME_3"": ""NA"", ""NL_NAME_3"": ""NA"", ""TYPE_3"": ""Xiànjíshì"", ""ENGTYPE_3"": ""CountyCity"", ""CC_3"": ""NA"", ""HASC_3"": ""NA""}",GADM41 path/member name and GADM field schema; upstream checksum receipt not located
F:\云南极端降水数据\raw\BOUNDARY\GADM41\gadm41_CHN_3.json.zip,gadm41_CHN_3.json,2343,MultiPolygon,SOURCE_GEOMETRY_VALID,Valid Geometry,False,False,False,1,0,"[104.3015, 27.2936, 105.3066, 27.8252]",0.33830658500000044,degree_squared_NOT_km2,urn:ogc:def:crs:OGC:1.3:CRS84,ATTRIBUTE_SUPPORTED_YUNNAN,"{""GID_3"": ""CHN.30.16.11_1"", ""GID_0"": ""CHN"", ""COUNTRY"": ""China"", ""GID_1"": ""CHN.30_1"", ""NAME_1"": ""Yunnan"", ""NL_NAME_1"": ""雲南|云南"", ""GID_2"": ""CHN.30.16_1"", ""NAME_2"": ""Zhaotong"", ""NL_NAME_2"": ""昭通市"", ""NAME_3"": ""Zhenxiong"", ""VARNAME_3"": ""Zhènxióng"", ""NL_NAME_3"": ""镇雄县"", ""TYPE_3"": ""Xiàn"", ""ENGTYPE_3"": ""County"", ""CC_3"": ""NA"", ""HASC_3"": ""NA""}",GADM41 path/member name and GADM field schema; upstream checksum receipt not located
