source_path,size_unchanged,mtime_unchanged,sampled_sha256_unchanged
H:\葵花202303_202510\202407\01\NC_H09_20240701_0000_R21_FLDK.06001_06001.nc,True,True,True
H:\葵花202303_202510\202407\01\NC_H09_20240701_0010_R21_FLDK.06001_06001.nc,True,True,NOT_HASHED
H:\葵花202303_202510\202407\01\NC_H09_20240701_0020_R21_FLDK.06001_06001.nc,True,True,NOT_HASHED
H:\葵花202303_202510\202407\01\NC_H09_20240701_0030_R21_FLDK.06001_06001.nc,True,True,NOT_HASHED
H:\葵花202303_202510\202407\01\NC_H09_20240701_0040_R21_FLDK.06001_06001.nc,True,True,NOT_HASHED
H:\葵花202303_202510\202407\01\NC_H09_20240701_0050_R21_FLDK.06001_06001.nc,True,True,NOT_HASHED
H:\葵花202303_202510\202407\01\NC_H09_20240701_0100_R21_FLDK.06001_06001.nc,True,True,NOT_HASHED
H:\葵花202303_202510\202407\01\NC_H09_20240701_0110_R21_FLDK.06001_06001.nc,True,True,NOT_HASHED
H:\葵花202303_202510\202407\01\NC_H09_20240701_0120_R21_FLDK.06001_06001.nc,True,True,NOT_HASHED
H:\葵花202303_202510\202407\01\NC_H09_20240701_0130_R21_FLDK.06001_06001.nc,True,True,NOT_HASHED
H:\葵花202303_202510\202407\01\NC_H09_20240701_0140_R21_FLDK.06001_06001.nc,True,True,NOT_HASHED
H:\葵花202303_202510\202407\01\NC_H09_20240701_0150_R21_FLDK.06001_06001.nc,True,True,NOT_HASHED
H:\葵花202303_202510\202407\01\NC_H09_20240701_0200_R21_FLDK.06001_06001.nc,True,True,NOT_HASHED
H:\葵花202303_202510\202407\01\NC_H09_20240701_0210_R21_FLDK.06001_06001.nc,True,True,NOT_HASHED
H:\葵花202303_202510\202407\01\NC_H09_20240701_0220_R21_FLDK.06001_06001.nc,True,True,NOT_HASHED
H:\葵花202303_202510\202407\01\NC_H09_20240701_0230_R21_FLDK.06001_06001.nc,True,True,NOT_HASHED
H:\葵花202303_202510\202407\01\NC_H09_20240701_0250_R21_FLDK.06001_06001.nc,True,True,NOT_HASHED
H:\葵花202303_202510\202407\01\NC_H09_20240701_0300_R21_FLDK.06001_06001.nc,True,True,NOT_HASHED
H:\葵花202303_202510\202407\01\NC_H09_20240701_0310_R21_FLDK.06001_06001.nc,True,True,NOT_HASHED
H:\葵花202303_202510\202407\01\NC_H09_20240701_0320_R21_FLDK.06001_06001.nc,True,True,NOT_HASHED
H:\葵花202303_202510\202407\01\NC_H09_20240701_0330_R21_FLDK.06001_06001.nc,True,True,NOT_HASHED
H:\葵花202303_202510\202407\01\NC_H09_20240701_0340_R21_FLDK.06001_06001.nc,True,True,NOT_HASHED
H:\葵花202303_202510\202407\01\NC_H09_20240701_0350_R21_FLDK.06001_06001.nc,True,True,NOT_HASHED
H:\葵花202303_202510\202407\01\NC_H09_20240701_0400_R21_FLDK.06001_06001.nc,True,True,NOT_HASHED
H:\葵花202303_202510\202407\01\NC_H09_20240701_0410_R21_FLDK.06001_06001.nc,True,True,NOT_HASHED
H:\葵花202303_202510\202407\01\NC_H09_20240701_0420_R21_FLDK.06001_06001.nc,True,True,NOT_HASHED
H:\葵花202303_202510\202407\01\NC_H09_20240701_0430_R21_FLDK.06001_06001.nc,True,True,NOT_HASHED
H:\葵花202303_202510\202407\01\NC_H09_20240701_0440_R21_FLDK.06001_06001.nc,True,True,NOT_HASHED
H:\葵花202303_202510\202407\01\NC_H09_20240701_0450_R21_FLDK.06001_06001.nc,True,True,NOT_HASHED
H:\葵花202303_202510\202407\01\NC_H09_20240701_0500_R21_FLDK.06001_06001.nc,True,True,NOT_HASHED
H:\葵花202303_202510\202407\01\NC_H09_20240701_0510_R21_FLDK.06001_06001.nc,True,True,NOT_HASHED
H:\葵花202303_202510\202407\01\NC_H09_20240701_0520_R21_FLDK.06001_06001.nc,True,True,NOT_HASHED
H:\葵花202303_202510\202407\01\NC_H09_20240701_0530_R21_FLDK.06001_06001.nc,True,True,NOT_HASHED
H:\葵花202303_202510\202407\01\NC_H09_20240701_0540_R21_FLDK.06001_06001.nc,True,True,NOT_HASHED
H:\葵花202303_202510\202407\01\NC_H09_20240701_0550_R21_FLDK.06001_06001.nc,True,True,NOT_HASHED
H:\葵花202303_202510\202407\01\NC_H09_20240701_0600_R21_FLDK.06001_06001.nc,True,True,NOT_HASHED
H:\葵花202303_202510\202407\01\NC_H09_20240701_0610_R21_FLDK.06001_06001.nc,True,True,NOT_HASHED
H:\葵花202303_202510\202407\01\NC_H09_20240701_0620_R21_FLDK.06001_06001.nc,True,True,NOT_HASHED
H:\葵花202303_202510\202407\01\NC_H09_20240701_0630_R21_FLDK.06001_06001.nc,True,True,NOT_HASHED
H:\葵花202303_202510\202407\01\NC_H09_20240701_0640_R21_FLDK.06001_06001.nc,True,True,NOT_HASHED
H:\葵花202303_202510\202407\01\NC_H09_20240701_0650_R21_FLDK.06001_06001.nc,True,True,NOT_HASHED
H:\葵花202303_202510\202407\01\NC_H09_20240701_0700_R21_FLDK.06001_06001.nc,True,True,NOT_HASHED
H:\葵花202303_202510\202407\01\NC_H09_20240701_0710_R21_FLDK.06001_06001.nc,True,True,NOT_HASHED
H:\葵花202303_202510\202407\01\NC_H09_20240701_0720_R21_FLDK.06001_06001.nc,True,True,NOT_HASHED
H:\葵花202303_202510\202407\01\NC_H09_20240701_0730_R21_FLDK.06001_06001.nc,True,True,NOT_HASHED
H:\葵花202303_202510\202407\01\NC_H09_20240701_0740_R21_FLDK.06001_06001.nc,True,True,NOT_HASHED
H:\葵花202303_202510\202407\01\NC_H09_20240701_0750_R21_FLDK.06001_06001.nc,True,True,NOT_HASHED
H:\葵花202303_202510\202407\01\NC_H09_20240701_0800_R21_FLDK.06001_06001.nc,True,True,NOT_HASHED
H:\葵花202303_202510\202407\01\NC_H09_20240701_0810_R21_FLDK.06001_06001.nc,True,True,NOT_HASHED
H:\葵花202303_202510\202407\01\NC_H09_20240701_0820_R21_FLDK.06001_06001.nc,True,True,NOT_HASHED
H:\葵花202303_202510\202407\01\NC_H09_20240701_0830_R21_FLDK.06001_06001.nc,True,True,NOT_HASHED
H:\葵花202303_202510\202407\01\NC_H09_20240701_0840_R21_FLDK.06001_06001.nc,True,True,NOT_HASHED
H:\葵花202303_202510\202407\01\NC_H09_20240701_0850_R21_FLDK.06001_06001.nc,True,True,NOT_HASHED
H:\葵花202303_202510\202407\01\NC_H09_20240701_0900_R21_FLDK.06001_06001.nc,True,True,NOT_HASHED
H:\葵花202303_202510\202407\01\NC_H09_20240701_0910_R21_FLDK.06001_06001.nc,True,True,NOT_HASHED
H:\葵花202303_202510\202407\01\NC_H09_20240701_0920_R21_FLDK.06001_06001.nc,True,True,NOT_HASHED
H:\葵花202303_202510\202407\01\NC_H09_20240701_0930_R21_FLDK.06001_06001.nc,True,True,NOT_HASHED
H:\葵花202303_202510\202407\01\NC_H09_20240701_0940_R21_FLDK.06001_06001.nc,True,True,NOT_HASHED
H:\葵花202303_202510\202407\01\NC_H09_20240701_0950_R21_FLDK.06001_06001.nc,True,True,NOT_HASHED
H:\葵花202303_202510\202407\01\NC_H09_20240701_1000_R21_FLDK.06001_06001.nc,True,True,NOT_HASHED
H:\葵花202303_202510\202407\01\NC_H09_20240701_1010_R21_FLDK.06001_06001.nc,True,True,NOT_HASHED
H:\葵花202303_202510\202407\01\NC_H09_20240701_1020_R21_FLDK.06001_06001.nc,True,True,NOT_HASHED
H:\葵花202303_202510\202407\01\NC_H09_20240701_1030_R21_FLDK.06001_06001.nc,True,True,NOT_HASHED
H:\葵花202303_202510\202407\01\NC_H09_20240701_1040_R21_FLDK.06001_06001.nc,True,True,NOT_HASHED
H:\葵花202303_202510\202407\01\NC_H09_20240701_1050_R21_FLDK.06001_06001.nc,True,True,NOT_HASHED
H:\葵花202303_202510\202407\01\NC_H09_20240701_1100_R21_FLDK.06001_06001.nc,True,True,NOT_HASHED
H:\葵花202303_202510\202407\01\NC_H09_20240701_1110_R21_FLDK.06001_06001.nc,True,True,NOT_HASHED
H:\葵花202303_202510\202407\01\NC_H09_20240701_1120_R21_FLDK.06001_06001.nc,True,True,NOT_HASHED
H:\葵花202303_202510\202407\01\NC_H09_20240701_1130_R21_FLDK.06001_06001.nc,True,True,NOT_HASHED
H:\葵花202303_202510\202407\01\NC_H09_20240701_1140_R21_FLDK.06001_06001.nc,True,True,NOT_HASHED
H:\葵花202303_202510\202407\01\NC_H09_20240701_1150_R21_FLDK.06001_06001.nc,True,True,NOT_HASHED
H:\葵花202303_202510\202407\01\NC_H09_20240701_1200_R21_FLDK.06001_06001.nc,True,True,NOT_HASHED
H:\葵花202303_202510\202407\01\NC_H09_20240701_1210_R21_FLDK.06001_06001.nc,True,True,NOT_HASHED
H:\葵花202303_202510\202407\01\NC_H09_20240701_1220_R21_FLDK.06001_06001.nc,True,True,NOT_HASHED
H:\葵花202303_202510\202407\01\NC_H09_20240701_1230_R21_FLDK.06001_06001.nc,True,True,NOT_HASHED
H:\葵花202303_202510\202407\01\NC_H09_20240701_1240_R21_FLDK.06001_06001.nc,True,True,NOT_HASHED
H:\葵花202303_202510\202407\01\NC_H09_20240701_1250_R21_FLDK.06001_06001.nc,True,True,NOT_HASHED
H:\葵花202303_202510\202407\01\NC_H09_20240701_1300_R21_FLDK.06001_06001.nc,True,True,NOT_HASHED
H:\葵花202303_202510\202407\01\NC_H09_20240701_1310_R21_FLDK.06001_06001.nc,True,True,NOT_HASHED
H:\葵花202303_202510\202407\01\NC_H09_20240701_1320_R21_FLDK.06001_06001.nc,True,True,NOT_HASHED
H:\葵花202303_202510\202407\01\NC_H09_20240701_1330_R21_FLDK.06001_06001.nc,True,True,NOT_HASHED
H:\葵花202303_202510\202407\01\NC_H09_20240701_1340_R21_FLDK.06001_06001.nc,True,True,NOT_HASHED
H:\葵花202303_202510\202407\01\NC_H09_20240701_1350_R21_FLDK.06001_06001.nc,True,True,NOT_HASHED
H:\葵花202303_202510\202407\01\NC_H09_20240701_1410_R21_FLDK.06001_06001.nc,True,True,NOT_HASHED
H:\葵花202303_202510\202407\01\NC_H09_20240701_1420_R21_FLDK.06001_06001.nc,True,True,NOT_HASHED
H:\葵花202303_202510\202407\01\NC_H09_20240701_1430_R21_FLDK.06001_06001.nc,True,True,NOT_HASHED
H:\葵花202303_202510\202407\01\NC_H09_20240701_1440_R21_FLDK.06001_06001.nc,True,True,NOT_HASHED
H:\葵花202303_202510\202407\01\NC_H09_20240701_1450_R21_FLDK.06001_06001.nc,True,True,NOT_HASHED
H:\葵花202303_202510\202407\01\NC_H09_20240701_1500_R21_FLDK.06001_06001.nc,True,True,NOT_HASHED
H:\葵花202303_202510\202407\01\NC_H09_20240701_1510_R21_FLDK.06001_06001.nc,True,True,NOT_HASHED
H:\葵花202303_202510\202407\01\NC_H09_20240701_1520_R21_FLDK.06001_06001.nc,True,True,NOT_HASHED
H:\葵花202303_202510\202407\01\NC_H09_20240701_1530_R21_FLDK.06001_06001.nc,True,True,NOT_HASHED
H:\葵花202303_202510\202407\01\NC_H09_20240701_1540_R21_FLDK.06001_06001.nc,True,True,NOT_HASHED
H:\葵花202303_202510\202407\01\NC_H09_20240701_1550_R21_FLDK.06001_06001.nc,True,True,NOT_HASHED
H:\葵花202303_202510\202407\01\NC_H09_20240701_1600_R21_FLDK.06001_06001.nc,True,True,NOT_HASHED
H:\葵花202303_202510\202407\01\NC_H09_20240701_1610_R21_FLDK.06001_06001.nc,True,True,NOT_HASHED
H:\葵花202303_202510\202407\01\NC_H09_20240701_1620_R21_FLDK.06001_06001.nc,True,True,NOT_HASHED
H:\葵花202303_202510\202407\01\NC_H09_20240701_1630_R21_FLDK.06001_06001.nc,True,True,NOT_HASHED
H:\葵花202303_202510\202407\01\NC_H09_20240701_1640_R21_FLDK.06001_06001.nc,True,True,NOT_HASHED
H:\葵花202303_202510\202407\01\NC_H09_20240701_1650_R21_FLDK.06001_06001.nc,True,True,NOT_HASHED
H:\葵花202303_202510\202407\01\NC_H09_20240701_1700_R21_FLDK.06001_06001.nc,True,True,NOT_HASHED
H:\葵花202303_202510\202407\01\NC_H09_20240701_1710_R21_FLDK.06001_06001.nc,True,True,NOT_HASHED
H:\葵花202303_202510\202407\01\NC_H09_20240701_1720_R21_FLDK.06001_06001.nc,True,True,NOT_HASHED
H:\葵花202303_202510\202407\01\NC_H09_20240701_1730_R21_FLDK.06001_06001.nc,True,True,NOT_HASHED
H:\葵花202303_202510\202407\01\NC_H09_20240701_1740_R21_FLDK.06001_06001.nc,True,True,NOT_HASHED
H:\葵花202303_202510\202407\01\NC_H09_20240701_1750_R21_FLDK.06001_06001.nc,True,True,NOT_HASHED
H:\葵花202303_202510\202407\01\NC_H09_20240701_1800_R21_FLDK.06001_06001.nc,True,True,NOT_HASHED
H:\葵花202303_202510\202407\01\NC_H09_20240701_1810_R21_FLDK.06001_06001.nc,True,True,NOT_HASHED
H:\葵花202303_202510\202407\01\NC_H09_20240701_1820_R21_FLDK.06001_06001.nc,True,True,NOT_HASHED
H:\葵花202303_202510\202407\01\NC_H09_20240701_1830_R21_FLDK.06001_06001.nc,True,True,NOT_HASHED
H:\葵花202303_202510\202407\01\NC_H09_20240701_1840_R21_FLDK.06001_06001.nc,True,True,NOT_HASHED
H:\葵花202303_202510\202407\01\NC_H09_20240701_1850_R21_FLDK.06001_06001.nc,True,True,NOT_HASHED
H:\葵花202303_202510\202407\01\NC_H09_20240701_1900_R21_FLDK.06001_06001.nc,True,True,NOT_HASHED
H:\葵花202303_202510\202407\01\NC_H09_20240701_1910_R21_FLDK.06001_06001.nc,True,True,NOT_HASHED
H:\葵花202303_202510\202407\01\NC_H09_20240701_1920_R21_FLDK.06001_06001.nc,True,True,NOT_HASHED
H:\葵花202303_202510\202407\01\NC_H09_20240701_1930_R21_FLDK.06001_06001.nc,True,True,NOT_HASHED
H:\葵花202303_202510\202407\01\NC_H09_20240701_1940_R21_FLDK.06001_06001.nc,True,True,NOT_HASHED
H:\葵花202303_202510\202407\01\NC_H09_20240701_1950_R21_FLDK.06001_06001.nc,True,True,NOT_HASHED
H:\葵花202303_202510\202407\01\NC_H09_20240701_2000_R21_FLDK.06001_06001.nc,True,True,NOT_HASHED
H:\葵花202303_202510\202407\01\NC_H09_20240701_2010_R21_FLDK.06001_06001.nc,True,True,NOT_HASHED
H:\葵花202303_202510\202407\01\NC_H09_20240701_2020_R21_FLDK.06001_06001.nc,True,True,NOT_HASHED
H:\葵花202303_202510\202407\01\NC_H09_20240701_2030_R21_FLDK.06001_06001.nc,True,True,NOT_HASHED
H:\葵花202303_202510\202407\01\NC_H09_20240701_2040_R21_FLDK.06001_06001.nc,True,True,NOT_HASHED
H:\葵花202303_202510\202407\01\NC_H09_20240701_2050_R21_FLDK.06001_06001.nc,True,True,NOT_HASHED
H:\葵花202303_202510\202407\01\NC_H09_20240701_2100_R21_FLDK.06001_06001.nc,True,True,NOT_HASHED
H:\葵花202303_202510\202407\01\NC_H09_20240701_2110_R21_FLDK.06001_06001.nc,True,True,NOT_HASHED
H:\葵花202303_202510\202407\01\NC_H09_20240701_2120_R21_FLDK.06001_06001.nc,True,True,NOT_HASHED
H:\葵花202303_202510\202407\01\NC_H09_20240701_2130_R21_FLDK.06001_06001.nc,True,True,NOT_HASHED
H:\葵花202303_202510\202407\01\NC_H09_20240701_2140_R21_FLDK.06001_06001.nc,True,True,NOT_HASHED
H:\葵花202303_202510\202407\01\NC_H09_20240701_2150_R21_FLDK.06001_06001.nc,True,True,NOT_HASHED
H:\葵花202303_202510\202407\01\NC_H09_20240701_2200_R21_FLDK.06001_06001.nc,True,True,NOT_HASHED
H:\葵花202303_202510\202407\01\NC_H09_20240701_2210_R21_FLDK.06001_06001.nc,True,True,NOT_HASHED
H:\葵花202303_202510\202407\01\NC_H09_20240701_2220_R21_FLDK.06001_06001.nc,True,True,NOT_HASHED
H:\葵花202303_202510\202407\01\NC_H09_20240701_2230_R21_FLDK.06001_06001.nc,True,True,NOT_HASHED
H:\葵花202303_202510\202407\01\NC_H09_20240701_2240_R21_FLDK.06001_06001.nc,True,True,NOT_HASHED
H:\葵花202303_202510\202407\01\NC_H09_20240701_2250_R21_FLDK.06001_06001.nc,True,True,NOT_HASHED
H:\葵花202303_202510\202407\01\NC_H09_20240701_2300_R21_FLDK.06001_06001.nc,True,True,NOT_HASHED
H:\葵花202303_202510\202407\01\NC_H09_20240701_2310_R21_FLDK.06001_06001.nc,True,True,NOT_HASHED
H:\葵花202303_202510\202407\01\NC_H09_20240701_2320_R21_FLDK.06001_06001.nc,True,True,NOT_HASHED
H:\葵花202303_202510\202407\01\NC_H09_20240701_2330_R21_FLDK.06001_06001.nc,True,True,NOT_HASHED
H:\葵花202303_202510\202407\01\NC_H09_20240701_2340_R21_FLDK.06001_06001.nc,True,True,NOT_HASHED
H:\葵花202303_202510\202407\01\NC_H09_20240701_2350_R21_FLDK.06001_06001.nc,True,True,NOT_HASHED
H:\葵花202303_202510\202407\02\NC_H09_20240702_0000_R21_FLDK.06001_06001.nc,True,True,NOT_HASHED
H:\葵花202303_202510\202407\02\NC_H09_20240702_0010_R21_FLDK.06001_06001.nc,True,True,NOT_HASHED
H:\葵花202303_202510\202407\02\NC_H09_20240702_0020_R21_FLDK.06001_06001.nc,True,True,NOT_HASHED
H:\葵花202303_202510\202407\02\NC_H09_20240702_0030_R21_FLDK.06001_06001.nc,True,True,NOT_HASHED
H:\葵花202303_202510\202407\02\NC_H09_20240702_0040_R21_FLDK.06001_06001.nc,True,True,NOT_HASHED
H:\葵花202303_202510\202407\02\NC_H09_20240702_0050_R21_FLDK.06001_06001.nc,True,True,NOT_HASHED
H:\葵花202303_202510\202407\02\NC_H09_20240702_0100_R21_FLDK.06001_06001.nc,True,True,NOT_HASHED
H:\葵花202303_202510\202407\02\NC_H09_20240702_0110_R21_FLDK.06001_06001.nc,True,True,NOT_HASHED
H:\葵花202303_202510\202407\02\NC_H09_20240702_0120_R21_FLDK.06001_06001.nc,True,True,NOT_HASHED
H:\葵花202303_202510\202407\02\NC_H09_20240702_0130_R21_FLDK.06001_06001.nc,True,True,NOT_HASHED
H:\葵花202303_202510\202407\02\NC_H09_20240702_0140_R21_FLDK.06001_06001.nc,True,True,NOT_HASHED
H:\葵花202303_202510\202407\02\NC_H09_20240702_0150_R21_FLDK.06001_06001.nc,True,True,NOT_HASHED
H:\葵花202303_202510\202407\02\NC_H09_20240702_0200_R21_FLDK.06001_06001.nc,True,True,NOT_HASHED
H:\葵花202303_202510\202407\02\NC_H09_20240702_0210_R21_FLDK.06001_06001.nc,True,True,NOT_HASHED
H:\葵花202303_202510\202407\02\NC_H09_20240702_0220_R21_FLDK.06001_06001.nc,True,True,NOT_HASHED
H:\葵花202303_202510\202407\02\NC_H09_20240702_0230_R21_FLDK.06001_06001.nc,True,True,NOT_HASHED
H:\葵花202303_202510\202407\02\NC_H09_20240702_0250_R21_FLDK.06001_06001.nc,True,True,NOT_HASHED
H:\葵花202303_202510\202407\02\NC_H09_20240702_0300_R21_FLDK.06001_06001.nc,True,True,NOT_HASHED
H:\葵花202303_202510\202407\02\NC_H09_20240702_0310_R21_FLDK.06001_06001.nc,True,True,NOT_HASHED
H:\葵花202303_202510\202407\02\NC_H09_20240702_0320_R21_FLDK.06001_06001.nc,True,True,NOT_HASHED
H:\葵花202303_202510\202407\02\NC_H09_20240702_0330_R21_FLDK.06001_06001.nc,True,True,NOT_HASHED
H:\葵花202303_202510\202407\02\NC_H09_20240702_0340_R21_FLDK.06001_06001.nc,True,True,NOT_HASHED
H:\葵花202303_202510\202407\02\NC_H09_20240702_0400_R21_FLDK.06001_06001.nc,True,True,NOT_HASHED
H:\葵花202303_202510\202407\02\NC_H09_20240702_0410_R21_FLDK.06001_06001.nc,True,True,NOT_HASHED
H:\葵花202303_202510\202407\02\NC_H09_20240702_0420_R21_FLDK.06001_06001.nc,True,True,NOT_HASHED
H:\葵花202303_202510\202407\02\NC_H09_20240702_0430_R21_FLDK.06001_06001.nc,True,True,NOT_HASHED
H:\葵花202303_202510\202407\02\NC_H09_20240702_0440_R21_FLDK.06001_06001.nc,True,True,NOT_HASHED
H:\葵花202303_202510\202407\02\NC_H09_20240702_0450_R21_FLDK.06001_06001.nc,True,True,NOT_HASHED
H:\葵花202303_202510\202407\02\NC_H09_20240702_0500_R21_FLDK.06001_06001.nc,True,True,NOT_HASHED
H:\葵花202303_202510\202407\02\NC_H09_20240702_0510_R21_FLDK.06001_06001.nc,True,True,NOT_HASHED
H:\葵花202303_202510\202407\02\NC_H09_20240702_0520_R21_FLDK.06001_06001.nc,True,True,NOT_HASHED
H:\葵花202303_202510\202407\02\NC_H09_20240702_0530_R21_FLDK.06001_06001.nc,True,True,NOT_HASHED
H:\葵花202303_202510\202407\02\NC_H09_20240702_0540_R21_FLDK.06001_06001.nc,True,True,NOT_HASHED
H:\葵花202303_202510\202407\02\NC_H09_20240702_0550_R21_FLDK.06001_06001.nc,True,True,NOT_HASHED
H:\葵花202303_202510\202407\02\NC_H09_20240702_0600_R21_FLDK.06001_06001.nc,True,True,NOT_HASHED
H:\葵花202303_202510\202407\02\NC_H09_20240702_0610_R21_FLDK.06001_06001.nc,True,True,NOT_HASHED
H:\葵花202303_202510\202407\02\NC_H09_20240702_0620_R21_FLDK.06001_06001.nc,True,True,NOT_HASHED
H:\葵花202303_202510\202407\02\NC_H09_20240702_0630_R21_FLDK.06001_06001.nc,True,True,NOT_HASHED
H:\葵花202303_202510\202407\02\NC_H09_20240702_0640_R21_FLDK.06001_06001.nc,True,True,NOT_HASHED
H:\葵花202303_202510\202407\02\NC_H09_20240702_0650_R21_FLDK.06001_06001.nc,True,True,NOT_HASHED
H:\葵花202303_202510\202407\02\NC_H09_20240702_0700_R21_FLDK.06001_06001.nc,True,True,NOT_HASHED
H:\葵花202303_202510\202407\02\NC_H09_20240702_0710_R21_FLDK.06001_06001.nc,True,True,NOT_HASHED
H:\葵花202303_202510\202407\02\NC_H09_20240702_0720_R21_FLDK.06001_06001.nc,True,True,NOT_HASHED
H:\葵花202303_202510\202407\02\NC_H09_20240702_0730_R21_FLDK.06001_06001.nc,True,True,NOT_HASHED
H:\葵花202303_202510\202407\02\NC_H09_20240702_0740_R21_FLDK.06001_06001.nc,True,True,NOT_HASHED
H:\葵花202303_202510\202407\02\NC_H09_20240702_0750_R21_FLDK.06001_06001.nc,True,True,NOT_HASHED
H:\葵花202303_202510\202407\02\NC_H09_20240702_0800_R21_FLDK.06001_06001.nc,True,True,NOT_HASHED
H:\葵花202303_202510\202407\02\NC_H09_20240702_0810_R21_FLDK.06001_06001.nc,True,True,NOT_HASHED
H:\葵花202303_202510\202407\02\NC_H09_20240702_0820_R21_FLDK.06001_06001.nc,True,True,NOT_HASHED
H:\葵花202303_202510\202407\02\NC_H09_20240702_0830_R21_FLDK.06001_06001.nc,True,True,NOT_HASHED
H:\葵花202303_202510\202407\02\NC_H09_20240702_0840_R21_FLDK.06001_06001.nc,True,True,NOT_HASHED
H:\葵花202303_202510\202407\02\NC_H09_20240702_0850_R21_FLDK.06001_06001.nc,True,True,NOT_HASHED
H:\葵花202303_202510\202407\02\NC_H09_20240702_0900_R21_FLDK.06001_06001.nc,True,True,NOT_HASHED
H:\葵花202303_202510\202407\02\NC_H09_20240702_0910_R21_FLDK.06001_06001.nc,True,True,NOT_HASHED
H:\葵花202303_202510\202407\02\NC_H09_20240702_0920_R21_FLDK.06001_06001.nc,True,True,NOT_HASHED
H:\葵花202303_202510\202407\02\NC_H09_20240702_0930_R21_FLDK.06001_06001.nc,True,True,NOT_HASHED
H:\葵花202303_202510\202407\02\NC_H09_20240702_0940_R21_FLDK.06001_06001.nc,True,True,NOT_HASHED
H:\葵花202303_202510\202407\02\NC_H09_20240702_0950_R21_FLDK.06001_06001.nc,True,True,NOT_HASHED
H:\葵花202303_202510\202407\02\NC_H09_20240702_1000_R21_FLDK.06001_06001.nc,True,True,NOT_HASHED
H:\葵花202303_202510\202407\02\NC_H09_20240702_1010_R21_FLDK.06001_06001.nc,True,True,NOT_HASHED
H:\葵花202303_202510\202407\02\NC_H09_20240702_1020_R21_FLDK.06001_06001.nc,True,True,NOT_HASHED
H:\葵花202303_202510\202407\02\NC_H09_20240702_1030_R21_FLDK.06001_06001.nc,True,True,NOT_HASHED
H:\葵花202303_202510\202407\02\NC_H09_20240702_1040_R21_FLDK.06001_06001.nc,True,True,NOT_HASHED
H:\葵花202303_202510\202407\02\NC_H09_20240702_1050_R21_FLDK.06001_06001.nc,True,True,NOT_HASHED
H:\葵花202303_202510\202407\02\NC_H09_20240702_1100_R21_FLDK.06001_06001.nc,True,True,NOT_HASHED
H:\葵花202303_202510\202407\02\NC_H09_20240702_1110_R21_FLDK.06001_06001.nc,True,True,NOT_HASHED
H:\葵花202303_202510\202407\02\NC_H09_20240702_1120_R21_FLDK.06001_06001.nc,True,True,NOT_HASHED
H:\葵花202303_202510\202407\02\NC_H09_20240702_1130_R21_FLDK.06001_06001.nc,True,True,NOT_HASHED
H:\葵花202303_202510\202407\02\NC_H09_20240702_1140_R21_FLDK.06001_06001.nc,True,True,NOT_HASHED
H:\葵花202303_202510\202407\02\NC_H09_20240702_1150_R21_FLDK.06001_06001.nc,True,True,NOT_HASHED
H:\葵花202303_202510\202407\02\NC_H09_20240702_1200_R21_FLDK.06001_06001.nc,True,True,NOT_HASHED
H:\葵花202303_202510\202407\02\NC_H09_20240702_1210_R21_FLDK.06001_06001.nc,True,True,NOT_HASHED
H:\葵花202303_202510\202407\02\NC_H09_20240702_1220_R21_FLDK.06001_06001.nc,True,True,NOT_HASHED
H:\葵花202303_202510\202407\02\NC_H09_20240702_1230_R21_FLDK.06001_06001.nc,True,True,NOT_HASHED
H:\葵花202303_202510\202407\02\NC_H09_20240702_1240_R21_FLDK.06001_06001.nc,True,True,NOT_HASHED
H:\葵花202303_202510\202407\02\NC_H09_20240702_1250_R21_FLDK.06001_06001.nc,True,True,NOT_HASHED
H:\葵花202303_202510\202407\02\NC_H09_20240702_1300_R21_FLDK.06001_06001.nc,True,True,NOT_HASHED
H:\葵花202303_202510\202407\02\NC_H09_20240702_1310_R21_FLDK.06001_06001.nc,True,True,NOT_HASHED
H:\葵花202303_202510\202407\02\NC_H09_20240702_1320_R21_FLDK.06001_06001.nc,True,True,NOT_HASHED
H:\葵花202303_202510\202407\02\NC_H09_20240702_1330_R21_FLDK.06001_06001.nc,True,True,NOT_HASHED
H:\葵花202303_202510\202407\02\NC_H09_20240702_1340_R21_FLDK.06001_06001.nc,True,True,NOT_HASHED
H:\葵花202303_202510\202407\02\NC_H09_20240702_1350_R21_FLDK.06001_06001.nc,True,True,NOT_HASHED
H:\葵花202303_202510\202407\02\NC_H09_20240702_1400_R21_FLDK.06001_06001.nc,True,True,NOT_HASHED
H:\葵花202303_202510\202407\02\NC_H09_20240702_1410_R21_FLDK.06001_06001.nc,True,True,NOT_HASHED
H:\葵花202303_202510\202407\02\NC_H09_20240702_1420_R21_FLDK.06001_06001.nc,True,True,NOT_HASHED
H:\葵花202303_202510\202407\02\NC_H09_20240702_1430_R21_FLDK.06001_06001.nc,True,True,NOT_HASHED
H:\葵花202303_202510\202407\02\NC_H09_20240702_1450_R21_FLDK.06001_06001.nc,True,True,NOT_HASHED
H:\葵花202303_202510\202407\02\NC_H09_20240702_1500_R21_FLDK.06001_06001.nc,True,True,NOT_HASHED
H:\葵花202303_202510\202407\02\NC_H09_20240702_1510_R21_FLDK.06001_06001.nc,True,True,NOT_HASHED
H:\葵花202303_202510\202407\02\NC_H09_20240702_1520_R21_FLDK.06001_06001.nc,True,True,NOT_HASHED
H:\葵花202303_202510\202407\02\NC_H09_20240702_1530_R21_FLDK.06001_06001.nc,True,True,NOT_HASHED
H:\葵花202303_202510\202407\02\NC_H09_20240702_1540_R21_FLDK.06001_06001.nc,True,True,NOT_HASHED
H:\葵花202303_202510\202407\02\NC_H09_20240702_1550_R21_FLDK.06001_06001.nc,True,True,NOT_HASHED
H:\葵花202303_202510\202407\02\NC_H09_20240702_1600_R21_FLDK.06001_06001.nc,True,True,NOT_HASHED
H:\葵花202303_202510\202407\02\NC_H09_20240702_1610_R21_FLDK.06001_06001.nc,True,True,NOT_HASHED
H:\葵花202303_202510\202407\02\NC_H09_20240702_1620_R21_FLDK.06001_06001.nc,True,True,NOT_HASHED
H:\葵花202303_202510\202407\02\NC_H09_20240702_1630_R21_FLDK.06001_06001.nc,True,True,NOT_HASHED
H:\葵花202303_202510\202407\02\NC_H09_20240702_1640_R21_FLDK.06001_06001.nc,True,True,NOT_HASHED
H:\葵花202303_202510\202407\02\NC_H09_20240702_1650_R21_FLDK.06001_06001.nc,True,True,NOT_HASHED
H:\葵花202303_202510\202407\02\NC_H09_20240702_1700_R21_FLDK.06001_06001.nc,True,True,NOT_HASHED
H:\葵花202303_202510\202407\02\NC_H09_20240702_1710_R21_FLDK.06001_06001.nc,True,True,NOT_HASHED
H:\葵花202303_202510\202407\02\NC_H09_20240702_1720_R21_FLDK.06001_06001.nc,True,True,NOT_HASHED
H:\葵花202303_202510\202407\02\NC_H09_20240702_1730_R21_FLDK.06001_06001.nc,True,True,NOT_HASHED
H:\葵花202303_202510\202407\02\NC_H09_20240702_1740_R21_FLDK.06001_06001.nc,True,True,NOT_HASHED
H:\葵花202303_202510\202407\02\NC_H09_20240702_1750_R21_FLDK.06001_06001.nc,True,True,NOT_HASHED
H:\葵花202303_202510\202407\02\NC_H09_20240702_1800_R21_FLDK.06001_06001.nc,True,True,NOT_HASHED
H:\葵花202303_202510\202407\02\NC_H09_20240702_1810_R21_FLDK.06001_06001.nc,True,True,NOT_HASHED
H:\葵花202303_202510\202407\02\NC_H09_20240702_1820_R21_FLDK.06001_06001.nc,True,True,NOT_HASHED
H:\葵花202303_202510\202407\02\NC_H09_20240702_1830_R21_FLDK.06001_06001.nc,True,True,NOT_HASHED
H:\葵花202303_202510\202407\02\NC_H09_20240702_1840_R21_FLDK.06001_06001.nc,True,True,NOT_HASHED
H:\葵花202303_202510\202407\02\NC_H09_20240702_1850_R21_FLDK.06001_06001.nc,True,True,NOT_HASHED
H:\葵花202303_202510\202407\02\NC_H09_20240702_1900_R21_FLDK.06001_06001.nc,True,True,NOT_HASHED
H:\葵花202303_202510\202407\02\NC_H09_20240702_1910_R21_FLDK.06001_06001.nc,True,True,NOT_HASHED
H:\葵花202303_202510\202407\02\NC_H09_20240702_1920_R21_FLDK.06001_06001.nc,True,True,NOT_HASHED
H:\葵花202303_202510\202407\02\NC_H09_20240702_1930_R21_FLDK.06001_06001.nc,True,True,NOT_HASHED
H:\葵花202303_202510\202407\02\NC_H09_20240702_1940_R21_FLDK.06001_06001.nc,True,True,NOT_HASHED
H:\葵花202303_202510\202407\02\NC_H09_20240702_1950_R21_FLDK.06001_06001.nc,True,True,NOT_HASHED
H:\葵花202303_202510\202407\02\NC_H09_20240702_2000_R21_FLDK.06001_06001.nc,True,True,NOT_HASHED
H:\葵花202303_202510\202407\02\NC_H09_20240702_2010_R21_FLDK.06001_06001.nc,True,True,NOT_HASHED
H:\葵花202303_202510\202407\02\NC_H09_20240702_2020_R21_FLDK.06001_06001.nc,True,True,NOT_HASHED
H:\葵花202303_202510\202407\02\NC_H09_20240702_2030_R21_FLDK.06001_06001.nc,True,True,NOT_HASHED
H:\葵花202303_202510\202407\02\NC_H09_20240702_2040_R21_FLDK.06001_06001.nc,True,True,NOT_HASHED
H:\葵花202303_202510\202407\02\NC_H09_20240702_2050_R21_FLDK.06001_06001.nc,True,True,NOT_HASHED
H:\葵花202303_202510\202407\02\NC_H09_20240702_2100_R21_FLDK.06001_06001.nc,True,True,NOT_HASHED
H:\葵花202303_202510\202407\02\NC_H09_20240702_2110_R21_FLDK.06001_06001.nc,True,True,NOT_HASHED
H:\葵花202303_202510\202407\02\NC_H09_20240702_2120_R21_FLDK.06001_06001.nc,True,True,NOT_HASHED
H:\葵花202303_202510\202407\02\NC_H09_20240702_2130_R21_FLDK.06001_06001.nc,True,True,NOT_HASHED
H:\葵花202303_202510\202407\02\NC_H09_20240702_2140_R21_FLDK.06001_06001.nc,True,True,NOT_HASHED
H:\葵花202303_202510\202407\02\NC_H09_20240702_2150_R21_FLDK.06001_06001.nc,True,True,NOT_HASHED
H:\葵花202303_202510\202407\02\NC_H09_20240702_2200_R21_FLDK.06001_06001.nc,True,True,NOT_HASHED
H:\葵花202303_202510\202407\02\NC_H09_20240702_2210_R21_FLDK.06001_06001.nc,True,True,NOT_HASHED
H:\葵花202303_202510\202407\02\NC_H09_20240702_2220_R21_FLDK.06001_06001.nc,True,True,NOT_HASHED
H:\葵花202303_202510\202407\02\NC_H09_20240702_2230_R21_FLDK.06001_06001.nc,True,True,NOT_HASHED
H:\葵花202303_202510\202407\02\NC_H09_20240702_2240_R21_FLDK.06001_06001.nc,True,True,NOT_HASHED
H:\葵花202303_202510\202407\02\NC_H09_20240702_2250_R21_FLDK.06001_06001.nc,True,True,NOT_HASHED
H:\葵花202303_202510\202407\02\NC_H09_20240702_2300_R21_FLDK.06001_06001.nc,True,True,NOT_HASHED
H:\葵花202303_202510\202407\02\NC_H09_20240702_2310_R21_FLDK.06001_06001.nc,True,True,NOT_HASHED
H:\葵花202303_202510\202407\02\NC_H09_20240702_2320_R21_FLDK.06001_06001.nc,True,True,NOT_HASHED
H:\葵花202303_202510\202407\02\NC_H09_20240702_2330_R21_FLDK.06001_06001.nc,True,True,NOT_HASHED
H:\葵花202303_202510\202407\02\NC_H09_20240702_2340_R21_FLDK.06001_06001.nc,True,True,NOT_HASHED
H:\葵花202303_202510\202407\02\NC_H09_20240702_2350_R21_FLDK.06001_06001.nc,True,True,NOT_HASHED
H:\葵花202303_202510\202407\03\NC_H09_20240703_0000_R21_FLDK.06001_06001.nc,True,True,NOT_HASHED
H:\葵花202303_202510\202407\03\NC_H09_20240703_0010_R21_FLDK.06001_06001.nc,True,True,NOT_HASHED
H:\葵花202303_202510\202407\03\NC_H09_20240703_0020_R21_FLDK.06001_06001.nc,True,True,NOT_HASHED
H:\葵花202303_202510\202407\03\NC_H09_20240703_0030_R21_FLDK.06001_06001.nc,True,True,NOT_HASHED
H:\葵花202303_202510\202407\03\NC_H09_20240703_0040_R21_FLDK.06001_06001.nc,True,True,NOT_HASHED
H:\葵花202303_202510\202407\03\NC_H09_20240703_0050_R21_FLDK.06001_06001.nc,True,True,NOT_HASHED
H:\葵花202303_202510\202407\03\NC_H09_20240703_0100_R21_FLDK.06001_06001.nc,True,True,NOT_HASHED
H:\葵花202303_202510\202407\03\NC_H09_20240703_0110_R21_FLDK.06001_06001.nc,True,True,NOT_HASHED
H:\葵花202303_202510\202407\03\NC_H09_20240703_0120_R21_FLDK.06001_06001.nc,True,True,NOT_HASHED
H:\葵花202303_202510\202407\03\NC_H09_20240703_0130_R21_FLDK.06001_06001.nc,True,True,NOT_HASHED
H:\葵花202303_202510\202407\03\NC_H09_20240703_0140_R21_FLDK.06001_06001.nc,True,True,NOT_HASHED
H:\葵花202303_202510\202407\03\NC_H09_20240703_0150_R21_FLDK.06001_06001.nc,True,True,NOT_HASHED
H:\葵花202303_202510\202407\03\NC_H09_20240703_0200_R21_FLDK.06001_06001.nc,True,True,NOT_HASHED
H:\葵花202303_202510\202407\03\NC_H09_20240703_0210_R21_FLDK.06001_06001.nc,True,True,NOT_HASHED
H:\葵花202303_202510\202407\03\NC_H09_20240703_0220_R21_FLDK.06001_06001.nc,True,True,NOT_HASHED
H:\葵花202303_202510\202407\03\NC_H09_20240703_0230_R21_FLDK.06001_06001.nc,True,True,NOT_HASHED
H:\葵花202303_202510\202407\03\NC_H09_20240703_0250_R21_FLDK.06001_06001.nc,True,True,NOT_HASHED
H:\葵花202303_202510\202407\03\NC_H09_20240703_0300_R21_FLDK.06001_06001.nc,True,True,NOT_HASHED
H:\葵花202303_202510\202407\03\NC_H09_20240703_0310_R21_FLDK.06001_06001.nc,True,True,NOT_HASHED
H:\葵花202303_202510\202407\03\NC_H09_20240703_0320_R21_FLDK.06001_06001.nc,True,True,NOT_HASHED
H:\葵花202303_202510\202407\03\NC_H09_20240703_0330_R21_FLDK.06001_06001.nc,True,True,NOT_HASHED
H:\葵花202303_202510\202407\03\NC_H09_20240703_0340_R21_FLDK.06001_06001.nc,True,True,NOT_HASHED
H:\葵花202303_202510\202407\03\NC_H09_20240703_0350_R21_FLDK.06001_06001.nc,True,True,NOT_HASHED
H:\葵花202303_202510\202407\03\NC_H09_20240703_0400_R21_FLDK.06001_06001.nc,True,True,NOT_HASHED
H:\葵花202303_202510\202407\03\NC_H09_20240703_0410_R21_FLDK.06001_06001.nc,True,True,NOT_HASHED
H:\葵花202303_202510\202407\03\NC_H09_20240703_0420_R21_FLDK.06001_06001.nc,True,True,NOT_HASHED
H:\葵花202303_202510\202407\03\NC_H09_20240703_0430_R21_FLDK.06001_06001.nc,True,True,NOT_HASHED
H:\葵花202303_202510\202407\03\NC_H09_20240703_0440_R21_FLDK.06001_06001.nc,True,True,NOT_HASHED
H:\葵花202303_202510\202407\03\NC_H09_20240703_0450_R21_FLDK.06001_06001.nc,True,True,NOT_HASHED
H:\葵花202303_202510\202407\03\NC_H09_20240703_0500_R21_FLDK.06001_06001.nc,True,True,NOT_HASHED
H:\葵花202303_202510\202407\03\NC_H09_20240703_0510_R21_FLDK.06001_06001.nc,True,True,NOT_HASHED
H:\葵花202303_202510\202407\03\NC_H09_20240703_0520_R21_FLDK.06001_06001.nc,True,True,NOT_HASHED
H:\葵花202303_202510\202407\03\NC_H09_20240703_0530_R21_FLDK.06001_06001.nc,True,True,NOT_HASHED
H:\葵花202303_202510\202407\03\NC_H09_20240703_0540_R21_FLDK.06001_06001.nc,True,True,NOT_HASHED
H:\葵花202303_202510\202407\03\NC_H09_20240703_0550_R21_FLDK.06001_06001.nc,True,True,NOT_HASHED
H:\葵花202303_202510\202407\03\NC_H09_20240703_0600_R21_FLDK.06001_06001.nc,True,True,NOT_HASHED
H:\葵花202303_202510\202407\03\NC_H09_20240703_0610_R21_FLDK.06001_06001.nc,True,True,NOT_HASHED
H:\葵花202303_202510\202407\03\NC_H09_20240703_0620_R21_FLDK.06001_06001.nc,True,True,NOT_HASHED
H:\葵花202303_202510\202407\03\NC_H09_20240703_0630_R21_FLDK.06001_06001.nc,True,True,NOT_HASHED
H:\葵花202303_202510\202407\03\NC_H09_20240703_0640_R21_FLDK.06001_06001.nc,True,True,NOT_HASHED
H:\葵花202303_202510\202407\03\NC_H09_20240703_0650_R21_FLDK.06001_06001.nc,True,True,NOT_HASHED
H:\葵花202303_202510\202407\03\NC_H09_20240703_0700_R21_FLDK.06001_06001.nc,True,True,NOT_HASHED
H:\葵花202303_202510\202407\03\NC_H09_20240703_0710_R21_FLDK.06001_06001.nc,True,True,NOT_HASHED
H:\葵花202303_202510\202407\03\NC_H09_20240703_0720_R21_FLDK.06001_06001.nc,True,True,NOT_HASHED
H:\葵花202303_202510\202407\03\NC_H09_20240703_0730_R21_FLDK.06001_06001.nc,True,True,NOT_HASHED
H:\葵花202303_202510\202407\03\NC_H09_20240703_0740_R21_FLDK.06001_06001.nc,True,True,NOT_HASHED
H:\葵花202303_202510\202407\03\NC_H09_20240703_0750_R21_FLDK.06001_06001.nc,True,True,NOT_HASHED
H:\葵花202303_202510\202407\03\NC_H09_20240703_0800_R21_FLDK.06001_06001.nc,True,True,NOT_HASHED
H:\葵花202303_202510\202407\03\NC_H09_20240703_0810_R21_FLDK.06001_06001.nc,True,True,NOT_HASHED
H:\葵花202303_202510\202407\03\NC_H09_20240703_0820_R21_FLDK.06001_06001.nc,True,True,NOT_HASHED
H:\葵花202303_202510\202407\03\NC_H09_20240703_0830_R21_FLDK.06001_06001.nc,True,True,NOT_HASHED
H:\葵花202303_202510\202407\03\NC_H09_20240703_0840_R21_FLDK.06001_06001.nc,True,True,NOT_HASHED
H:\葵花202303_202510\202407\03\NC_H09_20240703_0850_R21_FLDK.06001_06001.nc,True,True,NOT_HASHED
H:\葵花202303_202510\202407\03\NC_H09_20240703_0900_R21_FLDK.06001_06001.nc,True,True,NOT_HASHED
H:\葵花202303_202510\202407\03\NC_H09_20240703_0910_R21_FLDK.06001_06001.nc,True,True,NOT_HASHED
H:\葵花202303_202510\202407\03\NC_H09_20240703_0920_R21_FLDK.06001_06001.nc,True,True,NOT_HASHED
H:\葵花202303_202510\202407\03\NC_H09_20240703_0930_R21_FLDK.06001_06001.nc,True,True,NOT_HASHED
H:\葵花202303_202510\202407\03\NC_H09_20240703_0940_R21_FLDK.06001_06001.nc,True,True,NOT_HASHED
H:\葵花202303_202510\202407\03\NC_H09_20240703_0950_R21_FLDK.06001_06001.nc,True,True,NOT_HASHED
H:\葵花202303_202510\202407\03\NC_H09_20240703_1000_R21_FLDK.06001_06001.nc,True,True,NOT_HASHED
H:\葵花202303_202510\202407\03\NC_H09_20240703_1010_R21_FLDK.06001_06001.nc,True,True,NOT_HASHED
H:\葵花202303_202510\202407\03\NC_H09_20240703_1020_R21_FLDK.06001_06001.nc,True,True,NOT_HASHED
H:\葵花202303_202510\202407\03\NC_H09_20240703_1030_R21_FLDK.06001_06001.nc,True,True,NOT_HASHED
H:\葵花202303_202510\202407\03\NC_H09_20240703_1040_R21_FLDK.06001_06001.nc,True,True,NOT_HASHED
H:\葵花202303_202510\202407\03\NC_H09_20240703_1050_R21_FLDK.06001_06001.nc,True,True,NOT_HASHED
H:\葵花202303_202510\202407\03\NC_H09_20240703_1100_R21_FLDK.06001_06001.nc,True,True,NOT_HASHED
H:\葵花202303_202510\202407\03\NC_H09_20240703_1110_R21_FLDK.06001_06001.nc,True,True,NOT_HASHED
H:\葵花202303_202510\202407\03\NC_H09_20240703_1120_R21_FLDK.06001_06001.nc,True,True,NOT_HASHED
H:\葵花202303_202510\202407\03\NC_H09_20240703_1130_R21_FLDK.06001_06001.nc,True,True,NOT_HASHED
H:\葵花202303_202510\202407\03\NC_H09_20240703_1140_R21_FLDK.06001_06001.nc,True,True,NOT_HASHED
H:\葵花202303_202510\202407\03\NC_H09_20240703_1150_R21_FLDK.06001_06001.nc,True,True,NOT_HASHED
H:\葵花202303_202510\202407\03\NC_H09_20240703_1200_R21_FLDK.06001_06001.nc,True,True,NOT_HASHED
H:\葵花202303_202510\202407\03\NC_H09_20240703_1210_R21_FLDK.06001_06001.nc,True,True,NOT_HASHED
H:\葵花202303_202510\202407\03\NC_H09_20240703_1220_R21_FLDK.06001_06001.nc,True,True,NOT_HASHED
H:\葵花202303_202510\202407\03\NC_H09_20240703_1230_R21_FLDK.06001_06001.nc,True,True,NOT_HASHED
H:\葵花202303_202510\202407\03\NC_H09_20240703_1240_R21_FLDK.06001_06001.nc,True,True,NOT_HASHED
H:\葵花202303_202510\202407\03\NC_H09_20240703_1250_R21_FLDK.06001_06001.nc,True,True,NOT_HASHED
H:\葵花202303_202510\202407\03\NC_H09_20240703_1300_R21_FLDK.06001_06001.nc,True,True,NOT_HASHED
H:\葵花202303_202510\202407\03\NC_H09_20240703_1310_R21_FLDK.06001_06001.nc,True,True,NOT_HASHED
H:\葵花202303_202510\202407\03\NC_H09_20240703_1320_R21_FLDK.06001_06001.nc,True,True,NOT_HASHED
H:\葵花202303_202510\202407\03\NC_H09_20240703_1330_R21_FLDK.06001_06001.nc,True,True,NOT_HASHED
H:\葵花202303_202510\202407\03\NC_H09_20240703_1340_R21_FLDK.06001_06001.nc,True,True,NOT_HASHED
H:\葵花202303_202510\202407\03\NC_H09_20240703_1350_R21_FLDK.06001_06001.nc,True,True,NOT_HASHED
H:\葵花202303_202510\202407\03\NC_H09_20240703_1400_R21_FLDK.06001_06001.nc,True,True,NOT_HASHED
H:\葵花202303_202510\202407\03\NC_H09_20240703_1410_R21_FLDK.06001_06001.nc,True,True,NOT_HASHED
H:\葵花202303_202510\202407\03\NC_H09_20240703_1420_R21_FLDK.06001_06001.nc,True,True,NOT_HASHED
H:\葵花202303_202510\202407\03\NC_H09_20240703_1430_R21_FLDK.06001_06001.nc,True,True,NOT_HASHED
H:\葵花202303_202510\202407\03\NC_H09_20240703_1450_R21_FLDK.06001_06001.nc,True,True,NOT_HASHED
H:\葵花202303_202510\202407\03\NC_H09_20240703_1500_R21_FLDK.06001_06001.nc,True,True,NOT_HASHED
H:\葵花202303_202510\202407\03\NC_H09_20240703_1510_R21_FLDK.06001_06001.nc,True,True,NOT_HASHED
H:\葵花202303_202510\202407\03\NC_H09_20240703_1520_R21_FLDK.06001_06001.nc,True,True,NOT_HASHED
H:\葵花202303_202510\202407\03\NC_H09_20240703_1530_R21_FLDK.06001_06001.nc,True,True,NOT_HASHED
H:\葵花202303_202510\202407\03\NC_H09_20240703_1540_R21_FLDK.06001_06001.nc,True,True,NOT_HASHED
H:\葵花202303_202510\202407\03\NC_H09_20240703_1550_R21_FLDK.06001_06001.nc,True,True,NOT_HASHED
H:\葵花202303_202510\202407\03\NC_H09_20240703_1600_R21_FLDK.06001_06001.nc,True,True,NOT_HASHED
H:\葵花202303_202510\202407\03\NC_H09_20240703_1610_R21_FLDK.06001_06001.nc,True,True,NOT_HASHED
H:\葵花202303_202510\202407\03\NC_H09_20240703_1620_R21_FLDK.06001_06001.nc,True,True,NOT_HASHED
H:\葵花202303_202510\202407\03\NC_H09_20240703_1630_R21_FLDK.06001_06001.nc,True,True,NOT_HASHED
H:\葵花202303_202510\202407\03\NC_H09_20240703_1640_R21_FLDK.06001_06001.nc,True,True,NOT_HASHED
H:\葵花202303_202510\202407\03\NC_H09_20240703_1650_R21_FLDK.06001_06001.nc,True,True,NOT_HASHED
H:\葵花202303_202510\202407\03\NC_H09_20240703_1700_R21_FLDK.06001_06001.nc,True,True,NOT_HASHED
H:\葵花202303_202510\202407\03\NC_H09_20240703_1710_R21_FLDK.06001_06001.nc,True,True,NOT_HASHED
H:\葵花202303_202510\202407\03\NC_H09_20240703_1720_R21_FLDK.06001_06001.nc,True,True,NOT_HASHED
H:\葵花202303_202510\202407\03\NC_H09_20240703_1730_R21_FLDK.06001_06001.nc,True,True,NOT_HASHED
H:\葵花202303_202510\202407\03\NC_H09_20240703_1740_R21_FLDK.06001_06001.nc,True,True,NOT_HASHED
H:\葵花202303_202510\202407\03\NC_H09_20240703_1750_R21_FLDK.06001_06001.nc,True,True,NOT_HASHED
H:\葵花202303_202510\202407\03\NC_H09_20240703_1800_R21_FLDK.06001_06001.nc,True,True,NOT_HASHED
H:\葵花202303_202510\202407\03\NC_H09_20240703_1810_R21_FLDK.06001_06001.nc,True,True,NOT_HASHED
H:\葵花202303_202510\202407\03\NC_H09_20240703_1820_R21_FLDK.06001_06001.nc,True,True,NOT_HASHED
H:\葵花202303_202510\202407\03\NC_H09_20240703_1830_R21_FLDK.06001_06001.nc,True,True,NOT_HASHED
H:\葵花202303_202510\202407\03\NC_H09_20240703_1840_R21_FLDK.06001_06001.nc,True,True,NOT_HASHED
H:\葵花202303_202510\202407\03\NC_H09_20240703_1850_R21_FLDK.06001_06001.nc,True,True,NOT_HASHED
H:\葵花202303_202510\202407\03\NC_H09_20240703_1900_R21_FLDK.06001_06001.nc,True,True,NOT_HASHED
H:\葵花202303_202510\202407\03\NC_H09_20240703_1910_R21_FLDK.06001_06001.nc,True,True,NOT_HASHED
H:\葵花202303_202510\202407\03\NC_H09_20240703_1920_R21_FLDK.06001_06001.nc,True,True,NOT_HASHED
H:\葵花202303_202510\202407\03\NC_H09_20240703_1930_R21_FLDK.06001_06001.nc,True,True,NOT_HASHED
H:\葵花202303_202510\202407\03\NC_H09_20240703_1940_R21_FLDK.06001_06001.nc,True,True,NOT_HASHED
H:\葵花202303_202510\202407\03\NC_H09_20240703_1950_R21_FLDK.06001_06001.nc,True,True,NOT_HASHED
H:\葵花202303_202510\202407\03\NC_H09_20240703_2000_R21_FLDK.06001_06001.nc,True,True,NOT_HASHED
H:\葵花202303_202510\202407\03\NC_H09_20240703_2010_R21_FLDK.06001_06001.nc,True,True,NOT_HASHED
H:\葵花202303_202510\202407\03\NC_H09_20240703_2020_R21_FLDK.06001_06001.nc,True,True,NOT_HASHED
H:\葵花202303_202510\202407\03\NC_H09_20240703_2030_R21_FLDK.06001_06001.nc,True,True,NOT_HASHED
H:\葵花202303_202510\202407\03\NC_H09_20240703_2040_R21_FLDK.06001_06001.nc,True,True,NOT_HASHED
H:\葵花202303_202510\202407\03\NC_H09_20240703_2050_R21_FLDK.06001_06001.nc,True,True,NOT_HASHED
H:\葵花202303_202510\202407\03\NC_H09_20240703_2100_R21_FLDK.06001_06001.nc,True,True,NOT_HASHED
H:\葵花202303_202510\202407\03\NC_H09_20240703_2110_R21_FLDK.06001_06001.nc,True,True,NOT_HASHED
H:\葵花202303_202510\202407\03\NC_H09_20240703_2120_R21_FLDK.06001_06001.nc,True,True,NOT_HASHED
H:\葵花202303_202510\202407\03\NC_H09_20240703_2130_R21_FLDK.06001_06001.nc,True,True,NOT_HASHED
H:\葵花202303_202510\202407\03\NC_H09_20240703_2140_R21_FLDK.06001_06001.nc,True,True,NOT_HASHED
H:\葵花202303_202510\202407\03\NC_H09_20240703_2150_R21_FLDK.06001_06001.nc,True,True,NOT_HASHED
H:\葵花202303_202510\202407\03\NC_H09_20240703_2200_R21_FLDK.06001_06001.nc,True,True,NOT_HASHED
H:\葵花202303_202510\202407\03\NC_H09_20240703_2210_R21_FLDK.06001_06001.nc,True,True,NOT_HASHED
H:\葵花202303_202510\202407\03\NC_H09_20240703_2220_R21_FLDK.06001_06001.nc,True,True,NOT_HASHED
H:\葵花202303_202510\202407\03\NC_H09_20240703_2230_R21_FLDK.06001_06001.nc,True,True,NOT_HASHED
H:\葵花202303_202510\202407\03\NC_H09_20240703_2240_R21_FLDK.06001_06001.nc,True,True,NOT_HASHED
H:\葵花202303_202510\202407\03\NC_H09_20240703_2250_R21_FLDK.06001_06001.nc,True,True,NOT_HASHED
H:\葵花202303_202510\202407\03\NC_H09_20240703_2300_R21_FLDK.06001_06001.nc,True,True,NOT_HASHED
H:\葵花202303_202510\202407\03\NC_H09_20240703_2310_R21_FLDK.06001_06001.nc,True,True,NOT_HASHED
H:\葵花202303_202510\202407\03\NC_H09_20240703_2320_R21_FLDK.06001_06001.nc,True,True,NOT_HASHED
H:\葵花202303_202510\202407\03\NC_H09_20240703_2330_R21_FLDK.06001_06001.nc,True,True,NOT_HASHED
H:\葵花202303_202510\202407\03\NC_H09_20240703_2340_R21_FLDK.06001_06001.nc,True,True,NOT_HASHED
H:\葵花202303_202510\202407\03\NC_H09_20240703_2350_R21_FLDK.06001_06001.nc,True,True,NOT_HASHED
H:\葵花202303_202510\202407\04\NC_H09_20240704_0000_R21_FLDK.06001_06001.nc,True,True,NOT_HASHED
H:\葵花202303_202510\202407\04\NC_H09_20240704_0010_R21_FLDK.06001_06001.nc,True,True,NOT_HASHED
H:\葵花202303_202510\202407\04\NC_H09_20240704_0020_R21_FLDK.06001_06001.nc,True,True,NOT_HASHED
H:\葵花202303_202510\202407\04\NC_H09_20240704_0030_R21_FLDK.06001_06001.nc,True,True,NOT_HASHED
H:\葵花202303_202510\202407\04\NC_H09_20240704_0040_R21_FLDK.06001_06001.nc,True,True,NOT_HASHED
H:\葵花202303_202510\202407\04\NC_H09_20240704_0050_R21_FLDK.06001_06001.nc,True,True,NOT_HASHED
H:\葵花202303_202510\202407\04\NC_H09_20240704_0100_R21_FLDK.06001_06001.nc,True,True,NOT_HASHED
H:\葵花202303_202510\202407\04\NC_H09_20240704_0110_R21_FLDK.06001_06001.nc,True,True,NOT_HASHED
H:\葵花202303_202510\202407\04\NC_H09_20240704_0120_R21_FLDK.06001_06001.nc,True,True,NOT_HASHED
H:\葵花202303_202510\202407\04\NC_H09_20240704_0130_R21_FLDK.06001_06001.nc,True,True,NOT_HASHED
H:\葵花202303_202510\202407\04\NC_H09_20240704_0140_R21_FLDK.06001_06001.nc,True,True,NOT_HASHED
H:\葵花202303_202510\202407\04\NC_H09_20240704_0150_R21_FLDK.06001_06001.nc,True,True,NOT_HASHED
H:\葵花202303_202510\202407\04\NC_H09_20240704_0200_R21_FLDK.06001_06001.nc,True,True,NOT_HASHED
H:\葵花202303_202510\202407\04\NC_H09_20240704_0210_R21_FLDK.06001_06001.nc,True,True,NOT_HASHED
H:\葵花202303_202510\202407\04\NC_H09_20240704_0220_R21_FLDK.06001_06001.nc,True,True,NOT_HASHED
H:\葵花202303_202510\202407\04\NC_H09_20240704_0230_R21_FLDK.06001_06001.nc,True,True,NOT_HASHED
H:\葵花202303_202510\202407\04\NC_H09_20240704_0250_R21_FLDK.06001_06001.nc,True,True,NOT_HASHED
H:\葵花202303_202510\202407\04\NC_H09_20240704_0300_R21_FLDK.06001_06001.nc,True,True,NOT_HASHED
H:\葵花202303_202510\202407\04\NC_H09_20240704_0310_R21_FLDK.06001_06001.nc,True,True,NOT_HASHED
H:\葵花202303_202510\202407\04\NC_H09_20240704_0320_R21_FLDK.06001_06001.nc,True,True,NOT_HASHED
H:\葵花202303_202510\202407\04\NC_H09_20240704_0330_R21_FLDK.06001_06001.nc,True,True,NOT_HASHED
H:\葵花202303_202510\202407\04\NC_H09_20240704_0340_R21_FLDK.06001_06001.nc,True,True,NOT_HASHED
H:\葵花202303_202510\202407\04\NC_H09_20240704_0350_R21_FLDK.06001_06001.nc,True,True,NOT_HASHED
H:\葵花202303_202510\202407\04\NC_H09_20240704_0400_R21_FLDK.06001_06001.nc,True,True,NOT_HASHED
H:\葵花202303_202510\202407\04\NC_H09_20240704_0410_R21_FLDK.06001_06001.nc,True,True,NOT_HASHED
H:\葵花202303_202510\202407\04\NC_H09_20240704_0420_R21_FLDK.06001_06001.nc,True,True,NOT_HASHED
H:\葵花202303_202510\202407\04\NC_H09_20240704_0430_R21_FLDK.06001_06001.nc,True,True,NOT_HASHED
H:\葵花202303_202510\202407\04\NC_H09_20240704_0440_R21_FLDK.06001_06001.nc,True,True,NOT_HASHED
H:\葵花202303_202510\202407\04\NC_H09_20240704_0450_R21_FLDK.06001_06001.nc,True,True,NOT_HASHED
H:\葵花202303_202510\202407\04\NC_H09_20240704_0500_R21_FLDK.06001_06001.nc,True,True,NOT_HASHED
H:\葵花202303_202510\202407\04\NC_H09_20240704_0510_R21_FLDK.06001_06001.nc,True,True,NOT_HASHED
H:\葵花202303_202510\202407\04\NC_H09_20240704_0520_R21_FLDK.06001_06001.nc,True,True,NOT_HASHED
H:\葵花202303_202510\202407\04\NC_H09_20240704_0530_R21_FLDK.06001_06001.nc,True,True,NOT_HASHED
H:\葵花202303_202510\202407\04\NC_H09_20240704_0540_R21_FLDK.06001_06001.nc,True,True,NOT_HASHED
H:\葵花202303_202510\202407\04\NC_H09_20240704_0550_R21_FLDK.06001_06001.nc,True,True,NOT_HASHED
H:\葵花202303_202510\202407\04\NC_H09_20240704_0600_R21_FLDK.06001_06001.nc,True,True,NOT_HASHED
H:\葵花202303_202510\202407\04\NC_H09_20240704_0610_R21_FLDK.06001_06001.nc,True,True,NOT_HASHED
H:\葵花202303_202510\202407\04\NC_H09_20240704_0620_R21_FLDK.06001_06001.nc,True,True,NOT_HASHED
H:\葵花202303_202510\202407\04\NC_H09_20240704_0630_R21_FLDK.06001_06001.nc,True,True,NOT_HASHED
H:\葵花202303_202510\202407\04\NC_H09_20240704_0640_R21_FLDK.06001_06001.nc,True,True,NOT_HASHED
H:\葵花202303_202510\202407\04\NC_H09_20240704_0650_R21_FLDK.06001_06001.nc,True,True,NOT_HASHED
H:\葵花202303_202510\202407\04\NC_H09_20240704_0700_R21_FLDK.06001_06001.nc,True,True,NOT_HASHED
H:\葵花202303_202510\202407\04\NC_H09_20240704_0710_R21_FLDK.06001_06001.nc,True,True,NOT_HASHED
H:\葵花202303_202510\202407\04\NC_H09_20240704_0720_R21_FLDK.06001_06001.nc,True,True,NOT_HASHED
H:\葵花202303_202510\202407\04\NC_H09_20240704_0730_R21_FLDK.06001_06001.nc,True,True,NOT_HASHED
H:\葵花202303_202510\202407\04\NC_H09_20240704_0740_R21_FLDK.06001_06001.nc,True,True,NOT_HASHED
H:\葵花202303_202510\202407\04\NC_H09_20240704_0750_R21_FLDK.06001_06001.nc,True,True,NOT_HASHED
H:\葵花202303_202510\202407\04\NC_H09_20240704_0800_R21_FLDK.06001_06001.nc,True,True,NOT_HASHED
H:\葵花202303_202510\202407\04\NC_H09_20240704_0810_R21_FLDK.06001_06001.nc,True,True,NOT_HASHED
H:\葵花202303_202510\202407\04\NC_H09_20240704_0820_R21_FLDK.06001_06001.nc,True,True,NOT_HASHED
H:\葵花202303_202510\202407\04\NC_H09_20240704_0830_R21_FLDK.06001_06001.nc,True,True,NOT_HASHED
H:\葵花202303_202510\202407\04\NC_H09_20240704_0840_R21_FLDK.06001_06001.nc,True,True,NOT_HASHED
H:\葵花202303_202510\202407\04\NC_H09_20240704_0850_R21_FLDK.06001_06001.nc,True,True,NOT_HASHED
H:\葵花202303_202510\202407\04\NC_H09_20240704_0900_R21_FLDK.06001_06001.nc,True,True,NOT_HASHED
H:\葵花202303_202510\202407\04\NC_H09_20240704_0910_R21_FLDK.06001_06001.nc,True,True,NOT_HASHED
H:\葵花202303_202510\202407\04\NC_H09_20240704_0920_R21_FLDK.06001_06001.nc,True,True,NOT_HASHED
H:\葵花202303_202510\202407\04\NC_H09_20240704_0930_R21_FLDK.06001_06001.nc,True,True,NOT_HASHED
H:\葵花202303_202510\202407\04\NC_H09_20240704_0940_R21_FLDK.06001_06001.nc,True,True,NOT_HASHED
H:\葵花202303_202510\202407\04\NC_H09_20240704_0950_R21_FLDK.06001_06001.nc,True,True,NOT_HASHED
H:\葵花202303_202510\202407\04\NC_H09_20240704_1000_R21_FLDK.06001_06001.nc,True,True,NOT_HASHED
H:\葵花202303_202510\202407\04\NC_H09_20240704_1010_R21_FLDK.06001_06001.nc,True,True,NOT_HASHED
H:\葵花202303_202510\202407\04\NC_H09_20240704_1020_R21_FLDK.06001_06001.nc,True,True,NOT_HASHED
H:\葵花202303_202510\202407\04\NC_H09_20240704_1030_R21_FLDK.06001_06001.nc,True,True,NOT_HASHED
H:\葵花202303_202510\202407\04\NC_H09_20240704_1040_R21_FLDK.06001_06001.nc,True,True,NOT_HASHED
H:\葵花202303_202510\202407\04\NC_H09_20240704_1050_R21_FLDK.06001_06001.nc,True,True,NOT_HASHED
H:\葵花202303_202510\202407\04\NC_H09_20240704_1100_R21_FLDK.06001_06001.nc,True,True,NOT_HASHED
H:\葵花202303_202510\202407\04\NC_H09_20240704_1110_R21_FLDK.06001_06001.nc,True,True,NOT_HASHED
H:\葵花202303_202510\202407\04\NC_H09_20240704_1120_R21_FLDK.06001_06001.nc,True,True,NOT_HASHED
H:\葵花202303_202510\202407\04\NC_H09_20240704_1130_R21_FLDK.06001_06001.nc,True,True,NOT_HASHED
H:\葵花202303_202510\202407\04\NC_H09_20240704_1140_R21_FLDK.06001_06001.nc,True,True,NOT_HASHED
H:\葵花202303_202510\202407\04\NC_H09_20240704_1150_R21_FLDK.06001_06001.nc,True,True,NOT_HASHED
H:\葵花202303_202510\202407\04\NC_H09_20240704_1200_R21_FLDK.06001_06001.nc,True,True,NOT_HASHED
H:\葵花202303_202510\202407\04\NC_H09_20240704_1210_R21_FLDK.06001_06001.nc,True,True,NOT_HASHED
H:\葵花202303_202510\202407\04\NC_H09_20240704_1220_R21_FLDK.06001_06001.nc,True,True,NOT_HASHED
H:\葵花202303_202510\202407\04\NC_H09_20240704_1230_R21_FLDK.06001_06001.nc,True,True,NOT_HASHED
H:\葵花202303_202510\202407\04\NC_H09_20240704_1240_R21_FLDK.06001_06001.nc,True,True,NOT_HASHED
H:\葵花202303_202510\202407\04\NC_H09_20240704_1250_R21_FLDK.06001_06001.nc,True,True,NOT_HASHED
H:\葵花202303_202510\202407\04\NC_H09_20240704_1300_R21_FLDK.06001_06001.nc,True,True,NOT_HASHED
H:\葵花202303_202510\202407\04\NC_H09_20240704_1310_R21_FLDK.06001_06001.nc,True,True,NOT_HASHED
H:\葵花202303_202510\202407\04\NC_H09_20240704_1320_R21_FLDK.06001_06001.nc,True,True,NOT_HASHED
H:\葵花202303_202510\202407\04\NC_H09_20240704_1330_R21_FLDK.06001_06001.nc,True,True,NOT_HASHED
H:\葵花202303_202510\202407\04\NC_H09_20240704_1340_R21_FLDK.06001_06001.nc,True,True,NOT_HASHED
H:\葵花202303_202510\202407\04\NC_H09_20240704_1350_R21_FLDK.06001_06001.nc,True,True,NOT_HASHED
H:\葵花202303_202510\202407\04\NC_H09_20240704_1400_R21_FLDK.06001_06001.nc,True,True,NOT_HASHED
H:\葵花202303_202510\202407\04\NC_H09_20240704_1410_R21_FLDK.06001_06001.nc,True,True,NOT_HASHED
H:\葵花202303_202510\202407\04\NC_H09_20240704_1420_R21_FLDK.06001_06001.nc,True,True,NOT_HASHED
H:\葵花202303_202510\202407\04\NC_H09_20240704_1430_R21_FLDK.06001_06001.nc,True,True,NOT_HASHED
H:\葵花202303_202510\202407\04\NC_H09_20240704_1450_R21_FLDK.06001_06001.nc,True,True,NOT_HASHED
H:\葵花202303_202510\202407\04\NC_H09_20240704_1500_R21_FLDK.06001_06001.nc,True,True,NOT_HASHED
H:\葵花202303_202510\202407\04\NC_H09_20240704_1510_R21_FLDK.06001_06001.nc,True,True,NOT_HASHED
H:\葵花202303_202510\202407\04\NC_H09_20240704_1520_R21_FLDK.06001_06001.nc,True,True,NOT_HASHED
H:\葵花202303_202510\202407\04\NC_H09_20240704_1530_R21_FLDK.06001_06001.nc,True,True,NOT_HASHED
H:\葵花202303_202510\202407\04\NC_H09_20240704_1540_R21_FLDK.06001_06001.nc,True,True,NOT_HASHED
H:\葵花202303_202510\202407\04\NC_H09_20240704_1550_R21_FLDK.06001_06001.nc,True,True,NOT_HASHED
H:\葵花202303_202510\202407\04\NC_H09_20240704_1600_R21_FLDK.06001_06001.nc,True,True,NOT_HASHED
H:\葵花202303_202510\202407\04\NC_H09_20240704_1610_R21_FLDK.06001_06001.nc,True,True,NOT_HASHED
H:\葵花202303_202510\202407\04\NC_H09_20240704_1620_R21_FLDK.06001_06001.nc,True,True,NOT_HASHED
H:\葵花202303_202510\202407\04\NC_H09_20240704_1630_R21_FLDK.06001_06001.nc,True,True,NOT_HASHED
H:\葵花202303_202510\202407\04\NC_H09_20240704_1640_R21_FLDK.06001_06001.nc,True,True,NOT_HASHED
H:\葵花202303_202510\202407\04\NC_H09_20240704_1650_R21_FLDK.06001_06001.nc,True,True,NOT_HASHED
H:\葵花202303_202510\202407\04\NC_H09_20240704_1700_R21_FLDK.06001_06001.nc,True,True,NOT_HASHED
H:\葵花202303_202510\202407\04\NC_H09_20240704_1710_R21_FLDK.06001_06001.nc,True,True,NOT_HASHED
H:\葵花202303_202510\202407\04\NC_H09_20240704_1720_R21_FLDK.06001_06001.nc,True,True,NOT_HASHED
H:\葵花202303_202510\202407\04\NC_H09_20240704_1730_R21_FLDK.06001_06001.nc,True,True,NOT_HASHED
H:\葵花202303_202510\202407\04\NC_H09_20240704_1740_R21_FLDK.06001_06001.nc,True,True,NOT_HASHED
H:\葵花202303_202510\202407\04\NC_H09_20240704_1750_R21_FLDK.06001_06001.nc,True,True,NOT_HASHED
H:\葵花202303_202510\202407\04\NC_H09_20240704_1800_R21_FLDK.06001_06001.nc,True,True,NOT_HASHED
H:\葵花202303_202510\202407\04\NC_H09_20240704_1810_R21_FLDK.06001_06001.nc,True,True,NOT_HASHED
H:\葵花202303_202510\202407\04\NC_H09_20240704_1820_R21_FLDK.06001_06001.nc,True,True,NOT_HASHED
H:\葵花202303_202510\202407\04\NC_H09_20240704_1830_R21_FLDK.06001_06001.nc,True,True,NOT_HASHED
H:\葵花202303_202510\202407\04\NC_H09_20240704_1840_R21_FLDK.06001_06001.nc,True,True,NOT_HASHED
H:\葵花202303_202510\202407\04\NC_H09_20240704_1850_R21_FLDK.06001_06001.nc,True,True,NOT_HASHED
H:\葵花202303_202510\202407\04\NC_H09_20240704_1900_R21_FLDK.06001_06001.nc,True,True,NOT_HASHED
H:\葵花202303_202510\202407\04\NC_H09_20240704_1910_R21_FLDK.06001_06001.nc,True,True,NOT_HASHED
H:\葵花202303_202510\202407\04\NC_H09_20240704_1920_R21_FLDK.06001_06001.nc,True,True,NOT_HASHED
H:\葵花202303_202510\202407\04\NC_H09_20240704_1930_R21_FLDK.06001_06001.nc,True,True,NOT_HASHED
H:\葵花202303_202510\202407\04\NC_H09_20240704_1940_R21_FLDK.06001_06001.nc,True,True,NOT_HASHED
H:\葵花202303_202510\202407\04\NC_H09_20240704_1950_R21_FLDK.06001_06001.nc,True,True,NOT_HASHED
H:\葵花202303_202510\202407\04\NC_H09_20240704_2000_R21_FLDK.06001_06001.nc,True,True,NOT_HASHED
H:\葵花202303_202510\202407\04\NC_H09_20240704_2010_R21_FLDK.06001_06001.nc,True,True,NOT_HASHED
H:\葵花202303_202510\202407\04\NC_H09_20240704_2020_R21_FLDK.06001_06001.nc,True,True,NOT_HASHED
H:\葵花202303_202510\202407\04\NC_H09_20240704_2030_R21_FLDK.06001_06001.nc,True,True,NOT_HASHED
H:\葵花202303_202510\202407\04\NC_H09_20240704_2040_R21_FLDK.06001_06001.nc,True,True,NOT_HASHED
H:\葵花202303_202510\202407\04\NC_H09_20240704_2050_R21_FLDK.06001_06001.nc,True,True,NOT_HASHED
H:\葵花202303_202510\202407\04\NC_H09_20240704_2100_R21_FLDK.06001_06001.nc,True,True,NOT_HASHED
H:\葵花202303_202510\202407\04\NC_H09_20240704_2110_R21_FLDK.06001_06001.nc,True,True,NOT_HASHED
H:\葵花202303_202510\202407\04\NC_H09_20240704_2120_R21_FLDK.06001_06001.nc,True,True,NOT_HASHED
H:\葵花202303_202510\202407\04\NC_H09_20240704_2130_R21_FLDK.06001_06001.nc,True,True,NOT_HASHED
H:\葵花202303_202510\202407\04\NC_H09_20240704_2140_R21_FLDK.06001_06001.nc,True,True,NOT_HASHED
H:\葵花202303_202510\202407\04\NC_H09_20240704_2150_R21_FLDK.06001_06001.nc,True,True,NOT_HASHED
H:\葵花202303_202510\202407\04\NC_H09_20240704_2200_R21_FLDK.06001_06001.nc,True,True,NOT_HASHED
H:\葵花202303_202510\202407\04\NC_H09_20240704_2210_R21_FLDK.06001_06001.nc,True,True,NOT_HASHED
H:\葵花202303_202510\202407\04\NC_H09_20240704_2220_R21_FLDK.06001_06001.nc,True,True,NOT_HASHED
H:\葵花202303_202510\202407\04\NC_H09_20240704_2240_R21_FLDK.06001_06001.nc,True,True,NOT_HASHED
H:\葵花202303_202510\202407\04\NC_H09_20240704_2250_R21_FLDK.06001_06001.nc,True,True,NOT_HASHED
H:\葵花202303_202510\202407\04\NC_H09_20240704_2300_R21_FLDK.06001_06001.nc,True,True,NOT_HASHED
H:\葵花202303_202510\202407\04\NC_H09_20240704_2310_R21_FLDK.06001_06001.nc,True,True,NOT_HASHED
H:\葵花202303_202510\202407\04\NC_H09_20240704_2320_R21_FLDK.06001_06001.nc,True,True,NOT_HASHED
H:\葵花202303_202510\202407\04\NC_H09_20240704_2330_R21_FLDK.06001_06001.nc,True,True,NOT_HASHED
H:\葵花202303_202510\202407\04\NC_H09_20240704_2340_R21_FLDK.06001_06001.nc,True,True,NOT_HASHED
H:\葵花202303_202510\202407\04\NC_H09_20240704_2350_R21_FLDK.06001_06001.nc,True,True,NOT_HASHED
H:\葵花202303_202510\202407\05\NC_H09_20240705_0000_R21_FLDK.06001_06001.nc,True,True,NOT_HASHED
H:\葵花202303_202510\202407\05\NC_H09_20240705_0010_R21_FLDK.06001_06001.nc,True,True,NOT_HASHED
H:\葵花202303_202510\202407\05\NC_H09_20240705_0020_R21_FLDK.06001_06001.nc,True,True,NOT_HASHED
H:\葵花202303_202510\202407\05\NC_H09_20240705_0030_R21_FLDK.06001_06001.nc,True,True,NOT_HASHED
H:\葵花202303_202510\202407\05\NC_H09_20240705_0040_R21_FLDK.06001_06001.nc,True,True,NOT_HASHED
H:\葵花202303_202510\202407\05\NC_H09_20240705_0050_R21_FLDK.06001_06001.nc,True,True,NOT_HASHED
H:\葵花202303_202510\202407\05\NC_H09_20240705_0100_R21_FLDK.06001_06001.nc,True,True,NOT_HASHED
H:\葵花202303_202510\202407\05\NC_H09_20240705_0110_R21_FLDK.06001_06001.nc,True,True,NOT_HASHED
H:\葵花202303_202510\202407\05\NC_H09_20240705_0120_R21_FLDK.06001_06001.nc,True,True,NOT_HASHED
H:\葵花202303_202510\202407\05\NC_H09_20240705_0130_R21_FLDK.06001_06001.nc,True,True,NOT_HASHED
H:\葵花202303_202510\202407\05\NC_H09_20240705_0140_R21_FLDK.06001_06001.nc,True,True,NOT_HASHED
H:\葵花202303_202510\202407\05\NC_H09_20240705_0150_R21_FLDK.06001_06001.nc,True,True,NOT_HASHED
H:\葵花202303_202510\202407\05\NC_H09_20240705_0200_R21_FLDK.06001_06001.nc,True,True,NOT_HASHED
H:\葵花202303_202510\202407\05\NC_H09_20240705_0210_R21_FLDK.06001_06001.nc,True,True,NOT_HASHED
H:\葵花202303_202510\202407\05\NC_H09_20240705_0220_R21_FLDK.06001_06001.nc,True,True,NOT_HASHED
H:\葵花202303_202510\202407\05\NC_H09_20240705_0230_R21_FLDK.06001_06001.nc,True,True,NOT_HASHED
H:\葵花202303_202510\202407\05\NC_H09_20240705_0250_R21_FLDK.06001_06001.nc,True,True,NOT_HASHED
H:\葵花202303_202510\202407\05\NC_H09_20240705_0300_R21_FLDK.06001_06001.nc,True,True,NOT_HASHED
H:\葵花202303_202510\202407\05\NC_H09_20240705_0310_R21_FLDK.06001_06001.nc,True,True,NOT_HASHED
H:\葵花202303_202510\202407\05\NC_H09_20240705_0320_R21_FLDK.06001_06001.nc,True,True,NOT_HASHED
H:\葵花202303_202510\202407\05\NC_H09_20240705_0330_R21_FLDK.06001_06001.nc,True,True,NOT_HASHED
H:\葵花202303_202510\202407\05\NC_H09_20240705_0340_R21_FLDK.06001_06001.nc,True,True,NOT_HASHED
H:\葵花202303_202510\202407\05\NC_H09_20240705_0350_R21_FLDK.06001_06001.nc,True,True,NOT_HASHED
H:\葵花202303_202510\202407\05\NC_H09_20240705_0400_R21_FLDK.06001_06001.nc,True,True,NOT_HASHED
H:\葵花202303_202510\202407\05\NC_H09_20240705_0410_R21_FLDK.06001_06001.nc,True,True,NOT_HASHED
H:\葵花202303_202510\202407\05\NC_H09_20240705_0420_R21_FLDK.06001_06001.nc,True,True,NOT_HASHED
H:\葵花202303_202510\202407\05\NC_H09_20240705_0430_R21_FLDK.06001_06001.nc,True,True,NOT_HASHED
H:\葵花202303_202510\202407\05\NC_H09_20240705_0440_R21_FLDK.06001_06001.nc,True,True,NOT_HASHED
H:\葵花202303_202510\202407\05\NC_H09_20240705_0450_R21_FLDK.06001_06001.nc,True,True,NOT_HASHED
H:\葵花202303_202510\202407\05\NC_H09_20240705_0500_R21_FLDK.06001_06001.nc,True,True,NOT_HASHED
H:\葵花202303_202510\202407\05\NC_H09_20240705_0510_R21_FLDK.06001_06001.nc,True,True,NOT_HASHED
H:\葵花202303_202510\202407\05\NC_H09_20240705_0520_R21_FLDK.06001_06001.nc,True,True,NOT_HASHED
H:\葵花202303_202510\202407\05\NC_H09_20240705_0530_R21_FLDK.06001_06001.nc,True,True,NOT_HASHED
H:\葵花202303_202510\202407\05\NC_H09_20240705_0540_R21_FLDK.06001_06001.nc,True,True,NOT_HASHED
H:\葵花202303_202510\202407\05\NC_H09_20240705_0550_R21_FLDK.06001_06001.nc,True,True,NOT_HASHED
H:\葵花202303_202510\202407\05\NC_H09_20240705_0600_R21_FLDK.06001_06001.nc,True,True,NOT_HASHED
H:\葵花202303_202510\202407\05\NC_H09_20240705_0610_R21_FLDK.06001_06001.nc,True,True,NOT_HASHED
H:\葵花202303_202510\202407\05\NC_H09_20240705_0620_R21_FLDK.06001_06001.nc,True,True,NOT_HASHED
H:\葵花202303_202510\202407\05\NC_H09_20240705_0630_R21_FLDK.06001_06001.nc,True,True,NOT_HASHED
H:\葵花202303_202510\202407\05\NC_H09_20240705_0640_R21_FLDK.06001_06001.nc,True,True,NOT_HASHED
H:\葵花202303_202510\202407\05\NC_H09_20240705_0650_R21_FLDK.06001_06001.nc,True,True,NOT_HASHED
H:\葵花202303_202510\202407\05\NC_H09_20240705_0700_R21_FLDK.06001_06001.nc,True,True,NOT_HASHED
H:\葵花202303_202510\202407\05\NC_H09_20240705_0710_R21_FLDK.06001_06001.nc,True,True,NOT_HASHED
H:\葵花202303_202510\202407\05\NC_H09_20240705_0720_R21_FLDK.06001_06001.nc,True,True,NOT_HASHED
H:\葵花202303_202510\202407\05\NC_H09_20240705_0730_R21_FLDK.06001_06001.nc,True,True,NOT_HASHED
H:\葵花202303_202510\202407\05\NC_H09_20240705_0740_R21_FLDK.06001_06001.nc,True,True,NOT_HASHED
H:\葵花202303_202510\202407\05\NC_H09_20240705_0750_R21_FLDK.06001_06001.nc,True,True,NOT_HASHED
H:\葵花202303_202510\202407\05\NC_H09_20240705_0800_R21_FLDK.06001_06001.nc,True,True,NOT_HASHED
H:\葵花202303_202510\202407\05\NC_H09_20240705_0810_R21_FLDK.06001_06001.nc,True,True,NOT_HASHED
H:\葵花202303_202510\202407\05\NC_H09_20240705_0820_R21_FLDK.06001_06001.nc,True,True,NOT_HASHED
H:\葵花202303_202510\202407\05\NC_H09_20240705_0830_R21_FLDK.06001_06001.nc,True,True,NOT_HASHED
H:\葵花202303_202510\202407\05\NC_H09_20240705_0840_R21_FLDK.06001_06001.nc,True,True,NOT_HASHED
H:\葵花202303_202510\202407\05\NC_H09_20240705_0850_R21_FLDK.06001_06001.nc,True,True,NOT_HASHED
H:\葵花202303_202510\202407\05\NC_H09_20240705_0900_R21_FLDK.06001_06001.nc,True,True,NOT_HASHED
H:\葵花202303_202510\202407\05\NC_H09_20240705_0910_R21_FLDK.06001_06001.nc,True,True,NOT_HASHED
H:\葵花202303_202510\202407\05\NC_H09_20240705_0920_R21_FLDK.06001_06001.nc,True,True,NOT_HASHED
H:\葵花202303_202510\202407\05\NC_H09_20240705_0930_R21_FLDK.06001_06001.nc,True,True,NOT_HASHED
H:\葵花202303_202510\202407\05\NC_H09_20240705_0940_R21_FLDK.06001_06001.nc,True,True,NOT_HASHED
H:\葵花202303_202510\202407\05\NC_H09_20240705_0950_R21_FLDK.06001_06001.nc,True,True,NOT_HASHED
H:\葵花202303_202510\202407\05\NC_H09_20240705_1000_R21_FLDK.06001_06001.nc,True,True,NOT_HASHED
H:\葵花202303_202510\202407\05\NC_H09_20240705_1010_R21_FLDK.06001_06001.nc,True,True,NOT_HASHED
H:\葵花202303_202510\202407\05\NC_H09_20240705_1020_R21_FLDK.06001_06001.nc,True,True,NOT_HASHED
H:\葵花202303_202510\202407\05\NC_H09_20240705_1040_R21_FLDK.06001_06001.nc,True,True,NOT_HASHED
H:\葵花202303_202510\202407\05\NC_H09_20240705_1050_R21_FLDK.06001_06001.nc,True,True,NOT_HASHED
H:\葵花202303_202510\202407\05\NC_H09_20240705_1100_R21_FLDK.06001_06001.nc,True,True,NOT_HASHED
H:\葵花202303_202510\202407\05\NC_H09_20240705_1110_R21_FLDK.06001_06001.nc,True,True,NOT_HASHED
H:\葵花202303_202510\202407\05\NC_H09_20240705_1120_R21_FLDK.06001_06001.nc,True,True,NOT_HASHED
H:\葵花202303_202510\202407\05\NC_H09_20240705_1130_R21_FLDK.06001_06001.nc,True,True,NOT_HASHED
H:\葵花202303_202510\202407\05\NC_H09_20240705_1140_R21_FLDK.06001_06001.nc,True,True,NOT_HASHED
H:\葵花202303_202510\202407\05\NC_H09_20240705_1150_R21_FLDK.06001_06001.nc,True,True,NOT_HASHED
H:\葵花202303_202510\202407\05\NC_H09_20240705_1200_R21_FLDK.06001_06001.nc,True,True,NOT_HASHED
H:\葵花202303_202510\202407\05\NC_H09_20240705_1210_R21_FLDK.06001_06001.nc,True,True,NOT_HASHED
H:\葵花202303_202510\202407\05\NC_H09_20240705_1220_R21_FLDK.06001_06001.nc,True,True,NOT_HASHED
H:\葵花202303_202510\202407\05\NC_H09_20240705_1230_R21_FLDK.06001_06001.nc,True,True,NOT_HASHED
H:\葵花202303_202510\202407\05\NC_H09_20240705_1240_R21_FLDK.06001_06001.nc,True,True,NOT_HASHED
H:\葵花202303_202510\202407\05\NC_H09_20240705_1250_R21_FLDK.06001_06001.nc,True,True,NOT_HASHED
H:\葵花202303_202510\202407\05\NC_H09_20240705_1300_R21_FLDK.06001_06001.nc,True,True,NOT_HASHED
H:\葵花202303_202510\202407\05\NC_H09_20240705_1310_R21_FLDK.06001_06001.nc,True,True,NOT_HASHED
H:\葵花202303_202510\202407\05\NC_H09_20240705_1320_R21_FLDK.06001_06001.nc,True,True,NOT_HASHED
H:\葵花202303_202510\202407\05\NC_H09_20240705_1330_R21_FLDK.06001_06001.nc,True,True,NOT_HASHED
H:\葵花202303_202510\202407\05\NC_H09_20240705_1340_R21_FLDK.06001_06001.nc,True,True,NOT_HASHED
H:\葵花202303_202510\202407\05\NC_H09_20240705_1350_R21_FLDK.06001_06001.nc,True,True,NOT_HASHED
H:\葵花202303_202510\202407\05\NC_H09_20240705_1400_R21_FLDK.06001_06001.nc,True,True,NOT_HASHED
H:\葵花202303_202510\202407\05\NC_H09_20240705_1410_R21_FLDK.06001_06001.nc,True,True,NOT_HASHED
H:\葵花202303_202510\202407\05\NC_H09_20240705_1420_R21_FLDK.06001_06001.nc,True,True,NOT_HASHED
H:\葵花202303_202510\202407\05\NC_H09_20240705_1430_R21_FLDK.06001_06001.nc,True,True,NOT_HASHED
H:\葵花202303_202510\202407\05\NC_H09_20240705_1450_R21_FLDK.06001_06001.nc,True,True,NOT_HASHED
H:\葵花202303_202510\202407\05\NC_H09_20240705_1500_R21_FLDK.06001_06001.nc,True,True,NOT_HASHED
H:\葵花202303_202510\202407\05\NC_H09_20240705_1510_R21_FLDK.06001_06001.nc,True,True,NOT_HASHED
H:\葵花202303_202510\202407\05\NC_H09_20240705_1520_R21_FLDK.06001_06001.nc,True,True,NOT_HASHED
H:\葵花202303_202510\202407\05\NC_H09_20240705_1530_R21_FLDK.06001_06001.nc,True,True,NOT_HASHED
H:\葵花202303_202510\202407\05\NC_H09_20240705_1540_R21_FLDK.06001_06001.nc,True,True,NOT_HASHED
H:\葵花202303_202510\202407\05\NC_H09_20240705_1550_R21_FLDK.06001_06001.nc,True,True,NOT_HASHED
H:\葵花202303_202510\202407\05\NC_H09_20240705_1600_R21_FLDK.06001_06001.nc,True,True,NOT_HASHED
H:\葵花202303_202510\202407\05\NC_H09_20240705_1610_R21_FLDK.06001_06001.nc,True,True,NOT_HASHED
H:\葵花202303_202510\202407\05\NC_H09_20240705_1620_R21_FLDK.06001_06001.nc,True,True,NOT_HASHED
H:\葵花202303_202510\202407\05\NC_H09_20240705_1630_R21_FLDK.06001_06001.nc,True,True,NOT_HASHED
H:\葵花202303_202510\202407\05\NC_H09_20240705_1640_R21_FLDK.06001_06001.nc,True,True,NOT_HASHED
H:\葵花202303_202510\202407\05\NC_H09_20240705_1650_R21_FLDK.06001_06001.nc,True,True,NOT_HASHED
H:\葵花202303_202510\202407\05\NC_H09_20240705_1700_R21_FLDK.06001_06001.nc,True,True,NOT_HASHED
H:\葵花202303_202510\202407\05\NC_H09_20240705_1710_R21_FLDK.06001_06001.nc,True,True,NOT_HASHED
H:\葵花202303_202510\202407\05\NC_H09_20240705_1720_R21_FLDK.06001_06001.nc,True,True,NOT_HASHED
H:\葵花202303_202510\202407\05\NC_H09_20240705_1730_R21_FLDK.06001_06001.nc,True,True,NOT_HASHED
H:\葵花202303_202510\202407\05\NC_H09_20240705_1740_R21_FLDK.06001_06001.nc,True,True,NOT_HASHED
H:\葵花202303_202510\202407\05\NC_H09_20240705_1750_R21_FLDK.06001_06001.nc,True,True,NOT_HASHED
H:\葵花202303_202510\202407\05\NC_H09_20240705_1800_R21_FLDK.06001_06001.nc,True,True,NOT_HASHED
H:\葵花202303_202510\202407\05\NC_H09_20240705_1810_R21_FLDK.06001_06001.nc,True,True,NOT_HASHED
H:\葵花202303_202510\202407\05\NC_H09_20240705_1820_R21_FLDK.06001_06001.nc,True,True,NOT_HASHED
H:\葵花202303_202510\202407\05\NC_H09_20240705_1830_R21_FLDK.06001_06001.nc,True,True,NOT_HASHED
H:\葵花202303_202510\202407\05\NC_H09_20240705_1840_R21_FLDK.06001_06001.nc,True,True,NOT_HASHED
H:\葵花202303_202510\202407\05\NC_H09_20240705_1850_R21_FLDK.06001_06001.nc,True,True,NOT_HASHED
H:\葵花202303_202510\202407\05\NC_H09_20240705_1900_R21_FLDK.06001_06001.nc,True,True,NOT_HASHED
H:\葵花202303_202510\202407\05\NC_H09_20240705_1910_R21_FLDK.06001_06001.nc,True,True,NOT_HASHED
H:\葵花202303_202510\202407\05\NC_H09_20240705_1920_R21_FLDK.06001_06001.nc,True,True,NOT_HASHED
H:\葵花202303_202510\202407\05\NC_H09_20240705_1930_R21_FLDK.06001_06001.nc,True,True,NOT_HASHED
H:\葵花202303_202510\202407\05\NC_H09_20240705_1940_R21_FLDK.06001_06001.nc,True,True,NOT_HASHED
H:\葵花202303_202510\202407\05\NC_H09_20240705_1950_R21_FLDK.06001_06001.nc,True,True,NOT_HASHED
H:\葵花202303_202510\202407\05\NC_H09_20240705_2000_R21_FLDK.06001_06001.nc,True,True,NOT_HASHED
H:\葵花202303_202510\202407\05\NC_H09_20240705_2010_R21_FLDK.06001_06001.nc,True,True,NOT_HASHED
H:\葵花202303_202510\202407\05\NC_H09_20240705_2020_R21_FLDK.06001_06001.nc,True,True,NOT_HASHED
H:\葵花202303_202510\202407\05\NC_H09_20240705_2030_R21_FLDK.06001_06001.nc,True,True,NOT_HASHED
H:\葵花202303_202510\202407\05\NC_H09_20240705_2040_R21_FLDK.06001_06001.nc,True,True,NOT_HASHED
H:\葵花202303_202510\202407\05\NC_H09_20240705_2050_R21_FLDK.06001_06001.nc,True,True,NOT_HASHED
H:\葵花202303_202510\202407\05\NC_H09_20240705_2100_R21_FLDK.06001_06001.nc,True,True,NOT_HASHED
H:\葵花202303_202510\202407\05\NC_H09_20240705_2110_R21_FLDK.06001_06001.nc,True,True,NOT_HASHED
H:\葵花202303_202510\202407\05\NC_H09_20240705_2120_R21_FLDK.06001_06001.nc,True,True,NOT_HASHED
H:\葵花202303_202510\202407\05\NC_H09_20240705_2130_R21_FLDK.06001_06001.nc,True,True,NOT_HASHED
H:\葵花202303_202510\202407\05\NC_H09_20240705_2140_R21_FLDK.06001_06001.nc,True,True,NOT_HASHED
H:\葵花202303_202510\202407\05\NC_H09_20240705_2150_R21_FLDK.06001_06001.nc,True,True,NOT_HASHED
H:\葵花202303_202510\202407\05\NC_H09_20240705_2200_R21_FLDK.06001_06001.nc,True,True,NOT_HASHED
H:\葵花202303_202510\202407\05\NC_H09_20240705_2210_R21_FLDK.06001_06001.nc,True,True,NOT_HASHED
H:\葵花202303_202510\202407\05\NC_H09_20240705_2220_R21_FLDK.06001_06001.nc,True,True,NOT_HASHED
H:\葵花202303_202510\202407\05\NC_H09_20240705_2230_R21_FLDK.06001_06001.nc,True,True,NOT_HASHED
H:\葵花202303_202510\202407\05\NC_H09_20240705_2240_R21_FLDK.06001_06001.nc,True,True,NOT_HASHED
H:\葵花202303_202510\202407\05\NC_H09_20240705_2250_R21_FLDK.06001_06001.nc,True,True,NOT_HASHED
H:\葵花202303_202510\202407\05\NC_H09_20240705_2300_R21_FLDK.06001_06001.nc,True,True,NOT_HASHED
H:\葵花202303_202510\202407\05\NC_H09_20240705_2310_R21_FLDK.06001_06001.nc,True,True,NOT_HASHED
H:\葵花202303_202510\202407\05\NC_H09_20240705_2320_R21_FLDK.06001_06001.nc,True,True,NOT_HASHED
H:\葵花202303_202510\202407\05\NC_H09_20240705_2330_R21_FLDK.06001_06001.nc,True,True,NOT_HASHED
H:\葵花202303_202510\202407\05\NC_H09_20240705_2340_R21_FLDK.06001_06001.nc,True,True,NOT_HASHED
H:\葵花202303_202510\202407\05\NC_H09_20240705_2350_R21_FLDK.06001_06001.nc,True,True,NOT_HASHED
H:\葵花202303_202510\202407\06\NC_H09_20240706_0000_R21_FLDK.06001_06001.nc,True,True,NOT_HASHED
H:\葵花202303_202510\202407\06\NC_H09_20240706_0010_R21_FLDK.06001_06001.nc,True,True,NOT_HASHED
H:\葵花202303_202510\202407\06\NC_H09_20240706_0020_R21_FLDK.06001_06001.nc,True,True,NOT_HASHED
H:\葵花202303_202510\202407\06\NC_H09_20240706_0030_R21_FLDK.06001_06001.nc,True,True,NOT_HASHED
H:\葵花202303_202510\202407\06\NC_H09_20240706_0040_R21_FLDK.06001_06001.nc,True,True,NOT_HASHED
H:\葵花202303_202510\202407\06\NC_H09_20240706_0050_R21_FLDK.06001_06001.nc,True,True,NOT_HASHED
H:\葵花202303_202510\202407\06\NC_H09_20240706_0100_R21_FLDK.06001_06001.nc,True,True,NOT_HASHED
H:\葵花202303_202510\202407\06\NC_H09_20240706_0110_R21_FLDK.06001_06001.nc,True,True,NOT_HASHED
H:\葵花202303_202510\202407\06\NC_H09_20240706_0120_R21_FLDK.06001_06001.nc,True,True,NOT_HASHED
H:\葵花202303_202510\202407\06\NC_H09_20240706_0130_R21_FLDK.06001_06001.nc,True,True,NOT_HASHED
H:\葵花202303_202510\202407\06\NC_H09_20240706_0140_R21_FLDK.06001_06001.nc,True,True,NOT_HASHED
H:\葵花202303_202510\202407\06\NC_H09_20240706_0150_R21_FLDK.06001_06001.nc,True,True,NOT_HASHED
H:\葵花202303_202510\202407\06\NC_H09_20240706_0200_R21_FLDK.06001_06001.nc,True,True,NOT_HASHED
H:\葵花202303_202510\202407\06\NC_H09_20240706_0210_R21_FLDK.06001_06001.nc,True,True,NOT_HASHED
H:\葵花202303_202510\202407\06\NC_H09_20240706_0220_R21_FLDK.06001_06001.nc,True,True,NOT_HASHED
H:\葵花202303_202510\202407\06\NC_H09_20240706_0230_R21_FLDK.06001_06001.nc,True,True,NOT_HASHED
H:\葵花202303_202510\202407\06\NC_H09_20240706_0250_R21_FLDK.06001_06001.nc,True,True,NOT_HASHED
H:\葵花202303_202510\202407\06\NC_H09_20240706_0300_R21_FLDK.06001_06001.nc,True,True,NOT_HASHED
H:\葵花202303_202510\202407\06\NC_H09_20240706_0310_R21_FLDK.06001_06001.nc,True,True,NOT_HASHED
H:\葵花202303_202510\202407\06\NC_H09_20240706_0320_R21_FLDK.06001_06001.nc,True,True,NOT_HASHED
H:\葵花202303_202510\202407\06\NC_H09_20240706_0330_R21_FLDK.06001_06001.nc,True,True,NOT_HASHED
H:\葵花202303_202510\202407\06\NC_H09_20240706_0340_R21_FLDK.06001_06001.nc,True,True,NOT_HASHED
H:\葵花202303_202510\202407\06\NC_H09_20240706_0350_R21_FLDK.06001_06001.nc,True,True,NOT_HASHED
H:\葵花202303_202510\202407\06\NC_H09_20240706_0400_R21_FLDK.06001_06001.nc,True,True,NOT_HASHED
H:\葵花202303_202510\202407\06\NC_H09_20240706_0410_R21_FLDK.06001_06001.nc,True,True,NOT_HASHED
H:\葵花202303_202510\202407\06\NC_H09_20240706_0420_R21_FLDK.06001_06001.nc,True,True,NOT_HASHED
H:\葵花202303_202510\202407\06\NC_H09_20240706_0430_R21_FLDK.06001_06001.nc,True,True,NOT_HASHED
H:\葵花202303_202510\202407\06\NC_H09_20240706_0440_R21_FLDK.06001_06001.nc,True,True,NOT_HASHED
H:\葵花202303_202510\202407\06\NC_H09_20240706_0450_R21_FLDK.06001_06001.nc,True,True,NOT_HASHED
H:\葵花202303_202510\202407\06\NC_H09_20240706_0500_R21_FLDK.06001_06001.nc,True,True,NOT_HASHED
H:\葵花202303_202510\202407\06\NC_H09_20240706_0510_R21_FLDK.06001_06001.nc,True,True,NOT_HASHED
H:\葵花202303_202510\202407\06\NC_H09_20240706_0520_R21_FLDK.06001_06001.nc,True,True,NOT_HASHED
H:\葵花202303_202510\202407\06\NC_H09_20240706_0530_R21_FLDK.06001_06001.nc,True,True,NOT_HASHED
H:\葵花202303_202510\202407\06\NC_H09_20240706_0540_R21_FLDK.06001_06001.nc,True,True,NOT_HASHED
H:\葵花202303_202510\202407\06\NC_H09_20240706_0550_R21_FLDK.06001_06001.nc,True,True,NOT_HASHED
H:\葵花202303_202510\202407\06\NC_H09_20240706_0600_R21_FLDK.06001_06001.nc,True,True,NOT_HASHED
H:\葵花202303_202510\202407\06\NC_H09_20240706_0610_R21_FLDK.06001_06001.nc,True,True,NOT_HASHED
H:\葵花202303_202510\202407\06\NC_H09_20240706_0620_R21_FLDK.06001_06001.nc,True,True,NOT_HASHED
H:\葵花202303_202510\202407\06\NC_H09_20240706_0630_R21_FLDK.06001_06001.nc,True,True,NOT_HASHED
H:\葵花202303_202510\202407\06\NC_H09_20240706_0640_R21_FLDK.06001_06001.nc,True,True,NOT_HASHED
H:\葵花202303_202510\202407\06\NC_H09_20240706_0650_R21_FLDK.06001_06001.nc,True,True,NOT_HASHED
H:\葵花202303_202510\202407\06\NC_H09_20240706_0700_R21_FLDK.06001_06001.nc,True,True,NOT_HASHED
H:\葵花202303_202510\202407\06\NC_H09_20240706_0710_R21_FLDK.06001_06001.nc,True,True,NOT_HASHED
H:\葵花202303_202510\202407\06\NC_H09_20240706_0720_R21_FLDK.06001_06001.nc,True,True,NOT_HASHED
H:\葵花202303_202510\202407\06\NC_H09_20240706_0730_R21_FLDK.06001_06001.nc,True,True,NOT_HASHED
H:\葵花202303_202510\202407\06\NC_H09_20240706_0740_R21_FLDK.06001_06001.nc,True,True,NOT_HASHED
H:\葵花202303_202510\202407\06\NC_H09_20240706_0750_R21_FLDK.06001_06001.nc,True,True,NOT_HASHED
H:\葵花202303_202510\202407\06\NC_H09_20240706_0800_R21_FLDK.06001_06001.nc,True,True,NOT_HASHED
H:\葵花202303_202510\202407\06\NC_H09_20240706_0810_R21_FLDK.06001_06001.nc,True,True,NOT_HASHED
H:\葵花202303_202510\202407\06\NC_H09_20240706_0820_R21_FLDK.06001_06001.nc,True,True,NOT_HASHED
H:\葵花202303_202510\202407\06\NC_H09_20240706_0830_R21_FLDK.06001_06001.nc,True,True,NOT_HASHED
H:\葵花202303_202510\202407\06\NC_H09_20240706_0840_R21_FLDK.06001_06001.nc,True,True,NOT_HASHED
H:\葵花202303_202510\202407\06\NC_H09_20240706_0850_R21_FLDK.06001_06001.nc,True,True,NOT_HASHED
H:\葵花202303_202510\202407\06\NC_H09_20240706_0900_R21_FLDK.06001_06001.nc,True,True,NOT_HASHED
H:\葵花202303_202510\202407\06\NC_H09_20240706_0910_R21_FLDK.06001_06001.nc,True,True,NOT_HASHED
H:\葵花202303_202510\202407\06\NC_H09_20240706_0920_R21_FLDK.06001_06001.nc,True,True,NOT_HASHED
H:\葵花202303_202510\202407\06\NC_H09_20240706_0930_R21_FLDK.06001_06001.nc,True,True,NOT_HASHED
H:\葵花202303_202510\202407\06\NC_H09_20240706_0940_R21_FLDK.06001_06001.nc,True,True,NOT_HASHED
H:\葵花202303_202510\202407\06\NC_H09_20240706_0950_R21_FLDK.06001_06001.nc,True,True,NOT_HASHED
H:\葵花202303_202510\202407\06\NC_H09_20240706_1000_R21_FLDK.06001_06001.nc,True,True,NOT_HASHED
H:\葵花202303_202510\202407\06\NC_H09_20240706_1010_R21_FLDK.06001_06001.nc,True,True,NOT_HASHED
H:\葵花202303_202510\202407\06\NC_H09_20240706_1020_R21_FLDK.06001_06001.nc,True,True,NOT_HASHED
H:\葵花202303_202510\202407\06\NC_H09_20240706_1030_R21_FLDK.06001_06001.nc,True,True,NOT_HASHED
H:\葵花202303_202510\202407\06\NC_H09_20240706_1040_R21_FLDK.06001_06001.nc,True,True,NOT_HASHED
H:\葵花202303_202510\202407\06\NC_H09_20240706_1050_R21_FLDK.06001_06001.nc,True,True,NOT_HASHED
H:\葵花202303_202510\202407\06\NC_H09_20240706_1100_R21_FLDK.06001_06001.nc,True,True,NOT_HASHED
H:\葵花202303_202510\202407\06\NC_H09_20240706_1110_R21_FLDK.06001_06001.nc,True,True,NOT_HASHED
H:\葵花202303_202510\202407\06\NC_H09_20240706_1120_R21_FLDK.06001_06001.nc,True,True,NOT_HASHED
H:\葵花202303_202510\202407\06\NC_H09_20240706_1130_R21_FLDK.06001_06001.nc,True,True,NOT_HASHED
H:\葵花202303_202510\202407\06\NC_H09_20240706_1140_R21_FLDK.06001_06001.nc,True,True,NOT_HASHED
H:\葵花202303_202510\202407\06\NC_H09_20240706_1150_R21_FLDK.06001_06001.nc,True,True,NOT_HASHED
H:\葵花202303_202510\202407\06\NC_H09_20240706_1200_R21_FLDK.06001_06001.nc,True,True,NOT_HASHED
H:\葵花202303_202510\202407\06\NC_H09_20240706_1210_R21_FLDK.06001_06001.nc,True,True,NOT_HASHED
H:\葵花202303_202510\202407\06\NC_H09_20240706_1220_R21_FLDK.06001_06001.nc,True,True,NOT_HASHED
H:\葵花202303_202510\202407\06\NC_H09_20240706_1230_R21_FLDK.06001_06001.nc,True,True,NOT_HASHED
H:\葵花202303_202510\202407\06\NC_H09_20240706_1240_R21_FLDK.06001_06001.nc,True,True,NOT_HASHED
H:\葵花202303_202510\202407\06\NC_H09_20240706_1250_R21_FLDK.06001_06001.nc,True,True,NOT_HASHED
H:\葵花202303_202510\202407\06\NC_H09_20240706_1300_R21_FLDK.06001_06001.nc,True,True,NOT_HASHED
H:\葵花202303_202510\202407\06\NC_H09_20240706_1310_R21_FLDK.06001_06001.nc,True,True,NOT_HASHED
H:\葵花202303_202510\202407\06\NC_H09_20240706_1320_R21_FLDK.06001_06001.nc,True,True,NOT_HASHED
H:\葵花202303_202510\202407\06\NC_H09_20240706_1330_R21_FLDK.06001_06001.nc,True,True,NOT_HASHED
H:\葵花202303_202510\202407\06\NC_H09_20240706_1340_R21_FLDK.06001_06001.nc,True,True,NOT_HASHED
H:\葵花202303_202510\202407\06\NC_H09_20240706_1350_R21_FLDK.06001_06001.nc,True,True,NOT_HASHED
H:\葵花202303_202510\202407\06\NC_H09_20240706_1400_R21_FLDK.06001_06001.nc,True,True,NOT_HASHED
H:\葵花202303_202510\202407\06\NC_H09_20240706_1410_R21_FLDK.06001_06001.nc,True,True,NOT_HASHED
H:\葵花202303_202510\202407\06\NC_H09_20240706_1420_R21_FLDK.06001_06001.nc,True,True,NOT_HASHED
H:\葵花202303_202510\202407\06\NC_H09_20240706_1430_R21_FLDK.06001_06001.nc,True,True,NOT_HASHED
H:\葵花202303_202510\202407\06\NC_H09_20240706_1450_R21_FLDK.06001_06001.nc,True,True,NOT_HASHED
H:\葵花202303_202510\202407\06\NC_H09_20240706_1500_R21_FLDK.06001_06001.nc,True,True,NOT_HASHED
H:\葵花202303_202510\202407\06\NC_H09_20240706_1510_R21_FLDK.06001_06001.nc,True,True,NOT_HASHED
H:\葵花202303_202510\202407\06\NC_H09_20240706_1520_R21_FLDK.06001_06001.nc,True,True,NOT_HASHED
H:\葵花202303_202510\202407\06\NC_H09_20240706_1530_R21_FLDK.06001_06001.nc,True,True,NOT_HASHED
H:\葵花202303_202510\202407\06\NC_H09_20240706_1540_R21_FLDK.06001_06001.nc,True,True,NOT_HASHED
H:\葵花202303_202510\202407\06\NC_H09_20240706_1550_R21_FLDK.06001_06001.nc,True,True,NOT_HASHED
H:\葵花202303_202510\202407\06\NC_H09_20240706_1600_R21_FLDK.06001_06001.nc,True,True,NOT_HASHED
H:\葵花202303_202510\202407\06\NC_H09_20240706_1610_R21_FLDK.06001_06001.nc,True,True,NOT_HASHED
H:\葵花202303_202510\202407\06\NC_H09_20240706_1620_R21_FLDK.06001_06001.nc,True,True,NOT_HASHED
H:\葵花202303_202510\202407\06\NC_H09_20240706_1630_R21_FLDK.06001_06001.nc,True,True,NOT_HASHED
H:\葵花202303_202510\202407\06\NC_H09_20240706_1640_R21_FLDK.06001_06001.nc,True,True,NOT_HASHED
H:\葵花202303_202510\202407\06\NC_H09_20240706_1650_R21_FLDK.06001_06001.nc,True,True,NOT_HASHED
H:\葵花202303_202510\202407\06\NC_H09_20240706_1700_R21_FLDK.06001_06001.nc,True,True,NOT_HASHED
H:\葵花202303_202510\202407\06\NC_H09_20240706_1710_R21_FLDK.06001_06001.nc,True,True,NOT_HASHED
H:\葵花202303_202510\202407\06\NC_H09_20240706_1720_R21_FLDK.06001_06001.nc,True,True,NOT_HASHED
H:\葵花202303_202510\202407\06\NC_H09_20240706_1730_R21_FLDK.06001_06001.nc,True,True,NOT_HASHED
H:\葵花202303_202510\202407\06\NC_H09_20240706_1740_R21_FLDK.06001_06001.nc,True,True,NOT_HASHED
H:\葵花202303_202510\202407\06\NC_H09_20240706_1750_R21_FLDK.06001_06001.nc,True,True,NOT_HASHED
H:\葵花202303_202510\202407\06\NC_H09_20240706_1800_R21_FLDK.06001_06001.nc,True,True,NOT_HASHED
H:\葵花202303_202510\202407\06\NC_H09_20240706_1810_R21_FLDK.06001_06001.nc,True,True,NOT_HASHED
H:\葵花202303_202510\202407\06\NC_H09_20240706_1820_R21_FLDK.06001_06001.nc,True,True,NOT_HASHED
H:\葵花202303_202510\202407\06\NC_H09_20240706_1830_R21_FLDK.06001_06001.nc,True,True,NOT_HASHED
H:\葵花202303_202510\202407\06\NC_H09_20240706_1840_R21_FLDK.06001_06001.nc,True,True,NOT_HASHED
H:\葵花202303_202510\202407\06\NC_H09_20240706_1850_R21_FLDK.06001_06001.nc,True,True,NOT_HASHED
H:\葵花202303_202510\202407\06\NC_H09_20240706_1900_R21_FLDK.06001_06001.nc,True,True,NOT_HASHED
H:\葵花202303_202510\202407\06\NC_H09_20240706_1910_R21_FLDK.06001_06001.nc,True,True,NOT_HASHED
H:\葵花202303_202510\202407\06\NC_H09_20240706_1920_R21_FLDK.06001_06001.nc,True,True,NOT_HASHED
H:\葵花202303_202510\202407\06\NC_H09_20240706_1930_R21_FLDK.06001_06001.nc,True,True,NOT_HASHED
H:\葵花202303_202510\202407\06\NC_H09_20240706_1940_R21_FLDK.06001_06001.nc,True,True,NOT_HASHED
H:\葵花202303_202510\202407\06\NC_H09_20240706_1950_R21_FLDK.06001_06001.nc,True,True,NOT_HASHED
H:\葵花202303_202510\202407\06\NC_H09_20240706_2000_R21_FLDK.06001_06001.nc,True,True,NOT_HASHED
H:\葵花202303_202510\202407\06\NC_H09_20240706_2010_R21_FLDK.06001_06001.nc,True,True,NOT_HASHED
H:\葵花202303_202510\202407\06\NC_H09_20240706_2020_R21_FLDK.06001_06001.nc,True,True,NOT_HASHED
H:\葵花202303_202510\202407\06\NC_H09_20240706_2030_R21_FLDK.06001_06001.nc,True,True,NOT_HASHED
H:\葵花202303_202510\202407\06\NC_H09_20240706_2040_R21_FLDK.06001_06001.nc,True,True,NOT_HASHED
H:\葵花202303_202510\202407\06\NC_H09_20240706_2050_R21_FLDK.06001_06001.nc,True,True,NOT_HASHED
H:\葵花202303_202510\202407\06\NC_H09_20240706_2100_R21_FLDK.06001_06001.nc,True,True,NOT_HASHED
H:\葵花202303_202510\202407\06\NC_H09_20240706_2110_R21_FLDK.06001_06001.nc,True,True,NOT_HASHED
H:\葵花202303_202510\202407\06\NC_H09_20240706_2120_R21_FLDK.06001_06001.nc,True,True,NOT_HASHED
H:\葵花202303_202510\202407\06\NC_H09_20240706_2130_R21_FLDK.06001_06001.nc,True,True,NOT_HASHED
H:\葵花202303_202510\202407\06\NC_H09_20240706_2140_R21_FLDK.06001_06001.nc,True,True,NOT_HASHED
H:\葵花202303_202510\202407\06\NC_H09_20240706_2150_R21_FLDK.06001_06001.nc,True,True,NOT_HASHED
H:\葵花202303_202510\202407\06\NC_H09_20240706_2200_R21_FLDK.06001_06001.nc,True,True,NOT_HASHED
H:\葵花202303_202510\202407\06\NC_H09_20240706_2210_R21_FLDK.06001_06001.nc,True,True,NOT_HASHED
H:\葵花202303_202510\202407\06\NC_H09_20240706_2220_R21_FLDK.06001_06001.nc,True,True,NOT_HASHED
H:\葵花202303_202510\202407\06\NC_H09_20240706_2230_R21_FLDK.06001_06001.nc,True,True,NOT_HASHED
H:\葵花202303_202510\202407\06\NC_H09_20240706_2240_R21_FLDK.06001_06001.nc,True,True,NOT_HASHED
H:\葵花202303_202510\202407\06\NC_H09_20240706_2250_R21_FLDK.06001_06001.nc,True,True,NOT_HASHED
H:\葵花202303_202510\202407\06\NC_H09_20240706_2300_R21_FLDK.06001_06001.nc,True,True,NOT_HASHED
H:\葵花202303_202510\202407\06\NC_H09_20240706_2310_R21_FLDK.06001_06001.nc,True,True,NOT_HASHED
H:\葵花202303_202510\202407\06\NC_H09_20240706_2320_R21_FLDK.06001_06001.nc,True,True,NOT_HASHED
H:\葵花202303_202510\202407\06\NC_H09_20240706_2330_R21_FLDK.06001_06001.nc,True,True,NOT_HASHED
H:\葵花202303_202510\202407\06\NC_H09_20240706_2340_R21_FLDK.06001_06001.nc,True,True,NOT_HASHED
H:\葵花202303_202510\202407\06\NC_H09_20240706_2350_R21_FLDK.06001_06001.nc,True,True,NOT_HASHED
H:\葵花202303_202510\202407\07\NC_H09_20240707_0000_R21_FLDK.06001_06001.nc,True,True,NOT_HASHED
H:\葵花202303_202510\202407\07\NC_H09_20240707_0010_R21_FLDK.06001_06001.nc,True,True,NOT_HASHED
H:\葵花202303_202510\202407\07\NC_H09_20240707_0020_R21_FLDK.06001_06001.nc,True,True,NOT_HASHED
H:\葵花202303_202510\202407\07\NC_H09_20240707_0030_R21_FLDK.06001_06001.nc,True,True,NOT_HASHED
H:\葵花202303_202510\202407\07\NC_H09_20240707_0040_R21_FLDK.06001_06001.nc,True,True,NOT_HASHED
H:\葵花202303_202510\202407\07\NC_H09_20240707_0050_R21_FLDK.06001_06001.nc,True,True,NOT_HASHED
H:\葵花202303_202510\202407\07\NC_H09_20240707_0100_R21_FLDK.06001_06001.nc,True,True,NOT_HASHED
H:\葵花202303_202510\202407\07\NC_H09_20240707_0110_R21_FLDK.06001_06001.nc,True,True,NOT_HASHED
H:\葵花202303_202510\202407\07\NC_H09_20240707_0120_R21_FLDK.06001_06001.nc,True,True,NOT_HASHED
H:\葵花202303_202510\202407\07\NC_H09_20240707_0130_R21_FLDK.06001_06001.nc,True,True,NOT_HASHED
H:\葵花202303_202510\202407\07\NC_H09_20240707_0140_R21_FLDK.06001_06001.nc,True,True,NOT_HASHED
H:\葵花202303_202510\202407\07\NC_H09_20240707_0150_R21_FLDK.06001_06001.nc,True,True,NOT_HASHED
H:\葵花202303_202510\202407\07\NC_H09_20240707_0200_R21_FLDK.06001_06001.nc,True,True,NOT_HASHED
H:\葵花202303_202510\202407\07\NC_H09_20240707_0210_R21_FLDK.06001_06001.nc,True,True,NOT_HASHED
H:\葵花202303_202510\202407\07\NC_H09_20240707_0220_R21_FLDK.06001_06001.nc,True,True,NOT_HASHED
H:\葵花202303_202510\202407\07\NC_H09_20240707_0230_R21_FLDK.06001_06001.nc,True,True,NOT_HASHED
H:\葵花202303_202510\202407\07\NC_H09_20240707_0250_R21_FLDK.06001_06001.nc,True,True,NOT_HASHED
H:\葵花202303_202510\202407\07\NC_H09_20240707_0300_R21_FLDK.06001_06001.nc,True,True,NOT_HASHED
H:\葵花202303_202510\202407\07\NC_H09_20240707_0310_R21_FLDK.06001_06001.nc,True,True,NOT_HASHED
H:\葵花202303_202510\202407\07\NC_H09_20240707_0320_R21_FLDK.06001_06001.nc,True,True,NOT_HASHED
H:\葵花202303_202510\202407\07\NC_H09_20240707_0330_R21_FLDK.06001_06001.nc,True,True,NOT_HASHED
H:\葵花202303_202510\202407\07\NC_H09_20240707_0340_R21_FLDK.06001_06001.nc,True,True,NOT_HASHED
H:\葵花202303_202510\202407\07\NC_H09_20240707_0350_R21_FLDK.06001_06001.nc,True,True,NOT_HASHED
H:\葵花202303_202510\202407\07\NC_H09_20240707_0400_R21_FLDK.06001_06001.nc,True,True,NOT_HASHED
H:\葵花202303_202510\202407\07\NC_H09_20240707_0410_R21_FLDK.06001_06001.nc,True,True,NOT_HASHED
H:\葵花202303_202510\202407\07\NC_H09_20240707_0420_R21_FLDK.06001_06001.nc,True,True,NOT_HASHED
H:\葵花202303_202510\202407\07\NC_H09_20240707_0430_R21_FLDK.06001_06001.nc,True,True,NOT_HASHED
H:\葵花202303_202510\202407\07\NC_H09_20240707_0440_R21_FLDK.06001_06001.nc,True,True,NOT_HASHED
H:\葵花202303_202510\202407\07\NC_H09_20240707_0450_R21_FLDK.06001_06001.nc,True,True,NOT_HASHED
H:\葵花202303_202510\202407\07\NC_H09_20240707_0500_R21_FLDK.06001_06001.nc,True,True,NOT_HASHED
H:\葵花202303_202510\202407\07\NC_H09_20240707_0510_R21_FLDK.06001_06001.nc,True,True,NOT_HASHED
H:\葵花202303_202510\202407\07\NC_H09_20240707_0520_R21_FLDK.06001_06001.nc,True,True,NOT_HASHED
H:\葵花202303_202510\202407\07\NC_H09_20240707_0530_R21_FLDK.06001_06001.nc,True,True,NOT_HASHED
H:\葵花202303_202510\202407\07\NC_H09_20240707_0540_R21_FLDK.06001_06001.nc,True,True,NOT_HASHED
H:\葵花202303_202510\202407\07\NC_H09_20240707_0550_R21_FLDK.06001_06001.nc,True,True,NOT_HASHED
H:\葵花202303_202510\202407\07\NC_H09_20240707_0600_R21_FLDK.06001_06001.nc,True,True,NOT_HASHED
H:\葵花202303_202510\202407\07\NC_H09_20240707_0610_R21_FLDK.06001_06001.nc,True,True,NOT_HASHED
H:\葵花202303_202510\202407\07\NC_H09_20240707_0620_R21_FLDK.06001_06001.nc,True,True,NOT_HASHED
H:\葵花202303_202510\202407\07\NC_H09_20240707_0630_R21_FLDK.06001_06001.nc,True,True,NOT_HASHED
H:\葵花202303_202510\202407\07\NC_H09_20240707_0640_R21_FLDK.06001_06001.nc,True,True,NOT_HASHED
H:\葵花202303_202510\202407\07\NC_H09_20240707_0650_R21_FLDK.06001_06001.nc,True,True,NOT_HASHED
H:\葵花202303_202510\202407\07\NC_H09_20240707_0700_R21_FLDK.06001_06001.nc,True,True,NOT_HASHED
H:\葵花202303_202510\202407\07\NC_H09_20240707_0710_R21_FLDK.06001_06001.nc,True,True,NOT_HASHED
H:\葵花202303_202510\202407\07\NC_H09_20240707_0720_R21_FLDK.06001_06001.nc,True,True,NOT_HASHED
H:\葵花202303_202510\202407\07\NC_H09_20240707_0730_R21_FLDK.06001_06001.nc,True,True,NOT_HASHED
H:\葵花202303_202510\202407\07\NC_H09_20240707_0740_R21_FLDK.06001_06001.nc,True,True,NOT_HASHED
H:\葵花202303_202510\202407\07\NC_H09_20240707_0750_R21_FLDK.06001_06001.nc,True,True,NOT_HASHED
H:\葵花202303_202510\202407\07\NC_H09_20240707_0800_R21_FLDK.06001_06001.nc,True,True,NOT_HASHED
H:\葵花202303_202510\202407\07\NC_H09_20240707_0810_R21_FLDK.06001_06001.nc,True,True,NOT_HASHED
H:\葵花202303_202510\202407\07\NC_H09_20240707_0820_R21_FLDK.06001_06001.nc,True,True,NOT_HASHED
H:\葵花202303_202510\202407\07\NC_H09_20240707_0830_R21_FLDK.06001_06001.nc,True,True,NOT_HASHED
H:\葵花202303_202510\202407\07\NC_H09_20240707_0840_R21_FLDK.06001_06001.nc,True,True,NOT_HASHED
H:\葵花202303_202510\202407\07\NC_H09_20240707_0850_R21_FLDK.06001_06001.nc,True,True,NOT_HASHED
H:\葵花202303_202510\202407\07\NC_H09_20240707_0900_R21_FLDK.06001_06001.nc,True,True,NOT_HASHED
H:\葵花202303_202510\202407\07\NC_H09_20240707_0910_R21_FLDK.06001_06001.nc,True,True,NOT_HASHED
H:\葵花202303_202510\202407\07\NC_H09_20240707_0920_R21_FLDK.06001_06001.nc,True,True,NOT_HASHED
H:\葵花202303_202510\202407\07\NC_H09_20240707_0930_R21_FLDK.06001_06001.nc,True,True,NOT_HASHED
H:\葵花202303_202510\202407\07\NC_H09_20240707_0940_R21_FLDK.06001_06001.nc,True,True,NOT_HASHED
H:\葵花202303_202510\202407\07\NC_H09_20240707_0950_R21_FLDK.06001_06001.nc,True,True,NOT_HASHED
H:\葵花202303_202510\202407\07\NC_H09_20240707_1000_R21_FLDK.06001_06001.nc,True,True,NOT_HASHED
H:\葵花202303_202510\202407\07\NC_H09_20240707_1010_R21_FLDK.06001_06001.nc,True,True,NOT_HASHED
H:\葵花202303_202510\202407\07\NC_H09_20240707_1020_R21_FLDK.06001_06001.nc,True,True,NOT_HASHED
H:\葵花202303_202510\202407\07\NC_H09_20240707_1030_R21_FLDK.06001_06001.nc,True,True,NOT_HASHED
H:\葵花202303_202510\202407\07\NC_H09_20240707_1040_R21_FLDK.06001_06001.nc,True,True,NOT_HASHED
H:\葵花202303_202510\202407\07\NC_H09_20240707_1050_R21_FLDK.06001_06001.nc,True,True,NOT_HASHED
H:\葵花202303_202510\202407\07\NC_H09_20240707_1100_R21_FLDK.06001_06001.nc,True,True,NOT_HASHED
H:\葵花202303_202510\202407\07\NC_H09_20240707_1110_R21_FLDK.06001_06001.nc,True,True,NOT_HASHED
H:\葵花202303_202510\202407\07\NC_H09_20240707_1120_R21_FLDK.06001_06001.nc,True,True,NOT_HASHED
H:\葵花202303_202510\202407\07\NC_H09_20240707_1130_R21_FLDK.06001_06001.nc,True,True,NOT_HASHED
H:\葵花202303_202510\202407\07\NC_H09_20240707_1140_R21_FLDK.06001_06001.nc,True,True,NOT_HASHED
H:\葵花202303_202510\202407\07\NC_H09_20240707_1150_R21_FLDK.06001_06001.nc,True,True,NOT_HASHED
H:\葵花202303_202510\202407\07\NC_H09_20240707_1200_R21_FLDK.06001_06001.nc,True,True,NOT_HASHED
H:\葵花202303_202510\202407\07\NC_H09_20240707_1210_R21_FLDK.06001_06001.nc,True,True,NOT_HASHED
H:\葵花202303_202510\202407\07\NC_H09_20240707_1220_R21_FLDK.06001_06001.nc,True,True,NOT_HASHED
H:\葵花202303_202510\202407\07\NC_H09_20240707_1230_R21_FLDK.06001_06001.nc,True,True,NOT_HASHED
H:\葵花202303_202510\202407\07\NC_H09_20240707_1240_R21_FLDK.06001_06001.nc,True,True,NOT_HASHED
H:\葵花202303_202510\202407\07\NC_H09_20240707_1250_R21_FLDK.06001_06001.nc,True,True,NOT_HASHED
H:\葵花202303_202510\202407\07\NC_H09_20240707_1300_R21_FLDK.06001_06001.nc,True,True,NOT_HASHED
H:\葵花202303_202510\202407\07\NC_H09_20240707_1310_R21_FLDK.06001_06001.nc,True,True,NOT_HASHED
H:\葵花202303_202510\202407\07\NC_H09_20240707_1320_R21_FLDK.06001_06001.nc,True,True,NOT_HASHED
H:\葵花202303_202510\202407\07\NC_H09_20240707_1330_R21_FLDK.06001_06001.nc,True,True,NOT_HASHED
H:\葵花202303_202510\202407\07\NC_H09_20240707_1340_R21_FLDK.06001_06001.nc,True,True,NOT_HASHED
H:\葵花202303_202510\202407\07\NC_H09_20240707_1350_R21_FLDK.06001_06001.nc,True,True,NOT_HASHED
H:\葵花202303_202510\202407\07\NC_H09_20240707_1400_R21_FLDK.06001_06001.nc,True,True,NOT_HASHED
H:\葵花202303_202510\202407\07\NC_H09_20240707_1410_R21_FLDK.06001_06001.nc,True,True,NOT_HASHED
H:\葵花202303_202510\202407\07\NC_H09_20240707_1420_R21_FLDK.06001_06001.nc,True,True,NOT_HASHED
H:\葵花202303_202510\202407\07\NC_H09_20240707_1430_R21_FLDK.06001_06001.nc,True,True,NOT_HASHED
H:\葵花202303_202510\202407\07\NC_H09_20240707_1450_R21_FLDK.06001_06001.nc,True,True,NOT_HASHED
H:\葵花202303_202510\202407\07\NC_H09_20240707_1500_R21_FLDK.06001_06001.nc,True,True,NOT_HASHED
H:\葵花202303_202510\202407\07\NC_H09_20240707_1510_R21_FLDK.06001_06001.nc,True,True,NOT_HASHED
H:\葵花202303_202510\202407\07\NC_H09_20240707_1520_R21_FLDK.06001_06001.nc,True,True,NOT_HASHED
H:\葵花202303_202510\202407\07\NC_H09_20240707_1530_R21_FLDK.06001_06001.nc,True,True,NOT_HASHED
H:\葵花202303_202510\202407\07\NC_H09_20240707_1540_R21_FLDK.06001_06001.nc,True,True,NOT_HASHED
H:\葵花202303_202510\202407\07\NC_H09_20240707_1550_R21_FLDK.06001_06001.nc,True,True,NOT_HASHED
H:\葵花202303_202510\202407\07\NC_H09_20240707_1600_R21_FLDK.06001_06001.nc,True,True,NOT_HASHED
H:\葵花202303_202510\202407\07\NC_H09_20240707_1610_R21_FLDK.06001_06001.nc,True,True,NOT_HASHED
H:\葵花202303_202510\202407\07\NC_H09_20240707_1620_R21_FLDK.06001_06001.nc,True,True,NOT_HASHED
H:\葵花202303_202510\202407\07\NC_H09_20240707_1630_R21_FLDK.06001_06001.nc,True,True,NOT_HASHED
H:\葵花202303_202510\202407\07\NC_H09_20240707_1640_R21_FLDK.06001_06001.nc,True,True,NOT_HASHED
H:\葵花202303_202510\202407\07\NC_H09_20240707_1650_R21_FLDK.06001_06001.nc,True,True,NOT_HASHED
H:\葵花202303_202510\202407\07\NC_H09_20240707_1700_R21_FLDK.06001_06001.nc,True,True,NOT_HASHED
H:\葵花202303_202510\202407\07\NC_H09_20240707_1710_R21_FLDK.06001_06001.nc,True,True,NOT_HASHED
H:\葵花202303_202510\202407\07\NC_H09_20240707_1720_R21_FLDK.06001_06001.nc,True,True,NOT_HASHED
H:\葵花202303_202510\202407\07\NC_H09_20240707_1730_R21_FLDK.06001_06001.nc,True,True,NOT_HASHED
H:\葵花202303_202510\202407\07\NC_H09_20240707_1740_R21_FLDK.06001_06001.nc,True,True,NOT_HASHED
H:\葵花202303_202510\202407\07\NC_H09_20240707_1750_R21_FLDK.06001_06001.nc,True,True,NOT_HASHED
H:\葵花202303_202510\202407\07\NC_H09_20240707_1800_R21_FLDK.06001_06001.nc,True,True,NOT_HASHED
H:\葵花202303_202510\202407\07\NC_H09_20240707_1810_R21_FLDK.06001_06001.nc,True,True,NOT_HASHED
H:\葵花202303_202510\202407\07\NC_H09_20240707_1820_R21_FLDK.06001_06001.nc,True,True,NOT_HASHED
H:\葵花202303_202510\202407\07\NC_H09_20240707_1830_R21_FLDK.06001_06001.nc,True,True,NOT_HASHED
H:\葵花202303_202510\202407\07\NC_H09_20240707_1840_R21_FLDK.06001_06001.nc,True,True,NOT_HASHED
H:\葵花202303_202510\202407\07\NC_H09_20240707_1850_R21_FLDK.06001_06001.nc,True,True,NOT_HASHED
H:\葵花202303_202510\202407\07\NC_H09_20240707_1900_R21_FLDK.06001_06001.nc,True,True,NOT_HASHED
H:\葵花202303_202510\202407\07\NC_H09_20240707_1910_R21_FLDK.06001_06001.nc,True,True,NOT_HASHED
H:\葵花202303_202510\202407\07\NC_H09_20240707_1920_R21_FLDK.06001_06001.nc,True,True,NOT_HASHED
H:\葵花202303_202510\202407\07\NC_H09_20240707_1930_R21_FLDK.06001_06001.nc,True,True,NOT_HASHED
H:\葵花202303_202510\202407\07\NC_H09_20240707_1940_R21_FLDK.06001_06001.nc,True,True,NOT_HASHED
H:\葵花202303_202510\202407\07\NC_H09_20240707_1950_R21_FLDK.06001_06001.nc,True,True,NOT_HASHED
H:\葵花202303_202510\202407\07\NC_H09_20240707_2000_R21_FLDK.06001_06001.nc,True,True,NOT_HASHED
H:\葵花202303_202510\202407\07\NC_H09_20240707_2010_R21_FLDK.06001_06001.nc,True,True,NOT_HASHED
H:\葵花202303_202510\202407\07\NC_H09_20240707_2020_R21_FLDK.06001_06001.nc,True,True,NOT_HASHED
H:\葵花202303_202510\202407\07\NC_H09_20240707_2030_R21_FLDK.06001_06001.nc,True,True,NOT_HASHED
H:\葵花202303_202510\202407\07\NC_H09_20240707_2050_R21_FLDK.06001_06001.nc,True,True,NOT_HASHED
H:\葵花202303_202510\202407\07\NC_H09_20240707_2100_R21_FLDK.06001_06001.nc,True,True,NOT_HASHED
H:\葵花202303_202510\202407\07\NC_H09_20240707_2110_R21_FLDK.06001_06001.nc,True,True,NOT_HASHED
H:\葵花202303_202510\202407\07\NC_H09_20240707_2120_R21_FLDK.06001_06001.nc,True,True,NOT_HASHED
H:\葵花202303_202510\202407\07\NC_H09_20240707_2130_R21_FLDK.06001_06001.nc,True,True,NOT_HASHED
H:\葵花202303_202510\202407\07\NC_H09_20240707_2140_R21_FLDK.06001_06001.nc,True,True,NOT_HASHED
H:\葵花202303_202510\202407\07\NC_H09_20240707_2150_R21_FLDK.06001_06001.nc,True,True,NOT_HASHED
H:\葵花202303_202510\202407\07\NC_H09_20240707_2200_R21_FLDK.06001_06001.nc,True,True,NOT_HASHED
H:\葵花202303_202510\202407\07\NC_H09_20240707_2210_R21_FLDK.06001_06001.nc,True,True,NOT_HASHED
H:\葵花202303_202510\202407\07\NC_H09_20240707_2220_R21_FLDK.06001_06001.nc,True,True,NOT_HASHED
H:\葵花202303_202510\202407\07\NC_H09_20240707_2230_R21_FLDK.06001_06001.nc,True,True,NOT_HASHED
H:\葵花202303_202510\202407\07\NC_H09_20240707_2240_R21_FLDK.06001_06001.nc,True,True,NOT_HASHED
H:\葵花202303_202510\202407\07\NC_H09_20240707_2250_R21_FLDK.06001_06001.nc,True,True,NOT_HASHED
H:\葵花202303_202510\202407\07\NC_H09_20240707_2300_R21_FLDK.06001_06001.nc,True,True,NOT_HASHED
H:\葵花202303_202510\202407\07\NC_H09_20240707_2310_R21_FLDK.06001_06001.nc,True,True,NOT_HASHED
H:\葵花202303_202510\202407\07\NC_H09_20240707_2320_R21_FLDK.06001_06001.nc,True,True,NOT_HASHED
H:\葵花202303_202510\202407\07\NC_H09_20240707_2330_R21_FLDK.06001_06001.nc,True,True,NOT_HASHED
H:\葵花202303_202510\202407\07\NC_H09_20240707_2340_R21_FLDK.06001_06001.nc,True,True,NOT_HASHED
H:\葵花202303_202510\202407\07\NC_H09_20240707_2350_R21_FLDK.06001_06001.nc,True,True,NOT_HASHED
H:\葵花202303_202510\202407\08\NC_H09_20240708_0000_R21_FLDK.06001_06001.nc,True,True,NOT_HASHED
H:\葵花202303_202510\202407\08\NC_H09_20240708_0010_R21_FLDK.06001_06001.nc,True,True,NOT_HASHED
H:\葵花202303_202510\202407\08\NC_H09_20240708_0020_R21_FLDK.06001_06001.nc,True,True,NOT_HASHED
H:\葵花202303_202510\202407\08\NC_H09_20240708_0030_R21_FLDK.06001_06001.nc,True,True,NOT_HASHED
H:\葵花202303_202510\202407\08\NC_H09_20240708_0040_R21_FLDK.06001_06001.nc,True,True,NOT_HASHED
H:\葵花202303_202510\202407\08\NC_H09_20240708_0050_R21_FLDK.06001_06001.nc,True,True,NOT_HASHED
H:\葵花202303_202510\202407\08\NC_H09_20240708_0100_R21_FLDK.06001_06001.nc,True,True,NOT_HASHED
H:\葵花202303_202510\202407\08\NC_H09_20240708_0110_R21_FLDK.06001_06001.nc,True,True,NOT_HASHED
H:\葵花202303_202510\202407\08\NC_H09_20240708_0120_R21_FLDK.06001_06001.nc,True,True,NOT_HASHED
H:\葵花202303_202510\202407\08\NC_H09_20240708_0130_R21_FLDK.06001_06001.nc,True,True,NOT_HASHED
H:\葵花202303_202510\202407\08\NC_H09_20240708_0140_R21_FLDK.06001_06001.nc,True,True,NOT_HASHED
H:\葵花202303_202510\202407\08\NC_H09_20240708_0150_R21_FLDK.06001_06001.nc,True,True,NOT_HASHED
H:\葵花202303_202510\202407\08\NC_H09_20240708_0200_R21_FLDK.06001_06001.nc,True,True,NOT_HASHED
H:\葵花202303_202510\202407\08\NC_H09_20240708_0210_R21_FLDK.06001_06001.nc,True,True,NOT_HASHED
H:\葵花202303_202510\202407\08\NC_H09_20240708_0220_R21_FLDK.06001_06001.nc,True,True,NOT_HASHED
H:\葵花202303_202510\202407\08\NC_H09_20240708_0230_R21_FLDK.06001_06001.nc,True,True,NOT_HASHED
H:\葵花202303_202510\202407\08\NC_H09_20240708_0250_R21_FLDK.06001_06001.nc,True,True,NOT_HASHED
H:\葵花202303_202510\202407\08\NC_H09_20240708_0300_R21_FLDK.06001_06001.nc,True,True,NOT_HASHED
H:\葵花202303_202510\202407\08\NC_H09_20240708_0310_R21_FLDK.06001_06001.nc,True,True,NOT_HASHED
H:\葵花202303_202510\202407\08\NC_H09_20240708_0320_R21_FLDK.06001_06001.nc,True,True,NOT_HASHED
H:\葵花202303_202510\202407\08\NC_H09_20240708_0330_R21_FLDK.06001_06001.nc,True,True,NOT_HASHED
H:\葵花202303_202510\202407\08\NC_H09_20240708_0340_R21_FLDK.06001_06001.nc,True,True,NOT_HASHED
H:\葵花202303_202510\202407\08\NC_H09_20240708_0350_R21_FLDK.06001_06001.nc,True,True,NOT_HASHED
H:\葵花202303_202510\202407\08\NC_H09_20240708_0400_R21_FLDK.06001_06001.nc,True,True,NOT_HASHED
H:\葵花202303_202510\202407\08\NC_H09_20240708_0410_R21_FLDK.06001_06001.nc,True,True,NOT_HASHED
H:\葵花202303_202510\202407\08\NC_H09_20240708_0420_R21_FLDK.06001_06001.nc,True,True,NOT_HASHED
H:\葵花202303_202510\202407\08\NC_H09_20240708_0430_R21_FLDK.06001_06001.nc,True,True,NOT_HASHED
H:\葵花202303_202510\202407\08\NC_H09_20240708_0440_R21_FLDK.06001_06001.nc,True,True,NOT_HASHED
H:\葵花202303_202510\202407\08\NC_H09_20240708_0450_R21_FLDK.06001_06001.nc,True,True,NOT_HASHED
H:\葵花202303_202510\202407\08\NC_H09_20240708_0500_R21_FLDK.06001_06001.nc,True,True,NOT_HASHED
H:\葵花202303_202510\202407\08\NC_H09_20240708_0510_R21_FLDK.06001_06001.nc,True,True,NOT_HASHED
H:\葵花202303_202510\202407\08\NC_H09_20240708_0520_R21_FLDK.06001_06001.nc,True,True,NOT_HASHED
H:\葵花202303_202510\202407\08\NC_H09_20240708_0530_R21_FLDK.06001_06001.nc,True,True,NOT_HASHED
H:\葵花202303_202510\202407\08\NC_H09_20240708_0540_R21_FLDK.06001_06001.nc,True,True,NOT_HASHED
H:\葵花202303_202510\202407\08\NC_H09_20240708_0550_R21_FLDK.06001_06001.nc,True,True,NOT_HASHED
H:\葵花202303_202510\202407\08\NC_H09_20240708_0600_R21_FLDK.06001_06001.nc,True,True,NOT_HASHED
H:\葵花202303_202510\202407\08\NC_H09_20240708_0610_R21_FLDK.06001_06001.nc,True,True,NOT_HASHED
H:\葵花202303_202510\202407\08\NC_H09_20240708_0620_R21_FLDK.06001_06001.nc,True,True,NOT_HASHED
H:\葵花202303_202510\202407\08\NC_H09_20240708_0630_R21_FLDK.06001_06001.nc,True,True,NOT_HASHED
H:\葵花202303_202510\202407\08\NC_H09_20240708_0640_R21_FLDK.06001_06001.nc,True,True,NOT_HASHED
H:\葵花202303_202510\202407\08\NC_H09_20240708_0650_R21_FLDK.06001_06001.nc,True,True,NOT_HASHED
H:\葵花202303_202510\202407\08\NC_H09_20240708_0700_R21_FLDK.06001_06001.nc,True,True,NOT_HASHED
H:\葵花202303_202510\202407\08\NC_H09_20240708_0710_R21_FLDK.06001_06001.nc,True,True,NOT_HASHED
H:\葵花202303_202510\202407\08\NC_H09_20240708_0720_R21_FLDK.06001_06001.nc,True,True,NOT_HASHED
H:\葵花202303_202510\202407\08\NC_H09_20240708_0730_R21_FLDK.06001_06001.nc,True,True,NOT_HASHED
H:\葵花202303_202510\202407\08\NC_H09_20240708_0740_R21_FLDK.06001_06001.nc,True,True,NOT_HASHED
H:\葵花202303_202510\202407\08\NC_H09_20240708_0750_R21_FLDK.06001_06001.nc,True,True,NOT_HASHED
H:\葵花202303_202510\202407\08\NC_H09_20240708_0800_R21_FLDK.06001_06001.nc,True,True,NOT_HASHED
H:\葵花202303_202510\202407\08\NC_H09_20240708_0810_R21_FLDK.06001_06001.nc,True,True,NOT_HASHED
H:\葵花202303_202510\202407\08\NC_H09_20240708_0820_R21_FLDK.06001_06001.nc,True,True,NOT_HASHED
H:\葵花202303_202510\202407\08\NC_H09_20240708_0830_R21_FLDK.06001_06001.nc,True,True,NOT_HASHED
H:\葵花202303_202510\202407\08\NC_H09_20240708_0840_R21_FLDK.06001_06001.nc,True,True,NOT_HASHED
H:\葵花202303_202510\202407\08\NC_H09_20240708_0850_R21_FLDK.06001_06001.nc,True,True,NOT_HASHED
H:\葵花202303_202510\202407\08\NC_H09_20240708_0900_R21_FLDK.06001_06001.nc,True,True,NOT_HASHED
H:\葵花202303_202510\202407\08\NC_H09_20240708_0910_R21_FLDK.06001_06001.nc,True,True,NOT_HASHED
H:\葵花202303_202510\202407\08\NC_H09_20240708_0920_R21_FLDK.06001_06001.nc,True,True,NOT_HASHED
H:\葵花202303_202510\202407\08\NC_H09_20240708_0930_R21_FLDK.06001_06001.nc,True,True,NOT_HASHED
H:\葵花202303_202510\202407\08\NC_H09_20240708_0940_R21_FLDK.06001_06001.nc,True,True,NOT_HASHED
H:\葵花202303_202510\202407\08\NC_H09_20240708_0950_R21_FLDK.06001_06001.nc,True,True,NOT_HASHED
H:\葵花202303_202510\202407\08\NC_H09_20240708_1000_R21_FLDK.06001_06001.nc,True,True,NOT_HASHED
H:\葵花202303_202510\202407\08\NC_H09_20240708_1010_R21_FLDK.06001_06001.nc,True,True,NOT_HASHED
H:\葵花202303_202510\202407\08\NC_H09_20240708_1020_R21_FLDK.06001_06001.nc,True,True,NOT_HASHED
H:\葵花202303_202510\202407\08\NC_H09_20240708_1030_R21_FLDK.06001_06001.nc,True,True,NOT_HASHED
H:\葵花202303_202510\202407\08\NC_H09_20240708_1040_R21_FLDK.06001_06001.nc,True,True,NOT_HASHED
H:\葵花202303_202510\202407\08\NC_H09_20240708_1050_R21_FLDK.06001_06001.nc,True,True,NOT_HASHED
H:\葵花202303_202510\202407\08\NC_H09_20240708_1100_R21_FLDK.06001_06001.nc,True,True,NOT_HASHED
H:\葵花202303_202510\202407\08\NC_H09_20240708_1110_R21_FLDK.06001_06001.nc,True,True,NOT_HASHED
H:\葵花202303_202510\202407\08\NC_H09_20240708_1120_R21_FLDK.06001_06001.nc,True,True,NOT_HASHED
H:\葵花202303_202510\202407\08\NC_H09_20240708_1130_R21_FLDK.06001_06001.nc,True,True,NOT_HASHED
H:\葵花202303_202510\202407\08\NC_H09_20240708_1140_R21_FLDK.06001_06001.nc,True,True,NOT_HASHED
H:\葵花202303_202510\202407\08\NC_H09_20240708_1150_R21_FLDK.06001_06001.nc,True,True,NOT_HASHED
H:\葵花202303_202510\202407\08\NC_H09_20240708_1200_R21_FLDK.06001_06001.nc,True,True,NOT_HASHED
H:\葵花202303_202510\202407\08\NC_H09_20240708_1210_R21_FLDK.06001_06001.nc,True,True,NOT_HASHED
H:\葵花202303_202510\202407\08\NC_H09_20240708_1220_R21_FLDK.06001_06001.nc,True,True,NOT_HASHED
H:\葵花202303_202510\202407\08\NC_H09_20240708_1230_R21_FLDK.06001_06001.nc,True,True,NOT_HASHED
H:\葵花202303_202510\202407\08\NC_H09_20240708_1240_R21_FLDK.06001_06001.nc,True,True,NOT_HASHED
H:\葵花202303_202510\202407\08\NC_H09_20240708_1250_R21_FLDK.06001_06001.nc,True,True,NOT_HASHED
H:\葵花202303_202510\202407\08\NC_H09_20240708_1300_R21_FLDK.06001_06001.nc,True,True,NOT_HASHED
H:\葵花202303_202510\202407\08\NC_H09_20240708_1310_R21_FLDK.06001_06001.nc,True,True,NOT_HASHED
H:\葵花202303_202510\202407\08\NC_H09_20240708_1320_R21_FLDK.06001_06001.nc,True,True,NOT_HASHED
H:\葵花202303_202510\202407\08\NC_H09_20240708_1330_R21_FLDK.06001_06001.nc,True,True,NOT_HASHED
H:\葵花202303_202510\202407\08\NC_H09_20240708_1340_R21_FLDK.06001_06001.nc,True,True,NOT_HASHED
H:\葵花202303_202510\202407\08\NC_H09_20240708_1350_R21_FLDK.06001_06001.nc,True,True,NOT_HASHED
H:\葵花202303_202510\202407\08\NC_H09_20240708_1400_R21_FLDK.06001_06001.nc,True,True,NOT_HASHED
H:\葵花202303_202510\202407\08\NC_H09_20240708_1410_R21_FLDK.06001_06001.nc,True,True,NOT_HASHED
H:\葵花202303_202510\202407\08\NC_H09_20240708_1420_R21_FLDK.06001_06001.nc,True,True,NOT_HASHED
H:\葵花202303_202510\202407\08\NC_H09_20240708_1430_R21_FLDK.06001_06001.nc,True,True,NOT_HASHED
H:\葵花202303_202510\202407\08\NC_H09_20240708_1450_R21_FLDK.06001_06001.nc,True,True,NOT_HASHED
H:\葵花202303_202510\202407\08\NC_H09_20240708_1500_R21_FLDK.06001_06001.nc,True,True,NOT_HASHED
H:\葵花202303_202510\202407\08\NC_H09_20240708_1510_R21_FLDK.06001_06001.nc,True,True,NOT_HASHED
H:\葵花202303_202510\202407\08\NC_H09_20240708_1520_R21_FLDK.06001_06001.nc,True,True,NOT_HASHED
H:\葵花202303_202510\202407\08\NC_H09_20240708_1530_R21_FLDK.06001_06001.nc,True,True,NOT_HASHED
H:\葵花202303_202510\202407\08\NC_H09_20240708_1540_R21_FLDK.06001_06001.nc,True,True,NOT_HASHED
H:\葵花202303_202510\202407\08\NC_H09_20240708_1550_R21_FLDK.06001_06001.nc,True,True,NOT_HASHED
H:\葵花202303_202510\202407\08\NC_H09_20240708_1600_R21_FLDK.06001_06001.nc,True,True,NOT_HASHED
H:\葵花202303_202510\202407\08\NC_H09_20240708_1610_R21_FLDK.06001_06001.nc,True,True,NOT_HASHED
H:\葵花202303_202510\202407\08\NC_H09_20240708_1620_R21_FLDK.06001_06001.nc,True,True,NOT_HASHED
H:\葵花202303_202510\202407\08\NC_H09_20240708_1630_R21_FLDK.06001_06001.nc,True,True,NOT_HASHED
H:\葵花202303_202510\202407\08\NC_H09_20240708_1640_R21_FLDK.06001_06001.nc,True,True,NOT_HASHED
H:\葵花202303_202510\202407\08\NC_H09_20240708_1650_R21_FLDK.06001_06001.nc,True,True,NOT_HASHED
H:\葵花202303_202510\202407\08\NC_H09_20240708_1700_R21_FLDK.06001_06001.nc,True,True,NOT_HASHED
H:\葵花202303_202510\202407\08\NC_H09_20240708_1710_R21_FLDK.06001_06001.nc,True,True,NOT_HASHED
H:\葵花202303_202510\202407\08\NC_H09_20240708_1720_R21_FLDK.06001_06001.nc,True,True,NOT_HASHED
H:\葵花202303_202510\202407\08\NC_H09_20240708_1730_R21_FLDK.06001_06001.nc,True,True,NOT_HASHED
H:\葵花202303_202510\202407\08\NC_H09_20240708_1740_R21_FLDK.06001_06001.nc,True,True,NOT_HASHED
H:\葵花202303_202510\202407\08\NC_H09_20240708_1750_R21_FLDK.06001_06001.nc,True,True,NOT_HASHED
H:\葵花202303_202510\202407\08\NC_H09_20240708_1800_R21_FLDK.06001_06001.nc,True,True,NOT_HASHED
H:\葵花202303_202510\202407\08\NC_H09_20240708_1810_R21_FLDK.06001_06001.nc,True,True,True
H:\葵花202303_202510\202407\08\NC_H09_20240708_1820_R21_FLDK.06001_06001.nc,True,True,NOT_HASHED
H:\葵花202303_202510\202407\08\NC_H09_20240708_1830_R21_FLDK.06001_06001.nc,True,True,NOT_HASHED
H:\葵花202303_202510\202407\08\NC_H09_20240708_1840_R21_FLDK.06001_06001.nc,True,True,NOT_HASHED
H:\葵花202303_202510\202407\08\NC_H09_20240708_1850_R21_FLDK.06001_06001.nc,True,True,NOT_HASHED
H:\葵花202303_202510\202407\08\NC_H09_20240708_1900_R21_FLDK.06001_06001.nc,True,True,NOT_HASHED
H:\葵花202303_202510\202407\08\NC_H09_20240708_1910_R21_FLDK.06001_06001.nc,True,True,NOT_HASHED
H:\葵花202303_202510\202407\08\NC_H09_20240708_1920_R21_FLDK.06001_06001.nc,True,True,NOT_HASHED
H:\葵花202303_202510\202407\08\NC_H09_20240708_1930_R21_FLDK.06001_06001.nc,True,True,NOT_HASHED
H:\葵花202303_202510\202407\08\NC_H09_20240708_1940_R21_FLDK.06001_06001.nc,True,True,NOT_HASHED
H:\葵花202303_202510\202407\08\NC_H09_20240708_1950_R21_FLDK.06001_06001.nc,True,True,NOT_HASHED
H:\葵花202303_202510\202407\08\NC_H09_20240708_2000_R21_FLDK.06001_06001.nc,True,True,NOT_HASHED
H:\葵花202303_202510\202407\08\NC_H09_20240708_2010_R21_FLDK.06001_06001.nc,True,True,NOT_HASHED
H:\葵花202303_202510\202407\08\NC_H09_20240708_2020_R21_FLDK.06001_06001.nc,True,True,NOT_HASHED
H:\葵花202303_202510\202407\08\NC_H09_20240708_2030_R21_FLDK.06001_06001.nc,True,True,NOT_HASHED
H:\葵花202303_202510\202407\08\NC_H09_20240708_2040_R21_FLDK.06001_06001.nc,True,True,NOT_HASHED
H:\葵花202303_202510\202407\08\NC_H09_20240708_2050_R21_FLDK.06001_06001.nc,True,True,NOT_HASHED
H:\葵花202303_202510\202407\08\NC_H09_20240708_2100_R21_FLDK.06001_06001.nc,True,True,NOT_HASHED
H:\葵花202303_202510\202407\08\NC_H09_20240708_2110_R21_FLDK.06001_06001.nc,True,True,NOT_HASHED
H:\葵花202303_202510\202407\08\NC_H09_20240708_2120_R21_FLDK.06001_06001.nc,True,True,NOT_HASHED
H:\葵花202303_202510\202407\08\NC_H09_20240708_2130_R21_FLDK.06001_06001.nc,True,True,NOT_HASHED
H:\葵花202303_202510\202407\08\NC_H09_20240708_2140_R21_FLDK.06001_06001.nc,True,True,NOT_HASHED
H:\葵花202303_202510\202407\08\NC_H09_20240708_2150_R21_FLDK.06001_06001.nc,True,True,NOT_HASHED
H:\葵花202303_202510\202407\08\NC_H09_20240708_2200_R21_FLDK.06001_06001.nc,True,True,NOT_HASHED
H:\葵花202303_202510\202407\08\NC_H09_20240708_2210_R21_FLDK.06001_06001.nc,True,True,NOT_HASHED
H:\葵花202303_202510\202407\08\NC_H09_20240708_2220_R21_FLDK.06001_06001.nc,True,True,NOT_HASHED
H:\葵花202303_202510\202407\08\NC_H09_20240708_2230_R21_FLDK.06001_06001.nc,True,True,NOT_HASHED
H:\葵花202303_202510\202407\08\NC_H09_20240708_2240_R21_FLDK.06001_06001.nc,True,True,NOT_HASHED
H:\葵花202303_202510\202407\08\NC_H09_20240708_2250_R21_FLDK.06001_06001.nc,True,True,NOT_HASHED
H:\葵花202303_202510\202407\08\NC_H09_20240708_2300_R21_FLDK.06001_06001.nc,True,True,NOT_HASHED
H:\葵花202303_202510\202407\08\NC_H09_20240708_2310_R21_FLDK.06001_06001.nc,True,True,NOT_HASHED
H:\葵花202303_202510\202407\08\NC_H09_20240708_2320_R21_FLDK.06001_06001.nc,True,True,NOT_HASHED
H:\葵花202303_202510\202407\08\NC_H09_20240708_2330_R21_FLDK.06001_06001.nc,True,True,NOT_HASHED
H:\葵花202303_202510\202407\08\NC_H09_20240708_2340_R21_FLDK.06001_06001.nc,True,True,NOT_HASHED
H:\葵花202303_202510\202407\08\NC_H09_20240708_2350_R21_FLDK.06001_06001.nc,True,True,NOT_HASHED
H:\葵花202303_202510\202407\09\NC_H09_20240709_0000_R21_FLDK.06001_06001.nc,True,True,NOT_HASHED
H:\葵花202303_202510\202407\09\NC_H09_20240709_0010_R21_FLDK.06001_06001.nc,True,True,NOT_HASHED
H:\葵花202303_202510\202407\09\NC_H09_20240709_0020_R21_FLDK.06001_06001.nc,True,True,NOT_HASHED
H:\葵花202303_202510\202407\09\NC_H09_20240709_0030_R21_FLDK.06001_06001.nc,True,True,NOT_HASHED
H:\葵花202303_202510\202407\09\NC_H09_20240709_0040_R21_FLDK.06001_06001.nc,True,True,NOT_HASHED
H:\葵花202303_202510\202407\09\NC_H09_20240709_0050_R21_FLDK.06001_06001.nc,True,True,NOT_HASHED
H:\葵花202303_202510\202407\09\NC_H09_20240709_0100_R21_FLDK.06001_06001.nc,True,True,NOT_HASHED
H:\葵花202303_202510\202407\09\NC_H09_20240709_0110_R21_FLDK.06001_06001.nc,True,True,NOT_HASHED
H:\葵花202303_202510\202407\09\NC_H09_20240709_0120_R21_FLDK.06001_06001.nc,True,True,NOT_HASHED
H:\葵花202303_202510\202407\09\NC_H09_20240709_0130_R21_FLDK.06001_06001.nc,True,True,NOT_HASHED
H:\葵花202303_202510\202407\09\NC_H09_20240709_0140_R21_FLDK.06001_06001.nc,True,True,NOT_HASHED
H:\葵花202303_202510\202407\09\NC_H09_20240709_0150_R21_FLDK.06001_06001.nc,True,True,NOT_HASHED
H:\葵花202303_202510\202407\09\NC_H09_20240709_0200_R21_FLDK.06001_06001.nc,True,True,NOT_HASHED
H:\葵花202303_202510\202407\09\NC_H09_20240709_0210_R21_FLDK.06001_06001.nc,True,True,NOT_HASHED
H:\葵花202303_202510\202407\09\NC_H09_20240709_0220_R21_FLDK.06001_06001.nc,True,True,NOT_HASHED
H:\葵花202303_202510\202407\09\NC_H09_20240709_0230_R21_FLDK.06001_06001.nc,True,True,NOT_HASHED
H:\葵花202303_202510\202407\09\NC_H09_20240709_0250_R21_FLDK.06001_06001.nc,True,True,NOT_HASHED
H:\葵花202303_202510\202407\09\NC_H09_20240709_0300_R21_FLDK.06001_06001.nc,True,True,NOT_HASHED
H:\葵花202303_202510\202407\09\NC_H09_20240709_0310_R21_FLDK.06001_06001.nc,True,True,NOT_HASHED
H:\葵花202303_202510\202407\09\NC_H09_20240709_0320_R21_FLDK.06001_06001.nc,True,True,NOT_HASHED
H:\葵花202303_202510\202407\09\NC_H09_20240709_0330_R21_FLDK.06001_06001.nc,True,True,NOT_HASHED
H:\葵花202303_202510\202407\09\NC_H09_20240709_0340_R21_FLDK.06001_06001.nc,True,True,NOT_HASHED
H:\葵花202303_202510\202407\09\NC_H09_20240709_0350_R21_FLDK.06001_06001.nc,True,True,NOT_HASHED
H:\葵花202303_202510\202407\09\NC_H09_20240709_0400_R21_FLDK.06001_06001.nc,True,True,NOT_HASHED
H:\葵花202303_202510\202407\09\NC_H09_20240709_0410_R21_FLDK.06001_06001.nc,True,True,NOT_HASHED
H:\葵花202303_202510\202407\09\NC_H09_20240709_0420_R21_FLDK.06001_06001.nc,True,True,NOT_HASHED
H:\葵花202303_202510\202407\09\NC_H09_20240709_0430_R21_FLDK.06001_06001.nc,True,True,NOT_HASHED
H:\葵花202303_202510\202407\09\NC_H09_20240709_0440_R21_FLDK.06001_06001.nc,True,True,NOT_HASHED
H:\葵花202303_202510\202407\09\NC_H09_20240709_0450_R21_FLDK.06001_06001.nc,True,True,NOT_HASHED
H:\葵花202303_202510\202407\09\NC_H09_20240709_0500_R21_FLDK.06001_06001.nc,True,True,NOT_HASHED
H:\葵花202303_202510\202407\09\NC_H09_20240709_0510_R21_FLDK.06001_06001.nc,True,True,NOT_HASHED
H:\葵花202303_202510\202407\09\NC_H09_20240709_0520_R21_FLDK.06001_06001.nc,True,True,NOT_HASHED
H:\葵花202303_202510\202407\09\NC_H09_20240709_0530_R21_FLDK.06001_06001.nc,True,True,NOT_HASHED
H:\葵花202303_202510\202407\09\NC_H09_20240709_0540_R21_FLDK.06001_06001.nc,True,True,NOT_HASHED
H:\葵花202303_202510\202407\09\NC_H09_20240709_0550_R21_FLDK.06001_06001.nc,True,True,NOT_HASHED
H:\葵花202303_202510\202407\09\NC_H09_20240709_0600_R21_FLDK.06001_06001.nc,True,True,NOT_HASHED
H:\葵花202303_202510\202407\09\NC_H09_20240709_0610_R21_FLDK.06001_06001.nc,True,True,NOT_HASHED
H:\葵花202303_202510\202407\09\NC_H09_20240709_0620_R21_FLDK.06001_06001.nc,True,True,NOT_HASHED
H:\葵花202303_202510\202407\09\NC_H09_20240709_0630_R21_FLDK.06001_06001.nc,True,True,NOT_HASHED
H:\葵花202303_202510\202407\09\NC_H09_20240709_0640_R21_FLDK.06001_06001.nc,True,True,NOT_HASHED
H:\葵花202303_202510\202407\09\NC_H09_20240709_0650_R21_FLDK.06001_06001.nc,True,True,NOT_HASHED
H:\葵花202303_202510\202407\09\NC_H09_20240709_0700_R21_FLDK.06001_06001.nc,True,True,NOT_HASHED
H:\葵花202303_202510\202407\09\NC_H09_20240709_0710_R21_FLDK.06001_06001.nc,True,True,NOT_HASHED
H:\葵花202303_202510\202407\09\NC_H09_20240709_0720_R21_FLDK.06001_06001.nc,True,True,NOT_HASHED
H:\葵花202303_202510\202407\09\NC_H09_20240709_0730_R21_FLDK.06001_06001.nc,True,True,NOT_HASHED
H:\葵花202303_202510\202407\09\NC_H09_20240709_0740_R21_FLDK.06001_06001.nc,True,True,NOT_HASHED
H:\葵花202303_202510\202407\09\NC_H09_20240709_0750_R21_FLDK.06001_06001.nc,True,True,NOT_HASHED
H:\葵花202303_202510\202407\09\NC_H09_20240709_0800_R21_FLDK.06001_06001.nc,True,True,NOT_HASHED
H:\葵花202303_202510\202407\09\NC_H09_20240709_0810_R21_FLDK.06001_06001.nc,True,True,NOT_HASHED
H:\葵花202303_202510\202407\09\NC_H09_20240709_0820_R21_FLDK.06001_06001.nc,True,True,NOT_HASHED
H:\葵花202303_202510\202407\09\NC_H09_20240709_0830_R21_FLDK.06001_06001.nc,True,True,NOT_HASHED
H:\葵花202303_202510\202407\09\NC_H09_20240709_0840_R21_FLDK.06001_06001.nc,True,True,NOT_HASHED
H:\葵花202303_202510\202407\09\NC_H09_20240709_0850_R21_FLDK.06001_06001.nc,True,True,NOT_HASHED
H:\葵花202303_202510\202407\09\NC_H09_20240709_0900_R21_FLDK.06001_06001.nc,True,True,NOT_HASHED
H:\葵花202303_202510\202407\09\NC_H09_20240709_0910_R21_FLDK.06001_06001.nc,True,True,NOT_HASHED
H:\葵花202303_202510\202407\09\NC_H09_20240709_0920_R21_FLDK.06001_06001.nc,True,True,NOT_HASHED
H:\葵花202303_202510\202407\09\NC_H09_20240709_0930_R21_FLDK.06001_06001.nc,True,True,NOT_HASHED
H:\葵花202303_202510\202407\09\NC_H09_20240709_0940_R21_FLDK.06001_06001.nc,True,True,NOT_HASHED
H:\葵花202303_202510\202407\09\NC_H09_20240709_0950_R21_FLDK.06001_06001.nc,True,True,NOT_HASHED
H:\葵花202303_202510\202407\09\NC_H09_20240709_1000_R21_FLDK.06001_06001.nc,True,True,NOT_HASHED
H:\葵花202303_202510\202407\09\NC_H09_20240709_1010_R21_FLDK.06001_06001.nc,True,True,NOT_HASHED
H:\葵花202303_202510\202407\09\NC_H09_20240709_1020_R21_FLDK.06001_06001.nc,True,True,NOT_HASHED
H:\葵花202303_202510\202407\09\NC_H09_20240709_1030_R21_FLDK.06001_06001.nc,True,True,NOT_HASHED
H:\葵花202303_202510\202407\09\NC_H09_20240709_1040_R21_FLDK.06001_06001.nc,True,True,NOT_HASHED
H:\葵花202303_202510\202407\09\NC_H09_20240709_1050_R21_FLDK.06001_06001.nc,True,True,NOT_HASHED
H:\葵花202303_202510\202407\09\NC_H09_20240709_1100_R21_FLDK.06001_06001.nc,True,True,NOT_HASHED
H:\葵花202303_202510\202407\09\NC_H09_20240709_1110_R21_FLDK.06001_06001.nc,True,True,NOT_HASHED
H:\葵花202303_202510\202407\09\NC_H09_20240709_1120_R21_FLDK.06001_06001.nc,True,True,NOT_HASHED
H:\葵花202303_202510\202407\09\NC_H09_20240709_1130_R21_FLDK.06001_06001.nc,True,True,NOT_HASHED
H:\葵花202303_202510\202407\09\NC_H09_20240709_1140_R21_FLDK.06001_06001.nc,True,True,NOT_HASHED
H:\葵花202303_202510\202407\09\NC_H09_20240709_1150_R21_FLDK.06001_06001.nc,True,True,NOT_HASHED
H:\葵花202303_202510\202407\09\NC_H09_20240709_1200_R21_FLDK.06001_06001.nc,True,True,NOT_HASHED
H:\葵花202303_202510\202407\09\NC_H09_20240709_1210_R21_FLDK.06001_06001.nc,True,True,NOT_HASHED
H:\葵花202303_202510\202407\09\NC_H09_20240709_1220_R21_FLDK.06001_06001.nc,True,True,NOT_HASHED
H:\葵花202303_202510\202407\09\NC_H09_20240709_1230_R21_FLDK.06001_06001.nc,True,True,NOT_HASHED
H:\葵花202303_202510\202407\09\NC_H09_20240709_1240_R21_FLDK.06001_06001.nc,True,True,NOT_HASHED
H:\葵花202303_202510\202407\09\NC_H09_20240709_1250_R21_FLDK.06001_06001.nc,True,True,NOT_HASHED
H:\葵花202303_202510\202407\09\NC_H09_20240709_1300_R21_FLDK.06001_06001.nc,True,True,NOT_HASHED
H:\葵花202303_202510\202407\09\NC_H09_20240709_1310_R21_FLDK.06001_06001.nc,True,True,NOT_HASHED
H:\葵花202303_202510\202407\09\NC_H09_20240709_1320_R21_FLDK.06001_06001.nc,True,True,NOT_HASHED
H:\葵花202303_202510\202407\09\NC_H09_20240709_1330_R21_FLDK.06001_06001.nc,True,True,NOT_HASHED
H:\葵花202303_202510\202407\09\NC_H09_20240709_1340_R21_FLDK.06001_06001.nc,True,True,NOT_HASHED
H:\葵花202303_202510\202407\09\NC_H09_20240709_1350_R21_FLDK.06001_06001.nc,True,True,NOT_HASHED
H:\葵花202303_202510\202407\09\NC_H09_20240709_1400_R21_FLDK.06001_06001.nc,True,True,NOT_HASHED
H:\葵花202303_202510\202407\09\NC_H09_20240709_1410_R21_FLDK.06001_06001.nc,True,True,NOT_HASHED
H:\葵花202303_202510\202407\09\NC_H09_20240709_1420_R21_FLDK.06001_06001.nc,True,True,NOT_HASHED
H:\葵花202303_202510\202407\09\NC_H09_20240709_1430_R21_FLDK.06001_06001.nc,True,True,NOT_HASHED
H:\葵花202303_202510\202407\09\NC_H09_20240709_1450_R21_FLDK.06001_06001.nc,True,True,NOT_HASHED
H:\葵花202303_202510\202407\09\NC_H09_20240709_1500_R21_FLDK.06001_06001.nc,True,True,NOT_HASHED
H:\葵花202303_202510\202407\09\NC_H09_20240709_1510_R21_FLDK.06001_06001.nc,True,True,NOT_HASHED
H:\葵花202303_202510\202407\09\NC_H09_20240709_1520_R21_FLDK.06001_06001.nc,True,True,NOT_HASHED
H:\葵花202303_202510\202407\09\NC_H09_20240709_1530_R21_FLDK.06001_06001.nc,True,True,NOT_HASHED
H:\葵花202303_202510\202407\09\NC_H09_20240709_1540_R21_FLDK.06001_06001.nc,True,True,NOT_HASHED
H:\葵花202303_202510\202407\09\NC_H09_20240709_1550_R21_FLDK.06001_06001.nc,True,True,NOT_HASHED
H:\葵花202303_202510\202407\09\NC_H09_20240709_1600_R21_FLDK.06001_06001.nc,True,True,NOT_HASHED
H:\葵花202303_202510\202407\09\NC_H09_20240709_1610_R21_FLDK.06001_06001.nc,True,True,NOT_HASHED
H:\葵花202303_202510\202407\09\NC_H09_20240709_1620_R21_FLDK.06001_06001.nc,True,True,NOT_HASHED
H:\葵花202303_202510\202407\09\NC_H09_20240709_1630_R21_FLDK.06001_06001.nc,True,True,NOT_HASHED
H:\葵花202303_202510\202407\09\NC_H09_20240709_1640_R21_FLDK.06001_06001.nc,True,True,NOT_HASHED
H:\葵花202303_202510\202407\09\NC_H09_20240709_1650_R21_FLDK.06001_06001.nc,True,True,NOT_HASHED
H:\葵花202303_202510\202407\09\NC_H09_20240709_1700_R21_FLDK.06001_06001.nc,True,True,NOT_HASHED
H:\葵花202303_202510\202407\09\NC_H09_20240709_1710_R21_FLDK.06001_06001.nc,True,True,NOT_HASHED
H:\葵花202303_202510\202407\09\NC_H09_20240709_1720_R21_FLDK.06001_06001.nc,True,True,NOT_HASHED
H:\葵花202303_202510\202407\09\NC_H09_20240709_1730_R21_FLDK.06001_06001.nc,True,True,NOT_HASHED
H:\葵花202303_202510\202407\09\NC_H09_20240709_1740_R21_FLDK.06001_06001.nc,True,True,NOT_HASHED
H:\葵花202303_202510\202407\09\NC_H09_20240709_1750_R21_FLDK.06001_06001.nc,True,True,NOT_HASHED
H:\葵花202303_202510\202407\09\NC_H09_20240709_1800_R21_FLDK.06001_06001.nc,True,True,NOT_HASHED
H:\葵花202303_202510\202407\09\NC_H09_20240709_1810_R21_FLDK.06001_06001.nc,True,True,NOT_HASHED
H:\葵花202303_202510\202407\09\NC_H09_20240709_1820_R21_FLDK.06001_06001.nc,True,True,NOT_HASHED
H:\葵花202303_202510\202407\09\NC_H09_20240709_1830_R21_FLDK.06001_06001.nc,True,True,NOT_HASHED
H:\葵花202303_202510\202407\09\NC_H09_20240709_1840_R21_FLDK.06001_06001.nc,True,True,NOT_HASHED
H:\葵花202303_202510\202407\09\NC_H09_20240709_1850_R21_FLDK.06001_06001.nc,True,True,NOT_HASHED
H:\葵花202303_202510\202407\09\NC_H09_20240709_1900_R21_FLDK.06001_06001.nc,True,True,NOT_HASHED
H:\葵花202303_202510\202407\09\NC_H09_20240709_1910_R21_FLDK.06001_06001.nc,True,True,NOT_HASHED
H:\葵花202303_202510\202407\09\NC_H09_20240709_1920_R21_FLDK.06001_06001.nc,True,True,NOT_HASHED
H:\葵花202303_202510\202407\09\NC_H09_20240709_1930_R21_FLDK.06001_06001.nc,True,True,NOT_HASHED
H:\葵花202303_202510\202407\09\NC_H09_20240709_1940_R21_FLDK.06001_06001.nc,True,True,NOT_HASHED
H:\葵花202303_202510\202407\09\NC_H09_20240709_1950_R21_FLDK.06001_06001.nc,True,True,NOT_HASHED
H:\葵花202303_202510\202407\09\NC_H09_20240709_2000_R21_FLDK.06001_06001.nc,True,True,NOT_HASHED
H:\葵花202303_202510\202407\09\NC_H09_20240709_2010_R21_FLDK.06001_06001.nc,True,True,NOT_HASHED
H:\葵花202303_202510\202407\09\NC_H09_20240709_2020_R21_FLDK.06001_06001.nc,True,True,NOT_HASHED
H:\葵花202303_202510\202407\09\NC_H09_20240709_2030_R21_FLDK.06001_06001.nc,True,True,NOT_HASHED
H:\葵花202303_202510\202407\09\NC_H09_20240709_2040_R21_FLDK.06001_06001.nc,True,True,NOT_HASHED
H:\葵花202303_202510\202407\09\NC_H09_20240709_2050_R21_FLDK.06001_06001.nc,True,True,NOT_HASHED
H:\葵花202303_202510\202407\09\NC_H09_20240709_2100_R21_FLDK.06001_06001.nc,True,True,NOT_HASHED
H:\葵花202303_202510\202407\09\NC_H09_20240709_2110_R21_FLDK.06001_06001.nc,True,True,NOT_HASHED
H:\葵花202303_202510\202407\09\NC_H09_20240709_2130_R21_FLDK.06001_06001.nc,True,True,NOT_HASHED
H:\葵花202303_202510\202407\09\NC_H09_20240709_2140_R21_FLDK.06001_06001.nc,True,True,NOT_HASHED
H:\葵花202303_202510\202407\09\NC_H09_20240709_2150_R21_FLDK.06001_06001.nc,True,True,NOT_HASHED
H:\葵花202303_202510\202407\09\NC_H09_20240709_2200_R21_FLDK.06001_06001.nc,True,True,NOT_HASHED
H:\葵花202303_202510\202407\09\NC_H09_20240709_2210_R21_FLDK.06001_06001.nc,True,True,NOT_HASHED
H:\葵花202303_202510\202407\09\NC_H09_20240709_2220_R21_FLDK.06001_06001.nc,True,True,NOT_HASHED
H:\葵花202303_202510\202407\09\NC_H09_20240709_2230_R21_FLDK.06001_06001.nc,True,True,NOT_HASHED
H:\葵花202303_202510\202407\09\NC_H09_20240709_2240_R21_FLDK.06001_06001.nc,True,True,NOT_HASHED
H:\葵花202303_202510\202407\09\NC_H09_20240709_2250_R21_FLDK.06001_06001.nc,True,True,NOT_HASHED
H:\葵花202303_202510\202407\09\NC_H09_20240709_2300_R21_FLDK.06001_06001.nc,True,True,NOT_HASHED
H:\葵花202303_202510\202407\09\NC_H09_20240709_2310_R21_FLDK.06001_06001.nc,True,True,NOT_HASHED
H:\葵花202303_202510\202407\09\NC_H09_20240709_2320_R21_FLDK.06001_06001.nc,True,True,NOT_HASHED
H:\葵花202303_202510\202407\09\NC_H09_20240709_2330_R21_FLDK.06001_06001.nc,True,True,NOT_HASHED
H:\葵花202303_202510\202407\09\NC_H09_20240709_2340_R21_FLDK.06001_06001.nc,True,True,NOT_HASHED
H:\葵花202303_202510\202407\09\NC_H09_20240709_2350_R21_FLDK.06001_06001.nc,True,True,NOT_HASHED
H:\葵花202303_202510\202407\10\NC_H09_20240710_0000_R21_FLDK.06001_06001.nc,True,True,NOT_HASHED
H:\葵花202303_202510\202407\10\NC_H09_20240710_0010_R21_FLDK.06001_06001.nc,True,True,NOT_HASHED
H:\葵花202303_202510\202407\10\NC_H09_20240710_0020_R21_FLDK.06001_06001.nc,True,True,NOT_HASHED
H:\葵花202303_202510\202407\10\NC_H09_20240710_0030_R21_FLDK.06001_06001.nc,True,True,NOT_HASHED
H:\葵花202303_202510\202407\10\NC_H09_20240710_0040_R21_FLDK.06001_06001.nc,True,True,NOT_HASHED
H:\葵花202303_202510\202407\10\NC_H09_20240710_0050_R21_FLDK.06001_06001.nc,True,True,NOT_HASHED
H:\葵花202303_202510\202407\10\NC_H09_20240710_0100_R21_FLDK.06001_06001.nc,True,True,NOT_HASHED
H:\葵花202303_202510\202407\10\NC_H09_20240710_0110_R21_FLDK.06001_06001.nc,True,True,NOT_HASHED
H:\葵花202303_202510\202407\10\NC_H09_20240710_0120_R21_FLDK.06001_06001.nc,True,True,NOT_HASHED
H:\葵花202303_202510\202407\10\NC_H09_20240710_0130_R21_FLDK.06001_06001.nc,True,True,NOT_HASHED
H:\葵花202303_202510\202407\10\NC_H09_20240710_0140_R21_FLDK.06001_06001.nc,True,True,NOT_HASHED
H:\葵花202303_202510\202407\10\NC_H09_20240710_0150_R21_FLDK.06001_06001.nc,True,True,NOT_HASHED
H:\葵花202303_202510\202407\10\NC_H09_20240710_0200_R21_FLDK.06001_06001.nc,True,True,NOT_HASHED
H:\葵花202303_202510\202407\10\NC_H09_20240710_0210_R21_FLDK.06001_06001.nc,True,True,NOT_HASHED
H:\葵花202303_202510\202407\10\NC_H09_20240710_0220_R21_FLDK.06001_06001.nc,True,True,NOT_HASHED
H:\葵花202303_202510\202407\10\NC_H09_20240710_0230_R21_FLDK.06001_06001.nc,True,True,NOT_HASHED
H:\葵花202303_202510\202407\10\NC_H09_20240710_0250_R21_FLDK.06001_06001.nc,True,True,NOT_HASHED
H:\葵花202303_202510\202407\10\NC_H09_20240710_0300_R21_FLDK.06001_06001.nc,True,True,NOT_HASHED
H:\葵花202303_202510\202407\10\NC_H09_20240710_0310_R21_FLDK.06001_06001.nc,True,True,NOT_HASHED
H:\葵花202303_202510\202407\10\NC_H09_20240710_0320_R21_FLDK.06001_06001.nc,True,True,NOT_HASHED
H:\葵花202303_202510\202407\10\NC_H09_20240710_0330_R21_FLDK.06001_06001.nc,True,True,NOT_HASHED
H:\葵花202303_202510\202407\10\NC_H09_20240710_0340_R21_FLDK.06001_06001.nc,True,True,NOT_HASHED
H:\葵花202303_202510\202407\10\NC_H09_20240710_0350_R21_FLDK.06001_06001.nc,True,True,NOT_HASHED
H:\葵花202303_202510\202407\10\NC_H09_20240710_0400_R21_FLDK.06001_06001.nc,True,True,NOT_HASHED
H:\葵花202303_202510\202407\10\NC_H09_20240710_0410_R21_FLDK.06001_06001.nc,True,True,NOT_HASHED
H:\葵花202303_202510\202407\10\NC_H09_20240710_0420_R21_FLDK.06001_06001.nc,True,True,NOT_HASHED
H:\葵花202303_202510\202407\10\NC_H09_20240710_0430_R21_FLDK.06001_06001.nc,True,True,NOT_HASHED
H:\葵花202303_202510\202407\10\NC_H09_20240710_0440_R21_FLDK.06001_06001.nc,True,True,NOT_HASHED
H:\葵花202303_202510\202407\10\NC_H09_20240710_0450_R21_FLDK.06001_06001.nc,True,True,NOT_HASHED
H:\葵花202303_202510\202407\10\NC_H09_20240710_0500_R21_FLDK.06001_06001.nc,True,True,NOT_HASHED
H:\葵花202303_202510\202407\10\NC_H09_20240710_0510_R21_FLDK.06001_06001.nc,True,True,NOT_HASHED
H:\葵花202303_202510\202407\10\NC_H09_20240710_0520_R21_FLDK.06001_06001.nc,True,True,NOT_HASHED
H:\葵花202303_202510\202407\10\NC_H09_20240710_0530_R21_FLDK.06001_06001.nc,True,True,NOT_HASHED
H:\葵花202303_202510\202407\10\NC_H09_20240710_0540_R21_FLDK.06001_06001.nc,True,True,NOT_HASHED
H:\葵花202303_202510\202407\10\NC_H09_20240710_0550_R21_FLDK.06001_06001.nc,True,True,NOT_HASHED
H:\葵花202303_202510\202407\10\NC_H09_20240710_0600_R21_FLDK.06001_06001.nc,True,True,NOT_HASHED
H:\葵花202303_202510\202407\10\NC_H09_20240710_0610_R21_FLDK.06001_06001.nc,True,True,NOT_HASHED
H:\葵花202303_202510\202407\10\NC_H09_20240710_0620_R21_FLDK.06001_06001.nc,True,True,NOT_HASHED
H:\葵花202303_202510\202407\10\NC_H09_20240710_0630_R21_FLDK.06001_06001.nc,True,True,NOT_HASHED
H:\葵花202303_202510\202407\10\NC_H09_20240710_0640_R21_FLDK.06001_06001.nc,True,True,NOT_HASHED
H:\葵花202303_202510\202407\10\NC_H09_20240710_0650_R21_FLDK.06001_06001.nc,True,True,NOT_HASHED
H:\葵花202303_202510\202407\10\NC_H09_20240710_0700_R21_FLDK.06001_06001.nc,True,True,NOT_HASHED
H:\葵花202303_202510\202407\10\NC_H09_20240710_0710_R21_FLDK.06001_06001.nc,True,True,NOT_HASHED
H:\葵花202303_202510\202407\10\NC_H09_20240710_0720_R21_FLDK.06001_06001.nc,True,True,NOT_HASHED
H:\葵花202303_202510\202407\10\NC_H09_20240710_0730_R21_FLDK.06001_06001.nc,True,True,NOT_HASHED
H:\葵花202303_202510\202407\10\NC_H09_20240710_0740_R21_FLDK.06001_06001.nc,True,True,NOT_HASHED
H:\葵花202303_202510\202407\10\NC_H09_20240710_0750_R21_FLDK.06001_06001.nc,True,True,NOT_HASHED
H:\葵花202303_202510\202407\10\NC_H09_20240710_0800_R21_FLDK.06001_06001.nc,True,True,NOT_HASHED
H:\葵花202303_202510\202407\10\NC_H09_20240710_0810_R21_FLDK.06001_06001.nc,True,True,NOT_HASHED
H:\葵花202303_202510\202407\10\NC_H09_20240710_0820_R21_FLDK.06001_06001.nc,True,True,NOT_HASHED
H:\葵花202303_202510\202407\10\NC_H09_20240710_0830_R21_FLDK.06001_06001.nc,True,True,NOT_HASHED
H:\葵花202303_202510\202407\10\NC_H09_20240710_0840_R21_FLDK.06001_06001.nc,True,True,NOT_HASHED
H:\葵花202303_202510\202407\10\NC_H09_20240710_0850_R21_FLDK.06001_06001.nc,True,True,NOT_HASHED
H:\葵花202303_202510\202407\10\NC_H09_20240710_0900_R21_FLDK.06001_06001.nc,True,True,NOT_HASHED
H:\葵花202303_202510\202407\10\NC_H09_20240710_0910_R21_FLDK.06001_06001.nc,True,True,NOT_HASHED
H:\葵花202303_202510\202407\10\NC_H09_20240710_0920_R21_FLDK.06001_06001.nc,True,True,NOT_HASHED
H:\葵花202303_202510\202407\10\NC_H09_20240710_0930_R21_FLDK.06001_06001.nc,True,True,NOT_HASHED
H:\葵花202303_202510\202407\10\NC_H09_20240710_0940_R21_FLDK.06001_06001.nc,True,True,NOT_HASHED
H:\葵花202303_202510\202407\10\NC_H09_20240710_0950_R21_FLDK.06001_06001.nc,True,True,NOT_HASHED
H:\葵花202303_202510\202407\10\NC_H09_20240710_1000_R21_FLDK.06001_06001.nc,True,True,NOT_HASHED
H:\葵花202303_202510\202407\10\NC_H09_20240710_1010_R21_FLDK.06001_06001.nc,True,True,NOT_HASHED
H:\葵花202303_202510\202407\10\NC_H09_20240710_1020_R21_FLDK.06001_06001.nc,True,True,NOT_HASHED
H:\葵花202303_202510\202407\10\NC_H09_20240710_1030_R21_FLDK.06001_06001.nc,True,True,NOT_HASHED
H:\葵花202303_202510\202407\10\NC_H09_20240710_1040_R21_FLDK.06001_06001.nc,True,True,NOT_HASHED
H:\葵花202303_202510\202407\10\NC_H09_20240710_1050_R21_FLDK.06001_06001.nc,True,True,NOT_HASHED
H:\葵花202303_202510\202407\10\NC_H09_20240710_1100_R21_FLDK.06001_06001.nc,True,True,NOT_HASHED
H:\葵花202303_202510\202407\10\NC_H09_20240710_1110_R21_FLDK.06001_06001.nc,True,True,NOT_HASHED
H:\葵花202303_202510\202407\10\NC_H09_20240710_1120_R21_FLDK.06001_06001.nc,True,True,NOT_HASHED
H:\葵花202303_202510\202407\10\NC_H09_20240710_1130_R21_FLDK.06001_06001.nc,True,True,NOT_HASHED
H:\葵花202303_202510\202407\10\NC_H09_20240710_1140_R21_FLDK.06001_06001.nc,True,True,NOT_HASHED
H:\葵花202303_202510\202407\10\NC_H09_20240710_1150_R21_FLDK.06001_06001.nc,True,True,NOT_HASHED
H:\葵花202303_202510\202407\10\NC_H09_20240710_1200_R21_FLDK.06001_06001.nc,True,True,NOT_HASHED
H:\葵花202303_202510\202407\10\NC_H09_20240710_1210_R21_FLDK.06001_06001.nc,True,True,NOT_HASHED
H:\葵花202303_202510\202407\10\NC_H09_20240710_1220_R21_FLDK.06001_06001.nc,True,True,NOT_HASHED
H:\葵花202303_202510\202407\10\NC_H09_20240710_1230_R21_FLDK.06001_06001.nc,True,True,NOT_HASHED
H:\葵花202303_202510\202407\10\NC_H09_20240710_1240_R21_FLDK.06001_06001.nc,True,True,NOT_HASHED
H:\葵花202303_202510\202407\10\NC_H09_20240710_1250_R21_FLDK.06001_06001.nc,True,True,NOT_HASHED
H:\葵花202303_202510\202407\10\NC_H09_20240710_1300_R21_FLDK.06001_06001.nc,True,True,NOT_HASHED
H:\葵花202303_202510\202407\10\NC_H09_20240710_1310_R21_FLDK.06001_06001.nc,True,True,NOT_HASHED
H:\葵花202303_202510\202407\10\NC_H09_20240710_1320_R21_FLDK.06001_06001.nc,True,True,NOT_HASHED
H:\葵花202303_202510\202407\10\NC_H09_20240710_1330_R21_FLDK.06001_06001.nc,True,True,NOT_HASHED
H:\葵花202303_202510\202407\10\NC_H09_20240710_1340_R21_FLDK.06001_06001.nc,True,True,NOT_HASHED
H:\葵花202303_202510\202407\10\NC_H09_20240710_1350_R21_FLDK.06001_06001.nc,True,True,NOT_HASHED
H:\葵花202303_202510\202407\10\NC_H09_20240710_1400_R21_FLDK.06001_06001.nc,True,True,NOT_HASHED
H:\葵花202303_202510\202407\10\NC_H09_20240710_1410_R21_FLDK.06001_06001.nc,True,True,NOT_HASHED
H:\葵花202303_202510\202407\10\NC_H09_20240710_1420_R21_FLDK.06001_06001.nc,True,True,NOT_HASHED
H:\葵花202303_202510\202407\10\NC_H09_20240710_1430_R21_FLDK.06001_06001.nc,True,True,NOT_HASHED
H:\葵花202303_202510\202407\10\NC_H09_20240710_1450_R21_FLDK.06001_06001.nc,True,True,NOT_HASHED
H:\葵花202303_202510\202407\10\NC_H09_20240710_1500_R21_FLDK.06001_06001.nc,True,True,NOT_HASHED
H:\葵花202303_202510\202407\10\NC_H09_20240710_1510_R21_FLDK.06001_06001.nc,True,True,NOT_HASHED
H:\葵花202303_202510\202407\10\NC_H09_20240710_1520_R21_FLDK.06001_06001.nc,True,True,NOT_HASHED
H:\葵花202303_202510\202407\10\NC_H09_20240710_1530_R21_FLDK.06001_06001.nc,True,True,NOT_HASHED
H:\葵花202303_202510\202407\10\NC_H09_20240710_1540_R21_FLDK.06001_06001.nc,True,True,NOT_HASHED
H:\葵花202303_202510\202407\10\NC_H09_20240710_1550_R21_FLDK.06001_06001.nc,True,True,NOT_HASHED
H:\葵花202303_202510\202407\10\NC_H09_20240710_1600_R21_FLDK.06001_06001.nc,True,True,NOT_HASHED
H:\葵花202303_202510\202407\10\NC_H09_20240710_1610_R21_FLDK.06001_06001.nc,True,True,NOT_HASHED
H:\葵花202303_202510\202407\10\NC_H09_20240710_1620_R21_FLDK.06001_06001.nc,True,True,NOT_HASHED
H:\葵花202303_202510\202407\10\NC_H09_20240710_1630_R21_FLDK.06001_06001.nc,True,True,NOT_HASHED
H:\葵花202303_202510\202407\10\NC_H09_20240710_1640_R21_FLDK.06001_06001.nc,True,True,NOT_HASHED
H:\葵花202303_202510\202407\10\NC_H09_20240710_1650_R21_FLDK.06001_06001.nc,True,True,NOT_HASHED
H:\葵花202303_202510\202407\10\NC_H09_20240710_1700_R21_FLDK.06001_06001.nc,True,True,NOT_HASHED
H:\葵花202303_202510\202407\10\NC_H09_20240710_1710_R21_FLDK.06001_06001.nc,True,True,NOT_HASHED
H:\葵花202303_202510\202407\10\NC_H09_20240710_1720_R21_FLDK.06001_06001.nc,True,True,NOT_HASHED
H:\葵花202303_202510\202407\10\NC_H09_20240710_1730_R21_FLDK.06001_06001.nc,True,True,NOT_HASHED
H:\葵花202303_202510\202407\10\NC_H09_20240710_1740_R21_FLDK.06001_06001.nc,True,True,NOT_HASHED
H:\葵花202303_202510\202407\10\NC_H09_20240710_1750_R21_FLDK.06001_06001.nc,True,True,NOT_HASHED
H:\葵花202303_202510\202407\10\NC_H09_20240710_1800_R21_FLDK.06001_06001.nc,True,True,NOT_HASHED
H:\葵花202303_202510\202407\10\NC_H09_20240710_1810_R21_FLDK.06001_06001.nc,True,True,NOT_HASHED
H:\葵花202303_202510\202407\10\NC_H09_20240710_1820_R21_FLDK.06001_06001.nc,True,True,NOT_HASHED
H:\葵花202303_202510\202407\10\NC_H09_20240710_1830_R21_FLDK.06001_06001.nc,True,True,NOT_HASHED
H:\葵花202303_202510\202407\10\NC_H09_20240710_1840_R21_FLDK.06001_06001.nc,True,True,NOT_HASHED
H:\葵花202303_202510\202407\10\NC_H09_20240710_1850_R21_FLDK.06001_06001.nc,True,True,NOT_HASHED
H:\葵花202303_202510\202407\10\NC_H09_20240710_1900_R21_FLDK.06001_06001.nc,True,True,NOT_HASHED
H:\葵花202303_202510\202407\10\NC_H09_20240710_1910_R21_FLDK.06001_06001.nc,True,True,NOT_HASHED
H:\葵花202303_202510\202407\10\NC_H09_20240710_1920_R21_FLDK.06001_06001.nc,True,True,NOT_HASHED
H:\葵花202303_202510\202407\10\NC_H09_20240710_1930_R21_FLDK.06001_06001.nc,True,True,NOT_HASHED
H:\葵花202303_202510\202407\10\NC_H09_20240710_1940_R21_FLDK.06001_06001.nc,True,True,NOT_HASHED
H:\葵花202303_202510\202407\10\NC_H09_20240710_1950_R21_FLDK.06001_06001.nc,True,True,NOT_HASHED
H:\葵花202303_202510\202407\10\NC_H09_20240710_2000_R21_FLDK.06001_06001.nc,True,True,NOT_HASHED
H:\葵花202303_202510\202407\10\NC_H09_20240710_2010_R21_FLDK.06001_06001.nc,True,True,NOT_HASHED
H:\葵花202303_202510\202407\10\NC_H09_20240710_2020_R21_FLDK.06001_06001.nc,True,True,NOT_HASHED
H:\葵花202303_202510\202407\10\NC_H09_20240710_2030_R21_FLDK.06001_06001.nc,True,True,NOT_HASHED
H:\葵花202303_202510\202407\10\NC_H09_20240710_2040_R21_FLDK.06001_06001.nc,True,True,NOT_HASHED
H:\葵花202303_202510\202407\10\NC_H09_20240710_2050_R21_FLDK.06001_06001.nc,True,True,NOT_HASHED
H:\葵花202303_202510\202407\10\NC_H09_20240710_2100_R21_FLDK.06001_06001.nc,True,True,NOT_HASHED
H:\葵花202303_202510\202407\10\NC_H09_20240710_2110_R21_FLDK.06001_06001.nc,True,True,NOT_HASHED
H:\葵花202303_202510\202407\10\NC_H09_20240710_2120_R21_FLDK.06001_06001.nc,True,True,NOT_HASHED
H:\葵花202303_202510\202407\10\NC_H09_20240710_2130_R21_FLDK.06001_06001.nc,True,True,NOT_HASHED
H:\葵花202303_202510\202407\10\NC_H09_20240710_2140_R21_FLDK.06001_06001.nc,True,True,NOT_HASHED
H:\葵花202303_202510\202407\10\NC_H09_20240710_2150_R21_FLDK.06001_06001.nc,True,True,NOT_HASHED
H:\葵花202303_202510\202407\10\NC_H09_20240710_2200_R21_FLDK.06001_06001.nc,True,True,NOT_HASHED
H:\葵花202303_202510\202407\10\NC_H09_20240710_2210_R21_FLDK.06001_06001.nc,True,True,NOT_HASHED
H:\葵花202303_202510\202407\10\NC_H09_20240710_2220_R21_FLDK.06001_06001.nc,True,True,NOT_HASHED
H:\葵花202303_202510\202407\10\NC_H09_20240710_2230_R21_FLDK.06001_06001.nc,True,True,NOT_HASHED
H:\葵花202303_202510\202407\10\NC_H09_20240710_2240_R21_FLDK.06001_06001.nc,True,True,NOT_HASHED
H:\葵花202303_202510\202407\10\NC_H09_20240710_2250_R21_FLDK.06001_06001.nc,True,True,NOT_HASHED
H:\葵花202303_202510\202407\10\NC_H09_20240710_2300_R21_FLDK.06001_06001.nc,True,True,NOT_HASHED
H:\葵花202303_202510\202407\10\NC_H09_20240710_2310_R21_FLDK.06001_06001.nc,True,True,NOT_HASHED
H:\葵花202303_202510\202407\10\NC_H09_20240710_2320_R21_FLDK.06001_06001.nc,True,True,NOT_HASHED
H:\葵花202303_202510\202407\10\NC_H09_20240710_2330_R21_FLDK.06001_06001.nc,True,True,NOT_HASHED
H:\葵花202303_202510\202407\10\NC_H09_20240710_2340_R21_FLDK.06001_06001.nc,True,True,NOT_HASHED
H:\葵花202303_202510\202407\10\NC_H09_20240710_2350_R21_FLDK.06001_06001.nc,True,True,NOT_HASHED
H:\葵花202303_202510\202407\11\NC_H09_20240711_0000_R21_FLDK.06001_06001.nc,True,True,NOT_HASHED
H:\葵花202303_202510\202407\11\NC_H09_20240711_0010_R21_FLDK.06001_06001.nc,True,True,NOT_HASHED
H:\葵花202303_202510\202407\11\NC_H09_20240711_0020_R21_FLDK.06001_06001.nc,True,True,NOT_HASHED
H:\葵花202303_202510\202407\11\NC_H09_20240711_0030_R21_FLDK.06001_06001.nc,True,True,NOT_HASHED
H:\葵花202303_202510\202407\11\NC_H09_20240711_0040_R21_FLDK.06001_06001.nc,True,True,NOT_HASHED
H:\葵花202303_202510\202407\11\NC_H09_20240711_0050_R21_FLDK.06001_06001.nc,True,True,NOT_HASHED
H:\葵花202303_202510\202407\11\NC_H09_20240711_0100_R21_FLDK.06001_06001.nc,True,True,NOT_HASHED
H:\葵花202303_202510\202407\11\NC_H09_20240711_0110_R21_FLDK.06001_06001.nc,True,True,NOT_HASHED
H:\葵花202303_202510\202407\11\NC_H09_20240711_0120_R21_FLDK.06001_06001.nc,True,True,NOT_HASHED
H:\葵花202303_202510\202407\11\NC_H09_20240711_0130_R21_FLDK.06001_06001.nc,True,True,NOT_HASHED
H:\葵花202303_202510\202407\11\NC_H09_20240711_0140_R21_FLDK.06001_06001.nc,True,True,NOT_HASHED
H:\葵花202303_202510\202407\11\NC_H09_20240711_0150_R21_FLDK.06001_06001.nc,True,True,NOT_HASHED
H:\葵花202303_202510\202407\11\NC_H09_20240711_0200_R21_FLDK.06001_06001.nc,True,True,NOT_HASHED
H:\葵花202303_202510\202407\11\NC_H09_20240711_0210_R21_FLDK.06001_06001.nc,True,True,NOT_HASHED
H:\葵花202303_202510\202407\11\NC_H09_20240711_0220_R21_FLDK.06001_06001.nc,True,True,NOT_HASHED
H:\葵花202303_202510\202407\11\NC_H09_20240711_0230_R21_FLDK.06001_06001.nc,True,True,NOT_HASHED
H:\葵花202303_202510\202407\11\NC_H09_20240711_0250_R21_FLDK.06001_06001.nc,True,True,NOT_HASHED
H:\葵花202303_202510\202407\11\NC_H09_20240711_0300_R21_FLDK.06001_06001.nc,True,True,NOT_HASHED
H:\葵花202303_202510\202407\11\NC_H09_20240711_0310_R21_FLDK.06001_06001.nc,True,True,NOT_HASHED
H:\葵花202303_202510\202407\11\NC_H09_20240711_0320_R21_FLDK.06001_06001.nc,True,True,NOT_HASHED
H:\葵花202303_202510\202407\11\NC_H09_20240711_0330_R21_FLDK.06001_06001.nc,True,True,NOT_HASHED
H:\葵花202303_202510\202407\11\NC_H09_20240711_0340_R21_FLDK.06001_06001.nc,True,True,NOT_HASHED
H:\葵花202303_202510\202407\11\NC_H09_20240711_0350_R21_FLDK.06001_06001.nc,True,True,NOT_HASHED
H:\葵花202303_202510\202407\11\NC_H09_20240711_0400_R21_FLDK.06001_06001.nc,True,True,NOT_HASHED
H:\葵花202303_202510\202407\11\NC_H09_20240711_0410_R21_FLDK.06001_06001.nc,True,True,NOT_HASHED
H:\葵花202303_202510\202407\11\NC_H09_20240711_0420_R21_FLDK.06001_06001.nc,True,True,NOT_HASHED
H:\葵花202303_202510\202407\11\NC_H09_20240711_0430_R21_FLDK.06001_06001.nc,True,True,NOT_HASHED
H:\葵花202303_202510\202407\11\NC_H09_20240711_0440_R21_FLDK.06001_06001.nc,True,True,NOT_HASHED
H:\葵花202303_202510\202407\11\NC_H09_20240711_0450_R21_FLDK.06001_06001.nc,True,True,NOT_HASHED
H:\葵花202303_202510\202407\11\NC_H09_20240711_0500_R21_FLDK.06001_06001.nc,True,True,NOT_HASHED
H:\葵花202303_202510\202407\11\NC_H09_20240711_0510_R21_FLDK.06001_06001.nc,True,True,NOT_HASHED
H:\葵花202303_202510\202407\11\NC_H09_20240711_0520_R21_FLDK.06001_06001.nc,True,True,NOT_HASHED
H:\葵花202303_202510\202407\11\NC_H09_20240711_0530_R21_FLDK.06001_06001.nc,True,True,NOT_HASHED
H:\葵花202303_202510\202407\11\NC_H09_20240711_0540_R21_FLDK.06001_06001.nc,True,True,NOT_HASHED
H:\葵花202303_202510\202407\11\NC_H09_20240711_0550_R21_FLDK.06001_06001.nc,True,True,NOT_HASHED
H:\葵花202303_202510\202407\11\NC_H09_20240711_0600_R21_FLDK.06001_06001.nc,True,True,NOT_HASHED
H:\葵花202303_202510\202407\11\NC_H09_20240711_0610_R21_FLDK.06001_06001.nc,True,True,NOT_HASHED
H:\葵花202303_202510\202407\11\NC_H09_20240711_0620_R21_FLDK.06001_06001.nc,True,True,NOT_HASHED
H:\葵花202303_202510\202407\11\NC_H09_20240711_0630_R21_FLDK.06001_06001.nc,True,True,NOT_HASHED
H:\葵花202303_202510\202407\11\NC_H09_20240711_0640_R21_FLDK.06001_06001.nc,True,True,NOT_HASHED
H:\葵花202303_202510\202407\11\NC_H09_20240711_0650_R21_FLDK.06001_06001.nc,True,True,NOT_HASHED
H:\葵花202303_202510\202407\11\NC_H09_20240711_0700_R21_FLDK.06001_06001.nc,True,True,NOT_HASHED
H:\葵花202303_202510\202407\11\NC_H09_20240711_0710_R21_FLDK.06001_06001.nc,True,True,NOT_HASHED
H:\葵花202303_202510\202407\11\NC_H09_20240711_0720_R21_FLDK.06001_06001.nc,True,True,NOT_HASHED
H:\葵花202303_202510\202407\11\NC_H09_20240711_0730_R21_FLDK.06001_06001.nc,True,True,NOT_HASHED
H:\葵花202303_202510\202407\11\NC_H09_20240711_0740_R21_FLDK.06001_06001.nc,True,True,NOT_HASHED
H:\葵花202303_202510\202407\11\NC_H09_20240711_0750_R21_FLDK.06001_06001.nc,True,True,NOT_HASHED
H:\葵花202303_202510\202407\11\NC_H09_20240711_0800_R21_FLDK.06001_06001.nc,True,True,NOT_HASHED
H:\葵花202303_202510\202407\11\NC_H09_20240711_0810_R21_FLDK.06001_06001.nc,True,True,NOT_HASHED
H:\葵花202303_202510\202407\11\NC_H09_20240711_0820_R21_FLDK.06001_06001.nc,True,True,NOT_HASHED
H:\葵花202303_202510\202407\11\NC_H09_20240711_0830_R21_FLDK.06001_06001.nc,True,True,NOT_HASHED
H:\葵花202303_202510\202407\11\NC_H09_20240711_0840_R21_FLDK.06001_06001.nc,True,True,NOT_HASHED
H:\葵花202303_202510\202407\11\NC_H09_20240711_0850_R21_FLDK.06001_06001.nc,True,True,NOT_HASHED
H:\葵花202303_202510\202407\11\NC_H09_20240711_0900_R21_FLDK.06001_06001.nc,True,True,NOT_HASHED
H:\葵花202303_202510\202407\11\NC_H09_20240711_0910_R21_FLDK.06001_06001.nc,True,True,NOT_HASHED
H:\葵花202303_202510\202407\11\NC_H09_20240711_0920_R21_FLDK.06001_06001.nc,True,True,NOT_HASHED
H:\葵花202303_202510\202407\11\NC_H09_20240711_0930_R21_FLDK.06001_06001.nc,True,True,NOT_HASHED
H:\葵花202303_202510\202407\11\NC_H09_20240711_0940_R21_FLDK.06001_06001.nc,True,True,NOT_HASHED
H:\葵花202303_202510\202407\11\NC_H09_20240711_0950_R21_FLDK.06001_06001.nc,True,True,NOT_HASHED
H:\葵花202303_202510\202407\11\NC_H09_20240711_1000_R21_FLDK.06001_06001.nc,True,True,NOT_HASHED
H:\葵花202303_202510\202407\11\NC_H09_20240711_1010_R21_FLDK.06001_06001.nc,True,True,NOT_HASHED
H:\葵花202303_202510\202407\11\NC_H09_20240711_1020_R21_FLDK.06001_06001.nc,True,True,NOT_HASHED
H:\葵花202303_202510\202407\11\NC_H09_20240711_1030_R21_FLDK.06001_06001.nc,True,True,NOT_HASHED
H:\葵花202303_202510\202407\11\NC_H09_20240711_1040_R21_FLDK.06001_06001.nc,True,True,NOT_HASHED
H:\葵花202303_202510\202407\11\NC_H09_20240711_1050_R21_FLDK.06001_06001.nc,True,True,NOT_HASHED
H:\葵花202303_202510\202407\11\NC_H09_20240711_1100_R21_FLDK.06001_06001.nc,True,True,NOT_HASHED
H:\葵花202303_202510\202407\11\NC_H09_20240711_1110_R21_FLDK.06001_06001.nc,True,True,NOT_HASHED
H:\葵花202303_202510\202407\11\NC_H09_20240711_1120_R21_FLDK.06001_06001.nc,True,True,NOT_HASHED
H:\葵花202303_202510\202407\11\NC_H09_20240711_1130_R21_FLDK.06001_06001.nc,True,True,NOT_HASHED
H:\葵花202303_202510\202407\11\NC_H09_20240711_1140_R21_FLDK.06001_06001.nc,True,True,NOT_HASHED
H:\葵花202303_202510\202407\11\NC_H09_20240711_1150_R21_FLDK.06001_06001.nc,True,True,NOT_HASHED
H:\葵花202303_202510\202407\11\NC_H09_20240711_1200_R21_FLDK.06001_06001.nc,True,True,NOT_HASHED
H:\葵花202303_202510\202407\11\NC_H09_20240711_1210_R21_FLDK.06001_06001.nc,True,True,NOT_HASHED
H:\葵花202303_202510\202407\11\NC_H09_20240711_1220_R21_FLDK.06001_06001.nc,True,True,NOT_HASHED
H:\葵花202303_202510\202407\11\NC_H09_20240711_1230_R21_FLDK.06001_06001.nc,True,True,NOT_HASHED
H:\葵花202303_202510\202407\11\NC_H09_20240711_1240_R21_FLDK.06001_06001.nc,True,True,NOT_HASHED
H:\葵花202303_202510\202407\11\NC_H09_20240711_1250_R21_FLDK.06001_06001.nc,True,True,NOT_HASHED
H:\葵花202303_202510\202407\11\NC_H09_20240711_1300_R21_FLDK.06001_06001.nc,True,True,NOT_HASHED
H:\葵花202303_202510\202407\11\NC_H09_20240711_1310_R21_FLDK.06001_06001.nc,True,True,NOT_HASHED
H:\葵花202303_202510\202407\11\NC_H09_20240711_1320_R21_FLDK.06001_06001.nc,True,True,NOT_HASHED
H:\葵花202303_202510\202407\11\NC_H09_20240711_1330_R21_FLDK.06001_06001.nc,True,True,NOT_HASHED
H:\葵花202303_202510\202407\11\NC_H09_20240711_1340_R21_FLDK.06001_06001.nc,True,True,NOT_HASHED
H:\葵花202303_202510\202407\11\NC_H09_20240711_1350_R21_FLDK.06001_06001.nc,True,True,NOT_HASHED
H:\葵花202303_202510\202407\11\NC_H09_20240711_1400_R21_FLDK.06001_06001.nc,True,True,NOT_HASHED
H:\葵花202303_202510\202407\11\NC_H09_20240711_1410_R21_FLDK.06001_06001.nc,True,True,NOT_HASHED
H:\葵花202303_202510\202407\11\NC_H09_20240711_1420_R21_FLDK.06001_06001.nc,True,True,NOT_HASHED
H:\葵花202303_202510\202407\11\NC_H09_20240711_1430_R21_FLDK.06001_06001.nc,True,True,NOT_HASHED
H:\葵花202303_202510\202407\11\NC_H09_20240711_1450_R21_FLDK.06001_06001.nc,True,True,NOT_HASHED
H:\葵花202303_202510\202407\11\NC_H09_20240711_1500_R21_FLDK.06001_06001.nc,True,True,NOT_HASHED
H:\葵花202303_202510\202407\11\NC_H09_20240711_1510_R21_FLDK.06001_06001.nc,True,True,NOT_HASHED
H:\葵花202303_202510\202407\11\NC_H09_20240711_1520_R21_FLDK.06001_06001.nc,True,True,NOT_HASHED
H:\葵花202303_202510\202407\11\NC_H09_20240711_1530_R21_FLDK.06001_06001.nc,True,True,NOT_HASHED
H:\葵花202303_202510\202407\11\NC_H09_20240711_1540_R21_FLDK.06001_06001.nc,True,True,NOT_HASHED
H:\葵花202303_202510\202407\11\NC_H09_20240711_1550_R21_FLDK.06001_06001.nc,True,True,NOT_HASHED
H:\葵花202303_202510\202407\11\NC_H09_20240711_1600_R21_FLDK.06001_06001.nc,True,True,NOT_HASHED
H:\葵花202303_202510\202407\11\NC_H09_20240711_1610_R21_FLDK.06001_06001.nc,True,True,NOT_HASHED
H:\葵花202303_202510\202407\11\NC_H09_20240711_1620_R21_FLDK.06001_06001.nc,True,True,NOT_HASHED
H:\葵花202303_202510\202407\11\NC_H09_20240711_1630_R21_FLDK.06001_06001.nc,True,True,NOT_HASHED
H:\葵花202303_202510\202407\11\NC_H09_20240711_1640_R21_FLDK.06001_06001.nc,True,True,NOT_HASHED
H:\葵花202303_202510\202407\11\NC_H09_20240711_1650_R21_FLDK.06001_06001.nc,True,True,NOT_HASHED
H:\葵花202303_202510\202407\11\NC_H09_20240711_1700_R21_FLDK.06001_06001.nc,True,True,NOT_HASHED
H:\葵花202303_202510\202407\11\NC_H09_20240711_1710_R21_FLDK.06001_06001.nc,True,True,NOT_HASHED
H:\葵花202303_202510\202407\11\NC_H09_20240711_1720_R21_FLDK.06001_06001.nc,True,True,NOT_HASHED
H:\葵花202303_202510\202407\11\NC_H09_20240711_1730_R21_FLDK.06001_06001.nc,True,True,NOT_HASHED
H:\葵花202303_202510\202407\11\NC_H09_20240711_1740_R21_FLDK.06001_06001.nc,True,True,NOT_HASHED
H:\葵花202303_202510\202407\11\NC_H09_20240711_1750_R21_FLDK.06001_06001.nc,True,True,NOT_HASHED
H:\葵花202303_202510\202407\11\NC_H09_20240711_1800_R21_FLDK.06001_06001.nc,True,True,NOT_HASHED
H:\葵花202303_202510\202407\11\NC_H09_20240711_1810_R21_FLDK.06001_06001.nc,True,True,NOT_HASHED
H:\葵花202303_202510\202407\11\NC_H09_20240711_1820_R21_FLDK.06001_06001.nc,True,True,NOT_HASHED
H:\葵花202303_202510\202407\11\NC_H09_20240711_1830_R21_FLDK.06001_06001.nc,True,True,NOT_HASHED
H:\葵花202303_202510\202407\11\NC_H09_20240711_1840_R21_FLDK.06001_06001.nc,True,True,NOT_HASHED
H:\葵花202303_202510\202407\11\NC_H09_20240711_1850_R21_FLDK.06001_06001.nc,True,True,NOT_HASHED
H:\葵花202303_202510\202407\11\NC_H09_20240711_1900_R21_FLDK.06001_06001.nc,True,True,NOT_HASHED
H:\葵花202303_202510\202407\11\NC_H09_20240711_1910_R21_FLDK.06001_06001.nc,True,True,NOT_HASHED
H:\葵花202303_202510\202407\11\NC_H09_20240711_1920_R21_FLDK.06001_06001.nc,True,True,NOT_HASHED
H:\葵花202303_202510\202407\11\NC_H09_20240711_1930_R21_FLDK.06001_06001.nc,True,True,NOT_HASHED
H:\葵花202303_202510\202407\11\NC_H09_20240711_1940_R21_FLDK.06001_06001.nc,True,True,NOT_HASHED
H:\葵花202303_202510\202407\11\NC_H09_20240711_1950_R21_FLDK.06001_06001.nc,True,True,NOT_HASHED
H:\葵花202303_202510\202407\11\NC_H09_20240711_2000_R21_FLDK.06001_06001.nc,True,True,NOT_HASHED
H:\葵花202303_202510\202407\11\NC_H09_20240711_2010_R21_FLDK.06001_06001.nc,True,True,NOT_HASHED
H:\葵花202303_202510\202407\11\NC_H09_20240711_2020_R21_FLDK.06001_06001.nc,True,True,NOT_HASHED
H:\葵花202303_202510\202407\11\NC_H09_20240711_2030_R21_FLDK.06001_06001.nc,True,True,NOT_HASHED
H:\葵花202303_202510\202407\11\NC_H09_20240711_2040_R21_FLDK.06001_06001.nc,True,True,NOT_HASHED
H:\葵花202303_202510\202407\11\NC_H09_20240711_2050_R21_FLDK.06001_06001.nc,True,True,NOT_HASHED
H:\葵花202303_202510\202407\11\NC_H09_20240711_2100_R21_FLDK.06001_06001.nc,True,True,NOT_HASHED
H:\葵花202303_202510\202407\11\NC_H09_20240711_2110_R21_FLDK.06001_06001.nc,True,True,NOT_HASHED
H:\葵花202303_202510\202407\11\NC_H09_20240711_2120_R21_FLDK.06001_06001.nc,True,True,NOT_HASHED
H:\葵花202303_202510\202407\11\NC_H09_20240711_2130_R21_FLDK.06001_06001.nc,True,True,NOT_HASHED
H:\葵花202303_202510\202407\11\NC_H09_20240711_2140_R21_FLDK.06001_06001.nc,True,True,NOT_HASHED
H:\葵花202303_202510\202407\11\NC_H09_20240711_2150_R21_FLDK.06001_06001.nc,True,True,NOT_HASHED
H:\葵花202303_202510\202407\11\NC_H09_20240711_2200_R21_FLDK.06001_06001.nc,True,True,NOT_HASHED
H:\葵花202303_202510\202407\11\NC_H09_20240711_2210_R21_FLDK.06001_06001.nc,True,True,NOT_HASHED
H:\葵花202303_202510\202407\11\NC_H09_20240711_2220_R21_FLDK.06001_06001.nc,True,True,NOT_HASHED
H:\葵花202303_202510\202407\11\NC_H09_20240711_2230_R21_FLDK.06001_06001.nc,True,True,NOT_HASHED
H:\葵花202303_202510\202407\11\NC_H09_20240711_2240_R21_FLDK.06001_06001.nc,True,True,NOT_HASHED
H:\葵花202303_202510\202407\11\NC_H09_20240711_2250_R21_FLDK.06001_06001.nc,True,True,NOT_HASHED
H:\葵花202303_202510\202407\11\NC_H09_20240711_2300_R21_FLDK.06001_06001.nc,True,True,NOT_HASHED
H:\葵花202303_202510\202407\11\NC_H09_20240711_2310_R21_FLDK.06001_06001.nc,True,True,NOT_HASHED
H:\葵花202303_202510\202407\11\NC_H09_20240711_2320_R21_FLDK.06001_06001.nc,True,True,NOT_HASHED
H:\葵花202303_202510\202407\11\NC_H09_20240711_2330_R21_FLDK.06001_06001.nc,True,True,NOT_HASHED
H:\葵花202303_202510\202407\11\NC_H09_20240711_2340_R21_FLDK.06001_06001.nc,True,True,NOT_HASHED
H:\葵花202303_202510\202407\11\NC_H09_20240711_2350_R21_FLDK.06001_06001.nc,True,True,NOT_HASHED
H:\葵花202303_202510\202407\12\NC_H09_20240712_0000_R21_FLDK.06001_06001.nc,True,True,NOT_HASHED
H:\葵花202303_202510\202407\12\NC_H09_20240712_0010_R21_FLDK.06001_06001.nc,True,True,NOT_HASHED
H:\葵花202303_202510\202407\12\NC_H09_20240712_0020_R21_FLDK.06001_06001.nc,True,True,NOT_HASHED
H:\葵花202303_202510\202407\12\NC_H09_20240712_0030_R21_FLDK.06001_06001.nc,True,True,NOT_HASHED
H:\葵花202303_202510\202407\12\NC_H09_20240712_0040_R21_FLDK.06001_06001.nc,True,True,NOT_HASHED
H:\葵花202303_202510\202407\12\NC_H09_20240712_0050_R21_FLDK.06001_06001.nc,True,True,NOT_HASHED
H:\葵花202303_202510\202407\12\NC_H09_20240712_0100_R21_FLDK.06001_06001.nc,True,True,NOT_HASHED
H:\葵花202303_202510\202407\12\NC_H09_20240712_0110_R21_FLDK.06001_06001.nc,True,True,NOT_HASHED
H:\葵花202303_202510\202407\12\NC_H09_20240712_0120_R21_FLDK.06001_06001.nc,True,True,NOT_HASHED
H:\葵花202303_202510\202407\12\NC_H09_20240712_0130_R21_FLDK.06001_06001.nc,True,True,NOT_HASHED
H:\葵花202303_202510\202407\12\NC_H09_20240712_0140_R21_FLDK.06001_06001.nc,True,True,NOT_HASHED
H:\葵花202303_202510\202407\12\NC_H09_20240712_0150_R21_FLDK.06001_06001.nc,True,True,NOT_HASHED
H:\葵花202303_202510\202407\12\NC_H09_20240712_0200_R21_FLDK.06001_06001.nc,True,True,NOT_HASHED
H:\葵花202303_202510\202407\12\NC_H09_20240712_0210_R21_FLDK.06001_06001.nc,True,True,NOT_HASHED
H:\葵花202303_202510\202407\12\NC_H09_20240712_0220_R21_FLDK.06001_06001.nc,True,True,NOT_HASHED
H:\葵花202303_202510\202407\12\NC_H09_20240712_0230_R21_FLDK.06001_06001.nc,True,True,NOT_HASHED
H:\葵花202303_202510\202407\12\NC_H09_20240712_0250_R21_FLDK.06001_06001.nc,True,True,NOT_HASHED
H:\葵花202303_202510\202407\12\NC_H09_20240712_0300_R21_FLDK.06001_06001.nc,True,True,NOT_HASHED
H:\葵花202303_202510\202407\12\NC_H09_20240712_0310_R21_FLDK.06001_06001.nc,True,True,NOT_HASHED
H:\葵花202303_202510\202407\12\NC_H09_20240712_0320_R21_FLDK.06001_06001.nc,True,True,NOT_HASHED
H:\葵花202303_202510\202407\12\NC_H09_20240712_0330_R21_FLDK.06001_06001.nc,True,True,NOT_HASHED
H:\葵花202303_202510\202407\12\NC_H09_20240712_0340_R21_FLDK.06001_06001.nc,True,True,NOT_HASHED
H:\葵花202303_202510\202407\12\NC_H09_20240712_0350_R21_FLDK.06001_06001.nc,True,True,NOT_HASHED
H:\葵花202303_202510\202407\12\NC_H09_20240712_0400_R21_FLDK.06001_06001.nc,True,True,NOT_HASHED
H:\葵花202303_202510\202407\12\NC_H09_20240712_0410_R21_FLDK.06001_06001.nc,True,True,NOT_HASHED
H:\葵花202303_202510\202407\12\NC_H09_20240712_0420_R21_FLDK.06001_06001.nc,True,True,NOT_HASHED
H:\葵花202303_202510\202407\12\NC_H09_20240712_0430_R21_FLDK.06001_06001.nc,True,True,NOT_HASHED
H:\葵花202303_202510\202407\12\NC_H09_20240712_0440_R21_FLDK.06001_06001.nc,True,True,NOT_HASHED
H:\葵花202303_202510\202407\12\NC_H09_20240712_0450_R21_FLDK.06001_06001.nc,True,True,NOT_HASHED
H:\葵花202303_202510\202407\12\NC_H09_20240712_0500_R21_FLDK.06001_06001.nc,True,True,NOT_HASHED
H:\葵花202303_202510\202407\12\NC_H09_20240712_0510_R21_FLDK.06001_06001.nc,True,True,NOT_HASHED
H:\葵花202303_202510\202407\12\NC_H09_20240712_0520_R21_FLDK.06001_06001.nc,True,True,NOT_HASHED
H:\葵花202303_202510\202407\12\NC_H09_20240712_0530_R21_FLDK.06001_06001.nc,True,True,NOT_HASHED
H:\葵花202303_202510\202407\12\NC_H09_20240712_0540_R21_FLDK.06001_06001.nc,True,True,NOT_HASHED
H:\葵花202303_202510\202407\12\NC_H09_20240712_0550_R21_FLDK.06001_06001.nc,True,True,NOT_HASHED
H:\葵花202303_202510\202407\12\NC_H09_20240712_0600_R21_FLDK.06001_06001.nc,True,True,NOT_HASHED
H:\葵花202303_202510\202407\12\NC_H09_20240712_0610_R21_FLDK.06001_06001.nc,True,True,NOT_HASHED
H:\葵花202303_202510\202407\12\NC_H09_20240712_0620_R21_FLDK.06001_06001.nc,True,True,NOT_HASHED
H:\葵花202303_202510\202407\12\NC_H09_20240712_0630_R21_FLDK.06001_06001.nc,True,True,NOT_HASHED
H:\葵花202303_202510\202407\12\NC_H09_20240712_0640_R21_FLDK.06001_06001.nc,True,True,NOT_HASHED
H:\葵花202303_202510\202407\12\NC_H09_20240712_0650_R21_FLDK.06001_06001.nc,True,True,NOT_HASHED
H:\葵花202303_202510\202407\12\NC_H09_20240712_0700_R21_FLDK.06001_06001.nc,True,True,NOT_HASHED
H:\葵花202303_202510\202407\12\NC_H09_20240712_0710_R21_FLDK.06001_06001.nc,True,True,NOT_HASHED
H:\葵花202303_202510\202407\12\NC_H09_20240712_0720_R21_FLDK.06001_06001.nc,True,True,NOT_HASHED
H:\葵花202303_202510\202407\12\NC_H09_20240712_0730_R21_FLDK.06001_06001.nc,True,True,NOT_HASHED
H:\葵花202303_202510\202407\12\NC_H09_20240712_0740_R21_FLDK.06001_06001.nc,True,True,NOT_HASHED
H:\葵花202303_202510\202407\12\NC_H09_20240712_0750_R21_FLDK.06001_06001.nc,True,True,NOT_HASHED
H:\葵花202303_202510\202407\12\NC_H09_20240712_0800_R21_FLDK.06001_06001.nc,True,True,NOT_HASHED
H:\葵花202303_202510\202407\12\NC_H09_20240712_0810_R21_FLDK.06001_06001.nc,True,True,NOT_HASHED
H:\葵花202303_202510\202407\12\NC_H09_20240712_0820_R21_FLDK.06001_06001.nc,True,True,NOT_HASHED
H:\葵花202303_202510\202407\12\NC_H09_20240712_0830_R21_FLDK.06001_06001.nc,True,True,NOT_HASHED
H:\葵花202303_202510\202407\12\NC_H09_20240712_0840_R21_FLDK.06001_06001.nc,True,True,NOT_HASHED
H:\葵花202303_202510\202407\12\NC_H09_20240712_0850_R21_FLDK.06001_06001.nc,True,True,NOT_HASHED
H:\葵花202303_202510\202407\12\NC_H09_20240712_0900_R21_FLDK.06001_06001.nc,True,True,NOT_HASHED
H:\葵花202303_202510\202407\12\NC_H09_20240712_0910_R21_FLDK.06001_06001.nc,True,True,NOT_HASHED
H:\葵花202303_202510\202407\12\NC_H09_20240712_0920_R21_FLDK.06001_06001.nc,True,True,NOT_HASHED
H:\葵花202303_202510\202407\12\NC_H09_20240712_0930_R21_FLDK.06001_06001.nc,True,True,NOT_HASHED
H:\葵花202303_202510\202407\12\NC_H09_20240712_0940_R21_FLDK.06001_06001.nc,True,True,NOT_HASHED
H:\葵花202303_202510\202407\12\NC_H09_20240712_0950_R21_FLDK.06001_06001.nc,True,True,NOT_HASHED
H:\葵花202303_202510\202407\12\NC_H09_20240712_1000_R21_FLDK.06001_06001.nc,True,True,NOT_HASHED
H:\葵花202303_202510\202407\12\NC_H09_20240712_1010_R21_FLDK.06001_06001.nc,True,True,NOT_HASHED
H:\葵花202303_202510\202407\12\NC_H09_20240712_1020_R21_FLDK.06001_06001.nc,True,True,NOT_HASHED
H:\葵花202303_202510\202407\12\NC_H09_20240712_1030_R21_FLDK.06001_06001.nc,True,True,NOT_HASHED
H:\葵花202303_202510\202407\12\NC_H09_20240712_1040_R21_FLDK.06001_06001.nc,True,True,NOT_HASHED
H:\葵花202303_202510\202407\12\NC_H09_20240712_1050_R21_FLDK.06001_06001.nc,True,True,NOT_HASHED
H:\葵花202303_202510\202407\12\NC_H09_20240712_1100_R21_FLDK.06001_06001.nc,True,True,NOT_HASHED
H:\葵花202303_202510\202407\12\NC_H09_20240712_1110_R21_FLDK.06001_06001.nc,True,True,NOT_HASHED
H:\葵花202303_202510\202407\12\NC_H09_20240712_1120_R21_FLDK.06001_06001.nc,True,True,NOT_HASHED
H:\葵花202303_202510\202407\12\NC_H09_20240712_1130_R21_FLDK.06001_06001.nc,True,True,NOT_HASHED
H:\葵花202303_202510\202407\12\NC_H09_20240712_1140_R21_FLDK.06001_06001.nc,True,True,NOT_HASHED
H:\葵花202303_202510\202407\12\NC_H09_20240712_1150_R21_FLDK.06001_06001.nc,True,True,NOT_HASHED
H:\葵花202303_202510\202407\12\NC_H09_20240712_1200_R21_FLDK.06001_06001.nc,True,True,NOT_HASHED
H:\葵花202303_202510\202407\12\NC_H09_20240712_1210_R21_FLDK.06001_06001.nc,True,True,NOT_HASHED
H:\葵花202303_202510\202407\12\NC_H09_20240712_1220_R21_FLDK.06001_06001.nc,True,True,NOT_HASHED
H:\葵花202303_202510\202407\12\NC_H09_20240712_1230_R21_FLDK.06001_06001.nc,True,True,NOT_HASHED
H:\葵花202303_202510\202407\12\NC_H09_20240712_1240_R21_FLDK.06001_06001.nc,True,True,NOT_HASHED
H:\葵花202303_202510\202407\12\NC_H09_20240712_1250_R21_FLDK.06001_06001.nc,True,True,NOT_HASHED
H:\葵花202303_202510\202407\12\NC_H09_20240712_1300_R21_FLDK.06001_06001.nc,True,True,NOT_HASHED
H:\葵花202303_202510\202407\12\NC_H09_20240712_1310_R21_FLDK.06001_06001.nc,True,True,NOT_HASHED
H:\葵花202303_202510\202407\12\NC_H09_20240712_1320_R21_FLDK.06001_06001.nc,True,True,NOT_HASHED
H:\葵花202303_202510\202407\12\NC_H09_20240712_1330_R21_FLDK.06001_06001.nc,True,True,NOT_HASHED
H:\葵花202303_202510\202407\12\NC_H09_20240712_1340_R21_FLDK.06001_06001.nc,True,True,NOT_HASHED
H:\葵花202303_202510\202407\12\NC_H09_20240712_1350_R21_FLDK.06001_06001.nc,True,True,NOT_HASHED
H:\葵花202303_202510\202407\12\NC_H09_20240712_1400_R21_FLDK.06001_06001.nc,True,True,NOT_HASHED
H:\葵花202303_202510\202407\12\NC_H09_20240712_1410_R21_FLDK.06001_06001.nc,True,True,NOT_HASHED
H:\葵花202303_202510\202407\12\NC_H09_20240712_1420_R21_FLDK.06001_06001.nc,True,True,NOT_HASHED
H:\葵花202303_202510\202407\12\NC_H09_20240712_1430_R21_FLDK.06001_06001.nc,True,True,NOT_HASHED
H:\葵花202303_202510\202407\12\NC_H09_20240712_1450_R21_FLDK.06001_06001.nc,True,True,NOT_HASHED
H:\葵花202303_202510\202407\12\NC_H09_20240712_1500_R21_FLDK.06001_06001.nc,True,True,NOT_HASHED
H:\葵花202303_202510\202407\12\NC_H09_20240712_1510_R21_FLDK.06001_06001.nc,True,True,NOT_HASHED
H:\葵花202303_202510\202407\12\NC_H09_20240712_1520_R21_FLDK.06001_06001.nc,True,True,NOT_HASHED
H:\葵花202303_202510\202407\12\NC_H09_20240712_1530_R21_FLDK.06001_06001.nc,True,True,NOT_HASHED
H:\葵花202303_202510\202407\12\NC_H09_20240712_1540_R21_FLDK.06001_06001.nc,True,True,NOT_HASHED
H:\葵花202303_202510\202407\12\NC_H09_20240712_1550_R21_FLDK.06001_06001.nc,True,True,NOT_HASHED
H:\葵花202303_202510\202407\12\NC_H09_20240712_1600_R21_FLDK.06001_06001.nc,True,True,NOT_HASHED
H:\葵花202303_202510\202407\12\NC_H09_20240712_1610_R21_FLDK.06001_06001.nc,True,True,NOT_HASHED
H:\葵花202303_202510\202407\12\NC_H09_20240712_1620_R21_FLDK.06001_06001.nc,True,True,NOT_HASHED
H:\葵花202303_202510\202407\12\NC_H09_20240712_1630_R21_FLDK.06001_06001.nc,True,True,NOT_HASHED
H:\葵花202303_202510\202407\12\NC_H09_20240712_1640_R21_FLDK.06001_06001.nc,True,True,NOT_HASHED
H:\葵花202303_202510\202407\12\NC_H09_20240712_1650_R21_FLDK.06001_06001.nc,True,True,NOT_HASHED
H:\葵花202303_202510\202407\12\NC_H09_20240712_1700_R21_FLDK.06001_06001.nc,True,True,NOT_HASHED
H:\葵花202303_202510\202407\12\NC_H09_20240712_1710_R21_FLDK.06001_06001.nc,True,True,NOT_HASHED
H:\葵花202303_202510\202407\12\NC_H09_20240712_1720_R21_FLDK.06001_06001.nc,True,True,NOT_HASHED
H:\葵花202303_202510\202407\12\NC_H09_20240712_1730_R21_FLDK.06001_06001.nc,True,True,NOT_HASHED
H:\葵花202303_202510\202407\12\NC_H09_20240712_1740_R21_FLDK.06001_06001.nc,True,True,NOT_HASHED
H:\葵花202303_202510\202407\12\NC_H09_20240712_1750_R21_FLDK.06001_06001.nc,True,True,NOT_HASHED
H:\葵花202303_202510\202407\12\NC_H09_20240712_1800_R21_FLDK.06001_06001.nc,True,True,NOT_HASHED
H:\葵花202303_202510\202407\12\NC_H09_20240712_1810_R21_FLDK.06001_06001.nc,True,True,NOT_HASHED
H:\葵花202303_202510\202407\12\NC_H09_20240712_1820_R21_FLDK.06001_06001.nc,True,True,NOT_HASHED
H:\葵花202303_202510\202407\12\NC_H09_20240712_1830_R21_FLDK.06001_06001.nc,True,True,NOT_HASHED
H:\葵花202303_202510\202407\12\NC_H09_20240712_1840_R21_FLDK.06001_06001.nc,True,True,NOT_HASHED
H:\葵花202303_202510\202407\12\NC_H09_20240712_1850_R21_FLDK.06001_06001.nc,True,True,NOT_HASHED
H:\葵花202303_202510\202407\12\NC_H09_20240712_1900_R21_FLDK.06001_06001.nc,True,True,NOT_HASHED
H:\葵花202303_202510\202407\12\NC_H09_20240712_1910_R21_FLDK.06001_06001.nc,True,True,NOT_HASHED
H:\葵花202303_202510\202407\12\NC_H09_20240712_1920_R21_FLDK.06001_06001.nc,True,True,NOT_HASHED
H:\葵花202303_202510\202407\12\NC_H09_20240712_1930_R21_FLDK.06001_06001.nc,True,True,NOT_HASHED
H:\葵花202303_202510\202407\12\NC_H09_20240712_1940_R21_FLDK.06001_06001.nc,True,True,NOT_HASHED
H:\葵花202303_202510\202407\12\NC_H09_20240712_1950_R21_FLDK.06001_06001.nc,True,True,NOT_HASHED
H:\葵花202303_202510\202407\12\NC_H09_20240712_2000_R21_FLDK.06001_06001.nc,True,True,NOT_HASHED
H:\葵花202303_202510\202407\12\NC_H09_20240712_2010_R21_FLDK.06001_06001.nc,True,True,NOT_HASHED
H:\葵花202303_202510\202407\12\NC_H09_20240712_2020_R21_FLDK.06001_06001.nc,True,True,NOT_HASHED
H:\葵花202303_202510\202407\12\NC_H09_20240712_2030_R21_FLDK.06001_06001.nc,True,True,NOT_HASHED
H:\葵花202303_202510\202407\12\NC_H09_20240712_2040_R21_FLDK.06001_06001.nc,True,True,NOT_HASHED
H:\葵花202303_202510\202407\12\NC_H09_20240712_2050_R21_FLDK.06001_06001.nc,True,True,NOT_HASHED
H:\葵花202303_202510\202407\12\NC_H09_20240712_2100_R21_FLDK.06001_06001.nc,True,True,NOT_HASHED
H:\葵花202303_202510\202407\12\NC_H09_20240712_2110_R21_FLDK.06001_06001.nc,True,True,NOT_HASHED
H:\葵花202303_202510\202407\12\NC_H09_20240712_2120_R21_FLDK.06001_06001.nc,True,True,NOT_HASHED
H:\葵花202303_202510\202407\12\NC_H09_20240712_2130_R21_FLDK.06001_06001.nc,True,True,NOT_HASHED
H:\葵花202303_202510\202407\12\NC_H09_20240712_2140_R21_FLDK.06001_06001.nc,True,True,NOT_HASHED
H:\葵花202303_202510\202407\12\NC_H09_20240712_2150_R21_FLDK.06001_06001.nc,True,True,NOT_HASHED
H:\葵花202303_202510\202407\12\NC_H09_20240712_2200_R21_FLDK.06001_06001.nc,True,True,NOT_HASHED
H:\葵花202303_202510\202407\12\NC_H09_20240712_2210_R21_FLDK.06001_06001.nc,True,True,NOT_HASHED
H:\葵花202303_202510\202407\12\NC_H09_20240712_2220_R21_FLDK.06001_06001.nc,True,True,NOT_HASHED
H:\葵花202303_202510\202407\12\NC_H09_20240712_2230_R21_FLDK.06001_06001.nc,True,True,NOT_HASHED
H:\葵花202303_202510\202407\12\NC_H09_20240712_2240_R21_FLDK.06001_06001.nc,True,True,NOT_HASHED
H:\葵花202303_202510\202407\12\NC_H09_20240712_2250_R21_FLDK.06001_06001.nc,True,True,NOT_HASHED
H:\葵花202303_202510\202407\12\NC_H09_20240712_2300_R21_FLDK.06001_06001.nc,True,True,NOT_HASHED
H:\葵花202303_202510\202407\12\NC_H09_20240712_2310_R21_FLDK.06001_06001.nc,True,True,NOT_HASHED
H:\葵花202303_202510\202407\12\NC_H09_20240712_2320_R21_FLDK.06001_06001.nc,True,True,NOT_HASHED
H:\葵花202303_202510\202407\12\NC_H09_20240712_2330_R21_FLDK.06001_06001.nc,True,True,NOT_HASHED
H:\葵花202303_202510\202407\12\NC_H09_20240712_2340_R21_FLDK.06001_06001.nc,True,True,NOT_HASHED
H:\葵花202303_202510\202407\12\NC_H09_20240712_2350_R21_FLDK.06001_06001.nc,True,True,NOT_HASHED
H:\葵花202303_202510\202407\13\NC_H09_20240713_0000_R21_FLDK.06001_06001.nc,True,True,NOT_HASHED
H:\葵花202303_202510\202407\13\NC_H09_20240713_0010_R21_FLDK.06001_06001.nc,True,True,NOT_HASHED
H:\葵花202303_202510\202407\13\NC_H09_20240713_0020_R21_FLDK.06001_06001.nc,True,True,NOT_HASHED
H:\葵花202303_202510\202407\13\NC_H09_20240713_0030_R21_FLDK.06001_06001.nc,True,True,NOT_HASHED
H:\葵花202303_202510\202407\13\NC_H09_20240713_0040_R21_FLDK.06001_06001.nc,True,True,NOT_HASHED
H:\葵花202303_202510\202407\13\NC_H09_20240713_0050_R21_FLDK.06001_06001.nc,True,True,NOT_HASHED
H:\葵花202303_202510\202407\13\NC_H09_20240713_0100_R21_FLDK.06001_06001.nc,True,True,NOT_HASHED
H:\葵花202303_202510\202407\13\NC_H09_20240713_0110_R21_FLDK.06001_06001.nc,True,True,NOT_HASHED
H:\葵花202303_202510\202407\13\NC_H09_20240713_0120_R21_FLDK.06001_06001.nc,True,True,NOT_HASHED
H:\葵花202303_202510\202407\13\NC_H09_20240713_0130_R21_FLDK.06001_06001.nc,True,True,NOT_HASHED
H:\葵花202303_202510\202407\13\NC_H09_20240713_0140_R21_FLDK.06001_06001.nc,True,True,NOT_HASHED
H:\葵花202303_202510\202407\13\NC_H09_20240713_0150_R21_FLDK.06001_06001.nc,True,True,NOT_HASHED
H:\葵花202303_202510\202407\13\NC_H09_20240713_0200_R21_FLDK.06001_06001.nc,True,True,NOT_HASHED
H:\葵花202303_202510\202407\13\NC_H09_20240713_0210_R21_FLDK.06001_06001.nc,True,True,NOT_HASHED
H:\葵花202303_202510\202407\13\NC_H09_20240713_0220_R21_FLDK.06001_06001.nc,True,True,NOT_HASHED
H:\葵花202303_202510\202407\13\NC_H09_20240713_0230_R21_FLDK.06001_06001.nc,True,True,NOT_HASHED
H:\葵花202303_202510\202407\13\NC_H09_20240713_0250_R21_FLDK.06001_06001.nc,True,True,NOT_HASHED
H:\葵花202303_202510\202407\13\NC_H09_20240713_0300_R21_FLDK.06001_06001.nc,True,True,NOT_HASHED
H:\葵花202303_202510\202407\13\NC_H09_20240713_0310_R21_FLDK.06001_06001.nc,True,True,NOT_HASHED
H:\葵花202303_202510\202407\13\NC_H09_20240713_0320_R21_FLDK.06001_06001.nc,True,True,NOT_HASHED
H:\葵花202303_202510\202407\13\NC_H09_20240713_0330_R21_FLDK.06001_06001.nc,True,True,NOT_HASHED
H:\葵花202303_202510\202407\13\NC_H09_20240713_0340_R21_FLDK.06001_06001.nc,True,True,NOT_HASHED
H:\葵花202303_202510\202407\13\NC_H09_20240713_0350_R21_FLDK.06001_06001.nc,True,True,NOT_HASHED
H:\葵花202303_202510\202407\13\NC_H09_20240713_0400_R21_FLDK.06001_06001.nc,True,True,NOT_HASHED
H:\葵花202303_202510\202407\13\NC_H09_20240713_0410_R21_FLDK.06001_06001.nc,True,True,NOT_HASHED
H:\葵花202303_202510\202407\13\NC_H09_20240713_0420_R21_FLDK.06001_06001.nc,True,True,NOT_HASHED
H:\葵花202303_202510\202407\13\NC_H09_20240713_0430_R21_FLDK.06001_06001.nc,True,True,NOT_HASHED
H:\葵花202303_202510\202407\13\NC_H09_20240713_0440_R21_FLDK.06001_06001.nc,True,True,NOT_HASHED
H:\葵花202303_202510\202407\13\NC_H09_20240713_0450_R21_FLDK.06001_06001.nc,True,True,NOT_HASHED
H:\葵花202303_202510\202407\13\NC_H09_20240713_0500_R21_FLDK.06001_06001.nc,True,True,NOT_HASHED
H:\葵花202303_202510\202407\13\NC_H09_20240713_0510_R21_FLDK.06001_06001.nc,True,True,NOT_HASHED
H:\葵花202303_202510\202407\13\NC_H09_20240713_0520_R21_FLDK.06001_06001.nc,True,True,NOT_HASHED
H:\葵花202303_202510\202407\13\NC_H09_20240713_0530_R21_FLDK.06001_06001.nc,True,True,NOT_HASHED
H:\葵花202303_202510\202407\13\NC_H09_20240713_0540_R21_FLDK.06001_06001.nc,True,True,NOT_HASHED
H:\葵花202303_202510\202407\13\NC_H09_20240713_0550_R21_FLDK.06001_06001.nc,True,True,NOT_HASHED
H:\葵花202303_202510\202407\13\NC_H09_20240713_0600_R21_FLDK.06001_06001.nc,True,True,NOT_HASHED
H:\葵花202303_202510\202407\13\NC_H09_20240713_0610_R21_FLDK.06001_06001.nc,True,True,NOT_HASHED
H:\葵花202303_202510\202407\13\NC_H09_20240713_0620_R21_FLDK.06001_06001.nc,True,True,NOT_HASHED
H:\葵花202303_202510\202407\13\NC_H09_20240713_0630_R21_FLDK.06001_06001.nc,True,True,NOT_HASHED
H:\葵花202303_202510\202407\13\NC_H09_20240713_0640_R21_FLDK.06001_06001.nc,True,True,NOT_HASHED
H:\葵花202303_202510\202407\13\NC_H09_20240713_0650_R21_FLDK.06001_06001.nc,True,True,NOT_HASHED
H:\葵花202303_202510\202407\13\NC_H09_20240713_0700_R21_FLDK.06001_06001.nc,True,True,NOT_HASHED
H:\葵花202303_202510\202407\13\NC_H09_20240713_0710_R21_FLDK.06001_06001.nc,True,True,NOT_HASHED
H:\葵花202303_202510\202407\13\NC_H09_20240713_0720_R21_FLDK.06001_06001.nc,True,True,NOT_HASHED
H:\葵花202303_202510\202407\13\NC_H09_20240713_0730_R21_FLDK.06001_06001.nc,True,True,NOT_HASHED
H:\葵花202303_202510\202407\13\NC_H09_20240713_0740_R21_FLDK.06001_06001.nc,True,True,NOT_HASHED
H:\葵花202303_202510\202407\13\NC_H09_20240713_0750_R21_FLDK.06001_06001.nc,True,True,NOT_HASHED
H:\葵花202303_202510\202407\13\NC_H09_20240713_0800_R21_FLDK.06001_06001.nc,True,True,NOT_HASHED
H:\葵花202303_202510\202407\13\NC_H09_20240713_0810_R21_FLDK.06001_06001.nc,True,True,NOT_HASHED
H:\葵花202303_202510\202407\13\NC_H09_20240713_0820_R21_FLDK.06001_06001.nc,True,True,NOT_HASHED
H:\葵花202303_202510\202407\13\NC_H09_20240713_0830_R21_FLDK.06001_06001.nc,True,True,NOT_HASHED
H:\葵花202303_202510\202407\13\NC_H09_20240713_0840_R21_FLDK.06001_06001.nc,True,True,NOT_HASHED
H:\葵花202303_202510\202407\13\NC_H09_20240713_0850_R21_FLDK.06001_06001.nc,True,True,NOT_HASHED
H:\葵花202303_202510\202407\13\NC_H09_20240713_0900_R21_FLDK.06001_06001.nc,True,True,NOT_HASHED
H:\葵花202303_202510\202407\13\NC_H09_20240713_0910_R21_FLDK.06001_06001.nc,True,True,NOT_HASHED
H:\葵花202303_202510\202407\13\NC_H09_20240713_0920_R21_FLDK.06001_06001.nc,True,True,NOT_HASHED
H:\葵花202303_202510\202407\13\NC_H09_20240713_0930_R21_FLDK.06001_06001.nc,True,True,NOT_HASHED
H:\葵花202303_202510\202407\13\NC_H09_20240713_0940_R21_FLDK.06001_06001.nc,True,True,NOT_HASHED
H:\葵花202303_202510\202407\13\NC_H09_20240713_0950_R21_FLDK.06001_06001.nc,True,True,NOT_HASHED
H:\葵花202303_202510\202407\13\NC_H09_20240713_1000_R21_FLDK.06001_06001.nc,True,True,NOT_HASHED
H:\葵花202303_202510\202407\13\NC_H09_20240713_1010_R21_FLDK.06001_06001.nc,True,True,NOT_HASHED
H:\葵花202303_202510\202407\13\NC_H09_20240713_1020_R21_FLDK.06001_06001.nc,True,True,NOT_HASHED
H:\葵花202303_202510\202407\13\NC_H09_20240713_1030_R21_FLDK.06001_06001.nc,True,True,NOT_HASHED
H:\葵花202303_202510\202407\13\NC_H09_20240713_1040_R21_FLDK.06001_06001.nc,True,True,NOT_HASHED
H:\葵花202303_202510\202407\13\NC_H09_20240713_1050_R21_FLDK.06001_06001.nc,True,True,NOT_HASHED
H:\葵花202303_202510\202407\13\NC_H09_20240713_1100_R21_FLDK.06001_06001.nc,True,True,NOT_HASHED
H:\葵花202303_202510\202407\13\NC_H09_20240713_1110_R21_FLDK.06001_06001.nc,True,True,NOT_HASHED
H:\葵花202303_202510\202407\13\NC_H09_20240713_1120_R21_FLDK.06001_06001.nc,True,True,NOT_HASHED
H:\葵花202303_202510\202407\13\NC_H09_20240713_1130_R21_FLDK.06001_06001.nc,True,True,NOT_HASHED
H:\葵花202303_202510\202407\13\NC_H09_20240713_1140_R21_FLDK.06001_06001.nc,True,True,NOT_HASHED
H:\葵花202303_202510\202407\13\NC_H09_20240713_1150_R21_FLDK.06001_06001.nc,True,True,NOT_HASHED
H:\葵花202303_202510\202407\13\NC_H09_20240713_1200_R21_FLDK.06001_06001.nc,True,True,NOT_HASHED
H:\葵花202303_202510\202407\13\NC_H09_20240713_1210_R21_FLDK.06001_06001.nc,True,True,NOT_HASHED
H:\葵花202303_202510\202407\13\NC_H09_20240713_1220_R21_FLDK.06001_06001.nc,True,True,NOT_HASHED
H:\葵花202303_202510\202407\13\NC_H09_20240713_1230_R21_FLDK.06001_06001.nc,True,True,NOT_HASHED
H:\葵花202303_202510\202407\13\NC_H09_20240713_1240_R21_FLDK.06001_06001.nc,True,True,NOT_HASHED
H:\葵花202303_202510\202407\13\NC_H09_20240713_1250_R21_FLDK.06001_06001.nc,True,True,NOT_HASHED
H:\葵花202303_202510\202407\13\NC_H09_20240713_1300_R21_FLDK.06001_06001.nc,True,True,NOT_HASHED
H:\葵花202303_202510\202407\13\NC_H09_20240713_1310_R21_FLDK.06001_06001.nc,True,True,NOT_HASHED
H:\葵花202303_202510\202407\13\NC_H09_20240713_1320_R21_FLDK.06001_06001.nc,True,True,NOT_HASHED
H:\葵花202303_202510\202407\13\NC_H09_20240713_1330_R21_FLDK.06001_06001.nc,True,True,NOT_HASHED
H:\葵花202303_202510\202407\13\NC_H09_20240713_1340_R21_FLDK.06001_06001.nc,True,True,NOT_HASHED
H:\葵花202303_202510\202407\13\NC_H09_20240713_1350_R21_FLDK.06001_06001.nc,True,True,NOT_HASHED
H:\葵花202303_202510\202407\13\NC_H09_20240713_1400_R21_FLDK.06001_06001.nc,True,True,NOT_HASHED
H:\葵花202303_202510\202407\13\NC_H09_20240713_1410_R21_FLDK.06001_06001.nc,True,True,NOT_HASHED
H:\葵花202303_202510\202407\13\NC_H09_20240713_1420_R21_FLDK.06001_06001.nc,True,True,NOT_HASHED
H:\葵花202303_202510\202407\13\NC_H09_20240713_1430_R21_FLDK.06001_06001.nc,True,True,NOT_HASHED
H:\葵花202303_202510\202407\13\NC_H09_20240713_1450_R21_FLDK.06001_06001.nc,True,True,NOT_HASHED
H:\葵花202303_202510\202407\13\NC_H09_20240713_1500_R21_FLDK.06001_06001.nc,True,True,NOT_HASHED
H:\葵花202303_202510\202407\13\NC_H09_20240713_1510_R21_FLDK.06001_06001.nc,True,True,NOT_HASHED
H:\葵花202303_202510\202407\13\NC_H09_20240713_1520_R21_FLDK.06001_06001.nc,True,True,NOT_HASHED
H:\葵花202303_202510\202407\13\NC_H09_20240713_1530_R21_FLDK.06001_06001.nc,True,True,NOT_HASHED
H:\葵花202303_202510\202407\13\NC_H09_20240713_1540_R21_FLDK.06001_06001.nc,True,True,NOT_HASHED
H:\葵花202303_202510\202407\13\NC_H09_20240713_1550_R21_FLDK.06001_06001.nc,True,True,NOT_HASHED
H:\葵花202303_202510\202407\13\NC_H09_20240713_1600_R21_FLDK.06001_06001.nc,True,True,NOT_HASHED
H:\葵花202303_202510\202407\13\NC_H09_20240713_1610_R21_FLDK.06001_06001.nc,True,True,NOT_HASHED
H:\葵花202303_202510\202407\13\NC_H09_20240713_1620_R21_FLDK.06001_06001.nc,True,True,NOT_HASHED
H:\葵花202303_202510\202407\13\NC_H09_20240713_1630_R21_FLDK.06001_06001.nc,True,True,NOT_HASHED
H:\葵花202303_202510\202407\13\NC_H09_20240713_1640_R21_FLDK.06001_06001.nc,True,True,NOT_HASHED
H:\葵花202303_202510\202407\13\NC_H09_20240713_1650_R21_FLDK.06001_06001.nc,True,True,NOT_HASHED
H:\葵花202303_202510\202407\13\NC_H09_20240713_1700_R21_FLDK.06001_06001.nc,True,True,NOT_HASHED
H:\葵花202303_202510\202407\13\NC_H09_20240713_1710_R21_FLDK.06001_06001.nc,True,True,NOT_HASHED
H:\葵花202303_202510\202407\13\NC_H09_20240713_1720_R21_FLDK.06001_06001.nc,True,True,NOT_HASHED
H:\葵花202303_202510\202407\13\NC_H09_20240713_1730_R21_FLDK.06001_06001.nc,True,True,NOT_HASHED
H:\葵花202303_202510\202407\13\NC_H09_20240713_1740_R21_FLDK.06001_06001.nc,True,True,NOT_HASHED
H:\葵花202303_202510\202407\13\NC_H09_20240713_1750_R21_FLDK.06001_06001.nc,True,True,NOT_HASHED
H:\葵花202303_202510\202407\13\NC_H09_20240713_1800_R21_FLDK.06001_06001.nc,True,True,NOT_HASHED
H:\葵花202303_202510\202407\13\NC_H09_20240713_1810_R21_FLDK.06001_06001.nc,True,True,NOT_HASHED
H:\葵花202303_202510\202407\13\NC_H09_20240713_1820_R21_FLDK.06001_06001.nc,True,True,NOT_HASHED
H:\葵花202303_202510\202407\13\NC_H09_20240713_1830_R21_FLDK.06001_06001.nc,True,True,NOT_HASHED
H:\葵花202303_202510\202407\13\NC_H09_20240713_1840_R21_FLDK.06001_06001.nc,True,True,NOT_HASHED
H:\葵花202303_202510\202407\13\NC_H09_20240713_1850_R21_FLDK.06001_06001.nc,True,True,NOT_HASHED
H:\葵花202303_202510\202407\13\NC_H09_20240713_1900_R21_FLDK.06001_06001.nc,True,True,NOT_HASHED
H:\葵花202303_202510\202407\13\NC_H09_20240713_1910_R21_FLDK.06001_06001.nc,True,True,NOT_HASHED
H:\葵花202303_202510\202407\13\NC_H09_20240713_1920_R21_FLDK.06001_06001.nc,True,True,NOT_HASHED
H:\葵花202303_202510\202407\13\NC_H09_20240713_1930_R21_FLDK.06001_06001.nc,True,True,NOT_HASHED
H:\葵花202303_202510\202407\13\NC_H09_20240713_1940_R21_FLDK.06001_06001.nc,True,True,NOT_HASHED
H:\葵花202303_202510\202407\13\NC_H09_20240713_1950_R21_FLDK.06001_06001.nc,True,True,NOT_HASHED
H:\葵花202303_202510\202407\13\NC_H09_20240713_2000_R21_FLDK.06001_06001.nc,True,True,NOT_HASHED
H:\葵花202303_202510\202407\13\NC_H09_20240713_2010_R21_FLDK.06001_06001.nc,True,True,NOT_HASHED
H:\葵花202303_202510\202407\13\NC_H09_20240713_2020_R21_FLDK.06001_06001.nc,True,True,NOT_HASHED
H:\葵花202303_202510\202407\13\NC_H09_20240713_2030_R21_FLDK.06001_06001.nc,True,True,NOT_HASHED
H:\葵花202303_202510\202407\13\NC_H09_20240713_2040_R21_FLDK.06001_06001.nc,True,True,NOT_HASHED
H:\葵花202303_202510\202407\13\NC_H09_20240713_2050_R21_FLDK.06001_06001.nc,True,True,NOT_HASHED
H:\葵花202303_202510\202407\13\NC_H09_20240713_2100_R21_FLDK.06001_06001.nc,True,True,NOT_HASHED
H:\葵花202303_202510\202407\13\NC_H09_20240713_2110_R21_FLDK.06001_06001.nc,True,True,NOT_HASHED
H:\葵花202303_202510\202407\13\NC_H09_20240713_2120_R21_FLDK.06001_06001.nc,True,True,NOT_HASHED
H:\葵花202303_202510\202407\13\NC_H09_20240713_2130_R21_FLDK.06001_06001.nc,True,True,NOT_HASHED
H:\葵花202303_202510\202407\13\NC_H09_20240713_2140_R21_FLDK.06001_06001.nc,True,True,NOT_HASHED
H:\葵花202303_202510\202407\13\NC_H09_20240713_2150_R21_FLDK.06001_06001.nc,True,True,NOT_HASHED
H:\葵花202303_202510\202407\13\NC_H09_20240713_2200_R21_FLDK.06001_06001.nc,True,True,NOT_HASHED
H:\葵花202303_202510\202407\13\NC_H09_20240713_2210_R21_FLDK.06001_06001.nc,True,True,NOT_HASHED
H:\葵花202303_202510\202407\13\NC_H09_20240713_2220_R21_FLDK.06001_06001.nc,True,True,NOT_HASHED
H:\葵花202303_202510\202407\13\NC_H09_20240713_2230_R21_FLDK.06001_06001.nc,True,True,NOT_HASHED
H:\葵花202303_202510\202407\13\NC_H09_20240713_2240_R21_FLDK.06001_06001.nc,True,True,NOT_HASHED
H:\葵花202303_202510\202407\13\NC_H09_20240713_2250_R21_FLDK.06001_06001.nc,True,True,NOT_HASHED
H:\葵花202303_202510\202407\13\NC_H09_20240713_2300_R21_FLDK.06001_06001.nc,True,True,NOT_HASHED
H:\葵花202303_202510\202407\13\NC_H09_20240713_2310_R21_FLDK.06001_06001.nc,True,True,NOT_HASHED
H:\葵花202303_202510\202407\13\NC_H09_20240713_2320_R21_FLDK.06001_06001.nc,True,True,NOT_HASHED
H:\葵花202303_202510\202407\13\NC_H09_20240713_2330_R21_FLDK.06001_06001.nc,True,True,NOT_HASHED
H:\葵花202303_202510\202407\13\NC_H09_20240713_2340_R21_FLDK.06001_06001.nc,True,True,NOT_HASHED
H:\葵花202303_202510\202407\13\NC_H09_20240713_2350_R21_FLDK.06001_06001.nc,True,True,NOT_HASHED
H:\葵花202303_202510\202407\14\NC_H09_20240714_0000_R21_FLDK.06001_06001.nc,True,True,NOT_HASHED
H:\葵花202303_202510\202407\14\NC_H09_20240714_0010_R21_FLDK.06001_06001.nc,True,True,NOT_HASHED
H:\葵花202303_202510\202407\14\NC_H09_20240714_0020_R21_FLDK.06001_06001.nc,True,True,NOT_HASHED
H:\葵花202303_202510\202407\14\NC_H09_20240714_0030_R21_FLDK.06001_06001.nc,True,True,NOT_HASHED
H:\葵花202303_202510\202407\14\NC_H09_20240714_0040_R21_FLDK.06001_06001.nc,True,True,NOT_HASHED
H:\葵花202303_202510\202407\14\NC_H09_20240714_0050_R21_FLDK.06001_06001.nc,True,True,NOT_HASHED
H:\葵花202303_202510\202407\14\NC_H09_20240714_0100_R21_FLDK.06001_06001.nc,True,True,NOT_HASHED
H:\葵花202303_202510\202407\14\NC_H09_20240714_0110_R21_FLDK.06001_06001.nc,True,True,NOT_HASHED
H:\葵花202303_202510\202407\14\NC_H09_20240714_0120_R21_FLDK.06001_06001.nc,True,True,NOT_HASHED
H:\葵花202303_202510\202407\14\NC_H09_20240714_0130_R21_FLDK.06001_06001.nc,True,True,NOT_HASHED
H:\葵花202303_202510\202407\14\NC_H09_20240714_0140_R21_FLDK.06001_06001.nc,True,True,NOT_HASHED
H:\葵花202303_202510\202407\14\NC_H09_20240714_0150_R21_FLDK.06001_06001.nc,True,True,NOT_HASHED
H:\葵花202303_202510\202407\14\NC_H09_20240714_0200_R21_FLDK.06001_06001.nc,True,True,NOT_HASHED
H:\葵花202303_202510\202407\14\NC_H09_20240714_0210_R21_FLDK.06001_06001.nc,True,True,NOT_HASHED
H:\葵花202303_202510\202407\14\NC_H09_20240714_0220_R21_FLDK.06001_06001.nc,True,True,NOT_HASHED
H:\葵花202303_202510\202407\14\NC_H09_20240714_0230_R21_FLDK.06001_06001.nc,True,True,NOT_HASHED
H:\葵花202303_202510\202407\14\NC_H09_20240714_0250_R21_FLDK.06001_06001.nc,True,True,NOT_HASHED
H:\葵花202303_202510\202407\14\NC_H09_20240714_0300_R21_FLDK.06001_06001.nc,True,True,NOT_HASHED
H:\葵花202303_202510\202407\14\NC_H09_20240714_0310_R21_FLDK.06001_06001.nc,True,True,NOT_HASHED
H:\葵花202303_202510\202407\14\NC_H09_20240714_0320_R21_FLDK.06001_06001.nc,True,True,NOT_HASHED
H:\葵花202303_202510\202407\14\NC_H09_20240714_0330_R21_FLDK.06001_06001.nc,True,True,NOT_HASHED
H:\葵花202303_202510\202407\14\NC_H09_20240714_0340_R21_FLDK.06001_06001.nc,True,True,NOT_HASHED
H:\葵花202303_202510\202407\14\NC_H09_20240714_0350_R21_FLDK.06001_06001.nc,True,True,NOT_HASHED
H:\葵花202303_202510\202407\14\NC_H09_20240714_0400_R21_FLDK.06001_06001.nc,True,True,NOT_HASHED
H:\葵花202303_202510\202407\14\NC_H09_20240714_0410_R21_FLDK.06001_06001.nc,True,True,NOT_HASHED
H:\葵花202303_202510\202407\14\NC_H09_20240714_0420_R21_FLDK.06001_06001.nc,True,True,NOT_HASHED
H:\葵花202303_202510\202407\14\NC_H09_20240714_0430_R21_FLDK.06001_06001.nc,True,True,NOT_HASHED
H:\葵花202303_202510\202407\14\NC_H09_20240714_0440_R21_FLDK.06001_06001.nc,True,True,NOT_HASHED
H:\葵花202303_202510\202407\14\NC_H09_20240714_0450_R21_FLDK.06001_06001.nc,True,True,NOT_HASHED
H:\葵花202303_202510\202407\14\NC_H09_20240714_0500_R21_FLDK.06001_06001.nc,True,True,NOT_HASHED
H:\葵花202303_202510\202407\14\NC_H09_20240714_0510_R21_FLDK.06001_06001.nc,True,True,NOT_HASHED
H:\葵花202303_202510\202407\14\NC_H09_20240714_0520_R21_FLDK.06001_06001.nc,True,True,NOT_HASHED
H:\葵花202303_202510\202407\14\NC_H09_20240714_0530_R21_FLDK.06001_06001.nc,True,True,NOT_HASHED
H:\葵花202303_202510\202407\14\NC_H09_20240714_0540_R21_FLDK.06001_06001.nc,True,True,NOT_HASHED
H:\葵花202303_202510\202407\14\NC_H09_20240714_0550_R21_FLDK.06001_06001.nc,True,True,NOT_HASHED
H:\葵花202303_202510\202407\14\NC_H09_20240714_0600_R21_FLDK.06001_06001.nc,True,True,NOT_HASHED
H:\葵花202303_202510\202407\14\NC_H09_20240714_0610_R21_FLDK.06001_06001.nc,True,True,NOT_HASHED
H:\葵花202303_202510\202407\14\NC_H09_20240714_0620_R21_FLDK.06001_06001.nc,True,True,NOT_HASHED
H:\葵花202303_202510\202407\14\NC_H09_20240714_0630_R21_FLDK.06001_06001.nc,True,True,NOT_HASHED
H:\葵花202303_202510\202407\14\NC_H09_20240714_0640_R21_FLDK.06001_06001.nc,True,True,NOT_HASHED
H:\葵花202303_202510\202407\14\NC_H09_20240714_0650_R21_FLDK.06001_06001.nc,True,True,NOT_HASHED
H:\葵花202303_202510\202407\14\NC_H09_20240714_0700_R21_FLDK.06001_06001.nc,True,True,NOT_HASHED
H:\葵花202303_202510\202407\14\NC_H09_20240714_0710_R21_FLDK.06001_06001.nc,True,True,NOT_HASHED
H:\葵花202303_202510\202407\14\NC_H09_20240714_0720_R21_FLDK.06001_06001.nc,True,True,NOT_HASHED
H:\葵花202303_202510\202407\14\NC_H09_20240714_0730_R21_FLDK.06001_06001.nc,True,True,NOT_HASHED
H:\葵花202303_202510\202407\14\NC_H09_20240714_0740_R21_FLDK.06001_06001.nc,True,True,NOT_HASHED
H:\葵花202303_202510\202407\14\NC_H09_20240714_0750_R21_FLDK.06001_06001.nc,True,True,NOT_HASHED
H:\葵花202303_202510\202407\14\NC_H09_20240714_0800_R21_FLDK.06001_06001.nc,True,True,NOT_HASHED
H:\葵花202303_202510\202407\14\NC_H09_20240714_0810_R21_FLDK.06001_06001.nc,True,True,NOT_HASHED
H:\葵花202303_202510\202407\14\NC_H09_20240714_0820_R21_FLDK.06001_06001.nc,True,True,NOT_HASHED
H:\葵花202303_202510\202407\14\NC_H09_20240714_0830_R21_FLDK.06001_06001.nc,True,True,NOT_HASHED
H:\葵花202303_202510\202407\14\NC_H09_20240714_0840_R21_FLDK.06001_06001.nc,True,True,NOT_HASHED
H:\葵花202303_202510\202407\14\NC_H09_20240714_0850_R21_FLDK.06001_06001.nc,True,True,NOT_HASHED
H:\葵花202303_202510\202407\14\NC_H09_20240714_0900_R21_FLDK.06001_06001.nc,True,True,NOT_HASHED
H:\葵花202303_202510\202407\14\NC_H09_20240714_0910_R21_FLDK.06001_06001.nc,True,True,NOT_HASHED
H:\葵花202303_202510\202407\14\NC_H09_20240714_0920_R21_FLDK.06001_06001.nc,True,True,NOT_HASHED
H:\葵花202303_202510\202407\14\NC_H09_20240714_0930_R21_FLDK.06001_06001.nc,True,True,NOT_HASHED
H:\葵花202303_202510\202407\14\NC_H09_20240714_0940_R21_FLDK.06001_06001.nc,True,True,NOT_HASHED
H:\葵花202303_202510\202407\14\NC_H09_20240714_0950_R21_FLDK.06001_06001.nc,True,True,NOT_HASHED
H:\葵花202303_202510\202407\14\NC_H09_20240714_1000_R21_FLDK.06001_06001.nc,True,True,NOT_HASHED
H:\葵花202303_202510\202407\14\NC_H09_20240714_1010_R21_FLDK.06001_06001.nc,True,True,NOT_HASHED
H:\葵花202303_202510\202407\14\NC_H09_20240714_1020_R21_FLDK.06001_06001.nc,True,True,NOT_HASHED
H:\葵花202303_202510\202407\14\NC_H09_20240714_1030_R21_FLDK.06001_06001.nc,True,True,NOT_HASHED
H:\葵花202303_202510\202407\14\NC_H09_20240714_1040_R21_FLDK.06001_06001.nc,True,True,NOT_HASHED
H:\葵花202303_202510\202407\14\NC_H09_20240714_1050_R21_FLDK.06001_06001.nc,True,True,NOT_HASHED
H:\葵花202303_202510\202407\14\NC_H09_20240714_1100_R21_FLDK.06001_06001.nc,True,True,NOT_HASHED
H:\葵花202303_202510\202407\14\NC_H09_20240714_1110_R21_FLDK.06001_06001.nc,True,True,NOT_HASHED
H:\葵花202303_202510\202407\14\NC_H09_20240714_1120_R21_FLDK.06001_06001.nc,True,True,NOT_HASHED
H:\葵花202303_202510\202407\14\NC_H09_20240714_1130_R21_FLDK.06001_06001.nc,True,True,NOT_HASHED
H:\葵花202303_202510\202407\14\NC_H09_20240714_1140_R21_FLDK.06001_06001.nc,True,True,NOT_HASHED
H:\葵花202303_202510\202407\14\NC_H09_20240714_1150_R21_FLDK.06001_06001.nc,True,True,NOT_HASHED
H:\葵花202303_202510\202407\14\NC_H09_20240714_1200_R21_FLDK.06001_06001.nc,True,True,NOT_HASHED
H:\葵花202303_202510\202407\14\NC_H09_20240714_1210_R21_FLDK.06001_06001.nc,True,True,NOT_HASHED
H:\葵花202303_202510\202407\14\NC_H09_20240714_1220_R21_FLDK.06001_06001.nc,True,True,NOT_HASHED
H:\葵花202303_202510\202407\14\NC_H09_20240714_1230_R21_FLDK.06001_06001.nc,True,True,NOT_HASHED
H:\葵花202303_202510\202407\14\NC_H09_20240714_1240_R21_FLDK.06001_06001.nc,True,True,NOT_HASHED
H:\葵花202303_202510\202407\14\NC_H09_20240714_1250_R21_FLDK.06001_06001.nc,True,True,NOT_HASHED
H:\葵花202303_202510\202407\14\NC_H09_20240714_1300_R21_FLDK.06001_06001.nc,True,True,NOT_HASHED
H:\葵花202303_202510\202407\14\NC_H09_20240714_1310_R21_FLDK.06001_06001.nc,True,True,NOT_HASHED
H:\葵花202303_202510\202407\14\NC_H09_20240714_1320_R21_FLDK.06001_06001.nc,True,True,NOT_HASHED
H:\葵花202303_202510\202407\14\NC_H09_20240714_1330_R21_FLDK.06001_06001.nc,True,True,NOT_HASHED
H:\葵花202303_202510\202407\14\NC_H09_20240714_1340_R21_FLDK.06001_06001.nc,True,True,NOT_HASHED
H:\葵花202303_202510\202407\14\NC_H09_20240714_1350_R21_FLDK.06001_06001.nc,True,True,NOT_HASHED
H:\葵花202303_202510\202407\14\NC_H09_20240714_1400_R21_FLDK.06001_06001.nc,True,True,NOT_HASHED
H:\葵花202303_202510\202407\14\NC_H09_20240714_1410_R21_FLDK.06001_06001.nc,True,True,NOT_HASHED
H:\葵花202303_202510\202407\14\NC_H09_20240714_1420_R21_FLDK.06001_06001.nc,True,True,NOT_HASHED
H:\葵花202303_202510\202407\14\NC_H09_20240714_1430_R21_FLDK.06001_06001.nc,True,True,NOT_HASHED
H:\葵花202303_202510\202407\14\NC_H09_20240714_1450_R21_FLDK.06001_06001.nc,True,True,NOT_HASHED
H:\葵花202303_202510\202407\14\NC_H09_20240714_1500_R21_FLDK.06001_06001.nc,True,True,NOT_HASHED
H:\葵花202303_202510\202407\14\NC_H09_20240714_1510_R21_FLDK.06001_06001.nc,True,True,NOT_HASHED
H:\葵花202303_202510\202407\14\NC_H09_20240714_1520_R21_FLDK.06001_06001.nc,True,True,NOT_HASHED
H:\葵花202303_202510\202407\14\NC_H09_20240714_1530_R21_FLDK.06001_06001.nc,True,True,NOT_HASHED
H:\葵花202303_202510\202407\14\NC_H09_20240714_1540_R21_FLDK.06001_06001.nc,True,True,NOT_HASHED
H:\葵花202303_202510\202407\14\NC_H09_20240714_1550_R21_FLDK.06001_06001.nc,True,True,NOT_HASHED
H:\葵花202303_202510\202407\14\NC_H09_20240714_1600_R21_FLDK.06001_06001.nc,True,True,NOT_HASHED
H:\葵花202303_202510\202407\14\NC_H09_20240714_1610_R21_FLDK.06001_06001.nc,True,True,NOT_HASHED
H:\葵花202303_202510\202407\14\NC_H09_20240714_1620_R21_FLDK.06001_06001.nc,True,True,NOT_HASHED
H:\葵花202303_202510\202407\14\NC_H09_20240714_1630_R21_FLDK.06001_06001.nc,True,True,NOT_HASHED
H:\葵花202303_202510\202407\14\NC_H09_20240714_1640_R21_FLDK.06001_06001.nc,True,True,NOT_HASHED
H:\葵花202303_202510\202407\14\NC_H09_20240714_1650_R21_FLDK.06001_06001.nc,True,True,NOT_HASHED
H:\葵花202303_202510\202407\14\NC_H09_20240714_1700_R21_FLDK.06001_06001.nc,True,True,NOT_HASHED
H:\葵花202303_202510\202407\14\NC_H09_20240714_1710_R21_FLDK.06001_06001.nc,True,True,NOT_HASHED
H:\葵花202303_202510\202407\14\NC_H09_20240714_1720_R21_FLDK.06001_06001.nc,True,True,NOT_HASHED
H:\葵花202303_202510\202407\14\NC_H09_20240714_1730_R21_FLDK.06001_06001.nc,True,True,NOT_HASHED
H:\葵花202303_202510\202407\14\NC_H09_20240714_1740_R21_FLDK.06001_06001.nc,True,True,NOT_HASHED
H:\葵花202303_202510\202407\14\NC_H09_20240714_1750_R21_FLDK.06001_06001.nc,True,True,NOT_HASHED
H:\葵花202303_202510\202407\14\NC_H09_20240714_1800_R21_FLDK.06001_06001.nc,True,True,NOT_HASHED
H:\葵花202303_202510\202407\14\NC_H09_20240714_1810_R21_FLDK.06001_06001.nc,True,True,NOT_HASHED
H:\葵花202303_202510\202407\14\NC_H09_20240714_1820_R21_FLDK.06001_06001.nc,True,True,NOT_HASHED
H:\葵花202303_202510\202407\14\NC_H09_20240714_1830_R21_FLDK.06001_06001.nc,True,True,NOT_HASHED
H:\葵花202303_202510\202407\14\NC_H09_20240714_1840_R21_FLDK.06001_06001.nc,True,True,NOT_HASHED
H:\葵花202303_202510\202407\14\NC_H09_20240714_1850_R21_FLDK.06001_06001.nc,True,True,NOT_HASHED
H:\葵花202303_202510\202407\14\NC_H09_20240714_1900_R21_FLDK.06001_06001.nc,True,True,NOT_HASHED
H:\葵花202303_202510\202407\14\NC_H09_20240714_1910_R21_FLDK.06001_06001.nc,True,True,NOT_HASHED
H:\葵花202303_202510\202407\14\NC_H09_20240714_1920_R21_FLDK.06001_06001.nc,True,True,NOT_HASHED
H:\葵花202303_202510\202407\14\NC_H09_20240714_1930_R21_FLDK.06001_06001.nc,True,True,NOT_HASHED
H:\葵花202303_202510\202407\14\NC_H09_20240714_1940_R21_FLDK.06001_06001.nc,True,True,NOT_HASHED
H:\葵花202303_202510\202407\14\NC_H09_20240714_1950_R21_FLDK.06001_06001.nc,True,True,NOT_HASHED
H:\葵花202303_202510\202407\14\NC_H09_20240714_2000_R21_FLDK.06001_06001.nc,True,True,NOT_HASHED
H:\葵花202303_202510\202407\14\NC_H09_20240714_2010_R21_FLDK.06001_06001.nc,True,True,NOT_HASHED
H:\葵花202303_202510\202407\14\NC_H09_20240714_2020_R21_FLDK.06001_06001.nc,True,True,NOT_HASHED
H:\葵花202303_202510\202407\14\NC_H09_20240714_2030_R21_FLDK.06001_06001.nc,True,True,NOT_HASHED
H:\葵花202303_202510\202407\14\NC_H09_20240714_2040_R21_FLDK.06001_06001.nc,True,True,NOT_HASHED
H:\葵花202303_202510\202407\14\NC_H09_20240714_2050_R21_FLDK.06001_06001.nc,True,True,NOT_HASHED
H:\葵花202303_202510\202407\14\NC_H09_20240714_2100_R21_FLDK.06001_06001.nc,True,True,NOT_HASHED
H:\葵花202303_202510\202407\14\NC_H09_20240714_2110_R21_FLDK.06001_06001.nc,True,True,NOT_HASHED
H:\葵花202303_202510\202407\14\NC_H09_20240714_2120_R21_FLDK.06001_06001.nc,True,True,NOT_HASHED
H:\葵花202303_202510\202407\14\NC_H09_20240714_2130_R21_FLDK.06001_06001.nc,True,True,NOT_HASHED
H:\葵花202303_202510\202407\14\NC_H09_20240714_2140_R21_FLDK.06001_06001.nc,True,True,NOT_HASHED
H:\葵花202303_202510\202407\14\NC_H09_20240714_2150_R21_FLDK.06001_06001.nc,True,True,NOT_HASHED
H:\葵花202303_202510\202407\14\NC_H09_20240714_2200_R21_FLDK.06001_06001.nc,True,True,NOT_HASHED
H:\葵花202303_202510\202407\14\NC_H09_20240714_2210_R21_FLDK.06001_06001.nc,True,True,NOT_HASHED
H:\葵花202303_202510\202407\14\NC_H09_20240714_2220_R21_FLDK.06001_06001.nc,True,True,NOT_HASHED
H:\葵花202303_202510\202407\14\NC_H09_20240714_2230_R21_FLDK.06001_06001.nc,True,True,NOT_HASHED
H:\葵花202303_202510\202407\14\NC_H09_20240714_2240_R21_FLDK.06001_06001.nc,True,True,NOT_HASHED
H:\葵花202303_202510\202407\14\NC_H09_20240714_2250_R21_FLDK.06001_06001.nc,True,True,NOT_HASHED
H:\葵花202303_202510\202407\14\NC_H09_20240714_2300_R21_FLDK.06001_06001.nc,True,True,NOT_HASHED
H:\葵花202303_202510\202407\14\NC_H09_20240714_2310_R21_FLDK.06001_06001.nc,True,True,NOT_HASHED
H:\葵花202303_202510\202407\14\NC_H09_20240714_2320_R21_FLDK.06001_06001.nc,True,True,NOT_HASHED
H:\葵花202303_202510\202407\14\NC_H09_20240714_2330_R21_FLDK.06001_06001.nc,True,True,NOT_HASHED
H:\葵花202303_202510\202407\14\NC_H09_20240714_2340_R21_FLDK.06001_06001.nc,True,True,NOT_HASHED
H:\葵花202303_202510\202407\14\NC_H09_20240714_2350_R21_FLDK.06001_06001.nc,True,True,NOT_HASHED
H:\葵花202303_202510\202407\15\NC_H09_20240715_0000_R21_FLDK.06001_06001.nc,True,True,NOT_HASHED
H:\葵花202303_202510\202407\15\NC_H09_20240715_0010_R21_FLDK.06001_06001.nc,True,True,NOT_HASHED
H:\葵花202303_202510\202407\15\NC_H09_20240715_0020_R21_FLDK.06001_06001.nc,True,True,NOT_HASHED
H:\葵花202303_202510\202407\15\NC_H09_20240715_0030_R21_FLDK.06001_06001.nc,True,True,NOT_HASHED
H:\葵花202303_202510\202407\15\NC_H09_20240715_0040_R21_FLDK.06001_06001.nc,True,True,NOT_HASHED
H:\葵花202303_202510\202407\15\NC_H09_20240715_0050_R21_FLDK.06001_06001.nc,True,True,NOT_HASHED
H:\葵花202303_202510\202407\15\NC_H09_20240715_0100_R21_FLDK.06001_06001.nc,True,True,NOT_HASHED
H:\葵花202303_202510\202407\15\NC_H09_20240715_0110_R21_FLDK.06001_06001.nc,True,True,NOT_HASHED
H:\葵花202303_202510\202407\15\NC_H09_20240715_0120_R21_FLDK.06001_06001.nc,True,True,NOT_HASHED
H:\葵花202303_202510\202407\15\NC_H09_20240715_0130_R21_FLDK.06001_06001.nc,True,True,NOT_HASHED
H:\葵花202303_202510\202407\15\NC_H09_20240715_0140_R21_FLDK.06001_06001.nc,True,True,NOT_HASHED
H:\葵花202303_202510\202407\15\NC_H09_20240715_0150_R21_FLDK.06001_06001.nc,True,True,NOT_HASHED
H:\葵花202303_202510\202407\15\NC_H09_20240715_0200_R21_FLDK.06001_06001.nc,True,True,NOT_HASHED
H:\葵花202303_202510\202407\15\NC_H09_20240715_0210_R21_FLDK.06001_06001.nc,True,True,NOT_HASHED
H:\葵花202303_202510\202407\15\NC_H09_20240715_0220_R21_FLDK.06001_06001.nc,True,True,NOT_HASHED
H:\葵花202303_202510\202407\15\NC_H09_20240715_0230_R21_FLDK.06001_06001.nc,True,True,NOT_HASHED
H:\葵花202303_202510\202407\15\NC_H09_20240715_0250_R21_FLDK.06001_06001.nc,True,True,NOT_HASHED
H:\葵花202303_202510\202407\15\NC_H09_20240715_0300_R21_FLDK.06001_06001.nc,True,True,NOT_HASHED
H:\葵花202303_202510\202407\15\NC_H09_20240715_0310_R21_FLDK.06001_06001.nc,True,True,NOT_HASHED
H:\葵花202303_202510\202407\15\NC_H09_20240715_0320_R21_FLDK.06001_06001.nc,True,True,NOT_HASHED
H:\葵花202303_202510\202407\15\NC_H09_20240715_0330_R21_FLDK.06001_06001.nc,True,True,NOT_HASHED
H:\葵花202303_202510\202407\15\NC_H09_20240715_0340_R21_FLDK.06001_06001.nc,True,True,NOT_HASHED
H:\葵花202303_202510\202407\15\NC_H09_20240715_0350_R21_FLDK.06001_06001.nc,True,True,NOT_HASHED
H:\葵花202303_202510\202407\15\NC_H09_20240715_0400_R21_FLDK.06001_06001.nc,True,True,NOT_HASHED
H:\葵花202303_202510\202407\15\NC_H09_20240715_0410_R21_FLDK.06001_06001.nc,True,True,NOT_HASHED
H:\葵花202303_202510\202407\15\NC_H09_20240715_0420_R21_FLDK.06001_06001.nc,True,True,NOT_HASHED
H:\葵花202303_202510\202407\15\NC_H09_20240715_0430_R21_FLDK.06001_06001.nc,True,True,NOT_HASHED
H:\葵花202303_202510\202407\15\NC_H09_20240715_0440_R21_FLDK.06001_06001.nc,True,True,NOT_HASHED
H:\葵花202303_202510\202407\15\NC_H09_20240715_0450_R21_FLDK.06001_06001.nc,True,True,NOT_HASHED
H:\葵花202303_202510\202407\15\NC_H09_20240715_0500_R21_FLDK.06001_06001.nc,True,True,NOT_HASHED
H:\葵花202303_202510\202407\15\NC_H09_20240715_0510_R21_FLDK.06001_06001.nc,True,True,NOT_HASHED
H:\葵花202303_202510\202407\15\NC_H09_20240715_0520_R21_FLDK.06001_06001.nc,True,True,NOT_HASHED
H:\葵花202303_202510\202407\15\NC_H09_20240715_0530_R21_FLDK.06001_06001.nc,True,True,NOT_HASHED
H:\葵花202303_202510\202407\15\NC_H09_20240715_0540_R21_FLDK.06001_06001.nc,True,True,NOT_HASHED
H:\葵花202303_202510\202407\15\NC_H09_20240715_0550_R21_FLDK.06001_06001.nc,True,True,NOT_HASHED
H:\葵花202303_202510\202407\15\NC_H09_20240715_0600_R21_FLDK.06001_06001.nc,True,True,NOT_HASHED
H:\葵花202303_202510\202407\15\NC_H09_20240715_0610_R21_FLDK.06001_06001.nc,True,True,NOT_HASHED
H:\葵花202303_202510\202407\15\NC_H09_20240715_0620_R21_FLDK.06001_06001.nc,True,True,NOT_HASHED
H:\葵花202303_202510\202407\15\NC_H09_20240715_0630_R21_FLDK.06001_06001.nc,True,True,NOT_HASHED
H:\葵花202303_202510\202407\15\NC_H09_20240715_0640_R21_FLDK.06001_06001.nc,True,True,NOT_HASHED
H:\葵花202303_202510\202407\15\NC_H09_20240715_0650_R21_FLDK.06001_06001.nc,True,True,NOT_HASHED
H:\葵花202303_202510\202407\15\NC_H09_20240715_0700_R21_FLDK.06001_06001.nc,True,True,NOT_HASHED
H:\葵花202303_202510\202407\15\NC_H09_20240715_0710_R21_FLDK.06001_06001.nc,True,True,NOT_HASHED
H:\葵花202303_202510\202407\15\NC_H09_20240715_0720_R21_FLDK.06001_06001.nc,True,True,NOT_HASHED
H:\葵花202303_202510\202407\15\NC_H09_20240715_0730_R21_FLDK.06001_06001.nc,True,True,NOT_HASHED
H:\葵花202303_202510\202407\15\NC_H09_20240715_0740_R21_FLDK.06001_06001.nc,True,True,NOT_HASHED
H:\葵花202303_202510\202407\15\NC_H09_20240715_0750_R21_FLDK.06001_06001.nc,True,True,NOT_HASHED
H:\葵花202303_202510\202407\15\NC_H09_20240715_0800_R21_FLDK.06001_06001.nc,True,True,NOT_HASHED
H:\葵花202303_202510\202407\15\NC_H09_20240715_0810_R21_FLDK.06001_06001.nc,True,True,NOT_HASHED
H:\葵花202303_202510\202407\15\NC_H09_20240715_0820_R21_FLDK.06001_06001.nc,True,True,NOT_HASHED
H:\葵花202303_202510\202407\15\NC_H09_20240715_0830_R21_FLDK.06001_06001.nc,True,True,NOT_HASHED
H:\葵花202303_202510\202407\15\NC_H09_20240715_0840_R21_FLDK.06001_06001.nc,True,True,NOT_HASHED
H:\葵花202303_202510\202407\15\NC_H09_20240715_0850_R21_FLDK.06001_06001.nc,True,True,NOT_HASHED
H:\葵花202303_202510\202407\15\NC_H09_20240715_0900_R21_FLDK.06001_06001.nc,True,True,NOT_HASHED
H:\葵花202303_202510\202407\15\NC_H09_20240715_0910_R21_FLDK.06001_06001.nc,True,True,NOT_HASHED
H:\葵花202303_202510\202407\15\NC_H09_20240715_0920_R21_FLDK.06001_06001.nc,True,True,NOT_HASHED
H:\葵花202303_202510\202407\15\NC_H09_20240715_0930_R21_FLDK.06001_06001.nc,True,True,NOT_HASHED
H:\葵花202303_202510\202407\15\NC_H09_20240715_0940_R21_FLDK.06001_06001.nc,True,True,NOT_HASHED
H:\葵花202303_202510\202407\15\NC_H09_20240715_0950_R21_FLDK.06001_06001.nc,True,True,NOT_HASHED
H:\葵花202303_202510\202407\15\NC_H09_20240715_1000_R21_FLDK.06001_06001.nc,True,True,NOT_HASHED
H:\葵花202303_202510\202407\15\NC_H09_20240715_1010_R21_FLDK.06001_06001.nc,True,True,NOT_HASHED
H:\葵花202303_202510\202407\15\NC_H09_20240715_1020_R21_FLDK.06001_06001.nc,True,True,NOT_HASHED
H:\葵花202303_202510\202407\15\NC_H09_20240715_1030_R21_FLDK.06001_06001.nc,True,True,NOT_HASHED
H:\葵花202303_202510\202407\15\NC_H09_20240715_1040_R21_FLDK.06001_06001.nc,True,True,NOT_HASHED
H:\葵花202303_202510\202407\15\NC_H09_20240715_1050_R21_FLDK.06001_06001.nc,True,True,NOT_HASHED
H:\葵花202303_202510\202407\15\NC_H09_20240715_1100_R21_FLDK.06001_06001.nc,True,True,NOT_HASHED
H:\葵花202303_202510\202407\15\NC_H09_20240715_1110_R21_FLDK.06001_06001.nc,True,True,NOT_HASHED
H:\葵花202303_202510\202407\15\NC_H09_20240715_1120_R21_FLDK.06001_06001.nc,True,True,NOT_HASHED
H:\葵花202303_202510\202407\15\NC_H09_20240715_1130_R21_FLDK.06001_06001.nc,True,True,NOT_HASHED
H:\葵花202303_202510\202407\15\NC_H09_20240715_1140_R21_FLDK.06001_06001.nc,True,True,NOT_HASHED
H:\葵花202303_202510\202407\15\NC_H09_20240715_1150_R21_FLDK.06001_06001.nc,True,True,NOT_HASHED
H:\葵花202303_202510\202407\15\NC_H09_20240715_1200_R21_FLDK.06001_06001.nc,True,True,NOT_HASHED
H:\葵花202303_202510\202407\15\NC_H09_20240715_1210_R21_FLDK.06001_06001.nc,True,True,NOT_HASHED
H:\葵花202303_202510\202407\15\NC_H09_20240715_1220_R21_FLDK.06001_06001.nc,True,True,NOT_HASHED
H:\葵花202303_202510\202407\15\NC_H09_20240715_1230_R21_FLDK.06001_06001.nc,True,True,NOT_HASHED
H:\葵花202303_202510\202407\15\NC_H09_20240715_1240_R21_FLDK.06001_06001.nc,True,True,NOT_HASHED
H:\葵花202303_202510\202407\15\NC_H09_20240715_1250_R21_FLDK.06001_06001.nc,True,True,NOT_HASHED
H:\葵花202303_202510\202407\15\NC_H09_20240715_1310_R21_FLDK.06001_06001.nc,True,True,NOT_HASHED
H:\葵花202303_202510\202407\15\NC_H09_20240715_1320_R21_FLDK.06001_06001.nc,True,True,NOT_HASHED
H:\葵花202303_202510\202407\15\NC_H09_20240715_1330_R21_FLDK.06001_06001.nc,True,True,NOT_HASHED
H:\葵花202303_202510\202407\15\NC_H09_20240715_1340_R21_FLDK.06001_06001.nc,True,True,NOT_HASHED
H:\葵花202303_202510\202407\15\NC_H09_20240715_1350_R21_FLDK.06001_06001.nc,True,True,NOT_HASHED
H:\葵花202303_202510\202407\15\NC_H09_20240715_1400_R21_FLDK.06001_06001.nc,True,True,NOT_HASHED
H:\葵花202303_202510\202407\15\NC_H09_20240715_1410_R21_FLDK.06001_06001.nc,True,True,NOT_HASHED
H:\葵花202303_202510\202407\15\NC_H09_20240715_1420_R21_FLDK.06001_06001.nc,True,True,NOT_HASHED
H:\葵花202303_202510\202407\15\NC_H09_20240715_1430_R21_FLDK.06001_06001.nc,True,True,NOT_HASHED
H:\葵花202303_202510\202407\15\NC_H09_20240715_1450_R21_FLDK.06001_06001.nc,True,True,NOT_HASHED
H:\葵花202303_202510\202407\15\NC_H09_20240715_1500_R21_FLDK.06001_06001.nc,True,True,NOT_HASHED
H:\葵花202303_202510\202407\15\NC_H09_20240715_1510_R21_FLDK.06001_06001.nc,True,True,NOT_HASHED
H:\葵花202303_202510\202407\15\NC_H09_20240715_1520_R21_FLDK.06001_06001.nc,True,True,NOT_HASHED
H:\葵花202303_202510\202407\15\NC_H09_20240715_1530_R21_FLDK.06001_06001.nc,True,True,NOT_HASHED
H:\葵花202303_202510\202407\15\NC_H09_20240715_1540_R21_FLDK.06001_06001.nc,True,True,NOT_HASHED
H:\葵花202303_202510\202407\15\NC_H09_20240715_1550_R21_FLDK.06001_06001.nc,True,True,NOT_HASHED
H:\葵花202303_202510\202407\15\NC_H09_20240715_1600_R21_FLDK.06001_06001.nc,True,True,NOT_HASHED
H:\葵花202303_202510\202407\15\NC_H09_20240715_1610_R21_FLDK.06001_06001.nc,True,True,NOT_HASHED
H:\葵花202303_202510\202407\15\NC_H09_20240715_1620_R21_FLDK.06001_06001.nc,True,True,NOT_HASHED
H:\葵花202303_202510\202407\15\NC_H09_20240715_1630_R21_FLDK.06001_06001.nc,True,True,NOT_HASHED
H:\葵花202303_202510\202407\15\NC_H09_20240715_1640_R21_FLDK.06001_06001.nc,True,True,NOT_HASHED
H:\葵花202303_202510\202407\15\NC_H09_20240715_1650_R21_FLDK.06001_06001.nc,True,True,NOT_HASHED
H:\葵花202303_202510\202407\15\NC_H09_20240715_1700_R21_FLDK.06001_06001.nc,True,True,NOT_HASHED
H:\葵花202303_202510\202407\15\NC_H09_20240715_1710_R21_FLDK.06001_06001.nc,True,True,NOT_HASHED
H:\葵花202303_202510\202407\15\NC_H09_20240715_1720_R21_FLDK.06001_06001.nc,True,True,NOT_HASHED
H:\葵花202303_202510\202407\15\NC_H09_20240715_1730_R21_FLDK.06001_06001.nc,True,True,NOT_HASHED
H:\葵花202303_202510\202407\15\NC_H09_20240715_1740_R21_FLDK.06001_06001.nc,True,True,NOT_HASHED
H:\葵花202303_202510\202407\15\NC_H09_20240715_1750_R21_FLDK.06001_06001.nc,True,True,NOT_HASHED
H:\葵花202303_202510\202407\15\NC_H09_20240715_1800_R21_FLDK.06001_06001.nc,True,True,NOT_HASHED
H:\葵花202303_202510\202407\15\NC_H09_20240715_1810_R21_FLDK.06001_06001.nc,True,True,NOT_HASHED
H:\葵花202303_202510\202407\15\NC_H09_20240715_1820_R21_FLDK.06001_06001.nc,True,True,NOT_HASHED
H:\葵花202303_202510\202407\15\NC_H09_20240715_1830_R21_FLDK.06001_06001.nc,True,True,NOT_HASHED
H:\葵花202303_202510\202407\15\NC_H09_20240715_1840_R21_FLDK.06001_06001.nc,True,True,NOT_HASHED
H:\葵花202303_202510\202407\15\NC_H09_20240715_1850_R21_FLDK.06001_06001.nc,True,True,NOT_HASHED
H:\葵花202303_202510\202407\15\NC_H09_20240715_1900_R21_FLDK.06001_06001.nc,True,True,NOT_HASHED
H:\葵花202303_202510\202407\15\NC_H09_20240715_1910_R21_FLDK.06001_06001.nc,True,True,NOT_HASHED
H:\葵花202303_202510\202407\15\NC_H09_20240715_1920_R21_FLDK.06001_06001.nc,True,True,NOT_HASHED
H:\葵花202303_202510\202407\15\NC_H09_20240715_1930_R21_FLDK.06001_06001.nc,True,True,NOT_HASHED
H:\葵花202303_202510\202407\15\NC_H09_20240715_1940_R21_FLDK.06001_06001.nc,True,True,NOT_HASHED
H:\葵花202303_202510\202407\15\NC_H09_20240715_1950_R21_FLDK.06001_06001.nc,True,True,NOT_HASHED
H:\葵花202303_202510\202407\15\NC_H09_20240715_2000_R21_FLDK.06001_06001.nc,True,True,NOT_HASHED
H:\葵花202303_202510\202407\15\NC_H09_20240715_2010_R21_FLDK.06001_06001.nc,True,True,NOT_HASHED
H:\葵花202303_202510\202407\15\NC_H09_20240715_2020_R21_FLDK.06001_06001.nc,True,True,NOT_HASHED
H:\葵花202303_202510\202407\15\NC_H09_20240715_2030_R21_FLDK.06001_06001.nc,True,True,NOT_HASHED
H:\葵花202303_202510\202407\15\NC_H09_20240715_2040_R21_FLDK.06001_06001.nc,True,True,NOT_HASHED
H:\葵花202303_202510\202407\15\NC_H09_20240715_2050_R21_FLDK.06001_06001.nc,True,True,NOT_HASHED
H:\葵花202303_202510\202407\15\NC_H09_20240715_2100_R21_FLDK.06001_06001.nc,True,True,NOT_HASHED
H:\葵花202303_202510\202407\15\NC_H09_20240715_2110_R21_FLDK.06001_06001.nc,True,True,NOT_HASHED
H:\葵花202303_202510\202407\15\NC_H09_20240715_2120_R21_FLDK.06001_06001.nc,True,True,NOT_HASHED
H:\葵花202303_202510\202407\15\NC_H09_20240715_2130_R21_FLDK.06001_06001.nc,True,True,NOT_HASHED
H:\葵花202303_202510\202407\15\NC_H09_20240715_2140_R21_FLDK.06001_06001.nc,True,True,NOT_HASHED
H:\葵花202303_202510\202407\15\NC_H09_20240715_2150_R21_FLDK.06001_06001.nc,True,True,NOT_HASHED
H:\葵花202303_202510\202407\15\NC_H09_20240715_2200_R21_FLDK.06001_06001.nc,True,True,NOT_HASHED
H:\葵花202303_202510\202407\15\NC_H09_20240715_2210_R21_FLDK.06001_06001.nc,True,True,NOT_HASHED
H:\葵花202303_202510\202407\15\NC_H09_20240715_2220_R21_FLDK.06001_06001.nc,True,True,NOT_HASHED
H:\葵花202303_202510\202407\15\NC_H09_20240715_2230_R21_FLDK.06001_06001.nc,True,True,NOT_HASHED
H:\葵花202303_202510\202407\15\NC_H09_20240715_2240_R21_FLDK.06001_06001.nc,True,True,NOT_HASHED
H:\葵花202303_202510\202407\15\NC_H09_20240715_2250_R21_FLDK.06001_06001.nc,True,True,NOT_HASHED
H:\葵花202303_202510\202407\15\NC_H09_20240715_2300_R21_FLDK.06001_06001.nc,True,True,NOT_HASHED
H:\葵花202303_202510\202407\15\NC_H09_20240715_2310_R21_FLDK.06001_06001.nc,True,True,NOT_HASHED
H:\葵花202303_202510\202407\15\NC_H09_20240715_2320_R21_FLDK.06001_06001.nc,True,True,NOT_HASHED
H:\葵花202303_202510\202407\15\NC_H09_20240715_2330_R21_FLDK.06001_06001.nc,True,True,NOT_HASHED
H:\葵花202303_202510\202407\15\NC_H09_20240715_2340_R21_FLDK.06001_06001.nc,True,True,NOT_HASHED
H:\葵花202303_202510\202407\15\NC_H09_20240715_2350_R21_FLDK.06001_06001.nc,True,True,NOT_HASHED
H:\葵花202303_202510\202407\16\NC_H09_20240716_0000_R21_FLDK.06001_06001.nc,True,True,NOT_HASHED
H:\葵花202303_202510\202407\16\NC_H09_20240716_0010_R21_FLDK.06001_06001.nc,True,True,NOT_HASHED
H:\葵花202303_202510\202407\16\NC_H09_20240716_0020_R21_FLDK.06001_06001.nc,True,True,NOT_HASHED
H:\葵花202303_202510\202407\16\NC_H09_20240716_0030_R21_FLDK.06001_06001.nc,True,True,NOT_HASHED
H:\葵花202303_202510\202407\16\NC_H09_20240716_0040_R21_FLDK.06001_06001.nc,True,True,NOT_HASHED
H:\葵花202303_202510\202407\16\NC_H09_20240716_0050_R21_FLDK.06001_06001.nc,True,True,NOT_HASHED
H:\葵花202303_202510\202407\16\NC_H09_20240716_0100_R21_FLDK.06001_06001.nc,True,True,NOT_HASHED
H:\葵花202303_202510\202407\16\NC_H09_20240716_0110_R21_FLDK.06001_06001.nc,True,True,NOT_HASHED
H:\葵花202303_202510\202407\16\NC_H09_20240716_0120_R21_FLDK.06001_06001.nc,True,True,NOT_HASHED
H:\葵花202303_202510\202407\16\NC_H09_20240716_0130_R21_FLDK.06001_06001.nc,True,True,NOT_HASHED
H:\葵花202303_202510\202407\16\NC_H09_20240716_0140_R21_FLDK.06001_06001.nc,True,True,NOT_HASHED
H:\葵花202303_202510\202407\16\NC_H09_20240716_0150_R21_FLDK.06001_06001.nc,True,True,NOT_HASHED
H:\葵花202303_202510\202407\16\NC_H09_20240716_0200_R21_FLDK.06001_06001.nc,True,True,NOT_HASHED
H:\葵花202303_202510\202407\16\NC_H09_20240716_0210_R21_FLDK.06001_06001.nc,True,True,NOT_HASHED
H:\葵花202303_202510\202407\16\NC_H09_20240716_0220_R21_FLDK.06001_06001.nc,True,True,NOT_HASHED
H:\葵花202303_202510\202407\16\NC_H09_20240716_0230_R21_FLDK.06001_06001.nc,True,True,NOT_HASHED
H:\葵花202303_202510\202407\16\NC_H09_20240716_0250_R21_FLDK.06001_06001.nc,True,True,NOT_HASHED
H:\葵花202303_202510\202407\16\NC_H09_20240716_0300_R21_FLDK.06001_06001.nc,True,True,NOT_HASHED
H:\葵花202303_202510\202407\16\NC_H09_20240716_0310_R21_FLDK.06001_06001.nc,True,True,NOT_HASHED
H:\葵花202303_202510\202407\16\NC_H09_20240716_0320_R21_FLDK.06001_06001.nc,True,True,NOT_HASHED
H:\葵花202303_202510\202407\16\NC_H09_20240716_0330_R21_FLDK.06001_06001.nc,True,True,NOT_HASHED
H:\葵花202303_202510\202407\16\NC_H09_20240716_0340_R21_FLDK.06001_06001.nc,True,True,NOT_HASHED
H:\葵花202303_202510\202407\16\NC_H09_20240716_0350_R21_FLDK.06001_06001.nc,True,True,NOT_HASHED
H:\葵花202303_202510\202407\16\NC_H09_20240716_0400_R21_FLDK.06001_06001.nc,True,True,NOT_HASHED
H:\葵花202303_202510\202407\16\NC_H09_20240716_0410_R21_FLDK.06001_06001.nc,True,True,NOT_HASHED
H:\葵花202303_202510\202407\16\NC_H09_20240716_0420_R21_FLDK.06001_06001.nc,True,True,NOT_HASHED
H:\葵花202303_202510\202407\16\NC_H09_20240716_0430_R21_FLDK.06001_06001.nc,True,True,NOT_HASHED
H:\葵花202303_202510\202407\16\NC_H09_20240716_0440_R21_FLDK.06001_06001.nc,True,True,NOT_HASHED
H:\葵花202303_202510\202407\16\NC_H09_20240716_0450_R21_FLDK.06001_06001.nc,True,True,NOT_HASHED
H:\葵花202303_202510\202407\16\NC_H09_20240716_0500_R21_FLDK.06001_06001.nc,True,True,NOT_HASHED
H:\葵花202303_202510\202407\16\NC_H09_20240716_0510_R21_FLDK.06001_06001.nc,True,True,NOT_HASHED
H:\葵花202303_202510\202407\16\NC_H09_20240716_0520_R21_FLDK.06001_06001.nc,True,True,NOT_HASHED
H:\葵花202303_202510\202407\16\NC_H09_20240716_0530_R21_FLDK.06001_06001.nc,True,True,NOT_HASHED
H:\葵花202303_202510\202407\16\NC_H09_20240716_0540_R21_FLDK.06001_06001.nc,True,True,NOT_HASHED
H:\葵花202303_202510\202407\16\NC_H09_20240716_0550_R21_FLDK.06001_06001.nc,True,True,NOT_HASHED
H:\葵花202303_202510\202407\16\NC_H09_20240716_0600_R21_FLDK.06001_06001.nc,True,True,NOT_HASHED
H:\葵花202303_202510\202407\16\NC_H09_20240716_0610_R21_FLDK.06001_06001.nc,True,True,NOT_HASHED
H:\葵花202303_202510\202407\16\NC_H09_20240716_0620_R21_FLDK.06001_06001.nc,True,True,NOT_HASHED
H:\葵花202303_202510\202407\16\NC_H09_20240716_0630_R21_FLDK.06001_06001.nc,True,True,NOT_HASHED
H:\葵花202303_202510\202407\16\NC_H09_20240716_0640_R21_FLDK.06001_06001.nc,True,True,NOT_HASHED
H:\葵花202303_202510\202407\16\NC_H09_20240716_0650_R21_FLDK.06001_06001.nc,True,True,NOT_HASHED
H:\葵花202303_202510\202407\16\NC_H09_20240716_0700_R21_FLDK.06001_06001.nc,True,True,NOT_HASHED
H:\葵花202303_202510\202407\16\NC_H09_20240716_0710_R21_FLDK.06001_06001.nc,True,True,NOT_HASHED
H:\葵花202303_202510\202407\16\NC_H09_20240716_0720_R21_FLDK.06001_06001.nc,True,True,NOT_HASHED
H:\葵花202303_202510\202407\16\NC_H09_20240716_0730_R21_FLDK.06001_06001.nc,True,True,NOT_HASHED
H:\葵花202303_202510\202407\16\NC_H09_20240716_0740_R21_FLDK.06001_06001.nc,True,True,NOT_HASHED
H:\葵花202303_202510\202407\16\NC_H09_20240716_0750_R21_FLDK.06001_06001.nc,True,True,NOT_HASHED
H:\葵花202303_202510\202407\16\NC_H09_20240716_0800_R21_FLDK.06001_06001.nc,True,True,NOT_HASHED
H:\葵花202303_202510\202407\16\NC_H09_20240716_0810_R21_FLDK.06001_06001.nc,True,True,NOT_HASHED
H:\葵花202303_202510\202407\16\NC_H09_20240716_0820_R21_FLDK.06001_06001.nc,True,True,NOT_HASHED
H:\葵花202303_202510\202407\16\NC_H09_20240716_0830_R21_FLDK.06001_06001.nc,True,True,NOT_HASHED
H:\葵花202303_202510\202407\16\NC_H09_20240716_0840_R21_FLDK.06001_06001.nc,True,True,NOT_HASHED
H:\葵花202303_202510\202407\16\NC_H09_20240716_0850_R21_FLDK.06001_06001.nc,True,True,NOT_HASHED
H:\葵花202303_202510\202407\16\NC_H09_20240716_0900_R21_FLDK.06001_06001.nc,True,True,NOT_HASHED
H:\葵花202303_202510\202407\16\NC_H09_20240716_0910_R21_FLDK.06001_06001.nc,True,True,NOT_HASHED
H:\葵花202303_202510\202407\16\NC_H09_20240716_0920_R21_FLDK.06001_06001.nc,True,True,NOT_HASHED
H:\葵花202303_202510\202407\16\NC_H09_20240716_0930_R21_FLDK.06001_06001.nc,True,True,NOT_HASHED
H:\葵花202303_202510\202407\16\NC_H09_20240716_0940_R21_FLDK.06001_06001.nc,True,True,NOT_HASHED
H:\葵花202303_202510\202407\16\NC_H09_20240716_0950_R21_FLDK.06001_06001.nc,True,True,NOT_HASHED
H:\葵花202303_202510\202407\16\NC_H09_20240716_1000_R21_FLDK.06001_06001.nc,True,True,NOT_HASHED
H:\葵花202303_202510\202407\16\NC_H09_20240716_1010_R21_FLDK.06001_06001.nc,True,True,NOT_HASHED
H:\葵花202303_202510\202407\16\NC_H09_20240716_1020_R21_FLDK.06001_06001.nc,True,True,NOT_HASHED
H:\葵花202303_202510\202407\16\NC_H09_20240716_1030_R21_FLDK.06001_06001.nc,True,True,NOT_HASHED
H:\葵花202303_202510\202407\16\NC_H09_20240716_1040_R21_FLDK.06001_06001.nc,True,True,NOT_HASHED
H:\葵花202303_202510\202407\16\NC_H09_20240716_1050_R21_FLDK.06001_06001.nc,True,True,NOT_HASHED
H:\葵花202303_202510\202407\16\NC_H09_20240716_1100_R21_FLDK.06001_06001.nc,True,True,NOT_HASHED
H:\葵花202303_202510\202407\16\NC_H09_20240716_1110_R21_FLDK.06001_06001.nc,True,True,NOT_HASHED
H:\葵花202303_202510\202407\16\NC_H09_20240716_1120_R21_FLDK.06001_06001.nc,True,True,NOT_HASHED
H:\葵花202303_202510\202407\16\NC_H09_20240716_1130_R21_FLDK.06001_06001.nc,True,True,NOT_HASHED
H:\葵花202303_202510\202407\16\NC_H09_20240716_1140_R21_FLDK.06001_06001.nc,True,True,NOT_HASHED
H:\葵花202303_202510\202407\16\NC_H09_20240716_1150_R21_FLDK.06001_06001.nc,True,True,True
H:\葵花202303_202510\202407\16\NC_H09_20240716_1200_R21_FLDK.06001_06001.nc,True,True,NOT_HASHED
H:\葵花202303_202510\202407\16\NC_H09_20240716_1210_R21_FLDK.06001_06001.nc,True,True,NOT_HASHED
H:\葵花202303_202510\202407\16\NC_H09_20240716_1220_R21_FLDK.06001_06001.nc,True,True,NOT_HASHED
H:\葵花202303_202510\202407\16\NC_H09_20240716_1230_R21_FLDK.06001_06001.nc,True,True,NOT_HASHED
H:\葵花202303_202510\202407\16\NC_H09_20240716_1240_R21_FLDK.06001_06001.nc,True,True,NOT_HASHED
H:\葵花202303_202510\202407\16\NC_H09_20240716_1250_R21_FLDK.06001_06001.nc,True,True,NOT_HASHED
H:\葵花202303_202510\202407\16\NC_H09_20240716_1300_R21_FLDK.06001_06001.nc,True,True,NOT_HASHED
H:\葵花202303_202510\202407\16\NC_H09_20240716_1310_R21_FLDK.06001_06001.nc,True,True,NOT_HASHED
H:\葵花202303_202510\202407\16\NC_H09_20240716_1320_R21_FLDK.06001_06001.nc,True,True,NOT_HASHED
H:\葵花202303_202510\202407\16\NC_H09_20240716_1330_R21_FLDK.06001_06001.nc,True,True,NOT_HASHED
H:\葵花202303_202510\202407\16\NC_H09_20240716_1340_R21_FLDK.06001_06001.nc,True,True,NOT_HASHED
H:\葵花202303_202510\202407\16\NC_H09_20240716_1350_R21_FLDK.06001_06001.nc,True,True,NOT_HASHED
H:\葵花202303_202510\202407\16\NC_H09_20240716_1400_R21_FLDK.06001_06001.nc,True,True,NOT_HASHED
H:\葵花202303_202510\202407\16\NC_H09_20240716_1410_R21_FLDK.06001_06001.nc,True,True,NOT_HASHED
H:\葵花202303_202510\202407\16\NC_H09_20240716_1420_R21_FLDK.06001_06001.nc,True,True,NOT_HASHED
H:\葵花202303_202510\202407\16\NC_H09_20240716_1430_R21_FLDK.06001_06001.nc,True,True,NOT_HASHED
H:\葵花202303_202510\202407\16\NC_H09_20240716_1450_R21_FLDK.06001_06001.nc,True,True,NOT_HASHED
H:\葵花202303_202510\202407\16\NC_H09_20240716_1500_R21_FLDK.06001_06001.nc,True,True,NOT_HASHED
H:\葵花202303_202510\202407\16\NC_H09_20240716_1510_R21_FLDK.06001_06001.nc,True,True,NOT_HASHED
H:\葵花202303_202510\202407\16\NC_H09_20240716_1520_R21_FLDK.06001_06001.nc,True,True,NOT_HASHED
H:\葵花202303_202510\202407\16\NC_H09_20240716_1530_R21_FLDK.06001_06001.nc,True,True,NOT_HASHED
H:\葵花202303_202510\202407\16\NC_H09_20240716_1540_R21_FLDK.06001_06001.nc,True,True,NOT_HASHED
H:\葵花202303_202510\202407\16\NC_H09_20240716_1550_R21_FLDK.06001_06001.nc,True,True,NOT_HASHED
H:\葵花202303_202510\202407\16\NC_H09_20240716_1600_R21_FLDK.06001_06001.nc,True,True,NOT_HASHED
H:\葵花202303_202510\202407\16\NC_H09_20240716_1610_R21_FLDK.06001_06001.nc,True,True,NOT_HASHED
H:\葵花202303_202510\202407\16\NC_H09_20240716_1620_R21_FLDK.06001_06001.nc,True,True,NOT_HASHED
H:\葵花202303_202510\202407\16\NC_H09_20240716_1630_R21_FLDK.06001_06001.nc,True,True,NOT_HASHED
H:\葵花202303_202510\202407\16\NC_H09_20240716_1640_R21_FLDK.06001_06001.nc,True,True,NOT_HASHED
H:\葵花202303_202510\202407\16\NC_H09_20240716_1650_R21_FLDK.06001_06001.nc,True,True,NOT_HASHED
H:\葵花202303_202510\202407\16\NC_H09_20240716_1700_R21_FLDK.06001_06001.nc,True,True,NOT_HASHED
H:\葵花202303_202510\202407\16\NC_H09_20240716_1710_R21_FLDK.06001_06001.nc,True,True,NOT_HASHED
H:\葵花202303_202510\202407\16\NC_H09_20240716_1720_R21_FLDK.06001_06001.nc,True,True,NOT_HASHED
H:\葵花202303_202510\202407\16\NC_H09_20240716_1730_R21_FLDK.06001_06001.nc,True,True,NOT_HASHED
H:\葵花202303_202510\202407\16\NC_H09_20240716_1740_R21_FLDK.06001_06001.nc,True,True,NOT_HASHED
H:\葵花202303_202510\202407\16\NC_H09_20240716_1750_R21_FLDK.06001_06001.nc,True,True,NOT_HASHED
H:\葵花202303_202510\202407\16\NC_H09_20240716_1800_R21_FLDK.06001_06001.nc,True,True,NOT_HASHED
H:\葵花202303_202510\202407\16\NC_H09_20240716_1810_R21_FLDK.06001_06001.nc,True,True,NOT_HASHED
H:\葵花202303_202510\202407\16\NC_H09_20240716_1820_R21_FLDK.06001_06001.nc,True,True,NOT_HASHED
H:\葵花202303_202510\202407\16\NC_H09_20240716_1830_R21_FLDK.06001_06001.nc,True,True,NOT_HASHED
H:\葵花202303_202510\202407\16\NC_H09_20240716_1840_R21_FLDK.06001_06001.nc,True,True,NOT_HASHED
H:\葵花202303_202510\202407\16\NC_H09_20240716_1850_R21_FLDK.06001_06001.nc,True,True,NOT_HASHED
H:\葵花202303_202510\202407\16\NC_H09_20240716_1900_R21_FLDK.06001_06001.nc,True,True,NOT_HASHED
H:\葵花202303_202510\202407\16\NC_H09_20240716_1910_R21_FLDK.06001_06001.nc,True,True,NOT_HASHED
H:\葵花202303_202510\202407\16\NC_H09_20240716_1920_R21_FLDK.06001_06001.nc,True,True,NOT_HASHED
H:\葵花202303_202510\202407\16\NC_H09_20240716_1930_R21_FLDK.06001_06001.nc,True,True,NOT_HASHED
H:\葵花202303_202510\202407\16\NC_H09_20240716_1940_R21_FLDK.06001_06001.nc,True,True,NOT_HASHED
H:\葵花202303_202510\202407\16\NC_H09_20240716_1950_R21_FLDK.06001_06001.nc,True,True,NOT_HASHED
H:\葵花202303_202510\202407\16\NC_H09_20240716_2000_R21_FLDK.06001_06001.nc,True,True,NOT_HASHED
H:\葵花202303_202510\202407\16\NC_H09_20240716_2010_R21_FLDK.06001_06001.nc,True,True,NOT_HASHED
H:\葵花202303_202510\202407\16\NC_H09_20240716_2020_R21_FLDK.06001_06001.nc,True,True,NOT_HASHED
H:\葵花202303_202510\202407\16\NC_H09_20240716_2030_R21_FLDK.06001_06001.nc,True,True,NOT_HASHED
H:\葵花202303_202510\202407\16\NC_H09_20240716_2040_R21_FLDK.06001_06001.nc,True,True,NOT_HASHED
H:\葵花202303_202510\202407\16\NC_H09_20240716_2050_R21_FLDK.06001_06001.nc,True,True,NOT_HASHED
H:\葵花202303_202510\202407\16\NC_H09_20240716_2100_R21_FLDK.06001_06001.nc,True,True,NOT_HASHED
H:\葵花202303_202510\202407\16\NC_H09_20240716_2110_R21_FLDK.06001_06001.nc,True,True,NOT_HASHED
H:\葵花202303_202510\202407\16\NC_H09_20240716_2120_R21_FLDK.06001_06001.nc,True,True,NOT_HASHED
H:\葵花202303_202510\202407\16\NC_H09_20240716_2130_R21_FLDK.06001_06001.nc,True,True,NOT_HASHED
H:\葵花202303_202510\202407\16\NC_H09_20240716_2140_R21_FLDK.06001_06001.nc,True,True,NOT_HASHED
H:\葵花202303_202510\202407\16\NC_H09_20240716_2150_R21_FLDK.06001_06001.nc,True,True,NOT_HASHED
H:\葵花202303_202510\202407\16\NC_H09_20240716_2200_R21_FLDK.06001_06001.nc,True,True,NOT_HASHED
H:\葵花202303_202510\202407\16\NC_H09_20240716_2210_R21_FLDK.06001_06001.nc,True,True,NOT_HASHED
H:\葵花202303_202510\202407\16\NC_H09_20240716_2220_R21_FLDK.06001_06001.nc,True,True,NOT_HASHED
H:\葵花202303_202510\202407\16\NC_H09_20240716_2230_R21_FLDK.06001_06001.nc,True,True,NOT_HASHED
H:\葵花202303_202510\202407\16\NC_H09_20240716_2240_R21_FLDK.06001_06001.nc,True,True,NOT_HASHED
H:\葵花202303_202510\202407\16\NC_H09_20240716_2250_R21_FLDK.06001_06001.nc,True,True,NOT_HASHED
H:\葵花202303_202510\202407\16\NC_H09_20240716_2300_R21_FLDK.06001_06001.nc,True,True,NOT_HASHED
H:\葵花202303_202510\202407\16\NC_H09_20240716_2310_R21_FLDK.06001_06001.nc,True,True,NOT_HASHED
H:\葵花202303_202510\202407\16\NC_H09_20240716_2320_R21_FLDK.06001_06001.nc,True,True,NOT_HASHED
H:\葵花202303_202510\202407\16\NC_H09_20240716_2330_R21_FLDK.06001_06001.nc,True,True,NOT_HASHED
H:\葵花202303_202510\202407\16\NC_H09_20240716_2340_R21_FLDK.06001_06001.nc,True,True,NOT_HASHED
H:\葵花202303_202510\202407\16\NC_H09_20240716_2350_R21_FLDK.06001_06001.nc,True,True,NOT_HASHED
H:\葵花202303_202510\202407\17\NC_H09_20240717_0000_R21_FLDK.06001_06001.nc,True,True,NOT_HASHED
H:\葵花202303_202510\202407\17\NC_H09_20240717_0010_R21_FLDK.06001_06001.nc,True,True,NOT_HASHED
H:\葵花202303_202510\202407\17\NC_H09_20240717_0020_R21_FLDK.06001_06001.nc,True,True,NOT_HASHED
H:\葵花202303_202510\202407\17\NC_H09_20240717_0030_R21_FLDK.06001_06001.nc,True,True,NOT_HASHED
H:\葵花202303_202510\202407\17\NC_H09_20240717_0040_R21_FLDK.06001_06001.nc,True,True,NOT_HASHED
H:\葵花202303_202510\202407\17\NC_H09_20240717_0050_R21_FLDK.06001_06001.nc,True,True,NOT_HASHED
H:\葵花202303_202510\202407\17\NC_H09_20240717_0100_R21_FLDK.06001_06001.nc,True,True,NOT_HASHED
H:\葵花202303_202510\202407\17\NC_H09_20240717_0110_R21_FLDK.06001_06001.nc,True,True,NOT_HASHED
H:\葵花202303_202510\202407\17\NC_H09_20240717_0120_R21_FLDK.06001_06001.nc,True,True,NOT_HASHED
H:\葵花202303_202510\202407\17\NC_H09_20240717_0130_R21_FLDK.06001_06001.nc,True,True,NOT_HASHED
H:\葵花202303_202510\202407\17\NC_H09_20240717_0140_R21_FLDK.06001_06001.nc,True,True,NOT_HASHED
H:\葵花202303_202510\202407\17\NC_H09_20240717_0150_R21_FLDK.06001_06001.nc,True,True,NOT_HASHED
H:\葵花202303_202510\202407\17\NC_H09_20240717_0200_R21_FLDK.06001_06001.nc,True,True,NOT_HASHED
H:\葵花202303_202510\202407\17\NC_H09_20240717_0210_R21_FLDK.06001_06001.nc,True,True,NOT_HASHED
H:\葵花202303_202510\202407\17\NC_H09_20240717_0220_R21_FLDK.06001_06001.nc,True,True,NOT_HASHED
H:\葵花202303_202510\202407\17\NC_H09_20240717_0230_R21_FLDK.06001_06001.nc,True,True,NOT_HASHED
H:\葵花202303_202510\202407\17\NC_H09_20240717_0250_R21_FLDK.06001_06001.nc,True,True,NOT_HASHED
H:\葵花202303_202510\202407\17\NC_H09_20240717_0300_R21_FLDK.06001_06001.nc,True,True,NOT_HASHED
H:\葵花202303_202510\202407\17\NC_H09_20240717_0310_R21_FLDK.06001_06001.nc,True,True,NOT_HASHED
H:\葵花202303_202510\202407\17\NC_H09_20240717_0320_R21_FLDK.06001_06001.nc,True,True,NOT_HASHED
H:\葵花202303_202510\202407\17\NC_H09_20240717_0330_R21_FLDK.06001_06001.nc,True,True,NOT_HASHED
H:\葵花202303_202510\202407\17\NC_H09_20240717_0340_R21_FLDK.06001_06001.nc,True,True,NOT_HASHED
H:\葵花202303_202510\202407\17\NC_H09_20240717_0350_R21_FLDK.06001_06001.nc,True,True,NOT_HASHED
H:\葵花202303_202510\202407\17\NC_H09_20240717_0400_R21_FLDK.06001_06001.nc,True,True,NOT_HASHED
H:\葵花202303_202510\202407\17\NC_H09_20240717_0410_R21_FLDK.06001_06001.nc,True,True,NOT_HASHED
H:\葵花202303_202510\202407\17\NC_H09_20240717_0420_R21_FLDK.06001_06001.nc,True,True,NOT_HASHED
H:\葵花202303_202510\202407\17\NC_H09_20240717_0430_R21_FLDK.06001_06001.nc,True,True,NOT_HASHED
H:\葵花202303_202510\202407\17\NC_H09_20240717_0440_R21_FLDK.06001_06001.nc,True,True,NOT_HASHED
H:\葵花202303_202510\202407\17\NC_H09_20240717_0450_R21_FLDK.06001_06001.nc,True,True,NOT_HASHED
H:\葵花202303_202510\202407\17\NC_H09_20240717_0500_R21_FLDK.06001_06001.nc,True,True,NOT_HASHED
H:\葵花202303_202510\202407\17\NC_H09_20240717_0510_R21_FLDK.06001_06001.nc,True,True,NOT_HASHED
H:\葵花202303_202510\202407\17\NC_H09_20240717_0520_R21_FLDK.06001_06001.nc,True,True,NOT_HASHED
H:\葵花202303_202510\202407\17\NC_H09_20240717_0530_R21_FLDK.06001_06001.nc,True,True,NOT_HASHED
H:\葵花202303_202510\202407\17\NC_H09_20240717_0540_R21_FLDK.06001_06001.nc,True,True,NOT_HASHED
H:\葵花202303_202510\202407\17\NC_H09_20240717_0550_R21_FLDK.06001_06001.nc,True,True,NOT_HASHED
H:\葵花202303_202510\202407\17\NC_H09_20240717_0600_R21_FLDK.06001_06001.nc,True,True,NOT_HASHED
H:\葵花202303_202510\202407\17\NC_H09_20240717_0610_R21_FLDK.06001_06001.nc,True,True,NOT_HASHED
H:\葵花202303_202510\202407\17\NC_H09_20240717_0620_R21_FLDK.06001_06001.nc,True,True,NOT_HASHED
H:\葵花202303_202510\202407\17\NC_H09_20240717_0630_R21_FLDK.06001_06001.nc,True,True,NOT_HASHED
H:\葵花202303_202510\202407\17\NC_H09_20240717_0640_R21_FLDK.06001_06001.nc,True,True,NOT_HASHED
H:\葵花202303_202510\202407\17\NC_H09_20240717_0650_R21_FLDK.06001_06001.nc,True,True,NOT_HASHED
H:\葵花202303_202510\202407\17\NC_H09_20240717_0700_R21_FLDK.06001_06001.nc,True,True,NOT_HASHED
H:\葵花202303_202510\202407\17\NC_H09_20240717_0710_R21_FLDK.06001_06001.nc,True,True,NOT_HASHED
H:\葵花202303_202510\202407\17\NC_H09_20240717_0720_R21_FLDK.06001_06001.nc,True,True,NOT_HASHED
H:\葵花202303_202510\202407\17\NC_H09_20240717_0730_R21_FLDK.06001_06001.nc,True,True,NOT_HASHED
H:\葵花202303_202510\202407\17\NC_H09_20240717_0740_R21_FLDK.06001_06001.nc,True,True,NOT_HASHED
H:\葵花202303_202510\202407\17\NC_H09_20240717_0750_R21_FLDK.06001_06001.nc,True,True,NOT_HASHED
H:\葵花202303_202510\202407\17\NC_H09_20240717_0800_R21_FLDK.06001_06001.nc,True,True,NOT_HASHED
H:\葵花202303_202510\202407\17\NC_H09_20240717_0810_R21_FLDK.06001_06001.nc,True,True,NOT_HASHED
H:\葵花202303_202510\202407\17\NC_H09_20240717_0820_R21_FLDK.06001_06001.nc,True,True,NOT_HASHED
H:\葵花202303_202510\202407\17\NC_H09_20240717_0830_R21_FLDK.06001_06001.nc,True,True,NOT_HASHED
H:\葵花202303_202510\202407\17\NC_H09_20240717_0840_R21_FLDK.06001_06001.nc,True,True,NOT_HASHED
H:\葵花202303_202510\202407\17\NC_H09_20240717_0850_R21_FLDK.06001_06001.nc,True,True,NOT_HASHED
H:\葵花202303_202510\202407\17\NC_H09_20240717_0900_R21_FLDK.06001_06001.nc,True,True,NOT_HASHED
H:\葵花202303_202510\202407\17\NC_H09_20240717_0910_R21_FLDK.06001_06001.nc,True,True,NOT_HASHED
H:\葵花202303_202510\202407\17\NC_H09_20240717_0920_R21_FLDK.06001_06001.nc,True,True,NOT_HASHED
H:\葵花202303_202510\202407\17\NC_H09_20240717_0930_R21_FLDK.06001_06001.nc,True,True,NOT_HASHED
H:\葵花202303_202510\202407\17\NC_H09_20240717_0940_R21_FLDK.06001_06001.nc,True,True,NOT_HASHED
H:\葵花202303_202510\202407\17\NC_H09_20240717_0950_R21_FLDK.06001_06001.nc,True,True,NOT_HASHED
H:\葵花202303_202510\202407\17\NC_H09_20240717_1000_R21_FLDK.06001_06001.nc,True,True,NOT_HASHED
H:\葵花202303_202510\202407\17\NC_H09_20240717_1010_R21_FLDK.06001_06001.nc,True,True,NOT_HASHED
H:\葵花202303_202510\202407\17\NC_H09_20240717_1020_R21_FLDK.06001_06001.nc,True,True,NOT_HASHED
H:\葵花202303_202510\202407\17\NC_H09_20240717_1030_R21_FLDK.06001_06001.nc,True,True,NOT_HASHED
H:\葵花202303_202510\202407\17\NC_H09_20240717_1040_R21_FLDK.06001_06001.nc,True,True,NOT_HASHED
H:\葵花202303_202510\202407\17\NC_H09_20240717_1050_R21_FLDK.06001_06001.nc,True,True,NOT_HASHED
H:\葵花202303_202510\202407\17\NC_H09_20240717_1100_R21_FLDK.06001_06001.nc,True,True,NOT_HASHED
H:\葵花202303_202510\202407\17\NC_H09_20240717_1110_R21_FLDK.06001_06001.nc,True,True,NOT_HASHED
H:\葵花202303_202510\202407\17\NC_H09_20240717_1120_R21_FLDK.06001_06001.nc,True,True,NOT_HASHED
H:\葵花202303_202510\202407\17\NC_H09_20240717_1130_R21_FLDK.06001_06001.nc,True,True,NOT_HASHED
H:\葵花202303_202510\202407\17\NC_H09_20240717_1140_R21_FLDK.06001_06001.nc,True,True,NOT_HASHED
H:\葵花202303_202510\202407\17\NC_H09_20240717_1150_R21_FLDK.06001_06001.nc,True,True,NOT_HASHED
H:\葵花202303_202510\202407\17\NC_H09_20240717_1200_R21_FLDK.06001_06001.nc,True,True,NOT_HASHED
H:\葵花202303_202510\202407\17\NC_H09_20240717_1210_R21_FLDK.06001_06001.nc,True,True,NOT_HASHED
H:\葵花202303_202510\202407\17\NC_H09_20240717_1220_R21_FLDK.06001_06001.nc,True,True,NOT_HASHED
H:\葵花202303_202510\202407\17\NC_H09_20240717_1230_R21_FLDK.06001_06001.nc,True,True,NOT_HASHED
H:\葵花202303_202510\202407\17\NC_H09_20240717_1240_R21_FLDK.06001_06001.nc,True,True,NOT_HASHED
H:\葵花202303_202510\202407\17\NC_H09_20240717_1250_R21_FLDK.06001_06001.nc,True,True,NOT_HASHED
H:\葵花202303_202510\202407\17\NC_H09_20240717_1300_R21_FLDK.06001_06001.nc,True,True,NOT_HASHED
H:\葵花202303_202510\202407\17\NC_H09_20240717_1310_R21_FLDK.06001_06001.nc,True,True,NOT_HASHED
H:\葵花202303_202510\202407\17\NC_H09_20240717_1320_R21_FLDK.06001_06001.nc,True,True,NOT_HASHED
H:\葵花202303_202510\202407\17\NC_H09_20240717_1330_R21_FLDK.06001_06001.nc,True,True,NOT_HASHED
H:\葵花202303_202510\202407\17\NC_H09_20240717_1340_R21_FLDK.06001_06001.nc,True,True,NOT_HASHED
H:\葵花202303_202510\202407\17\NC_H09_20240717_1350_R21_FLDK.06001_06001.nc,True,True,NOT_HASHED
H:\葵花202303_202510\202407\17\NC_H09_20240717_1400_R21_FLDK.06001_06001.nc,True,True,NOT_HASHED
H:\葵花202303_202510\202407\17\NC_H09_20240717_1410_R21_FLDK.06001_06001.nc,True,True,NOT_HASHED
H:\葵花202303_202510\202407\17\NC_H09_20240717_1420_R21_FLDK.06001_06001.nc,True,True,NOT_HASHED
H:\葵花202303_202510\202407\17\NC_H09_20240717_1430_R21_FLDK.06001_06001.nc,True,True,NOT_HASHED
H:\葵花202303_202510\202407\17\NC_H09_20240717_1450_R21_FLDK.06001_06001.nc,True,True,NOT_HASHED
H:\葵花202303_202510\202407\17\NC_H09_20240717_1500_R21_FLDK.06001_06001.nc,True,True,NOT_HASHED
H:\葵花202303_202510\202407\17\NC_H09_20240717_1510_R21_FLDK.06001_06001.nc,True,True,NOT_HASHED
H:\葵花202303_202510\202407\17\NC_H09_20240717_1520_R21_FLDK.06001_06001.nc,True,True,NOT_HASHED
H:\葵花202303_202510\202407\17\NC_H09_20240717_1530_R21_FLDK.06001_06001.nc,True,True,NOT_HASHED
H:\葵花202303_202510\202407\17\NC_H09_20240717_1540_R21_FLDK.06001_06001.nc,True,True,NOT_HASHED
H:\葵花202303_202510\202407\17\NC_H09_20240717_1550_R21_FLDK.06001_06001.nc,True,True,NOT_HASHED
H:\葵花202303_202510\202407\17\NC_H09_20240717_1600_R21_FLDK.06001_06001.nc,True,True,NOT_HASHED
H:\葵花202303_202510\202407\17\NC_H09_20240717_1610_R21_FLDK.06001_06001.nc,True,True,NOT_HASHED
H:\葵花202303_202510\202407\17\NC_H09_20240717_1620_R21_FLDK.06001_06001.nc,True,True,NOT_HASHED
H:\葵花202303_202510\202407\17\NC_H09_20240717_1630_R21_FLDK.06001_06001.nc,True,True,NOT_HASHED
H:\葵花202303_202510\202407\17\NC_H09_20240717_1640_R21_FLDK.06001_06001.nc,True,True,NOT_HASHED
H:\葵花202303_202510\202407\17\NC_H09_20240717_1650_R21_FLDK.06001_06001.nc,True,True,NOT_HASHED
H:\葵花202303_202510\202407\17\NC_H09_20240717_1700_R21_FLDK.06001_06001.nc,True,True,NOT_HASHED
H:\葵花202303_202510\202407\17\NC_H09_20240717_1710_R21_FLDK.06001_06001.nc,True,True,NOT_HASHED
H:\葵花202303_202510\202407\17\NC_H09_20240717_1720_R21_FLDK.06001_06001.nc,True,True,NOT_HASHED
H:\葵花202303_202510\202407\17\NC_H09_20240717_1730_R21_FLDK.06001_06001.nc,True,True,NOT_HASHED
H:\葵花202303_202510\202407\17\NC_H09_20240717_1740_R21_FLDK.06001_06001.nc,True,True,NOT_HASHED
H:\葵花202303_202510\202407\17\NC_H09_20240717_1750_R21_FLDK.06001_06001.nc,True,True,NOT_HASHED
H:\葵花202303_202510\202407\17\NC_H09_20240717_1800_R21_FLDK.06001_06001.nc,True,True,NOT_HASHED
H:\葵花202303_202510\202407\17\NC_H09_20240717_1810_R21_FLDK.06001_06001.nc,True,True,NOT_HASHED
H:\葵花202303_202510\202407\17\NC_H09_20240717_1820_R21_FLDK.06001_06001.nc,True,True,NOT_HASHED
H:\葵花202303_202510\202407\17\NC_H09_20240717_1830_R21_FLDK.06001_06001.nc,True,True,NOT_HASHED
H:\葵花202303_202510\202407\17\NC_H09_20240717_1840_R21_FLDK.06001_06001.nc,True,True,NOT_HASHED
H:\葵花202303_202510\202407\17\NC_H09_20240717_1850_R21_FLDK.06001_06001.nc,True,True,NOT_HASHED
H:\葵花202303_202510\202407\17\NC_H09_20240717_1900_R21_FLDK.06001_06001.nc,True,True,NOT_HASHED
H:\葵花202303_202510\202407\17\NC_H09_20240717_1910_R21_FLDK.06001_06001.nc,True,True,NOT_HASHED
H:\葵花202303_202510\202407\17\NC_H09_20240717_1920_R21_FLDK.06001_06001.nc,True,True,NOT_HASHED
H:\葵花202303_202510\202407\17\NC_H09_20240717_1930_R21_FLDK.06001_06001.nc,True,True,NOT_HASHED
H:\葵花202303_202510\202407\17\NC_H09_20240717_1940_R21_FLDK.06001_06001.nc,True,True,NOT_HASHED
H:\葵花202303_202510\202407\17\NC_H09_20240717_1950_R21_FLDK.06001_06001.nc,True,True,NOT_HASHED
H:\葵花202303_202510\202407\17\NC_H09_20240717_2000_R21_FLDK.06001_06001.nc,True,True,NOT_HASHED
H:\葵花202303_202510\202407\17\NC_H09_20240717_2010_R21_FLDK.06001_06001.nc,True,True,NOT_HASHED
H:\葵花202303_202510\202407\17\NC_H09_20240717_2020_R21_FLDK.06001_06001.nc,True,True,NOT_HASHED
H:\葵花202303_202510\202407\17\NC_H09_20240717_2030_R21_FLDK.06001_06001.nc,True,True,NOT_HASHED
H:\葵花202303_202510\202407\17\NC_H09_20240717_2040_R21_FLDK.06001_06001.nc,True,True,NOT_HASHED
H:\葵花202303_202510\202407\17\NC_H09_20240717_2050_R21_FLDK.06001_06001.nc,True,True,NOT_HASHED
H:\葵花202303_202510\202407\17\NC_H09_20240717_2100_R21_FLDK.06001_06001.nc,True,True,NOT_HASHED
H:\葵花202303_202510\202407\17\NC_H09_20240717_2110_R21_FLDK.06001_06001.nc,True,True,NOT_HASHED
H:\葵花202303_202510\202407\17\NC_H09_20240717_2120_R21_FLDK.06001_06001.nc,True,True,NOT_HASHED
H:\葵花202303_202510\202407\17\NC_H09_20240717_2130_R21_FLDK.06001_06001.nc,True,True,NOT_HASHED
H:\葵花202303_202510\202407\17\NC_H09_20240717_2140_R21_FLDK.06001_06001.nc,True,True,NOT_HASHED
H:\葵花202303_202510\202407\17\NC_H09_20240717_2150_R21_FLDK.06001_06001.nc,True,True,NOT_HASHED
H:\葵花202303_202510\202407\17\NC_H09_20240717_2200_R21_FLDK.06001_06001.nc,True,True,NOT_HASHED
H:\葵花202303_202510\202407\17\NC_H09_20240717_2210_R21_FLDK.06001_06001.nc,True,True,NOT_HASHED
H:\葵花202303_202510\202407\17\NC_H09_20240717_2220_R21_FLDK.06001_06001.nc,True,True,NOT_HASHED
H:\葵花202303_202510\202407\17\NC_H09_20240717_2230_R21_FLDK.06001_06001.nc,True,True,NOT_HASHED
H:\葵花202303_202510\202407\17\NC_H09_20240717_2240_R21_FLDK.06001_06001.nc,True,True,NOT_HASHED
H:\葵花202303_202510\202407\17\NC_H09_20240717_2250_R21_FLDK.06001_06001.nc,True,True,NOT_HASHED
H:\葵花202303_202510\202407\17\NC_H09_20240717_2300_R21_FLDK.06001_06001.nc,True,True,NOT_HASHED
H:\葵花202303_202510\202407\17\NC_H09_20240717_2310_R21_FLDK.06001_06001.nc,True,True,NOT_HASHED
H:\葵花202303_202510\202407\17\NC_H09_20240717_2320_R21_FLDK.06001_06001.nc,True,True,NOT_HASHED
H:\葵花202303_202510\202407\17\NC_H09_20240717_2330_R21_FLDK.06001_06001.nc,True,True,NOT_HASHED
H:\葵花202303_202510\202407\17\NC_H09_20240717_2340_R21_FLDK.06001_06001.nc,True,True,NOT_HASHED
H:\葵花202303_202510\202407\17\NC_H09_20240717_2350_R21_FLDK.06001_06001.nc,True,True,NOT_HASHED
H:\葵花202303_202510\202407\18\NC_H09_20240718_0000_R21_FLDK.06001_06001.nc,True,True,NOT_HASHED
H:\葵花202303_202510\202407\18\NC_H09_20240718_0010_R21_FLDK.06001_06001.nc,True,True,NOT_HASHED
H:\葵花202303_202510\202407\18\NC_H09_20240718_0020_R21_FLDK.06001_06001.nc,True,True,NOT_HASHED
H:\葵花202303_202510\202407\18\NC_H09_20240718_0030_R21_FLDK.06001_06001.nc,True,True,NOT_HASHED
H:\葵花202303_202510\202407\18\NC_H09_20240718_0040_R21_FLDK.06001_06001.nc,True,True,NOT_HASHED
H:\葵花202303_202510\202407\18\NC_H09_20240718_0050_R21_FLDK.06001_06001.nc,True,True,NOT_HASHED
H:\葵花202303_202510\202407\18\NC_H09_20240718_0100_R21_FLDK.06001_06001.nc,True,True,NOT_HASHED
H:\葵花202303_202510\202407\18\NC_H09_20240718_0110_R21_FLDK.06001_06001.nc,True,True,NOT_HASHED
H:\葵花202303_202510\202407\18\NC_H09_20240718_0120_R21_FLDK.06001_06001.nc,True,True,NOT_HASHED
H:\葵花202303_202510\202407\18\NC_H09_20240718_0130_R21_FLDK.06001_06001.nc,True,True,NOT_HASHED
H:\葵花202303_202510\202407\18\NC_H09_20240718_0140_R21_FLDK.06001_06001.nc,True,True,NOT_HASHED
H:\葵花202303_202510\202407\18\NC_H09_20240718_0150_R21_FLDK.06001_06001.nc,True,True,NOT_HASHED
H:\葵花202303_202510\202407\18\NC_H09_20240718_0200_R21_FLDK.06001_06001.nc,True,True,NOT_HASHED
H:\葵花202303_202510\202407\18\NC_H09_20240718_0210_R21_FLDK.06001_06001.nc,True,True,NOT_HASHED
H:\葵花202303_202510\202407\18\NC_H09_20240718_0220_R21_FLDK.06001_06001.nc,True,True,NOT_HASHED
H:\葵花202303_202510\202407\18\NC_H09_20240718_0230_R21_FLDK.06001_06001.nc,True,True,NOT_HASHED
H:\葵花202303_202510\202407\18\NC_H09_20240718_0250_R21_FLDK.06001_06001.nc,True,True,NOT_HASHED
H:\葵花202303_202510\202407\18\NC_H09_20240718_0300_R21_FLDK.06001_06001.nc,True,True,NOT_HASHED
H:\葵花202303_202510\202407\18\NC_H09_20240718_0310_R21_FLDK.06001_06001.nc,True,True,NOT_HASHED
H:\葵花202303_202510\202407\18\NC_H09_20240718_0320_R21_FLDK.06001_06001.nc,True,True,NOT_HASHED
H:\葵花202303_202510\202407\18\NC_H09_20240718_0330_R21_FLDK.06001_06001.nc,True,True,NOT_HASHED
H:\葵花202303_202510\202407\18\NC_H09_20240718_0340_R21_FLDK.06001_06001.nc,True,True,NOT_HASHED
H:\葵花202303_202510\202407\18\NC_H09_20240718_0350_R21_FLDK.06001_06001.nc,True,True,NOT_HASHED
H:\葵花202303_202510\202407\18\NC_H09_20240718_0400_R21_FLDK.06001_06001.nc,True,True,NOT_HASHED
H:\葵花202303_202510\202407\18\NC_H09_20240718_0410_R21_FLDK.06001_06001.nc,True,True,NOT_HASHED
H:\葵花202303_202510\202407\18\NC_H09_20240718_0420_R21_FLDK.06001_06001.nc,True,True,NOT_HASHED
H:\葵花202303_202510\202407\18\NC_H09_20240718_0430_R21_FLDK.06001_06001.nc,True,True,NOT_HASHED
H:\葵花202303_202510\202407\18\NC_H09_20240718_0440_R21_FLDK.06001_06001.nc,True,True,NOT_HASHED
H:\葵花202303_202510\202407\18\NC_H09_20240718_0450_R21_FLDK.06001_06001.nc,True,True,NOT_HASHED
H:\葵花202303_202510\202407\18\NC_H09_20240718_0500_R21_FLDK.06001_06001.nc,True,True,NOT_HASHED
H:\葵花202303_202510\202407\18\NC_H09_20240718_0510_R21_FLDK.06001_06001.nc,True,True,NOT_HASHED
H:\葵花202303_202510\202407\18\NC_H09_20240718_0520_R21_FLDK.06001_06001.nc,True,True,NOT_HASHED
H:\葵花202303_202510\202407\18\NC_H09_20240718_0530_R21_FLDK.06001_06001.nc,True,True,NOT_HASHED
H:\葵花202303_202510\202407\18\NC_H09_20240718_0540_R21_FLDK.06001_06001.nc,True,True,NOT_HASHED
H:\葵花202303_202510\202407\18\NC_H09_20240718_0550_R21_FLDK.06001_06001.nc,True,True,NOT_HASHED
H:\葵花202303_202510\202407\18\NC_H09_20240718_0600_R21_FLDK.06001_06001.nc,True,True,NOT_HASHED
H:\葵花202303_202510\202407\18\NC_H09_20240718_0610_R21_FLDK.06001_06001.nc,True,True,NOT_HASHED
H:\葵花202303_202510\202407\18\NC_H09_20240718_0620_R21_FLDK.06001_06001.nc,True,True,NOT_HASHED
H:\葵花202303_202510\202407\18\NC_H09_20240718_0630_R21_FLDK.06001_06001.nc,True,True,NOT_HASHED
H:\葵花202303_202510\202407\18\NC_H09_20240718_0640_R21_FLDK.06001_06001.nc,True,True,NOT_HASHED
H:\葵花202303_202510\202407\18\NC_H09_20240718_0650_R21_FLDK.06001_06001.nc,True,True,NOT_HASHED
H:\葵花202303_202510\202407\18\NC_H09_20240718_0700_R21_FLDK.06001_06001.nc,True,True,NOT_HASHED
H:\葵花202303_202510\202407\18\NC_H09_20240718_0710_R21_FLDK.06001_06001.nc,True,True,NOT_HASHED
H:\葵花202303_202510\202407\18\NC_H09_20240718_0720_R21_FLDK.06001_06001.nc,True,True,NOT_HASHED
H:\葵花202303_202510\202407\18\NC_H09_20240718_0730_R21_FLDK.06001_06001.nc,True,True,NOT_HASHED
H:\葵花202303_202510\202407\18\NC_H09_20240718_0740_R21_FLDK.06001_06001.nc,True,True,NOT_HASHED
H:\葵花202303_202510\202407\18\NC_H09_20240718_0750_R21_FLDK.06001_06001.nc,True,True,NOT_HASHED
H:\葵花202303_202510\202407\18\NC_H09_20240718_0800_R21_FLDK.06001_06001.nc,True,True,NOT_HASHED
H:\葵花202303_202510\202407\18\NC_H09_20240718_0810_R21_FLDK.06001_06001.nc,True,True,NOT_HASHED
H:\葵花202303_202510\202407\18\NC_H09_20240718_0820_R21_FLDK.06001_06001.nc,True,True,NOT_HASHED
H:\葵花202303_202510\202407\18\NC_H09_20240718_0830_R21_FLDK.06001_06001.nc,True,True,NOT_HASHED
H:\葵花202303_202510\202407\18\NC_H09_20240718_0840_R21_FLDK.06001_06001.nc,True,True,NOT_HASHED
H:\葵花202303_202510\202407\18\NC_H09_20240718_0850_R21_FLDK.06001_06001.nc,True,True,NOT_HASHED
H:\葵花202303_202510\202407\18\NC_H09_20240718_0900_R21_FLDK.06001_06001.nc,True,True,NOT_HASHED
H:\葵花202303_202510\202407\18\NC_H09_20240718_0910_R21_FLDK.06001_06001.nc,True,True,NOT_HASHED
H:\葵花202303_202510\202407\18\NC_H09_20240718_0920_R21_FLDK.06001_06001.nc,True,True,NOT_HASHED
H:\葵花202303_202510\202407\18\NC_H09_20240718_0930_R21_FLDK.06001_06001.nc,True,True,NOT_HASHED
H:\葵花202303_202510\202407\18\NC_H09_20240718_0940_R21_FLDK.06001_06001.nc,True,True,NOT_HASHED
H:\葵花202303_202510\202407\18\NC_H09_20240718_0950_R21_FLDK.06001_06001.nc,True,True,NOT_HASHED
H:\葵花202303_202510\202407\18\NC_H09_20240718_1000_R21_FLDK.06001_06001.nc,True,True,NOT_HASHED
H:\葵花202303_202510\202407\18\NC_H09_20240718_1010_R21_FLDK.06001_06001.nc,True,True,NOT_HASHED
H:\葵花202303_202510\202407\18\NC_H09_20240718_1020_R21_FLDK.06001_06001.nc,True,True,NOT_HASHED
H:\葵花202303_202510\202407\18\NC_H09_20240718_1030_R21_FLDK.06001_06001.nc,True,True,NOT_HASHED
H:\葵花202303_202510\202407\18\NC_H09_20240718_1040_R21_FLDK.06001_06001.nc,True,True,NOT_HASHED
H:\葵花202303_202510\202407\18\NC_H09_20240718_1050_R21_FLDK.06001_06001.nc,True,True,NOT_HASHED
H:\葵花202303_202510\202407\18\NC_H09_20240718_1100_R21_FLDK.06001_06001.nc,True,True,NOT_HASHED
H:\葵花202303_202510\202407\18\NC_H09_20240718_1110_R21_FLDK.06001_06001.nc,True,True,NOT_HASHED
H:\葵花202303_202510\202407\18\NC_H09_20240718_1120_R21_FLDK.06001_06001.nc,True,True,NOT_HASHED
H:\葵花202303_202510\202407\18\NC_H09_20240718_1130_R21_FLDK.06001_06001.nc,True,True,NOT_HASHED
H:\葵花202303_202510\202407\18\NC_H09_20240718_1140_R21_FLDK.06001_06001.nc,True,True,NOT_HASHED
H:\葵花202303_202510\202407\18\NC_H09_20240718_1150_R21_FLDK.06001_06001.nc,True,True,NOT_HASHED
H:\葵花202303_202510\202407\18\NC_H09_20240718_1200_R21_FLDK.06001_06001.nc,True,True,NOT_HASHED
H:\葵花202303_202510\202407\18\NC_H09_20240718_1210_R21_FLDK.06001_06001.nc,True,True,NOT_HASHED
H:\葵花202303_202510\202407\18\NC_H09_20240718_1220_R21_FLDK.06001_06001.nc,True,True,NOT_HASHED
H:\葵花202303_202510\202407\18\NC_H09_20240718_1230_R21_FLDK.06001_06001.nc,True,True,NOT_HASHED
H:\葵花202303_202510\202407\18\NC_H09_20240718_1240_R21_FLDK.06001_06001.nc,True,True,NOT_HASHED
H:\葵花202303_202510\202407\18\NC_H09_20240718_1250_R21_FLDK.06001_06001.nc,True,True,NOT_HASHED
H:\葵花202303_202510\202407\18\NC_H09_20240718_1300_R21_FLDK.06001_06001.nc,True,True,NOT_HASHED
H:\葵花202303_202510\202407\18\NC_H09_20240718_1310_R21_FLDK.06001_06001.nc,True,True,NOT_HASHED
H:\葵花202303_202510\202407\18\NC_H09_20240718_1320_R21_FLDK.06001_06001.nc,True,True,NOT_HASHED
H:\葵花202303_202510\202407\18\NC_H09_20240718_1330_R21_FLDK.06001_06001.nc,True,True,NOT_HASHED
H:\葵花202303_202510\202407\18\NC_H09_20240718_1340_R21_FLDK.06001_06001.nc,True,True,NOT_HASHED
H:\葵花202303_202510\202407\18\NC_H09_20240718_1350_R21_FLDK.06001_06001.nc,True,True,NOT_HASHED
H:\葵花202303_202510\202407\18\NC_H09_20240718_1400_R21_FLDK.06001_06001.nc,True,True,NOT_HASHED
H:\葵花202303_202510\202407\18\NC_H09_20240718_1410_R21_FLDK.06001_06001.nc,True,True,NOT_HASHED
H:\葵花202303_202510\202407\18\NC_H09_20240718_1420_R21_FLDK.06001_06001.nc,True,True,NOT_HASHED
H:\葵花202303_202510\202407\18\NC_H09_20240718_1430_R21_FLDK.06001_06001.nc,True,True,NOT_HASHED
H:\葵花202303_202510\202407\18\NC_H09_20240718_1450_R21_FLDK.06001_06001.nc,True,True,NOT_HASHED
H:\葵花202303_202510\202407\18\NC_H09_20240718_1500_R21_FLDK.06001_06001.nc,True,True,NOT_HASHED
H:\葵花202303_202510\202407\18\NC_H09_20240718_1510_R21_FLDK.06001_06001.nc,True,True,NOT_HASHED
H:\葵花202303_202510\202407\18\NC_H09_20240718_1520_R21_FLDK.06001_06001.nc,True,True,NOT_HASHED
H:\葵花202303_202510\202407\18\NC_H09_20240718_1530_R21_FLDK.06001_06001.nc,True,True,NOT_HASHED
H:\葵花202303_202510\202407\18\NC_H09_20240718_1540_R21_FLDK.06001_06001.nc,True,True,NOT_HASHED
H:\葵花202303_202510\202407\18\NC_H09_20240718_1550_R21_FLDK.06001_06001.nc,True,True,NOT_HASHED
H:\葵花202303_202510\202407\18\NC_H09_20240718_1600_R21_FLDK.06001_06001.nc,True,True,NOT_HASHED
H:\葵花202303_202510\202407\18\NC_H09_20240718_1610_R21_FLDK.06001_06001.nc,True,True,NOT_HASHED
H:\葵花202303_202510\202407\18\NC_H09_20240718_1620_R21_FLDK.06001_06001.nc,True,True,NOT_HASHED
H:\葵花202303_202510\202407\18\NC_H09_20240718_1630_R21_FLDK.06001_06001.nc,True,True,NOT_HASHED
H:\葵花202303_202510\202407\18\NC_H09_20240718_1640_R21_FLDK.06001_06001.nc,True,True,NOT_HASHED
H:\葵花202303_202510\202407\18\NC_H09_20240718_1650_R21_FLDK.06001_06001.nc,True,True,NOT_HASHED
H:\葵花202303_202510\202407\18\NC_H09_20240718_1700_R21_FLDK.06001_06001.nc,True,True,NOT_HASHED
H:\葵花202303_202510\202407\18\NC_H09_20240718_1710_R21_FLDK.06001_06001.nc,True,True,NOT_HASHED
H:\葵花202303_202510\202407\18\NC_H09_20240718_1720_R21_FLDK.06001_06001.nc,True,True,NOT_HASHED
H:\葵花202303_202510\202407\18\NC_H09_20240718_1730_R21_FLDK.06001_06001.nc,True,True,NOT_HASHED
H:\葵花202303_202510\202407\18\NC_H09_20240718_1740_R21_FLDK.06001_06001.nc,True,True,NOT_HASHED
H:\葵花202303_202510\202407\18\NC_H09_20240718_1750_R21_FLDK.06001_06001.nc,True,True,NOT_HASHED
H:\葵花202303_202510\202407\18\NC_H09_20240718_1800_R21_FLDK.06001_06001.nc,True,True,NOT_HASHED
H:\葵花202303_202510\202407\18\NC_H09_20240718_1810_R21_FLDK.06001_06001.nc,True,True,NOT_HASHED
H:\葵花202303_202510\202407\18\NC_H09_20240718_1820_R21_FLDK.06001_06001.nc,True,True,NOT_HASHED
H:\葵花202303_202510\202407\18\NC_H09_20240718_1830_R21_FLDK.06001_06001.nc,True,True,NOT_HASHED
H:\葵花202303_202510\202407\18\NC_H09_20240718_1840_R21_FLDK.06001_06001.nc,True,True,NOT_HASHED
H:\葵花202303_202510\202407\18\NC_H09_20240718_1850_R21_FLDK.06001_06001.nc,True,True,NOT_HASHED
H:\葵花202303_202510\202407\18\NC_H09_20240718_1900_R21_FLDK.06001_06001.nc,True,True,NOT_HASHED
H:\葵花202303_202510\202407\18\NC_H09_20240718_1910_R21_FLDK.06001_06001.nc,True,True,NOT_HASHED
H:\葵花202303_202510\202407\18\NC_H09_20240718_1920_R21_FLDK.06001_06001.nc,True,True,NOT_HASHED
H:\葵花202303_202510\202407\18\NC_H09_20240718_1930_R21_FLDK.06001_06001.nc,True,True,NOT_HASHED
H:\葵花202303_202510\202407\18\NC_H09_20240718_1950_R21_FLDK.06001_06001.nc,True,True,NOT_HASHED
H:\葵花202303_202510\202407\18\NC_H09_20240718_2000_R21_FLDK.06001_06001.nc,True,True,NOT_HASHED
H:\葵花202303_202510\202407\18\NC_H09_20240718_2010_R21_FLDK.06001_06001.nc,True,True,NOT_HASHED
H:\葵花202303_202510\202407\18\NC_H09_20240718_2020_R21_FLDK.06001_06001.nc,True,True,NOT_HASHED
H:\葵花202303_202510\202407\18\NC_H09_20240718_2030_R21_FLDK.06001_06001.nc,True,True,NOT_HASHED
H:\葵花202303_202510\202407\18\NC_H09_20240718_2040_R21_FLDK.06001_06001.nc,True,True,NOT_HASHED
H:\葵花202303_202510\202407\18\NC_H09_20240718_2050_R21_FLDK.06001_06001.nc,True,True,NOT_HASHED
H:\葵花202303_202510\202407\18\NC_H09_20240718_2100_R21_FLDK.06001_06001.nc,True,True,NOT_HASHED
H:\葵花202303_202510\202407\18\NC_H09_20240718_2110_R21_FLDK.06001_06001.nc,True,True,NOT_HASHED
H:\葵花202303_202510\202407\18\NC_H09_20240718_2120_R21_FLDK.06001_06001.nc,True,True,NOT_HASHED
H:\葵花202303_202510\202407\18\NC_H09_20240718_2130_R21_FLDK.06001_06001.nc,True,True,NOT_HASHED
H:\葵花202303_202510\202407\18\NC_H09_20240718_2140_R21_FLDK.06001_06001.nc,True,True,NOT_HASHED
H:\葵花202303_202510\202407\18\NC_H09_20240718_2150_R21_FLDK.06001_06001.nc,True,True,NOT_HASHED
H:\葵花202303_202510\202407\18\NC_H09_20240718_2200_R21_FLDK.06001_06001.nc,True,True,NOT_HASHED
H:\葵花202303_202510\202407\18\NC_H09_20240718_2210_R21_FLDK.06001_06001.nc,True,True,NOT_HASHED
H:\葵花202303_202510\202407\18\NC_H09_20240718_2220_R21_FLDK.06001_06001.nc,True,True,NOT_HASHED
H:\葵花202303_202510\202407\18\NC_H09_20240718_2230_R21_FLDK.06001_06001.nc,True,True,NOT_HASHED
H:\葵花202303_202510\202407\18\NC_H09_20240718_2240_R21_FLDK.06001_06001.nc,True,True,NOT_HASHED
H:\葵花202303_202510\202407\18\NC_H09_20240718_2250_R21_FLDK.06001_06001.nc,True,True,NOT_HASHED
H:\葵花202303_202510\202407\18\NC_H09_20240718_2300_R21_FLDK.06001_06001.nc,True,True,NOT_HASHED
H:\葵花202303_202510\202407\18\NC_H09_20240718_2310_R21_FLDK.06001_06001.nc,True,True,NOT_HASHED
H:\葵花202303_202510\202407\18\NC_H09_20240718_2320_R21_FLDK.06001_06001.nc,True,True,NOT_HASHED
H:\葵花202303_202510\202407\18\NC_H09_20240718_2330_R21_FLDK.06001_06001.nc,True,True,NOT_HASHED
H:\葵花202303_202510\202407\18\NC_H09_20240718_2340_R21_FLDK.06001_06001.nc,True,True,NOT_HASHED
H:\葵花202303_202510\202407\18\NC_H09_20240718_2350_R21_FLDK.06001_06001.nc,True,True,NOT_HASHED
H:\葵花202303_202510\202407\19\NC_H09_20240719_0000_R21_FLDK.06001_06001.nc,True,True,NOT_HASHED
H:\葵花202303_202510\202407\19\NC_H09_20240719_0010_R21_FLDK.06001_06001.nc,True,True,NOT_HASHED
H:\葵花202303_202510\202407\19\NC_H09_20240719_0020_R21_FLDK.06001_06001.nc,True,True,NOT_HASHED
H:\葵花202303_202510\202407\19\NC_H09_20240719_0030_R21_FLDK.06001_06001.nc,True,True,NOT_HASHED
H:\葵花202303_202510\202407\19\NC_H09_20240719_0040_R21_FLDK.06001_06001.nc,True,True,NOT_HASHED
H:\葵花202303_202510\202407\19\NC_H09_20240719_0050_R21_FLDK.06001_06001.nc,True,True,NOT_HASHED
H:\葵花202303_202510\202407\19\NC_H09_20240719_0100_R21_FLDK.06001_06001.nc,True,True,NOT_HASHED
H:\葵花202303_202510\202407\19\NC_H09_20240719_0110_R21_FLDK.06001_06001.nc,True,True,NOT_HASHED
H:\葵花202303_202510\202407\19\NC_H09_20240719_0120_R21_FLDK.06001_06001.nc,True,True,NOT_HASHED
H:\葵花202303_202510\202407\19\NC_H09_20240719_0130_R21_FLDK.06001_06001.nc,True,True,NOT_HASHED
H:\葵花202303_202510\202407\19\NC_H09_20240719_0140_R21_FLDK.06001_06001.nc,True,True,NOT_HASHED
H:\葵花202303_202510\202407\19\NC_H09_20240719_0150_R21_FLDK.06001_06001.nc,True,True,NOT_HASHED
H:\葵花202303_202510\202407\19\NC_H09_20240719_0200_R21_FLDK.06001_06001.nc,True,True,NOT_HASHED
H:\葵花202303_202510\202407\19\NC_H09_20240719_0210_R21_FLDK.06001_06001.nc,True,True,NOT_HASHED
H:\葵花202303_202510\202407\19\NC_H09_20240719_0220_R21_FLDK.06001_06001.nc,True,True,NOT_HASHED
H:\葵花202303_202510\202407\19\NC_H09_20240719_0230_R21_FLDK.06001_06001.nc,True,True,NOT_HASHED
H:\葵花202303_202510\202407\19\NC_H09_20240719_0250_R21_FLDK.06001_06001.nc,True,True,NOT_HASHED
H:\葵花202303_202510\202407\19\NC_H09_20240719_0300_R21_FLDK.06001_06001.nc,True,True,NOT_HASHED
H:\葵花202303_202510\202407\19\NC_H09_20240719_0310_R21_FLDK.06001_06001.nc,True,True,NOT_HASHED
H:\葵花202303_202510\202407\19\NC_H09_20240719_0320_R21_FLDK.06001_06001.nc,True,True,NOT_HASHED
H:\葵花202303_202510\202407\19\NC_H09_20240719_0330_R21_FLDK.06001_06001.nc,True,True,NOT_HASHED
H:\葵花202303_202510\202407\19\NC_H09_20240719_0340_R21_FLDK.06001_06001.nc,True,True,NOT_HASHED
H:\葵花202303_202510\202407\19\NC_H09_20240719_0350_R21_FLDK.06001_06001.nc,True,True,NOT_HASHED
H:\葵花202303_202510\202407\19\NC_H09_20240719_0400_R21_FLDK.06001_06001.nc,True,True,NOT_HASHED
H:\葵花202303_202510\202407\19\NC_H09_20240719_0410_R21_FLDK.06001_06001.nc,True,True,NOT_HASHED
H:\葵花202303_202510\202407\19\NC_H09_20240719_0420_R21_FLDK.06001_06001.nc,True,True,NOT_HASHED
H:\葵花202303_202510\202407\19\NC_H09_20240719_0430_R21_FLDK.06001_06001.nc,True,True,NOT_HASHED
H:\葵花202303_202510\202407\19\NC_H09_20240719_0440_R21_FLDK.06001_06001.nc,True,True,NOT_HASHED
H:\葵花202303_202510\202407\19\NC_H09_20240719_0450_R21_FLDK.06001_06001.nc,True,True,NOT_HASHED
H:\葵花202303_202510\202407\19\NC_H09_20240719_0500_R21_FLDK.06001_06001.nc,True,True,NOT_HASHED
H:\葵花202303_202510\202407\19\NC_H09_20240719_0510_R21_FLDK.06001_06001.nc,True,True,NOT_HASHED
H:\葵花202303_202510\202407\19\NC_H09_20240719_0520_R21_FLDK.06001_06001.nc,True,True,NOT_HASHED
H:\葵花202303_202510\202407\19\NC_H09_20240719_0530_R21_FLDK.06001_06001.nc,True,True,NOT_HASHED
H:\葵花202303_202510\202407\19\NC_H09_20240719_0540_R21_FLDK.06001_06001.nc,True,True,NOT_HASHED
H:\葵花202303_202510\202407\19\NC_H09_20240719_0550_R21_FLDK.06001_06001.nc,True,True,NOT_HASHED
H:\葵花202303_202510\202407\19\NC_H09_20240719_0600_R21_FLDK.06001_06001.nc,True,True,NOT_HASHED
H:\葵花202303_202510\202407\19\NC_H09_20240719_0610_R21_FLDK.06001_06001.nc,True,True,NOT_HASHED
H:\葵花202303_202510\202407\19\NC_H09_20240719_0620_R21_FLDK.06001_06001.nc,True,True,NOT_HASHED
H:\葵花202303_202510\202407\19\NC_H09_20240719_0630_R21_FLDK.06001_06001.nc,True,True,NOT_HASHED
H:\葵花202303_202510\202407\19\NC_H09_20240719_0640_R21_FLDK.06001_06001.nc,True,True,NOT_HASHED
H:\葵花202303_202510\202407\19\NC_H09_20240719_0650_R21_FLDK.06001_06001.nc,True,True,NOT_HASHED
H:\葵花202303_202510\202407\19\NC_H09_20240719_0700_R21_FLDK.06001_06001.nc,True,True,NOT_HASHED
H:\葵花202303_202510\202407\19\NC_H09_20240719_0710_R21_FLDK.06001_06001.nc,True,True,NOT_HASHED
H:\葵花202303_202510\202407\19\NC_H09_20240719_0720_R21_FLDK.06001_06001.nc,True,True,NOT_HASHED
H:\葵花202303_202510\202407\19\NC_H09_20240719_0730_R21_FLDK.06001_06001.nc,True,True,NOT_HASHED
H:\葵花202303_202510\202407\19\NC_H09_20240719_0750_R21_FLDK.06001_06001.nc,True,True,NOT_HASHED
H:\葵花202303_202510\202407\19\NC_H09_20240719_0800_R21_FLDK.06001_06001.nc,True,True,NOT_HASHED
H:\葵花202303_202510\202407\19\NC_H09_20240719_0810_R21_FLDK.06001_06001.nc,True,True,NOT_HASHED
H:\葵花202303_202510\202407\19\NC_H09_20240719_0820_R21_FLDK.06001_06001.nc,True,True,NOT_HASHED
H:\葵花202303_202510\202407\19\NC_H09_20240719_0830_R21_FLDK.06001_06001.nc,True,True,NOT_HASHED
H:\葵花202303_202510\202407\19\NC_H09_20240719_0840_R21_FLDK.06001_06001.nc,True,True,NOT_HASHED
H:\葵花202303_202510\202407\19\NC_H09_20240719_0850_R21_FLDK.06001_06001.nc,True,True,NOT_HASHED
H:\葵花202303_202510\202407\19\NC_H09_20240719_0900_R21_FLDK.06001_06001.nc,True,True,NOT_HASHED
H:\葵花202303_202510\202407\19\NC_H09_20240719_0910_R21_FLDK.06001_06001.nc,True,True,NOT_HASHED
H:\葵花202303_202510\202407\19\NC_H09_20240719_0920_R21_FLDK.06001_06001.nc,True,True,NOT_HASHED
H:\葵花202303_202510\202407\19\NC_H09_20240719_0930_R21_FLDK.06001_06001.nc,True,True,NOT_HASHED
H:\葵花202303_202510\202407\19\NC_H09_20240719_0940_R21_FLDK.06001_06001.nc,True,True,NOT_HASHED
H:\葵花202303_202510\202407\19\NC_H09_20240719_0950_R21_FLDK.06001_06001.nc,True,True,NOT_HASHED
H:\葵花202303_202510\202407\19\NC_H09_20240719_1000_R21_FLDK.06001_06001.nc,True,True,NOT_HASHED
H:\葵花202303_202510\202407\19\NC_H09_20240719_1010_R21_FLDK.06001_06001.nc,True,True,NOT_HASHED
H:\葵花202303_202510\202407\19\NC_H09_20240719_1020_R21_FLDK.06001_06001.nc,True,True,NOT_HASHED
H:\葵花202303_202510\202407\19\NC_H09_20240719_1030_R21_FLDK.06001_06001.nc,True,True,NOT_HASHED
H:\葵花202303_202510\202407\19\NC_H09_20240719_1040_R21_FLDK.06001_06001.nc,True,True,NOT_HASHED
H:\葵花202303_202510\202407\19\NC_H09_20240719_1050_R21_FLDK.06001_06001.nc,True,True,NOT_HASHED
H:\葵花202303_202510\202407\19\NC_H09_20240719_1100_R21_FLDK.06001_06001.nc,True,True,NOT_HASHED
H:\葵花202303_202510\202407\19\NC_H09_20240719_1110_R21_FLDK.06001_06001.nc,True,True,NOT_HASHED
H:\葵花202303_202510\202407\19\NC_H09_20240719_1120_R21_FLDK.06001_06001.nc,True,True,NOT_HASHED
H:\葵花202303_202510\202407\19\NC_H09_20240719_1130_R21_FLDK.06001_06001.nc,True,True,NOT_HASHED
H:\葵花202303_202510\202407\19\NC_H09_20240719_1140_R21_FLDK.06001_06001.nc,True,True,NOT_HASHED
H:\葵花202303_202510\202407\19\NC_H09_20240719_1150_R21_FLDK.06001_06001.nc,True,True,NOT_HASHED
H:\葵花202303_202510\202407\19\NC_H09_20240719_1200_R21_FLDK.06001_06001.nc,True,True,NOT_HASHED
H:\葵花202303_202510\202407\19\NC_H09_20240719_1210_R21_FLDK.06001_06001.nc,True,True,NOT_HASHED
H:\葵花202303_202510\202407\19\NC_H09_20240719_1220_R21_FLDK.06001_06001.nc,True,True,NOT_HASHED
H:\葵花202303_202510\202407\19\NC_H09_20240719_1230_R21_FLDK.06001_06001.nc,True,True,NOT_HASHED
H:\葵花202303_202510\202407\19\NC_H09_20240719_1240_R21_FLDK.06001_06001.nc,True,True,NOT_HASHED
H:\葵花202303_202510\202407\19\NC_H09_20240719_1250_R21_FLDK.06001_06001.nc,True,True,NOT_HASHED
H:\葵花202303_202510\202407\19\NC_H09_20240719_1300_R21_FLDK.06001_06001.nc,True,True,NOT_HASHED
H:\葵花202303_202510\202407\19\NC_H09_20240719_1310_R21_FLDK.06001_06001.nc,True,True,NOT_HASHED
H:\葵花202303_202510\202407\19\NC_H09_20240719_1320_R21_FLDK.06001_06001.nc,True,True,NOT_HASHED
H:\葵花202303_202510\202407\19\NC_H09_20240719_1330_R21_FLDK.06001_06001.nc,True,True,NOT_HASHED
H:\葵花202303_202510\202407\19\NC_H09_20240719_1340_R21_FLDK.06001_06001.nc,True,True,NOT_HASHED
H:\葵花202303_202510\202407\19\NC_H09_20240719_1350_R21_FLDK.06001_06001.nc,True,True,NOT_HASHED
H:\葵花202303_202510\202407\19\NC_H09_20240719_1400_R21_FLDK.06001_06001.nc,True,True,NOT_HASHED
H:\葵花202303_202510\202407\19\NC_H09_20240719_1410_R21_FLDK.06001_06001.nc,True,True,NOT_HASHED
H:\葵花202303_202510\202407\19\NC_H09_20240719_1420_R21_FLDK.06001_06001.nc,True,True,NOT_HASHED
H:\葵花202303_202510\202407\19\NC_H09_20240719_1430_R21_FLDK.06001_06001.nc,True,True,NOT_HASHED
H:\葵花202303_202510\202407\19\NC_H09_20240719_1450_R21_FLDK.06001_06001.nc,True,True,NOT_HASHED
H:\葵花202303_202510\202407\19\NC_H09_20240719_1500_R21_FLDK.06001_06001.nc,True,True,NOT_HASHED
H:\葵花202303_202510\202407\19\NC_H09_20240719_1510_R21_FLDK.06001_06001.nc,True,True,NOT_HASHED
H:\葵花202303_202510\202407\19\NC_H09_20240719_1520_R21_FLDK.06001_06001.nc,True,True,NOT_HASHED
H:\葵花202303_202510\202407\19\NC_H09_20240719_1530_R21_FLDK.06001_06001.nc,True,True,NOT_HASHED
H:\葵花202303_202510\202407\19\NC_H09_20240719_1540_R21_FLDK.06001_06001.nc,True,True,NOT_HASHED
H:\葵花202303_202510\202407\19\NC_H09_20240719_1550_R21_FLDK.06001_06001.nc,True,True,NOT_HASHED
H:\葵花202303_202510\202407\19\NC_H09_20240719_1600_R21_FLDK.06001_06001.nc,True,True,NOT_HASHED
H:\葵花202303_202510\202407\19\NC_H09_20240719_1610_R21_FLDK.06001_06001.nc,True,True,NOT_HASHED
H:\葵花202303_202510\202407\19\NC_H09_20240719_1620_R21_FLDK.06001_06001.nc,True,True,NOT_HASHED
H:\葵花202303_202510\202407\19\NC_H09_20240719_1630_R21_FLDK.06001_06001.nc,True,True,NOT_HASHED
H:\葵花202303_202510\202407\19\NC_H09_20240719_1640_R21_FLDK.06001_06001.nc,True,True,NOT_HASHED
H:\葵花202303_202510\202407\19\NC_H09_20240719_1650_R21_FLDK.06001_06001.nc,True,True,NOT_HASHED
H:\葵花202303_202510\202407\19\NC_H09_20240719_1700_R21_FLDK.06001_06001.nc,True,True,NOT_HASHED
H:\葵花202303_202510\202407\19\NC_H09_20240719_1710_R21_FLDK.06001_06001.nc,True,True,NOT_HASHED
H:\葵花202303_202510\202407\19\NC_H09_20240719_1720_R21_FLDK.06001_06001.nc,True,True,NOT_HASHED
H:\葵花202303_202510\202407\19\NC_H09_20240719_1730_R21_FLDK.06001_06001.nc,True,True,NOT_HASHED
H:\葵花202303_202510\202407\19\NC_H09_20240719_1740_R21_FLDK.06001_06001.nc,True,True,NOT_HASHED
H:\葵花202303_202510\202407\19\NC_H09_20240719_1750_R21_FLDK.06001_06001.nc,True,True,NOT_HASHED
H:\葵花202303_202510\202407\19\NC_H09_20240719_1800_R21_FLDK.06001_06001.nc,True,True,NOT_HASHED
H:\葵花202303_202510\202407\19\NC_H09_20240719_1810_R21_FLDK.06001_06001.nc,True,True,NOT_HASHED
H:\葵花202303_202510\202407\19\NC_H09_20240719_1820_R21_FLDK.06001_06001.nc,True,True,NOT_HASHED
H:\葵花202303_202510\202407\19\NC_H09_20240719_1830_R21_FLDK.06001_06001.nc,True,True,NOT_HASHED
H:\葵花202303_202510\202407\19\NC_H09_20240719_1840_R21_FLDK.06001_06001.nc,True,True,NOT_HASHED
H:\葵花202303_202510\202407\19\NC_H09_20240719_1850_R21_FLDK.06001_06001.nc,True,True,NOT_HASHED
H:\葵花202303_202510\202407\19\NC_H09_20240719_1900_R21_FLDK.06001_06001.nc,True,True,NOT_HASHED
H:\葵花202303_202510\202407\19\NC_H09_20240719_1910_R21_FLDK.06001_06001.nc,True,True,NOT_HASHED
H:\葵花202303_202510\202407\19\NC_H09_20240719_1920_R21_FLDK.06001_06001.nc,True,True,NOT_HASHED
H:\葵花202303_202510\202407\19\NC_H09_20240719_1930_R21_FLDK.06001_06001.nc,True,True,NOT_HASHED
H:\葵花202303_202510\202407\19\NC_H09_20240719_1940_R21_FLDK.06001_06001.nc,True,True,NOT_HASHED
H:\葵花202303_202510\202407\19\NC_H09_20240719_1950_R21_FLDK.06001_06001.nc,True,True,NOT_HASHED
H:\葵花202303_202510\202407\19\NC_H09_20240719_2000_R21_FLDK.06001_06001.nc,True,True,NOT_HASHED
H:\葵花202303_202510\202407\19\NC_H09_20240719_2010_R21_FLDK.06001_06001.nc,True,True,NOT_HASHED
H:\葵花202303_202510\202407\19\NC_H09_20240719_2020_R21_FLDK.06001_06001.nc,True,True,NOT_HASHED
H:\葵花202303_202510\202407\19\NC_H09_20240719_2030_R21_FLDK.06001_06001.nc,True,True,NOT_HASHED
H:\葵花202303_202510\202407\19\NC_H09_20240719_2040_R21_FLDK.06001_06001.nc,True,True,NOT_HASHED
H:\葵花202303_202510\202407\19\NC_H09_20240719_2050_R21_FLDK.06001_06001.nc,True,True,NOT_HASHED
H:\葵花202303_202510\202407\19\NC_H09_20240719_2100_R21_FLDK.06001_06001.nc,True,True,NOT_HASHED
H:\葵花202303_202510\202407\19\NC_H09_20240719_2110_R21_FLDK.06001_06001.nc,True,True,NOT_HASHED
H:\葵花202303_202510\202407\19\NC_H09_20240719_2120_R21_FLDK.06001_06001.nc,True,True,NOT_HASHED
H:\葵花202303_202510\202407\19\NC_H09_20240719_2130_R21_FLDK.06001_06001.nc,True,True,NOT_HASHED
H:\葵花202303_202510\202407\19\NC_H09_20240719_2140_R21_FLDK.06001_06001.nc,True,True,NOT_HASHED
H:\葵花202303_202510\202407\19\NC_H09_20240719_2150_R21_FLDK.06001_06001.nc,True,True,NOT_HASHED
H:\葵花202303_202510\202407\19\NC_H09_20240719_2200_R21_FLDK.06001_06001.nc,True,True,NOT_HASHED
H:\葵花202303_202510\202407\19\NC_H09_20240719_2210_R21_FLDK.06001_06001.nc,True,True,NOT_HASHED
H:\葵花202303_202510\202407\19\NC_H09_20240719_2220_R21_FLDK.06001_06001.nc,True,True,NOT_HASHED
H:\葵花202303_202510\202407\19\NC_H09_20240719_2230_R21_FLDK.06001_06001.nc,True,True,NOT_HASHED
H:\葵花202303_202510\202407\19\NC_H09_20240719_2240_R21_FLDK.06001_06001.nc,True,True,NOT_HASHED
H:\葵花202303_202510\202407\19\NC_H09_20240719_2250_R21_FLDK.06001_06001.nc,True,True,NOT_HASHED
H:\葵花202303_202510\202407\19\NC_H09_20240719_2300_R21_FLDK.06001_06001.nc,True,True,NOT_HASHED
H:\葵花202303_202510\202407\19\NC_H09_20240719_2310_R21_FLDK.06001_06001.nc,True,True,NOT_HASHED
H:\葵花202303_202510\202407\19\NC_H09_20240719_2320_R21_FLDK.06001_06001.nc,True,True,NOT_HASHED
H:\葵花202303_202510\202407\19\NC_H09_20240719_2330_R21_FLDK.06001_06001.nc,True,True,NOT_HASHED
H:\葵花202303_202510\202407\19\NC_H09_20240719_2340_R21_FLDK.06001_06001.nc,True,True,NOT_HASHED
H:\葵花202303_202510\202407\19\NC_H09_20240719_2350_R21_FLDK.06001_06001.nc,True,True,NOT_HASHED
H:\葵花202303_202510\202407\20\NC_H09_20240720_0000_R21_FLDK.06001_06001.nc,True,True,NOT_HASHED
H:\葵花202303_202510\202407\20\NC_H09_20240720_0010_R21_FLDK.06001_06001.nc,True,True,NOT_HASHED
H:\葵花202303_202510\202407\20\NC_H09_20240720_0020_R21_FLDK.06001_06001.nc,True,True,NOT_HASHED
H:\葵花202303_202510\202407\20\NC_H09_20240720_0030_R21_FLDK.06001_06001.nc,True,True,NOT_HASHED
H:\葵花202303_202510\202407\20\NC_H09_20240720_0040_R21_FLDK.06001_06001.nc,True,True,NOT_HASHED
H:\葵花202303_202510\202407\20\NC_H09_20240720_0050_R21_FLDK.06001_06001.nc,True,True,NOT_HASHED
H:\葵花202303_202510\202407\20\NC_H09_20240720_0100_R21_FLDK.06001_06001.nc,True,True,NOT_HASHED
H:\葵花202303_202510\202407\20\NC_H09_20240720_0110_R21_FLDK.06001_06001.nc,True,True,NOT_HASHED
H:\葵花202303_202510\202407\20\NC_H09_20240720_0120_R21_FLDK.06001_06001.nc,True,True,NOT_HASHED
H:\葵花202303_202510\202407\20\NC_H09_20240720_0130_R21_FLDK.06001_06001.nc,True,True,NOT_HASHED
H:\葵花202303_202510\202407\20\NC_H09_20240720_0140_R21_FLDK.06001_06001.nc,True,True,NOT_HASHED
H:\葵花202303_202510\202407\20\NC_H09_20240720_0150_R21_FLDK.06001_06001.nc,True,True,NOT_HASHED
H:\葵花202303_202510\202407\20\NC_H09_20240720_0200_R21_FLDK.06001_06001.nc,True,True,NOT_HASHED
H:\葵花202303_202510\202407\20\NC_H09_20240720_0210_R21_FLDK.06001_06001.nc,True,True,NOT_HASHED
H:\葵花202303_202510\202407\20\NC_H09_20240720_0220_R21_FLDK.06001_06001.nc,True,True,NOT_HASHED
H:\葵花202303_202510\202407\20\NC_H09_20240720_0230_R21_FLDK.06001_06001.nc,True,True,NOT_HASHED
H:\葵花202303_202510\202407\20\NC_H09_20240720_0250_R21_FLDK.06001_06001.nc,True,True,NOT_HASHED
H:\葵花202303_202510\202407\20\NC_H09_20240720_0300_R21_FLDK.06001_06001.nc,True,True,NOT_HASHED
H:\葵花202303_202510\202407\20\NC_H09_20240720_0310_R21_FLDK.06001_06001.nc,True,True,NOT_HASHED
H:\葵花202303_202510\202407\20\NC_H09_20240720_0320_R21_FLDK.06001_06001.nc,True,True,NOT_HASHED
H:\葵花202303_202510\202407\20\NC_H09_20240720_0330_R21_FLDK.06001_06001.nc,True,True,NOT_HASHED
H:\葵花202303_202510\202407\20\NC_H09_20240720_0340_R21_FLDK.06001_06001.nc,True,True,NOT_HASHED
H:\葵花202303_202510\202407\20\NC_H09_20240720_0350_R21_FLDK.06001_06001.nc,True,True,NOT_HASHED
H:\葵花202303_202510\202407\20\NC_H09_20240720_0400_R21_FLDK.06001_06001.nc,True,True,NOT_HASHED
H:\葵花202303_202510\202407\20\NC_H09_20240720_0410_R21_FLDK.06001_06001.nc,True,True,NOT_HASHED
H:\葵花202303_202510\202407\20\NC_H09_20240720_0420_R21_FLDK.06001_06001.nc,True,True,NOT_HASHED
H:\葵花202303_202510\202407\20\NC_H09_20240720_0430_R21_FLDK.06001_06001.nc,True,True,NOT_HASHED
H:\葵花202303_202510\202407\20\NC_H09_20240720_0440_R21_FLDK.06001_06001.nc,True,True,NOT_HASHED
H:\葵花202303_202510\202407\20\NC_H09_20240720_0450_R21_FLDK.06001_06001.nc,True,True,NOT_HASHED
H:\葵花202303_202510\202407\20\NC_H09_20240720_0500_R21_FLDK.06001_06001.nc,True,True,NOT_HASHED
H:\葵花202303_202510\202407\20\NC_H09_20240720_0510_R21_FLDK.06001_06001.nc,True,True,NOT_HASHED
H:\葵花202303_202510\202407\20\NC_H09_20240720_0520_R21_FLDK.06001_06001.nc,True,True,NOT_HASHED
H:\葵花202303_202510\202407\20\NC_H09_20240720_0530_R21_FLDK.06001_06001.nc,True,True,NOT_HASHED
H:\葵花202303_202510\202407\20\NC_H09_20240720_0540_R21_FLDK.06001_06001.nc,True,True,NOT_HASHED
H:\葵花202303_202510\202407\20\NC_H09_20240720_0550_R21_FLDK.06001_06001.nc,True,True,NOT_HASHED
H:\葵花202303_202510\202407\20\NC_H09_20240720_0600_R21_FLDK.06001_06001.nc,True,True,NOT_HASHED
H:\葵花202303_202510\202407\20\NC_H09_20240720_0610_R21_FLDK.06001_06001.nc,True,True,NOT_HASHED
H:\葵花202303_202510\202407\20\NC_H09_20240720_0620_R21_FLDK.06001_06001.nc,True,True,NOT_HASHED
H:\葵花202303_202510\202407\20\NC_H09_20240720_0630_R21_FLDK.06001_06001.nc,True,True,NOT_HASHED
H:\葵花202303_202510\202407\20\NC_H09_20240720_0640_R21_FLDK.06001_06001.nc,True,True,NOT_HASHED
H:\葵花202303_202510\202407\20\NC_H09_20240720_0650_R21_FLDK.06001_06001.nc,True,True,NOT_HASHED
H:\葵花202303_202510\202407\20\NC_H09_20240720_0700_R21_FLDK.06001_06001.nc,True,True,NOT_HASHED
H:\葵花202303_202510\202407\20\NC_H09_20240720_0710_R21_FLDK.06001_06001.nc,True,True,NOT_HASHED
H:\葵花202303_202510\202407\20\NC_H09_20240720_0720_R21_FLDK.06001_06001.nc,True,True,NOT_HASHED
H:\葵花202303_202510\202407\20\NC_H09_20240720_0730_R21_FLDK.06001_06001.nc,True,True,NOT_HASHED
H:\葵花202303_202510\202407\20\NC_H09_20240720_0740_R21_FLDK.06001_06001.nc,True,True,NOT_HASHED
H:\葵花202303_202510\202407\20\NC_H09_20240720_0750_R21_FLDK.06001_06001.nc,True,True,NOT_HASHED
H:\葵花202303_202510\202407\20\NC_H09_20240720_0800_R21_FLDK.06001_06001.nc,True,True,NOT_HASHED
H:\葵花202303_202510\202407\20\NC_H09_20240720_0810_R21_FLDK.06001_06001.nc,True,True,NOT_HASHED
H:\葵花202303_202510\202407\20\NC_H09_20240720_0820_R21_FLDK.06001_06001.nc,True,True,NOT_HASHED
H:\葵花202303_202510\202407\20\NC_H09_20240720_0830_R21_FLDK.06001_06001.nc,True,True,NOT_HASHED
H:\葵花202303_202510\202407\20\NC_H09_20240720_0840_R21_FLDK.06001_06001.nc,True,True,NOT_HASHED
H:\葵花202303_202510\202407\20\NC_H09_20240720_0850_R21_FLDK.06001_06001.nc,True,True,NOT_HASHED
H:\葵花202303_202510\202407\20\NC_H09_20240720_0900_R21_FLDK.06001_06001.nc,True,True,NOT_HASHED
H:\葵花202303_202510\202407\20\NC_H09_20240720_0910_R21_FLDK.06001_06001.nc,True,True,NOT_HASHED
H:\葵花202303_202510\202407\20\NC_H09_20240720_0920_R21_FLDK.06001_06001.nc,True,True,NOT_HASHED
H:\葵花202303_202510\202407\20\NC_H09_20240720_0930_R21_FLDK.06001_06001.nc,True,True,NOT_HASHED
H:\葵花202303_202510\202407\20\NC_H09_20240720_0940_R21_FLDK.06001_06001.nc,True,True,NOT_HASHED
H:\葵花202303_202510\202407\20\NC_H09_20240720_0950_R21_FLDK.06001_06001.nc,True,True,NOT_HASHED
H:\葵花202303_202510\202407\20\NC_H09_20240720_1000_R21_FLDK.06001_06001.nc,True,True,NOT_HASHED
H:\葵花202303_202510\202407\20\NC_H09_20240720_1010_R21_FLDK.06001_06001.nc,True,True,NOT_HASHED
H:\葵花202303_202510\202407\20\NC_H09_20240720_1020_R21_FLDK.06001_06001.nc,True,True,NOT_HASHED
H:\葵花202303_202510\202407\20\NC_H09_20240720_1030_R21_FLDK.06001_06001.nc,True,True,NOT_HASHED
H:\葵花202303_202510\202407\20\NC_H09_20240720_1040_R21_FLDK.06001_06001.nc,True,True,NOT_HASHED
H:\葵花202303_202510\202407\20\NC_H09_20240720_1050_R21_FLDK.06001_06001.nc,True,True,NOT_HASHED
H:\葵花202303_202510\202407\20\NC_H09_20240720_1100_R21_FLDK.06001_06001.nc,True,True,NOT_HASHED
H:\葵花202303_202510\202407\20\NC_H09_20240720_1110_R21_FLDK.06001_06001.nc,True,True,NOT_HASHED
H:\葵花202303_202510\202407\20\NC_H09_20240720_1120_R21_FLDK.06001_06001.nc,True,True,NOT_HASHED
H:\葵花202303_202510\202407\20\NC_H09_20240720_1130_R21_FLDK.06001_06001.nc,True,True,NOT_HASHED
H:\葵花202303_202510\202407\20\NC_H09_20240720_1140_R21_FLDK.06001_06001.nc,True,True,NOT_HASHED
H:\葵花202303_202510\202407\20\NC_H09_20240720_1150_R21_FLDK.06001_06001.nc,True,True,NOT_HASHED
H:\葵花202303_202510\202407\20\NC_H09_20240720_1200_R21_FLDK.06001_06001.nc,True,True,NOT_HASHED
H:\葵花202303_202510\202407\20\NC_H09_20240720_1210_R21_FLDK.06001_06001.nc,True,True,NOT_HASHED
H:\葵花202303_202510\202407\20\NC_H09_20240720_1220_R21_FLDK.06001_06001.nc,True,True,NOT_HASHED
H:\葵花202303_202510\202407\20\NC_H09_20240720_1230_R21_FLDK.06001_06001.nc,True,True,NOT_HASHED
H:\葵花202303_202510\202407\20\NC_H09_20240720_1240_R21_FLDK.06001_06001.nc,True,True,NOT_HASHED
H:\葵花202303_202510\202407\20\NC_H09_20240720_1250_R21_FLDK.06001_06001.nc,True,True,NOT_HASHED
H:\葵花202303_202510\202407\20\NC_H09_20240720_1300_R21_FLDK.06001_06001.nc,True,True,NOT_HASHED
H:\葵花202303_202510\202407\20\NC_H09_20240720_1310_R21_FLDK.06001_06001.nc,True,True,NOT_HASHED
H:\葵花202303_202510\202407\20\NC_H09_20240720_1320_R21_FLDK.06001_06001.nc,True,True,NOT_HASHED
H:\葵花202303_202510\202407\20\NC_H09_20240720_1330_R21_FLDK.06001_06001.nc,True,True,NOT_HASHED
H:\葵花202303_202510\202407\20\NC_H09_20240720_1340_R21_FLDK.06001_06001.nc,True,True,NOT_HASHED
H:\葵花202303_202510\202407\20\NC_H09_20240720_1350_R21_FLDK.06001_06001.nc,True,True,NOT_HASHED
H:\葵花202303_202510\202407\20\NC_H09_20240720_1400_R21_FLDK.06001_06001.nc,True,True,NOT_HASHED
H:\葵花202303_202510\202407\20\NC_H09_20240720_1410_R21_FLDK.06001_06001.nc,True,True,NOT_HASHED
H:\葵花202303_202510\202407\20\NC_H09_20240720_1420_R21_FLDK.06001_06001.nc,True,True,NOT_HASHED
H:\葵花202303_202510\202407\20\NC_H09_20240720_1430_R21_FLDK.06001_06001.nc,True,True,NOT_HASHED
H:\葵花202303_202510\202407\20\NC_H09_20240720_1450_R21_FLDK.06001_06001.nc,True,True,NOT_HASHED
H:\葵花202303_202510\202407\20\NC_H09_20240720_1500_R21_FLDK.06001_06001.nc,True,True,NOT_HASHED
H:\葵花202303_202510\202407\20\NC_H09_20240720_1510_R21_FLDK.06001_06001.nc,True,True,NOT_HASHED
H:\葵花202303_202510\202407\20\NC_H09_20240720_1520_R21_FLDK.06001_06001.nc,True,True,NOT_HASHED
H:\葵花202303_202510\202407\20\NC_H09_20240720_1530_R21_FLDK.06001_06001.nc,True,True,NOT_HASHED
H:\葵花202303_202510\202407\20\NC_H09_20240720_1540_R21_FLDK.06001_06001.nc,True,True,NOT_HASHED
H:\葵花202303_202510\202407\20\NC_H09_20240720_1550_R21_FLDK.06001_06001.nc,True,True,NOT_HASHED
H:\葵花202303_202510\202407\20\NC_H09_20240720_1600_R21_FLDK.06001_06001.nc,True,True,NOT_HASHED
H:\葵花202303_202510\202407\20\NC_H09_20240720_1610_R21_FLDK.06001_06001.nc,True,True,NOT_HASHED
H:\葵花202303_202510\202407\20\NC_H09_20240720_1620_R21_FLDK.06001_06001.nc,True,True,NOT_HASHED
H:\葵花202303_202510\202407\20\NC_H09_20240720_1630_R21_FLDK.06001_06001.nc,True,True,NOT_HASHED
H:\葵花202303_202510\202407\20\NC_H09_20240720_1640_R21_FLDK.06001_06001.nc,True,True,NOT_HASHED
H:\葵花202303_202510\202407\20\NC_H09_20240720_1650_R21_FLDK.06001_06001.nc,True,True,NOT_HASHED
H:\葵花202303_202510\202407\20\NC_H09_20240720_1700_R21_FLDK.06001_06001.nc,True,True,NOT_HASHED
H:\葵花202303_202510\202407\20\NC_H09_20240720_1710_R21_FLDK.06001_06001.nc,True,True,NOT_HASHED
H:\葵花202303_202510\202407\20\NC_H09_20240720_1720_R21_FLDK.06001_06001.nc,True,True,NOT_HASHED
H:\葵花202303_202510\202407\20\NC_H09_20240720_1730_R21_FLDK.06001_06001.nc,True,True,NOT_HASHED
H:\葵花202303_202510\202407\20\NC_H09_20240720_1740_R21_FLDK.06001_06001.nc,True,True,NOT_HASHED
H:\葵花202303_202510\202407\20\NC_H09_20240720_1750_R21_FLDK.06001_06001.nc,True,True,NOT_HASHED
H:\葵花202303_202510\202407\20\NC_H09_20240720_1800_R21_FLDK.06001_06001.nc,True,True,NOT_HASHED
H:\葵花202303_202510\202407\20\NC_H09_20240720_1810_R21_FLDK.06001_06001.nc,True,True,NOT_HASHED
H:\葵花202303_202510\202407\20\NC_H09_20240720_1820_R21_FLDK.06001_06001.nc,True,True,NOT_HASHED
H:\葵花202303_202510\202407\20\NC_H09_20240720_1830_R21_FLDK.06001_06001.nc,True,True,NOT_HASHED
H:\葵花202303_202510\202407\20\NC_H09_20240720_1840_R21_FLDK.06001_06001.nc,True,True,NOT_HASHED
H:\葵花202303_202510\202407\20\NC_H09_20240720_1850_R21_FLDK.06001_06001.nc,True,True,NOT_HASHED
H:\葵花202303_202510\202407\20\NC_H09_20240720_1900_R21_FLDK.06001_06001.nc,True,True,NOT_HASHED
H:\葵花202303_202510\202407\20\NC_H09_20240720_1910_R21_FLDK.06001_06001.nc,True,True,NOT_HASHED
H:\葵花202303_202510\202407\20\NC_H09_20240720_1920_R21_FLDK.06001_06001.nc,True,True,NOT_HASHED
H:\葵花202303_202510\202407\20\NC_H09_20240720_1930_R21_FLDK.06001_06001.nc,True,True,NOT_HASHED
H:\葵花202303_202510\202407\20\NC_H09_20240720_1940_R21_FLDK.06001_06001.nc,True,True,NOT_HASHED
H:\葵花202303_202510\202407\20\NC_H09_20240720_1950_R21_FLDK.06001_06001.nc,True,True,NOT_HASHED
H:\葵花202303_202510\202407\20\NC_H09_20240720_2000_R21_FLDK.06001_06001.nc,True,True,NOT_HASHED
H:\葵花202303_202510\202407\20\NC_H09_20240720_2010_R21_FLDK.06001_06001.nc,True,True,NOT_HASHED
H:\葵花202303_202510\202407\20\NC_H09_20240720_2020_R21_FLDK.06001_06001.nc,True,True,NOT_HASHED
H:\葵花202303_202510\202407\20\NC_H09_20240720_2030_R21_FLDK.06001_06001.nc,True,True,NOT_HASHED
H:\葵花202303_202510\202407\20\NC_H09_20240720_2040_R21_FLDK.06001_06001.nc,True,True,NOT_HASHED
H:\葵花202303_202510\202407\20\NC_H09_20240720_2050_R21_FLDK.06001_06001.nc,True,True,NOT_HASHED
H:\葵花202303_202510\202407\20\NC_H09_20240720_2100_R21_FLDK.06001_06001.nc,True,True,NOT_HASHED
H:\葵花202303_202510\202407\20\NC_H09_20240720_2110_R21_FLDK.06001_06001.nc,True,True,NOT_HASHED
H:\葵花202303_202510\202407\20\NC_H09_20240720_2120_R21_FLDK.06001_06001.nc,True,True,NOT_HASHED
H:\葵花202303_202510\202407\20\NC_H09_20240720_2130_R21_FLDK.06001_06001.nc,True,True,NOT_HASHED
H:\葵花202303_202510\202407\20\NC_H09_20240720_2140_R21_FLDK.06001_06001.nc,True,True,NOT_HASHED
H:\葵花202303_202510\202407\20\NC_H09_20240720_2150_R21_FLDK.06001_06001.nc,True,True,NOT_HASHED
H:\葵花202303_202510\202407\20\NC_H09_20240720_2200_R21_FLDK.06001_06001.nc,True,True,NOT_HASHED
H:\葵花202303_202510\202407\20\NC_H09_20240720_2210_R21_FLDK.06001_06001.nc,True,True,NOT_HASHED
H:\葵花202303_202510\202407\20\NC_H09_20240720_2220_R21_FLDK.06001_06001.nc,True,True,NOT_HASHED
H:\葵花202303_202510\202407\20\NC_H09_20240720_2230_R21_FLDK.06001_06001.nc,True,True,NOT_HASHED
H:\葵花202303_202510\202407\20\NC_H09_20240720_2240_R21_FLDK.06001_06001.nc,True,True,NOT_HASHED
H:\葵花202303_202510\202407\20\NC_H09_20240720_2250_R21_FLDK.06001_06001.nc,True,True,NOT_HASHED
H:\葵花202303_202510\202407\20\NC_H09_20240720_2300_R21_FLDK.06001_06001.nc,True,True,NOT_HASHED
H:\葵花202303_202510\202407\20\NC_H09_20240720_2310_R21_FLDK.06001_06001.nc,True,True,NOT_HASHED
H:\葵花202303_202510\202407\20\NC_H09_20240720_2320_R21_FLDK.06001_06001.nc,True,True,NOT_HASHED
H:\葵花202303_202510\202407\20\NC_H09_20240720_2330_R21_FLDK.06001_06001.nc,True,True,NOT_HASHED
H:\葵花202303_202510\202407\20\NC_H09_20240720_2340_R21_FLDK.06001_06001.nc,True,True,NOT_HASHED
H:\葵花202303_202510\202407\20\NC_H09_20240720_2350_R21_FLDK.06001_06001.nc,True,True,NOT_HASHED
H:\葵花202303_202510\202407\21\NC_H09_20240721_0000_R21_FLDK.06001_06001.nc,True,True,NOT_HASHED
H:\葵花202303_202510\202407\21\NC_H09_20240721_0010_R21_FLDK.06001_06001.nc,True,True,NOT_HASHED
H:\葵花202303_202510\202407\21\NC_H09_20240721_0020_R21_FLDK.06001_06001.nc,True,True,NOT_HASHED
H:\葵花202303_202510\202407\21\NC_H09_20240721_0030_R21_FLDK.06001_06001.nc,True,True,NOT_HASHED
H:\葵花202303_202510\202407\21\NC_H09_20240721_0040_R21_FLDK.06001_06001.nc,True,True,NOT_HASHED
H:\葵花202303_202510\202407\21\NC_H09_20240721_0050_R21_FLDK.06001_06001.nc,True,True,NOT_HASHED
H:\葵花202303_202510\202407\21\NC_H09_20240721_0100_R21_FLDK.06001_06001.nc,True,True,NOT_HASHED
H:\葵花202303_202510\202407\21\NC_H09_20240721_0110_R21_FLDK.06001_06001.nc,True,True,NOT_HASHED
H:\葵花202303_202510\202407\21\NC_H09_20240721_0120_R21_FLDK.06001_06001.nc,True,True,NOT_HASHED
H:\葵花202303_202510\202407\21\NC_H09_20240721_0130_R21_FLDK.06001_06001.nc,True,True,NOT_HASHED
H:\葵花202303_202510\202407\21\NC_H09_20240721_0140_R21_FLDK.06001_06001.nc,True,True,NOT_HASHED
H:\葵花202303_202510\202407\21\NC_H09_20240721_0150_R21_FLDK.06001_06001.nc,True,True,NOT_HASHED
H:\葵花202303_202510\202407\21\NC_H09_20240721_0200_R21_FLDK.06001_06001.nc,True,True,NOT_HASHED
H:\葵花202303_202510\202407\21\NC_H09_20240721_0210_R21_FLDK.06001_06001.nc,True,True,NOT_HASHED
H:\葵花202303_202510\202407\21\NC_H09_20240721_0220_R21_FLDK.06001_06001.nc,True,True,NOT_HASHED
H:\葵花202303_202510\202407\21\NC_H09_20240721_0230_R21_FLDK.06001_06001.nc,True,True,NOT_HASHED
H:\葵花202303_202510\202407\21\NC_H09_20240721_0250_R21_FLDK.06001_06001.nc,True,True,NOT_HASHED
H:\葵花202303_202510\202407\21\NC_H09_20240721_0300_R21_FLDK.06001_06001.nc,True,True,NOT_HASHED
H:\葵花202303_202510\202407\21\NC_H09_20240721_0310_R21_FLDK.06001_06001.nc,True,True,NOT_HASHED
H:\葵花202303_202510\202407\21\NC_H09_20240721_0320_R21_FLDK.06001_06001.nc,True,True,NOT_HASHED
H:\葵花202303_202510\202407\21\NC_H09_20240721_0330_R21_FLDK.06001_06001.nc,True,True,NOT_HASHED
H:\葵花202303_202510\202407\21\NC_H09_20240721_0340_R21_FLDK.06001_06001.nc,True,True,NOT_HASHED
H:\葵花202303_202510\202407\21\NC_H09_20240721_0350_R21_FLDK.06001_06001.nc,True,True,NOT_HASHED
H:\葵花202303_202510\202407\21\NC_H09_20240721_0400_R21_FLDK.06001_06001.nc,True,True,NOT_HASHED
H:\葵花202303_202510\202407\21\NC_H09_20240721_0410_R21_FLDK.06001_06001.nc,True,True,NOT_HASHED
H:\葵花202303_202510\202407\21\NC_H09_20240721_0420_R21_FLDK.06001_06001.nc,True,True,NOT_HASHED
H:\葵花202303_202510\202407\21\NC_H09_20240721_0430_R21_FLDK.06001_06001.nc,True,True,NOT_HASHED
H:\葵花202303_202510\202407\21\NC_H09_20240721_0440_R21_FLDK.06001_06001.nc,True,True,NOT_HASHED
H:\葵花202303_202510\202407\21\NC_H09_20240721_0450_R21_FLDK.06001_06001.nc,True,True,NOT_HASHED
H:\葵花202303_202510\202407\21\NC_H09_20240721_0500_R21_FLDK.06001_06001.nc,True,True,NOT_HASHED
H:\葵花202303_202510\202407\21\NC_H09_20240721_0510_R21_FLDK.06001_06001.nc,True,True,NOT_HASHED
H:\葵花202303_202510\202407\21\NC_H09_20240721_0520_R21_FLDK.06001_06001.nc,True,True,NOT_HASHED
H:\葵花202303_202510\202407\21\NC_H09_20240721_0530_R21_FLDK.06001_06001.nc,True,True,NOT_HASHED
H:\葵花202303_202510\202407\21\NC_H09_20240721_0540_R21_FLDK.06001_06001.nc,True,True,NOT_HASHED
H:\葵花202303_202510\202407\21\NC_H09_20240721_0550_R21_FLDK.06001_06001.nc,True,True,NOT_HASHED
H:\葵花202303_202510\202407\21\NC_H09_20240721_0600_R21_FLDK.06001_06001.nc,True,True,NOT_HASHED
H:\葵花202303_202510\202407\21\NC_H09_20240721_0610_R21_FLDK.06001_06001.nc,True,True,NOT_HASHED
H:\葵花202303_202510\202407\21\NC_H09_20240721_0620_R21_FLDK.06001_06001.nc,True,True,NOT_HASHED
H:\葵花202303_202510\202407\21\NC_H09_20240721_0630_R21_FLDK.06001_06001.nc,True,True,NOT_HASHED
H:\葵花202303_202510\202407\21\NC_H09_20240721_0640_R21_FLDK.06001_06001.nc,True,True,NOT_HASHED
H:\葵花202303_202510\202407\21\NC_H09_20240721_0650_R21_FLDK.06001_06001.nc,True,True,NOT_HASHED
H:\葵花202303_202510\202407\21\NC_H09_20240721_0700_R21_FLDK.06001_06001.nc,True,True,NOT_HASHED
H:\葵花202303_202510\202407\21\NC_H09_20240721_0710_R21_FLDK.06001_06001.nc,True,True,NOT_HASHED
H:\葵花202303_202510\202407\21\NC_H09_20240721_0720_R21_FLDK.06001_06001.nc,True,True,NOT_HASHED
H:\葵花202303_202510\202407\21\NC_H09_20240721_0730_R21_FLDK.06001_06001.nc,True,True,NOT_HASHED
H:\葵花202303_202510\202407\21\NC_H09_20240721_0740_R21_FLDK.06001_06001.nc,True,True,NOT_HASHED
H:\葵花202303_202510\202407\21\NC_H09_20240721_0750_R21_FLDK.06001_06001.nc,True,True,NOT_HASHED
H:\葵花202303_202510\202407\21\NC_H09_20240721_0800_R21_FLDK.06001_06001.nc,True,True,NOT_HASHED
H:\葵花202303_202510\202407\21\NC_H09_20240721_0810_R21_FLDK.06001_06001.nc,True,True,NOT_HASHED
H:\葵花202303_202510\202407\21\NC_H09_20240721_0820_R21_FLDK.06001_06001.nc,True,True,NOT_HASHED
H:\葵花202303_202510\202407\21\NC_H09_20240721_0830_R21_FLDK.06001_06001.nc,True,True,NOT_HASHED
H:\葵花202303_202510\202407\21\NC_H09_20240721_0840_R21_FLDK.06001_06001.nc,True,True,NOT_HASHED
H:\葵花202303_202510\202407\21\NC_H09_20240721_0850_R21_FLDK.06001_06001.nc,True,True,NOT_HASHED
H:\葵花202303_202510\202407\21\NC_H09_20240721_0900_R21_FLDK.06001_06001.nc,True,True,NOT_HASHED
H:\葵花202303_202510\202407\21\NC_H09_20240721_0910_R21_FLDK.06001_06001.nc,True,True,NOT_HASHED
H:\葵花202303_202510\202407\21\NC_H09_20240721_0920_R21_FLDK.06001_06001.nc,True,True,NOT_HASHED
H:\葵花202303_202510\202407\21\NC_H09_20240721_0930_R21_FLDK.06001_06001.nc,True,True,NOT_HASHED
H:\葵花202303_202510\202407\21\NC_H09_20240721_0940_R21_FLDK.06001_06001.nc,True,True,NOT_HASHED
H:\葵花202303_202510\202407\21\NC_H09_20240721_0950_R21_FLDK.06001_06001.nc,True,True,NOT_HASHED
H:\葵花202303_202510\202407\21\NC_H09_20240721_1000_R21_FLDK.06001_06001.nc,True,True,NOT_HASHED
H:\葵花202303_202510\202407\21\NC_H09_20240721_1010_R21_FLDK.06001_06001.nc,True,True,NOT_HASHED
H:\葵花202303_202510\202407\21\NC_H09_20240721_1020_R21_FLDK.06001_06001.nc,True,True,NOT_HASHED
H:\葵花202303_202510\202407\21\NC_H09_20240721_1030_R21_FLDK.06001_06001.nc,True,True,NOT_HASHED
H:\葵花202303_202510\202407\21\NC_H09_20240721_1040_R21_FLDK.06001_06001.nc,True,True,NOT_HASHED
H:\葵花202303_202510\202407\21\NC_H09_20240721_1050_R21_FLDK.06001_06001.nc,True,True,NOT_HASHED
H:\葵花202303_202510\202407\21\NC_H09_20240721_1100_R21_FLDK.06001_06001.nc,True,True,NOT_HASHED
H:\葵花202303_202510\202407\21\NC_H09_20240721_1110_R21_FLDK.06001_06001.nc,True,True,NOT_HASHED
H:\葵花202303_202510\202407\21\NC_H09_20240721_1120_R21_FLDK.06001_06001.nc,True,True,NOT_HASHED
H:\葵花202303_202510\202407\21\NC_H09_20240721_1130_R21_FLDK.06001_06001.nc,True,True,NOT_HASHED
H:\葵花202303_202510\202407\21\NC_H09_20240721_1140_R21_FLDK.06001_06001.nc,True,True,NOT_HASHED
H:\葵花202303_202510\202407\21\NC_H09_20240721_1150_R21_FLDK.06001_06001.nc,True,True,NOT_HASHED
H:\葵花202303_202510\202407\21\NC_H09_20240721_1200_R21_FLDK.06001_06001.nc,True,True,NOT_HASHED
H:\葵花202303_202510\202407\21\NC_H09_20240721_1210_R21_FLDK.06001_06001.nc,True,True,NOT_HASHED
H:\葵花202303_202510\202407\21\NC_H09_20240721_1220_R21_FLDK.06001_06001.nc,True,True,NOT_HASHED
H:\葵花202303_202510\202407\21\NC_H09_20240721_1230_R21_FLDK.06001_06001.nc,True,True,NOT_HASHED
H:\葵花202303_202510\202407\21\NC_H09_20240721_1240_R21_FLDK.06001_06001.nc,True,True,NOT_HASHED
H:\葵花202303_202510\202407\21\NC_H09_20240721_1250_R21_FLDK.06001_06001.nc,True,True,NOT_HASHED
H:\葵花202303_202510\202407\21\NC_H09_20240721_1300_R21_FLDK.06001_06001.nc,True,True,NOT_HASHED
H:\葵花202303_202510\202407\21\NC_H09_20240721_1310_R21_FLDK.06001_06001.nc,True,True,NOT_HASHED
H:\葵花202303_202510\202407\21\NC_H09_20240721_1320_R21_FLDK.06001_06001.nc,True,True,NOT_HASHED
H:\葵花202303_202510\202407\21\NC_H09_20240721_1330_R21_FLDK.06001_06001.nc,True,True,NOT_HASHED
H:\葵花202303_202510\202407\21\NC_H09_20240721_1340_R21_FLDK.06001_06001.nc,True,True,NOT_HASHED
H:\葵花202303_202510\202407\21\NC_H09_20240721_1350_R21_FLDK.06001_06001.nc,True,True,NOT_HASHED
H:\葵花202303_202510\202407\21\NC_H09_20240721_1400_R21_FLDK.06001_06001.nc,True,True,NOT_HASHED
H:\葵花202303_202510\202407\21\NC_H09_20240721_1410_R21_FLDK.06001_06001.nc,True,True,NOT_HASHED
H:\葵花202303_202510\202407\21\NC_H09_20240721_1420_R21_FLDK.06001_06001.nc,True,True,NOT_HASHED
H:\葵花202303_202510\202407\21\NC_H09_20240721_1430_R21_FLDK.06001_06001.nc,True,True,NOT_HASHED
H:\葵花202303_202510\202407\21\NC_H09_20240721_1450_R21_FLDK.06001_06001.nc,True,True,NOT_HASHED
H:\葵花202303_202510\202407\21\NC_H09_20240721_1500_R21_FLDK.06001_06001.nc,True,True,NOT_HASHED
H:\葵花202303_202510\202407\21\NC_H09_20240721_1510_R21_FLDK.06001_06001.nc,True,True,NOT_HASHED
H:\葵花202303_202510\202407\21\NC_H09_20240721_1520_R21_FLDK.06001_06001.nc,True,True,NOT_HASHED
H:\葵花202303_202510\202407\21\NC_H09_20240721_1530_R21_FLDK.06001_06001.nc,True,True,NOT_HASHED
H:\葵花202303_202510\202407\21\NC_H09_20240721_1540_R21_FLDK.06001_06001.nc,True,True,NOT_HASHED
H:\葵花202303_202510\202407\21\NC_H09_20240721_1550_R21_FLDK.06001_06001.nc,True,True,NOT_HASHED
H:\葵花202303_202510\202407\21\NC_H09_20240721_1600_R21_FLDK.06001_06001.nc,True,True,NOT_HASHED
H:\葵花202303_202510\202407\21\NC_H09_20240721_1610_R21_FLDK.06001_06001.nc,True,True,NOT_HASHED
H:\葵花202303_202510\202407\21\NC_H09_20240721_1620_R21_FLDK.06001_06001.nc,True,True,NOT_HASHED
H:\葵花202303_202510\202407\21\NC_H09_20240721_1630_R21_FLDK.06001_06001.nc,True,True,NOT_HASHED
H:\葵花202303_202510\202407\21\NC_H09_20240721_1640_R21_FLDK.06001_06001.nc,True,True,NOT_HASHED
H:\葵花202303_202510\202407\21\NC_H09_20240721_1700_R21_FLDK.06001_06001.nc,True,True,NOT_HASHED
H:\葵花202303_202510\202407\21\NC_H09_20240721_1710_R21_FLDK.06001_06001.nc,True,True,NOT_HASHED
H:\葵花202303_202510\202407\21\NC_H09_20240721_1720_R21_FLDK.06001_06001.nc,True,True,NOT_HASHED
H:\葵花202303_202510\202407\21\NC_H09_20240721_1730_R21_FLDK.06001_06001.nc,True,True,NOT_HASHED
H:\葵花202303_202510\202407\21\NC_H09_20240721_1740_R21_FLDK.06001_06001.nc,True,True,NOT_HASHED
H:\葵花202303_202510\202407\21\NC_H09_20240721_1750_R21_FLDK.06001_06001.nc,True,True,NOT_HASHED
H:\葵花202303_202510\202407\21\NC_H09_20240721_1800_R21_FLDK.06001_06001.nc,True,True,NOT_HASHED
H:\葵花202303_202510\202407\21\NC_H09_20240721_1810_R21_FLDK.06001_06001.nc,True,True,NOT_HASHED
H:\葵花202303_202510\202407\21\NC_H09_20240721_1820_R21_FLDK.06001_06001.nc,True,True,NOT_HASHED
H:\葵花202303_202510\202407\21\NC_H09_20240721_1830_R21_FLDK.06001_06001.nc,True,True,NOT_HASHED
H:\葵花202303_202510\202407\21\NC_H09_20240721_1840_R21_FLDK.06001_06001.nc,True,True,NOT_HASHED
H:\葵花202303_202510\202407\21\NC_H09_20240721_1850_R21_FLDK.06001_06001.nc,True,True,NOT_HASHED
H:\葵花202303_202510\202407\21\NC_H09_20240721_1900_R21_FLDK.06001_06001.nc,True,True,NOT_HASHED
H:\葵花202303_202510\202407\21\NC_H09_20240721_1910_R21_FLDK.06001_06001.nc,True,True,NOT_HASHED
H:\葵花202303_202510\202407\21\NC_H09_20240721_1920_R21_FLDK.06001_06001.nc,True,True,NOT_HASHED
H:\葵花202303_202510\202407\21\NC_H09_20240721_1930_R21_FLDK.06001_06001.nc,True,True,NOT_HASHED
H:\葵花202303_202510\202407\21\NC_H09_20240721_1940_R21_FLDK.06001_06001.nc,True,True,NOT_HASHED
H:\葵花202303_202510\202407\21\NC_H09_20240721_1950_R21_FLDK.06001_06001.nc,True,True,NOT_HASHED
H:\葵花202303_202510\202407\21\NC_H09_20240721_2000_R21_FLDK.06001_06001.nc,True,True,NOT_HASHED
H:\葵花202303_202510\202407\21\NC_H09_20240721_2010_R21_FLDK.06001_06001.nc,True,True,NOT_HASHED
H:\葵花202303_202510\202407\21\NC_H09_20240721_2020_R21_FLDK.06001_06001.nc,True,True,NOT_HASHED
H:\葵花202303_202510\202407\21\NC_H09_20240721_2030_R21_FLDK.06001_06001.nc,True,True,NOT_HASHED
H:\葵花202303_202510\202407\21\NC_H09_20240721_2040_R21_FLDK.06001_06001.nc,True,True,NOT_HASHED
H:\葵花202303_202510\202407\21\NC_H09_20240721_2050_R21_FLDK.06001_06001.nc,True,True,NOT_HASHED
H:\葵花202303_202510\202407\21\NC_H09_20240721_2100_R21_FLDK.06001_06001.nc,True,True,NOT_HASHED
H:\葵花202303_202510\202407\21\NC_H09_20240721_2110_R21_FLDK.06001_06001.nc,True,True,NOT_HASHED
H:\葵花202303_202510\202407\21\NC_H09_20240721_2120_R21_FLDK.06001_06001.nc,True,True,NOT_HASHED
H:\葵花202303_202510\202407\21\NC_H09_20240721_2130_R21_FLDK.06001_06001.nc,True,True,NOT_HASHED
H:\葵花202303_202510\202407\21\NC_H09_20240721_2140_R21_FLDK.06001_06001.nc,True,True,NOT_HASHED
H:\葵花202303_202510\202407\21\NC_H09_20240721_2150_R21_FLDK.06001_06001.nc,True,True,NOT_HASHED
H:\葵花202303_202510\202407\21\NC_H09_20240721_2200_R21_FLDK.06001_06001.nc,True,True,NOT_HASHED
H:\葵花202303_202510\202407\21\NC_H09_20240721_2210_R21_FLDK.06001_06001.nc,True,True,NOT_HASHED
H:\葵花202303_202510\202407\21\NC_H09_20240721_2220_R21_FLDK.06001_06001.nc,True,True,NOT_HASHED
H:\葵花202303_202510\202407\21\NC_H09_20240721_2230_R21_FLDK.06001_06001.nc,True,True,NOT_HASHED
H:\葵花202303_202510\202407\21\NC_H09_20240721_2240_R21_FLDK.06001_06001.nc,True,True,NOT_HASHED
H:\葵花202303_202510\202407\21\NC_H09_20240721_2250_R21_FLDK.06001_06001.nc,True,True,NOT_HASHED
H:\葵花202303_202510\202407\21\NC_H09_20240721_2300_R21_FLDK.06001_06001.nc,True,True,NOT_HASHED
H:\葵花202303_202510\202407\21\NC_H09_20240721_2310_R21_FLDK.06001_06001.nc,True,True,NOT_HASHED
H:\葵花202303_202510\202407\21\NC_H09_20240721_2320_R21_FLDK.06001_06001.nc,True,True,NOT_HASHED
H:\葵花202303_202510\202407\21\NC_H09_20240721_2330_R21_FLDK.06001_06001.nc,True,True,NOT_HASHED
H:\葵花202303_202510\202407\21\NC_H09_20240721_2340_R21_FLDK.06001_06001.nc,True,True,NOT_HASHED
H:\葵花202303_202510\202407\21\NC_H09_20240721_2350_R21_FLDK.06001_06001.nc,True,True,NOT_HASHED
H:\葵花202303_202510\202407\22\NC_H09_20240722_0000_R21_FLDK.06001_06001.nc,True,True,NOT_HASHED
H:\葵花202303_202510\202407\22\NC_H09_20240722_0010_R21_FLDK.06001_06001.nc,True,True,NOT_HASHED
H:\葵花202303_202510\202407\22\NC_H09_20240722_0020_R21_FLDK.06001_06001.nc,True,True,NOT_HASHED
H:\葵花202303_202510\202407\22\NC_H09_20240722_0030_R21_FLDK.06001_06001.nc,True,True,NOT_HASHED
H:\葵花202303_202510\202407\22\NC_H09_20240722_0040_R21_FLDK.06001_06001.nc,True,True,NOT_HASHED
H:\葵花202303_202510\202407\22\NC_H09_20240722_0050_R21_FLDK.06001_06001.nc,True,True,NOT_HASHED
H:\葵花202303_202510\202407\22\NC_H09_20240722_0100_R21_FLDK.06001_06001.nc,True,True,NOT_HASHED
H:\葵花202303_202510\202407\22\NC_H09_20240722_0110_R21_FLDK.06001_06001.nc,True,True,NOT_HASHED
H:\葵花202303_202510\202407\22\NC_H09_20240722_0120_R21_FLDK.06001_06001.nc,True,True,NOT_HASHED
H:\葵花202303_202510\202407\22\NC_H09_20240722_0130_R21_FLDK.06001_06001.nc,True,True,NOT_HASHED
H:\葵花202303_202510\202407\22\NC_H09_20240722_0140_R21_FLDK.06001_06001.nc,True,True,NOT_HASHED
H:\葵花202303_202510\202407\22\NC_H09_20240722_0150_R21_FLDK.06001_06001.nc,True,True,NOT_HASHED
H:\葵花202303_202510\202407\22\NC_H09_20240722_0200_R21_FLDK.06001_06001.nc,True,True,NOT_HASHED
H:\葵花202303_202510\202407\22\NC_H09_20240722_0210_R21_FLDK.06001_06001.nc,True,True,NOT_HASHED
H:\葵花202303_202510\202407\22\NC_H09_20240722_0220_R21_FLDK.06001_06001.nc,True,True,NOT_HASHED
H:\葵花202303_202510\202407\22\NC_H09_20240722_0230_R21_FLDK.06001_06001.nc,True,True,NOT_HASHED
H:\葵花202303_202510\202407\22\NC_H09_20240722_0250_R21_FLDK.06001_06001.nc,True,True,NOT_HASHED
H:\葵花202303_202510\202407\22\NC_H09_20240722_0300_R21_FLDK.06001_06001.nc,True,True,NOT_HASHED
H:\葵花202303_202510\202407\22\NC_H09_20240722_0310_R21_FLDK.06001_06001.nc,True,True,NOT_HASHED
H:\葵花202303_202510\202407\22\NC_H09_20240722_0320_R21_FLDK.06001_06001.nc,True,True,NOT_HASHED
H:\葵花202303_202510\202407\22\NC_H09_20240722_0330_R21_FLDK.06001_06001.nc,True,True,NOT_HASHED
H:\葵花202303_202510\202407\22\NC_H09_20240722_0340_R21_FLDK.06001_06001.nc,True,True,NOT_HASHED
H:\葵花202303_202510\202407\22\NC_H09_20240722_0350_R21_FLDK.06001_06001.nc,True,True,NOT_HASHED
H:\葵花202303_202510\202407\22\NC_H09_20240722_0400_R21_FLDK.06001_06001.nc,True,True,NOT_HASHED
H:\葵花202303_202510\202407\22\NC_H09_20240722_0410_R21_FLDK.06001_06001.nc,True,True,NOT_HASHED
H:\葵花202303_202510\202407\22\NC_H09_20240722_0420_R21_FLDK.06001_06001.nc,True,True,NOT_HASHED
H:\葵花202303_202510\202407\22\NC_H09_20240722_0430_R21_FLDK.06001_06001.nc,True,True,NOT_HASHED
H:\葵花202303_202510\202407\22\NC_H09_20240722_0440_R21_FLDK.06001_06001.nc,True,True,NOT_HASHED
H:\葵花202303_202510\202407\22\NC_H09_20240722_0450_R21_FLDK.06001_06001.nc,True,True,NOT_HASHED
H:\葵花202303_202510\202407\22\NC_H09_20240722_0500_R21_FLDK.06001_06001.nc,True,True,NOT_HASHED
H:\葵花202303_202510\202407\22\NC_H09_20240722_0510_R21_FLDK.06001_06001.nc,True,True,NOT_HASHED
H:\葵花202303_202510\202407\22\NC_H09_20240722_0520_R21_FLDK.06001_06001.nc,True,True,NOT_HASHED
H:\葵花202303_202510\202407\22\NC_H09_20240722_0530_R21_FLDK.06001_06001.nc,True,True,NOT_HASHED
H:\葵花202303_202510\202407\22\NC_H09_20240722_0540_R21_FLDK.06001_06001.nc,True,True,NOT_HASHED
H:\葵花202303_202510\202407\22\NC_H09_20240722_0550_R21_FLDK.06001_06001.nc,True,True,NOT_HASHED
H:\葵花202303_202510\202407\22\NC_H09_20240722_0600_R21_FLDK.06001_06001.nc,True,True,NOT_HASHED
H:\葵花202303_202510\202407\22\NC_H09_20240722_0610_R21_FLDK.06001_06001.nc,True,True,NOT_HASHED
H:\葵花202303_202510\202407\22\NC_H09_20240722_0620_R21_FLDK.06001_06001.nc,True,True,NOT_HASHED
H:\葵花202303_202510\202407\22\NC_H09_20240722_0630_R21_FLDK.06001_06001.nc,True,True,NOT_HASHED
H:\葵花202303_202510\202407\22\NC_H09_20240722_0640_R21_FLDK.06001_06001.nc,True,True,NOT_HASHED
H:\葵花202303_202510\202407\22\NC_H09_20240722_0650_R21_FLDK.06001_06001.nc,True,True,NOT_HASHED
H:\葵花202303_202510\202407\22\NC_H09_20240722_0700_R21_FLDK.06001_06001.nc,True,True,NOT_HASHED
H:\葵花202303_202510\202407\22\NC_H09_20240722_0710_R21_FLDK.06001_06001.nc,True,True,NOT_HASHED
H:\葵花202303_202510\202407\22\NC_H09_20240722_0720_R21_FLDK.06001_06001.nc,True,True,NOT_HASHED
H:\葵花202303_202510\202407\22\NC_H09_20240722_0730_R21_FLDK.06001_06001.nc,True,True,NOT_HASHED
H:\葵花202303_202510\202407\22\NC_H09_20240722_0740_R21_FLDK.06001_06001.nc,True,True,NOT_HASHED
H:\葵花202303_202510\202407\22\NC_H09_20240722_0750_R21_FLDK.06001_06001.nc,True,True,NOT_HASHED
H:\葵花202303_202510\202407\22\NC_H09_20240722_0800_R21_FLDK.06001_06001.nc,True,True,NOT_HASHED
H:\葵花202303_202510\202407\22\NC_H09_20240722_0810_R21_FLDK.06001_06001.nc,True,True,NOT_HASHED
H:\葵花202303_202510\202407\22\NC_H09_20240722_0820_R21_FLDK.06001_06001.nc,True,True,NOT_HASHED
H:\葵花202303_202510\202407\22\NC_H09_20240722_0830_R21_FLDK.06001_06001.nc,True,True,NOT_HASHED
H:\葵花202303_202510\202407\22\NC_H09_20240722_0840_R21_FLDK.06001_06001.nc,True,True,NOT_HASHED
H:\葵花202303_202510\202407\22\NC_H09_20240722_0850_R21_FLDK.06001_06001.nc,True,True,NOT_HASHED
H:\葵花202303_202510\202407\22\NC_H09_20240722_0900_R21_FLDK.06001_06001.nc,True,True,NOT_HASHED
H:\葵花202303_202510\202407\22\NC_H09_20240722_0910_R21_FLDK.06001_06001.nc,True,True,NOT_HASHED
H:\葵花202303_202510\202407\22\NC_H09_20240722_0920_R21_FLDK.06001_06001.nc,True,True,NOT_HASHED
H:\葵花202303_202510\202407\22\NC_H09_20240722_0930_R21_FLDK.06001_06001.nc,True,True,NOT_HASHED
H:\葵花202303_202510\202407\22\NC_H09_20240722_0940_R21_FLDK.06001_06001.nc,True,True,NOT_HASHED
H:\葵花202303_202510\202407\22\NC_H09_20240722_0950_R21_FLDK.06001_06001.nc,True,True,NOT_HASHED
H:\葵花202303_202510\202407\22\NC_H09_20240722_1000_R21_FLDK.06001_06001.nc,True,True,NOT_HASHED
H:\葵花202303_202510\202407\22\NC_H09_20240722_1010_R21_FLDK.06001_06001.nc,True,True,NOT_HASHED
H:\葵花202303_202510\202407\22\NC_H09_20240722_1020_R21_FLDK.06001_06001.nc,True,True,NOT_HASHED
H:\葵花202303_202510\202407\22\NC_H09_20240722_1030_R21_FLDK.06001_06001.nc,True,True,NOT_HASHED
H:\葵花202303_202510\202407\22\NC_H09_20240722_1040_R21_FLDK.06001_06001.nc,True,True,NOT_HASHED
H:\葵花202303_202510\202407\22\NC_H09_20240722_1050_R21_FLDK.06001_06001.nc,True,True,NOT_HASHED
H:\葵花202303_202510\202407\22\NC_H09_20240722_1100_R21_FLDK.06001_06001.nc,True,True,NOT_HASHED
H:\葵花202303_202510\202407\22\NC_H09_20240722_1110_R21_FLDK.06001_06001.nc,True,True,NOT_HASHED
H:\葵花202303_202510\202407\22\NC_H09_20240722_1120_R21_FLDK.06001_06001.nc,True,True,NOT_HASHED
H:\葵花202303_202510\202407\22\NC_H09_20240722_1130_R21_FLDK.06001_06001.nc,True,True,NOT_HASHED
H:\葵花202303_202510\202407\22\NC_H09_20240722_1140_R21_FLDK.06001_06001.nc,True,True,NOT_HASHED
H:\葵花202303_202510\202407\22\NC_H09_20240722_1150_R21_FLDK.06001_06001.nc,True,True,NOT_HASHED
H:\葵花202303_202510\202407\22\NC_H09_20240722_1200_R21_FLDK.06001_06001.nc,True,True,NOT_HASHED
H:\葵花202303_202510\202407\22\NC_H09_20240722_1210_R21_FLDK.06001_06001.nc,True,True,NOT_HASHED
H:\葵花202303_202510\202407\22\NC_H09_20240722_1220_R21_FLDK.06001_06001.nc,True,True,NOT_HASHED
H:\葵花202303_202510\202407\22\NC_H09_20240722_1230_R21_FLDK.06001_06001.nc,True,True,NOT_HASHED
H:\葵花202303_202510\202407\22\NC_H09_20240722_1240_R21_FLDK.06001_06001.nc,True,True,NOT_HASHED
H:\葵花202303_202510\202407\22\NC_H09_20240722_1250_R21_FLDK.06001_06001.nc,True,True,NOT_HASHED
H:\葵花202303_202510\202407\22\NC_H09_20240722_1300_R21_FLDK.06001_06001.nc,True,True,NOT_HASHED
H:\葵花202303_202510\202407\22\NC_H09_20240722_1310_R21_FLDK.06001_06001.nc,True,True,NOT_HASHED
H:\葵花202303_202510\202407\22\NC_H09_20240722_1320_R21_FLDK.06001_06001.nc,True,True,NOT_HASHED
H:\葵花202303_202510\202407\22\NC_H09_20240722_1330_R21_FLDK.06001_06001.nc,True,True,NOT_HASHED
H:\葵花202303_202510\202407\22\NC_H09_20240722_1340_R21_FLDK.06001_06001.nc,True,True,NOT_HASHED
H:\葵花202303_202510\202407\22\NC_H09_20240722_1350_R21_FLDK.06001_06001.nc,True,True,NOT_HASHED
H:\葵花202303_202510\202407\22\NC_H09_20240722_1400_R21_FLDK.06001_06001.nc,True,True,NOT_HASHED
H:\葵花202303_202510\202407\22\NC_H09_20240722_1410_R21_FLDK.06001_06001.nc,True,True,NOT_HASHED
H:\葵花202303_202510\202407\22\NC_H09_20240722_1420_R21_FLDK.06001_06001.nc,True,True,NOT_HASHED
H:\葵花202303_202510\202407\22\NC_H09_20240722_1430_R21_FLDK.06001_06001.nc,True,True,NOT_HASHED
H:\葵花202303_202510\202407\22\NC_H09_20240722_1450_R21_FLDK.06001_06001.nc,True,True,NOT_HASHED
H:\葵花202303_202510\202407\22\NC_H09_20240722_1500_R21_FLDK.06001_06001.nc,True,True,NOT_HASHED
H:\葵花202303_202510\202407\22\NC_H09_20240722_1510_R21_FLDK.06001_06001.nc,True,True,NOT_HASHED
H:\葵花202303_202510\202407\22\NC_H09_20240722_1520_R21_FLDK.06001_06001.nc,True,True,NOT_HASHED
H:\葵花202303_202510\202407\22\NC_H09_20240722_1530_R21_FLDK.06001_06001.nc,True,True,NOT_HASHED
H:\葵花202303_202510\202407\22\NC_H09_20240722_1540_R21_FLDK.06001_06001.nc,True,True,NOT_HASHED
H:\葵花202303_202510\202407\22\NC_H09_20240722_1550_R21_FLDK.06001_06001.nc,True,True,NOT_HASHED
H:\葵花202303_202510\202407\22\NC_H09_20240722_1600_R21_FLDK.06001_06001.nc,True,True,NOT_HASHED
H:\葵花202303_202510\202407\22\NC_H09_20240722_1610_R21_FLDK.06001_06001.nc,True,True,NOT_HASHED
H:\葵花202303_202510\202407\22\NC_H09_20240722_1620_R21_FLDK.06001_06001.nc,True,True,NOT_HASHED
H:\葵花202303_202510\202407\22\NC_H09_20240722_1630_R21_FLDK.06001_06001.nc,True,True,NOT_HASHED
H:\葵花202303_202510\202407\22\NC_H09_20240722_1640_R21_FLDK.06001_06001.nc,True,True,NOT_HASHED
H:\葵花202303_202510\202407\22\NC_H09_20240722_1650_R21_FLDK.06001_06001.nc,True,True,NOT_HASHED
H:\葵花202303_202510\202407\22\NC_H09_20240722_1700_R21_FLDK.06001_06001.nc,True,True,NOT_HASHED
H:\葵花202303_202510\202407\22\NC_H09_20240722_1710_R21_FLDK.06001_06001.nc,True,True,NOT_HASHED
H:\葵花202303_202510\202407\22\NC_H09_20240722_1720_R21_FLDK.06001_06001.nc,True,True,NOT_HASHED
H:\葵花202303_202510\202407\22\NC_H09_20240722_1730_R21_FLDK.06001_06001.nc,True,True,NOT_HASHED
H:\葵花202303_202510\202407\22\NC_H09_20240722_1740_R21_FLDK.06001_06001.nc,True,True,NOT_HASHED
H:\葵花202303_202510\202407\22\NC_H09_20240722_1750_R21_FLDK.06001_06001.nc,True,True,NOT_HASHED
H:\葵花202303_202510\202407\22\NC_H09_20240722_1800_R21_FLDK.06001_06001.nc,True,True,NOT_HASHED
H:\葵花202303_202510\202407\22\NC_H09_20240722_1810_R21_FLDK.06001_06001.nc,True,True,NOT_HASHED
H:\葵花202303_202510\202407\22\NC_H09_20240722_1820_R21_FLDK.06001_06001.nc,True,True,NOT_HASHED
H:\葵花202303_202510\202407\22\NC_H09_20240722_1830_R21_FLDK.06001_06001.nc,True,True,NOT_HASHED
H:\葵花202303_202510\202407\22\NC_H09_20240722_1840_R21_FLDK.06001_06001.nc,True,True,NOT_HASHED
H:\葵花202303_202510\202407\22\NC_H09_20240722_1850_R21_FLDK.06001_06001.nc,True,True,NOT_HASHED
H:\葵花202303_202510\202407\22\NC_H09_20240722_1900_R21_FLDK.06001_06001.nc,True,True,NOT_HASHED
H:\葵花202303_202510\202407\22\NC_H09_20240722_1910_R21_FLDK.06001_06001.nc,True,True,NOT_HASHED
H:\葵花202303_202510\202407\22\NC_H09_20240722_1920_R21_FLDK.06001_06001.nc,True,True,NOT_HASHED
H:\葵花202303_202510\202407\22\NC_H09_20240722_1930_R21_FLDK.06001_06001.nc,True,True,NOT_HASHED
H:\葵花202303_202510\202407\22\NC_H09_20240722_1940_R21_FLDK.06001_06001.nc,True,True,NOT_HASHED
H:\葵花202303_202510\202407\22\NC_H09_20240722_1950_R21_FLDK.06001_06001.nc,True,True,NOT_HASHED
H:\葵花202303_202510\202407\22\NC_H09_20240722_2000_R21_FLDK.06001_06001.nc,True,True,NOT_HASHED
H:\葵花202303_202510\202407\22\NC_H09_20240722_2010_R21_FLDK.06001_06001.nc,True,True,NOT_HASHED
H:\葵花202303_202510\202407\22\NC_H09_20240722_2020_R21_FLDK.06001_06001.nc,True,True,NOT_HASHED
H:\葵花202303_202510\202407\22\NC_H09_20240722_2030_R21_FLDK.06001_06001.nc,True,True,NOT_HASHED
H:\葵花202303_202510\202407\22\NC_H09_20240722_2050_R21_FLDK.06001_06001.nc,True,True,NOT_HASHED
H:\葵花202303_202510\202407\22\NC_H09_20240722_2100_R21_FLDK.06001_06001.nc,True,True,NOT_HASHED
H:\葵花202303_202510\202407\22\NC_H09_20240722_2110_R21_FLDK.06001_06001.nc,True,True,NOT_HASHED
H:\葵花202303_202510\202407\22\NC_H09_20240722_2120_R21_FLDK.06001_06001.nc,True,True,NOT_HASHED
H:\葵花202303_202510\202407\22\NC_H09_20240722_2130_R21_FLDK.06001_06001.nc,True,True,NOT_HASHED
H:\葵花202303_202510\202407\22\NC_H09_20240722_2140_R21_FLDK.06001_06001.nc,True,True,NOT_HASHED
H:\葵花202303_202510\202407\22\NC_H09_20240722_2150_R21_FLDK.06001_06001.nc,True,True,NOT_HASHED
H:\葵花202303_202510\202407\22\NC_H09_20240722_2200_R21_FLDK.06001_06001.nc,True,True,NOT_HASHED
H:\葵花202303_202510\202407\22\NC_H09_20240722_2210_R21_FLDK.06001_06001.nc,True,True,NOT_HASHED
H:\葵花202303_202510\202407\22\NC_H09_20240722_2220_R21_FLDK.06001_06001.nc,True,True,NOT_HASHED
H:\葵花202303_202510\202407\22\NC_H09_20240722_2230_R21_FLDK.06001_06001.nc,True,True,NOT_HASHED
H:\葵花202303_202510\202407\22\NC_H09_20240722_2240_R21_FLDK.06001_06001.nc,True,True,NOT_HASHED
H:\葵花202303_202510\202407\22\NC_H09_20240722_2250_R21_FLDK.06001_06001.nc,True,True,NOT_HASHED
H:\葵花202303_202510\202407\22\NC_H09_20240722_2300_R21_FLDK.06001_06001.nc,True,True,NOT_HASHED
H:\葵花202303_202510\202407\22\NC_H09_20240722_2310_R21_FLDK.06001_06001.nc,True,True,NOT_HASHED
H:\葵花202303_202510\202407\22\NC_H09_20240722_2320_R21_FLDK.06001_06001.nc,True,True,NOT_HASHED
H:\葵花202303_202510\202407\22\NC_H09_20240722_2330_R21_FLDK.06001_06001.nc,True,True,NOT_HASHED
H:\葵花202303_202510\202407\22\NC_H09_20240722_2340_R21_FLDK.06001_06001.nc,True,True,NOT_HASHED
H:\葵花202303_202510\202407\22\NC_H09_20240722_2350_R21_FLDK.06001_06001.nc,True,True,NOT_HASHED
H:\葵花202303_202510\202407\23\NC_H09_20240723_0000_R21_FLDK.06001_06001.nc,True,True,NOT_HASHED
H:\葵花202303_202510\202407\23\NC_H09_20240723_0010_R21_FLDK.06001_06001.nc,True,True,NOT_HASHED
H:\葵花202303_202510\202407\23\NC_H09_20240723_0020_R21_FLDK.06001_06001.nc,True,True,NOT_HASHED
H:\葵花202303_202510\202407\23\NC_H09_20240723_0030_R21_FLDK.06001_06001.nc,True,True,NOT_HASHED
H:\葵花202303_202510\202407\23\NC_H09_20240723_0040_R21_FLDK.06001_06001.nc,True,True,NOT_HASHED
H:\葵花202303_202510\202407\23\NC_H09_20240723_0050_R21_FLDK.06001_06001.nc,True,True,NOT_HASHED
H:\葵花202303_202510\202407\23\NC_H09_20240723_0100_R21_FLDK.06001_06001.nc,True,True,NOT_HASHED
H:\葵花202303_202510\202407\23\NC_H09_20240723_0110_R21_FLDK.06001_06001.nc,True,True,NOT_HASHED
H:\葵花202303_202510\202407\23\NC_H09_20240723_0120_R21_FLDK.06001_06001.nc,True,True,NOT_HASHED
H:\葵花202303_202510\202407\23\NC_H09_20240723_0130_R21_FLDK.06001_06001.nc,True,True,NOT_HASHED
H:\葵花202303_202510\202407\23\NC_H09_20240723_0140_R21_FLDK.06001_06001.nc,True,True,NOT_HASHED
H:\葵花202303_202510\202407\23\NC_H09_20240723_0150_R21_FLDK.06001_06001.nc,True,True,NOT_HASHED
H:\葵花202303_202510\202407\23\NC_H09_20240723_0200_R21_FLDK.06001_06001.nc,True,True,NOT_HASHED
H:\葵花202303_202510\202407\23\NC_H09_20240723_0210_R21_FLDK.06001_06001.nc,True,True,NOT_HASHED
H:\葵花202303_202510\202407\23\NC_H09_20240723_0220_R21_FLDK.06001_06001.nc,True,True,NOT_HASHED
H:\葵花202303_202510\202407\23\NC_H09_20240723_0230_R21_FLDK.06001_06001.nc,True,True,NOT_HASHED
H:\葵花202303_202510\202407\23\NC_H09_20240723_0250_R21_FLDK.06001_06001.nc,True,True,NOT_HASHED
H:\葵花202303_202510\202407\23\NC_H09_20240723_0300_R21_FLDK.06001_06001.nc,True,True,NOT_HASHED
H:\葵花202303_202510\202407\23\NC_H09_20240723_0310_R21_FLDK.06001_06001.nc,True,True,NOT_HASHED
H:\葵花202303_202510\202407\23\NC_H09_20240723_0320_R21_FLDK.06001_06001.nc,True,True,NOT_HASHED
H:\葵花202303_202510\202407\23\NC_H09_20240723_0330_R21_FLDK.06001_06001.nc,True,True,NOT_HASHED
H:\葵花202303_202510\202407\23\NC_H09_20240723_0340_R21_FLDK.06001_06001.nc,True,True,NOT_HASHED
H:\葵花202303_202510\202407\23\NC_H09_20240723_0350_R21_FLDK.06001_06001.nc,True,True,NOT_HASHED
H:\葵花202303_202510\202407\23\NC_H09_20240723_0400_R21_FLDK.06001_06001.nc,True,True,NOT_HASHED
H:\葵花202303_202510\202407\23\NC_H09_20240723_0410_R21_FLDK.06001_06001.nc,True,True,NOT_HASHED
H:\葵花202303_202510\202407\23\NC_H09_20240723_0420_R21_FLDK.06001_06001.nc,True,True,NOT_HASHED
H:\葵花202303_202510\202407\23\NC_H09_20240723_0430_R21_FLDK.06001_06001.nc,True,True,NOT_HASHED
H:\葵花202303_202510\202407\23\NC_H09_20240723_0440_R21_FLDK.06001_06001.nc,True,True,NOT_HASHED
H:\葵花202303_202510\202407\23\NC_H09_20240723_0450_R21_FLDK.06001_06001.nc,True,True,NOT_HASHED
H:\葵花202303_202510\202407\23\NC_H09_20240723_0500_R21_FLDK.06001_06001.nc,True,True,NOT_HASHED
H:\葵花202303_202510\202407\23\NC_H09_20240723_0510_R21_FLDK.06001_06001.nc,True,True,NOT_HASHED
H:\葵花202303_202510\202407\23\NC_H09_20240723_0520_R21_FLDK.06001_06001.nc,True,True,NOT_HASHED
H:\葵花202303_202510\202407\23\NC_H09_20240723_0530_R21_FLDK.06001_06001.nc,True,True,NOT_HASHED
H:\葵花202303_202510\202407\23\NC_H09_20240723_0540_R21_FLDK.06001_06001.nc,True,True,NOT_HASHED
H:\葵花202303_202510\202407\23\NC_H09_20240723_0550_R21_FLDK.06001_06001.nc,True,True,NOT_HASHED
H:\葵花202303_202510\202407\23\NC_H09_20240723_0600_R21_FLDK.06001_06001.nc,True,True,NOT_HASHED
H:\葵花202303_202510\202407\23\NC_H09_20240723_0620_R21_FLDK.06001_06001.nc,True,True,NOT_HASHED
H:\葵花202303_202510\202407\23\NC_H09_20240723_0630_R21_FLDK.06001_06001.nc,True,True,NOT_HASHED
H:\葵花202303_202510\202407\23\NC_H09_20240723_0640_R21_FLDK.06001_06001.nc,True,True,NOT_HASHED
H:\葵花202303_202510\202407\23\NC_H09_20240723_0650_R21_FLDK.06001_06001.nc,True,True,NOT_HASHED
H:\葵花202303_202510\202407\23\NC_H09_20240723_0700_R21_FLDK.06001_06001.nc,True,True,NOT_HASHED
H:\葵花202303_202510\202407\23\NC_H09_20240723_0710_R21_FLDK.06001_06001.nc,True,True,NOT_HASHED
H:\葵花202303_202510\202407\23\NC_H09_20240723_0720_R21_FLDK.06001_06001.nc,True,True,NOT_HASHED
H:\葵花202303_202510\202407\23\NC_H09_20240723_0730_R21_FLDK.06001_06001.nc,True,True,NOT_HASHED
H:\葵花202303_202510\202407\23\NC_H09_20240723_0740_R21_FLDK.06001_06001.nc,True,True,NOT_HASHED
H:\葵花202303_202510\202407\23\NC_H09_20240723_0750_R21_FLDK.06001_06001.nc,True,True,NOT_HASHED
H:\葵花202303_202510\202407\23\NC_H09_20240723_0800_R21_FLDK.06001_06001.nc,True,True,NOT_HASHED
H:\葵花202303_202510\202407\23\NC_H09_20240723_0810_R21_FLDK.06001_06001.nc,True,True,NOT_HASHED
H:\葵花202303_202510\202407\23\NC_H09_20240723_0820_R21_FLDK.06001_06001.nc,True,True,NOT_HASHED
H:\葵花202303_202510\202407\23\NC_H09_20240723_0830_R21_FLDK.06001_06001.nc,True,True,NOT_HASHED
H:\葵花202303_202510\202407\23\NC_H09_20240723_0840_R21_FLDK.06001_06001.nc,True,True,NOT_HASHED
H:\葵花202303_202510\202407\23\NC_H09_20240723_0850_R21_FLDK.06001_06001.nc,True,True,NOT_HASHED
H:\葵花202303_202510\202407\23\NC_H09_20240723_0900_R21_FLDK.06001_06001.nc,True,True,NOT_HASHED
H:\葵花202303_202510\202407\23\NC_H09_20240723_0910_R21_FLDK.06001_06001.nc,True,True,NOT_HASHED
H:\葵花202303_202510\202407\23\NC_H09_20240723_0920_R21_FLDK.06001_06001.nc,True,True,NOT_HASHED
H:\葵花202303_202510\202407\23\NC_H09_20240723_0930_R21_FLDK.06001_06001.nc,True,True,NOT_HASHED
H:\葵花202303_202510\202407\23\NC_H09_20240723_0940_R21_FLDK.06001_06001.nc,True,True,NOT_HASHED
H:\葵花202303_202510\202407\23\NC_H09_20240723_0950_R21_FLDK.06001_06001.nc,True,True,NOT_HASHED
H:\葵花202303_202510\202407\23\NC_H09_20240723_1000_R21_FLDK.06001_06001.nc,True,True,NOT_HASHED
H:\葵花202303_202510\202407\23\NC_H09_20240723_1010_R21_FLDK.06001_06001.nc,True,True,NOT_HASHED
H:\葵花202303_202510\202407\23\NC_H09_20240723_1020_R21_FLDK.06001_06001.nc,True,True,NOT_HASHED
H:\葵花202303_202510\202407\23\NC_H09_20240723_1030_R21_FLDK.06001_06001.nc,True,True,NOT_HASHED
H:\葵花202303_202510\202407\23\NC_H09_20240723_1040_R21_FLDK.06001_06001.nc,True,True,NOT_HASHED
H:\葵花202303_202510\202407\23\NC_H09_20240723_1050_R21_FLDK.06001_06001.nc,True,True,NOT_HASHED
H:\葵花202303_202510\202407\23\NC_H09_20240723_1100_R21_FLDK.06001_06001.nc,True,True,NOT_HASHED
H:\葵花202303_202510\202407\23\NC_H09_20240723_1110_R21_FLDK.06001_06001.nc,True,True,NOT_HASHED
H:\葵花202303_202510\202407\23\NC_H09_20240723_1120_R21_FLDK.06001_06001.nc,True,True,NOT_HASHED
H:\葵花202303_202510\202407\23\NC_H09_20240723_1130_R21_FLDK.06001_06001.nc,True,True,NOT_HASHED
H:\葵花202303_202510\202407\23\NC_H09_20240723_1140_R21_FLDK.06001_06001.nc,True,True,NOT_HASHED
H:\葵花202303_202510\202407\23\NC_H09_20240723_1150_R21_FLDK.06001_06001.nc,True,True,NOT_HASHED
H:\葵花202303_202510\202407\23\NC_H09_20240723_1200_R21_FLDK.06001_06001.nc,True,True,NOT_HASHED
H:\葵花202303_202510\202407\23\NC_H09_20240723_1210_R21_FLDK.06001_06001.nc,True,True,NOT_HASHED
H:\葵花202303_202510\202407\23\NC_H09_20240723_1220_R21_FLDK.06001_06001.nc,True,True,NOT_HASHED
H:\葵花202303_202510\202407\23\NC_H09_20240723_1230_R21_FLDK.06001_06001.nc,True,True,NOT_HASHED
H:\葵花202303_202510\202407\23\NC_H09_20240723_1240_R21_FLDK.06001_06001.nc,True,True,NOT_HASHED
H:\葵花202303_202510\202407\23\NC_H09_20240723_1250_R21_FLDK.06001_06001.nc,True,True,NOT_HASHED
H:\葵花202303_202510\202407\23\NC_H09_20240723_1300_R21_FLDK.06001_06001.nc,True,True,NOT_HASHED
H:\葵花202303_202510\202407\23\NC_H09_20240723_1310_R21_FLDK.06001_06001.nc,True,True,NOT_HASHED
H:\葵花202303_202510\202407\23\NC_H09_20240723_1320_R21_FLDK.06001_06001.nc,True,True,NOT_HASHED
H:\葵花202303_202510\202407\23\NC_H09_20240723_1330_R21_FLDK.06001_06001.nc,True,True,NOT_HASHED
H:\葵花202303_202510\202407\23\NC_H09_20240723_1340_R21_FLDK.06001_06001.nc,True,True,NOT_HASHED
H:\葵花202303_202510\202407\23\NC_H09_20240723_1350_R21_FLDK.06001_06001.nc,True,True,NOT_HASHED
H:\葵花202303_202510\202407\23\NC_H09_20240723_1400_R21_FLDK.06001_06001.nc,True,True,NOT_HASHED
H:\葵花202303_202510\202407\23\NC_H09_20240723_1410_R21_FLDK.06001_06001.nc,True,True,NOT_HASHED
H:\葵花202303_202510\202407\23\NC_H09_20240723_1420_R21_FLDK.06001_06001.nc,True,True,NOT_HASHED
H:\葵花202303_202510\202407\23\NC_H09_20240723_1430_R21_FLDK.06001_06001.nc,True,True,NOT_HASHED
H:\葵花202303_202510\202407\23\NC_H09_20240723_1450_R21_FLDK.06001_06001.nc,True,True,NOT_HASHED
H:\葵花202303_202510\202407\23\NC_H09_20240723_1500_R21_FLDK.06001_06001.nc,True,True,NOT_HASHED
H:\葵花202303_202510\202407\23\NC_H09_20240723_1510_R21_FLDK.06001_06001.nc,True,True,NOT_HASHED
H:\葵花202303_202510\202407\23\NC_H09_20240723_1520_R21_FLDK.06001_06001.nc,True,True,NOT_HASHED
H:\葵花202303_202510\202407\23\NC_H09_20240723_1530_R21_FLDK.06001_06001.nc,True,True,NOT_HASHED
H:\葵花202303_202510\202407\23\NC_H09_20240723_1540_R21_FLDK.06001_06001.nc,True,True,NOT_HASHED
H:\葵花202303_202510\202407\23\NC_H09_20240723_1550_R21_FLDK.06001_06001.nc,True,True,NOT_HASHED
H:\葵花202303_202510\202407\23\NC_H09_20240723_1600_R21_FLDK.06001_06001.nc,True,True,NOT_HASHED
H:\葵花202303_202510\202407\23\NC_H09_20240723_1610_R21_FLDK.06001_06001.nc,True,True,NOT_HASHED
H:\葵花202303_202510\202407\23\NC_H09_20240723_1620_R21_FLDK.06001_06001.nc,True,True,NOT_HASHED
H:\葵花202303_202510\202407\23\NC_H09_20240723_1630_R21_FLDK.06001_06001.nc,True,True,NOT_HASHED
H:\葵花202303_202510\202407\23\NC_H09_20240723_1640_R21_FLDK.06001_06001.nc,True,True,NOT_HASHED
H:\葵花202303_202510\202407\23\NC_H09_20240723_1650_R21_FLDK.06001_06001.nc,True,True,NOT_HASHED
H:\葵花202303_202510\202407\23\NC_H09_20240723_1700_R21_FLDK.06001_06001.nc,True,True,NOT_HASHED
H:\葵花202303_202510\202407\23\NC_H09_20240723_1710_R21_FLDK.06001_06001.nc,True,True,NOT_HASHED
H:\葵花202303_202510\202407\23\NC_H09_20240723_1720_R21_FLDK.06001_06001.nc,True,True,NOT_HASHED
H:\葵花202303_202510\202407\23\NC_H09_20240723_1730_R21_FLDK.06001_06001.nc,True,True,NOT_HASHED
H:\葵花202303_202510\202407\23\NC_H09_20240723_1740_R21_FLDK.06001_06001.nc,True,True,NOT_HASHED
H:\葵花202303_202510\202407\23\NC_H09_20240723_1750_R21_FLDK.06001_06001.nc,True,True,NOT_HASHED
H:\葵花202303_202510\202407\23\NC_H09_20240723_1800_R21_FLDK.06001_06001.nc,True,True,NOT_HASHED
H:\葵花202303_202510\202407\23\NC_H09_20240723_1810_R21_FLDK.06001_06001.nc,True,True,NOT_HASHED
H:\葵花202303_202510\202407\23\NC_H09_20240723_1820_R21_FLDK.06001_06001.nc,True,True,NOT_HASHED
H:\葵花202303_202510\202407\23\NC_H09_20240723_1830_R21_FLDK.06001_06001.nc,True,True,NOT_HASHED
H:\葵花202303_202510\202407\23\NC_H09_20240723_1840_R21_FLDK.06001_06001.nc,True,True,NOT_HASHED
H:\葵花202303_202510\202407\23\NC_H09_20240723_1850_R21_FLDK.06001_06001.nc,True,True,NOT_HASHED
H:\葵花202303_202510\202407\23\NC_H09_20240723_1900_R21_FLDK.06001_06001.nc,True,True,NOT_HASHED
H:\葵花202303_202510\202407\23\NC_H09_20240723_1910_R21_FLDK.06001_06001.nc,True,True,NOT_HASHED
H:\葵花202303_202510\202407\23\NC_H09_20240723_1920_R21_FLDK.06001_06001.nc,True,True,NOT_HASHED
H:\葵花202303_202510\202407\23\NC_H09_20240723_1930_R21_FLDK.06001_06001.nc,True,True,NOT_HASHED
H:\葵花202303_202510\202407\23\NC_H09_20240723_1940_R21_FLDK.06001_06001.nc,True,True,NOT_HASHED
H:\葵花202303_202510\202407\23\NC_H09_20240723_1950_R21_FLDK.06001_06001.nc,True,True,NOT_HASHED
H:\葵花202303_202510\202407\23\NC_H09_20240723_2000_R21_FLDK.06001_06001.nc,True,True,NOT_HASHED
H:\葵花202303_202510\202407\23\NC_H09_20240723_2010_R21_FLDK.06001_06001.nc,True,True,NOT_HASHED
H:\葵花202303_202510\202407\23\NC_H09_20240723_2020_R21_FLDK.06001_06001.nc,True,True,NOT_HASHED
H:\葵花202303_202510\202407\23\NC_H09_20240723_2030_R21_FLDK.06001_06001.nc,True,True,NOT_HASHED
H:\葵花202303_202510\202407\23\NC_H09_20240723_2040_R21_FLDK.06001_06001.nc,True,True,NOT_HASHED
H:\葵花202303_202510\202407\23\NC_H09_20240723_2050_R21_FLDK.06001_06001.nc,True,True,NOT_HASHED
H:\葵花202303_202510\202407\23\NC_H09_20240723_2100_R21_FLDK.06001_06001.nc,True,True,NOT_HASHED
H:\葵花202303_202510\202407\23\NC_H09_20240723_2110_R21_FLDK.06001_06001.nc,True,True,NOT_HASHED
H:\葵花202303_202510\202407\23\NC_H09_20240723_2120_R21_FLDK.06001_06001.nc,True,True,NOT_HASHED
H:\葵花202303_202510\202407\23\NC_H09_20240723_2130_R21_FLDK.06001_06001.nc,True,True,NOT_HASHED
H:\葵花202303_202510\202407\23\NC_H09_20240723_2140_R21_FLDK.06001_06001.nc,True,True,NOT_HASHED
H:\葵花202303_202510\202407\23\NC_H09_20240723_2150_R21_FLDK.06001_06001.nc,True,True,NOT_HASHED
H:\葵花202303_202510\202407\23\NC_H09_20240723_2200_R21_FLDK.06001_06001.nc,True,True,NOT_HASHED
H:\葵花202303_202510\202407\23\NC_H09_20240723_2210_R21_FLDK.06001_06001.nc,True,True,NOT_HASHED
H:\葵花202303_202510\202407\23\NC_H09_20240723_2220_R21_FLDK.06001_06001.nc,True,True,NOT_HASHED
H:\葵花202303_202510\202407\23\NC_H09_20240723_2230_R21_FLDK.06001_06001.nc,True,True,NOT_HASHED
H:\葵花202303_202510\202407\23\NC_H09_20240723_2240_R21_FLDK.06001_06001.nc,True,True,NOT_HASHED
H:\葵花202303_202510\202407\23\NC_H09_20240723_2250_R21_FLDK.06001_06001.nc,True,True,NOT_HASHED
H:\葵花202303_202510\202407\23\NC_H09_20240723_2300_R21_FLDK.06001_06001.nc,True,True,NOT_HASHED
H:\葵花202303_202510\202407\23\NC_H09_20240723_2310_R21_FLDK.06001_06001.nc,True,True,NOT_HASHED
H:\葵花202303_202510\202407\23\NC_H09_20240723_2320_R21_FLDK.06001_06001.nc,True,True,NOT_HASHED
H:\葵花202303_202510\202407\23\NC_H09_20240723_2330_R21_FLDK.06001_06001.nc,True,True,NOT_HASHED
H:\葵花202303_202510\202407\23\NC_H09_20240723_2340_R21_FLDK.06001_06001.nc,True,True,NOT_HASHED
H:\葵花202303_202510\202407\23\NC_H09_20240723_2350_R21_FLDK.06001_06001.nc,True,True,NOT_HASHED
H:\葵花202303_202510\202407\24\NC_H09_20240724_0000_R21_FLDK.06001_06001.nc,True,True,NOT_HASHED
H:\葵花202303_202510\202407\24\NC_H09_20240724_0010_R21_FLDK.06001_06001.nc,True,True,NOT_HASHED
H:\葵花202303_202510\202407\24\NC_H09_20240724_0020_R21_FLDK.06001_06001.nc,True,True,NOT_HASHED
H:\葵花202303_202510\202407\24\NC_H09_20240724_0030_R21_FLDK.06001_06001.nc,True,True,NOT_HASHED
H:\葵花202303_202510\202407\24\NC_H09_20240724_0040_R21_FLDK.06001_06001.nc,True,True,NOT_HASHED
H:\葵花202303_202510\202407\24\NC_H09_20240724_0050_R21_FLDK.06001_06001.nc,True,True,NOT_HASHED
H:\葵花202303_202510\202407\24\NC_H09_20240724_0100_R21_FLDK.06001_06001.nc,True,True,NOT_HASHED
H:\葵花202303_202510\202407\24\NC_H09_20240724_0110_R21_FLDK.06001_06001.nc,True,True,NOT_HASHED
H:\葵花202303_202510\202407\24\NC_H09_20240724_0120_R21_FLDK.06001_06001.nc,True,True,NOT_HASHED
H:\葵花202303_202510\202407\24\NC_H09_20240724_0130_R21_FLDK.06001_06001.nc,True,True,NOT_HASHED
H:\葵花202303_202510\202407\24\NC_H09_20240724_0140_R21_FLDK.06001_06001.nc,True,True,NOT_HASHED
H:\葵花202303_202510\202407\24\NC_H09_20240724_0150_R21_FLDK.06001_06001.nc,True,True,NOT_HASHED
H:\葵花202303_202510\202407\24\NC_H09_20240724_0200_R21_FLDK.06001_06001.nc,True,True,NOT_HASHED
H:\葵花202303_202510\202407\24\NC_H09_20240724_0210_R21_FLDK.06001_06001.nc,True,True,NOT_HASHED
H:\葵花202303_202510\202407\24\NC_H09_20240724_0220_R21_FLDK.06001_06001.nc,True,True,NOT_HASHED
H:\葵花202303_202510\202407\24\NC_H09_20240724_0230_R21_FLDK.06001_06001.nc,True,True,NOT_HASHED
H:\葵花202303_202510\202407\24\NC_H09_20240724_0250_R21_FLDK.06001_06001.nc,True,True,NOT_HASHED
H:\葵花202303_202510\202407\24\NC_H09_20240724_0300_R21_FLDK.06001_06001.nc,True,True,NOT_HASHED
H:\葵花202303_202510\202407\24\NC_H09_20240724_0310_R21_FLDK.06001_06001.nc,True,True,NOT_HASHED
H:\葵花202303_202510\202407\24\NC_H09_20240724_0320_R21_FLDK.06001_06001.nc,True,True,NOT_HASHED
H:\葵花202303_202510\202407\24\NC_H09_20240724_0330_R21_FLDK.06001_06001.nc,True,True,NOT_HASHED
H:\葵花202303_202510\202407\24\NC_H09_20240724_0340_R21_FLDK.06001_06001.nc,True,True,NOT_HASHED
H:\葵花202303_202510\202407\24\NC_H09_20240724_0350_R21_FLDK.06001_06001.nc,True,True,NOT_HASHED
H:\葵花202303_202510\202407\24\NC_H09_20240724_0400_R21_FLDK.06001_06001.nc,True,True,NOT_HASHED
H:\葵花202303_202510\202407\24\NC_H09_20240724_0410_R21_FLDK.06001_06001.nc,True,True,NOT_HASHED
H:\葵花202303_202510\202407\24\NC_H09_20240724_0420_R21_FLDK.06001_06001.nc,True,True,NOT_HASHED
H:\葵花202303_202510\202407\24\NC_H09_20240724_0430_R21_FLDK.06001_06001.nc,True,True,NOT_HASHED
H:\葵花202303_202510\202407\24\NC_H09_20240724_0440_R21_FLDK.06001_06001.nc,True,True,NOT_HASHED
H:\葵花202303_202510\202407\24\NC_H09_20240724_0450_R21_FLDK.06001_06001.nc,True,True,NOT_HASHED
H:\葵花202303_202510\202407\24\NC_H09_20240724_0500_R21_FLDK.06001_06001.nc,True,True,NOT_HASHED
H:\葵花202303_202510\202407\24\NC_H09_20240724_0510_R21_FLDK.06001_06001.nc,True,True,NOT_HASHED
H:\葵花202303_202510\202407\24\NC_H09_20240724_0520_R21_FLDK.06001_06001.nc,True,True,NOT_HASHED
H:\葵花202303_202510\202407\24\NC_H09_20240724_0530_R21_FLDK.06001_06001.nc,True,True,NOT_HASHED
H:\葵花202303_202510\202407\24\NC_H09_20240724_0540_R21_FLDK.06001_06001.nc,True,True,NOT_HASHED
H:\葵花202303_202510\202407\24\NC_H09_20240724_0550_R21_FLDK.06001_06001.nc,True,True,NOT_HASHED
H:\葵花202303_202510\202407\24\NC_H09_20240724_0600_R21_FLDK.06001_06001.nc,True,True,NOT_HASHED
H:\葵花202303_202510\202407\24\NC_H09_20240724_0610_R21_FLDK.06001_06001.nc,True,True,NOT_HASHED
H:\葵花202303_202510\202407\24\NC_H09_20240724_0620_R21_FLDK.06001_06001.nc,True,True,True
H:\葵花202303_202510\202407\24\NC_H09_20240724_0630_R21_FLDK.06001_06001.nc,True,True,NOT_HASHED
H:\葵花202303_202510\202407\24\NC_H09_20240724_0640_R21_FLDK.06001_06001.nc,True,True,NOT_HASHED
H:\葵花202303_202510\202407\24\NC_H09_20240724_0650_R21_FLDK.06001_06001.nc,True,True,NOT_HASHED
H:\葵花202303_202510\202407\24\NC_H09_20240724_0700_R21_FLDK.06001_06001.nc,True,True,NOT_HASHED
H:\葵花202303_202510\202407\24\NC_H09_20240724_0710_R21_FLDK.06001_06001.nc,True,True,NOT_HASHED
H:\葵花202303_202510\202407\24\NC_H09_20240724_0720_R21_FLDK.06001_06001.nc,True,True,NOT_HASHED
H:\葵花202303_202510\202407\24\NC_H09_20240724_0730_R21_FLDK.06001_06001.nc,True,True,NOT_HASHED
H:\葵花202303_202510\202407\24\NC_H09_20240724_0740_R21_FLDK.06001_06001.nc,True,True,NOT_HASHED
H:\葵花202303_202510\202407\24\NC_H09_20240724_0750_R21_FLDK.06001_06001.nc,True,True,NOT_HASHED
H:\葵花202303_202510\202407\24\NC_H09_20240724_0800_R21_FLDK.06001_06001.nc,True,True,NOT_HASHED
H:\葵花202303_202510\202407\24\NC_H09_20240724_0810_R21_FLDK.06001_06001.nc,True,True,NOT_HASHED
H:\葵花202303_202510\202407\24\NC_H09_20240724_0820_R21_FLDK.06001_06001.nc,True,True,NOT_HASHED
H:\葵花202303_202510\202407\24\NC_H09_20240724_0830_R21_FLDK.06001_06001.nc,True,True,NOT_HASHED
H:\葵花202303_202510\202407\24\NC_H09_20240724_0840_R21_FLDK.06001_06001.nc,True,True,NOT_HASHED
H:\葵花202303_202510\202407\24\NC_H09_20240724_0850_R21_FLDK.06001_06001.nc,True,True,NOT_HASHED
H:\葵花202303_202510\202407\24\NC_H09_20240724_0900_R21_FLDK.06001_06001.nc,True,True,NOT_HASHED
H:\葵花202303_202510\202407\24\NC_H09_20240724_0910_R21_FLDK.06001_06001.nc,True,True,NOT_HASHED
H:\葵花202303_202510\202407\24\NC_H09_20240724_0920_R21_FLDK.06001_06001.nc,True,True,NOT_HASHED
H:\葵花202303_202510\202407\24\NC_H09_20240724_0930_R21_FLDK.06001_06001.nc,True,True,NOT_HASHED
H:\葵花202303_202510\202407\24\NC_H09_20240724_0940_R21_FLDK.06001_06001.nc,True,True,NOT_HASHED
H:\葵花202303_202510\202407\24\NC_H09_20240724_0950_R21_FLDK.06001_06001.nc,True,True,NOT_HASHED
H:\葵花202303_202510\202407\24\NC_H09_20240724_1000_R21_FLDK.06001_06001.nc,True,True,NOT_HASHED
H:\葵花202303_202510\202407\24\NC_H09_20240724_1010_R21_FLDK.06001_06001.nc,True,True,NOT_HASHED
H:\葵花202303_202510\202407\24\NC_H09_20240724_1020_R21_FLDK.06001_06001.nc,True,True,NOT_HASHED
H:\葵花202303_202510\202407\24\NC_H09_20240724_1030_R21_FLDK.06001_06001.nc,True,True,NOT_HASHED
H:\葵花202303_202510\202407\24\NC_H09_20240724_1040_R21_FLDK.06001_06001.nc,True,True,NOT_HASHED
H:\葵花202303_202510\202407\24\NC_H09_20240724_1050_R21_FLDK.06001_06001.nc,True,True,NOT_HASHED
H:\葵花202303_202510\202407\24\NC_H09_20240724_1100_R21_FLDK.06001_06001.nc,True,True,NOT_HASHED
H:\葵花202303_202510\202407\24\NC_H09_20240724_1110_R21_FLDK.06001_06001.nc,True,True,NOT_HASHED
H:\葵花202303_202510\202407\24\NC_H09_20240724_1120_R21_FLDK.06001_06001.nc,True,True,NOT_HASHED
H:\葵花202303_202510\202407\24\NC_H09_20240724_1130_R21_FLDK.06001_06001.nc,True,True,NOT_HASHED
H:\葵花202303_202510\202407\24\NC_H09_20240724_1140_R21_FLDK.06001_06001.nc,True,True,NOT_HASHED
H:\葵花202303_202510\202407\24\NC_H09_20240724_1150_R21_FLDK.06001_06001.nc,True,True,NOT_HASHED
H:\葵花202303_202510\202407\24\NC_H09_20240724_1200_R21_FLDK.06001_06001.nc,True,True,NOT_HASHED
H:\葵花202303_202510\202407\24\NC_H09_20240724_1210_R21_FLDK.06001_06001.nc,True,True,NOT_HASHED
H:\葵花202303_202510\202407\24\NC_H09_20240724_1220_R21_FLDK.06001_06001.nc,True,True,NOT_HASHED
H:\葵花202303_202510\202407\24\NC_H09_20240724_1230_R21_FLDK.06001_06001.nc,True,True,NOT_HASHED
H:\葵花202303_202510\202407\24\NC_H09_20240724_1240_R21_FLDK.06001_06001.nc,True,True,NOT_HASHED
H:\葵花202303_202510\202407\24\NC_H09_20240724_1250_R21_FLDK.06001_06001.nc,True,True,NOT_HASHED
H:\葵花202303_202510\202407\24\NC_H09_20240724_1300_R21_FLDK.06001_06001.nc,True,True,NOT_HASHED
H:\葵花202303_202510\202407\24\NC_H09_20240724_1310_R21_FLDK.06001_06001.nc,True,True,NOT_HASHED
H:\葵花202303_202510\202407\24\NC_H09_20240724_1320_R21_FLDK.06001_06001.nc,True,True,NOT_HASHED
H:\葵花202303_202510\202407\24\NC_H09_20240724_1330_R21_FLDK.06001_06001.nc,True,True,NOT_HASHED
H:\葵花202303_202510\202407\24\NC_H09_20240724_1340_R21_FLDK.06001_06001.nc,True,True,NOT_HASHED
H:\葵花202303_202510\202407\24\NC_H09_20240724_1350_R21_FLDK.06001_06001.nc,True,True,NOT_HASHED
H:\葵花202303_202510\202407\24\NC_H09_20240724_1400_R21_FLDK.06001_06001.nc,True,True,NOT_HASHED
H:\葵花202303_202510\202407\24\NC_H09_20240724_1410_R21_FLDK.06001_06001.nc,True,True,NOT_HASHED
H:\葵花202303_202510\202407\24\NC_H09_20240724_1420_R21_FLDK.06001_06001.nc,True,True,NOT_HASHED
H:\葵花202303_202510\202407\24\NC_H09_20240724_1430_R21_FLDK.06001_06001.nc,True,True,NOT_HASHED
H:\葵花202303_202510\202407\24\NC_H09_20240724_1450_R21_FLDK.06001_06001.nc,True,True,NOT_HASHED
H:\葵花202303_202510\202407\24\NC_H09_20240724_1500_R21_FLDK.06001_06001.nc,True,True,NOT_HASHED
H:\葵花202303_202510\202407\24\NC_H09_20240724_1510_R21_FLDK.06001_06001.nc,True,True,NOT_HASHED
H:\葵花202303_202510\202407\24\NC_H09_20240724_1520_R21_FLDK.06001_06001.nc,True,True,NOT_HASHED
H:\葵花202303_202510\202407\24\NC_H09_20240724_1530_R21_FLDK.06001_06001.nc,True,True,NOT_HASHED
H:\葵花202303_202510\202407\24\NC_H09_20240724_1540_R21_FLDK.06001_06001.nc,True,True,NOT_HASHED
H:\葵花202303_202510\202407\24\NC_H09_20240724_1550_R21_FLDK.06001_06001.nc,True,True,NOT_HASHED
H:\葵花202303_202510\202407\24\NC_H09_20240724_1600_R21_FLDK.06001_06001.nc,True,True,NOT_HASHED
H:\葵花202303_202510\202407\24\NC_H09_20240724_1610_R21_FLDK.06001_06001.nc,True,True,NOT_HASHED
H:\葵花202303_202510\202407\24\NC_H09_20240724_1620_R21_FLDK.06001_06001.nc,True,True,NOT_HASHED
H:\葵花202303_202510\202407\24\NC_H09_20240724_1630_R21_FLDK.06001_06001.nc,True,True,NOT_HASHED
H:\葵花202303_202510\202407\24\NC_H09_20240724_1640_R21_FLDK.06001_06001.nc,True,True,NOT_HASHED
H:\葵花202303_202510\202407\24\NC_H09_20240724_1650_R21_FLDK.06001_06001.nc,True,True,NOT_HASHED
H:\葵花202303_202510\202407\24\NC_H09_20240724_1700_R21_FLDK.06001_06001.nc,True,True,NOT_HASHED
H:\葵花202303_202510\202407\24\NC_H09_20240724_1710_R21_FLDK.06001_06001.nc,True,True,NOT_HASHED
H:\葵花202303_202510\202407\24\NC_H09_20240724_1720_R21_FLDK.06001_06001.nc,True,True,NOT_HASHED
H:\葵花202303_202510\202407\24\NC_H09_20240724_1730_R21_FLDK.06001_06001.nc,True,True,NOT_HASHED
H:\葵花202303_202510\202407\24\NC_H09_20240724_1740_R21_FLDK.06001_06001.nc,True,True,NOT_HASHED
H:\葵花202303_202510\202407\24\NC_H09_20240724_1750_R21_FLDK.06001_06001.nc,True,True,NOT_HASHED
H:\葵花202303_202510\202407\24\NC_H09_20240724_1800_R21_FLDK.06001_06001.nc,True,True,NOT_HASHED
H:\葵花202303_202510\202407\24\NC_H09_20240724_1810_R21_FLDK.06001_06001.nc,True,True,NOT_HASHED
H:\葵花202303_202510\202407\24\NC_H09_20240724_1820_R21_FLDK.06001_06001.nc,True,True,NOT_HASHED
H:\葵花202303_202510\202407\24\NC_H09_20240724_1830_R21_FLDK.06001_06001.nc,True,True,NOT_HASHED
H:\葵花202303_202510\202407\24\NC_H09_20240724_1840_R21_FLDK.06001_06001.nc,True,True,NOT_HASHED
H:\葵花202303_202510\202407\24\NC_H09_20240724_1850_R21_FLDK.06001_06001.nc,True,True,NOT_HASHED
H:\葵花202303_202510\202407\24\NC_H09_20240724_1900_R21_FLDK.06001_06001.nc,True,True,NOT_HASHED
H:\葵花202303_202510\202407\24\NC_H09_20240724_1910_R21_FLDK.06001_06001.nc,True,True,NOT_HASHED
H:\葵花202303_202510\202407\24\NC_H09_20240724_1920_R21_FLDK.06001_06001.nc,True,True,NOT_HASHED
H:\葵花202303_202510\202407\24\NC_H09_20240724_1930_R21_FLDK.06001_06001.nc,True,True,NOT_HASHED
H:\葵花202303_202510\202407\24\NC_H09_20240724_1940_R21_FLDK.06001_06001.nc,True,True,NOT_HASHED
H:\葵花202303_202510\202407\24\NC_H09_20240724_1950_R21_FLDK.06001_06001.nc,True,True,NOT_HASHED
H:\葵花202303_202510\202407\24\NC_H09_20240724_2000_R21_FLDK.06001_06001.nc,True,True,NOT_HASHED
H:\葵花202303_202510\202407\24\NC_H09_20240724_2010_R21_FLDK.06001_06001.nc,True,True,NOT_HASHED
H:\葵花202303_202510\202407\24\NC_H09_20240724_2020_R21_FLDK.06001_06001.nc,True,True,NOT_HASHED
H:\葵花202303_202510\202407\24\NC_H09_20240724_2030_R21_FLDK.06001_06001.nc,True,True,NOT_HASHED
H:\葵花202303_202510\202407\24\NC_H09_20240724_2040_R21_FLDK.06001_06001.nc,True,True,NOT_HASHED
H:\葵花202303_202510\202407\24\NC_H09_20240724_2050_R21_FLDK.06001_06001.nc,True,True,NOT_HASHED
H:\葵花202303_202510\202407\24\NC_H09_20240724_2100_R21_FLDK.06001_06001.nc,True,True,NOT_HASHED
H:\葵花202303_202510\202407\24\NC_H09_20240724_2110_R21_FLDK.06001_06001.nc,True,True,NOT_HASHED
H:\葵花202303_202510\202407\24\NC_H09_20240724_2120_R21_FLDK.06001_06001.nc,True,True,NOT_HASHED
H:\葵花202303_202510\202407\24\NC_H09_20240724_2130_R21_FLDK.06001_06001.nc,True,True,NOT_HASHED
H:\葵花202303_202510\202407\24\NC_H09_20240724_2140_R21_FLDK.06001_06001.nc,True,True,NOT_HASHED
H:\葵花202303_202510\202407\24\NC_H09_20240724_2150_R21_FLDK.06001_06001.nc,True,True,NOT_HASHED
H:\葵花202303_202510\202407\24\NC_H09_20240724_2200_R21_FLDK.06001_06001.nc,True,True,NOT_HASHED
H:\葵花202303_202510\202407\24\NC_H09_20240724_2210_R21_FLDK.06001_06001.nc,True,True,NOT_HASHED
H:\葵花202303_202510\202407\24\NC_H09_20240724_2220_R21_FLDK.06001_06001.nc,True,True,NOT_HASHED
H:\葵花202303_202510\202407\24\NC_H09_20240724_2230_R21_FLDK.06001_06001.nc,True,True,NOT_HASHED
H:\葵花202303_202510\202407\24\NC_H09_20240724_2240_R21_FLDK.06001_06001.nc,True,True,NOT_HASHED
H:\葵花202303_202510\202407\24\NC_H09_20240724_2250_R21_FLDK.06001_06001.nc,True,True,NOT_HASHED
H:\葵花202303_202510\202407\24\NC_H09_20240724_2300_R21_FLDK.06001_06001.nc,True,True,NOT_HASHED
H:\葵花202303_202510\202407\24\NC_H09_20240724_2310_R21_FLDK.06001_06001.nc,True,True,NOT_HASHED
H:\葵花202303_202510\202407\24\NC_H09_20240724_2320_R21_FLDK.06001_06001.nc,True,True,NOT_HASHED
H:\葵花202303_202510\202407\24\NC_H09_20240724_2330_R21_FLDK.06001_06001.nc,True,True,NOT_HASHED
H:\葵花202303_202510\202407\24\NC_H09_20240724_2340_R21_FLDK.06001_06001.nc,True,True,NOT_HASHED
H:\葵花202303_202510\202407\24\NC_H09_20240724_2350_R21_FLDK.06001_06001.nc,True,True,NOT_HASHED
H:\葵花202303_202510\202407\25\NC_H09_20240725_0000_R21_FLDK.06001_06001.nc,True,True,NOT_HASHED
H:\葵花202303_202510\202407\25\NC_H09_20240725_0010_R21_FLDK.06001_06001.nc,True,True,NOT_HASHED
H:\葵花202303_202510\202407\25\NC_H09_20240725_0020_R21_FLDK.06001_06001.nc,True,True,NOT_HASHED
H:\葵花202303_202510\202407\25\NC_H09_20240725_0030_R21_FLDK.06001_06001.nc,True,True,NOT_HASHED
H:\葵花202303_202510\202407\25\NC_H09_20240725_0040_R21_FLDK.06001_06001.nc,True,True,NOT_HASHED
H:\葵花202303_202510\202407\25\NC_H09_20240725_0050_R21_FLDK.06001_06001.nc,True,True,NOT_HASHED
H:\葵花202303_202510\202407\25\NC_H09_20240725_0100_R21_FLDK.06001_06001.nc,True,True,NOT_HASHED
H:\葵花202303_202510\202407\25\NC_H09_20240725_0110_R21_FLDK.06001_06001.nc,True,True,NOT_HASHED
H:\葵花202303_202510\202407\25\NC_H09_20240725_0120_R21_FLDK.06001_06001.nc,True,True,NOT_HASHED
H:\葵花202303_202510\202407\25\NC_H09_20240725_0130_R21_FLDK.06001_06001.nc,True,True,NOT_HASHED
H:\葵花202303_202510\202407\25\NC_H09_20240725_0140_R21_FLDK.06001_06001.nc,True,True,NOT_HASHED
H:\葵花202303_202510\202407\25\NC_H09_20240725_0150_R21_FLDK.06001_06001.nc,True,True,NOT_HASHED
H:\葵花202303_202510\202407\25\NC_H09_20240725_0200_R21_FLDK.06001_06001.nc,True,True,NOT_HASHED
H:\葵花202303_202510\202407\25\NC_H09_20240725_0210_R21_FLDK.06001_06001.nc,True,True,NOT_HASHED
H:\葵花202303_202510\202407\25\NC_H09_20240725_0220_R21_FLDK.06001_06001.nc,True,True,NOT_HASHED
H:\葵花202303_202510\202407\25\NC_H09_20240725_0230_R21_FLDK.06001_06001.nc,True,True,NOT_HASHED
H:\葵花202303_202510\202407\25\NC_H09_20240725_0250_R21_FLDK.06001_06001.nc,True,True,NOT_HASHED
H:\葵花202303_202510\202407\25\NC_H09_20240725_0300_R21_FLDK.06001_06001.nc,True,True,NOT_HASHED
H:\葵花202303_202510\202407\25\NC_H09_20240725_0310_R21_FLDK.06001_06001.nc,True,True,NOT_HASHED
H:\葵花202303_202510\202407\25\NC_H09_20240725_0320_R21_FLDK.06001_06001.nc,True,True,NOT_HASHED
H:\葵花202303_202510\202407\25\NC_H09_20240725_0330_R21_FLDK.06001_06001.nc,True,True,NOT_HASHED
H:\葵花202303_202510\202407\25\NC_H09_20240725_0340_R21_FLDK.06001_06001.nc,True,True,NOT_HASHED
H:\葵花202303_202510\202407\25\NC_H09_20240725_0350_R21_FLDK.06001_06001.nc,True,True,NOT_HASHED
H:\葵花202303_202510\202407\25\NC_H09_20240725_0400_R21_FLDK.06001_06001.nc,True,True,NOT_HASHED
H:\葵花202303_202510\202407\25\NC_H09_20240725_0410_R21_FLDK.06001_06001.nc,True,True,NOT_HASHED
H:\葵花202303_202510\202407\25\NC_H09_20240725_0420_R21_FLDK.06001_06001.nc,True,True,NOT_HASHED
H:\葵花202303_202510\202407\25\NC_H09_20240725_0430_R21_FLDK.06001_06001.nc,True,True,NOT_HASHED
H:\葵花202303_202510\202407\25\NC_H09_20240725_0440_R21_FLDK.06001_06001.nc,True,True,NOT_HASHED
H:\葵花202303_202510\202407\25\NC_H09_20240725_0450_R21_FLDK.06001_06001.nc,True,True,NOT_HASHED
H:\葵花202303_202510\202407\25\NC_H09_20240725_0500_R21_FLDK.06001_06001.nc,True,True,NOT_HASHED
H:\葵花202303_202510\202407\25\NC_H09_20240725_0510_R21_FLDK.06001_06001.nc,True,True,NOT_HASHED
H:\葵花202303_202510\202407\25\NC_H09_20240725_0520_R21_FLDK.06001_06001.nc,True,True,NOT_HASHED
H:\葵花202303_202510\202407\25\NC_H09_20240725_0530_R21_FLDK.06001_06001.nc,True,True,NOT_HASHED
H:\葵花202303_202510\202407\25\NC_H09_20240725_0540_R21_FLDK.06001_06001.nc,True,True,NOT_HASHED
H:\葵花202303_202510\202407\25\NC_H09_20240725_0550_R21_FLDK.06001_06001.nc,True,True,NOT_HASHED
H:\葵花202303_202510\202407\25\NC_H09_20240725_0600_R21_FLDK.06001_06001.nc,True,True,NOT_HASHED
H:\葵花202303_202510\202407\25\NC_H09_20240725_0610_R21_FLDK.06001_06001.nc,True,True,NOT_HASHED
H:\葵花202303_202510\202407\25\NC_H09_20240725_0620_R21_FLDK.06001_06001.nc,True,True,NOT_HASHED
H:\葵花202303_202510\202407\25\NC_H09_20240725_0630_R21_FLDK.06001_06001.nc,True,True,NOT_HASHED
H:\葵花202303_202510\202407\25\NC_H09_20240725_0640_R21_FLDK.06001_06001.nc,True,True,NOT_HASHED
H:\葵花202303_202510\202407\25\NC_H09_20240725_0650_R21_FLDK.06001_06001.nc,True,True,NOT_HASHED
H:\葵花202303_202510\202407\25\NC_H09_20240725_0700_R21_FLDK.06001_06001.nc,True,True,NOT_HASHED
H:\葵花202303_202510\202407\25\NC_H09_20240725_0710_R21_FLDK.06001_06001.nc,True,True,NOT_HASHED
H:\葵花202303_202510\202407\25\NC_H09_20240725_0720_R21_FLDK.06001_06001.nc,True,True,NOT_HASHED
H:\葵花202303_202510\202407\25\NC_H09_20240725_0730_R21_FLDK.06001_06001.nc,True,True,NOT_HASHED
H:\葵花202303_202510\202407\25\NC_H09_20240725_0740_R21_FLDK.06001_06001.nc,True,True,NOT_HASHED
H:\葵花202303_202510\202407\25\NC_H09_20240725_0750_R21_FLDK.06001_06001.nc,True,True,NOT_HASHED
H:\葵花202303_202510\202407\25\NC_H09_20240725_0800_R21_FLDK.06001_06001.nc,True,True,NOT_HASHED
H:\葵花202303_202510\202407\25\NC_H09_20240725_0810_R21_FLDK.06001_06001.nc,True,True,NOT_HASHED
H:\葵花202303_202510\202407\25\NC_H09_20240725_0820_R21_FLDK.06001_06001.nc,True,True,NOT_HASHED
H:\葵花202303_202510\202407\25\NC_H09_20240725_0830_R21_FLDK.06001_06001.nc,True,True,NOT_HASHED
H:\葵花202303_202510\202407\25\NC_H09_20240725_0840_R21_FLDK.06001_06001.nc,True,True,NOT_HASHED
H:\葵花202303_202510\202407\25\NC_H09_20240725_0850_R21_FLDK.06001_06001.nc,True,True,NOT_HASHED
H:\葵花202303_202510\202407\25\NC_H09_20240725_0900_R21_FLDK.06001_06001.nc,True,True,NOT_HASHED
H:\葵花202303_202510\202407\25\NC_H09_20240725_0910_R21_FLDK.06001_06001.nc,True,True,NOT_HASHED
H:\葵花202303_202510\202407\25\NC_H09_20240725_0920_R21_FLDK.06001_06001.nc,True,True,NOT_HASHED
H:\葵花202303_202510\202407\25\NC_H09_20240725_0930_R21_FLDK.06001_06001.nc,True,True,NOT_HASHED
H:\葵花202303_202510\202407\25\NC_H09_20240725_0940_R21_FLDK.06001_06001.nc,True,True,NOT_HASHED
H:\葵花202303_202510\202407\25\NC_H09_20240725_0950_R21_FLDK.06001_06001.nc,True,True,NOT_HASHED
H:\葵花202303_202510\202407\25\NC_H09_20240725_1000_R21_FLDK.06001_06001.nc,True,True,NOT_HASHED
H:\葵花202303_202510\202407\25\NC_H09_20240725_1010_R21_FLDK.06001_06001.nc,True,True,NOT_HASHED
H:\葵花202303_202510\202407\25\NC_H09_20240725_1020_R21_FLDK.06001_06001.nc,True,True,NOT_HASHED
H:\葵花202303_202510\202407\25\NC_H09_20240725_1030_R21_FLDK.06001_06001.nc,True,True,NOT_HASHED
H:\葵花202303_202510\202407\25\NC_H09_20240725_1040_R21_FLDK.06001_06001.nc,True,True,NOT_HASHED
H:\葵花202303_202510\202407\25\NC_H09_20240725_1050_R21_FLDK.06001_06001.nc,True,True,NOT_HASHED
H:\葵花202303_202510\202407\25\NC_H09_20240725_1100_R21_FLDK.06001_06001.nc,True,True,NOT_HASHED
H:\葵花202303_202510\202407\25\NC_H09_20240725_1110_R21_FLDK.06001_06001.nc,True,True,NOT_HASHED
H:\葵花202303_202510\202407\25\NC_H09_20240725_1120_R21_FLDK.06001_06001.nc,True,True,NOT_HASHED
H:\葵花202303_202510\202407\25\NC_H09_20240725_1130_R21_FLDK.06001_06001.nc,True,True,NOT_HASHED
H:\葵花202303_202510\202407\25\NC_H09_20240725_1140_R21_FLDK.06001_06001.nc,True,True,NOT_HASHED
H:\葵花202303_202510\202407\25\NC_H09_20240725_1150_R21_FLDK.06001_06001.nc,True,True,NOT_HASHED
H:\葵花202303_202510\202407\25\NC_H09_20240725_1200_R21_FLDK.06001_06001.nc,True,True,NOT_HASHED
H:\葵花202303_202510\202407\25\NC_H09_20240725_1210_R21_FLDK.06001_06001.nc,True,True,NOT_HASHED
H:\葵花202303_202510\202407\25\NC_H09_20240725_1220_R21_FLDK.06001_06001.nc,True,True,NOT_HASHED
H:\葵花202303_202510\202407\25\NC_H09_20240725_1230_R21_FLDK.06001_06001.nc,True,True,NOT_HASHED
H:\葵花202303_202510\202407\25\NC_H09_20240725_1240_R21_FLDK.06001_06001.nc,True,True,NOT_HASHED
H:\葵花202303_202510\202407\25\NC_H09_20240725_1250_R21_FLDK.06001_06001.nc,True,True,NOT_HASHED
H:\葵花202303_202510\202407\25\NC_H09_20240725_1300_R21_FLDK.06001_06001.nc,True,True,NOT_HASHED
H:\葵花202303_202510\202407\25\NC_H09_20240725_1310_R21_FLDK.06001_06001.nc,True,True,NOT_HASHED
H:\葵花202303_202510\202407\25\NC_H09_20240725_1320_R21_FLDK.06001_06001.nc,True,True,NOT_HASHED
H:\葵花202303_202510\202407\25\NC_H09_20240725_1330_R21_FLDK.06001_06001.nc,True,True,NOT_HASHED
H:\葵花202303_202510\202407\25\NC_H09_20240725_1340_R21_FLDK.06001_06001.nc,True,True,NOT_HASHED
H:\葵花202303_202510\202407\25\NC_H09_20240725_1350_R21_FLDK.06001_06001.nc,True,True,NOT_HASHED
H:\葵花202303_202510\202407\25\NC_H09_20240725_1400_R21_FLDK.06001_06001.nc,True,True,NOT_HASHED
H:\葵花202303_202510\202407\25\NC_H09_20240725_1410_R21_FLDK.06001_06001.nc,True,True,NOT_HASHED
H:\葵花202303_202510\202407\25\NC_H09_20240725_1420_R21_FLDK.06001_06001.nc,True,True,NOT_HASHED
H:\葵花202303_202510\202407\25\NC_H09_20240725_1430_R21_FLDK.06001_06001.nc,True,True,NOT_HASHED
H:\葵花202303_202510\202407\25\NC_H09_20240725_1450_R21_FLDK.06001_06001.nc,True,True,NOT_HASHED
H:\葵花202303_202510\202407\25\NC_H09_20240725_1500_R21_FLDK.06001_06001.nc,True,True,NOT_HASHED
H:\葵花202303_202510\202407\25\NC_H09_20240725_1510_R21_FLDK.06001_06001.nc,True,True,NOT_HASHED
H:\葵花202303_202510\202407\25\NC_H09_20240725_1520_R21_FLDK.06001_06001.nc,True,True,NOT_HASHED
H:\葵花202303_202510\202407\25\NC_H09_20240725_1530_R21_FLDK.06001_06001.nc,True,True,NOT_HASHED
H:\葵花202303_202510\202407\25\NC_H09_20240725_1540_R21_FLDK.06001_06001.nc,True,True,NOT_HASHED
H:\葵花202303_202510\202407\25\NC_H09_20240725_1550_R21_FLDK.06001_06001.nc,True,True,NOT_HASHED
H:\葵花202303_202510\202407\25\NC_H09_20240725_1600_R21_FLDK.06001_06001.nc,True,True,NOT_HASHED
H:\葵花202303_202510\202407\25\NC_H09_20240725_1610_R21_FLDK.06001_06001.nc,True,True,NOT_HASHED
H:\葵花202303_202510\202407\25\NC_H09_20240725_1620_R21_FLDK.06001_06001.nc,True,True,NOT_HASHED
H:\葵花202303_202510\202407\25\NC_H09_20240725_1630_R21_FLDK.06001_06001.nc,True,True,NOT_HASHED
H:\葵花202303_202510\202407\25\NC_H09_20240725_1640_R21_FLDK.06001_06001.nc,True,True,NOT_HASHED
H:\葵花202303_202510\202407\25\NC_H09_20240725_1650_R21_FLDK.06001_06001.nc,True,True,NOT_HASHED
H:\葵花202303_202510\202407\25\NC_H09_20240725_1700_R21_FLDK.06001_06001.nc,True,True,NOT_HASHED
H:\葵花202303_202510\202407\25\NC_H09_20240725_1710_R21_FLDK.06001_06001.nc,True,True,NOT_HASHED
H:\葵花202303_202510\202407\25\NC_H09_20240725_1720_R21_FLDK.06001_06001.nc,True,True,NOT_HASHED
H:\葵花202303_202510\202407\25\NC_H09_20240725_1730_R21_FLDK.06001_06001.nc,True,True,NOT_HASHED
H:\葵花202303_202510\202407\25\NC_H09_20240725_1740_R21_FLDK.06001_06001.nc,True,True,NOT_HASHED
H:\葵花202303_202510\202407\25\NC_H09_20240725_1750_R21_FLDK.06001_06001.nc,True,True,NOT_HASHED
H:\葵花202303_202510\202407\25\NC_H09_20240725_1800_R21_FLDK.06001_06001.nc,True,True,NOT_HASHED
H:\葵花202303_202510\202407\25\NC_H09_20240725_1810_R21_FLDK.06001_06001.nc,True,True,NOT_HASHED
H:\葵花202303_202510\202407\25\NC_H09_20240725_1820_R21_FLDK.06001_06001.nc,True,True,NOT_HASHED
H:\葵花202303_202510\202407\25\NC_H09_20240725_1830_R21_FLDK.06001_06001.nc,True,True,NOT_HASHED
H:\葵花202303_202510\202407\25\NC_H09_20240725_1840_R21_FLDK.06001_06001.nc,True,True,NOT_HASHED
H:\葵花202303_202510\202407\25\NC_H09_20240725_1850_R21_FLDK.06001_06001.nc,True,True,NOT_HASHED
H:\葵花202303_202510\202407\25\NC_H09_20240725_1900_R21_FLDK.06001_06001.nc,True,True,NOT_HASHED
H:\葵花202303_202510\202407\25\NC_H09_20240725_1910_R21_FLDK.06001_06001.nc,True,True,NOT_HASHED
H:\葵花202303_202510\202407\25\NC_H09_20240725_1920_R21_FLDK.06001_06001.nc,True,True,NOT_HASHED
H:\葵花202303_202510\202407\25\NC_H09_20240725_1930_R21_FLDK.06001_06001.nc,True,True,NOT_HASHED
H:\葵花202303_202510\202407\25\NC_H09_20240725_1940_R21_FLDK.06001_06001.nc,True,True,NOT_HASHED
H:\葵花202303_202510\202407\25\NC_H09_20240725_1950_R21_FLDK.06001_06001.nc,True,True,NOT_HASHED
H:\葵花202303_202510\202407\25\NC_H09_20240725_2000_R21_FLDK.06001_06001.nc,True,True,NOT_HASHED
H:\葵花202303_202510\202407\25\NC_H09_20240725_2010_R21_FLDK.06001_06001.nc,True,True,NOT_HASHED
H:\葵花202303_202510\202407\25\NC_H09_20240725_2020_R21_FLDK.06001_06001.nc,True,True,NOT_HASHED
H:\葵花202303_202510\202407\25\NC_H09_20240725_2030_R21_FLDK.06001_06001.nc,True,True,NOT_HASHED
H:\葵花202303_202510\202407\25\NC_H09_20240725_2040_R21_FLDK.06001_06001.nc,True,True,NOT_HASHED
H:\葵花202303_202510\202407\25\NC_H09_20240725_2050_R21_FLDK.06001_06001.nc,True,True,NOT_HASHED
H:\葵花202303_202510\202407\25\NC_H09_20240725_2100_R21_FLDK.06001_06001.nc,True,True,NOT_HASHED
H:\葵花202303_202510\202407\25\NC_H09_20240725_2110_R21_FLDK.06001_06001.nc,True,True,NOT_HASHED
H:\葵花202303_202510\202407\25\NC_H09_20240725_2120_R21_FLDK.06001_06001.nc,True,True,NOT_HASHED
H:\葵花202303_202510\202407\25\NC_H09_20240725_2130_R21_FLDK.06001_06001.nc,True,True,NOT_HASHED
H:\葵花202303_202510\202407\25\NC_H09_20240725_2140_R21_FLDK.06001_06001.nc,True,True,NOT_HASHED
H:\葵花202303_202510\202407\25\NC_H09_20240725_2150_R21_FLDK.06001_06001.nc,True,True,NOT_HASHED
H:\葵花202303_202510\202407\25\NC_H09_20240725_2200_R21_FLDK.06001_06001.nc,True,True,NOT_HASHED
H:\葵花202303_202510\202407\25\NC_H09_20240725_2210_R21_FLDK.06001_06001.nc,True,True,NOT_HASHED
H:\葵花202303_202510\202407\25\NC_H09_20240725_2220_R21_FLDK.06001_06001.nc,True,True,NOT_HASHED
H:\葵花202303_202510\202407\25\NC_H09_20240725_2230_R21_FLDK.06001_06001.nc,True,True,NOT_HASHED
H:\葵花202303_202510\202407\25\NC_H09_20240725_2240_R21_FLDK.06001_06001.nc,True,True,NOT_HASHED
H:\葵花202303_202510\202407\25\NC_H09_20240725_2250_R21_FLDK.06001_06001.nc,True,True,NOT_HASHED
H:\葵花202303_202510\202407\25\NC_H09_20240725_2300_R21_FLDK.06001_06001.nc,True,True,NOT_HASHED
H:\葵花202303_202510\202407\25\NC_H09_20240725_2310_R21_FLDK.06001_06001.nc,True,True,NOT_HASHED
H:\葵花202303_202510\202407\25\NC_H09_20240725_2320_R21_FLDK.06001_06001.nc,True,True,NOT_HASHED
H:\葵花202303_202510\202407\25\NC_H09_20240725_2330_R21_FLDK.06001_06001.nc,True,True,NOT_HASHED
H:\葵花202303_202510\202407\25\NC_H09_20240725_2340_R21_FLDK.06001_06001.nc,True,True,NOT_HASHED
H:\葵花202303_202510\202407\25\NC_H09_20240725_2350_R21_FLDK.06001_06001.nc,True,True,NOT_HASHED
H:\葵花202303_202510\202407\26\NC_H09_20240726_0000_R21_FLDK.06001_06001.nc,True,True,NOT_HASHED
H:\葵花202303_202510\202407\26\NC_H09_20240726_0010_R21_FLDK.06001_06001.nc,True,True,NOT_HASHED
H:\葵花202303_202510\202407\26\NC_H09_20240726_0020_R21_FLDK.06001_06001.nc,True,True,NOT_HASHED
H:\葵花202303_202510\202407\26\NC_H09_20240726_0030_R21_FLDK.06001_06001.nc,True,True,NOT_HASHED
H:\葵花202303_202510\202407\26\NC_H09_20240726_0040_R21_FLDK.06001_06001.nc,True,True,NOT_HASHED
H:\葵花202303_202510\202407\26\NC_H09_20240726_0050_R21_FLDK.06001_06001.nc,True,True,NOT_HASHED
H:\葵花202303_202510\202407\26\NC_H09_20240726_0100_R21_FLDK.06001_06001.nc,True,True,NOT_HASHED
H:\葵花202303_202510\202407\26\NC_H09_20240726_0110_R21_FLDK.06001_06001.nc,True,True,NOT_HASHED
H:\葵花202303_202510\202407\26\NC_H09_20240726_0120_R21_FLDK.06001_06001.nc,True,True,NOT_HASHED
H:\葵花202303_202510\202407\26\NC_H09_20240726_0130_R21_FLDK.06001_06001.nc,True,True,NOT_HASHED
H:\葵花202303_202510\202407\26\NC_H09_20240726_0140_R21_FLDK.06001_06001.nc,True,True,NOT_HASHED
H:\葵花202303_202510\202407\26\NC_H09_20240726_0150_R21_FLDK.06001_06001.nc,True,True,NOT_HASHED
H:\葵花202303_202510\202407\26\NC_H09_20240726_0200_R21_FLDK.06001_06001.nc,True,True,NOT_HASHED
H:\葵花202303_202510\202407\26\NC_H09_20240726_0210_R21_FLDK.06001_06001.nc,True,True,NOT_HASHED
H:\葵花202303_202510\202407\26\NC_H09_20240726_0220_R21_FLDK.06001_06001.nc,True,True,NOT_HASHED
H:\葵花202303_202510\202407\26\NC_H09_20240726_0230_R21_FLDK.06001_06001.nc,True,True,NOT_HASHED
H:\葵花202303_202510\202407\26\NC_H09_20240726_0250_R21_FLDK.06001_06001.nc,True,True,NOT_HASHED
H:\葵花202303_202510\202407\26\NC_H09_20240726_0300_R21_FLDK.06001_06001.nc,True,True,NOT_HASHED
H:\葵花202303_202510\202407\26\NC_H09_20240726_0310_R21_FLDK.06001_06001.nc,True,True,NOT_HASHED
H:\葵花202303_202510\202407\26\NC_H09_20240726_0320_R21_FLDK.06001_06001.nc,True,True,NOT_HASHED
H:\葵花202303_202510\202407\26\NC_H09_20240726_0330_R21_FLDK.06001_06001.nc,True,True,NOT_HASHED
H:\葵花202303_202510\202407\26\NC_H09_20240726_0340_R21_FLDK.06001_06001.nc,True,True,NOT_HASHED
H:\葵花202303_202510\202407\26\NC_H09_20240726_0350_R21_FLDK.06001_06001.nc,True,True,NOT_HASHED
H:\葵花202303_202510\202407\26\NC_H09_20240726_0400_R21_FLDK.06001_06001.nc,True,True,NOT_HASHED
H:\葵花202303_202510\202407\26\NC_H09_20240726_0410_R21_FLDK.06001_06001.nc,True,True,NOT_HASHED
H:\葵花202303_202510\202407\26\NC_H09_20240726_0420_R21_FLDK.06001_06001.nc,True,True,NOT_HASHED
H:\葵花202303_202510\202407\26\NC_H09_20240726_0430_R21_FLDK.06001_06001.nc,True,True,NOT_HASHED
H:\葵花202303_202510\202407\26\NC_H09_20240726_0440_R21_FLDK.06001_06001.nc,True,True,NOT_HASHED
H:\葵花202303_202510\202407\26\NC_H09_20240726_0450_R21_FLDK.06001_06001.nc,True,True,NOT_HASHED
H:\葵花202303_202510\202407\26\NC_H09_20240726_0500_R21_FLDK.06001_06001.nc,True,True,NOT_HASHED
H:\葵花202303_202510\202407\26\NC_H09_20240726_0510_R21_FLDK.06001_06001.nc,True,True,NOT_HASHED
H:\葵花202303_202510\202407\26\NC_H09_20240726_0520_R21_FLDK.06001_06001.nc,True,True,NOT_HASHED
H:\葵花202303_202510\202407\26\NC_H09_20240726_0530_R21_FLDK.06001_06001.nc,True,True,NOT_HASHED
H:\葵花202303_202510\202407\26\NC_H09_20240726_0540_R21_FLDK.06001_06001.nc,True,True,NOT_HASHED
H:\葵花202303_202510\202407\26\NC_H09_20240726_0550_R21_FLDK.06001_06001.nc,True,True,NOT_HASHED
H:\葵花202303_202510\202407\26\NC_H09_20240726_0600_R21_FLDK.06001_06001.nc,True,True,NOT_HASHED
H:\葵花202303_202510\202407\26\NC_H09_20240726_0610_R21_FLDK.06001_06001.nc,True,True,NOT_HASHED
H:\葵花202303_202510\202407\26\NC_H09_20240726_0620_R21_FLDK.06001_06001.nc,True,True,NOT_HASHED
H:\葵花202303_202510\202407\26\NC_H09_20240726_0630_R21_FLDK.06001_06001.nc,True,True,NOT_HASHED
H:\葵花202303_202510\202407\26\NC_H09_20240726_0640_R21_FLDK.06001_06001.nc,True,True,NOT_HASHED
H:\葵花202303_202510\202407\26\NC_H09_20240726_0650_R21_FLDK.06001_06001.nc,True,True,NOT_HASHED
H:\葵花202303_202510\202407\26\NC_H09_20240726_0700_R21_FLDK.06001_06001.nc,True,True,NOT_HASHED
H:\葵花202303_202510\202407\26\NC_H09_20240726_0710_R21_FLDK.06001_06001.nc,True,True,NOT_HASHED
H:\葵花202303_202510\202407\26\NC_H09_20240726_0720_R21_FLDK.06001_06001.nc,True,True,NOT_HASHED
H:\葵花202303_202510\202407\26\NC_H09_20240726_0730_R21_FLDK.06001_06001.nc,True,True,NOT_HASHED
H:\葵花202303_202510\202407\26\NC_H09_20240726_0740_R21_FLDK.06001_06001.nc,True,True,NOT_HASHED
H:\葵花202303_202510\202407\26\NC_H09_20240726_0750_R21_FLDK.06001_06001.nc,True,True,NOT_HASHED
H:\葵花202303_202510\202407\26\NC_H09_20240726_0800_R21_FLDK.06001_06001.nc,True,True,NOT_HASHED
H:\葵花202303_202510\202407\26\NC_H09_20240726_0810_R21_FLDK.06001_06001.nc,True,True,NOT_HASHED
H:\葵花202303_202510\202407\26\NC_H09_20240726_0820_R21_FLDK.06001_06001.nc,True,True,NOT_HASHED
H:\葵花202303_202510\202407\26\NC_H09_20240726_0830_R21_FLDK.06001_06001.nc,True,True,NOT_HASHED
H:\葵花202303_202510\202407\26\NC_H09_20240726_0840_R21_FLDK.06001_06001.nc,True,True,NOT_HASHED
H:\葵花202303_202510\202407\26\NC_H09_20240726_0850_R21_FLDK.06001_06001.nc,True,True,NOT_HASHED
H:\葵花202303_202510\202407\26\NC_H09_20240726_0900_R21_FLDK.06001_06001.nc,True,True,NOT_HASHED
H:\葵花202303_202510\202407\26\NC_H09_20240726_0910_R21_FLDK.06001_06001.nc,True,True,NOT_HASHED
H:\葵花202303_202510\202407\26\NC_H09_20240726_0920_R21_FLDK.06001_06001.nc,True,True,NOT_HASHED
H:\葵花202303_202510\202407\26\NC_H09_20240726_0930_R21_FLDK.06001_06001.nc,True,True,NOT_HASHED
H:\葵花202303_202510\202407\26\NC_H09_20240726_0940_R21_FLDK.06001_06001.nc,True,True,NOT_HASHED
H:\葵花202303_202510\202407\26\NC_H09_20240726_0950_R21_FLDK.06001_06001.nc,True,True,NOT_HASHED
H:\葵花202303_202510\202407\26\NC_H09_20240726_1000_R21_FLDK.06001_06001.nc,True,True,NOT_HASHED
H:\葵花202303_202510\202407\26\NC_H09_20240726_1010_R21_FLDK.06001_06001.nc,True,True,NOT_HASHED
H:\葵花202303_202510\202407\26\NC_H09_20240726_1020_R21_FLDK.06001_06001.nc,True,True,NOT_HASHED
H:\葵花202303_202510\202407\26\NC_H09_20240726_1030_R21_FLDK.06001_06001.nc,True,True,NOT_HASHED
H:\葵花202303_202510\202407\26\NC_H09_20240726_1040_R21_FLDK.06001_06001.nc,True,True,NOT_HASHED
H:\葵花202303_202510\202407\26\NC_H09_20240726_1050_R21_FLDK.06001_06001.nc,True,True,NOT_HASHED
H:\葵花202303_202510\202407\26\NC_H09_20240726_1100_R21_FLDK.06001_06001.nc,True,True,NOT_HASHED
H:\葵花202303_202510\202407\26\NC_H09_20240726_1110_R21_FLDK.06001_06001.nc,True,True,NOT_HASHED
H:\葵花202303_202510\202407\26\NC_H09_20240726_1120_R21_FLDK.06001_06001.nc,True,True,NOT_HASHED
H:\葵花202303_202510\202407\26\NC_H09_20240726_1130_R21_FLDK.06001_06001.nc,True,True,NOT_HASHED
H:\葵花202303_202510\202407\26\NC_H09_20240726_1140_R21_FLDK.06001_06001.nc,True,True,NOT_HASHED
H:\葵花202303_202510\202407\26\NC_H09_20240726_1150_R21_FLDK.06001_06001.nc,True,True,NOT_HASHED
H:\葵花202303_202510\202407\26\NC_H09_20240726_1200_R21_FLDK.06001_06001.nc,True,True,NOT_HASHED
H:\葵花202303_202510\202407\26\NC_H09_20240726_1210_R21_FLDK.06001_06001.nc,True,True,NOT_HASHED
H:\葵花202303_202510\202407\26\NC_H09_20240726_1220_R21_FLDK.06001_06001.nc,True,True,NOT_HASHED
H:\葵花202303_202510\202407\26\NC_H09_20240726_1230_R21_FLDK.06001_06001.nc,True,True,NOT_HASHED
H:\葵花202303_202510\202407\26\NC_H09_20240726_1240_R21_FLDK.06001_06001.nc,True,True,NOT_HASHED
H:\葵花202303_202510\202407\26\NC_H09_20240726_1250_R21_FLDK.06001_06001.nc,True,True,NOT_HASHED
H:\葵花202303_202510\202407\26\NC_H09_20240726_1300_R21_FLDK.06001_06001.nc,True,True,NOT_HASHED
H:\葵花202303_202510\202407\26\NC_H09_20240726_1310_R21_FLDK.06001_06001.nc,True,True,NOT_HASHED
H:\葵花202303_202510\202407\26\NC_H09_20240726_1320_R21_FLDK.06001_06001.nc,True,True,NOT_HASHED
H:\葵花202303_202510\202407\26\NC_H09_20240726_1330_R21_FLDK.06001_06001.nc,True,True,NOT_HASHED
H:\葵花202303_202510\202407\26\NC_H09_20240726_1340_R21_FLDK.06001_06001.nc,True,True,NOT_HASHED
H:\葵花202303_202510\202407\26\NC_H09_20240726_1350_R21_FLDK.06001_06001.nc,True,True,NOT_HASHED
H:\葵花202303_202510\202407\26\NC_H09_20240726_1400_R21_FLDK.06001_06001.nc,True,True,NOT_HASHED
H:\葵花202303_202510\202407\26\NC_H09_20240726_1410_R21_FLDK.06001_06001.nc,True,True,NOT_HASHED
H:\葵花202303_202510\202407\26\NC_H09_20240726_1420_R21_FLDK.06001_06001.nc,True,True,NOT_HASHED
H:\葵花202303_202510\202407\26\NC_H09_20240726_1430_R21_FLDK.06001_06001.nc,True,True,NOT_HASHED
H:\葵花202303_202510\202407\26\NC_H09_20240726_1450_R21_FLDK.06001_06001.nc,True,True,NOT_HASHED
H:\葵花202303_202510\202407\26\NC_H09_20240726_1500_R21_FLDK.06001_06001.nc,True,True,NOT_HASHED
H:\葵花202303_202510\202407\26\NC_H09_20240726_1510_R21_FLDK.06001_06001.nc,True,True,NOT_HASHED
H:\葵花202303_202510\202407\26\NC_H09_20240726_1520_R21_FLDK.06001_06001.nc,True,True,NOT_HASHED
H:\葵花202303_202510\202407\26\NC_H09_20240726_1530_R21_FLDK.06001_06001.nc,True,True,NOT_HASHED
H:\葵花202303_202510\202407\26\NC_H09_20240726_1540_R21_FLDK.06001_06001.nc,True,True,NOT_HASHED
H:\葵花202303_202510\202407\26\NC_H09_20240726_1550_R21_FLDK.06001_06001.nc,True,True,NOT_HASHED
H:\葵花202303_202510\202407\26\NC_H09_20240726_1600_R21_FLDK.06001_06001.nc,True,True,NOT_HASHED
H:\葵花202303_202510\202407\26\NC_H09_20240726_1610_R21_FLDK.06001_06001.nc,True,True,NOT_HASHED
H:\葵花202303_202510\202407\26\NC_H09_20240726_1620_R21_FLDK.06001_06001.nc,True,True,NOT_HASHED
H:\葵花202303_202510\202407\26\NC_H09_20240726_1630_R21_FLDK.06001_06001.nc,True,True,NOT_HASHED
H:\葵花202303_202510\202407\26\NC_H09_20240726_1640_R21_FLDK.06001_06001.nc,True,True,NOT_HASHED
H:\葵花202303_202510\202407\26\NC_H09_20240726_1650_R21_FLDK.06001_06001.nc,True,True,NOT_HASHED
H:\葵花202303_202510\202407\26\NC_H09_20240726_1700_R21_FLDK.06001_06001.nc,True,True,NOT_HASHED
H:\葵花202303_202510\202407\26\NC_H09_20240726_1710_R21_FLDK.06001_06001.nc,True,True,NOT_HASHED
H:\葵花202303_202510\202407\26\NC_H09_20240726_1720_R21_FLDK.06001_06001.nc,True,True,NOT_HASHED
H:\葵花202303_202510\202407\26\NC_H09_20240726_1730_R21_FLDK.06001_06001.nc,True,True,NOT_HASHED
H:\葵花202303_202510\202407\26\NC_H09_20240726_1740_R21_FLDK.06001_06001.nc,True,True,NOT_HASHED
H:\葵花202303_202510\202407\26\NC_H09_20240726_1750_R21_FLDK.06001_06001.nc,True,True,NOT_HASHED
H:\葵花202303_202510\202407\26\NC_H09_20240726_1800_R21_FLDK.06001_06001.nc,True,True,NOT_HASHED
H:\葵花202303_202510\202407\26\NC_H09_20240726_1810_R21_FLDK.06001_06001.nc,True,True,NOT_HASHED
H:\葵花202303_202510\202407\26\NC_H09_20240726_1820_R21_FLDK.06001_06001.nc,True,True,NOT_HASHED
H:\葵花202303_202510\202407\26\NC_H09_20240726_1830_R21_FLDK.06001_06001.nc,True,True,NOT_HASHED
H:\葵花202303_202510\202407\26\NC_H09_20240726_1840_R21_FLDK.06001_06001.nc,True,True,NOT_HASHED
H:\葵花202303_202510\202407\26\NC_H09_20240726_1850_R21_FLDK.06001_06001.nc,True,True,NOT_HASHED
H:\葵花202303_202510\202407\26\NC_H09_20240726_1900_R21_FLDK.06001_06001.nc,True,True,NOT_HASHED
H:\葵花202303_202510\202407\26\NC_H09_20240726_1910_R21_FLDK.06001_06001.nc,True,True,NOT_HASHED
H:\葵花202303_202510\202407\26\NC_H09_20240726_1920_R21_FLDK.06001_06001.nc,True,True,NOT_HASHED
H:\葵花202303_202510\202407\26\NC_H09_20240726_1930_R21_FLDK.06001_06001.nc,True,True,NOT_HASHED
H:\葵花202303_202510\202407\26\NC_H09_20240726_1940_R21_FLDK.06001_06001.nc,True,True,NOT_HASHED
H:\葵花202303_202510\202407\26\NC_H09_20240726_1950_R21_FLDK.06001_06001.nc,True,True,NOT_HASHED
H:\葵花202303_202510\202407\26\NC_H09_20240726_2000_R21_FLDK.06001_06001.nc,True,True,NOT_HASHED
H:\葵花202303_202510\202407\26\NC_H09_20240726_2010_R21_FLDK.06001_06001.nc,True,True,NOT_HASHED
H:\葵花202303_202510\202407\26\NC_H09_20240726_2020_R21_FLDK.06001_06001.nc,True,True,NOT_HASHED
H:\葵花202303_202510\202407\26\NC_H09_20240726_2030_R21_FLDK.06001_06001.nc,True,True,NOT_HASHED
H:\葵花202303_202510\202407\26\NC_H09_20240726_2040_R21_FLDK.06001_06001.nc,True,True,NOT_HASHED
H:\葵花202303_202510\202407\26\NC_H09_20240726_2050_R21_FLDK.06001_06001.nc,True,True,NOT_HASHED
H:\葵花202303_202510\202407\26\NC_H09_20240726_2100_R21_FLDK.06001_06001.nc,True,True,NOT_HASHED
H:\葵花202303_202510\202407\26\NC_H09_20240726_2110_R21_FLDK.06001_06001.nc,True,True,NOT_HASHED
H:\葵花202303_202510\202407\26\NC_H09_20240726_2120_R21_FLDK.06001_06001.nc,True,True,NOT_HASHED
H:\葵花202303_202510\202407\26\NC_H09_20240726_2130_R21_FLDK.06001_06001.nc,True,True,NOT_HASHED
H:\葵花202303_202510\202407\26\NC_H09_20240726_2140_R21_FLDK.06001_06001.nc,True,True,NOT_HASHED
H:\葵花202303_202510\202407\26\NC_H09_20240726_2150_R21_FLDK.06001_06001.nc,True,True,NOT_HASHED
H:\葵花202303_202510\202407\26\NC_H09_20240726_2200_R21_FLDK.06001_06001.nc,True,True,NOT_HASHED
H:\葵花202303_202510\202407\26\NC_H09_20240726_2210_R21_FLDK.06001_06001.nc,True,True,NOT_HASHED
H:\葵花202303_202510\202407\26\NC_H09_20240726_2220_R21_FLDK.06001_06001.nc,True,True,NOT_HASHED
H:\葵花202303_202510\202407\26\NC_H09_20240726_2230_R21_FLDK.06001_06001.nc,True,True,NOT_HASHED
H:\葵花202303_202510\202407\26\NC_H09_20240726_2240_R21_FLDK.06001_06001.nc,True,True,NOT_HASHED
H:\葵花202303_202510\202407\26\NC_H09_20240726_2250_R21_FLDK.06001_06001.nc,True,True,NOT_HASHED
H:\葵花202303_202510\202407\26\NC_H09_20240726_2300_R21_FLDK.06001_06001.nc,True,True,NOT_HASHED
H:\葵花202303_202510\202407\26\NC_H09_20240726_2310_R21_FLDK.06001_06001.nc,True,True,NOT_HASHED
H:\葵花202303_202510\202407\26\NC_H09_20240726_2320_R21_FLDK.06001_06001.nc,True,True,NOT_HASHED
H:\葵花202303_202510\202407\26\NC_H09_20240726_2330_R21_FLDK.06001_06001.nc,True,True,NOT_HASHED
H:\葵花202303_202510\202407\26\NC_H09_20240726_2340_R21_FLDK.06001_06001.nc,True,True,NOT_HASHED
H:\葵花202303_202510\202407\26\NC_H09_20240726_2350_R21_FLDK.06001_06001.nc,True,True,NOT_HASHED
H:\葵花202303_202510\202407\27\NC_H09_20240727_0000_R21_FLDK.06001_06001.nc,True,True,NOT_HASHED
H:\葵花202303_202510\202407\27\NC_H09_20240727_0010_R21_FLDK.06001_06001.nc,True,True,NOT_HASHED
H:\葵花202303_202510\202407\27\NC_H09_20240727_0020_R21_FLDK.06001_06001.nc,True,True,NOT_HASHED
H:\葵花202303_202510\202407\27\NC_H09_20240727_0030_R21_FLDK.06001_06001.nc,True,True,NOT_HASHED
H:\葵花202303_202510\202407\27\NC_H09_20240727_0040_R21_FLDK.06001_06001.nc,True,True,NOT_HASHED
H:\葵花202303_202510\202407\27\NC_H09_20240727_0050_R21_FLDK.06001_06001.nc,True,True,NOT_HASHED
H:\葵花202303_202510\202407\27\NC_H09_20240727_0100_R21_FLDK.06001_06001.nc,True,True,NOT_HASHED
H:\葵花202303_202510\202407\27\NC_H09_20240727_0110_R21_FLDK.06001_06001.nc,True,True,NOT_HASHED
H:\葵花202303_202510\202407\27\NC_H09_20240727_0120_R21_FLDK.06001_06001.nc,True,True,NOT_HASHED
H:\葵花202303_202510\202407\27\NC_H09_20240727_0130_R21_FLDK.06001_06001.nc,True,True,NOT_HASHED
H:\葵花202303_202510\202407\27\NC_H09_20240727_0140_R21_FLDK.06001_06001.nc,True,True,NOT_HASHED
H:\葵花202303_202510\202407\27\NC_H09_20240727_0150_R21_FLDK.06001_06001.nc,True,True,NOT_HASHED
H:\葵花202303_202510\202407\27\NC_H09_20240727_0200_R21_FLDK.06001_06001.nc,True,True,NOT_HASHED
H:\葵花202303_202510\202407\27\NC_H09_20240727_0210_R21_FLDK.06001_06001.nc,True,True,NOT_HASHED
H:\葵花202303_202510\202407\27\NC_H09_20240727_0220_R21_FLDK.06001_06001.nc,True,True,NOT_HASHED
H:\葵花202303_202510\202407\27\NC_H09_20240727_0230_R21_FLDK.06001_06001.nc,True,True,NOT_HASHED
H:\葵花202303_202510\202407\27\NC_H09_20240727_0250_R21_FLDK.06001_06001.nc,True,True,NOT_HASHED
H:\葵花202303_202510\202407\27\NC_H09_20240727_0300_R21_FLDK.06001_06001.nc,True,True,NOT_HASHED
H:\葵花202303_202510\202407\27\NC_H09_20240727_0310_R21_FLDK.06001_06001.nc,True,True,NOT_HASHED
H:\葵花202303_202510\202407\27\NC_H09_20240727_0320_R21_FLDK.06001_06001.nc,True,True,NOT_HASHED
H:\葵花202303_202510\202407\27\NC_H09_20240727_0330_R21_FLDK.06001_06001.nc,True,True,NOT_HASHED
H:\葵花202303_202510\202407\27\NC_H09_20240727_0340_R21_FLDK.06001_06001.nc,True,True,NOT_HASHED
H:\葵花202303_202510\202407\27\NC_H09_20240727_0350_R21_FLDK.06001_06001.nc,True,True,NOT_HASHED
H:\葵花202303_202510\202407\27\NC_H09_20240727_0400_R21_FLDK.06001_06001.nc,True,True,NOT_HASHED
H:\葵花202303_202510\202407\27\NC_H09_20240727_0410_R21_FLDK.06001_06001.nc,True,True,NOT_HASHED
H:\葵花202303_202510\202407\27\NC_H09_20240727_0420_R21_FLDK.06001_06001.nc,True,True,NOT_HASHED
H:\葵花202303_202510\202407\27\NC_H09_20240727_0430_R21_FLDK.06001_06001.nc,True,True,NOT_HASHED
H:\葵花202303_202510\202407\27\NC_H09_20240727_0440_R21_FLDK.06001_06001.nc,True,True,NOT_HASHED
H:\葵花202303_202510\202407\27\NC_H09_20240727_0450_R21_FLDK.06001_06001.nc,True,True,NOT_HASHED
H:\葵花202303_202510\202407\27\NC_H09_20240727_0500_R21_FLDK.06001_06001.nc,True,True,NOT_HASHED
H:\葵花202303_202510\202407\27\NC_H09_20240727_0510_R21_FLDK.06001_06001.nc,True,True,NOT_HASHED
H:\葵花202303_202510\202407\27\NC_H09_20240727_0520_R21_FLDK.06001_06001.nc,True,True,NOT_HASHED
H:\葵花202303_202510\202407\27\NC_H09_20240727_0530_R21_FLDK.06001_06001.nc,True,True,NOT_HASHED
H:\葵花202303_202510\202407\27\NC_H09_20240727_0540_R21_FLDK.06001_06001.nc,True,True,NOT_HASHED
H:\葵花202303_202510\202407\27\NC_H09_20240727_0550_R21_FLDK.06001_06001.nc,True,True,NOT_HASHED
H:\葵花202303_202510\202407\27\NC_H09_20240727_0600_R21_FLDK.06001_06001.nc,True,True,NOT_HASHED
H:\葵花202303_202510\202407\27\NC_H09_20240727_0610_R21_FLDK.06001_06001.nc,True,True,NOT_HASHED
H:\葵花202303_202510\202407\27\NC_H09_20240727_0620_R21_FLDK.06001_06001.nc,True,True,NOT_HASHED
H:\葵花202303_202510\202407\27\NC_H09_20240727_0630_R21_FLDK.06001_06001.nc,True,True,NOT_HASHED
H:\葵花202303_202510\202407\27\NC_H09_20240727_0640_R21_FLDK.06001_06001.nc,True,True,NOT_HASHED
H:\葵花202303_202510\202407\27\NC_H09_20240727_0650_R21_FLDK.06001_06001.nc,True,True,NOT_HASHED
H:\葵花202303_202510\202407\27\NC_H09_20240727_0700_R21_FLDK.06001_06001.nc,True,True,NOT_HASHED
H:\葵花202303_202510\202407\27\NC_H09_20240727_0710_R21_FLDK.06001_06001.nc,True,True,NOT_HASHED
H:\葵花202303_202510\202407\27\NC_H09_20240727_0720_R21_FLDK.06001_06001.nc,True,True,NOT_HASHED
H:\葵花202303_202510\202407\27\NC_H09_20240727_0730_R21_FLDK.06001_06001.nc,True,True,NOT_HASHED
H:\葵花202303_202510\202407\27\NC_H09_20240727_0740_R21_FLDK.06001_06001.nc,True,True,NOT_HASHED
H:\葵花202303_202510\202407\27\NC_H09_20240727_0750_R21_FLDK.06001_06001.nc,True,True,NOT_HASHED
H:\葵花202303_202510\202407\27\NC_H09_20240727_0800_R21_FLDK.06001_06001.nc,True,True,NOT_HASHED
H:\葵花202303_202510\202407\27\NC_H09_20240727_0810_R21_FLDK.06001_06001.nc,True,True,NOT_HASHED
H:\葵花202303_202510\202407\27\NC_H09_20240727_0820_R21_FLDK.06001_06001.nc,True,True,NOT_HASHED
H:\葵花202303_202510\202407\27\NC_H09_20240727_0830_R21_FLDK.06001_06001.nc,True,True,NOT_HASHED
H:\葵花202303_202510\202407\27\NC_H09_20240727_0840_R21_FLDK.06001_06001.nc,True,True,NOT_HASHED
H:\葵花202303_202510\202407\27\NC_H09_20240727_0850_R21_FLDK.06001_06001.nc,True,True,NOT_HASHED
H:\葵花202303_202510\202407\27\NC_H09_20240727_0900_R21_FLDK.06001_06001.nc,True,True,NOT_HASHED
H:\葵花202303_202510\202407\27\NC_H09_20240727_0910_R21_FLDK.06001_06001.nc,True,True,NOT_HASHED
H:\葵花202303_202510\202407\27\NC_H09_20240727_0920_R21_FLDK.06001_06001.nc,True,True,NOT_HASHED
H:\葵花202303_202510\202407\27\NC_H09_20240727_0930_R21_FLDK.06001_06001.nc,True,True,NOT_HASHED
H:\葵花202303_202510\202407\27\NC_H09_20240727_0940_R21_FLDK.06001_06001.nc,True,True,NOT_HASHED
H:\葵花202303_202510\202407\27\NC_H09_20240727_0950_R21_FLDK.06001_06001.nc,True,True,NOT_HASHED
H:\葵花202303_202510\202407\27\NC_H09_20240727_1000_R21_FLDK.06001_06001.nc,True,True,NOT_HASHED
H:\葵花202303_202510\202407\27\NC_H09_20240727_1010_R21_FLDK.06001_06001.nc,True,True,NOT_HASHED
H:\葵花202303_202510\202407\27\NC_H09_20240727_1020_R21_FLDK.06001_06001.nc,True,True,NOT_HASHED
H:\葵花202303_202510\202407\27\NC_H09_20240727_1030_R21_FLDK.06001_06001.nc,True,True,NOT_HASHED
H:\葵花202303_202510\202407\27\NC_H09_20240727_1040_R21_FLDK.06001_06001.nc,True,True,NOT_HASHED
H:\葵花202303_202510\202407\27\NC_H09_20240727_1050_R21_FLDK.06001_06001.nc,True,True,NOT_HASHED
H:\葵花202303_202510\202407\27\NC_H09_20240727_1100_R21_FLDK.06001_06001.nc,True,True,NOT_HASHED
H:\葵花202303_202510\202407\27\NC_H09_20240727_1110_R21_FLDK.06001_06001.nc,True,True,NOT_HASHED
H:\葵花202303_202510\202407\27\NC_H09_20240727_1120_R21_FLDK.06001_06001.nc,True,True,NOT_HASHED
H:\葵花202303_202510\202407\27\NC_H09_20240727_1130_R21_FLDK.06001_06001.nc,True,True,NOT_HASHED
H:\葵花202303_202510\202407\27\NC_H09_20240727_1140_R21_FLDK.06001_06001.nc,True,True,NOT_HASHED
H:\葵花202303_202510\202407\27\NC_H09_20240727_1150_R21_FLDK.06001_06001.nc,True,True,NOT_HASHED
H:\葵花202303_202510\202407\27\NC_H09_20240727_1200_R21_FLDK.06001_06001.nc,True,True,NOT_HASHED
H:\葵花202303_202510\202407\27\NC_H09_20240727_1210_R21_FLDK.06001_06001.nc,True,True,NOT_HASHED
H:\葵花202303_202510\202407\27\NC_H09_20240727_1220_R21_FLDK.06001_06001.nc,True,True,NOT_HASHED
H:\葵花202303_202510\202407\27\NC_H09_20240727_1230_R21_FLDK.06001_06001.nc,True,True,NOT_HASHED
H:\葵花202303_202510\202407\27\NC_H09_20240727_1240_R21_FLDK.06001_06001.nc,True,True,NOT_HASHED
H:\葵花202303_202510\202407\27\NC_H09_20240727_1250_R21_FLDK.06001_06001.nc,True,True,NOT_HASHED
H:\葵花202303_202510\202407\27\NC_H09_20240727_1300_R21_FLDK.06001_06001.nc,True,True,NOT_HASHED
H:\葵花202303_202510\202407\27\NC_H09_20240727_1310_R21_FLDK.06001_06001.nc,True,True,NOT_HASHED
H:\葵花202303_202510\202407\27\NC_H09_20240727_1320_R21_FLDK.06001_06001.nc,True,True,NOT_HASHED
H:\葵花202303_202510\202407\27\NC_H09_20240727_1330_R21_FLDK.06001_06001.nc,True,True,NOT_HASHED
H:\葵花202303_202510\202407\27\NC_H09_20240727_1340_R21_FLDK.06001_06001.nc,True,True,NOT_HASHED
H:\葵花202303_202510\202407\27\NC_H09_20240727_1350_R21_FLDK.06001_06001.nc,True,True,NOT_HASHED
H:\葵花202303_202510\202407\27\NC_H09_20240727_1400_R21_FLDK.06001_06001.nc,True,True,NOT_HASHED
H:\葵花202303_202510\202407\27\NC_H09_20240727_1410_R21_FLDK.06001_06001.nc,True,True,NOT_HASHED
H:\葵花202303_202510\202407\27\NC_H09_20240727_1420_R21_FLDK.06001_06001.nc,True,True,NOT_HASHED
H:\葵花202303_202510\202407\27\NC_H09_20240727_1430_R21_FLDK.06001_06001.nc,True,True,NOT_HASHED
H:\葵花202303_202510\202407\27\NC_H09_20240727_1450_R21_FLDK.06001_06001.nc,True,True,NOT_HASHED
H:\葵花202303_202510\202407\27\NC_H09_20240727_1500_R21_FLDK.06001_06001.nc,True,True,NOT_HASHED
H:\葵花202303_202510\202407\27\NC_H09_20240727_1510_R21_FLDK.06001_06001.nc,True,True,NOT_HASHED
H:\葵花202303_202510\202407\27\NC_H09_20240727_1520_R21_FLDK.06001_06001.nc,True,True,NOT_HASHED
H:\葵花202303_202510\202407\27\NC_H09_20240727_1530_R21_FLDK.06001_06001.nc,True,True,NOT_HASHED
H:\葵花202303_202510\202407\27\NC_H09_20240727_1540_R21_FLDK.06001_06001.nc,True,True,NOT_HASHED
H:\葵花202303_202510\202407\27\NC_H09_20240727_1550_R21_FLDK.06001_06001.nc,True,True,NOT_HASHED
H:\葵花202303_202510\202407\27\NC_H09_20240727_1600_R21_FLDK.06001_06001.nc,True,True,NOT_HASHED
H:\葵花202303_202510\202407\27\NC_H09_20240727_1610_R21_FLDK.06001_06001.nc,True,True,NOT_HASHED
H:\葵花202303_202510\202407\27\NC_H09_20240727_1620_R21_FLDK.06001_06001.nc,True,True,NOT_HASHED
H:\葵花202303_202510\202407\27\NC_H09_20240727_1630_R21_FLDK.06001_06001.nc,True,True,NOT_HASHED
H:\葵花202303_202510\202407\27\NC_H09_20240727_1640_R21_FLDK.06001_06001.nc,True,True,NOT_HASHED
H:\葵花202303_202510\202407\27\NC_H09_20240727_1650_R21_FLDK.06001_06001.nc,True,True,NOT_HASHED
H:\葵花202303_202510\202407\27\NC_H09_20240727_1700_R21_FLDK.06001_06001.nc,True,True,NOT_HASHED
H:\葵花202303_202510\202407\27\NC_H09_20240727_1710_R21_FLDK.06001_06001.nc,True,True,NOT_HASHED
H:\葵花202303_202510\202407\27\NC_H09_20240727_1720_R21_FLDK.06001_06001.nc,True,True,NOT_HASHED
H:\葵花202303_202510\202407\27\NC_H09_20240727_1730_R21_FLDK.06001_06001.nc,True,True,NOT_HASHED
H:\葵花202303_202510\202407\27\NC_H09_20240727_1740_R21_FLDK.06001_06001.nc,True,True,NOT_HASHED
H:\葵花202303_202510\202407\27\NC_H09_20240727_1750_R21_FLDK.06001_06001.nc,True,True,NOT_HASHED
H:\葵花202303_202510\202407\27\NC_H09_20240727_1800_R21_FLDK.06001_06001.nc,True,True,NOT_HASHED
H:\葵花202303_202510\202407\27\NC_H09_20240727_1810_R21_FLDK.06001_06001.nc,True,True,NOT_HASHED
H:\葵花202303_202510\202407\27\NC_H09_20240727_1820_R21_FLDK.06001_06001.nc,True,True,NOT_HASHED
H:\葵花202303_202510\202407\27\NC_H09_20240727_1830_R21_FLDK.06001_06001.nc,True,True,NOT_HASHED
H:\葵花202303_202510\202407\27\NC_H09_20240727_1840_R21_FLDK.06001_06001.nc,True,True,NOT_HASHED
H:\葵花202303_202510\202407\27\NC_H09_20240727_1850_R21_FLDK.06001_06001.nc,True,True,NOT_HASHED
H:\葵花202303_202510\202407\27\NC_H09_20240727_1900_R21_FLDK.06001_06001.nc,True,True,NOT_HASHED
H:\葵花202303_202510\202407\27\NC_H09_20240727_1910_R21_FLDK.06001_06001.nc,True,True,NOT_HASHED
H:\葵花202303_202510\202407\27\NC_H09_20240727_1920_R21_FLDK.06001_06001.nc,True,True,NOT_HASHED
H:\葵花202303_202510\202407\27\NC_H09_20240727_1930_R21_FLDK.06001_06001.nc,True,True,NOT_HASHED
H:\葵花202303_202510\202407\27\NC_H09_20240727_1940_R21_FLDK.06001_06001.nc,True,True,NOT_HASHED
H:\葵花202303_202510\202407\27\NC_H09_20240727_1950_R21_FLDK.06001_06001.nc,True,True,NOT_HASHED
H:\葵花202303_202510\202407\27\NC_H09_20240727_2000_R21_FLDK.06001_06001.nc,True,True,NOT_HASHED
H:\葵花202303_202510\202407\27\NC_H09_20240727_2010_R21_FLDK.06001_06001.nc,True,True,NOT_HASHED
H:\葵花202303_202510\202407\27\NC_H09_20240727_2020_R21_FLDK.06001_06001.nc,True,True,NOT_HASHED
H:\葵花202303_202510\202407\27\NC_H09_20240727_2030_R21_FLDK.06001_06001.nc,True,True,NOT_HASHED
H:\葵花202303_202510\202407\27\NC_H09_20240727_2040_R21_FLDK.06001_06001.nc,True,True,NOT_HASHED
H:\葵花202303_202510\202407\27\NC_H09_20240727_2050_R21_FLDK.06001_06001.nc,True,True,NOT_HASHED
H:\葵花202303_202510\202407\27\NC_H09_20240727_2100_R21_FLDK.06001_06001.nc,True,True,NOT_HASHED
H:\葵花202303_202510\202407\27\NC_H09_20240727_2110_R21_FLDK.06001_06001.nc,True,True,NOT_HASHED
H:\葵花202303_202510\202407\27\NC_H09_20240727_2120_R21_FLDK.06001_06001.nc,True,True,NOT_HASHED
H:\葵花202303_202510\202407\27\NC_H09_20240727_2130_R21_FLDK.06001_06001.nc,True,True,NOT_HASHED
H:\葵花202303_202510\202407\27\NC_H09_20240727_2140_R21_FLDK.06001_06001.nc,True,True,NOT_HASHED
H:\葵花202303_202510\202407\27\NC_H09_20240727_2150_R21_FLDK.06001_06001.nc,True,True,NOT_HASHED
H:\葵花202303_202510\202407\27\NC_H09_20240727_2200_R21_FLDK.06001_06001.nc,True,True,NOT_HASHED
H:\葵花202303_202510\202407\27\NC_H09_20240727_2210_R21_FLDK.06001_06001.nc,True,True,NOT_HASHED
H:\葵花202303_202510\202407\27\NC_H09_20240727_2220_R21_FLDK.06001_06001.nc,True,True,NOT_HASHED
H:\葵花202303_202510\202407\27\NC_H09_20240727_2230_R21_FLDK.06001_06001.nc,True,True,NOT_HASHED
H:\葵花202303_202510\202407\27\NC_H09_20240727_2240_R21_FLDK.06001_06001.nc,True,True,NOT_HASHED
H:\葵花202303_202510\202407\27\NC_H09_20240727_2250_R21_FLDK.06001_06001.nc,True,True,NOT_HASHED
H:\葵花202303_202510\202407\27\NC_H09_20240727_2300_R21_FLDK.06001_06001.nc,True,True,NOT_HASHED
H:\葵花202303_202510\202407\27\NC_H09_20240727_2310_R21_FLDK.06001_06001.nc,True,True,NOT_HASHED
H:\葵花202303_202510\202407\27\NC_H09_20240727_2320_R21_FLDK.06001_06001.nc,True,True,NOT_HASHED
H:\葵花202303_202510\202407\27\NC_H09_20240727_2330_R21_FLDK.06001_06001.nc,True,True,NOT_HASHED
H:\葵花202303_202510\202407\27\NC_H09_20240727_2340_R21_FLDK.06001_06001.nc,True,True,NOT_HASHED
H:\葵花202303_202510\202407\27\NC_H09_20240727_2350_R21_FLDK.06001_06001.nc,True,True,NOT_HASHED
H:\葵花202303_202510\202407\28\NC_H09_20240728_0000_R21_FLDK.06001_06001.nc,True,True,NOT_HASHED
H:\葵花202303_202510\202407\28\NC_H09_20240728_0010_R21_FLDK.06001_06001.nc,True,True,NOT_HASHED
H:\葵花202303_202510\202407\28\NC_H09_20240728_0020_R21_FLDK.06001_06001.nc,True,True,NOT_HASHED
H:\葵花202303_202510\202407\28\NC_H09_20240728_0030_R21_FLDK.06001_06001.nc,True,True,NOT_HASHED
H:\葵花202303_202510\202407\28\NC_H09_20240728_0040_R21_FLDK.06001_06001.nc,True,True,NOT_HASHED
H:\葵花202303_202510\202407\28\NC_H09_20240728_0050_R21_FLDK.06001_06001.nc,True,True,NOT_HASHED
H:\葵花202303_202510\202407\28\NC_H09_20240728_0100_R21_FLDK.06001_06001.nc,True,True,NOT_HASHED
H:\葵花202303_202510\202407\28\NC_H09_20240728_0110_R21_FLDK.06001_06001.nc,True,True,NOT_HASHED
H:\葵花202303_202510\202407\28\NC_H09_20240728_0120_R21_FLDK.06001_06001.nc,True,True,NOT_HASHED
H:\葵花202303_202510\202407\28\NC_H09_20240728_0130_R21_FLDK.06001_06001.nc,True,True,NOT_HASHED
H:\葵花202303_202510\202407\28\NC_H09_20240728_0140_R21_FLDK.06001_06001.nc,True,True,NOT_HASHED
H:\葵花202303_202510\202407\28\NC_H09_20240728_0150_R21_FLDK.06001_06001.nc,True,True,NOT_HASHED
H:\葵花202303_202510\202407\28\NC_H09_20240728_0200_R21_FLDK.06001_06001.nc,True,True,NOT_HASHED
H:\葵花202303_202510\202407\28\NC_H09_20240728_0210_R21_FLDK.06001_06001.nc,True,True,NOT_HASHED
H:\葵花202303_202510\202407\28\NC_H09_20240728_0220_R21_FLDK.06001_06001.nc,True,True,NOT_HASHED
H:\葵花202303_202510\202407\28\NC_H09_20240728_0230_R21_FLDK.06001_06001.nc,True,True,NOT_HASHED
H:\葵花202303_202510\202407\28\NC_H09_20240728_0250_R21_FLDK.06001_06001.nc,True,True,NOT_HASHED
H:\葵花202303_202510\202407\28\NC_H09_20240728_0300_R21_FLDK.06001_06001.nc,True,True,NOT_HASHED
H:\葵花202303_202510\202407\28\NC_H09_20240728_0310_R21_FLDK.06001_06001.nc,True,True,NOT_HASHED
H:\葵花202303_202510\202407\28\NC_H09_20240728_0320_R21_FLDK.06001_06001.nc,True,True,NOT_HASHED
H:\葵花202303_202510\202407\28\NC_H09_20240728_0330_R21_FLDK.06001_06001.nc,True,True,NOT_HASHED
H:\葵花202303_202510\202407\28\NC_H09_20240728_0340_R21_FLDK.06001_06001.nc,True,True,NOT_HASHED
H:\葵花202303_202510\202407\28\NC_H09_20240728_0350_R21_FLDK.06001_06001.nc,True,True,NOT_HASHED
H:\葵花202303_202510\202407\28\NC_H09_20240728_0400_R21_FLDK.06001_06001.nc,True,True,NOT_HASHED
H:\葵花202303_202510\202407\28\NC_H09_20240728_0410_R21_FLDK.06001_06001.nc,True,True,NOT_HASHED
H:\葵花202303_202510\202407\28\NC_H09_20240728_0420_R21_FLDK.06001_06001.nc,True,True,NOT_HASHED
H:\葵花202303_202510\202407\28\NC_H09_20240728_0430_R21_FLDK.06001_06001.nc,True,True,NOT_HASHED
H:\葵花202303_202510\202407\28\NC_H09_20240728_0440_R21_FLDK.06001_06001.nc,True,True,NOT_HASHED
H:\葵花202303_202510\202407\28\NC_H09_20240728_0450_R21_FLDK.06001_06001.nc,True,True,NOT_HASHED
H:\葵花202303_202510\202407\28\NC_H09_20240728_0500_R21_FLDK.06001_06001.nc,True,True,NOT_HASHED
H:\葵花202303_202510\202407\28\NC_H09_20240728_0510_R21_FLDK.06001_06001.nc,True,True,NOT_HASHED
H:\葵花202303_202510\202407\28\NC_H09_20240728_0520_R21_FLDK.06001_06001.nc,True,True,NOT_HASHED
H:\葵花202303_202510\202407\28\NC_H09_20240728_0530_R21_FLDK.06001_06001.nc,True,True,NOT_HASHED
H:\葵花202303_202510\202407\28\NC_H09_20240728_0540_R21_FLDK.06001_06001.nc,True,True,NOT_HASHED
H:\葵花202303_202510\202407\28\NC_H09_20240728_0550_R21_FLDK.06001_06001.nc,True,True,NOT_HASHED
H:\葵花202303_202510\202407\28\NC_H09_20240728_0600_R21_FLDK.06001_06001.nc,True,True,NOT_HASHED
H:\葵花202303_202510\202407\28\NC_H09_20240728_0610_R21_FLDK.06001_06001.nc,True,True,NOT_HASHED
H:\葵花202303_202510\202407\28\NC_H09_20240728_0620_R21_FLDK.06001_06001.nc,True,True,NOT_HASHED
H:\葵花202303_202510\202407\28\NC_H09_20240728_0630_R21_FLDK.06001_06001.nc,True,True,NOT_HASHED
H:\葵花202303_202510\202407\28\NC_H09_20240728_0640_R21_FLDK.06001_06001.nc,True,True,NOT_HASHED
H:\葵花202303_202510\202407\28\NC_H09_20240728_0650_R21_FLDK.06001_06001.nc,True,True,NOT_HASHED
H:\葵花202303_202510\202407\28\NC_H09_20240728_0700_R21_FLDK.06001_06001.nc,True,True,NOT_HASHED
H:\葵花202303_202510\202407\28\NC_H09_20240728_0710_R21_FLDK.06001_06001.nc,True,True,NOT_HASHED
H:\葵花202303_202510\202407\28\NC_H09_20240728_0720_R21_FLDK.06001_06001.nc,True,True,NOT_HASHED
H:\葵花202303_202510\202407\28\NC_H09_20240728_0730_R21_FLDK.06001_06001.nc,True,True,NOT_HASHED
H:\葵花202303_202510\202407\28\NC_H09_20240728_0740_R21_FLDK.06001_06001.nc,True,True,NOT_HASHED
H:\葵花202303_202510\202407\28\NC_H09_20240728_0750_R21_FLDK.06001_06001.nc,True,True,NOT_HASHED
H:\葵花202303_202510\202407\28\NC_H09_20240728_0800_R21_FLDK.06001_06001.nc,True,True,NOT_HASHED
H:\葵花202303_202510\202407\28\NC_H09_20240728_0810_R21_FLDK.06001_06001.nc,True,True,NOT_HASHED
H:\葵花202303_202510\202407\28\NC_H09_20240728_0820_R21_FLDK.06001_06001.nc,True,True,NOT_HASHED
H:\葵花202303_202510\202407\28\NC_H09_20240728_0830_R21_FLDK.06001_06001.nc,True,True,NOT_HASHED
H:\葵花202303_202510\202407\28\NC_H09_20240728_0840_R21_FLDK.06001_06001.nc,True,True,NOT_HASHED
H:\葵花202303_202510\202407\28\NC_H09_20240728_0850_R21_FLDK.06001_06001.nc,True,True,NOT_HASHED
H:\葵花202303_202510\202407\28\NC_H09_20240728_0900_R21_FLDK.06001_06001.nc,True,True,NOT_HASHED
H:\葵花202303_202510\202407\28\NC_H09_20240728_0910_R21_FLDK.06001_06001.nc,True,True,NOT_HASHED
H:\葵花202303_202510\202407\28\NC_H09_20240728_0920_R21_FLDK.06001_06001.nc,True,True,NOT_HASHED
H:\葵花202303_202510\202407\28\NC_H09_20240728_0930_R21_FLDK.06001_06001.nc,True,True,NOT_HASHED
H:\葵花202303_202510\202407\28\NC_H09_20240728_0940_R21_FLDK.06001_06001.nc,True,True,NOT_HASHED
H:\葵花202303_202510\202407\28\NC_H09_20240728_0950_R21_FLDK.06001_06001.nc,True,True,NOT_HASHED
H:\葵花202303_202510\202407\28\NC_H09_20240728_1000_R21_FLDK.06001_06001.nc,True,True,NOT_HASHED
H:\葵花202303_202510\202407\28\NC_H09_20240728_1010_R21_FLDK.06001_06001.nc,True,True,NOT_HASHED
H:\葵花202303_202510\202407\28\NC_H09_20240728_1020_R21_FLDK.06001_06001.nc,True,True,NOT_HASHED
H:\葵花202303_202510\202407\28\NC_H09_20240728_1030_R21_FLDK.06001_06001.nc,True,True,NOT_HASHED
H:\葵花202303_202510\202407\28\NC_H09_20240728_1040_R21_FLDK.06001_06001.nc,True,True,NOT_HASHED
H:\葵花202303_202510\202407\28\NC_H09_20240728_1050_R21_FLDK.06001_06001.nc,True,True,NOT_HASHED
H:\葵花202303_202510\202407\28\NC_H09_20240728_1100_R21_FLDK.06001_06001.nc,True,True,NOT_HASHED
H:\葵花202303_202510\202407\28\NC_H09_20240728_1110_R21_FLDK.06001_06001.nc,True,True,NOT_HASHED
H:\葵花202303_202510\202407\28\NC_H09_20240728_1120_R21_FLDK.06001_06001.nc,True,True,NOT_HASHED
H:\葵花202303_202510\202407\28\NC_H09_20240728_1130_R21_FLDK.06001_06001.nc,True,True,NOT_HASHED
H:\葵花202303_202510\202407\28\NC_H09_20240728_1140_R21_FLDK.06001_06001.nc,True,True,NOT_HASHED
H:\葵花202303_202510\202407\28\NC_H09_20240728_1150_R21_FLDK.06001_06001.nc,True,True,NOT_HASHED
H:\葵花202303_202510\202407\28\NC_H09_20240728_1200_R21_FLDK.06001_06001.nc,True,True,NOT_HASHED
H:\葵花202303_202510\202407\28\NC_H09_20240728_1210_R21_FLDK.06001_06001.nc,True,True,NOT_HASHED
H:\葵花202303_202510\202407\28\NC_H09_20240728_1220_R21_FLDK.06001_06001.nc,True,True,NOT_HASHED
H:\葵花202303_202510\202407\28\NC_H09_20240728_1230_R21_FLDK.06001_06001.nc,True,True,NOT_HASHED
H:\葵花202303_202510\202407\28\NC_H09_20240728_1240_R21_FLDK.06001_06001.nc,True,True,NOT_HASHED
H:\葵花202303_202510\202407\28\NC_H09_20240728_1250_R21_FLDK.06001_06001.nc,True,True,NOT_HASHED
H:\葵花202303_202510\202407\28\NC_H09_20240728_1300_R21_FLDK.06001_06001.nc,True,True,NOT_HASHED
H:\葵花202303_202510\202407\28\NC_H09_20240728_1310_R21_FLDK.06001_06001.nc,True,True,NOT_HASHED
H:\葵花202303_202510\202407\28\NC_H09_20240728_1320_R21_FLDK.06001_06001.nc,True,True,NOT_HASHED
H:\葵花202303_202510\202407\28\NC_H09_20240728_1330_R21_FLDK.06001_06001.nc,True,True,NOT_HASHED
H:\葵花202303_202510\202407\28\NC_H09_20240728_1340_R21_FLDK.06001_06001.nc,True,True,NOT_HASHED
H:\葵花202303_202510\202407\28\NC_H09_20240728_1350_R21_FLDK.06001_06001.nc,True,True,NOT_HASHED
H:\葵花202303_202510\202407\28\NC_H09_20240728_1400_R21_FLDK.06001_06001.nc,True,True,NOT_HASHED
H:\葵花202303_202510\202407\28\NC_H09_20240728_1410_R21_FLDK.06001_06001.nc,True,True,NOT_HASHED
H:\葵花202303_202510\202407\28\NC_H09_20240728_1420_R21_FLDK.06001_06001.nc,True,True,NOT_HASHED
H:\葵花202303_202510\202407\28\NC_H09_20240728_1430_R21_FLDK.06001_06001.nc,True,True,NOT_HASHED
H:\葵花202303_202510\202407\28\NC_H09_20240728_1450_R21_FLDK.06001_06001.nc,True,True,NOT_HASHED
H:\葵花202303_202510\202407\28\NC_H09_20240728_1500_R21_FLDK.06001_06001.nc,True,True,NOT_HASHED
H:\葵花202303_202510\202407\28\NC_H09_20240728_1510_R21_FLDK.06001_06001.nc,True,True,NOT_HASHED
H:\葵花202303_202510\202407\28\NC_H09_20240728_1520_R21_FLDK.06001_06001.nc,True,True,NOT_HASHED
H:\葵花202303_202510\202407\28\NC_H09_20240728_1530_R21_FLDK.06001_06001.nc,True,True,NOT_HASHED
H:\葵花202303_202510\202407\28\NC_H09_20240728_1540_R21_FLDK.06001_06001.nc,True,True,NOT_HASHED
H:\葵花202303_202510\202407\28\NC_H09_20240728_1550_R21_FLDK.06001_06001.nc,True,True,NOT_HASHED
H:\葵花202303_202510\202407\28\NC_H09_20240728_1600_R21_FLDK.06001_06001.nc,True,True,NOT_HASHED
H:\葵花202303_202510\202407\28\NC_H09_20240728_1610_R21_FLDK.06001_06001.nc,True,True,NOT_HASHED
H:\葵花202303_202510\202407\28\NC_H09_20240728_1620_R21_FLDK.06001_06001.nc,True,True,NOT_HASHED
H:\葵花202303_202510\202407\28\NC_H09_20240728_1630_R21_FLDK.06001_06001.nc,True,True,NOT_HASHED
H:\葵花202303_202510\202407\28\NC_H09_20240728_1640_R21_FLDK.06001_06001.nc,True,True,NOT_HASHED
H:\葵花202303_202510\202407\28\NC_H09_20240728_1650_R21_FLDK.06001_06001.nc,True,True,NOT_HASHED
H:\葵花202303_202510\202407\28\NC_H09_20240728_1700_R21_FLDK.06001_06001.nc,True,True,NOT_HASHED
H:\葵花202303_202510\202407\28\NC_H09_20240728_1710_R21_FLDK.06001_06001.nc,True,True,NOT_HASHED
H:\葵花202303_202510\202407\28\NC_H09_20240728_1720_R21_FLDK.06001_06001.nc,True,True,NOT_HASHED
H:\葵花202303_202510\202407\28\NC_H09_20240728_1730_R21_FLDK.06001_06001.nc,True,True,NOT_HASHED
H:\葵花202303_202510\202407\28\NC_H09_20240728_1740_R21_FLDK.06001_06001.nc,True,True,NOT_HASHED
H:\葵花202303_202510\202407\28\NC_H09_20240728_1750_R21_FLDK.06001_06001.nc,True,True,NOT_HASHED
H:\葵花202303_202510\202407\28\NC_H09_20240728_1800_R21_FLDK.06001_06001.nc,True,True,NOT_HASHED
H:\葵花202303_202510\202407\28\NC_H09_20240728_1810_R21_FLDK.06001_06001.nc,True,True,NOT_HASHED
H:\葵花202303_202510\202407\28\NC_H09_20240728_1820_R21_FLDK.06001_06001.nc,True,True,NOT_HASHED
H:\葵花202303_202510\202407\28\NC_H09_20240728_1830_R21_FLDK.06001_06001.nc,True,True,NOT_HASHED
H:\葵花202303_202510\202407\28\NC_H09_20240728_1840_R21_FLDK.06001_06001.nc,True,True,NOT_HASHED
H:\葵花202303_202510\202407\28\NC_H09_20240728_1850_R21_FLDK.06001_06001.nc,True,True,NOT_HASHED
H:\葵花202303_202510\202407\28\NC_H09_20240728_1900_R21_FLDK.06001_06001.nc,True,True,NOT_HASHED
H:\葵花202303_202510\202407\28\NC_H09_20240728_1910_R21_FLDK.06001_06001.nc,True,True,NOT_HASHED
H:\葵花202303_202510\202407\28\NC_H09_20240728_1920_R21_FLDK.06001_06001.nc,True,True,NOT_HASHED
H:\葵花202303_202510\202407\28\NC_H09_20240728_1930_R21_FLDK.06001_06001.nc,True,True,NOT_HASHED
H:\葵花202303_202510\202407\28\NC_H09_20240728_1940_R21_FLDK.06001_06001.nc,True,True,NOT_HASHED
H:\葵花202303_202510\202407\28\NC_H09_20240728_1950_R21_FLDK.06001_06001.nc,True,True,NOT_HASHED
H:\葵花202303_202510\202407\28\NC_H09_20240728_2000_R21_FLDK.06001_06001.nc,True,True,NOT_HASHED
H:\葵花202303_202510\202407\28\NC_H09_20240728_2010_R21_FLDK.06001_06001.nc,True,True,NOT_HASHED
H:\葵花202303_202510\202407\28\NC_H09_20240728_2020_R21_FLDK.06001_06001.nc,True,True,NOT_HASHED
H:\葵花202303_202510\202407\28\NC_H09_20240728_2030_R21_FLDK.06001_06001.nc,True,True,NOT_HASHED
H:\葵花202303_202510\202407\28\NC_H09_20240728_2040_R21_FLDK.06001_06001.nc,True,True,NOT_HASHED
H:\葵花202303_202510\202407\28\NC_H09_20240728_2050_R21_FLDK.06001_06001.nc,True,True,NOT_HASHED
H:\葵花202303_202510\202407\28\NC_H09_20240728_2100_R21_FLDK.06001_06001.nc,True,True,NOT_HASHED
H:\葵花202303_202510\202407\28\NC_H09_20240728_2110_R21_FLDK.06001_06001.nc,True,True,NOT_HASHED
H:\葵花202303_202510\202407\28\NC_H09_20240728_2120_R21_FLDK.06001_06001.nc,True,True,NOT_HASHED
H:\葵花202303_202510\202407\28\NC_H09_20240728_2130_R21_FLDK.06001_06001.nc,True,True,NOT_HASHED
H:\葵花202303_202510\202407\28\NC_H09_20240728_2140_R21_FLDK.06001_06001.nc,True,True,NOT_HASHED
H:\葵花202303_202510\202407\28\NC_H09_20240728_2150_R21_FLDK.06001_06001.nc,True,True,NOT_HASHED
H:\葵花202303_202510\202407\28\NC_H09_20240728_2200_R21_FLDK.06001_06001.nc,True,True,NOT_HASHED
H:\葵花202303_202510\202407\28\NC_H09_20240728_2210_R21_FLDK.06001_06001.nc,True,True,NOT_HASHED
H:\葵花202303_202510\202407\28\NC_H09_20240728_2220_R21_FLDK.06001_06001.nc,True,True,NOT_HASHED
H:\葵花202303_202510\202407\28\NC_H09_20240728_2230_R21_FLDK.06001_06001.nc,True,True,NOT_HASHED
H:\葵花202303_202510\202407\28\NC_H09_20240728_2240_R21_FLDK.06001_06001.nc,True,True,NOT_HASHED
H:\葵花202303_202510\202407\28\NC_H09_20240728_2250_R21_FLDK.06001_06001.nc,True,True,NOT_HASHED
H:\葵花202303_202510\202407\28\NC_H09_20240728_2300_R21_FLDK.06001_06001.nc,True,True,NOT_HASHED
H:\葵花202303_202510\202407\28\NC_H09_20240728_2310_R21_FLDK.06001_06001.nc,True,True,NOT_HASHED
H:\葵花202303_202510\202407\28\NC_H09_20240728_2320_R21_FLDK.06001_06001.nc,True,True,NOT_HASHED
H:\葵花202303_202510\202407\28\NC_H09_20240728_2330_R21_FLDK.06001_06001.nc,True,True,NOT_HASHED
H:\葵花202303_202510\202407\28\NC_H09_20240728_2340_R21_FLDK.06001_06001.nc,True,True,NOT_HASHED
H:\葵花202303_202510\202407\28\NC_H09_20240728_2350_R21_FLDK.06001_06001.nc,True,True,NOT_HASHED
H:\葵花202303_202510\202407\29\NC_H09_20240729_0000_R21_FLDK.06001_06001.nc,True,True,NOT_HASHED
H:\葵花202303_202510\202407\29\NC_H09_20240729_0010_R21_FLDK.06001_06001.nc,True,True,NOT_HASHED
H:\葵花202303_202510\202407\29\NC_H09_20240729_0020_R21_FLDK.06001_06001.nc,True,True,NOT_HASHED
H:\葵花202303_202510\202407\29\NC_H09_20240729_0030_R21_FLDK.06001_06001.nc,True,True,NOT_HASHED
H:\葵花202303_202510\202407\29\NC_H09_20240729_0040_R21_FLDK.06001_06001.nc,True,True,NOT_HASHED
H:\葵花202303_202510\202407\29\NC_H09_20240729_0050_R21_FLDK.06001_06001.nc,True,True,NOT_HASHED
H:\葵花202303_202510\202407\29\NC_H09_20240729_0100_R21_FLDK.06001_06001.nc,True,True,NOT_HASHED
H:\葵花202303_202510\202407\29\NC_H09_20240729_0110_R21_FLDK.06001_06001.nc,True,True,NOT_HASHED
H:\葵花202303_202510\202407\29\NC_H09_20240729_0120_R21_FLDK.06001_06001.nc,True,True,NOT_HASHED
H:\葵花202303_202510\202407\29\NC_H09_20240729_0130_R21_FLDK.06001_06001.nc,True,True,NOT_HASHED
H:\葵花202303_202510\202407\29\NC_H09_20240729_0140_R21_FLDK.06001_06001.nc,True,True,NOT_HASHED
H:\葵花202303_202510\202407\29\NC_H09_20240729_0150_R21_FLDK.06001_06001.nc,True,True,NOT_HASHED
H:\葵花202303_202510\202407\29\NC_H09_20240729_0200_R21_FLDK.06001_06001.nc,True,True,NOT_HASHED
H:\葵花202303_202510\202407\29\NC_H09_20240729_0210_R21_FLDK.06001_06001.nc,True,True,NOT_HASHED
H:\葵花202303_202510\202407\29\NC_H09_20240729_0220_R21_FLDK.06001_06001.nc,True,True,NOT_HASHED
H:\葵花202303_202510\202407\29\NC_H09_20240729_0230_R21_FLDK.06001_06001.nc,True,True,NOT_HASHED
H:\葵花202303_202510\202407\29\NC_H09_20240729_0250_R21_FLDK.06001_06001.nc,True,True,NOT_HASHED
H:\葵花202303_202510\202407\29\NC_H09_20240729_0300_R21_FLDK.06001_06001.nc,True,True,NOT_HASHED
H:\葵花202303_202510\202407\29\NC_H09_20240729_0310_R21_FLDK.06001_06001.nc,True,True,NOT_HASHED
H:\葵花202303_202510\202407\29\NC_H09_20240729_0320_R21_FLDK.06001_06001.nc,True,True,NOT_HASHED
H:\葵花202303_202510\202407\29\NC_H09_20240729_0330_R21_FLDK.06001_06001.nc,True,True,NOT_HASHED
H:\葵花202303_202510\202407\29\NC_H09_20240729_0340_R21_FLDK.06001_06001.nc,True,True,NOT_HASHED
H:\葵花202303_202510\202407\29\NC_H09_20240729_0350_R21_FLDK.06001_06001.nc,True,True,NOT_HASHED
H:\葵花202303_202510\202407\29\NC_H09_20240729_0400_R21_FLDK.06001_06001.nc,True,True,NOT_HASHED
H:\葵花202303_202510\202407\29\NC_H09_20240729_0410_R21_FLDK.06001_06001.nc,True,True,NOT_HASHED
H:\葵花202303_202510\202407\29\NC_H09_20240729_0420_R21_FLDK.06001_06001.nc,True,True,NOT_HASHED
H:\葵花202303_202510\202407\29\NC_H09_20240729_0430_R21_FLDK.06001_06001.nc,True,True,NOT_HASHED
H:\葵花202303_202510\202407\29\NC_H09_20240729_0440_R21_FLDK.06001_06001.nc,True,True,NOT_HASHED
H:\葵花202303_202510\202407\29\NC_H09_20240729_0450_R21_FLDK.06001_06001.nc,True,True,NOT_HASHED
H:\葵花202303_202510\202407\29\NC_H09_20240729_0500_R21_FLDK.06001_06001.nc,True,True,NOT_HASHED
H:\葵花202303_202510\202407\29\NC_H09_20240729_0510_R21_FLDK.06001_06001.nc,True,True,NOT_HASHED
H:\葵花202303_202510\202407\29\NC_H09_20240729_0520_R21_FLDK.06001_06001.nc,True,True,NOT_HASHED
H:\葵花202303_202510\202407\29\NC_H09_20240729_0530_R21_FLDK.06001_06001.nc,True,True,NOT_HASHED
H:\葵花202303_202510\202407\29\NC_H09_20240729_0540_R21_FLDK.06001_06001.nc,True,True,NOT_HASHED
H:\葵花202303_202510\202407\29\NC_H09_20240729_0550_R21_FLDK.06001_06001.nc,True,True,NOT_HASHED
H:\葵花202303_202510\202407\29\NC_H09_20240729_0600_R21_FLDK.06001_06001.nc,True,True,NOT_HASHED
H:\葵花202303_202510\202407\29\NC_H09_20240729_0610_R21_FLDK.06001_06001.nc,True,True,NOT_HASHED
H:\葵花202303_202510\202407\29\NC_H09_20240729_0620_R21_FLDK.06001_06001.nc,True,True,NOT_HASHED
H:\葵花202303_202510\202407\29\NC_H09_20240729_0630_R21_FLDK.06001_06001.nc,True,True,NOT_HASHED
H:\葵花202303_202510\202407\29\NC_H09_20240729_0640_R21_FLDK.06001_06001.nc,True,True,NOT_HASHED
H:\葵花202303_202510\202407\29\NC_H09_20240729_0650_R21_FLDK.06001_06001.nc,True,True,NOT_HASHED
H:\葵花202303_202510\202407\29\NC_H09_20240729_0700_R21_FLDK.06001_06001.nc,True,True,NOT_HASHED
H:\葵花202303_202510\202407\29\NC_H09_20240729_0710_R21_FLDK.06001_06001.nc,True,True,NOT_HASHED
H:\葵花202303_202510\202407\29\NC_H09_20240729_0720_R21_FLDK.06001_06001.nc,True,True,NOT_HASHED
H:\葵花202303_202510\202407\29\NC_H09_20240729_0730_R21_FLDK.06001_06001.nc,True,True,NOT_HASHED
H:\葵花202303_202510\202407\29\NC_H09_20240729_0740_R21_FLDK.06001_06001.nc,True,True,NOT_HASHED
H:\葵花202303_202510\202407\29\NC_H09_20240729_0750_R21_FLDK.06001_06001.nc,True,True,NOT_HASHED
H:\葵花202303_202510\202407\29\NC_H09_20240729_0800_R21_FLDK.06001_06001.nc,True,True,NOT_HASHED
H:\葵花202303_202510\202407\29\NC_H09_20240729_0810_R21_FLDK.06001_06001.nc,True,True,NOT_HASHED
H:\葵花202303_202510\202407\29\NC_H09_20240729_0820_R21_FLDK.06001_06001.nc,True,True,NOT_HASHED
H:\葵花202303_202510\202407\29\NC_H09_20240729_0830_R21_FLDK.06001_06001.nc,True,True,NOT_HASHED
H:\葵花202303_202510\202407\29\NC_H09_20240729_0840_R21_FLDK.06001_06001.nc,True,True,NOT_HASHED
H:\葵花202303_202510\202407\29\NC_H09_20240729_0850_R21_FLDK.06001_06001.nc,True,True,NOT_HASHED
H:\葵花202303_202510\202407\29\NC_H09_20240729_0900_R21_FLDK.06001_06001.nc,True,True,NOT_HASHED
H:\葵花202303_202510\202407\29\NC_H09_20240729_0910_R21_FLDK.06001_06001.nc,True,True,NOT_HASHED
H:\葵花202303_202510\202407\29\NC_H09_20240729_0920_R21_FLDK.06001_06001.nc,True,True,NOT_HASHED
H:\葵花202303_202510\202407\29\NC_H09_20240729_0930_R21_FLDK.06001_06001.nc,True,True,NOT_HASHED
H:\葵花202303_202510\202407\29\NC_H09_20240729_0940_R21_FLDK.06001_06001.nc,True,True,NOT_HASHED
H:\葵花202303_202510\202407\29\NC_H09_20240729_0950_R21_FLDK.06001_06001.nc,True,True,NOT_HASHED
H:\葵花202303_202510\202407\29\NC_H09_20240729_1000_R21_FLDK.06001_06001.nc,True,True,NOT_HASHED
H:\葵花202303_202510\202407\29\NC_H09_20240729_1010_R21_FLDK.06001_06001.nc,True,True,NOT_HASHED
H:\葵花202303_202510\202407\29\NC_H09_20240729_1020_R21_FLDK.06001_06001.nc,True,True,NOT_HASHED
H:\葵花202303_202510\202407\29\NC_H09_20240729_1030_R21_FLDK.06001_06001.nc,True,True,NOT_HASHED
H:\葵花202303_202510\202407\29\NC_H09_20240729_1040_R21_FLDK.06001_06001.nc,True,True,NOT_HASHED
H:\葵花202303_202510\202407\29\NC_H09_20240729_1050_R21_FLDK.06001_06001.nc,True,True,NOT_HASHED
H:\葵花202303_202510\202407\29\NC_H09_20240729_1100_R21_FLDK.06001_06001.nc,True,True,NOT_HASHED
H:\葵花202303_202510\202407\29\NC_H09_20240729_1110_R21_FLDK.06001_06001.nc,True,True,NOT_HASHED
H:\葵花202303_202510\202407\29\NC_H09_20240729_1120_R21_FLDK.06001_06001.nc,True,True,NOT_HASHED
H:\葵花202303_202510\202407\29\NC_H09_20240729_1130_R21_FLDK.06001_06001.nc,True,True,NOT_HASHED
H:\葵花202303_202510\202407\29\NC_H09_20240729_1140_R21_FLDK.06001_06001.nc,True,True,NOT_HASHED
H:\葵花202303_202510\202407\29\NC_H09_20240729_1150_R21_FLDK.06001_06001.nc,True,True,NOT_HASHED
H:\葵花202303_202510\202407\29\NC_H09_20240729_1210_R21_FLDK.06001_06001.nc,True,True,NOT_HASHED
H:\葵花202303_202510\202407\29\NC_H09_20240729_1220_R21_FLDK.06001_06001.nc,True,True,NOT_HASHED
H:\葵花202303_202510\202407\29\NC_H09_20240729_1230_R21_FLDK.06001_06001.nc,True,True,NOT_HASHED
H:\葵花202303_202510\202407\29\NC_H09_20240729_1240_R21_FLDK.06001_06001.nc,True,True,NOT_HASHED
H:\葵花202303_202510\202407\29\NC_H09_20240729_1250_R21_FLDK.06001_06001.nc,True,True,NOT_HASHED
H:\葵花202303_202510\202407\29\NC_H09_20240729_1300_R21_FLDK.06001_06001.nc,True,True,NOT_HASHED
H:\葵花202303_202510\202407\29\NC_H09_20240729_1310_R21_FLDK.06001_06001.nc,True,True,NOT_HASHED
H:\葵花202303_202510\202407\29\NC_H09_20240729_1320_R21_FLDK.06001_06001.nc,True,True,NOT_HASHED
H:\葵花202303_202510\202407\29\NC_H09_20240729_1330_R21_FLDK.06001_06001.nc,True,True,NOT_HASHED
H:\葵花202303_202510\202407\29\NC_H09_20240729_1340_R21_FLDK.06001_06001.nc,True,True,NOT_HASHED
H:\葵花202303_202510\202407\29\NC_H09_20240729_1350_R21_FLDK.06001_06001.nc,True,True,NOT_HASHED
H:\葵花202303_202510\202407\29\NC_H09_20240729_1400_R21_FLDK.06001_06001.nc,True,True,NOT_HASHED
H:\葵花202303_202510\202407\29\NC_H09_20240729_1410_R21_FLDK.06001_06001.nc,True,True,NOT_HASHED
H:\葵花202303_202510\202407\29\NC_H09_20240729_1420_R21_FLDK.06001_06001.nc,True,True,NOT_HASHED
H:\葵花202303_202510\202407\29\NC_H09_20240729_1430_R21_FLDK.06001_06001.nc,True,True,NOT_HASHED
H:\葵花202303_202510\202407\29\NC_H09_20240729_1450_R21_FLDK.06001_06001.nc,True,True,NOT_HASHED
H:\葵花202303_202510\202407\29\NC_H09_20240729_1500_R21_FLDK.06001_06001.nc,True,True,NOT_HASHED
H:\葵花202303_202510\202407\29\NC_H09_20240729_1510_R21_FLDK.06001_06001.nc,True,True,NOT_HASHED
H:\葵花202303_202510\202407\29\NC_H09_20240729_1520_R21_FLDK.06001_06001.nc,True,True,NOT_HASHED
H:\葵花202303_202510\202407\29\NC_H09_20240729_1530_R21_FLDK.06001_06001.nc,True,True,NOT_HASHED
H:\葵花202303_202510\202407\29\NC_H09_20240729_1540_R21_FLDK.06001_06001.nc,True,True,NOT_HASHED
H:\葵花202303_202510\202407\29\NC_H09_20240729_1550_R21_FLDK.06001_06001.nc,True,True,NOT_HASHED
H:\葵花202303_202510\202407\29\NC_H09_20240729_1600_R21_FLDK.06001_06001.nc,True,True,NOT_HASHED
H:\葵花202303_202510\202407\29\NC_H09_20240729_1610_R21_FLDK.06001_06001.nc,True,True,NOT_HASHED
H:\葵花202303_202510\202407\29\NC_H09_20240729_1620_R21_FLDK.06001_06001.nc,True,True,NOT_HASHED
H:\葵花202303_202510\202407\29\NC_H09_20240729_1630_R21_FLDK.06001_06001.nc,True,True,NOT_HASHED
H:\葵花202303_202510\202407\29\NC_H09_20240729_1640_R21_FLDK.06001_06001.nc,True,True,NOT_HASHED
H:\葵花202303_202510\202407\29\NC_H09_20240729_1650_R21_FLDK.06001_06001.nc,True,True,NOT_HASHED
H:\葵花202303_202510\202407\29\NC_H09_20240729_1700_R21_FLDK.06001_06001.nc,True,True,NOT_HASHED
H:\葵花202303_202510\202407\29\NC_H09_20240729_1710_R21_FLDK.06001_06001.nc,True,True,NOT_HASHED
H:\葵花202303_202510\202407\29\NC_H09_20240729_1720_R21_FLDK.06001_06001.nc,True,True,NOT_HASHED
H:\葵花202303_202510\202407\29\NC_H09_20240729_1730_R21_FLDK.06001_06001.nc,True,True,NOT_HASHED
H:\葵花202303_202510\202407\29\NC_H09_20240729_1740_R21_FLDK.06001_06001.nc,True,True,NOT_HASHED
H:\葵花202303_202510\202407\29\NC_H09_20240729_1750_R21_FLDK.06001_06001.nc,True,True,NOT_HASHED
H:\葵花202303_202510\202407\29\NC_H09_20240729_1800_R21_FLDK.06001_06001.nc,True,True,NOT_HASHED
H:\葵花202303_202510\202407\29\NC_H09_20240729_1810_R21_FLDK.06001_06001.nc,True,True,NOT_HASHED
H:\葵花202303_202510\202407\29\NC_H09_20240729_1820_R21_FLDK.06001_06001.nc,True,True,NOT_HASHED
H:\葵花202303_202510\202407\29\NC_H09_20240729_1830_R21_FLDK.06001_06001.nc,True,True,NOT_HASHED
H:\葵花202303_202510\202407\29\NC_H09_20240729_1840_R21_FLDK.06001_06001.nc,True,True,NOT_HASHED
H:\葵花202303_202510\202407\29\NC_H09_20240729_1850_R21_FLDK.06001_06001.nc,True,True,NOT_HASHED
H:\葵花202303_202510\202407\29\NC_H09_20240729_1900_R21_FLDK.06001_06001.nc,True,True,NOT_HASHED
H:\葵花202303_202510\202407\29\NC_H09_20240729_1910_R21_FLDK.06001_06001.nc,True,True,NOT_HASHED
H:\葵花202303_202510\202407\29\NC_H09_20240729_1920_R21_FLDK.06001_06001.nc,True,True,NOT_HASHED
H:\葵花202303_202510\202407\29\NC_H09_20240729_1930_R21_FLDK.06001_06001.nc,True,True,NOT_HASHED
H:\葵花202303_202510\202407\29\NC_H09_20240729_1940_R21_FLDK.06001_06001.nc,True,True,NOT_HASHED
H:\葵花202303_202510\202407\29\NC_H09_20240729_1950_R21_FLDK.06001_06001.nc,True,True,NOT_HASHED
H:\葵花202303_202510\202407\29\NC_H09_20240729_2000_R21_FLDK.06001_06001.nc,True,True,NOT_HASHED
H:\葵花202303_202510\202407\29\NC_H09_20240729_2010_R21_FLDK.06001_06001.nc,True,True,NOT_HASHED
H:\葵花202303_202510\202407\29\NC_H09_20240729_2020_R21_FLDK.06001_06001.nc,True,True,NOT_HASHED
H:\葵花202303_202510\202407\29\NC_H09_20240729_2030_R21_FLDK.06001_06001.nc,True,True,NOT_HASHED
H:\葵花202303_202510\202407\29\NC_H09_20240729_2040_R21_FLDK.06001_06001.nc,True,True,NOT_HASHED
H:\葵花202303_202510\202407\29\NC_H09_20240729_2050_R21_FLDK.06001_06001.nc,True,True,NOT_HASHED
H:\葵花202303_202510\202407\29\NC_H09_20240729_2100_R21_FLDK.06001_06001.nc,True,True,NOT_HASHED
H:\葵花202303_202510\202407\29\NC_H09_20240729_2110_R21_FLDK.06001_06001.nc,True,True,NOT_HASHED
H:\葵花202303_202510\202407\29\NC_H09_20240729_2120_R21_FLDK.06001_06001.nc,True,True,NOT_HASHED
H:\葵花202303_202510\202407\29\NC_H09_20240729_2130_R21_FLDK.06001_06001.nc,True,True,NOT_HASHED
H:\葵花202303_202510\202407\29\NC_H09_20240729_2140_R21_FLDK.06001_06001.nc,True,True,NOT_HASHED
H:\葵花202303_202510\202407\29\NC_H09_20240729_2150_R21_FLDK.06001_06001.nc,True,True,NOT_HASHED
H:\葵花202303_202510\202407\29\NC_H09_20240729_2200_R21_FLDK.06001_06001.nc,True,True,NOT_HASHED
H:\葵花202303_202510\202407\29\NC_H09_20240729_2210_R21_FLDK.06001_06001.nc,True,True,NOT_HASHED
H:\葵花202303_202510\202407\29\NC_H09_20240729_2220_R21_FLDK.06001_06001.nc,True,True,NOT_HASHED
H:\葵花202303_202510\202407\29\NC_H09_20240729_2230_R21_FLDK.06001_06001.nc,True,True,NOT_HASHED
H:\葵花202303_202510\202407\29\NC_H09_20240729_2240_R21_FLDK.06001_06001.nc,True,True,NOT_HASHED
H:\葵花202303_202510\202407\29\NC_H09_20240729_2250_R21_FLDK.06001_06001.nc,True,True,NOT_HASHED
H:\葵花202303_202510\202407\29\NC_H09_20240729_2300_R21_FLDK.06001_06001.nc,True,True,NOT_HASHED
H:\葵花202303_202510\202407\29\NC_H09_20240729_2310_R21_FLDK.06001_06001.nc,True,True,NOT_HASHED
H:\葵花202303_202510\202407\29\NC_H09_20240729_2320_R21_FLDK.06001_06001.nc,True,True,NOT_HASHED
H:\葵花202303_202510\202407\29\NC_H09_20240729_2330_R21_FLDK.06001_06001.nc,True,True,NOT_HASHED
H:\葵花202303_202510\202407\29\NC_H09_20240729_2340_R21_FLDK.06001_06001.nc,True,True,NOT_HASHED
H:\葵花202303_202510\202407\29\NC_H09_20240729_2350_R21_FLDK.06001_06001.nc,True,True,NOT_HASHED
H:\葵花202303_202510\202407\30\NC_H09_20240730_0000_R21_FLDK.06001_06001.nc,True,True,NOT_HASHED
H:\葵花202303_202510\202407\30\NC_H09_20240730_0010_R21_FLDK.06001_06001.nc,True,True,NOT_HASHED
H:\葵花202303_202510\202407\30\NC_H09_20240730_0020_R21_FLDK.06001_06001.nc,True,True,NOT_HASHED
H:\葵花202303_202510\202407\30\NC_H09_20240730_0030_R21_FLDK.06001_06001.nc,True,True,NOT_HASHED
H:\葵花202303_202510\202407\30\NC_H09_20240730_0040_R21_FLDK.06001_06001.nc,True,True,NOT_HASHED
H:\葵花202303_202510\202407\30\NC_H09_20240730_0050_R21_FLDK.06001_06001.nc,True,True,NOT_HASHED
H:\葵花202303_202510\202407\30\NC_H09_20240730_0100_R21_FLDK.06001_06001.nc,True,True,NOT_HASHED
H:\葵花202303_202510\202407\30\NC_H09_20240730_0110_R21_FLDK.06001_06001.nc,True,True,NOT_HASHED
H:\葵花202303_202510\202407\30\NC_H09_20240730_0120_R21_FLDK.06001_06001.nc,True,True,NOT_HASHED
H:\葵花202303_202510\202407\30\NC_H09_20240730_0130_R21_FLDK.06001_06001.nc,True,True,NOT_HASHED
H:\葵花202303_202510\202407\30\NC_H09_20240730_0140_R21_FLDK.06001_06001.nc,True,True,NOT_HASHED
H:\葵花202303_202510\202407\30\NC_H09_20240730_0150_R21_FLDK.06001_06001.nc,True,True,NOT_HASHED
H:\葵花202303_202510\202407\30\NC_H09_20240730_0200_R21_FLDK.06001_06001.nc,True,True,NOT_HASHED
H:\葵花202303_202510\202407\30\NC_H09_20240730_0210_R21_FLDK.06001_06001.nc,True,True,NOT_HASHED
H:\葵花202303_202510\202407\30\NC_H09_20240730_0220_R21_FLDK.06001_06001.nc,True,True,NOT_HASHED
H:\葵花202303_202510\202407\30\NC_H09_20240730_0230_R21_FLDK.06001_06001.nc,True,True,NOT_HASHED
H:\葵花202303_202510\202407\30\NC_H09_20240730_0250_R21_FLDK.06001_06001.nc,True,True,NOT_HASHED
H:\葵花202303_202510\202407\30\NC_H09_20240730_0300_R21_FLDK.06001_06001.nc,True,True,NOT_HASHED
H:\葵花202303_202510\202407\30\NC_H09_20240730_0310_R21_FLDK.06001_06001.nc,True,True,NOT_HASHED
H:\葵花202303_202510\202407\30\NC_H09_20240730_0320_R21_FLDK.06001_06001.nc,True,True,NOT_HASHED
H:\葵花202303_202510\202407\30\NC_H09_20240730_0330_R21_FLDK.06001_06001.nc,True,True,NOT_HASHED
H:\葵花202303_202510\202407\30\NC_H09_20240730_0340_R21_FLDK.06001_06001.nc,True,True,NOT_HASHED
H:\葵花202303_202510\202407\30\NC_H09_20240730_0350_R21_FLDK.06001_06001.nc,True,True,NOT_HASHED
H:\葵花202303_202510\202407\30\NC_H09_20240730_0400_R21_FLDK.06001_06001.nc,True,True,NOT_HASHED
H:\葵花202303_202510\202407\30\NC_H09_20240730_0410_R21_FLDK.06001_06001.nc,True,True,NOT_HASHED
H:\葵花202303_202510\202407\30\NC_H09_20240730_0420_R21_FLDK.06001_06001.nc,True,True,NOT_HASHED
H:\葵花202303_202510\202407\30\NC_H09_20240730_0430_R21_FLDK.06001_06001.nc,True,True,NOT_HASHED
H:\葵花202303_202510\202407\30\NC_H09_20240730_0440_R21_FLDK.06001_06001.nc,True,True,NOT_HASHED
H:\葵花202303_202510\202407\30\NC_H09_20240730_0450_R21_FLDK.06001_06001.nc,True,True,NOT_HASHED
H:\葵花202303_202510\202407\30\NC_H09_20240730_0500_R21_FLDK.06001_06001.nc,True,True,NOT_HASHED
H:\葵花202303_202510\202407\30\NC_H09_20240730_0510_R21_FLDK.06001_06001.nc,True,True,NOT_HASHED
H:\葵花202303_202510\202407\30\NC_H09_20240730_0520_R21_FLDK.06001_06001.nc,True,True,NOT_HASHED
H:\葵花202303_202510\202407\30\NC_H09_20240730_0530_R21_FLDK.06001_06001.nc,True,True,NOT_HASHED
H:\葵花202303_202510\202407\30\NC_H09_20240730_0540_R21_FLDK.06001_06001.nc,True,True,NOT_HASHED
H:\葵花202303_202510\202407\30\NC_H09_20240730_0550_R21_FLDK.06001_06001.nc,True,True,NOT_HASHED
H:\葵花202303_202510\202407\30\NC_H09_20240730_0600_R21_FLDK.06001_06001.nc,True,True,NOT_HASHED
H:\葵花202303_202510\202407\30\NC_H09_20240730_0610_R21_FLDK.06001_06001.nc,True,True,NOT_HASHED
H:\葵花202303_202510\202407\30\NC_H09_20240730_0620_R21_FLDK.06001_06001.nc,True,True,NOT_HASHED
H:\葵花202303_202510\202407\30\NC_H09_20240730_0630_R21_FLDK.06001_06001.nc,True,True,NOT_HASHED
H:\葵花202303_202510\202407\30\NC_H09_20240730_0640_R21_FLDK.06001_06001.nc,True,True,NOT_HASHED
H:\葵花202303_202510\202407\30\NC_H09_20240730_0650_R21_FLDK.06001_06001.nc,True,True,NOT_HASHED
H:\葵花202303_202510\202407\30\NC_H09_20240730_0700_R21_FLDK.06001_06001.nc,True,True,NOT_HASHED
H:\葵花202303_202510\202407\30\NC_H09_20240730_0710_R21_FLDK.06001_06001.nc,True,True,NOT_HASHED
H:\葵花202303_202510\202407\30\NC_H09_20240730_0720_R21_FLDK.06001_06001.nc,True,True,NOT_HASHED
H:\葵花202303_202510\202407\30\NC_H09_20240730_0730_R21_FLDK.06001_06001.nc,True,True,NOT_HASHED
H:\葵花202303_202510\202407\30\NC_H09_20240730_0740_R21_FLDK.06001_06001.nc,True,True,NOT_HASHED
H:\葵花202303_202510\202407\30\NC_H09_20240730_0750_R21_FLDK.06001_06001.nc,True,True,NOT_HASHED
H:\葵花202303_202510\202407\30\NC_H09_20240730_0800_R21_FLDK.06001_06001.nc,True,True,NOT_HASHED
H:\葵花202303_202510\202407\30\NC_H09_20240730_0810_R21_FLDK.06001_06001.nc,True,True,NOT_HASHED
H:\葵花202303_202510\202407\30\NC_H09_20240730_0820_R21_FLDK.06001_06001.nc,True,True,NOT_HASHED
H:\葵花202303_202510\202407\30\NC_H09_20240730_0830_R21_FLDK.06001_06001.nc,True,True,NOT_HASHED
H:\葵花202303_202510\202407\30\NC_H09_20240730_0840_R21_FLDK.06001_06001.nc,True,True,NOT_HASHED
H:\葵花202303_202510\202407\30\NC_H09_20240730_0850_R21_FLDK.06001_06001.nc,True,True,NOT_HASHED
H:\葵花202303_202510\202407\30\NC_H09_20240730_0900_R21_FLDK.06001_06001.nc,True,True,NOT_HASHED
H:\葵花202303_202510\202407\30\NC_H09_20240730_0910_R21_FLDK.06001_06001.nc,True,True,NOT_HASHED
H:\葵花202303_202510\202407\30\NC_H09_20240730_0920_R21_FLDK.06001_06001.nc,True,True,NOT_HASHED
H:\葵花202303_202510\202407\30\NC_H09_20240730_0930_R21_FLDK.06001_06001.nc,True,True,NOT_HASHED
H:\葵花202303_202510\202407\30\NC_H09_20240730_0940_R21_FLDK.06001_06001.nc,True,True,NOT_HASHED
H:\葵花202303_202510\202407\30\NC_H09_20240730_0950_R21_FLDK.06001_06001.nc,True,True,NOT_HASHED
H:\葵花202303_202510\202407\30\NC_H09_20240730_1000_R21_FLDK.06001_06001.nc,True,True,NOT_HASHED
H:\葵花202303_202510\202407\30\NC_H09_20240730_1010_R21_FLDK.06001_06001.nc,True,True,NOT_HASHED
H:\葵花202303_202510\202407\30\NC_H09_20240730_1020_R21_FLDK.06001_06001.nc,True,True,NOT_HASHED
H:\葵花202303_202510\202407\30\NC_H09_20240730_1030_R21_FLDK.06001_06001.nc,True,True,NOT_HASHED
H:\葵花202303_202510\202407\30\NC_H09_20240730_1040_R21_FLDK.06001_06001.nc,True,True,NOT_HASHED
H:\葵花202303_202510\202407\30\NC_H09_20240730_1050_R21_FLDK.06001_06001.nc,True,True,NOT_HASHED
H:\葵花202303_202510\202407\30\NC_H09_20240730_1100_R21_FLDK.06001_06001.nc,True,True,NOT_HASHED
H:\葵花202303_202510\202407\30\NC_H09_20240730_1110_R21_FLDK.06001_06001.nc,True,True,NOT_HASHED
H:\葵花202303_202510\202407\30\NC_H09_20240730_1120_R21_FLDK.06001_06001.nc,True,True,NOT_HASHED
H:\葵花202303_202510\202407\30\NC_H09_20240730_1130_R21_FLDK.06001_06001.nc,True,True,NOT_HASHED
H:\葵花202303_202510\202407\30\NC_H09_20240730_1140_R21_FLDK.06001_06001.nc,True,True,NOT_HASHED
H:\葵花202303_202510\202407\30\NC_H09_20240730_1150_R21_FLDK.06001_06001.nc,True,True,NOT_HASHED
H:\葵花202303_202510\202407\30\NC_H09_20240730_1200_R21_FLDK.06001_06001.nc,True,True,NOT_HASHED
H:\葵花202303_202510\202407\30\NC_H09_20240730_1210_R21_FLDK.06001_06001.nc,True,True,NOT_HASHED
H:\葵花202303_202510\202407\30\NC_H09_20240730_1220_R21_FLDK.06001_06001.nc,True,True,NOT_HASHED
H:\葵花202303_202510\202407\30\NC_H09_20240730_1230_R21_FLDK.06001_06001.nc,True,True,NOT_HASHED
H:\葵花202303_202510\202407\30\NC_H09_20240730_1240_R21_FLDK.06001_06001.nc,True,True,NOT_HASHED
H:\葵花202303_202510\202407\30\NC_H09_20240730_1250_R21_FLDK.06001_06001.nc,True,True,NOT_HASHED
H:\葵花202303_202510\202407\30\NC_H09_20240730_1300_R21_FLDK.06001_06001.nc,True,True,NOT_HASHED
H:\葵花202303_202510\202407\30\NC_H09_20240730_1310_R21_FLDK.06001_06001.nc,True,True,NOT_HASHED
H:\葵花202303_202510\202407\30\NC_H09_20240730_1320_R21_FLDK.06001_06001.nc,True,True,NOT_HASHED
H:\葵花202303_202510\202407\30\NC_H09_20240730_1330_R21_FLDK.06001_06001.nc,True,True,NOT_HASHED
H:\葵花202303_202510\202407\30\NC_H09_20240730_1340_R21_FLDK.06001_06001.nc,True,True,NOT_HASHED
H:\葵花202303_202510\202407\30\NC_H09_20240730_1350_R21_FLDK.06001_06001.nc,True,True,NOT_HASHED
H:\葵花202303_202510\202407\30\NC_H09_20240730_1400_R21_FLDK.06001_06001.nc,True,True,NOT_HASHED
H:\葵花202303_202510\202407\30\NC_H09_20240730_1410_R21_FLDK.06001_06001.nc,True,True,NOT_HASHED
H:\葵花202303_202510\202407\30\NC_H09_20240730_1420_R21_FLDK.06001_06001.nc,True,True,NOT_HASHED
H:\葵花202303_202510\202407\30\NC_H09_20240730_1430_R21_FLDK.06001_06001.nc,True,True,NOT_HASHED
H:\葵花202303_202510\202407\30\NC_H09_20240730_1450_R21_FLDK.06001_06001.nc,True,True,NOT_HASHED
H:\葵花202303_202510\202407\30\NC_H09_20240730_1500_R21_FLDK.06001_06001.nc,True,True,NOT_HASHED
H:\葵花202303_202510\202407\30\NC_H09_20240730_1510_R21_FLDK.06001_06001.nc,True,True,NOT_HASHED
H:\葵花202303_202510\202407\30\NC_H09_20240730_1520_R21_FLDK.06001_06001.nc,True,True,NOT_HASHED
H:\葵花202303_202510\202407\30\NC_H09_20240730_1530_R21_FLDK.06001_06001.nc,True,True,NOT_HASHED
H:\葵花202303_202510\202407\30\NC_H09_20240730_1540_R21_FLDK.06001_06001.nc,True,True,NOT_HASHED
H:\葵花202303_202510\202407\30\NC_H09_20240730_1550_R21_FLDK.06001_06001.nc,True,True,NOT_HASHED
H:\葵花202303_202510\202407\30\NC_H09_20240730_1600_R21_FLDK.06001_06001.nc,True,True,NOT_HASHED
H:\葵花202303_202510\202407\30\NC_H09_20240730_1610_R21_FLDK.06001_06001.nc,True,True,NOT_HASHED
H:\葵花202303_202510\202407\30\NC_H09_20240730_1620_R21_FLDK.06001_06001.nc,True,True,NOT_HASHED
H:\葵花202303_202510\202407\30\NC_H09_20240730_1630_R21_FLDK.06001_06001.nc,True,True,NOT_HASHED
H:\葵花202303_202510\202407\30\NC_H09_20240730_1640_R21_FLDK.06001_06001.nc,True,True,NOT_HASHED
H:\葵花202303_202510\202407\30\NC_H09_20240730_1650_R21_FLDK.06001_06001.nc,True,True,NOT_HASHED
H:\葵花202303_202510\202407\30\NC_H09_20240730_1700_R21_FLDK.06001_06001.nc,True,True,NOT_HASHED
H:\葵花202303_202510\202407\30\NC_H09_20240730_1710_R21_FLDK.06001_06001.nc,True,True,NOT_HASHED
H:\葵花202303_202510\202407\30\NC_H09_20240730_1720_R21_FLDK.06001_06001.nc,True,True,NOT_HASHED
H:\葵花202303_202510\202407\30\NC_H09_20240730_1730_R21_FLDK.06001_06001.nc,True,True,NOT_HASHED
H:\葵花202303_202510\202407\30\NC_H09_20240730_1740_R21_FLDK.06001_06001.nc,True,True,NOT_HASHED
H:\葵花202303_202510\202407\30\NC_H09_20240730_1750_R21_FLDK.06001_06001.nc,True,True,NOT_HASHED
H:\葵花202303_202510\202407\30\NC_H09_20240730_1800_R21_FLDK.06001_06001.nc,True,True,NOT_HASHED
H:\葵花202303_202510\202407\30\NC_H09_20240730_1810_R21_FLDK.06001_06001.nc,True,True,NOT_HASHED
H:\葵花202303_202510\202407\30\NC_H09_20240730_1820_R21_FLDK.06001_06001.nc,True,True,NOT_HASHED
H:\葵花202303_202510\202407\30\NC_H09_20240730_1830_R21_FLDK.06001_06001.nc,True,True,NOT_HASHED
H:\葵花202303_202510\202407\30\NC_H09_20240730_1840_R21_FLDK.06001_06001.nc,True,True,NOT_HASHED
H:\葵花202303_202510\202407\30\NC_H09_20240730_1850_R21_FLDK.06001_06001.nc,True,True,NOT_HASHED
H:\葵花202303_202510\202407\30\NC_H09_20240730_1900_R21_FLDK.06001_06001.nc,True,True,NOT_HASHED
H:\葵花202303_202510\202407\30\NC_H09_20240730_1910_R21_FLDK.06001_06001.nc,True,True,NOT_HASHED
H:\葵花202303_202510\202407\30\NC_H09_20240730_1920_R21_FLDK.06001_06001.nc,True,True,NOT_HASHED
H:\葵花202303_202510\202407\30\NC_H09_20240730_1930_R21_FLDK.06001_06001.nc,True,True,NOT_HASHED
H:\葵花202303_202510\202407\30\NC_H09_20240730_1940_R21_FLDK.06001_06001.nc,True,True,NOT_HASHED
H:\葵花202303_202510\202407\30\NC_H09_20240730_1950_R21_FLDK.06001_06001.nc,True,True,NOT_HASHED
H:\葵花202303_202510\202407\30\NC_H09_20240730_2000_R21_FLDK.06001_06001.nc,True,True,NOT_HASHED
H:\葵花202303_202510\202407\30\NC_H09_20240730_2010_R21_FLDK.06001_06001.nc,True,True,NOT_HASHED
H:\葵花202303_202510\202407\30\NC_H09_20240730_2020_R21_FLDK.06001_06001.nc,True,True,NOT_HASHED
H:\葵花202303_202510\202407\30\NC_H09_20240730_2030_R21_FLDK.06001_06001.nc,True,True,NOT_HASHED
H:\葵花202303_202510\202407\30\NC_H09_20240730_2040_R21_FLDK.06001_06001.nc,True,True,NOT_HASHED
H:\葵花202303_202510\202407\30\NC_H09_20240730_2050_R21_FLDK.06001_06001.nc,True,True,NOT_HASHED
H:\葵花202303_202510\202407\30\NC_H09_20240730_2100_R21_FLDK.06001_06001.nc,True,True,NOT_HASHED
H:\葵花202303_202510\202407\30\NC_H09_20240730_2110_R21_FLDK.06001_06001.nc,True,True,NOT_HASHED
H:\葵花202303_202510\202407\30\NC_H09_20240730_2120_R21_FLDK.06001_06001.nc,True,True,NOT_HASHED
H:\葵花202303_202510\202407\30\NC_H09_20240730_2130_R21_FLDK.06001_06001.nc,True,True,NOT_HASHED
H:\葵花202303_202510\202407\30\NC_H09_20240730_2140_R21_FLDK.06001_06001.nc,True,True,NOT_HASHED
H:\葵花202303_202510\202407\30\NC_H09_20240730_2150_R21_FLDK.06001_06001.nc,True,True,NOT_HASHED
H:\葵花202303_202510\202407\30\NC_H09_20240730_2200_R21_FLDK.06001_06001.nc,True,True,NOT_HASHED
H:\葵花202303_202510\202407\30\NC_H09_20240730_2210_R21_FLDK.06001_06001.nc,True,True,NOT_HASHED
H:\葵花202303_202510\202407\30\NC_H09_20240730_2220_R21_FLDK.06001_06001.nc,True,True,NOT_HASHED
H:\葵花202303_202510\202407\30\NC_H09_20240730_2230_R21_FLDK.06001_06001.nc,True,True,NOT_HASHED
H:\葵花202303_202510\202407\30\NC_H09_20240730_2240_R21_FLDK.06001_06001.nc,True,True,NOT_HASHED
H:\葵花202303_202510\202407\30\NC_H09_20240730_2250_R21_FLDK.06001_06001.nc,True,True,NOT_HASHED
H:\葵花202303_202510\202407\30\NC_H09_20240730_2300_R21_FLDK.06001_06001.nc,True,True,NOT_HASHED
H:\葵花202303_202510\202407\30\NC_H09_20240730_2310_R21_FLDK.06001_06001.nc,True,True,NOT_HASHED
H:\葵花202303_202510\202407\30\NC_H09_20240730_2320_R21_FLDK.06001_06001.nc,True,True,NOT_HASHED
H:\葵花202303_202510\202407\30\NC_H09_20240730_2330_R21_FLDK.06001_06001.nc,True,True,NOT_HASHED
H:\葵花202303_202510\202407\30\NC_H09_20240730_2340_R21_FLDK.06001_06001.nc,True,True,NOT_HASHED
H:\葵花202303_202510\202407\30\NC_H09_20240730_2350_R21_FLDK.06001_06001.nc,True,True,NOT_HASHED
H:\葵花202303_202510\202407\31\NC_H09_20240731_0000_R21_FLDK.06001_06001.nc,True,True,NOT_HASHED
H:\葵花202303_202510\202407\31\NC_H09_20240731_0010_R21_FLDK.06001_06001.nc,True,True,NOT_HASHED
H:\葵花202303_202510\202407\31\NC_H09_20240731_0020_R21_FLDK.06001_06001.nc,True,True,NOT_HASHED
H:\葵花202303_202510\202407\31\NC_H09_20240731_0030_R21_FLDK.06001_06001.nc,True,True,NOT_HASHED
H:\葵花202303_202510\202407\31\NC_H09_20240731_0040_R21_FLDK.06001_06001.nc,True,True,NOT_HASHED
H:\葵花202303_202510\202407\31\NC_H09_20240731_0050_R21_FLDK.06001_06001.nc,True,True,NOT_HASHED
H:\葵花202303_202510\202407\31\NC_H09_20240731_0100_R21_FLDK.06001_06001.nc,True,True,NOT_HASHED
H:\葵花202303_202510\202407\31\NC_H09_20240731_0110_R21_FLDK.06001_06001.nc,True,True,NOT_HASHED
H:\葵花202303_202510\202407\31\NC_H09_20240731_0120_R21_FLDK.06001_06001.nc,True,True,NOT_HASHED
H:\葵花202303_202510\202407\31\NC_H09_20240731_0130_R21_FLDK.06001_06001.nc,True,True,NOT_HASHED
H:\葵花202303_202510\202407\31\NC_H09_20240731_0140_R21_FLDK.06001_06001.nc,True,True,NOT_HASHED
H:\葵花202303_202510\202407\31\NC_H09_20240731_0150_R21_FLDK.06001_06001.nc,True,True,NOT_HASHED
H:\葵花202303_202510\202407\31\NC_H09_20240731_0200_R21_FLDK.06001_06001.nc,True,True,NOT_HASHED
H:\葵花202303_202510\202407\31\NC_H09_20240731_0210_R21_FLDK.06001_06001.nc,True,True,NOT_HASHED
H:\葵花202303_202510\202407\31\NC_H09_20240731_0220_R21_FLDK.06001_06001.nc,True,True,NOT_HASHED
H:\葵花202303_202510\202407\31\NC_H09_20240731_0230_R21_FLDK.06001_06001.nc,True,True,NOT_HASHED
H:\葵花202303_202510\202407\31\NC_H09_20240731_0250_R21_FLDK.06001_06001.nc,True,True,NOT_HASHED
H:\葵花202303_202510\202407\31\NC_H09_20240731_0300_R21_FLDK.06001_06001.nc,True,True,NOT_HASHED
H:\葵花202303_202510\202407\31\NC_H09_20240731_0310_R21_FLDK.06001_06001.nc,True,True,NOT_HASHED
H:\葵花202303_202510\202407\31\NC_H09_20240731_0320_R21_FLDK.06001_06001.nc,True,True,NOT_HASHED
H:\葵花202303_202510\202407\31\NC_H09_20240731_0330_R21_FLDK.06001_06001.nc,True,True,NOT_HASHED
H:\葵花202303_202510\202407\31\NC_H09_20240731_0340_R21_FLDK.06001_06001.nc,True,True,NOT_HASHED
H:\葵花202303_202510\202407\31\NC_H09_20240731_0350_R21_FLDK.06001_06001.nc,True,True,NOT_HASHED
H:\葵花202303_202510\202407\31\NC_H09_20240731_0400_R21_FLDK.06001_06001.nc,True,True,NOT_HASHED
H:\葵花202303_202510\202407\31\NC_H09_20240731_0410_R21_FLDK.06001_06001.nc,True,True,NOT_HASHED
H:\葵花202303_202510\202407\31\NC_H09_20240731_0420_R21_FLDK.06001_06001.nc,True,True,NOT_HASHED
H:\葵花202303_202510\202407\31\NC_H09_20240731_0430_R21_FLDK.06001_06001.nc,True,True,NOT_HASHED
H:\葵花202303_202510\202407\31\NC_H09_20240731_0440_R21_FLDK.06001_06001.nc,True,True,NOT_HASHED
H:\葵花202303_202510\202407\31\NC_H09_20240731_0450_R21_FLDK.06001_06001.nc,True,True,NOT_HASHED
H:\葵花202303_202510\202407\31\NC_H09_20240731_0500_R21_FLDK.06001_06001.nc,True,True,NOT_HASHED
H:\葵花202303_202510\202407\31\NC_H09_20240731_0510_R21_FLDK.06001_06001.nc,True,True,NOT_HASHED
H:\葵花202303_202510\202407\31\NC_H09_20240731_0520_R21_FLDK.06001_06001.nc,True,True,NOT_HASHED
H:\葵花202303_202510\202407\31\NC_H09_20240731_0530_R21_FLDK.06001_06001.nc,True,True,NOT_HASHED
H:\葵花202303_202510\202407\31\NC_H09_20240731_0540_R21_FLDK.06001_06001.nc,True,True,NOT_HASHED
H:\葵花202303_202510\202407\31\NC_H09_20240731_0550_R21_FLDK.06001_06001.nc,True,True,NOT_HASHED
H:\葵花202303_202510\202407\31\NC_H09_20240731_0600_R21_FLDK.06001_06001.nc,True,True,NOT_HASHED
H:\葵花202303_202510\202407\31\NC_H09_20240731_0610_R21_FLDK.06001_06001.nc,True,True,NOT_HASHED
H:\葵花202303_202510\202407\31\NC_H09_20240731_0620_R21_FLDK.06001_06001.nc,True,True,NOT_HASHED
H:\葵花202303_202510\202407\31\NC_H09_20240731_0630_R21_FLDK.06001_06001.nc,True,True,NOT_HASHED
H:\葵花202303_202510\202407\31\NC_H09_20240731_0640_R21_FLDK.06001_06001.nc,True,True,NOT_HASHED
H:\葵花202303_202510\202407\31\NC_H09_20240731_0650_R21_FLDK.06001_06001.nc,True,True,NOT_HASHED
H:\葵花202303_202510\202407\31\NC_H09_20240731_0700_R21_FLDK.06001_06001.nc,True,True,NOT_HASHED
H:\葵花202303_202510\202407\31\NC_H09_20240731_0710_R21_FLDK.06001_06001.nc,True,True,NOT_HASHED
H:\葵花202303_202510\202407\31\NC_H09_20240731_0720_R21_FLDK.06001_06001.nc,True,True,NOT_HASHED
H:\葵花202303_202510\202407\31\NC_H09_20240731_0730_R21_FLDK.06001_06001.nc,True,True,NOT_HASHED
H:\葵花202303_202510\202407\31\NC_H09_20240731_0740_R21_FLDK.06001_06001.nc,True,True,NOT_HASHED
H:\葵花202303_202510\202407\31\NC_H09_20240731_0750_R21_FLDK.06001_06001.nc,True,True,NOT_HASHED
H:\葵花202303_202510\202407\31\NC_H09_20240731_0800_R21_FLDK.06001_06001.nc,True,True,NOT_HASHED
H:\葵花202303_202510\202407\31\NC_H09_20240731_0810_R21_FLDK.06001_06001.nc,True,True,NOT_HASHED
H:\葵花202303_202510\202407\31\NC_H09_20240731_0820_R21_FLDK.06001_06001.nc,True,True,NOT_HASHED
H:\葵花202303_202510\202407\31\NC_H09_20240731_0830_R21_FLDK.06001_06001.nc,True,True,NOT_HASHED
H:\葵花202303_202510\202407\31\NC_H09_20240731_0840_R21_FLDK.06001_06001.nc,True,True,NOT_HASHED
H:\葵花202303_202510\202407\31\NC_H09_20240731_0850_R21_FLDK.06001_06001.nc,True,True,NOT_HASHED
H:\葵花202303_202510\202407\31\NC_H09_20240731_0900_R21_FLDK.06001_06001.nc,True,True,NOT_HASHED
H:\葵花202303_202510\202407\31\NC_H09_20240731_0910_R21_FLDK.06001_06001.nc,True,True,NOT_HASHED
H:\葵花202303_202510\202407\31\NC_H09_20240731_0920_R21_FLDK.06001_06001.nc,True,True,NOT_HASHED
H:\葵花202303_202510\202407\31\NC_H09_20240731_0930_R21_FLDK.06001_06001.nc,True,True,NOT_HASHED
H:\葵花202303_202510\202407\31\NC_H09_20240731_0940_R21_FLDK.06001_06001.nc,True,True,NOT_HASHED
H:\葵花202303_202510\202407\31\NC_H09_20240731_0950_R21_FLDK.06001_06001.nc,True,True,NOT_HASHED
H:\葵花202303_202510\202407\31\NC_H09_20240731_1000_R21_FLDK.06001_06001.nc,True,True,NOT_HASHED
H:\葵花202303_202510\202407\31\NC_H09_20240731_1010_R21_FLDK.06001_06001.nc,True,True,NOT_HASHED
H:\葵花202303_202510\202407\31\NC_H09_20240731_1020_R21_FLDK.06001_06001.nc,True,True,NOT_HASHED
H:\葵花202303_202510\202407\31\NC_H09_20240731_1030_R21_FLDK.06001_06001.nc,True,True,NOT_HASHED
H:\葵花202303_202510\202407\31\NC_H09_20240731_1040_R21_FLDK.06001_06001.nc,True,True,NOT_HASHED
H:\葵花202303_202510\202407\31\NC_H09_20240731_1050_R21_FLDK.06001_06001.nc,True,True,NOT_HASHED
H:\葵花202303_202510\202407\31\NC_H09_20240731_1100_R21_FLDK.06001_06001.nc,True,True,NOT_HASHED
H:\葵花202303_202510\202407\31\NC_H09_20240731_1110_R21_FLDK.06001_06001.nc,True,True,NOT_HASHED
H:\葵花202303_202510\202407\31\NC_H09_20240731_1120_R21_FLDK.06001_06001.nc,True,True,NOT_HASHED
H:\葵花202303_202510\202407\31\NC_H09_20240731_1130_R21_FLDK.06001_06001.nc,True,True,NOT_HASHED
H:\葵花202303_202510\202407\31\NC_H09_20240731_1140_R21_FLDK.06001_06001.nc,True,True,NOT_HASHED
H:\葵花202303_202510\202407\31\NC_H09_20240731_1150_R21_FLDK.06001_06001.nc,True,True,NOT_HASHED
H:\葵花202303_202510\202407\31\NC_H09_20240731_1200_R21_FLDK.06001_06001.nc,True,True,NOT_HASHED
H:\葵花202303_202510\202407\31\NC_H09_20240731_1210_R21_FLDK.06001_06001.nc,True,True,NOT_HASHED
H:\葵花202303_202510\202407\31\NC_H09_20240731_1220_R21_FLDK.06001_06001.nc,True,True,NOT_HASHED
H:\葵花202303_202510\202407\31\NC_H09_20240731_1230_R21_FLDK.06001_06001.nc,True,True,NOT_HASHED
H:\葵花202303_202510\202407\31\NC_H09_20240731_1240_R21_FLDK.06001_06001.nc,True,True,NOT_HASHED
H:\葵花202303_202510\202407\31\NC_H09_20240731_1250_R21_FLDK.06001_06001.nc,True,True,NOT_HASHED
H:\葵花202303_202510\202407\31\NC_H09_20240731_1300_R21_FLDK.06001_06001.nc,True,True,NOT_HASHED
H:\葵花202303_202510\202407\31\NC_H09_20240731_1310_R21_FLDK.06001_06001.nc,True,True,NOT_HASHED
H:\葵花202303_202510\202407\31\NC_H09_20240731_1320_R21_FLDK.06001_06001.nc,True,True,NOT_HASHED
H:\葵花202303_202510\202407\31\NC_H09_20240731_1330_R21_FLDK.06001_06001.nc,True,True,NOT_HASHED
H:\葵花202303_202510\202407\31\NC_H09_20240731_1340_R21_FLDK.06001_06001.nc,True,True,NOT_HASHED
H:\葵花202303_202510\202407\31\NC_H09_20240731_1350_R21_FLDK.06001_06001.nc,True,True,NOT_HASHED
H:\葵花202303_202510\202407\31\NC_H09_20240731_1400_R21_FLDK.06001_06001.nc,True,True,NOT_HASHED
H:\葵花202303_202510\202407\31\NC_H09_20240731_1410_R21_FLDK.06001_06001.nc,True,True,NOT_HASHED
H:\葵花202303_202510\202407\31\NC_H09_20240731_1420_R21_FLDK.06001_06001.nc,True,True,NOT_HASHED
H:\葵花202303_202510\202407\31\NC_H09_20240731_1430_R21_FLDK.06001_06001.nc,True,True,NOT_HASHED
H:\葵花202303_202510\202407\31\NC_H09_20240731_1450_R21_FLDK.06001_06001.nc,True,True,NOT_HASHED
H:\葵花202303_202510\202407\31\NC_H09_20240731_1500_R21_FLDK.06001_06001.nc,True,True,NOT_HASHED
H:\葵花202303_202510\202407\31\NC_H09_20240731_1510_R21_FLDK.06001_06001.nc,True,True,NOT_HASHED
H:\葵花202303_202510\202407\31\NC_H09_20240731_1520_R21_FLDK.06001_06001.nc,True,True,NOT_HASHED
H:\葵花202303_202510\202407\31\NC_H09_20240731_1530_R21_FLDK.06001_06001.nc,True,True,NOT_HASHED
H:\葵花202303_202510\202407\31\NC_H09_20240731_1540_R21_FLDK.06001_06001.nc,True,True,NOT_HASHED
H:\葵花202303_202510\202407\31\NC_H09_20240731_1550_R21_FLDK.06001_06001.nc,True,True,NOT_HASHED
H:\葵花202303_202510\202407\31\NC_H09_20240731_1600_R21_FLDK.06001_06001.nc,True,True,NOT_HASHED
H:\葵花202303_202510\202407\31\NC_H09_20240731_1610_R21_FLDK.06001_06001.nc,True,True,NOT_HASHED
H:\葵花202303_202510\202407\31\NC_H09_20240731_1620_R21_FLDK.06001_06001.nc,True,True,NOT_HASHED
H:\葵花202303_202510\202407\31\NC_H09_20240731_1630_R21_FLDK.06001_06001.nc,True,True,NOT_HASHED
H:\葵花202303_202510\202407\31\NC_H09_20240731_1640_R21_FLDK.06001_06001.nc,True,True,NOT_HASHED
H:\葵花202303_202510\202407\31\NC_H09_20240731_1650_R21_FLDK.06001_06001.nc,True,True,NOT_HASHED
H:\葵花202303_202510\202407\31\NC_H09_20240731_1700_R21_FLDK.06001_06001.nc,True,True,NOT_HASHED
H:\葵花202303_202510\202407\31\NC_H09_20240731_1710_R21_FLDK.06001_06001.nc,True,True,NOT_HASHED
H:\葵花202303_202510\202407\31\NC_H09_20240731_1720_R21_FLDK.06001_06001.nc,True,True,NOT_HASHED
H:\葵花202303_202510\202407\31\NC_H09_20240731_1730_R21_FLDK.06001_06001.nc,True,True,NOT_HASHED
H:\葵花202303_202510\202407\31\NC_H09_20240731_1740_R21_FLDK.06001_06001.nc,True,True,NOT_HASHED
H:\葵花202303_202510\202407\31\NC_H09_20240731_1750_R21_FLDK.06001_06001.nc,True,True,NOT_HASHED
H:\葵花202303_202510\202407\31\NC_H09_20240731_1800_R21_FLDK.06001_06001.nc,True,True,NOT_HASHED
H:\葵花202303_202510\202407\31\NC_H09_20240731_1810_R21_FLDK.06001_06001.nc,True,True,NOT_HASHED
H:\葵花202303_202510\202407\31\NC_H09_20240731_1820_R21_FLDK.06001_06001.nc,True,True,NOT_HASHED
H:\葵花202303_202510\202407\31\NC_H09_20240731_1830_R21_FLDK.06001_06001.nc,True,True,NOT_HASHED
H:\葵花202303_202510\202407\31\NC_H09_20240731_1840_R21_FLDK.06001_06001.nc,True,True,NOT_HASHED
H:\葵花202303_202510\202407\31\NC_H09_20240731_1850_R21_FLDK.06001_06001.nc,True,True,NOT_HASHED
H:\葵花202303_202510\202407\31\NC_H09_20240731_1900_R21_FLDK.06001_06001.nc,True,True,NOT_HASHED
H:\葵花202303_202510\202407\31\NC_H09_20240731_1910_R21_FLDK.06001_06001.nc,True,True,NOT_HASHED
H:\葵花202303_202510\202407\31\NC_H09_20240731_1920_R21_FLDK.06001_06001.nc,True,True,NOT_HASHED
H:\葵花202303_202510\202407\31\NC_H09_20240731_1930_R21_FLDK.06001_06001.nc,True,True,NOT_HASHED
H:\葵花202303_202510\202407\31\NC_H09_20240731_1940_R21_FLDK.06001_06001.nc,True,True,NOT_HASHED
H:\葵花202303_202510\202407\31\NC_H09_20240731_1950_R21_FLDK.06001_06001.nc,True,True,NOT_HASHED
H:\葵花202303_202510\202407\31\NC_H09_20240731_2000_R21_FLDK.06001_06001.nc,True,True,NOT_HASHED
H:\葵花202303_202510\202407\31\NC_H09_20240731_2010_R21_FLDK.06001_06001.nc,True,True,NOT_HASHED
H:\葵花202303_202510\202407\31\NC_H09_20240731_2020_R21_FLDK.06001_06001.nc,True,True,NOT_HASHED
H:\葵花202303_202510\202407\31\NC_H09_20240731_2030_R21_FLDK.06001_06001.nc,True,True,NOT_HASHED
H:\葵花202303_202510\202407\31\NC_H09_20240731_2040_R21_FLDK.06001_06001.nc,True,True,NOT_HASHED
H:\葵花202303_202510\202407\31\NC_H09_20240731_2050_R21_FLDK.06001_06001.nc,True,True,NOT_HASHED
H:\葵花202303_202510\202407\31\NC_H09_20240731_2100_R21_FLDK.06001_06001.nc,True,True,NOT_HASHED
H:\葵花202303_202510\202407\31\NC_H09_20240731_2110_R21_FLDK.06001_06001.nc,True,True,NOT_HASHED
H:\葵花202303_202510\202407\31\NC_H09_20240731_2120_R21_FLDK.06001_06001.nc,True,True,NOT_HASHED
H:\葵花202303_202510\202407\31\NC_H09_20240731_2130_R21_FLDK.06001_06001.nc,True,True,NOT_HASHED
H:\葵花202303_202510\202407\31\NC_H09_20240731_2140_R21_FLDK.06001_06001.nc,True,True,NOT_HASHED
H:\葵花202303_202510\202407\31\NC_H09_20240731_2150_R21_FLDK.06001_06001.nc,True,True,NOT_HASHED
H:\葵花202303_202510\202407\31\NC_H09_20240731_2200_R21_FLDK.06001_06001.nc,True,True,NOT_HASHED
H:\葵花202303_202510\202407\31\NC_H09_20240731_2210_R21_FLDK.06001_06001.nc,True,True,NOT_HASHED
H:\葵花202303_202510\202407\31\NC_H09_20240731_2220_R21_FLDK.06001_06001.nc,True,True,NOT_HASHED
H:\葵花202303_202510\202407\31\NC_H09_20240731_2230_R21_FLDK.06001_06001.nc,True,True,NOT_HASHED
H:\葵花202303_202510\202407\31\NC_H09_20240731_2240_R21_FLDK.06001_06001.nc,True,True,NOT_HASHED
H:\葵花202303_202510\202407\31\NC_H09_20240731_2250_R21_FLDK.06001_06001.nc,True,True,NOT_HASHED
H:\葵花202303_202510\202407\31\NC_H09_20240731_2300_R21_FLDK.06001_06001.nc,True,True,NOT_HASHED
H:\葵花202303_202510\202407\31\NC_H09_20240731_2310_R21_FLDK.06001_06001.nc,True,True,NOT_HASHED
H:\葵花202303_202510\202407\31\NC_H09_20240731_2320_R21_FLDK.06001_06001.nc,True,True,NOT_HASHED
H:\葵花202303_202510\202407\31\NC_H09_20240731_2330_R21_FLDK.06001_06001.nc,True,True,NOT_HASHED
H:\葵花202303_202510\202407\31\NC_H09_20240731_2340_R21_FLDK.06001_06001.nc,True,True,NOT_HASHED
H:\葵花202303_202510\202407\31\NC_H09_20240731_2350_R21_FLDK.06001_06001.nc,True,True,True
