forward_ms,loss_ms,backward_ms,total_ms,checks_ms,samples_per_second,outputs_finite,loss_finite,gradients_finite,qlog_strict,parameter_dtype,raw_quantile_dtype,qlog_dtype,qphysical_dtype,conditional_pinball_dtype,valid_yunnan_pixels,loss,pass
62.73079999664333,1.036299996485468,100.67030000209343,164.43739999522222,9.976500004995614,12.162683185565514,True,True,True,True,torch.float32,torch.float32,torch.float64,torch.float64,torch.float64,6860,3.8663264256928627,True
62.39080000523245,1.0283999945386313,97.52819999994244,160.94739999971353,7.084700002451427,12.42642006024055,True,True,True,True,torch.float32,torch.float32,torch.float64,torch.float64,torch.float64,6860,3.8663264256928627,True
62.79770000401186,1.3475000014295802,100.40099999605445,164.5462000014959,10.104200002388097,12.154641067261462,True,True,True,True,torch.float32,torch.float32,torch.float64,torch.float64,torch.float64,6860,3.8663264256928627,True
62.50949999957811,1.066299999365583,97.44900000077905,161.02479999972275,8.79729999724077,12.420447036751131,True,True,True,True,torch.float32,torch.float32,torch.float64,torch.float64,torch.float64,6860,3.8663264256928627,True
62.7468000020599,1.0515999965718947,101.16449999623,164.9628999948618,9.848900001088623,12.12393817071775,True,True,True,True,torch.float32,torch.float32,torch.float64,torch.float64,torch.float64,6860,3.8663264256928627,True
63.2709000055911,1.2388999966788106,99.90639999887208,164.416200001142,9.01470000098925,12.164251454455878,True,True,True,True,torch.float32,torch.float32,torch.float64,torch.float64,torch.float64,6860,3.8663264256928627,True
62.73559999681311,1.068700003088452,98.61649999947986,162.42079999938142,6.687399996735621,12.31369381266203,True,True,True,True,torch.float32,torch.float32,torch.float64,torch.float64,torch.float64,6860,3.8663264256928627,True
63.5381000029156,1.9124999962514266,99.43180000118446,164.88240000035148,7.506100002501626,12.129857401370533,True,True,True,True,torch.float32,torch.float32,torch.float64,torch.float64,torch.float64,6860,3.8663264256928627,True
63.03449999541044,1.0484000013093464,99.15470000123605,163.23759999795584,6.023100002494175,12.252079177989907,True,True,True,True,torch.float32,torch.float32,torch.float64,torch.float64,torch.float64,6860,3.8663264256928627,True
63.01470000471454,1.9101999932900071,100.91140000440646,165.836300002411,9.684299999207724,12.060085759094498,True,True,True,True,torch.float32,torch.float32,torch.float64,torch.float64,torch.float64,6860,3.8663264256928627,True
63.39029999799095,1.975200000742916,99.13210000377148,164.49760000250535,6.310299999313429,12.158232095602242,True,True,True,True,torch.float32,torch.float32,torch.float64,torch.float64,torch.float64,6860,3.8663264256928627,True
62.51299999712501,1.0675000012270175,100.04610000032699,163.626599998679,6.393900002876762,12.222951525095224,True,True,True,True,torch.float32,torch.float32,torch.float64,torch.float64,torch.float64,6860,3.8663264256928627,True
62.30440000217641,1.0502000004635192,100.87249999924097,164.2271000018809,6.405000000086147,12.178258034009575,True,True,True,True,torch.float32,torch.float32,torch.float64,torch.float64,torch.float64,6860,3.8663264256928627,True
63.68559999827994,1.0831000035977922,98.56589999981225,163.33460000168998,6.170599997858517,12.24480299936025,True,True,True,True,torch.float32,torch.float32,torch.float64,torch.float64,torch.float64,6860,3.8663264256928627,True
62.49519999983022,1.0368000002927147,99.42020000016782,162.95220000029076,8.245499993790872,12.27353788409381,True,True,True,True,torch.float32,torch.float32,torch.float64,torch.float64,torch.float64,6860,3.8663264256928627,True
62.23110000428278,1.4278000016929582,99.05829999479465,162.7172000007704,9.932300003129058,12.291263615589077,True,True,True,True,torch.float32,torch.float32,torch.float64,torch.float64,torch.float64,6860,3.8663264256928627,True
62.59850000060396,1.040900002408307,100.73969999939436,164.37910000240663,10.46430000133114,12.166996899062706,True,True,True,True,torch.float32,torch.float32,torch.float64,torch.float64,torch.float64,6860,3.8663264256928627,True
62.88870000571478,1.046400000632275,97.45839999959571,161.39350000594277,11.409099999582395,12.39207279057928,True,True,True,True,torch.float32,torch.float32,torch.float64,torch.float64,torch.float64,6860,3.8663264256928627,True
61.220800002047326,1.0497000039322302,100.20709999662358,162.47760000260314,9.692500003438909,12.309389109440051,True,True,True,True,torch.float32,torch.float32,torch.float64,torch.float64,torch.float64,6860,3.8663264256928627,True
62.943600001744926,1.9080999991274439,98.78069999831496,163.63239999918733,7.351300002483185,12.22251827883679,True,True,True,True,torch.float32,torch.float32,torch.float64,torch.float64,torch.float64,6860,3.8663264256928627,True
62.06850000307895,1.0294999956386164,98.2780000049388,161.37600000365637,7.653499997104518,12.393416616812196,True,True,True,True,torch.float32,torch.float32,torch.float64,torch.float64,torch.float64,6860,3.8663264256928627,True
62.30890000006184,1.1513999997987412,99.34580000117421,162.8061000010348,6.233599997358397,12.2845519915242,True,True,True,True,torch.float32,torch.float32,torch.float64,torch.float64,torch.float64,6860,3.8663264256928627,True
62.714499996218365,1.9962000005762093,97.22460000193678,161.93529999873135,6.145899998955429,12.350611633261362,True,True,True,True,torch.float32,torch.float32,torch.float64,torch.float64,torch.float64,6860,3.8663264256928627,True
62.27140000555664,1.0165999992750585,98.38869999657618,161.67670000140788,6.016899998940062,12.37036629262339,True,True,True,True,torch.float32,torch.float32,torch.float64,torch.float64,torch.float64,6860,3.8663264256928627,True
63.13130000489764,1.6861999974935316,99.56619999866234,164.3837000010535,10.556900000665337,12.166656426319534,True,True,True,True,torch.float32,torch.float32,torch.float64,torch.float64,torch.float64,6860,3.8663264256928627,True
63.48689999867929,2.035600002272986,99.12479999911739,164.64730000006966,11.42460000119172,12.147177633639627,True,True,True,True,torch.float32,torch.float32,torch.float64,torch.float64,torch.float64,6860,3.8663264256928627,True
63.335899998492096,1.9492999999783933,99.07830000156537,164.36350000003586,7.805799999914598,12.168151688176291,True,True,True,True,torch.float32,torch.float32,torch.float64,torch.float64,torch.float64,6860,3.8663264256928627,True
62.38140000641579,1.5288999929907732,97.00930000690278,160.91960000630934,11.547999994945712,12.428566811759314,True,True,True,True,torch.float32,torch.float32,torch.float64,torch.float64,torch.float64,6860,3.8663264256928627,True
62.817999998515006,1.0212999986833893,100.93179999967106,164.77109999686945,9.994300002290402,12.13805090842993,True,True,True,True,torch.float32,torch.float32,torch.float64,torch.float64,torch.float64,6860,3.8663264256928627,True
62.919800002418924,1.007399994705338,99.35229999973672,163.27949999686098,9.775200000149198,12.248935108439515,True,True,True,True,torch.float32,torch.float32,torch.float64,torch.float64,torch.float64,6860,3.8663264256928627,True
63.263399999414105,2.5533000007271767,97.99959999509156,163.81629999523284,8.896500003174879,12.208797293420748,True,True,True,True,torch.float32,torch.float32,torch.float64,torch.float64,torch.float64,6860,3.8663264256928627,True
63.48530000104802,2.80620000557974,98.81419999874197,165.10570000536973,8.290999998280313,12.113452169942976,True,True,True,True,torch.float32,torch.float32,torch.float64,torch.float64,torch.float64,6860,3.8663264256928627,True
62.7533000006224,2.4365999997826293,97.45660000044154,162.64650000084657,7.043000005069189,12.296606443972603,True,True,True,True,torch.float32,torch.float32,torch.float64,torch.float64,torch.float64,6860,3.8663264256928627,True
62.74789999588393,1.9382000027690083,99.48240000085207,164.168499999505,8.963599997514393,12.18260506739131,True,True,True,True,torch.float32,torch.float32,torch.float64,torch.float64,torch.float64,6860,3.8663264256928627,True
62.17800000013085,1.0485000020707957,99.34599999542115,162.5724999976228,6.560500005434733,12.30220363240551,True,True,True,True,torch.float32,torch.float32,torch.float64,torch.float64,torch.float64,6860,3.8663264256928627,True
62.86039999395143,2.0551000052364543,99.2197999948985,164.13529999408638,10.51000000006752,12.185069269511542,True,True,True,True,torch.float32,torch.float32,torch.float64,torch.float64,torch.float64,6860,3.8663264256928627,True
63.34749999950873,2.369699999690056,97.50940000230912,163.2266000015079,7.58029999997234,12.252904857305879,True,True,True,True,torch.float32,torch.float32,torch.float64,torch.float64,torch.float64,6860,3.8663264256928627,True
62.86739999632118,1.0113000025739893,98.07919999730075,161.95789999619592,7.885200000600889,12.3488881990133,True,True,True,True,torch.float32,torch.float32,torch.float64,torch.float64,torch.float64,6860,3.8663264256928627,True
62.44130000413861,1.0221999982604757,100.94869999738876,164.41219999978784,9.09220000175992,12.164547399782867,True,True,True,True,torch.float32,torch.float32,torch.float64,torch.float64,torch.float64,6860,3.8663264256928627,True
62.844300002325326,2.041399995505344,99.53070000483422,164.4164000026649,6.288499993388541,12.164236657459861,True,True,True,True,torch.float32,torch.float32,torch.float64,torch.float64,torch.float64,6860,3.8663264256928627,True
63.05959999735933,1.9383999970159493,98.7678000019514,163.76579999632668,6.911099997523706,12.212562085886434,True,True,True,True,torch.float32,torch.float32,torch.float64,torch.float64,torch.float64,6860,3.8663264256928627,True
62.54560000525089,1.0435999938636087,100.02890000032494,163.61809999943944,10.46170000336133,12.223586510336277,True,True,True,True,torch.float32,torch.float32,torch.float64,torch.float64,torch.float64,6860,3.8663264256928627,True
63.55210000037914,0.9931000022334047,99.90199999447213,164.44719999708468,6.8395999987842515,12.161958367399725,True,True,True,True,torch.float32,torch.float32,torch.float64,torch.float64,torch.float64,6860,3.8663264256928627,True
63.39529999968363,1.0124000036739744,100.24229999544332,164.64999999880092,10.012400001869537,12.146978439201732,True,True,True,True,torch.float32,torch.float32,torch.float64,torch.float64,torch.float64,6860,3.8663264256928627,True
62.65269999857992,1.2315999993006699,97.63999999995576,161.52429999783635,7.746300005237572,12.382037873105102,True,True,True,True,torch.float32,torch.float32,torch.float64,torch.float64,torch.float64,6860,3.8663264256928627,True
62.37729999702424,1.269000000320375,100.60230000090087,164.24859999824548,10.504400001082104,12.176663910811808,True,True,True,True,torch.float32,torch.float32,torch.float64,torch.float64,torch.float64,6860,3.8663264256928627,True
62.612599998828955,1.0056000028271228,99.91409999929601,163.5323000009521,6.023800000548363,12.229999822593799,True,True,True,True,torch.float32,torch.float32,torch.float64,torch.float64,torch.float64,6860,3.8663264256928627,True
62.64289999671746,1.0074000019812956,101.00180000154069,164.65210000023944,6.698700002743863,12.146823514532105,True,True,True,True,torch.float32,torch.float32,torch.float64,torch.float64,torch.float64,6860,3.8663264256928627,True
63.37070000154199,2.548299999034498,99.10230000241427,165.02130000299076,8.096500001556706,12.119647584667877,True,True,True,True,torch.float32,torch.float32,torch.float64,torch.float64,torch.float64,6860,3.8663264256928627,True
62.55310000415193,1.0239999974146485,98.18449999875156,161.76160000031814,9.479899999860208,12.363873749988048,True,True,True,True,torch.float32,torch.float32,torch.float64,torch.float64,torch.float64,6860,3.8663264256928627,True
62.79340000037337,1.1044999992009252,98.79199999704724,162.68989999662153,6.541200003994163,12.293326137895054,True,True,True,True,torch.float32,torch.float32,torch.float64,torch.float64,torch.float64,6860,3.8663264256928627,True
63.27369999780785,1.2459999998100102,96.88009999808855,161.39979999570642,6.226900004548952,12.391589085322314,True,True,True,True,torch.float32,torch.float32,torch.float64,torch.float64,torch.float64,6860,3.8663264256928627,True
65.58729999960633,2.0732999983010814,100.52839999843854,168.18899999634596,6.431399997381959,11.891384097910397,True,True,True,True,torch.float32,torch.float32,torch.float64,torch.float64,torch.float64,6860,3.8663264256928627,True
62.687300000106916,1.0185000064666383,100.58479999861447,164.29060000518803,6.517599998915102,12.173551012272421,True,True,True,True,torch.float32,torch.float32,torch.float64,torch.float64,torch.float64,6860,3.8663264256928627,True
63.27710000186926,1.050299993949011,99.6484000061173,163.97580000193557,7.571799993456807,12.196921740747062,True,True,True,True,torch.float32,torch.float32,torch.float64,torch.float64,torch.float64,6860,3.8663264256928627,True
63.1984999999986,1.9600000014179386,97.63749999547144,162.79599999688799,8.21670000004815,12.285314135717291,True,True,True,True,torch.float32,torch.float32,torch.float64,torch.float64,torch.float64,6860,3.8663264256928627,True
60.979599998972844,1.0003999996115454,100.02610000083223,162.00609999941662,7.118499997886829,12.345214161733429,True,True,True,True,torch.float32,torch.float32,torch.float64,torch.float64,torch.float64,6860,3.8663264256928627,True
62.85819999902742,1.2031000005663373,99.565899996378,163.62719999597175,7.934900000691414,12.22290670529861,True,True,True,True,torch.float32,torch.float32,torch.float64,torch.float64,torch.float64,6860,3.8663264256928627,True
64.42349999997532,1.542500001960434,98.15299999900162,164.11900000093738,11.131100000056904,12.186279467877435,True,True,True,True,torch.float32,torch.float32,torch.float64,torch.float64,torch.float64,6860,3.8663264256928627,True
63.892400001350325,1.2335999999777414,99.18750000360887,164.31350000493694,9.478799998760223,12.17185441208366,True,True,True,True,torch.float32,torch.float32,torch.float64,torch.float64,torch.float64,6860,3.8663264256928627,True
62.70329999824753,1.0231000051135197,99.17959999438608,162.90599999774713,10.129100002814084,12.277018648961109,True,True,True,True,torch.float32,torch.float32,torch.float64,torch.float64,torch.float64,6860,3.8663264256928627,True
62.36890000582207,2.037399994151201,98.97379999893019,163.38009999890346,9.901100005663466,12.241392923700152,True,True,True,True,torch.float32,torch.float32,torch.float64,torch.float64,torch.float64,6860,3.8663264256928627,True
62.99610000132816,1.0053000005427748,100.85869999602437,164.8600999978953,7.027100000414066,12.131498161323044,True,True,True,True,torch.float32,torch.float32,torch.float64,torch.float64,torch.float64,6860,3.8663264256928627,True
62.75860000459943,1.308399994741194,97.03880000597565,161.10580000531627,6.870999997772742,12.414202343640035,True,True,True,True,torch.float32,torch.float32,torch.float64,torch.float64,torch.float64,6860,3.8663264256928627,True
62.85539999953471,1.1167999982717447,101.07419999985723,165.04639999766368,10.300699999788776,12.117804447890478,True,True,True,True,torch.float32,torch.float32,torch.float64,torch.float64,torch.float64,6860,3.8663264256928627,True
63.4174999941024,1.9256000014138408,97.58510000392562,162.92819999944186,6.993899994995445,12.275345827222369,True,True,True,True,torch.float32,torch.float32,torch.float64,torch.float64,torch.float64,6860,3.8663264256928627,True
63.25279999873601,1.9699000040418468,101.03949999756878,166.26220000034664,10.342900000978261,12.029192444198562,True,True,True,True,torch.float32,torch.float32,torch.float64,torch.float64,torch.float64,6860,3.8663264256928627,True
63.4070999949472,1.9661000042106025,100.4966999971657,165.8698999963235,6.204199999046978,12.057642767279233,True,True,True,True,torch.float32,torch.float32,torch.float64,torch.float64,torch.float64,6860,3.8663264256928627,True
63.34890000289306,2.023900000494905,97.72899999370566,163.10179999709362,7.423000002745539,12.262280367449279,True,True,True,True,torch.float32,torch.float32,torch.float64,torch.float64,torch.float64,6860,3.8663264256928627,True
62.508499999239575,2.3302999979932792,99.16410000005271,164.00289999728557,6.035300000803545,12.19490630978539,True,True,True,True,torch.float32,torch.float32,torch.float64,torch.float64,torch.float64,6860,3.8663264256928627,True
62.51150000025518,1.058599998941645,98.16660000069533,161.73669999989215,6.113399998866953,12.365777216929327,True,True,True,True,torch.float32,torch.float32,torch.float64,torch.float64,torch.float64,6860,3.8663264256928627,True
63.52519999927608,1.9401000026846305,99.06760000012582,164.53290000208654,6.568899996636901,12.155623586374743,True,True,True,True,torch.float32,torch.float32,torch.float64,torch.float64,torch.float64,6860,3.8663264256928627,True
63.41870000323979,1.986299997952301,97.5137999994331,162.9188000006252,6.529300000693183,12.27605408333676,True,True,True,True,torch.float32,torch.float32,torch.float64,torch.float64,torch.float64,6860,3.8663264256928627,True
62.65720000374131,1.010100000712555,100.96429999975953,164.6316000042134,6.57639999553794,12.14833604210136,True,True,True,True,torch.float32,torch.float32,torch.float64,torch.float64,torch.float64,6860,3.8663264256928627,True
63.10749999829568,1.0591000027488917,99.21359999862034,163.3801999996649,8.145400002831593,12.24138543106265,True,True,True,True,torch.float32,torch.float32,torch.float64,torch.float64,torch.float64,6860,3.8663264256928627,True
62.817999998515006,2.7703000014298595,100.80309999466408,166.39139999460895,7.008900000073481,12.019851987932066,True,True,True,True,torch.float32,torch.float32,torch.float64,torch.float64,torch.float64,6860,3.8663264256928627,True
62.94329999946058,1.0450999980093911,99.15050000563497,163.13890000310494,7.404599993606098,12.25949175801685,True,True,True,True,torch.float32,torch.float32,torch.float64,torch.float64,torch.float64,6860,3.8663264256928627,True
62.73880000662757,1.013499997498002,98.64270000252873,162.3950000066543,9.093900000152644,12.31565011187566,True,True,True,True,torch.float32,torch.float32,torch.float64,torch.float64,torch.float64,6860,3.8663264256928627,True
62.89480000123149,1.2005000025965273,99.13189999497263,163.22719999880064,6.228199999895878,12.252859817571432,True,True,True,True,torch.float32,torch.float32,torch.float64,torch.float64,torch.float64,6860,3.8663264256928627,True
62.65170000551734,1.0447999957250431,98.89570000086678,162.59220000210917,6.6939000025740825,12.300713072177237,True,True,True,True,torch.float32,torch.float32,torch.float64,torch.float64,torch.float64,6860,3.8663264256928627,True
63.47559999994701,1.9167999998899177,100.19509999983711,165.58749999967404,7.855099996959325,12.078206386375403,True,True,True,True,torch.float32,torch.float32,torch.float64,torch.float64,torch.float64,6860,3.8663264256928627,True
63.422899998840876,1.046400000632275,97.78720000031171,162.25649999978486,11.259599996265024,12.326162588263964,True,True,True,True,torch.float32,torch.float32,torch.float64,torch.float64,torch.float64,6860,3.8663264256928627,True
62.760000000707805,0.9963999982574023,98.72069999983069,162.4770999987959,9.53299999673618,12.309426990110126,True,True,True,True,torch.float32,torch.float32,torch.float64,torch.float64,torch.float64,6860,3.8663264256928627,True
62.51029999839375,1.2692000018432736,99.05389999767067,162.8333999979077,8.27249999565538,12.282492412648134,True,True,True,True,torch.float32,torch.float32,torch.float64,torch.float64,torch.float64,6860,3.8663264256928627,True
62.93810000352096,1.9717999966815114,98.8842000006116,163.79410000081407,10.569600002781954,12.210452024768045,True,True,True,True,torch.float32,torch.float32,torch.float64,torch.float64,torch.float64,6860,3.8663264256928627,True
63.488100000540726,1.9688999964273535,100.48500000266358,165.94199999963166,6.440299999667332,12.052403851975024,True,True,True,True,torch.float32,torch.float32,torch.float64,torch.float64,torch.float64,6860,3.8663264256928627,True
63.16869999864139,2.1247999975457788,99.64200000104029,164.93549999722745,11.328500004310627,12.12595226639274,True,True,True,True,torch.float32,torch.float32,torch.float64,torch.float64,torch.float64,6860,3.8663264256928627,True
62.384900003962684,1.0234000001219101,99.14199999911943,162.55030000320403,8.657699996547308,12.303883782192823,True,True,True,True,torch.float32,torch.float32,torch.float64,torch.float64,torch.float64,6860,3.8663264256928627,True
63.34860000060871,1.0571000020718202,98.88879999925848,163.294500001939,6.780199997592717,12.24780993833994,True,True,True,True,torch.float32,torch.float32,torch.float64,torch.float64,torch.float64,6860,3.8663264256928627,True
67.21069999912288,1.107799995224923,99.3056000006618,167.6240999950096,10.956199999782257,11.931458543607649,True,True,True,True,torch.float32,torch.float32,torch.float64,torch.float64,torch.float64,6860,3.8663264256928627,True
63.56959999538958,1.4292000050772913,100.17399999924237,165.17279999970924,11.350699998729397,12.10853118675424,True,True,True,True,torch.float32,torch.float32,torch.float64,torch.float64,torch.float64,6860,3.8663264256928627,True
64.6444000012707,1.9548999989638105,99.40210000058869,166.0014000008232,6.984899999224581,12.048091160617211,True,True,True,True,torch.float32,torch.float32,torch.float64,torch.float64,torch.float64,6860,3.8663264256928627,True
63.57440000283532,1.9003999987035058,99.14330000174232,164.61810000328114,9.626099999877624,12.149332302827796,True,True,True,True,torch.float32,torch.float32,torch.float64,torch.float64,torch.float64,6860,3.8663264256928627,True
64.41550000454299,1.9352999952388927,100.18310000305064,166.53390000283252,8.830899998429231,12.009566820725285,True,True,True,True,torch.float32,torch.float32,torch.float64,torch.float64,torch.float64,6860,3.8663264256928627,True
63.19939999957569,1.9373999966774136,98.67810000287136,163.81489999912446,6.603900001209695,12.208901632334356,True,True,True,True,torch.float32,torch.float32,torch.float64,torch.float64,torch.float64,6860,3.8663264256928627,True
63.69569999515079,2.0074000058230013,101.43079999397742,167.1338999949512,6.213500004378147,11.966453245334526,True,True,True,True,torch.float32,torch.float32,torch.float64,torch.float64,torch.float64,6860,3.8663264256928627,True
63.746700005140156,1.9897999954991974,99.68120000121417,165.41770000185352,7.018600001174491,12.090604572410268,True,True,True,True,torch.float32,torch.float32,torch.float64,torch.float64,torch.float64,6860,3.8663264256928627,True
63.60339999810094,1.368700002785772,98.33579999394715,163.30789999483386,6.240599999728147,12.246804962057983,True,True,True,True,torch.float32,torch.float32,torch.float64,torch.float64,torch.float64,6860,3.8663264256928627,True
63.20370000321418,1.0254999942844734,101.46140000142623,165.69059999892488,10.861900002055336,12.070690793641749,True,True,True,True,torch.float32,torch.float32,torch.float64,torch.float64,torch.float64,6860,3.8663264256928627,True
63.520199997583404,1.4329000041470863,98.35369999927934,163.30680000100983,7.626899998285808,12.24688745347795,True,True,True,True,torch.float32,torch.float32,torch.float64,torch.float64,torch.float64,6860,3.8663264256928627,True
63.849099999060854,1.0209000029135495,100.04099999787286,164.91099999984726,9.582099999533966,12.127753758098928,True,True,True,True,torch.float32,torch.float32,torch.float64,torch.float64,torch.float64,6860,3.8663264256928627,True
64.1438000020571,1.9726999962585978,101.12640000443207,167.24290000274777,7.337099996220786,11.958654148948268,True,True,True,True,torch.float32,torch.float32,torch.float64,torch.float64,torch.float64,6860,3.8663264256928627,True
63.672699994640425,1.2466000043787062,98.16239999781828,163.08169999683741,9.536800003843382,12.263791707093961,True,True,True,True,torch.float32,torch.float32,torch.float64,torch.float64,torch.float64,6860,3.8663264256928627,True
63.512400003673974,1.1904999992111698,100.66229999938514,165.36520000227029,10.850200000277255,12.09444308701312,True,True,True,True,torch.float32,torch.float32,torch.float64,torch.float64,torch.float64,6860,3.8663264256928627,True
64.20849999994971,1.2962000037077814,100.43980000045849,165.94450000411598,6.575999999768101,12.052222278836558,True,True,True,True,torch.float32,torch.float32,torch.float64,torch.float64,torch.float64,6860,3.8663264256928627,True
63.704299995151814,1.8897000045399182,100.05789999559056,165.6518999952823,6.538800000271294,12.073510778065083,True,True,True,True,torch.float32,torch.float32,torch.float64,torch.float64,torch.float64,6860,3.8663264256928627,True
63.18309999915073,1.0095000034198165,99.53459999815095,163.7272000007215,7.379000002401881,12.215441294978394,True,True,True,True,torch.float32,torch.float32,torch.float64,torch.float64,torch.float64,6860,3.8663264256928627,True
63.37500000518048,1.1441999959060922,97.99650000059046,162.51570000167703,9.208800001943018,12.306503310014735,True,True,True,True,torch.float32,torch.float32,torch.float64,torch.float64,torch.float64,6860,3.8663264256928627,True
64.38700000580866,2.095499999995809,101.23239999666112,167.71490000246558,9.590499998012092,11.92499891166854,True,True,True,True,torch.float32,torch.float32,torch.float64,torch.float64,torch.float64,6860,3.8663264256928627,True
63.36810000357218,1.0498999981791712,98.12439999950584,162.5424000012572,6.173300003865734,12.304481784349997,True,True,True,True,torch.float32,torch.float32,torch.float64,torch.float64,torch.float64,6860,3.8663264256928627,True
63.376999998581596,1.0372999968240038,101.96220000216272,166.37649999756832,6.119500001659617,12.020928436583478,True,True,True,True,torch.float32,torch.float32,torch.float64,torch.float64,torch.float64,6860,3.8663264256928627,True
63.79709999600891,2.0248000000719912,98.47330000047805,164.29519999655895,11.71500000054948,12.173210173163238,True,True,True,True,torch.float32,torch.float32,torch.float64,torch.float64,torch.float64,6860,3.8663264256928627,True
63.950600000680424,1.017800001136493,100.03020000294782,164.99860000476474,10.678799997549504,12.121314968383036,True,True,True,True,torch.float32,torch.float32,torch.float64,torch.float64,torch.float64,6860,3.8663264256928627,True
64.05319999612402,2.0816000032937154,100.3835999945295,166.51839999394724,7.186200004070997,12.010684705550243,True,True,True,True,torch.float32,torch.float32,torch.float64,torch.float64,torch.float64,6860,3.8663264256928627,True
63.050400000065565,1.066900003934279,99.88339999836171,164.00070000236155,7.087699996191077,12.19506989891629,True,True,True,True,torch.float32,torch.float32,torch.float64,torch.float64,torch.float64,6860,3.8663264256928627,True
62.84620000224095,1.112400001147762,101.36960000090767,165.32820000429638,9.638299998186994,12.097149790223483,True,True,True,True,torch.float32,torch.float32,torch.float64,torch.float64,torch.float64,6860,3.8663264256928627,True
63.73190000158502,1.331600004050415,101.014199994097,166.07769999973243,10.700999999244232,12.042555984356854,True,True,True,True,torch.float32,torch.float32,torch.float64,torch.float64,torch.float64,6860,3.8663264256928627,True
63.49000000045635,1.9467000020085834,97.84919999947306,163.285900001938,10.470599998370744,12.24845501036074,True,True,True,True,torch.float32,torch.float32,torch.float64,torch.float64,torch.float64,6860,3.8663264256928627,True
64.28579999919748,1.0599000015645288,99.27320000133477,164.61890000209678,10.874699997657444,12.149273260691972,True,True,True,True,torch.float32,torch.float32,torch.float64,torch.float64,torch.float64,6860,3.8663264256928627,True
63.156900003377814,1.0764999969978817,101.2616000007256,165.4950000011013,7.759799998893868,12.08495724938331,True,True,True,True,torch.float32,torch.float32,torch.float64,torch.float64,torch.float64,6860,3.8663264256928627,True
62.64699999883305,1.1152000006404705,97.06229999574134,160.82449999521486,10.923599998932332,12.435916169859118,True,True,True,True,torch.float32,torch.float32,torch.float64,torch.float64,torch.float64,6860,3.8663264256928627,True
63.87580000591697,1.9163999968441203,99.23800000251504,165.03020000527613,7.3596999936853535,12.11899397768444,True,True,True,True,torch.float32,torch.float32,torch.float64,torch.float64,torch.float64,6860,3.8663264256928627,True
62.39859999914188,1.1067000014008954,99.27139999490464,162.77669999544742,10.08370000636205,12.286770772819061,True,True,True,True,torch.float32,torch.float32,torch.float64,torch.float64,torch.float64,6860,3.8663264256928627,True
63.43140000535641,1.9850999960908666,99.04629999800818,164.46279999945546,6.248100005905144,12.160804753455627,True,True,True,True,torch.float32,torch.float32,torch.float64,torch.float64,torch.float64,6860,3.8663264256928627,True
62.496799997461494,1.0177000003750436,99.13070000038715,162.6451999982237,11.65480000054231,12.296704729201002,True,True,True,True,torch.float32,torch.float32,torch.float64,torch.float64,torch.float64,6860,3.8663264256928627,True
62.95239999599289,1.0608000011416152,97.87779999896884,161.89099999610335,9.988199999497738,12.353991266025531,True,True,True,True,torch.float32,torch.float32,torch.float64,torch.float64,torch.float64,6860,3.8663264256928627,True
62.74430000485154,1.557600000523962,99.02209999563638,163.32400000101188,9.492500001215376,12.24559770754824,True,True,True,True,torch.float32,torch.float32,torch.float64,torch.float64,torch.float64,6860,3.8663264256928627,True
62.49180000304477,1.0771000015665777,99.1615999955684,162.73050000017975,6.278200002270751,12.290259047921507,True,True,True,True,torch.float32,torch.float32,torch.float64,torch.float64,torch.float64,6860,3.8663264256928627,True
63.466799998423085,1.342399998975452,101.86500000418164,166.67420000158018,6.7698999991989695,11.99945762440161,True,True,True,True,torch.float32,torch.float32,torch.float64,torch.float64,torch.float64,6860,3.8663264256928627,True
63.228800005163066,2.034500001173001,99.32069999922533,164.5840000055614,11.784999995143153,12.15184951108503,True,True,True,True,torch.float32,torch.float32,torch.float64,torch.float64,torch.float64,6860,3.8663264256928627,True
61.48170000233222,1.5382999990833923,98.20760000002338,161.227600001439,7.019899996521417,12.40482398784172,True,True,True,True,torch.float32,torch.float32,torch.float64,torch.float64,torch.float64,6860,3.8663264256928627,True
62.361299998883624,1.0025000010500662,100.88900000118883,164.25280000112252,8.631400000012945,12.176352549157954,True,True,True,True,torch.float32,torch.float32,torch.float64,torch.float64,torch.float64,6860,3.8663264256928627,True
64.11849999858532,1.9256000014138408,99.45359999983339,165.49769999983255,6.051000003935769,12.084760090333724,True,True,True,True,torch.float32,torch.float32,torch.float64,torch.float64,torch.float64,6860,3.8663264256928627,True
63.10480000684038,1.0435999938636087,99.91830000217305,164.06670000287704,6.497000002127606,12.190164122060896,True,True,True,True,torch.float32,torch.float32,torch.float64,torch.float64,torch.float64,6860,3.8663264256928627,True
62.77299999783281,1.9654999996419065,98.54690000065602,163.28539999813074,7.543300001998432,12.248492516923715,True,True,True,True,torch.float32,torch.float32,torch.float64,torch.float64,torch.float64,6860,3.8663264256928627,True
63.737399999808986,1.4724000066053122,98.86449999612523,164.07430000253953,6.448300002375618,12.18959946785721,True,True,True,True,torch.float32,torch.float32,torch.float64,torch.float64,torch.float64,6860,3.8663264256928627,True
63.11810000624973,1.9546999974409118,97.37119999772403,162.44400000141468,6.739500000549015,12.311935189865938,True,True,True,True,torch.float32,torch.float32,torch.float64,torch.float64,torch.float64,6860,3.8663264256928627,True
63.59199999860721,1.0299000059603713,100.9803999986616,165.60230000322917,10.784500002046116,12.07712694788056,True,True,True,True,torch.float32,torch.float32,torch.float64,torch.float64,torch.float64,6860,3.8663264256928627,True
63.12090000574244,1.0502000004635192,100.03379999398021,164.20490000018617,6.25390000641346,12.179904497355027,True,True,True,True,torch.float32,torch.float32,torch.float64,torch.float64,torch.float64,6860,3.8663264256928627,True
62.92329999996582,1.0752000016509555,100.2366999964579,164.23519999807468,6.205099998624064,12.17765740854242,True,True,True,True,torch.float32,torch.float32,torch.float64,torch.float64,torch.float64,6860,3.8663264256928627,True
62.94180000259075,1.0423999992781319,101.77519999706419,165.75939999893308,7.791000003635418,12.065680739752153,True,True,True,True,torch.float32,torch.float32,torch.float64,torch.float64,torch.float64,6860,3.8663264256928627,True
62.93089999962831,1.8991000033565797,100.09829999762587,164.92830000061076,9.618800002499484,12.126481628638588,True,True,True,True,torch.float32,torch.float32,torch.float64,torch.float64,torch.float64,6860,3.8663264256928627,True
62.83860000257846,1.0755999974207953,100.09420000278624,164.0084000027855,6.5268999969703145,12.194497354806414,True,True,True,True,torch.float32,torch.float32,torch.float64,torch.float64,torch.float64,6860,3.8663264256928627,True
62.54389999958221,1.0707999972510152,97.96420000202488,161.5788999988581,9.286599997722078,12.377853791640705,True,True,True,True,torch.float32,torch.float32,torch.float64,torch.float64,torch.float64,6860,3.8663264256928627,True
62.71779999951832,1.4588999983971007,98.19730000162963,162.37399999954505,7.058799994410947,12.317242908381907,True,True,True,True,torch.float32,torch.float32,torch.float64,torch.float64,torch.float64,6860,3.8663264256928627,True
62.97460000496358,1.9535999963409267,100.43760000553448,165.36580000683898,6.234599997696932,12.094399204172124,True,True,True,True,torch.float32,torch.float32,torch.float64,torch.float64,torch.float64,6860,3.8663264256928627,True
63.0198999933782,0.9953000044333749,100.29029999714112,164.3054999949527,6.786800004192628,12.172447057837005,True,True,True,True,torch.float32,torch.float32,torch.float64,torch.float64,torch.float64,6860,3.8663264256928627,True
63.05209999845829,1.0490999993635342,100.44100000231992,164.54220000014175,9.572800001478754,12.154936545143295,True,True,True,True,torch.float32,torch.float32,torch.float64,torch.float64,torch.float64,6860,3.8663264256928627,True
64.20269999944139,1.9310999996378087,98.39919999649283,164.53299999557203,10.427400004118681,12.155616198901283,True,True,True,True,torch.float32,torch.float32,torch.float64,torch.float64,torch.float64,6860,3.8663264256928627,True
62.32029999955557,1.4058000015211292,98.69060000346508,162.41670000454178,6.256599997868761,12.314004655580815,True,True,True,True,torch.float32,torch.float32,torch.float64,torch.float64,torch.float64,6860,3.8663264256928627,True
63.03670000488637,1.0661999986041337,98.23119999782648,162.33410000131698,7.486200003768317,12.32027035591274,True,True,True,True,torch.float32,torch.float32,torch.float64,torch.float64,torch.float64,6860,3.8663264256928627,True
62.89399999513989,1.3140000010025688,97.52080000180285,161.72879999794532,6.662899999355432,12.366381250744512,True,True,True,True,torch.float32,torch.float32,torch.float64,torch.float64,torch.float64,6860,3.8663264256928627,True
62.963699994725175,1.0427000015624799,99.81250000419095,163.8189000004786,10.339499996916857,12.208603524954428,True,True,True,True,torch.float32,torch.float32,torch.float64,torch.float64,torch.float64,6860,3.8663264256928627,True
62.394799999310635,1.0884000002988614,99.27329999482026,162.75649999442976,7.801400002790615,12.288295705968418,True,True,True,True,torch.float32,torch.float32,torch.float64,torch.float64,torch.float64,6860,3.8663264256928627,True
63.052500001504086,2.3639999999431893,99.84120000444818,165.25770000589546,10.151700000278652,12.102310512179773,True,True,True,True,torch.float32,torch.float32,torch.float64,torch.float64,torch.float64,6860,3.8663264256928627,True
62.88650000351481,1.0302000009687617,97.25800000160234,161.1747000060859,12.207299994770437,12.408895440317124,True,True,True,True,torch.float32,torch.float32,torch.float64,torch.float64,torch.float64,6860,3.8663264256928627,True
60.77709999954095,1.0003999996115454,99.01019999961136,160.78769999876386,7.568699998955708,12.438762417867636,True,True,True,True,torch.float32,torch.float32,torch.float64,torch.float64,torch.float64,6860,3.8663264256928627,True
63.316400002804585,1.5597999954479747,99.31160000269301,164.18780000094557,6.369299997459166,12.181173022529578,True,True,True,True,torch.float32,torch.float32,torch.float64,torch.float64,torch.float64,6860,3.8663264256928627,True
62.516299993149005,1.0517000046093017,99.3570999999065,162.9250999976648,6.630500000028405,12.275579392178773,True,True,True,True,torch.float32,torch.float32,torch.float64,torch.float64,torch.float64,6860,3.8663264256928627,True
62.72410000383388,1.0438999961479567,100.67170000547776,164.4397000054596,7.7815999975427985,12.162513066696166,True,True,True,True,torch.float32,torch.float32,torch.float64,torch.float64,torch.float64,6860,3.8663264256928627,True
62.955800000054296,1.0278999980073422,97.69180000148481,161.67549999954645,6.114100004197098,12.370458109024625,True,True,True,True,torch.float32,torch.float32,torch.float64,torch.float64,torch.float64,6860,3.8663264256928627,True
63.10279999888735,2.1176000009290874,99.76620000088587,164.9866000007023,7.003799997619353,12.122196590459385,True,True,True,True,torch.float32,torch.float32,torch.float64,torch.float64,torch.float64,6860,3.8663264256928627,True
63.190599998051766,2.049200003966689,97.64359999826411,162.88340000028256,6.306100003712345,12.27872207969953,True,True,True,True,torch.float32,torch.float32,torch.float64,torch.float64,torch.float64,6860,3.8663264256928627,True
63.21939999907045,2.000700005737599,101.71749999426538,166.93759999907343,9.181000001262873,11.980524459505233,True,True,True,True,torch.float32,torch.float32,torch.float64,torch.float64,torch.float64,6860,3.8663264256928627,True
62.91860000055749,1.4691999967908487,101.03150000213645,165.4192999994848,8.556200002203695,12.090487627539405,True,True,True,True,torch.float32,torch.float32,torch.float64,torch.float64,torch.float64,6860,3.8663264256928627,True
62.993199993798044,1.0244000004604459,99.11580000334652,163.133399997605,6.283000002440531,12.25990508399483,True,True,True,True,torch.float32,torch.float32,torch.float64,torch.float64,torch.float64,6860,3.8663264256928627,True
63.239499999326654,1.0509999992791563,101.36870000133058,165.6591999999364,7.872399997722823,12.072978741903666,True,True,True,True,torch.float32,torch.float32,torch.float64,torch.float64,torch.float64,6860,3.8663264256928627,True
62.43840000388445,1.0580999951343983,97.89309999905527,161.38959999807412,8.691600000020117,12.392372247182385,True,True,True,True,torch.float32,torch.float32,torch.float64,torch.float64,torch.float64,6860,3.8663264256928627,True
63.70520000200486,1.9172999964212067,99.27779999998165,164.90029999840772,8.392700001422781,12.128540700164354,True,True,True,True,torch.float32,torch.float32,torch.float64,torch.float64,torch.float64,6860,3.8663264256928627,True
63.3254999993369,1.9302000000607222,98.84089999832213,164.09659999771975,7.771199998387601,12.187942955721152,True,True,True,True,torch.float32,torch.float32,torch.float64,torch.float64,torch.float64,6860,3.8663264256928627,True
62.97880000056466,2.230700003565289,98.81129999848781,164.02080000261776,9.055599999555852,12.193575448772838,True,True,True,True,torch.float32,torch.float32,torch.float64,torch.float64,torch.float64,6860,3.8663264256928627,True
63.72159999591531,1.906299999973271,99.30280000116909,164.93069999705767,6.96569999854546,12.126305169599593,True,True,True,True,torch.float32,torch.float32,torch.float64,torch.float64,torch.float64,6860,3.8663264256928627,True
63.64920000487473,1.050899998517707,98.22459999850253,162.92470000189496,7.039299998723436,12.275609529903926,True,True,True,True,torch.float32,torch.float32,torch.float64,torch.float64,torch.float64,6860,3.8663264256928627,True
63.30789999628905,2.0197000048938207,101.68619999603834,167.0137999972212,10.83189999917522,11.975058348671045,True,True,True,True,torch.float32,torch.float32,torch.float64,torch.float64,torch.float64,6860,3.8663264256928627,True
63.1952999974601,1.0254000007989816,99.37229999923147,163.59299999749055,7.769800002279226,12.225461969831711,True,True,True,True,torch.float32,torch.float32,torch.float64,torch.float64,torch.float64,6860,3.8663264256928627,True
64.32759999734117,1.93089999811491,97.97890000481857,164.23740000027465,10.574499996437225,12.177494285690443,True,True,True,True,torch.float32,torch.float32,torch.float64,torch.float64,torch.float64,6860,3.8663264256928627,True
62.955800000054296,1.0815999994520098,99.7159999969881,163.7533999964944,9.160600005998276,12.213486865267015,True,True,True,True,torch.float32,torch.float32,torch.float64,torch.float64,torch.float64,6860,3.8663264256928627,True
62.8223000021535,1.8161999978474341,97.12460000446299,161.76310000446392,6.935099998372607,12.363759101703721,True,True,True,True,torch.float32,torch.float32,torch.float64,torch.float64,torch.float64,6860,3.8663264256928627,True
63.69249999988824,2.169999999750871,99.80779999750666,165.67029999714578,10.738400000263937,12.072169845979978,True,True,True,True,torch.float32,torch.float32,torch.float64,torch.float64,torch.float64,6860,3.8663264256928627,True
63.6882999970112,2.0731000040541403,98.14839999307878,163.90979999414412,8.003600007214118,12.20183295978308,True,True,True,True,torch.float32,torch.float32,torch.float64,torch.float64,torch.float64,6860,3.8663264256928627,True
62.41529999533668,1.4104000001680106,97.40620000229683,161.23189999780152,10.366499998781364,12.404493155679932,True,True,True,True,torch.float32,torch.float32,torch.float64,torch.float64,torch.float64,6860,3.8663264256928627,True
62.85829999978887,0.9883000020636246,98.61939999973401,162.4660000015865,6.324199996015523,12.31026799441403,True,True,True,True,torch.float32,torch.float32,torch.float64,torch.float64,torch.float64,6860,3.8663264256928627,True
63.033599995833356,1.9279000043752603,100.03449999931036,164.99599999951897,8.291199999803212,12.121505975937785,True,True,True,True,torch.float32,torch.float32,torch.float64,torch.float64,torch.float64,6860,3.8663264256928627,True
63.746600004378706,1.3741000002482906,99.0453999984311,164.1661000030581,10.704699998314027,12.182783168770799,True,True,True,True,torch.float32,torch.float32,torch.float64,torch.float64,torch.float64,6860,3.8663264256928627,True
63.29330000153277,1.1338999975123443,99.24339999997756,163.67059999902267,10.963500004436355,12.21966559670425,True,True,True,True,torch.float32,torch.float32,torch.float64,torch.float64,torch.float64,6860,3.8663264256928627,True
61.567199998535216,2.1543999973800965,98.1277000028058,161.8492999987211,6.586399998923298,12.357174235636506,True,True,True,True,torch.float32,torch.float32,torch.float64,torch.float64,torch.float64,6860,3.8663264256928627,True
62.980100003187545,1.3913000002503395,100.96389999671374,165.33530000015162,6.480399999418296,12.09663030216878,True,True,True,True,torch.float32,torch.float32,torch.float64,torch.float64,torch.float64,6860,3.8663264256928627,True
63.388900001882575,1.9383999970159493,98.09349999704864,163.42079999594716,10.242300006211735,12.238344201286495,True,True,True,True,torch.float32,torch.float32,torch.float64,torch.float64,torch.float64,6860,3.8663264256928627,True
63.10559999838006,1.9047000023419969,98.784900001192,163.79520000191405,7.206699992821086,12.210370022910492,True,True,True,True,torch.float32,torch.float32,torch.float64,torch.float64,torch.float64,6860,3.8663264256928627,True
62.989500002004206,1.891699997941032,97.86300000268966,162.7442000026349,7.733999998890795,12.289224439135891,True,True,True,True,torch.float32,torch.float32,torch.float64,torch.float64,torch.float64,6860,3.8663264256928627,True
62.95680000039283,1.0394000055384822,99.55079999781447,163.54700000374578,6.193499997607432,12.228900560415008,True,True,True,True,torch.float32,torch.float32,torch.float64,torch.float64,torch.float64,6860,3.8663264256928627,True
63.29229999391828,1.2460000070859678,97.70909999497235,162.2473999959766,10.593899998639245,12.32685392831932,True,True,True,True,torch.float32,torch.float32,torch.float64,torch.float64,torch.float64,6860,3.8663264256928627,True
61.91229999967618,2.47759999911068,98.9908000046853,163.38070000347216,10.11589999689022,12.241347968012722,True,True,True,True,torch.float32,torch.float32,torch.float64,torch.float64,torch.float64,6860,3.8663264256928627,True
63.30159999924945,1.0201999975834042,101.39420000632526,165.71600000315811,9.743999995407648,12.068840666935511,True,True,True,True,torch.float32,torch.float32,torch.float64,torch.float64,torch.float64,6860,3.8663264256928627,True
62.76459999935469,1.3369000007514842,98.4108999982709,162.51239999837708,10.27320000139298,12.306753207878124,True,True,True,True,torch.float32,torch.float32,torch.float64,torch.float64,torch.float64,6860,3.8663264256928627,True
63.61230000038631,2.1095000047353096,100.49910000088857,166.2209000060102,10.711599999922328,12.032181271595114,True,True,True,True,torch.float32,torch.float32,torch.float64,torch.float64,torch.float64,6860,3.8663264256928627,True
62.47820000135107,1.0248000035062432,98.44019999582088,161.9432000006782,10.617400002956856,12.350009138955043,True,True,True,True,torch.float32,torch.float32,torch.float64,torch.float64,torch.float64,6860,3.8663264256928627,True
63.07750000269152,1.021699994453229,100.17530000186525,164.27449999901,6.072399999538902,12.174744102170775,True,True,True,True,torch.float32,torch.float32,torch.float64,torch.float64,torch.float64,6860,3.8663264256928627,True
62.63049999688519,1.0485000020707957,100.76579999440582,164.4447999933618,6.956100005481858,12.162135866143135,True,True,True,True,torch.float32,torch.float32,torch.float64,torch.float64,torch.float64,6860,3.8663264256928627,True
62.220300002081785,1.033200001984369,99.1647999981069,162.41830000217305,6.797300004109275,12.313883349186892,True,True,True,True,torch.float32,torch.float32,torch.float64,torch.float64,torch.float64,6860,3.8663264256928627,True
62.90420000004815,1.3169999947422184,98.75430000101915,162.9754999958095,8.324399997945875,12.271783182450275,True,True,True,True,torch.float32,torch.float32,torch.float64,torch.float64,torch.float64,6860,3.8663264256928627,True
63.42210000002524,1.9563000023481436,97.56139999808511,162.9398000004585,6.452299996453803,12.274471921497216,True,True,True,True,torch.float32,torch.float32,torch.float64,torch.float64,torch.float64,6860,3.8663264256928627,True
62.46859999373555,1.0055000020656735,100.72450000006938,164.1985999958706,11.266499997873325,12.180371818336438,True,True,True,True,torch.float32,torch.float32,torch.float64,torch.float64,torch.float64,6860,3.8663264256928627,True
63.59199999860721,1.9553000020096079,98.42979999666568,163.9770999972825,8.283199997094925,12.196825044674805,True,True,True,True,torch.float32,torch.float32,torch.float64,torch.float64,torch.float64,6860,3.8663264256928627,True
63.05599999905098,1.072899998689536,99.73190000164323,163.86079999938374,6.293600003118627,12.205481725998663,True,True,True,True,torch.float32,torch.float32,torch.float64,torch.float64,torch.float64,6860,3.8663264256928627,True
63.36929999815766,2.072200004477054,99.24730000057025,164.68880000320496,8.811599996988662,12.144116661005961,True,True,True,True,torch.float32,torch.float32,torch.float64,torch.float64,torch.float64,6860,3.8663264256928627,True
62.74470000062138,1.4489999957731925,98.86620000179391,163.05989999818848,10.054999998828862,12.265431292563157,True,True,True,True,torch.float32,torch.float32,torch.float64,torch.float64,torch.float64,6860,3.8663264256928627,True
63.27720000263071,1.9799000001512468,100.4726999963168,165.72979999909876,7.2575000012875535,12.067835718204426,True,True,True,True,torch.float32,torch.float32,torch.float64,torch.float64,torch.float64,6860,3.8663264256928627,True
63.118699996266514,1.0350000011385418,97.30310000304598,161.45680000045104,10.958499995467719,12.387214412737109,True,True,True,True,torch.float32,torch.float32,torch.float64,torch.float64,torch.float64,6860,3.8663264256928627,True
63.51310000172816,1.128600000811275,98.04350000194972,162.68520000448916,6.327799994323868,12.293681293349437,True,True,True,True,torch.float32,torch.float32,torch.float64,torch.float64,torch.float64,6860,3.8663264256928627,True
62.55669999518432,1.0131000017281622,98.49430000031134,162.06409999722382,6.267800003115553,12.340796018576972,True,True,True,True,torch.float32,torch.float32,torch.float64,torch.float64,torch.float64,6860,3.8663264256928627,True
62.115700005961116,1.0675999947125092,99.62459999951534,162.80790000018897,6.2469000040437095,12.284416173893765,True,True,True,True,torch.float32,torch.float32,torch.float64,torch.float64,torch.float64,6860,3.8663264256928627,True
63.82640000083484,1.9150000007357448,98.424799994973,164.16619999654358,7.133099999919068,12.182775748248474,True,True,True,True,torch.float32,torch.float32,torch.float64,torch.float64,torch.float64,6860,3.8663264256928627,True
62.06270000257064,1.3000000035390258,97.50549999444047,160.86820000055013,7.9926000034902245,12.432537940955145,True,True,True,True,torch.float32,torch.float32,torch.float64,torch.float64,torch.float64,6860,3.8663264256928627,True
62.82400000054622,1.2461000005714595,99.16289999819128,163.23299999930896,10.4667999985395,12.252424448539614,True,True,True,True,torch.float32,torch.float32,torch.float64,torch.float64,torch.float64,6860,3.8663264256928627,True
63.074500001675915,1.068899997335393,99.80709999945248,163.95049999846378,10.267600002407562,12.198803907391195,True,True,True,True,torch.float32,torch.float32,torch.float64,torch.float64,torch.float64,6860,3.8663264256928627,True
62.41700000100536,1.807500004360918,97.58759999385802,161.8120999992243,9.639100004278589,12.360015103997709,True,True,True,True,torch.float32,torch.float32,torch.float64,torch.float64,torch.float64,6860,3.8663264256928627,True
63.40269999782322,1.9852000041282736,98.74349999881815,164.13140000076964,10.311599995475262,12.185358803925523,True,True,True,True,torch.float32,torch.float32,torch.float64,torch.float64,torch.float64,6860,3.8663264256928627,True
63.224000004993286,2.230499994766433,98.27010000299197,163.72460000275169,9.02219999989029,12.21563528001526,True,True,True,True,torch.float32,torch.float32,torch.float64,torch.float64,torch.float64,6860,3.8663264256928627,True
64.03380000119796,1.9498999972711317,99.87769999861484,165.86139999708394,8.777600000030361,12.058260692573212,True,True,True,True,torch.float32,torch.float32,torch.float64,torch.float64,torch.float64,6860,3.8663264256928627,True
63.745100000232924,1.1903999984497204,97.99180000118213,162.92729999986477,9.409899997990578,12.2754136354169,True,True,True,True,torch.float32,torch.float32,torch.float64,torch.float64,torch.float64,6860,3.8663264256928627,True
61.44040000071982,1.5750000020489097,98.43449999607401,161.44989999884274,9.58830000308808,12.387743814114074,True,True,True,True,torch.float32,torch.float32,torch.float64,torch.float64,torch.float64,6860,3.8663264256928627,True
62.679900001967326,1.0428000023239292,100.42109999631066,164.1438000006019,6.235799999558367,12.184438279073994,True,True,True,True,torch.float32,torch.float32,torch.float64,torch.float64,torch.float64,6860,3.8663264256928627,True
62.59709999721963,1.0529999999562278,98.80340000381693,162.4535000009928,9.44549999985611,12.311215209200032,True,True,True,True,torch.float32,torch.float32,torch.float64,torch.float64,torch.float64,6860,3.8663264256928627,True
62.608199994429015,1.3792000027024187,100.29500000382541,164.28240000095684,6.89579999743728,12.174158643825214,True,True,True,True,torch.float32,torch.float32,torch.float64,torch.float64,torch.float64,6860,3.8663264256928627,True
62.7126000035787,1.0667999958968721,99.11570000258507,162.89510000206064,7.8588000033050776,12.277840155871477,True,True,True,True,torch.float32,torch.float32,torch.float64,torch.float64,torch.float64,6860,3.8663264256928627,True
63.40189999900758,1.0390000024926849,99.00519999791868,163.44609999941895,9.798699997190852,12.236449814385965,True,True,True,True,torch.float32,torch.float32,torch.float64,torch.float64,torch.float64,6860,3.8663264256928627,True
62.52099999983329,1.0658999963197857,98.30650000367314,161.89339999982622,8.576499996706843,12.353808123136254,True,True,True,True,torch.float32,torch.float32,torch.float64,torch.float64,torch.float64,6860,3.8663264256928627,True
62.17399999877671,1.1946000013267621,97.26809999847319,160.63669999857666,7.123800001863856,12.450454970861088,True,True,True,True,torch.float32,torch.float32,torch.float64,torch.float64,torch.float64,6860,3.8663264256928627,True
62.50680000084685,1.0352000026614405,100.18449999915902,163.7265000026673,10.167499996896368,12.215493521008618,True,True,True,True,torch.float32,torch.float32,torch.float64,torch.float64,torch.float64,6860,3.8663264256928627,True
63.333599995530676,1.9433000052231364,98.15449999587145,163.43139999662526,6.7276000045239925,12.237550434257424,True,True,True,True,torch.float32,torch.float32,torch.float64,torch.float64,torch.float64,6860,3.8663264256928627,True
63.49849999969592,2.222899995103944,98.44900000462076,164.17039999942062,7.172300000092946,12.182464073956439,True,True,True,True,torch.float32,torch.float32,torch.float64,torch.float64,torch.float64,6860,3.8663264256928627,True
62.774400001217145,1.047199999447912,98.90079999604495,162.72239999671,9.079600000404753,12.290870833028746,True,True,True,True,torch.float32,torch.float32,torch.float64,torch.float64,torch.float64,6860,3.8663264256928627,True
63.16340000194032,1.0485000020707957,100.61109999514883,164.82299999915995,9.267699999327306,12.134228839483526,True,True,True,True,torch.float32,torch.float32,torch.float64,torch.float64,torch.float64,6860,3.8663264256928627,True
63.031300000147894,1.2933999969391152,96.85039999749279,161.1750999945798,8.467200001177844,12.4088646451422,True,True,True,True,torch.float32,torch.float32,torch.float64,torch.float64,torch.float64,6860,3.8663264256928627,True
62.934300003689714,1.9143999961670488,97.61470000375994,162.4634000036167,7.084899996698368,12.310465002920514,True,True,True,True,torch.float32,torch.float32,torch.float64,torch.float64,torch.float64,6860,3.8663264256928627,True
62.24569999903906,1.0045999952126294,100.08580000430811,163.3360999985598,8.748399995965883,12.244690549227236,True,True,True,True,torch.float32,torch.float32,torch.float64,torch.float64,torch.float64,6860,3.8663264256928627,True
62.566799999331124,1.015699999697972,99.80160000122851,163.3841000002576,10.745799998403527,12.241093227534666,True,True,True,True,torch.float32,torch.float32,torch.float64,torch.float64,torch.float64,6860,3.8663264256928627,True
63.444700004765764,2.033999997365754,98.82710000238148,164.305800004513,10.399699996924028,12.172424831899214,True,True,True,True,torch.float32,torch.float32,torch.float64,torch.float64,torch.float64,6860,3.8663264256928627,True
64.46110000251792,1.7115000009653158,98.69430000253487,164.8669000060181,11.437499997555278,12.130997792322136,True,True,True,True,torch.float32,torch.float32,torch.float64,torch.float64,torch.float64,6860,3.8663264256928627,True
63.548400001309346,1.0447000022395514,99.78379999665776,164.37690000020666,9.667899998021312,12.167159740799866,True,True,True,True,torch.float32,torch.float32,torch.float64,torch.float64,torch.float64,6860,3.8663264256928627,True
64.08599999849685,1.8876000031013973,99.29779999947641,165.27140000107465,6.684299994958565,12.101307304149389,True,True,True,True,torch.float32,torch.float32,torch.float64,torch.float64,torch.float64,6860,3.8663264256928627,True
63.135399999737274,1.0425000000395812,99.64329999638721,163.82119999616407,6.17939999938244,12.208432120182435,True,True,True,True,torch.float32,torch.float32,torch.float64,torch.float64,torch.float64,6860,3.8663264256928627,True
63.12230000185082,1.8580999967525713,99.52070000144886,164.50110000005225,10.424400003103074,12.157973411724084,True,True,True,True,torch.float32,torch.float32,torch.float64,torch.float64,torch.float64,6860,3.8663264256928627,True
63.77059999795165,2.0839999997406267,98.97750000527594,164.83210000296822,10.938999999780208,12.133558936420666,True,True,True,True,torch.float32,torch.float32,torch.float64,torch.float64,torch.float64,6860,3.8663264256928627,True
62.59750000026543,1.0331000012229197,97.79329999582842,161.42389999731677,9.681499999715015,12.389739066106348,True,True,True,True,torch.float32,torch.float32,torch.float64,torch.float64,torch.float64,6860,3.8663264256928627,True
62.72880000324221,1.0349000003770925,98.9112999959616,162.6749999995809,9.091799998714123,12.294452128508699,True,True,True,True,torch.float32,torch.float32,torch.float64,torch.float64,torch.float64,6860,3.8663264256928627,True
62.50500000169268,1.5555999998468906,97.60670000105165,161.66730000259122,10.04079999984242,12.371085556373762,True,True,True,True,torch.float32,torch.float32,torch.float64,torch.float64,torch.float64,6860,3.8663264256928627,True
63.545900004100986,2.0141999993938953,98.8188999981503,164.37900000164518,6.266900003538467,12.167004300914247,True,True,True,True,torch.float32,torch.float32,torch.float64,torch.float64,torch.float64,6860,3.8663264256928627,True
63.61440000182483,2.0502999977907166,97.5793000034173,163.24400000303285,6.53759999840986,12.251598833420173,True,True,True,True,torch.float32,torch.float32,torch.float64,torch.float64,torch.float64,6860,3.8663264256928627,True
63.61499999911757,2.0471000025281683,99.08139999606647,164.7434999977122,7.362900003499817,12.14008443445583,True,True,True,True,torch.float32,torch.float32,torch.float64,torch.float64,torch.float64,6860,3.8663264256928627,True
62.25149999954738,1.407600000675302,100.08290000405395,163.74200000427663,10.342299996409565,12.214337188673424,True,True,True,True,torch.float32,torch.float32,torch.float64,torch.float64,torch.float64,6860,3.8663264256928627,True
63.67840000166325,2.1497000052477233,98.02649999619462,163.8546000031056,6.433299997297581,12.205943561926814,True,True,True,True,torch.float32,torch.float32,torch.float64,torch.float64,torch.float64,6860,3.8663264256928627,True
63.24250000034226,1.0455000010551885,98.8766999944346,163.16469999583205,10.44730000285199,12.257553257849821,True,True,True,True,torch.float32,torch.float32,torch.float64,torch.float64,torch.float64,6860,3.8663264256928627,True
62.78279999969527,1.0154999981750734,99.43149999890011,163.22979999677045,7.237199999508448,12.2526646484868,True,True,True,True,torch.float32,torch.float32,torch.float64,torch.float64,torch.float64,6860,3.8663264256928627,True
63.45980000332929,1.7968999964068644,99.34349999821279,164.60019999794895,9.789300005650148,12.150653523051137,True,True,True,True,torch.float32,torch.float32,torch.float64,torch.float64,torch.float64,6860,3.8663264256928627,True
63.61499999911757,1.9260999979451299,100.58470000512898,166.12580000219168,11.210499993467238,12.039069187167883,True,True,True,True,torch.float32,torch.float32,torch.float64,torch.float64,torch.float64,6860,3.8663264256928627,True
63.737600001331884,1.447900001949165,99.18990000005579,164.37540000333684,7.232500000100117,12.167270771413483,True,True,True,True,torch.float32,torch.float32,torch.float64,torch.float64,torch.float64,6860,3.8663264256928627,True
62.47480000456562,2.4209999974118546,98.42280000157189,163.31860000354936,6.816399996750988,12.246002598335613,True,True,True,True,torch.float32,torch.float32,torch.float64,torch.float64,torch.float64,6860,3.8663264256928627,True
62.40840000100434,1.0253000000375323,99.58959999494255,163.02329999598442,6.3341000059153885,12.268184977541639,True,True,True,True,torch.float32,torch.float32,torch.float64,torch.float64,torch.float64,6860,3.8663264256928627,True
62.392300002102274,1.0503000012249686,100.4895999940345,163.93219999736175,10.101500003656838,12.200165678446254,True,True,True,True,torch.float32,torch.float32,torch.float64,torch.float64,torch.float64,6860,3.8663264256928627,True
63.30300000263378,1.248400003532879,97.99509999720613,162.54650000337278,9.153699997114018,12.30417142146094,True,True,True,True,torch.float32,torch.float32,torch.float64,torch.float64,torch.float64,6860,3.8663264256928627,True
61.96250000357395,2.474399996572174,98.55110000353307,162.9880000036792,8.099500002572313,12.270842024902773,True,True,True,True,torch.float32,torch.float32,torch.float64,torch.float64,torch.float64,6860,3.8663264256928627,True
63.69840000115801,1.9736000031116419,99.24709999904735,164.919100003317,11.906799998541828,12.127158103335358,True,True,True,True,torch.float32,torch.float32,torch.float64,torch.float64,torch.float64,6860,3.8663264256928627,True
62.828800000716,1.7289000024902634,97.49749999900814,162.0552000022144,10.522199998376891,12.34147376926301,True,True,True,True,torch.float32,torch.float32,torch.float64,torch.float64,torch.float64,6860,3.8663264256928627,True
63.195999995514285,1.0070999996969476,101.1925999991945,165.39569999440573,9.25150000693975,12.09221279675135,True,True,True,True,torch.float32,torch.float32,torch.float64,torch.float64,torch.float64,6860,3.8663264256928627,True
63.59459999657702,2.4956000052043237,98.70129999762867,164.79149999941,7.550399997853674,12.136548305022774,True,True,True,True,torch.float32,torch.float32,torch.float64,torch.float64,torch.float64,6860,3.8663264256928627,True
63.858499997877516,1.932300001499243,100.22580000077141,166.01660000014817,9.482699999352917,12.046988072266357,True,True,True,True,torch.float32,torch.float32,torch.float64,torch.float64,torch.float64,6860,3.8663264256928627,True
63.718199999129865,1.8089000004692934,98.82129999459721,164.34839999419637,11.202400004549418,12.169269673879551,True,True,True,True,torch.float32,torch.float32,torch.float64,torch.float64,torch.float64,6860,3.8663264256928627,True
63.11899999855086,1.0580000016489066,99.41699999762932,163.5939999978291,8.050199998251628,12.225387239303032,True,True,True,True,torch.float32,torch.float32,torch.float64,torch.float64,torch.float64,6860,3.8663264256928627,True
62.817700003506616,1.0273000007146038,100.6439999982831,164.48900000250433,8.410700000240467,12.158867766048491,True,True,True,True,torch.float32,torch.float32,torch.float64,torch.float64,torch.float64,6860,3.8663264256928627,True
62.47510000684997,1.097799999115523,100.25389999645995,163.82680000242544,6.405899999663234,12.208014805699618,True,True,True,True,torch.float32,torch.float32,torch.float64,torch.float64,torch.float64,6860,3.8663264256928627,True
63.52370000240626,1.8532000030972995,97.98210000008112,163.35900000558468,9.875199997622985,12.242974062840903,True,True,True,True,torch.float32,torch.float32,torch.float64,torch.float64,torch.float64,6860,3.8663264256928627,True
63.60809999750927,1.9523000009940006,100.17379999771947,165.73419999622274,7.895499998994637,12.067515335070143,True,True,True,True,torch.float32,torch.float32,torch.float64,torch.float64,torch.float64,6860,3.8663264256928627,True
63.65979999827687,2.272000005177688,97.66029999445891,163.59209999791346,7.446000003255904,12.225529228034294,True,True,True,True,torch.float32,torch.float32,torch.float64,torch.float64,torch.float64,6860,3.8663264256928627,True
64.09870000061346,2.3325000001932494,99.99080000125105,166.42200000205776,8.278599998448044,12.01764189815812,True,True,True,True,torch.float32,torch.float32,torch.float64,torch.float64,torch.float64,6860,3.8663264256928627,True
62.28030000056606,1.369899997371249,100.77550000278279,164.4257000007201,7.161900000937749,12.163548642281839,True,True,True,True,torch.float32,torch.float32,torch.float64,torch.float64,torch.float64,6860,3.8663264256928627,True
63.48710000020219,1.1397999987821095,101.12180000578519,165.7487000047695,9.679499999037944,12.066459646093449,True,True,True,True,torch.float32,torch.float32,torch.float64,torch.float64,torch.float64,6860,3.8663264256928627,True
63.877500004309695,1.4959999971324578,100.45779999927618,165.83130000071833,11.761300003854558,12.060449384352271,True,True,True,True,torch.float32,torch.float32,torch.float64,torch.float64,torch.float64,6860,3.8663264256928627,True
63.54740000097081,1.2560000031953678,100.5793000003905,165.38270000455668,12.133299998822622,12.093163311186087,True,True,True,True,torch.float32,torch.float32,torch.float64,torch.float64,torch.float64,6860,3.8663264256928627,True
63.539899994793814,2.5421000027563423,98.49930000200402,164.58129999955418,6.605700000363868,12.152048865851818,True,True,True,True,torch.float32,torch.float32,torch.float64,torch.float64,torch.float64,6860,3.8663264256928627,True
63.1403000006685,1.3185999996494502,99.70840000460157,164.16730000491953,12.584599993715528,12.182694117160159,True,True,True,True,torch.float32,torch.float32,torch.float64,torch.float64,torch.float64,6860,3.8663264256928627,True
64.28109999978915,1.4813999951002188,101.19330000452464,166.955799999414,9.099800001422409,11.97921845187181,True,True,True,True,torch.float32,torch.float32,torch.float64,torch.float64,torch.float64,6860,3.8663264256928627,True
63.420999998925254,2.9102000044076703,100.18100000161212,166.51220000494504,9.003799998026807,12.011131916704027,True,True,True,True,torch.float32,torch.float32,torch.float64,torch.float64,torch.float64,6860,3.8663264256928627,True
64.14390000281855,2.583599998615682,101.51269999914803,168.24020000058226,7.5384000010672025,11.887765230860866,True,True,True,True,torch.float32,torch.float32,torch.float64,torch.float64,torch.float64,6860,3.8663264256928627,True
67.72820000333013,1.9214999992982484,100.7300999990548,170.37980000168318,7.122499999240972,11.738480735276378,True,True,True,True,torch.float32,torch.float32,torch.float64,torch.float64,torch.float64,6860,3.8663264256928627,True
63.188200001604855,1.059399997757282,99.52979999798117,163.7773999973433,10.830100000021048,12.211697096378638,True,True,True,True,torch.float32,torch.float32,torch.float64,torch.float64,torch.float64,6860,3.8663264256928627,True
63.57659999775933,1.9836999999824911,99.6064999999362,165.16679999767803,6.694800002151169,12.108971052464035,True,True,True,True,torch.float32,torch.float32,torch.float64,torch.float64,torch.float64,6860,3.8663264256928627,True
63.62999999691965,1.0379000013926998,100.44349999952829,165.11139999784064,10.297500004526228,12.113033988120485,True,True,True,True,torch.float32,torch.float32,torch.float64,torch.float64,torch.float64,6860,3.8663264256928627,True
62.921900003857445,1.0099999999511056,99.81279999919934,163.7447000030079,6.525899996631779,12.214135785544578,True,True,True,True,torch.float32,torch.float32,torch.float64,torch.float64,torch.float64,6860,3.8663264256928627,True
63.35400000534719,1.9443999990471639,98.06129999924451,163.35970000363886,6.550099999003578,12.242921601566664,True,True,True,True,torch.float32,torch.float32,torch.float64,torch.float64,torch.float64,6860,3.8663264256928627,True
63.403500003914814,1.9542999943951145,100.12909999932162,165.48689999763155,6.495000001450535,12.085548765664376,True,True,True,True,torch.float32,torch.float32,torch.float64,torch.float64,torch.float64,6860,3.8663264256928627,True
62.81619999936083,1.0612999976729043,99.33080000337213,163.20830000040587,8.567999997467268,12.254278734568196,True,True,True,True,torch.float32,torch.float32,torch.float64,torch.float64,torch.float64,6860,3.8663264256928627,True
61.647399998037145,2.0068000012543052,98.76119999535149,162.41539999464294,8.942700005718507,12.314103219682169,True,True,True,True,torch.float32,torch.float32,torch.float64,torch.float64,torch.float64,6860,3.8663264256928627,True
62.96390000352403,1.072899998689536,98.7031000040588,162.73990000627236,10.256199995637871,12.289549151270927,True,True,True,True,torch.float32,torch.float32,torch.float64,torch.float64,torch.float64,6860,3.8663264256928627,True
63.52830000105314,1.0103999957209453,97.48050000052899,162.01919999730308,7.779999999911524,12.344215994359258,True,True,True,True,torch.float32,torch.float32,torch.float64,torch.float64,torch.float64,6860,3.8663264256928627,True
62.931700005719904,1.0229999970761128,99.21559999929741,163.17030000209343,7.012399997620378,12.257132578504425,True,True,True,True,torch.float32,torch.float32,torch.float64,torch.float64,torch.float64,6860,3.8663264256928627,True
62.41469999804394,2.2008000014466234,97.2304000024451,161.84590000193566,6.051899996236898,12.35743383042808,True,True,True,True,torch.float32,torch.float32,torch.float64,torch.float64,torch.float64,6860,3.8663264256928627,True
63.09740000142483,1.1087999955634587,110.77600000135135,174.98219999833964,19.504500000039116,11.429733995909169,True,True,True,True,torch.float32,torch.float32,torch.float64,torch.float64,torch.float64,6860,3.8663264256928627,True
63.83500000083586,2.0044999982928857,101.5112000022782,167.35070000140695,6.774000001314562,11.950950907185842,True,True,True,True,torch.float32,torch.float32,torch.float64,torch.float64,torch.float64,6860,3.8663264256928627,True
63.377300000865944,1.9290999989607371,97.64710000308696,162.95350000291364,6.029099997249432,12.273439968851479,True,True,True,True,torch.float32,torch.float32,torch.float64,torch.float64,torch.float64,6860,3.8663264256928627,True
63.585099996998906,2.1916000041528605,99.90749999997206,165.68420000112383,7.099299997207709,12.071157056535469,True,True,True,True,torch.float32,torch.float32,torch.float64,torch.float64,torch.float64,6860,3.8663264256928627,True
62.67409999418305,1.31379999947967,98.05270000651944,162.04060000018217,8.637899998575449,12.342585747014956,True,True,True,True,torch.float32,torch.float32,torch.float64,torch.float64,torch.float64,6860,3.8663264256928627,True
62.46830000600312,1.1235999991185963,100.07589999440825,163.66779999952996,10.329900003853254,12.21987464856095,True,True,True,True,torch.float32,torch.float32,torch.float64,torch.float64,torch.float64,6860,3.8663264256928627,True
63.797999995586,1.9415000060689636,99.52359999442706,165.26309999608202,6.812999999965541,12.10191506783677,True,True,True,True,torch.float32,torch.float32,torch.float64,torch.float64,torch.float64,6860,3.8663264256928627,True
62.56270000449149,1.3050999987171963,97.53020000061952,161.3980000038282,7.030100001429673,12.39172728257204,True,True,True,True,torch.float32,torch.float32,torch.float64,torch.float64,torch.float64,6860,3.8663264256928627,True
62.51499999780208,1.0492000001249835,101.01289999875007,164.57709999667713,6.1277000058908015,12.152358985790737,True,True,True,True,torch.float32,torch.float32,torch.float64,torch.float64,torch.float64,6860,3.8663264256928627,True
63.26910000643693,1.03599999420112,99.24890000547748,163.55400000611553,8.348799994564615,12.228377171608258,True,True,True,True,torch.float32,torch.float32,torch.float64,torch.float64,torch.float64,6860,3.8663264256928627,True
64.39210000098683,1.1968000035267323,100.26219999417663,165.8510999986902,9.496700004092418,12.059009557463261,True,True,True,True,torch.float32,torch.float32,torch.float64,torch.float64,torch.float64,6860,3.8663264256928627,True
63.32760000077542,1.0334999969927594,101.63990000000922,166.0009999977774,10.36940000631148,12.04812019220835,True,True,True,True,torch.float32,torch.float32,torch.float64,torch.float64,torch.float64,6860,3.8663264256928627,True
63.87820000236388,1.1527999959071167,98.34440000122413,163.37539999949513,6.979300000239164,12.241745085283222,True,True,True,True,torch.float32,torch.float32,torch.float64,torch.float64,torch.float64,6860,3.8663264256928627,True
64.3359000023338,1.8572999979369342,100.45700000046054,166.65020000073127,5.991300000459887,12.001185717096192,True,True,True,True,torch.float32,torch.float32,torch.float64,torch.float64,torch.float64,6860,3.8663264256928627,True
63.93700000626268,1.689699995040428,99.7992000047816,165.4259000060847,6.53279999824008,12.090005252662587,True,True,True,True,torch.float32,torch.float32,torch.float64,torch.float64,torch.float64,6860,3.8663264256928627,True
63.25479999941308,1.0290999998687766,100.34080000332324,164.6247000026051,7.178099993325304,12.148845221697298,True,True,True,True,torch.float32,torch.float32,torch.float64,torch.float64,torch.float64,6860,3.8663264256928627,True
63.086800000746734,1.2449999994714744,100.76890000345884,165.10070000367705,6.132899994554464,12.113819020485419,True,True,True,True,torch.float32,torch.float32,torch.float64,torch.float64,torch.float64,6860,3.8663264256928627,True
63.91240000084508,1.9403000042075291,98.15379999781726,164.00650000286987,9.163599999737926,12.194638626914195,True,True,True,True,torch.float32,torch.float32,torch.float64,torch.float64,torch.float64,6860,3.8663264256928627,True
63.1610999989789,1.0196000002906658,99.99869999592192,164.1793999951915,9.570300004270393,12.181796254941705,True,True,True,True,torch.float32,torch.float32,torch.float64,torch.float64,torch.float64,6860,3.8663264256928627,True
62.7057000019704,1.062900002580136,99.62609999638516,163.3947000009357,6.7530000014812686,12.240299103878808,True,True,True,True,torch.float32,torch.float32,torch.float64,torch.float64,torch.float64,6860,3.8663264256928627,True
62.92889999895124,1.0244000004604459,101.99799999827519,165.95129999768687,9.27629999932833,12.051728428929916,True,True,True,True,torch.float32,torch.float32,torch.float64,torch.float64,torch.float64,6860,3.8663264256928627,True
64.2258000007132,1.0820999959832989,102.95350000524195,168.26140000193845,7.301799996639602,11.88626743850318,True,True,True,True,torch.float32,torch.float32,torch.float64,torch.float64,torch.float64,6860,3.8663264256928627,True
63.33249999443069,1.0250999985146336,99.13410000444856,163.49169999739388,8.030500001041219,12.233036906655695,True,True,True,True,torch.float32,torch.float32,torch.float64,torch.float64,torch.float64,6860,3.8663264256928627,True
63.87949999771081,1.564500002132263,99.03730000223732,164.4813000020804,6.574200000613928,12.159436969276772,True,True,True,True,torch.float32,torch.float32,torch.float64,torch.float64,torch.float64,6860,3.8663264256928627,True
63.11789999745088,1.186599998618476,100.07370000676019,164.37820000282954,8.135099997161888,12.167063515512233,True,True,True,True,torch.float32,torch.float32,torch.float64,torch.float64,torch.float64,6860,3.8663264256928627,True
63.8942000005045,2.1462000004248694,99.70959999918705,165.75000000011642,10.108199996466283,12.066365007533003,True,True,True,True,torch.float32,torch.float32,torch.float64,torch.float64,torch.float64,6860,3.8663264256928627,True
63.03479999769479,1.8297999995411374,97.20080000261078,162.0653999998467,7.957299996633083,12.340697027261166,True,True,True,True,torch.float32,torch.float32,torch.float64,torch.float64,torch.float64,6860,3.8663264256928627,True
62.913199995819014,1.2117000005673617,101.49030000320636,165.61519999959273,7.923199998913333,12.076186243804424,True,True,True,True,torch.float32,torch.float32,torch.float64,torch.float64,torch.float64,6860,3.8663264256928627,True
63.04820000514155,2.0197999983793125,99.22309999819845,164.29110000171931,9.232299998984672,12.173513963806133,True,True,True,True,torch.float32,torch.float32,torch.float64,torch.float64,torch.float64,6860,3.8663264256928627,True
63.69719999929657,1.068700003088452,99.51490000094054,164.28080000332557,8.110599999781698,12.174277212915408,True,True,True,True,torch.float32,torch.float32,torch.float64,torch.float64,torch.float64,6860,3.8663264256928627,True
62.999699999636505,1.8695999970077537,99.88760000123875,164.756899997883,7.273399998666719,12.139097057699546,True,True,True,True,torch.float32,torch.float32,torch.float64,torch.float64,torch.float64,6860,3.8663264256928627,True
62.573700000939425,1.3776999985566363,97.75899999658577,161.71039999608183,12.827500002458692,12.367788342917086,True,True,True,True,torch.float32,torch.float32,torch.float64,torch.float64,torch.float64,6860,3.8663264256928627,True
63.860300004307646,1.941199996508658,98.25390000332845,164.05540000414476,9.528999995382037,12.191003770369468,True,True,True,True,torch.float32,torch.float32,torch.float64,torch.float64,torch.float64,6860,3.8663264256928627,True
63.5206000006292,2.1643000000040047,101.06180000002496,166.74670000065817,10.3023999981815,11.994240365729011,True,True,True,True,torch.float32,torch.float32,torch.float64,torch.float64,torch.float64,6860,3.8663264256928627,True
64.42049999895971,1.949199999216944,99.76610000012442,166.13579999830108,7.149199998821132,12.038344535136028,True,True,True,True,torch.float32,torch.float32,torch.float64,torch.float64,torch.float64,6860,3.8663264256928627,True
62.8223000021535,1.7211999947903678,100.22450000542449,164.76800000236835,9.130899998126552,12.138279277355144,True,True,True,True,torch.float32,torch.float32,torch.float64,torch.float64,torch.float64,6860,3.8663264256928627,True
63.17880000278819,1.399599997967016,101.25990000233287,165.83830000308808,9.935800000675954,12.059940315130811,True,True,True,True,torch.float32,torch.float32,torch.float64,torch.float64,torch.float64,6860,3.8663264256928627,True
62.71779999951832,1.2629000048036687,99.11730000021635,163.09800000453833,10.185399994952604,12.262566064233457,True,True,True,True,torch.float32,torch.float32,torch.float64,torch.float64,torch.float64,6860,3.8663264256928627,True
63.47269999969285,2.338199999940116,100.63999999692896,166.45089999656193,10.40120000106981,12.015555338188681,True,True,True,True,torch.float32,torch.float32,torch.float64,torch.float64,torch.float64,6860,3.8663264256928627,True
63.56919999961974,1.8284000034327619,97.69029999733903,163.08790000039153,8.932900003856048,12.263325482731696,True,True,True,True,torch.float32,torch.float32,torch.float64,torch.float64,torch.float64,6860,3.8663264256928627,True
63.64219999522902,1.9228000019211322,98.6440999986371,164.20909999578726,6.209700004546903,12.179592970494994,True,True,True,True,torch.float32,torch.float32,torch.float64,torch.float64,torch.float64,6860,3.8663264256928627,True
62.96910000673961,1.7261999964830466,101.04460000002291,165.73990000324557,9.538700003759004,12.067100317792127,True,True,True,True,torch.float32,torch.float32,torch.float64,torch.float64,torch.float64,6860,3.8663264256928627,True
63.43520000518765,1.9130000000586733,97.97640000033425,163.32460000558058,9.366799997224007,12.245552720971995,True,True,True,True,torch.float32,torch.float32,torch.float64,torch.float64,torch.float64,6860,3.8663264256928627,True
62.644300000101794,1.003699995635543,99.82709999894723,163.47509999468457,8.92740000563208,12.23427910467729,True,True,True,True,torch.float32,torch.float32,torch.float64,torch.float64,torch.float64,6860,3.8663264256928627,True
63.06800000311341,1.0330000004614703,99.16910000174539,163.27010000532027,8.906600000045728,12.249640319536942,True,True,True,True,torch.float32,torch.float32,torch.float64,torch.float64,torch.float64,6860,3.8663264256928627,True
62.099400005536154,2.198599999246653,99.14249999565072,163.44050000043353,8.645500005513895,12.236869074646094,True,True,True,True,torch.float32,torch.float32,torch.float64,torch.float64,torch.float64,6860,3.8663264256928627,True
63.158900004054885,2.0910999955958687,98.80430000339402,164.05430000304477,9.895800001686439,12.191085512314404,True,True,True,True,torch.float32,torch.float32,torch.float64,torch.float64,torch.float64,6860,3.8663264256928627,True
64.03010000212817,1.9496000022627413,98.3288999996148,164.3086000040057,6.257100001676008,12.172217400374914,True,True,True,True,torch.float32,torch.float32,torch.float64,torch.float64,torch.float64,6860,3.8663264256928627,True
63.54559999454068,1.9838000007439405,99.8745000033523,165.40389999863692,6.523999996716157,12.091613317560721,True,True,True,True,torch.float32,torch.float32,torch.float64,torch.float64,torch.float64,6860,3.8663264256928627,True
62.95170000521466,1.0045999952126294,99.09440000046743,163.05070000089472,6.205199999385513,12.266123359108702,True,True,True,True,torch.float32,torch.float32,torch.float64,torch.float64,torch.float64,6860,3.8663264256928627,True
63.22170000203187,1.0331999947084114,101.24419999920065,165.49909999594092,9.084600002097432,12.084657862484162,True,True,True,True,torch.float32,torch.float32,torch.float64,torch.float64,torch.float64,6860,3.8663264256928627,True
63.074500001675915,1.071799997589551,100.37469999952009,164.52099999878556,6.799200004024897,12.156502817359264,True,True,True,True,torch.float32,torch.float32,torch.float64,torch.float64,torch.float64,6860,3.8663264256928627,True
63.3629000003566,1.009799998428207,100.29539999959525,164.66809999838006,6.588500000361819,12.145643266787406,True,True,True,True,torch.float32,torch.float32,torch.float64,torch.float64,torch.float64,6860,3.8663264256928627,True
63.834100001258776,1.8502000020816922,99.26969999651192,164.95399999985239,7.39140000223415,12.124592310594407,True,True,True,True,torch.float32,torch.float32,torch.float64,torch.float64,torch.float64,6860,3.8663264256928627,True
64.01419999747304,1.1283999992883764,99.55610000179149,164.6986999985529,11.1897000024328,12.143386681361617,True,True,True,True,torch.float32,torch.float32,torch.float64,torch.float64,torch.float64,6860,3.8663264256928627,True
63.96669999958249,1.0105000037583522,101.45699999702629,166.43420000036713,7.18800000322517,12.016760978185903,True,True,True,True,torch.float32,torch.float32,torch.float64,torch.float64,torch.float64,6860,3.8663264256928627,True
63.86539999948582,1.8832999994629063,101.99329999886686,167.74199999781558,10.440600002766587,11.923072337435139,True,True,True,True,torch.float32,torch.float32,torch.float64,torch.float64,torch.float64,6860,3.8663264256928627,True
62.9830000034417,1.2608999968506396,98.79310000542318,163.03700000571553,8.857299995725043,12.267154081158797,True,True,True,True,torch.float32,torch.float32,torch.float64,torch.float64,torch.float64,6860,3.8663264256928627,True
63.253799999074545,0.9989999962272123,101.69690000475384,165.9497000000556,6.208199993125163,12.051844625204685,True,True,True,True,torch.float32,torch.float32,torch.float64,torch.float64,torch.float64,6860,3.8663264256928627,True
63.98899999476271,1.9108000051346608,98.4041999981855,164.30399999808287,8.050999997067265,12.172558184970155,True,True,True,True,torch.float32,torch.float32,torch.float64,torch.float64,torch.float64,6860,3.8663264256928627,True
62.99630000285106,1.0953000019071624,100.20989999611629,164.3015000008745,7.929700004751794,12.17274340154749,True,True,True,True,torch.float32,torch.float32,torch.float64,torch.float64,torch.float64,6860,3.8663264256928627,True
63.49900000350317,1.0841999974218197,99.78370000317227,164.36690000409726,8.126000000629574,12.16789998442597,True,True,True,True,torch.float32,torch.float32,torch.float64,torch.float64,torch.float64,6860,3.8663264256928627,True
64.20860000071116,1.2204000013298355,98.05280000000494,163.48180000204593,8.16820000181906,12.233777704765732,True,True,True,True,torch.float32,torch.float32,torch.float64,torch.float64,torch.float64,6860,3.8663264256928627,True
63.58829999953741,1.9449000028544106,99.61469999689143,165.14789999928325,6.21569999930216,12.110356837771961,True,True,True,True,torch.float32,torch.float32,torch.float64,torch.float64,torch.float64,6860,3.8663264256928627,True
62.58759999764152,2.1612999989883974,97.42479999840725,162.17369999503717,10.137199999007862,12.332455879474933,True,True,True,True,torch.float32,torch.float32,torch.float64,torch.float64,torch.float64,6860,3.8663264256928627,True
63.92000000050757,0.9857999975793064,101.69080000196118,166.59660000004806,7.815299999492709,12.00504692172243,True,True,True,True,torch.float32,torch.float32,torch.float64,torch.float64,torch.float64,6860,3.8663264256928627,True
63.30329999764217,2.293400000780821,97.65029999834951,163.2469999967725,7.8847000040696,12.251373685516679,True,True,True,True,torch.float32,torch.float32,torch.float64,torch.float64,torch.float64,6860,3.8663264256928627,True
62.52710000262596,1.8666999967535958,98.39389999979176,162.7876999991713,9.001200000056997,12.28594052259588,True,True,True,True,torch.float32,torch.float32,torch.float64,torch.float64,torch.float64,6860,3.8663264256928627,True
63.29709999408806,1.048600002832245,100.02759999770205,164.37329999462236,8.058999999775551,12.16742621864641,True,True,True,True,torch.float32,torch.float32,torch.float64,torch.float64,torch.float64,6860,3.8663264256928627,True
63.0444999987958,1.0345000046072528,98.19169999536825,162.2706999987713,7.4690000037662685,12.325083949321373,True,True,True,True,torch.float32,torch.float32,torch.float64,torch.float64,torch.float64,6860,3.8663264256928627,True
62.72689999605063,1.0469000044395216,101.00579999561887,164.77959999610903,10.427599998365622,12.13742477859654,True,True,True,True,torch.float32,torch.float32,torch.float64,torch.float64,torch.float64,6860,3.8663264256928627,True
63.064699999813456,1.5159999966272153,98.27490000316175,162.85559999960242,9.088799997698516,12.280818099008464,True,True,True,True,torch.float32,torch.float32,torch.float64,torch.float64,torch.float64,6860,3.8663264256928627,True
61.011199999484234,1.320700001087971,100.62379999726545,162.95569999783766,6.155200004286598,12.273274270409313,True,True,True,True,torch.float32,torch.float32,torch.float64,torch.float64,torch.float64,6860,3.8663264256928627,True
64.00619999476476,1.2551000036182813,99.71809999842662,164.97939999680966,11.062800003855955,12.12272562537308,True,True,True,True,torch.float32,torch.float32,torch.float64,torch.float64,torch.float64,6860,3.8663264256928627,True
63.345499998831656,1.2308000004850328,97.84100000251783,162.41730000183452,8.50689999788301,12.313959165540924,True,True,True,True,torch.float32,torch.float32,torch.float64,torch.float64,torch.float64,6860,3.8663264256928627,True
62.70300000323914,0.9998999958042987,100.80520000337856,164.508100002422,9.382799995364621,12.157456076451886,True,True,True,True,torch.float32,torch.float32,torch.float64,torch.float64,torch.float64,6860,3.8663264256928627,True
62.760200002230704,1.0148000001208857,99.93240000039805,163.70740000274964,11.140199996589217,12.216918721856239,True,True,True,True,torch.float32,torch.float32,torch.float64,torch.float64,torch.float64,6860,3.8663264256928627,True
61.48360000224784,1.1691999970935285,99.43120000389172,162.0840000032331,7.993699997314252,12.339280866464957,True,True,True,True,torch.float32,torch.float32,torch.float64,torch.float64,torch.float64,6860,3.8663264256928627,True
63.527199999953154,1.0074000019812956,101.0969999988447,165.63160000077914,7.234199998492841,12.07499052107564,True,True,True,True,torch.float32,torch.float32,torch.float64,torch.float64,torch.float64,6860,3.8663264256928627,True
62.76069999876199,1.0290999998687766,98.41070000402397,162.20050000265473,7.187600000179373,12.330418216758062,True,True,True,True,torch.float32,torch.float32,torch.float64,torch.float64,torch.float64,6860,3.8663264256928627,True
63.32029999612132,2.1948000066913664,99.37919999356382,164.8942999963765,9.996400003728922,12.128982020870032,True,True,True,True,torch.float32,torch.float32,torch.float64,torch.float64,torch.float64,6860,3.8663264256928627,True
63.875500003632624,1.077399996574968,98.7299000044004,163.682800004608,11.913299997104332,12.218754810790724,True,True,True,True,torch.float32,torch.float32,torch.float64,torch.float64,torch.float64,6860,3.8663264256928627,True
62.786200003756676,1.3237000021035783,99.97409999778029,164.08400000364054,6.799199996748939,12.188878866651386,True,True,True,True,torch.float32,torch.float32,torch.float64,torch.float64,torch.float64,6860,3.8663264256928627,True
63.77959999372251,1.9386000058148056,100.15249999560183,165.87069999513915,6.241600000066683,12.057584612946169,True,True,True,True,torch.float32,torch.float32,torch.float64,torch.float64,torch.float64,6860,3.8663264256928627,True
63.38700000196695,1.0148000001208857,98.15209999942454,162.55390000151237,9.326200000941753,12.303611294354626,True,True,True,True,torch.float32,torch.float32,torch.float64,torch.float64,torch.float64,6860,3.8663264256928627,True
64.24929999775486,1.0890999983530492,100.19770000508288,165.5361000011908,6.255000000237487,12.081956745299744,True,True,True,True,torch.float32,torch.float32,torch.float64,torch.float64,torch.float64,6860,3.8663264256928627,True
62.99819999549072,1.0379000013926998,99.27009999955771,163.30619999644114,10.423699997772928,12.24693244986158,True,True,True,True,torch.float32,torch.float32,torch.float64,torch.float64,torch.float64,6860,3.8663264256928627,True
63.178000003972556,2.5160999939544126,99.37809999973979,165.07219999766676,6.811700004618615,12.115910492670901,True,True,True,True,torch.float32,torch.float32,torch.float64,torch.float64,torch.float64,6860,3.8663264256928627,True
62.06219999876339,1.4537000024574809,99.90079999988666,163.41670000110753,11.068299994803965,12.238651251594515,True,True,True,True,torch.float32,torch.float32,torch.float64,torch.float64,torch.float64,6860,3.8663264256928627,True
63.89080000371905,1.974899998458568,98.16979999595787,164.0354999981355,9.274100004404318,12.192482724914624,True,True,True,True,torch.float32,torch.float32,torch.float64,torch.float64,torch.float64,6860,3.8663264256928627,True
62.93329999607522,1.051200000802055,98.84779999993043,162.8322999968077,7.642600001418032,12.28257538608255,True,True,True,True,torch.float32,torch.float32,torch.float64,torch.float64,torch.float64,6860,3.8663264256928627,True
63.56399999640416,2.0985000010114163,98.3745000048657,164.03700000228127,11.237299993808847,12.192371233149752,True,True,True,True,torch.float32,torch.float32,torch.float64,torch.float64,torch.float64,6860,3.8663264256928627,True
62.965500001155306,1.059200003510341,99.12429999531014,163.14899999997579,7.043300000077579,12.258732814790754,True,True,True,True,torch.float32,torch.float32,torch.float64,torch.float64,torch.float64,6860,3.8663264256928627,True
62.992799998028204,2.1683000013581477,97.10849999828497,162.26959999767132,9.59090000105789,12.325167499203186,True,True,True,True,torch.float32,torch.float32,torch.float64,torch.float64,torch.float64,6860,3.8663264256928627,True
62.23479999607662,1.0172000038437545,100.51569999632193,163.7676999962423,10.386100002506282,12.212420398197512,True,True,True,True,torch.float32,torch.float32,torch.float64,torch.float64,torch.float64,6860,3.8663264256928627,True
63.60739999945508,1.9864999994751997,98.66930000134744,164.26320000027772,6.921100000909064,12.175581627513761,True,True,True,True,torch.float32,torch.float32,torch.float64,torch.float64,torch.float64,6860,3.8663264256928627,True
63.08050000370713,1.0829000020748936,100.05629999795929,164.2197000037413,11.827900001662783,12.178806805483358,True,True,True,True,torch.float32,torch.float32,torch.float64,torch.float64,torch.float64,6860,3.8663264256928627,True
63.66229999548523,1.9622000036179088,99.38870000041788,165.01319999952102,7.719200002611615,12.120242501847157,True,True,True,True,torch.float32,torch.float32,torch.float64,torch.float64,torch.float64,6860,3.8663264256928627,True
62.87209999572951,1.303199998801574,98.69260000414215,162.86789999867324,7.816299999831244,12.279890635394038,True,True,True,True,torch.float32,torch.float32,torch.float64,torch.float64,torch.float64,6860,3.8663264256928627,True
62.223499997344334,1.5334999989136122,98.1928000037442,161.94980000000214,10.255399996822234,12.349505834523868,True,True,True,True,torch.float32,torch.float32,torch.float64,torch.float64,torch.float64,6860,3.8663264256928627,True
63.62770000123419,1.2965999994776212,99.55539999646135,164.47969999717316,8.105799999611918,12.15955525231608,True,True,True,True,torch.float32,torch.float32,torch.float64,torch.float64,torch.float64,6860,3.8663264256928627,True
62.93739999819081,2.5467000014032237,97.85740000370424,163.34150000329828,10.667399998055771,12.244285744649185,True,True,True,True,torch.float32,torch.float32,torch.float64,torch.float64,torch.float64,6860,3.8663264256928627,True
63.282100003561936,1.9299999985378236,101.36749999946915,166.5796000015689,8.85050000215415,12.006272076419702,True,True,True,True,torch.float32,torch.float32,torch.float64,torch.float64,torch.float64,6860,3.8663264256928627,True
62.597700001788326,1.4678000006824732,100.23760000331094,164.30310000578174,8.205899997847155,12.172624861792753,True,True,True,True,torch.float32,torch.float32,torch.float64,torch.float64,torch.float64,6860,3.8663264256928627,True
62.938900002336595,1.1310999980196357,99.02259999944363,163.09259999979986,6.045699999958742,12.262972078453924,True,True,True,True,torch.float32,torch.float32,torch.float64,torch.float64,torch.float64,6860,3.8663264256928627,True
62.839500002155546,1.036599998769816,101.13390000333311,165.01000000425847,9.671599997091107,12.120477546502547,True,True,True,True,torch.float32,torch.float32,torch.float64,torch.float64,torch.float64,6860,3.8663264256928627,True
63.87910000194097,1.3644999999087304,100.31090000120457,165.55450000305427,10.676799996872433,12.080613936577397,True,True,True,True,torch.float32,torch.float32,torch.float64,torch.float64,torch.float64,6860,3.8663264256928627,True
63.44430000171997,1.0371999960625544,101.24300000461517,165.7245000023977,8.636200000182725,12.068221656852572,True,True,True,True,torch.float32,torch.float32,torch.float64,torch.float64,torch.float64,6860,3.8663264256928627,True
63.20830000186106,1.0939999992842786,101.53800000261981,165.84030000376515,10.79829999798676,12.059794874675173,True,True,True,True,torch.float32,torch.float32,torch.float64,torch.float64,torch.float64,6860,3.8663264256928627,True
63.28680000297027,1.9430000029387884,98.04629999416647,163.27610000007553,6.998000004386995,12.249190175408861,True,True,True,True,torch.float32,torch.float32,torch.float64,torch.float64,torch.float64,6860,3.8663264256928627,True
63.674500001070555,1.8739000006462447,98.33439999783877,163.88279999955557,7.561099999293219,12.203843234344445,True,True,True,True,torch.float32,torch.float32,torch.float64,torch.float64,torch.float64,6860,3.8663264256928627,True
63.033899998117704,2.012299999478273,97.17950000049314,162.2256999980891,8.021800000278745,12.328502820598452,True,True,True,True,torch.float32,torch.float32,torch.float64,torch.float64,torch.float64,6860,3.8663264256928627,True
63.40949999867007,2.0392000005813316,99.25120000116294,164.69990000041435,6.3452000031247735,12.14329820476496,True,True,True,True,torch.float32,torch.float32,torch.float64,torch.float64,torch.float64,6860,3.8663264256928627,True
62.93369999912102,1.0402000043541193,97.33319999941159,161.30710000288673,8.024900002055801,12.398710285934149,True,True,True,True,torch.float32,torch.float32,torch.float64,torch.float64,torch.float64,6860,3.8663264256928627,True
62.329300002602395,1.2260000003152527,99.85939999751281,163.41470000043046,10.14020000002347,12.238801038062865,True,True,True,True,torch.float32,torch.float32,torch.float64,torch.float64,torch.float64,6860,3.8663264256928627,True
63.09550000150921,1.0469999979250133,99.48930000246037,163.6318000018946,6.081200001062825,12.222563095784825,True,True,True,True,torch.float32,torch.float32,torch.float64,torch.float64,torch.float64,6860,3.8663264256928627,True
63.393600001290906,1.893499997095205,98.27219999715453,163.55929999554064,6.170699998619966,12.227980922237554,True,True,True,True,torch.float32,torch.float32,torch.float64,torch.float64,torch.float64,6860,3.8663264256928627,True
63.055400001758244,1.0408999951323494,99.81490000063786,163.91119999752846,7.492500000807922,12.201728741112,True,True,True,True,torch.float32,torch.float32,torch.float64,torch.float64,torch.float64,6860,3.8663264256928627,True
62.86980000004405,1.116599996748846,98.1653000053484,162.1517000021413,10.11609999841312,12.334129090065593,True,True,True,True,torch.float32,torch.float32,torch.float64,torch.float64,torch.float64,6860,3.8663264256928627,True
63.872500002617016,2.026599999226164,99.91879999870434,165.81790000054752,7.005699997534975,12.061424007862819,True,True,True,True,torch.float32,torch.float32,torch.float64,torch.float64,torch.float64,6860,3.8663264256928627,True
62.709099998755846,1.3193000049795955,98.42009999556467,162.4484999993001,8.0350999996881,12.311594136040757,True,True,True,True,torch.float32,torch.float32,torch.float64,torch.float64,torch.float64,6860,3.8663264256928627,True
61.499399998865556,1.8888000049628317,98.72039999754634,162.10860000137473,10.433299998112489,12.337408379216399,True,True,True,True,torch.float32,torch.float32,torch.float64,torch.float64,torch.float64,6860,3.8663264256928627,True
63.128399997367524,1.0806999998749234,99.49430000415305,163.7034000013955,6.8868000016664155,12.217217235457241,True,True,True,True,torch.float32,torch.float32,torch.float64,torch.float64,torch.float64,6860,3.8663264256928627,True
63.41089999477845,1.8905000033555552,98.78279999975348,164.08419999788748,6.539399997564033,12.188864010220053,True,True,True,True,torch.float32,torch.float32,torch.float64,torch.float64,torch.float64,6860,3.8663264256928627,True
62.87490000249818,1.7598999984329566,98.91719999723136,163.5519999981625,8.295799998450093,12.228526707239716,True,True,True,True,torch.float32,torch.float32,torch.float64,torch.float64,torch.float64,6860,3.8663264256928627,True
62.53949999518227,1.0496000031707808,99.27169999718899,162.86079999554204,10.829900005774107,12.280425983752663,True,True,True,True,torch.float32,torch.float32,torch.float64,torch.float64,torch.float64,6860,3.8663264256928627,True
63.68839999777265,1.024700002744794,100.41649999766378,165.12959999818122,6.480800002464093,12.111698932366023,True,True,True,True,torch.float32,torch.float32,torch.float64,torch.float64,torch.float64,6860,3.8663264256928627,True
63.655799996922724,1.0314000028301962,99.6032999973977,164.29049999715062,10.037100000772625,12.173558422639697,True,True,True,True,torch.float32,torch.float32,torch.float64,torch.float64,torch.float64,6860,3.8663264256928627,True
63.519700001052115,1.2197999967611395,100.01239999837708,164.75189999619033,8.60600000305567,12.13946546319798,True,True,True,True,torch.float32,torch.float32,torch.float64,torch.float64,torch.float64,6860,3.8663264256928627,True
64.41949999862118,1.205200002004858,101.15909999876749,166.78379999939352,11.10559999506222,11.99157232301502,True,True,True,True,torch.float32,torch.float32,torch.float64,torch.float64,torch.float64,6860,3.8663264256928627,True
64.01610000466462,1.8819999968400225,98.49799999938114,164.39610000088578,10.980999999446794,12.165738724879871,True,True,True,True,torch.float32,torch.float32,torch.float64,torch.float64,torch.float64,6860,3.8663264256928627,True
62.06179999571759,1.9979000062448904,98.49549999489682,162.5551999968593,10.732200003985781,12.303512899240637,True,True,True,True,torch.float32,torch.float32,torch.float64,torch.float64,torch.float64,6860,3.8663264256928627,True
63.78249999397667,0.9968000013031997,98.76010000152746,163.53939999680733,7.3562999968999065,12.229468862176605,True,True,True,True,torch.float32,torch.float32,torch.float64,torch.float64,torch.float64,6860,3.8663264256928627,True
62.1776999978465,1.1039000019081868,97.94800000236137,161.22960000211606,6.752499997674022,12.404670110040284,True,True,True,True,torch.float32,torch.float32,torch.float64,torch.float64,torch.float64,6860,3.8663264256928627,True
63.41740000061691,1.1177999986102805,98.90240000095218,163.43760000017937,8.3087999955751,12.237086202916618,True,True,True,True,torch.float32,torch.float32,torch.float64,torch.float64,torch.float64,6860,3.8663264256928627,True
63.18420000025071,1.938100002007559,97.34789999492932,162.4701999971876,6.385799999407027,12.309949763308106,True,True,True,True,torch.float32,torch.float32,torch.float64,torch.float64,torch.float64,6860,3.8663264256928627,True
62.39579999964917,1.0533000022405759,101.29690000030678,164.74600000219652,11.260199993557762,12.139900209858414,True,True,True,True,torch.float32,torch.float32,torch.float64,torch.float64,torch.float64,6860,3.8663264256928627,True
63.08759999956237,1.8228000044473447,97.04709999641636,161.95750000042608,9.232099997461773,12.348918697774035,True,True,True,True,torch.float32,torch.float32,torch.float64,torch.float64,torch.float64,6860,3.8663264256928627,True
63.15540000650799,1.7066000000340864,97.96769999957178,162.82970000611385,10.146199994778726,12.282771508667675,True,True,True,True,torch.float32,torch.float32,torch.float64,torch.float64,torch.float64,6860,3.8663264256928627,True
63.509899999189656,1.0312000013072975,99.84999999869615,164.3910999991931,7.801699997799005,12.166108749255992,True,True,True,True,torch.float32,torch.float32,torch.float64,torch.float64,torch.float64,6860,3.8663264256928627,True
63.338200001453515,2.08089999796357,97.65470000274945,163.07380000216654,10.106599998835009,12.264385817791876,True,True,True,True,torch.float32,torch.float32,torch.float64,torch.float64,torch.float64,6860,3.8663264256928627,True
63.22129999898607,0.9983999989344738,100.46440000587609,164.68410000379663,6.534299995109905,12.144463247841728,True,True,True,True,torch.float32,torch.float32,torch.float64,torch.float64,torch.float64,6860,3.8663264256928627,True
63.40199999976903,1.9343000021763146,98.10709999874234,163.4434000006877,6.600799999432638,12.236651954080648,True,True,True,True,torch.float32,torch.float32,torch.float64,torch.float64,torch.float64,6860,3.8663264256928627,True
62.312100002600346,1.0311000005458482,98.97669999918435,162.31990000233054,10.777299998153467,12.321348152452561,True,True,True,True,torch.float32,torch.float32,torch.float64,torch.float64,torch.float64,6860,3.8663264256928627,True
63.756400006241165,1.0640999971656129,100.74680000252556,165.56730000593234,9.538799997244496,12.079679984685015,True,True,True,True,torch.float32,torch.float32,torch.float64,torch.float64,torch.float64,6860,3.8663264256928627,True
62.41000000591157,1.0198999952990562,97.82320000522304,161.25310000643367,6.773999994038604,12.402862332074262,True,True,True,True,torch.float32,torch.float32,torch.float64,torch.float64,torch.float64,6860,3.8663264256928627,True
62.72090000129538,1.1616999981924891,98.77550000237534,162.6581000018632,8.72009999875445,12.29572950856484,True,True,True,True,torch.float32,torch.float32,torch.float64,torch.float64,torch.float64,6860,3.8663264256928627,True
62.88510000013048,1.021800002490636,99.64369999943301,163.55060000205413,8.73660000070231,12.22863138365057,True,True,True,True,torch.float32,torch.float32,torch.float64,torch.float64,torch.float64,6860,3.8663264256928627,True
63.61830000241753,1.2177000025985762,99.49950000009267,164.33550000510877,9.93719999678433,12.170224935804042,True,True,True,True,torch.float32,torch.float32,torch.float64,torch.float64,torch.float64,6860,3.8663264256928627,True
63.27649999730056,1.0488000043551438,100.08340000058524,164.40870000224095,11.491199998999946,12.164806363487694,True,True,True,True,torch.float32,torch.float32,torch.float64,torch.float64,torch.float64,6860,3.8663264256928627,True
63.11260000074981,1.1042999976780266,98.97120000096038,163.1880999993882,6.889800002682023,12.255795612593674,True,True,True,True,torch.float32,torch.float32,torch.float64,torch.float64,torch.float64,6860,3.8663264256928627,True
63.1913999968674,2.1788000012747943,99.65219999867259,165.02239999681478,8.660899999085814,12.119566798438294,True,True,True,True,torch.float32,torch.float32,torch.float64,torch.float64,torch.float64,6860,3.8663264256928627,True
63.70259999675909,1.8684000024222769,100.40039999876171,165.97139999794308,11.002699997334275,12.050268901899884,True,True,True,True,torch.float32,torch.float32,torch.float64,torch.float64,torch.float64,6860,3.8663264256928627,True
62.70840000070166,1.51940000068862,99.61789999942994,163.84570000082022,10.74730000254931,12.206606581619097,True,True,True,True,torch.float32,torch.float32,torch.float64,torch.float64,torch.float64,6860,3.8663264256928627,True
64.44650000048568,1.9259000036981888,99.34049999719718,165.71290000138106,7.917599999927916,12.069066439506713,True,True,True,True,torch.float32,torch.float32,torch.float64,torch.float64,torch.float64,6860,3.8663264256928627,True
62.707099998078775,1.5921000012895092,97.90339999744901,162.2025999968173,6.393499999830965,12.330258578094577,True,True,True,True,torch.float32,torch.float32,torch.float64,torch.float64,torch.float64,6860,3.8663264256928627,True
62.91860000055749,1.4204000035533682,99.20029999921098,163.53930000332184,11.084099998697639,12.229476339689455,True,True,True,True,torch.float32,torch.float32,torch.float64,torch.float64,torch.float64,6860,3.8663264256928627,True
63.38800000230549,1.9289999981992878,98.48780000174884,163.80480000225361,10.721799997554626,12.209654417773375,True,True,True,True,torch.float32,torch.float32,torch.float64,torch.float64,torch.float64,6860,3.8663264256928627,True
62.18339999759337,1.1889000015798956,99.1926999995485,162.56499999872176,9.709999998449348,12.302771199309358,True,True,True,True,torch.float32,torch.float32,torch.float64,torch.float64,torch.float64,6860,3.8663264256928627,True
63.02440000581555,1.086599993868731,99.08870000072056,163.19970000040485,9.122800001932774,12.254924488188633,True,True,True,True,torch.float32,torch.float32,torch.float64,torch.float64,torch.float64,6860,3.8663264256928627,True
62.56120000034571,1.0400999963167123,99.19920000538696,162.80050000204938,6.773999994038604,12.284974554591807,True,True,True,True,torch.float32,torch.float32,torch.float64,torch.float64,torch.float64,6860,3.8663264256928627,True
63.70020000031218,1.9433999987086281,99.04640000604559,164.6900000050664,7.05799999559531,12.144028173771774,True,True,True,True,torch.float32,torch.float32,torch.float64,torch.float64,torch.float64,6860,3.8663264256928627,True
63.06169999879785,1.9590000010794029,97.52019999723416,162.5408999971114,8.52149999991525,12.304595335915717,True,True,True,True,torch.float32,torch.float32,torch.float64,torch.float64,torch.float64,6860,3.8663264256928627,True
62.806100002489984,1.0265000018989667,101.68779999366961,165.52039999805856,8.795900001132395,12.083102747597628,True,True,True,True,torch.float32,torch.float32,torch.float64,torch.float64,torch.float64,6860,3.8663264256928627,True
63.09999999939464,1.9668000022647902,98.92379999655532,163.99059999821475,10.783300000184681,12.195820980115766,True,True,True,True,torch.float32,torch.float32,torch.float64,torch.float64,torch.float64,6860,3.8663264256928627,True
62.62539999443106,1.0465000013937242,99.60290000162786,163.27479999745265,6.72840000333963,12.249287704111126,True,True,True,True,torch.float32,torch.float32,torch.float64,torch.float64,torch.float64,6860,3.8663264256928627,True
63.292699996964075,1.967000003787689,99.8022999992827,165.06200000003446,11.330399996950291,12.116659194724301,True,True,True,True,torch.float32,torch.float32,torch.float64,torch.float64,torch.float64,6860,3.8663264256928627,True
63.803099998040125,2.0623000018531457,99.94600000209175,165.81140000198502,6.035999998857733,12.061896829627257,True,True,True,True,torch.float32,torch.float32,torch.float64,torch.float64,torch.float64,6860,3.8663264256928627,True
63.4801000051084,1.8901999937952496,99.8539000065648,165.22420000546845,7.464199996320531,12.104764313785788,True,True,True,True,torch.float32,torch.float32,torch.float64,torch.float64,torch.float64,6860,3.8663264256928627,True
62.660200004756916,1.2399999977787957,98.9869000040926,162.88710000662832,9.384400000271853,12.27844316657743,True,True,True,True,torch.float32,torch.float32,torch.float64,torch.float64,torch.float64,6860,3.8663264256928627,True
62.37870000040857,1.0158000004594214,99.68600000138395,163.08050000225194,7.014399998297449,12.263881947703021,True,True,True,True,torch.float32,torch.float32,torch.float64,torch.float64,torch.float64,6860,3.8663264256928627,True
62.948500002676155,1.8933000028482638,98.8193000011961,163.66110000672052,7.2033999967970885,12.220374908380016,True,True,True,True,torch.float32,torch.float32,torch.float64,torch.float64,torch.float64,6860,3.8663264256928627,True
62.70340000628494,1.1653999972622842,98.50639999785926,162.37520000140648,7.053600005747285,12.317151880229716,True,True,True,True,torch.float32,torch.float32,torch.float64,torch.float64,torch.float64,6860,3.8663264256928627,True
63.60829999903217,0.9971999970730394,101.78630000154953,166.39179999765474,11.125199998787139,12.019823092413144,True,True,True,True,torch.float32,torch.float32,torch.float64,torch.float64,torch.float64,6860,3.8663264256928627,True
63.15510000422364,1.952599996002391,98.86299999925541,163.97069999948144,7.485300004191231,12.197301103223472,True,True,True,True,torch.float32,torch.float32,torch.float64,torch.float64,torch.float64,6860,3.8663264256928627,True
63.10239999584155,1.0345999980927445,101.15120000409661,165.2881999980309,9.497200000623707,12.10007731963822,True,True,True,True,torch.float32,torch.float32,torch.float64,torch.float64,torch.float64,6860,3.8663264256928627,True
64.03850000060629,1.0273000007146038,99.56919999967795,164.63500000099884,7.34060000104364,12.148085158003255,True,True,True,True,torch.float32,torch.float32,torch.float64,torch.float64,torch.float64,6860,3.8663264256928627,True
62.40189999516588,1.2420000057318248,98.98589999647811,162.6297999973758,7.460300003003795,12.297869148411127,True,True,True,True,torch.float32,torch.float32,torch.float64,torch.float64,torch.float64,6860,3.8663264256928627,True
62.752500001806766,1.0017000022344291,101.24179999547778,164.99599999951897,10.463500002515502,12.121505975937785,True,True,True,True,torch.float32,torch.float32,torch.float64,torch.float64,torch.float64,6860,3.8663264256928627,True
63.662300002761185,1.9516999964253046,98.48410000267904,164.09810000186553,8.143799997924361,12.187831546966498,True,True,True,True,torch.float32,torch.float32,torch.float64,torch.float64,torch.float64,6860,3.8663264256928627,True
63.261199997214135,1.9616999998106621,100.13900000194553,165.36189999897033,10.923699999693781,12.094684446734426,True,True,True,True,torch.float32,torch.float32,torch.float64,torch.float64,torch.float64,6860,3.8663264256928627,True
63.43139999808045,2.010700001846999,100.94789999857312,166.38999999850057,7.857600001443643,12.019953122291142,True,True,True,True,torch.float32,torch.float32,torch.float64,torch.float64,torch.float64,6860,3.8663264256928627,True
62.81189999572234,1.1528000031830743,99.80930000165245,163.77400000055786,6.330199998046737,12.211950614830116,True,True,True,True,torch.float32,torch.float32,torch.float64,torch.float64,torch.float64,6860,3.8663264256928627,True
63.27759999840055,1.927000004798174,100.89509999670554,166.09969999990426,8.689800000865944,12.040960940935792,True,True,True,True,torch.float32,torch.float32,torch.float64,torch.float64,torch.float64,6860,3.8663264256928627,True
63.519499999529216,1.0045999952126294,98.56140000192681,163.08549999666866,10.546700003033038,12.263505952649707,True,True,True,True,torch.float32,torch.float32,torch.float64,torch.float64,torch.float64,6860,3.8663264256928627,True
62.28499999997439,1.843999998527579,98.98709999833954,163.1160999968415,6.520900002215058,12.261205362552973,True,True,True,True,torch.float32,torch.float32,torch.float64,torch.float64,torch.float64,6860,3.8663264256928627,True
63.38220000179717,1.948899996932596,100.22839999874122,165.559499997471,7.274000003235415,12.080249094920866,True,True,True,True,torch.float32,torch.float32,torch.float64,torch.float64,torch.float64,6860,3.8663264256928627,True
62.38830000074813,1.0823999982676469,98.17330000078073,161.6439999997965,9.166199997707736,12.372868773369365,True,True,True,True,torch.float32,torch.float32,torch.float64,torch.float64,torch.float64,6860,3.8663264256928627,True
63.51069999800529,1.9552000012481585,99.38320000219392,164.84910000144737,8.256499997514766,12.132307667936557,True,True,True,True,torch.float32,torch.float32,torch.float64,torch.float64,torch.float64,6860,3.8663264256928627,True
63.49690000206465,1.8247999978484586,99.0179000000353,164.3395999999484,8.247500001743902,12.169921309292635,True,True,True,True,torch.float32,torch.float32,torch.float64,torch.float64,torch.float64,6860,3.8663264256928627,True
62.93290000030538,2.0968999961041845,100.94170000229497,165.97149999870453,11.636800001724623,12.050261641399944,True,True,True,True,torch.float32,torch.float32,torch.float64,torch.float64,torch.float64,6860,3.8663264256928627,True
63.720300000568386,1.0516000038478523,99.18059999472462,163.95249999914085,6.917600003362168,12.198655098339339,True,True,True,True,torch.float32,torch.float32,torch.float64,torch.float64,torch.float64,6860,3.8663264256928627,True
63.39780000416795,1.7588999980944209,98.02179999678629,163.17849999904865,10.112700001627672,12.256516636760727,True,True,True,True,torch.float32,torch.float32,torch.float64,torch.float64,torch.float64,6860,3.8663264256928627,True
62.72460000036517,1.0247999962302856,100.41410000121687,164.16349999781232,6.150799999886658,12.182976118483417,True,True,True,True,torch.float32,torch.float32,torch.float64,torch.float64,torch.float64,6860,3.8663264256928627,True
62.803599998005666,1.0198000018135644,97.59539999504341,161.41879999486264,9.905700004310347,12.390130518029205,True,True,True,True,torch.float32,torch.float32,torch.float64,torch.float64,torch.float64,6860,3.8663264256928627,True
63.774000002013054,2.0183000015094876,99.91119999904186,165.7035000025644,6.2034000002313405,12.069751091371325,True,True,True,True,torch.float32,torch.float32,torch.float64,torch.float64,torch.float64,6860,3.8663264256928627,True
63.75580000167247,1.912899999297224,98.54900000209454,164.21770000306424,7.599399999890011,12.1789551306752,True,True,True,True,torch.float32,torch.float32,torch.float64,torch.float64,torch.float64,6860,3.8663264256928627,True
61.48850000317907,1.1475999999674968,99.30690000328468,161.94300000643125,9.381099996971898,12.350024390807716,True,True,True,True,torch.float32,torch.float32,torch.float64,torch.float64,torch.float64,6860,3.8663264256928627,True
63.34849999984726,1.2496999988798052,100.21039999992354,164.8085999986506,8.756300005188677,12.135289056617042,True,True,True,True,torch.float32,torch.float32,torch.float64,torch.float64,torch.float64,6860,3.8663264256928627,True
63.5787999999593,1.051500003086403,100.29360000044107,164.92390000348678,10.795099995448254,12.126805150482838,True,True,True,True,torch.float32,torch.float32,torch.float64,torch.float64,torch.float64,6860,3.8663264256928627,True
63.16830000287155,1.9153999965055846,99.5349000004353,164.61859999981243,8.260499998868909,12.149295401627027,True,True,True,True,torch.float32,torch.float32,torch.float64,torch.float64,torch.float64,6860,3.8663264256928627,True
63.27450000389945,1.1023999977624044,99.37560000253143,163.75250000419328,7.474300000467338,12.213553991229356,True,True,True,True,torch.float32,torch.float32,torch.float64,torch.float64,torch.float64,6860,3.8663264256928627,True
61.54399999650195,1.8514000039431266,99.48609999992186,162.88150000036694,10.330400000384543,12.278865310029035,True,True,True,True,torch.float32,torch.float32,torch.float64,torch.float64,torch.float64,6860,3.8663264256928627,True
62.869000001228414,1.195799995912239,99.07000000384869,163.13480000098934,10.367099996074103,12.259799870952556,True,True,True,True,torch.float32,torch.float32,torch.float64,torch.float64,torch.float64,6860,3.8663264256928627,True
63.06310000218218,1.5225000024656765,97.68349999649217,162.26910000114003,7.527599998866208,12.32520547649521,True,True,True,True,torch.float32,torch.float32,torch.float64,torch.float64,torch.float64,6860,3.8663264256928627,True
63.48349999461789,1.0656000013113953,101.5112000022782,166.06029999820748,11.603300001297612,12.0438178181154,True,True,True,True,torch.float32,torch.float32,torch.float64,torch.float64,torch.float64,6860,3.8663264256928627,True
63.381799998751376,1.0395999997854233,98.04659999645082,162.46799999498762,9.29780000296887,12.310116454081438,True,True,True,True,torch.float32,torch.float32,torch.float64,torch.float64,torch.float64,6860,3.8663264256928627,True
62.43249999533873,1.0765000042738393,99.92509999574395,163.43409999535652,9.543899999698624,12.23734826487755,True,True,True,True,torch.float32,torch.float32,torch.float64,torch.float64,torch.float64,6860,3.8663264256928627,True
62.68259999342263,1.2869000056525692,98.56619999482064,162.53569999389583,7.345900005020667,12.304988996725715,True,True,True,True,torch.float32,torch.float32,torch.float64,torch.float64,torch.float64,6860,3.8663264256928627,True
62.53809999907389,1.0473000002093613,99.2266000030213,162.81200000230456,6.443999998737127,12.284106822419051,True,True,True,True,torch.float32,torch.float32,torch.float64,torch.float64,torch.float64,6860,3.8663264256928627,True
62.72220000391826,1.0192999980063178,100.97919999680016,164.72069999872474,11.334300004818942,12.141764817752012,True,True,True,True,torch.float32,torch.float32,torch.float64,torch.float64,torch.float64,6860,3.8663264256928627,True
62.516099998902064,1.026300000376068,98.2099000029848,161.75230000226293,7.942999996885192,12.364584614698028,True,True,True,True,torch.float32,torch.float32,torch.float64,torch.float64,torch.float64,6860,3.8663264256928627,True
63.55980000080308,1.912899999297224,99.70049999537878,165.17319999547908,6.281500005570706,12.108501863829856,True,True,True,True,torch.float32,torch.float32,torch.float64,torch.float64,torch.float64,6860,3.8663264256928627,True
63.36520000331802,1.899099996080622,98.41240000241669,163.67670000181533,6.203199998708442,12.219210186775626,True,True,True,True,torch.float32,torch.float32,torch.float64,torch.float64,torch.float64,6860,3.8663264256928627,True
63.02630000573117,1.0525999969104305,99.8120000003837,163.8909000030253,10.240099996735808,12.203240082048982,True,True,True,True,torch.float32,torch.float32,torch.float64,torch.float64,torch.float64,6860,3.8663264256928627,True
62.76310000248486,1.0563999967416748,101.57199999957811,165.39149999880465,6.351000003633089,12.092519869609108,True,True,True,True,torch.float32,torch.float32,torch.float64,torch.float64,torch.float64,6860,3.8663264256928627,True
63.2086999976309,1.1363000012352131,99.1853999948944,163.5303999937605,8.304100003442727,12.230141919033462,True,True,True,True,torch.float32,torch.float32,torch.float64,torch.float64,torch.float64,6860,3.8663264256928627,True
63.161500002024695,1.9787999990512617,100.00650000438327,165.14680000545923,7.0170999970287085,12.110437501264853,True,True,True,True,torch.float32,torch.float32,torch.float64,torch.float64,torch.float64,6860,3.8663264256928627,True
62.537300000258256,1.0532000014791265,100.60190000513103,164.1924000068684,7.4903999993694015,12.180831755406079,True,True,True,True,torch.float32,torch.float32,torch.float64,torch.float64,torch.float64,6860,3.8663264256928627,True
62.97410000115633,1.429600000847131,99.4628999978886,163.86659999989206,10.784699996293057,12.205049717278063,True,True,True,True,torch.float32,torch.float32,torch.float64,torch.float64,torch.float64,6860,3.8663264256928627,True
63.44669999816688,1.5204000010271557,99.05259999504779,164.01969999424182,7.430200006638188,12.193657225749183,True,True,True,True,torch.float32,torch.float32,torch.float64,torch.float64,torch.float64,6860,3.8663264256928627,True
63.60570000106236,1.8606000012368895,98.95509999478236,164.4213999970816,10.172800000873394,12.16386674748846,True,True,True,True,torch.float32,torch.float32,torch.float64,torch.float64,torch.float64,6860,3.8663264256928627,True
64.34840000292752,1.9250999976065941,100.71179999795277,166.98529999848688,7.213900003989693,11.977102176168339,True,True,True,True,torch.float32,torch.float32,torch.float64,torch.float64,torch.float64,6860,3.8663264256928627,True
63.04390000150306,1.051699997333344,100.21190000406932,164.30750000290573,8.311899997352157,12.172298890584,True,True,True,True,torch.float32,torch.float32,torch.float64,torch.float64,torch.float64,6860,3.8663264256928627,True
63.335899998492096,2.132100002199877,99.65540000121109,165.12340000190306,11.03750000038417,12.112153698245978,True,True,True,True,torch.float32,torch.float32,torch.float64,torch.float64,torch.float64,6860,3.8663264256928627,True
63.26390000322135,1.9256999948993325,99.3836999987252,164.5732999968459,8.430400004726835,12.152639583932089,True,True,True,True,torch.float32,torch.float32,torch.float64,torch.float64,torch.float64,6860,3.8663264256928627,True
63.47989999630954,1.9065000014961697,97.70209999987856,163.08849999768427,9.50340000417782,12.263280366355682,True,True,True,True,torch.float32,torch.float32,torch.float64,torch.float64,torch.float64,6860,3.8663264256928627,True
62.33960000099614,1.0584999981801957,99.30399999575457,162.7020999949309,8.55730000330368,12.292404339355862,True,True,True,True,torch.float32,torch.float32,torch.float64,torch.float64,torch.float64,6860,3.8663264256928627,True
63.74099999811733,1.9497000030241907,97.75929999887012,163.45000000001164,7.641699994564988,12.236157846435347,True,True,True,True,torch.float32,torch.float32,torch.float64,torch.float64,torch.float64,6860,3.8663264256928627,True
62.806100002489984,1.0763999962364323,98.14950000145473,162.03200000018114,6.40650000423193,12.343240841301498,True,True,True,True,torch.float32,torch.float32,torch.float64,torch.float64,torch.float64,6860,3.8663264256928627,True
63.09830000100192,1.0503000012249686,98.97539999656146,163.12399999878835,11.045300001569558,12.260611559395647,True,True,True,True,torch.float32,torch.float32,torch.float64,torch.float64,torch.float64,6860,3.8663264256928627,True
63.299200002802536,1.0681999992812052,99.37589999753982,163.74329999962356,10.44950000505196,12.214240216268989,True,True,True,True,torch.float32,torch.float32,torch.float64,torch.float64,torch.float64,6860,3.8663264256928627,True
63.478700001724064,2.0010000007459894,99.36770000058459,164.84740000305464,8.166599996911827,12.132432783064457,True,True,True,True,torch.float32,torch.float32,torch.float64,torch.float64,torch.float64,6860,3.8663264256928627,True
63.357600003655534,2.3318000021390617,96.83309999672929,162.52250000252388,6.636800004343968,12.305988401414826,True,True,True,True,torch.float32,torch.float32,torch.float64,torch.float64,torch.float64,6860,3.8663264256928627,True
62.41729999601375,1.2845000019297004,100.99479999917094,164.6965999971144,7.510499999625608,12.143541518374038,True,True,True,True,torch.float32,torch.float32,torch.float64,torch.float64,torch.float64,6860,3.8663264256928627,True
62.77679999766406,1.0514000023249537,97.57790000003297,161.40610000002198,7.954900000186171,12.39110541670809,True,True,True,True,torch.float32,torch.float32,torch.float64,torch.float64,torch.float64,6860,3.8663264256928627,True
64.29290000232868,1.3219999964348972,98.1891000046744,163.80400000343798,8.27259999641683,12.209714048240722,True,True,True,True,torch.float32,torch.float32,torch.float64,torch.float64,torch.float64,6860,3.8663264256928627,True
63.030600002093706,1.253900001756847,98.96699999808334,163.2515000019339,10.917100000369828,12.251035978084783,True,True,True,True,torch.float32,torch.float32,torch.float64,torch.float64,torch.float64,6860,3.8663264256928627,True
62.80450000485871,1.0575999986031093,99.50939999544062,163.37149999890244,10.862700000870973,12.242037319933013,True,True,True,True,torch.float32,torch.float32,torch.float64,torch.float64,torch.float64,6860,3.8663264256928627,True
63.87870000617113,1.3905999949201941,98.8294000053429,164.09870000643423,8.979499994893558,12.18778698381877,True,True,True,True,torch.float32,torch.float32,torch.float64,torch.float64,torch.float64,6860,3.8663264256928627,True
63.20479999703821,1.0378000006312504,99.40030000143452,163.64289999910397,8.100600003672298,12.221734031913092,True,True,True,True,torch.float32,torch.float32,torch.float64,torch.float64,torch.float64,6860,3.8663264256928627,True
62.67649999790592,1.0356000057072379,101.12949999893317,164.84160000254633,10.976300000038464,12.132859666304535,True,True,True,True,torch.float32,torch.float32,torch.float64,torch.float64,torch.float64,6860,3.8663264256928627,True
63.98479999916162,2.0160999993095174,99.75500000291504,165.75590000138618,10.74489999882644,12.065935511093569,True,True,True,True,torch.float32,torch.float32,torch.float64,torch.float64,torch.float64,6860,3.8663264256928627,True
63.59309999970719,1.3267999966046773,99.33219999948051,164.25209999579238,7.133700004487764,12.176404442020733,True,True,True,True,torch.float32,torch.float32,torch.float64,torch.float64,torch.float64,6860,3.8663264256928627,True
62.67919999663718,1.029200000630226,101.48650000337511,165.19490000064252,9.505599999101833,12.106911290797846,True,True,True,True,torch.float32,torch.float32,torch.float64,torch.float64,torch.float64,6860,3.8663264256928627,True
64.3400000044494,1.0512999942875467,100.63990000344347,166.0312000021804,6.889700001920573,12.04592871685403,True,True,True,True,torch.float32,torch.float32,torch.float64,torch.float64,torch.float64,6860,3.8663264256928627,True
63.7055999977747,1.0615999999572523,97.39960000297287,162.16680000070482,6.117600001743995,12.332980610034282,True,True,True,True,torch.float32,torch.float32,torch.float64,torch.float64,torch.float64,6860,3.8663264256928627,True
64.04730000213021,2.222700000857003,100.90209999907529,167.1721000020625,6.066900001314934,11.963718826139797,True,True,True,True,torch.float32,torch.float32,torch.float64,torch.float64,torch.float64,6860,3.8663264256928627,True
63.399499995284714,1.9681999983731657,99.67680000409018,165.04449999774806,8.341799999470823,12.11794394861561,True,True,True,True,torch.float32,torch.float32,torch.float64,torch.float64,torch.float64,6860,3.8663264256928627,True
62.72190000163391,1.2246000042068772,101.13369999453425,165.08020000037504,10.452599999553058,12.11532333977943,True,True,True,True,torch.float32,torch.float32,torch.float64,torch.float64,torch.float64,6860,3.8663264256928627,True
63.913999998476356,1.9544999959180132,98.74260000651702,164.6111000009114,9.588399996573571,12.149848946935697,True,True,True,True,torch.float32,torch.float32,torch.float64,torch.float64,torch.float64,6860,3.8663264256928627,True
63.05900000006659,2.3559000037494116,97.68139999505365,163.09629999886965,10.098800004925579,12.262693880939427,True,True,True,True,torch.float32,torch.float32,torch.float64,torch.float64,torch.float64,6860,3.8663264256928627,True
63.02819999837084,1.2802999990526587,99.39660000236472,163.70509999978822,9.925899998052046,12.217090365557258,True,True,True,True,torch.float32,torch.float32,torch.float64,torch.float64,torch.float64,6860,3.8663264256928627,True
63.8251999989734,1.9593000033637509,97.27749999728985,163.061999999627,7.240400002046954,12.26527333164425,True,True,True,True,torch.float32,torch.float32,torch.float64,torch.float64,torch.float64,6860,3.8663264256928627,True
63.21570000000065,2.285000002302695,99.5242999997572,165.02500000206055,10.815999994520098,12.119375851992288,True,True,True,True,torch.float32,torch.float32,torch.float64,torch.float64,torch.float64,6860,3.8663264256928627,True
65.12509999447502,1.051500003086403,98.38509999826783,164.56169999582926,10.97470000240719,12.153496226951283,True,True,True,True,torch.float32,torch.float32,torch.float64,torch.float64,torch.float64,6860,3.8663264256928627,True
63.425400003325194,0.9986000004573725,99.49290000076871,163.91690000455128,10.122799998498522,12.201304441119058,True,True,True,True,torch.float32,torch.float32,torch.float64,torch.float64,torch.float64,6860,3.8663264256928627,True
62.81489999673795,1.0543000025791116,101.67170000204351,165.54090000136057,7.588599997689016,12.08160641861656,True,True,True,True,torch.float32,torch.float32,torch.float64,torch.float64,torch.float64,6860,3.8663264256928627,True
63.15539999923203,1.1942000055569224,100.1310999999987,164.48070000478765,7.2070999958668835,12.15948132481066,True,True,True,True,torch.float32,torch.float32,torch.float64,torch.float64,torch.float64,6860,3.8663264256928627,True
61.27129999367753,1.215500000398606,100.30840000399621,162.79519999807235,6.453900001361035,12.285374507501952,True,True,True,True,torch.float32,torch.float32,torch.float64,torch.float64,torch.float64,6860,3.8663264256928627,True
62.6369000019622,1.0240999981760979,99.00519999791868,162.66619999805698,6.70689999969909,12.295117240237305,True,True,True,True,torch.float32,torch.float32,torch.float64,torch.float64,torch.float64,6860,3.8663264256928627,True
62.64069999451749,1.8856000024243258,98.25119999732124,162.77749999426305,7.541099999798462,12.286710387310828,True,True,True,True,torch.float32,torch.float32,torch.float64,torch.float64,torch.float64,6860,3.8663264256928627,True
62.74490000214428,1.1305000007268973,98.4766999972635,162.35210000013467,8.925400004955009,12.318904405907537,True,True,True,True,torch.float32,torch.float32,torch.float64,torch.float64,torch.float64,6860,3.8663264256928627,True
62.6094999970519,1.048600002832245,99.33810000075027,162.99620000063442,6.062799999199342,12.270224704577258,True,True,True,True,torch.float32,torch.float32,torch.float64,torch.float64,torch.float64,6860,3.8663264256928627,True
63.42009999934817,1.083000002836343,101.45389999524923,165.95699999743374,7.849400004488416,12.05131449731513,True,True,True,True,torch.float32,torch.float32,torch.float64,torch.float64,torch.float64,6860,3.8663264256928627,True
62.94280000292929,1.4709999959450215,98.45090000453638,162.8647000034107,6.872299993119668,12.280131912919842,True,True,True,True,torch.float32,torch.float32,torch.float64,torch.float64,torch.float64,6860,3.8663264256928627,True
62.904900005378295,1.0423999992781319,100.20609999628505,164.15340000094147,6.192799999553245,12.183725710149954,True,True,True,True,torch.float32,torch.float32,torch.float64,torch.float64,torch.float64,6860,3.8663264256928627,True
64.22429999656742,2.2040000039851293,101.83439999673283,168.26269999728538,8.067800001299474,11.886175605361535,True,True,True,True,torch.float32,torch.float32,torch.float64,torch.float64,torch.float64,6860,3.8663264256928627,True
63.7055999977747,1.3242999993963167,98.0515999981435,163.08149999531452,6.723200000124052,12.263806747285633,True,True,True,True,torch.float32,torch.float32,torch.float64,torch.float64,torch.float64,6860,3.8663264256928627,True
63.432499999180436,1.041099996655248,101.27930000453489,165.75290000037057,8.419599995249882,12.066153895319651,True,True,True,True,torch.float32,torch.float32,torch.float64,torch.float64,torch.float64,6860,3.8663264256928627,True
64.343000005465,1.9504999945638701,98.6105000047246,164.90400000475347,7.346099999267608,12.128268568029572,True,True,True,True,torch.float32,torch.float32,torch.float64,torch.float64,torch.float64,6860,3.8663264256928627,True
62.89960000140127,2.100800003972836,98.81459999451181,163.8149999998859,6.7236000031698495,12.208894179418202,True,True,True,True,torch.float32,torch.float32,torch.float64,torch.float64,torch.float64,6860,3.8663264256928627,True
63.14459999703104,1.9566999981179833,99.13660000165692,164.23789999680594,7.126100004825275,12.177457213218725,True,True,True,True,torch.float32,torch.float32,torch.float64,torch.float64,torch.float64,6860,3.8663264256928627,True
62.71489999926416,2.40499999927124,98.7158999996609,163.8357999981963,6.207999998878222,12.207344182541412,True,True,True,True,torch.float32,torch.float32,torch.float64,torch.float64,torch.float64,6860,3.8663264256928627,True
63.028899996425025,1.076700005796738,99.47639999882085,163.58200000104262,6.768899998860434,12.226284065406052,True,True,True,True,torch.float32,torch.float32,torch.float64,torch.float64,torch.float64,6860,3.8663264256928627,True
62.73150000197347,1.549299995531328,99.64570000011008,163.92649999761488,10.51230000302894,12.20058989869911,True,True,True,True,torch.float32,torch.float32,torch.float64,torch.float64,torch.float64,6860,3.8663264256928627,True
63.597499996831175,1.0241999989375472,100.94650000246475,165.56819999823347,7.05510000261711,12.079614322202808,True,True,True,True,torch.float32,torch.float32,torch.float64,torch.float64,torch.float64,6860,3.8663264256928627,True
63.352899996971246,2.0874000038020313,97.9079000026104,163.34820000338368,8.507799997460097,12.24378352475614,True,True,True,True,torch.float32,torch.float32,torch.float64,torch.float64,torch.float64,6860,3.8663264256928627,True
63.125200002104975,1.9077999968430959,99.88119999616174,164.9141999951098,7.802200001606252,12.127518431155751,True,True,True,True,torch.float32,torch.float32,torch.float64,torch.float64,torch.float64,6860,3.8663264256928627,True
62.9211999985273,1.0528000057092868,98.38089999539079,162.35489999962738,7.168600001023151,12.31869195204204,True,True,True,True,torch.float32,torch.float32,torch.float64,torch.float64,torch.float64,6860,3.8663264256928627,True
63.48669999715639,1.324400000157766,98.08190000330796,162.89300000062212,7.189900003140792,12.277998440647306,True,True,True,True,torch.float32,torch.float32,torch.float64,torch.float64,torch.float64,6860,3.8663264256928627,True
63.01680000615306,1.1548999973456375,101.09989999909885,165.27160000259755,6.13310000335332,12.101292659891756,True,True,True,True,torch.float32,torch.float32,torch.float64,torch.float64,torch.float64,6860,3.8663264256928627,True
64.56180000532186,2.3962999985087663,99.01759999775095,165.97570000158157,6.314800004474819,12.049956710415694,True,True,True,True,torch.float32,torch.float32,torch.float64,torch.float64,torch.float64,6860,3.8663264256928627,True
63.80889999854844,1.9070999987889081,99.80479999649106,165.5207999938284,9.003000006487127,12.083073547702597,True,True,True,True,torch.float32,torch.float32,torch.float64,torch.float64,torch.float64,6860,3.8663264256928627,True
63.19199999416014,1.9390000015846454,99.07039999961853,164.20139999536332,8.072500000707805,12.180164115875234,True,True,True,True,torch.float32,torch.float32,torch.float64,torch.float64,torch.float64,6860,3.8663264256928627,True
62.581300000601914,1.501099999586586,99.93260000192095,164.01500000210945,7.392200001049787,12.194006645576792,True,True,True,True,torch.float32,torch.float32,torch.float64,torch.float64,torch.float64,6860,3.8663264256928627,True
62.96740000107093,1.0671999989426695,99.72479999851203,163.75939999852562,9.638600000471342,12.213039373727595,True,True,True,True,torch.float32,torch.float32,torch.float64,torch.float64,torch.float64,6860,3.8663264256928627,True
63.38259999756701,1.3289000053191558,98.26309999334626,162.97459999623243,9.047100000316277,12.271850951290784,True,True,True,True,torch.float32,torch.float32,torch.float64,torch.float64,torch.float64,6860,3.8663264256928627,True
63.35630000103265,1.126899995142594,99.73990000435151,164.22310000052676,6.631500000366941,12.178554661272287,True,True,True,True,torch.float32,torch.float32,torch.float64,torch.float64,torch.float64,6860,3.8663264256928627,True
63.50630000088131,2.082999999402091,98.1138999995892,163.7031999998726,6.940899998880923,12.217232161628829,True,True,True,True,torch.float32,torch.float32,torch.float64,torch.float64,torch.float64,6860,3.8663264256928627,True
63.30139999772655,1.0573000035947189,101.60519999772077,165.96389999904204,7.3635000007925555,12.050813460105145,True,True,True,True,torch.float32,torch.float32,torch.float64,torch.float64,torch.float64,6860,3.8663264256928627,True
63.27139999484643,1.0524000026634894,102.45209999993676,166.7758999974467,9.158300003036857,11.992140351397412,True,True,True,True,torch.float32,torch.float32,torch.float64,torch.float64,torch.float64,6860,3.8663264256928627,True
63.63500000588829,1.1015999989467673,99.4630999994115,164.19970000424655,11.138199995912146,12.180290219460058,True,True,True,True,torch.float32,torch.float32,torch.float64,torch.float64,torch.float64,6860,3.8663264256928627,True
62.73009999858914,1.084900002751965,99.7990000032587,163.6140000045998,6.903599998622667,12.223892820564087,True,True,True,True,torch.float32,torch.float32,torch.float64,torch.float64,torch.float64,6860,3.8663264256928627,True
62.4995999969542,1.048100006300956,98.66499999770895,162.2127000009641,10.936300001048949,12.329490847437427,True,True,True,True,torch.float32,torch.float32,torch.float64,torch.float64,torch.float64,6860,3.8663264256928627,True
62.20780000148807,2.4211999989347532,98.90620000078343,163.53520000120625,6.316400002106093,12.22978294572207,True,True,True,True,torch.float32,torch.float32,torch.float64,torch.float64,torch.float64,6860,3.8663264256928627,True
63.62970000191126,1.9026999943889678,97.44250000221655,162.97489999851678,7.616299997607712,12.271828361411492,True,True,True,True,torch.float32,torch.float32,torch.float64,torch.float64,torch.float64,6860,3.8663264256928627,True
62.898000003769994,1.9181999959982932,98.09669999958714,162.91289999935543,10.896600004343782,12.276498668969204,True,True,True,True,torch.float32,torch.float32,torch.float64,torch.float64,torch.float64,6860,3.8663264256928627,True
63.59340000199154,1.9171000021742657,100.48180000012508,165.99230000429088,10.410499999125022,12.048751658651035,True,True,True,True,torch.float32,torch.float32,torch.float64,torch.float64,torch.float64,6860,3.8663264256928627,True
63.45319999672938,2.0373000006657094,97.85170000395738,163.34220000135247,9.406199998920783,12.244233272133227,True,True,True,True,torch.float32,torch.float32,torch.float64,torch.float64,torch.float64,6860,3.8663264256928627,True
62.895200004277285,1.0212999986833893,100.75209999922663,164.6686000021873,6.602200002816971,12.145606387455981,True,True,True,True,torch.float32,torch.float32,torch.float64,torch.float64,torch.float64,6860,3.8663264256928627,True
63.306300005933736,1.9663999992189929,98.93709999596467,164.2098000011174,10.389400005806237,12.179541050451256,True,True,True,True,torch.float32,torch.float32,torch.float64,torch.float64,torch.float64,6860,3.8663264256928627,True
63.260800001444295,1.2178999968455173,97.73899999709101,162.21769999538083,9.260099999664817,12.329110818714298,True,True,True,True,torch.float32,torch.float32,torch.float64,torch.float64,torch.float64,6860,3.8663264256928627,True
63.115700002526864,2.0519000026979484,99.69599999749335,164.86360000271816,8.681400002387818,12.131240613252563,True,True,True,True,torch.float32,torch.float32,torch.float64,torch.float64,torch.float64,6860,3.8663264256928627,True
63.69100000301842,1.9431999971857294,97.69930000038585,163.33350000059,9.514000004855916,12.244885464358356,True,True,True,True,torch.float32,torch.float32,torch.float64,torch.float64,torch.float64,6860,3.8663264256928627,True
62.711400001717266,1.9441000040387735,99.3190999943181,163.97460000007413,10.191699999268167,12.197011000478707,True,True,True,True,torch.float32,torch.float32,torch.float64,torch.float64,torch.float64,6860,3.8663264256928627,True
62.97519999498036,1.069500001904089,100.48729999834904,164.5319999952335,8.098400001472328,12.15569007887791,True,True,True,True,torch.float32,torch.float32,torch.float64,torch.float64,torch.float64,6860,3.8663264256928627,True
62.210200005210936,1.2822999997297302,99.47209999518236,162.96460000012303,10.344200003601145,12.272603988832483,True,True,True,True,torch.float32,torch.float32,torch.float64,torch.float64,torch.float64,6860,3.8663264256928627,True
62.977600005979184,1.0350000011385418,100.8806999961962,164.89330000331393,9.908899999572895,12.12905557690825,True,True,True,True,torch.float32,torch.float32,torch.float64,torch.float64,torch.float64,6860,3.8663264256928627,True
63.09560000227066,3.0802999972365797,97.41899999789894,163.59489999740617,10.10820000374224,12.225319982662725,True,True,True,True,torch.float32,torch.float32,torch.float64,torch.float64,torch.float64,6860,3.8663264256928627,True
61.465600003430154,1.0412999981781468,99.18630000174744,161.69320000335574,10.40689999354072,12.369103957114415,True,True,True,True,torch.float32,torch.float32,torch.float64,torch.float64,torch.float64,6860,3.8663264256928627,True
64.08960000408115,1.0069999989354983,100.47669999767095,165.5733000006876,7.076800000504591,12.079242244925325,True,True,True,True,torch.float32,torch.float32,torch.float64,torch.float64,torch.float64,6860,3.8663264256928627,True
62.83860000257846,1.375799998641014,97.6098999963142,161.82429999753367,6.144400002085604,12.359083277545347,True,True,True,True,torch.float32,torch.float32,torch.float64,torch.float64,torch.float64,6860,3.8663264256928627,True
63.65460000233725,1.9679000033647753,100.20499999518506,165.82750000088708,8.84550000046147,12.06072575410774,True,True,True,True,torch.float32,torch.float32,torch.float64,torch.float64,torch.float64,6860,3.8663264256928627,True
63.27720000263071,1.049799997417722,98.72500000346918,163.0520000035176,10.693299998820294,12.26602556213265,True,True,True,True,torch.float32,torch.float32,torch.float64,torch.float64,torch.float64,6860,3.8663264256928627,True
63.09930000134045,1.1644999976851977,101.34629999811295,165.6100999971386,10.968700000375975,12.076558132834627,True,True,True,True,torch.float32,torch.float32,torch.float64,torch.float64,torch.float64,6860,3.8663264256928627,True
63.12969999999041,1.0241000054520555,101.14939999766648,165.30320000310894,7.728999997198116,12.09897932987616,True,True,True,True,torch.float32,torch.float32,torch.float64,torch.float64,torch.float64,6860,3.8663264256928627,True
62.682800002221484,1.0260999988531694,97.62110000156099,161.33000000263564,10.923899993940722,12.396950350011318,True,True,True,True,torch.float32,torch.float32,torch.float64,torch.float64,torch.float64,6860,3.8663264256928627,True
62.86529999488266,1.1335000017425045,99.19000000081724,163.1887999974424,11.956700000155251,12.25574304138118,True,True,True,True,torch.float32,torch.float32,torch.float64,torch.float64,torch.float64,6860,3.8663264256928627,True
63.39070000103675,1.257799995073583,97.71880000334932,162.36729999945965,6.816000000981148,12.317751172844877,True,True,True,True,torch.float32,torch.float32,torch.float64,torch.float64,torch.float64,6860,3.8663264256928627,True
62.75160000222968,1.9131000008201227,99.17159999895375,163.83630000200355,8.591800004069228,12.207306927558434,True,True,True,True,torch.float32,torch.float32,torch.float64,torch.float64,torch.float64,6860,3.8663264256928627,True
62.92050000047311,1.0736000040196814,100.71749999769963,164.71160000219243,6.367299996782094,12.1424356267159,True,True,True,True,torch.float32,torch.float32,torch.float64,torch.float64,torch.float64,6860,3.8663264256928627,True
62.900600001739804,1.9841000030282885,98.3842999994522,163.2690000042203,6.334799996693619,12.249722849703879,True,True,True,True,torch.float32,torch.float32,torch.float64,torch.float64,torch.float64,6860,3.8663264256928627,True
63.18230000033509,2.044900000328198,99.36970000126166,164.59690000192495,6.231400002434384,12.150897130970328,True,True,True,True,torch.float32,torch.float32,torch.float64,torch.float64,torch.float64,6860,3.8663264256928627,True
63.15100000210805,1.095200001145713,98.1342000013683,162.38040000462206,7.913099994766526,12.316757440818419,True,True,True,True,torch.float32,torch.float32,torch.float64,torch.float64,torch.float64,6860,3.8663264256928627,True
63.176499999826774,1.9402999969315715,98.98030000476865,164.097100001527,6.857799999124836,12.18790581906316,True,True,True,True,torch.float32,torch.float32,torch.float64,torch.float64,torch.float64,6860,3.8663264256928627,True
63.02700000378536,1.0324999966542237,99.37950000312412,163.4390000035637,6.949499998881947,12.236981381166007,True,True,True,True,torch.float32,torch.float32,torch.float64,torch.float64,torch.float64,6860,3.8663264256928627,True
63.1271000020206,2.293400000780821,99.34859999339096,164.76909999619238,6.954100004804786,12.138198242548013,True,True,True,True,torch.float32,torch.float32,torch.float64,torch.float64,torch.float64,6860,3.8663264256928627,True
63.5619000022416,2.686400002858136,99.10499999386957,165.3532999989693,6.052800003089942,12.09531348943424,True,True,True,True,torch.float32,torch.float32,torch.float64,torch.float64,torch.float64,6860,3.8663264256928627,True
62.779200001386926,1.667999997152947,97.94830000464572,162.3955000031856,9.79679999727523,12.315612193446047,True,True,True,True,torch.float32,torch.float32,torch.float64,torch.float64,torch.float64,6860,3.8663264256928627,True
63.86480000219308,1.0201999975834042,99.22930000175256,164.11430000152905,6.090200004109647,12.186628465535094,True,True,True,True,torch.float32,torch.float32,torch.float64,torch.float64,torch.float64,6860,3.8663264256928627,True
62.94750000233762,1.0335999977542087,97.61419999995269,161.59530000004452,6.887600000482053,12.376597586683827,True,True,True,True,torch.float32,torch.float32,torch.float64,torch.float64,torch.float64,6860,3.8663264256928627,True
62.762100002146326,1.0318999993614852,99.24429999955464,163.03830000106245,6.198099996254314,12.26705626829381,True,True,True,True,torch.float32,torch.float32,torch.float64,torch.float64,torch.float64,6860,3.8663264256928627,True
63.26170000102138,1.9471000050543807,98.11509999417467,163.32390000025043,11.315100004139822,12.245605205343084,True,True,True,True,torch.float32,torch.float32,torch.float64,torch.float64,torch.float64,6860,3.8663264256928627,True
63.768799998797476,1.7066000000340864,100.52120000182185,165.99660000065342,6.799000002501998,12.048439546304728,True,True,True,True,torch.float32,torch.float32,torch.float64,torch.float64,torch.float64,6860,3.8663264256928627,True
63.03279999701772,1.0876000014832243,101.47729999880539,165.59769999730634,6.2026000014157034,12.077462428720523,True,True,True,True,torch.float32,torch.float32,torch.float64,torch.float64,torch.float64,6860,3.8663264256928627,True
63.03789999947185,2.1284999966155738,100.46460000012303,165.63099999621045,7.007500003965106,12.07503426318599,True,True,True,True,torch.float32,torch.float32,torch.float64,torch.float64,torch.float64,6860,3.8663264256928627,True
64.03880000289064,1.9049999973503873,101.43180000159191,167.37560000183294,6.169299995235633,11.94917299760597,True,True,True,True,torch.float32,torch.float32,torch.float64,torch.float64,torch.float64,6860,3.8663264256928627,True
62.74100000155158,1.0239999974146485,100.66010000446113,164.42510000342736,9.366099999169819,12.163593027818203,True,True,True,True,torch.float32,torch.float32,torch.float64,torch.float64,torch.float64,6860,3.8663264256928627,True
64.52200000057928,1.9366999986232258,99.48810000059893,165.94679999980144,6.335400001262315,12.052055236993983,True,True,True,True,torch.float32,torch.float32,torch.float64,torch.float64,torch.float64,6860,3.8663264256928627,True
63.764200000150595,1.5290999945136718,97.85879999981262,163.15209999447688,7.128299999749288,12.25849989100787,True,True,True,True,torch.float32,torch.float32,torch.float64,torch.float64,torch.float64,6860,3.8663264256928627,True
62.25599999743281,1.0230000043520704,99.96069999760948,163.23969999939436,7.431699996232055,12.25192156079324,True,True,True,True,torch.float32,torch.float32,torch.float64,torch.float64,torch.float64,6860,3.8663264256928627,True
63.75169999955688,2.062899999145884,98.44090000115102,164.25549999985378,9.398599999258295,12.176152396734237,True,True,True,True,torch.float32,torch.float32,torch.float64,torch.float64,torch.float64,6860,3.8663264256928627,True
63.58380000165198,1.0493000008864328,97.7846999958274,162.4177999983658,6.525900003907736,12.313921257523026,True,True,True,True,torch.float32,torch.float32,torch.float64,torch.float64,torch.float64,6860,3.8663264256928627,True
62.33980000251904,1.0135999982594512,101.54610000608955,164.89950000686804,7.1341999937430955,12.128599540427354,True,True,True,True,torch.float32,torch.float32,torch.float64,torch.float64,torch.float64,6860,3.8663264256928627,True
63.26980000449112,1.0812999971676618,98.49989999929676,162.85100000095554,8.547099998395424,12.281164991239015,True,True,True,True,torch.float32,torch.float32,torch.float64,torch.float64,torch.float64,6860,3.8663264256928627,True
62.88930000300752,1.1529999974300154,99.51530000398634,163.55760000442388,6.718299999192823,12.228108017884246,True,True,True,True,torch.float32,torch.float32,torch.float64,torch.float64,torch.float64,6860,3.8663264256928627,True
62.76330000400776,1.0951000003842637,98.96479999588337,162.8232000002754,10.045900002296548,12.28326184472862,True,True,True,True,torch.float32,torch.float32,torch.float64,torch.float64,torch.float64,6860,3.8663264256928627,True
63.17090000084136,1.8037000045296736,98.58439999516122,163.55900000053225,10.40369999827817,12.228003350433125,True,True,True,True,torch.float32,torch.float32,torch.float64,torch.float64,torch.float64,6860,3.8663264256928627,True
63.19169999915175,1.3572000025305897,99.68430000299122,164.23320000467356,6.290699995588511,12.177805705198987,True,True,True,True,torch.float32,torch.float32,torch.float64,torch.float64,torch.float64,6860,3.8663264256928627,True
62.779699997918215,1.1060000033467077,99.19369999988703,163.07940000115195,6.671700000879355,12.263964669883949,True,True,True,True,torch.float32,torch.float32,torch.float64,torch.float64,torch.float64,6860,3.8663264256928627,True
63.02270000014687,1.0190000029979274,100.91129999636905,164.95299999951385,7.347899998421781,12.124665813934238,True,True,True,True,torch.float32,torch.float32,torch.float64,torch.float64,torch.float64,6860,3.8663264256928627,True
63.4217000042554,2.5232999978470616,99.89260000293143,165.8376000050339,8.839599999191705,12.059991219960319,True,True,True,True,torch.float32,torch.float32,torch.float64,torch.float64,torch.float64,6860,3.8663264256928627,True
62.661099997058045,2.457700000377372,99.60280000086641,164.72159999830183,9.555199998430908,12.141698478041851,True,True,True,True,torch.float32,torch.float32,torch.float64,torch.float64,torch.float64,6860,3.8663264256928627,True
63.56529999902705,1.9420000026002526,99.10629999649245,164.61359999811975,8.936500002164394,12.149664426407321,True,True,True,True,torch.float32,torch.float32,torch.float64,torch.float64,torch.float64,6860,3.8663264256928627,True
63.56249999953434,1.9296999962534755,97.90549999888754,163.39769999467535,6.721100005961489,12.240074371090744,True,True,True,True,torch.float32,torch.float32,torch.float64,torch.float64,torch.float64,6860,3.8663264256928627,True
62.714399995456915,1.0892999998759478,98.85850000136998,162.66219999670284,7.238099999085534,12.295419587590356,True,True,True,True,torch.float32,torch.float32,torch.float64,torch.float64,torch.float64,6860,3.8663264256928627,True
63.24490000406513,1.0231999985990115,100.37980000197422,164.64790000463836,7.3011999993468635,12.14713336728654,True,True,True,True,torch.float32,torch.float32,torch.float64,torch.float64,torch.float64,6860,3.8663264256928627,True
62.61120000272058,1.9039999970118515,100.08910000033211,164.60430000006454,8.577699998568278,12.150350871752535,True,True,True,True,torch.float32,torch.float32,torch.float64,torch.float64,torch.float64,6860,3.8663264256928627,True
63.294999999925494,1.0452999995322898,99.55840000475291,163.8987000042107,8.688199995958712,12.20265932523332,True,True,True,True,torch.float32,torch.float32,torch.float64,torch.float64,torch.float64,6860,3.8663264256928627,True
63.275499996962026,1.2475999974412844,98.38640000089072,162.90949999529403,7.533700001658872,12.276754885735786,True,True,True,True,torch.float32,torch.float32,torch.float64,torch.float64,torch.float64,6860,3.8663264256928627,True
63.89540000236593,2.104300001519732,99.94770000048447,165.94740000437014,7.4537999971653335,12.0520116612091,True,True,True,True,torch.float32,torch.float32,torch.float64,torch.float64,torch.float64,6860,3.8663264256928627,True
63.491099994280376,1.146900001913309,97.99580000253627,162.63379999872996,7.183399997302331,12.297566680576967,True,True,True,True,torch.float32,torch.float32,torch.float64,torch.float64,torch.float64,6860,3.8663264256928627,True
64.35380000039004,1.6286999962176196,98.81319999840343,164.7956999950111,8.44840000354452,12.136238992040123,True,True,True,True,torch.float32,torch.float32,torch.float64,torch.float64,torch.float64,6860,3.8663264256928627,True
62.91090000013355,1.0766999985207804,98.12110000348184,162.10870000213617,8.657999998831656,12.337400768580867,True,True,True,True,torch.float32,torch.float32,torch.float64,torch.float64,torch.float64,6860,3.8663264256928627,True
61.850300000514835,3.2122999982675537,98.27030000451487,163.33290000329725,9.045899998454843,12.244930445486643,True,True,True,True,torch.float32,torch.float32,torch.float64,torch.float64,torch.float64,6860,3.8663264256928627,True
62.74269999994431,1.0249000042676926,100.22570000000997,163.99330000422196,9.436599997570738,12.195620186608297,True,True,True,True,torch.float32,torch.float32,torch.float64,torch.float64,torch.float64,6860,3.8663264256928627,True
63.285799995355774,1.8884000019170344,97.71460000047227,162.88879999774508,8.106399996904656,12.278315022442836,True,True,True,True,torch.float32,torch.float32,torch.float64,torch.float64,torch.float64,6860,3.8663264256928627,True
62.667699996382,1.0777999996207654,101.36310000234516,165.10859999834793,7.312000001547858,12.113239407396174,True,True,True,True,torch.float32,torch.float32,torch.float64,torch.float64,torch.float64,6860,3.8663264256928627,True
63.35189999663271,2.471200001309626,96.9083000018145,162.73139999975683,11.306099993817043,12.290191075619017,True,True,True,True,torch.float32,torch.float32,torch.float64,torch.float64,torch.float64,6860,3.8663264256928627,True
61.59219999972265,1.025000005029142,100.19509999983711,162.8123000045889,8.537800000340212,12.284084187396342,True,True,True,True,torch.float32,torch.float32,torch.float64,torch.float64,torch.float64,6860,3.8663264256928627,True
63.459299999522045,1.9377000062377192,99.03639999538427,164.43340000114404,7.980200003657956,12.162979054049147,True,True,True,True,torch.float32,torch.float32,torch.float64,torch.float64,torch.float64,6860,3.8663264256928627,True
62.74159999884432,1.1397999987821095,99.13220000453293,163.01360000215936,9.891699999570847,12.268914986071756,True,True,True,True,torch.float32,torch.float32,torch.float64,torch.float64,torch.float64,6860,3.8663264256928627,True
62.651300002471544,1.388500000757631,101.31039999396307,165.35019999719225,8.832700004859362,12.095540253558577,True,True,True,True,torch.float32,torch.float32,torch.float64,torch.float64,torch.float64,6860,3.8663264256928627,True
62.724199997319374,1.3563000029535033,98.65039999567671,162.73089999594958,9.13859999855049,12.290228838221754,True,True,True,True,torch.float32,torch.float32,torch.float64,torch.float64,torch.float64,6860,3.8663264256928627,True
63.43290000222623,1.0412999981781468,99.43529999873135,163.90949999913573,6.271800004469696,12.201855292161502,True,True,True,True,torch.float32,torch.float32,torch.float64,torch.float64,torch.float64,6860,3.8663264256928627,True
63.379599996551406,1.9520000059856102,98.72129999712342,164.05289999966044,9.613199996238109,12.191189549249904,True,True,True,True,torch.float32,torch.float32,torch.float64,torch.float64,torch.float64,6860,3.8663264256928627,True
63.33050000102958,1.313000000664033,97.43840000010096,162.08190000179457,11.099700001068413,12.33944073939074,True,True,True,True,torch.float32,torch.float32,torch.float64,torch.float64,torch.float64,6860,3.8663264256928627,True
63.683600004878826,2.05459999415325,99.48330000042915,165.22149999946123,6.139400000392925,12.104962126639219,True,True,True,True,torch.float32,torch.float32,torch.float64,torch.float64,torch.float64,6860,3.8663264256928627,True
63.40959999943152,1.084100003936328,98.38169999420643,162.87539999757428,8.350100004463457,12.279325177588428,True,True,True,True,torch.float32,torch.float32,torch.float64,torch.float64,torch.float64,6860,3.8663264256928627,True
62.32929999532644,1.196700002765283,101.40390000015032,164.92989999824204,10.659200001100544,12.126363988708643,True,True,True,True,torch.float32,torch.float32,torch.float64,torch.float64,torch.float64,6860,3.8663264256928627,True
63.95440000051167,1.8893000014941208,101.54709999915212,167.3908000011579,7.972299994435161,11.948087947403113,True,True,True,True,torch.float32,torch.float32,torch.float64,torch.float64,torch.float64,6860,3.8663264256928627,True
64.24500000139233,1.7301999978371896,100.51470000325935,166.48990000248887,8.197999995900318,12.012740712620417,True,True,True,True,torch.float32,torch.float32,torch.float64,torch.float64,torch.float64,6860,3.8663264256928627,True
64.04480000492185,1.9302000000607222,100.77559999626828,166.75060000125086,11.743499999283813,11.993959841733686,True,True,True,True,torch.float32,torch.float32,torch.float64,torch.float64,torch.float64,6860,3.8663264256928627,True
63.78209999820683,1.9549999997252598,99.04770000139251,164.7847999993246,9.441100002732128,12.137041766037871,True,True,True,True,torch.float32,torch.float32,torch.float64,torch.float64,torch.float64,6860,3.8663264256928627,True
63.04700000328012,1.0249999977531843,100.09859999991022,164.17060000094352,8.883299997251015,12.18244923261842,True,True,True,True,torch.float32,torch.float32,torch.float64,torch.float64,torch.float64,6860,3.8663264256928627,True
64.57380000210833,1.800300000468269,100.96869999688352,167.3427999994601,10.009199999331031,11.95151509360697,True,True,True,True,torch.float32,torch.float32,torch.float64,torch.float64,torch.float64,6860,3.8663264256928627,True
63.51179999910528,2.1498999994946644,97.58109999529552,163.24279999389546,11.957700000493787,12.251688895772377,True,True,True,True,torch.float32,torch.float32,torch.float64,torch.float64,torch.float64,6860,3.8663264256928627,True
61.32000000070548,1.1021999962395057,99.60519999731332,162.0273999942583,7.638200004294049,12.343591269568439,True,True,True,True,torch.float32,torch.float32,torch.float64,torch.float64,torch.float64,6860,3.8663264256928627,True
63.38049999612849,1.8975000057253055,99.00639999978011,164.2844000016339,7.47399999818299,12.174010435440668,True,True,True,True,torch.float32,torch.float32,torch.float64,torch.float64,torch.float64,6860,3.8663264256928627,True
63.56039999809582,1.6733000011299737,97.83880000031786,163.07249999954365,7.856800002628006,12.26448358862222,True,True,True,True,torch.float32,torch.float32,torch.float64,torch.float64,torch.float64,6860,3.8663264256928627,True
63.31969999882858,1.9202000039513223,100.03009999491042,165.26999999769032,8.655999998154584,12.101409814412479,True,True,True,True,torch.float32,torch.float32,torch.float64,torch.float64,torch.float64,6860,3.8663264256928627,True
62.98619999870425,1.0179000018979423,98.8569999972242,162.8610999978264,11.45179999730317,12.280403362292732,True,True,True,True,torch.float32,torch.float32,torch.float64,torch.float64,torch.float64,6860,3.8663264256928627,True
62.68319999799132,1.403299997036811,101.17900000477675,165.2654999998049,7.66250000015134,12.10173932249841,True,True,True,True,torch.float32,torch.float32,torch.float64,torch.float64,torch.float64,6860,3.8663264256928627,True
62.665500001457985,1.0276000029989518,99.04669999377802,162.73979999823496,8.0080000043381,12.289556703533442,True,True,True,True,torch.float32,torch.float32,torch.float64,torch.float64,torch.float64,6860,3.8663264256928627,True
62.680799994268455,1.0165999992750585,99.93190000386676,163.62929999741027,10.42800000141142,12.222749837783658,True,True,True,True,torch.float32,torch.float32,torch.float64,torch.float64,torch.float64,6860,3.8663264256928627,True
63.29420000110986,1.9113000016659498,100.27979999722447,165.48530000000028,6.417299999156967,12.08566561501231,True,True,True,True,torch.float32,torch.float32,torch.float64,torch.float64,torch.float64,6860,3.8663264256928627,True
63.16099999821745,1.9012000047951005,98.47559999616351,163.53779999917606,6.751799999619834,12.229588511096985,True,True,True,True,torch.float32,torch.float32,torch.float64,torch.float64,torch.float64,6860,3.8663264256928627,True
62.465099996188655,1.0314000028301962,101.52820000075735,165.0246999997762,10.274499996739905,12.119397884090759,True,True,True,True,torch.float32,torch.float32,torch.float64,torch.float64,torch.float64,6860,3.8663264256928627,True
63.22789999831002,1.9117000047117472,99.20369999599643,164.3432999990182,7.001300000410993,12.169647317608616,True,True,True,True,torch.float32,torch.float32,torch.float64,torch.float64,torch.float64,6860,3.8663264256928627,True
62.79269999504322,1.0395999997854233,99.96120000141673,163.79349999624537,7.610900000145193,12.210496753814075,True,True,True,True,torch.float32,torch.float32,torch.float64,torch.float64,torch.float64,6860,3.8663264256928627,True
64.54719999601366,1.1880000020028092,99.2261999999755,164.96139999799198,10.673600001609884,12.124048413897707,True,True,True,True,torch.float32,torch.float32,torch.float64,torch.float64,torch.float64,6860,3.8663264256928627,True
63.546000004862435,1.9395999988773838,97.5888999964809,163.07450000022072,9.651799999119248,12.264333172858374,True,True,True,True,torch.float32,torch.float32,torch.float64,torch.float64,torch.float64,6860,3.8663264256928627,True
62.76629999774741,1.0390000024926849,101.5592999974615,165.3645999977016,8.071199998084921,12.094486970172564,True,True,True,True,torch.float32,torch.float32,torch.float64,torch.float64,torch.float64,6860,3.8663264256928627,True
63.03959999786457,1.0337999992771074,99.12320000148611,163.1965999986278,10.175399998843204,12.255157276663954,True,True,True,True,torch.float32,torch.float32,torch.float64,torch.float64,torch.float64,6860,3.8663264256928627,True
64.01629999891156,1.0106000045198016,97.61239999352256,162.63929999695392,8.550700003979728,12.29715081187301,True,True,True,True,torch.float32,torch.float32,torch.float64,torch.float64,torch.float64,6860,3.8663264256928627,True
63.229200000932906,1.5281000014510937,99.66539999732049,164.4226999997045,6.699199999275152,12.163770574279551,True,True,True,True,torch.float32,torch.float32,torch.float64,torch.float64,torch.float64,6860,3.8663264256928627,True
63.13439999939874,1.0311999940313399,99.72209999978077,163.88769999321084,11.493300000438467,12.203478357941757,True,True,True,True,torch.float32,torch.float32,torch.float64,torch.float64,torch.float64,6860,3.8663264256928627,True
63.40150000323774,1.1412999956519343,99.83440000360133,164.377200002491,8.147599997755606,12.167137534704883,True,True,True,True,torch.float32,torch.float32,torch.float64,torch.float64,torch.float64,6860,3.8663264256928627,True
62.92250000115018,1.0320000001229346,99.8607000001357,163.8152000014088,7.879499993578065,12.208879273613194,True,True,True,True,torch.float32,torch.float32,torch.float64,torch.float64,torch.float64,6860,3.8663264256928627,True
61.646900001505855,1.0760000004665926,98.73199999856297,161.45490000053542,6.260599999222904,12.387360185372929,True,True,True,True,torch.float32,torch.float32,torch.float64,torch.float64,torch.float64,6860,3.8663264256928627,True
63.24089999543503,1.029500002914574,99.99129999778233,164.26169999613194,9.664999997767154,12.175692812427343,True,True,True,True,torch.float32,torch.float32,torch.float64,torch.float64,torch.float64,6860,3.8663264256928627,True
63.197800001944415,2.2052999993320554,99.44289999839384,164.8459999996703,8.893900005205069,12.132535821336278,True,True,True,True,torch.float32,torch.float32,torch.float64,torch.float64,torch.float64,6860,3.8663264256928627,True
63.28599999687867,1.8442000000504777,100.91970000212314,166.0498999990523,7.8681999948457815,12.044572143743627,True,True,True,True,torch.float32,torch.float32,torch.float64,torch.float64,torch.float64,6860,3.8663264256928627,True
63.70199999946635,1.661700000113342,98.68329999881098,164.04699999839067,11.209999996935949,12.19162800916579,True,True,True,True,torch.float32,torch.float32,torch.float64,torch.float64,torch.float64,6860,3.8663264256928627,True
61.3487999944482,1.0659000035957433,99.18659999675583,161.60129999479977,8.971300005214289,12.376138063644035,True,True,True,True,torch.float32,torch.float32,torch.float64,torch.float64,torch.float64,6860,3.8663264256928627,True
63.00309999642195,1.0524000026634894,100.22190000017872,164.27739999926416,7.732400001259521,12.1745291805748,True,True,True,True,torch.float32,torch.float32,torch.float64,torch.float64,torch.float64,6860,3.8663264256928627,True
63.00790000386769,1.9705000013345852,97.60129999631317,162.57970000151545,8.712000002560671,12.301658817068535,True,True,True,True,torch.float32,torch.float32,torch.float64,torch.float64,torch.float64,6860,3.8663264256928627,True
62.956399997347035,1.0453000068082474,99.09539999353001,163.0970999976853,6.408100001863204,12.262633731859024,True,True,True,True,torch.float32,torch.float32,torch.float64,torch.float64,torch.float64,6860,3.8663264256928627,True
62.76100000104634,1.0146999993594363,98.52350000437582,162.2992000047816,6.396699995093513,12.322919644342528,True,True,True,True,torch.float32,torch.float32,torch.float64,torch.float64,torch.float64,6860,3.8663264256928627,True
63.83369999821298,1.076700005796738,101.03919999528443,165.94959999929415,7.288300002983306,12.051851887612305,True,True,True,True,torch.float32,torch.float32,torch.float64,torch.float64,torch.float64,6860,3.8663264256928627,True
63.399099999514874,1.1937999952351674,99.85600000072736,164.4488999954774,7.119800000509713,12.161832642571662,True,True,True,True,torch.float32,torch.float32,torch.float64,torch.float64,torch.float64,6860,3.8663264256928627,True
62.07710000307998,1.9204999989597127,98.55119999701856,162.54879999905825,8.353999997780193,12.303997322721468,True,True,True,True,torch.float32,torch.float32,torch.float64,torch.float64,torch.float64,6860,3.8663264256928627,True
63.5374999983469,1.0350000011385418,100.305699997989,164.87819999747444,9.454099999857135,12.130166389678172,True,True,True,True,torch.float32,torch.float32,torch.float64,torch.float64,torch.float64,6860,3.8663264256928627,True
63.154700001177844,1.9314000019221567,99.22550000192132,164.31160000502132,8.128399997076485,12.171995160042751,True,True,True,True,torch.float32,torch.float32,torch.float64,torch.float64,torch.float64,6860,3.8663264256928627,True
63.405900000361726,1.9839000015053898,101.16019999986747,166.5500000017346,10.515999994822778,12.008405883993818,True,True,True,True,torch.float32,torch.float32,torch.float64,torch.float64,torch.float64,6860,3.8663264256928627,True
62.97550000454066,1.9229999961680733,98.59330000472255,163.4918000054313,11.499599997478072,12.233029423699286,True,True,True,True,torch.float32,torch.float32,torch.float64,torch.float64,torch.float64,6860,3.8663264256928627,True
64.47930000285851,1.9606999994721264,99.84799999801908,166.2880000003497,8.21130000258563,12.027326084839519,True,True,True,True,torch.float32,torch.float32,torch.float64,torch.float64,torch.float64,6860,3.8663264256928627,True
63.56239999877289,1.2970999960089102,101.67510000610491,166.5346000008867,6.4797999948496,12.009516340684465,True,True,True,True,torch.float32,torch.float32,torch.float64,torch.float64,torch.float64,6860,3.8663264256928627,True
62.95249999675434,1.0385999994468875,100.08390000439249,164.07500000059372,9.380600000440609,12.189547463006326,True,True,True,True,torch.float32,torch.float32,torch.float64,torch.float64,torch.float64,6860,3.8663264256928627,True
63.038300002517644,1.2051000012434088,101.4523999983794,165.69580000214046,6.35609999881126,12.070311981197857,True,True,True,True,torch.float32,torch.float32,torch.float64,torch.float64,torch.float64,6860,3.8663264256928627,True
63.00550000014482,1.1101999989477918,98.41980000055628,162.5354999996489,8.95229999878211,12.305004137584222,True,True,True,True,torch.float32,torch.float32,torch.float64,torch.float64,torch.float64,6860,3.8663264256928627,True
62.84320000122534,1.0792999964905903,100.25619999942137,164.1786999971373,10.24600000528153,12.181848193674776,True,True,True,True,torch.float32,torch.float32,torch.float64,torch.float64,torch.float64,6860,3.8663264256928627,True
63.30529999831924,1.9228000019211322,99.25669999938691,164.48479999962728,6.840599999122787,12.159178234125779,True,True,True,True,torch.float32,torch.float32,torch.float64,torch.float64,torch.float64,6860,3.8663264256928627,True
62.46639999881154,1.1624000035226345,98.91870000137715,162.54750000371132,5.945400000200607,12.304095725583817,True,True,True,True,torch.float32,torch.float32,torch.float64,torch.float64,torch.float64,6860,3.8663264256928627,True
62.74219999613706,0.9971000035875477,99.06169999885606,162.80099999858066,6.1150999972596765,12.284936824819482,True,True,True,True,torch.float32,torch.float32,torch.float64,torch.float64,torch.float64,6860,3.8663264256928627,True
62.48999999661464,1.0423999992781319,99.13410000444856,162.66650000034133,8.430499998212326,12.295094564620271,True,True,True,True,torch.float32,torch.float32,torch.float64,torch.float64,torch.float64,6860,3.8663264256928627,True
63.0751999997301,1.440200001525227,98.74539999873377,163.2607999999891,6.978900004469324,12.250338109332635,True,True,True,True,torch.float32,torch.float32,torch.float64,torch.float64,torch.float64,6860,3.8663264256928627,True
62.24339999607764,1.0535000037634745,97.90529999736464,161.20219999720575,7.8691000016988255,12.406778567753216,True,True,True,True,torch.float32,torch.float32,torch.float64,torch.float64,torch.float64,6860,3.8663264256928627,True
62.29739999980666,2.0141999993938953,99.06729999784147,163.37889999704203,10.39380000293022,12.241482835520438,True,True,True,True,torch.float32,torch.float32,torch.float64,torch.float64,torch.float64,6860,3.8663264256928627,True
62.745000002905726,1.046400000632275,100.54400000080932,164.33540000434732,8.471900000586174,12.170232341583688,True,True,True,True,torch.float32,torch.float32,torch.float64,torch.float64,torch.float64,6860,3.8663264256928627,True
62.89169999945443,1.0564999975031242,100.43469999800436,164.38289999496192,10.52229999913834,12.16671563807,True,True,True,True,torch.float32,torch.float32,torch.float64,torch.float64,torch.float64,6860,3.8663264256928627,True
63.26280000212137,1.9910999981220812,99.63599999900907,164.88989999925252,11.423000003560446,12.129305676145515,True,True,True,True,torch.float32,torch.float32,torch.float64,torch.float64,torch.float64,6860,3.8663264256928627,True
63.36809999629622,1.0450000045238994,99.55459999764571,163.96769999846583,10.77390000136802,12.19752426861335,True,True,True,True,torch.float32,torch.float32,torch.float64,torch.float64,torch.float64,6860,3.8663264256928627,True
63.34749999950873,1.6998000064631924,97.99659999407595,163.04390000004787,7.055900001432747,12.266634936967362,True,True,True,True,torch.float32,torch.float32,torch.float64,torch.float64,torch.float64,6860,3.8663264256928627,True
63.314399994851556,1.0586999997030944,99.91609999997308,164.28919999452773,6.2543000021832995,12.173654750687309,True,True,True,True,torch.float32,torch.float32,torch.float64,torch.float64,torch.float64,6860,3.8663264256928627,True
63.16149999474874,1.8568000014056452,99.11940000165487,164.13769999780925,7.077499998558778,12.184891100744643,True,True,True,True,torch.float32,torch.float32,torch.float64,torch.float64,torch.float64,6860,3.8663264256928627,True
63.50550000206567,2.2533999945153482,99.49300000153016,165.25189999811118,8.389800001168624,12.102735278824992,True,True,True,True,torch.float32,torch.float32,torch.float64,torch.float64,torch.float64,6860,3.8663264256928627,True
62.818499995046295,1.7022000029101036,98.96859999571461,163.489299993671,6.869700002425816,12.233216486200773,True,True,True,True,torch.float32,torch.float32,torch.float64,torch.float64,torch.float64,6860,3.8663264256928627,True
63.18689999898197,1.0279999987687916,100.50020000198856,164.71509999973932,6.4425999953527935,12.142177614579143,True,True,True,True,torch.float32,torch.float32,torch.float64,torch.float64,torch.float64,6860,3.8663264256928627,True
63.60349999886239,1.9554000027710572,99.77280000020983,165.33170000184327,6.934399993042462,12.096893699016595,True,True,True,True,torch.float32,torch.float32,torch.float64,torch.float64,torch.float64,6860,3.8663264256928627,True
62.77599999884842,1.7564000008860603,98.57190000184346,163.10430000157794,10.971999996399973,12.262092415593282,True,True,True,True,torch.float32,torch.float32,torch.float64,torch.float64,torch.float64,6860,3.8663264256928627,True
64.19540000206325,2.391199996054638,101.8164000051911,168.403000003309,7.401599999866448,11.876272987777543,True,True,True,True,torch.float32,torch.float32,torch.float64,torch.float64,torch.float64,6860,3.8663264256928627,True
63.19390000135172,2.1028000046499074,98.01629999856232,163.31300000456395,7.5886999984504655,12.24642251348091,True,True,True,True,torch.float32,torch.float32,torch.float64,torch.float64,torch.float64,6860,3.8663264256928627,True
63.72860000556102,1.886899997771252,100.08949999610195,165.70499999943422,6.2652000051457435,12.069641833419805,True,True,True,True,torch.float32,torch.float32,torch.float64,torch.float64,torch.float64,6860,3.8663264256928627,True
63.36919999739621,1.068099998519756,100.05800000362797,164.49529999954393,9.191199998895172,12.158402094196886,True,True,True,True,torch.float32,torch.float32,torch.float64,torch.float64,torch.float64,6860,3.8663264256928627,True
63.02539999887813,2.3483999975724146,97.45670000120299,162.83049999765353,7.299400000192691,12.282711163011973,True,True,True,True,torch.float32,torch.float32,torch.float64,torch.float64,torch.float64,6860,3.8663264256928627,True
63.78740000218386,2.21389999933308,99.41360000084387,165.4149000023608,9.016999996674713,12.09080923164392,True,True,True,True,torch.float32,torch.float32,torch.float64,torch.float64,torch.float64,6860,3.8663264256928627,True
62.65069999790285,1.028099999530241,98.81609999865759,162.49489999609068,8.00580000213813,12.30807859230115,True,True,True,True,torch.float32,torch.float32,torch.float64,torch.float64,torch.float64,6860,3.8663264256928627,True
63.205099999322556,1.4903999981470406,98.8881000012043,163.5835999986739,9.719200003019068,12.22616448113511,True,True,True,True,torch.float32,torch.float32,torch.float64,torch.float64,torch.float64,6860,3.8663264256928627,True
63.161899997794535,1.0576999993645586,98.10120000474853,162.32080000190763,7.278499993844889,12.321279835834321,True,True,True,True,torch.float32,torch.float32,torch.float64,torch.float64,torch.float64,6860,3.8663264256928627,True
62.933900000643916,1.0999000005540438,99.75919999851612,163.79299999971408,9.686500001407694,12.210534027727016,True,True,True,True,torch.float32,torch.float32,torch.float64,torch.float64,torch.float64,6860,3.8663264256928627,True
63.70439999591326,1.5331000031437725,99.12989999429556,164.3673999933526,10.051100005512126,12.16786297088647,True,True,True,True,torch.float32,torch.float32,torch.float64,torch.float64,torch.float64,6860,3.8663264256928627,True
62.80910000350559,1.0389000017312355,98.93539999757195,162.78340000280878,10.94050000392599,12.286265061213186,True,True,True,True,torch.float32,torch.float32,torch.float64,torch.float64,torch.float64,6860,3.8663264256928627,True
62.242400003015064,1.94569999439409,100.52340000402182,164.71150000143098,7.31649999943329,12.142442998713657,True,True,True,True,torch.float32,torch.float32,torch.float64,torch.float64,torch.float64,6860,3.8663264256928627,True
63.61489999835612,1.9710999986273237,99.39190000295639,164.97789999993984,7.125199997972231,12.12283584650265,True,True,True,True,torch.float32,torch.float32,torch.float64,torch.float64,torch.float64,6860,3.8663264256928627,True
62.71700000070268,1.025699995807372,99.63650000281632,163.37919999932637,7.135400002880488,12.241460357305252,True,True,True,True,torch.float32,torch.float32,torch.float64,torch.float64,torch.float64,6860,3.8663264256928627,True
63.454300005105324,1.0454000002937391,98.9698999983375,163.46960000373656,8.582399997976609,12.234690731208032,True,True,True,True,torch.float32,torch.float32,torch.float64,torch.float64,torch.float64,6860,3.8663264256928627,True
62.73420000070473,1.0450000045238994,99.35419999965234,163.13340000488097,6.470799999078736,12.259905083448023,True,True,True,True,torch.float32,torch.float32,torch.float64,torch.float64,torch.float64,6860,3.8663264256928627,True
64.43790000048466,1.92349999997532,99.17459999996936,165.53600000042934,8.629300005850382,12.08196404404367,True,True,True,True,torch.float32,torch.float32,torch.float64,torch.float64,torch.float64,6860,3.8663264256928627,True
62.873700000636745,2.031100004387554,98.06209999806015,162.96690000308445,7.987400000274647,12.272430781724058,True,True,True,True,torch.float32,torch.float32,torch.float64,torch.float64,torch.float64,6860,3.8663264256928627,True
63.457199998083524,1.9267999959993176,99.40500000084285,164.7889999949257,8.10990000172751,12.13673242790226,True,True,True,True,torch.float32,torch.float32,torch.float64,torch.float64,torch.float64,6860,3.8663264256928627,True
62.77350000164006,1.0344999973312952,99.51680000085616,163.32479999982752,10.558800000580959,12.245537726065558,True,True,True,True,torch.float32,torch.float32,torch.float64,torch.float64,torch.float64,6860,3.8663264256928627,True
64.3802999984473,1.3141999952495098,97.59800000028918,163.29249999398598,9.661900003266055,12.247959949622055,True,True,True,True,torch.float32,torch.float32,torch.float64,torch.float64,torch.float64,6860,3.8663264256928627,True
64.34299999818904,1.066600001649931,99.77580000122543,165.1854000010644,9.921700002450962,12.107607572988366,True,True,True,True,torch.float32,torch.float32,torch.float64,torch.float64,torch.float64,6860,3.8663264256928627,True
63.13560000126017,2.2589000000152737,98.01159999915399,163.40610000042943,8.517399997799657,12.239445161439775,True,True,True,True,torch.float32,torch.float32,torch.float64,torch.float64,torch.float64,6860,3.8663264256928627,True
62.4141999942367,1.0207000013906509,99.96160000446253,163.39650000008987,8.203799996408634,12.240164262997677,True,True,True,True,torch.float32,torch.float32,torch.float64,torch.float64,torch.float64,6860,3.8663264256928627,True
64.33410000317963,1.912599997012876,99.7512000030838,165.9979000032763,10.664200002793223,12.048345189671231,True,True,True,True,torch.float32,torch.float32,torch.float64,torch.float64,torch.float64,6860,3.8663264256928627,True
63.357400002132636,1.1215999984415248,99.7198000040953,164.19880000466947,10.502299999643583,12.180356981556042,True,True,True,True,torch.float32,torch.float32,torch.float64,torch.float64,torch.float64,6860,3.8663264256928627,True
63.04390000150306,2.1810999969602562,99.78690000571078,165.0119000041741,6.857100001070648,12.120337987438534,True,True,True,True,torch.float32,torch.float32,torch.float64,torch.float64,torch.float64,6860,3.8663264256928627,True
62.97369999811053,1.303199998801574,98.50720000395086,162.78410000086296,6.892799996421672,12.286212228279036,True,True,True,True,torch.float32,torch.float32,torch.float64,torch.float64,torch.float64,6860,3.8663264256928627,True
62.997100001666695,1.087699994968716,100.38550000172108,164.4702999983565,10.467400003108196,12.16025020942982,True,True,True,True,torch.float32,torch.float32,torch.float64,torch.float64,torch.float64,6860,3.8663264256928627,True
62.5478000001749,1.0165999992750585,99.33340000134194,162.8978000007919,9.214500001689885,12.277636653105674,True,True,True,True,torch.float32,torch.float32,torch.float64,torch.float64,torch.float64,6860,3.8663264256928627,True
63.02490000234684,1.1115000015706755,97.84949999448145,161.98589999839896,6.931900003110059,12.34675363732132,True,True,True,True,torch.float32,torch.float32,torch.float64,torch.float64,torch.float64,6860,3.8663264256928627,True
62.9862999994657,1.0597000000416301,99.90050000487827,163.9465000043856,9.761399996932596,12.199101535845532,True,True,True,True,torch.float32,torch.float32,torch.float64,torch.float64,torch.float64,6860,3.8663264256928627,True
62.552599993068725,1.0111000010510907,99.58130000450183,163.14499999862164,11.564799999177922,12.259033375321936,True,True,True,True,torch.float32,torch.float32,torch.float64,torch.float64,torch.float64,6860,3.8663264256928627,True
63.38700000196695,1.9305000023450702,99.47449999890523,164.79200000321725,7.817799996701069,12.136511480902918,True,True,True,True,torch.float32,torch.float32,torch.float64,torch.float64,torch.float64,6860,3.8663264256928627,True
63.56910000613425,1.9245999937993474,101.46230000100331,166.9560000009369,7.514000004448462,11.979204101612261,True,True,True,True,torch.float32,torch.float32,torch.float64,torch.float64,torch.float64,6860,3.8663264256928627,True
62.779799998679664,1.5211999998427927,99.22899999946821,163.52999999799067,7.732999998552259,12.23017183406454,True,True,True,True,torch.float32,torch.float32,torch.float64,torch.float64,torch.float64,6860,3.8663264256928627,True
62.99619999481365,1.0047000032500364,101.24779999750899,165.24869999557268,8.191100001567975,12.102969645471243,True,True,True,True,torch.float32,torch.float32,torch.float64,torch.float64,torch.float64,6860,3.8663264256928627,True
63.65200000436744,2.899999999499414,98.32469999673776,164.87670000060461,9.239099999831524,12.130276746154344,True,True,True,True,torch.float32,torch.float32,torch.float64,torch.float64,torch.float64,6860,3.8663264256928627,True
62.728600001719315,1.109999997424893,99.64420000324026,163.48280000238447,7.18389999383362,12.233702872539675,True,True,True,True,torch.float32,torch.float32,torch.float64,torch.float64,torch.float64,6860,3.8663264256928627,True
62.706600001547486,0.9989000027417205,97.26529999898048,160.9708000032697,7.725699993898161,12.424613656385974,True,True,True,True,torch.float32,torch.float32,torch.float64,torch.float64,torch.float64,6860,3.8663264256928627,True
62.33490000158781,1.0696000026655383,99.62139999697683,163.02590000123018,6.840499998361338,12.267989319395925,True,True,True,True,torch.float32,torch.float32,torch.float64,torch.float64,torch.float64,6860,3.8663264256928627,True
62.39189999905648,1.040299997839611,99.15349999937462,162.5856999962707,9.351400003652088,12.301204841790359,True,True,True,True,torch.float32,torch.float32,torch.float64,torch.float64,torch.float64,6860,3.8663264256928627,True
64.13639999664156,2.2672999984933995,99.06670000054874,165.4703999956837,6.07760000275448,12.086753884997982,True,True,True,True,torch.float32,torch.float32,torch.float64,torch.float64,torch.float64,6860,3.8663264256928627,True
65.10160000470933,2.069499998469837,100.06080000312068,167.23190000629984,7.900699994934257,11.959440752180997,True,True,True,True,torch.float32,torch.float32,torch.float64,torch.float64,torch.float64,6860,3.8663264256928627,True
63.34729999798583,1.144699999713339,98.5685999985435,163.06059999624267,8.346100003109314,12.265378638653882,True,True,True,True,torch.float32,torch.float32,torch.float64,torch.float64,torch.float64,6860,3.8663264256928627,True
62.4519999983022,1.021999996737577,99.46599999966566,162.93999999470543,6.853800005046651,12.274456855682999,True,True,True,True,torch.float32,torch.float32,torch.float64,torch.float64,torch.float64,6860,3.8663264256928627,True
63.63440000131959,1.0411999974166974,101.04280000086874,165.71839999960503,10.511799999221694,12.068665881427572,True,True,True,True,torch.float32,torch.float32,torch.float64,torch.float64,torch.float64,6860,3.8663264256928627,True
63.86039999779314,2.0005000042147003,100.31919999892125,166.1801000009291,10.395199999038596,12.035135374144186,True,True,True,True,torch.float32,torch.float32,torch.float64,torch.float64,torch.float64,6860,3.8663264256928627,True
63.47420000383863,1.0257999965688214,99.83520000241697,164.33520000282442,8.180099997844081,12.17024715317002,True,True,True,True,torch.float32,torch.float32,torch.float64,torch.float64,torch.float64,6860,3.8663264256928627,True
63.180900004226714,1.9094999952358194,97.0794000022579,162.16980000172043,9.09529999626102,12.332752460561599,True,True,True,True,torch.float32,torch.float32,torch.float64,torch.float64,torch.float64,6860,3.8663264256928627,True
61.323399997490924,0.9879000062937848,99.0038999952958,161.3151999990805,6.336300000839401,12.398087719020898,True,True,True,True,torch.float32,torch.float32,torch.float64,torch.float64,torch.float64,6860,3.8663264256928627,True
63.10729999677278,1.9231000042054802,98.32779999851482,163.35819999949308,10.165499996219296,12.243034019756623,True,True,True,True,torch.float32,torch.float32,torch.float64,torch.float64,torch.float64,6860,3.8663264256928627,True
62.75579999783076,1.6075000021373853,98.23319999850355,162.5964999984717,9.486899994954001,12.300387769840055,True,True,True,True,torch.float32,torch.float32,torch.float64,torch.float64,torch.float64,6860,3.8663264256928627,True
63.31350000255043,1.9384999977773987,99.81770000013057,165.0697000004584,8.812899999611545,12.116093989353867,True,True,True,True,torch.float32,torch.float32,torch.float64,torch.float64,torch.float64,6860,3.8663264256928627,True
63.80580000404734,1.4555999950971454,98.80740000517108,164.06880000431556,8.198199997423217,12.190008093844737,True,True,True,True,torch.float32,torch.float32,torch.float64,torch.float64,torch.float64,6860,3.8663264256928627,True
63.3049000025494,1.123999994888436,100.93220000271685,165.3611000001547,6.974299998546485,12.094742959487624,True,True,True,True,torch.float32,torch.float32,torch.float64,torch.float64,torch.float64,6860,3.8663264256928627,True
63.515100002405234,1.9054000003961846,97.75939999963157,163.179900002433,6.790799998270813,12.256411481868664,True,True,True,True,torch.float32,torch.float32,torch.float64,torch.float64,torch.float64,6860,3.8663264256928627,True
63.26270000135992,1.9089999987045303,98.55599999718834,163.72769999725278,7.190800002717879,12.215403991099603,True,True,True,True,torch.float32,torch.float32,torch.float64,torch.float64,torch.float64,6860,3.8663264256928627,True
63.504800004011486,1.9098999982816167,98.90869999799179,164.3234000002849,9.79850000294391,12.171121094114001,True,True,True,True,torch.float32,torch.float32,torch.float64,torch.float64,torch.float64,6860,3.8663264256928627,True
64.17969999893103,1.9194000051356852,99.18409999954747,165.28320000361418,6.193699999130331,12.100443359980124,True,True,True,True,torch.float32,torch.float32,torch.float64,torch.float64,torch.float64,6860,3.8663264256928627,True
62.65230000281008,1.0035999948740937,101.61330000119051,165.26919999887468,7.022300000244286,12.101468392257106,True,True,True,True,torch.float32,torch.float32,torch.float64,torch.float64,torch.float64,6860,3.8663264256928627,True
63.865600001008715,1.0449999972479418,99.47549999924377,164.38609999750042,11.724500000127591,12.16647879614159,True,True,True,True,torch.float32,torch.float32,torch.float64,torch.float64,torch.float64,6860,3.8663264256928627,True
64.66930000169668,1.0485999955562875,99.26840000116499,164.98629999841796,7.627900005900301,12.122218632814832,True,True,True,True,torch.float32,torch.float32,torch.float64,torch.float64,torch.float64,6860,3.8663264256928627,True
62.90959999751067,1.0495000024093315,98.44039999734377,162.39949999726377,6.71870000223862,12.315308852759383,True,True,True,True,torch.float32,torch.float32,torch.float64,torch.float64,torch.float64,6860,3.8663264256928627,True
62.84150000283262,1.0427999950479716,98.05430000415072,161.9386000020313,10.739400000602473,12.35035995108586,True,True,True,True,torch.float32,torch.float32,torch.float64,torch.float64,torch.float64,6860,3.8663264256928627,True
63.24540000059642,1.0360000014770776,100.78760000033071,165.0690000024042,7.617399998707697,12.116145369335673,True,True,True,True,torch.float32,torch.float32,torch.float64,torch.float64,torch.float64,6860,3.8663264256928627,True
62.791700001980644,2.34910000290256,99.03969999868423,164.18050000356743,9.365199999592733,12.181714636979072,True,True,True,True,torch.float32,torch.float32,torch.float64,torch.float64,torch.float64,6860,3.8663264256928627,True
62.685299999429844,2.121199999237433,100.11059999669669,164.91709999536397,9.572200004186016,12.127305173667391,True,True,True,True,torch.float32,torch.float32,torch.float64,torch.float64,torch.float64,6860,3.8663264256928627,True
62.74000000121305,1.8161999978474341,99.88150000572205,164.43770000478253,8.790499996393919,12.162660995269526,True,True,True,True,torch.float32,torch.float32,torch.float64,torch.float64,torch.float64,6860,3.8663264256928627,True
63.18190000456525,1.0366999995312653,100.37119999469724,164.58979999879375,10.899700006120838,12.151421291080357,True,True,True,True,torch.float32,torch.float32,torch.float64,torch.float64,torch.float64,6860,3.8663264256928627,True
63.68060000386322,1.8841999990399927,99.64849999960279,165.213300002506,9.252399999240879,12.105562929677353,True,True,True,True,torch.float32,torch.float32,torch.float64,torch.float64,torch.float64,6860,3.8663264256928627,True
63.004999996337574,1.0733000017353334,100.890800000343,164.9690999984159,11.005200001818594,12.123482518963883,True,True,True,True,torch.float32,torch.float32,torch.float64,torch.float64,torch.float64,6860,3.8663264256928627,True
62.984900003357325,1.0257999965688214,97.68120000080671,161.69190000073286,7.165300004999153,12.369203404690866,True,True,True,True,torch.float32,torch.float32,torch.float64,torch.float64,torch.float64,6860,3.8663264256928627,True
63.21400000160793,1.0019000037573278,99.35569999652216,163.57160000188742,10.187599997152574,12.22706142127926,True,True,True,True,torch.float32,torch.float32,torch.float64,torch.float64,torch.float64,6860,3.8663264256928627,True
62.7052999989246,1.0172999973292463,99.1345000002184,162.85709999647224,10.008700002799742,12.280704986416456,True,True,True,True,torch.float32,torch.float32,torch.float64,torch.float64,torch.float64,6860,3.8663264256928627,True
63.466699997661635,1.697800005786121,98.94989999884274,164.1144000022905,6.609500000195112,12.186621039787408,True,True,True,True,torch.float32,torch.float32,torch.float64,torch.float64,torch.float64,6860,3.8663264256928627,True
62.24740000470774,1.2504999976954423,97.76530000090133,161.26320000330452,8.41950000176439,12.402085534449379,True,True,True,True,torch.float32,torch.float32,torch.float64,torch.float64,torch.float64,6860,3.8663264256928627,True
61.97000000247499,2.00829999812413,99.49760000017704,163.47590000077616,9.178499996778555,12.234219233480312,True,True,True,True,torch.float32,torch.float32,torch.float64,torch.float64,torch.float64,6860,3.8663264256928627,True
63.39529999968363,1.9794000036199577,98.94139999960316,164.31610000290675,6.671499999356456,12.171661815029811,True,True,True,True,torch.float32,torch.float32,torch.float64,torch.float64,torch.float64,6860,3.8663264256928627,True
62.87929999962216,1.5843000001041219,97.84010000294074,162.30370000266703,10.671599993656855,12.322577981691948,True,True,True,True,torch.float32,torch.float32,torch.float64,torch.float64,torch.float64,6860,3.8663264256928627,True
63.32979999569943,1.6490000052726828,100.80849999940256,165.78730000037467,5.885300000954885,12.06365023132339,True,True,True,True,torch.float32,torch.float32,torch.float64,torch.float64,torch.float64,6860,3.8663264256928627,True
62.679900001967326,1.0503999947104603,98.16960000171093,161.89989999838872,9.982499999750871,12.353312139290418,True,True,True,True,torch.float32,torch.float32,torch.float64,torch.float64,torch.float64,6860,3.8663264256928627,True
63.19889999576844,1.3685000012628734,98.88700000010431,163.45439999713562,10.400400002254173,12.235828463688026,True,True,True,True,torch.float32,torch.float32,torch.float64,torch.float64,torch.float64,6860,3.8663264256928627,True
64.3013999942923,2.224000003479887,101.1646999977529,167.6900999955251,9.833399999479298,11.926762522375329,True,True,True,True,torch.float32,torch.float32,torch.float64,torch.float64,torch.float64,6860,3.8663264256928627,True
63.12489999982063,0.999800002318807,97.29599999991478,161.42070000205422,10.412099996756297,12.38998467962627,True,True,True,True,torch.float32,torch.float32,torch.float64,torch.float64,torch.float64,6860,3.8663264256928627,True
63.60139999742387,1.9611000025179237,98.97510000155307,164.53760000149487,11.57769999554148,12.155276362252941,True,True,True,True,torch.float32,torch.float32,torch.float64,torch.float64,torch.float64,6860,3.8663264256928627,True
63.15280000126222,2.2148999996716157,99.29779999947641,164.66550000041025,7.560199999716133,12.145835041311125,True,True,True,True,torch.float32,torch.float32,torch.float64,torch.float64,torch.float64,6860,3.8663264256928627,True
62.20339999708813,2.0215999975334853,98.43060000275727,162.65559999737889,7.355900001130067,12.295918493013637,True,True,True,True,torch.float32,torch.float32,torch.float64,torch.float64,torch.float64,6860,3.8663264256928627,True
62.651299995195586,1.10530000529252,100.66679999727057,164.42339999775868,7.681900002353359,12.163718789583859,True,True,True,True,torch.float32,torch.float32,torch.float64,torch.float64,torch.float64,6860,3.8663264256928627,True
62.21460000233492,1.5660999997635372,98.26829999656184,162.0489999986603,7.158500004152302,12.3419459547207,True,True,True,True,torch.float32,torch.float32,torch.float64,torch.float64,torch.float64,6860,3.8663264256928627,True
63.26479999552248,1.0118999998667277,100.33560000010766,164.61229999549687,8.00359999993816,12.149760376683346,True,True,True,True,torch.float32,torch.float32,torch.float64,torch.float64,torch.float64,6860,3.8663264256928627,True
63.37830000120448,1.0597000000416301,99.14410000055796,163.58210000180406,8.743200000026263,12.226276591252606,True,True,True,True,torch.float32,torch.float32,torch.float64,torch.float64,torch.float64,6860,3.8663264256928627,True
64.01129999721888,2.3342999993474223,99.69149999960791,166.03709999617422,10.709200003475416,12.04550067452445,True,True,True,True,torch.float32,torch.float32,torch.float64,torch.float64,torch.float64,6860,3.8663264256928627,True
63.79200000083074,1.048300000547897,101.45860000193352,166.29890000331216,7.708099998126272,12.026537757977751,True,True,True,True,torch.float32,torch.float32,torch.float64,torch.float64,torch.float64,6860,3.8663264256928627,True
62.869000001228414,1.8233000009786338,97.33810000034282,162.03040000254987,11.30120000016177,12.343362726800194,True,True,True,True,torch.float32,torch.float32,torch.float64,torch.float64,torch.float64,6860,3.8663264256928627,True
64.90959999791812,1.8834000002243556,100.50140000385,167.29440000199247,6.73829999868758,11.954972790339545,True,True,True,True,torch.float32,torch.float32,torch.float64,torch.float64,torch.float64,6860,3.8663264256928627,True
63.498299998173025,2.1015000020270236,97.21859999990556,162.8184000001056,7.881099998485297,12.28362396386835,True,True,True,True,torch.float32,torch.float32,torch.float64,torch.float64,torch.float64,6860,3.8663264256928627,True
62.3420999982045,1.1387999984435737,99.42380000575213,162.9047000024002,8.66880000103265,12.27711662076375,True,True,True,True,torch.float32,torch.float32,torch.float64,torch.float64,torch.float64,6860,3.8663264256928627,True
63.159799996356014,1.9685000006575137,97.46389999781968,162.5921999948332,7.507400005124509,12.30071307272769,True,True,True,True,torch.float32,torch.float32,torch.float64,torch.float64,torch.float64,6860,3.8663264256928627,True
62.685099997906946,1.88460000208579,97.80270000192104,162.37240000191377,9.091199994145427,12.317364280976491,True,True,True,True,torch.float32,torch.float32,torch.float64,torch.float64,torch.float64,6860,3.8663264256928627,True
63.202100005582906,1.3103999954182655,101.33230000064941,165.84480000165058,7.538500001828652,12.059467646740174,True,True,True,True,torch.float32,torch.float32,torch.float64,torch.float64,torch.float64,6860,3.8663264256928627,True
63.32280000060564,1.0425000000395812,99.03050000139046,163.39580000203568,8.848400000715628,12.240216700643975,True,True,True,True,torch.float32,torch.float32,torch.float64,torch.float64,torch.float64,6860,3.8663264256928627,True
62.841800005116966,1.0665999943739735,101.40640000463463,165.31480000412557,10.347299998102244,12.09813035463303,True,True,True,True,torch.float32,torch.float32,torch.float64,torch.float64,torch.float64,6860,3.8663264256928627,True
62.982499999634456,1.9328999987919815,99.52830000111135,164.44369999953778,7.18359999882523,12.162217220882415,True,True,True,True,torch.float32,torch.float32,torch.float64,torch.float64,torch.float64,6860,3.8663264256928627,True
62.4833000038052,1.0036000021500513,99.59969999908935,163.0866000050446,9.351799999421928,12.263423236109748,True,True,True,True,torch.float32,torch.float32,torch.float64,torch.float64,torch.float64,6860,3.8663264256928627,True
63.93709999974817,1.94500000361586,99.35519999999087,165.2373000033549,6.271099999139551,12.10380464918873,True,True,True,True,torch.float32,torch.float32,torch.float64,torch.float64,torch.float64,6860,3.8663264256928627,True
63.60049999784678,1.9687000021804124,98.89039999688976,164.45959999691695,6.067599999369122,12.161041374522942,True,True,True,True,torch.float32,torch.float32,torch.float64,torch.float64,torch.float64,6860,3.8663264256928627,True
63.68559999827994,1.9929999980377033,101.20480000477983,166.88340000109747,10.656999998900574,11.984415466049034,True,True,True,True,torch.float32,torch.float32,torch.float64,torch.float64,torch.float64,6860,3.8663264256928627,True
62.85829999978887,1.0290999998687766,97.82889999769395,161.7162999973516,10.165300001972355,12.367337120826742,True,True,True,True,torch.float32,torch.float32,torch.float64,torch.float64,torch.float64,6860,3.8663264256928627,True
61.36490000062622,1.665099996898789,98.64150000066729,161.6714999981923,9.957400005077943,12.3707641731682,True,True,True,True,torch.float32,torch.float32,torch.float64,torch.float64,torch.float64,6860,3.8663264256928627,True
63.17280000075698,1.0669999974197708,98.9525000040885,163.19230000226526,10.130299997399561,12.255480190990863,True,True,True,True,torch.float32,torch.float32,torch.float64,torch.float64,torch.float64,6860,3.8663264256928627,True
62.678000002051704,1.090400000975933,97.58129999681842,161.34969999984605,8.55279999814229,12.39543674392892,True,True,True,True,torch.float32,torch.float32,torch.float64,torch.float64,torch.float64,6860,3.8663264256928627,True
63.27600000076927,1.1279000027570873,101.39279999566497,165.79669999919133,9.238500002538785,12.062966271401994,True,True,True,True,torch.float32,torch.float32,torch.float64,torch.float64,torch.float64,6860,3.8663264256928627,True
64.28849999792874,1.9151000014971942,100.06669999711448,166.27029999654042,7.681399998546112,12.028606432066423,True,True,True,True,torch.float32,torch.float32,torch.float64,torch.float64,torch.float64,6860,3.8663264256928627,True
62.343700003111735,1.0249999977531843,99.3945000009262,162.76320000179112,6.618200000957586,12.287789868827788,True,True,True,True,torch.float32,torch.float32,torch.float64,torch.float64,torch.float64,6860,3.8663264256928627,True
64.1061999995145,1.0251000057905912,99.38169999804813,164.51300000335323,8.493000001180917,12.157093968010033,True,True,True,True,torch.float32,torch.float32,torch.float64,torch.float64,torch.float64,6860,3.8663264256928627,True
63.306700001703575,2.1954999974695966,99.81680000055349,165.31899999972666,7.189299998572096,12.097822996771738,True,True,True,True,torch.float32,torch.float32,torch.float64,torch.float64,torch.float64,6860,3.8663264256928627,True
63.56089999462711,1.0212000051978976,101.19549999944866,165.77759999927366,7.9121999951894395,12.064356101239026,True,True,True,True,torch.float32,torch.float32,torch.float64,torch.float64,torch.float64,6860,3.8663264256928627,True
62.79559999529738,1.634500004001893,98.22390000044834,162.6539999997476,7.087300000421237,12.296039445713621,True,True,True,True,torch.float32,torch.float32,torch.float64,torch.float64,torch.float64,6860,3.8663264256928627,True
62.735999999858905,1.3831999967806041,99.0957999965758,163.21499999321532,8.340200001839548,12.253775695145286,True,True,True,True,torch.float32,torch.float32,torch.float64,torch.float64,torch.float64,6860,3.8663264256928627,True
62.566799999331124,1.0511000000406057,99.12120000080904,162.73910000018077,9.348499996121973,12.289609565235265,True,True,True,True,torch.float32,torch.float32,torch.float64,torch.float64,torch.float64,6860,3.8663264256928627,True
62.81879999733064,1.0916000028373674,100.38369999529095,164.29409999545896,7.045800004561897,12.173291676665682,True,True,True,True,torch.float32,torch.float32,torch.float64,torch.float64,torch.float64,6860,3.8663264256928627,True
63.49940000654897,1.1640999946394004,101.35660000378266,166.02010000497103,10.26080000156071,12.046734099907875,True,True,True,True,torch.float32,torch.float32,torch.float64,torch.float64,torch.float64,6860,3.8663264256928627,True
62.85829999978887,1.549599997815676,97.85469999769703,162.26259999530157,9.282700004405342,12.325699206458614,True,True,True,True,torch.float32,torch.float32,torch.float64,torch.float64,torch.float64,6860,3.8663264256928627,True
63.91299999813782,2.096199998049997,98.81139999924926,164.82059999543708,11.32099999813363,12.134405529741842,True,True,True,True,torch.float32,torch.float32,torch.float64,torch.float64,torch.float64,6860,3.8663264256928627,True
62.52659999881871,1.0220000040135346,100.46760000113863,164.01620000397088,11.538399994606152,12.193917429812295,True,True,True,True,torch.float32,torch.float32,torch.float64,torch.float64,torch.float64,6860,3.8663264256928627,True
63.69489999633515,1.9203999981982633,97.64730000460986,163.26259999914328,6.1227999976836145,12.25020304717979,True,True,True,True,torch.float32,torch.float32,torch.float64,torch.float64,torch.float64,6860,3.8663264256928627,True
63.19980000262149,1.9278999970993027,99.2268000045442,164.354500004265,7.942099997308105,12.168818011968641,True,True,True,True,torch.float32,torch.float32,torch.float64,torch.float64,torch.float64,6860,3.8663264256928627,True
63.100999999733176,1.9189000013284385,98.53660000226228,163.5565000033239,7.679800000914838,12.228190258163723,True,True,True,True,torch.float32,torch.float32,torch.float64,torch.float64,torch.float64,6860,3.8663264256928627,True
63.61389999801759,2.1190999977989122,101.59079999721143,167.32379999302793,12.824800003727432,11.95287221592706,True,True,True,True,torch.float32,torch.float32,torch.float64,torch.float64,torch.float64,6860,3.8663264256928627,True
63.265999997383915,1.1090999978478067,100.26330000255257,164.6383999977843,8.004700001038145,12.147834284267317,True,True,True,True,torch.float32,torch.float32,torch.float64,torch.float64,torch.float64,6860,3.8663264256928627,True
62.827800000377465,1.0286999968229793,99.07979999843519,162.93629999563564,9.758699998201337,12.274735587180826,True,True,True,True,torch.float32,torch.float32,torch.float64,torch.float64,torch.float64,6860,3.8663264256928627,True
63.420300000871066,1.9538999986252747,99.14570000546519,164.51990000496153,11.07679999404354,12.156584096754768,True,True,True,True,torch.float32,torch.float32,torch.float64,torch.float64,torch.float64,6860,3.8663264256928627,True
63.184699996782,1.3531000004149973,97.52719999960391,162.0649999968009,7.661499999812804,12.340727486128893,True,True,True,True,torch.float32,torch.float32,torch.float64,torch.float64,torch.float64,6860,3.8663264256928627,True
62.259300000732765,1.935200001753401,100.10740000143414,164.3019000039203,6.2862999984645285,12.172713766257598,True,True,True,True,torch.float32,torch.float32,torch.float64,torch.float64,torch.float64,6860,3.8663264256928627,True
63.66610000259243,1.9142999954055995,101.34100000141189,166.9213999994099,8.544700001948513,11.98168718934223,True,True,True,True,torch.float32,torch.float32,torch.float64,torch.float64,torch.float64,6860,3.8663264256928627,True
62.99679999938235,1.4187000051606447,98.17059999477351,162.5860999993165,10.725100000854582,12.301174577706261,True,True,True,True,torch.float32,torch.float32,torch.float64,torch.float64,torch.float64,6860,3.8663264256928627,True
63.66780000098515,1.1412000021664426,99.73759999411413,164.54659999726573,9.83980000455631,12.154611520585865,True,True,True,True,torch.float32,torch.float32,torch.float64,torch.float64,torch.float64,6860,3.8663264256928627,True
63.688900001579896,1.2541999967652373,98.22150000400143,163.16460000234656,6.836499997007195,12.257560769745623,True,True,True,True,torch.float32,torch.float32,torch.float64,torch.float64,torch.float64,6860,3.8663264256928627,True
63.83310000092024,1.9824999981210567,99.5413999989978,165.3569999980391,6.092600000556558,12.095042846832714,True,True,True,True,torch.float32,torch.float32,torch.float64,torch.float64,torch.float64,6860,3.8663264256928627,True
64.21279999631224,1.9236000007367693,100.03940000024159,166.1757999972906,8.519200004229788,12.035446798105433,True,True,True,True,torch.float32,torch.float32,torch.float64,torch.float64,torch.float64,6860,3.8663264256928627,True
63.633400000981055,1.0502000004635192,98.80340000381693,163.4870000052615,7.860300000174902,12.23338858707808,True,True,True,True,torch.float32,torch.float32,torch.float64,torch.float64,torch.float64,6860,3.8663264256928627,True
63.07129999913741,1.9433999987086281,99.50569999637082,164.52039999421686,9.945300000254065,12.156547152026757,True,True,True,True,torch.float32,torch.float32,torch.float64,torch.float64,torch.float64,6860,3.8663264256928627,True
63.485899998340756,1.937799999723211,98.16800000407966,163.59170000214363,7.003499995335005,12.225559120504236,True,True,True,True,torch.float32,torch.float32,torch.float64,torch.float64,torch.float64,6860,3.8663264256928627,True
62.02090000442695,1.224699997692369,98.63059999770485,161.87619999982417,7.543400002759881,12.35512076514134,True,True,True,True,torch.float32,torch.float32,torch.float64,torch.float64,torch.float64,6860,3.8663264256928627,True
62.78619999648072,1.0470999986864626,98.12490000331309,161.95819999848027,11.893399998371024,12.348865324625534,True,True,True,True,torch.float32,torch.float32,torch.float64,torch.float64,torch.float64,6860,3.8663264256928627,True
63.31269999645883,1.967500000318978,98.12580000289017,163.40599999966798,8.475299997371621,12.239452651702285,True,True,True,True,torch.float32,torch.float32,torch.float64,torch.float64,torch.float64,6860,3.8663264256928627,True
63.99509999755537,1.1317000025883317,101.04129999672296,166.16809999686666,7.151800004066899,12.036004504099841,True,True,True,True,torch.float32,torch.float32,torch.float64,torch.float64,torch.float64,6860,3.8663264256928627,True
63.94629999704193,1.0790000014821999,99.37579999677837,164.4010999953025,9.583899998688139,12.16536872354958,True,True,True,True,torch.float32,torch.float32,torch.float64,torch.float64,torch.float64,6860,3.8663264256928627,True
63.22300000465475,2.5305999952252023,98.9045000023907,164.65810000227066,6.491200001619291,12.146380894547063,True,True,True,True,torch.float32,torch.float32,torch.float64,torch.float64,torch.float64,6860,3.8663264256928627,True
62.84459999733372,1.0079000057885423,99.14759999810485,163.0001000012271,7.161000001360662,12.269931122649272,True,True,True,True,torch.float32,torch.float32,torch.float64,torch.float64,torch.float64,6860,3.8663264256928627,True
62.45840000337921,2.1694999959436245,98.14910000568489,162.77700000500772,6.161799996334594,12.28674812742876,True,True,True,True,torch.float32,torch.float32,torch.float64,torch.float64,torch.float64,6860,3.8663264256928627,True
63.0851999958395,1.2586000011651777,99.43590000330005,163.77970000030473,8.699899997736793,12.211525604188301,True,True,True,True,torch.float32,torch.float32,torch.float64,torch.float64,torch.float64,6860,3.8663264256928627,True
63.39029999799095,1.7760999980964698,98.45920000225306,163.62559999834048,6.359599996358156,12.223026225849038,True,True,True,True,torch.float32,torch.float32,torch.float64,torch.float64,torch.float64,6860,3.8663264256928627,True
63.115400000242516,1.0382000036770478,100.84079999796813,164.9944000018877,6.412299997464288,12.121623521629328,True,True,True,True,torch.float32,torch.float32,torch.float64,torch.float64,torch.float64,6860,3.8663264256928627,True
63.38300000061281,1.9771000006585382,97.7262000014889,163.08630000276025,11.44689999637194,12.26344579505544,True,True,True,True,torch.float32,torch.float32,torch.float64,torch.float64,torch.float64,6860,3.8663264256928627,True
62.64530000044033,1.0257000030833296,100.26949999883072,163.94050000235438,6.972899995162152,12.199548006571149,True,True,True,True,torch.float32,torch.float32,torch.float64,torch.float64,torch.float64,6860,3.8663264256928627,True
63.400800005183555,1.8940999943879433,97.77849999954924,163.07339999912074,12.065100003383122,12.26441590112663,True,True,True,True,torch.float32,torch.float32,torch.float64,torch.float64,torch.float64,6860,3.8663264256928627,True
63.839100002951454,2.078999998047948,98.05140000389656,163.96950000489596,7.1957999971346,12.197390367966493,True,True,True,True,torch.float32,torch.float32,torch.float64,torch.float64,torch.float64,6860,3.8663264256928627,True
64.10019999748329,1.2674000026891008,100.61709999718005,165.98469999735244,9.180499997455627,12.049303339596369,True,True,True,True,torch.float32,torch.float32,torch.float64,torch.float64,torch.float64,6860,3.8663264256928627,True
63.7120999963372,1.9819000008283183,100.21530000085477,165.9092999980203,8.281000002170913,12.054779328367156,True,True,True,True,torch.float32,torch.float32,torch.float64,torch.float64,torch.float64,6860,3.8663264256928627,True
63.18000000464963,1.1951999986195005,100.03709999728017,164.4123000005493,11.176500003784895,12.164540000920358,True,True,True,True,torch.float32,torch.float32,torch.float64,torch.float64,torch.float64,6860,3.8663264256928627,True
63.681400002678856,1.1890999958268367,100.97769999993034,165.84819999843603,10.249500002828427,12.059220419750472,True,True,True,True,torch.float32,torch.float32,torch.float64,torch.float64,torch.float64,6860,3.8663264256928627,True
63.5476999959792,2.0006000049761496,99.98859999905108,165.53690000000643,8.491299995512236,12.08189835619685,True,True,True,True,torch.float32,torch.float32,torch.float64,torch.float64,torch.float64,6860,3.8663264256928627,True
63.0855999988853,1.9100999998045154,99.6478999950341,164.6435999937239,9.071000000403728,12.147450615002578,True,True,True,True,torch.float32,torch.float32,torch.float64,torch.float64,torch.float64,6860,3.8663264256928627,True
62.71710000146413,1.3585999986389652,96.78249999706168,160.85819999716477,6.876799998281058,12.433310829259877,True,True,True,True,torch.float32,torch.float32,torch.float64,torch.float64,torch.float64,6860,3.8663264256928627,True
63.645700000051875,1.6459000034956262,99.57020000001648,164.86180000356399,6.30309999542078,12.131373064935381,True,True,True,True,torch.float32,torch.float32,torch.float64,torch.float64,torch.float64,6860,3.8663264256928627,True
62.78110000130255,1.0235999943688512,97.44370000407798,161.24839999974938,7.379700000456069,12.403223845961314,True,True,True,True,torch.float32,torch.float32,torch.float64,torch.float64,torch.float64,6860,3.8663264256928627,True
61.219599992909934,1.0553000029176474,98.72780000296189,161.00269999878947,10.34389999404084,12.422151926738106,True,True,True,True,torch.float32,torch.float32,torch.float64,torch.float64,torch.float64,6860,3.8663264256928627,True
63.316799998574425,1.0249000042676926,100.96709999925224,165.30880000209436,7.443299997248687,12.09856946499316,True,True,True,True,torch.float32,torch.float32,torch.float64,torch.float64,torch.float64,6860,3.8663264256928627,True
62.44400000286987,1.1662999968393706,97.9799000051571,161.59020000486635,10.987800000293646,12.376988208070596,True,True,True,True,torch.float32,torch.float32,torch.float64,torch.float64,torch.float64,6860,3.8663264256928627,True
62.82919999648584,2.063800005998928,98.94799999892712,163.84100000141189,9.174999999231659,12.206956744543582,True,True,True,True,torch.float32,torch.float32,torch.float64,torch.float64,torch.float64,6860,3.8663264256928627,True
63.56779999623541,1.7664000042714179,97.4142999984906,162.74849999899743,7.5883999961661175,12.288899744159366,True,True,True,True,torch.float32,torch.float32,torch.float64,torch.float64,torch.float64,6860,3.8663264256928627,True
62.57329999789363,1.062600000295788,101.41709999879822,165.05299999698764,6.356999998388346,12.11731989140762,True,True,True,True,torch.float32,torch.float32,torch.float64,torch.float64,torch.float64,6860,3.8663264256928627,True
62.59979999595089,1.053799998771865,99.41610000532819,163.06970000005094,6.965499997022562,12.264694176780697,True,True,True,True,torch.float32,torch.float32,torch.float64,torch.float64,torch.float64,6860,3.8663264256928627,True
62.92340000072727,2.540100002079271,98.48880000208737,163.9523000048939,7.23909999942407,12.198669978648063,True,True,True,True,torch.float32,torch.float32,torch.float64,torch.float64,torch.float64,6860,3.8663264256928627,True
63.41989999782527,1.6471000053570606,100.67649999837158,165.7435000015539,6.729000000632368,12.066838216770185,True,True,True,True,torch.float32,torch.float32,torch.float64,torch.float64,torch.float64,6860,3.8663264256928627,True
62.60100000508828,1.2117999940528534,99.18219999963185,162.99499999877298,7.228500006021932,12.270315040431031,True,True,True,True,torch.float32,torch.float32,torch.float64,torch.float64,torch.float64,6860,3.8663264256928627,True
63.275200001953635,1.0271999999531545,101.37359999498585,165.67599999689264,8.14890000037849,12.071754509026722,True,True,True,True,torch.float32,torch.float32,torch.float64,torch.float64,torch.float64,6860,3.8663264256928627,True
62.68640000052983,1.4590999999199994,99.32359999947948,163.4690999999293,9.171099998638965,12.234728153521765,True,True,True,True,torch.float32,torch.float32,torch.float64,torch.float64,torch.float64,6860,3.8663264256928627,True
61.81849999848055,1.153500001237262,98.63599999516737,161.60799999488518,11.021900005289353,12.375624969452621,True,True,True,True,torch.float32,torch.float32,torch.float64,torch.float64,torch.float64,6860,3.8663264256928627,True
63.011799997184426,1.0390000024926849,101.271599996835,165.3223999965121,9.201000000757631,12.097574194677764,True,True,True,True,torch.float32,torch.float32,torch.float64,torch.float64,torch.float64,6860,3.8663264256928627,True
63.82270000176504,1.0232999993604608,100.50639999826672,165.35239999939222,7.614300004206598,12.095379323235413,True,True,True,True,torch.float32,torch.float32,torch.float64,torch.float64,torch.float64,6860,3.8663264256928627,True
63.04010000167182,1.2951000026077963,100.05490000185091,164.39010000613052,7.0398999960161746,12.166182756293809,True,True,True,True,torch.float32,torch.float32,torch.float64,torch.float64,torch.float64,6860,3.8663264256928627,True
63.059899999643676,1.0408999951323494,100.4389000008814,164.53969999565743,9.543000000121538,12.155121226383569,True,True,True,True,torch.float32,torch.float32,torch.float64,torch.float64,torch.float64,6860,3.8663264256928627,True
62.41120000049705,1.5070999943418428,100.6963000036194,164.6145999984583,9.139699999650475,12.149590619657863,True,True,True,True,torch.float32,torch.float32,torch.float64,torch.float64,torch.float64,6860,3.8663264256928627,True
63.778700001421385,1.3599999947473407,99.85530000267318,164.9939999988419,11.515999998664483,12.121652908675697,True,True,True,True,torch.float32,torch.float32,torch.float64,torch.float64,torch.float64,6860,3.8663264256928627,True
63.48659999639494,1.8810000037774444,98.94639999401988,164.31399999419227,9.13290000607958,12.171817374482336,True,True,True,True,torch.float32,torch.float32,torch.float64,torch.float64,torch.float64,6860,3.8663264256928627,True
62.98969999625115,1.6611000028206035,98.74799999670358,163.39879999577533,6.495500005257782,12.239991970881732,True,True,True,True,torch.float32,torch.float32,torch.float64,torch.float64,torch.float64,6860,3.8663264256928627,True
62.22519999573706,1.0411000039312057,99.42109999974491,162.68739999941317,9.085899997444358,12.293515047921439,True,True,True,True,torch.float32,torch.float32,torch.float64,torch.float64,torch.float64,6860,3.8663264256928627,True
62.78600000223378,1.051999999617692,99.56840000086231,163.40640000271378,6.276699998124968,12.239422690707249,True,True,True,True,torch.float32,torch.float32,torch.float64,torch.float64,torch.float64,6860,3.8663264256928627,True
63.81089999922551,1.5173000065260567,99.0957999965758,164.42400000232738,6.964899999729823,12.163674402591413,True,True,True,True,torch.float32,torch.float32,torch.float64,torch.float64,torch.float64,6860,3.8663264256928627,True
62.985000004118774,1.14229999599047,97.44960000534775,161.576900005457,8.218700000725221,12.378007004296117,True,True,True,True,torch.float32,torch.float32,torch.float64,torch.float64,torch.float64,6860,3.8663264256928627,True
63.582800001313444,1.9432999979471788,100.9907000043313,166.51680000359192,6.093999996664934,12.01080011120114,True,True,True,True,torch.float32,torch.float32,torch.float64,torch.float64,torch.float64,6860,3.8663264256928627,True
62.91679999412736,1.9648000015877187,97.6955000005546,162.57709999626968,7.628100000147242,12.301855550664207,True,True,True,True,torch.float32,torch.float32,torch.float64,torch.float64,torch.float64,6860,3.8663264256928627,True
63.52869999682298,1.6957000043476,98.64929999457672,163.8736999957473,11.17050000175368,12.20452092100137,True,True,True,True,torch.float32,torch.float32,torch.float64,torch.float64,torch.float64,6860,3.8663264256928627,True
62.979900001664646,1.0481999997864477,99.49449999839999,163.52259999985108,10.409400005300995,12.230725294251812,True,True,True,True,torch.float32,torch.float32,torch.float64,torch.float64,torch.float64,6860,3.8663264256928627,True
62.28489999921294,1.0417000012239441,98.6650999984704,161.99169999890728,9.135200001765043,12.346311570367439,True,True,True,True,torch.float32,torch.float32,torch.float64,torch.float64,torch.float64,6860,3.8663264256928627,True
63.054800004465505,1.9524999952409416,101.04280000086874,166.05010000057518,6.17939999938244,12.044557636478823,True,True,True,True,torch.float32,torch.float32,torch.float64,torch.float64,torch.float64,6860,3.8663264256928627,True
63.486400002148,1.9002000044565648,97.79979999439092,163.1864000009955,8.372600001166575,12.255923287650193,True,True,True,True,torch.float32,torch.float32,torch.float64,torch.float64,torch.float64,6860,3.8663264256928627,True
62.52610000228742,1.0169999950448982,100.99020000052406,164.53329999785637,6.985899999563117,12.155594034922153,True,True,True,True,torch.float32,torch.float32,torch.float64,torch.float64,torch.float64,6860,3.8663264256928627,True
62.41359999694396,2.462000004015863,97.76749999582535,162.64309999678517,10.100999999849591,12.296863500754304,True,True,True,True,torch.float32,torch.float32,torch.float64,torch.float64,torch.float64,6860,3.8663264256928627,True
61.77459999889834,2.2339999995892867,98.06840000237571,162.07700000086334,6.498599999758881,12.339813792144145,True,True,True,True,torch.float32,torch.float32,torch.float64,torch.float64,torch.float64,6860,3.8663264256928627,True
62.72890000400366,1.0581999958958477,100.58560000470607,164.37270000460558,7.032599998638034,12.167470631947774,True,True,True,True,torch.float32,torch.float32,torch.float64,torch.float64,torch.float64,6860,3.8663264256928627,True
62.92639999446692,1.834000002418179,98.19050000078278,162.95089999766788,6.357500002195593,12.273635800898452,True,True,True,True,torch.float32,torch.float32,torch.float64,torch.float64,torch.float64,6860,3.8663264256928627,True
63.63419999979669,2.053200005320832,102.54589999385644,168.23329999897396,6.982300001254771,11.888252801390674,True,True,True,True,torch.float32,torch.float32,torch.float64,torch.float64,torch.float64,6860,3.8663264256928627,True
63.4040000004461,2.1564999988186173,98.77140000025975,164.33189999952447,7.853700000850949,12.1704915479331,True,True,True,True,torch.float32,torch.float32,torch.float64,torch.float64,torch.float64,6860,3.8663264256928627,True
63.67109999700915,1.2673000019276515,99.21819999726722,164.15659999620402,7.015000002866145,12.183488206055975,True,True,True,True,torch.float32,torch.float32,torch.float64,torch.float64,torch.float64,6860,3.8663264256928627,True
63.52000000333646,1.0371999960625544,100.07949999999255,164.63669999939157,10.925000002316665,12.147959719840054,True,True,True,True,torch.float32,torch.float32,torch.float64,torch.float64,torch.float64,6860,3.8663264256928627,True
64.37930000538472,1.956899999640882,98.53239999938523,164.86860000441084,7.174799997301307,12.130872706788878,True,True,True,True,torch.float32,torch.float32,torch.float64,torch.float64,torch.float64,6860,3.8663264256928627,True
62.6678999979049,1.0465000013937242,100.98659999493975,164.70099999423837,6.757400005881209,12.143217102931766,True,True,True,True,torch.float32,torch.float32,torch.float64,torch.float64,torch.float64,6860,3.8663264256928627,True
63.37340000027325,1.8723000030149706,97.52569999545813,162.77139999874635,9.009699999296572,12.28717084214674,True,True,True,True,torch.float32,torch.float32,torch.float64,torch.float64,torch.float64,6860,3.8663264256928627,True
63.29399999958696,1.0509999992791563,99.72900000138907,164.07400000025518,7.351399995968677,12.189621756017951,True,True,True,True,torch.float32,torch.float32,torch.float64,torch.float64,torch.float64,6860,3.8663264256928627,True
63.76869999803603,1.0460000048624352,99.32339999795659,164.13810000085505,7.496899997931905,12.184861406276674,True,True,True,True,torch.float32,torch.float32,torch.float64,torch.float64,torch.float64,6860,3.8663264256928627,True
62.46870000177296,2.1457000038935803,99.19489999447251,163.80930000013905,11.005400003341492,12.209319006908046,True,True,True,True,torch.float32,torch.float32,torch.float64,torch.float64,torch.float64,6860,3.8663264256928627,True
63.01320000056876,1.0241999989375472,100.35120000247844,164.38860000198474,10.424699998111464,12.166293769615734,True,True,True,True,torch.float32,torch.float32,torch.float64,torch.float64,torch.float64,6860,3.8663264256928627,True
63.75020000268705,2.106100000673905,97.98410000075819,163.84040000411915,6.413799994334113,12.207001447443472,True,True,True,True,torch.float32,torch.float32,torch.float64,torch.float64,torch.float64,6860,3.8663264256928627,True
62.92350000148872,1.4448000001721084,99.34189999330556,163.7101999949664,9.32180000381777,12.216709771666604,True,True,True,True,torch.float32,torch.float32,torch.float64,torch.float64,torch.float64,6860,3.8663264256928627,True
62.774999998509884,1.3879000034648925,98.27239999867743,162.4353000006522,6.682599996565841,12.312594614544805,True,True,True,True,torch.float32,torch.float32,torch.float64,torch.float64,torch.float64,6860,3.8663264256928627,True
62.704600000870414,1.0305999967386015,101.12839999783318,164.8635999954422,7.542899998952635,12.131240613787954,True,True,True,True,torch.float32,torch.float32,torch.float64,torch.float64,torch.float64,6860,3.8663264256928627,True
62.49599999864586,1.008300001558382,97.78050000022631,161.28480000043055,7.849699999496806,12.400424590504876,True,True,True,True,torch.float32,torch.float32,torch.float64,torch.float64,torch.float64,6860,3.8663264256928627,True
62.926999999035615,1.0783000034280121,98.8980999973137,162.90339999977732,7.617000002937857,12.277214594678403,True,True,True,True,torch.float32,torch.float32,torch.float64,torch.float64,torch.float64,6860,3.8663264256928627,True
62.87200000224402,2.103699996951036,99.13919999962673,164.11489999882178,8.181299999705516,12.186583911725007,True,True,True,True,torch.float32,torch.float32,torch.float64,torch.float64,torch.float64,6860,3.8663264256928627,True
63.02259999938542,1.6568999999435619,97.87910000159172,162.5586000009207,6.371800001943484,12.303255564385227,True,True,True,True,torch.float32,torch.float32,torch.float64,torch.float64,torch.float64,6860,3.8663264256928627,True
62.65339999663411,1.0360000014770776,99.12669999903301,162.8160999971442,7.075900000927504,12.28379748707333,True,True,True,True,torch.float32,torch.float32,torch.float64,torch.float64,torch.float64,6860,3.8663264256928627,True
62.70629999926314,1.0701999999582767,99.86530000605853,163.64180000527995,7.560599995485973,12.22181618593458,True,True,True,True,torch.float32,torch.float32,torch.float64,torch.float64,torch.float64,6860,3.8663264256928627,True
62.97049999557203,1.6944000017247163,98.92119999858551,163.58609999588225,11.69550000486197,12.225977635326862,True,True,True,True,torch.float32,torch.float32,torch.float64,torch.float64,torch.float64,6860,3.8663264256928627,True
62.83650000113994,1.0387000002083369,99.78299999784213,163.6581999991904,9.801400003198069,12.220591452245557,True,True,True,True,torch.float32,torch.float32,torch.float64,torch.float64,torch.float64,6860,3.8663264256928627,True
63.865600001008715,2.4620999975013547,100.17000000516418,166.49770000367425,6.279999994148966,12.012177945736573,True,True,True,True,torch.float32,torch.float32,torch.float64,torch.float64,torch.float64,6860,3.8663264256928627,True
63.549499995133374,1.9211000035284087,100.46799999690847,165.93859999557026,10.340100001485553,12.05265080007539,True,True,True,True,torch.float32,torch.float32,torch.float64,torch.float64,torch.float64,6860,3.8663264256928627,True
62.94699999853037,1.414199999999255,98.09040000254754,162.45160000107717,6.679699996311683,12.31135919859662,True,True,True,True,torch.float32,torch.float32,torch.float64,torch.float64,torch.float64,6860,3.8663264256928627,True
63.47729999833973,1.0546999983489513,102.34469999704743,166.8766999937361,8.221400006732438,11.984896633712628,True,True,True,True,torch.float32,torch.float32,torch.float64,torch.float64,torch.float64,6860,3.8663264256928627,True
64.2669000008027,1.2916999985463917,99.6238000006997,165.1824000000488,7.145800002035685,12.107827468298131,True,True,True,True,torch.float32,torch.float32,torch.float64,torch.float64,torch.float64,6860,3.8663264256928627,True
62.57940000068629,2.278499996464234,98.49670000403421,163.35460000118474,10.797999995702412,12.243303830963407,True,True,True,True,torch.float32,torch.float32,torch.float64,torch.float64,torch.float64,6860,3.8663264256928627,True
62.63469999976223,1.748299997416325,99.19629999785684,163.5792999950354,6.609300005948171,12.22648586991569,True,True,True,True,torch.float32,torch.float32,torch.float64,torch.float64,torch.float64,6860,3.8663264256928627,True
62.784999994619284,1.0240000046906061,99.27719999541296,163.08619999472285,7.588100001157727,12.26345331526957,True,True,True,True,torch.float32,torch.float32,torch.float64,torch.float64,torch.float64,6860,3.8663264256928627,True
63.568600002327,1.4484999992419034,100.17119999974966,165.18830000131857,6.6910000023199245,12.107395015167755,True,True,True,True,torch.float32,torch.float32,torch.float64,torch.float64,torch.float64,6860,3.8663264256928627,True
63.202999997884035,1.9346000044606626,97.85539999575121,162.9929999980959,12.420999999449123,12.270465602960643,True,True,True,True,torch.float32,torch.float32,torch.float64,torch.float64,torch.float64,6860,3.8663264256928627,True
63.137899996945634,1.4500000033876859,97.88409999600844,162.47199999634176,8.695000004081521,12.30981338350628,True,True,True,True,torch.float32,torch.float32,torch.float64,torch.float64,torch.float64,6860,3.8663264256928627,True
63.20640000194544,1.0070999996969476,101.3022000042838,165.5157000059262,9.953599997970741,12.083445859990269,True,True,True,True,torch.float32,torch.float32,torch.float64,torch.float64,torch.float64,6860,3.8663264256928627,True
63.68990000191843,1.9115999966743402,98.71750000456814,164.3190000031609,8.44169999618316,12.171447002242754,True,True,True,True,torch.float32,torch.float32,torch.float64,torch.float64,torch.float64,6860,3.8663264256928627,True
62.883200000214856,2.321300002222415,99.2190999968443,164.42359999928158,10.470799999893643,12.163703993883717,True,True,True,True,torch.float32,torch.float32,torch.float64,torch.float64,torch.float64,6860,3.8663264256928627,True
63.674400000309106,2.172499996959232,99.91770000488032,165.76460000214865,9.812500000407454,12.065302241697418,True,True,True,True,torch.float32,torch.float32,torch.float64,torch.float64,torch.float64,6860,3.8663264256928627,True
63.029099997947924,1.0425000000395812,98.91919999790844,162.99079999589594,6.512300002214033,12.27063122612049,True,True,True,True,torch.float32,torch.float32,torch.float64,torch.float64,torch.float64,6860,3.8663264256928627,True
63.42279999807943,2.06130000151461,101.03340000205208,166.5175000016461,9.498499995970633,12.010749620791982,True,True,True,True,torch.float32,torch.float32,torch.float64,torch.float64,torch.float64,6860,3.8663264256928627,True
63.23220000194851,1.1455999992904253,98.15199999866309,162.52979999990202,9.609300002921373,12.30543568011039,True,True,True,True,torch.float32,torch.float32,torch.float64,torch.float64,torch.float64,6860,3.8663264256928627,True
63.48209999850951,1.0657000020728447,100.75679999863496,165.30459999921732,7.46390000131214,12.098876861318255,True,True,True,True,torch.float32,torch.float32,torch.float64,torch.float64,torch.float64,6860,3.8663264256928627,True
62.9114000039408,1.029699997161515,100.0690000000759,164.01010000117822,7.753800004138611,12.194370956335204,True,True,True,True,torch.float32,torch.float32,torch.float64,torch.float64,torch.float64,6860,3.8663264256928627,True
62.948899998445995,1.232399998116307,97.64349999750266,161.82479999406496,6.698000004689675,12.359045091193385,True,True,True,True,torch.float32,torch.float32,torch.float64,torch.float64,torch.float64,6860,3.8663264256928627,True
63.659999999799766,1.408399999490939,99.40220000135014,164.47060000064084,10.385999994468875,12.16022802854861,True,True,True,True,torch.float32,torch.float32,torch.float64,torch.float64,torch.float64,6860,3.8663264256928627,True
63.239800001611,1.1621000012382865,99.32860000117216,163.73050000402145,6.603599998925347,12.21519509163459,True,True,True,True,torch.float32,torch.float32,torch.float64,torch.float64,torch.float64,6860,3.8663264256928627,True
62.7329999988433,1.0649999967426993,100.88869999890449,164.68669999449048,7.970400001795497,12.144271517171145,True,True,True,True,torch.float32,torch.float32,torch.float64,torch.float64,torch.float64,6860,3.8663264256928627,True
62.99540000327397,1.0208000021521002,100.41639999690233,164.4326000023284,9.941900003468618,12.163038229473228,True,True,True,True,torch.float32,torch.float32,torch.float64,torch.float64,torch.float64,6860,3.8663264256928627,True
63.27369999780785,1.2541999967652373,98.10010000364855,162.62799999822164,6.39499999670079,12.298005263680734,True,True,True,True,torch.float32,torch.float32,torch.float64,torch.float64,torch.float64,6860,3.8663264256928627,True
63.38959999993676,1.6581000018049963,99.47110000211978,164.51880000386154,9.42939999367809,12.156665377774798,True,True,True,True,torch.float32,torch.float32,torch.float64,torch.float64,torch.float64,6860,3.8663264256928627,True
63.648199997260235,1.891200001409743,99.9383999951533,165.47779999382328,11.425100004998967,12.086213377713827,True,True,True,True,torch.float32,torch.float32,torch.float64,torch.float64,torch.float64,6860,3.8663264256928627,True
63.47069999901578,2.0667999997385778,100.97140000289073,166.5089000016451,8.184899998013861,12.011369962688121,True,True,True,True,torch.float32,torch.float32,torch.float64,torch.float64,torch.float64,6860,3.8663264256928627,True
63.316899999335874,1.046400000632275,101.79230000358075,166.1556000035489,8.975899996585213,12.036909980507923,True,True,True,True,torch.float32,torch.float32,torch.float64,torch.float64,torch.float64,6860,3.8663264256928627,True
62.31400000251597,1.0330000004614703,97.93689999787603,161.28390000085346,9.85420000506565,12.400493787597005,True,True,True,True,torch.float32,torch.float32,torch.float64,torch.float64,torch.float64,6860,3.8663264256928627,True
63.328500000352506,1.9842000037897378,99.45319999678759,164.76590000092983,10.119099999428727,12.138433984147893,True,True,True,True,torch.float32,torch.float32,torch.float64,torch.float64,torch.float64,6860,3.8663264256928627,True
62.83660000190139,1.0766999985207804,98.29440000612522,162.20770000654738,8.378399994398933,12.329870899589055,True,True,True,True,torch.float32,torch.float32,torch.float64,torch.float64,torch.float64,6860,3.8663264256928627,True
62.60099999781232,1.3814999983878806,99.10600000148406,163.08849999768427,8.327000003191642,12.263280366355682,True,True,True,True,torch.float32,torch.float32,torch.float64,torch.float64,torch.float64,6860,3.8663264256928627,True
63.29600000026403,1.922899995406624,98.05760000017472,163.27649999584537,8.00370000069961,12.249160167267737,True,True,True,True,torch.float32,torch.float32,torch.float64,torch.float64,torch.float64,6860,3.8663264256928627,True
62.72680000256514,1.0423999992781319,99.90429999743355,163.67349999927683,7.631100001162849,12.219449086191942,True,True,True,True,torch.float32,torch.float32,torch.float64,torch.float64,torch.float64,6860,3.8663264256928627,True
62.593299997388385,1.0351000018999912,100.36219999892637,163.99059999821475,10.652400000253692,12.195820980115766,True,True,True,True,torch.float32,torch.float32,torch.float64,torch.float64,torch.float64,6860,3.8663264256928627,True
62.73009999858914,1.0312000013072975,98.83819999959087,162.5994999994873,9.486399998422712,12.300160824641566,True,True,True,True,torch.float32,torch.float32,torch.float64,torch.float64,torch.float64,6860,3.8663264256928627,True
63.32989999646088,1.7017999998643063,100.61220000352478,165.64389999984996,8.56039999780478,12.074093884542755,True,True,True,True,torch.float32,torch.float32,torch.float64,torch.float64,torch.float64,6860,3.8663264256928627,True
63.14929999643937,1.0240999981760979,97.03670000453712,161.2100999991526,8.385299996007234,12.406170581188853,True,True,True,True,torch.float32,torch.float32,torch.float64,torch.float64,torch.float64,6860,3.8663264256928627,True
62.83300000359304,1.4959999971324578,98.253800002567,162.5828000032925,6.441999998060055,12.301424258651576,True,True,True,True,torch.float32,torch.float32,torch.float64,torch.float64,torch.float64,6860,3.8663264256928627,True
63.56930000038119,1.8944999974337406,98.95130000222707,164.415100000042,8.730499997909646,12.16433283803914,True,True,True,True,torch.float32,torch.float32,torch.float64,torch.float64,torch.float64,6860,3.8663264256928627,True
62.82720000308473,1.46159999712836,97.54370000155177,161.83250000176486,8.63279999612132,12.358457046502952,True,True,True,True,torch.float32,torch.float32,torch.float64,torch.float64,torch.float64,6860,3.8663264256928627,True
63.18270000338089,2.0080999966012314,99.98840000480413,165.17920000478625,9.831600000325125,12.108062031672558,True,True,True,True,torch.float32,torch.float32,torch.float64,torch.float64,torch.float64,6860,3.8663264256928627,True
63.10749999829568,1.9516000029398128,97.36909999628551,162.428199997521,8.792800006631296,12.313132818257692,True,True,True,True,torch.float32,torch.float32,torch.float64,torch.float64,torch.float64,6860,3.8663264256928627,True
62.077899994619656,1.1158000052091666,99.34149999753572,162.53519999736454,9.811800002353266,12.305026849768108,True,True,True,True,torch.float32,torch.float32,torch.float64,torch.float64,torch.float64,6860,3.8663264256928627,True
63.685400004033,1.9614999982877634,99.77169999910984,165.4186000014306,8.699500001966953,12.090538790575565,True,True,True,True,torch.float32,torch.float32,torch.float64,torch.float64,torch.float64,6860,3.8663264256928627,True
63.42009999934817,1.0360000014770776,99.63520000019344,164.09130000101868,9.040900004038122,12.188336614967302,True,True,True,True,torch.float32,torch.float32,torch.float64,torch.float64,torch.float64,6860,3.8663264256928627,True
63.7429999987944,2.4094000036711805,101.30840000056196,167.46080000302754,9.154300001682714,11.943093547647221,True,True,True,True,torch.float32,torch.float32,torch.float64,torch.float64,torch.float64,6860,3.8663264256928627,True
63.709200003359,2.0614000022760592,101.00260000035632,166.77320000599138,6.309899996267632,11.992334499356907,True,True,True,True,torch.float32,torch.float32,torch.float64,torch.float64,torch.float64,6860,3.8663264256928627,True
62.193999998271465,1.0793999972520396,100.83790000498993,164.11130000051344,6.4388999962829985,12.186851240552862,True,True,True,True,torch.float32,torch.float32,torch.float64,torch.float64,torch.float64,6860,3.8663264256928627,True
62.96000000293134,1.0266999961459078,101.87990000122227,165.8666000002995,8.261499999207444,12.05788265989891,True,True,True,True,torch.float32,torch.float32,torch.float64,torch.float64,torch.float64,6860,3.8663264256928627,True
63.309199998911936,1.5980000025592744,99.83800000190968,164.7452000033809,7.111099999747239,12.139959160928246,True,True,True,True,torch.float32,torch.float32,torch.float64,torch.float64,torch.float64,6860,3.8663264256928627,True
63.4559000027366,1.9200000024284236,99.93810000014491,165.31400000530994,8.905700000468642,12.098188900732904,True,True,True,True,torch.float32,torch.float32,torch.float64,torch.float64,torch.float64,6860,3.8663264256928627,True
63.26640000042971,1.6203999985009432,99.04059999826131,163.92739999719197,8.094700002402533,12.200522914621104,True,True,True,True,torch.float32,torch.float32,torch.float64,torch.float64,torch.float64,6860,3.8663264256928627,True
63.29090000508586,1.8835999944712967,100.64080000302056,165.81530000257771,7.785499998135492,12.061613132014408,True,True,True,True,torch.float32,torch.float32,torch.float64,torch.float64,torch.float64,6860,3.8663264256928627,True
63.51189999986673,1.850599997851532,100.25080000195885,165.6132999996771,7.7309999978751875,12.076324787948186,True,True,True,True,torch.float32,torch.float32,torch.float64,torch.float64,torch.float64,6860,3.8663264256928627,True
62.731199999689125,2.1016999962739646,97.40489999967394,162.23779999563703,10.274800006300211,12.327583337876776,True,True,True,True,torch.float32,torch.float32,torch.float64,torch.float64,torch.float64,6860,3.8663264256928627,True
63.999099998909514,1.93569999828469,99.09580000385176,165.03060000104597,10.357599996495992,12.11896460406327,True,True,True,True,torch.float32,torch.float32,torch.float64,torch.float64,torch.float64,6860,3.8663264256928627,True
62.16410000342876,1.7050000024028122,97.86329999769805,161.73240000352962,7.362700001976918,12.366105987151322,True,True,True,True,torch.float32,torch.float32,torch.float64,torch.float64,torch.float64,6860,3.8663264256928627,True
63.113199998042546,2.100500001688488,98.73610000067856,163.9498000004096,10.50779999786755,12.19885599125466,True,True,True,True,torch.float32,torch.float32,torch.float64,torch.float64,torch.float64,6860,3.8663264256928627,True
63.40669999917736,1.960100002179388,98.82500000094296,164.19180000229971,9.429799996723887,12.18087626770635,True,True,True,True,torch.float32,torch.float32,torch.float64,torch.float64,torch.float64,6860,3.8663264256928627,True
62.818399994284846,1.4226000057533383,98.01509999670088,162.25609999673907,11.636900002486072,12.326192975427087,True,True,True,True,torch.float32,torch.float32,torch.float64,torch.float64,torch.float64,6860,3.8663264256928627,True
