relative_path,crs,epsg,datum,coordinate_units,affine_transform,pixel_size_x,pixel_size_y,orientation,pixel_semantics,bounds,nominal_center_bounds,elevation_units,crs_evidence,vertical_datum,sidecar_source
raw\SRTM\N18E094.SRTMGL1.hgt.zip,EPSG:4326,4326,World Geodetic System 1984,degree,"[0.0002777777777777778, 0.0, 93.99986111111112, 0.0, -0.0002777777777777778, 19.000138888888888, 0.0, 0.0, 1.0]",0.0002777777777777778,-0.0002777777777777778,latitude descending; longitude ascending,Point,"[93.99986111111112, 17.99986111111111, 95.0001388888889, 19.000138888888888]","[94.0, 18.0, 95.0, 19.0]",m,GDAL SRTMHGT driver georeferencing from HGT format and member name; no embedded CRS header,NOT_ESTABLISHED_FROM_LOCAL_HEADER,none located in archive
raw\SRTM\N18E095.SRTMGL1.hgt.zip,EPSG:4326,4326,World Geodetic System 1984,degree,"[0.0002777777777777778, 0.0, 94.99986111111112, 0.0, -0.0002777777777777778, 19.000138888888888, 0.0, 0.0, 1.0]",0.0002777777777777778,-0.0002777777777777778,latitude descending; longitude ascending,Point,"[94.99986111111112, 17.99986111111111, 96.0001388888889, 19.000138888888888]","[95.0, 18.0, 96.0, 19.0]",m,GDAL SRTMHGT driver georeferencing from HGT format and member name; no embedded CRS header,NOT_ESTABLISHED_FROM_LOCAL_HEADER,none located in archive
raw\SRTM\N18E096.SRTMGL1.hgt.zip,EPSG:4326,4326,World Geodetic System 1984,degree,"[0.0002777777777777778, 0.0, 95.99986111111112, 0.0, -0.0002777777777777778, 19.000138888888888, 0.0, 0.0, 1.0]",0.0002777777777777778,-0.0002777777777777778,latitude descending; longitude ascending,Point,"[95.99986111111112, 17.99986111111111, 97.0001388888889, 19.000138888888888]","[96.0, 18.0, 97.0, 19.0]",m,GDAL SRTMHGT driver georeferencing from HGT format and member name; no embedded CRS header,NOT_ESTABLISHED_FROM_LOCAL_HEADER,none located in archive
raw\SRTM\N18E097.SRTMGL1.hgt.zip,EPSG:4326,4326,World Geodetic System 1984,degree,"[0.0002777777777777778, 0.0, 96.99986111111112, 0.0, -0.0002777777777777778, 19.000138888888888, 0.0, 0.0, 1.0]",0.0002777777777777778,-0.0002777777777777778,latitude descending; longitude ascending,Point,"[96.99986111111112, 17.99986111111111, 98.0001388888889, 19.000138888888888]","[97.0, 18.0, 98.0, 19.0]",m,GDAL SRTMHGT driver georeferencing from HGT format and member name; no embedded CRS header,NOT_ESTABLISHED_FROM_LOCAL_HEADER,none located in archive
raw\SRTM\N18E098.SRTMGL1.hgt.zip,EPSG:4326,4326,World Geodetic System 1984,degree,"[0.0002777777777777778, 0.0, 97.99986111111112, 0.0, -0.0002777777777777778, 19.000138888888888, 0.0, 0.0, 1.0]",0.0002777777777777778,-0.0002777777777777778,latitude descending; longitude ascending,Point,"[97.99986111111112, 17.99986111111111, 99.0001388888889, 19.000138888888888]","[98.0, 18.0, 99.0, 19.0]",m,GDAL SRTMHGT driver georeferencing from HGT format and member name; no embedded CRS header,NOT_ESTABLISHED_FROM_LOCAL_HEADER,none located in archive
raw\SRTM\N18E099.SRTMGL1.hgt.zip,EPSG:4326,4326,World Geodetic System 1984,degree,"[0.0002777777777777778, 0.0, 98.99986111111112, 0.0, -0.0002777777777777778, 19.000138888888888, 0.0, 0.0, 1.0]",0.0002777777777777778,-0.0002777777777777778,latitude descending; longitude ascending,Point,"[98.99986111111112, 17.99986111111111, 100.0001388888889, 19.000138888888888]","[99.0, 18.0, 100.0, 19.0]",m,GDAL SRTMHGT driver georeferencing from HGT format and member name; no embedded CRS header,NOT_ESTABLISHED_FROM_LOCAL_HEADER,none located in archive
raw\SRTM\N18E100.SRTMGL1.hgt.zip,EPSG:4326,4326,World Geodetic System 1984,degree,"[0.0002777777777777778, 0.0, 99.99986111111112, 0.0, -0.0002777777777777778, 19.000138888888888, 0.0, 0.0, 1.0]",0.0002777777777777778,-0.0002777777777777778,latitude descending; longitude ascending,Point,"[99.99986111111112, 17.99986111111111, 101.0001388888889, 19.000138888888888]","[100.0, 18.0, 101.0, 19.0]",m,GDAL SRTMHGT driver georeferencing from HGT format and member name; no embedded CRS header,NOT_ESTABLISHED_FROM_LOCAL_HEADER,none located in archive
raw\SRTM\N18E101.SRTMGL1.hgt.zip,EPSG:4326,4326,World Geodetic System 1984,degree,"[0.0002777777777777778, 0.0, 100.99986111111112, 0.0, -0.0002777777777777778, 19.000138888888888, 0.0, 0.0, 1.0]",0.0002777777777777778,-0.0002777777777777778,latitude descending; longitude ascending,Point,"[100.99986111111112, 17.99986111111111, 102.0001388888889, 19.000138888888888]","[101.0, 18.0, 102.0, 19.0]",m,GDAL SRTMHGT driver georeferencing from HGT format and member name; no embedded CRS header,NOT_ESTABLISHED_FROM_LOCAL_HEADER,none located in archive
raw\SRTM\N18E102.SRTMGL1.hgt.zip,EPSG:4326,4326,World Geodetic System 1984,degree,"[0.0002777777777777778, 0.0, 101.99986111111112, 0.0, -0.0002777777777777778, 19.000138888888888, 0.0, 0.0, 1.0]",0.0002777777777777778,-0.0002777777777777778,latitude descending; longitude ascending,Point,"[101.99986111111112, 17.99986111111111, 103.0001388888889, 19.000138888888888]","[102.0, 18.0, 103.0, 19.0]",m,GDAL SRTMHGT driver georeferencing from HGT format and member name; no embedded CRS header,NOT_ESTABLISHED_FROM_LOCAL_HEADER,none located in archive
raw\SRTM\N18E103.SRTMGL1.hgt.zip,EPSG:4326,4326,World Geodetic System 1984,degree,"[0.0002777777777777778, 0.0, 102.99986111111112, 0.0, -0.0002777777777777778, 19.000138888888888, 0.0, 0.0, 1.0]",0.0002777777777777778,-0.0002777777777777778,latitude descending; longitude ascending,Point,"[102.99986111111112, 17.99986111111111, 104.0001388888889, 19.000138888888888]","[103.0, 18.0, 104.0, 19.0]",m,GDAL SRTMHGT driver georeferencing from HGT format and member name; no embedded CRS header,NOT_ESTABLISHED_FROM_LOCAL_HEADER,none located in archive
raw\SRTM\N18E104.SRTMGL1.hgt.zip,EPSG:4326,4326,World Geodetic System 1984,degree,"[0.0002777777777777778, 0.0, 103.99986111111112, 0.0, -0.0002777777777777778, 19.000138888888888, 0.0, 0.0, 1.0]",0.0002777777777777778,-0.0002777777777777778,latitude descending; longitude ascending,Point,"[103.99986111111112, 17.99986111111111, 105.0001388888889, 19.000138888888888]","[104.0, 18.0, 105.0, 19.0]",m,GDAL SRTMHGT driver georeferencing from HGT format and member name; no embedded CRS header,NOT_ESTABLISHED_FROM_LOCAL_HEADER,none located in archive
raw\SRTM\N18E105.SRTMGL1.hgt.zip,EPSG:4326,4326,World Geodetic System 1984,degree,"[0.0002777777777777778, 0.0, 104.99986111111112, 0.0, -0.0002777777777777778, 19.000138888888888, 0.0, 0.0, 1.0]",0.0002777777777777778,-0.0002777777777777778,latitude descending; longitude ascending,Point,"[104.99986111111112, 17.99986111111111, 106.0001388888889, 19.000138888888888]","[105.0, 18.0, 106.0, 19.0]",m,GDAL SRTMHGT driver georeferencing from HGT format and member name; no embedded CRS header,NOT_ESTABLISHED_FROM_LOCAL_HEADER,none located in archive
raw\SRTM\N18E106.SRTMGL1.hgt.zip,EPSG:4326,4326,World Geodetic System 1984,degree,"[0.0002777777777777778, 0.0, 105.99986111111112, 0.0, -0.0002777777777777778, 19.000138888888888, 0.0, 0.0, 1.0]",0.0002777777777777778,-0.0002777777777777778,latitude descending; longitude ascending,Point,"[105.99986111111112, 17.99986111111111, 107.0001388888889, 19.000138888888888]","[106.0, 18.0, 107.0, 19.0]",m,GDAL SRTMHGT driver georeferencing from HGT format and member name; no embedded CRS header,NOT_ESTABLISHED_FROM_LOCAL_HEADER,none located in archive
raw\SRTM\N18E108.SRTMGL1.hgt.zip,EPSG:4326,4326,World Geodetic System 1984,degree,"[0.0002777777777777778, 0.0, 107.99986111111112, 0.0, -0.0002777777777777778, 19.000138888888888, 0.0, 0.0, 1.0]",0.0002777777777777778,-0.0002777777777777778,latitude descending; longitude ascending,Point,"[107.99986111111112, 17.99986111111111, 109.0001388888889, 19.000138888888888]","[108.0, 18.0, 109.0, 19.0]",m,GDAL SRTMHGT driver georeferencing from HGT format and member name; no embedded CRS header,NOT_ESTABLISHED_FROM_LOCAL_HEADER,none located in archive
raw\SRTM\N18E109.SRTMGL1.hgt.zip,EPSG:4326,4326,World Geodetic System 1984,degree,"[0.0002777777777777778, 0.0, 108.99986111111112, 0.0, -0.0002777777777777778, 19.000138888888888, 0.0, 0.0, 1.0]",0.0002777777777777778,-0.0002777777777777778,latitude descending; longitude ascending,Point,"[108.99986111111112, 17.99986111111111, 110.0001388888889, 19.000138888888888]","[109.0, 18.0, 110.0, 19.0]",m,GDAL SRTMHGT driver georeferencing from HGT format and member name; no embedded CRS header,NOT_ESTABLISHED_FROM_LOCAL_HEADER,none located in archive
raw\SRTM\N19E094.SRTMGL1.hgt.zip,EPSG:4326,4326,World Geodetic System 1984,degree,"[0.0002777777777777778, 0.0, 93.99986111111112, 0.0, -0.0002777777777777778, 20.000138888888888, 0.0, 0.0, 1.0]",0.0002777777777777778,-0.0002777777777777778,latitude descending; longitude ascending,Point,"[93.99986111111112, 18.99986111111111, 95.0001388888889, 20.000138888888888]","[94.0, 19.0, 95.0, 20.0]",m,GDAL SRTMHGT driver georeferencing from HGT format and member name; no embedded CRS header,NOT_ESTABLISHED_FROM_LOCAL_HEADER,none located in archive
raw\SRTM\N19E095.SRTMGL1.hgt.zip,EPSG:4326,4326,World Geodetic System 1984,degree,"[0.0002777777777777778, 0.0, 94.99986111111112, 0.0, -0.0002777777777777778, 20.000138888888888, 0.0, 0.0, 1.0]",0.0002777777777777778,-0.0002777777777777778,latitude descending; longitude ascending,Point,"[94.99986111111112, 18.99986111111111, 96.0001388888889, 20.000138888888888]","[95.0, 19.0, 96.0, 20.0]",m,GDAL SRTMHGT driver georeferencing from HGT format and member name; no embedded CRS header,NOT_ESTABLISHED_FROM_LOCAL_HEADER,none located in archive
raw\SRTM\N19E096.SRTMGL1.hgt.zip,EPSG:4326,4326,World Geodetic System 1984,degree,"[0.0002777777777777778, 0.0, 95.99986111111112, 0.0, -0.0002777777777777778, 20.000138888888888, 0.0, 0.0, 1.0]",0.0002777777777777778,-0.0002777777777777778,latitude descending; longitude ascending,Point,"[95.99986111111112, 18.99986111111111, 97.0001388888889, 20.000138888888888]","[96.0, 19.0, 97.0, 20.0]",m,GDAL SRTMHGT driver georeferencing from HGT format and member name; no embedded CRS header,NOT_ESTABLISHED_FROM_LOCAL_HEADER,none located in archive
raw\SRTM\N19E097.SRTMGL1.hgt.zip,EPSG:4326,4326,World Geodetic System 1984,degree,"[0.0002777777777777778, 0.0, 96.99986111111112, 0.0, -0.0002777777777777778, 20.000138888888888, 0.0, 0.0, 1.0]",0.0002777777777777778,-0.0002777777777777778,latitude descending; longitude ascending,Point,"[96.99986111111112, 18.99986111111111, 98.0001388888889, 20.000138888888888]","[97.0, 19.0, 98.0, 20.0]",m,GDAL SRTMHGT driver georeferencing from HGT format and member name; no embedded CRS header,NOT_ESTABLISHED_FROM_LOCAL_HEADER,none located in archive
raw\SRTM\N19E098.SRTMGL1.hgt.zip,EPSG:4326,4326,World Geodetic System 1984,degree,"[0.0002777777777777778, 0.0, 97.99986111111112, 0.0, -0.0002777777777777778, 20.000138888888888, 0.0, 0.0, 1.0]",0.0002777777777777778,-0.0002777777777777778,latitude descending; longitude ascending,Point,"[97.99986111111112, 18.99986111111111, 99.0001388888889, 20.000138888888888]","[98.0, 19.0, 99.0, 20.0]",m,GDAL SRTMHGT driver georeferencing from HGT format and member name; no embedded CRS header,NOT_ESTABLISHED_FROM_LOCAL_HEADER,none located in archive
raw\SRTM\N19E099.SRTMGL1.hgt.zip,EPSG:4326,4326,World Geodetic System 1984,degree,"[0.0002777777777777778, 0.0, 98.99986111111112, 0.0, -0.0002777777777777778, 20.000138888888888, 0.0, 0.0, 1.0]",0.0002777777777777778,-0.0002777777777777778,latitude descending; longitude ascending,Point,"[98.99986111111112, 18.99986111111111, 100.0001388888889, 20.000138888888888]","[99.0, 19.0, 100.0, 20.0]",m,GDAL SRTMHGT driver georeferencing from HGT format and member name; no embedded CRS header,NOT_ESTABLISHED_FROM_LOCAL_HEADER,none located in archive
raw\SRTM\N19E100.SRTMGL1.hgt.zip,EPSG:4326,4326,World Geodetic System 1984,degree,"[0.0002777777777777778, 0.0, 99.99986111111112, 0.0, -0.0002777777777777778, 20.000138888888888, 0.0, 0.0, 1.0]",0.0002777777777777778,-0.0002777777777777778,latitude descending; longitude ascending,Point,"[99.99986111111112, 18.99986111111111, 101.0001388888889, 20.000138888888888]","[100.0, 19.0, 101.0, 20.0]",m,GDAL SRTMHGT driver georeferencing from HGT format and member name; no embedded CRS header,NOT_ESTABLISHED_FROM_LOCAL_HEADER,none located in archive
raw\SRTM\N19E101.SRTMGL1.hgt.zip,EPSG:4326,4326,World Geodetic System 1984,degree,"[0.0002777777777777778, 0.0, 100.99986111111112, 0.0, -0.0002777777777777778, 20.000138888888888, 0.0, 0.0, 1.0]",0.0002777777777777778,-0.0002777777777777778,latitude descending; longitude ascending,Point,"[100.99986111111112, 18.99986111111111, 102.0001388888889, 20.000138888888888]","[101.0, 19.0, 102.0, 20.0]",m,GDAL SRTMHGT driver georeferencing from HGT format and member name; no embedded CRS header,NOT_ESTABLISHED_FROM_LOCAL_HEADER,none located in archive
raw\SRTM\N19E102.SRTMGL1.hgt.zip,EPSG:4326,4326,World Geodetic System 1984,degree,"[0.0002777777777777778, 0.0, 101.99986111111112, 0.0, -0.0002777777777777778, 20.000138888888888, 0.0, 0.0, 1.0]",0.0002777777777777778,-0.0002777777777777778,latitude descending; longitude ascending,Point,"[101.99986111111112, 18.99986111111111, 103.0001388888889, 20.000138888888888]","[102.0, 19.0, 103.0, 20.0]",m,GDAL SRTMHGT driver georeferencing from HGT format and member name; no embedded CRS header,NOT_ESTABLISHED_FROM_LOCAL_HEADER,none located in archive
raw\SRTM\N19E103.SRTMGL1.hgt.zip,EPSG:4326,4326,World Geodetic System 1984,degree,"[0.0002777777777777778, 0.0, 102.99986111111112, 0.0, -0.0002777777777777778, 20.000138888888888, 0.0, 0.0, 1.0]",0.0002777777777777778,-0.0002777777777777778,latitude descending; longitude ascending,Point,"[102.99986111111112, 18.99986111111111, 104.0001388888889, 20.000138888888888]","[103.0, 19.0, 104.0, 20.0]",m,GDAL SRTMHGT driver georeferencing from HGT format and member name; no embedded CRS header,NOT_ESTABLISHED_FROM_LOCAL_HEADER,none located in archive
raw\SRTM\N19E104.SRTMGL1.hgt.zip,EPSG:4326,4326,World Geodetic System 1984,degree,"[0.0002777777777777778, 0.0, 103.99986111111112, 0.0, -0.0002777777777777778, 20.000138888888888, 0.0, 0.0, 1.0]",0.0002777777777777778,-0.0002777777777777778,latitude descending; longitude ascending,Point,"[103.99986111111112, 18.99986111111111, 105.0001388888889, 20.000138888888888]","[104.0, 19.0, 105.0, 20.0]",m,GDAL SRTMHGT driver georeferencing from HGT format and member name; no embedded CRS header,NOT_ESTABLISHED_FROM_LOCAL_HEADER,none located in archive
raw\SRTM\N19E105.SRTMGL1.hgt.zip,EPSG:4326,4326,World Geodetic System 1984,degree,"[0.0002777777777777778, 0.0, 104.99986111111112, 0.0, -0.0002777777777777778, 20.000138888888888, 0.0, 0.0, 1.0]",0.0002777777777777778,-0.0002777777777777778,latitude descending; longitude ascending,Point,"[104.99986111111112, 18.99986111111111, 106.0001388888889, 20.000138888888888]","[105.0, 19.0, 106.0, 20.0]",m,GDAL SRTMHGT driver georeferencing from HGT format and member name; no embedded CRS header,NOT_ESTABLISHED_FROM_LOCAL_HEADER,none located in archive
raw\SRTM\N19E106.SRTMGL1.hgt.zip,EPSG:4326,4326,World Geodetic System 1984,degree,"[0.0002777777777777778, 0.0, 105.99986111111112, 0.0, -0.0002777777777777778, 20.000138888888888, 0.0, 0.0, 1.0]",0.0002777777777777778,-0.0002777777777777778,latitude descending; longitude ascending,Point,"[105.99986111111112, 18.99986111111111, 107.0001388888889, 20.000138888888888]","[106.0, 19.0, 107.0, 20.0]",m,GDAL SRTMHGT driver georeferencing from HGT format and member name; no embedded CRS header,NOT_ESTABLISHED_FROM_LOCAL_HEADER,none located in archive
raw\SRTM\N19E108.SRTMGL1.hgt.zip,EPSG:4326,4326,World Geodetic System 1984,degree,"[0.0002777777777777778, 0.0, 107.99986111111112, 0.0, -0.0002777777777777778, 20.000138888888888, 0.0, 0.0, 1.0]",0.0002777777777777778,-0.0002777777777777778,latitude descending; longitude ascending,Point,"[107.99986111111112, 18.99986111111111, 109.0001388888889, 20.000138888888888]","[108.0, 19.0, 109.0, 20.0]",m,GDAL SRTMHGT driver georeferencing from HGT format and member name; no embedded CRS header,NOT_ESTABLISHED_FROM_LOCAL_HEADER,none located in archive
raw\SRTM\N19E109.SRTMGL1.hgt.zip,EPSG:4326,4326,World Geodetic System 1984,degree,"[0.0002777777777777778, 0.0, 108.99986111111112, 0.0, -0.0002777777777777778, 20.000138888888888, 0.0, 0.0, 1.0]",0.0002777777777777778,-0.0002777777777777778,latitude descending; longitude ascending,Point,"[108.99986111111112, 18.99986111111111, 110.0001388888889, 20.000138888888888]","[109.0, 19.0, 110.0, 20.0]",m,GDAL SRTMHGT driver georeferencing from HGT format and member name; no embedded CRS header,NOT_ESTABLISHED_FROM_LOCAL_HEADER,none located in archive
raw\SRTM\N20E094.SRTMGL1.hgt.zip,EPSG:4326,4326,World Geodetic System 1984,degree,"[0.0002777777777777778, 0.0, 93.99986111111112, 0.0, -0.0002777777777777778, 21.000138888888888, 0.0, 0.0, 1.0]",0.0002777777777777778,-0.0002777777777777778,latitude descending; longitude ascending,Point,"[93.99986111111112, 19.99986111111111, 95.0001388888889, 21.000138888888888]","[94.0, 20.0, 95.0, 21.0]",m,GDAL SRTMHGT driver georeferencing from HGT format and member name; no embedded CRS header,NOT_ESTABLISHED_FROM_LOCAL_HEADER,none located in archive
raw\SRTM\N20E095.SRTMGL1.hgt.zip,EPSG:4326,4326,World Geodetic System 1984,degree,"[0.0002777777777777778, 0.0, 94.99986111111112, 0.0, -0.0002777777777777778, 21.000138888888888, 0.0, 0.0, 1.0]",0.0002777777777777778,-0.0002777777777777778,latitude descending; longitude ascending,Point,"[94.99986111111112, 19.99986111111111, 96.0001388888889, 21.000138888888888]","[95.0, 20.0, 96.0, 21.0]",m,GDAL SRTMHGT driver georeferencing from HGT format and member name; no embedded CRS header,NOT_ESTABLISHED_FROM_LOCAL_HEADER,none located in archive
raw\SRTM\N20E096.SRTMGL1.hgt.zip,EPSG:4326,4326,World Geodetic System 1984,degree,"[0.0002777777777777778, 0.0, 95.99986111111112, 0.0, -0.0002777777777777778, 21.000138888888888, 0.0, 0.0, 1.0]",0.0002777777777777778,-0.0002777777777777778,latitude descending; longitude ascending,Point,"[95.99986111111112, 19.99986111111111, 97.0001388888889, 21.000138888888888]","[96.0, 20.0, 97.0, 21.0]",m,GDAL SRTMHGT driver georeferencing from HGT format and member name; no embedded CRS header,NOT_ESTABLISHED_FROM_LOCAL_HEADER,none located in archive
raw\SRTM\N20E097.SRTMGL1.hgt.zip,EPSG:4326,4326,World Geodetic System 1984,degree,"[0.0002777777777777778, 0.0, 96.99986111111112, 0.0, -0.0002777777777777778, 21.000138888888888, 0.0, 0.0, 1.0]",0.0002777777777777778,-0.0002777777777777778,latitude descending; longitude ascending,Point,"[96.99986111111112, 19.99986111111111, 98.0001388888889, 21.000138888888888]","[97.0, 20.0, 98.0, 21.0]",m,GDAL SRTMHGT driver georeferencing from HGT format and member name; no embedded CRS header,NOT_ESTABLISHED_FROM_LOCAL_HEADER,none located in archive
raw\SRTM\N20E098.SRTMGL1.hgt.zip,EPSG:4326,4326,World Geodetic System 1984,degree,"[0.0002777777777777778, 0.0, 97.99986111111112, 0.0, -0.0002777777777777778, 21.000138888888888, 0.0, 0.0, 1.0]",0.0002777777777777778,-0.0002777777777777778,latitude descending; longitude ascending,Point,"[97.99986111111112, 19.99986111111111, 99.0001388888889, 21.000138888888888]","[98.0, 20.0, 99.0, 21.0]",m,GDAL SRTMHGT driver georeferencing from HGT format and member name; no embedded CRS header,NOT_ESTABLISHED_FROM_LOCAL_HEADER,none located in archive
raw\SRTM\N20E099.SRTMGL1.hgt.zip,EPSG:4326,4326,World Geodetic System 1984,degree,"[0.0002777777777777778, 0.0, 98.99986111111112, 0.0, -0.0002777777777777778, 21.000138888888888, 0.0, 0.0, 1.0]",0.0002777777777777778,-0.0002777777777777778,latitude descending; longitude ascending,Point,"[98.99986111111112, 19.99986111111111, 100.0001388888889, 21.000138888888888]","[99.0, 20.0, 100.0, 21.0]",m,GDAL SRTMHGT driver georeferencing from HGT format and member name; no embedded CRS header,NOT_ESTABLISHED_FROM_LOCAL_HEADER,none located in archive
raw\SRTM\N20E100.SRTMGL1.hgt.zip,EPSG:4326,4326,World Geodetic System 1984,degree,"[0.0002777777777777778, 0.0, 99.99986111111112, 0.0, -0.0002777777777777778, 21.000138888888888, 0.0, 0.0, 1.0]",0.0002777777777777778,-0.0002777777777777778,latitude descending; longitude ascending,Point,"[99.99986111111112, 19.99986111111111, 101.0001388888889, 21.000138888888888]","[100.0, 20.0, 101.0, 21.0]",m,GDAL SRTMHGT driver georeferencing from HGT format and member name; no embedded CRS header,NOT_ESTABLISHED_FROM_LOCAL_HEADER,none located in archive
raw\SRTM\N20E101.SRTMGL1.hgt.zip,EPSG:4326,4326,World Geodetic System 1984,degree,"[0.0002777777777777778, 0.0, 100.99986111111112, 0.0, -0.0002777777777777778, 21.000138888888888, 0.0, 0.0, 1.0]",0.0002777777777777778,-0.0002777777777777778,latitude descending; longitude ascending,Point,"[100.99986111111112, 19.99986111111111, 102.0001388888889, 21.000138888888888]","[101.0, 20.0, 102.0, 21.0]",m,GDAL SRTMHGT driver georeferencing from HGT format and member name; no embedded CRS header,NOT_ESTABLISHED_FROM_LOCAL_HEADER,none located in archive
raw\SRTM\N20E102.SRTMGL1.hgt.zip,EPSG:4326,4326,World Geodetic System 1984,degree,"[0.0002777777777777778, 0.0, 101.99986111111112, 0.0, -0.0002777777777777778, 21.000138888888888, 0.0, 0.0, 1.0]",0.0002777777777777778,-0.0002777777777777778,latitude descending; longitude ascending,Point,"[101.99986111111112, 19.99986111111111, 103.0001388888889, 21.000138888888888]","[102.0, 20.0, 103.0, 21.0]",m,GDAL SRTMHGT driver georeferencing from HGT format and member name; no embedded CRS header,NOT_ESTABLISHED_FROM_LOCAL_HEADER,none located in archive
raw\SRTM\N20E103.SRTMGL1.hgt.zip,EPSG:4326,4326,World Geodetic System 1984,degree,"[0.0002777777777777778, 0.0, 102.99986111111112, 0.0, -0.0002777777777777778, 21.000138888888888, 0.0, 0.0, 1.0]",0.0002777777777777778,-0.0002777777777777778,latitude descending; longitude ascending,Point,"[102.99986111111112, 19.99986111111111, 104.0001388888889, 21.000138888888888]","[103.0, 20.0, 104.0, 21.0]",m,GDAL SRTMHGT driver georeferencing from HGT format and member name; no embedded CRS header,NOT_ESTABLISHED_FROM_LOCAL_HEADER,none located in archive
raw\SRTM\N20E104.SRTMGL1.hgt.zip,EPSG:4326,4326,World Geodetic System 1984,degree,"[0.0002777777777777778, 0.0, 103.99986111111112, 0.0, -0.0002777777777777778, 21.000138888888888, 0.0, 0.0, 1.0]",0.0002777777777777778,-0.0002777777777777778,latitude descending; longitude ascending,Point,"[103.99986111111112, 19.99986111111111, 105.0001388888889, 21.000138888888888]","[104.0, 20.0, 105.0, 21.0]",m,GDAL SRTMHGT driver georeferencing from HGT format and member name; no embedded CRS header,NOT_ESTABLISHED_FROM_LOCAL_HEADER,none located in archive
raw\SRTM\N20E105.SRTMGL1.hgt.zip,EPSG:4326,4326,World Geodetic System 1984,degree,"[0.0002777777777777778, 0.0, 104.99986111111112, 0.0, -0.0002777777777777778, 21.000138888888888, 0.0, 0.0, 1.0]",0.0002777777777777778,-0.0002777777777777778,latitude descending; longitude ascending,Point,"[104.99986111111112, 19.99986111111111, 106.0001388888889, 21.000138888888888]","[105.0, 20.0, 106.0, 21.0]",m,GDAL SRTMHGT driver georeferencing from HGT format and member name; no embedded CRS header,NOT_ESTABLISHED_FROM_LOCAL_HEADER,none located in archive
raw\SRTM\N20E106.SRTMGL1.hgt.zip,EPSG:4326,4326,World Geodetic System 1984,degree,"[0.0002777777777777778, 0.0, 105.99986111111112, 0.0, -0.0002777777777777778, 21.000138888888888, 0.0, 0.0, 1.0]",0.0002777777777777778,-0.0002777777777777778,latitude descending; longitude ascending,Point,"[105.99986111111112, 19.99986111111111, 107.0001388888889, 21.000138888888888]","[106.0, 20.0, 107.0, 21.0]",m,GDAL SRTMHGT driver georeferencing from HGT format and member name; no embedded CRS header,NOT_ESTABLISHED_FROM_LOCAL_HEADER,none located in archive
raw\SRTM\N20E107.SRTMGL1.hgt.zip,EPSG:4326,4326,World Geodetic System 1984,degree,"[0.0002777777777777778, 0.0, 106.99986111111112, 0.0, -0.0002777777777777778, 21.000138888888888, 0.0, 0.0, 1.0]",0.0002777777777777778,-0.0002777777777777778,latitude descending; longitude ascending,Point,"[106.99986111111112, 19.99986111111111, 108.0001388888889, 21.000138888888888]","[107.0, 20.0, 108.0, 21.0]",m,GDAL SRTMHGT driver georeferencing from HGT format and member name; no embedded CRS header,NOT_ESTABLISHED_FROM_LOCAL_HEADER,none located in archive
raw\SRTM\N20E109.SRTMGL1.hgt.zip,EPSG:4326,4326,World Geodetic System 1984,degree,"[0.0002777777777777778, 0.0, 108.99986111111112, 0.0, -0.0002777777777777778, 21.000138888888888, 0.0, 0.0, 1.0]",0.0002777777777777778,-0.0002777777777777778,latitude descending; longitude ascending,Point,"[108.99986111111112, 19.99986111111111, 110.0001388888889, 21.000138888888888]","[109.0, 20.0, 110.0, 21.0]",m,GDAL SRTMHGT driver georeferencing from HGT format and member name; no embedded CRS header,NOT_ESTABLISHED_FROM_LOCAL_HEADER,none located in archive
raw\SRTM\N21E094.SRTMGL1.hgt.zip,EPSG:4326,4326,World Geodetic System 1984,degree,"[0.0002777777777777778, 0.0, 93.99986111111112, 0.0, -0.0002777777777777778, 22.000138888888888, 0.0, 0.0, 1.0]",0.0002777777777777778,-0.0002777777777777778,latitude descending; longitude ascending,Point,"[93.99986111111112, 20.99986111111111, 95.0001388888889, 22.000138888888888]","[94.0, 21.0, 95.0, 22.0]",m,GDAL SRTMHGT driver georeferencing from HGT format and member name; no embedded CRS header,NOT_ESTABLISHED_FROM_LOCAL_HEADER,none located in archive
raw\SRTM\N21E095.SRTMGL1.hgt.zip,EPSG:4326,4326,World Geodetic System 1984,degree,"[0.0002777777777777778, 0.0, 94.99986111111112, 0.0, -0.0002777777777777778, 22.000138888888888, 0.0, 0.0, 1.0]",0.0002777777777777778,-0.0002777777777777778,latitude descending; longitude ascending,Point,"[94.99986111111112, 20.99986111111111, 96.0001388888889, 22.000138888888888]","[95.0, 21.0, 96.0, 22.0]",m,GDAL SRTMHGT driver georeferencing from HGT format and member name; no embedded CRS header,NOT_ESTABLISHED_FROM_LOCAL_HEADER,none located in archive
raw\SRTM\N21E096.SRTMGL1.hgt.zip,EPSG:4326,4326,World Geodetic System 1984,degree,"[0.0002777777777777778, 0.0, 95.99986111111112, 0.0, -0.0002777777777777778, 22.000138888888888, 0.0, 0.0, 1.0]",0.0002777777777777778,-0.0002777777777777778,latitude descending; longitude ascending,Point,"[95.99986111111112, 20.99986111111111, 97.0001388888889, 22.000138888888888]","[96.0, 21.0, 97.0, 22.0]",m,GDAL SRTMHGT driver georeferencing from HGT format and member name; no embedded CRS header,NOT_ESTABLISHED_FROM_LOCAL_HEADER,none located in archive
raw\SRTM\N21E097.SRTMGL1.hgt.zip,EPSG:4326,4326,World Geodetic System 1984,degree,"[0.0002777777777777778, 0.0, 96.99986111111112, 0.0, -0.0002777777777777778, 22.000138888888888, 0.0, 0.0, 1.0]",0.0002777777777777778,-0.0002777777777777778,latitude descending; longitude ascending,Point,"[96.99986111111112, 20.99986111111111, 98.0001388888889, 22.000138888888888]","[97.0, 21.0, 98.0, 22.0]",m,GDAL SRTMHGT driver georeferencing from HGT format and member name; no embedded CRS header,NOT_ESTABLISHED_FROM_LOCAL_HEADER,none located in archive
raw\SRTM\N21E098.SRTMGL1.hgt.zip,EPSG:4326,4326,World Geodetic System 1984,degree,"[0.0002777777777777778, 0.0, 97.99986111111112, 0.0, -0.0002777777777777778, 22.000138888888888, 0.0, 0.0, 1.0]",0.0002777777777777778,-0.0002777777777777778,latitude descending; longitude ascending,Point,"[97.99986111111112, 20.99986111111111, 99.0001388888889, 22.000138888888888]","[98.0, 21.0, 99.0, 22.0]",m,GDAL SRTMHGT driver georeferencing from HGT format and member name; no embedded CRS header,NOT_ESTABLISHED_FROM_LOCAL_HEADER,none located in archive
raw\SRTM\N21E099.SRTMGL1.hgt.zip,EPSG:4326,4326,World Geodetic System 1984,degree,"[0.0002777777777777778, 0.0, 98.99986111111112, 0.0, -0.0002777777777777778, 22.000138888888888, 0.0, 0.0, 1.0]",0.0002777777777777778,-0.0002777777777777778,latitude descending; longitude ascending,Point,"[98.99986111111112, 20.99986111111111, 100.0001388888889, 22.000138888888888]","[99.0, 21.0, 100.0, 22.0]",m,GDAL SRTMHGT driver georeferencing from HGT format and member name; no embedded CRS header,NOT_ESTABLISHED_FROM_LOCAL_HEADER,none located in archive
raw\SRTM\N21E100.SRTMGL1.hgt.zip,EPSG:4326,4326,World Geodetic System 1984,degree,"[0.0002777777777777778, 0.0, 99.99986111111112, 0.0, -0.0002777777777777778, 22.000138888888888, 0.0, 0.0, 1.0]",0.0002777777777777778,-0.0002777777777777778,latitude descending; longitude ascending,Point,"[99.99986111111112, 20.99986111111111, 101.0001388888889, 22.000138888888888]","[100.0, 21.0, 101.0, 22.0]",m,GDAL SRTMHGT driver georeferencing from HGT format and member name; no embedded CRS header,NOT_ESTABLISHED_FROM_LOCAL_HEADER,none located in archive
raw\SRTM\N21E101.SRTMGL1.hgt.zip,EPSG:4326,4326,World Geodetic System 1984,degree,"[0.0002777777777777778, 0.0, 100.99986111111112, 0.0, -0.0002777777777777778, 22.000138888888888, 0.0, 0.0, 1.0]",0.0002777777777777778,-0.0002777777777777778,latitude descending; longitude ascending,Point,"[100.99986111111112, 20.99986111111111, 102.0001388888889, 22.000138888888888]","[101.0, 21.0, 102.0, 22.0]",m,GDAL SRTMHGT driver georeferencing from HGT format and member name; no embedded CRS header,NOT_ESTABLISHED_FROM_LOCAL_HEADER,none located in archive
raw\SRTM\N21E102.SRTMGL1.hgt.zip,EPSG:4326,4326,World Geodetic System 1984,degree,"[0.0002777777777777778, 0.0, 101.99986111111112, 0.0, -0.0002777777777777778, 22.000138888888888, 0.0, 0.0, 1.0]",0.0002777777777777778,-0.0002777777777777778,latitude descending; longitude ascending,Point,"[101.99986111111112, 20.99986111111111, 103.0001388888889, 22.000138888888888]","[102.0, 21.0, 103.0, 22.0]",m,GDAL SRTMHGT driver georeferencing from HGT format and member name; no embedded CRS header,NOT_ESTABLISHED_FROM_LOCAL_HEADER,none located in archive
raw\SRTM\N21E103.SRTMGL1.hgt.zip,EPSG:4326,4326,World Geodetic System 1984,degree,"[0.0002777777777777778, 0.0, 102.99986111111112, 0.0, -0.0002777777777777778, 22.000138888888888, 0.0, 0.0, 1.0]",0.0002777777777777778,-0.0002777777777777778,latitude descending; longitude ascending,Point,"[102.99986111111112, 20.99986111111111, 104.0001388888889, 22.000138888888888]","[103.0, 21.0, 104.0, 22.0]",m,GDAL SRTMHGT driver georeferencing from HGT format and member name; no embedded CRS header,NOT_ESTABLISHED_FROM_LOCAL_HEADER,none located in archive
raw\SRTM\N21E104.SRTMGL1.hgt.zip,EPSG:4326,4326,World Geodetic System 1984,degree,"[0.0002777777777777778, 0.0, 103.99986111111112, 0.0, -0.0002777777777777778, 22.000138888888888, 0.0, 0.0, 1.0]",0.0002777777777777778,-0.0002777777777777778,latitude descending; longitude ascending,Point,"[103.99986111111112, 20.99986111111111, 105.0001388888889, 22.000138888888888]","[104.0, 21.0, 105.0, 22.0]",m,GDAL SRTMHGT driver georeferencing from HGT format and member name; no embedded CRS header,NOT_ESTABLISHED_FROM_LOCAL_HEADER,none located in archive
raw\SRTM\N21E105.SRTMGL1.hgt.zip,EPSG:4326,4326,World Geodetic System 1984,degree,"[0.0002777777777777778, 0.0, 104.99986111111112, 0.0, -0.0002777777777777778, 22.000138888888888, 0.0, 0.0, 1.0]",0.0002777777777777778,-0.0002777777777777778,latitude descending; longitude ascending,Point,"[104.99986111111112, 20.99986111111111, 106.0001388888889, 22.000138888888888]","[105.0, 21.0, 106.0, 22.0]",m,GDAL SRTMHGT driver georeferencing from HGT format and member name; no embedded CRS header,NOT_ESTABLISHED_FROM_LOCAL_HEADER,none located in archive
raw\SRTM\N21E106.SRTMGL1.hgt.zip,EPSG:4326,4326,World Geodetic System 1984,degree,"[0.0002777777777777778, 0.0, 105.99986111111112, 0.0, -0.0002777777777777778, 22.000138888888888, 0.0, 0.0, 1.0]",0.0002777777777777778,-0.0002777777777777778,latitude descending; longitude ascending,Point,"[105.99986111111112, 20.99986111111111, 107.0001388888889, 22.000138888888888]","[106.0, 21.0, 107.0, 22.0]",m,GDAL SRTMHGT driver georeferencing from HGT format and member name; no embedded CRS header,NOT_ESTABLISHED_FROM_LOCAL_HEADER,none located in archive
raw\SRTM\N21E107.SRTMGL1.hgt.zip,EPSG:4326,4326,World Geodetic System 1984,degree,"[0.0002777777777777778, 0.0, 106.99986111111112, 0.0, -0.0002777777777777778, 22.000138888888888, 0.0, 0.0, 1.0]",0.0002777777777777778,-0.0002777777777777778,latitude descending; longitude ascending,Point,"[106.99986111111112, 20.99986111111111, 108.0001388888889, 22.000138888888888]","[107.0, 21.0, 108.0, 22.0]",m,GDAL SRTMHGT driver georeferencing from HGT format and member name; no embedded CRS header,NOT_ESTABLISHED_FROM_LOCAL_HEADER,none located in archive
raw\SRTM\N21E108.SRTMGL1.hgt.zip,EPSG:4326,4326,World Geodetic System 1984,degree,"[0.0002777777777777778, 0.0, 107.99986111111112, 0.0, -0.0002777777777777778, 22.000138888888888, 0.0, 0.0, 1.0]",0.0002777777777777778,-0.0002777777777777778,latitude descending; longitude ascending,Point,"[107.99986111111112, 20.99986111111111, 109.0001388888889, 22.000138888888888]","[108.0, 21.0, 109.0, 22.0]",m,GDAL SRTMHGT driver georeferencing from HGT format and member name; no embedded CRS header,NOT_ESTABLISHED_FROM_LOCAL_HEADER,none located in archive
raw\SRTM\N21E109.SRTMGL1.hgt.zip,EPSG:4326,4326,World Geodetic System 1984,degree,"[0.0002777777777777778, 0.0, 108.99986111111112, 0.0, -0.0002777777777777778, 22.000138888888888, 0.0, 0.0, 1.0]",0.0002777777777777778,-0.0002777777777777778,latitude descending; longitude ascending,Point,"[108.99986111111112, 20.99986111111111, 110.0001388888889, 22.000138888888888]","[109.0, 21.0, 110.0, 22.0]",m,GDAL SRTMHGT driver georeferencing from HGT format and member name; no embedded CRS header,NOT_ESTABLISHED_FROM_LOCAL_HEADER,none located in archive
raw\SRTM\N22E094.SRTMGL1.hgt.zip,EPSG:4326,4326,World Geodetic System 1984,degree,"[0.0002777777777777778, 0.0, 93.99986111111112, 0.0, -0.0002777777777777778, 23.000138888888888, 0.0, 0.0, 1.0]",0.0002777777777777778,-0.0002777777777777778,latitude descending; longitude ascending,Point,"[93.99986111111112, 21.99986111111111, 95.0001388888889, 23.000138888888888]","[94.0, 22.0, 95.0, 23.0]",m,GDAL SRTMHGT driver georeferencing from HGT format and member name; no embedded CRS header,NOT_ESTABLISHED_FROM_LOCAL_HEADER,none located in archive
raw\SRTM\N22E095.SRTMGL1.hgt.zip,EPSG:4326,4326,World Geodetic System 1984,degree,"[0.0002777777777777778, 0.0, 94.99986111111112, 0.0, -0.0002777777777777778, 23.000138888888888, 0.0, 0.0, 1.0]",0.0002777777777777778,-0.0002777777777777778,latitude descending; longitude ascending,Point,"[94.99986111111112, 21.99986111111111, 96.0001388888889, 23.000138888888888]","[95.0, 22.0, 96.0, 23.0]",m,GDAL SRTMHGT driver georeferencing from HGT format and member name; no embedded CRS header,NOT_ESTABLISHED_FROM_LOCAL_HEADER,none located in archive
raw\SRTM\N22E096.SRTMGL1.hgt.zip,EPSG:4326,4326,World Geodetic System 1984,degree,"[0.0002777777777777778, 0.0, 95.99986111111112, 0.0, -0.0002777777777777778, 23.000138888888888, 0.0, 0.0, 1.0]",0.0002777777777777778,-0.0002777777777777778,latitude descending; longitude ascending,Point,"[95.99986111111112, 21.99986111111111, 97.0001388888889, 23.000138888888888]","[96.0, 22.0, 97.0, 23.0]",m,GDAL SRTMHGT driver georeferencing from HGT format and member name; no embedded CRS header,NOT_ESTABLISHED_FROM_LOCAL_HEADER,none located in archive
raw\SRTM\N22E097.SRTMGL1.hgt.zip,EPSG:4326,4326,World Geodetic System 1984,degree,"[0.0002777777777777778, 0.0, 96.99986111111112, 0.0, -0.0002777777777777778, 23.000138888888888, 0.0, 0.0, 1.0]",0.0002777777777777778,-0.0002777777777777778,latitude descending; longitude ascending,Point,"[96.99986111111112, 21.99986111111111, 98.0001388888889, 23.000138888888888]","[97.0, 22.0, 98.0, 23.0]",m,GDAL SRTMHGT driver georeferencing from HGT format and member name; no embedded CRS header,NOT_ESTABLISHED_FROM_LOCAL_HEADER,none located in archive
raw\SRTM\N22E098.SRTMGL1.hgt.zip,EPSG:4326,4326,World Geodetic System 1984,degree,"[0.0002777777777777778, 0.0, 97.99986111111112, 0.0, -0.0002777777777777778, 23.000138888888888, 0.0, 0.0, 1.0]",0.0002777777777777778,-0.0002777777777777778,latitude descending; longitude ascending,Point,"[97.99986111111112, 21.99986111111111, 99.0001388888889, 23.000138888888888]","[98.0, 22.0, 99.0, 23.0]",m,GDAL SRTMHGT driver georeferencing from HGT format and member name; no embedded CRS header,NOT_ESTABLISHED_FROM_LOCAL_HEADER,none located in archive
raw\SRTM\N22E099.SRTMGL1.hgt.zip,EPSG:4326,4326,World Geodetic System 1984,degree,"[0.0002777777777777778, 0.0, 98.99986111111112, 0.0, -0.0002777777777777778, 23.000138888888888, 0.0, 0.0, 1.0]",0.0002777777777777778,-0.0002777777777777778,latitude descending; longitude ascending,Point,"[98.99986111111112, 21.99986111111111, 100.0001388888889, 23.000138888888888]","[99.0, 22.0, 100.0, 23.0]",m,GDAL SRTMHGT driver georeferencing from HGT format and member name; no embedded CRS header,NOT_ESTABLISHED_FROM_LOCAL_HEADER,none located in archive
raw\SRTM\N22E100.SRTMGL1.hgt.zip,EPSG:4326,4326,World Geodetic System 1984,degree,"[0.0002777777777777778, 0.0, 99.99986111111112, 0.0, -0.0002777777777777778, 23.000138888888888, 0.0, 0.0, 1.0]",0.0002777777777777778,-0.0002777777777777778,latitude descending; longitude ascending,Point,"[99.99986111111112, 21.99986111111111, 101.0001388888889, 23.000138888888888]","[100.0, 22.0, 101.0, 23.0]",m,GDAL SRTMHGT driver georeferencing from HGT format and member name; no embedded CRS header,NOT_ESTABLISHED_FROM_LOCAL_HEADER,none located in archive
raw\SRTM\N22E101.SRTMGL1.hgt.zip,EPSG:4326,4326,World Geodetic System 1984,degree,"[0.0002777777777777778, 0.0, 100.99986111111112, 0.0, -0.0002777777777777778, 23.000138888888888, 0.0, 0.0, 1.0]",0.0002777777777777778,-0.0002777777777777778,latitude descending; longitude ascending,Point,"[100.99986111111112, 21.99986111111111, 102.0001388888889, 23.000138888888888]","[101.0, 22.0, 102.0, 23.0]",m,GDAL SRTMHGT driver georeferencing from HGT format and member name; no embedded CRS header,NOT_ESTABLISHED_FROM_LOCAL_HEADER,none located in archive
raw\SRTM\N22E102.SRTMGL1.hgt.zip,EPSG:4326,4326,World Geodetic System 1984,degree,"[0.0002777777777777778, 0.0, 101.99986111111112, 0.0, -0.0002777777777777778, 23.000138888888888, 0.0, 0.0, 1.0]",0.0002777777777777778,-0.0002777777777777778,latitude descending; longitude ascending,Point,"[101.99986111111112, 21.99986111111111, 103.0001388888889, 23.000138888888888]","[102.0, 22.0, 103.0, 23.0]",m,GDAL SRTMHGT driver georeferencing from HGT format and member name; no embedded CRS header,NOT_ESTABLISHED_FROM_LOCAL_HEADER,none located in archive
raw\SRTM\N22E103.SRTMGL1.hgt.zip,EPSG:4326,4326,World Geodetic System 1984,degree,"[0.0002777777777777778, 0.0, 102.99986111111112, 0.0, -0.0002777777777777778, 23.000138888888888, 0.0, 0.0, 1.0]",0.0002777777777777778,-0.0002777777777777778,latitude descending; longitude ascending,Point,"[102.99986111111112, 21.99986111111111, 104.0001388888889, 23.000138888888888]","[103.0, 22.0, 104.0, 23.0]",m,GDAL SRTMHGT driver georeferencing from HGT format and member name; no embedded CRS header,NOT_ESTABLISHED_FROM_LOCAL_HEADER,none located in archive
raw\SRTM\N22E104.SRTMGL1.hgt.zip,EPSG:4326,4326,World Geodetic System 1984,degree,"[0.0002777777777777778, 0.0, 103.99986111111112, 0.0, -0.0002777777777777778, 23.000138888888888, 0.0, 0.0, 1.0]",0.0002777777777777778,-0.0002777777777777778,latitude descending; longitude ascending,Point,"[103.99986111111112, 21.99986111111111, 105.0001388888889, 23.000138888888888]","[104.0, 22.0, 105.0, 23.0]",m,GDAL SRTMHGT driver georeferencing from HGT format and member name; no embedded CRS header,NOT_ESTABLISHED_FROM_LOCAL_HEADER,none located in archive
raw\SRTM\N22E105.SRTMGL1.hgt.zip,EPSG:4326,4326,World Geodetic System 1984,degree,"[0.0002777777777777778, 0.0, 104.99986111111112, 0.0, -0.0002777777777777778, 23.000138888888888, 0.0, 0.0, 1.0]",0.0002777777777777778,-0.0002777777777777778,latitude descending; longitude ascending,Point,"[104.99986111111112, 21.99986111111111, 106.0001388888889, 23.000138888888888]","[105.0, 22.0, 106.0, 23.0]",m,GDAL SRTMHGT driver georeferencing from HGT format and member name; no embedded CRS header,NOT_ESTABLISHED_FROM_LOCAL_HEADER,none located in archive
raw\SRTM\N22E106.SRTMGL1.hgt.zip,EPSG:4326,4326,World Geodetic System 1984,degree,"[0.0002777777777777778, 0.0, 105.99986111111112, 0.0, -0.0002777777777777778, 23.000138888888888, 0.0, 0.0, 1.0]",0.0002777777777777778,-0.0002777777777777778,latitude descending; longitude ascending,Point,"[105.99986111111112, 21.99986111111111, 107.0001388888889, 23.000138888888888]","[106.0, 22.0, 107.0, 23.0]",m,GDAL SRTMHGT driver georeferencing from HGT format and member name; no embedded CRS header,NOT_ESTABLISHED_FROM_LOCAL_HEADER,none located in archive
raw\SRTM\N22E107.SRTMGL1.hgt.zip,EPSG:4326,4326,World Geodetic System 1984,degree,"[0.0002777777777777778, 0.0, 106.99986111111112, 0.0, -0.0002777777777777778, 23.000138888888888, 0.0, 0.0, 1.0]",0.0002777777777777778,-0.0002777777777777778,latitude descending; longitude ascending,Point,"[106.99986111111112, 21.99986111111111, 108.0001388888889, 23.000138888888888]","[107.0, 22.0, 108.0, 23.0]",m,GDAL SRTMHGT driver georeferencing from HGT format and member name; no embedded CRS header,NOT_ESTABLISHED_FROM_LOCAL_HEADER,none located in archive
raw\SRTM\N22E108.SRTMGL1.hgt.zip,EPSG:4326,4326,World Geodetic System 1984,degree,"[0.0002777777777777778, 0.0, 107.99986111111112, 0.0, -0.0002777777777777778, 23.000138888888888, 0.0, 0.0, 1.0]",0.0002777777777777778,-0.0002777777777777778,latitude descending; longitude ascending,Point,"[107.99986111111112, 21.99986111111111, 109.0001388888889, 23.000138888888888]","[108.0, 22.0, 109.0, 23.0]",m,GDAL SRTMHGT driver georeferencing from HGT format and member name; no embedded CRS header,NOT_ESTABLISHED_FROM_LOCAL_HEADER,none located in archive
raw\SRTM\N22E109.SRTMGL1.hgt.zip,EPSG:4326,4326,World Geodetic System 1984,degree,"[0.0002777777777777778, 0.0, 108.99986111111112, 0.0, -0.0002777777777777778, 23.000138888888888, 0.0, 0.0, 1.0]",0.0002777777777777778,-0.0002777777777777778,latitude descending; longitude ascending,Point,"[108.99986111111112, 21.99986111111111, 110.0001388888889, 23.000138888888888]","[109.0, 22.0, 110.0, 23.0]",m,GDAL SRTMHGT driver georeferencing from HGT format and member name; no embedded CRS header,NOT_ESTABLISHED_FROM_LOCAL_HEADER,none located in archive
raw\SRTM\N23E094.SRTMGL1.hgt.zip,EPSG:4326,4326,World Geodetic System 1984,degree,"[0.0002777777777777778, 0.0, 93.99986111111112, 0.0, -0.0002777777777777778, 24.000138888888888, 0.0, 0.0, 1.0]",0.0002777777777777778,-0.0002777777777777778,latitude descending; longitude ascending,Point,"[93.99986111111112, 22.99986111111111, 95.0001388888889, 24.000138888888888]","[94.0, 23.0, 95.0, 24.0]",m,GDAL SRTMHGT driver georeferencing from HGT format and member name; no embedded CRS header,NOT_ESTABLISHED_FROM_LOCAL_HEADER,none located in archive
raw\SRTM\N23E095.SRTMGL1.hgt.zip,EPSG:4326,4326,World Geodetic System 1984,degree,"[0.0002777777777777778, 0.0, 94.99986111111112, 0.0, -0.0002777777777777778, 24.000138888888888, 0.0, 0.0, 1.0]",0.0002777777777777778,-0.0002777777777777778,latitude descending; longitude ascending,Point,"[94.99986111111112, 22.99986111111111, 96.0001388888889, 24.000138888888888]","[95.0, 23.0, 96.0, 24.0]",m,GDAL SRTMHGT driver georeferencing from HGT format and member name; no embedded CRS header,NOT_ESTABLISHED_FROM_LOCAL_HEADER,none located in archive
raw\SRTM\N23E096.SRTMGL1.hgt.zip,EPSG:4326,4326,World Geodetic System 1984,degree,"[0.0002777777777777778, 0.0, 95.99986111111112, 0.0, -0.0002777777777777778, 24.000138888888888, 0.0, 0.0, 1.0]",0.0002777777777777778,-0.0002777777777777778,latitude descending; longitude ascending,Point,"[95.99986111111112, 22.99986111111111, 97.0001388888889, 24.000138888888888]","[96.0, 23.0, 97.0, 24.0]",m,GDAL SRTMHGT driver georeferencing from HGT format and member name; no embedded CRS header,NOT_ESTABLISHED_FROM_LOCAL_HEADER,none located in archive
raw\SRTM\N23E097.SRTMGL1.hgt.zip,EPSG:4326,4326,World Geodetic System 1984,degree,"[0.0002777777777777778, 0.0, 96.99986111111112, 0.0, -0.0002777777777777778, 24.000138888888888, 0.0, 0.0, 1.0]",0.0002777777777777778,-0.0002777777777777778,latitude descending; longitude ascending,Point,"[96.99986111111112, 22.99986111111111, 98.0001388888889, 24.000138888888888]","[97.0, 23.0, 98.0, 24.0]",m,GDAL SRTMHGT driver georeferencing from HGT format and member name; no embedded CRS header,NOT_ESTABLISHED_FROM_LOCAL_HEADER,none located in archive
raw\SRTM\N23E098.SRTMGL1.hgt.zip,EPSG:4326,4326,World Geodetic System 1984,degree,"[0.0002777777777777778, 0.0, 97.99986111111112, 0.0, -0.0002777777777777778, 24.000138888888888, 0.0, 0.0, 1.0]",0.0002777777777777778,-0.0002777777777777778,latitude descending; longitude ascending,Point,"[97.99986111111112, 22.99986111111111, 99.0001388888889, 24.000138888888888]","[98.0, 23.0, 99.0, 24.0]",m,GDAL SRTMHGT driver georeferencing from HGT format and member name; no embedded CRS header,NOT_ESTABLISHED_FROM_LOCAL_HEADER,none located in archive
raw\SRTM\N23E099.SRTMGL1.hgt.zip,EPSG:4326,4326,World Geodetic System 1984,degree,"[0.0002777777777777778, 0.0, 98.99986111111112, 0.0, -0.0002777777777777778, 24.000138888888888, 0.0, 0.0, 1.0]",0.0002777777777777778,-0.0002777777777777778,latitude descending; longitude ascending,Point,"[98.99986111111112, 22.99986111111111, 100.0001388888889, 24.000138888888888]","[99.0, 23.0, 100.0, 24.0]",m,GDAL SRTMHGT driver georeferencing from HGT format and member name; no embedded CRS header,NOT_ESTABLISHED_FROM_LOCAL_HEADER,none located in archive
raw\SRTM\N23E100.SRTMGL1.hgt.zip,EPSG:4326,4326,World Geodetic System 1984,degree,"[0.0002777777777777778, 0.0, 99.99986111111112, 0.0, -0.0002777777777777778, 24.000138888888888, 0.0, 0.0, 1.0]",0.0002777777777777778,-0.0002777777777777778,latitude descending; longitude ascending,Point,"[99.99986111111112, 22.99986111111111, 101.0001388888889, 24.000138888888888]","[100.0, 23.0, 101.0, 24.0]",m,GDAL SRTMHGT driver georeferencing from HGT format and member name; no embedded CRS header,NOT_ESTABLISHED_FROM_LOCAL_HEADER,none located in archive
raw\SRTM\N23E101.SRTMGL1.hgt.zip,EPSG:4326,4326,World Geodetic System 1984,degree,"[0.0002777777777777778, 0.0, 100.99986111111112, 0.0, -0.0002777777777777778, 24.000138888888888, 0.0, 0.0, 1.0]",0.0002777777777777778,-0.0002777777777777778,latitude descending; longitude ascending,Point,"[100.99986111111112, 22.99986111111111, 102.0001388888889, 24.000138888888888]","[101.0, 23.0, 102.0, 24.0]",m,GDAL SRTMHGT driver georeferencing from HGT format and member name; no embedded CRS header,NOT_ESTABLISHED_FROM_LOCAL_HEADER,none located in archive
raw\SRTM\N23E102.SRTMGL1.hgt.zip,EPSG:4326,4326,World Geodetic System 1984,degree,"[0.0002777777777777778, 0.0, 101.99986111111112, 0.0, -0.0002777777777777778, 24.000138888888888, 0.0, 0.0, 1.0]",0.0002777777777777778,-0.0002777777777777778,latitude descending; longitude ascending,Point,"[101.99986111111112, 22.99986111111111, 103.0001388888889, 24.000138888888888]","[102.0, 23.0, 103.0, 24.0]",m,GDAL SRTMHGT driver georeferencing from HGT format and member name; no embedded CRS header,NOT_ESTABLISHED_FROM_LOCAL_HEADER,none located in archive
raw\SRTM\N23E103.SRTMGL1.hgt.zip,EPSG:4326,4326,World Geodetic System 1984,degree,"[0.0002777777777777778, 0.0, 102.99986111111112, 0.0, -0.0002777777777777778, 24.000138888888888, 0.0, 0.0, 1.0]",0.0002777777777777778,-0.0002777777777777778,latitude descending; longitude ascending,Point,"[102.99986111111112, 22.99986111111111, 104.0001388888889, 24.000138888888888]","[103.0, 23.0, 104.0, 24.0]",m,GDAL SRTMHGT driver georeferencing from HGT format and member name; no embedded CRS header,NOT_ESTABLISHED_FROM_LOCAL_HEADER,none located in archive
raw\SRTM\N23E104.SRTMGL1.hgt.zip,EPSG:4326,4326,World Geodetic System 1984,degree,"[0.0002777777777777778, 0.0, 103.99986111111112, 0.0, -0.0002777777777777778, 24.000138888888888, 0.0, 0.0, 1.0]",0.0002777777777777778,-0.0002777777777777778,latitude descending; longitude ascending,Point,"[103.99986111111112, 22.99986111111111, 105.0001388888889, 24.000138888888888]","[104.0, 23.0, 105.0, 24.0]",m,GDAL SRTMHGT driver georeferencing from HGT format and member name; no embedded CRS header,NOT_ESTABLISHED_FROM_LOCAL_HEADER,none located in archive
raw\SRTM\N23E105.SRTMGL1.hgt.zip,EPSG:4326,4326,World Geodetic System 1984,degree,"[0.0002777777777777778, 0.0, 104.99986111111112, 0.0, -0.0002777777777777778, 24.000138888888888, 0.0, 0.0, 1.0]",0.0002777777777777778,-0.0002777777777777778,latitude descending; longitude ascending,Point,"[104.99986111111112, 22.99986111111111, 106.0001388888889, 24.000138888888888]","[105.0, 23.0, 106.0, 24.0]",m,GDAL SRTMHGT driver georeferencing from HGT format and member name; no embedded CRS header,NOT_ESTABLISHED_FROM_LOCAL_HEADER,none located in archive
raw\SRTM\N23E106.SRTMGL1.hgt.zip,EPSG:4326,4326,World Geodetic System 1984,degree,"[0.0002777777777777778, 0.0, 105.99986111111112, 0.0, -0.0002777777777777778, 24.000138888888888, 0.0, 0.0, 1.0]",0.0002777777777777778,-0.0002777777777777778,latitude descending; longitude ascending,Point,"[105.99986111111112, 22.99986111111111, 107.0001388888889, 24.000138888888888]","[106.0, 23.0, 107.0, 24.0]",m,GDAL SRTMHGT driver georeferencing from HGT format and member name; no embedded CRS header,NOT_ESTABLISHED_FROM_LOCAL_HEADER,none located in archive
raw\SRTM\N23E107.SRTMGL1.hgt.zip,EPSG:4326,4326,World Geodetic System 1984,degree,"[0.0002777777777777778, 0.0, 106.99986111111112, 0.0, -0.0002777777777777778, 24.000138888888888, 0.0, 0.0, 1.0]",0.0002777777777777778,-0.0002777777777777778,latitude descending; longitude ascending,Point,"[106.99986111111112, 22.99986111111111, 108.0001388888889, 24.000138888888888]","[107.0, 23.0, 108.0, 24.0]",m,GDAL SRTMHGT driver georeferencing from HGT format and member name; no embedded CRS header,NOT_ESTABLISHED_FROM_LOCAL_HEADER,none located in archive
raw\SRTM\N23E108.SRTMGL1.hgt.zip,EPSG:4326,4326,World Geodetic System 1984,degree,"[0.0002777777777777778, 0.0, 107.99986111111112, 0.0, -0.0002777777777777778, 24.000138888888888, 0.0, 0.0, 1.0]",0.0002777777777777778,-0.0002777777777777778,latitude descending; longitude ascending,Point,"[107.99986111111112, 22.99986111111111, 109.0001388888889, 24.000138888888888]","[108.0, 23.0, 109.0, 24.0]",m,GDAL SRTMHGT driver georeferencing from HGT format and member name; no embedded CRS header,NOT_ESTABLISHED_FROM_LOCAL_HEADER,none located in archive
raw\SRTM\N23E109.SRTMGL1.hgt.zip,EPSG:4326,4326,World Geodetic System 1984,degree,"[0.0002777777777777778, 0.0, 108.99986111111112, 0.0, -0.0002777777777777778, 24.000138888888888, 0.0, 0.0, 1.0]",0.0002777777777777778,-0.0002777777777777778,latitude descending; longitude ascending,Point,"[108.99986111111112, 22.99986111111111, 110.0001388888889, 24.000138888888888]","[109.0, 23.0, 110.0, 24.0]",m,GDAL SRTMHGT driver georeferencing from HGT format and member name; no embedded CRS header,NOT_ESTABLISHED_FROM_LOCAL_HEADER,none located in archive
raw\SRTM\N24E094.SRTMGL1.hgt.zip,EPSG:4326,4326,World Geodetic System 1984,degree,"[0.0002777777777777778, 0.0, 93.99986111111112, 0.0, -0.0002777777777777778, 25.000138888888888, 0.0, 0.0, 1.0]",0.0002777777777777778,-0.0002777777777777778,latitude descending; longitude ascending,Point,"[93.99986111111112, 23.99986111111111, 95.0001388888889, 25.000138888888888]","[94.0, 24.0, 95.0, 25.0]",m,GDAL SRTMHGT driver georeferencing from HGT format and member name; no embedded CRS header,NOT_ESTABLISHED_FROM_LOCAL_HEADER,none located in archive
raw\SRTM\N24E095.SRTMGL1.hgt.zip,EPSG:4326,4326,World Geodetic System 1984,degree,"[0.0002777777777777778, 0.0, 94.99986111111112, 0.0, -0.0002777777777777778, 25.000138888888888, 0.0, 0.0, 1.0]",0.0002777777777777778,-0.0002777777777777778,latitude descending; longitude ascending,Point,"[94.99986111111112, 23.99986111111111, 96.0001388888889, 25.000138888888888]","[95.0, 24.0, 96.0, 25.0]",m,GDAL SRTMHGT driver georeferencing from HGT format and member name; no embedded CRS header,NOT_ESTABLISHED_FROM_LOCAL_HEADER,none located in archive
raw\SRTM\N24E096.SRTMGL1.hgt.zip,EPSG:4326,4326,World Geodetic System 1984,degree,"[0.0002777777777777778, 0.0, 95.99986111111112, 0.0, -0.0002777777777777778, 25.000138888888888, 0.0, 0.0, 1.0]",0.0002777777777777778,-0.0002777777777777778,latitude descending; longitude ascending,Point,"[95.99986111111112, 23.99986111111111, 97.0001388888889, 25.000138888888888]","[96.0, 24.0, 97.0, 25.0]",m,GDAL SRTMHGT driver georeferencing from HGT format and member name; no embedded CRS header,NOT_ESTABLISHED_FROM_LOCAL_HEADER,none located in archive
raw\SRTM\N24E097.SRTMGL1.hgt.zip,EPSG:4326,4326,World Geodetic System 1984,degree,"[0.0002777777777777778, 0.0, 96.99986111111112, 0.0, -0.0002777777777777778, 25.000138888888888, 0.0, 0.0, 1.0]",0.0002777777777777778,-0.0002777777777777778,latitude descending; longitude ascending,Point,"[96.99986111111112, 23.99986111111111, 98.0001388888889, 25.000138888888888]","[97.0, 24.0, 98.0, 25.0]",m,GDAL SRTMHGT driver georeferencing from HGT format and member name; no embedded CRS header,NOT_ESTABLISHED_FROM_LOCAL_HEADER,none located in archive
raw\SRTM\N24E098.SRTMGL1.hgt.zip,EPSG:4326,4326,World Geodetic System 1984,degree,"[0.0002777777777777778, 0.0, 97.99986111111112, 0.0, -0.0002777777777777778, 25.000138888888888, 0.0, 0.0, 1.0]",0.0002777777777777778,-0.0002777777777777778,latitude descending; longitude ascending,Point,"[97.99986111111112, 23.99986111111111, 99.0001388888889, 25.000138888888888]","[98.0, 24.0, 99.0, 25.0]",m,GDAL SRTMHGT driver georeferencing from HGT format and member name; no embedded CRS header,NOT_ESTABLISHED_FROM_LOCAL_HEADER,none located in archive
raw\SRTM\N24E099.SRTMGL1.hgt.zip,EPSG:4326,4326,World Geodetic System 1984,degree,"[0.0002777777777777778, 0.0, 98.99986111111112, 0.0, -0.0002777777777777778, 25.000138888888888, 0.0, 0.0, 1.0]",0.0002777777777777778,-0.0002777777777777778,latitude descending; longitude ascending,Point,"[98.99986111111112, 23.99986111111111, 100.0001388888889, 25.000138888888888]","[99.0, 24.0, 100.0, 25.0]",m,GDAL SRTMHGT driver georeferencing from HGT format and member name; no embedded CRS header,NOT_ESTABLISHED_FROM_LOCAL_HEADER,none located in archive
raw\SRTM\N24E100.SRTMGL1.hgt.zip,EPSG:4326,4326,World Geodetic System 1984,degree,"[0.0002777777777777778, 0.0, 99.99986111111112, 0.0, -0.0002777777777777778, 25.000138888888888, 0.0, 0.0, 1.0]",0.0002777777777777778,-0.0002777777777777778,latitude descending; longitude ascending,Point,"[99.99986111111112, 23.99986111111111, 101.0001388888889, 25.000138888888888]","[100.0, 24.0, 101.0, 25.0]",m,GDAL SRTMHGT driver georeferencing from HGT format and member name; no embedded CRS header,NOT_ESTABLISHED_FROM_LOCAL_HEADER,none located in archive
raw\SRTM\N24E101.SRTMGL1.hgt.zip,EPSG:4326,4326,World Geodetic System 1984,degree,"[0.0002777777777777778, 0.0, 100.99986111111112, 0.0, -0.0002777777777777778, 25.000138888888888, 0.0, 0.0, 1.0]",0.0002777777777777778,-0.0002777777777777778,latitude descending; longitude ascending,Point,"[100.99986111111112, 23.99986111111111, 102.0001388888889, 25.000138888888888]","[101.0, 24.0, 102.0, 25.0]",m,GDAL SRTMHGT driver georeferencing from HGT format and member name; no embedded CRS header,NOT_ESTABLISHED_FROM_LOCAL_HEADER,none located in archive
raw\SRTM\N24E102.SRTMGL1.hgt.zip,EPSG:4326,4326,World Geodetic System 1984,degree,"[0.0002777777777777778, 0.0, 101.99986111111112, 0.0, -0.0002777777777777778, 25.000138888888888, 0.0, 0.0, 1.0]",0.0002777777777777778,-0.0002777777777777778,latitude descending; longitude ascending,Point,"[101.99986111111112, 23.99986111111111, 103.0001388888889, 25.000138888888888]","[102.0, 24.0, 103.0, 25.0]",m,GDAL SRTMHGT driver georeferencing from HGT format and member name; no embedded CRS header,NOT_ESTABLISHED_FROM_LOCAL_HEADER,none located in archive
raw\SRTM\N24E103.SRTMGL1.hgt.zip,EPSG:4326,4326,World Geodetic System 1984,degree,"[0.0002777777777777778, 0.0, 102.99986111111112, 0.0, -0.0002777777777777778, 25.000138888888888, 0.0, 0.0, 1.0]",0.0002777777777777778,-0.0002777777777777778,latitude descending; longitude ascending,Point,"[102.99986111111112, 23.99986111111111, 104.0001388888889, 25.000138888888888]","[103.0, 24.0, 104.0, 25.0]",m,GDAL SRTMHGT driver georeferencing from HGT format and member name; no embedded CRS header,NOT_ESTABLISHED_FROM_LOCAL_HEADER,none located in archive
raw\SRTM\N24E104.SRTMGL1.hgt.zip,EPSG:4326,4326,World Geodetic System 1984,degree,"[0.0002777777777777778, 0.0, 103.99986111111112, 0.0, -0.0002777777777777778, 25.000138888888888, 0.0, 0.0, 1.0]",0.0002777777777777778,-0.0002777777777777778,latitude descending; longitude ascending,Point,"[103.99986111111112, 23.99986111111111, 105.0001388888889, 25.000138888888888]","[104.0, 24.0, 105.0, 25.0]",m,GDAL SRTMHGT driver georeferencing from HGT format and member name; no embedded CRS header,NOT_ESTABLISHED_FROM_LOCAL_HEADER,none located in archive
raw\SRTM\N24E105.SRTMGL1.hgt.zip,EPSG:4326,4326,World Geodetic System 1984,degree,"[0.0002777777777777778, 0.0, 104.99986111111112, 0.0, -0.0002777777777777778, 25.000138888888888, 0.0, 0.0, 1.0]",0.0002777777777777778,-0.0002777777777777778,latitude descending; longitude ascending,Point,"[104.99986111111112, 23.99986111111111, 106.0001388888889, 25.000138888888888]","[105.0, 24.0, 106.0, 25.0]",m,GDAL SRTMHGT driver georeferencing from HGT format and member name; no embedded CRS header,NOT_ESTABLISHED_FROM_LOCAL_HEADER,none located in archive
raw\SRTM\N24E106.SRTMGL1.hgt.zip,EPSG:4326,4326,World Geodetic System 1984,degree,"[0.0002777777777777778, 0.0, 105.99986111111112, 0.0, -0.0002777777777777778, 25.000138888888888, 0.0, 0.0, 1.0]",0.0002777777777777778,-0.0002777777777777778,latitude descending; longitude ascending,Point,"[105.99986111111112, 23.99986111111111, 107.0001388888889, 25.000138888888888]","[106.0, 24.0, 107.0, 25.0]",m,GDAL SRTMHGT driver georeferencing from HGT format and member name; no embedded CRS header,NOT_ESTABLISHED_FROM_LOCAL_HEADER,none located in archive
raw\SRTM\N24E107.SRTMGL1.hgt.zip,EPSG:4326,4326,World Geodetic System 1984,degree,"[0.0002777777777777778, 0.0, 106.99986111111112, 0.0, -0.0002777777777777778, 25.000138888888888, 0.0, 0.0, 1.0]",0.0002777777777777778,-0.0002777777777777778,latitude descending; longitude ascending,Point,"[106.99986111111112, 23.99986111111111, 108.0001388888889, 25.000138888888888]","[107.0, 24.0, 108.0, 25.0]",m,GDAL SRTMHGT driver georeferencing from HGT format and member name; no embedded CRS header,NOT_ESTABLISHED_FROM_LOCAL_HEADER,none located in archive
raw\SRTM\N24E108.SRTMGL1.hgt.zip,EPSG:4326,4326,World Geodetic System 1984,degree,"[0.0002777777777777778, 0.0, 107.99986111111112, 0.0, -0.0002777777777777778, 25.000138888888888, 0.0, 0.0, 1.0]",0.0002777777777777778,-0.0002777777777777778,latitude descending; longitude ascending,Point,"[107.99986111111112, 23.99986111111111, 109.0001388888889, 25.000138888888888]","[108.0, 24.0, 109.0, 25.0]",m,GDAL SRTMHGT driver georeferencing from HGT format and member name; no embedded CRS header,NOT_ESTABLISHED_FROM_LOCAL_HEADER,none located in archive
raw\SRTM\N24E109.SRTMGL1.hgt.zip,EPSG:4326,4326,World Geodetic System 1984,degree,"[0.0002777777777777778, 0.0, 108.99986111111112, 0.0, -0.0002777777777777778, 25.000138888888888, 0.0, 0.0, 1.0]",0.0002777777777777778,-0.0002777777777777778,latitude descending; longitude ascending,Point,"[108.99986111111112, 23.99986111111111, 110.0001388888889, 25.000138888888888]","[109.0, 24.0, 110.0, 25.0]",m,GDAL SRTMHGT driver georeferencing from HGT format and member name; no embedded CRS header,NOT_ESTABLISHED_FROM_LOCAL_HEADER,none located in archive
raw\SRTM\N25E094.SRTMGL1.hgt.zip,EPSG:4326,4326,World Geodetic System 1984,degree,"[0.0002777777777777778, 0.0, 93.99986111111112, 0.0, -0.0002777777777777778, 26.000138888888888, 0.0, 0.0, 1.0]",0.0002777777777777778,-0.0002777777777777778,latitude descending; longitude ascending,Point,"[93.99986111111112, 24.99986111111111, 95.0001388888889, 26.000138888888888]","[94.0, 25.0, 95.0, 26.0]",m,GDAL SRTMHGT driver georeferencing from HGT format and member name; no embedded CRS header,NOT_ESTABLISHED_FROM_LOCAL_HEADER,none located in archive
raw\SRTM\N25E095.SRTMGL1.hgt.zip,EPSG:4326,4326,World Geodetic System 1984,degree,"[0.0002777777777777778, 0.0, 94.99986111111112, 0.0, -0.0002777777777777778, 26.000138888888888, 0.0, 0.0, 1.0]",0.0002777777777777778,-0.0002777777777777778,latitude descending; longitude ascending,Point,"[94.99986111111112, 24.99986111111111, 96.0001388888889, 26.000138888888888]","[95.0, 25.0, 96.0, 26.0]",m,GDAL SRTMHGT driver georeferencing from HGT format and member name; no embedded CRS header,NOT_ESTABLISHED_FROM_LOCAL_HEADER,none located in archive
raw\SRTM\N25E096.SRTMGL1.hgt.zip,EPSG:4326,4326,World Geodetic System 1984,degree,"[0.0002777777777777778, 0.0, 95.99986111111112, 0.0, -0.0002777777777777778, 26.000138888888888, 0.0, 0.0, 1.0]",0.0002777777777777778,-0.0002777777777777778,latitude descending; longitude ascending,Point,"[95.99986111111112, 24.99986111111111, 97.0001388888889, 26.000138888888888]","[96.0, 25.0, 97.0, 26.0]",m,GDAL SRTMHGT driver georeferencing from HGT format and member name; no embedded CRS header,NOT_ESTABLISHED_FROM_LOCAL_HEADER,none located in archive
raw\SRTM\N25E097.SRTMGL1.hgt.zip,EPSG:4326,4326,World Geodetic System 1984,degree,"[0.0002777777777777778, 0.0, 96.99986111111112, 0.0, -0.0002777777777777778, 26.000138888888888, 0.0, 0.0, 1.0]",0.0002777777777777778,-0.0002777777777777778,latitude descending; longitude ascending,Point,"[96.99986111111112, 24.99986111111111, 98.0001388888889, 26.000138888888888]","[97.0, 25.0, 98.0, 26.0]",m,GDAL SRTMHGT driver georeferencing from HGT format and member name; no embedded CRS header,NOT_ESTABLISHED_FROM_LOCAL_HEADER,none located in archive
raw\SRTM\N25E098.SRTMGL1.hgt.zip,EPSG:4326,4326,World Geodetic System 1984,degree,"[0.0002777777777777778, 0.0, 97.99986111111112, 0.0, -0.0002777777777777778, 26.000138888888888, 0.0, 0.0, 1.0]",0.0002777777777777778,-0.0002777777777777778,latitude descending; longitude ascending,Point,"[97.99986111111112, 24.99986111111111, 99.0001388888889, 26.000138888888888]","[98.0, 25.0, 99.0, 26.0]",m,GDAL SRTMHGT driver georeferencing from HGT format and member name; no embedded CRS header,NOT_ESTABLISHED_FROM_LOCAL_HEADER,none located in archive
raw\SRTM\N25E099.SRTMGL1.hgt.zip,EPSG:4326,4326,World Geodetic System 1984,degree,"[0.0002777777777777778, 0.0, 98.99986111111112, 0.0, -0.0002777777777777778, 26.000138888888888, 0.0, 0.0, 1.0]",0.0002777777777777778,-0.0002777777777777778,latitude descending; longitude ascending,Point,"[98.99986111111112, 24.99986111111111, 100.0001388888889, 26.000138888888888]","[99.0, 25.0, 100.0, 26.0]",m,GDAL SRTMHGT driver georeferencing from HGT format and member name; no embedded CRS header,NOT_ESTABLISHED_FROM_LOCAL_HEADER,none located in archive
raw\SRTM\N25E100.SRTMGL1.hgt.zip,EPSG:4326,4326,World Geodetic System 1984,degree,"[0.0002777777777777778, 0.0, 99.99986111111112, 0.0, -0.0002777777777777778, 26.000138888888888, 0.0, 0.0, 1.0]",0.0002777777777777778,-0.0002777777777777778,latitude descending; longitude ascending,Point,"[99.99986111111112, 24.99986111111111, 101.0001388888889, 26.000138888888888]","[100.0, 25.0, 101.0, 26.0]",m,GDAL SRTMHGT driver georeferencing from HGT format and member name; no embedded CRS header,NOT_ESTABLISHED_FROM_LOCAL_HEADER,none located in archive
raw\SRTM\N25E101.SRTMGL1.hgt.zip,EPSG:4326,4326,World Geodetic System 1984,degree,"[0.0002777777777777778, 0.0, 100.99986111111112, 0.0, -0.0002777777777777778, 26.000138888888888, 0.0, 0.0, 1.0]",0.0002777777777777778,-0.0002777777777777778,latitude descending; longitude ascending,Point,"[100.99986111111112, 24.99986111111111, 102.0001388888889, 26.000138888888888]","[101.0, 25.0, 102.0, 26.0]",m,GDAL SRTMHGT driver georeferencing from HGT format and member name; no embedded CRS header,NOT_ESTABLISHED_FROM_LOCAL_HEADER,none located in archive
raw\SRTM\N25E102.SRTMGL1.hgt.zip,EPSG:4326,4326,World Geodetic System 1984,degree,"[0.0002777777777777778, 0.0, 101.99986111111112, 0.0, -0.0002777777777777778, 26.000138888888888, 0.0, 0.0, 1.0]",0.0002777777777777778,-0.0002777777777777778,latitude descending; longitude ascending,Point,"[101.99986111111112, 24.99986111111111, 103.0001388888889, 26.000138888888888]","[102.0, 25.0, 103.0, 26.0]",m,GDAL SRTMHGT driver georeferencing from HGT format and member name; no embedded CRS header,NOT_ESTABLISHED_FROM_LOCAL_HEADER,none located in archive
raw\SRTM\N25E103.SRTMGL1.hgt.zip,EPSG:4326,4326,World Geodetic System 1984,degree,"[0.0002777777777777778, 0.0, 102.99986111111112, 0.0, -0.0002777777777777778, 26.000138888888888, 0.0, 0.0, 1.0]",0.0002777777777777778,-0.0002777777777777778,latitude descending; longitude ascending,Point,"[102.99986111111112, 24.99986111111111, 104.0001388888889, 26.000138888888888]","[103.0, 25.0, 104.0, 26.0]",m,GDAL SRTMHGT driver georeferencing from HGT format and member name; no embedded CRS header,NOT_ESTABLISHED_FROM_LOCAL_HEADER,none located in archive
raw\SRTM\N25E104.SRTMGL1.hgt.zip,EPSG:4326,4326,World Geodetic System 1984,degree,"[0.0002777777777777778, 0.0, 103.99986111111112, 0.0, -0.0002777777777777778, 26.000138888888888, 0.0, 0.0, 1.0]",0.0002777777777777778,-0.0002777777777777778,latitude descending; longitude ascending,Point,"[103.99986111111112, 24.99986111111111, 105.0001388888889, 26.000138888888888]","[104.0, 25.0, 105.0, 26.0]",m,GDAL SRTMHGT driver georeferencing from HGT format and member name; no embedded CRS header,NOT_ESTABLISHED_FROM_LOCAL_HEADER,none located in archive
raw\SRTM\N25E105.SRTMGL1.hgt.zip,EPSG:4326,4326,World Geodetic System 1984,degree,"[0.0002777777777777778, 0.0, 104.99986111111112, 0.0, -0.0002777777777777778, 26.000138888888888, 0.0, 0.0, 1.0]",0.0002777777777777778,-0.0002777777777777778,latitude descending; longitude ascending,Point,"[104.99986111111112, 24.99986111111111, 106.0001388888889, 26.000138888888888]","[105.0, 25.0, 106.0, 26.0]",m,GDAL SRTMHGT driver georeferencing from HGT format and member name; no embedded CRS header,NOT_ESTABLISHED_FROM_LOCAL_HEADER,none located in archive
raw\SRTM\N25E106.SRTMGL1.hgt.zip,EPSG:4326,4326,World Geodetic System 1984,degree,"[0.0002777777777777778, 0.0, 105.99986111111112, 0.0, -0.0002777777777777778, 26.000138888888888, 0.0, 0.0, 1.0]",0.0002777777777777778,-0.0002777777777777778,latitude descending; longitude ascending,Point,"[105.99986111111112, 24.99986111111111, 107.0001388888889, 26.000138888888888]","[106.0, 25.0, 107.0, 26.0]",m,GDAL SRTMHGT driver georeferencing from HGT format and member name; no embedded CRS header,NOT_ESTABLISHED_FROM_LOCAL_HEADER,none located in archive
raw\SRTM\N25E107.SRTMGL1.hgt.zip,EPSG:4326,4326,World Geodetic System 1984,degree,"[0.0002777777777777778, 0.0, 106.99986111111112, 0.0, -0.0002777777777777778, 26.000138888888888, 0.0, 0.0, 1.0]",0.0002777777777777778,-0.0002777777777777778,latitude descending; longitude ascending,Point,"[106.99986111111112, 24.99986111111111, 108.0001388888889, 26.000138888888888]","[107.0, 25.0, 108.0, 26.0]",m,GDAL SRTMHGT driver georeferencing from HGT format and member name; no embedded CRS header,NOT_ESTABLISHED_FROM_LOCAL_HEADER,none located in archive
raw\SRTM\N25E108.SRTMGL1.hgt.zip,EPSG:4326,4326,World Geodetic System 1984,degree,"[0.0002777777777777778, 0.0, 107.99986111111112, 0.0, -0.0002777777777777778, 26.000138888888888, 0.0, 0.0, 1.0]",0.0002777777777777778,-0.0002777777777777778,latitude descending; longitude ascending,Point,"[107.99986111111112, 24.99986111111111, 109.0001388888889, 26.000138888888888]","[108.0, 25.0, 109.0, 26.0]",m,GDAL SRTMHGT driver georeferencing from HGT format and member name; no embedded CRS header,NOT_ESTABLISHED_FROM_LOCAL_HEADER,none located in archive
raw\SRTM\N25E109.SRTMGL1.hgt.zip,EPSG:4326,4326,World Geodetic System 1984,degree,"[0.0002777777777777778, 0.0, 108.99986111111112, 0.0, -0.0002777777777777778, 26.000138888888888, 0.0, 0.0, 1.0]",0.0002777777777777778,-0.0002777777777777778,latitude descending; longitude ascending,Point,"[108.99986111111112, 24.99986111111111, 110.0001388888889, 26.000138888888888]","[109.0, 25.0, 110.0, 26.0]",m,GDAL SRTMHGT driver georeferencing from HGT format and member name; no embedded CRS header,NOT_ESTABLISHED_FROM_LOCAL_HEADER,none located in archive
raw\SRTM\N26E094.SRTMGL1.hgt.zip,EPSG:4326,4326,World Geodetic System 1984,degree,"[0.0002777777777777778, 0.0, 93.99986111111112, 0.0, -0.0002777777777777778, 27.000138888888888, 0.0, 0.0, 1.0]",0.0002777777777777778,-0.0002777777777777778,latitude descending; longitude ascending,Point,"[93.99986111111112, 25.99986111111111, 95.0001388888889, 27.000138888888888]","[94.0, 26.0, 95.0, 27.0]",m,GDAL SRTMHGT driver georeferencing from HGT format and member name; no embedded CRS header,NOT_ESTABLISHED_FROM_LOCAL_HEADER,none located in archive
raw\SRTM\N26E095.SRTMGL1.hgt.zip,EPSG:4326,4326,World Geodetic System 1984,degree,"[0.0002777777777777778, 0.0, 94.99986111111112, 0.0, -0.0002777777777777778, 27.000138888888888, 0.0, 0.0, 1.0]",0.0002777777777777778,-0.0002777777777777778,latitude descending; longitude ascending,Point,"[94.99986111111112, 25.99986111111111, 96.0001388888889, 27.000138888888888]","[95.0, 26.0, 96.0, 27.0]",m,GDAL SRTMHGT driver georeferencing from HGT format and member name; no embedded CRS header,NOT_ESTABLISHED_FROM_LOCAL_HEADER,none located in archive
raw\SRTM\N26E096.SRTMGL1.hgt.zip,EPSG:4326,4326,World Geodetic System 1984,degree,"[0.0002777777777777778, 0.0, 95.99986111111112, 0.0, -0.0002777777777777778, 27.000138888888888, 0.0, 0.0, 1.0]",0.0002777777777777778,-0.0002777777777777778,latitude descending; longitude ascending,Point,"[95.99986111111112, 25.99986111111111, 97.0001388888889, 27.000138888888888]","[96.0, 26.0, 97.0, 27.0]",m,GDAL SRTMHGT driver georeferencing from HGT format and member name; no embedded CRS header,NOT_ESTABLISHED_FROM_LOCAL_HEADER,none located in archive
raw\SRTM\N26E097.SRTMGL1.hgt.zip,EPSG:4326,4326,World Geodetic System 1984,degree,"[0.0002777777777777778, 0.0, 96.99986111111112, 0.0, -0.0002777777777777778, 27.000138888888888, 0.0, 0.0, 1.0]",0.0002777777777777778,-0.0002777777777777778,latitude descending; longitude ascending,Point,"[96.99986111111112, 25.99986111111111, 98.0001388888889, 27.000138888888888]","[97.0, 26.0, 98.0, 27.0]",m,GDAL SRTMHGT driver georeferencing from HGT format and member name; no embedded CRS header,NOT_ESTABLISHED_FROM_LOCAL_HEADER,none located in archive
raw\SRTM\N26E098.SRTMGL1.hgt.zip,EPSG:4326,4326,World Geodetic System 1984,degree,"[0.0002777777777777778, 0.0, 97.99986111111112, 0.0, -0.0002777777777777778, 27.000138888888888, 0.0, 0.0, 1.0]",0.0002777777777777778,-0.0002777777777777778,latitude descending; longitude ascending,Point,"[97.99986111111112, 25.99986111111111, 99.0001388888889, 27.000138888888888]","[98.0, 26.0, 99.0, 27.0]",m,GDAL SRTMHGT driver georeferencing from HGT format and member name; no embedded CRS header,NOT_ESTABLISHED_FROM_LOCAL_HEADER,none located in archive
raw\SRTM\N26E099.SRTMGL1.hgt.zip,EPSG:4326,4326,World Geodetic System 1984,degree,"[0.0002777777777777778, 0.0, 98.99986111111112, 0.0, -0.0002777777777777778, 27.000138888888888, 0.0, 0.0, 1.0]",0.0002777777777777778,-0.0002777777777777778,latitude descending; longitude ascending,Point,"[98.99986111111112, 25.99986111111111, 100.0001388888889, 27.000138888888888]","[99.0, 26.0, 100.0, 27.0]",m,GDAL SRTMHGT driver georeferencing from HGT format and member name; no embedded CRS header,NOT_ESTABLISHED_FROM_LOCAL_HEADER,none located in archive
raw\SRTM\N26E100.SRTMGL1.hgt.zip,EPSG:4326,4326,World Geodetic System 1984,degree,"[0.0002777777777777778, 0.0, 99.99986111111112, 0.0, -0.0002777777777777778, 27.000138888888888, 0.0, 0.0, 1.0]",0.0002777777777777778,-0.0002777777777777778,latitude descending; longitude ascending,Point,"[99.99986111111112, 25.99986111111111, 101.0001388888889, 27.000138888888888]","[100.0, 26.0, 101.0, 27.0]",m,GDAL SRTMHGT driver georeferencing from HGT format and member name; no embedded CRS header,NOT_ESTABLISHED_FROM_LOCAL_HEADER,none located in archive
raw\SRTM\N26E101.SRTMGL1.hgt.zip,EPSG:4326,4326,World Geodetic System 1984,degree,"[0.0002777777777777778, 0.0, 100.99986111111112, 0.0, -0.0002777777777777778, 27.000138888888888, 0.0, 0.0, 1.0]",0.0002777777777777778,-0.0002777777777777778,latitude descending; longitude ascending,Point,"[100.99986111111112, 25.99986111111111, 102.0001388888889, 27.000138888888888]","[101.0, 26.0, 102.0, 27.0]",m,GDAL SRTMHGT driver georeferencing from HGT format and member name; no embedded CRS header,NOT_ESTABLISHED_FROM_LOCAL_HEADER,none located in archive
raw\SRTM\N26E102.SRTMGL1.hgt.zip,EPSG:4326,4326,World Geodetic System 1984,degree,"[0.0002777777777777778, 0.0, 101.99986111111112, 0.0, -0.0002777777777777778, 27.000138888888888, 0.0, 0.0, 1.0]",0.0002777777777777778,-0.0002777777777777778,latitude descending; longitude ascending,Point,"[101.99986111111112, 25.99986111111111, 103.0001388888889, 27.000138888888888]","[102.0, 26.0, 103.0, 27.0]",m,GDAL SRTMHGT driver georeferencing from HGT format and member name; no embedded CRS header,NOT_ESTABLISHED_FROM_LOCAL_HEADER,none located in archive
raw\SRTM\N26E103.SRTMGL1.hgt.zip,EPSG:4326,4326,World Geodetic System 1984,degree,"[0.0002777777777777778, 0.0, 102.99986111111112, 0.0, -0.0002777777777777778, 27.000138888888888, 0.0, 0.0, 1.0]",0.0002777777777777778,-0.0002777777777777778,latitude descending; longitude ascending,Point,"[102.99986111111112, 25.99986111111111, 104.0001388888889, 27.000138888888888]","[103.0, 26.0, 104.0, 27.0]",m,GDAL SRTMHGT driver georeferencing from HGT format and member name; no embedded CRS header,NOT_ESTABLISHED_FROM_LOCAL_HEADER,none located in archive
raw\SRTM\N26E104.SRTMGL1.hgt.zip,EPSG:4326,4326,World Geodetic System 1984,degree,"[0.0002777777777777778, 0.0, 103.99986111111112, 0.0, -0.0002777777777777778, 27.000138888888888, 0.0, 0.0, 1.0]",0.0002777777777777778,-0.0002777777777777778,latitude descending; longitude ascending,Point,"[103.99986111111112, 25.99986111111111, 105.0001388888889, 27.000138888888888]","[104.0, 26.0, 105.0, 27.0]",m,GDAL SRTMHGT driver georeferencing from HGT format and member name; no embedded CRS header,NOT_ESTABLISHED_FROM_LOCAL_HEADER,none located in archive
raw\SRTM\N26E105.SRTMGL1.hgt.zip,EPSG:4326,4326,World Geodetic System 1984,degree,"[0.0002777777777777778, 0.0, 104.99986111111112, 0.0, -0.0002777777777777778, 27.000138888888888, 0.0, 0.0, 1.0]",0.0002777777777777778,-0.0002777777777777778,latitude descending; longitude ascending,Point,"[104.99986111111112, 25.99986111111111, 106.0001388888889, 27.000138888888888]","[105.0, 26.0, 106.0, 27.0]",m,GDAL SRTMHGT driver georeferencing from HGT format and member name; no embedded CRS header,NOT_ESTABLISHED_FROM_LOCAL_HEADER,none located in archive
raw\SRTM\N26E106.SRTMGL1.hgt.zip,EPSG:4326,4326,World Geodetic System 1984,degree,"[0.0002777777777777778, 0.0, 105.99986111111112, 0.0, -0.0002777777777777778, 27.000138888888888, 0.0, 0.0, 1.0]",0.0002777777777777778,-0.0002777777777777778,latitude descending; longitude ascending,Point,"[105.99986111111112, 25.99986111111111, 107.0001388888889, 27.000138888888888]","[106.0, 26.0, 107.0, 27.0]",m,GDAL SRTMHGT driver georeferencing from HGT format and member name; no embedded CRS header,NOT_ESTABLISHED_FROM_LOCAL_HEADER,none located in archive
raw\SRTM\N26E107.SRTMGL1.hgt.zip,EPSG:4326,4326,World Geodetic System 1984,degree,"[0.0002777777777777778, 0.0, 106.99986111111112, 0.0, -0.0002777777777777778, 27.000138888888888, 0.0, 0.0, 1.0]",0.0002777777777777778,-0.0002777777777777778,latitude descending; longitude ascending,Point,"[106.99986111111112, 25.99986111111111, 108.0001388888889, 27.000138888888888]","[107.0, 26.0, 108.0, 27.0]",m,GDAL SRTMHGT driver georeferencing from HGT format and member name; no embedded CRS header,NOT_ESTABLISHED_FROM_LOCAL_HEADER,none located in archive
raw\SRTM\N26E108.SRTMGL1.hgt.zip,EPSG:4326,4326,World Geodetic System 1984,degree,"[0.0002777777777777778, 0.0, 107.99986111111112, 0.0, -0.0002777777777777778, 27.000138888888888, 0.0, 0.0, 1.0]",0.0002777777777777778,-0.0002777777777777778,latitude descending; longitude ascending,Point,"[107.99986111111112, 25.99986111111111, 109.0001388888889, 27.000138888888888]","[108.0, 26.0, 109.0, 27.0]",m,GDAL SRTMHGT driver georeferencing from HGT format and member name; no embedded CRS header,NOT_ESTABLISHED_FROM_LOCAL_HEADER,none located in archive
raw\SRTM\N26E109.SRTMGL1.hgt.zip,EPSG:4326,4326,World Geodetic System 1984,degree,"[0.0002777777777777778, 0.0, 108.99986111111112, 0.0, -0.0002777777777777778, 27.000138888888888, 0.0, 0.0, 1.0]",0.0002777777777777778,-0.0002777777777777778,latitude descending; longitude ascending,Point,"[108.99986111111112, 25.99986111111111, 110.0001388888889, 27.000138888888888]","[109.0, 26.0, 110.0, 27.0]",m,GDAL SRTMHGT driver georeferencing from HGT format and member name; no embedded CRS header,NOT_ESTABLISHED_FROM_LOCAL_HEADER,none located in archive
raw\SRTM\N27E094.SRTMGL1.hgt.zip,EPSG:4326,4326,World Geodetic System 1984,degree,"[0.0002777777777777778, 0.0, 93.99986111111112, 0.0, -0.0002777777777777778, 28.000138888888888, 0.0, 0.0, 1.0]",0.0002777777777777778,-0.0002777777777777778,latitude descending; longitude ascending,Point,"[93.99986111111112, 26.99986111111111, 95.0001388888889, 28.000138888888888]","[94.0, 27.0, 95.0, 28.0]",m,GDAL SRTMHGT driver georeferencing from HGT format and member name; no embedded CRS header,NOT_ESTABLISHED_FROM_LOCAL_HEADER,none located in archive
raw\SRTM\N27E095.SRTMGL1.hgt.zip,EPSG:4326,4326,World Geodetic System 1984,degree,"[0.0002777777777777778, 0.0, 94.99986111111112, 0.0, -0.0002777777777777778, 28.000138888888888, 0.0, 0.0, 1.0]",0.0002777777777777778,-0.0002777777777777778,latitude descending; longitude ascending,Point,"[94.99986111111112, 26.99986111111111, 96.0001388888889, 28.000138888888888]","[95.0, 27.0, 96.0, 28.0]",m,GDAL SRTMHGT driver georeferencing from HGT format and member name; no embedded CRS header,NOT_ESTABLISHED_FROM_LOCAL_HEADER,none located in archive
raw\SRTM\N27E096.SRTMGL1.hgt.zip,EPSG:4326,4326,World Geodetic System 1984,degree,"[0.0002777777777777778, 0.0, 95.99986111111112, 0.0, -0.0002777777777777778, 28.000138888888888, 0.0, 0.0, 1.0]",0.0002777777777777778,-0.0002777777777777778,latitude descending; longitude ascending,Point,"[95.99986111111112, 26.99986111111111, 97.0001388888889, 28.000138888888888]","[96.0, 27.0, 97.0, 28.0]",m,GDAL SRTMHGT driver georeferencing from HGT format and member name; no embedded CRS header,NOT_ESTABLISHED_FROM_LOCAL_HEADER,none located in archive
raw\SRTM\N27E097.SRTMGL1.hgt.zip,EPSG:4326,4326,World Geodetic System 1984,degree,"[0.0002777777777777778, 0.0, 96.99986111111112, 0.0, -0.0002777777777777778, 28.000138888888888, 0.0, 0.0, 1.0]",0.0002777777777777778,-0.0002777777777777778,latitude descending; longitude ascending,Point,"[96.99986111111112, 26.99986111111111, 98.0001388888889, 28.000138888888888]","[97.0, 27.0, 98.0, 28.0]",m,GDAL SRTMHGT driver georeferencing from HGT format and member name; no embedded CRS header,NOT_ESTABLISHED_FROM_LOCAL_HEADER,none located in archive
raw\SRTM\N27E098.SRTMGL1.hgt.zip,EPSG:4326,4326,World Geodetic System 1984,degree,"[0.0002777777777777778, 0.0, 97.99986111111112, 0.0, -0.0002777777777777778, 28.000138888888888, 0.0, 0.0, 1.0]",0.0002777777777777778,-0.0002777777777777778,latitude descending; longitude ascending,Point,"[97.99986111111112, 26.99986111111111, 99.0001388888889, 28.000138888888888]","[98.0, 27.0, 99.0, 28.0]",m,GDAL SRTMHGT driver georeferencing from HGT format and member name; no embedded CRS header,NOT_ESTABLISHED_FROM_LOCAL_HEADER,none located in archive
raw\SRTM\N27E099.SRTMGL1.hgt.zip,EPSG:4326,4326,World Geodetic System 1984,degree,"[0.0002777777777777778, 0.0, 98.99986111111112, 0.0, -0.0002777777777777778, 28.000138888888888, 0.0, 0.0, 1.0]",0.0002777777777777778,-0.0002777777777777778,latitude descending; longitude ascending,Point,"[98.99986111111112, 26.99986111111111, 100.0001388888889, 28.000138888888888]","[99.0, 27.0, 100.0, 28.0]",m,GDAL SRTMHGT driver georeferencing from HGT format and member name; no embedded CRS header,NOT_ESTABLISHED_FROM_LOCAL_HEADER,none located in archive
raw\SRTM\N27E100.SRTMGL1.hgt.zip,EPSG:4326,4326,World Geodetic System 1984,degree,"[0.0002777777777777778, 0.0, 99.99986111111112, 0.0, -0.0002777777777777778, 28.000138888888888, 0.0, 0.0, 1.0]",0.0002777777777777778,-0.0002777777777777778,latitude descending; longitude ascending,Point,"[99.99986111111112, 26.99986111111111, 101.0001388888889, 28.000138888888888]","[100.0, 27.0, 101.0, 28.0]",m,GDAL SRTMHGT driver georeferencing from HGT format and member name; no embedded CRS header,NOT_ESTABLISHED_FROM_LOCAL_HEADER,none located in archive
raw\SRTM\N27E101.SRTMGL1.hgt.zip,EPSG:4326,4326,World Geodetic System 1984,degree,"[0.0002777777777777778, 0.0, 100.99986111111112, 0.0, -0.0002777777777777778, 28.000138888888888, 0.0, 0.0, 1.0]",0.0002777777777777778,-0.0002777777777777778,latitude descending; longitude ascending,Point,"[100.99986111111112, 26.99986111111111, 102.0001388888889, 28.000138888888888]","[101.0, 27.0, 102.0, 28.0]",m,GDAL SRTMHGT driver georeferencing from HGT format and member name; no embedded CRS header,NOT_ESTABLISHED_FROM_LOCAL_HEADER,none located in archive
raw\SRTM\N27E102.SRTMGL1.hgt.zip,EPSG:4326,4326,World Geodetic System 1984,degree,"[0.0002777777777777778, 0.0, 101.99986111111112, 0.0, -0.0002777777777777778, 28.000138888888888, 0.0, 0.0, 1.0]",0.0002777777777777778,-0.0002777777777777778,latitude descending; longitude ascending,Point,"[101.99986111111112, 26.99986111111111, 103.0001388888889, 28.000138888888888]","[102.0, 27.0, 103.0, 28.0]",m,GDAL SRTMHGT driver georeferencing from HGT format and member name; no embedded CRS header,NOT_ESTABLISHED_FROM_LOCAL_HEADER,none located in archive
raw\SRTM\N27E103.SRTMGL1.hgt.zip,EPSG:4326,4326,World Geodetic System 1984,degree,"[0.0002777777777777778, 0.0, 102.99986111111112, 0.0, -0.0002777777777777778, 28.000138888888888, 0.0, 0.0, 1.0]",0.0002777777777777778,-0.0002777777777777778,latitude descending; longitude ascending,Point,"[102.99986111111112, 26.99986111111111, 104.0001388888889, 28.000138888888888]","[103.0, 27.0, 104.0, 28.0]",m,GDAL SRTMHGT driver georeferencing from HGT format and member name; no embedded CRS header,NOT_ESTABLISHED_FROM_LOCAL_HEADER,none located in archive
raw\SRTM\N27E104.SRTMGL1.hgt.zip,EPSG:4326,4326,World Geodetic System 1984,degree,"[0.0002777777777777778, 0.0, 103.99986111111112, 0.0, -0.0002777777777777778, 28.000138888888888, 0.0, 0.0, 1.0]",0.0002777777777777778,-0.0002777777777777778,latitude descending; longitude ascending,Point,"[103.99986111111112, 26.99986111111111, 105.0001388888889, 28.000138888888888]","[104.0, 27.0, 105.0, 28.0]",m,GDAL SRTMHGT driver georeferencing from HGT format and member name; no embedded CRS header,NOT_ESTABLISHED_FROM_LOCAL_HEADER,none located in archive
raw\SRTM\N27E105.SRTMGL1.hgt.zip,EPSG:4326,4326,World Geodetic System 1984,degree,"[0.0002777777777777778, 0.0, 104.99986111111112, 0.0, -0.0002777777777777778, 28.000138888888888, 0.0, 0.0, 1.0]",0.0002777777777777778,-0.0002777777777777778,latitude descending; longitude ascending,Point,"[104.99986111111112, 26.99986111111111, 106.0001388888889, 28.000138888888888]","[105.0, 27.0, 106.0, 28.0]",m,GDAL SRTMHGT driver georeferencing from HGT format and member name; no embedded CRS header,NOT_ESTABLISHED_FROM_LOCAL_HEADER,none located in archive
raw\SRTM\N27E106.SRTMGL1.hgt.zip,EPSG:4326,4326,World Geodetic System 1984,degree,"[0.0002777777777777778, 0.0, 105.99986111111112, 0.0, -0.0002777777777777778, 28.000138888888888, 0.0, 0.0, 1.0]",0.0002777777777777778,-0.0002777777777777778,latitude descending; longitude ascending,Point,"[105.99986111111112, 26.99986111111111, 107.0001388888889, 28.000138888888888]","[106.0, 27.0, 107.0, 28.0]",m,GDAL SRTMHGT driver georeferencing from HGT format and member name; no embedded CRS header,NOT_ESTABLISHED_FROM_LOCAL_HEADER,none located in archive
raw\SRTM\N27E107.SRTMGL1.hgt.zip,EPSG:4326,4326,World Geodetic System 1984,degree,"[0.0002777777777777778, 0.0, 106.99986111111112, 0.0, -0.0002777777777777778, 28.000138888888888, 0.0, 0.0, 1.0]",0.0002777777777777778,-0.0002777777777777778,latitude descending; longitude ascending,Point,"[106.99986111111112, 26.99986111111111, 108.0001388888889, 28.000138888888888]","[107.0, 27.0, 108.0, 28.0]",m,GDAL SRTMHGT driver georeferencing from HGT format and member name; no embedded CRS header,NOT_ESTABLISHED_FROM_LOCAL_HEADER,none located in archive
raw\SRTM\N27E108.SRTMGL1.hgt.zip,EPSG:4326,4326,World Geodetic System 1984,degree,"[0.0002777777777777778, 0.0, 107.99986111111112, 0.0, -0.0002777777777777778, 28.000138888888888, 0.0, 0.0, 1.0]",0.0002777777777777778,-0.0002777777777777778,latitude descending; longitude ascending,Point,"[107.99986111111112, 26.99986111111111, 109.0001388888889, 28.000138888888888]","[108.0, 27.0, 109.0, 28.0]",m,GDAL SRTMHGT driver georeferencing from HGT format and member name; no embedded CRS header,NOT_ESTABLISHED_FROM_LOCAL_HEADER,none located in archive
raw\SRTM\N27E109.SRTMGL1.hgt.zip,EPSG:4326,4326,World Geodetic System 1984,degree,"[0.0002777777777777778, 0.0, 108.99986111111112, 0.0, -0.0002777777777777778, 28.000138888888888, 0.0, 0.0, 1.0]",0.0002777777777777778,-0.0002777777777777778,latitude descending; longitude ascending,Point,"[108.99986111111112, 26.99986111111111, 110.0001388888889, 28.000138888888888]","[109.0, 27.0, 110.0, 28.0]",m,GDAL SRTMHGT driver georeferencing from HGT format and member name; no embedded CRS header,NOT_ESTABLISHED_FROM_LOCAL_HEADER,none located in archive
raw\SRTM\N28E094.SRTMGL1.hgt.zip,EPSG:4326,4326,World Geodetic System 1984,degree,"[0.0002777777777777778, 0.0, 93.99986111111112, 0.0, -0.0002777777777777778, 29.000138888888888, 0.0, 0.0, 1.0]",0.0002777777777777778,-0.0002777777777777778,latitude descending; longitude ascending,Point,"[93.99986111111112, 27.99986111111111, 95.0001388888889, 29.000138888888888]","[94.0, 28.0, 95.0, 29.0]",m,GDAL SRTMHGT driver georeferencing from HGT format and member name; no embedded CRS header,NOT_ESTABLISHED_FROM_LOCAL_HEADER,none located in archive
raw\SRTM\N28E095.SRTMGL1.hgt.zip,EPSG:4326,4326,World Geodetic System 1984,degree,"[0.0002777777777777778, 0.0, 94.99986111111112, 0.0, -0.0002777777777777778, 29.000138888888888, 0.0, 0.0, 1.0]",0.0002777777777777778,-0.0002777777777777778,latitude descending; longitude ascending,Point,"[94.99986111111112, 27.99986111111111, 96.0001388888889, 29.000138888888888]","[95.0, 28.0, 96.0, 29.0]",m,GDAL SRTMHGT driver georeferencing from HGT format and member name; no embedded CRS header,NOT_ESTABLISHED_FROM_LOCAL_HEADER,none located in archive
raw\SRTM\N28E096.SRTMGL1.hgt.zip,EPSG:4326,4326,World Geodetic System 1984,degree,"[0.0002777777777777778, 0.0, 95.99986111111112, 0.0, -0.0002777777777777778, 29.000138888888888, 0.0, 0.0, 1.0]",0.0002777777777777778,-0.0002777777777777778,latitude descending; longitude ascending,Point,"[95.99986111111112, 27.99986111111111, 97.0001388888889, 29.000138888888888]","[96.0, 28.0, 97.0, 29.0]",m,GDAL SRTMHGT driver georeferencing from HGT format and member name; no embedded CRS header,NOT_ESTABLISHED_FROM_LOCAL_HEADER,none located in archive
raw\SRTM\N28E097.SRTMGL1.hgt.zip,EPSG:4326,4326,World Geodetic System 1984,degree,"[0.0002777777777777778, 0.0, 96.99986111111112, 0.0, -0.0002777777777777778, 29.000138888888888, 0.0, 0.0, 1.0]",0.0002777777777777778,-0.0002777777777777778,latitude descending; longitude ascending,Point,"[96.99986111111112, 27.99986111111111, 98.0001388888889, 29.000138888888888]","[97.0, 28.0, 98.0, 29.0]",m,GDAL SRTMHGT driver georeferencing from HGT format and member name; no embedded CRS header,NOT_ESTABLISHED_FROM_LOCAL_HEADER,none located in archive
raw\SRTM\N28E098.SRTMGL1.hgt.zip,EPSG:4326,4326,World Geodetic System 1984,degree,"[0.0002777777777777778, 0.0, 97.99986111111112, 0.0, -0.0002777777777777778, 29.000138888888888, 0.0, 0.0, 1.0]",0.0002777777777777778,-0.0002777777777777778,latitude descending; longitude ascending,Point,"[97.99986111111112, 27.99986111111111, 99.0001388888889, 29.000138888888888]","[98.0, 28.0, 99.0, 29.0]",m,GDAL SRTMHGT driver georeferencing from HGT format and member name; no embedded CRS header,NOT_ESTABLISHED_FROM_LOCAL_HEADER,none located in archive
raw\SRTM\N28E099.SRTMGL1.hgt.zip,EPSG:4326,4326,World Geodetic System 1984,degree,"[0.0002777777777777778, 0.0, 98.99986111111112, 0.0, -0.0002777777777777778, 29.000138888888888, 0.0, 0.0, 1.0]",0.0002777777777777778,-0.0002777777777777778,latitude descending; longitude ascending,Point,"[98.99986111111112, 27.99986111111111, 100.0001388888889, 29.000138888888888]","[99.0, 28.0, 100.0, 29.0]",m,GDAL SRTMHGT driver georeferencing from HGT format and member name; no embedded CRS header,NOT_ESTABLISHED_FROM_LOCAL_HEADER,none located in archive
raw\SRTM\N28E100.SRTMGL1.hgt.zip,EPSG:4326,4326,World Geodetic System 1984,degree,"[0.0002777777777777778, 0.0, 99.99986111111112, 0.0, -0.0002777777777777778, 29.000138888888888, 0.0, 0.0, 1.0]",0.0002777777777777778,-0.0002777777777777778,latitude descending; longitude ascending,Point,"[99.99986111111112, 27.99986111111111, 101.0001388888889, 29.000138888888888]","[100.0, 28.0, 101.0, 29.0]",m,GDAL SRTMHGT driver georeferencing from HGT format and member name; no embedded CRS header,NOT_ESTABLISHED_FROM_LOCAL_HEADER,none located in archive
raw\SRTM\N28E101.SRTMGL1.hgt.zip,EPSG:4326,4326,World Geodetic System 1984,degree,"[0.0002777777777777778, 0.0, 100.99986111111112, 0.0, -0.0002777777777777778, 29.000138888888888, 0.0, 0.0, 1.0]",0.0002777777777777778,-0.0002777777777777778,latitude descending; longitude ascending,Point,"[100.99986111111112, 27.99986111111111, 102.0001388888889, 29.000138888888888]","[101.0, 28.0, 102.0, 29.0]",m,GDAL SRTMHGT driver georeferencing from HGT format and member name; no embedded CRS header,NOT_ESTABLISHED_FROM_LOCAL_HEADER,none located in archive
raw\SRTM\N28E102.SRTMGL1.hgt.zip,EPSG:4326,4326,World Geodetic System 1984,degree,"[0.0002777777777777778, 0.0, 101.99986111111112, 0.0, -0.0002777777777777778, 29.000138888888888, 0.0, 0.0, 1.0]",0.0002777777777777778,-0.0002777777777777778,latitude descending; longitude ascending,Point,"[101.99986111111112, 27.99986111111111, 103.0001388888889, 29.000138888888888]","[102.0, 28.0, 103.0, 29.0]",m,GDAL SRTMHGT driver georeferencing from HGT format and member name; no embedded CRS header,NOT_ESTABLISHED_FROM_LOCAL_HEADER,none located in archive
raw\SRTM\N28E103.SRTMGL1.hgt.zip,EPSG:4326,4326,World Geodetic System 1984,degree,"[0.0002777777777777778, 0.0, 102.99986111111112, 0.0, -0.0002777777777777778, 29.000138888888888, 0.0, 0.0, 1.0]",0.0002777777777777778,-0.0002777777777777778,latitude descending; longitude ascending,Point,"[102.99986111111112, 27.99986111111111, 104.0001388888889, 29.000138888888888]","[103.0, 28.0, 104.0, 29.0]",m,GDAL SRTMHGT driver georeferencing from HGT format and member name; no embedded CRS header,NOT_ESTABLISHED_FROM_LOCAL_HEADER,none located in archive
raw\SRTM\N28E104.SRTMGL1.hgt.zip,EPSG:4326,4326,World Geodetic System 1984,degree,"[0.0002777777777777778, 0.0, 103.99986111111112, 0.0, -0.0002777777777777778, 29.000138888888888, 0.0, 0.0, 1.0]",0.0002777777777777778,-0.0002777777777777778,latitude descending; longitude ascending,Point,"[103.99986111111112, 27.99986111111111, 105.0001388888889, 29.000138888888888]","[104.0, 28.0, 105.0, 29.0]",m,GDAL SRTMHGT driver georeferencing from HGT format and member name; no embedded CRS header,NOT_ESTABLISHED_FROM_LOCAL_HEADER,none located in archive
raw\SRTM\N28E105.SRTMGL1.hgt.zip,EPSG:4326,4326,World Geodetic System 1984,degree,"[0.0002777777777777778, 0.0, 104.99986111111112, 0.0, -0.0002777777777777778, 29.000138888888888, 0.0, 0.0, 1.0]",0.0002777777777777778,-0.0002777777777777778,latitude descending; longitude ascending,Point,"[104.99986111111112, 27.99986111111111, 106.0001388888889, 29.000138888888888]","[105.0, 28.0, 106.0, 29.0]",m,GDAL SRTMHGT driver georeferencing from HGT format and member name; no embedded CRS header,NOT_ESTABLISHED_FROM_LOCAL_HEADER,none located in archive
raw\SRTM\N28E106.SRTMGL1.hgt.zip,EPSG:4326,4326,World Geodetic System 1984,degree,"[0.0002777777777777778, 0.0, 105.99986111111112, 0.0, -0.0002777777777777778, 29.000138888888888, 0.0, 0.0, 1.0]",0.0002777777777777778,-0.0002777777777777778,latitude descending; longitude ascending,Point,"[105.99986111111112, 27.99986111111111, 107.0001388888889, 29.000138888888888]","[106.0, 28.0, 107.0, 29.0]",m,GDAL SRTMHGT driver georeferencing from HGT format and member name; no embedded CRS header,NOT_ESTABLISHED_FROM_LOCAL_HEADER,none located in archive
raw\SRTM\N28E107.SRTMGL1.hgt.zip,EPSG:4326,4326,World Geodetic System 1984,degree,"[0.0002777777777777778, 0.0, 106.99986111111112, 0.0, -0.0002777777777777778, 29.000138888888888, 0.0, 0.0, 1.0]",0.0002777777777777778,-0.0002777777777777778,latitude descending; longitude ascending,Point,"[106.99986111111112, 27.99986111111111, 108.0001388888889, 29.000138888888888]","[107.0, 28.0, 108.0, 29.0]",m,GDAL SRTMHGT driver georeferencing from HGT format and member name; no embedded CRS header,NOT_ESTABLISHED_FROM_LOCAL_HEADER,none located in archive
raw\SRTM\N28E108.SRTMGL1.hgt.zip,EPSG:4326,4326,World Geodetic System 1984,degree,"[0.0002777777777777778, 0.0, 107.99986111111112, 0.0, -0.0002777777777777778, 29.000138888888888, 0.0, 0.0, 1.0]",0.0002777777777777778,-0.0002777777777777778,latitude descending; longitude ascending,Point,"[107.99986111111112, 27.99986111111111, 109.0001388888889, 29.000138888888888]","[108.0, 28.0, 109.0, 29.0]",m,GDAL SRTMHGT driver georeferencing from HGT format and member name; no embedded CRS header,NOT_ESTABLISHED_FROM_LOCAL_HEADER,none located in archive
raw\SRTM\N28E109.SRTMGL1.hgt.zip,EPSG:4326,4326,World Geodetic System 1984,degree,"[0.0002777777777777778, 0.0, 108.99986111111112, 0.0, -0.0002777777777777778, 29.000138888888888, 0.0, 0.0, 1.0]",0.0002777777777777778,-0.0002777777777777778,latitude descending; longitude ascending,Point,"[108.99986111111112, 27.99986111111111, 110.0001388888889, 29.000138888888888]","[109.0, 28.0, 110.0, 29.0]",m,GDAL SRTMHGT driver georeferencing from HGT format and member name; no embedded CRS header,NOT_ESTABLISHED_FROM_LOCAL_HEADER,none located in archive
raw\SRTM\N29E094.SRTMGL1.hgt.zip,EPSG:4326,4326,World Geodetic System 1984,degree,"[0.0002777777777777778, 0.0, 93.99986111111112, 0.0, -0.0002777777777777778, 30.000138888888888, 0.0, 0.0, 1.0]",0.0002777777777777778,-0.0002777777777777778,latitude descending; longitude ascending,Point,"[93.99986111111112, 28.99986111111111, 95.0001388888889, 30.000138888888888]","[94.0, 29.0, 95.0, 30.0]",m,GDAL SRTMHGT driver georeferencing from HGT format and member name; no embedded CRS header,NOT_ESTABLISHED_FROM_LOCAL_HEADER,none located in archive
raw\SRTM\N29E095.SRTMGL1.hgt.zip,EPSG:4326,4326,World Geodetic System 1984,degree,"[0.0002777777777777778, 0.0, 94.99986111111112, 0.0, -0.0002777777777777778, 30.000138888888888, 0.0, 0.0, 1.0]",0.0002777777777777778,-0.0002777777777777778,latitude descending; longitude ascending,Point,"[94.99986111111112, 28.99986111111111, 96.0001388888889, 30.000138888888888]","[95.0, 29.0, 96.0, 30.0]",m,GDAL SRTMHGT driver georeferencing from HGT format and member name; no embedded CRS header,NOT_ESTABLISHED_FROM_LOCAL_HEADER,none located in archive
raw\SRTM\N29E096.SRTMGL1.hgt.zip,EPSG:4326,4326,World Geodetic System 1984,degree,"[0.0002777777777777778, 0.0, 95.99986111111112, 0.0, -0.0002777777777777778, 30.000138888888888, 0.0, 0.0, 1.0]",0.0002777777777777778,-0.0002777777777777778,latitude descending; longitude ascending,Point,"[95.99986111111112, 28.99986111111111, 97.0001388888889, 30.000138888888888]","[96.0, 29.0, 97.0, 30.0]",m,GDAL SRTMHGT driver georeferencing from HGT format and member name; no embedded CRS header,NOT_ESTABLISHED_FROM_LOCAL_HEADER,none located in archive
raw\SRTM\N29E097.SRTMGL1.hgt.zip,EPSG:4326,4326,World Geodetic System 1984,degree,"[0.0002777777777777778, 0.0, 96.99986111111112, 0.0, -0.0002777777777777778, 30.000138888888888, 0.0, 0.0, 1.0]",0.0002777777777777778,-0.0002777777777777778,latitude descending; longitude ascending,Point,"[96.99986111111112, 28.99986111111111, 98.0001388888889, 30.000138888888888]","[97.0, 29.0, 98.0, 30.0]",m,GDAL SRTMHGT driver georeferencing from HGT format and member name; no embedded CRS header,NOT_ESTABLISHED_FROM_LOCAL_HEADER,none located in archive
raw\SRTM\N29E098.SRTMGL1.hgt.zip,EPSG:4326,4326,World Geodetic System 1984,degree,"[0.0002777777777777778, 0.0, 97.99986111111112, 0.0, -0.0002777777777777778, 30.000138888888888, 0.0, 0.0, 1.0]",0.0002777777777777778,-0.0002777777777777778,latitude descending; longitude ascending,Point,"[97.99986111111112, 28.99986111111111, 99.0001388888889, 30.000138888888888]","[98.0, 29.0, 99.0, 30.0]",m,GDAL SRTMHGT driver georeferencing from HGT format and member name; no embedded CRS header,NOT_ESTABLISHED_FROM_LOCAL_HEADER,none located in archive
raw\SRTM\N29E099.SRTMGL1.hgt.zip,EPSG:4326,4326,World Geodetic System 1984,degree,"[0.0002777777777777778, 0.0, 98.99986111111112, 0.0, -0.0002777777777777778, 30.000138888888888, 0.0, 0.0, 1.0]",0.0002777777777777778,-0.0002777777777777778,latitude descending; longitude ascending,Point,"[98.99986111111112, 28.99986111111111, 100.0001388888889, 30.000138888888888]","[99.0, 29.0, 100.0, 30.0]",m,GDAL SRTMHGT driver georeferencing from HGT format and member name; no embedded CRS header,NOT_ESTABLISHED_FROM_LOCAL_HEADER,none located in archive
raw\SRTM\N29E100.SRTMGL1.hgt.zip,EPSG:4326,4326,World Geodetic System 1984,degree,"[0.0002777777777777778, 0.0, 99.99986111111112, 0.0, -0.0002777777777777778, 30.000138888888888, 0.0, 0.0, 1.0]",0.0002777777777777778,-0.0002777777777777778,latitude descending; longitude ascending,Point,"[99.99986111111112, 28.99986111111111, 101.0001388888889, 30.000138888888888]","[100.0, 29.0, 101.0, 30.0]",m,GDAL SRTMHGT driver georeferencing from HGT format and member name; no embedded CRS header,NOT_ESTABLISHED_FROM_LOCAL_HEADER,none located in archive
raw\SRTM\N29E101.SRTMGL1.hgt.zip,EPSG:4326,4326,World Geodetic System 1984,degree,"[0.0002777777777777778, 0.0, 100.99986111111112, 0.0, -0.0002777777777777778, 30.000138888888888, 0.0, 0.0, 1.0]",0.0002777777777777778,-0.0002777777777777778,latitude descending; longitude ascending,Point,"[100.99986111111112, 28.99986111111111, 102.0001388888889, 30.000138888888888]","[101.0, 29.0, 102.0, 30.0]",m,GDAL SRTMHGT driver georeferencing from HGT format and member name; no embedded CRS header,NOT_ESTABLISHED_FROM_LOCAL_HEADER,none located in archive
raw\SRTM\N29E102.SRTMGL1.hgt.zip,EPSG:4326,4326,World Geodetic System 1984,degree,"[0.0002777777777777778, 0.0, 101.99986111111112, 0.0, -0.0002777777777777778, 30.000138888888888, 0.0, 0.0, 1.0]",0.0002777777777777778,-0.0002777777777777778,latitude descending; longitude ascending,Point,"[101.99986111111112, 28.99986111111111, 103.0001388888889, 30.000138888888888]","[102.0, 29.0, 103.0, 30.0]",m,GDAL SRTMHGT driver georeferencing from HGT format and member name; no embedded CRS header,NOT_ESTABLISHED_FROM_LOCAL_HEADER,none located in archive
raw\SRTM\N29E103.SRTMGL1.hgt.zip,EPSG:4326,4326,World Geodetic System 1984,degree,"[0.0002777777777777778, 0.0, 102.99986111111112, 0.0, -0.0002777777777777778, 30.000138888888888, 0.0, 0.0, 1.0]",0.0002777777777777778,-0.0002777777777777778,latitude descending; longitude ascending,Point,"[102.99986111111112, 28.99986111111111, 104.0001388888889, 30.000138888888888]","[103.0, 29.0, 104.0, 30.0]",m,GDAL SRTMHGT driver georeferencing from HGT format and member name; no embedded CRS header,NOT_ESTABLISHED_FROM_LOCAL_HEADER,none located in archive
raw\SRTM\N29E104.SRTMGL1.hgt.zip,EPSG:4326,4326,World Geodetic System 1984,degree,"[0.0002777777777777778, 0.0, 103.99986111111112, 0.0, -0.0002777777777777778, 30.000138888888888, 0.0, 0.0, 1.0]",0.0002777777777777778,-0.0002777777777777778,latitude descending; longitude ascending,Point,"[103.99986111111112, 28.99986111111111, 105.0001388888889, 30.000138888888888]","[104.0, 29.0, 105.0, 30.0]",m,GDAL SRTMHGT driver georeferencing from HGT format and member name; no embedded CRS header,NOT_ESTABLISHED_FROM_LOCAL_HEADER,none located in archive
raw\SRTM\N29E105.SRTMGL1.hgt.zip,EPSG:4326,4326,World Geodetic System 1984,degree,"[0.0002777777777777778, 0.0, 104.99986111111112, 0.0, -0.0002777777777777778, 30.000138888888888, 0.0, 0.0, 1.0]",0.0002777777777777778,-0.0002777777777777778,latitude descending; longitude ascending,Point,"[104.99986111111112, 28.99986111111111, 106.0001388888889, 30.000138888888888]","[105.0, 29.0, 106.0, 30.0]",m,GDAL SRTMHGT driver georeferencing from HGT format and member name; no embedded CRS header,NOT_ESTABLISHED_FROM_LOCAL_HEADER,none located in archive
raw\SRTM\N29E106.SRTMGL1.hgt.zip,EPSG:4326,4326,World Geodetic System 1984,degree,"[0.0002777777777777778, 0.0, 105.99986111111112, 0.0, -0.0002777777777777778, 30.000138888888888, 0.0, 0.0, 1.0]",0.0002777777777777778,-0.0002777777777777778,latitude descending; longitude ascending,Point,"[105.99986111111112, 28.99986111111111, 107.0001388888889, 30.000138888888888]","[106.0, 29.0, 107.0, 30.0]",m,GDAL SRTMHGT driver georeferencing from HGT format and member name; no embedded CRS header,NOT_ESTABLISHED_FROM_LOCAL_HEADER,none located in archive
raw\SRTM\N29E107.SRTMGL1.hgt.zip,EPSG:4326,4326,World Geodetic System 1984,degree,"[0.0002777777777777778, 0.0, 106.99986111111112, 0.0, -0.0002777777777777778, 30.000138888888888, 0.0, 0.0, 1.0]",0.0002777777777777778,-0.0002777777777777778,latitude descending; longitude ascending,Point,"[106.99986111111112, 28.99986111111111, 108.0001388888889, 30.000138888888888]","[107.0, 29.0, 108.0, 30.0]",m,GDAL SRTMHGT driver georeferencing from HGT format and member name; no embedded CRS header,NOT_ESTABLISHED_FROM_LOCAL_HEADER,none located in archive
raw\SRTM\N29E108.SRTMGL1.hgt.zip,EPSG:4326,4326,World Geodetic System 1984,degree,"[0.0002777777777777778, 0.0, 107.99986111111112, 0.0, -0.0002777777777777778, 30.000138888888888, 0.0, 0.0, 1.0]",0.0002777777777777778,-0.0002777777777777778,latitude descending; longitude ascending,Point,"[107.99986111111112, 28.99986111111111, 109.0001388888889, 30.000138888888888]","[108.0, 29.0, 109.0, 30.0]",m,GDAL SRTMHGT driver georeferencing from HGT format and member name; no embedded CRS header,NOT_ESTABLISHED_FROM_LOCAL_HEADER,none located in archive
raw\SRTM\N29E109.SRTMGL1.hgt.zip,EPSG:4326,4326,World Geodetic System 1984,degree,"[0.0002777777777777778, 0.0, 108.99986111111112, 0.0, -0.0002777777777777778, 30.000138888888888, 0.0, 0.0, 1.0]",0.0002777777777777778,-0.0002777777777777778,latitude descending; longitude ascending,Point,"[108.99986111111112, 28.99986111111111, 110.0001388888889, 30.000138888888888]","[109.0, 29.0, 110.0, 30.0]",m,GDAL SRTMHGT driver georeferencing from HGT format and member name; no embedded CRS header,NOT_ESTABLISHED_FROM_LOCAL_HEADER,none located in archive
raw\SRTM\N30E094.SRTMGL1.hgt.zip,EPSG:4326,4326,World Geodetic System 1984,degree,"[0.0002777777777777778, 0.0, 93.99986111111112, 0.0, -0.0002777777777777778, 31.000138888888888, 0.0, 0.0, 1.0]",0.0002777777777777778,-0.0002777777777777778,latitude descending; longitude ascending,Point,"[93.99986111111112, 29.99986111111111, 95.0001388888889, 31.000138888888888]","[94.0, 30.0, 95.0, 31.0]",m,GDAL SRTMHGT driver georeferencing from HGT format and member name; no embedded CRS header,NOT_ESTABLISHED_FROM_LOCAL_HEADER,none located in archive
raw\SRTM\N30E095.SRTMGL1.hgt.zip,EPSG:4326,4326,World Geodetic System 1984,degree,"[0.0002777777777777778, 0.0, 94.99986111111112, 0.0, -0.0002777777777777778, 31.000138888888888, 0.0, 0.0, 1.0]",0.0002777777777777778,-0.0002777777777777778,latitude descending; longitude ascending,Point,"[94.99986111111112, 29.99986111111111, 96.0001388888889, 31.000138888888888]","[95.0, 30.0, 96.0, 31.0]",m,GDAL SRTMHGT driver georeferencing from HGT format and member name; no embedded CRS header,NOT_ESTABLISHED_FROM_LOCAL_HEADER,none located in archive
raw\SRTM\N30E096.SRTMGL1.hgt.zip,EPSG:4326,4326,World Geodetic System 1984,degree,"[0.0002777777777777778, 0.0, 95.99986111111112, 0.0, -0.0002777777777777778, 31.000138888888888, 0.0, 0.0, 1.0]",0.0002777777777777778,-0.0002777777777777778,latitude descending; longitude ascending,Point,"[95.99986111111112, 29.99986111111111, 97.0001388888889, 31.000138888888888]","[96.0, 30.0, 97.0, 31.0]",m,GDAL SRTMHGT driver georeferencing from HGT format and member name; no embedded CRS header,NOT_ESTABLISHED_FROM_LOCAL_HEADER,none located in archive
raw\SRTM\N30E097.SRTMGL1.hgt.zip,EPSG:4326,4326,World Geodetic System 1984,degree,"[0.0002777777777777778, 0.0, 96.99986111111112, 0.0, -0.0002777777777777778, 31.000138888888888, 0.0, 0.0, 1.0]",0.0002777777777777778,-0.0002777777777777778,latitude descending; longitude ascending,Point,"[96.99986111111112, 29.99986111111111, 98.0001388888889, 31.000138888888888]","[97.0, 30.0, 98.0, 31.0]",m,GDAL SRTMHGT driver georeferencing from HGT format and member name; no embedded CRS header,NOT_ESTABLISHED_FROM_LOCAL_HEADER,none located in archive
raw\SRTM\N30E098.SRTMGL1.hgt.zip,EPSG:4326,4326,World Geodetic System 1984,degree,"[0.0002777777777777778, 0.0, 97.99986111111112, 0.0, -0.0002777777777777778, 31.000138888888888, 0.0, 0.0, 1.0]",0.0002777777777777778,-0.0002777777777777778,latitude descending; longitude ascending,Point,"[97.99986111111112, 29.99986111111111, 99.0001388888889, 31.000138888888888]","[98.0, 30.0, 99.0, 31.0]",m,GDAL SRTMHGT driver georeferencing from HGT format and member name; no embedded CRS header,NOT_ESTABLISHED_FROM_LOCAL_HEADER,none located in archive
raw\SRTM\N30E099.SRTMGL1.hgt.zip,EPSG:4326,4326,World Geodetic System 1984,degree,"[0.0002777777777777778, 0.0, 98.99986111111112, 0.0, -0.0002777777777777778, 31.000138888888888, 0.0, 0.0, 1.0]",0.0002777777777777778,-0.0002777777777777778,latitude descending; longitude ascending,Point,"[98.99986111111112, 29.99986111111111, 100.0001388888889, 31.000138888888888]","[99.0, 30.0, 100.0, 31.0]",m,GDAL SRTMHGT driver georeferencing from HGT format and member name; no embedded CRS header,NOT_ESTABLISHED_FROM_LOCAL_HEADER,none located in archive
raw\SRTM\N30E100.SRTMGL1.hgt.zip,EPSG:4326,4326,World Geodetic System 1984,degree,"[0.0002777777777777778, 0.0, 99.99986111111112, 0.0, -0.0002777777777777778, 31.000138888888888, 0.0, 0.0, 1.0]",0.0002777777777777778,-0.0002777777777777778,latitude descending; longitude ascending,Point,"[99.99986111111112, 29.99986111111111, 101.0001388888889, 31.000138888888888]","[100.0, 30.0, 101.0, 31.0]",m,GDAL SRTMHGT driver georeferencing from HGT format and member name; no embedded CRS header,NOT_ESTABLISHED_FROM_LOCAL_HEADER,none located in archive
raw\SRTM\N30E101.SRTMGL1.hgt.zip,EPSG:4326,4326,World Geodetic System 1984,degree,"[0.0002777777777777778, 0.0, 100.99986111111112, 0.0, -0.0002777777777777778, 31.000138888888888, 0.0, 0.0, 1.0]",0.0002777777777777778,-0.0002777777777777778,latitude descending; longitude ascending,Point,"[100.99986111111112, 29.99986111111111, 102.0001388888889, 31.000138888888888]","[101.0, 30.0, 102.0, 31.0]",m,GDAL SRTMHGT driver georeferencing from HGT format and member name; no embedded CRS header,NOT_ESTABLISHED_FROM_LOCAL_HEADER,none located in archive
raw\SRTM\N30E102.SRTMGL1.hgt.zip,EPSG:4326,4326,World Geodetic System 1984,degree,"[0.0002777777777777778, 0.0, 101.99986111111112, 0.0, -0.0002777777777777778, 31.000138888888888, 0.0, 0.0, 1.0]",0.0002777777777777778,-0.0002777777777777778,latitude descending; longitude ascending,Point,"[101.99986111111112, 29.99986111111111, 103.0001388888889, 31.000138888888888]","[102.0, 30.0, 103.0, 31.0]",m,GDAL SRTMHGT driver georeferencing from HGT format and member name; no embedded CRS header,NOT_ESTABLISHED_FROM_LOCAL_HEADER,none located in archive
raw\SRTM\N30E103.SRTMGL1.hgt.zip,EPSG:4326,4326,World Geodetic System 1984,degree,"[0.0002777777777777778, 0.0, 102.99986111111112, 0.0, -0.0002777777777777778, 31.000138888888888, 0.0, 0.0, 1.0]",0.0002777777777777778,-0.0002777777777777778,latitude descending; longitude ascending,Point,"[102.99986111111112, 29.99986111111111, 104.0001388888889, 31.000138888888888]","[103.0, 30.0, 104.0, 31.0]",m,GDAL SRTMHGT driver georeferencing from HGT format and member name; no embedded CRS header,NOT_ESTABLISHED_FROM_LOCAL_HEADER,none located in archive
raw\SRTM\N30E104.SRTMGL1.hgt.zip,EPSG:4326,4326,World Geodetic System 1984,degree,"[0.0002777777777777778, 0.0, 103.99986111111112, 0.0, -0.0002777777777777778, 31.000138888888888, 0.0, 0.0, 1.0]",0.0002777777777777778,-0.0002777777777777778,latitude descending; longitude ascending,Point,"[103.99986111111112, 29.99986111111111, 105.0001388888889, 31.000138888888888]","[104.0, 30.0, 105.0, 31.0]",m,GDAL SRTMHGT driver georeferencing from HGT format and member name; no embedded CRS header,NOT_ESTABLISHED_FROM_LOCAL_HEADER,none located in archive
raw\SRTM\N30E105.SRTMGL1.hgt.zip,EPSG:4326,4326,World Geodetic System 1984,degree,"[0.0002777777777777778, 0.0, 104.99986111111112, 0.0, -0.0002777777777777778, 31.000138888888888, 0.0, 0.0, 1.0]",0.0002777777777777778,-0.0002777777777777778,latitude descending; longitude ascending,Point,"[104.99986111111112, 29.99986111111111, 106.0001388888889, 31.000138888888888]","[105.0, 30.0, 106.0, 31.0]",m,GDAL SRTMHGT driver georeferencing from HGT format and member name; no embedded CRS header,NOT_ESTABLISHED_FROM_LOCAL_HEADER,none located in archive
raw\SRTM\N30E106.SRTMGL1.hgt.zip,EPSG:4326,4326,World Geodetic System 1984,degree,"[0.0002777777777777778, 0.0, 105.99986111111112, 0.0, -0.0002777777777777778, 31.000138888888888, 0.0, 0.0, 1.0]",0.0002777777777777778,-0.0002777777777777778,latitude descending; longitude ascending,Point,"[105.99986111111112, 29.99986111111111, 107.0001388888889, 31.000138888888888]","[106.0, 30.0, 107.0, 31.0]",m,GDAL SRTMHGT driver georeferencing from HGT format and member name; no embedded CRS header,NOT_ESTABLISHED_FROM_LOCAL_HEADER,none located in archive
raw\SRTM\N30E107.SRTMGL1.hgt.zip,EPSG:4326,4326,World Geodetic System 1984,degree,"[0.0002777777777777778, 0.0, 106.99986111111112, 0.0, -0.0002777777777777778, 31.000138888888888, 0.0, 0.0, 1.0]",0.0002777777777777778,-0.0002777777777777778,latitude descending; longitude ascending,Point,"[106.99986111111112, 29.99986111111111, 108.0001388888889, 31.000138888888888]","[107.0, 30.0, 108.0, 31.0]",m,GDAL SRTMHGT driver georeferencing from HGT format and member name; no embedded CRS header,NOT_ESTABLISHED_FROM_LOCAL_HEADER,none located in archive
raw\SRTM\N30E108.SRTMGL1.hgt.zip,EPSG:4326,4326,World Geodetic System 1984,degree,"[0.0002777777777777778, 0.0, 107.99986111111112, 0.0, -0.0002777777777777778, 31.000138888888888, 0.0, 0.0, 1.0]",0.0002777777777777778,-0.0002777777777777778,latitude descending; longitude ascending,Point,"[107.99986111111112, 29.99986111111111, 109.0001388888889, 31.000138888888888]","[108.0, 30.0, 109.0, 31.0]",m,GDAL SRTMHGT driver georeferencing from HGT format and member name; no embedded CRS header,NOT_ESTABLISHED_FROM_LOCAL_HEADER,none located in archive
raw\SRTM\N30E109.SRTMGL1.hgt.zip,EPSG:4326,4326,World Geodetic System 1984,degree,"[0.0002777777777777778, 0.0, 108.99986111111112, 0.0, -0.0002777777777777778, 31.000138888888888, 0.0, 0.0, 1.0]",0.0002777777777777778,-0.0002777777777777778,latitude descending; longitude ascending,Point,"[108.99986111111112, 29.99986111111111, 110.0001388888889, 31.000138888888888]","[109.0, 30.0, 110.0, 31.0]",m,GDAL SRTMHGT driver georeferencing from HGT format and member name; no embedded CRS header,NOT_ESTABLISHED_FROM_LOCAL_HEADER,none located in archive
raw\SRTM\N31E094.SRTMGL1.hgt.zip,EPSG:4326,4326,World Geodetic System 1984,degree,"[0.0002777777777777778, 0.0, 93.99986111111112, 0.0, -0.0002777777777777778, 32.00013888888889, 0.0, 0.0, 1.0]",0.0002777777777777778,-0.0002777777777777778,latitude descending; longitude ascending,Point,"[93.99986111111112, 30.999861111111112, 95.0001388888889, 32.00013888888889]","[94.0, 31.000000000000004, 95.0, 32.0]",m,GDAL SRTMHGT driver georeferencing from HGT format and member name; no embedded CRS header,NOT_ESTABLISHED_FROM_LOCAL_HEADER,none located in archive
raw\SRTM\N31E095.SRTMGL1.hgt.zip,EPSG:4326,4326,World Geodetic System 1984,degree,"[0.0002777777777777778, 0.0, 94.99986111111112, 0.0, -0.0002777777777777778, 32.00013888888889, 0.0, 0.0, 1.0]",0.0002777777777777778,-0.0002777777777777778,latitude descending; longitude ascending,Point,"[94.99986111111112, 30.999861111111112, 96.0001388888889, 32.00013888888889]","[95.0, 31.000000000000004, 96.0, 32.0]",m,GDAL SRTMHGT driver georeferencing from HGT format and member name; no embedded CRS header,NOT_ESTABLISHED_FROM_LOCAL_HEADER,none located in archive
raw\SRTM\N31E096.SRTMGL1.hgt.zip,EPSG:4326,4326,World Geodetic System 1984,degree,"[0.0002777777777777778, 0.0, 95.99986111111112, 0.0, -0.0002777777777777778, 32.00013888888889, 0.0, 0.0, 1.0]",0.0002777777777777778,-0.0002777777777777778,latitude descending; longitude ascending,Point,"[95.99986111111112, 30.999861111111112, 97.0001388888889, 32.00013888888889]","[96.0, 31.000000000000004, 97.0, 32.0]",m,GDAL SRTMHGT driver georeferencing from HGT format and member name; no embedded CRS header,NOT_ESTABLISHED_FROM_LOCAL_HEADER,none located in archive
raw\SRTM\N31E097.SRTMGL1.hgt.zip,EPSG:4326,4326,World Geodetic System 1984,degree,"[0.0002777777777777778, 0.0, 96.99986111111112, 0.0, -0.0002777777777777778, 32.00013888888889, 0.0, 0.0, 1.0]",0.0002777777777777778,-0.0002777777777777778,latitude descending; longitude ascending,Point,"[96.99986111111112, 30.999861111111112, 98.0001388888889, 32.00013888888889]","[97.0, 31.000000000000004, 98.0, 32.0]",m,GDAL SRTMHGT driver georeferencing from HGT format and member name; no embedded CRS header,NOT_ESTABLISHED_FROM_LOCAL_HEADER,none located in archive
raw\SRTM\N31E098.SRTMGL1.hgt.zip,EPSG:4326,4326,World Geodetic System 1984,degree,"[0.0002777777777777778, 0.0, 97.99986111111112, 0.0, -0.0002777777777777778, 32.00013888888889, 0.0, 0.0, 1.0]",0.0002777777777777778,-0.0002777777777777778,latitude descending; longitude ascending,Point,"[97.99986111111112, 30.999861111111112, 99.0001388888889, 32.00013888888889]","[98.0, 31.000000000000004, 99.0, 32.0]",m,GDAL SRTMHGT driver georeferencing from HGT format and member name; no embedded CRS header,NOT_ESTABLISHED_FROM_LOCAL_HEADER,none located in archive
raw\SRTM\N31E099.SRTMGL1.hgt.zip,EPSG:4326,4326,World Geodetic System 1984,degree,"[0.0002777777777777778, 0.0, 98.99986111111112, 0.0, -0.0002777777777777778, 32.00013888888889, 0.0, 0.0, 1.0]",0.0002777777777777778,-0.0002777777777777778,latitude descending; longitude ascending,Point,"[98.99986111111112, 30.999861111111112, 100.0001388888889, 32.00013888888889]","[99.0, 31.000000000000004, 100.0, 32.0]",m,GDAL SRTMHGT driver georeferencing from HGT format and member name; no embedded CRS header,NOT_ESTABLISHED_FROM_LOCAL_HEADER,none located in archive
raw\SRTM\N31E100.SRTMGL1.hgt.zip,EPSG:4326,4326,World Geodetic System 1984,degree,"[0.0002777777777777778, 0.0, 99.99986111111112, 0.0, -0.0002777777777777778, 32.00013888888889, 0.0, 0.0, 1.0]",0.0002777777777777778,-0.0002777777777777778,latitude descending; longitude ascending,Point,"[99.99986111111112, 30.999861111111112, 101.0001388888889, 32.00013888888889]","[100.0, 31.000000000000004, 101.0, 32.0]",m,GDAL SRTMHGT driver georeferencing from HGT format and member name; no embedded CRS header,NOT_ESTABLISHED_FROM_LOCAL_HEADER,none located in archive
raw\SRTM\N31E101.SRTMGL1.hgt.zip,EPSG:4326,4326,World Geodetic System 1984,degree,"[0.0002777777777777778, 0.0, 100.99986111111112, 0.0, -0.0002777777777777778, 32.00013888888889, 0.0, 0.0, 1.0]",0.0002777777777777778,-0.0002777777777777778,latitude descending; longitude ascending,Point,"[100.99986111111112, 30.999861111111112, 102.0001388888889, 32.00013888888889]","[101.0, 31.000000000000004, 102.0, 32.0]",m,GDAL SRTMHGT driver georeferencing from HGT format and member name; no embedded CRS header,NOT_ESTABLISHED_FROM_LOCAL_HEADER,none located in archive
raw\SRTM\N31E102.SRTMGL1.hgt.zip,EPSG:4326,4326,World Geodetic System 1984,degree,"[0.0002777777777777778, 0.0, 101.99986111111112, 0.0, -0.0002777777777777778, 32.00013888888889, 0.0, 0.0, 1.0]",0.0002777777777777778,-0.0002777777777777778,latitude descending; longitude ascending,Point,"[101.99986111111112, 30.999861111111112, 103.0001388888889, 32.00013888888889]","[102.0, 31.000000000000004, 103.0, 32.0]",m,GDAL SRTMHGT driver georeferencing from HGT format and member name; no embedded CRS header,NOT_ESTABLISHED_FROM_LOCAL_HEADER,none located in archive
raw\SRTM\N31E103.SRTMGL1.hgt.zip,EPSG:4326,4326,World Geodetic System 1984,degree,"[0.0002777777777777778, 0.0, 102.99986111111112, 0.0, -0.0002777777777777778, 32.00013888888889, 0.0, 0.0, 1.0]",0.0002777777777777778,-0.0002777777777777778,latitude descending; longitude ascending,Point,"[102.99986111111112, 30.999861111111112, 104.0001388888889, 32.00013888888889]","[103.0, 31.000000000000004, 104.0, 32.0]",m,GDAL SRTMHGT driver georeferencing from HGT format and member name; no embedded CRS header,NOT_ESTABLISHED_FROM_LOCAL_HEADER,none located in archive
raw\SRTM\N31E104.SRTMGL1.hgt.zip,EPSG:4326,4326,World Geodetic System 1984,degree,"[0.0002777777777777778, 0.0, 103.99986111111112, 0.0, -0.0002777777777777778, 32.00013888888889, 0.0, 0.0, 1.0]",0.0002777777777777778,-0.0002777777777777778,latitude descending; longitude ascending,Point,"[103.99986111111112, 30.999861111111112, 105.0001388888889, 32.00013888888889]","[104.0, 31.000000000000004, 105.0, 32.0]",m,GDAL SRTMHGT driver georeferencing from HGT format and member name; no embedded CRS header,NOT_ESTABLISHED_FROM_LOCAL_HEADER,none located in archive
raw\SRTM\N31E105.SRTMGL1.hgt.zip,EPSG:4326,4326,World Geodetic System 1984,degree,"[0.0002777777777777778, 0.0, 104.99986111111112, 0.0, -0.0002777777777777778, 32.00013888888889, 0.0, 0.0, 1.0]",0.0002777777777777778,-0.0002777777777777778,latitude descending; longitude ascending,Point,"[104.99986111111112, 30.999861111111112, 106.0001388888889, 32.00013888888889]","[105.0, 31.000000000000004, 106.0, 32.0]",m,GDAL SRTMHGT driver georeferencing from HGT format and member name; no embedded CRS header,NOT_ESTABLISHED_FROM_LOCAL_HEADER,none located in archive
raw\SRTM\N31E106.SRTMGL1.hgt.zip,EPSG:4326,4326,World Geodetic System 1984,degree,"[0.0002777777777777778, 0.0, 105.99986111111112, 0.0, -0.0002777777777777778, 32.00013888888889, 0.0, 0.0, 1.0]",0.0002777777777777778,-0.0002777777777777778,latitude descending; longitude ascending,Point,"[105.99986111111112, 30.999861111111112, 107.0001388888889, 32.00013888888889]","[106.0, 31.000000000000004, 107.0, 32.0]",m,GDAL SRTMHGT driver georeferencing from HGT format and member name; no embedded CRS header,NOT_ESTABLISHED_FROM_LOCAL_HEADER,none located in archive
raw\SRTM\N31E107.SRTMGL1.hgt.zip,EPSG:4326,4326,World Geodetic System 1984,degree,"[0.0002777777777777778, 0.0, 106.99986111111112, 0.0, -0.0002777777777777778, 32.00013888888889, 0.0, 0.0, 1.0]",0.0002777777777777778,-0.0002777777777777778,latitude descending; longitude ascending,Point,"[106.99986111111112, 30.999861111111112, 108.0001388888889, 32.00013888888889]","[107.0, 31.000000000000004, 108.0, 32.0]",m,GDAL SRTMHGT driver georeferencing from HGT format and member name; no embedded CRS header,NOT_ESTABLISHED_FROM_LOCAL_HEADER,none located in archive
raw\SRTM\N31E108.SRTMGL1.hgt.zip,EPSG:4326,4326,World Geodetic System 1984,degree,"[0.0002777777777777778, 0.0, 107.99986111111112, 0.0, -0.0002777777777777778, 32.00013888888889, 0.0, 0.0, 1.0]",0.0002777777777777778,-0.0002777777777777778,latitude descending; longitude ascending,Point,"[107.99986111111112, 30.999861111111112, 109.0001388888889, 32.00013888888889]","[108.0, 31.000000000000004, 109.0, 32.0]",m,GDAL SRTMHGT driver georeferencing from HGT format and member name; no embedded CRS header,NOT_ESTABLISHED_FROM_LOCAL_HEADER,none located in archive
raw\SRTM\N31E109.SRTMGL1.hgt.zip,EPSG:4326,4326,World Geodetic System 1984,degree,"[0.0002777777777777778, 0.0, 108.99986111111112, 0.0, -0.0002777777777777778, 32.00013888888889, 0.0, 0.0, 1.0]",0.0002777777777777778,-0.0002777777777777778,latitude descending; longitude ascending,Point,"[108.99986111111112, 30.999861111111112, 110.0001388888889, 32.00013888888889]","[109.0, 31.000000000000004, 110.0, 32.0]",m,GDAL SRTMHGT driver georeferencing from HGT format and member name; no embedded CRS header,NOT_ESTABLISHED_FROM_LOCAL_HEADER,none located in archive
raw\SRTM\N32E094.SRTMGL1.hgt.zip,EPSG:4326,4326,World Geodetic System 1984,degree,"[0.0002777777777777778, 0.0, 93.99986111111112, 0.0, -0.0002777777777777778, 33.00013888888889, 0.0, 0.0, 1.0]",0.0002777777777777778,-0.0002777777777777778,latitude descending; longitude ascending,Point,"[93.99986111111112, 31.999861111111112, 95.0001388888889, 33.00013888888889]","[94.0, 32.0, 95.0, 33.0]",m,GDAL SRTMHGT driver georeferencing from HGT format and member name; no embedded CRS header,NOT_ESTABLISHED_FROM_LOCAL_HEADER,none located in archive
raw\SRTM\N32E095.SRTMGL1.hgt.zip,EPSG:4326,4326,World Geodetic System 1984,degree,"[0.0002777777777777778, 0.0, 94.99986111111112, 0.0, -0.0002777777777777778, 33.00013888888889, 0.0, 0.0, 1.0]",0.0002777777777777778,-0.0002777777777777778,latitude descending; longitude ascending,Point,"[94.99986111111112, 31.999861111111112, 96.0001388888889, 33.00013888888889]","[95.0, 32.0, 96.0, 33.0]",m,GDAL SRTMHGT driver georeferencing from HGT format and member name; no embedded CRS header,NOT_ESTABLISHED_FROM_LOCAL_HEADER,none located in archive
raw\SRTM\N32E096.SRTMGL1.hgt.zip,EPSG:4326,4326,World Geodetic System 1984,degree,"[0.0002777777777777778, 0.0, 95.99986111111112, 0.0, -0.0002777777777777778, 33.00013888888889, 0.0, 0.0, 1.0]",0.0002777777777777778,-0.0002777777777777778,latitude descending; longitude ascending,Point,"[95.99986111111112, 31.999861111111112, 97.0001388888889, 33.00013888888889]","[96.0, 32.0, 97.0, 33.0]",m,GDAL SRTMHGT driver georeferencing from HGT format and member name; no embedded CRS header,NOT_ESTABLISHED_FROM_LOCAL_HEADER,none located in archive
raw\SRTM\N32E097.SRTMGL1.hgt.zip,EPSG:4326,4326,World Geodetic System 1984,degree,"[0.0002777777777777778, 0.0, 96.99986111111112, 0.0, -0.0002777777777777778, 33.00013888888889, 0.0, 0.0, 1.0]",0.0002777777777777778,-0.0002777777777777778,latitude descending; longitude ascending,Point,"[96.99986111111112, 31.999861111111112, 98.0001388888889, 33.00013888888889]","[97.0, 32.0, 98.0, 33.0]",m,GDAL SRTMHGT driver georeferencing from HGT format and member name; no embedded CRS header,NOT_ESTABLISHED_FROM_LOCAL_HEADER,none located in archive
raw\SRTM\N32E098.SRTMGL1.hgt.zip,EPSG:4326,4326,World Geodetic System 1984,degree,"[0.0002777777777777778, 0.0, 97.99986111111112, 0.0, -0.0002777777777777778, 33.00013888888889, 0.0, 0.0, 1.0]",0.0002777777777777778,-0.0002777777777777778,latitude descending; longitude ascending,Point,"[97.99986111111112, 31.999861111111112, 99.0001388888889, 33.00013888888889]","[98.0, 32.0, 99.0, 33.0]",m,GDAL SRTMHGT driver georeferencing from HGT format and member name; no embedded CRS header,NOT_ESTABLISHED_FROM_LOCAL_HEADER,none located in archive
raw\SRTM\N32E099.SRTMGL1.hgt.zip,EPSG:4326,4326,World Geodetic System 1984,degree,"[0.0002777777777777778, 0.0, 98.99986111111112, 0.0, -0.0002777777777777778, 33.00013888888889, 0.0, 0.0, 1.0]",0.0002777777777777778,-0.0002777777777777778,latitude descending; longitude ascending,Point,"[98.99986111111112, 31.999861111111112, 100.0001388888889, 33.00013888888889]","[99.0, 32.0, 100.0, 33.0]",m,GDAL SRTMHGT driver georeferencing from HGT format and member name; no embedded CRS header,NOT_ESTABLISHED_FROM_LOCAL_HEADER,none located in archive
raw\SRTM\N32E100.SRTMGL1.hgt.zip,EPSG:4326,4326,World Geodetic System 1984,degree,"[0.0002777777777777778, 0.0, 99.99986111111112, 0.0, -0.0002777777777777778, 33.00013888888889, 0.0, 0.0, 1.0]",0.0002777777777777778,-0.0002777777777777778,latitude descending; longitude ascending,Point,"[99.99986111111112, 31.999861111111112, 101.0001388888889, 33.00013888888889]","[100.0, 32.0, 101.0, 33.0]",m,GDAL SRTMHGT driver georeferencing from HGT format and member name; no embedded CRS header,NOT_ESTABLISHED_FROM_LOCAL_HEADER,none located in archive
raw\SRTM\N32E101.SRTMGL1.hgt.zip,EPSG:4326,4326,World Geodetic System 1984,degree,"[0.0002777777777777778, 0.0, 100.99986111111112, 0.0, -0.0002777777777777778, 33.00013888888889, 0.0, 0.0, 1.0]",0.0002777777777777778,-0.0002777777777777778,latitude descending; longitude ascending,Point,"[100.99986111111112, 31.999861111111112, 102.0001388888889, 33.00013888888889]","[101.0, 32.0, 102.0, 33.0]",m,GDAL SRTMHGT driver georeferencing from HGT format and member name; no embedded CRS header,NOT_ESTABLISHED_FROM_LOCAL_HEADER,none located in archive
raw\SRTM\N32E102.SRTMGL1.hgt.zip,EPSG:4326,4326,World Geodetic System 1984,degree,"[0.0002777777777777778, 0.0, 101.99986111111112, 0.0, -0.0002777777777777778, 33.00013888888889, 0.0, 0.0, 1.0]",0.0002777777777777778,-0.0002777777777777778,latitude descending; longitude ascending,Point,"[101.99986111111112, 31.999861111111112, 103.0001388888889, 33.00013888888889]","[102.0, 32.0, 103.0, 33.0]",m,GDAL SRTMHGT driver georeferencing from HGT format and member name; no embedded CRS header,NOT_ESTABLISHED_FROM_LOCAL_HEADER,none located in archive
raw\SRTM\N32E103.SRTMGL1.hgt.zip,EPSG:4326,4326,World Geodetic System 1984,degree,"[0.0002777777777777778, 0.0, 102.99986111111112, 0.0, -0.0002777777777777778, 33.00013888888889, 0.0, 0.0, 1.0]",0.0002777777777777778,-0.0002777777777777778,latitude descending; longitude ascending,Point,"[102.99986111111112, 31.999861111111112, 104.0001388888889, 33.00013888888889]","[103.0, 32.0, 104.0, 33.0]",m,GDAL SRTMHGT driver georeferencing from HGT format and member name; no embedded CRS header,NOT_ESTABLISHED_FROM_LOCAL_HEADER,none located in archive
raw\SRTM\N32E104.SRTMGL1.hgt.zip,EPSG:4326,4326,World Geodetic System 1984,degree,"[0.0002777777777777778, 0.0, 103.99986111111112, 0.0, -0.0002777777777777778, 33.00013888888889, 0.0, 0.0, 1.0]",0.0002777777777777778,-0.0002777777777777778,latitude descending; longitude ascending,Point,"[103.99986111111112, 31.999861111111112, 105.0001388888889, 33.00013888888889]","[104.0, 32.0, 105.0, 33.0]",m,GDAL SRTMHGT driver georeferencing from HGT format and member name; no embedded CRS header,NOT_ESTABLISHED_FROM_LOCAL_HEADER,none located in archive
raw\SRTM\N32E105.SRTMGL1.hgt.zip,EPSG:4326,4326,World Geodetic System 1984,degree,"[0.0002777777777777778, 0.0, 104.99986111111112, 0.0, -0.0002777777777777778, 33.00013888888889, 0.0, 0.0, 1.0]",0.0002777777777777778,-0.0002777777777777778,latitude descending; longitude ascending,Point,"[104.99986111111112, 31.999861111111112, 106.0001388888889, 33.00013888888889]","[105.0, 32.0, 106.0, 33.0]",m,GDAL SRTMHGT driver georeferencing from HGT format and member name; no embedded CRS header,NOT_ESTABLISHED_FROM_LOCAL_HEADER,none located in archive
raw\SRTM\N32E106.SRTMGL1.hgt.zip,EPSG:4326,4326,World Geodetic System 1984,degree,"[0.0002777777777777778, 0.0, 105.99986111111112, 0.0, -0.0002777777777777778, 33.00013888888889, 0.0, 0.0, 1.0]",0.0002777777777777778,-0.0002777777777777778,latitude descending; longitude ascending,Point,"[105.99986111111112, 31.999861111111112, 107.0001388888889, 33.00013888888889]","[106.0, 32.0, 107.0, 33.0]",m,GDAL SRTMHGT driver georeferencing from HGT format and member name; no embedded CRS header,NOT_ESTABLISHED_FROM_LOCAL_HEADER,none located in archive
raw\SRTM\N32E107.SRTMGL1.hgt.zip,EPSG:4326,4326,World Geodetic System 1984,degree,"[0.0002777777777777778, 0.0, 106.99986111111112, 0.0, -0.0002777777777777778, 33.00013888888889, 0.0, 0.0, 1.0]",0.0002777777777777778,-0.0002777777777777778,latitude descending; longitude ascending,Point,"[106.99986111111112, 31.999861111111112, 108.0001388888889, 33.00013888888889]","[107.0, 32.0, 108.0, 33.0]",m,GDAL SRTMHGT driver georeferencing from HGT format and member name; no embedded CRS header,NOT_ESTABLISHED_FROM_LOCAL_HEADER,none located in archive
raw\SRTM\N32E108.SRTMGL1.hgt.zip,EPSG:4326,4326,World Geodetic System 1984,degree,"[0.0002777777777777778, 0.0, 107.99986111111112, 0.0, -0.0002777777777777778, 33.00013888888889, 0.0, 0.0, 1.0]",0.0002777777777777778,-0.0002777777777777778,latitude descending; longitude ascending,Point,"[107.99986111111112, 31.999861111111112, 109.0001388888889, 33.00013888888889]","[108.0, 32.0, 109.0, 33.0]",m,GDAL SRTMHGT driver georeferencing from HGT format and member name; no embedded CRS header,NOT_ESTABLISHED_FROM_LOCAL_HEADER,none located in archive
raw\SRTM\N32E109.SRTMGL1.hgt.zip,EPSG:4326,4326,World Geodetic System 1984,degree,"[0.0002777777777777778, 0.0, 108.99986111111112, 0.0, -0.0002777777777777778, 33.00013888888889, 0.0, 0.0, 1.0]",0.0002777777777777778,-0.0002777777777777778,latitude descending; longitude ascending,Point,"[108.99986111111112, 31.999861111111112, 110.0001388888889, 33.00013888888889]","[109.0, 32.0, 110.0, 33.0]",m,GDAL SRTMHGT driver georeferencing from HGT format and member name; no embedded CRS header,NOT_ESTABLISHED_FROM_LOCAL_HEADER,none located in archive
raw\AWS_Skadi\N18E107.Skadi.hgt.zip,EPSG:4326,4326,World Geodetic System 1984,degree,"[0.0002777777777777778, 0.0, 106.99986111111112, 0.0, -0.0002777777777777778, 19.000138888888888, 0.0, 0.0, 1.0]",0.0002777777777777778,-0.0002777777777777778,latitude descending; longitude ascending,Point,"[106.99986111111112, 17.99986111111111, 108.0001388888889, 19.000138888888888]","[107.0, 18.0, 108.0, 19.0]",m,GDAL SRTMHGT driver georeferencing from HGT format and member name; no embedded CRS header,NOT_ESTABLISHED_FROM_LOCAL_HEADER,none located in archive
raw\AWS_Skadi\N19E107.Skadi.hgt.zip,EPSG:4326,4326,World Geodetic System 1984,degree,"[0.0002777777777777778, 0.0, 106.99986111111112, 0.0, -0.0002777777777777778, 20.000138888888888, 0.0, 0.0, 1.0]",0.0002777777777777778,-0.0002777777777777778,latitude descending; longitude ascending,Point,"[106.99986111111112, 18.99986111111111, 108.0001388888889, 20.000138888888888]","[107.0, 19.0, 108.0, 20.0]",m,GDAL SRTMHGT driver georeferencing from HGT format and member name; no embedded CRS header,NOT_ESTABLISHED_FROM_LOCAL_HEADER,none located in archive
raw\AWS_Skadi\N20E108.Skadi.hgt.zip,EPSG:4326,4326,World Geodetic System 1984,degree,"[0.0002777777777777778, 0.0, 107.99986111111112, 0.0, -0.0002777777777777778, 21.000138888888888, 0.0, 0.0, 1.0]",0.0002777777777777778,-0.0002777777777777778,latitude descending; longitude ascending,Point,"[107.99986111111112, 19.99986111111111, 109.0001388888889, 21.000138888888888]","[108.0, 20.0, 109.0, 21.0]",m,GDAL SRTMHGT driver georeferencing from HGT format and member name; no embedded CRS header,NOT_ESTABLISHED_FROM_LOCAL_HEADER,none located in archive
