model,sample_id,region,row,column,q32_log,truth_mm_h,target_valid,rainy_truth,p_rain
B0_MATCHED_V2,2024-04-09T16:00:00+00:00,YUNNAN_INSIDE,11,47,3.9795990716037797,6.099999904632568,True,True,0.6484375
B0_MATCHED_V2,2024-04-09T16:00:00+00:00,YUNNAN_INSIDE,12,44,4.079387432607668,12.429999351501465,True,True,0.65625
B0_MATCHED_V2,2024-04-09T16:00:00+00:00,YUNNAN_INSIDE,12,45,4.1422096506751,7.210000038146973,True,True,0.66015625
B0_MATCHED_V2,2024-04-09T16:00:00+00:00,YUNNAN_INSIDE,12,46,4.022245694700604,4.449999809265137,True,True,0.65234375
B0_MATCHED_V2,2024-04-09T16:00:00+00:00,YUNNAN_INSIDE,12,47,4.007957161790855,2.0199999809265137,True,True,0.65234375
B0_MATCHED_V2,2024-04-09T16:00:00+00:00,YUNNAN_INSIDE,13,44,3.9397688538992495,6.069999694824219,True,True,0.65234375
B0_MATCHED_V2,2024-04-09T16:00:00+00:00,YUNNAN_INSIDE,13,45,4.014694064733267,1.8499999046325684,True,True,0.65234375
B0_MATCHED_V2,2024-04-09T16:00:00+00:00,YUNNAN_INSIDE,13,46,3.9379945171787947,1.5299999713897705,True,True,0.6484375
B0_MATCHED_V2,2024-05-07T05:30:00+00:00,YUNNAN_INSIDE,33,78,4.135294974292475,0.0,True,False,0.46875
B0_MATCHED_V2,2024-05-07T05:30:00+00:00,YUNNAN_INSIDE,33,79,4.066446588324326,0.0,True,False,0.4296875
B0_MATCHED_V2,2024-05-07T05:30:00+00:00,YUNNAN_INSIDE,34,78,4.097854574929061,0.0,True,False,0.41796875
B0_MATCHED_V2,2024-05-07T11:30:00+00:00,YUNNAN_INSIDE,17,30,4.134483633341945,6.599999904632568,True,True,0.67578125
B0_MATCHED_V2,2024-05-07T11:30:00+00:00,YUNNAN_INSIDE,18,30,3.953109255636826,1.0299999713897705,True,True,0.671875
B0_MATCHED_V2,2024-05-15T15:30:00+00:00,YUNNAN_INSIDE,26,53,3.989224153683919,0.9599999785423279,True,True,0.6875
B0_MATCHED_V2,2024-05-15T15:30:00+00:00,YUNNAN_INSIDE,27,53,4.0418612415160515,0.6299999952316284,True,True,0.69921875
B0_MATCHED_V2,2024-05-15T15:30:00+00:00,YUNNAN_INSIDE,27,54,4.1270528252075875,0.17999999225139618,True,True,0.69140625
B0_MATCHED_V2,2024-05-15T15:30:00+00:00,YUNNAN_INSIDE,28,54,3.9321262825443895,0.25,True,True,0.66796875
B0_MATCHED_V2,2024-05-15T16:00:00+00:00,YUNNAN_INSIDE,24,51,4.286728492346853,6.849999904632568,True,True,0.6796875
B0_MATCHED_V2,2024-05-15T16:00:00+00:00,YUNNAN_INSIDE,24,52,4.118728076570587,17.85999870300293,True,True,0.6796875
B0_MATCHED_V2,2024-05-15T16:00:00+00:00,YUNNAN_INSIDE,25,49,3.9567193798355462,0.5799999833106995,True,True,0.671875
B0_MATCHED_V2,2024-05-15T16:00:00+00:00,YUNNAN_INSIDE,25,50,4.309429834240131,2.690000057220459,True,True,0.6875
B0_MATCHED_V2,2024-05-15T16:00:00+00:00,YUNNAN_INSIDE,25,51,4.458361420767404,3.7799999713897705,True,True,0.69921875
B0_MATCHED_V2,2024-05-15T16:00:00+00:00,YUNNAN_INSIDE,25,52,4.2431682487950395,4.889999866485596,True,True,0.69921875
B0_MATCHED_V2,2024-05-15T16:00:00+00:00,YUNNAN_INSIDE,26,49,3.9439888086024797,4.980000019073486,True,True,0.671875
B0_MATCHED_V2,2024-05-15T16:00:00+00:00,YUNNAN_INSIDE,26,50,4.022700516519315,29.579999923706055,True,True,0.6875
B0_MATCHED_V2,2024-05-15T16:00:00+00:00,YUNNAN_INSIDE,26,51,4.124488059849425,8.59999942779541,True,True,0.69140625
B0_MATCHED_V2,2024-05-15T16:00:00+00:00,YUNNAN_INSIDE,26,52,4.071572103368687,2.309999942779541,True,True,0.69140625
B0_MATCHED_V2,2024-05-15T16:00:00+00:00,YUNNAN_INSIDE,26,53,4.044765030509697,2.629999876022339,True,True,0.68359375
B0_MATCHED_V2,2024-05-15T16:30:00+00:00,YUNNAN_INSIDE,25,48,4.023670707882835,3.75,True,True,0.69140625
B0_MATCHED_V2,2024-05-15T16:30:00+00:00,YUNNAN_INSIDE,25,49,4.037822073627409,13.649999618530273,True,True,0.69140625
B0_MATCHED_V2,2024-05-15T16:30:00+00:00,YUNNAN_INSIDE,25,50,3.978053223301382,6.559999942779541,True,True,0.6953125
B0_MATCHED_V2,2024-05-15T16:30:00+00:00,YUNNAN_INSIDE,26,48,4.000811883086463,2.759999990463257,True,True,0.6953125
B0_MATCHED_V2,2024-05-15T16:30:00+00:00,YUNNAN_INSIDE,26,49,3.9341780023072705,4.489999771118164,True,True,0.69921875
B0_MATCHED_V2,2024-05-27T11:30:00+00:00,YUNNAN_INSIDE,35,86,3.9364628802581927,9.6899995803833,True,True,0.71484375
B0_MATCHED_V2,2024-05-27T11:30:00+00:00,YUNNAN_INSIDE,35,87,3.954482974239216,9.019999504089355,True,True,0.7109375
B0_MATCHED_V2,2024-05-27T13:30:00+00:00,YUNNAN_INSIDE,35,88,3.951882372161195,29.75,True,True,0.68359375
B0_MATCHED_V2,2024-05-27T13:30:00+00:00,YUNNAN_INSIDE,36,88,4.018124675262868,26.31999969482422,True,True,0.68359375
B0_MATCHED_V2,2024-05-27T13:30:00+00:00,YUNNAN_INSIDE,37,86,3.9530063334045566,22.5,True,True,0.68359375
B0_MATCHED_V2,2024-05-27T13:30:00+00:00,YUNNAN_INSIDE,37,87,3.9605818786955758,13.949999809265137,True,True,0.6796875
B0_MATCHED_V2,2024-05-27T13:30:00+00:00,YUNNAN_INSIDE,37,88,3.9849646281536666,21.549999237060547,True,True,0.68359375
B0_MATCHED_V2,2024-05-27T13:30:00+00:00,YUNNAN_INSIDE,38,85,3.993294620844955,0.0,True,False,0.6875
B0_MATCHED_V2,2024-05-27T13:30:00+00:00,YUNNAN_INSIDE,38,86,4.093709957113242,29.219999313354492,True,True,0.68359375
B0_MATCHED_V2,2024-05-27T13:30:00+00:00,YUNNAN_INSIDE,38,87,3.96912868576523,20.10999870300293,True,True,0.6796875
B0_MATCHED_V2,2024-05-27T14:00:00+00:00,YUNNAN_INSIDE,35,89,3.952843898781864,33.89999771118164,True,True,0.67578125
B0_MATCHED_V2,2024-05-27T14:00:00+00:00,YUNNAN_INSIDE,36,88,3.9425489031400907,27.889999389648438,True,True,0.6796875
B0_MATCHED_V2,2024-05-27T14:00:00+00:00,YUNNAN_INSIDE,36,89,3.9675455928927965,30.260000228881836,True,True,0.6796875
B0_MATCHED_V2,2024-05-27T14:00:00+00:00,YUNNAN_INSIDE,37,86,4.021490550084479,0.0,True,False,0.68359375
B0_MATCHED_V2,2024-05-27T14:00:00+00:00,YUNNAN_INSIDE,37,87,4.02030655503773,27.809999465942383,True,True,0.68359375
B0_MATCHED_V2,2024-05-27T14:00:00+00:00,YUNNAN_INSIDE,37,88,3.9827549061285654,17.149999618530273,True,True,0.68359375
B0_MATCHED_V2,2024-05-27T14:00:00+00:00,YUNNAN_INSIDE,37,89,4.01754416558722,20.84000015258789,True,True,0.68359375
B0_MATCHED_V2,2024-05-27T14:00:00+00:00,YUNNAN_INSIDE,37,90,3.9548902431758073,26.010000228881836,True,True,0.68359375
B0_MATCHED_V2,2024-05-27T14:00:00+00:00,YUNNAN_INSIDE,38,84,3.9358332092668586,1.8700000047683716,True,True,0.68359375
B0_MATCHED_V2,2024-05-27T14:00:00+00:00,YUNNAN_INSIDE,38,85,3.9876705204760907,1.8600000143051147,True,True,0.68359375
B0_MATCHED_V2,2024-05-27T14:00:00+00:00,YUNNAN_INSIDE,38,86,4.189857051277392,1.5399999618530273,True,True,0.6875
B0_MATCHED_V2,2024-05-27T14:00:00+00:00,YUNNAN_INSIDE,38,87,4.175032130804987,24.260000228881836,True,True,0.6875
B0_MATCHED_V2,2024-05-27T14:00:00+00:00,YUNNAN_INSIDE,38,88,4.100882960180545,20.989999771118164,True,True,0.6875
B0_MATCHED_V2,2024-05-27T14:00:00+00:00,YUNNAN_INSIDE,38,89,4.114960693326678,19.510000228881836,True,True,0.69140625
B0_MATCHED_V2,2024-05-27T14:00:00+00:00,YUNNAN_INSIDE,38,90,4.049426309901889,0.4699999988079071,True,True,0.6875
B0_MATCHED_V2,2024-05-27T14:00:00+00:00,YUNNAN_INSIDE,39,84,3.9526613938936186,2.299999952316284,True,True,0.6875
B0_MATCHED_V2,2024-05-27T14:00:00+00:00,YUNNAN_INSIDE,39,85,3.984579986261087,1.8799999952316284,True,True,0.68359375
B0_MATCHED_V2,2024-05-27T14:00:00+00:00,YUNNAN_INSIDE,39,86,4.166146769981717,25.219999313354492,True,True,0.6875
B0_MATCHED_V2,2024-05-27T14:00:00+00:00,YUNNAN_INSIDE,39,87,4.097466032664356,26.849998474121094,True,True,0.6875
B0_MATCHED_V2,2024-05-27T14:00:00+00:00,YUNNAN_INSIDE,39,88,3.959409183871241,11.979999542236328,True,True,0.6875
B0_MATCHED_V2,2024-05-27T15:30:00+00:00,YUNNAN_INSIDE,37,87,3.9619784603196333,7.909999847412109,True,True,0.68359375
B0_MATCHED_V2,2024-05-27T15:30:00+00:00,YUNNAN_INSIDE,37,88,3.9424560376723776,8.670000076293945,True,True,0.68359375
B0_MATCHED_V2,2024-05-27T15:30:00+00:00,YUNNAN_INSIDE,37,89,3.949716209901026,13.639999389648438,True,True,0.6796875
B0_MATCHED_V2,2024-05-27T15:30:00+00:00,YUNNAN_INSIDE,37,90,4.007339387930915,23.68000030517578,True,True,0.6796875
B0_MATCHED_V2,2024-05-27T15:30:00+00:00,YUNNAN_INSIDE,38,88,3.985860503091912,15.34999942779541,True,True,0.6796875
B0_MATCHED_V2,2024-05-27T15:30:00+00:00,YUNNAN_INSIDE,38,89,4.048235344567036,16.34000015258789,True,True,0.6796875
B0_MATCHED_V2,2024-05-27T15:30:00+00:00,YUNNAN_INSIDE,38,90,4.114160889460001,15.979999542236328,True,True,0.68359375
B0_MATCHED_V2,2024-05-27T15:30:00+00:00,YUNNAN_INSIDE,38,91,4.224473562329051,13.229999542236328,True,True,0.68359375
B0_MATCHED_V2,2024-05-27T15:30:00+00:00,YUNNAN_INSIDE,39,88,3.9352159115138616,12.420000076293945,True,True,0.67578125
B0_MATCHED_V2,2024-05-27T15:30:00+00:00,YUNNAN_INSIDE,39,89,3.985250250695724,16.3799991607666,True,True,0.6796875
B0_MATCHED_V2,2024-05-27T15:30:00+00:00,YUNNAN_INSIDE,39,90,4.069125548716417,13.34000015258789,True,True,0.68359375
B0_MATCHED_V2,2024-05-27T15:30:00+00:00,YUNNAN_INSIDE,40,90,3.9636003493675966,11.739999771118164,True,True,0.6796875
B0_MATCHED_V2,2024-05-27T16:00:00+00:00,YUNNAN_INSIDE,38,91,3.9387859025056104,14.109999656677246,True,True,0.6875
B0_MATCHED_V2,2024-05-29T08:00:00+00:00,YUNNAN_INSIDE,29,52,3.96214606225484,9.869999885559082,True,True,0.6015625
B0_MATCHED_V2,2024-05-30T06:30:00+00:00,YUNNAN_INSIDE,31,75,4.095973682009773,3.129999876022339,True,True,0.404296875
B0_MATCHED_V2,2024-05-30T14:00:00+00:00,YUNNAN_INSIDE,16,41,4.053096425254414,1.8600000143051147,True,True,0.68359375
B0_MATCHED_V2,2024-05-30T14:00:00+00:00,YUNNAN_INSIDE,16,42,4.114545337047463,3.8499999046325684,True,True,0.68359375
B0_MATCHED_V2,2024-05-30T14:00:00+00:00,YUNNAN_INSIDE,17,41,4.047756206909603,2.549999952316284,True,True,0.69140625
B0_MATCHED_V2,2024-05-30T14:00:00+00:00,YUNNAN_INSIDE,17,42,3.9873304655500865,6.259999752044678,True,True,0.6953125
B0_MATCHED_V2,2024-05-30T15:30:00+00:00,YUNNAN_INSIDE,13,43,3.9551957555708426,6.049999713897705,True,True,0.69140625
B0_MATCHED_V2,2024-05-30T15:30:00+00:00,YUNNAN_INSIDE,26,53,4.412976525464322,20.239999771118164,True,True,0.75
B0_MATCHED_V2,2024-05-30T16:00:00+00:00,YUNNAN_INSIDE,26,53,3.9698052693345116,33.27000045776367,True,True,0.734375
B0_MATCHED_V2,2024-06-04T16:00:00+00:00,YUNNAN_INSIDE,32,74,3.956895598791277,14.670000076293945,True,True,0.703125
B0_MATCHED_V2,2024-06-04T16:00:00+00:00,YUNNAN_INSIDE,48,66,3.9939780875209103,6.839999675750732,True,True,0.77734375
B0_MATCHED_V2,2024-06-04T16:00:00+00:00,YUNNAN_INSIDE,48,67,4.005885874343595,0.8700000047683716,True,True,0.796875
B0_MATCHED_V2,2024-06-04T16:00:00+00:00,YUNNAN_INSIDE,49,66,4.00581087505469,7.480000019073486,True,True,0.79296875
B0_MATCHED_V2,2024-06-04T16:00:00+00:00,YUNNAN_INSIDE,49,67,3.983249994557838,8.170000076293945,True,True,0.796875
B0_MATCHED_V2,2024-06-04T16:30:00+00:00,YUNNAN_INSIDE,32,74,3.9701160154214308,18.78999900817871,True,True,0.71484375
B0_MATCHED_V2,2024-06-04T20:00:00+00:00,YUNNAN_INSIDE,25,69,4.379799693635186,18.68000030517578,True,True,0.73046875
B0_MATCHED_V2,2024-06-04T20:00:00+00:00,YUNNAN_INSIDE,26,68,4.426236770543009,12.199999809265137,True,True,0.734375
B0_MATCHED_V2,2024-06-04T20:00:00+00:00,YUNNAN_INSIDE,26,69,4.389975546515063,39.18000030517578,True,True,0.734375
B0_MATCHED_V2,2024-06-04T20:00:00+00:00,YUNNAN_INSIDE,27,68,4.347907367859208,16.06999969482422,True,True,0.734375
B0_MATCHED_V2,2024-06-04T20:00:00+00:00,YUNNAN_INSIDE,27,69,4.348250036910096,18.279998779296875,True,True,0.734375
B0_MATCHED_V2,2024-06-04T20:00:00+00:00,YUNNAN_INSIDE,27,70,4.28458844932585,16.85999870300293,True,True,0.7265625
B0_MATCHED_V2,2024-06-04T20:00:00+00:00,YUNNAN_INSIDE,28,68,4.132937808546829,7.639999866485596,True,True,0.7265625
B0_MATCHED_V2,2024-06-04T20:00:00+00:00,YUNNAN_INSIDE,28,69,4.25443958158739,9.519999504089355,True,True,0.73046875
B0_MATCHED_V2,2024-06-04T20:00:00+00:00,YUNNAN_INSIDE,28,70,4.287398649759156,8.319999694824219,True,True,0.7265625
B0_MATCHED_V2,2024-06-04T20:00:00+00:00,YUNNAN_INSIDE,28,71,3.9836145417215065,9.579999923706055,True,True,0.7265625
B0_MATCHED_V2,2024-06-04T20:00:00+00:00,YUNNAN_INSIDE,29,69,4.094216899597415,8.65999984741211,True,True,0.7265625
B0_MATCHED_V2,2024-06-04T20:00:00+00:00,YUNNAN_INSIDE,29,70,4.248772450239241,12.609999656677246,True,True,0.72265625
B0_MATCHED_V2,2024-06-04T20:00:00+00:00,YUNNAN_INSIDE,29,71,3.9569000334491022,9.979999542236328,True,True,0.7265625
B0_MATCHED_V2,2024-06-04T20:30:00+00:00,YUNNAN_INSIDE,25,69,4.164400888879554,14.369999885559082,True,True,0.72265625
B0_MATCHED_V2,2024-06-04T20:30:00+00:00,YUNNAN_INSIDE,26,68,4.188399288153152,12.25,True,True,0.72265625
B0_MATCHED_V2,2024-06-04T20:30:00+00:00,YUNNAN_INSIDE,26,69,4.213838140718984,25.43000030517578,True,True,0.73046875
B0_MATCHED_V2,2024-06-04T20:30:00+00:00,YUNNAN_INSIDE,27,68,4.067359365680236,12.389999389648438,True,True,0.71875
B0_MATCHED_V2,2024-06-04T20:30:00+00:00,YUNNAN_INSIDE,27,69,4.181177118353749,11.5,True,True,0.73046875
B0_MATCHED_V2,2024-06-04T20:30:00+00:00,YUNNAN_INSIDE,27,70,4.19200320294459,10.569999694824219,True,True,0.734375
B0_MATCHED_V2,2024-06-04T20:30:00+00:00,YUNNAN_INSIDE,28,69,4.047579659028297,7.239999771118164,True,True,0.7265625
B0_MATCHED_V2,2024-06-04T20:30:00+00:00,YUNNAN_INSIDE,28,70,4.163018282395227,5.659999847412109,True,True,0.73828125
B0_MATCHED_V2,2024-06-04T20:30:00+00:00,YUNNAN_INSIDE,28,71,4.034710385573362,6.549999713897705,True,True,0.7421875
B0_MATCHED_V2,2024-06-04T20:30:00+00:00,YUNNAN_INSIDE,28,72,3.9837504594405946,5.429999828338623,True,True,0.74609375
B0_MATCHED_V2,2024-06-04T20:30:00+00:00,YUNNAN_INSIDE,29,70,4.015714810073032,9.59000015258789,True,True,0.73828125
B0_MATCHED_V2,2024-06-04T20:30:00+00:00,YUNNAN_INSIDE,29,71,3.9990471607244107,8.510000228881836,True,True,0.74609375
B0_MATCHED_V2,2024-06-04T21:00:00+00:00,YUNNAN_INSIDE,25,69,4.12184567056063,16.190000534057617,True,True,0.703125
B0_MATCHED_V2,2024-06-04T21:00:00+00:00,YUNNAN_INSIDE,26,68,4.220129754684537,13.299999237060547,True,True,0.70703125
B0_MATCHED_V2,2024-06-04T21:00:00+00:00,YUNNAN_INSIDE,26,69,4.300205751817724,23.65999984741211,True,True,0.71484375
B0_MATCHED_V2,2024-06-04T21:00:00+00:00,YUNNAN_INSIDE,27,68,4.049721658631812,10.819999694824219,True,True,0.703125
B0_MATCHED_V2,2024-06-04T21:00:00+00:00,YUNNAN_INSIDE,27,69,4.195042271896669,9.989999771118164,True,True,0.71484375
B0_MATCHED_V2,2024-06-04T21:00:00+00:00,YUNNAN_INSIDE,27,70,4.464757926191883,9.729999542236328,True,True,0.72265625
B0_MATCHED_V2,2024-06-04T21:00:00+00:00,YUNNAN_INSIDE,28,69,4.134695836273345,8.079999923706055,True,True,0.7109375
B0_MATCHED_V2,2024-06-04T21:00:00+00:00,YUNNAN_INSIDE,28,70,4.409824848287107,7.190000057220459,True,True,0.72265625
B0_MATCHED_V2,2024-06-04T21:00:00+00:00,YUNNAN_INSIDE,28,71,4.319808218094635,7.480000019073486,True,True,0.7265625
B0_MATCHED_V2,2024-06-04T21:00:00+00:00,YUNNAN_INSIDE,28,72,4.168148153816515,6.170000076293945,True,True,0.73046875
B0_MATCHED_V2,2024-06-04T21:00:00+00:00,YUNNAN_INSIDE,29,69,3.9370256021181,7.87999963760376,True,True,0.70703125
B0_MATCHED_V2,2024-06-04T21:00:00+00:00,YUNNAN_INSIDE,29,70,4.205355444091261,8.619999885559082,True,True,0.71875
B0_MATCHED_V2,2024-06-04T21:00:00+00:00,YUNNAN_INSIDE,29,71,4.147271114875714,8.15999984741211,True,True,0.72265625
B0_MATCHED_V2,2024-06-04T21:00:00+00:00,YUNNAN_INSIDE,29,72,4.01229114344741,3.5299999713897705,True,True,0.73046875
B0_MATCHED_V2,2024-06-04T21:30:00+00:00,YUNNAN_INSIDE,25,69,3.9421331099724894,22.670000076293945,True,True,0.69140625
B0_MATCHED_V2,2024-06-04T21:30:00+00:00,YUNNAN_INSIDE,26,68,3.9566120149711606,21.049999237060547,True,True,0.6953125
B0_MATCHED_V2,2024-06-04T21:30:00+00:00,YUNNAN_INSIDE,26,69,4.09112897822063,21.189998626708984,True,True,0.703125
B0_MATCHED_V2,2024-06-04T21:30:00+00:00,YUNNAN_INSIDE,27,68,3.976386472177465,17.8799991607666,True,True,0.703125
B0_MATCHED_V2,2024-06-04T21:30:00+00:00,YUNNAN_INSIDE,27,69,4.142004915284517,19.489999771118164,True,True,0.7109375
B0_MATCHED_V2,2024-06-04T21:30:00+00:00,YUNNAN_INSIDE,27,70,4.353210231621316,19.399999618530273,True,True,0.71875
B0_MATCHED_V2,2024-06-04T21:30:00+00:00,YUNNAN_INSIDE,27,73,4.046999510622081,15.279999732971191,True,True,0.71484375
B0_MATCHED_V2,2024-06-04T21:30:00+00:00,YUNNAN_INSIDE,28,69,4.0510005874109485,13.0,True,True,0.70703125
B0_MATCHED_V2,2024-06-04T21:30:00+00:00,YUNNAN_INSIDE,28,70,4.286041905150867,13.729999542236328,True,True,0.71875
B0_MATCHED_V2,2024-06-04T21:30:00+00:00,YUNNAN_INSIDE,28,71,4.1871244196986686,13.15999984741211,True,True,0.7109375
B0_MATCHED_V2,2024-06-04T21:30:00+00:00,YUNNAN_INSIDE,28,72,4.223735107286309,10.420000076293945,True,True,0.71484375
B0_MATCHED_V2,2024-06-04T21:30:00+00:00,YUNNAN_INSIDE,28,73,4.061550333121686,8.859999656677246,True,True,0.7265625
B0_MATCHED_V2,2024-06-04T21:30:00+00:00,YUNNAN_INSIDE,29,70,3.9866440570739416,13.479999542236328,True,True,0.70703125
B0_MATCHED_V2,2024-06-04T21:30:00+00:00,YUNNAN_INSIDE,29,72,3.9959304354969833,7.949999809265137,True,True,0.7109375
B0_MATCHED_V2,2024-06-04T22:00:00+00:00,YUNNAN_INSIDE,25,69,3.941462995588799,22.689998626708984,True,True,0.703125
B0_MATCHED_V2,2024-06-04T22:00:00+00:00,YUNNAN_INSIDE,26,68,3.9624945734935095,17.420000076293945,True,True,0.7109375
B0_MATCHED_V2,2024-06-04T22:00:00+00:00,YUNNAN_INSIDE,26,69,4.0228839889845815,19.309999465942383,True,True,0.7109375
B0_MATCHED_V2,2024-06-04T22:00:00+00:00,YUNNAN_INSIDE,27,69,3.9817030937780657,14.139999389648438,True,True,0.71484375
B0_MATCHED_V2,2024-06-04T22:00:00+00:00,YUNNAN_INSIDE,27,70,4.134761886357123,15.6899995803833,True,True,0.71875
B0_MATCHED_V2,2024-06-04T22:00:00+00:00,YUNNAN_INSIDE,28,70,4.031084377634552,11.4399995803833,True,True,0.71484375
B0_MATCHED_V2,2024-06-04T22:00:00+00:00,YUNNAN_INSIDE,28,71,3.943349700602127,12.079999923706055,True,True,0.7109375
B0_MATCHED_V2,2024-06-04T22:00:00+00:00,YUNNAN_INSIDE,28,72,3.945772944652147,9.359999656677246,True,True,0.71484375
B0_MATCHED_V2,2024-06-04T22:30:00+00:00,YUNNAN_INSIDE,25,69,4.177303375495453,16.279998779296875,True,True,0.7265625
B0_MATCHED_V2,2024-06-04T22:30:00+00:00,YUNNAN_INSIDE,26,65,4.028070111599964,12.550000190734863,True,True,0.734375
B0_MATCHED_V2,2024-06-04T22:30:00+00:00,YUNNAN_INSIDE,26,68,4.265511997669857,15.1899995803833,True,True,0.73046875
B0_MATCHED_V2,2024-06-04T22:30:00+00:00,YUNNAN_INSIDE,26,69,4.182241821463656,14.130000114440918,True,True,0.7265625
B0_MATCHED_V2,2024-06-04T22:30:00+00:00,YUNNAN_INSIDE,27,67,3.997726347454836,10.170000076293945,True,True,0.71875
B0_MATCHED_V2,2024-06-04T22:30:00+00:00,YUNNAN_INSIDE,27,68,3.9921760081177333,9.739999771118164,True,True,0.71875
B0_MATCHED_V2,2024-06-04T22:30:00+00:00,YUNNAN_INSIDE,27,69,3.961003673226643,9.569999694824219,True,True,0.72265625
B0_MATCHED_V2,2024-06-04T23:00:00+00:00,YUNNAN_INSIDE,25,69,4.045925283069264,16.049999237060547,True,True,0.72265625
B0_MATCHED_V2,2024-06-04T23:00:00+00:00,YUNNAN_INSIDE,26,68,4.175178856626764,16.0,True,True,0.73046875
B0_MATCHED_V2,2024-06-04T23:00:00+00:00,YUNNAN_INSIDE,26,69,4.174293819592433,12.969999313354492,True,True,0.73046875
B0_MATCHED_V2,2024-06-04T23:00:00+00:00,YUNNAN_INSIDE,27,67,3.947092073775461,9.949999809265137,True,True,0.7265625
B0_MATCHED_V2,2024-06-04T23:00:00+00:00,YUNNAN_INSIDE,27,68,4.094987854570668,7.299999713897705,True,True,0.73046875
B0_MATCHED_V2,2024-06-04T23:00:00+00:00,YUNNAN_INSIDE,27,69,4.1289881870308465,8.380000114440918,True,True,0.734375
B0_MATCHED_V2,2024-06-04T23:00:00+00:00,YUNNAN_INSIDE,28,69,3.9353241596454254,7.440000057220459,True,True,0.734375
B0_MATCHED_V2,2024-06-05T17:00:00+00:00,YUNNAN_INSIDE,31,34,4.06831099170207,15.569999694824219,True,True,0.73828125
B0_MATCHED_V2,2024-06-05T17:00:00+00:00,YUNNAN_INSIDE,31,35,3.9965690885505705,7.759999752044678,True,True,0.73828125
B0_MATCHED_V2,2024-06-05T17:00:00+00:00,YUNNAN_INSIDE,32,33,3.962264644488113,6.769999980926514,True,True,0.73828125
B0_MATCHED_V2,2024-06-05T17:00:00+00:00,YUNNAN_INSIDE,32,34,4.0035773041152645,7.029999732971191,True,True,0.75390625
B0_MATCHED_V2,2024-06-05T17:30:00+00:00,YUNNAN_INSIDE,31,35,3.9413633659097544,12.829999923706055,True,True,0.7265625
B0_MATCHED_V2,2024-06-05T18:00:00+00:00,YUNNAN_INSIDE,30,35,3.953353142564328,0.0,True,False,0.734375
B0_MATCHED_V2,2024-06-05T18:00:00+00:00,YUNNAN_INSIDE,31,34,4.055426455659224,0.0,True,False,0.73828125
B0_MATCHED_V2,2024-06-05T18:00:00+00:00,YUNNAN_INSIDE,31,35,4.237785573772184,0.0,True,False,0.75390625
B0_MATCHED_V2,2024-06-05T18:00:00+00:00,YUNNAN_INSIDE,31,36,4.301853083623009,0.0,True,False,0.75
B0_MATCHED_V2,2024-06-05T18:00:00+00:00,YUNNAN_INSIDE,31,37,4.042891425787201,0.0,True,False,0.75390625
B0_MATCHED_V2,2024-06-05T18:00:00+00:00,YUNNAN_INSIDE,32,35,4.138168490195836,6.389999866485596,True,True,0.75390625
B0_MATCHED_V2,2024-06-05T18:00:00+00:00,YUNNAN_INSIDE,32,36,4.308188200736058,6.649999618530273,True,True,0.76171875
B0_MATCHED_V2,2024-06-05T18:00:00+00:00,YUNNAN_INSIDE,32,37,4.211789707522226,0.0,True,False,0.77734375
B0_MATCHED_V2,2024-06-05T18:00:00+00:00,YUNNAN_INSIDE,33,36,4.130738127014525,0.0,True,False,0.7578125
B0_MATCHED_V2,2024-06-05T18:00:00+00:00,YUNNAN_INSIDE,33,37,4.09603968534903,0.0,True,False,0.77734375
B0_MATCHED_V2,2024-06-05T18:30:00+00:00,YUNNAN_INSIDE,29,34,4.261336671177253,1.9399999380111694,True,True,0.77734375
B0_MATCHED_V2,2024-06-05T18:30:00+00:00,YUNNAN_INSIDE,29,35,4.260941874315355,4.029999732971191,True,True,0.765625
B0_MATCHED_V2,2024-06-05T18:30:00+00:00,YUNNAN_INSIDE,30,34,4.175066351171198,1.399999976158142,True,True,0.7734375
B0_MATCHED_V2,2024-06-05T18:30:00+00:00,YUNNAN_INSIDE,30,35,4.432267755220184,2.759999990463257,True,True,0.78125
B0_MATCHED_V2,2024-06-05T18:30:00+00:00,YUNNAN_INSIDE,30,36,3.9834473307619875,2.879999876022339,True,True,0.78515625
B0_MATCHED_V2,2024-06-05T18:30:00+00:00,YUNNAN_INSIDE,31,34,3.948946572296925,1.1399999856948853,True,True,0.75390625
B0_MATCHED_V2,2024-06-05T18:30:00+00:00,YUNNAN_INSIDE,31,35,4.403256582201883,4.779999732971191,True,True,0.78125
B0_MATCHED_V2,2024-06-05T18:30:00+00:00,YUNNAN_INSIDE,31,36,4.240703986334329,4.5,True,True,0.7890625
B0_MATCHED_V2,2024-06-05T18:30:00+00:00,YUNNAN_INSIDE,31,37,4.042977236450245,4.069999694824219,True,True,0.78515625
B0_MATCHED_V2,2024-06-05T18:30:00+00:00,YUNNAN_INSIDE,32,35,3.991910431915995,3.240000009536743,True,True,0.75390625
B0_MATCHED_V2,2024-06-05T18:30:00+00:00,YUNNAN_INSIDE,32,36,4.199181208004056,5.289999961853027,True,True,0.76953125
B0_MATCHED_V2,2024-06-05T18:30:00+00:00,YUNNAN_INSIDE,32,37,4.204533739135643,3.819999933242798,True,True,0.78515625
B0_MATCHED_V2,2024-06-05T18:30:00+00:00,YUNNAN_INSIDE,32,38,4.02537133460874,2.0299999713897705,True,True,0.78515625
B0_MATCHED_V2,2024-06-05T18:30:00+00:00,YUNNAN_INSIDE,33,36,4.034993024593631,10.34999942779541,True,True,0.75390625
B0_MATCHED_V2,2024-06-05T18:30:00+00:00,YUNNAN_INSIDE,33,37,4.154285198793904,2.7100000381469727,True,True,0.77734375
B0_MATCHED_V2,2024-06-05T18:30:00+00:00,YUNNAN_INSIDE,33,38,4.030286789182171,1.2699999809265137,True,True,0.7734375
B0_MATCHED_V2,2024-06-05T19:00:00+00:00,YUNNAN_INSIDE,29,35,4.182028035401317,13.65999984741211,True,True,0.765625
B0_MATCHED_V2,2024-06-05T19:00:00+00:00,YUNNAN_INSIDE,29,36,3.9327743313698553,5.87999963760376,True,True,0.7421875
B0_MATCHED_V2,2024-06-05T19:00:00+00:00,YUNNAN_INSIDE,30,35,4.155836295608403,8.210000038146973,True,True,0.7734375
B0_MATCHED_V2,2024-06-05T19:00:00+00:00,YUNNAN_INSIDE,30,36,4.074537224547732,4.179999828338623,True,True,0.765625
B0_MATCHED_V2,2024-06-05T19:00:00+00:00,YUNNAN_INSIDE,31,35,3.9569684205943356,1.959999918937683,True,True,0.75390625
B0_MATCHED_V2,2024-06-05T19:00:00+00:00,YUNNAN_INSIDE,31,36,4.137136462189889,4.339999675750732,True,True,0.76953125
B0_MATCHED_V2,2024-06-05T19:00:00+00:00,YUNNAN_INSIDE,31,37,4.1223880010298,9.579999923706055,True,True,0.79296875
B0_MATCHED_V2,2024-06-05T19:30:00+00:00,YUNNAN_INSIDE,29,36,4.019052710294204,12.889999389648438,True,True,0.734375
B0_MATCHED_V2,2024-06-05T19:30:00+00:00,YUNNAN_INSIDE,30,36,4.028512130270251,8.760000228881836,True,True,0.75
B0_MATCHED_V2,2024-06-05T19:30:00+00:00,YUNNAN_INSIDE,30,37,4.124993415996513,2.2200000286102295,True,True,0.7734375
B0_MATCHED_V2,2024-06-05T19:30:00+00:00,YUNNAN_INSIDE,31,37,4.045816785942021,2.8299999237060547,True,True,0.76953125
B0_MATCHED_V2,2024-06-05T20:30:00+00:00,YUNNAN_INSIDE,29,38,4.083546847281174,2.7799999713897705,True,True,0.7734375
B0_MATCHED_V2,2024-06-05T20:30:00+00:00,YUNNAN_INSIDE,30,38,3.976836195005316,3.009999990463257,True,True,0.7734375
B0_MATCHED_V2,2024-06-06T15:30:00+00:00,YUNNAN_INSIDE,23,33,3.9665333378579106,6.039999961853027,True,True,0.78125
B0_MATCHED_V2,2024-06-07T08:00:00+00:00,YUNNAN_INSIDE,46,71,4.030309463708077,30.309999465942383,True,True,0.7734375
B0_MATCHED_V2,2024-06-07T08:00:00+00:00,YUNNAN_INSIDE,46,72,4.1424738869266875,6.739999771118164,True,True,0.79296875
B0_MATCHED_V2,2024-06-11T00:00:00+00:00,YUNNAN_INSIDE,68,59,4.006604798592999,4.150000095367432,True,True,0.78125
B0_MATCHED_V2,2024-06-11T15:30:00+00:00,YUNNAN_INSIDE,65,43,4.005933070216738,15.519999504089355,True,True,0.71484375
B0_MATCHED_V2,2024-06-11T15:30:00+00:00,YUNNAN_INSIDE,66,42,4.016553061540276,13.880000114440918,True,True,0.71875
B0_MATCHED_V2,2024-06-11T15:30:00+00:00,YUNNAN_INSIDE,66,43,4.173008008570241,12.6899995803833,True,True,0.7265625
B0_MATCHED_V2,2024-06-11T15:30:00+00:00,YUNNAN_INSIDE,66,44,3.9322088627657896,3.6599998474121094,True,True,0.69921875
B0_MATCHED_V2,2024-06-11T15:30:00+00:00,YUNNAN_INSIDE,67,43,3.9647278614542123,12.559999465942383,True,True,0.69921875
B0_MATCHED_V2,2024-06-11T16:00:00+00:00,YUNNAN_INSIDE,63,45,3.9395612027814115,4.949999809265137,True,True,0.6953125
B0_MATCHED_V2,2024-06-11T16:00:00+00:00,YUNNAN_INSIDE,63,46,4.089555831222805,4.21999979019165,True,True,0.703125
B0_MATCHED_V2,2024-06-11T16:00:00+00:00,YUNNAN_INSIDE,64,44,4.0313709702501965,4.239999771118164,True,True,0.69921875
B0_MATCHED_V2,2024-06-11T16:00:00+00:00,YUNNAN_INSIDE,64,45,4.149452702330547,4.139999866485596,True,True,0.70703125
B0_MATCHED_V2,2024-06-13T17:00:00+00:00,YUNNAN_INSIDE,57,69,4.035012895882988,0.22999998927116394,True,True,0.68359375
B0_MATCHED_V2,2024-06-13T17:00:00+00:00,YUNNAN_INSIDE,57,70,4.144307645743614,0.14999999105930328,True,True,0.6875
B0_MATCHED_V2,2024-06-13T17:00:00+00:00,YUNNAN_INSIDE,58,70,4.010007039799324,0.0,True,False,0.6796875
B0_MATCHED_V2,2024-06-13T17:00:00+00:00,YUNNAN_INSIDE,69,59,3.9524665205418237,5.289999961853027,True,True,0.75390625
B0_MATCHED_V2,2024-06-13T17:30:00+00:00,YUNNAN_INSIDE,56,68,3.9668601705883693,4.329999923706055,True,True,0.6796875
B0_MATCHED_V2,2024-06-13T17:30:00+00:00,YUNNAN_INSIDE,56,69,4.028918622592568,0.0,True,False,0.68359375
B0_MATCHED_V2,2024-06-13T17:30:00+00:00,YUNNAN_INSIDE,56,70,4.21025776697695,0.0,True,False,0.6953125
B0_MATCHED_V2,2024-06-13T17:30:00+00:00,YUNNAN_INSIDE,56,71,4.168989974410611,0.0,True,False,0.6953125
B0_MATCHED_V2,2024-06-13T17:30:00+00:00,YUNNAN_INSIDE,56,72,4.178139234593218,0.0,True,False,0.6953125
B0_MATCHED_V2,2024-06-13T17:30:00+00:00,YUNNAN_INSIDE,57,68,3.9588254150497884,0.6499999761581421,True,True,0.67578125
B0_MATCHED_V2,2024-06-13T17:30:00+00:00,YUNNAN_INSIDE,57,69,4.120315184721567,0.3799999952316284,True,True,0.6875
B0_MATCHED_V2,2024-06-13T17:30:00+00:00,YUNNAN_INSIDE,57,70,4.31264559868977,0.0,True,False,0.6953125
B0_MATCHED_V2,2024-06-13T17:30:00+00:00,YUNNAN_INSIDE,57,71,4.166736397625079,0.0,True,False,0.6875
B0_MATCHED_V2,2024-06-13T17:30:00+00:00,YUNNAN_INSIDE,57,72,4.106664469401531,0.0,True,False,0.6875
B0_MATCHED_V2,2024-06-13T17:30:00+00:00,YUNNAN_INSIDE,58,70,3.977205596692335,31.06999969482422,True,True,0.67578125
B0_MATCHED_V2,2024-06-13T18:00:00+00:00,YUNNAN_INSIDE,55,70,3.9868010029573013,0.0,True,False,0.6796875
B0_MATCHED_V2,2024-06-13T18:00:00+00:00,YUNNAN_INSIDE,55,71,3.962813908239725,0.0,True,False,0.6796875
B0_MATCHED_V2,2024-06-13T18:00:00+00:00,YUNNAN_INSIDE,56,69,4.050850687541506,0.0,True,False,0.68359375
B0_MATCHED_V2,2024-06-13T18:00:00+00:00,YUNNAN_INSIDE,56,70,4.354639784770135,0.0,True,False,0.6953125
B0_MATCHED_V2,2024-06-13T18:00:00+00:00,YUNNAN_INSIDE,56,71,4.206899923435795,0.0,True,False,0.6875
B0_MATCHED_V2,2024-06-13T18:00:00+00:00,YUNNAN_INSIDE,56,72,4.07915111206567,0.0,True,False,0.6875
B0_MATCHED_V2,2024-06-13T18:00:00+00:00,YUNNAN_INSIDE,57,69,4.198215618060864,0.0,True,False,0.6875
B0_MATCHED_V2,2024-06-13T18:00:00+00:00,YUNNAN_INSIDE,57,70,4.546006085478263,0.0,True,False,0.703125
B0_MATCHED_V2,2024-06-13T18:00:00+00:00,YUNNAN_INSIDE,57,71,4.3698312347037485,0.0,True,False,0.6953125
B0_MATCHED_V2,2024-06-13T18:00:00+00:00,YUNNAN_INSIDE,57,72,4.094203324897694,0.0,True,False,0.68359375
B0_MATCHED_V2,2024-06-13T18:00:00+00:00,YUNNAN_INSIDE,58,70,4.238758831974235,3.859999895095825,True,True,0.69140625
B0_MATCHED_V2,2024-06-13T18:00:00+00:00,YUNNAN_INSIDE,58,71,4.107593856985458,12.979999542236328,True,True,0.6875
B0_MATCHED_V2,2024-06-13T18:30:00+00:00,YUNNAN_INSIDE,55,71,3.9360497087223165,2.0999999046325684,True,True,0.6796875
B0_MATCHED_V2,2024-06-13T18:30:00+00:00,YUNNAN_INSIDE,55,72,3.973650633424765,6.809999942779541,True,True,0.68359375
B0_MATCHED_V2,2024-06-13T18:30:00+00:00,YUNNAN_INSIDE,56,70,4.103151668836189,3.809999942779541,True,True,0.69140625
B0_MATCHED_V2,2024-06-13T18:30:00+00:00,YUNNAN_INSIDE,56,71,4.064737571581645,6.489999771118164,True,True,0.68359375
B0_MATCHED_V2,2024-06-13T18:30:00+00:00,YUNNAN_INSIDE,56,72,4.038434381028158,4.489999771118164,True,True,0.6875
B0_MATCHED_V2,2024-06-13T18:30:00+00:00,YUNNAN_INSIDE,57,70,4.150191162492957,0.0,True,False,0.6953125
B0_MATCHED_V2,2024-06-13T18:30:00+00:00,YUNNAN_INSIDE,57,71,4.0565546745219025,0.0,True,False,0.6875
B0_MATCHED_V2,2024-06-13T18:30:00+00:00,YUNNAN_INSIDE,57,72,3.9786047724772686,0.9399999976158142,True,True,0.69140625
B0_MATCHED_V2,2024-06-13T19:00:00+00:00,YUNNAN_INSIDE,55,71,4.116885796135719,22.15999984741211,True,True,0.6953125
B0_MATCHED_V2,2024-06-13T19:00:00+00:00,YUNNAN_INSIDE,55,72,4.170698495446315,5.859999656677246,True,True,0.69921875
B0_MATCHED_V2,2024-06-13T19:00:00+00:00,YUNNAN_INSIDE,56,70,4.051691629141592,1.3299999237060547,True,True,0.6953125
B0_MATCHED_V2,2024-06-13T19:00:00+00:00,YUNNAN_INSIDE,56,71,4.230461757651876,4.909999847412109,True,True,0.69921875
B0_MATCHED_V2,2024-06-13T19:00:00+00:00,YUNNAN_INSIDE,56,72,4.294702731366783,12.34000015258789,True,True,0.7109375
B0_MATCHED_V2,2024-06-13T19:00:00+00:00,YUNNAN_INSIDE,57,71,4.104989270973493,0.0,True,False,0.69921875
B0_MATCHED_V2,2024-06-13T19:00:00+00:00,YUNNAN_INSIDE,57,72,4.150416544700532,0.0,True,False,0.70703125
B0_MATCHED_V2,2024-06-13T19:30:00+00:00,YUNNAN_INSIDE,55,71,3.9550013383596747,27.809999465942383,True,True,0.703125
B0_MATCHED_V2,2024-06-13T19:30:00+00:00,YUNNAN_INSIDE,55,72,3.9800808167633006,31.219999313354492,True,True,0.72265625
B0_MATCHED_V2,2024-06-13T20:00:00+00:00,YUNNAN_INSIDE,53,70,4.019264915154371,14.809999465942383,True,True,0.73828125
B0_MATCHED_V2,2024-06-13T20:00:00+00:00,YUNNAN_INSIDE,53,71,4.028318352170664,19.100000381469727,True,True,0.7578125
B0_MATCHED_V2,2024-06-13T20:00:00+00:00,YUNNAN_INSIDE,54,70,4.002643253176385,16.020000457763672,True,True,0.7421875
B0_MATCHED_V2,2024-06-13T20:00:00+00:00,YUNNAN_INSIDE,54,71,3.988595173756707,35.7599983215332,True,True,0.74609375
B0_MATCHED_V2,2024-06-13T21:00:00+00:00,YUNNAN_INSIDE,51,71,4.006034471405101,13.309999465942383,True,True,0.765625
B0_MATCHED_V2,2024-06-16T18:30:00+00:00,YUNNAN_INSIDE,53,66,3.9752656861660682,0.0,True,False,0.70703125
B0_MATCHED_V2,2024-06-16T18:30:00+00:00,YUNNAN_INSIDE,53,67,4.161656799052613,0.0,True,False,0.72265625
B0_MATCHED_V2,2024-06-16T18:30:00+00:00,YUNNAN_INSIDE,53,68,4.001268142213693,4.869999885559082,True,True,0.7109375
B0_MATCHED_V2,2024-06-16T18:30:00+00:00,YUNNAN_INSIDE,53,69,3.934331505930259,5.130000114440918,True,True,0.70703125
B0_MATCHED_V2,2024-06-16T18:30:00+00:00,YUNNAN_INSIDE,54,66,4.063356551215116,4.759999752044678,True,True,0.70703125
B0_MATCHED_V2,2024-06-16T18:30:00+00:00,YUNNAN_INSIDE,54,67,4.254914134306166,5.069999694824219,True,True,0.7265625
B0_MATCHED_V2,2024-06-16T18:30:00+00:00,YUNNAN_INSIDE,54,68,4.112834308516857,0.0,True,False,0.7109375
B0_MATCHED_V2,2024-06-16T18:30:00+00:00,YUNNAN_INSIDE,54,69,4.056247358725329,0.0,True,False,0.703125
B0_MATCHED_V2,2024-06-16T18:30:00+00:00,YUNNAN_INSIDE,55,67,4.075548875973957,5.509999752044678,True,True,0.70703125
B0_MATCHED_V2,2024-06-16T18:30:00+00:00,YUNNAN_INSIDE,55,68,4.020578829331208,0.0,True,False,0.70703125
B0_MATCHED_V2,2024-06-16T18:30:00+00:00,YUNNAN_INSIDE,55,69,3.962468896086619,0.0,True,False,0.69921875
B0_MATCHED_V2,2024-06-16T19:00:00+00:00,YUNNAN_INSIDE,52,65,4.109643716174472,0.0,True,False,0.73828125
B0_MATCHED_V2,2024-06-16T19:00:00+00:00,YUNNAN_INSIDE,52,66,4.154528404232549,0.0,True,False,0.74609375
B0_MATCHED_V2,2024-06-16T19:00:00+00:00,YUNNAN_INSIDE,52,67,4.092533663096949,0.0,True,False,0.72265625
B0_MATCHED_V2,2024-06-16T19:00:00+00:00,YUNNAN_INSIDE,53,65,4.131049149956295,0.0,True,False,0.7265625
B0_MATCHED_V2,2024-06-16T19:00:00+00:00,YUNNAN_INSIDE,53,66,4.2184967432880995,0.0,True,False,0.7421875
B0_MATCHED_V2,2024-06-16T19:00:00+00:00,YUNNAN_INSIDE,53,67,4.143611897309261,0.0,True,False,0.7265625
B0_MATCHED_V2,2024-06-16T19:00:00+00:00,YUNNAN_INSIDE,54,65,4.051024206619148,0.0,True,False,0.72265625
B0_MATCHED_V2,2024-06-16T19:00:00+00:00,YUNNAN_INSIDE,54,66,4.151783851389429,5.279999732971191,True,True,0.7265625
B0_MATCHED_V2,2024-06-16T19:00:00+00:00,YUNNAN_INSIDE,54,67,4.033705381754071,5.099999904632568,True,True,0.71484375
B0_MATCHED_V2,2024-06-16T19:00:00+00:00,YUNNAN_INSIDE,55,66,3.9752789953445884,6.299999713897705,True,True,0.71484375
B0_MATCHED_V2,2024-06-16T22:00:00+00:00,YUNNAN_INSIDE,61,62,3.967683098774591,12.319999694824219,True,True,0.79296875
B0_MATCHED_V2,2024-06-16T22:30:00+00:00,YUNNAN_INSIDE,62,62,3.9346018881919385,12.699999809265137,True,True,0.8046875
B0_MATCHED_V2,2024-06-19T05:00:00+00:00,YUNNAN_INSIDE,15,46,3.9362155834624715,3.240000009536743,True,True,0.482421875
B0_MATCHED_V2,2024-06-19T05:00:00+00:00,YUNNAN_INSIDE,16,45,4.369885777870774,7.349999904632568,True,True,0.48828125
B0_MATCHED_V2,2024-06-19T05:00:00+00:00,YUNNAN_INSIDE,16,46,4.455001665977452,7.279999732971191,True,True,0.42578125
B0_MATCHED_V2,2024-06-19T05:00:00+00:00,YUNNAN_INSIDE,16,47,3.9749773215488586,3.169999837875366,True,True,0.34765625
B0_MATCHED_V2,2024-06-19T05:00:00+00:00,YUNNAN_INSIDE,17,44,4.088593992427721,2.240000009536743,True,True,0.455078125
B0_MATCHED_V2,2024-06-19T05:00:00+00:00,YUNNAN_INSIDE,17,45,4.0946012054554295,5.339999675750732,True,True,0.3984375
B0_MATCHED_V2,2024-06-20T06:00:00+00:00,YUNNAN_INSIDE,23,39,4.013997221863469,0.0,True,False,0.416015625
B0_MATCHED_V2,2024-06-20T06:00:00+00:00,YUNNAN_INSIDE,24,39,3.971320263392197,0.0,True,False,0.361328125
B0_MATCHED_V2,2024-06-21T13:30:00+00:00,YUNNAN_INSIDE,63,69,3.9915628726581036,0.0,True,False,0.67578125
B0_MATCHED_V2,2024-06-21T13:30:00+00:00,YUNNAN_INSIDE,63,70,4.193105146352797,9.09999942779541,True,True,0.6796875
B0_MATCHED_V2,2024-06-21T13:30:00+00:00,YUNNAN_INSIDE,63,71,4.020178247755225,9.65999984741211,True,True,0.66796875
B0_MATCHED_V2,2024-06-21T13:30:00+00:00,YUNNAN_INSIDE,64,69,4.12285821242443,3.119999885559082,True,True,0.6796875
B0_MATCHED_V2,2024-06-21T13:30:00+00:00,YUNNAN_INSIDE,64,70,4.13440025139558,5.5,True,True,0.671875
B0_MATCHED_V2,2024-06-21T14:00:00+00:00,YUNNAN_INSIDE,63,70,4.018887013518284,1.399999976158142,True,True,0.67578125
B0_MATCHED_V2,2024-06-21T14:00:00+00:00,YUNNAN_INSIDE,63,71,4.016100633000175,0.9300000071525574,True,True,0.671875
B0_MATCHED_V2,2024-06-21T14:00:00+00:00,YUNNAN_INSIDE,63,72,4.110584392371184,2.369999885559082,True,True,0.66796875
B0_MATCHED_V2,2024-06-21T14:00:00+00:00,YUNNAN_INSIDE,64,69,3.9881287576396596,31.53999900817871,True,True,0.6796875
B0_MATCHED_V2,2024-06-21T14:00:00+00:00,YUNNAN_INSIDE,64,70,4.0967680680178455,5.309999942779541,True,True,0.68359375
B0_MATCHED_V2,2024-06-21T14:00:00+00:00,YUNNAN_INSIDE,64,71,4.085052422596947,7.0,True,True,0.6796875
B0_MATCHED_V2,2024-06-21T14:00:00+00:00,YUNNAN_INSIDE,64,72,4.072380160625572,7.75,True,True,0.671875
B0_MATCHED_V2,2024-06-21T16:00:00+00:00,YUNNAN_INSIDE,28,46,3.9913932982844003,13.449999809265137,True,True,0.67578125
B0_MATCHED_V2,2024-06-21T16:00:00+00:00,YUNNAN_INSIDE,28,47,4.056289222793698,13.059999465942383,True,True,0.68359375
B0_MATCHED_V2,2024-06-21T16:30:00+00:00,YUNNAN_INSIDE,64,60,3.9686026942775356,18.459999084472656,True,True,0.6953125
B0_MATCHED_V2,2024-06-21T16:30:00+00:00,YUNNAN_INSIDE,64,61,4.06460845023466,18.969999313354492,True,True,0.71484375
B0_MATCHED_V2,2024-06-21T16:30:00+00:00,YUNNAN_INSIDE,65,61,4.010193502800088,13.029999732971191,True,True,0.6953125
B0_MATCHED_V2,2024-06-21T16:30:00+00:00,YUNNAN_INSIDE,65,62,3.949970813884132,10.389999389648438,True,True,0.68359375
B0_MATCHED_V2,2024-06-21T17:00:00+00:00,YUNNAN_INSIDE,28,51,4.066487291022837,0.7699999809265137,True,True,0.69140625
B0_MATCHED_V2,2024-06-23T17:30:00+00:00,YUNNAN_INSIDE,52,45,4.041897248512066,0.0,True,False,0.703125
B0_MATCHED_V2,2024-06-23T17:30:00+00:00,YUNNAN_INSIDE,52,46,3.9917065208379854,21.469999313354492,True,True,0.703125
B0_MATCHED_V2,2024-06-24T17:00:00+00:00,YUNNAN_INSIDE,24,32,3.9975663291867454,5.299999713897705,True,True,0.73046875
B0_MATCHED_V2,2024-06-24T17:30:00+00:00,YUNNAN_INSIDE,18,46,4.044634088712937,18.389999389648438,True,True,0.71875
B0_MATCHED_V2,2024-06-24T17:30:00+00:00,YUNNAN_INSIDE,19,45,3.9404667085528606,23.689998626708984,True,True,0.71484375
B0_MATCHED_V2,2024-06-24T17:30:00+00:00,YUNNAN_INSIDE,19,46,4.147034968705246,28.81999969482422,True,True,0.73046875
B0_MATCHED_V2,2024-06-24T17:30:00+00:00,YUNNAN_INSIDE,20,45,4.005121634638239,36.959999084472656,True,True,0.71484375
B0_MATCHED_V2,2024-06-24T17:30:00+00:00,YUNNAN_INSIDE,23,32,4.1955787322816125,17.59000015258789,True,True,0.7265625
B0_MATCHED_V2,2024-06-24T17:30:00+00:00,YUNNAN_INSIDE,23,33,4.04243688888873,22.649999618530273,True,True,0.73828125
B0_MATCHED_V2,2024-06-24T18:00:00+00:00,YUNNAN_INSIDE,18,46,3.934834012295812,17.229999542236328,True,True,0.71875
B0_MATCHED_V2,2024-06-24T18:00:00+00:00,YUNNAN_INSIDE,19,44,3.9360690724090888,26.459999084472656,True,True,0.71484375
B0_MATCHED_V2,2024-06-24T18:00:00+00:00,YUNNAN_INSIDE,19,45,4.037156937109431,26.059999465942383,True,True,0.7265625
B0_MATCHED_V2,2024-06-24T18:00:00+00:00,YUNNAN_INSIDE,19,46,4.092384346288762,27.26999855041504,True,True,0.73828125
B0_MATCHED_V2,2024-06-24T18:00:00+00:00,YUNNAN_INSIDE,20,44,3.943012299967485,27.69999885559082,True,True,0.71484375
B0_MATCHED_V2,2024-06-24T18:00:00+00:00,YUNNAN_INSIDE,20,45,4.075178745924331,36.90999984741211,True,True,0.72265625
B0_MATCHED_V2,2024-06-24T18:00:00+00:00,YUNNAN_INSIDE,21,30,4.123876393073542,3.809999942779541,True,True,0.73828125
B0_MATCHED_V2,2024-06-24T18:00:00+00:00,YUNNAN_INSIDE,21,31,3.9680505612860846,3.609999895095825,True,True,0.7265625
B0_MATCHED_V2,2024-06-24T18:00:00+00:00,YUNNAN_INSIDE,21,45,4.001429107155467,27.739999771118164,True,True,0.71875
B0_MATCHED_V2,2024-06-24T18:00:00+00:00,YUNNAN_INSIDE,22,30,4.047407086987412,3.3299999237060547,True,True,0.7421875
B0_MATCHED_V2,2024-06-24T18:00:00+00:00,YUNNAN_INSIDE,22,31,3.937821403467126,4.199999809265137,True,True,0.73828125
B0_MATCHED_V2,2024-06-24T18:30:00+00:00,YUNNAN_INSIDE,19,44,3.9656959560859786,22.939998626708984,True,True,0.70703125
B0_MATCHED_V2,2024-06-24T18:30:00+00:00,YUNNAN_INSIDE,19,45,3.983203521416428,22.5,True,True,0.7109375
B0_MATCHED_V2,2024-06-24T18:30:00+00:00,YUNNAN_INSIDE,20,44,4.0539790319910844,23.889999389648438,True,True,0.71484375
B0_MATCHED_V2,2024-06-24T18:30:00+00:00,YUNNAN_INSIDE,20,45,4.073655203951617,37.04999923706055,True,True,0.7109375
B0_MATCHED_V2,2024-06-24T18:30:00+00:00,YUNNAN_INSIDE,21,44,4.043860369866839,19.760000228881836,True,True,0.71484375
B0_MATCHED_V2,2024-06-24T18:30:00+00:00,YUNNAN_INSIDE,21,45,3.991965322216002,22.59000015258789,True,True,0.71484375
B0_MATCHED_V2,2024-06-24T19:00:00+00:00,YUNNAN_INSIDE,19,43,3.9473840000794356,4.179999828338623,True,True,0.703125
B0_MATCHED_V2,2024-06-24T19:00:00+00:00,YUNNAN_INSIDE,20,43,3.941200972330666,3.9700000286102295,True,True,0.703125
B0_MATCHED_V2,2024-06-24T19:30:00+00:00,YUNNAN_INSIDE,18,41,3.9608573168622176,0.0,True,False,0.703125
B0_MATCHED_V2,2024-06-24T19:30:00+00:00,YUNNAN_INSIDE,19,39,4.0105133889695175,0.0,True,False,0.69921875
B0_MATCHED_V2,2024-06-24T19:30:00+00:00,YUNNAN_INSIDE,19,40,3.9800913250736114,0.0,True,False,0.703125
B0_MATCHED_V2,2024-06-24T19:30:00+00:00,YUNNAN_INSIDE,19,41,4.078167000489976,0.0,True,False,0.70703125
B0_MATCHED_V2,2024-06-24T19:30:00+00:00,YUNNAN_INSIDE,19,42,3.9917074551364915,0.0,True,False,0.70703125
B0_MATCHED_V2,2024-06-24T19:30:00+00:00,YUNNAN_INSIDE,20,39,4.045296751194997,0.0,True,False,0.703125
B0_MATCHED_V2,2024-06-24T19:30:00+00:00,YUNNAN_INSIDE,20,40,3.944293548882268,0.0,True,False,0.703125
B0_MATCHED_V2,2024-06-24T19:30:00+00:00,YUNNAN_INSIDE,20,41,4.014135561449072,0.0,True,False,0.70703125
B0_MATCHED_V2,2024-06-24T20:00:00+00:00,YUNNAN_INSIDE,18,37,3.9458408486602585,6.859999656677246,True,True,0.703125
B0_MATCHED_V2,2024-06-24T20:00:00+00:00,YUNNAN_INSIDE,18,38,4.115962806017886,11.679999351501465,True,True,0.7109375
B0_MATCHED_V2,2024-06-24T20:00:00+00:00,YUNNAN_INSIDE,18,39,3.948703408686539,10.519999504089355,True,True,0.7109375
B0_MATCHED_V2,2024-06-24T20:00:00+00:00,YUNNAN_INSIDE,19,37,4.106627013308855,8.569999694824219,True,True,0.7109375
B0_MATCHED_V2,2024-06-24T20:00:00+00:00,YUNNAN_INSIDE,19,38,4.258648721189294,21.209999084472656,True,True,0.71875
B0_MATCHED_V2,2024-06-24T20:00:00+00:00,YUNNAN_INSIDE,19,39,4.143709348424099,13.519999504089355,True,True,0.71875
B0_MATCHED_V2,2024-06-24T20:00:00+00:00,YUNNAN_INSIDE,19,40,3.967931030598998,8.059999465942383,True,True,0.7109375
B0_MATCHED_V2,2024-06-24T20:00:00+00:00,YUNNAN_INSIDE,20,37,4.093634126794444,27.719999313354492,True,True,0.71875
B0_MATCHED_V2,2024-06-24T20:00:00+00:00,YUNNAN_INSIDE,20,38,4.158357503726348,23.689998626708984,True,True,0.71875
B0_MATCHED_V2,2024-06-24T20:00:00+00:00,YUNNAN_INSIDE,20,39,4.088366523603699,9.5,True,True,0.71875
B0_MATCHED_V2,2024-06-24T20:00:00+00:00,YUNNAN_INSIDE,20,40,3.943571602371636,7.449999809265137,True,True,0.7109375
B0_MATCHED_V2,2024-06-24T20:30:00+00:00,YUNNAN_INSIDE,16,35,4.044508992846763,5.650000095367432,True,True,0.7109375
B0_MATCHED_V2,2024-06-24T20:30:00+00:00,YUNNAN_INSIDE,16,36,4.076737427518339,8.859999656677246,True,True,0.71484375
B0_MATCHED_V2,2024-06-24T20:30:00+00:00,YUNNAN_INSIDE,16,37,3.956092699288392,9.389999389648438,True,True,0.7109375
B0_MATCHED_V2,2024-06-24T20:30:00+00:00,YUNNAN_INSIDE,17,34,4.061029671223484,2.929999828338623,True,True,0.7109375
B0_MATCHED_V2,2024-06-24T20:30:00+00:00,YUNNAN_INSIDE,17,35,4.290192533678302,5.949999809265137,True,True,0.7265625
B0_MATCHED_V2,2024-06-24T20:30:00+00:00,YUNNAN_INSIDE,17,36,4.337419885180284,9.010000228881836,True,True,0.7265625
B0_MATCHED_V2,2024-06-24T20:30:00+00:00,YUNNAN_INSIDE,17,37,4.262668013775148,9.679999351501465,True,True,0.7265625
B0_MATCHED_V2,2024-06-24T20:30:00+00:00,YUNNAN_INSIDE,17,38,4.039516399398261,9.75,True,True,0.71875
B0_MATCHED_V2,2024-06-24T20:30:00+00:00,YUNNAN_INSIDE,18,34,4.138301535590508,4.389999866485596,True,True,0.71484375
B0_MATCHED_V2,2024-06-24T20:30:00+00:00,YUNNAN_INSIDE,18,35,4.413532634708607,6.399999618530273,True,True,0.73046875
B0_MATCHED_V2,2024-06-24T20:30:00+00:00,YUNNAN_INSIDE,18,36,4.490211172333397,10.550000190734863,True,True,0.73828125
B0_MATCHED_V2,2024-06-24T20:30:00+00:00,YUNNAN_INSIDE,18,37,4.427565653831412,12.369999885559082,True,True,0.73828125
B0_MATCHED_V2,2024-06-24T20:30:00+00:00,YUNNAN_INSIDE,18,38,4.265067411418368,9.149999618530273,True,True,0.73828125
B0_MATCHED_V2,2024-06-24T20:30:00+00:00,YUNNAN_INSIDE,18,39,3.9524452828967314,10.579999923706055,True,True,0.72265625
B0_MATCHED_V2,2024-06-24T20:30:00+00:00,YUNNAN_INSIDE,19,34,4.0131178865771,4.699999809265137,True,True,0.71875
B0_MATCHED_V2,2024-06-24T20:30:00+00:00,YUNNAN_INSIDE,19,35,4.289168236577939,8.569999694824219,True,True,0.7265625
B0_MATCHED_V2,2024-06-24T20:30:00+00:00,YUNNAN_INSIDE,19,36,4.367763797540263,17.44999885559082,True,True,0.734375
B0_MATCHED_V2,2024-06-24T20:30:00+00:00,YUNNAN_INSIDE,19,37,4.326276137958616,25.31999969482422,True,True,0.734375
B0_MATCHED_V2,2024-06-24T20:30:00+00:00,YUNNAN_INSIDE,19,38,4.16368989691511,10.420000076293945,True,True,0.73046875
B0_MATCHED_V2,2024-06-24T20:30:00+00:00,YUNNAN_INSIDE,20,35,4.0155414127428095,4.940000057220459,True,True,0.72265625
B0_MATCHED_V2,2024-06-24T20:30:00+00:00,YUNNAN_INSIDE,20,36,4.046804258611436,9.639999389648438,True,True,0.72265625
B0_MATCHED_V2,2024-06-24T20:30:00+00:00,YUNNAN_INSIDE,20,37,3.984139064809296,9.389999389648438,True,True,0.71875
B0_MATCHED_V2,2024-06-24T21:00:00+00:00,YUNNAN_INSIDE,15,33,3.9643331124194927,6.869999885559082,True,True,0.7109375
B0_MATCHED_V2,2024-06-24T21:00:00+00:00,YUNNAN_INSIDE,15,34,4.085339783142853,8.039999961853027,True,True,0.71875
B0_MATCHED_V2,2024-06-24T21:00:00+00:00,YUNNAN_INSIDE,15,35,4.123161697606102,8.859999656677246,True,True,0.7265625
B0_MATCHED_V2,2024-06-24T21:00:00+00:00,YUNNAN_INSIDE,15,36,4.089350356658624,9.389999389648438,True,True,0.7265625
B0_MATCHED_V2,2024-06-24T21:00:00+00:00,YUNNAN_INSIDE,15,37,4.017712194861977,7.539999961853027,True,True,0.7265625
B0_MATCHED_V2,2024-06-24T21:00:00+00:00,YUNNAN_INSIDE,16,33,4.1840266842335385,8.789999961853027,True,True,0.7265625
B0_MATCHED_V2,2024-06-24T21:00:00+00:00,YUNNAN_INSIDE,16,34,4.3607800035091655,10.469999313354492,True,True,0.734375
B0_MATCHED_V2,2024-06-24T21:00:00+00:00,YUNNAN_INSIDE,16,35,4.472107469612538,14.0,True,True,0.73828125
B0_MATCHED_V2,2024-06-24T21:00:00+00:00,YUNNAN_INSIDE,16,36,4.412884781954966,17.69999885559082,True,True,0.73828125
B0_MATCHED_V2,2024-06-24T21:00:00+00:00,YUNNAN_INSIDE,16,37,4.281096061845096,11.359999656677246,True,True,0.75
B0_MATCHED_V2,2024-06-24T21:00:00+00:00,YUNNAN_INSIDE,17,33,4.251902592362421,8.779999732971191,True,True,0.73046875
B0_MATCHED_V2,2024-06-24T21:00:00+00:00,YUNNAN_INSIDE,17,34,4.395025205908655,10.179999351501465,True,True,0.7421875
B0_MATCHED_V2,2024-06-24T21:00:00+00:00,YUNNAN_INSIDE,17,35,4.500131454470769,14.899999618530273,True,True,0.75
B0_MATCHED_V2,2024-06-24T21:00:00+00:00,YUNNAN_INSIDE,17,36,4.449534197845339,13.469999313354492,True,True,0.75
B0_MATCHED_V2,2024-06-24T21:00:00+00:00,YUNNAN_INSIDE,17,37,4.316488745781639,13.65999984741211,True,True,0.75390625
B0_MATCHED_V2,2024-06-24T21:00:00+00:00,YUNNAN_INSIDE,17,38,3.950570340627553,12.40999984741211,True,True,0.73828125
B0_MATCHED_V2,2024-06-24T21:00:00+00:00,YUNNAN_INSIDE,18,33,4.184105918960079,9.389999389648438,True,True,0.73046875
B0_MATCHED_V2,2024-06-24T21:00:00+00:00,YUNNAN_INSIDE,18,34,4.30868616674605,10.510000228881836,True,True,0.73828125
B0_MATCHED_V2,2024-06-24T21:00:00+00:00,YUNNAN_INSIDE,18,35,4.461642229853376,11.019999504089355,True,True,0.74609375
B0_MATCHED_V2,2024-06-24T21:00:00+00:00,YUNNAN_INSIDE,18,36,4.4025641305718715,13.369999885559082,True,True,0.7421875
B0_MATCHED_V2,2024-06-24T21:00:00+00:00,YUNNAN_INSIDE,18,37,4.2904982760904335,15.559999465942383,True,True,0.75
B0_MATCHED_V2,2024-06-24T21:00:00+00:00,YUNNAN_INSIDE,19,34,4.007931226347418,8.5,True,True,0.7265625
B0_MATCHED_V2,2024-06-24T21:00:00+00:00,YUNNAN_INSIDE,19,35,4.12823829656043,7.779999732971191,True,True,0.73828125
B0_MATCHED_V2,2024-06-24T21:00:00+00:00,YUNNAN_INSIDE,19,36,4.029309222981067,7.869999885559082,True,True,0.734375
B0_MATCHED_V2,2024-06-24T21:30:00+00:00,YUNNAN_INSIDE,15,34,4.014552218321319,9.309999465942383,True,True,0.71484375
B0_MATCHED_V2,2024-06-24T21:30:00+00:00,YUNNAN_INSIDE,15,35,4.123405236305738,11.34999942779541,True,True,0.71875
B0_MATCHED_V2,2024-06-24T21:30:00+00:00,YUNNAN_INSIDE,15,36,4.096490476284481,12.579999923706055,True,True,0.71875
B0_MATCHED_V2,2024-06-24T21:30:00+00:00,YUNNAN_INSIDE,15,37,3.9658759440503886,9.260000228881836,True,True,0.73828125
B0_MATCHED_V2,2024-06-24T21:30:00+00:00,YUNNAN_INSIDE,16,32,4.027751280884408,8.109999656677246,True,True,0.71875
B0_MATCHED_V2,2024-06-24T21:30:00+00:00,YUNNAN_INSIDE,16,33,4.152637146177206,9.649999618530273,True,True,0.71875
B0_MATCHED_V2,2024-06-24T21:30:00+00:00,YUNNAN_INSIDE,16,34,4.245947524447541,9.769999504089355,True,True,0.7265625
B0_MATCHED_V2,2024-06-24T21:30:00+00:00,YUNNAN_INSIDE,16,35,4.3542115268709205,10.59000015258789,True,True,0.734375
B0_MATCHED_V2,2024-06-24T21:30:00+00:00,YUNNAN_INSIDE,16,36,4.37250813118676,11.899999618530273,True,True,0.73828125
B0_MATCHED_V2,2024-06-24T21:30:00+00:00,YUNNAN_INSIDE,16,37,4.2964368189094655,11.09000015258789,True,True,0.7578125
B0_MATCHED_V2,2024-06-24T21:30:00+00:00,YUNNAN_INSIDE,17,31,3.971205627374779,7.690000057220459,True,True,0.7109375
B0_MATCHED_V2,2024-06-24T21:30:00+00:00,YUNNAN_INSIDE,17,32,4.121587152216861,9.119999885559082,True,True,0.71875
B0_MATCHED_V2,2024-06-24T21:30:00+00:00,YUNNAN_INSIDE,17,33,4.2445719505550725,11.059999465942383,True,True,0.7265625
B0_MATCHED_V2,2024-06-24T21:30:00+00:00,YUNNAN_INSIDE,17,34,4.333107006561181,10.760000228881836,True,True,0.73046875
B0_MATCHED_V2,2024-06-24T21:30:00+00:00,YUNNAN_INSIDE,17,35,4.4053048096141465,11.489999771118164,True,True,0.7421875
B0_MATCHED_V2,2024-06-24T21:30:00+00:00,YUNNAN_INSIDE,17,36,4.302208202446002,8.699999809265137,True,True,0.74609375
B0_MATCHED_V2,2024-06-24T21:30:00+00:00,YUNNAN_INSIDE,17,37,4.140055984170615,9.529999732971191,True,True,0.75390625
B0_MATCHED_V2,2024-06-24T21:30:00+00:00,YUNNAN_INSIDE,18,32,4.083026902551209,8.550000190734863,True,True,0.72265625
B0_MATCHED_V2,2024-06-24T21:30:00+00:00,YUNNAN_INSIDE,18,33,4.12784391726091,12.929999351501465,True,True,0.7265625
B0_MATCHED_V2,2024-06-24T21:30:00+00:00,YUNNAN_INSIDE,18,34,4.203720487454267,10.559999465942383,True,True,0.73046875
B0_MATCHED_V2,2024-06-24T21:30:00+00:00,YUNNAN_INSIDE,18,35,4.201815439428592,5.960000038146973,True,True,0.73828125
B0_MATCHED_V2,2024-06-24T21:30:00+00:00,YUNNAN_INSIDE,18,36,4.035522538686883,4.549999713897705,True,True,0.74609375
B0_MATCHED_V2,2024-06-24T22:00:00+00:00,YUNNAN_INSIDE,15,31,3.976793464148521,7.299999713897705,True,True,0.71484375
B0_MATCHED_V2,2024-06-24T22:00:00+00:00,YUNNAN_INSIDE,15,32,3.9872797844933157,6.170000076293945,True,True,0.7109375
B0_MATCHED_V2,2024-06-24T22:00:00+00:00,YUNNAN_INSIDE,15,33,4.0318639788295965,7.669999599456787,True,True,0.71484375
B0_MATCHED_V2,2024-06-24T22:00:00+00:00,YUNNAN_INSIDE,15,34,4.024979596318854,9.119999885559082,True,True,0.71484375
B0_MATCHED_V2,2024-06-24T22:00:00+00:00,YUNNAN_INSIDE,15,35,4.020954406707587,9.829999923706055,True,True,0.71484375
B0_MATCHED_V2,2024-06-24T22:00:00+00:00,YUNNAN_INSIDE,15,36,4.1623059015392165,9.550000190734863,True,True,0.734375
B0_MATCHED_V2,2024-06-24T22:00:00+00:00,YUNNAN_INSIDE,15,37,4.1519548841881635,7.889999866485596,True,True,0.7578125
B0_MATCHED_V2,2024-06-24T22:00:00+00:00,YUNNAN_INSIDE,16,32,4.2645430195858784,6.509999752044678,True,True,0.7265625
B0_MATCHED_V2,2024-06-24T22:00:00+00:00,YUNNAN_INSIDE,16,33,4.2771047242700755,8.239999771118164,True,True,0.7265625
B0_MATCHED_V2,2024-06-24T22:00:00+00:00,YUNNAN_INSIDE,16,34,4.251429001083997,8.639999389648438,True,True,0.734375
B0_MATCHED_V2,2024-06-24T22:00:00+00:00,YUNNAN_INSIDE,16,35,4.195122459285733,8.609999656677246,True,True,0.73828125
B0_MATCHED_V2,2024-06-24T22:00:00+00:00,YUNNAN_INSIDE,16,36,4.297147469842045,8.800000190734863,True,True,0.75390625
B0_MATCHED_V2,2024-06-24T22:00:00+00:00,YUNNAN_INSIDE,16,37,4.051889238388482,8.920000076293945,True,True,0.7734375
B0_MATCHED_V2,2024-06-24T22:00:00+00:00,YUNNAN_INSIDE,17,30,4.075336436916022,6.579999923706055,True,True,0.71484375
B0_MATCHED_V2,2024-06-24T22:00:00+00:00,YUNNAN_INSIDE,17,31,4.313808385814155,8.279999732971191,True,True,0.7265625
B0_MATCHED_V2,2024-06-24T22:00:00+00:00,YUNNAN_INSIDE,17,32,4.331196681516439,8.460000038146973,True,True,0.7265625
B0_MATCHED_V2,2024-06-24T22:00:00+00:00,YUNNAN_INSIDE,17,33,4.324314786877102,8.609999656677246,True,True,0.73046875
B0_MATCHED_V2,2024-06-24T22:00:00+00:00,YUNNAN_INSIDE,17,34,4.297412380679817,8.9399995803833,True,True,0.734375
B0_MATCHED_V2,2024-06-24T22:00:00+00:00,YUNNAN_INSIDE,17,35,4.201270012194231,9.789999961853027,True,True,0.74609375
B0_MATCHED_V2,2024-06-24T22:00:00+00:00,YUNNAN_INSIDE,17,36,4.019773930072516,5.239999771118164,True,True,0.76171875
B0_MATCHED_V2,2024-06-24T22:00:00+00:00,YUNNAN_INSIDE,18,31,4.112013464663954,7.519999980926514,True,True,0.71875
B0_MATCHED_V2,2024-06-24T22:00:00+00:00,YUNNAN_INSIDE,18,32,4.227411050230021,8.970000267028809,True,True,0.7265625
B0_MATCHED_V2,2024-06-24T22:00:00+00:00,YUNNAN_INSIDE,18,33,4.247315619280417,10.149999618530273,True,True,0.734375
B0_MATCHED_V2,2024-06-24T22:00:00+00:00,YUNNAN_INSIDE,18,34,4.186017430546204,8.929999351501465,True,True,0.73828125
B0_MATCHED_V2,2024-06-24T22:00:00+00:00,YUNNAN_INSIDE,18,35,4.011799730916463,4.549999713897705,True,True,0.75390625
B0_MATCHED_V2,2024-06-24T22:30:00+00:00,YUNNAN_INSIDE,15,31,4.231439123360756,5.339999675750732,True,True,0.73046875
B0_MATCHED_V2,2024-06-24T22:30:00+00:00,YUNNAN_INSIDE,15,32,4.227279209787749,7.859999656677246,True,True,0.73046875
B0_MATCHED_V2,2024-06-24T22:30:00+00:00,YUNNAN_INSIDE,15,33,4.176626446237383,8.859999656677246,True,True,0.72265625
B0_MATCHED_V2,2024-06-24T22:30:00+00:00,YUNNAN_INSIDE,15,34,4.041194649081623,8.40999984741211,True,True,0.72265625
B0_MATCHED_V2,2024-06-24T22:30:00+00:00,YUNNAN_INSIDE,16,32,4.262917760981688,7.419999599456787,True,True,0.734375
B0_MATCHED_V2,2024-06-24T22:30:00+00:00,YUNNAN_INSIDE,16,33,4.160336589452091,7.960000038146973,True,True,0.72265625
B0_MATCHED_V2,2024-06-24T22:30:00+00:00,YUNNAN_INSIDE,16,34,4.0202102661170755,7.839999675750732,True,True,0.72265625
B0_MATCHED_V2,2024-06-24T22:30:00+00:00,YUNNAN_INSIDE,17,30,4.00576905307125,7.349999904632568,True,True,0.71484375
B0_MATCHED_V2,2024-06-24T22:30:00+00:00,YUNNAN_INSIDE,17,31,4.169475104880096,7.119999885559082,True,True,0.7265625
B0_MATCHED_V2,2024-06-24T22:30:00+00:00,YUNNAN_INSIDE,17,32,4.146118974549855,7.440000057220459,True,True,0.73046875
B0_MATCHED_V2,2024-06-24T22:30:00+00:00,YUNNAN_INSIDE,17,33,4.011729629671355,8.019999504089355,True,True,0.7265625
B0_MATCHED_V2,2024-06-24T23:00:00+00:00,YUNNAN_INSIDE,15,31,4.251256274925453,7.359999656677246,True,True,0.73828125
B0_MATCHED_V2,2024-06-24T23:00:00+00:00,YUNNAN_INSIDE,15,32,4.143252547781399,9.679999351501465,True,True,0.734375
B0_MATCHED_V2,2024-06-30T08:30:00+00:00,YUNNAN_INSIDE,37,89,3.9810527285093182,1.2699999809265137,True,True,0.71875
B0_MATCHED_V2,2024-06-30T08:30:00+00:00,YUNNAN_INSIDE,38,88,4.004177741497209,0.0,True,False,0.73046875
B0_MATCHED_V2,2024-06-30T08:30:00+00:00,YUNNAN_INSIDE,38,89,4.1218601888369495,1.3299999237060547,True,True,0.73046875
B0_MATCHED_V2,2024-07-17T20:00:00+00:00,YUNNAN_INSIDE,85,68,4.040486214253064,8.84999942779541,True,True,0.76171875
B0_MATCHED_V2,2024-07-24T16:30:00+00:00,YUNNAN_INSIDE,27,46,3.9570337735915326,10.34000015258789,True,True,0.7109375
B0_MATCHED_V2,2024-07-24T16:30:00+00:00,YUNNAN_INSIDE,28,46,4.106022100996565,1.0299999713897705,True,True,0.703125
B0_MATCHED_V2,2024-07-24T17:30:00+00:00,YUNNAN_INSIDE,30,45,4.158495751628888,3.6399998664855957,True,True,0.70703125
B0_MATCHED_V2,2024-07-27T13:00:00+00:00,YUNNAN_INSIDE,28,74,3.941559358927139,15.779999732971191,True,True,0.66796875
B0_MATCHED_V2,2024-07-27T13:00:00+00:00,YUNNAN_INSIDE,28,76,3.943038433261337,0.0,True,False,0.67578125
B0_MATCHED_V2,2024-07-29T13:00:00+00:00,YUNNAN_INSIDE,52,35,3.9786911715303686,9.649999618530273,True,True,0.734375
B0_MATCHED_V2,2024-07-29T17:30:00+00:00,YUNNAN_INSIDE,39,40,3.9377840744509403,8.75,True,True,0.6953125
B0_MATCHED_V2,2024-07-29T17:30:00+00:00,YUNNAN_INSIDE,39,41,3.9331872398738406,9.279999732971191,True,True,0.6953125
B0_MATCHED_V2,2024-07-29T17:30:00+00:00,YUNNAN_INSIDE,40,40,3.9463285470577096,7.619999885559082,True,True,0.69921875
B0_MATCHED_V2,2024-07-29T17:30:00+00:00,YUNNAN_INSIDE,40,41,3.968481294502145,7.819999694824219,True,True,0.703125
B0_MATCHED_V2,2024-07-29T18:00:00+00:00,YUNNAN_INSIDE,38,40,4.01537362453091,9.699999809265137,True,True,0.6953125
B0_MATCHED_V2,2024-07-29T18:00:00+00:00,YUNNAN_INSIDE,38,41,3.9527878869750093,9.710000038146973,True,True,0.69140625
B0_MATCHED_V2,2024-07-29T18:00:00+00:00,YUNNAN_INSIDE,39,39,3.9563032256663075,6.71999979019165,True,True,0.6953125
B0_MATCHED_V2,2024-07-29T18:00:00+00:00,YUNNAN_INSIDE,39,40,3.9940953476418994,9.029999732971191,True,True,0.69921875
B0_MATCHED_V2,2024-07-29T18:00:00+00:00,YUNNAN_INSIDE,39,41,4.002303560247301,9.289999961853027,True,True,0.703125
B0_MATCHED_V2,2024-07-29T18:30:00+00:00,YUNNAN_INSIDE,37,39,4.0401277920871435,7.75,True,True,0.69921875
B0_MATCHED_V2,2024-07-29T18:30:00+00:00,YUNNAN_INSIDE,37,40,3.9950866975593726,9.579999923706055,True,True,0.69921875
B0_MATCHED_V2,2024-07-29T18:30:00+00:00,YUNNAN_INSIDE,38,39,4.047961283824229,8.4399995803833,True,True,0.703125
B0_MATCHED_V2,2024-07-29T18:30:00+00:00,YUNNAN_INSIDE,38,40,3.9652047862151076,8.679999351501465,True,True,0.703125
B0_MATCHED_V2,2024-07-29T18:30:00+00:00,YUNNAN_INSIDE,39,39,3.9430731998985533,8.039999961853027,True,True,0.703125
B0_MATCHED_V2,2024-07-29T19:00:00+00:00,YUNNAN_INSIDE,36,38,4.011175599677779,4.789999961853027,True,True,0.69921875
B0_MATCHED_V2,2024-07-29T19:00:00+00:00,YUNNAN_INSIDE,36,39,4.030381694998115,6.539999961853027,True,True,0.69921875
B0_MATCHED_V2,2024-07-29T19:00:00+00:00,YUNNAN_INSIDE,36,40,3.9662896155011786,3.4600000381469727,True,True,0.703125
B0_MATCHED_V2,2024-07-29T19:00:00+00:00,YUNNAN_INSIDE,37,37,3.9433207671171284,5.239999771118164,True,True,0.6953125
B0_MATCHED_V2,2024-07-29T19:00:00+00:00,YUNNAN_INSIDE,37,38,4.11327400120555,6.940000057220459,True,True,0.7109375
B0_MATCHED_V2,2024-07-29T19:00:00+00:00,YUNNAN_INSIDE,37,39,4.21086050072772,8.25,True,True,0.71484375
B0_MATCHED_V2,2024-07-29T19:00:00+00:00,YUNNAN_INSIDE,37,40,4.141339179044942,8.929999351501465,True,True,0.71484375
B0_MATCHED_V2,2024-07-29T19:00:00+00:00,YUNNAN_INSIDE,38,38,4.0412872373350925,6.649999618530273,True,True,0.70703125
B0_MATCHED_V2,2024-07-29T19:00:00+00:00,YUNNAN_INSIDE,38,39,4.122872262627436,6.199999809265137,True,True,0.71484375
B0_MATCHED_V2,2024-07-29T19:00:00+00:00,YUNNAN_INSIDE,38,40,4.038012615227275,10.09999942779541,True,True,0.71484375
B0_MATCHED_V2,2024-07-29T19:30:00+00:00,YUNNAN_INSIDE,35,38,4.012574356320611,4.46999979019165,True,True,0.71484375
B0_MATCHED_V2,2024-07-29T19:30:00+00:00,YUNNAN_INSIDE,36,37,3.9809177525555497,5.449999809265137,True,True,0.703125
B0_MATCHED_V2,2024-07-29T19:30:00+00:00,YUNNAN_INSIDE,36,38,4.120827527443173,5.039999961853027,True,True,0.71875
B0_MATCHED_V2,2024-07-29T19:30:00+00:00,YUNNAN_INSIDE,36,39,3.936935080885783,5.609999656677246,True,True,0.703125
B0_MATCHED_V2,2024-07-29T19:30:00+00:00,YUNNAN_INSIDE,37,38,3.9669176000028767,6.029999732971191,True,True,0.72265625
B0_MATCHED_V2,2024-07-29T22:30:00+00:00,YUNNAN_INSIDE,51,26,3.9513635761631916,19.10999870300293,True,True,0.71875
B0_MATCHED_V2,2024-07-29T22:30:00+00:00,YUNNAN_INSIDE,51,27,3.9540196955809224,7.819999694824219,True,True,0.72265625
B0_MATCHED_V2,2024-07-29T22:30:00+00:00,YUNNAN_INSIDE,52,25,3.949036883868097,11.90999984741211,True,True,0.7421875
B0_MATCHED_V2,2024-07-29T22:30:00+00:00,YUNNAN_INSIDE,52,26,4.01697698335996,11.300000190734863,True,True,0.7421875
B0_MATCHED_V2,2024-07-29T22:30:00+00:00,YUNNAN_INSIDE,52,27,3.979654648353705,7.409999847412109,True,True,0.74609375
B0_MATCHED_V2,2024-07-29T22:30:00+00:00,YUNNAN_INSIDE,53,25,4.033371553800912,12.179999351501465,True,True,0.75
B0_MATCHED_V2,2024-07-29T22:30:00+00:00,YUNNAN_INSIDE,53,26,3.9863138184547204,11.420000076293945,True,True,0.74609375
B0_MATCHED_V2,2024-07-29T22:30:00+00:00,YUNNAN_INSIDE,54,25,3.972298533186804,10.389999389648438,True,True,0.73828125
B0_MATCHED_V2,2024-07-30T11:00:00+00:00,YUNNAN_INSIDE,39,38,3.978668520952626,5.940000057220459,True,True,0.7265625
B0_MATCHED_V2,2024-07-30T11:00:00+00:00,YUNNAN_INSIDE,39,39,4.055223453729344,15.019999504089355,True,True,0.73828125
B0_MATCHED_V2,2024-07-30T11:00:00+00:00,YUNNAN_INSIDE,39,40,3.9413409667611643,12.279999732971191,True,True,0.75
B0_MATCHED_V2,2024-07-30T11:00:00+00:00,YUNNAN_INSIDE,40,38,3.93957683491139,11.34000015258789,True,True,0.73046875
B0_MATCHED_V2,2024-07-30T11:00:00+00:00,YUNNAN_INSIDE,40,39,3.975116250032127,12.029999732971191,True,True,0.73828125
B0_MATCHED_V2,2024-07-30T11:00:00+00:00,YUNNAN_INSIDE,40,40,3.9694377931337423,9.4399995803833,True,True,0.7421875
B0_MATCHED_V2,2024-07-30T11:30:00+00:00,YUNNAN_INSIDE,39,36,3.9757114289315205,4.769999980926514,True,True,0.72265625
B0_MATCHED_V2,2024-07-30T11:30:00+00:00,YUNNAN_INSIDE,39,39,3.974176214155954,12.670000076293945,True,True,0.74609375
B0_MATCHED_V2,2024-07-30T11:30:00+00:00,YUNNAN_INSIDE,39,40,3.9699764012237395,10.779999732971191,True,True,0.73828125
B0_MATCHED_V2,2024-07-30T12:00:00+00:00,YUNNAN_INSIDE,37,38,3.9403143508779417,5.809999942779541,True,True,0.71875
B0_MATCHED_V2,2024-07-30T12:00:00+00:00,YUNNAN_INSIDE,37,39,4.046805427782928,14.359999656677246,True,True,0.71875
B0_MATCHED_V2,2024-07-30T12:00:00+00:00,YUNNAN_INSIDE,38,37,3.954145025421574,8.109999656677246,True,True,0.71875
B0_MATCHED_V2,2024-07-30T12:00:00+00:00,YUNNAN_INSIDE,38,38,3.9872919292578053,14.50999927520752,True,True,0.7265625
B0_MATCHED_V2,2024-07-30T12:00:00+00:00,YUNNAN_INSIDE,38,39,3.9832843239928173,14.880000114440918,True,True,0.73046875
B0_MATCHED_V2,2024-07-30T12:00:00+00:00,YUNNAN_INSIDE,38,40,3.9440058422707427,12.369999885559082,True,True,0.734375
B0_MATCHED_V2,2024-08-04T03:30:00+00:00,YUNNAN_INSIDE,46,6,4.035255560025017,4.639999866485596,True,True,0.68359375
B0_MATCHED_V2,2024-08-04T03:30:00+00:00,YUNNAN_INSIDE,47,6,3.9717729733163796,4.650000095367432,True,True,0.671875
B0_MATCHED_V2,2024-08-11T09:30:00+00:00,YUNNAN_INSIDE,14,47,3.9436483699002043,6.199999809265137,True,True,0.75
B0_MATCHED_V2,2024-08-11T10:00:00+00:00,YUNNAN_INSIDE,13,46,4.016333156448723,19.65999984741211,True,True,0.73046875
B0_MATCHED_V2,2024-08-11T10:00:00+00:00,YUNNAN_INSIDE,14,46,4.039023315988189,12.279999732971191,True,True,0.7421875
B0_MATCHED_V2,2024-08-11T10:00:00+00:00,YUNNAN_INSIDE,14,47,4.092407282072301,15.529999732971191,True,True,0.75390625
B0_MATCHED_V2,2024-08-11T10:30:00+00:00,YUNNAN_INSIDE,11,47,4.044334326796667,21.969999313354492,True,True,0.7109375
B0_MATCHED_V2,2024-08-11T10:30:00+00:00,YUNNAN_INSIDE,12,44,4.090141835926454,9.369999885559082,True,True,0.7109375
B0_MATCHED_V2,2024-08-11T10:30:00+00:00,YUNNAN_INSIDE,12,45,4.1131358652081635,26.170000076293945,True,True,0.7109375
B0_MATCHED_V2,2024-08-11T10:30:00+00:00,YUNNAN_INSIDE,12,46,4.1112516314854375,12.380000114440918,True,True,0.7109375
B0_MATCHED_V2,2024-08-11T10:30:00+00:00,YUNNAN_INSIDE,12,47,4.0214449753353545,18.350000381469727,True,True,0.71484375
B0_MATCHED_V2,2024-08-11T10:30:00+00:00,YUNNAN_INSIDE,13,43,3.941416097281973,8.329999923706055,True,True,0.703125
B0_MATCHED_V2,2024-08-11T10:30:00+00:00,YUNNAN_INSIDE,13,44,4.064557456747631,5.609999656677246,True,True,0.7109375
B0_MATCHED_V2,2024-08-11T10:30:00+00:00,YUNNAN_INSIDE,13,45,4.070732242378523,4.859999656677246,True,True,0.71484375
B0_MATCHED_V2,2024-08-11T10:30:00+00:00,YUNNAN_INSIDE,13,46,4.032922946755529,15.319999694824219,True,True,0.7109375
B0_MATCHED_V2,2024-08-11T10:30:00+00:00,YUNNAN_INSIDE,14,44,3.9538861975010273,3.3899998664855957,True,True,0.703125
B0_MATCHED_V2,2024-08-11T11:00:00+00:00,YUNNAN_INSIDE,11,47,4.21880823647431,22.239999771118164,True,True,0.7109375
B0_MATCHED_V2,2024-08-11T11:00:00+00:00,YUNNAN_INSIDE,12,42,3.946131133591026,8.279999732971191,True,True,0.6953125
B0_MATCHED_V2,2024-08-11T11:00:00+00:00,YUNNAN_INSIDE,12,43,3.9476640270487175,13.34999942779541,True,True,0.6953125
B0_MATCHED_V2,2024-08-11T11:00:00+00:00,YUNNAN_INSIDE,12,44,4.04709421396224,10.59999942779541,True,True,0.69921875
B0_MATCHED_V2,2024-08-11T11:00:00+00:00,YUNNAN_INSIDE,12,45,4.093526934737023,26.19999885559082,True,True,0.703125
B0_MATCHED_V2,2024-08-11T11:00:00+00:00,YUNNAN_INSIDE,12,46,4.1325775906887925,13.25,True,True,0.7109375
B0_MATCHED_V2,2024-08-11T11:00:00+00:00,YUNNAN_INSIDE,12,47,4.073686086119745,21.3799991607666,True,True,0.70703125
B0_MATCHED_V2,2024-08-11T11:30:00+00:00,YUNNAN_INSIDE,11,47,4.032286862020826,20.3799991607666,True,True,0.703125
B0_MATCHED_V2,2024-08-11T11:30:00+00:00,YUNNAN_INSIDE,12,44,3.9536607453222237,11.25,True,True,0.6953125
B0_MATCHED_V2,2024-08-11T12:00:00+00:00,YUNNAN_INSIDE,12,42,4.037037003055858,11.960000038146973,True,True,0.6953125
B0_MATCHED_V2,2024-08-11T17:00:00+00:00,YUNNAN_INSIDE,17,38,4.041110010472545,6.489999771118164,True,True,0.7734375
B0_MATCHED_V2,2024-08-12T09:30:00+00:00,YUNNAN_INSIDE,17,40,3.9338553664425904,4.130000114440918,True,True,0.76953125
B0_MATCHED_V2,2024-08-13T09:00:00+00:00,YUNNAN_INSIDE,22,36,3.9347857210530166,13.929999351501465,True,True,0.74609375
B0_MATCHED_V2,2024-08-21T13:00:00+00:00,YUNNAN_INSIDE,22,25,3.9514520254520495,1.5099999904632568,True,True,0.76171875
B0_MATCHED_V2,2024-08-29T10:00:00+00:00,YUNNAN_INSIDE,32,76,4.088007536717653,4.349999904632568,True,True,0.80078125
B0_MATCHED_V2,2024-08-30T12:30:00+00:00,YUNNAN_INSIDE,81,18,4.086374574807763,6.069999694824219,True,True,0.76953125
B0_MATCHED_V2,2024-08-30T17:00:00+00:00,YUNNAN_INSIDE,70,37,3.9474773422134986,8.220000267028809,True,True,0.7265625
B0_MATCHED_V2,2024-09-07T12:30:00+00:00,YUNNAN_INSIDE,16,41,4.060718586425446,24.76999855041504,True,True,0.67578125
B0_MATCHED_V2,2024-09-07T12:30:00+00:00,YUNNAN_INSIDE,17,39,4.199471966663339,15.119999885559082,True,True,0.6953125
B0_MATCHED_V2,2024-09-07T12:30:00+00:00,YUNNAN_INSIDE,17,40,4.267215725961579,22.279998779296875,True,True,0.6953125
B0_MATCHED_V2,2024-09-07T12:30:00+00:00,YUNNAN_INSIDE,17,41,4.017618481663445,23.299999237060547,True,True,0.6796875
B0_MATCHED_V2,2024-09-07T12:30:00+00:00,YUNNAN_INSIDE,18,39,4.102251383640102,11.800000190734863,True,True,0.6953125
B0_MATCHED_V2,2024-09-07T12:30:00+00:00,YUNNAN_INSIDE,18,40,4.171990348961765,15.089999198913574,True,True,0.69140625
B0_MATCHED_V2,2024-09-07T12:30:00+00:00,YUNNAN_INSIDE,19,39,3.979680101592759,6.21999979019165,True,True,0.69140625
B0_MATCHED_V2,2024-09-07T12:30:00+00:00,YUNNAN_INSIDE,19,40,3.9914593995189125,5.589999675750732,True,True,0.68359375
B0_MATCHED_V2,2024-09-07T13:00:00+00:00,YUNNAN_INSIDE,15,37,4.075060361010354,11.59999942779541,True,True,0.69140625
B0_MATCHED_V2,2024-09-07T13:00:00+00:00,YUNNAN_INSIDE,16,37,4.074731879366531,10.420000076293945,True,True,0.6953125
B0_MATCHED_V2,2024-09-07T13:00:00+00:00,YUNNAN_INSIDE,17,37,4.059491106171624,5.679999828338623,True,True,0.69140625
B0_MATCHED_V2,2024-09-07T13:00:00+00:00,YUNNAN_INSIDE,17,38,4.259264601858302,5.059999942779541,True,True,0.69921875
B0_MATCHED_V2,2024-09-07T13:00:00+00:00,YUNNAN_INSIDE,17,39,4.153294580831444,6.519999980926514,True,True,0.6875
B0_MATCHED_V2,2024-09-07T13:00:00+00:00,YUNNAN_INSIDE,17,40,3.9554851656515297,10.960000038146973,True,True,0.67578125
B0_MATCHED_V2,2024-09-07T13:00:00+00:00,YUNNAN_INSIDE,18,37,4.0731171084882245,5.359999656677246,True,True,0.69140625
B0_MATCHED_V2,2024-09-07T13:00:00+00:00,YUNNAN_INSIDE,18,38,4.245765896270656,5.159999847412109,True,True,0.6953125
B0_MATCHED_V2,2024-09-07T13:00:00+00:00,YUNNAN_INSIDE,18,39,4.127999420402478,6.199999809265137,True,True,0.6875
B0_MATCHED_V2,2024-09-07T13:00:00+00:00,YUNNAN_INSIDE,18,40,3.939598766565444,6.899999618530273,True,True,0.67578125
B0_MATCHED_V2,2024-09-07T13:00:00+00:00,YUNNAN_INSIDE,19,38,4.04198773373818,3.7799999713897705,True,True,0.69140625
B0_MATCHED_V2,2024-09-07T13:00:00+00:00,YUNNAN_INSIDE,19,39,3.9639789849778206,4.089999675750732,True,True,0.68359375
B0_MATCHED_V2,2024-09-07T13:30:00+00:00,YUNNAN_INSIDE,15,36,4.127160551702242,1.1899999380111694,True,True,0.6953125
B0_MATCHED_V2,2024-09-07T13:30:00+00:00,YUNNAN_INSIDE,15,37,4.308109747940263,5.519999980926514,True,True,0.69921875
B0_MATCHED_V2,2024-09-07T13:30:00+00:00,YUNNAN_INSIDE,16,36,4.226144267676966,1.3199999332427979,True,True,0.69921875
B0_MATCHED_V2,2024-09-07T13:30:00+00:00,YUNNAN_INSIDE,16,37,4.394456537243408,1.3899999856948853,True,True,0.703125
B0_MATCHED_V2,2024-09-07T13:30:00+00:00,YUNNAN_INSIDE,17,35,3.94988796825443,1.4399999380111694,True,True,0.6875
B0_MATCHED_V2,2024-09-07T13:30:00+00:00,YUNNAN_INSIDE,17,36,4.222879843005638,1.4199999570846558,True,True,0.6953125
B0_MATCHED_V2,2024-09-07T13:30:00+00:00,YUNNAN_INSIDE,17,37,4.341490040235159,1.4399999380111694,True,True,0.69921875
B0_MATCHED_V2,2024-09-07T13:30:00+00:00,YUNNAN_INSIDE,17,38,4.259258029929292,1.3600000143051147,True,True,0.6953125
B0_MATCHED_V2,2024-09-07T13:30:00+00:00,YUNNAN_INSIDE,18,35,3.9475723180289353,1.649999976158142,True,True,0.6875
B0_MATCHED_V2,2024-09-07T13:30:00+00:00,YUNNAN_INSIDE,18,36,4.131045402681577,1.5899999141693115,True,True,0.6953125
B0_MATCHED_V2,2024-09-07T13:30:00+00:00,YUNNAN_INSIDE,18,37,4.198763831119271,1.649999976158142,True,True,0.6953125
B0_MATCHED_V2,2024-09-07T13:30:00+00:00,YUNNAN_INSIDE,18,38,4.135222365354981,1.7599999904632568,True,True,0.69140625
B0_MATCHED_V2,2024-09-07T13:30:00+00:00,YUNNAN_INSIDE,19,36,4.061766926271027,1.4299999475479126,True,True,0.69140625
B0_MATCHED_V2,2024-09-07T13:30:00+00:00,YUNNAN_INSIDE,19,37,4.050822391359522,1.809999942779541,True,True,0.6875
B0_MATCHED_V2,2024-09-07T13:30:00+00:00,YUNNAN_INSIDE,19,38,4.001216745682529,2.0999999046325684,True,True,0.68359375
B0_MATCHED_V2,2024-09-07T18:30:00+00:00,YUNNAN_INSIDE,24,23,3.948596295756017,0.0,True,False,0.74609375
B0_MATCHED_V2,2024-09-16T17:00:00+00:00,YUNNAN_INSIDE,24,43,4.044096763225069,9.769999504089355,True,True,0.76171875
B0_MATCHED_V2,2024-09-16T17:00:00+00:00,YUNNAN_INSIDE,24,44,4.0804038569896015,10.329999923706055,True,True,0.79296875
B0_MATCHED_V2,2024-09-16T17:00:00+00:00,YUNNAN_INSIDE,25,44,4.080120267001974,9.699999809265137,True,True,0.796875
B0_MATCHED_V2,2024-09-16T17:30:00+00:00,YUNNAN_INSIDE,21,42,4.1166235548448515,4.369999885559082,True,True,0.73828125
B0_MATCHED_V2,2024-09-16T17:30:00+00:00,YUNNAN_INSIDE,21,43,4.093476381352161,3.049999952316284,True,True,0.765625
B0_MATCHED_V2,2024-09-16T17:30:00+00:00,YUNNAN_INSIDE,22,42,3.9405922348591154,4.619999885559082,True,True,0.74609375
B0_MATCHED_V2,2024-09-16T17:30:00+00:00,YUNNAN_INSIDE,22,43,3.9449326700153415,3.18999981880188,True,True,0.7734375
B0_MATCHED_V2,2024-09-16T18:00:00+00:00,YUNNAN_INSIDE,21,41,4.019910182426524,0.0,True,False,0.7109375
B0_MATCHED_V2,2024-09-16T18:30:00+00:00,YUNNAN_INSIDE,19,37,3.9349296617685874,5.900000095367432,True,True,0.6953125
B0_MATCHED_V2,2024-09-16T18:30:00+00:00,YUNNAN_INSIDE,19,38,4.005162988789252,0.0,True,False,0.6953125
B0_MATCHED_V2,2024-09-16T18:30:00+00:00,YUNNAN_INSIDE,20,37,4.20859359647241,4.920000076293945,True,True,0.71875
B0_MATCHED_V2,2024-09-16T18:30:00+00:00,YUNNAN_INSIDE,20,38,4.2535266291897775,0.0,True,False,0.71875
B0_MATCHED_V2,2024-09-16T18:30:00+00:00,YUNNAN_INSIDE,20,39,3.9913372407713905,0.0,True,False,0.703125
B0_MATCHED_V2,2024-09-16T18:30:00+00:00,YUNNAN_INSIDE,21,36,4.044982020514477,4.929999828338623,True,True,0.71484375
B0_MATCHED_V2,2024-09-16T18:30:00+00:00,YUNNAN_INSIDE,21,37,4.0904619881821604,5.019999980926514,True,True,0.71875
B0_MATCHED_V2,2024-09-16T18:30:00+00:00,YUNNAN_INSIDE,21,38,4.0222915039041265,0.0,True,False,0.7109375
B0_MATCHED_V2,2024-09-16T20:00:00+00:00,YUNNAN_INSIDE,19,33,4.042748330398994,4.710000038146973,True,True,0.7578125
B0_MATCHED_V2,2024-09-16T20:00:00+00:00,YUNNAN_INSIDE,20,31,4.053500776060582,1.8899999856948853,True,True,0.7578125
B0_MATCHED_V2,2024-09-16T20:00:00+00:00,YUNNAN_INSIDE,20,32,4.228304382260319,5.299999713897705,True,True,0.76953125
B0_MATCHED_V2,2024-09-16T20:00:00+00:00,YUNNAN_INSIDE,20,33,4.371345763587004,6.46999979019165,True,True,0.78125
B0_MATCHED_V2,2024-09-16T20:00:00+00:00,YUNNAN_INSIDE,20,34,4.088884180404412,5.089999675750732,True,True,0.7421875
B0_MATCHED_V2,2024-09-16T20:00:00+00:00,YUNNAN_INSIDE,21,31,4.058858899724795,2.4600000381469727,True,True,0.75390625
B0_MATCHED_V2,2024-09-16T20:00:00+00:00,YUNNAN_INSIDE,21,32,4.237360892606689,4.230000019073486,True,True,0.7578125
B0_MATCHED_V2,2024-09-16T20:00:00+00:00,YUNNAN_INSIDE,21,33,4.367014325352854,6.849999904632568,True,True,0.765625
B0_MATCHED_V2,2024-09-16T20:00:00+00:00,YUNNAN_INSIDE,21,34,3.9656868516547474,5.599999904632568,True,True,0.7265625
B0_MATCHED_V2,2024-09-16T20:00:00+00:00,YUNNAN_INSIDE,22,33,3.982562243385682,5.21999979019165,True,True,0.71875
B0_MATCHED_V2,2024-09-30T19:00:00+00:00,YUNNAN_INSIDE,26,33,3.9717734402705784,13.09999942779541,True,True,0.69140625
B0_MATCHED_V2,2024-09-30T19:30:00+00:00,YUNNAN_INSIDE,25,34,3.933303881374169,18.06999969482422,True,True,0.6875
B0_MATCHED_V2,2024-09-30T19:30:00+00:00,YUNNAN_INSIDE,26,33,3.9400154699910828,11.399999618530273,True,True,0.6875
B0_MATCHED_V2,2024-09-30T21:00:00+00:00,YUNNAN_INSIDE,15,36,3.9781545658964075,20.959999084472656,True,True,0.6953125
B0_MATCHED_V2,2024-09-30T21:00:00+00:00,YUNNAN_INSIDE,16,36,3.945844815564174,18.8799991607666,True,True,0.69140625
B0_MATCHED_V2,2024-09-30T22:00:00+00:00,YUNNAN_INSIDE,15,35,3.9428289006633648,10.679999351501465,True,True,0.70703125
B0_MATCHED_V2,2024-09-30T22:30:00+00:00,YUNNAN_INSIDE,15,33,3.9735966981045103,7.059999942779541,True,True,0.69921875
B0_MATCHED_V2,2024-09-30T22:30:00+00:00,YUNNAN_INSIDE,15,34,3.971016280102123,7.12999963760376,True,True,0.69921875
B0_MATCHED_V2,2024-09-30T23:00:00+00:00,YUNNAN_INSIDE,15,31,4.004068166965038,6.559999942779541,True,True,0.69140625
B0_MATCHED_V2,2024-09-30T23:00:00+00:00,YUNNAN_INSIDE,15,32,4.142857125398673,6.839999675750732,True,True,0.69921875
B0_MATCHED_V2,2024-09-30T23:00:00+00:00,YUNNAN_INSIDE,15,33,4.156407540995236,7.279999732971191,True,True,0.69921875
B0_MATCHED_V2,2024-09-30T23:00:00+00:00,YUNNAN_INSIDE,15,34,3.9999629207551903,7.119999885559082,True,True,0.69921875
B0_MATCHED_V2,2024-09-30T23:00:00+00:00,YUNNAN_INSIDE,16,32,3.9939474878150265,5.139999866485596,True,True,0.6953125
B0_MATCHED_V2,2024-09-30T23:00:00+00:00,YUNNAN_INSIDE,16,33,4.023865870317463,5.900000095367432,True,True,0.6953125
B0_MATCHED_V2,2024-09-30T23:30:00+00:00,YUNNAN_INSIDE,15,31,4.1171967410072465,6.659999847412109,True,True,0.6953125
B0_MATCHED_V2,2024-09-30T23:30:00+00:00,YUNNAN_INSIDE,15,32,4.117166770340378,7.269999980926514,True,True,0.69921875
B0_MATCHED_V2,2024-09-30T23:30:00+00:00,YUNNAN_INSIDE,16,32,3.9657368093247722,4.539999961853027,True,True,0.6953125
B0_MATCHED_V2,2024-10-01T00:00:00+00:00,YUNNAN_INSIDE,15,31,4.0022830011913815,26.60999870300293,True,True,0.703125
B0_MATCHED_V2,2024-10-13T16:00:00+00:00,YUNNAN_INSIDE,25,51,4.178768363590492,0.5999999642372131,True,True,0.380859375
B0_MATCHED_V2,2024-10-13T16:00:00+00:00,YUNNAN_INSIDE,25,52,3.9653808037243747,0.0,True,False,0.33203125
B0_MATCHED_V2,2024-10-13T16:00:00+00:00,YUNNAN_INSIDE,26,51,4.074293907039744,0.0,True,False,0.318359375
B1_V2,2024-03-16T20:00:00+00:00,YUNNAN_INSIDE,62,44,4.901768586184531,0.0,True,False,0.1328125
B1_V2,2024-03-18T11:30:00+00:00,YUNNAN_INSIDE,41,79,4.083896443952961,0.0,True,False,0.484375
B1_V2,2024-03-18T11:30:00+00:00,YUNNAN_INSIDE,42,79,4.31276070196813,0.0,True,False,0.48046875
B1_V2,2024-03-18T11:30:00+00:00,YUNNAN_INSIDE,42,80,4.038432978253588,0.0,True,False,0.46484375
B1_V2,2024-03-18T12:00:00+00:00,YUNNAN_INSIDE,42,80,4.051604868399274,0.0,True,False,0.51171875
B1_V2,2024-03-18T12:00:00+00:00,YUNNAN_INSIDE,42,81,4.25378713610802,0.0,True,False,0.51171875
B1_V2,2024-03-19T12:30:00+00:00,YUNNAN_INSIDE,11,47,4.214375707623393,2.049999952316284,True,True,0.5078125
B1_V2,2024-03-19T12:30:00+00:00,YUNNAN_INSIDE,12,46,4.43234916928764,0.0,True,False,0.3984375
B1_V2,2024-03-19T12:30:00+00:00,YUNNAN_INSIDE,12,47,4.299899494489507,0.0,True,False,0.443359375
B1_V2,2024-03-19T13:00:00+00:00,YUNNAN_INSIDE,11,47,3.9461652025212817,0.0,True,False,0.458984375
B1_V2,2024-03-19T13:00:00+00:00,YUNNAN_INSIDE,12,47,4.1029241382429795,0.0,True,False,0.427734375
B1_V2,2024-03-20T14:00:00+00:00,YUNNAN_INSIDE,37,27,4.0045569320207495,0.0,True,False,0.45703125
B1_V2,2024-03-20T16:00:00+00:00,YUNNAN_INSIDE,31,23,3.974085387037807,0.03999999910593033,True,False,0.51953125
B1_V2,2024-03-20T16:00:00+00:00,YUNNAN_INSIDE,32,23,4.127765697472169,0.0,True,False,0.5234375
B1_V2,2024-03-20T16:00:00+00:00,YUNNAN_INSIDE,33,23,4.005470692807928,0.25999999046325684,True,True,0.5078125
B1_V2,2024-03-20T18:00:00+00:00,YUNNAN_INSIDE,29,30,4.086014197311752,3.0399999618530273,True,True,0.55859375
B1_V2,2024-03-20T18:00:00+00:00,YUNNAN_INSIDE,29,31,4.0770266145962255,3.4700000286102295,True,True,0.5703125
B1_V2,2024-03-20T18:00:00+00:00,YUNNAN_INSIDE,30,30,4.111638868039258,1.4499999284744263,True,True,0.56640625
B1_V2,2024-03-20T18:00:00+00:00,YUNNAN_INSIDE,30,31,4.248510086748869,3.5899999141693115,True,True,0.58984375
B1_V2,2024-03-20T18:00:00+00:00,YUNNAN_INSIDE,30,32,4.057243919887974,15.589999198913574,True,True,0.61328125
B1_V2,2024-03-20T18:00:00+00:00,YUNNAN_INSIDE,31,30,4.003065653186766,0.0,True,False,0.5546875
B1_V2,2024-03-20T18:00:00+00:00,YUNNAN_INSIDE,31,31,4.162327460303787,1.3199999332427979,True,True,0.58203125
B1_V2,2024-03-20T18:00:00+00:00,YUNNAN_INSIDE,31,32,3.9866671785334375,0.0,True,False,0.609375
B1_V2,2024-03-20T18:30:00+00:00,YUNNAN_INSIDE,30,32,3.9952499779228425,1.6399999856948853,True,True,0.49609375
B1_V2,2024-03-20T18:30:00+00:00,YUNNAN_INSIDE,30,33,3.9497288117150307,2.669999837875366,True,True,0.50390625
B1_V2,2024-03-20T18:30:00+00:00,YUNNAN_INSIDE,31,32,3.9728231649709858,0.0,True,False,0.5078125
B1_V2,2024-03-20T18:30:00+00:00,YUNNAN_INSIDE,31,33,4.040608260735488,1.399999976158142,True,True,0.51171875
B1_V2,2024-03-20T19:00:00+00:00,YUNNAN_INSIDE,29,34,4.000115704847548,2.5399999618530273,True,True,0.470703125
B1_V2,2024-03-20T19:00:00+00:00,YUNNAN_INSIDE,30,35,4.004194095926081,3.75,True,True,0.486328125
B1_V2,2024-03-20T19:00:00+00:00,YUNNAN_INSIDE,31,35,3.9522203044851008,2.549999952316284,True,True,0.494140625
B1_V2,2024-03-20T19:30:00+00:00,YUNNAN_INSIDE,29,36,4.12559806969523,1.5499999523162842,True,True,0.4921875
B1_V2,2024-03-20T19:30:00+00:00,YUNNAN_INSIDE,30,37,3.984464851189288,1.4900000095367432,True,True,0.51953125
B1_V2,2024-03-24T21:30:00+00:00,YUNNAN_INSIDE,52,8,4.021956116068871,0.009999999776482582,True,False,0.43359375
B1_V2,2024-03-27T21:00:00+00:00,YUNNAN_INSIDE,19,41,4.032031822588983,0.0,True,False,0.46484375
B1_V2,2024-03-27T21:00:00+00:00,YUNNAN_INSIDE,19,42,4.068866348838081,0.0,True,False,0.5
B1_V2,2024-03-27T21:30:00+00:00,YUNNAN_INSIDE,18,41,4.428483274642897,0.0,True,False,0.5234375
B1_V2,2024-03-27T21:30:00+00:00,YUNNAN_INSIDE,18,42,4.7645688576059975,0.07999999821186066,True,False,0.54296875
B1_V2,2024-03-27T21:30:00+00:00,YUNNAN_INSIDE,18,43,4.330939625874531,1.6299999952316284,True,True,0.55859375
B1_V2,2024-03-27T21:30:00+00:00,YUNNAN_INSIDE,18,44,4.132867076377822,1.209999918937683,True,True,0.58203125
B1_V2,2024-03-27T21:30:00+00:00,YUNNAN_INSIDE,19,41,5.197954606277189,0.0,True,False,0.52734375
B1_V2,2024-03-27T21:30:00+00:00,YUNNAN_INSIDE,19,42,5.8638661496646645,0.0,True,False,0.56640625
B1_V2,2024-03-27T21:30:00+00:00,YUNNAN_INSIDE,19,43,5.194500587114912,0.19999998807907104,True,True,0.578125
B1_V2,2024-03-27T21:30:00+00:00,YUNNAN_INSIDE,19,44,4.413404663344952,2.690000057220459,True,True,0.6015625
B1_V2,2024-03-27T21:30:00+00:00,YUNNAN_INSIDE,19,45,4.29200164782696,4.900000095367432,True,True,0.60546875
B1_V2,2024-03-27T21:30:00+00:00,YUNNAN_INSIDE,20,41,4.0747861582428175,0.0,True,False,0.482421875
B1_V2,2024-03-27T21:30:00+00:00,YUNNAN_INSIDE,20,42,5.514099071711689,0.0,True,False,0.52734375
B1_V2,2024-03-27T21:30:00+00:00,YUNNAN_INSIDE,20,43,5.691282368722471,0.0,True,False,0.546875
B1_V2,2024-03-27T21:30:00+00:00,YUNNAN_INSIDE,20,44,4.617437397273604,0.3100000023841858,True,True,0.5390625
B1_V2,2024-03-27T21:30:00+00:00,YUNNAN_INSIDE,20,45,3.932601470789116,0.5199999809265137,True,True,0.54296875
B1_V2,2024-03-27T22:00:00+00:00,YUNNAN_INSIDE,18,43,4.006404096870652,0.0,True,False,0.52734375
B1_V2,2024-03-27T22:00:00+00:00,YUNNAN_INSIDE,18,44,3.9321304815350713,0.0,True,False,0.55078125
B1_V2,2024-03-27T22:00:00+00:00,YUNNAN_INSIDE,19,42,4.545866589169676,0.0,True,False,0.5
B1_V2,2024-03-27T22:00:00+00:00,YUNNAN_INSIDE,19,43,4.662121039626012,0.0,True,False,0.51953125
B1_V2,2024-03-27T22:00:00+00:00,YUNNAN_INSIDE,19,44,4.683089985212488,0.0,True,False,0.52734375
B1_V2,2024-03-27T22:00:00+00:00,YUNNAN_INSIDE,19,45,4.1659461667221835,0.0,True,False,0.5625
B1_V2,2024-03-27T22:00:00+00:00,YUNNAN_INSIDE,19,46,4.022166697295668,0.1599999964237213,True,True,0.58984375
B1_V2,2024-03-27T22:00:00+00:00,YUNNAN_INSIDE,20,43,4.357255928764014,0.0,True,False,0.484375
B1_V2,2024-03-27T22:00:00+00:00,YUNNAN_INSIDE,20,44,4.690238454819335,0.0,True,False,0.494140625
B1_V2,2024-03-27T22:00:00+00:00,YUNNAN_INSIDE,20,45,4.2433662950716435,0.0,True,False,0.50390625
B1_V2,2024-03-27T22:30:00+00:00,YUNNAN_INSIDE,19,44,4.307021283668502,0.0,True,False,0.494140625
B1_V2,2024-03-27T22:30:00+00:00,YUNNAN_INSIDE,19,45,4.121171745754598,0.0,True,False,0.515625
B1_V2,2024-03-27T22:30:00+00:00,YUNNAN_INSIDE,20,45,4.537346440803982,0.0,True,False,0.484375
B1_V2,2024-03-27T23:00:00+00:00,YUNNAN_INSIDE,18,46,4.076113200639337,0.0,True,False,0.498046875
B1_V2,2024-03-27T23:00:00+00:00,YUNNAN_INSIDE,19,46,4.316519285119083,0.0,True,False,0.486328125
B1_V2,2024-03-28T17:30:00+00:00,YUNNAN_INSIDE,34,69,3.93815666606216,0.0,True,False,0.494140625
B1_V2,2024-03-28T18:00:00+00:00,YUNNAN_INSIDE,34,71,3.955533945431357,0.0,True,False,0.53515625
B1_V2,2024-03-28T18:00:00+00:00,YUNNAN_INSIDE,35,71,4.079085129687672,0.0,True,False,0.52734375
B1_V2,2024-03-28T19:00:00+00:00,YUNNAN_INSIDE,40,76,3.9602368830119716,0.0,True,False,0.53515625
B1_V2,2024-03-28T22:00:00+00:00,YUNNAN_INSIDE,29,78,4.183330923539761,0.429999977350235,True,True,0.390625
B1_V2,2024-03-29T05:30:00+00:00,YUNNAN_INSIDE,49,71,4.162889397045805,0.0,True,False,0.52734375
B1_V2,2024-03-29T06:00:00+00:00,YUNNAN_INSIDE,48,74,3.9468636211474686,3.7699999809265137,True,True,0.57421875
B1_V2,2024-03-29T06:00:00+00:00,YUNNAN_INSIDE,48,75,4.111649169412008,7.419999599456787,True,True,0.58984375
B1_V2,2024-03-29T06:00:00+00:00,YUNNAN_INSIDE,49,73,4.192941494736452,4.929999828338623,True,True,0.515625
B1_V2,2024-03-29T06:00:00+00:00,YUNNAN_INSIDE,50,73,4.4138506821437264,0.0,True,False,0.5078125
B1_V2,2024-03-29T06:00:00+00:00,YUNNAN_INSIDE,50,74,3.989373166843808,0.0,True,False,0.51171875
B1_V2,2024-03-31T10:00:00+00:00,YUNNAN_INSIDE,61,74,4.247776038029093,0.8299999833106995,True,True,0.5703125
B1_V2,2024-03-31T10:00:00+00:00,YUNNAN_INSIDE,62,74,4.179321552665678,0.029999999329447746,True,False,0.58203125
B1_V2,2024-04-02T10:00:00+00:00,YUNNAN_INSIDE,63,70,4.095942318749376,0.0,True,False,0.39453125
B1_V2,2024-04-02T10:00:00+00:00,YUNNAN_INSIDE,63,71,4.27759212379963,0.05999999865889549,True,False,0.46484375
B1_V2,2024-04-02T10:00:00+00:00,YUNNAN_INSIDE,64,70,4.697071170691874,0.07000000029802322,True,False,0.4453125
B1_V2,2024-04-02T10:00:00+00:00,YUNNAN_INSIDE,64,71,4.474558255211863,0.8100000023841858,True,True,0.48828125
B1_V2,2024-04-02T13:30:00+00:00,YUNNAN_INSIDE,75,78,3.9607749186641676,0.0,True,False,0.51953125
B1_V2,2024-04-02T13:30:00+00:00,YUNNAN_INSIDE,75,79,4.223871631656575,0.019999999552965164,True,False,0.546875
B1_V2,2024-04-02T13:30:00+00:00,YUNNAN_INSIDE,75,81,3.9483802037597653,0.2800000011920929,True,True,0.625
B1_V2,2024-04-02T13:30:00+00:00,YUNNAN_INSIDE,76,78,4.6444403351381975,0.0,True,False,0.5390625
B1_V2,2024-04-02T13:30:00+00:00,YUNNAN_INSIDE,76,79,4.735937577445991,0.550000011920929,True,True,0.5625
B1_V2,2024-04-02T13:30:00+00:00,YUNNAN_INSIDE,76,80,4.188254873569581,0.9199999570846558,True,True,0.59375
B1_V2,2024-04-02T13:30:00+00:00,YUNNAN_INSIDE,76,81,4.011682428222565,0.6100000143051147,True,True,0.59765625
B1_V2,2024-04-02T13:30:00+00:00,YUNNAN_INSIDE,77,80,3.9753147200001395,2.0,True,True,0.55078125
B1_V2,2024-04-04T09:00:00+00:00,YUNNAN_INSIDE,37,90,4.173044571523282,0.0,True,False,0.5
B1_V2,2024-04-04T09:30:00+00:00,YUNNAN_INSIDE,37,89,4.035659067725759,0.0,True,False,0.515625
B1_V2,2024-04-04T09:30:00+00:00,YUNNAN_INSIDE,37,90,5.452437827245169,0.0,True,False,0.5390625
B1_V2,2024-04-04T09:30:00+00:00,YUNNAN_INSIDE,38,89,3.9367874010136616,0.0,True,False,0.51171875
B1_V2,2024-04-04T09:30:00+00:00,YUNNAN_INSIDE,38,90,4.9753766570916955,0.0,True,False,0.5078125
B1_V2,2024-04-04T09:30:00+00:00,YUNNAN_INSIDE,38,91,4.796596185653976,0.0,True,False,0.484375
B1_V2,2024-04-04T10:00:00+00:00,YUNNAN_INSIDE,38,91,3.9786022038591726,0.0,True,False,0.45703125
B1_V2,2024-04-05T22:00:00+00:00,YUNNAN_INSIDE,38,6,3.9620788346655336,0.0,True,False,0.3984375
B1_V2,2024-04-05T22:00:00+00:00,YUNNAN_INSIDE,39,6,4.191423635841697,0.0,True,False,0.44921875
B1_V2,2024-04-05T22:00:00+00:00,YUNNAN_INSIDE,39,7,4.177612309121553,0.0,True,False,0.470703125
B1_V2,2024-04-05T22:00:00+00:00,YUNNAN_INSIDE,40,7,4.133780511960146,0.0,True,False,0.4765625
B1_V2,2024-04-08T21:30:00+00:00,YUNNAN_INSIDE,12,42,4.519340585662061,0.0,True,False,0.380859375
B1_V2,2024-04-09T10:30:00+00:00,YUNNAN_INSIDE,11,47,4.97285586780338,2.690000057220459,True,True,0.5234375
B1_V2,2024-04-09T10:30:00+00:00,YUNNAN_INSIDE,12,46,4.232989427053836,0.0,True,False,0.447265625
B1_V2,2024-04-09T10:30:00+00:00,YUNNAN_INSIDE,12,47,4.645964712135475,1.559999942779541,True,True,0.5
B1_V2,2024-04-10T08:00:00+00:00,YUNNAN_INSIDE,38,47,4.155290829556895,0.0,True,False,0.55859375
B1_V2,2024-04-10T08:00:00+00:00,YUNNAN_INSIDE,38,48,4.11636693422579,0.4099999964237213,True,True,0.57421875
B1_V2,2024-04-10T08:30:00+00:00,YUNNAN_INSIDE,20,28,4.39262168220504,0.0,True,False,0.578125
B1_V2,2024-04-10T09:00:00+00:00,YUNNAN_INSIDE,20,30,4.067718211799884,0.0,True,False,0.55078125
B1_V2,2024-04-11T11:30:00+00:00,YUNNAN_INSIDE,43,33,3.9750567092037294,0.0,True,False,0.47265625
B1_V2,2024-04-11T13:30:00+00:00,YUNNAN_INSIDE,35,57,4.054476703524181,0.0,True,False,0.349609375
B1_V2,2024-04-11T13:30:00+00:00,YUNNAN_INSIDE,35,58,4.354131140664901,0.0,True,False,0.412109375
B1_V2,2024-04-12T10:30:00+00:00,YUNNAN_INSIDE,25,47,4.220348837687586,0.0,True,False,0.49609375
B1_V2,2024-04-12T10:30:00+00:00,YUNNAN_INSIDE,26,47,4.1547631757861625,0.0,True,False,0.466796875
B1_V2,2024-04-15T01:00:00+00:00,YUNNAN_INSIDE,49,57,4.224238513091113,0.0,True,False,0.30859375
B1_V2,2024-04-15T01:30:00+00:00,YUNNAN_INSIDE,51,59,4.250787382124081,0.0,True,False,0.31640625
B1_V2,2024-04-21T05:00:00+00:00,YUNNAN_INSIDE,34,77,3.985317277655109,0.0,True,False,0.5
B1_V2,2024-04-21T05:00:00+00:00,YUNNAN_INSIDE,34,78,4.0181013051766845,0.0,True,False,0.515625
B1_V2,2024-04-21T06:00:00+00:00,YUNNAN_INSIDE,33,80,4.007377472856636,0.0,True,False,0.49609375
B1_V2,2024-04-23T08:00:00+00:00,YUNNAN_INSIDE,31,77,4.004830287458496,5.079999923706055,True,True,0.54296875
B1_V2,2024-04-23T10:30:00+00:00,YUNNAN_INSIDE,33,79,4.228580736032485,10.069999694824219,True,True,0.5859375
B1_V2,2024-04-27T12:00:00+00:00,YUNNAN_INSIDE,65,72,3.9970316150371907,1.7999999523162842,True,True,0.50390625
B1_V2,2024-04-28T10:00:00+00:00,YUNNAN_INSIDE,74,76,3.9692141336718905,0.0,True,False,0.48828125
B1_V2,2024-04-28T10:00:00+00:00,YUNNAN_INSIDE,74,77,4.314171085569177,0.0,True,False,0.51171875
B1_V2,2024-04-28T10:00:00+00:00,YUNNAN_INSIDE,75,76,4.2798779733950445,0.0,True,False,0.482421875
B1_V2,2024-04-28T10:00:00+00:00,YUNNAN_INSIDE,75,77,4.54349707214512,0.0,True,False,0.51171875
B1_V2,2024-04-28T10:00:00+00:00,YUNNAN_INSIDE,76,77,4.018570578618969,0.0,True,False,0.46875
B1_V2,2024-04-28T11:00:00+00:00,YUNNAN_INSIDE,76,78,4.339851139332045,0.0,True,False,0.5078125
B1_V2,2024-04-28T11:00:00+00:00,YUNNAN_INSIDE,77,78,4.635422439689886,0.0,True,False,0.51953125
B1_V2,2024-04-28T11:00:00+00:00,YUNNAN_INSIDE,77,79,3.9446591932180355,0.7099999785423279,True,True,0.50390625
B1_V2,2024-04-28T12:00:00+00:00,YUNNAN_INSIDE,80,80,4.2524390831267205,12.710000038146973,True,True,0.439453125
B1_V2,2024-04-30T10:00:00+00:00,YUNNAN_INSIDE,39,87,4.086976925510348,0.0,True,False,0.478515625
B1_V2,2024-04-30T10:00:00+00:00,YUNNAN_INSIDE,39,88,4.089120544360667,0.0,True,False,0.50390625
B1_V2,2024-05-02T15:30:00+00:00,YUNNAN_INSIDE,24,60,4.143980150965351,0.0,True,False,0.52734375
B1_V2,2024-05-04T04:30:00+00:00,YUNNAN_INSIDE,39,87,3.9711178411218975,0.8299999833106995,True,True,0.4765625
B1_V2,2024-05-04T04:30:00+00:00,YUNNAN_INSIDE,40,87,4.730552357512831,0.6800000071525574,True,True,0.443359375
B1_V2,2024-05-04T04:30:00+00:00,YUNNAN_INSIDE,40,88,3.965548651274386,0.0,True,False,0.48828125
B1_V2,2024-05-04T05:00:00+00:00,YUNNAN_INSIDE,40,88,3.9567137781843216,0.0,True,False,0.400390625
B1_V2,2024-05-04T09:00:00+00:00,YUNNAN_INSIDE,38,83,4.039663226491018,7.429999828338623,True,True,0.52734375
B1_V2,2024-05-04T09:00:00+00:00,YUNNAN_INSIDE,38,84,4.412450060411068,12.09000015258789,True,True,0.546875
B1_V2,2024-05-04T09:30:00+00:00,YUNNAN_INSIDE,37,84,4.081831657440352,9.969999313354492,True,True,0.58984375
B1_V2,2024-05-04T10:00:00+00:00,YUNNAN_INSIDE,36,79,3.9493766623180013,3.6399998664855957,True,True,0.5546875
B1_V2,2024-05-04T10:00:00+00:00,YUNNAN_INSIDE,37,78,4.079071090894498,0.029999999329447746,True,False,0.546875
B1_V2,2024-05-04T10:30:00+00:00,YUNNAN_INSIDE,34,79,4.072131706255356,23.260000228881836,True,True,0.6015625
B1_V2,2024-05-04T10:30:00+00:00,YUNNAN_INSIDE,35,77,4.108637037423441,0.0,True,False,0.56640625
B1_V2,2024-05-04T10:30:00+00:00,YUNNAN_INSIDE,35,78,4.356952234786178,0.0,True,False,0.59765625
B1_V2,2024-05-04T10:30:00+00:00,YUNNAN_INSIDE,36,77,4.554126013855793,0.0,True,False,0.5859375
B1_V2,2024-05-04T10:30:00+00:00,YUNNAN_INSIDE,37,77,4.2807992856765855,0.0,True,False,0.57421875
B1_V2,2024-05-04T11:00:00+00:00,YUNNAN_INSIDE,38,77,4.035859420083817,0.0,True,False,0.5703125
B1_V2,2024-05-04T11:30:00+00:00,YUNNAN_INSIDE,34,77,4.15881630059451,0.0,True,False,0.55859375
B1_V2,2024-05-04T11:30:00+00:00,YUNNAN_INSIDE,35,77,4.193340542880809,0.0,True,False,0.5703125
B1_V2,2024-05-04T12:00:00+00:00,YUNNAN_INSIDE,33,79,3.99820663903142,0.0,True,False,0.54296875
B1_V2,2024-05-04T12:00:00+00:00,YUNNAN_INSIDE,34,79,4.09072925125941,0.0,True,False,0.55078125
B1_V2,2024-05-04T12:30:00+00:00,YUNNAN_INSIDE,32,80,4.224733947270713,0.0,True,False,0.51953125
B1_V2,2024-05-05T08:00:00+00:00,YUNNAN_INSIDE,37,74,4.166669841579465,0.0,True,False,0.578125
B1_V2,2024-05-05T08:00:00+00:00,YUNNAN_INSIDE,37,75,4.101062730559332,0.0,True,False,0.58984375
B1_V2,2024-05-05T08:00:00+00:00,YUNNAN_INSIDE,38,75,4.175298862686029,0.0,True,False,0.58203125
B1_V2,2024-05-05T13:30:00+00:00,YUNNAN_INSIDE,27,59,3.9452383499310177,1.9199999570846558,True,True,0.5703125
B1_V2,2024-05-07T14:00:00+00:00,YUNNAN_INSIDE,60,67,4.032120887541376,0.29999998211860657,True,True,0.53125
B1_V2,2024-05-11T07:00:00+00:00,YUNNAN_INSIDE,38,91,4.0335704944223405,5.109999656677246,True,True,0.486328125
B1_V2,2024-05-12T13:00:00+00:00,YUNNAN_INSIDE,27,69,3.9361815219335043,0.009999999776482582,True,False,0.5
B1_V2,2024-05-13T12:00:00+00:00,YUNNAN_INSIDE,23,46,4.007663461220016,1.75,True,True,0.48828125
B1_V2,2024-05-13T13:30:00+00:00,YUNNAN_INSIDE,17,47,5.192129545818192,0.0,True,False,0.51171875
B1_V2,2024-05-13T14:00:00+00:00,YUNNAN_INSIDE,16,47,4.475407690349243,1.7799999713897705,True,True,0.494140625
B1_V2,2024-05-13T14:00:00+00:00,YUNNAN_INSIDE,17,47,4.982763270520724,0.0,True,False,0.50390625
B1_V2,2024-05-14T17:30:00+00:00,YUNNAN_INSIDE,24,52,4.2304195290466,0.009999999776482582,True,False,0.47265625
B1_V2,2024-05-15T13:00:00+00:00,YUNNAN_INSIDE,35,48,4.025491240797867,0.6899999976158142,True,True,0.6328125
B1_V2,2024-05-15T13:00:00+00:00,YUNNAN_INSIDE,35,49,4.063966123087311,6.96999979019165,True,True,0.6640625
B1_V2,2024-05-15T13:30:00+00:00,YUNNAN_INSIDE,31,51,4.002063860884189,0.0,True,False,0.5703125
B1_V2,2024-05-15T13:30:00+00:00,YUNNAN_INSIDE,33,48,4.040688689995663,0.0,True,False,0.640625
B1_V2,2024-05-15T13:30:00+00:00,YUNNAN_INSIDE,33,49,4.205387805989639,0.0,True,False,0.67578125
B1_V2,2024-05-15T13:30:00+00:00,YUNNAN_INSIDE,33,50,4.079718283145728,0.0,True,False,0.67578125
B1_V2,2024-05-15T13:30:00+00:00,YUNNAN_INSIDE,34,47,4.079531097296397,5.289999961853027,True,True,0.59375
B1_V2,2024-05-15T13:30:00+00:00,YUNNAN_INSIDE,34,48,4.127688414555841,0.0,True,False,0.640625
B1_V2,2024-05-15T13:30:00+00:00,YUNNAN_INSIDE,34,49,3.9781723125481716,0.0,True,False,0.66796875
B1_V2,2024-05-15T13:30:00+00:00,YUNNAN_INSIDE,35,47,4.24585976089561,1.1899999380111694,True,True,0.578125
B1_V2,2024-05-15T13:30:00+00:00,YUNNAN_INSIDE,35,48,3.9586209459711235,0.0,True,False,0.61328125
B1_V2,2024-05-15T14:00:00+00:00,YUNNAN_INSIDE,30,47,4.177795607388582,0.0,True,False,0.58984375
B1_V2,2024-05-15T14:00:00+00:00,YUNNAN_INSIDE,30,48,4.124452464966155,0.0,True,False,0.62109375
B1_V2,2024-05-15T14:00:00+00:00,YUNNAN_INSIDE,30,49,3.9763192242702634,0.0,True,False,0.65625
B1_V2,2024-05-15T14:00:00+00:00,YUNNAN_INSIDE,31,47,4.523112468975157,0.0,True,False,0.640625
B1_V2,2024-05-15T14:00:00+00:00,YUNNAN_INSIDE,31,48,4.416656239555781,0.0,True,False,0.6875
B1_V2,2024-05-15T14:00:00+00:00,YUNNAN_INSIDE,31,49,4.0798137481846695,0.0,True,False,0.67578125
B1_V2,2024-05-15T14:00:00+00:00,YUNNAN_INSIDE,31,50,3.9664724071502206,0.0,True,False,0.67578125
B1_V2,2024-05-15T14:00:00+00:00,YUNNAN_INSIDE,32,46,4.258458606797019,0.0,True,False,0.5625
B1_V2,2024-05-15T14:00:00+00:00,YUNNAN_INSIDE,32,47,4.316589760566225,0.0,True,False,0.6796875
B1_V2,2024-05-15T14:00:00+00:00,YUNNAN_INSIDE,32,48,4.210590325164767,0.0,True,False,0.6796875
B1_V2,2024-05-15T14:00:00+00:00,YUNNAN_INSIDE,32,49,4.025131289360952,0.0,True,False,0.6875
B1_V2,2024-05-15T14:00:00+00:00,YUNNAN_INSIDE,33,46,4.049528734683957,0.0,True,False,0.609375
B1_V2,2024-05-15T15:30:00+00:00,YUNNAN_INSIDE,25,49,4.054322349995577,0.0,True,False,0.6171875
B1_V2,2024-05-15T15:30:00+00:00,YUNNAN_INSIDE,26,48,4.268390381324905,0.0,True,False,0.6171875
B1_V2,2024-05-15T15:30:00+00:00,YUNNAN_INSIDE,26,51,4.082677779613138,2.859999895095825,True,True,0.734375
B1_V2,2024-05-15T15:30:00+00:00,YUNNAN_INSIDE,26,52,4.041931385038369,2.0799999237060547,True,True,0.74609375
B1_V2,2024-05-15T15:30:00+00:00,YUNNAN_INSIDE,27,47,4.442314818105406,0.6699999570846558,True,True,0.6015625
B1_V2,2024-05-15T15:30:00+00:00,YUNNAN_INSIDE,27,50,4.07899949310747,1.5299999713897705,True,True,0.73046875
B1_V2,2024-05-15T15:30:00+00:00,YUNNAN_INSIDE,27,51,4.308782941704826,2.25,True,True,0.75390625
B1_V2,2024-05-15T15:30:00+00:00,YUNNAN_INSIDE,27,52,3.9729821666742686,2.049999952316284,True,True,0.74609375
B1_V2,2024-05-15T15:30:00+00:00,YUNNAN_INSIDE,28,47,4.001668569773158,1.0,True,True,0.62109375
B1_V2,2024-05-15T15:30:00+00:00,YUNNAN_INSIDE,28,50,4.0743692417629545,1.059999942779541,True,True,0.734375
B1_V2,2024-05-15T15:30:00+00:00,YUNNAN_INSIDE,28,51,4.1394310287661975,1.459999918937683,True,True,0.75390625
B1_V2,2024-05-15T15:30:00+00:00,YUNNAN_INSIDE,29,46,4.259420920085088,1.3899999856948853,True,True,0.55859375
B1_V2,2024-05-15T16:00:00+00:00,YUNNAN_INSIDE,24,48,4.065743419145848,0.0,True,False,0.5859375
B1_V2,2024-05-15T16:00:00+00:00,YUNNAN_INSIDE,24,52,3.9815232791546737,17.85999870300293,True,True,0.74609375
B1_V2,2024-05-15T16:00:00+00:00,YUNNAN_INSIDE,25,47,4.21092804480768,0.3499999940395355,True,True,0.57421875
B1_V2,2024-05-15T16:00:00+00:00,YUNNAN_INSIDE,25,48,4.0053716291919255,0.0,True,False,0.62890625
B1_V2,2024-05-15T16:00:00+00:00,YUNNAN_INSIDE,25,51,4.124230465817396,3.7799999713897705,True,True,0.75390625
B1_V2,2024-05-15T16:00:00+00:00,YUNNAN_INSIDE,25,52,4.164313244701407,4.889999866485596,True,True,0.76171875
B1_V2,2024-05-15T16:00:00+00:00,YUNNAN_INSIDE,26,47,3.993378476967305,0.8199999928474426,True,True,0.62109375
B1_V2,2024-05-15T16:00:00+00:00,YUNNAN_INSIDE,26,50,4.251672602098519,29.579999923706055,True,True,0.7421875
B1_V2,2024-05-15T16:00:00+00:00,YUNNAN_INSIDE,26,51,4.370393125375766,8.59999942779541,True,True,0.765625
B1_V2,2024-05-15T16:00:00+00:00,YUNNAN_INSIDE,26,52,4.278906430475241,2.309999942779541,True,True,0.76953125
B1_V2,2024-05-15T16:00:00+00:00,YUNNAN_INSIDE,26,53,4.1381778595794785,2.629999876022339,True,True,0.76171875
B1_V2,2024-05-15T16:00:00+00:00,YUNNAN_INSIDE,27,50,4.036807656272854,10.869999885559082,True,True,0.74609375
B1_V2,2024-05-15T16:00:00+00:00,YUNNAN_INSIDE,27,51,4.113746475784846,1.71999990940094,True,True,0.76171875
B1_V2,2024-05-15T16:00:00+00:00,YUNNAN_INSIDE,27,52,4.025139470046592,0.6200000047683716,True,True,0.76171875
B1_V2,2024-05-15T16:00:00+00:00,YUNNAN_INSIDE,27,53,3.991757440132937,0.9099999666213989,True,True,0.75
B1_V2,2024-05-15T16:00:00+00:00,YUNNAN_INSIDE,27,54,3.9722343263144126,1.5699999332427979,True,True,0.74609375
B1_V2,2024-05-15T16:30:00+00:00,YUNNAN_INSIDE,24,48,3.9612840158041913,0.1899999976158142,True,True,0.6953125
B1_V2,2024-05-15T16:30:00+00:00,YUNNAN_INSIDE,24,51,4.242836921598024,14.039999961853027,True,True,0.765625
B1_V2,2024-05-15T16:30:00+00:00,YUNNAN_INSIDE,24,52,4.143601589989671,16.020000457763672,True,True,0.7734375
B1_V2,2024-05-15T16:30:00+00:00,YUNNAN_INSIDE,25,48,3.9903767988454817,3.75,True,True,0.7265625
B1_V2,2024-05-15T16:30:00+00:00,YUNNAN_INSIDE,25,49,4.359055554180227,13.649999618530273,True,True,0.76171875
B1_V2,2024-05-15T16:30:00+00:00,YUNNAN_INSIDE,25,50,4.447481938234715,6.559999942779541,True,True,0.7734375
B1_V2,2024-05-15T16:30:00+00:00,YUNNAN_INSIDE,25,51,4.292882740221992,2.309999942779541,True,True,0.7734375
B1_V2,2024-05-15T16:30:00+00:00,YUNNAN_INSIDE,25,52,4.141126013936359,4.489999771118164,True,True,0.76953125
B1_V2,2024-05-15T16:30:00+00:00,YUNNAN_INSIDE,26,48,4.134347786414575,2.759999990463257,True,True,0.76171875
B1_V2,2024-05-15T16:30:00+00:00,YUNNAN_INSIDE,26,49,4.364099264536282,4.489999771118164,True,True,0.77734375
B1_V2,2024-05-15T16:30:00+00:00,YUNNAN_INSIDE,26,50,4.38004329151294,5.349999904632568,True,True,0.78515625
B1_V2,2024-05-15T16:30:00+00:00,YUNNAN_INSIDE,26,51,4.307557762321765,1.4299999475479126,True,True,0.78125
B1_V2,2024-05-15T16:30:00+00:00,YUNNAN_INSIDE,26,52,4.243469542195352,1.8799999952316284,True,True,0.7734375
B1_V2,2024-05-15T16:30:00+00:00,YUNNAN_INSIDE,26,53,4.196072523967248,2.1399998664855957,True,True,0.7734375
B1_V2,2024-05-15T16:30:00+00:00,YUNNAN_INSIDE,27,49,3.9320966563434006,0.3400000035762787,True,True,0.77734375
B1_V2,2024-05-15T16:30:00+00:00,YUNNAN_INSIDE,27,50,4.0169914724830456,1.4800000190734863,True,True,0.77734375
B1_V2,2024-05-15T16:30:00+00:00,YUNNAN_INSIDE,27,51,4.081723553204589,0.4099999964237213,True,True,0.7734375
B1_V2,2024-05-15T16:30:00+00:00,YUNNAN_INSIDE,27,52,4.048215701939279,0.4099999964237213,True,True,0.76171875
B1_V2,2024-05-15T16:30:00+00:00,YUNNAN_INSIDE,27,53,4.002624095740519,0.6100000143051147,True,True,0.7578125
B1_V2,2024-05-15T16:30:00+00:00,YUNNAN_INSIDE,27,54,3.93931575571008,0.8499999642372131,True,True,0.7578125
B1_V2,2024-05-15T17:00:00+00:00,YUNNAN_INSIDE,24,49,4.256854157975948,7.609999656677246,True,True,0.78515625
B1_V2,2024-05-15T17:00:00+00:00,YUNNAN_INSIDE,24,51,4.2224848209826344,11.809999465942383,True,True,0.7890625
B1_V2,2024-05-15T17:00:00+00:00,YUNNAN_INSIDE,24,52,4.10097752681548,16.440000534057617,True,True,0.78125
B1_V2,2024-05-15T17:00:00+00:00,YUNNAN_INSIDE,25,48,3.9940091544176948,6.779999732971191,True,True,0.76953125
B1_V2,2024-05-15T17:00:00+00:00,YUNNAN_INSIDE,25,49,4.326715969570744,6.420000076293945,True,True,0.7890625
B1_V2,2024-05-15T17:00:00+00:00,YUNNAN_INSIDE,25,50,4.42331321611471,5.949999809265137,True,True,0.79296875
B1_V2,2024-05-15T17:00:00+00:00,YUNNAN_INSIDE,25,51,4.410994420515495,4.150000095367432,True,True,0.79296875
B1_V2,2024-05-15T17:00:00+00:00,YUNNAN_INSIDE,25,52,4.343576440566083,4.110000133514404,True,True,0.7890625
B1_V2,2024-05-15T17:00:00+00:00,YUNNAN_INSIDE,26,48,4.000249332918124,7.009999752044678,True,True,0.77734375
B1_V2,2024-05-15T17:00:00+00:00,YUNNAN_INSIDE,26,49,4.277864468107872,5.699999809265137,True,True,0.7890625
B1_V2,2024-05-15T17:00:00+00:00,YUNNAN_INSIDE,26,50,4.420303669620413,7.440000057220459,True,True,0.79296875
B1_V2,2024-05-15T17:00:00+00:00,YUNNAN_INSIDE,26,51,4.4539345024672565,5.380000114440918,True,True,0.79296875
B1_V2,2024-05-15T17:00:00+00:00,YUNNAN_INSIDE,26,52,4.390443998612123,3.619999885559082,True,True,0.7890625
B1_V2,2024-05-15T17:00:00+00:00,YUNNAN_INSIDE,26,53,4.219738034364691,2.9700000286102295,True,True,0.7890625
B1_V2,2024-05-15T17:00:00+00:00,YUNNAN_INSIDE,27,50,4.061111535954836,3.419999837875366,True,True,0.78125
B1_V2,2024-05-15T17:00:00+00:00,YUNNAN_INSIDE,27,51,4.127617220691978,2.3899998664855957,True,True,0.78125
B1_V2,2024-05-15T17:00:00+00:00,YUNNAN_INSIDE,27,52,4.0492223963346,1.8399999141693115,True,True,0.77734375
B1_V2,2024-05-15T18:00:00+00:00,YUNNAN_INSIDE,11,47,4.768028510709449,0.0,True,False,0.55859375
B1_V2,2024-05-15T18:00:00+00:00,YUNNAN_INSIDE,12,46,4.476301396399207,2.609999895095825,True,True,0.5390625
B1_V2,2024-05-15T18:00:00+00:00,YUNNAN_INSIDE,12,47,4.831703717418966,0.0,True,False,0.5703125
B1_V2,2024-05-15T18:00:00+00:00,YUNNAN_INSIDE,13,46,4.393861533026156,2.1399998664855957,True,True,0.54296875
B1_V2,2024-05-15T18:00:00+00:00,YUNNAN_INSIDE,14,46,4.190960830270337,2.2200000286102295,True,True,0.546875
B1_V2,2024-05-15T18:00:00+00:00,YUNNAN_INSIDE,14,47,4.084232938778658,0.0,True,False,0.5546875
B1_V2,2024-05-15T18:30:00+00:00,YUNNAN_INSIDE,11,47,4.5449466733240165,0.0,True,False,0.6171875
B1_V2,2024-05-15T18:30:00+00:00,YUNNAN_INSIDE,12,46,4.361987331311035,0.28999999165534973,True,True,0.53125
B1_V2,2024-05-15T18:30:00+00:00,YUNNAN_INSIDE,13,46,3.9391055402072617,0.23999999463558197,True,True,0.515625
B1_V2,2024-05-15T18:30:00+00:00,YUNNAN_INSIDE,14,46,4.062968262812776,0.4399999976158142,True,True,0.4921875
B1_V2,2024-05-15T19:00:00+00:00,YUNNAN_INSIDE,12,46,4.048771076766773,0.6800000071525574,True,True,0.5
B1_V2,2024-05-15T20:30:00+00:00,YUNNAN_INSIDE,12,44,3.983490534655005,35.96999740600586,True,True,0.5234375
B1_V2,2024-05-15T20:30:00+00:00,YUNNAN_INSIDE,12,45,4.366125689211896,24.510000228881836,True,True,0.56640625
B1_V2,2024-05-15T20:30:00+00:00,YUNNAN_INSIDE,13,43,4.3388303122925995,6.429999828338623,True,True,0.50390625
B1_V2,2024-05-15T20:30:00+00:00,YUNNAN_INSIDE,13,44,4.823071481280254,17.329999923706055,True,True,0.55078125
B1_V2,2024-05-15T20:30:00+00:00,YUNNAN_INSIDE,13,45,4.419194647529627,21.549999237060547,True,True,0.5859375
B1_V2,2024-05-15T20:30:00+00:00,YUNNAN_INSIDE,14,43,4.275684806764678,2.5,True,True,0.515625
B1_V2,2024-05-15T20:30:00+00:00,YUNNAN_INSIDE,14,44,4.570009442505561,10.960000038146973,True,True,0.55078125
B1_V2,2024-05-15T20:30:00+00:00,YUNNAN_INSIDE,14,45,4.119982679659966,19.35999870300293,True,True,0.58203125
B1_V2,2024-05-15T20:30:00+00:00,YUNNAN_INSIDE,15,44,4.394238760430597,7.779999732971191,True,True,0.5390625
B1_V2,2024-05-15T20:30:00+00:00,YUNNAN_INSIDE,15,45,4.144964983640229,7.980000019073486,True,True,0.58203125
B1_V2,2024-05-15T20:30:00+00:00,YUNNAN_INSIDE,16,44,3.962067396647803,1.959999918937683,True,True,0.53125
B1_V2,2024-05-15T21:00:00+00:00,YUNNAN_INSIDE,12,43,4.452033227449753,4.329999923706055,True,True,0.5859375
B1_V2,2024-05-15T21:00:00+00:00,YUNNAN_INSIDE,12,44,4.475470786229139,35.939998626708984,True,True,0.640625
B1_V2,2024-05-15T21:00:00+00:00,YUNNAN_INSIDE,12,45,4.167410867802619,20.709999084472656,True,True,0.7109375
B1_V2,2024-05-15T21:00:00+00:00,YUNNAN_INSIDE,12,46,4.025495214302243,8.369999885559082,True,True,0.7265625
B1_V2,2024-05-15T21:00:00+00:00,YUNNAN_INSIDE,12,47,4.0166986528030515,11.719999313354492,True,True,0.7265625
B1_V2,2024-05-15T21:00:00+00:00,YUNNAN_INSIDE,13,43,4.519822073035674,1.7699999809265137,True,True,0.58203125
B1_V2,2024-05-15T21:00:00+00:00,YUNNAN_INSIDE,13,44,4.476752961946521,8.059999465942383,True,True,0.6796875
B1_V2,2024-05-15T21:00:00+00:00,YUNNAN_INSIDE,13,45,4.63463509605039,16.719999313354492,True,True,0.75390625
B1_V2,2024-05-15T21:00:00+00:00,YUNNAN_INSIDE,13,46,4.311211757327901,20.1299991607666,True,True,0.7578125
B1_V2,2024-05-15T21:00:00+00:00,YUNNAN_INSIDE,14,45,4.254121806937771,7.079999923706055,True,True,0.73828125
B1_V2,2024-05-15T21:30:00+00:00,YUNNAN_INSIDE,12,43,3.9465553635751283,3.490000009536743,True,True,0.6015625
B1_V2,2024-05-17T02:00:00+00:00,YUNNAN_INSIDE,45,6,4.05983539647276,0.0,True,False,0.47265625
B1_V2,2024-05-17T02:00:00+00:00,YUNNAN_INSIDE,45,7,5.0388995275507495,0.550000011920929,True,True,0.490234375
B1_V2,2024-05-17T02:00:00+00:00,YUNNAN_INSIDE,45,8,3.949690772916563,0.0,True,False,0.48828125
B1_V2,2024-05-17T02:00:00+00:00,YUNNAN_INSIDE,46,7,4.714877626298409,0.0,True,False,0.46875
B1_V2,2024-05-17T04:00:00+00:00,YUNNAN_INSIDE,21,30,4.0995599809997945,0.0,True,False,0.55859375
B1_V2,2024-05-17T04:00:00+00:00,YUNNAN_INSIDE,21,31,4.150376716178699,0.03999999910593033,True,False,0.6015625
B1_V2,2024-05-17T04:00:00+00:00,YUNNAN_INSIDE,22,30,4.105905988569776,0.0,True,False,0.546875
B1_V2,2024-05-17T04:00:00+00:00,YUNNAN_INSIDE,22,31,4.226090781878971,0.0,True,False,0.57421875
B1_V2,2024-05-18T05:00:00+00:00,YUNNAN_INSIDE,12,47,4.164647418139799,0.8100000023841858,True,True,0.53125
B1_V2,2024-05-18T13:30:00+00:00,YUNNAN_INSIDE,40,81,3.978194729380918,0.0,True,False,0.60546875
B1_V2,2024-05-18T13:30:00+00:00,YUNNAN_INSIDE,41,80,3.955567321099689,2.7200000286102295,True,True,0.59375
B1_V2,2024-05-18T13:30:00+00:00,YUNNAN_INSIDE,43,77,4.0031563014533385,0.0,True,False,0.5390625
B1_V2,2024-05-18T13:30:00+00:00,YUNNAN_INSIDE,44,77,4.551890116687617,0.0,True,False,0.5546875
B1_V2,2024-05-18T14:00:00+00:00,YUNNAN_INSIDE,43,78,4.426392997810975,0.0,True,False,0.55078125
B1_V2,2024-05-19T17:00:00+00:00,YUNNAN_INSIDE,24,51,4.145267652134491,0.0,True,False,0.57421875
B1_V2,2024-05-19T18:00:00+00:00,YUNNAN_INSIDE,35,51,4.132176154287819,0.0,True,False,0.66796875
B1_V2,2024-05-19T18:00:00+00:00,YUNNAN_INSIDE,35,52,3.9701220856133137,13.279999732971191,True,True,0.6640625
B1_V2,2024-05-19T18:30:00+00:00,YUNNAN_INSIDE,33,52,3.9719079232718304,2.669999837875366,True,True,0.64453125
B1_V2,2024-05-19T18:30:00+00:00,YUNNAN_INSIDE,34,50,4.246122582595845,3.93999981880188,True,True,0.609375
B1_V2,2024-05-19T18:30:00+00:00,YUNNAN_INSIDE,34,51,4.256890771625961,0.7299999594688416,True,True,0.6171875
B1_V2,2024-05-19T18:30:00+00:00,YUNNAN_INSIDE,34,52,4.126006015625669,2.569999933242798,True,True,0.640625
B1_V2,2024-05-19T18:30:00+00:00,YUNNAN_INSIDE,35,50,4.175747012503094,4.71999979019165,True,True,0.60546875
B1_V2,2024-05-20T09:00:00+00:00,YUNNAN_INSIDE,12,42,4.009273812457622,5.259999752044678,True,True,0.59765625
B1_V2,2024-05-20T09:30:00+00:00,YUNNAN_INSIDE,12,43,4.126743698169597,5.069999694824219,True,True,0.609375
B1_V2,2024-05-20T09:30:00+00:00,YUNNAN_INSIDE,13,43,4.140111265418721,7.519999980926514,True,True,0.57421875
B1_V2,2024-05-27T16:30:00+00:00,YUNNAN_INSIDE,35,21,4.316025959061677,9.0,True,True,0.7578125
B1_V2,2024-05-27T16:30:00+00:00,YUNNAN_INSIDE,35,22,4.21709082178449,5.909999847412109,True,True,0.76171875
B1_V2,2024-05-27T17:00:00+00:00,YUNNAN_INSIDE,34,23,3.965998971240074,4.650000095367432,True,True,0.73046875
B1_V2,2024-05-29T22:30:00+00:00,YUNNAN_INSIDE,43,78,4.1373065136107945,13.769999504089355,True,True,0.76171875
B1_V2,2024-05-29T22:30:00+00:00,YUNNAN_INSIDE,43,79,3.9551731163099153,11.359999656677246,True,True,0.7421875
B1_V2,2024-05-29T22:30:00+00:00,YUNNAN_INSIDE,43,80,4.23040263761261,7.509999752044678,True,True,0.74609375
B1_V2,2024-05-29T22:30:00+00:00,YUNNAN_INSIDE,43,81,4.531462953327713,3.0299999713897705,True,True,0.75
B1_V2,2024-05-30T13:30:00+00:00,YUNNAN_INSIDE,17,41,4.033283655492516,3.669999837875366,True,True,0.7109375
B1_V2,2024-05-30T15:30:00+00:00,YUNNAN_INSIDE,14,42,3.931980251221337,3.799999952316284,True,True,0.6796875
B1_V2,2024-05-30T15:30:00+00:00,YUNNAN_INSIDE,26,53,4.890205810754596,20.239999771118164,True,True,0.75
B1_V2,2024-05-30T16:00:00+00:00,YUNNAN_INSIDE,26,53,4.178827901484897,33.27000045776367,True,True,0.71875
B1_V2,2024-05-30T16:30:00+00:00,YUNNAN_INSIDE,26,53,4.0597918922727905,34.64999771118164,True,True,0.6953125
B1_V2,2024-05-30T16:30:00+00:00,YUNNAN_INSIDE,29,57,3.940167126715403,4.269999980926514,True,True,0.75390625
B1_V2,2024-05-30T16:30:00+00:00,YUNNAN_INSIDE,30,57,3.9733253880317405,3.93999981880188,True,True,0.7578125
B1_V2,2024-05-30T17:00:00+00:00,YUNNAN_INSIDE,26,52,4.282206636632267,29.939998626708984,True,True,0.7265625
B1_V2,2024-05-30T17:00:00+00:00,YUNNAN_INSIDE,26,53,4.206146674062922,31.079999923706055,True,True,0.72265625
B1_V2,2024-05-30T17:30:00+00:00,YUNNAN_INSIDE,26,52,4.014418551235352,7.399999618530273,True,True,0.703125
B1_V2,2024-05-31T15:30:00+00:00,YUNNAN_INSIDE,30,37,4.58107776193888,5.549999713897705,True,True,0.78125
B1_V2,2024-05-31T15:30:00+00:00,YUNNAN_INSIDE,30,38,4.77364100342312,6.21999979019165,True,True,0.796875
B1_V2,2024-05-31T15:30:00+00:00,YUNNAN_INSIDE,31,38,4.105164841323735,5.359999656677246,True,True,0.765625
B1_V2,2024-05-31T16:00:00+00:00,YUNNAN_INSIDE,29,37,4.530529530822746,8.199999809265137,True,True,0.7734375
B1_V2,2024-05-31T16:00:00+00:00,YUNNAN_INSIDE,29,38,4.480277992956124,5.789999961853027,True,True,0.80078125
B1_V2,2024-05-31T16:00:00+00:00,YUNNAN_INSIDE,30,37,5.062004704187813,6.679999828338623,True,True,0.83984375
B1_V2,2024-05-31T16:00:00+00:00,YUNNAN_INSIDE,30,38,5.2502129909806765,6.289999961853027,True,True,0.8359375
B1_V2,2024-05-31T16:00:00+00:00,YUNNAN_INSIDE,30,39,4.223414674997528,3.8399999141693115,True,True,0.7734375
B1_V2,2024-05-31T16:00:00+00:00,YUNNAN_INSIDE,31,37,4.3364789899260385,3.819999933242798,True,True,0.8046875
B1_V2,2024-05-31T16:00:00+00:00,YUNNAN_INSIDE,31,38,4.534865015632085,5.559999942779541,True,True,0.8125
B1_V2,2024-05-31T16:30:00+00:00,YUNNAN_INSIDE,18,37,4.031477098762729,0.38999998569488525,True,True,0.71875
B1_V2,2024-05-31T16:30:00+00:00,YUNNAN_INSIDE,18,38,4.365009973013417,0.5799999833106995,True,True,0.77734375
B1_V2,2024-05-31T16:30:00+00:00,YUNNAN_INSIDE,19,37,4.156879443674072,0.3400000035762787,True,True,0.75390625
B1_V2,2024-05-31T16:30:00+00:00,YUNNAN_INSIDE,19,38,4.3634955799137165,0.75,True,True,0.79296875
B1_V2,2024-05-31T16:30:00+00:00,YUNNAN_INSIDE,29,37,4.223023402711727,3.919999837875366,True,True,0.78515625
B1_V2,2024-05-31T16:30:00+00:00,YUNNAN_INSIDE,29,38,4.1699569583049065,5.989999771118164,True,True,0.7734375
B1_V2,2024-05-31T16:30:00+00:00,YUNNAN_INSIDE,30,37,4.31971847507477,6.539999961853027,True,True,0.80078125
B1_V2,2024-05-31T16:30:00+00:00,YUNNAN_INSIDE,30,38,4.420340370675982,6.25,True,True,0.8046875
B1_V2,2024-05-31T16:30:00+00:00,YUNNAN_INSIDE,31,37,4.05980405473361,5.369999885559082,True,True,0.79296875
B1_V2,2024-05-31T16:30:00+00:00,YUNNAN_INSIDE,31,38,4.055257833032101,6.019999980926514,True,True,0.80078125
B1_V2,2024-05-31T17:00:00+00:00,YUNNAN_INSIDE,18,37,4.00652956455643,4.319999694824219,True,True,0.7578125
B1_V2,2024-05-31T17:00:00+00:00,YUNNAN_INSIDE,18,38,3.9810377830561854,3.2200000286102295,True,True,0.76171875
B1_V2,2024-05-31T17:00:00+00:00,YUNNAN_INSIDE,19,37,4.2001585379015145,1.7799999713897705,True,True,0.8046875
B1_V2,2024-05-31T17:00:00+00:00,YUNNAN_INSIDE,19,38,4.512439419346753,2.799999952316284,True,True,0.8125
B1_V2,2024-05-31T17:00:00+00:00,YUNNAN_INSIDE,19,39,4.074062288537378,4.480000019073486,True,True,0.79296875
B1_V2,2024-05-31T17:00:00+00:00,YUNNAN_INSIDE,20,38,4.168453288927792,1.3700000047683716,True,True,0.796875
B1_V2,2024-05-31T17:00:00+00:00,YUNNAN_INSIDE,29,37,4.215731842211751,3.0299999713897705,True,True,0.79296875
B1_V2,2024-05-31T17:00:00+00:00,YUNNAN_INSIDE,29,38,4.124508667423913,4.179999828338623,True,True,0.78515625
B1_V2,2024-05-31T17:00:00+00:00,YUNNAN_INSIDE,30,37,4.151111908342944,5.569999694824219,True,True,0.80078125
B1_V2,2024-05-31T17:00:00+00:00,YUNNAN_INSIDE,30,38,4.141499404780053,6.099999904632568,True,True,0.80859375
B1_V2,2024-05-31T17:00:00+00:00,YUNNAN_INSIDE,31,37,4.028130418518036,5.839999675750732,True,True,0.80078125
B1_V2,2024-05-31T17:30:00+00:00,YUNNAN_INSIDE,18,38,3.958541119245454,2.3999998569488525,True,True,0.76953125
B1_V2,2024-05-31T17:30:00+00:00,YUNNAN_INSIDE,19,38,3.990179901273357,1.8299999237060547,True,True,0.78515625
B1_V2,2024-05-31T17:30:00+00:00,YUNNAN_INSIDE,29,38,4.070654573464324,2.0299999713897705,True,True,0.79296875
B1_V2,2024-05-31T17:30:00+00:00,YUNNAN_INSIDE,30,37,3.966738074952444,6.71999979019165,True,True,0.7890625
B1_V2,2024-05-31T17:30:00+00:00,YUNNAN_INSIDE,30,38,4.193707238141189,6.239999771118164,True,True,0.8125
B1_V2,2024-05-31T17:30:00+00:00,YUNNAN_INSIDE,30,39,4.019865777673147,0.8199999928474426,True,True,0.80859375
B1_V2,2024-05-31T17:30:00+00:00,YUNNAN_INSIDE,31,37,4.044637596078102,6.309999942779541,True,True,0.8046875
B1_V2,2024-05-31T17:30:00+00:00,YUNNAN_INSIDE,31,38,4.258431380585134,6.059999942779541,True,True,0.81640625
B1_V2,2024-05-31T17:30:00+00:00,YUNNAN_INSIDE,31,39,4.33626327200615,3.3399999141693115,True,True,0.83984375
B1_V2,2024-05-31T17:30:00+00:00,YUNNAN_INSIDE,31,40,3.979532519698651,0.0,True,False,0.79296875
B1_V2,2024-05-31T17:30:00+00:00,YUNNAN_INSIDE,32,38,4.0629986708357535,3.0799999237060547,True,True,0.81640625
B1_V2,2024-05-31T17:30:00+00:00,YUNNAN_INSIDE,32,39,4.3581886442077415,3.1399998664855957,True,True,0.8359375
B1_V2,2024-05-31T17:30:00+00:00,YUNNAN_INSIDE,32,40,4.213514946163226,0.0,True,False,0.8125
B1_V2,2024-05-31T18:00:00+00:00,YUNNAN_INSIDE,31,38,4.198520909739925,5.569999694824219,True,True,0.81640625
B1_V2,2024-05-31T18:00:00+00:00,YUNNAN_INSIDE,31,39,4.473246451540961,5.059999942779541,True,True,0.828125
B1_V2,2024-05-31T18:00:00+00:00,YUNNAN_INSIDE,31,40,4.1541619563576075,0.0,True,False,0.80859375
B1_V2,2024-05-31T18:00:00+00:00,YUNNAN_INSIDE,32,38,4.116337900581844,5.039999961853027,True,True,0.8046875
B1_V2,2024-05-31T18:00:00+00:00,YUNNAN_INSIDE,32,39,4.37029532316448,5.519999980926514,True,True,0.8203125
B1_V2,2024-05-31T18:00:00+00:00,YUNNAN_INSIDE,32,40,4.107284839699328,0.0,True,False,0.8125
B1_V2,2024-05-31T18:30:00+00:00,YUNNAN_INSIDE,19,40,4.146433831222809,0.0,True,False,0.78515625
B1_V2,2024-05-31T18:30:00+00:00,YUNNAN_INSIDE,20,40,4.360875911968089,0.0,True,False,0.80859375
B1_V2,2024-05-31T18:30:00+00:00,YUNNAN_INSIDE,20,41,4.057783722150682,0.0,True,False,0.78515625
B1_V2,2024-05-31T18:30:00+00:00,YUNNAN_INSIDE,32,38,3.9642219950173194,3.879999876022339,True,True,0.8125
B1_V2,2024-05-31T18:30:00+00:00,YUNNAN_INSIDE,32,39,4.046745566236965,4.190000057220459,True,True,0.8125
B1_V2,2024-05-31T18:30:00+00:00,YUNNAN_INSIDE,33,39,4.002852350069412,6.420000076293945,True,True,0.80859375
B1_V2,2024-05-31T19:00:00+00:00,YUNNAN_INSIDE,19,40,4.020796883554314,0.0,True,False,0.7890625
B1_V2,2024-05-31T20:00:00+00:00,YUNNAN_INSIDE,26,40,3.9785653091781836,4.230000019073486,True,True,0.77734375
B1_V2,2024-05-31T20:30:00+00:00,YUNNAN_INSIDE,25,40,4.072538779004013,1.0199999809265137,True,True,0.76953125
B1_V2,2024-05-31T20:30:00+00:00,YUNNAN_INSIDE,26,40,4.419190412856635,2.5899999141693115,True,True,0.796875
B1_V2,2024-05-31T20:30:00+00:00,YUNNAN_INSIDE,26,41,4.026117889719615,4.269999980926514,True,True,0.78515625
B1_V2,2024-05-31T21:30:00+00:00,YUNNAN_INSIDE,22,37,3.9325676452464045,8.09000015258789,True,True,0.703125
B1_V2,2024-05-31T23:00:00+00:00,YUNNAN_INSIDE,19,35,4.281851626300137,9.389999389648438,True,True,0.76953125
B1_V2,2024-06-01T15:30:00+00:00,YUNNAN_INSIDE,34,32,4.021734083554632,2.759999990463257,True,True,0.7890625
B1_V2,2024-06-01T15:30:00+00:00,YUNNAN_INSIDE,34,33,4.454636842208979,10.34999942779541,True,True,0.8125
B1_V2,2024-06-01T15:30:00+00:00,YUNNAN_INSIDE,34,34,4.10125092831693,5.549999713897705,True,True,0.79296875
B1_V2,2024-06-01T15:30:00+00:00,YUNNAN_INSIDE,35,32,4.078603133261808,2.0899999141693115,True,True,0.78515625
B1_V2,2024-06-01T15:30:00+00:00,YUNNAN_INSIDE,35,33,4.91192392993469,10.4399995803833,True,True,0.84765625
B1_V2,2024-06-01T15:30:00+00:00,YUNNAN_INSIDE,35,34,4.605388346347077,6.210000038146973,True,True,0.828125
B1_V2,2024-06-01T16:00:00+00:00,YUNNAN_INSIDE,23,31,3.9969862965904484,1.9499999284744263,True,True,0.78515625
B1_V2,2024-06-01T16:00:00+00:00,YUNNAN_INSIDE,34,33,3.963465189801356,11.399999618530273,True,True,0.78125
B1_V2,2024-06-01T16:00:00+00:00,YUNNAN_INSIDE,35,33,4.317945252726644,11.399999618530273,True,True,0.8125
B1_V2,2024-06-01T16:00:00+00:00,YUNNAN_INSIDE,35,34,4.621790408731737,15.15999984741211,True,True,0.828125
B1_V2,2024-06-01T16:00:00+00:00,YUNNAN_INSIDE,35,35,4.2776264015544925,7.279999732971191,True,True,0.81640625
B1_V2,2024-06-01T16:00:00+00:00,YUNNAN_INSIDE,36,34,4.061221468797767,8.179999351501465,True,True,0.796875
B1_V2,2024-06-01T17:00:00+00:00,YUNNAN_INSIDE,24,51,4.228745422828008,11.40999984741211,True,True,0.81640625
B1_V2,2024-06-01T18:00:00+00:00,YUNNAN_INSIDE,20,40,3.946290511063886,7.139999866485596,True,True,0.79296875
B1_V2,2024-06-01T22:30:00+00:00,YUNNAN_INSIDE,15,42,4.137824634901063,13.549999237060547,True,True,0.7578125
B1_V2,2024-06-01T23:00:00+00:00,YUNNAN_INSIDE,15,42,3.9743669750199646,10.899999618530273,True,True,0.77734375
B1_V2,2024-06-02T13:00:00+00:00,YUNNAN_INSIDE,26,40,3.9351204947320544,0.0,True,False,0.69921875
B1_V2,2024-06-02T15:30:00+00:00,YUNNAN_INSIDE,58,73,4.095347824596639,0.41999998688697815,True,True,0.7734375
B1_V2,2024-06-02T15:30:00+00:00,YUNNAN_INSIDE,59,72,4.057953054700496,1.0499999523162842,True,True,0.765625
B1_V2,2024-06-02T15:30:00+00:00,YUNNAN_INSIDE,59,73,4.2635252329074,0.9599999785423279,True,True,0.77734375
B1_V2,2024-06-02T20:00:00+00:00,YUNNAN_INSIDE,26,59,3.9796952801362835,7.519999980926514,True,True,0.76953125
B1_V2,2024-06-02T20:00:00+00:00,YUNNAN_INSIDE,27,59,4.048386405980508,10.969999313354492,True,True,0.7734375
B1_V2,2024-06-02T21:30:00+00:00,YUNNAN_INSIDE,26,58,4.130065499016949,3.9700000286102295,True,True,0.796875
B1_V2,2024-06-02T21:30:00+00:00,YUNNAN_INSIDE,26,59,4.173653488705473,6.529999732971191,True,True,0.7890625
B1_V2,2024-06-02T21:30:00+00:00,YUNNAN_INSIDE,26,60,4.204047381410117,22.969999313354492,True,True,0.7734375
B1_V2,2024-06-02T21:30:00+00:00,YUNNAN_INSIDE,26,61,4.01421968706242,18.260000228881836,True,True,0.765625
B1_V2,2024-06-02T22:00:00+00:00,YUNNAN_INSIDE,25,60,3.9612284606885373,10.819999694824219,True,True,0.7734375
B1_V2,2024-06-02T22:00:00+00:00,YUNNAN_INSIDE,26,59,4.195019763175362,5.839999675750732,True,True,0.78125
B1_V2,2024-06-02T22:00:00+00:00,YUNNAN_INSIDE,26,60,4.212370879470725,9.420000076293945,True,True,0.7734375
B1_V2,2024-06-02T22:00:00+00:00,YUNNAN_INSIDE,26,61,4.009401156764831,18.670000076293945,True,True,0.7734375
B1_V2,2024-06-02T22:30:00+00:00,YUNNAN_INSIDE,25,59,4.008734997815864,5.489999771118164,True,True,0.7734375
B1_V2,2024-06-02T22:30:00+00:00,YUNNAN_INSIDE,25,60,3.970910983735287,7.659999847412109,True,True,0.7734375
B1_V2,2024-06-02T22:30:00+00:00,YUNNAN_INSIDE,26,59,3.996956162182817,5.409999847412109,True,True,0.7734375
B1_V2,2024-06-02T22:30:00+00:00,YUNNAN_INSIDE,26,60,4.027003532655089,6.009999752044678,True,True,0.7734375
B1_V2,2024-06-02T22:30:00+00:00,YUNNAN_INSIDE,26,61,4.045109455808258,12.279999732971191,True,True,0.76953125
B1_V2,2024-06-02T23:00:00+00:00,YUNNAN_INSIDE,25,59,4.020662732182628,4.549999713897705,True,True,0.75
B1_V2,2024-06-02T23:00:00+00:00,YUNNAN_INSIDE,25,60,4.293275384360334,7.269999980926514,True,True,0.75390625
B1_V2,2024-06-02T23:00:00+00:00,YUNNAN_INSIDE,25,61,4.355398056851182,16.119998931884766,True,True,0.76171875
B1_V2,2024-06-02T23:00:00+00:00,YUNNAN_INSIDE,26,60,4.026279169528401,4.159999847412109,True,True,0.74609375
B1_V2,2024-06-02T23:00:00+00:00,YUNNAN_INSIDE,26,61,4.1634007220802625,7.649999618530273,True,True,0.7578125
B1_V2,2024-06-02T23:30:00+00:00,YUNNAN_INSIDE,25,60,4.109809468788672,6.359999656677246,True,True,0.75
B1_V2,2024-06-02T23:30:00+00:00,YUNNAN_INSIDE,25,61,4.30080840650659,13.170000076293945,True,True,0.7734375
B1_V2,2024-06-02T23:30:00+00:00,YUNNAN_INSIDE,26,60,3.999937456786465,3.6999998092651367,True,True,0.74609375
B1_V2,2024-06-02T23:30:00+00:00,YUNNAN_INSIDE,26,61,4.096301358961432,7.119999885559082,True,True,0.76171875
B1_V2,2024-06-03T22:00:00+00:00,YUNNAN_INSIDE,27,70,4.01958462639379,5.119999885559082,True,True,0.7109375
B1_V2,2024-06-03T22:30:00+00:00,YUNNAN_INSIDE,27,70,3.95232369173151,4.309999942779541,True,True,0.6953125
B1_V2,2024-06-04T13:30:00+00:00,YUNNAN_INSIDE,48,60,3.9382306248088472,15.029999732971191,True,True,0.69921875
B1_V2,2024-06-04T20:30:00+00:00,YUNNAN_INSIDE,25,69,4.141878420107013,14.369999885559082,True,True,0.75390625
B1_V2,2024-06-04T20:30:00+00:00,YUNNAN_INSIDE,26,68,4.089529620300361,12.25,True,True,0.75390625
B1_V2,2024-06-04T20:30:00+00:00,YUNNAN_INSIDE,26,69,4.048793525728826,25.43000030517578,True,True,0.75
B1_V2,2024-06-04T20:30:00+00:00,YUNNAN_INSIDE,27,68,3.962109180440412,12.389999389648438,True,True,0.75
B1_V2,2024-06-04T20:30:00+00:00,YUNNAN_INSIDE,27,69,3.9919216435466645,11.5,True,True,0.74609375
B1_V2,2024-06-05T15:30:00+00:00,YUNNAN_INSIDE,26,32,3.9904865760146246,4.429999828338623,True,True,0.73046875
B1_V2,2024-06-05T15:30:00+00:00,YUNNAN_INSIDE,27,32,3.946868988254436,4.460000038146973,True,True,0.7265625
B1_V2,2024-06-05T16:30:00+00:00,YUNNAN_INSIDE,30,32,3.991763045930162,28.53999900817871,True,True,0.74609375
B1_V2,2024-06-05T16:30:00+00:00,YUNNAN_INSIDE,31,32,4.040718149582194,16.690000534057617,True,True,0.7265625
B1_V2,2024-06-05T17:00:00+00:00,YUNNAN_INSIDE,30,33,3.982947102584287,21.559999465942383,True,True,0.73046875
B1_V2,2024-06-05T17:00:00+00:00,YUNNAN_INSIDE,31,32,3.994500854954042,10.15999984741211,True,True,0.734375
B1_V2,2024-06-05T17:00:00+00:00,YUNNAN_INSIDE,31,33,3.9919024903458475,14.50999927520752,True,True,0.73046875
B1_V2,2024-06-05T19:00:00+00:00,YUNNAN_INSIDE,28,35,4.01072368780458,15.339999198913574,True,True,0.76953125
B1_V2,2024-06-05T19:00:00+00:00,YUNNAN_INSIDE,29,34,4.057969426661575,10.369999885559082,True,True,0.76171875
B1_V2,2024-06-05T19:00:00+00:00,YUNNAN_INSIDE,29,35,4.151644682615645,13.65999984741211,True,True,0.7734375
B1_V2,2024-06-05T19:00:00+00:00,YUNNAN_INSIDE,30,34,4.088886052590041,1.1999999284744263,True,True,0.765625
B1_V2,2024-06-05T19:00:00+00:00,YUNNAN_INSIDE,30,35,4.184301427589298,8.210000038146973,True,True,0.77734375
B1_V2,2024-06-05T19:00:00+00:00,YUNNAN_INSIDE,31,35,4.006534003828669,1.959999918937683,True,True,0.76953125
B1_V2,2024-06-05T19:30:00+00:00,YUNNAN_INSIDE,28,35,4.02092706214812,12.15999984741211,True,True,0.7578125
B1_V2,2024-06-05T19:30:00+00:00,YUNNAN_INSIDE,29,35,4.1310950540921,18.239999771118164,True,True,0.7734375
B1_V2,2024-06-05T19:30:00+00:00,YUNNAN_INSIDE,30,35,4.019013214115405,24.739999771118164,True,True,0.7734375
B1_V2,2024-06-05T19:30:00+00:00,YUNNAN_INSIDE,31,35,3.948599329452153,10.25,True,True,0.7734375
B1_V2,2024-06-05T20:30:00+00:00,YUNNAN_INSIDE,24,25,3.95041001488623,2.2300000190734863,True,True,0.73828125
B1_V2,2024-06-05T20:30:00+00:00,YUNNAN_INSIDE,24,26,3.9550463833313714,4.809999942779541,True,True,0.734375
B1_V2,2024-06-05T20:30:00+00:00,YUNNAN_INSIDE,25,24,4.024992217910311,1.0,True,True,0.7578125
B1_V2,2024-06-05T20:30:00+00:00,YUNNAN_INSIDE,25,25,4.141408984937678,2.990000009536743,True,True,0.7578125
B1_V2,2024-06-05T20:30:00+00:00,YUNNAN_INSIDE,25,26,3.934470312843974,5.159999847412109,True,True,0.74609375
B1_V2,2024-06-05T20:30:00+00:00,YUNNAN_INSIDE,26,24,4.071099533686631,2.2699999809265137,True,True,0.7578125
B1_V2,2024-06-05T20:30:00+00:00,YUNNAN_INSIDE,26,25,4.015633953560312,5.349999904632568,True,True,0.75
B1_V2,2024-06-05T21:00:00+00:00,YUNNAN_INSIDE,24,27,3.9536607453222237,3.0899999141693115,True,True,0.74609375
B1_V2,2024-06-05T21:00:00+00:00,YUNNAN_INSIDE,25,25,4.000816555457286,2.169999837875366,True,True,0.7578125
B1_V2,2024-06-05T21:00:00+00:00,YUNNAN_INSIDE,26,25,4.021765635483065,3.9800000190734863,True,True,0.76171875
B1_V2,2024-06-07T16:00:00+00:00,YUNNAN_INSIDE,35,89,3.9320898913080926,10.920000076293945,True,True,0.74609375
B1_V2,2024-06-07T17:00:00+00:00,YUNNAN_INSIDE,43,79,3.952619151816045,8.40999984741211,True,True,0.76171875
B1_V2,2024-06-07T17:30:00+00:00,YUNNAN_INSIDE,43,79,4.015649377046746,5.170000076293945,True,True,0.76171875
B1_V2,2024-06-07T17:30:00+00:00,YUNNAN_INSIDE,43,80,3.9993102063546795,3.259999990463257,True,True,0.7578125
B1_V2,2024-06-08T11:30:00+00:00,YUNNAN_INSIDE,51,51,3.9986315702202426,5.319999694824219,True,True,0.734375
B1_V2,2024-06-09T15:30:00+00:00,YUNNAN_INSIDE,44,35,3.9478644807322296,9.359999656677246,True,True,0.75
B1_V2,2024-06-09T15:30:00+00:00,YUNNAN_INSIDE,44,36,4.0987365294827836,5.569999694824219,True,True,0.7734375
B1_V2,2024-06-09T15:30:00+00:00,YUNNAN_INSIDE,44,37,3.9987584195586363,2.7100000381469727,True,True,0.76953125
B1_V2,2024-06-09T15:30:00+00:00,YUNNAN_INSIDE,45,35,4.246152150106312,14.619999885559082,True,True,0.7734375
B1_V2,2024-06-09T15:30:00+00:00,YUNNAN_INSIDE,45,36,4.199488849467787,17.1299991607666,True,True,0.7734375
B1_V2,2024-06-09T16:00:00+00:00,YUNNAN_INSIDE,44,35,4.2417922669378365,11.489999771118164,True,True,0.76171875
B1_V2,2024-06-09T16:00:00+00:00,YUNNAN_INSIDE,44,36,4.381488436504535,8.329999923706055,True,True,0.77734375
B1_V2,2024-06-09T16:00:00+00:00,YUNNAN_INSIDE,44,37,3.9811587479519117,3.6499998569488525,True,True,0.7734375
B1_V2,2024-06-09T16:00:00+00:00,YUNNAN_INSIDE,45,34,3.9376251931673667,4.920000076293945,True,True,0.7421875
B1_V2,2024-06-09T16:00:00+00:00,YUNNAN_INSIDE,45,35,4.513067373683057,10.130000114440918,True,True,0.7734375
B1_V2,2024-06-09T16:00:00+00:00,YUNNAN_INSIDE,45,36,4.543043723435654,23.439998626708984,True,True,0.78515625
B1_V2,2024-06-09T16:00:00+00:00,YUNNAN_INSIDE,46,35,3.954865270135345,5.599999904632568,True,True,0.75390625
B1_V2,2024-06-09T16:30:00+00:00,YUNNAN_INSIDE,44,36,3.9732375978421195,6.009999752044678,True,True,0.7578125
B1_V2,2024-06-09T18:30:00+00:00,YUNNAN_INSIDE,37,34,4.088158245389168,8.899999618530273,True,True,0.73828125
B1_V2,2024-06-09T19:00:00+00:00,YUNNAN_INSIDE,37,34,4.015850116498634,8.389999389648438,True,True,0.7578125
B1_V2,2024-06-09T19:00:00+00:00,YUNNAN_INSIDE,43,36,4.009951428164169,21.869998931884766,True,True,0.76953125
B1_V2,2024-06-09T19:30:00+00:00,YUNNAN_INSIDE,42,36,4.062456475071323,20.1299991607666,True,True,0.76953125
B1_V2,2024-06-09T19:30:00+00:00,YUNNAN_INSIDE,43,35,3.9926828726481824,0.0,True,False,0.76171875
B1_V2,2024-06-09T19:30:00+00:00,YUNNAN_INSIDE,43,36,4.211683699360374,13.84000015258789,True,True,0.76953125
B1_V2,2024-06-09T20:00:00+00:00,YUNNAN_INSIDE,42,36,4.005850594289944,2.8399999141693115,True,True,0.76953125
B1_V2,2024-06-09T20:00:00+00:00,YUNNAN_INSIDE,43,36,3.9973759431758467,0.550000011920929,True,True,0.76953125
B1_V2,2024-06-09T20:00:00+00:00,YUNNAN_INSIDE,43,37,3.9880640623214796,15.5,True,True,0.77734375
B1_V2,2024-06-09T20:30:00+00:00,YUNNAN_INSIDE,43,37,3.937090693527659,11.119999885559082,True,True,0.78515625
B1_V2,2024-06-09T20:30:00+00:00,YUNNAN_INSIDE,44,37,4.07401783661856,5.529999732971191,True,True,0.79296875
B1_V2,2024-06-09T20:30:00+00:00,YUNNAN_INSIDE,44,38,4.0964352389776435,6.179999828338623,True,True,0.796875
B1_V2,2024-06-09T21:00:00+00:00,YUNNAN_INSIDE,43,38,3.9854403552776883,16.8799991607666,True,True,0.79296875
B1_V2,2024-06-09T21:30:00+00:00,YUNNAN_INSIDE,43,39,3.9930995800093276,20.369998931884766,True,True,0.78125
B1_V2,2024-06-10T18:00:00+00:00,YUNNAN_INSIDE,32,19,4.102773388048638,9.25,True,True,0.75
B1_V2,2024-06-10T18:00:00+00:00,YUNNAN_INSIDE,33,19,4.117308194568474,8.380000114440918,True,True,0.75390625
B1_V2,2024-06-11T00:30:00+00:00,YUNNAN_INSIDE,68,59,3.9660048074525247,6.889999866485596,True,True,0.76953125
B1_V2,2024-06-11T14:00:00+00:00,YUNNAN_INSIDE,56,67,3.9880621938659315,0.0,True,False,0.71875
B1_V2,2024-06-11T14:00:00+00:00,YUNNAN_INSIDE,56,68,3.9685907877472615,0.0,True,False,0.71484375
B1_V2,2024-06-11T16:00:00+00:00,YUNNAN_INSIDE,66,42,3.9444221190860067,4.139999866485596,True,True,0.69140625
B1_V2,2024-06-11T17:30:00+00:00,YUNNAN_INSIDE,56,59,3.936670050682285,15.289999961853027,True,True,0.71484375
B1_V2,2024-06-11T18:00:00+00:00,YUNNAN_INSIDE,56,58,4.045701975655925,29.760000228881836,True,True,0.72265625
B1_V2,2024-06-11T18:00:00+00:00,YUNNAN_INSIDE,57,57,4.057093767923514,6.269999980926514,True,True,0.71484375
B1_V2,2024-06-11T18:00:00+00:00,YUNNAN_INSIDE,57,58,4.339033818497831,25.599998474121094,True,True,0.72265625
B1_V2,2024-06-11T18:00:00+00:00,YUNNAN_INSIDE,57,59,4.011945775497778,32.599998474121094,True,True,0.7265625
B1_V2,2024-06-11T18:00:00+00:00,YUNNAN_INSIDE,58,58,3.9666927852560816,29.229999542236328,True,True,0.70703125
B1_V2,2024-06-11T18:30:00+00:00,YUNNAN_INSIDE,57,57,3.938607419652541,1.7300000190734863,True,True,0.72265625
B1_V2,2024-06-11T18:30:00+00:00,YUNNAN_INSIDE,57,58,3.9889065096176575,9.039999961853027,True,True,0.7265625
B1_V2,2024-06-11T19:30:00+00:00,YUNNAN_INSIDE,61,52,4.123816444474085,22.760000228881836,True,True,0.73828125
B1_V2,2024-06-11T20:00:00+00:00,YUNNAN_INSIDE,60,50,3.936377726021378,26.93000030517578,True,True,0.74609375
B1_V2,2024-06-11T20:00:00+00:00,YUNNAN_INSIDE,61,52,3.9505103642662185,25.28999900817871,True,True,0.74609375
B1_V2,2024-06-11T20:00:00+00:00,YUNNAN_INSIDE,61,53,3.9492494784708074,26.139999389648438,True,True,0.74609375
B1_V2,2024-06-11T20:00:00+00:00,YUNNAN_INSIDE,62,53,3.9667576849376025,30.189998626708984,True,True,0.74609375
B1_V2,2024-06-11T20:30:00+00:00,YUNNAN_INSIDE,60,49,4.046735745208789,19.850000381469727,True,True,0.7421875
B1_V2,2024-06-11T20:30:00+00:00,YUNNAN_INSIDE,60,50,3.9629320252985902,23.799999237060547,True,True,0.75
B1_V2,2024-06-11T21:00:00+00:00,YUNNAN_INSIDE,60,54,3.937880196729533,11.800000190734863,True,True,0.74609375
B1_V2,2024-06-11T21:00:00+00:00,YUNNAN_INSIDE,61,54,4.017908969786188,12.989999771118164,True,True,0.75
B1_V2,2024-06-12T20:30:00+00:00,YUNNAN_INSIDE,28,54,4.187809441207611,5.359999656677246,True,True,0.75390625
B1_V2,2024-06-12T21:00:00+00:00,YUNNAN_INSIDE,29,56,4.049315934567275,4.299999713897705,True,True,0.76953125
B1_V2,2024-06-12T21:30:00+00:00,YUNNAN_INSIDE,31,22,4.131329259456725,4.960000038146973,True,True,0.78125
B1_V2,2024-06-12T21:30:00+00:00,YUNNAN_INSIDE,31,23,4.089133181671042,3.9099998474121094,True,True,0.77734375
B1_V2,2024-06-12T22:00:00+00:00,YUNNAN_INSIDE,31,23,4.025167518121826,12.309999465942383,True,True,0.78515625
B1_V2,2024-06-13T00:30:00+00:00,YUNNAN_INSIDE,27,60,3.9750634805098572,9.809999465942383,True,True,0.7734375
B1_V2,2024-06-13T16:30:00+00:00,YUNNAN_INSIDE,58,69,4.005704801490377,0.0,True,False,0.70703125
B1_V2,2024-06-13T16:30:00+00:00,YUNNAN_INSIDE,58,70,4.161617431340269,17.31999969482422,True,True,0.7265625
B1_V2,2024-06-13T17:00:00+00:00,YUNNAN_INSIDE,57,69,4.145080241110568,0.22999998927116394,True,True,0.66796875
B1_V2,2024-06-13T17:00:00+00:00,YUNNAN_INSIDE,57,70,3.970573149749394,0.14999999105930328,True,True,0.69140625
B1_V2,2024-06-13T17:00:00+00:00,YUNNAN_INSIDE,58,69,4.126894982852761,45.86000061035156,True,True,0.671875
B1_V2,2024-06-13T17:00:00+00:00,YUNNAN_INSIDE,58,70,4.023841562619258,0.0,True,False,0.69921875
B1_V2,2024-06-13T17:00:00+00:00,YUNNAN_INSIDE,64,60,4.118270544616303,1.6299999952316284,True,True,0.71484375
B1_V2,2024-06-13T17:30:00+00:00,YUNNAN_INSIDE,56,69,4.326926488275077,0.0,True,False,0.68359375
B1_V2,2024-06-13T17:30:00+00:00,YUNNAN_INSIDE,56,70,4.4564670980348255,0.0,True,False,0.703125
B1_V2,2024-06-13T17:30:00+00:00,YUNNAN_INSIDE,56,71,4.245615243842513,0.0,True,False,0.70703125
B1_V2,2024-06-13T17:30:00+00:00,YUNNAN_INSIDE,57,68,4.177214305406728,0.6499999761581421,True,True,0.68359375
B1_V2,2024-06-13T17:30:00+00:00,YUNNAN_INSIDE,57,69,4.916562504808105,0.3799999952316284,True,True,0.69140625
B1_V2,2024-06-13T17:30:00+00:00,YUNNAN_INSIDE,57,70,5.041179147580405,0.0,True,False,0.71484375
B1_V2,2024-06-13T17:30:00+00:00,YUNNAN_INSIDE,57,71,4.635172885469408,0.0,True,False,0.7265625
B1_V2,2024-06-13T17:30:00+00:00,YUNNAN_INSIDE,58,69,4.366083843658818,8.029999732971191,True,True,0.68359375
B1_V2,2024-06-13T17:30:00+00:00,YUNNAN_INSIDE,58,70,4.52432143027473,31.06999969482422,True,True,0.70703125
B1_V2,2024-06-13T17:30:00+00:00,YUNNAN_INSIDE,58,71,4.158657900442393,0.0,True,False,0.72265625
B1_V2,2024-06-13T17:30:00+00:00,YUNNAN_INSIDE,62,62,4.255643572453242,6.659999847412109,True,True,0.70703125
B1_V2,2024-06-13T17:30:00+00:00,YUNNAN_INSIDE,62,63,4.223390748203024,9.260000228881836,True,True,0.70703125
B1_V2,2024-06-13T17:30:00+00:00,YUNNAN_INSIDE,63,62,4.276045417769519,9.109999656677246,True,True,0.70703125
B1_V2,2024-06-13T17:30:00+00:00,YUNNAN_INSIDE,63,63,4.2569348957964825,9.90999984741211,True,True,0.70703125
B1_V2,2024-06-13T18:00:00+00:00,YUNNAN_INSIDE,54,69,3.9632450602889873,0.0,True,False,0.69140625
B1_V2,2024-06-13T18:00:00+00:00,YUNNAN_INSIDE,54,70,4.1728191003467066,0.0,True,False,0.70703125
B1_V2,2024-06-13T18:00:00+00:00,YUNNAN_INSIDE,54,71,4.218294555041604,0.0,True,False,0.7109375
B1_V2,2024-06-13T18:00:00+00:00,YUNNAN_INSIDE,54,72,4.024173223485823,0.0,True,False,0.69921875
B1_V2,2024-06-13T18:00:00+00:00,YUNNAN_INSIDE,55,69,4.288770451069002,0.0,True,False,0.69921875
B1_V2,2024-06-13T18:00:00+00:00,YUNNAN_INSIDE,55,70,4.485551234711312,0.0,True,False,0.7109375
B1_V2,2024-06-13T18:00:00+00:00,YUNNAN_INSIDE,55,71,4.449388278491831,0.0,True,False,0.71484375
B1_V2,2024-06-13T18:00:00+00:00,YUNNAN_INSIDE,55,72,4.154199444522911,0.0,True,False,0.7109375
B1_V2,2024-06-13T18:00:00+00:00,YUNNAN_INSIDE,56,68,4.185039396485915,0.0,True,False,0.6875
B1_V2,2024-06-13T18:00:00+00:00,YUNNAN_INSIDE,56,69,4.843609097782092,0.0,True,False,0.69921875
B1_V2,2024-06-13T18:00:00+00:00,YUNNAN_INSIDE,56,70,4.966552452072792,0.0,True,False,0.70703125
B1_V2,2024-06-13T18:00:00+00:00,YUNNAN_INSIDE,56,71,4.743233386026935,0.0,True,False,0.71484375
B1_V2,2024-06-13T18:00:00+00:00,YUNNAN_INSIDE,56,72,4.316847231495465,0.0,True,False,0.72265625
B1_V2,2024-06-13T18:00:00+00:00,YUNNAN_INSIDE,57,68,4.259328912913892,4.610000133514404,True,True,0.6796875
B1_V2,2024-06-13T18:00:00+00:00,YUNNAN_INSIDE,57,69,4.965980375827862,0.0,True,False,0.69921875
B1_V2,2024-06-13T18:00:00+00:00,YUNNAN_INSIDE,57,70,5.068227301833457,0.0,True,False,0.703125
B1_V2,2024-06-13T18:00:00+00:00,YUNNAN_INSIDE,57,71,4.725719879248497,0.0,True,False,0.72265625
B1_V2,2024-06-13T18:00:00+00:00,YUNNAN_INSIDE,57,72,4.031823303685411,0.0,True,False,0.7265625
B1_V2,2024-06-13T18:00:00+00:00,YUNNAN_INSIDE,58,69,4.197034327536451,0.14000000059604645,True,True,0.6953125
B1_V2,2024-06-13T18:00:00+00:00,YUNNAN_INSIDE,58,70,4.368947735289188,3.859999895095825,True,True,0.69921875
B1_V2,2024-06-13T18:00:00+00:00,YUNNAN_INSIDE,58,71,4.140751220103361,12.979999542236328,True,True,0.71875
B1_V2,2024-06-13T18:30:00+00:00,YUNNAN_INSIDE,54,70,4.059243648934583,19.65999984741211,True,True,0.703125
B1_V2,2024-06-13T18:30:00+00:00,YUNNAN_INSIDE,54,71,4.106302082790974,13.09000015258789,True,True,0.703125
B1_V2,2024-06-13T18:30:00+00:00,YUNNAN_INSIDE,54,72,4.027729542500516,9.760000228881836,True,True,0.703125
B1_V2,2024-06-13T18:30:00+00:00,YUNNAN_INSIDE,55,69,4.140270550675525,17.649999618530273,True,True,0.6953125
B1_V2,2024-06-13T18:30:00+00:00,YUNNAN_INSIDE,55,70,4.435302253296822,22.139999389648438,True,True,0.703125
B1_V2,2024-06-13T18:30:00+00:00,YUNNAN_INSIDE,55,71,4.41135856303623,2.0999999046325684,True,True,0.703125
B1_V2,2024-06-13T18:30:00+00:00,YUNNAN_INSIDE,55,72,4.124355515860999,6.809999942779541,True,True,0.70703125
B1_V2,2024-06-13T18:30:00+00:00,YUNNAN_INSIDE,56,69,4.334621676212863,0.20999999344348907,True,True,0.69921875
B1_V2,2024-06-13T18:30:00+00:00,YUNNAN_INSIDE,56,70,4.657301360822285,3.809999942779541,True,True,0.70703125
B1_V2,2024-06-13T18:30:00+00:00,YUNNAN_INSIDE,56,71,4.531823414586558,6.489999771118164,True,True,0.70703125
B1_V2,2024-06-13T18:30:00+00:00,YUNNAN_INSIDE,56,72,4.09208196932837,4.489999771118164,True,True,0.70703125
B1_V2,2024-06-13T18:30:00+00:00,YUNNAN_INSIDE,57,69,4.293298398264391,3.3399999141693115,True,True,0.69921875
B1_V2,2024-06-13T18:30:00+00:00,YUNNAN_INSIDE,57,70,4.43111384967703,0.0,True,False,0.71484375
B1_V2,2024-06-13T18:30:00+00:00,YUNNAN_INSIDE,57,71,4.192448666957426,0.0,True,False,0.71484375
B1_V2,2024-06-13T18:30:00+00:00,YUNNAN_INSIDE,58,70,4.032069926473178,0.0,True,False,0.70703125
B1_V2,2024-06-13T19:00:00+00:00,YUNNAN_INSIDE,56,70,3.9580285508959947,1.3299999237060547,True,True,0.703125
B1_V2,2024-06-13T19:00:00+00:00,YUNNAN_INSIDE,56,71,4.046648291374621,4.909999847412109,True,True,0.703125
B1_V2,2024-06-13T19:30:00+00:00,YUNNAN_INSIDE,55,70,3.970085897942488,7.049999713897705,True,True,0.69140625
B1_V2,2024-06-13T19:30:00+00:00,YUNNAN_INSIDE,55,71,4.044959339403882,27.809999465942383,True,True,0.703125
B1_V2,2024-06-13T19:30:00+00:00,YUNNAN_INSIDE,56,71,3.948445311284933,5.339999675750732,True,True,0.703125
B1_V2,2024-06-14T12:30:00+00:00,YUNNAN_INSIDE,43,60,3.972930800426809,12.539999961853027,True,True,0.70703125
B1_V2,2024-06-14T13:30:00+00:00,YUNNAN_INSIDE,39,67,3.986855887427556,0.0,True,False,0.73046875
B1_V2,2024-06-14T13:30:00+00:00,YUNNAN_INSIDE,40,67,4.012247212883617,0.0,True,False,0.74609375
B1_V2,2024-06-14T14:00:00+00:00,YUNNAN_INSIDE,39,67,4.13681603612429,0.0,True,False,0.734375
B1_V2,2024-06-14T17:00:00+00:00,YUNNAN_INSIDE,42,62,3.9326525590703723,3.359999895095825,True,True,0.76953125
B1_V2,2024-06-14T17:30:00+00:00,YUNNAN_INSIDE,41,62,4.1874657572774785,0.429999977350235,True,True,0.7890625
B1_V2,2024-06-14T17:30:00+00:00,YUNNAN_INSIDE,41,63,3.9789718527800453,0.0,True,False,0.78515625
B1_V2,2024-06-14T17:30:00+00:00,YUNNAN_INSIDE,42,62,3.9822614575297,1.0399999618530273,True,True,0.76953125
B1_V2,2024-06-14T17:30:00+00:00,YUNNAN_INSIDE,42,63,3.9547329365843233,0.17999999225139618,True,True,0.78515625
B1_V2,2024-06-14T22:00:00+00:00,YUNNAN_INSIDE,42,49,3.952339328197446,7.549999713897705,True,True,0.77734375
B1_V2,2024-06-14T22:00:00+00:00,YUNNAN_INSIDE,42,50,4.124096517395827,8.819999694824219,True,True,0.80078125
B1_V2,2024-06-14T22:00:00+00:00,YUNNAN_INSIDE,42,51,3.978742777526111,13.329999923706055,True,True,0.7890625
B1_V2,2024-06-14T22:00:00+00:00,YUNNAN_INSIDE,43,49,4.08929840307886,7.980000019073486,True,True,0.78125
B1_V2,2024-06-14T22:00:00+00:00,YUNNAN_INSIDE,43,50,4.157736563882658,11.889999389648438,True,True,0.78125
B1_V2,2024-06-15T00:00:00+00:00,YUNNAN_INSIDE,25,69,5.483624870321141,8.369999885559082,True,True,0.83984375
B1_V2,2024-06-15T00:00:00+00:00,YUNNAN_INSIDE,26,68,4.474371324207635,5.409999847412109,True,True,0.78515625
B1_V2,2024-06-15T00:00:00+00:00,YUNNAN_INSIDE,26,69,5.19865224360463,8.609999656677246,True,True,0.8125
B1_V2,2024-06-15T00:30:00+00:00,YUNNAN_INSIDE,25,69,4.890407735993335,13.5,True,True,0.80859375
B1_V2,2024-06-15T00:30:00+00:00,YUNNAN_INSIDE,26,68,4.644787575749495,5.449999809265137,True,True,0.80078125
B1_V2,2024-06-15T00:30:00+00:00,YUNNAN_INSIDE,26,69,4.854162233052845,12.309999465942383,True,True,0.8046875
B1_V2,2024-06-15T00:30:00+00:00,YUNNAN_INSIDE,44,6,4.041260583123587,9.989999771118164,True,True,0.7890625
B1_V2,2024-06-15T00:30:00+00:00,YUNNAN_INSIDE,44,7,4.147432294574641,14.5,True,True,0.796875
B1_V2,2024-06-15T01:00:00+00:00,YUNNAN_INSIDE,25,69,4.555004081398855,1.709999918937683,True,True,0.80078125
B1_V2,2024-06-15T01:00:00+00:00,YUNNAN_INSIDE,26,68,4.4406185652617145,2.740000009536743,True,True,0.7890625
B1_V2,2024-06-15T01:00:00+00:00,YUNNAN_INSIDE,26,69,4.263674519786804,1.5399999618530273,True,True,0.78515625
B1_V2,2024-06-15T01:00:00+00:00,YUNNAN_INSIDE,43,7,3.9447905645481347,12.179999351501465,True,True,0.77734375
B1_V2,2024-06-15T01:00:00+00:00,YUNNAN_INSIDE,44,7,4.047843428803422,10.619999885559082,True,True,0.78515625
B1_V2,2024-06-15T03:30:00+00:00,YUNNAN_INSIDE,46,6,4.123258176269997,6.940000057220459,True,True,0.77734375
B1_V2,2024-06-15T03:30:00+00:00,YUNNAN_INSIDE,46,7,4.2662687873135425,9.260000228881836,True,True,0.78125
B1_V2,2024-06-15T03:30:00+00:00,YUNNAN_INSIDE,47,6,4.512635389575367,6.549999713897705,True,True,0.7890625
B1_V2,2024-06-15T03:30:00+00:00,YUNNAN_INSIDE,47,7,4.605775053085243,8.960000038146973,True,True,0.78125
B1_V2,2024-06-15T04:00:00+00:00,YUNNAN_INSIDE,46,6,4.163971105605753,6.980000019073486,True,True,0.76171875
B1_V2,2024-06-15T04:00:00+00:00,YUNNAN_INSIDE,46,7,4.314380625442371,9.149999618530273,True,True,0.7734375
B1_V2,2024-06-15T04:00:00+00:00,YUNNAN_INSIDE,46,8,4.004816736469149,8.139999389648438,True,True,0.76953125
B1_V2,2024-06-15T04:00:00+00:00,YUNNAN_INSIDE,47,6,4.129133388731078,5.509999752044678,True,True,0.76171875
B1_V2,2024-06-15T04:00:00+00:00,YUNNAN_INSIDE,47,7,4.573638383990122,7.669999599456787,True,True,0.7890625
B1_V2,2024-06-15T04:00:00+00:00,YUNNAN_INSIDE,47,8,4.315733723813119,19.219999313354492,True,True,0.7734375
B1_V2,2024-06-15T04:00:00+00:00,YUNNAN_INSIDE,48,8,4.054233012255946,14.50999927520752,True,True,0.7734375
B1_V2,2024-06-16T21:00:00+00:00,YUNNAN_INSIDE,45,6,4.135940963771055,6.739999771118164,True,True,0.7890625
B1_V2,2024-06-17T00:30:00+00:00,YUNNAN_INSIDE,51,64,4.077855813541912,2.8899998664855957,True,True,0.74609375
B1_V2,2024-06-17T00:30:00+00:00,YUNNAN_INSIDE,51,65,4.222763025062659,6.309999942779541,True,True,0.75390625
B1_V2,2024-06-17T00:30:00+00:00,YUNNAN_INSIDE,51,66,4.025778502605848,4.029999732971191,True,True,0.75390625
B1_V2,2024-06-17T00:30:00+00:00,YUNNAN_INSIDE,52,65,3.945991124553379,10.899999618530273,True,True,0.75
B1_V2,2024-06-18T00:00:00+00:00,YUNNAN_INSIDE,38,78,4.077828672511836,5.980000019073486,True,True,0.7890625
B1_V2,2024-06-18T00:30:00+00:00,YUNNAN_INSIDE,37,78,4.176743642567851,5.96999979019165,True,True,0.79296875
B1_V2,2024-06-18T00:30:00+00:00,YUNNAN_INSIDE,38,78,4.257854469298708,12.75999927520752,True,True,0.79296875
B1_V2,2024-06-18T01:00:00+00:00,YUNNAN_INSIDE,37,78,4.066239332548691,3.740000009536743,True,True,0.7734375
B1_V2,2024-06-21T14:00:00+00:00,YUNNAN_INSIDE,63,69,3.981121384244814,11.619999885559082,True,True,0.68359375
B1_V2,2024-06-21T17:30:00+00:00,YUNNAN_INSIDE,27,48,3.961175940156725,27.639999389648438,True,True,0.67578125
B1_V2,2024-06-23T16:30:00+00:00,YUNNAN_INSIDE,51,45,4.006630966980645,19.369998931884766,True,True,0.71875
B1_V2,2024-06-23T16:30:00+00:00,YUNNAN_INSIDE,51,46,3.941698654474236,19.60999870300293,True,True,0.71875
B1_V2,2024-06-23T16:30:00+00:00,YUNNAN_INSIDE,52,44,3.9374754113185393,6.940000057220459,True,True,0.71484375
B1_V2,2024-06-23T16:30:00+00:00,YUNNAN_INSIDE,52,45,4.195879321033226,9.109999656677246,True,True,0.71875
B1_V2,2024-06-23T16:30:00+00:00,YUNNAN_INSIDE,52,46,4.056115218174105,21.600000381469727,True,True,0.71875
B1_V2,2024-06-23T17:00:00+00:00,YUNNAN_INSIDE,51,45,4.078054692206408,20.439998626708984,True,True,0.71875
B1_V2,2024-06-23T17:00:00+00:00,YUNNAN_INSIDE,51,46,3.9657221021547118,22.079999923706055,True,True,0.71875
B1_V2,2024-06-23T17:00:00+00:00,YUNNAN_INSIDE,52,45,4.183142450703082,9.569999694824219,True,True,0.71875
B1_V2,2024-06-23T17:00:00+00:00,YUNNAN_INSIDE,52,46,4.115038426644931,21.559999465942383,True,True,0.72265625
B1_V2,2024-06-23T17:30:00+00:00,YUNNAN_INSIDE,51,45,4.076471170919085,7.559999942779541,True,True,0.7109375
B1_V2,2024-06-23T17:30:00+00:00,YUNNAN_INSIDE,51,46,4.019511475906482,7.5,True,True,0.7109375
B1_V2,2024-06-23T17:30:00+00:00,YUNNAN_INSIDE,52,45,4.094208005828243,0.0,True,False,0.7109375
B1_V2,2024-06-23T17:30:00+00:00,YUNNAN_INSIDE,52,46,4.056235898734893,21.469999313354492,True,True,0.70703125
B1_V2,2024-06-23T18:00:00+00:00,YUNNAN_INSIDE,52,45,3.950083530852641,0.0,True,False,0.70703125
B1_V2,2024-06-23T18:00:00+00:00,YUNNAN_INSIDE,52,46,3.9805058213840576,21.420000076293945,True,True,0.703125
B1_V2,2024-06-23T21:00:00+00:00,YUNNAN_INSIDE,58,40,3.9432384001185814,12.069999694824219,True,True,0.71875
B1_V2,2024-06-23T21:30:00+00:00,YUNNAN_INSIDE,57,40,4.066527993753183,14.179999351501465,True,True,0.71875
B1_V2,2024-06-23T21:30:00+00:00,YUNNAN_INSIDE,58,40,3.9372759362553857,15.549999237060547,True,True,0.71875
B1_V2,2024-06-23T22:00:00+00:00,YUNNAN_INSIDE,57,40,3.935524326049519,14.170000076293945,True,True,0.73046875
B1_V2,2024-06-23T22:30:00+00:00,YUNNAN_INSIDE,58,40,3.9417635192118725,8.9399995803833,True,True,0.71875
B1_V2,2024-06-23T22:30:00+00:00,YUNNAN_INSIDE,58,41,4.055652144228722,5.599999904632568,True,True,0.71875
B1_V2,2024-06-23T22:30:00+00:00,YUNNAN_INSIDE,59,40,4.0794042792610075,11.84000015258789,True,True,0.71875
B1_V2,2024-06-23T22:30:00+00:00,YUNNAN_INSIDE,59,41,4.022926526646349,9.25,True,True,0.71875
B1_V2,2024-06-24T17:30:00+00:00,YUNNAN_INSIDE,24,48,4.025826652427849,23.559999465942383,True,True,0.74609375
B1_V2,2024-06-24T17:30:00+00:00,YUNNAN_INSIDE,24,49,4.027611500903449,23.809999465942383,True,True,0.76171875
B1_V2,2024-06-24T18:00:00+00:00,YUNNAN_INSIDE,20,44,3.9842014194501862,27.69999885559082,True,True,0.734375
B1_V2,2024-06-24T18:00:00+00:00,YUNNAN_INSIDE,20,45,4.08495928816125,36.90999984741211,True,True,0.734375
B1_V2,2024-06-24T18:00:00+00:00,YUNNAN_INSIDE,21,44,4.0159594836211365,23.649999618530273,True,True,0.73828125
B1_V2,2024-06-24T18:00:00+00:00,YUNNAN_INSIDE,21,45,4.098454246275732,27.739999771118164,True,True,0.734375
B1_V2,2024-06-24T18:00:00+00:00,YUNNAN_INSIDE,23,46,4.092965701227081,22.229999542236328,True,True,0.7421875
B1_V2,2024-06-24T20:00:00+00:00,YUNNAN_INSIDE,18,38,4.033526545075186,11.679999351501465,True,True,0.72265625
B1_V2,2024-06-24T20:00:00+00:00,YUNNAN_INSIDE,18,39,4.031103779856246,10.519999504089355,True,True,0.7265625
B1_V2,2024-06-24T20:00:00+00:00,YUNNAN_INSIDE,19,38,4.0058412485846295,21.209999084472656,True,True,0.72265625
B1_V2,2024-06-24T20:00:00+00:00,YUNNAN_INSIDE,19,39,3.9607921919287743,13.519999504089355,True,True,0.71875
B1_V2,2024-06-24T20:00:00+00:00,YUNNAN_INSIDE,20,37,4.033331812525437,27.719999313354492,True,True,0.7265625
B1_V2,2024-06-24T20:00:00+00:00,YUNNAN_INSIDE,20,38,3.986942067850086,23.689998626708984,True,True,0.7265625
B1_V2,2024-06-24T20:30:00+00:00,YUNNAN_INSIDE,18,37,3.957455769439672,12.369999885559082,True,True,0.7265625
B1_V2,2024-06-24T20:30:00+00:00,YUNNAN_INSIDE,19,36,3.9867227635018643,17.44999885559082,True,True,0.7265625
B1_V2,2024-06-24T20:30:00+00:00,YUNNAN_INSIDE,19,37,3.9892925875699334,25.31999969482422,True,True,0.734375
B1_V2,2024-06-24T21:00:00+00:00,YUNNAN_INSIDE,17,35,4.059935035262265,14.899999618530273,True,True,0.734375
B1_V2,2024-06-24T21:00:00+00:00,YUNNAN_INSIDE,17,36,4.1050356214906305,13.469999313354492,True,True,0.734375
B1_V2,2024-06-24T21:00:00+00:00,YUNNAN_INSIDE,17,37,4.055482351492517,13.65999984741211,True,True,0.734375
B1_V2,2024-06-24T21:00:00+00:00,YUNNAN_INSIDE,18,34,3.9635891444146405,10.510000228881836,True,True,0.734375
B1_V2,2024-06-24T21:00:00+00:00,YUNNAN_INSIDE,18,35,4.09964284179906,11.019999504089355,True,True,0.73828125
B1_V2,2024-06-24T21:00:00+00:00,YUNNAN_INSIDE,18,36,4.166645000258194,13.369999885559082,True,True,0.734375
B1_V2,2024-06-24T21:00:00+00:00,YUNNAN_INSIDE,18,37,4.152146066666196,15.559999465942383,True,True,0.734375
B1_V2,2024-06-24T21:00:00+00:00,YUNNAN_INSIDE,18,38,3.9595679067651863,11.779999732971191,True,True,0.734375
B1_V2,2024-06-24T21:30:00+00:00,YUNNAN_INSIDE,16,34,3.932254118657085,9.769999504089355,True,True,0.75
B1_V2,2024-06-24T21:30:00+00:00,YUNNAN_INSIDE,16,35,3.9374782109747555,10.59000015258789,True,True,0.75
B1_V2,2024-06-24T21:30:00+00:00,YUNNAN_INSIDE,17,34,3.9767850580828576,10.760000228881836,True,True,0.74609375
B1_V2,2024-06-24T21:30:00+00:00,YUNNAN_INSIDE,17,35,4.013427276210401,11.489999771118164,True,True,0.74609375
B1_V2,2024-06-24T21:30:00+00:00,YUNNAN_INSIDE,17,36,4.039591917101391,8.699999809265137,True,True,0.74609375
B1_V2,2024-06-24T21:30:00+00:00,YUNNAN_INSIDE,18,36,3.9554212152043497,4.549999713897705,True,True,0.75
B1_V2,2024-06-24T22:00:00+00:00,YUNNAN_INSIDE,17,32,3.9909079358126345,8.460000038146973,True,True,0.74609375
B1_V2,2024-06-28T16:00:00+00:00,YUNNAN_INSIDE,77,68,3.9454422932338913,15.339999198913574,True,True,0.69921875
B1_V2,2024-06-30T08:30:00+00:00,YUNNAN_INSIDE,37,87,3.9753819664836003,0.0,True,False,0.75390625
B1_V2,2024-07-01T17:30:00+00:00,YUNNAN_INSIDE,36,89,3.9508193483760388,10.880000114440918,True,True,0.703125
B1_V2,2024-07-01T20:00:00+00:00,YUNNAN_INSIDE,35,87,4.429526081940616,22.189998626708984,True,True,0.71484375
B1_V2,2024-07-01T20:00:00+00:00,YUNNAN_INSIDE,35,88,4.109997696946119,19.869998931884766,True,True,0.7265625
B1_V2,2024-07-01T20:30:00+00:00,YUNNAN_INSIDE,34,86,4.04426417995735,21.75,True,True,0.7265625
B1_V2,2024-07-05T23:00:00+00:00,YUNNAN_INSIDE,25,47,4.316990532349177,6.309999942779541,True,True,0.7578125
B1_V2,2024-07-05T23:30:00+00:00,YUNNAN_INSIDE,26,48,3.9808801555153406,4.539999961853027,True,True,0.75
B1_V2,2024-07-10T00:30:00+00:00,YUNNAN_INSIDE,44,6,4.111422539661409,10.960000038146973,True,True,0.75390625
B1_V2,2024-07-10T00:30:00+00:00,YUNNAN_INSIDE,44,7,4.063060422568058,10.34999942779541,True,True,0.74609375
B1_V2,2024-07-10T00:30:00+00:00,YUNNAN_INSIDE,45,6,4.128622842499034,10.460000038146973,True,True,0.74609375
B1_V2,2024-07-10T00:30:00+00:00,YUNNAN_INSIDE,45,7,4.169073875910633,10.960000038146973,True,True,0.75
B1_V2,2024-07-11T16:30:00+00:00,YUNNAN_INSIDE,71,33,4.1351174338960694,9.75,True,True,0.765625
B1_V2,2024-07-11T16:30:00+00:00,YUNNAN_INSIDE,71,34,4.127287950262118,19.309999465942383,True,True,0.77734375
B1_V2,2024-07-14T01:00:00+00:00,YUNNAN_INSIDE,32,36,4.002567324358923,7.5,True,True,0.73046875
B1_V2,2024-07-18T00:00:00+00:00,YUNNAN_INSIDE,41,8,4.185920845441838,1.149999976158142,True,True,0.73046875
B1_V2,2024-07-20T09:00:00+00:00,YUNNAN_INSIDE,23,39,4.051227893510051,7.659999847412109,True,True,0.73828125
B1_V2,2024-07-21T00:00:00+00:00,YUNNAN_INSIDE,41,38,3.941984946651827,6.339999675750732,True,True,0.7578125
B1_V2,2024-07-27T13:00:00+00:00,YUNNAN_INSIDE,28,74,3.9532177793265197,15.779999732971191,True,True,0.67578125
B1_V2,2024-07-27T13:00:00+00:00,YUNNAN_INSIDE,28,75,3.991052749897924,0.0,True,False,0.67578125
B1_V2,2024-07-27T19:30:00+00:00,YUNNAN_INSIDE,40,86,3.997716769704232,17.09000015258789,True,True,0.73046875
B1_V2,2024-07-27T20:00:00+00:00,YUNNAN_INSIDE,53,64,4.166602816906982,14.569999694824219,True,True,0.7265625
B1_V2,2024-07-28T15:30:00+00:00,YUNNAN_INSIDE,65,39,3.9445964244557667,2.950000047683716,True,True,0.703125
B1_V2,2024-07-28T20:00:00+00:00,YUNNAN_INSIDE,68,43,3.962052924057947,5.21999979019165,True,True,0.69921875
B1_V2,2024-07-29T13:00:00+00:00,YUNNAN_INSIDE,47,32,4.008864209981282,5.170000076293945,True,True,0.71875
B1_V2,2024-07-29T13:00:00+00:00,YUNNAN_INSIDE,47,33,3.93807804127988,10.479999542236328,True,True,0.734375
B1_V2,2024-07-29T13:00:00+00:00,YUNNAN_INSIDE,64,45,4.264273548650154,0.2199999988079071,True,True,0.76953125
B1_V2,2024-07-29T13:30:00+00:00,YUNNAN_INSIDE,64,45,4.059617875839088,0.0,True,False,0.75390625
B1_V2,2024-07-29T14:00:00+00:00,YUNNAN_INSIDE,46,34,4.212545372867065,16.09000015258789,True,True,0.73828125
B1_V2,2024-07-29T14:00:00+00:00,YUNNAN_INSIDE,46,35,4.317962637032513,8.09999942779541,True,True,0.74609375
B1_V2,2024-07-29T14:00:00+00:00,YUNNAN_INSIDE,46,36,4.109688197758632,10.719999313354492,True,True,0.7265625
B1_V2,2024-07-29T14:00:00+00:00,YUNNAN_INSIDE,47,34,4.154634309045054,13.210000038146973,True,True,0.7421875
B1_V2,2024-07-29T14:00:00+00:00,YUNNAN_INSIDE,47,35,4.096303699518286,14.739999771118164,True,True,0.7421875
B1_V2,2024-07-29T17:00:00+00:00,YUNNAN_INSIDE,41,42,3.9505698738851414,21.239999771118164,True,True,0.7265625
B1_V2,2024-07-29T17:00:00+00:00,YUNNAN_INSIDE,41,43,4.176437526249367,37.55999755859375,True,True,0.73828125
B1_V2,2024-07-29T17:30:00+00:00,YUNNAN_INSIDE,40,40,4.025090619686539,7.619999885559082,True,True,0.7265625
B1_V2,2024-07-29T17:30:00+00:00,YUNNAN_INSIDE,40,41,4.0827512543564515,7.819999694824219,True,True,0.734375
B1_V2,2024-07-29T17:30:00+00:00,YUNNAN_INSIDE,40,42,4.049855653510999,8.09999942779541,True,True,0.7421875
B1_V2,2024-07-29T17:30:00+00:00,YUNNAN_INSIDE,41,41,4.017695368538952,7.609999656677246,True,True,0.734375
B1_V2,2024-07-29T17:30:00+00:00,YUNNAN_INSIDE,41,42,4.018546740916651,9.989999771118164,True,True,0.74609375
B1_V2,2024-07-29T18:00:00+00:00,YUNNAN_INSIDE,38,39,3.936751939251455,9.239999771118164,True,True,0.7265625
B1_V2,2024-07-29T18:00:00+00:00,YUNNAN_INSIDE,39,39,4.043607376411941,6.71999979019165,True,True,0.734375
B1_V2,2024-07-29T18:00:00+00:00,YUNNAN_INSIDE,39,40,4.051312081210076,9.029999732971191,True,True,0.734375
B1_V2,2024-07-29T18:00:00+00:00,YUNNAN_INSIDE,40,40,4.040014397474573,8.519999504089355,True,True,0.734375
B1_V2,2024-07-29T18:00:00+00:00,YUNNAN_INSIDE,40,41,3.9841404660362887,7.710000038146973,True,True,0.734375
B1_V2,2024-07-29T18:00:00+00:00,YUNNAN_INSIDE,60,24,4.154723812823392,0.8799999952316284,True,True,0.78515625
B1_V2,2024-07-29T18:00:00+00:00,YUNNAN_INSIDE,60,25,3.951964987984993,7.690000057220459,True,True,0.7734375
B1_V2,2024-07-29T18:00:00+00:00,YUNNAN_INSIDE,61,24,4.101507945718635,1.2300000190734863,True,True,0.7734375
B1_V2,2024-07-29T18:00:00+00:00,YUNNAN_INSIDE,61,25,4.051051099790259,4.369999885559082,True,True,0.79296875
B1_V2,2024-07-29T18:30:00+00:00,YUNNAN_INSIDE,60,24,4.101432104390729,1.0,True,True,0.77734375
B1_V2,2024-07-29T18:30:00+00:00,YUNNAN_INSIDE,60,25,4.08695399206406,8.319999694824219,True,True,0.796875
B1_V2,2024-07-29T20:00:00+00:00,YUNNAN_INSIDE,61,23,4.145706664896292,4.110000133514404,True,True,0.7421875
B1_V2,2024-07-29T20:30:00+00:00,YUNNAN_INSIDE,59,26,3.9683851087484774,7.619999885559082,True,True,0.7578125
B1_V2,2024-07-29T20:30:00+00:00,YUNNAN_INSIDE,59,27,4.222968043046498,11.50999927520752,True,True,0.76953125
B1_V2,2024-07-29T20:30:00+00:00,YUNNAN_INSIDE,60,23,4.317774228984322,4.960000038146973,True,True,0.75390625
B1_V2,2024-07-29T20:30:00+00:00,YUNNAN_INSIDE,60,24,4.451022120363547,3.4700000286102295,True,True,0.76171875
B1_V2,2024-07-29T20:30:00+00:00,YUNNAN_INSIDE,60,25,4.082552825984629,7.619999885559082,True,True,0.76171875
B1_V2,2024-07-29T20:30:00+00:00,YUNNAN_INSIDE,61,23,4.0201696004639595,3.4800000190734863,True,True,0.734375
B1_V2,2024-07-29T20:30:00+00:00,YUNNAN_INSIDE,61,24,4.023666968250834,2.559999942779541,True,True,0.75390625
B1_V2,2024-07-29T21:00:00+00:00,YUNNAN_INSIDE,57,25,4.046026765505108,6.019999980926514,True,True,0.75390625
B1_V2,2024-07-29T21:00:00+00:00,YUNNAN_INSIDE,58,24,3.987161373200574,6.569999694824219,True,True,0.734375
B1_V2,2024-07-29T21:00:00+00:00,YUNNAN_INSIDE,58,25,4.085434790310696,5.170000076293945,True,True,0.7578125
B1_V2,2024-07-29T21:00:00+00:00,YUNNAN_INSIDE,59,24,3.991410349124204,5.46999979019165,True,True,0.73828125
B1_V2,2024-07-29T21:30:00+00:00,YUNNAN_INSIDE,56,24,3.946007692267282,9.25,True,True,0.734375
B1_V2,2024-07-29T21:30:00+00:00,YUNNAN_INSIDE,56,25,4.077980756050474,6.62999963760376,True,True,0.75
B1_V2,2024-07-29T21:30:00+00:00,YUNNAN_INSIDE,57,24,4.107214140537329,5.199999809265137,True,True,0.734375
B1_V2,2024-07-29T21:30:00+00:00,YUNNAN_INSIDE,57,25,4.136888178674792,6.369999885559082,True,True,0.75
B1_V2,2024-07-29T21:30:00+00:00,YUNNAN_INSIDE,58,24,3.9974829330139214,5.690000057220459,True,True,0.73828125
B1_V2,2024-07-29T22:00:00+00:00,YUNNAN_INSIDE,52,26,3.9629478987600435,11.4399995803833,True,True,0.73828125
B1_V2,2024-07-29T22:00:00+00:00,YUNNAN_INSIDE,55,24,4.000200507234388,9.050000190734863,True,True,0.74609375
B1_V2,2024-07-29T22:00:00+00:00,YUNNAN_INSIDE,55,25,4.041156304500894,11.380000114440918,True,True,0.75390625
B1_V2,2024-07-29T22:00:00+00:00,YUNNAN_INSIDE,56,24,4.079543732320318,9.34999942779541,True,True,0.73828125
B1_V2,2024-07-29T22:00:00+00:00,YUNNAN_INSIDE,56,25,4.133522406336544,8.639999389648438,True,True,0.74609375
B1_V2,2024-07-29T22:00:00+00:00,YUNNAN_INSIDE,56,26,3.9426721018397415,10.75,True,True,0.75390625
B1_V2,2024-07-29T22:00:00+00:00,YUNNAN_INSIDE,57,24,3.945148045805494,4.529999732971191,True,True,0.73828125
B1_V2,2024-07-29T22:30:00+00:00,YUNNAN_INSIDE,51,25,3.9461934377497125,12.389999389648438,True,True,0.73828125
B1_V2,2024-07-29T22:30:00+00:00,YUNNAN_INSIDE,55,24,3.972606260425653,8.380000114440918,True,True,0.73828125
B1_V2,2024-07-29T22:30:00+00:00,YUNNAN_INSIDE,55,25,4.044109857251307,9.960000038146973,True,True,0.75390625
B1_V2,2024-07-29T23:00:00+00:00,YUNNAN_INSIDE,51,25,4.0659015495099,11.649999618530273,True,True,0.73828125
B1_V2,2024-07-29T23:00:00+00:00,YUNNAN_INSIDE,51,26,3.9428247006878885,17.09000015258789,True,True,0.7421875
B1_V2,2024-07-30T11:00:00+00:00,YUNNAN_INSIDE,38,40,3.9817843608690917,12.920000076293945,True,True,0.734375
B1_V2,2024-07-30T11:30:00+00:00,YUNNAN_INSIDE,38,36,3.9920886504370507,1.1299999952316284,True,True,0.734375
B1_V2,2024-07-30T11:30:00+00:00,YUNNAN_INSIDE,38,37,4.042541637772128,5.049999713897705,True,True,0.7421875
B1_V2,2024-07-30T11:30:00+00:00,YUNNAN_INSIDE,39,35,3.991164630755362,2.4800000190734863,True,True,0.73046875
B1_V2,2024-07-30T11:30:00+00:00,YUNNAN_INSIDE,39,36,4.250510460092488,4.769999980926514,True,True,0.74609375
B1_V2,2024-07-30T11:30:00+00:00,YUNNAN_INSIDE,39,37,4.225554049792079,8.019999504089355,True,True,0.75390625
B1_V2,2024-07-30T11:30:00+00:00,YUNNAN_INSIDE,39,38,4.046694122777034,13.719999313354492,True,True,0.75
B1_V2,2024-07-30T11:30:00+00:00,YUNNAN_INSIDE,40,37,3.97450590171402,16.729999542236328,True,True,0.73828125
B1_V2,2024-07-30T11:30:00+00:00,YUNNAN_INSIDE,40,38,4.03659093504074,16.029998779296875,True,True,0.75
B1_V2,2024-07-30T13:00:00+00:00,YUNNAN_INSIDE,36,34,3.9512424545880847,5.730000019073486,True,True,0.75
B1_V2,2024-07-30T15:30:00+00:00,YUNNAN_INSIDE,35,34,4.062732016472488,4.299999713897705,True,True,0.734375
B1_V2,2024-07-30T15:30:00+00:00,YUNNAN_INSIDE,36,34,4.071534671951035,5.849999904632568,True,True,0.73828125
B1_V2,2024-07-30T15:30:00+00:00,YUNNAN_INSIDE,39,50,4.100860488925354,6.949999809265137,True,True,0.734375
B1_V2,2024-07-30T15:30:00+00:00,YUNNAN_INSIDE,40,49,3.9384093394988144,4.569999694824219,True,True,0.7265625
B1_V2,2024-07-30T15:30:00+00:00,YUNNAN_INSIDE,40,50,4.179293424281096,5.440000057220459,True,True,0.734375
B1_V2,2024-07-30T16:00:00+00:00,YUNNAN_INSIDE,28,63,4.100288879522351,11.75999927520752,True,True,0.76171875
B1_V2,2024-07-30T16:00:00+00:00,YUNNAN_INSIDE,35,34,4.060617074948727,9.039999961853027,True,True,0.73828125
B1_V2,2024-07-30T16:00:00+00:00,YUNNAN_INSIDE,36,33,3.991410115551015,7.849999904632568,True,True,0.73828125
B1_V2,2024-07-30T16:00:00+00:00,YUNNAN_INSIDE,36,34,3.9975308215550185,7.259999752044678,True,True,0.74609375
B1_V2,2024-07-30T16:30:00+00:00,YUNNAN_INSIDE,35,33,4.016842141240539,8.6899995803833,True,True,0.73828125
B1_V2,2024-07-30T16:30:00+00:00,YUNNAN_INSIDE,35,34,4.028552101479404,9.4399995803833,True,True,0.7421875
B1_V2,2024-07-30T17:00:00+00:00,YUNNAN_INSIDE,33,49,4.081053405474193,23.5,True,True,0.69921875
B1_V2,2024-07-30T17:30:00+00:00,YUNNAN_INSIDE,28,41,3.9769814335054314,16.35999870300293,True,True,0.734375
B1_V2,2024-07-30T17:30:00+00:00,YUNNAN_INSIDE,34,48,4.017665455089915,17.43000030517578,True,True,0.72265625
B1_V2,2024-07-30T18:00:00+00:00,YUNNAN_INSIDE,28,39,3.9394961078498665,11.769999504089355,True,True,0.734375
B1_V2,2024-07-30T18:00:00+00:00,YUNNAN_INSIDE,28,40,3.962668946802039,14.469999313354492,True,True,0.73046875
B1_V2,2024-07-30T18:00:00+00:00,YUNNAN_INSIDE,34,46,4.013576363449017,22.579999923706055,True,True,0.73046875
B1_V2,2024-07-30T18:00:00+00:00,YUNNAN_INSIDE,34,47,4.106547419197843,18.510000228881836,True,True,0.73046875
B1_V2,2024-07-30T18:30:00+00:00,YUNNAN_INSIDE,27,38,4.025436312975668,15.819999694824219,True,True,0.734375
B1_V2,2024-07-30T18:30:00+00:00,YUNNAN_INSIDE,27,39,4.139241763286457,14.219999313354492,True,True,0.734375
B1_V2,2024-07-30T18:30:00+00:00,YUNNAN_INSIDE,27,40,4.029299171586396,14.75999927520752,True,True,0.734375
B1_V2,2024-07-30T18:30:00+00:00,YUNNAN_INSIDE,28,39,4.145485986762858,11.639999389648438,True,True,0.73828125
B1_V2,2024-07-30T18:30:00+00:00,YUNNAN_INSIDE,28,40,4.178717264186262,14.289999961853027,True,True,0.73828125
B1_V2,2024-07-30T18:30:00+00:00,YUNNAN_INSIDE,28,41,3.9852950910205385,13.149999618530273,True,True,0.73828125
B1_V2,2024-07-30T19:00:00+00:00,YUNNAN_INSIDE,26,37,3.963070918268753,16.60999870300293,True,True,0.73828125
B1_V2,2024-07-30T19:00:00+00:00,YUNNAN_INSIDE,26,38,3.96109961042237,15.399999618530273,True,True,0.734375
B1_V2,2024-07-30T19:00:00+00:00,YUNNAN_INSIDE,27,38,3.9839585404082776,15.899999618530273,True,True,0.73828125
B1_V2,2024-07-30T19:00:00+00:00,YUNNAN_INSIDE,27,39,4.0574071697162575,14.75999927520752,True,True,0.73828125
B1_V2,2024-07-31T00:00:00+00:00,YUNNAN_INSIDE,15,31,3.940492373754762,4.599999904632568,True,True,0.7578125
B1_V2,2024-07-31T20:30:00+00:00,YUNNAN_INSIDE,37,87,3.9504118818494502,12.25999927520752,True,True,0.74609375
B1_V2,2024-07-31T21:00:00+00:00,YUNNAN_INSIDE,37,86,3.9466743726885873,21.239999771118164,True,True,0.7578125
B1_V2,2024-07-31T21:00:00+00:00,YUNNAN_INSIDE,37,87,4.12249009838202,11.979999542236328,True,True,0.7578125
B1_V2,2024-07-31T21:00:00+00:00,YUNNAN_INSIDE,38,87,4.063590461294053,8.510000228881836,True,True,0.75390625
B1_V2,2024-07-31T21:30:00+00:00,YUNNAN_INSIDE,38,86,3.9699156995275655,10.789999961853027,True,True,0.765625
B1_V2,2024-08-04T13:00:00+00:00,YUNNAN_INSIDE,28,31,3.9646342512406716,0.6800000071525574,True,True,0.71484375
B1_V2,2024-08-04T13:00:00+00:00,YUNNAN_INSIDE,28,32,4.092723235194296,3.309999942779541,True,True,0.74609375
B1_V2,2024-08-04T23:00:00+00:00,YUNNAN_INSIDE,51,68,4.06631605919558,5.049999713897705,True,True,0.80078125
B1_V2,2024-08-10T13:30:00+00:00,YUNNAN_INSIDE,33,41,4.149848170915795,0.0,True,False,0.6953125
B1_V2,2024-08-11T11:00:00+00:00,YUNNAN_INSIDE,12,43,3.9358178117154727,13.34999942779541,True,True,0.71875
B1_V2,2024-08-11T16:00:00+00:00,YUNNAN_INSIDE,17,37,4.241943848714139,4.819999694824219,True,True,0.80078125
B1_V2,2024-08-11T16:00:00+00:00,YUNNAN_INSIDE,17,38,4.327147815563954,8.389999389648438,True,True,0.78515625
B1_V2,2024-08-11T16:30:00+00:00,YUNNAN_INSIDE,15,37,4.133652630077073,1.8600000143051147,True,True,0.796875
B1_V2,2024-08-11T16:30:00+00:00,YUNNAN_INSIDE,16,36,4.716072610825525,4.650000095367432,True,True,0.81640625
B1_V2,2024-08-11T16:30:00+00:00,YUNNAN_INSIDE,16,37,4.979711373711536,6.449999809265137,True,True,0.8203125
B1_V2,2024-08-11T16:30:00+00:00,YUNNAN_INSIDE,17,35,4.437616328094234,2.3399999141693115,True,True,0.78125
B1_V2,2024-08-11T16:30:00+00:00,YUNNAN_INSIDE,17,36,5.169273034747128,6.089999675750732,True,True,0.80859375
B1_V2,2024-08-11T16:30:00+00:00,YUNNAN_INSIDE,17,37,5.2014063286989165,6.819999694824219,True,True,0.8046875
B1_V2,2024-08-11T16:30:00+00:00,YUNNAN_INSIDE,17,38,4.672737082799697,6.179999828338623,True,True,0.78515625
B1_V2,2024-08-11T16:30:00+00:00,YUNNAN_INSIDE,18,35,3.935680867055676,3.569999933242798,True,True,0.75
B1_V2,2024-08-11T16:30:00+00:00,YUNNAN_INSIDE,18,36,4.290866014250303,5.210000038146973,True,True,0.76171875
B1_V2,2024-08-11T16:30:00+00:00,YUNNAN_INSIDE,18,37,4.208273713278619,4.670000076293945,True,True,0.76171875
B1_V2,2024-08-11T17:00:00+00:00,YUNNAN_INSIDE,15,36,3.947421803620953,3.5999999046325684,True,True,0.78125
B1_V2,2024-08-11T17:00:00+00:00,YUNNAN_INSIDE,15,37,4.5319779657730495,4.429999828338623,True,True,0.81640625
B1_V2,2024-08-11T17:00:00+00:00,YUNNAN_INSIDE,16,35,4.016824614128955,5.319999694824219,True,True,0.765625
B1_V2,2024-08-11T17:00:00+00:00,YUNNAN_INSIDE,16,36,4.4378163480441986,16.65999984741211,True,True,0.78125
B1_V2,2024-08-11T17:00:00+00:00,YUNNAN_INSIDE,16,37,4.879116525151096,6.099999904632568,True,True,0.80859375
B1_V2,2024-08-11T17:00:00+00:00,YUNNAN_INSIDE,17,34,4.007807857939473,4.710000038146973,True,True,0.7421875
B1_V2,2024-08-11T17:00:00+00:00,YUNNAN_INSIDE,17,35,4.282406213400417,8.460000038146973,True,True,0.76171875
B1_V2,2024-08-11T17:00:00+00:00,YUNNAN_INSIDE,17,36,4.513882826446689,7.259999752044678,True,True,0.77734375
B1_V2,2024-08-11T17:00:00+00:00,YUNNAN_INSIDE,17,37,4.788340885749731,3.9599997997283936,True,True,0.80859375
B1_V2,2024-08-11T17:00:00+00:00,YUNNAN_INSIDE,17,38,4.609225776859052,6.489999771118164,True,True,0.80078125
B1_V2,2024-08-11T17:00:00+00:00,YUNNAN_INSIDE,17,39,4.012004894467495,6.029999732971191,True,True,0.79296875
B1_V2,2024-08-12T18:00:00+00:00,YUNNAN_INSIDE,20,45,4.038803779685517,4.190000057220459,True,True,0.7734375
B1_V2,2024-08-13T19:30:00+00:00,YUNNAN_INSIDE,35,18,3.943938874323703,7.319999694824219,True,True,0.71875
B1_V2,2024-08-15T17:30:00+00:00,YUNNAN_INSIDE,43,38,3.936455181375445,7.980000019073486,True,True,0.76171875
B1_V2,2024-08-15T17:30:00+00:00,YUNNAN_INSIDE,43,39,3.9632450602889873,10.969999313354492,True,True,0.7578125
B1_V2,2024-08-15T19:00:00+00:00,YUNNAN_INSIDE,47,9,3.946364482933506,0.0,True,False,0.74609375
B1_V2,2024-08-15T19:00:00+00:00,YUNNAN_INSIDE,47,13,3.977995780359553,14.539999961853027,True,True,0.76953125
B1_V2,2024-08-17T19:30:00+00:00,YUNNAN_INSIDE,45,32,4.08205535435317,4.369999885559082,True,True,0.75390625
B1_V2,2024-08-17T20:30:00+00:00,YUNNAN_INSIDE,46,10,4.189368000319655,8.34000015258789,True,True,0.7578125
B1_V2,2024-08-17T21:30:00+00:00,YUNNAN_INSIDE,43,28,4.093901873832341,9.670000076293945,True,True,0.78125
B1_V2,2024-08-17T21:30:00+00:00,YUNNAN_INSIDE,44,27,3.970342013861439,9.6899995803833,True,True,0.765625
B1_V2,2024-08-17T21:30:00+00:00,YUNNAN_INSIDE,44,28,4.091290929340644,8.779999732971191,True,True,0.77734375
B1_V2,2024-08-17T22:30:00+00:00,YUNNAN_INSIDE,50,7,3.970223878178195,1.3299999237060547,True,True,0.7265625
B1_V2,2024-08-18T18:30:00+00:00,YUNNAN_INSIDE,39,43,3.9558107541467895,5.389999866485596,True,True,0.7578125
B1_V2,2024-08-18T18:30:00+00:00,YUNNAN_INSIDE,39,44,4.051594111012885,4.779999732971191,True,True,0.77734375
B1_V2,2024-08-20T18:00:00+00:00,YUNNAN_INSIDE,35,39,4.066042837993349,0.0,True,False,0.71875
B1_V2,2024-08-20T20:30:00+00:00,YUNNAN_INSIDE,27,62,4.004385910422057,4.989999771118164,True,True,0.69921875
B1_V2,2024-08-21T20:30:00+00:00,YUNNAN_INSIDE,17,41,4.118567448233975,7.989999771118164,True,True,0.78125
B1_V2,2024-08-21T20:30:00+00:00,YUNNAN_INSIDE,17,42,4.076232991729521,9.65999984741211,True,True,0.78515625
B1_V2,2024-08-21T20:30:00+00:00,YUNNAN_INSIDE,18,41,4.157192485538856,10.639999389648438,True,True,0.78125
B1_V2,2024-08-21T20:30:00+00:00,YUNNAN_INSIDE,18,42,4.1304360054926255,7.46999979019165,True,True,0.7890625
B1_V2,2024-08-21T20:30:00+00:00,YUNNAN_INSIDE,19,42,3.9352821668052056,8.25,True,True,0.78515625
B1_V2,2024-08-21T20:30:00+00:00,YUNNAN_INSIDE,20,41,3.9839629776104863,7.269999980926514,True,True,0.78125
B1_V2,2024-08-21T20:30:00+00:00,YUNNAN_INSIDE,20,42,4.155287080667392,8.769999504089355,True,True,0.80078125
B1_V2,2024-08-21T23:00:00+00:00,YUNNAN_INSIDE,19,36,3.9696299356692277,16.5,True,True,0.78515625
B1_V2,2024-08-22T23:00:00+00:00,YUNNAN_INSIDE,35,39,4.2022727016963515,9.109999656677246,True,True,0.78125
B1_V2,2024-08-24T22:30:00+00:00,YUNNAN_INSIDE,56,18,3.940233155877094,1.7899999618530273,True,True,0.75390625
B1_V2,2024-08-25T22:00:00+00:00,YUNNAN_INSIDE,26,39,4.157453511280696,4.869999885559082,True,True,0.76953125
B1_V2,2024-09-01T20:00:00+00:00,YUNNAN_INSIDE,82,71,4.023985071701466,4.929999828338623,True,True,0.734375
B1_V2,2024-09-03T18:30:00+00:00,YUNNAN_INSIDE,28,72,4.003004675968193,5.139999866485596,True,True,0.7734375
B1_V2,2024-09-03T20:00:00+00:00,YUNNAN_INSIDE,27,70,4.155743978392435,19.94999885559082,True,True,0.7890625
B1_V2,2024-09-05T00:00:00+00:00,YUNNAN_INSIDE,36,44,4.0829464075139965,7.149999618530273,True,True,0.80859375
B1_V2,2024-09-05T00:30:00+00:00,YUNNAN_INSIDE,35,44,4.190325006036578,12.079999923706055,True,True,0.8046875
B1_V2,2024-09-05T00:30:00+00:00,YUNNAN_INSIDE,36,43,3.9561186065850222,6.839999675750732,True,True,0.80078125
B1_V2,2024-09-05T00:30:00+00:00,YUNNAN_INSIDE,36,44,4.192658739571623,10.9399995803833,True,True,0.8125
B1_V2,2024-09-07T12:00:00+00:00,YUNNAN_INSIDE,18,41,4.045677189762534,18.279998779296875,True,True,0.671875
B1_V2,2024-09-07T12:30:00+00:00,YUNNAN_INSIDE,16,41,3.988711486543102,24.76999855041504,True,True,0.6640625
B1_V2,2024-09-07T12:30:00+00:00,YUNNAN_INSIDE,17,41,4.035263274800137,23.299999237060547,True,True,0.6640625
B1_V2,2024-09-07T18:30:00+00:00,YUNNAN_INSIDE,40,29,3.970775102739826,11.979999542236328,True,True,0.734375
B1_V2,2024-09-07T19:00:00+00:00,YUNNAN_INSIDE,22,24,3.9625074122022377,0.0,True,False,0.71875
B1_V2,2024-09-07T19:00:00+00:00,YUNNAN_INSIDE,22,25,3.941104376423137,0.0,True,False,0.72265625
B1_V2,2024-09-11T19:30:00+00:00,YUNNAN_INSIDE,38,33,4.026978755943616,4.819999694824219,True,True,0.78125
B1_V2,2024-09-11T19:30:00+00:00,YUNNAN_INSIDE,39,33,4.052091759424635,8.059999465942383,True,True,0.7890625
B1_V2,2024-09-13T19:30:00+00:00,YUNNAN_INSIDE,84,68,4.101482197107696,0.0,True,False,0.80078125
B1_V2,2024-09-13T19:30:00+00:00,YUNNAN_INSIDE,85,68,4.268292727298044,0.0,True,False,0.80859375
B1_V2,2024-09-13T19:30:00+00:00,YUNNAN_INSIDE,86,68,4.0035658561591045,0.0,True,False,0.8046875
B1_V2,2024-09-16T17:00:00+00:00,YUNNAN_INSIDE,43,46,4.129376953726883,5.170000076293945,True,True,0.7734375
B1_V2,2024-09-16T17:00:00+00:00,YUNNAN_INSIDE,43,47,4.028966307934591,3.3899998664855957,True,True,0.7734375
B1_V2,2024-09-16T17:00:00+00:00,YUNNAN_INSIDE,44,47,4.390138751871098,2.2699999809265137,True,True,0.78515625
B1_V2,2024-09-16T17:30:00+00:00,YUNNAN_INSIDE,43,46,3.9404893405937873,3.2200000286102295,True,True,0.765625
B1_V2,2024-09-16T17:30:00+00:00,YUNNAN_INSIDE,44,46,4.150279253560953,10.949999809265137,True,True,0.78125
B1_V2,2024-09-16T18:30:00+00:00,YUNNAN_INSIDE,21,38,4.010551476358487,0.0,True,False,0.71484375
B1_V2,2024-09-16T18:30:00+00:00,YUNNAN_INSIDE,21,39,4.109690070668237,0.0,True,False,0.72265625
B1_V2,2024-09-16T18:30:00+00:00,YUNNAN_INSIDE,22,38,4.026250653350398,0.0,True,False,0.71875
B1_V2,2024-09-16T18:30:00+00:00,YUNNAN_INSIDE,22,39,4.224548628144389,0.0,True,False,0.72265625
B1_V2,2024-09-16T18:30:00+00:00,YUNNAN_INSIDE,22,40,3.9426956682953747,0.0,True,False,0.7421875
B1_V2,2024-09-23T11:00:00+00:00,YUNNAN_INSIDE,51,8,4.100579599026046,0.0,True,False,0.7734375
B1_V2,2024-09-23T11:00:00+00:00,YUNNAN_INSIDE,52,8,4.21034313434793,0.0,True,False,0.7734375
B1_V2,2024-09-23T11:30:00+00:00,YUNNAN_INSIDE,50,8,4.032573461496822,0.0,True,False,0.7734375
B1_V2,2024-09-23T11:30:00+00:00,YUNNAN_INSIDE,51,8,4.125550765023232,0.0,True,False,0.7734375
B1_V2,2024-09-23T11:30:00+00:00,YUNNAN_INSIDE,52,8,4.203589167572995,0.0,True,False,0.7734375
B1_V2,2024-09-23T12:00:00+00:00,YUNNAN_INSIDE,50,8,3.9871728172772585,0.0,True,False,0.7578125
B1_V2,2024-09-23T12:00:00+00:00,YUNNAN_INSIDE,50,9,3.993759218295228,0.07999999821186066,True,False,0.7578125
B1_V2,2024-09-23T12:00:00+00:00,YUNNAN_INSIDE,51,8,4.0925884283004486,0.0,True,False,0.76171875
B1_V2,2024-09-23T12:00:00+00:00,YUNNAN_INSIDE,51,9,4.05734355367586,0.0,True,False,0.7578125
B1_V2,2024-09-23T12:00:00+00:00,YUNNAN_INSIDE,52,8,4.174195847571645,0.0,True,False,0.76171875
B1_V2,2024-09-23T12:30:00+00:00,YUNNAN_INSIDE,50,8,4.023491439589615,0.4599999785423279,True,True,0.76171875
B1_V2,2024-09-23T12:30:00+00:00,YUNNAN_INSIDE,50,9,3.9700992056633706,0.7999999523162842,True,True,0.76171875
B1_V2,2024-09-23T12:30:00+00:00,YUNNAN_INSIDE,51,8,4.120600391369707,0.8399999737739563,True,True,0.765625
B1_V2,2024-09-23T12:30:00+00:00,YUNNAN_INSIDE,51,9,3.9784072227994147,0.7699999809265137,True,True,0.76171875
B1_V2,2024-09-23T12:30:00+00:00,YUNNAN_INSIDE,52,8,4.18372756238452,1.4199999570846558,True,True,0.76171875
B1_V2,2024-09-23T13:00:00+00:00,YUNNAN_INSIDE,50,8,4.007057373482017,0.0,True,False,0.7734375
B1_V2,2024-09-23T13:00:00+00:00,YUNNAN_INSIDE,51,8,4.145786315390024,0.0,True,False,0.7734375
B1_V2,2024-09-23T13:00:00+00:00,YUNNAN_INSIDE,51,9,3.952087278345046,0.0,True,False,0.76171875
B1_V2,2024-09-23T13:00:00+00:00,YUNNAN_INSIDE,52,8,4.161220006424911,0.0,True,False,0.7734375
B1_V2,2024-09-23T13:30:00+00:00,YUNNAN_INSIDE,52,8,3.93951383979336,0.0,True,False,0.7734375
B1_V2,2024-09-26T22:00:00+00:00,YUNNAN_INSIDE,32,34,4.124208453292229,2.9800000190734863,True,True,0.8046875
B1_V2,2024-09-29T21:00:00+00:00,YUNNAN_INSIDE,46,68,4.021713750100252,5.839999675750732,True,True,0.69921875
B1_V2,2024-09-29T21:00:00+00:00,YUNNAN_INSIDE,47,68,4.068553813513319,4.839999675750732,True,True,0.69140625
B1_V2,2024-09-29T21:00:00+00:00,YUNNAN_INSIDE,47,69,4.10006557430236,3.0799999237060547,True,True,0.71875
B1_V2,2024-10-03T20:30:00+00:00,YUNNAN_INSIDE,49,7,4.047761117521651,1.6899999380111694,True,True,0.73828125
B1_V2,2024-10-03T21:00:00+00:00,YUNNAN_INSIDE,49,7,4.195969826212882,5.0,True,True,0.76953125
B1_V2,2024-10-03T21:00:00+00:00,YUNNAN_INSIDE,49,8,3.942964233412303,1.3299999237060547,True,True,0.7578125
B1_V2,2024-10-06T22:00:00+00:00,YUNNAN_INSIDE,36,24,4.110871889485269,4.400000095367432,True,True,0.76953125
B1_V2,2024-10-06T22:00:00+00:00,YUNNAN_INSIDE,37,24,4.6191669739834715,3.059999942779541,True,True,0.82421875
B1_V2,2024-10-06T22:30:00+00:00,YUNNAN_INSIDE,37,24,4.127946493079394,5.409999847412109,True,True,0.8203125
B1_V2,2024-10-06T22:30:00+00:00,YUNNAN_INSIDE,37,25,3.9956274636760187,2.2899999618530273,True,True,0.7578125
B1_V2,2024-10-07T00:30:00+00:00,YUNNAN_INSIDE,40,29,3.9878125221469793,3.7300000190734863,True,True,0.73828125
B1_V2,2024-10-07T00:30:00+00:00,YUNNAN_INSIDE,41,29,4.040170578161551,4.839999675750732,True,True,0.73828125
B1_V2,2024-10-09T07:00:00+00:00,YUNNAN_INSIDE,38,6,3.984295301871755,0.429999977350235,True,True,0.77734375
B1_V2,2024-10-09T23:00:00+00:00,YUNNAN_INSIDE,27,43,4.058363758607792,14.309999465942383,True,True,0.7890625
B1_V2,2024-10-09T23:30:00+00:00,YUNNAN_INSIDE,27,43,4.017218625096365,6.440000057220459,True,True,0.78515625
B1_V2,2024-10-09T23:30:00+00:00,YUNNAN_INSIDE,27,44,4.323457712159853,8.65999984741211,True,True,0.796875
B1_V2,2024-10-09T23:30:00+00:00,YUNNAN_INSIDE,28,43,4.049908970942722,6.489999771118164,True,True,0.8046875
B1_V2,2024-10-09T23:30:00+00:00,YUNNAN_INSIDE,28,44,4.293200236974787,5.009999752044678,True,True,0.828125
B1_V2,2024-10-10T00:00:00+00:00,YUNNAN_INSIDE,27,43,3.9813658835339307,8.34999942779541,True,True,0.8046875
B1_V2,2024-10-10T00:00:00+00:00,YUNNAN_INSIDE,28,41,4.395103286486455,7.46999979019165,True,True,0.8359375
B1_V2,2024-10-10T00:00:00+00:00,YUNNAN_INSIDE,28,43,4.026953278017267,6.589999675750732,True,True,0.828125
B1_V2,2024-10-10T00:00:00+00:00,YUNNAN_INSIDE,28,44,4.193378994195417,6.0,True,True,0.82421875
B1_V2,2024-10-10T00:00:00+00:00,YUNNAN_INSIDE,29,40,4.0820478665750874,3.419999837875366,True,True,0.80078125
B1_V2,2024-10-10T00:00:00+00:00,YUNNAN_INSIDE,29,41,4.129806473834191,9.420000076293945,True,True,0.828125
B1_V2,2024-10-10T00:30:00+00:00,YUNNAN_INSIDE,28,44,4.116736412103637,5.980000019073486,True,True,0.82421875
B1_V2,2024-10-10T01:00:00+00:00,YUNNAN_INSIDE,28,43,4.03843180927481,10.649999618530273,True,True,0.80859375
B1_V2,2024-10-10T01:00:00+00:00,YUNNAN_INSIDE,28,44,3.9856554499464165,7.609999656677246,True,True,0.80078125
B1_V2,2024-10-10T01:30:00+00:00,YUNNAN_INSIDE,28,44,4.05725888833208,9.989999771118164,True,True,0.79296875
B1_V2,2024-10-12T14:00:00+00:00,YUNNAN_INSIDE,65,71,4.005306443572952,24.53999900817871,True,True,0.73828125
B1_V2,2024-10-13T12:00:00+00:00,YUNNAN_INSIDE,45,74,4.17034413137867,4.400000095367432,True,True,0.62890625
B1_V2,2024-10-13T12:00:00+00:00,YUNNAN_INSIDE,46,74,4.1871839660842785,3.299999952316284,True,True,0.59375
B1_V2,2024-10-13T12:30:00+00:00,YUNNAN_INSIDE,45,72,3.939615098655085,2.119999885559082,True,True,0.5625
B1_V2,2024-10-20T10:30:00+00:00,YUNNAN_INSIDE,46,72,4.092927786581852,2.25,True,True,0.5234375
