relative_path,filename,status,error,QI_nan_fraction,QI_valid_fraction,QI_min,QI_max,QI_mean,total_pixel_count,valid_pixel_count,invalid_pixel_count,raw_nan_count,fillvalue_count,negative_valid_pixel_count,statistics_scope,QI_median,notes,read_and_audit_seconds,needs_review
2019\imerg_20190101.nc,imerg_20190101.nc,OK,,0.0,1.0,0.19300000369548798,0.89000004529953,0.6537605353926168,873600,873600,0,0,0,0,QC_STAT_ONLY,0.6600000262260437,"Per-file exact median; no QI threshold, filtering, or model input.",0.07149180000124034,False
2019\imerg_20190102.nc,imerg_20190102.nc,OK,,0.0,1.0,0.19300000369548798,0.9250000715255737,0.6371653182657381,873600,873600,0,0,0,0,QC_STAT_ONLY,0.6310000419616699,"Per-file exact median; no QI threshold, filtering, or model input.",0.06707710000046063,False
2019\imerg_20190103.nc,imerg_20190103.nc,OK,,0.0,1.0,0.19300000369548798,0.8750000596046448,0.6240567650742515,873600,873600,0,0,0,0,QC_STAT_ONLY,0.6310000419616699,"Per-file exact median; no QI threshold, filtering, or model input.",0.0649145999996108,False
2019\imerg_20190104.nc,imerg_20190104.nc,OK,,0.0,1.0,0.19300000369548798,0.8810000419616699,0.6621822470566088,873600,873600,0,0,0,0,QC_STAT_ONLY,0.6860000491142273,"Per-file exact median; no QI threshold, filtering, or model input.",0.06764779999502935,False
2019\imerg_20190105.nc,imerg_20190105.nc,OK,,0.0,1.0,0.19300000369548798,0.89000004529953,0.6808723552076951,873600,873600,0,0,0,0,QC_STAT_ONLY,0.6930000185966492,"Per-file exact median; no QI threshold, filtering, or model input.",0.06853050000063377,False
2019\imerg_20190106.nc,imerg_20190106.nc,OK,,0.0,1.0,0.19300000369548798,0.9110000729560852,0.6871770144606371,873600,873600,0,0,0,0,QC_STAT_ONLY,0.7010000348091125,"Per-file exact median; no QI threshold, filtering, or model input.",0.07168210000236286,False
2019\imerg_20190107.nc,imerg_20190107.nc,OK,,0.0,1.0,0.20200000703334808,0.9050000309944153,0.6818369355698836,873600,873600,0,0,0,0,QC_STAT_ONLY,0.6950000524520874,"Per-file exact median; no QI threshold, filtering, or model input.",0.07194729999901028,False
2019\imerg_20190108.nc,imerg_20190108.nc,OK,,0.0,1.0,0.19300000369548798,0.906000018119812,0.6592640399111728,873600,873600,0,0,0,0,QC_STAT_ONLY,0.6660000085830688,"Per-file exact median; no QI threshold, filtering, or model input.",0.07444539999414701,False
2019\imerg_20190109.nc,imerg_20190109.nc,OK,,0.0,1.0,0.19300000369548798,0.8910000324249268,0.6479863919292137,873600,873600,0,0,0,0,QC_STAT_ONLY,0.6480000019073486,"Per-file exact median; no QI threshold, filtering, or model input.",0.07567669999843929,False
2019\imerg_20190110.nc,imerg_20190110.nc,OK,,0.0,1.0,0.19300000369548798,0.8920000195503235,0.6326970571454703,873600,873600,0,0,0,0,QC_STAT_ONLY,0.6380000114440918,"Per-file exact median; no QI threshold, filtering, or model input.",0.0661478000038187,False
2019\imerg_20190111.nc,imerg_20190111.nc,OK,,0.0,1.0,0.19300000369548798,0.9120000600814819,0.637261249929745,873600,873600,0,0,0,0,QC_STAT_ONLY,0.6380000114440918,"Per-file exact median; no QI threshold, filtering, or model input.",0.06605270000000019,False
2019\imerg_20190112.nc,imerg_20190112.nc,OK,,0.0,1.0,0.19300000369548798,0.8810000419616699,0.6515284664873818,873600,873600,0,0,0,0,QC_STAT_ONLY,0.6860000491142273,"Per-file exact median; no QI threshold, filtering, or model input.",0.06643310000072233,False
2019\imerg_20190113.nc,imerg_20190113.nc,OK,,0.0,1.0,0.19300000369548798,0.9140000343322754,0.6797321160530481,873600,873600,0,0,0,0,QC_STAT_ONLY,0.6950000524520874,"Per-file exact median; no QI threshold, filtering, or model input.",0.06419050000113202,False
2019\imerg_20190114.nc,imerg_20190114.nc,OK,,0.0,1.0,0.20200000703334808,0.9110000729560852,0.6867673317047054,873600,873600,0,0,0,0,QC_STAT_ONLY,0.6980000138282776,"Per-file exact median; no QI threshold, filtering, or model input.",0.06633250000595581,False
2019\imerg_20190115.nc,imerg_20190115.nc,OK,,0.0,1.0,0.19300000369548798,0.8860000371932983,0.6860362228305137,873600,873600,0,0,0,0,QC_STAT_ONLY,0.703000009059906,"Per-file exact median; no QI threshold, filtering, or model input.",0.06597759999567643,False
2019\imerg_20190116.nc,imerg_20190116.nc,OK,,0.0,1.0,0.19300000369548798,0.8970000147819519,0.6751406276962744,873600,873600,0,0,0,0,QC_STAT_ONLY,0.6860000491142273,"Per-file exact median; no QI threshold, filtering, or model input.",0.06395670000347309,False
2019\imerg_20190117.nc,imerg_20190117.nc,OK,,0.0,1.0,0.19300000369548798,0.8970000147819519,0.6643899016185824,873600,873600,0,0,0,0,QC_STAT_ONLY,0.6720000505447388,"Per-file exact median; no QI threshold, filtering, or model input.",0.0648499000017182,False
2019\imerg_20190118.nc,imerg_20190118.nc,OK,,0.0,1.0,0.19300000369548798,0.8970000147819519,0.6589157267928724,873600,873600,0,0,0,0,QC_STAT_ONLY,0.6840000152587891,"Per-file exact median; no QI threshold, filtering, or model input.",0.0654939000014565,False
2019\imerg_20190119.nc,imerg_20190119.nc,OK,,0.0,1.0,0.20200000703334808,0.8750000596046448,0.6503084850879965,873600,873600,0,0,0,0,QC_STAT_ONLY,0.6610000133514404,"Per-file exact median; no QI threshold, filtering, or model input.",0.06589650000387337,False
2019\imerg_20190120.nc,imerg_20190120.nc,OK,,0.0,1.0,0.19300000369548798,0.8750000596046448,0.6776574445323296,873600,873600,0,0,0,0,QC_STAT_ONLY,0.6990000605583191,"Per-file exact median; no QI threshold, filtering, or model input.",0.06639660000655567,False
2019\imerg_20190121.nc,imerg_20190121.nc,OK,,0.0,1.0,0.19300000369548798,0.9140000343322754,0.6934044664051732,873600,873600,0,0,0,0,QC_STAT_ONLY,0.6980000138282776,"Per-file exact median; no QI threshold, filtering, or model input.",0.06547069999942323,False
2019\imerg_20190122.nc,imerg_20190122.nc,OK,,0.0,1.0,0.2070000171661377,0.9110000729560852,0.6861592378727444,873600,873600,0,0,0,0,QC_STAT_ONLY,0.6980000138282776,"Per-file exact median; no QI threshold, filtering, or model input.",0.06466240000008838,False
2019\imerg_20190123.nc,imerg_20190123.nc,OK,,0.0,1.0,0.20200000703334808,0.9140000343322754,0.6871644897244857,873600,873600,0,0,0,0,QC_STAT_ONLY,0.6970000267028809,"Per-file exact median; no QI threshold, filtering, or model input.",0.063990400005423,False
2019\imerg_20190124.nc,imerg_20190124.nc,OK,,0.0,1.0,0.19300000369548798,0.8970000147819519,0.6664978826662608,873600,873600,0,0,0,0,QC_STAT_ONLY,0.6630000472068787,"Per-file exact median; no QI threshold, filtering, or model input.",0.06671679999999469,False
2019\imerg_20190125.nc,imerg_20190125.nc,OK,,0.0,1.0,0.19300000369548798,0.9040000438690186,0.6707863031002785,873600,873600,0,0,0,0,QC_STAT_ONLY,0.6800000071525574,"Per-file exact median; no QI threshold, filtering, or model input.",0.0735800999973435,False
2019\imerg_20190126.nc,imerg_20190126.nc,OK,,0.0,1.0,0.20200000703334808,0.8830000162124634,0.6719140545244161,873600,873600,0,0,0,0,QC_STAT_ONLY,0.6840000152587891,"Per-file exact median; no QI threshold, filtering, or model input.",0.06716000000596978,False
2019\imerg_20190127.nc,imerg_20190127.nc,OK,,0.0,1.0,0.20200000703334808,0.8910000324249268,0.6722998639534913,873600,873600,0,0,0,0,QC_STAT_ONLY,0.6950000524520874,"Per-file exact median; no QI threshold, filtering, or model input.",0.06777010000223527,False
2019\imerg_20190128.nc,imerg_20190128.nc,OK,,0.0,1.0,0.19300000369548798,0.8750000596046448,0.6750911595118522,873600,873600,0,0,0,0,QC_STAT_ONLY,0.6930000185966492,"Per-file exact median; no QI threshold, filtering, or model input.",0.07005699999717763,False
2019\imerg_20190129.nc,imerg_20190129.nc,OK,,0.0,1.0,0.2070000171661377,0.9110000729560852,0.6825021633572345,873600,873600,0,0,0,0,QC_STAT_ONLY,0.6950000524520874,"Per-file exact median; no QI threshold, filtering, or model input.",0.06781050000427058,False
2019\imerg_20190130.nc,imerg_20190130.nc,OK,,0.0,1.0,0.20200000703334808,0.9120000600814819,0.6795385516982785,873600,873600,0,0,0,0,QC_STAT_ONLY,0.6950000524520874,"Per-file exact median; no QI threshold, filtering, or model input.",0.06320140000025276,False
2019\imerg_20190131.nc,imerg_20190131.nc,OK,,0.0,1.0,0.20200000703334808,0.9140000343322754,0.6798036150157369,873600,873600,0,0,0,0,QC_STAT_ONLY,0.6930000185966492,"Per-file exact median; no QI threshold, filtering, or model input.",0.06204499999876134,False
2019\imerg_20190201.nc,imerg_20190201.nc,OK,,0.0,1.0,0.2070000171661377,0.9080000519752502,0.6832434866033433,873600,873600,0,0,0,0,QC_STAT_ONLY,0.6960000395774841,"Per-file exact median; no QI threshold, filtering, or model input.",0.07102920000033919,False
2019\imerg_20190202.nc,imerg_20190202.nc,OK,,0.0,1.0,0.20200000703334808,0.8920000195503235,0.678846413914742,873600,873600,0,0,0,0,QC_STAT_ONLY,0.6810000538825989,"Per-file exact median; no QI threshold, filtering, or model input.",0.06608150000101887,False
2019\imerg_20190203.nc,imerg_20190203.nc,OK,,0.0,1.0,0.19600000977516174,0.8870000243186951,0.6714370127151731,873600,873600,0,0,0,0,QC_STAT_ONLY,0.6690000295639038,"Per-file exact median; no QI threshold, filtering, or model input.",0.06484759999875678,False
2019\imerg_20190204.nc,imerg_20190204.nc,OK,,0.0,1.0,0.20200000703334808,0.8630000352859497,0.6735736783650181,873600,873600,0,0,0,0,QC_STAT_ONLY,0.6780000329017639,"Per-file exact median; no QI threshold, filtering, or model input.",0.0637088000003132,False
2019\imerg_20190205.nc,imerg_20190205.nc,OK,,0.0,1.0,0.2070000171661377,0.8630000352859497,0.6814509180495891,873600,873600,0,0,0,0,QC_STAT_ONLY,0.6810000538825989,"Per-file exact median; no QI threshold, filtering, or model input.",0.06152549999387702,False
2019\imerg_20190206.nc,imerg_20190206.nc,OK,,0.0,1.0,0.1850000023841858,0.9340000152587891,0.6900936510142676,873600,873600,0,0,0,0,QC_STAT_ONLY,0.6960000395774841,"Per-file exact median; no QI threshold, filtering, or model input.",0.06415779999952065,False
2019\imerg_20190207.nc,imerg_20190207.nc,OK,,0.0,1.0,0.20200000703334808,0.9080000519752502,0.6794940792367327,873600,873600,0,0,0,0,QC_STAT_ONLY,0.6780000329017639,"Per-file exact median; no QI threshold, filtering, or model input.",0.06307620000006864,False
2019\imerg_20190208.nc,imerg_20190208.nc,OK,,0.0,1.0,0.20200000703334808,0.9080000519752502,0.6716554127653187,873600,873600,0,0,0,0,QC_STAT_ONLY,0.6770000457763672,"Per-file exact median; no QI threshold, filtering, or model input.",0.0642909999951371,False
2019\imerg_20190209.nc,imerg_20190209.nc,OK,,0.0,1.0,0.20200000703334808,0.9080000519752502,0.6762993699253362,873600,873600,0,0,0,0,QC_STAT_ONLY,0.6780000329017639,"Per-file exact median; no QI threshold, filtering, or model input.",0.06782169999496546,False
2019\imerg_20190210.nc,imerg_20190210.nc,OK,,0.0,1.0,0.19600000977516174,0.9010000228881836,0.6842187793377869,873600,873600,0,0,0,0,QC_STAT_ONLY,0.6920000314712524,"Per-file exact median; no QI threshold, filtering, or model input.",0.07844639999530045,False
2019\imerg_20190211.nc,imerg_20190211.nc,OK,,0.0,1.0,0.20200000703334808,0.8660000562667847,0.6721119715960444,873600,873600,0,0,0,0,QC_STAT_ONLY,0.6920000314712524,"Per-file exact median; no QI threshold, filtering, or model input.",0.07085170000209473,False
2019\imerg_20190212.nc,imerg_20190212.nc,OK,,0.0,1.0,0.1940000057220459,0.9080000519752502,0.6631229146153772,873600,873600,0,0,0,0,QC_STAT_ONLY,0.6690000295639038,"Per-file exact median; no QI threshold, filtering, or model input.",0.06429170000046724,False
2019\imerg_20190213.nc,imerg_20190213.nc,OK,,0.0,1.0,0.1850000023841858,0.8560000658035278,0.6748147720239559,873600,873600,0,0,0,0,QC_STAT_ONLY,0.6810000538825989,"Per-file exact median; no QI threshold, filtering, or model input.",0.06833089999418007,False
2019\imerg_20190214.nc,imerg_20190214.nc,OK,,0.0,1.0,0.20200000703334808,0.9080000519752502,0.6811509660413086,873600,873600,0,0,0,0,QC_STAT_ONLY,0.6810000538825989,"Per-file exact median; no QI threshold, filtering, or model input.",0.09133979999751318,False
2019\imerg_20190215.nc,imerg_20190215.nc,OK,,0.0,1.0,0.1940000057220459,0.9080000519752502,0.6720822886204272,873600,873600,0,0,0,0,QC_STAT_ONLY,0.6810000538825989,"Per-file exact median; no QI threshold, filtering, or model input.",0.08406300000206102,False
2019\imerg_20190216.nc,imerg_20190216.nc,OK,,0.0,1.0,0.1940000057220459,0.9080000519752502,0.6761124016168517,873600,873600,0,0,0,0,QC_STAT_ONLY,0.6780000329017639,"Per-file exact median; no QI threshold, filtering, or model input.",0.07551270000112709,False
2019\imerg_20190217.nc,imerg_20190217.nc,OK,,0.0,1.0,0.20200000703334808,0.9080000519752502,0.6751268230804375,873600,873600,0,0,0,0,QC_STAT_ONLY,0.6780000329017639,"Per-file exact median; no QI threshold, filtering, or model input.",0.08108480000373675,False
2019\imerg_20190218.nc,imerg_20190218.nc,OK,,0.0,1.0,0.20200000703334808,0.9080000519752502,0.6698378618927706,873600,873600,0,0,0,0,QC_STAT_ONLY,0.6730000376701355,"Per-file exact median; no QI threshold, filtering, or model input.",0.07530179999594111,False
2019\imerg_20190219.nc,imerg_20190219.nc,OK,,0.0,1.0,0.19600000977516174,0.9020000696182251,0.6802738931622602,873600,873600,0,0,0,0,QC_STAT_ONLY,0.6810000538825989,"Per-file exact median; no QI threshold, filtering, or model input.",0.07243320000270614,False
2019\imerg_20190220.nc,imerg_20190220.nc,OK,,0.0,1.0,0.20200000703334808,0.8870000243186951,0.677482744068054,873600,873600,0,0,0,0,QC_STAT_ONLY,0.6810000538825989,"Per-file exact median; no QI threshold, filtering, or model input.",0.07011849999980768,False
2019\imerg_20190221.nc,imerg_20190221.nc,OK,,0.0,1.0,0.19600000977516174,0.9020000696182251,0.6763074021449742,873600,873600,0,0,0,0,QC_STAT_ONLY,0.6810000538825989,"Per-file exact median; no QI threshold, filtering, or model input.",0.06629889999749139,False
2019\imerg_20190222.nc,imerg_20190222.nc,OK,,0.0,1.0,0.2070000171661377,0.9010000228881836,0.6805690595590008,873600,873600,0,0,0,0,QC_STAT_ONLY,0.6860000491142273,"Per-file exact median; no QI threshold, filtering, or model input.",0.06746869999915361,False
2019\imerg_20190223.nc,imerg_20190223.nc,OK,,0.0,1.0,0.19300000369548798,0.8610000610351562,0.6668862362743113,873600,873600,0,0,0,0,QC_STAT_ONLY,0.6710000038146973,"Per-file exact median; no QI threshold, filtering, or model input.",0.06567959999665618,False
2019\imerg_20190224.nc,imerg_20190224.nc,OK,,0.0,1.0,0.19600000977516174,0.9080000519752502,0.6746712276045806,873600,873600,0,0,0,0,QC_STAT_ONLY,0.6830000281333923,"Per-file exact median; no QI threshold, filtering, or model input.",0.06609999999636784,False
2019\imerg_20190225.nc,imerg_20190225.nc,OK,,0.0,1.0,0.19600000977516174,0.8670000433921814,0.6668010357760521,873600,873600,0,0,0,0,QC_STAT_ONLY,0.6780000329017639,"Per-file exact median; no QI threshold, filtering, or model input.",0.07045190000644652,False
2019\imerg_20190226.nc,imerg_20190226.nc,OK,,0.0,1.0,0.19600000977516174,0.8810000419616699,0.6766924169361114,873600,873600,0,0,0,0,QC_STAT_ONLY,0.6810000538825989,"Per-file exact median; no QI threshold, filtering, or model input.",0.0671816999965813,False
2019\imerg_20190227.nc,imerg_20190227.nc,OK,,0.0,1.0,0.21000000834465027,0.8510000109672546,0.6576844494949323,873600,873600,0,0,0,0,QC_STAT_ONLY,0.6670000553131104,"Per-file exact median; no QI threshold, filtering, or model input.",0.06648729999869829,False
2019\imerg_20190228.nc,imerg_20190228.nc,OK,,0.0,1.0,0.19600000977516174,0.8870000243186951,0.672512623422844,873600,873600,0,0,0,0,QC_STAT_ONLY,0.6810000538825989,"Per-file exact median; no QI threshold, filtering, or model input.",0.06943170000158716,False
2019\imerg_20190301.nc,imerg_20190301.nc,OK,,0.0,1.0,0.18000000715255737,0.8720000386238098,0.6185953325461835,873600,873600,0,0,0,0,QC_STAT_ONLY,0.6200000047683716,"Per-file exact median; no QI threshold, filtering, or model input.",0.06704629999876488,False
2019\imerg_20190302.nc,imerg_20190302.nc,OK,,0.0,1.0,0.17800000309944153,0.9150000214576721,0.6134228209542936,873600,873600,0,0,0,0,QC_STAT_ONLY,0.6200000047683716,"Per-file exact median; no QI threshold, filtering, or model input.",0.06720119999954477,False
2019\imerg_20190303.nc,imerg_20190303.nc,OK,,0.0,1.0,0.17500001192092896,0.8610000610351562,0.60191527310781,873600,873600,0,0,0,0,QC_STAT_ONLY,0.6100000143051147,"Per-file exact median; no QI threshold, filtering, or model input.",0.06425969999691006,False
2019\imerg_20190304.nc,imerg_20190304.nc,OK,,0.0,1.0,0.17800000309944153,0.878000020980835,0.6091509420457449,873600,873600,0,0,0,0,QC_STAT_ONLY,0.612000048160553,"Per-file exact median; no QI threshold, filtering, or model input.",0.06676700000389246,False
2019\imerg_20190305.nc,imerg_20190305.nc,OK,,0.0,1.0,0.17500001192092896,0.8870000243186951,0.6142160950792482,873600,873600,0,0,0,0,QC_STAT_ONLY,0.6200000047683716,"Per-file exact median; no QI threshold, filtering, or model input.",0.07259949999570381,False
2019\imerg_20190306.nc,imerg_20190306.nc,OK,,0.0,1.0,0.1730000078678131,0.9150000214576721,0.6026293771210784,873600,873600,0,0,0,0,QC_STAT_ONLY,0.6070000529289246,"Per-file exact median; no QI threshold, filtering, or model input.",0.07128399999783142,False
2019\imerg_20190307.nc,imerg_20190307.nc,OK,,0.0,1.0,0.18000000715255737,0.9010000228881836,0.617511512118685,873600,873600,0,0,0,0,QC_STAT_ONLY,0.6180000305175781,"Per-file exact median; no QI threshold, filtering, or model input.",0.06906010000238894,False
2019\imerg_20190308.nc,imerg_20190308.nc,OK,,0.0,1.0,0.18400001525878906,0.9250000715255737,0.6136573542868582,873600,873600,0,0,0,0,QC_STAT_ONLY,0.6160000562667847,"Per-file exact median; no QI threshold, filtering, or model input.",0.07270019999850774,False
2019\imerg_20190309.nc,imerg_20190309.nc,OK,,0.0,1.0,0.1730000078678131,0.9220000505447388,0.6232432858801137,873600,873600,0,0,0,0,QC_STAT_ONLY,0.6230000257492065,"Per-file exact median; no QI threshold, filtering, or model input.",0.06615230000170413,False
2019\imerg_20190310.nc,imerg_20190310.nc,OK,,0.0,1.0,0.17800000309944153,0.878000020980835,0.6196818270631332,873600,873600,0,0,0,0,QC_STAT_ONLY,0.6200000047683716,"Per-file exact median; no QI threshold, filtering, or model input.",0.06390470000042114,False
2019\imerg_20190311.nc,imerg_20190311.nc,OK,,0.0,1.0,0.18000000715255737,0.8820000290870667,0.6129149911079842,873600,873600,0,0,0,0,QC_STAT_ONLY,0.6160000562667847,"Per-file exact median; no QI threshold, filtering, or model input.",0.06595050000032643,False
2019\imerg_20190312.nc,imerg_20190312.nc,OK,,0.0,1.0,0.17500001192092896,0.878000020980835,0.6106345771964052,873600,873600,0,0,0,0,QC_STAT_ONLY,0.6170000433921814,"Per-file exact median; no QI threshold, filtering, or model input.",0.06359769999835407,False
2019\imerg_20190313.nc,imerg_20190313.nc,OK,,0.0,1.0,0.17500001192092896,0.9310000538825989,0.6129190607637426,873600,873600,0,0,0,0,QC_STAT_ONLY,0.6170000433921814,"Per-file exact median; no QI threshold, filtering, or model input.",0.06567050000012387,False
2019\imerg_20190314.nc,imerg_20190314.nc,OK,,0.0,1.0,0.18000000715255737,0.8790000677108765,0.6099265116462381,873600,873600,0,0,0,0,QC_STAT_ONLY,0.609000027179718,"Per-file exact median; no QI threshold, filtering, or model input.",0.06391009999788366,False
2019\imerg_20190315.nc,imerg_20190315.nc,OK,,0.0,1.0,0.2070000171661377,0.9020000696182251,0.6270729741835693,873600,873600,0,0,0,0,QC_STAT_ONLY,0.6240000128746033,"Per-file exact median; no QI threshold, filtering, or model input.",0.06623170000239043,False
2019\imerg_20190316.nc,imerg_20190316.nc,OK,,0.0,1.0,0.18400001525878906,0.9320000410079956,0.6337264312840077,873600,873600,0,0,0,0,QC_STAT_ONLY,0.6320000290870667,"Per-file exact median; no QI threshold, filtering, or model input.",0.06674519999796757,False
2019\imerg_20190317.nc,imerg_20190317.nc,OK,,0.0,1.0,0.17800000309944153,0.9390000700950623,0.6129778180367931,873600,873600,0,0,0,0,QC_STAT_ONLY,0.6200000047683716,"Per-file exact median; no QI threshold, filtering, or model input.",0.06530439999914961,False
2019\imerg_20190318.nc,imerg_20190318.nc,OK,,0.0,1.0,0.18400001525878906,0.9010000228881836,0.6147212975084502,873600,873600,0,0,0,0,QC_STAT_ONLY,0.6160000562667847,"Per-file exact median; no QI threshold, filtering, or model input.",0.06569780000427272,False
2019\imerg_20190319.nc,imerg_20190319.nc,OK,,0.0,1.0,0.17500001192092896,0.9010000228881836,0.5976077824395709,873600,873600,0,0,0,0,QC_STAT_ONLY,0.6070000529289246,"Per-file exact median; no QI threshold, filtering, or model input.",0.06656359999760753,False
2019\imerg_20190320.nc,imerg_20190320.nc,OK,,0.0,1.0,0.18000000715255737,0.8960000276565552,0.6167315106427863,873600,873600,0,0,0,0,QC_STAT_ONLY,0.6180000305175781,"Per-file exact median; no QI threshold, filtering, or model input.",0.06653129999904195,False
2019\imerg_20190321.nc,imerg_20190321.nc,OK,,0.0,1.0,0.17500001192092896,0.9220000505447388,0.62251085460215,873600,873600,0,0,0,0,QC_STAT_ONLY,0.6270000338554382,"Per-file exact median; no QI threshold, filtering, or model input.",0.06393650000245543,False
2019\imerg_20190322.nc,imerg_20190322.nc,OK,,0.0,1.0,0.1810000091791153,0.8790000677108765,0.6129592746863101,873600,873600,0,0,0,0,QC_STAT_ONLY,0.6190000176429749,"Per-file exact median; no QI threshold, filtering, or model input.",0.07093530000565806,False
2019\imerg_20190323.nc,imerg_20190323.nc,OK,,0.0,1.0,0.18000000715255737,0.9250000715255737,0.6127042704251605,873600,873600,0,0,0,0,QC_STAT_ONLY,0.609000027179718,"Per-file exact median; no QI threshold, filtering, or model input.",0.06771350000053644,False
2019\imerg_20190324.nc,imerg_20190324.nc,OK,,0.0,1.0,0.17800000309944153,0.9310000538825989,0.6090881745220288,873600,873600,0,0,0,0,QC_STAT_ONLY,0.6160000562667847,"Per-file exact median; no QI threshold, filtering, or model input.",0.06978049999452196,False
2019\imerg_20190325.nc,imerg_20190325.nc,OK,,0.0,1.0,0.17800000309944153,0.9220000505447388,0.630005723812341,873600,873600,0,0,0,0,QC_STAT_ONLY,0.6240000128746033,"Per-file exact median; no QI threshold, filtering, or model input.",0.06843510000180686,False
2019\imerg_20190326.nc,imerg_20190326.nc,OK,,0.0,1.0,0.17800000309944153,0.9010000228881836,0.623587969618,873600,873600,0,0,0,0,QC_STAT_ONLY,0.6200000047683716,"Per-file exact median; no QI threshold, filtering, or model input.",0.06673860000591958,False
2019\imerg_20190327.nc,imerg_20190327.nc,OK,,0.0,1.0,0.1730000078678131,0.9220000505447388,0.6140250569542413,873600,873600,0,0,0,0,QC_STAT_ONLY,0.6160000562667847,"Per-file exact median; no QI threshold, filtering, or model input.",0.06875420000142185,False
2019\imerg_20190328.nc,imerg_20190328.nc,OK,,0.0,1.0,0.17500001192092896,0.8720000386238098,0.6145172094461941,873600,873600,0,0,0,0,QC_STAT_ONLY,0.6200000047683716,"Per-file exact median; no QI threshold, filtering, or model input.",0.07375989999854937,False
2019\imerg_20190329.nc,imerg_20190329.nc,OK,,0.0,1.0,0.18000000715255737,0.9310000538825989,0.624701302427877,873600,873600,0,0,0,0,QC_STAT_ONLY,0.6240000128746033,"Per-file exact median; no QI threshold, filtering, or model input.",0.06464309999864781,False
2019\imerg_20190330.nc,imerg_20190330.nc,OK,,0.0,1.0,0.18000000715255737,0.8880000710487366,0.6295735178231995,873600,873600,0,0,0,0,QC_STAT_ONLY,0.6200000047683716,"Per-file exact median; no QI threshold, filtering, or model input.",0.06716510000114795,False
2019\imerg_20190331.nc,imerg_20190331.nc,OK,,0.0,1.0,0.1810000091791153,0.9250000715255737,0.6260495585188331,873600,873600,0,0,0,0,QC_STAT_ONLY,0.6200000047683716,"Per-file exact median; no QI threshold, filtering, or model input.",0.06676919999881648,False
2019\imerg_20190401.nc,imerg_20190401.nc,OK,,0.0,1.0,0.1720000058412552,0.9190000295639038,0.5914161289532093,873600,873600,0,0,0,0,QC_STAT_ONLY,0.5910000205039978,"Per-file exact median; no QI threshold, filtering, or model input.",0.06667639999795938,False
2019\imerg_20190402.nc,imerg_20190402.nc,OK,,0.0,1.0,0.1720000058412552,0.9160000681877136,0.5843578653093325,873600,873600,0,0,0,0,QC_STAT_ONLY,0.5820000171661377,"Per-file exact median; no QI threshold, filtering, or model input.",0.06769689999782713,False
2019\imerg_20190403.nc,imerg_20190403.nc,OK,,0.0,1.0,0.15700000524520874,0.9080000519752502,0.5958486047248448,873600,873600,0,0,0,0,QC_STAT_ONLY,0.5890000462532043,"Per-file exact median; no QI threshold, filtering, or model input.",0.06952339999406831,False
2019\imerg_20190404.nc,imerg_20190404.nc,OK,,0.0,1.0,0.15700000524520874,0.89000004529953,0.5923610464554286,873600,873600,0,0,0,0,QC_STAT_ONLY,0.5940000414848328,"Per-file exact median; no QI threshold, filtering, or model input.",0.07133600000088336,False
2019\imerg_20190405.nc,imerg_20190405.nc,OK,,0.0,1.0,0.15400001406669617,0.8750000596046448,0.5890771216351791,873600,873600,0,0,0,0,QC_STAT_ONLY,0.5990000367164612,"Per-file exact median; no QI threshold, filtering, or model input.",0.06486869999935152,False
2019\imerg_20190406.nc,imerg_20190406.nc,OK,,0.0,1.0,0.15400001406669617,0.8940000534057617,0.6044443843238595,873600,873600,0,0,0,0,QC_STAT_ONLY,0.6010000109672546,"Per-file exact median; no QI threshold, filtering, or model input.",0.06404009999823757,False
2019\imerg_20190407.nc,imerg_20190407.nc,OK,,0.0,1.0,0.16600000858306885,0.8750000596046448,0.594325302446418,873600,873600,0,0,0,0,QC_STAT_ONLY,0.5980000495910645,"Per-file exact median; no QI threshold, filtering, or model input.",0.06903620000230148,False
2019\imerg_20190408.nc,imerg_20190408.nc,OK,,0.0,1.0,0.15700000524520874,0.9190000295639038,0.6005579217354982,873600,873600,0,0,0,0,QC_STAT_ONLY,0.5940000414848328,"Per-file exact median; no QI threshold, filtering, or model input.",0.06980489999841666,False
2019\imerg_20190409.nc,imerg_20190409.nc,OK,,0.0,1.0,0.16500000655651093,0.9160000681877136,0.6020224258435836,873600,873600,0,0,0,0,QC_STAT_ONLY,0.6070000529289246,"Per-file exact median; no QI threshold, filtering, or model input.",0.0653879000019515,False
2019\imerg_20190410.nc,imerg_20190410.nc,OK,,0.0,1.0,0.15400001406669617,0.9160000681877136,0.6041005671131954,873600,873600,0,0,0,0,QC_STAT_ONLY,0.5980000495910645,"Per-file exact median; no QI threshold, filtering, or model input.",0.06813319999491796,False
2019\imerg_20190411.nc,imerg_20190411.nc,OK,,0.0,1.0,0.15700000524520874,0.8660000562667847,0.6084168753225097,873600,873600,0,0,0,0,QC_STAT_ONLY,0.6130000352859497,"Per-file exact median; no QI threshold, filtering, or model input.",0.0657643000013195,False
2019\imerg_20190412.nc,imerg_20190412.nc,OK,,0.0,1.0,0.16600000858306885,0.8660000562667847,0.5966467605146064,873600,873600,0,0,0,0,QC_STAT_ONLY,0.5990000367164612,"Per-file exact median; no QI threshold, filtering, or model input.",0.06881160000193631,False
2019\imerg_20190413.nc,imerg_20190413.nc,OK,,0.0,1.0,0.15700000524520874,0.8750000596046448,0.6033084452231569,873600,873600,0,0,0,0,QC_STAT_ONLY,0.6010000109672546,"Per-file exact median; no QI threshold, filtering, or model input.",0.06928630000038538,False
2019\imerg_20190414.nc,imerg_20190414.nc,OK,,0.0,1.0,0.15700000524520874,0.906000018119812,0.6130740520306914,873600,873600,0,0,0,0,QC_STAT_ONLY,0.6110000014305115,"Per-file exact median; no QI threshold, filtering, or model input.",0.06866259999515023,False
2019\imerg_20190415.nc,imerg_20190415.nc,OK,,0.0,1.0,0.15400001406669617,0.8980000615119934,0.6034102225433114,873600,873600,0,0,0,0,QC_STAT_ONLY,0.5960000157356262,"Per-file exact median; no QI threshold, filtering, or model input.",0.06909029999951599,False
2019\imerg_20190416.nc,imerg_20190416.nc,OK,,0.0,1.0,0.1720000058412552,0.9190000295639038,0.5968350272928621,873600,873600,0,0,0,0,QC_STAT_ONLY,0.5940000414848328,"Per-file exact median; no QI threshold, filtering, or model input.",0.0708431999955792,False
2019\imerg_20190417.nc,imerg_20190417.nc,OK,,0.0,1.0,0.16500000655651093,0.9160000681877136,0.597225179470267,873600,873600,0,0,0,0,QC_STAT_ONLY,0.5940000414848328,"Per-file exact median; no QI threshold, filtering, or model input.",0.06645730000309413,False
2019\imerg_20190418.nc,imerg_20190418.nc,OK,,0.0,1.0,0.15700000524520874,0.9160000681877136,0.5964128181676555,873600,873600,0,0,0,0,QC_STAT_ONLY,0.5940000414848328,"Per-file exact median; no QI threshold, filtering, or model input.",0.06430220000038389,False
2019\imerg_20190419.nc,imerg_20190419.nc,OK,,0.0,1.0,0.15700000524520874,0.8850000500679016,0.5968640458124311,873600,873600,0,0,0,0,QC_STAT_ONLY,0.5980000495910645,"Per-file exact median; no QI threshold, filtering, or model input.",0.0652741000012611,False
2019\imerg_20190420.nc,imerg_20190420.nc,OK,,0.0,1.0,0.15700000524520874,0.89000004529953,0.602769716657722,873600,873600,0,0,0,0,QC_STAT_ONLY,0.5940000414848328,"Per-file exact median; no QI threshold, filtering, or model input.",0.06665290000091773,False
2019\imerg_20190421.nc,imerg_20190421.nc,OK,,0.0,1.0,0.15700000524520874,0.8750000596046448,0.6067460619524674,873600,873600,0,0,0,0,QC_STAT_ONLY,0.6000000238418579,"Per-file exact median; no QI threshold, filtering, or model input.",0.06630430000222987,False
2019\imerg_20190422.nc,imerg_20190422.nc,OK,,0.0,1.0,0.15700000524520874,0.9320000410079956,0.6033497392788236,873600,873600,0,0,0,0,QC_STAT_ONLY,0.5940000414848328,"Per-file exact median; no QI threshold, filtering, or model input.",0.06779879999521654,False
2019\imerg_20190423.nc,imerg_20190423.nc,OK,,0.0,1.0,0.1730000078678131,0.909000039100647,0.5995980396018544,873600,873600,0,0,0,0,QC_STAT_ONLY,0.5990000367164612,"Per-file exact median; no QI threshold, filtering, or model input.",0.06596369999897433,False
2019\imerg_20190424.nc,imerg_20190424.nc,OK,,0.0,1.0,0.15700000524520874,0.9250000715255737,0.5985207295704688,873600,873600,0,0,0,0,QC_STAT_ONLY,0.5870000123977661,"Per-file exact median; no QI threshold, filtering, or model input.",0.06497130000207108,False
2019\imerg_20190425.nc,imerg_20190425.nc,OK,,0.0,1.0,0.15700000524520874,0.9160000681877136,0.5930874878970818,873600,873600,0,0,0,0,QC_STAT_ONLY,0.5940000414848328,"Per-file exact median; no QI threshold, filtering, or model input.",0.06778559999656864,False
2019\imerg_20190426.nc,imerg_20190426.nc,OK,,0.0,1.0,0.16500000655651093,0.9160000681877136,0.6020311526302419,873600,873600,0,0,0,0,QC_STAT_ONLY,0.5890000462532043,"Per-file exact median; no QI threshold, filtering, or model input.",0.06769119999808026,False
2019\imerg_20190427.nc,imerg_20190427.nc,OK,,0.0,1.0,0.19500000774860382,0.9240000247955322,0.6107859838901484,873600,873600,0,0,0,0,QC_STAT_ONLY,0.6070000529289246,"Per-file exact median; no QI threshold, filtering, or model input.",0.06566830000519985,False
2019\imerg_20190428.nc,imerg_20190428.nc,OK,,0.0,1.0,0.1730000078678131,0.8660000562667847,0.6108260743109162,873600,873600,0,0,0,0,QC_STAT_ONLY,0.5990000367164612,"Per-file exact median; no QI threshold, filtering, or model input.",0.06776510000054259,False
2019\imerg_20190429.nc,imerg_20190429.nc,OK,,0.0,1.0,0.15700000524520874,0.9160000681877136,0.6049689934231962,873600,873600,0,0,0,0,QC_STAT_ONLY,0.597000002861023,"Per-file exact median; no QI threshold, filtering, or model input.",0.06674110000312794,False
2019\imerg_20190430.nc,imerg_20190430.nc,OK,,0.0,1.0,0.15700000524520874,0.8810000419616699,0.6023563013216754,873600,873600,0,0,0,0,QC_STAT_ONLY,0.5960000157356262,"Per-file exact median; no QI threshold, filtering, or model input.",0.06915440000011586,False
2019\imerg_20190501.nc,imerg_20190501.nc,OK,,0.0,1.0,0.15900000929832458,0.921000063419342,0.5701717020952972,873600,873600,0,0,0,0,QC_STAT_ONLY,0.5649999976158142,"Per-file exact median; no QI threshold, filtering, or model input.",0.07116370000585448,False
2019\imerg_20190502.nc,imerg_20190502.nc,OK,,0.0,1.0,0.16300000250339508,0.937000036239624,0.5830784498065908,873600,873600,0,0,0,0,QC_STAT_ONLY,0.5815000236034393,"Per-file exact median; no QI threshold, filtering, or model input.",0.07209229999716626,False
2019\imerg_20190503.nc,imerg_20190503.nc,OK,,0.0,1.0,0.17100000381469727,0.937000036239624,0.583614049700563,873600,873600,0,0,0,0,QC_STAT_ONLY,0.5840000510215759,"Per-file exact median; no QI threshold, filtering, or model input.",0.06709409999893978,False
2019\imerg_20190504.nc,imerg_20190504.nc,OK,,0.0,1.0,0.17100000381469727,0.9040000438690186,0.5777230905487812,873600,873600,0,0,0,0,QC_STAT_ONLY,0.5750000476837158,"Per-file exact median; no QI threshold, filtering, or model input.",0.06944900000235066,False
2019\imerg_20190505.nc,imerg_20190505.nc,OK,,0.0,1.0,0.15900000929832458,0.9260000586509705,0.5815834389899553,873600,873600,0,0,0,0,QC_STAT_ONLY,0.5770000219345093,"Per-file exact median; no QI threshold, filtering, or model input.",0.07234869999956572,False
2019\imerg_20190506.nc,imerg_20190506.nc,OK,,0.0,1.0,0.15900000929832458,0.8790000677108765,0.5874115971296909,873600,873600,0,0,0,0,QC_STAT_ONLY,0.5840000510215759,"Per-file exact median; no QI threshold, filtering, or model input.",0.06713879999733763,False
2019\imerg_20190507.nc,imerg_20190507.nc,OK,,0.0,1.0,0.15900000929832458,0.8980000615119934,0.595041077938886,873600,873600,0,0,0,0,QC_STAT_ONLY,0.5840000510215759,"Per-file exact median; no QI threshold, filtering, or model input.",0.06534760000067763,False
2019\imerg_20190508.nc,imerg_20190508.nc,OK,,0.0,1.0,0.15900000929832458,0.8980000615119934,0.5908787381087324,873600,873600,0,0,0,0,QC_STAT_ONLY,0.5870000123977661,"Per-file exact median; no QI threshold, filtering, or model input.",0.06768499999452615,False
2019\imerg_20190509.nc,imerg_20190509.nc,OK,,0.0,1.0,0.15700000524520874,0.9290000200271606,0.5786762863737889,873600,873600,0,0,0,0,QC_STAT_ONLY,0.5750000476837158,"Per-file exact median; no QI threshold, filtering, or model input.",0.06773760000214679,False
2019\imerg_20190510.nc,imerg_20190510.nc,OK,,0.0,1.0,0.15700000524520874,0.937000036239624,0.5686288488488269,873600,873600,0,0,0,0,QC_STAT_ONLY,0.5590000152587891,"Per-file exact median; no QI threshold, filtering, or model input.",0.06752869999763789,False
2019\imerg_20190511.nc,imerg_20190511.nc,OK,,0.0,1.0,0.15900000929832458,0.9170000553131104,0.575712251690943,873600,873600,0,0,0,0,QC_STAT_ONLY,0.5790000557899475,"Per-file exact median; no QI threshold, filtering, or model input.",0.06609230000321986,False
2019\imerg_20190512.nc,imerg_20190512.nc,OK,,0.0,1.0,0.15900000929832458,0.9170000553131104,0.5893773709749291,873600,873600,0,0,0,0,QC_STAT_ONLY,0.5850000381469727,"Per-file exact median; no QI threshold, filtering, or model input.",0.06563759999698959,False
2019\imerg_20190513.nc,imerg_20190513.nc,OK,,0.0,1.0,0.17100000381469727,0.8790000677108765,0.6006481292860023,873600,873600,0,0,0,0,QC_STAT_ONLY,0.5980000495910645,"Per-file exact median; no QI threshold, filtering, or model input.",0.06809179999982007,False
2019\imerg_20190514.nc,imerg_20190514.nc,OK,,0.0,1.0,0.16700001060962677,0.9170000553131104,0.591533405781901,873600,873600,0,0,0,0,QC_STAT_ONLY,0.5850000381469727,"Per-file exact median; no QI threshold, filtering, or model input.",0.06630130000121426,False
2019\imerg_20190515.nc,imerg_20190515.nc,OK,,0.0,1.0,0.15900000929832458,0.8980000615119934,0.5822388995941319,873600,873600,0,0,0,0,QC_STAT_ONLY,0.5750000476837158,"Per-file exact median; no QI threshold, filtering, or model input.",0.06531030000041937,False
2019\imerg_20190516.nc,imerg_20190516.nc,OK,,0.0,1.0,0.164000004529953,0.89000004529953,0.5900403037842281,873600,873600,0,0,0,0,QC_STAT_ONLY,0.581000030040741,"Per-file exact median; no QI threshold, filtering, or model input.",0.06392520000372315,False
2019\imerg_20190517.nc,imerg_20190517.nc,OK,,0.0,1.0,0.15900000929832458,0.9290000200271606,0.5822932754125234,873600,873600,0,0,0,0,QC_STAT_ONLY,0.5660000443458557,"Per-file exact median; no QI threshold, filtering, or model input.",0.06550620000052731,False
2019\imerg_20190518.nc,imerg_20190518.nc,OK,,0.0,1.0,0.15900000929832458,0.9040000438690186,0.5882282661246272,873600,873600,0,0,0,0,QC_STAT_ONLY,0.5850000381469727,"Per-file exact median; no QI threshold, filtering, or model input.",0.06453719999990426,False
2019\imerg_20190519.nc,imerg_20190519.nc,OK,,0.0,1.0,0.15900000929832458,0.9040000438690186,0.5815422754749082,873600,873600,0,0,0,0,QC_STAT_ONLY,0.5840000510215759,"Per-file exact median; no QI threshold, filtering, or model input.",0.06472319999738829,False
2019\imerg_20190520.nc,imerg_20190520.nc,OK,,0.0,1.0,0.15900000929832458,0.9000000357627869,0.5747731038159606,873600,873600,0,0,0,0,QC_STAT_ONLY,0.5750000476837158,"Per-file exact median; no QI threshold, filtering, or model input.",0.06618940000043949,False
2019\imerg_20190521.nc,imerg_20190521.nc,OK,,0.0,1.0,0.1720000058412552,0.89000004529953,0.5835009769879574,873600,873600,0,0,0,0,QC_STAT_ONLY,0.5750000476837158,"Per-file exact median; no QI threshold, filtering, or model input.",0.07037980000313837,False
2019\imerg_20190522.nc,imerg_20190522.nc,OK,,0.0,1.0,0.15900000929832458,0.8230000138282776,0.5961694090681887,873600,873600,0,0,0,0,QC_STAT_ONLY,0.5860000252723694,"Per-file exact median; no QI threshold, filtering, or model input.",0.06782209999801125,False
2019\imerg_20190523.nc,imerg_20190523.nc,OK,,0.0,1.0,0.1720000058412552,0.8980000615119934,0.5875373976813091,873600,873600,0,0,0,0,QC_STAT_ONLY,0.5800000429153442,"Per-file exact median; no QI threshold, filtering, or model input.",0.06720399999903748,False
2019\imerg_20190524.nc,imerg_20190524.nc,OK,,0.0,1.0,0.15900000929832458,0.8980000615119934,0.5943581608508888,873600,873600,0,0,0,0,QC_STAT_ONLY,0.5850000381469727,"Per-file exact median; no QI threshold, filtering, or model input.",0.07740819999889936,False
2019\imerg_20190525.nc,imerg_20190525.nc,OK,,0.0,1.0,0.15900000929832458,0.9290000200271606,0.5768687802120266,873600,873600,0,0,0,0,QC_STAT_ONLY,0.5670000314712524,"Per-file exact median; no QI threshold, filtering, or model input.",0.06750309999915771,False
2019\imerg_20190526.nc,imerg_20190526.nc,OK,,0.0,1.0,0.15900000929832458,0.9040000438690186,0.5736989298939786,873600,873600,0,0,0,0,QC_STAT_ONLY,0.5600000023841858,"Per-file exact median; no QI threshold, filtering, or model input.",0.0662503999992623,False
2019\imerg_20190527.nc,imerg_20190527.nc,OK,,0.0,1.0,0.15900000929832458,0.9040000438690186,0.5786665007724143,873600,873600,0,0,0,0,QC_STAT_ONLY,0.5740000009536743,"Per-file exact median; no QI threshold, filtering, or model input.",0.06851859999733279,False
2019\imerg_20190528.nc,imerg_20190528.nc,OK,,0.0,1.0,0.15900000929832458,0.8880000710487366,0.5850026834292351,873600,873600,0,0,0,0,QC_STAT_ONLY,0.5770000219345093,"Per-file exact median; no QI threshold, filtering, or model input.",0.06886800000211224,False
2019\imerg_20190529.nc,imerg_20190529.nc,OK,,0.0,1.0,0.15900000929832458,0.8850000500679016,0.5859743019537454,873600,873600,0,0,0,0,QC_STAT_ONLY,0.5840000510215759,"Per-file exact median; no QI threshold, filtering, or model input.",0.06664170000294689,False
2019\imerg_20190530.nc,imerg_20190530.nc,OK,,0.0,1.0,0.164000004529953,0.8710000514984131,0.5731347625148432,873600,873600,0,0,0,0,QC_STAT_ONLY,0.5600000023841858,"Per-file exact median; no QI threshold, filtering, or model input.",0.06959220000135247,False
2019\imerg_20190531.nc,imerg_20190531.nc,OK,,0.0,1.0,0.15900000929832458,0.8980000615119934,0.5811216494614845,873600,873600,0,0,0,0,QC_STAT_ONLY,0.5649999976158142,"Per-file exact median; no QI threshold, filtering, or model input.",0.07580120000056922,False
2019\imerg_20190601.nc,imerg_20190601.nc,OK,,0.0,1.0,0.15600000321865082,0.9230000376701355,0.5750098127904161,873600,873600,0,0,0,0,QC_STAT_ONLY,0.5550000071525574,"Per-file exact median; no QI threshold, filtering, or model input.",0.0704427000018768,False
2019\imerg_20190602.nc,imerg_20190602.nc,OK,,0.0,1.0,0.1550000011920929,0.9230000376701355,0.5822786287919042,873600,873600,0,0,0,0,QC_STAT_ONLY,0.5560000538825989,"Per-file exact median; no QI threshold, filtering, or model input.",0.06800330000260146,False
2019\imerg_20190603.nc,imerg_20190603.nc,OK,,0.0,1.0,0.1550000011920929,0.909000039100647,0.5693653464977094,873600,873600,0,0,0,0,QC_STAT_ONLY,0.5550000071525574,"Per-file exact median; no QI threshold, filtering, or model input.",0.06906489999528276,False
2019\imerg_20190604.nc,imerg_20190604.nc,OK,,0.0,1.0,0.15600000321865082,0.9130000472068787,0.5714345548792159,873600,873600,0,0,0,0,QC_STAT_ONLY,0.5560000538825989,"Per-file exact median; no QI threshold, filtering, or model input.",0.06680140000389656,False
2019\imerg_20190605.nc,imerg_20190605.nc,OK,,0.0,1.0,0.1550000011920929,0.8860000371932983,0.5618991425581747,873600,873600,0,0,0,0,QC_STAT_ONLY,0.5550000071525574,"Per-file exact median; no QI threshold, filtering, or model input.",0.06704480000189506,False
2019\imerg_20190606.nc,imerg_20190606.nc,OK,,0.0,1.0,0.1550000011920929,0.909000039100647,0.5629180737187909,873600,873600,0,0,0,0,QC_STAT_ONLY,0.5550000071525574,"Per-file exact median; no QI threshold, filtering, or model input.",0.06766179999976885,False
2019\imerg_20190607.nc,imerg_20190607.nc,OK,,0.0,1.0,0.15600000321865082,0.8790000677108765,0.5662538982421883,873600,873600,0,0,0,0,QC_STAT_ONLY,0.5450000166893005,"Per-file exact median; no QI threshold, filtering, or model input.",0.06815459999779705,False
2019\imerg_20190608.nc,imerg_20190608.nc,OK,,0.0,1.0,0.16600000858306885,0.8940000534057617,0.5495849884066205,873600,873600,0,0,0,0,QC_STAT_ONLY,0.5400000214576721,"Per-file exact median; no QI threshold, filtering, or model input.",0.07568180000089342,False
2019\imerg_20190609.nc,imerg_20190609.nc,OK,,0.0,1.0,0.16200000047683716,0.909000039100647,0.5732484366223147,873600,873600,0,0,0,0,QC_STAT_ONLY,0.5450000166893005,"Per-file exact median; no QI threshold, filtering, or model input.",0.07148969999980181,False
2019\imerg_20190610.nc,imerg_20190610.nc,OK,,0.0,1.0,0.15600000321865082,0.909000039100647,0.5837292874068527,873600,873600,0,0,0,0,QC_STAT_ONLY,0.5600000023841858,"Per-file exact median; no QI threshold, filtering, or model input.",0.0682717000017874,False
2019\imerg_20190611.nc,imerg_20190611.nc,OK,,0.0,1.0,0.1680000126361847,0.8860000371932983,0.5808782804410414,873600,873600,0,0,0,0,QC_STAT_ONLY,0.5660000443458557,"Per-file exact median; no QI threshold, filtering, or model input.",0.07482539999909932,False
2019\imerg_20190612.nc,imerg_20190612.nc,OK,,0.0,1.0,0.15600000321865082,0.9190000295639038,0.5678859875637922,873600,873600,0,0,0,0,QC_STAT_ONLY,0.5550000071525574,"Per-file exact median; no QI threshold, filtering, or model input.",0.0677443000022322,False
2019\imerg_20190613.nc,imerg_20190613.nc,OK,,0.0,1.0,0.1550000011920929,0.9190000295639038,0.563562169448377,873600,873600,0,0,0,0,QC_STAT_ONLY,0.5550000071525574,"Per-file exact median; no QI threshold, filtering, or model input.",0.06695490000129212,False
2019\imerg_20190614.nc,imerg_20190614.nc,OK,,0.0,1.0,0.16600000858306885,0.909000039100647,0.5691077826724426,873600,873600,0,0,0,0,QC_STAT_ONLY,0.5560000538825989,"Per-file exact median; no QI threshold, filtering, or model input.",0.06852130000334,False
2019\imerg_20190615.nc,imerg_20190615.nc,OK,,0.0,1.0,0.15600000321865082,0.8880000710487366,0.5668100821705802,873600,873600,0,0,0,0,QC_STAT_ONLY,0.5520000457763672,"Per-file exact median; no QI threshold, filtering, or model input.",0.06885350000084145,False
2019\imerg_20190616.nc,imerg_20190616.nc,OK,,0.0,1.0,0.16200000047683716,0.8630000352859497,0.5644398375652601,873600,873600,0,0,0,0,QC_STAT_ONLY,0.5450000166893005,"Per-file exact median; no QI threshold, filtering, or model input.",0.06733450000319863,False
2019\imerg_20190617.nc,imerg_20190617.nc,OK,,0.0,1.0,0.16200000047683716,0.9190000295639038,0.5685576166604874,873600,873600,0,0,0,0,QC_STAT_ONLY,0.5560000538825989,"Per-file exact median; no QI threshold, filtering, or model input.",0.06889360000059241,False
2019\imerg_20190618.nc,imerg_20190618.nc,OK,,0.0,1.0,0.16900001466274261,0.893000066280365,0.5811176304441396,873600,873600,0,0,0,0,QC_STAT_ONLY,0.5590000152587891,"Per-file exact median; no QI threshold, filtering, or model input.",0.06717850000131875,False
2019\imerg_20190619.nc,imerg_20190619.nc,OK,,0.0,1.0,0.15600000321865082,0.8860000371932983,0.5780151769256342,873600,873600,0,0,0,0,QC_STAT_ONLY,0.5640000104904175,"Per-file exact median; no QI threshold, filtering, or model input.",0.07817200000135927,False
2019\imerg_20190620.nc,imerg_20190620.nc,OK,,0.0,1.0,0.16600000858306885,0.9230000376701355,0.5791751653951637,873600,873600,0,0,0,0,QC_STAT_ONLY,0.5660000443458557,"Per-file exact median; no QI threshold, filtering, or model input.",0.07007639999937965,False
2019\imerg_20190621.nc,imerg_20190621.nc,OK,,0.0,1.0,0.15600000321865082,0.8860000371932983,0.5644488491574404,873600,873600,0,0,0,0,QC_STAT_ONLY,0.5580000281333923,"Per-file exact median; no QI threshold, filtering, or model input.",0.07785970000259113,False
2019\imerg_20190622.nc,imerg_20190622.nc,OK,,0.0,1.0,0.15600000321865082,0.8890000581741333,0.5587522500879114,873600,873600,0,0,0,0,QC_STAT_ONLY,0.550000011920929,"Per-file exact median; no QI threshold, filtering, or model input.",0.07252270000026328,False
2019\imerg_20190623.nc,imerg_20190623.nc,OK,,0.0,1.0,0.16200000047683716,0.8640000224113464,0.5382993411985243,873600,873600,0,0,0,0,QC_STAT_ONLY,0.527999997138977,"Per-file exact median; no QI threshold, filtering, or model input.",0.07519950000278186,False
2019\imerg_20190624.nc,imerg_20190624.nc,OK,,0.0,1.0,0.17900000512599945,0.8630000352859497,0.5646867844816672,873600,873600,0,0,0,0,QC_STAT_ONLY,0.5460000038146973,"Per-file exact median; no QI threshold, filtering, or model input.",0.07616180000331951,False
2019\imerg_20190625.nc,imerg_20190625.nc,OK,,0.0,1.0,0.1680000126361847,0.9190000295639038,0.5775772719371778,873600,873600,0,0,0,0,QC_STAT_ONLY,0.5560000538825989,"Per-file exact median; no QI threshold, filtering, or model input.",0.39132339999923715,False
2019\imerg_20190626.nc,imerg_20190626.nc,OK,,0.0,1.0,0.17900000512599945,0.8860000371932983,0.5853650685284123,873600,873600,0,0,0,0,QC_STAT_ONLY,0.5690000057220459,"Per-file exact median; no QI threshold, filtering, or model input.",0.08609939999587368,False
2019\imerg_20190627.nc,imerg_20190627.nc,OK,,0.0,1.0,0.16600000858306885,0.8860000371932983,0.5800844385815893,873600,873600,0,0,0,0,QC_STAT_ONLY,0.5660000443458557,"Per-file exact median; no QI threshold, filtering, or model input.",0.0964246000003186,False
2019\imerg_20190628.nc,imerg_20190628.nc,OK,,0.0,1.0,0.1550000011920929,0.8710000514984131,0.5733612343570518,873600,873600,0,0,0,0,QC_STAT_ONLY,0.5660000443458557,"Per-file exact median; no QI threshold, filtering, or model input.",0.07962789999874076,False
2019\imerg_20190629.nc,imerg_20190629.nc,OK,,0.0,1.0,0.15900000929832458,0.8860000371932983,0.5785884519492791,873600,873600,0,0,0,0,QC_STAT_ONLY,0.5660000443458557,"Per-file exact median; no QI threshold, filtering, or model input.",0.08293899999989662,False
2019\imerg_20190630.nc,imerg_20190630.nc,OK,,0.0,1.0,0.1680000126361847,0.8880000710487366,0.5731618226451063,873600,873600,0,0,0,0,QC_STAT_ONLY,0.5580000281333923,"Per-file exact median; no QI threshold, filtering, or model input.",0.07982730000367155,False
2019\imerg_20190701.nc,imerg_20190701.nc,OK,,0.0,1.0,0.16500000655651093,0.862000048160553,0.5800774776074872,873600,873600,0,0,0,0,QC_STAT_ONLY,0.5670000314712524,"Per-file exact median; no QI threshold, filtering, or model input.",0.07242460000270512,False
2019\imerg_20190702.nc,imerg_20190702.nc,OK,,0.0,1.0,0.16500000655651093,0.8550000190734863,0.5598073158609159,873600,873600,0,0,0,0,QC_STAT_ONLY,0.5460000038146973,"Per-file exact median; no QI threshold, filtering, or model input.",0.07439189999422524,False
2019\imerg_20190703.nc,imerg_20190703.nc,OK,,0.0,1.0,0.15900000929832458,0.8800000548362732,0.592882060097759,873600,873600,0,0,0,0,QC_STAT_ONLY,0.5770000219345093,"Per-file exact median; no QI threshold, filtering, or model input.",0.07930119999946328,False
2019\imerg_20190704.nc,imerg_20190704.nc,OK,,0.0,1.0,0.15900000929832458,0.8800000548362732,0.599306965737532,873600,873600,0,0,0,0,QC_STAT_ONLY,0.5770000219345093,"Per-file exact median; no QI threshold, filtering, or model input.",0.07433200000377838,False
2019\imerg_20190705.nc,imerg_20190705.nc,OK,,0.0,1.0,0.17800000309944153,0.8810000419616699,0.6148389265402101,873600,873600,0,0,0,0,QC_STAT_ONLY,0.5900000333786011,"Per-file exact median; no QI threshold, filtering, or model input.",0.07574619999650167,False
2019\imerg_20190706.nc,imerg_20190706.nc,OK,,0.0,1.0,0.15900000929832458,0.8840000629425049,0.6001269163928701,873600,873600,0,0,0,0,QC_STAT_ONLY,0.5760000348091125,"Per-file exact median; no QI threshold, filtering, or model input.",0.07342369999969378,False
2019\imerg_20190707.nc,imerg_20190707.nc,OK,,0.0,1.0,0.15400001406669617,0.8870000243186951,0.5809812242193011,873600,873600,0,0,0,0,QC_STAT_ONLY,0.5670000314712524,"Per-file exact median; no QI threshold, filtering, or model input.",0.07622860000265064,False
2019\imerg_20190708.nc,imerg_20190708.nc,OK,,0.0,1.0,0.15400001406669617,0.8840000629425049,0.5766748315209502,873600,873600,0,0,0,0,QC_STAT_ONLY,0.5640000104904175,"Per-file exact median; no QI threshold, filtering, or model input.",0.07574410000233911,False
2019\imerg_20190709.nc,imerg_20190709.nc,OK,,0.0,1.0,0.15900000929832458,0.862000048160553,0.5795878943556496,873600,873600,0,0,0,0,QC_STAT_ONLY,0.562000036239624,"Per-file exact median; no QI threshold, filtering, or model input.",0.08078670000395505,False
2019\imerg_20190710.nc,imerg_20190710.nc,OK,,0.0,1.0,0.16500000655651093,0.8480000495910645,0.5865651288144665,873600,873600,0,0,0,0,QC_STAT_ONLY,0.5700000524520874,"Per-file exact median; no QI threshold, filtering, or model input.",0.07514950000040699,False
2019\imerg_20190711.nc,imerg_20190711.nc,OK,,0.0,1.0,0.15400001406669617,0.9050000309944153,0.6029064452624283,873600,873600,0,0,0,0,QC_STAT_ONLY,0.5879999995231628,"Per-file exact median; no QI threshold, filtering, or model input.",0.07728140000108397,False
2019\imerg_20190712.nc,imerg_20190712.nc,OK,,0.0,1.0,0.16900001466274261,0.8840000629425049,0.5951463336144632,873600,873600,0,0,0,0,QC_STAT_ONLY,0.5830000042915344,"Per-file exact median; no QI threshold, filtering, or model input.",0.07540029999654507,False
2019\imerg_20190713.nc,imerg_20190713.nc,OK,,0.0,1.0,0.15400001406669617,0.8840000629425049,0.5831818685098636,873600,873600,0,0,0,0,QC_STAT_ONLY,0.5670000314712524,"Per-file exact median; no QI threshold, filtering, or model input.",0.07906850000290433,False
2019\imerg_20190714.nc,imerg_20190714.nc,OK,,0.0,1.0,0.15600000321865082,0.9130000472068787,0.6015898734386567,873600,873600,0,0,0,0,QC_STAT_ONLY,0.5860000252723694,"Per-file exact median; no QI threshold, filtering, or model input.",0.08585640000092098,False
2019\imerg_20190715.nc,imerg_20190715.nc,OK,,0.0,1.0,0.15600000321865082,0.8840000629425049,0.5942513271641061,873600,873600,0,0,0,0,QC_STAT_ONLY,0.5770000219345093,"Per-file exact median; no QI threshold, filtering, or model input.",0.07159679999313084,False
2019\imerg_20190716.nc,imerg_20190716.nc,OK,,0.0,1.0,0.15900000929832458,0.9130000472068787,0.586908245132622,873600,873600,0,0,0,0,QC_STAT_ONLY,0.5640000104904175,"Per-file exact median; no QI threshold, filtering, or model input.",0.08028829999966547,False
2019\imerg_20190717.nc,imerg_20190717.nc,OK,,0.0,1.0,0.17000000178813934,0.9170000553131104,0.5755078397321108,873600,873600,0,0,0,0,QC_STAT_ONLY,0.5580000281333923,"Per-file exact median; no QI threshold, filtering, or model input.",0.07071580000047106,False
2019\imerg_20190718.nc,imerg_20190718.nc,OK,,0.0,1.0,0.15900000929832458,0.8410000205039978,0.5712897542661445,873600,873600,0,0,0,0,QC_STAT_ONLY,0.5590000152587891,"Per-file exact median; no QI threshold, filtering, or model input.",0.07087500000488944,False
2019\imerg_20190719.nc,imerg_20190719.nc,OK,,0.0,1.0,0.15900000929832458,0.8730000257492065,0.5991287286900284,873600,873600,0,0,0,0,QC_STAT_ONLY,0.5890000462532043,"Per-file exact median; no QI threshold, filtering, or model input.",0.07403209999756655,False
2019\imerg_20190720.nc,imerg_20190720.nc,OK,,0.0,1.0,0.15900000929832458,0.9130000472068787,0.6042857635843025,873600,873600,0,0,0,0,QC_STAT_ONLY,0.5860000252723694,"Per-file exact median; no QI threshold, filtering, or model input.",0.0717579999982263,False
2019\imerg_20190721.nc,imerg_20190721.nc,OK,,0.0,1.0,0.16900001466274261,0.9170000553131104,0.5961018932192849,873600,873600,0,0,0,0,QC_STAT_ONLY,0.5860000252723694,"Per-file exact median; no QI threshold, filtering, or model input.",0.07156099999701837,False
2019\imerg_20190722.nc,imerg_20190722.nc,OK,,0.0,1.0,0.1600000113248825,0.9170000553131104,0.5910051239731691,873600,873600,0,0,0,0,QC_STAT_ONLY,0.5710000395774841,"Per-file exact median; no QI threshold, filtering, or model input.",0.07542220000323141,False
2019\imerg_20190723.nc,imerg_20190723.nc,OK,,0.0,1.0,0.15900000929832458,0.9170000553131104,0.5694533476777607,873600,873600,0,0,0,0,QC_STAT_ONLY,0.5540000200271606,"Per-file exact median; no QI threshold, filtering, or model input.",0.07384070000262,False
2019\imerg_20190724.nc,imerg_20190724.nc,OK,,0.0,1.0,0.16100001335144043,0.8850000500679016,0.5848157417140526,873600,873600,0,0,0,0,QC_STAT_ONLY,0.5560000538825989,"Per-file exact median; no QI threshold, filtering, or model input.",0.0742580000005546,False
2019\imerg_20190725.nc,imerg_20190725.nc,OK,,0.0,1.0,0.15600000321865082,0.8840000629425049,0.5810598372511784,873600,873600,0,0,0,0,QC_STAT_ONLY,0.5590000152587891,"Per-file exact median; no QI threshold, filtering, or model input.",0.1063055999984499,False
2019\imerg_20190726.nc,imerg_20190726.nc,OK,,0.0,1.0,0.17000000178813934,0.8630000352859497,0.5804087844851935,873600,873600,0,0,0,0,QC_STAT_ONLY,0.5680000185966492,"Per-file exact median; no QI threshold, filtering, or model input.",0.08005609999963781,False
2019\imerg_20190727.nc,imerg_20190727.nc,OK,,0.0,1.0,0.15900000929832458,0.9170000553131104,0.5957523708541335,873600,873600,0,0,0,0,QC_STAT_ONLY,0.5800000429153442,"Per-file exact median; no QI threshold, filtering, or model input.",0.07071249999717111,False
2019\imerg_20190728.nc,imerg_20190728.nc,OK,,0.0,1.0,0.16200000047683716,0.9170000553131104,0.6036498251373473,873600,873600,0,0,0,0,QC_STAT_ONLY,0.5860000252723694,"Per-file exact median; no QI threshold, filtering, or model input.",0.07022550000692718,False
2019\imerg_20190729.nc,imerg_20190729.nc,OK,,0.0,1.0,0.15900000929832458,0.8840000629425049,0.5968146634570599,873600,873600,0,0,0,0,QC_STAT_ONLY,0.5800000429153442,"Per-file exact median; no QI threshold, filtering, or model input.",0.07311230000050273,False
2019\imerg_20190730.nc,imerg_20190730.nc,OK,,0.0,1.0,0.15900000929832458,0.8840000629425049,0.5942016974811002,873600,873600,0,0,0,0,QC_STAT_ONLY,0.5670000314712524,"Per-file exact median; no QI threshold, filtering, or model input.",0.07877929999813205,False
2019\imerg_20190731.nc,imerg_20190731.nc,OK,,0.0,1.0,0.15600000321865082,0.9170000553131104,0.571339929877719,873600,873600,0,0,0,0,QC_STAT_ONLY,0.5540000200271606,"Per-file exact median; no QI threshold, filtering, or model input.",0.07199129999935394,False
2019\imerg_20190801.nc,imerg_20190801.nc,OK,,0.0,1.0,0.16600000858306885,0.8870000243186951,0.5588540022298114,873600,873600,0,0,0,0,QC_STAT_ONLY,0.527999997138977,"Per-file exact median; no QI threshold, filtering, or model input.",0.07286620000377297,False
2019\imerg_20190802.nc,imerg_20190802.nc,OK,,0.0,1.0,0.1850000023841858,0.893000066280365,0.563213425491742,873600,873600,0,0,0,0,QC_STAT_ONLY,0.5330000519752502,"Per-file exact median; no QI threshold, filtering, or model input.",0.07316709999577142,False
2019\imerg_20190803.nc,imerg_20190803.nc,OK,,0.0,1.0,0.15800000727176666,0.8730000257492065,0.5664687555307018,873600,873600,0,0,0,0,QC_STAT_ONLY,0.5490000247955322,"Per-file exact median; no QI threshold, filtering, or model input.",0.06998120000207564,False
2019\imerg_20190804.nc,imerg_20190804.nc,OK,,0.0,1.0,0.15600000321865082,0.893000066280365,0.5893489714963839,873600,873600,0,0,0,0,QC_STAT_ONLY,0.5600000023841858,"Per-file exact median; no QI threshold, filtering, or model input.",0.07048149999900488,False
2019\imerg_20190805.nc,imerg_20190805.nc,OK,,0.0,1.0,0.15600000321865082,0.8850000500679016,0.597476528475484,873600,873600,0,0,0,0,QC_STAT_ONLY,0.5730000138282776,"Per-file exact median; no QI threshold, filtering, or model input.",0.06914120000146795,False
2019\imerg_20190806.nc,imerg_20190806.nc,OK,,0.0,1.0,0.15700000524520874,0.9130000472068787,0.5874598493288875,873600,873600,0,0,0,0,QC_STAT_ONLY,0.5590000152587891,"Per-file exact median; no QI threshold, filtering, or model input.",0.06812179999542423,False
2019\imerg_20190807.nc,imerg_20190807.nc,OK,,0.0,1.0,0.1600000113248825,0.8870000243186951,0.5985332023447223,873600,873600,0,0,0,0,QC_STAT_ONLY,0.5600000023841858,"Per-file exact median; no QI threshold, filtering, or model input.",0.06802009999955771,False
2019\imerg_20190808.nc,imerg_20190808.nc,OK,,0.0,1.0,0.15800000727176666,0.909000039100647,0.5785954260942953,873600,873600,0,0,0,0,QC_STAT_ONLY,0.5360000133514404,"Per-file exact median; no QI threshold, filtering, or model input.",0.06735499999922467,False
2019\imerg_20190809.nc,imerg_20190809.nc,OK,,0.0,1.0,0.1600000113248825,0.909000039100647,0.5792354297776444,873600,873600,0,0,0,0,QC_STAT_ONLY,0.5380000472068787,"Per-file exact median; no QI threshold, filtering, or model input.",0.0699633999975049,False
2019\imerg_20190810.nc,imerg_20190810.nc,OK,,0.0,1.0,0.15800000727176666,0.8870000243186951,0.5840858126575326,873600,873600,0,0,0,0,QC_STAT_ONLY,0.5480000376701355,"Per-file exact median; no QI threshold, filtering, or model input.",0.06702669999503996,False
2019\imerg_20190811.nc,imerg_20190811.nc,OK,,0.0,1.0,0.16700001060962677,0.8840000629425049,0.5786811190068333,873600,873600,0,0,0,0,QC_STAT_ONLY,0.5530000329017639,"Per-file exact median; no QI threshold, filtering, or model input.",0.06480429999646731,False
2019\imerg_20190812.nc,imerg_20190812.nc,OK,,0.0,1.0,0.16200000047683716,0.8850000500679016,0.6064824129166866,873600,873600,0,0,0,0,QC_STAT_ONLY,0.5730000138282776,"Per-file exact median; no QI threshold, filtering, or model input.",0.06461399999534478,False
2019\imerg_20190813.nc,imerg_20190813.nc,OK,,0.0,1.0,0.16700001060962677,0.8870000243186951,0.6124090991078811,873600,873600,0,0,0,0,QC_STAT_ONLY,0.5750000476837158,"Per-file exact median; no QI threshold, filtering, or model input.",0.06707920000189915,False
2019\imerg_20190814.nc,imerg_20190814.nc,OK,,0.0,1.0,0.16200000047683716,0.8850000500679016,0.587483964526613,873600,873600,0,0,0,0,QC_STAT_ONLY,0.5490000247955322,"Per-file exact median; no QI threshold, filtering, or model input.",0.06733510000049137,False
2019\imerg_20190815.nc,imerg_20190815.nc,OK,,0.0,1.0,0.15800000727176666,0.8870000243186951,0.5801893761295197,873600,873600,0,0,0,0,QC_STAT_ONLY,0.5450000166893005,"Per-file exact median; no QI threshold, filtering, or model input.",0.06567119999817805,False
2019\imerg_20190816.nc,imerg_20190816.nc,OK,,0.0,1.0,0.1850000023841858,0.909000039100647,0.5800467493773981,873600,873600,0,0,0,0,QC_STAT_ONLY,0.5320000052452087,"Per-file exact median; no QI threshold, filtering, or model input.",0.06527809999533929,False
2019\imerg_20190817.nc,imerg_20190817.nc,OK,,0.0,1.0,0.1810000091791153,0.8870000243186951,0.5862551186169623,873600,873600,0,0,0,0,QC_STAT_ONLY,0.5440000295639038,"Per-file exact median; no QI threshold, filtering, or model input.",0.06998079999902984,False
2019\imerg_20190818.nc,imerg_20190818.nc,OK,,0.0,1.0,0.1600000113248825,0.8660000562667847,0.5883982725783964,873600,873600,0,0,0,0,QC_STAT_ONLY,0.5450000166893005,"Per-file exact median; no QI threshold, filtering, or model input.",0.06847320000088075,False
2019\imerg_20190819.nc,imerg_20190819.nc,OK,,0.0,1.0,0.15800000727176666,0.8630000352859497,0.5890910832974684,873600,873600,0,0,0,0,QC_STAT_ONLY,0.5640000104904175,"Per-file exact median; no QI threshold, filtering, or model input.",0.06802980000065872,False
2019\imerg_20190820.nc,imerg_20190820.nc,OK,,0.0,1.0,0.15800000727176666,0.8970000147819519,0.5903342442611922,873600,873600,0,0,0,0,QC_STAT_ONLY,0.562000036239624,"Per-file exact median; no QI threshold, filtering, or model input.",0.07582520000141812,False
2019\imerg_20190821.nc,imerg_20190821.nc,OK,,0.0,1.0,0.15800000727176666,0.8990000486373901,0.5962173184749735,873600,873600,0,0,0,0,QC_STAT_ONLY,0.5600000023841858,"Per-file exact median; no QI threshold, filtering, or model input.",0.0672409000035259,False
2019\imerg_20190822.nc,imerg_20190822.nc,OK,,0.0,1.0,0.16700001060962677,0.8960000276565552,0.583947907737968,873600,873600,0,0,0,0,QC_STAT_ONLY,0.5380000472068787,"Per-file exact median; no QI threshold, filtering, or model input.",0.06968300000153249,False
2019\imerg_20190823.nc,imerg_20190823.nc,OK,,0.0,1.0,0.15800000727176666,0.909000039100647,0.590280263790854,873600,873600,0,0,0,0,QC_STAT_ONLY,0.5490000247955322,"Per-file exact median; no QI threshold, filtering, or model input.",0.06831099999544676,False
2019\imerg_20190824.nc,imerg_20190824.nc,OK,,0.0,1.0,0.36900001764297485,0.9180000424385071,0.5749210002147439,873600,873600,0,0,0,0,QC_STAT_ONLY,0.5330000519752502,"Per-file exact median; no QI threshold, filtering, or model input.",0.06719539999903645,False
2019\imerg_20190825.nc,imerg_20190825.nc,OK,,0.0,1.0,0.35100001096725464,0.909000039100647,0.577480889001909,873600,873600,0,0,0,0,QC_STAT_ONLY,0.5350000262260437,"Per-file exact median; no QI threshold, filtering, or model input.",0.06566410000232281,False
2019\imerg_20190826.nc,imerg_20190826.nc,OK,,0.0,1.0,0.15800000727176666,0.8850000500679016,0.5939808790863836,873600,873600,0,0,0,0,QC_STAT_ONLY,0.5600000023841858,"Per-file exact median; no QI threshold, filtering, or model input.",0.06920170000375947,False
2019\imerg_20190827.nc,imerg_20190827.nc,OK,,0.0,1.0,0.359000027179718,0.8730000257492065,0.6068024005923052,873600,873600,0,0,0,0,QC_STAT_ONLY,0.581000030040741,"Per-file exact median; no QI threshold, filtering, or model input.",0.0693639000019175,False
2019\imerg_20190828.nc,imerg_20190828.nc,OK,,0.0,1.0,0.37700000405311584,0.8850000500679016,0.6043055541298928,873600,873600,0,0,0,0,QC_STAT_ONLY,0.5730000138282776,"Per-file exact median; no QI threshold, filtering, or model input.",0.06847189999825787,False
2019\imerg_20190829.nc,imerg_20190829.nc,OK,,0.0,1.0,0.16700001060962677,0.9350000619888306,0.5949708772906113,873600,873600,0,0,0,0,QC_STAT_ONLY,0.5550000071525574,"Per-file exact median; no QI threshold, filtering, or model input.",0.07100800000625895,False
2019\imerg_20190830.nc,imerg_20190830.nc,OK,,0.0,1.0,0.15600000321865082,0.8850000500679016,0.5721294918288937,873600,873600,0,0,0,0,QC_STAT_ONLY,0.5330000519752502,"Per-file exact median; no QI threshold, filtering, or model input.",0.07195849999698112,False
2019\imerg_20190831.nc,imerg_20190831.nc,OK,,0.0,1.0,0.1600000113248825,0.8860000371932983,0.5771184266012012,873600,873600,0,0,0,0,QC_STAT_ONLY,0.5380000472068787,"Per-file exact median; no QI threshold, filtering, or model input.",0.07542790000297828,False
2019\imerg_20190901.nc,imerg_20190901.nc,OK,,0.0,1.0,0.1680000126361847,0.9220000505447388,0.6100488396399678,873600,873600,0,0,0,0,QC_STAT_ONLY,0.5710000395774841,"Per-file exact median; no QI threshold, filtering, or model input.",0.06921140000486048,False
2019\imerg_20190902.nc,imerg_20190902.nc,OK,,0.0,1.0,0.17100000381469727,0.9000000357627869,0.6130684991085718,873600,873600,0,0,0,0,QC_STAT_ONLY,0.5710000395774841,"Per-file exact median; no QI threshold, filtering, or model input.",0.07119500000408152,False
2019\imerg_20190903.nc,imerg_20190903.nc,OK,,0.0,1.0,0.17100000381469727,0.9070000648498535,0.6096526912033845,873600,873600,0,0,0,0,QC_STAT_ONLY,0.5840000510215759,"Per-file exact median; no QI threshold, filtering, or model input.",0.06980150000163121,False
2019\imerg_20190904.nc,imerg_20190904.nc,OK,,0.0,1.0,0.16700001060962677,0.8990000486373901,0.6088534426794562,873600,873600,0,0,0,0,QC_STAT_ONLY,0.5900000333786011,"Per-file exact median; no QI threshold, filtering, or model input.",0.07195589999901131,False
2019\imerg_20190905.nc,imerg_20190905.nc,OK,,0.0,1.0,0.16200000047683716,0.8970000147819519,0.6111298125161493,873600,873600,0,0,0,0,QC_STAT_ONLY,0.5840000510215759,"Per-file exact median; no QI threshold, filtering, or model input.",0.06841199999325909,False
2019\imerg_20190906.nc,imerg_20190906.nc,OK,,0.0,1.0,0.16200000047683716,0.9260000586509705,0.6186788199988327,873600,873600,0,0,0,0,QC_STAT_ONLY,0.5900000333786011,"Per-file exact median; no QI threshold, filtering, or model input.",0.06929780000064056,False
2019\imerg_20190907.nc,imerg_20190907.nc,OK,,0.0,1.0,0.1680000126361847,0.9130000472068787,0.594064365040354,873600,873600,0,0,0,0,QC_STAT_ONLY,0.5600000023841858,"Per-file exact median; no QI threshold, filtering, or model input.",0.07280760000139708,False
2019\imerg_20190908.nc,imerg_20190908.nc,OK,,0.0,1.0,0.16200000047683716,0.8910000324249268,0.5892806989312915,873600,873600,0,0,0,0,QC_STAT_ONLY,0.5600000023841858,"Per-file exact median; no QI threshold, filtering, or model input.",0.0692778000011458,False
2019\imerg_20190909.nc,imerg_20190909.nc,OK,,0.0,1.0,0.1680000126361847,0.8890000581741333,0.5765615710743358,873600,873600,0,0,0,0,QC_STAT_ONLY,0.5490000247955322,"Per-file exact median; no QI threshold, filtering, or model input.",0.0704972999956226,False
2019\imerg_20190910.nc,imerg_20190910.nc,OK,,0.0,1.0,0.17100000381469727,0.9040000438690186,0.5935347995366185,873600,873600,0,0,0,0,QC_STAT_ONLY,0.5570000410079956,"Per-file exact median; no QI threshold, filtering, or model input.",0.07117019999714103,False
2019\imerg_20190911.nc,imerg_20190911.nc,OK,,0.0,1.0,0.1680000126361847,0.9260000586509705,0.6079047667389674,873600,873600,0,0,0,0,QC_STAT_ONLY,0.5800000429153442,"Per-file exact median; no QI threshold, filtering, or model input.",0.06900630000018282,False
2019\imerg_20190912.nc,imerg_20190912.nc,OK,,0.0,1.0,0.16200000047683716,0.9130000472068787,0.6002169155279489,873600,873600,0,0,0,0,QC_STAT_ONLY,0.5740000009536743,"Per-file exact median; no QI threshold, filtering, or model input.",0.0668050999956904,False
2019\imerg_20190913.nc,imerg_20190913.nc,OK,,0.0,1.0,0.16200000047683716,0.9050000309944153,0.5993414703770729,873600,873600,0,0,0,0,QC_STAT_ONLY,0.5700000524520874,"Per-file exact median; no QI threshold, filtering, or model input.",0.0673255000001518,False
2019\imerg_20190914.nc,imerg_20190914.nc,OK,,0.0,1.0,0.1680000126361847,0.9100000262260437,0.5908120107114138,873600,873600,0,0,0,0,QC_STAT_ONLY,0.5610000491142273,"Per-file exact median; no QI threshold, filtering, or model input.",0.06592259999888483,False
2019\imerg_20190915.nc,imerg_20190915.nc,OK,,0.0,1.0,0.16200000047683716,0.9130000472068787,0.5852965050676817,873600,873600,0,0,0,0,QC_STAT_ONLY,0.5460000038146973,"Per-file exact median; no QI threshold, filtering, or model input.",0.06595589999778895,False
2019\imerg_20190916.nc,imerg_20190916.nc,OK,,0.0,1.0,0.1680000126361847,0.8890000581741333,0.5850085704969993,873600,873600,0,0,0,0,QC_STAT_ONLY,0.5530000329017639,"Per-file exact median; no QI threshold, filtering, or model input.",0.06623460000264458,False
2019\imerg_20190917.nc,imerg_20190917.nc,OK,,0.0,1.0,0.1680000126361847,0.9100000262260437,0.595490788861618,873600,873600,0,0,0,0,QC_STAT_ONLY,0.5610000491142273,"Per-file exact median; no QI threshold, filtering, or model input.",0.0653941000055056,False
2019\imerg_20190918.nc,imerg_20190918.nc,OK,,0.0,1.0,0.17100000381469727,0.9100000262260437,0.5898420070099982,873600,873600,0,0,0,0,QC_STAT_ONLY,0.5630000233650208,"Per-file exact median; no QI threshold, filtering, or model input.",0.06476349999866216,False
2019\imerg_20190919.nc,imerg_20190919.nc,OK,,0.0,1.0,0.17100000381469727,0.9070000648498535,0.6002040533259367,873600,873600,0,0,0,0,QC_STAT_ONLY,0.5710000395774841,"Per-file exact median; no QI threshold, filtering, or model input.",0.06697929999791086,False
2019\imerg_20190920.nc,imerg_20190920.nc,OK,,0.0,1.0,0.16700001060962677,0.8990000486373901,0.6144030757889241,873600,873600,0,0,0,0,QC_STAT_ONLY,0.5910000205039978,"Per-file exact median; no QI threshold, filtering, or model input.",0.06717339999886462,False
2019\imerg_20190921.nc,imerg_20190921.nc,OK,,0.0,1.0,0.16200000047683716,0.8670000433921814,0.6195464729192759,873600,873600,0,0,0,0,QC_STAT_ONLY,0.5960000157356262,"Per-file exact median; no QI threshold, filtering, or model input.",0.06986999999935506,False
2019\imerg_20190922.nc,imerg_20190922.nc,OK,,0.0,1.0,0.16200000047683716,0.8990000486373901,0.605789845755201,873600,873600,0,0,0,0,QC_STAT_ONLY,0.578000009059906,"Per-file exact median; no QI threshold, filtering, or model input.",0.07165979999990668,False
2019\imerg_20190923.nc,imerg_20190923.nc,OK,,0.0,1.0,0.1680000126361847,0.8990000486373901,0.5847493601350401,873600,873600,0,0,0,0,QC_STAT_ONLY,0.5570000410079956,"Per-file exact median; no QI threshold, filtering, or model input.",0.06811439999728464,False
2019\imerg_20190924.nc,imerg_20190924.nc,OK,,0.0,1.0,0.16200000047683716,0.8970000147819519,0.6005044308129097,873600,873600,0,0,0,0,QC_STAT_ONLY,0.5710000395774841,"Per-file exact median; no QI threshold, filtering, or model input.",0.07116590000077849,False
2019\imerg_20190925.nc,imerg_20190925.nc,OK,,0.0,1.0,0.16700001060962677,0.8990000486373901,0.5995648904179048,873600,873600,0,0,0,0,QC_STAT_ONLY,0.5830000042915344,"Per-file exact median; no QI threshold, filtering, or model input.",0.07299110000167275,False
2019\imerg_20190926.nc,imerg_20190926.nc,OK,,0.0,1.0,0.17100000381469727,0.9100000262260437,0.6118845996274971,873600,873600,0,0,0,0,QC_STAT_ONLY,0.5840000510215759,"Per-file exact median; no QI threshold, filtering, or model input.",0.06690289999824017,False
2019\imerg_20190927.nc,imerg_20190927.nc,OK,,0.0,1.0,0.16700001060962677,0.906000018119812,0.6249279212758232,873600,873600,0,0,0,0,QC_STAT_ONLY,0.5990000367164612,"Per-file exact median; no QI threshold, filtering, or model input.",0.06492670000443468,False
2019\imerg_20190928.nc,imerg_20190928.nc,OK,,0.0,1.0,0.1680000126361847,0.9040000438690186,0.6152169042583998,873600,873600,0,0,0,0,QC_STAT_ONLY,0.5900000333786011,"Per-file exact median; no QI threshold, filtering, or model input.",0.06504389999463456,False
2019\imerg_20190929.nc,imerg_20190929.nc,OK,,0.0,1.0,0.16200000047683716,0.8740000128746033,0.6082580120161333,873600,873600,0,0,0,0,QC_STAT_ONLY,0.5840000510215759,"Per-file exact median; no QI threshold, filtering, or model input.",0.06416210000315914,False
2019\imerg_20190930.nc,imerg_20190930.nc,OK,,0.0,1.0,0.1680000126361847,0.8990000486373901,0.6015655005407168,873600,873600,0,0,0,0,QC_STAT_ONLY,0.5700000524520874,"Per-file exact median; no QI threshold, filtering, or model input.",0.06544050000229618,False
2019\imerg_20191001.nc,imerg_20191001.nc,OK,,0.0,1.0,0.16100001335144043,0.9050000309944153,0.5819801914230187,873600,873600,0,0,0,0,QC_STAT_ONLY,0.5520000457763672,"Per-file exact median; no QI threshold, filtering, or model input.",0.06716410000080941,False
2019\imerg_20191002.nc,imerg_20191002.nc,OK,,0.0,1.0,0.16500000655651093,0.8610000610351562,0.5784703958519452,873600,873600,0,0,0,0,QC_STAT_ONLY,0.5590000152587891,"Per-file exact median; no QI threshold, filtering, or model input.",0.06517929999972694,False
2019\imerg_20191003.nc,imerg_20191003.nc,OK,,0.0,1.0,0.21000000834465027,0.9120000600814819,0.6017586300707671,873600,873600,0,0,0,0,QC_STAT_ONLY,0.5670000314712524,"Per-file exact median; no QI threshold, filtering, or model input.",0.06718949999776669,False
2019\imerg_20191004.nc,imerg_20191004.nc,OK,,0.0,1.0,0.1770000010728836,0.9220000505447388,0.6104031840968372,873600,873600,0,0,0,0,QC_STAT_ONLY,0.578000009059906,"Per-file exact median; no QI threshold, filtering, or model input.",0.06953190000058385,False
2019\imerg_20191005.nc,imerg_20191005.nc,OK,,0.0,1.0,0.21300001442432404,0.9200000166893005,0.6166873550246343,873600,873600,0,0,0,0,QC_STAT_ONLY,0.5960000157356262,"Per-file exact median; no QI threshold, filtering, or model input.",0.06588229999761097,False
2019\imerg_20191006.nc,imerg_20191006.nc,OK,,0.0,1.0,0.16500000655651093,0.8770000338554382,0.5898803084103678,873600,873600,0,0,0,0,QC_STAT_ONLY,0.5640000104904175,"Per-file exact median; no QI threshold, filtering, or model input.",0.06765649999579182,False
2019\imerg_20191007.nc,imerg_20191007.nc,OK,,0.0,1.0,0.16500000655651093,0.89000004529953,0.5884269326525798,873600,873600,0,0,0,0,QC_STAT_ONLY,0.5640000104904175,"Per-file exact median; no QI threshold, filtering, or model input.",0.06985820000409149,False
2019\imerg_20191008.nc,imerg_20191008.nc,OK,,0.0,1.0,0.16500000655651093,0.9280000329017639,0.5910568478994495,873600,873600,0,0,0,0,QC_STAT_ONLY,0.5560000538825989,"Per-file exact median; no QI threshold, filtering, or model input.",0.06574540000292473,False
2019\imerg_20191009.nc,imerg_20191009.nc,OK,,0.0,1.0,0.1720000058412552,0.9440000653266907,0.5863484051843744,873600,873600,0,0,0,0,QC_STAT_ONLY,0.5530000329017639,"Per-file exact median; no QI threshold, filtering, or model input.",0.06565630000113742,False
2019\imerg_20191010.nc,imerg_20191010.nc,OK,,0.0,1.0,0.1720000058412552,0.9170000553131104,0.596217969496847,873600,873600,0,0,0,0,QC_STAT_ONLY,0.5700000524520874,"Per-file exact median; no QI threshold, filtering, or model input.",0.07210570000461303,False
2019\imerg_20191011.nc,imerg_20191011.nc,OK,,0.0,1.0,0.1720000058412552,0.9220000505447388,0.5948112521846967,873600,873600,0,0,0,0,QC_STAT_ONLY,0.5700000524520874,"Per-file exact median; no QI threshold, filtering, or model input.",0.06986399999732384,False
2019\imerg_20191012.nc,imerg_20191012.nc,OK,,0.0,1.0,0.1720000058412552,0.9390000700950623,0.594568183693605,873600,873600,0,0,0,0,QC_STAT_ONLY,0.5660000443458557,"Per-file exact median; no QI threshold, filtering, or model input.",0.06771260000095936,False
2019\imerg_20191013.nc,imerg_20191013.nc,OK,,0.0,1.0,0.1600000113248825,0.9440000653266907,0.5867532567550588,873600,873600,0,0,0,0,QC_STAT_ONLY,0.5640000104904175,"Per-file exact median; no QI threshold, filtering, or model input.",0.07444889999896986,False
2019\imerg_20191014.nc,imerg_20191014.nc,OK,,0.0,1.0,0.1720000058412552,0.9170000553131104,0.597164170216537,873600,873600,0,0,0,0,QC_STAT_ONLY,0.5700000524520874,"Per-file exact median; no QI threshold, filtering, or model input.",0.06771939999453025,False
2019\imerg_20191015.nc,imerg_20191015.nc,OK,,0.0,1.0,0.16500000655651093,0.8770000338554382,0.6011341858097444,873600,873600,0,0,0,0,QC_STAT_ONLY,0.5700000524520874,"Per-file exact median; no QI threshold, filtering, or model input.",0.06725249999726657,False
2019\imerg_20191016.nc,imerg_20191016.nc,OK,,0.0,1.0,0.16500000655651093,0.9050000309944153,0.5764278647953631,873600,873600,0,0,0,0,QC_STAT_ONLY,0.5520000457763672,"Per-file exact median; no QI threshold, filtering, or model input.",0.06907700000010664,False
2019\imerg_20191017.nc,imerg_20191017.nc,OK,,0.0,1.0,0.13600000739097595,0.9170000553131104,0.5574316695639215,873600,873600,0,0,0,0,QC_STAT_ONLY,0.5420000553131104,"Per-file exact median; no QI threshold, filtering, or model input.",0.06666090000362601,False
2019\imerg_20191018.nc,imerg_20191018.nc,OK,,0.0,1.0,0.1770000010728836,0.9010000228881836,0.584956636968369,873600,873600,0,0,0,0,QC_STAT_ONLY,0.5660000443458557,"Per-file exact median; no QI threshold, filtering, or model input.",0.06722710000030929,False
2019\imerg_20191019.nc,imerg_20191019.nc,OK,,0.0,1.0,0.1720000058412552,0.9440000653266907,0.6064154534561784,873600,873600,0,0,0,0,QC_STAT_ONLY,0.5700000524520874,"Per-file exact median; no QI threshold, filtering, or model input.",0.06618760000128532,False
2019\imerg_20191020.nc,imerg_20191020.nc,OK,,0.0,1.0,0.17400000989437103,0.9280000329017639,0.608909493329638,873600,873600,0,0,0,0,QC_STAT_ONLY,0.5790000557899475,"Per-file exact median; no QI threshold, filtering, or model input.",0.06560190000163857,False
2019\imerg_20191021.nc,imerg_20191021.nc,OK,,0.0,1.0,0.1720000058412552,0.9170000553131104,0.5857255133298216,873600,873600,0,0,0,0,QC_STAT_ONLY,0.5610000491142273,"Per-file exact median; no QI threshold, filtering, or model input.",0.0683952000035788,False
2019\imerg_20191022.nc,imerg_20191022.nc,OK,,0.0,1.0,0.16100001335144043,0.9280000329017639,0.5626356487713188,873600,873600,0,0,0,0,QC_STAT_ONLY,0.5440000295639038,"Per-file exact median; no QI threshold, filtering, or model input.",0.06855589999759104,False
2019\imerg_20191023.nc,imerg_20191023.nc,OK,,0.0,1.0,0.16500000655651093,0.8720000386238098,0.5831106433338543,873600,873600,0,0,0,0,QC_STAT_ONLY,0.5580000281333923,"Per-file exact median; no QI threshold, filtering, or model input.",0.06701380000595236,False
2019\imerg_20191024.nc,imerg_20191024.nc,OK,,0.0,1.0,0.1720000058412552,0.9170000553131104,0.5858830674003209,873600,873600,0,0,0,0,QC_STAT_ONLY,0.5530000329017639,"Per-file exact median; no QI threshold, filtering, or model input.",0.06909070000256179,False
2019\imerg_20191025.nc,imerg_20191025.nc,OK,,0.0,1.0,0.17400000989437103,0.8770000338554382,0.5895068184093268,873600,873600,0,0,0,0,QC_STAT_ONLY,0.5590000152587891,"Per-file exact median; no QI threshold, filtering, or model input.",0.06822530000499683,False
2019\imerg_20191026.nc,imerg_20191026.nc,OK,,0.0,1.0,0.1720000058412552,0.9170000553131104,0.5997448755640046,873600,873600,0,0,0,0,QC_STAT_ONLY,0.5700000524520874,"Per-file exact median; no QI threshold, filtering, or model input.",0.0725105999954394,False
2019\imerg_20191027.nc,imerg_20191027.nc,OK,,0.0,1.0,0.1720000058412552,0.9170000553131104,0.5845315006131565,873600,873600,0,0,0,0,QC_STAT_ONLY,0.5660000443458557,"Per-file exact median; no QI threshold, filtering, or model input.",0.06744769999932032,False
2019\imerg_20191028.nc,imerg_20191028.nc,OK,,0.0,1.0,0.1720000058412552,0.9170000553131104,0.5829168476543011,873600,873600,0,0,0,0,QC_STAT_ONLY,0.562000036239624,"Per-file exact median; no QI threshold, filtering, or model input.",0.06998409999505384,False
2019\imerg_20191029.nc,imerg_20191029.nc,OK,,0.0,1.0,0.16500000655651093,0.9170000553131104,0.5945743945741432,873600,873600,0,0,0,0,QC_STAT_ONLY,0.5700000524520874,"Per-file exact median; no QI threshold, filtering, or model input.",0.06853029999911087,False
2019\imerg_20191030.nc,imerg_20191030.nc,OK,,0.0,1.0,0.16100001335144043,0.9220000505447388,0.575060575588678,873600,873600,0,0,0,0,QC_STAT_ONLY,0.5550000071525574,"Per-file exact median; no QI threshold, filtering, or model input.",0.06544579999899724,False
2019\imerg_20191031.nc,imerg_20191031.nc,OK,,0.0,1.0,0.16500000655651093,0.8830000162124634,0.5815552301796652,873600,873600,0,0,0,0,QC_STAT_ONLY,0.562000036239624,"Per-file exact median; no QI threshold, filtering, or model input.",0.07251679999899352,False
2019\imerg_20191101.nc,imerg_20191101.nc,OK,,0.0,1.0,0.17500001192092896,0.8680000305175781,0.5917970729026356,873600,873600,0,0,0,0,QC_STAT_ONLY,0.5770000219345093,"Per-file exact median; no QI threshold, filtering, or model input.",0.06717220000427915,False
2019\imerg_20191102.nc,imerg_20191102.nc,OK,,0.0,1.0,0.18300001323223114,0.8630000352859497,0.6000840843388906,873600,873600,0,0,0,0,QC_STAT_ONLY,0.5980000495910645,"Per-file exact median; no QI threshold, filtering, or model input.",0.06539299999712966,False
2019\imerg_20191103.nc,imerg_20191103.nc,OK,,0.0,1.0,0.1720000058412552,0.9050000309944153,0.6286141569391848,873600,873600,0,0,0,0,QC_STAT_ONLY,0.6180000305175781,"Per-file exact median; no QI threshold, filtering, or model input.",0.06449089999659918,False
2019\imerg_20191104.nc,imerg_20191104.nc,OK,,0.0,1.0,0.18300001323223114,0.9050000309944153,0.6336016530498194,873600,873600,0,0,0,0,QC_STAT_ONLY,0.6150000095367432,"Per-file exact median; no QI threshold, filtering, or model input.",0.06769150000036461,False
2019\imerg_20191105.nc,imerg_20191105.nc,OK,,0.0,1.0,0.1730000078678131,0.909000039100647,0.61943895493501,873600,873600,0,0,0,0,QC_STAT_ONLY,0.6040000319480896,"Per-file exact median; no QI threshold, filtering, or model input.",0.06687439999950584,False
2019\imerg_20191106.nc,imerg_20191106.nc,OK,,0.0,1.0,0.1720000058412552,0.9120000600814819,0.5987924890788682,873600,873600,0,0,0,0,QC_STAT_ONLY,0.5790000557899475,"Per-file exact median; no QI threshold, filtering, or model input.",0.06583120000141207,False
2019\imerg_20191107.nc,imerg_20191107.nc,OK,,0.0,1.0,0.1730000078678131,0.8990000486373901,0.597676148450176,873600,873600,0,0,0,0,QC_STAT_ONLY,0.5770000219345093,"Per-file exact median; no QI threshold, filtering, or model input.",0.06577960000140592,False
2019\imerg_20191108.nc,imerg_20191108.nc,OK,,0.0,1.0,0.1720000058412552,0.89000004529953,0.5966719532753904,873600,873600,0,0,0,0,QC_STAT_ONLY,0.5790000557899475,"Per-file exact median; no QI threshold, filtering, or model input.",0.06461380000109784,False
2019\imerg_20191109.nc,imerg_20191109.nc,OK,,0.0,1.0,0.1730000078678131,0.8770000338554382,0.6031467541857305,873600,873600,0,0,0,0,QC_STAT_ONLY,0.5790000557899475,"Per-file exact median; no QI threshold, filtering, or model input.",0.06502480000199284,False
2019\imerg_20191110.nc,imerg_20191110.nc,OK,,0.0,1.0,0.19500000774860382,0.89000004529953,0.6046570296391449,873600,873600,0,0,0,0,QC_STAT_ONLY,0.5980000495910645,"Per-file exact median; no QI threshold, filtering, or model input.",0.06706370000028983,False
2019\imerg_20191111.nc,imerg_20191111.nc,OK,,0.0,1.0,0.1860000044107437,0.9120000600814819,0.6237841777179063,873600,873600,0,0,0,0,QC_STAT_ONLY,0.6130000352859497,"Per-file exact median; no QI threshold, filtering, or model input.",0.06355640000401763,False
2019\imerg_20191112.nc,imerg_20191112.nc,OK,,0.0,1.0,0.17500001192092896,0.8990000486373901,0.6353670617065396,873600,873600,0,0,0,0,QC_STAT_ONLY,0.6180000305175781,"Per-file exact median; no QI threshold, filtering, or model input.",0.06389750000380445,False
2019\imerg_20191113.nc,imerg_20191113.nc,OK,,0.0,1.0,0.1730000078678131,0.8960000276565552,0.6196029007876797,873600,873600,0,0,0,0,QC_STAT_ONLY,0.6030000448226929,"Per-file exact median; no QI threshold, filtering, or model input.",0.0660241000005044,False
2019\imerg_20191114.nc,imerg_20191114.nc,OK,,0.0,1.0,0.1720000058412552,0.9100000262260437,0.6038370823905882,873600,873600,0,0,0,0,QC_STAT_ONLY,0.6000000238418579,"Per-file exact median; no QI threshold, filtering, or model input.",0.0639283999989857,False
2019\imerg_20191115.nc,imerg_20191115.nc,OK,,0.0,1.0,0.1730000078678131,0.9200000166893005,0.5913724986119059,873600,873600,0,0,0,0,QC_STAT_ONLY,0.5660000443458557,"Per-file exact median; no QI threshold, filtering, or model input.",0.06348409999918658,False
2019\imerg_20191116.nc,imerg_20191116.nc,OK,,0.0,1.0,0.1720000058412552,0.8770000338554382,0.5894863861923075,873600,873600,0,0,0,0,QC_STAT_ONLY,0.5660000443458557,"Per-file exact median; no QI threshold, filtering, or model input.",0.06920720000198344,False
2019\imerg_20191117.nc,imerg_20191117.nc,OK,,0.0,1.0,0.1860000044107437,0.8940000534057617,0.6158066282093341,873600,873600,0,0,0,0,QC_STAT_ONLY,0.6000000238418579,"Per-file exact median; no QI threshold, filtering, or model input.",0.06682159999763826,False
2019\imerg_20191118.nc,imerg_20191118.nc,OK,,0.0,1.0,0.18300001323223114,0.8830000162124634,0.6204681743342505,873600,873600,0,0,0,0,QC_STAT_ONLY,0.6180000305175781,"Per-file exact median; no QI threshold, filtering, or model input.",0.06753770000068471,False
2019\imerg_20191119.nc,imerg_20191119.nc,OK,,0.0,1.0,0.18300001323223114,0.8960000276565552,0.6128450505711281,873600,873600,0,0,0,0,QC_STAT_ONLY,0.6030000448226929,"Per-file exact median; no QI threshold, filtering, or model input.",0.06973120000475319,False
2019\imerg_20191120.nc,imerg_20191120.nc,OK,,0.0,1.0,0.17500001192092896,0.9290000200271606,0.6219138949094067,873600,873600,0,0,0,0,QC_STAT_ONLY,0.6150000095367432,"Per-file exact median; no QI threshold, filtering, or model input.",0.06370020000031218,False
2019\imerg_20191121.nc,imerg_20191121.nc,OK,,0.0,1.0,0.17500001192092896,0.8960000276565552,0.6050896709368669,873600,873600,0,0,0,0,QC_STAT_ONLY,0.597000002861023,"Per-file exact median; no QI threshold, filtering, or model input.",0.0657327999942936,False
2019\imerg_20191122.nc,imerg_20191122.nc,OK,,0.0,1.0,0.1730000078678131,0.9290000200271606,0.6071926402005677,873600,873600,0,0,0,0,QC_STAT_ONLY,0.5800000429153442,"Per-file exact median; no QI threshold, filtering, or model input.",0.06372740000369959,False
2019\imerg_20191123.nc,imerg_20191123.nc,OK,,0.0,1.0,0.1730000078678131,0.937000036239624,0.586844816262554,873600,873600,0,0,0,0,QC_STAT_ONLY,0.5649999976158142,"Per-file exact median; no QI threshold, filtering, or model input.",0.06368469999870285,False
2019\imerg_20191124.nc,imerg_20191124.nc,OK,,0.0,1.0,0.1720000058412552,0.8720000386238098,0.5801022648627464,873600,873600,0,0,0,0,QC_STAT_ONLY,0.5670000314712524,"Per-file exact median; no QI threshold, filtering, or model input.",0.06744679999974323,False
2019\imerg_20191125.nc,imerg_20191125.nc,OK,,0.0,1.0,0.18300001323223114,0.8750000596046448,0.6178491627114173,873600,873600,0,0,0,0,QC_STAT_ONLY,0.6030000448226929,"Per-file exact median; no QI threshold, filtering, or model input.",0.06238440000015544,False
2019\imerg_20191126.nc,imerg_20191126.nc,OK,,0.0,1.0,0.2110000103712082,0.8960000276565552,0.6171760396608714,873600,873600,0,0,0,0,QC_STAT_ONLY,0.6040000319480896,"Per-file exact median; no QI threshold, filtering, or model input.",0.06323860000702552,False
2019\imerg_20191127.nc,imerg_20191127.nc,OK,,0.0,1.0,0.17500001192092896,0.9100000262260437,0.6327383817810286,873600,873600,0,0,0,0,QC_STAT_ONLY,0.6260000467300415,"Per-file exact median; no QI threshold, filtering, or model input.",0.06314290000591427,False
2019\imerg_20191128.nc,imerg_20191128.nc,OK,,0.0,1.0,0.17500001192092896,0.9220000505447388,0.633900908466988,873600,873600,0,0,0,0,QC_STAT_ONLY,0.6180000305175781,"Per-file exact median; no QI threshold, filtering, or model input.",0.06322319999890169,False
2019\imerg_20191129.nc,imerg_20191129.nc,OK,,0.0,1.0,0.1730000078678131,0.8960000276565552,0.597181584679525,873600,873600,0,0,0,0,QC_STAT_ONLY,0.5920000076293945,"Per-file exact median; no QI threshold, filtering, or model input.",0.06416560000070604,False
2019\imerg_20191130.nc,imerg_20191130.nc,OK,,0.0,1.0,0.1720000058412552,0.9100000262260437,0.5802138626699476,873600,873600,0,0,0,0,QC_STAT_ONLY,0.5600000023841858,"Per-file exact median; no QI threshold, filtering, or model input.",0.06481770000391407,False
2019\imerg_20191201.nc,imerg_20191201.nc,OK,,0.0,1.0,0.1900000125169754,0.9240000247955322,0.5899848213629292,873600,873600,0,0,0,0,QC_STAT_ONLY,0.5740000009536743,"Per-file exact median; no QI threshold, filtering, or model input.",0.06409400000120513,False
2019\imerg_20191202.nc,imerg_20191202.nc,OK,,0.0,1.0,0.1900000125169754,0.9040000438690186,0.604076700005595,873600,873600,0,0,0,0,QC_STAT_ONLY,0.6030000448226929,"Per-file exact median; no QI threshold, filtering, or model input.",0.06646200000250246,False
2019\imerg_20191203.nc,imerg_20191203.nc,OK,,0.0,1.0,0.1900000125169754,0.9040000438690186,0.6282711442606183,873600,873600,0,0,0,0,QC_STAT_ONLY,0.6310000419616699,"Per-file exact median; no QI threshold, filtering, or model input.",0.06747180000093067,False
2019\imerg_20191204.nc,imerg_20191204.nc,OK,,0.0,1.0,0.19600000977516174,0.8960000276565552,0.6312755416622795,873600,873600,0,0,0,0,QC_STAT_ONLY,0.6170000433921814,"Per-file exact median; no QI threshold, filtering, or model input.",0.0654285999989952,False
2019\imerg_20191205.nc,imerg_20191205.nc,OK,,0.0,1.0,0.1900000125169754,0.9140000343322754,0.6227798346063845,873600,873600,0,0,0,0,QC_STAT_ONLY,0.6230000257492065,"Per-file exact median; no QI threshold, filtering, or model input.",0.06835810000484344,False
2019\imerg_20191206.nc,imerg_20191206.nc,OK,,0.0,1.0,0.1900000125169754,0.9150000214576721,0.6470889377999955,873600,873600,0,0,0,0,QC_STAT_ONLY,0.6500000357627869,"Per-file exact median; no QI threshold, filtering, or model input.",0.0649185000002035,False
2019\imerg_20191207.nc,imerg_20191207.nc,OK,,0.0,1.0,0.1900000125169754,0.9140000343322754,0.6158459036086682,873600,873600,0,0,0,0,QC_STAT_ONLY,0.6030000448226929,"Per-file exact median; no QI threshold, filtering, or model input.",0.06554949999554083,False
2019\imerg_20191208.nc,imerg_20191208.nc,OK,,0.0,1.0,0.1900000125169754,0.9020000696182251,0.6038697196038495,873600,873600,0,0,0,0,QC_STAT_ONLY,0.5910000205039978,"Per-file exact median; no QI threshold, filtering, or model input.",0.0715691000004881,False
2019\imerg_20191209.nc,imerg_20191209.nc,OK,,0.0,1.0,0.1900000125169754,0.9040000438690186,0.5924201356049886,873600,873600,0,0,0,0,QC_STAT_ONLY,0.5900000333786011,"Per-file exact median; no QI threshold, filtering, or model input.",0.0631649000060861,False
2019\imerg_20191210.nc,imerg_20191210.nc,OK,,0.0,1.0,0.1900000125169754,0.8810000419616699,0.5955775373652339,873600,873600,0,0,0,0,QC_STAT_ONLY,0.5900000333786011,"Per-file exact median; no QI threshold, filtering, or model input.",0.06330699999671197,False
2019\imerg_20191211.nc,imerg_20191211.nc,OK,,0.0,1.0,0.2070000171661377,0.8560000658035278,0.6430230712108211,873600,873600,0,0,0,0,QC_STAT_ONLY,0.6360000371932983,"Per-file exact median; no QI threshold, filtering, or model input.",0.06595139999990351,False
2019\imerg_20191212.nc,imerg_20191212.nc,OK,,0.0,1.0,0.1900000125169754,0.9150000214576721,0.6497055114412871,873600,873600,0,0,0,0,QC_STAT_ONLY,0.6410000324249268,"Per-file exact median; no QI threshold, filtering, or model input.",0.06461150000541238,False
2019\imerg_20191213.nc,imerg_20191213.nc,OK,,0.0,1.0,0.1900000125169754,0.9150000214576721,0.6521562838580821,873600,873600,0,0,0,0,QC_STAT_ONLY,0.6520000100135803,"Per-file exact median; no QI threshold, filtering, or model input.",0.06641610000224318,False
2019\imerg_20191214.nc,imerg_20191214.nc,OK,,0.0,1.0,0.1900000125169754,0.8950000405311584,0.6415958150068721,873600,873600,0,0,0,0,QC_STAT_ONLY,0.6350000500679016,"Per-file exact median; no QI threshold, filtering, or model input.",0.06705910000164295,False
2019\imerg_20191215.nc,imerg_20191215.nc,OK,,0.0,1.0,0.1900000125169754,0.9150000214576721,0.6168280655296601,873600,873600,0,0,0,0,QC_STAT_ONLY,0.6010000109672546,"Per-file exact median; no QI threshold, filtering, or model input.",0.06533309999940684,False
2019\imerg_20191216.nc,imerg_20191216.nc,OK,,0.0,1.0,0.1900000125169754,0.8950000405311584,0.6177571513493044,873600,873600,0,0,0,0,QC_STAT_ONLY,0.5960000157356262,"Per-file exact median; no QI threshold, filtering, or model input.",0.06464200000482379,False
2019\imerg_20191217.nc,imerg_20191217.nc,OK,,0.0,1.0,0.1900000125169754,0.9020000696182251,0.619903923190598,873600,873600,0,0,0,0,QC_STAT_ONLY,0.6030000448226929,"Per-file exact median; no QI threshold, filtering, or model input.",0.06729990000167163,False
2019\imerg_20191218.nc,imerg_20191218.nc,OK,,0.0,1.0,0.1900000125169754,0.8740000128746033,0.6133118404394302,873600,873600,0,0,0,0,QC_STAT_ONLY,0.6030000448226929,"Per-file exact median; no QI threshold, filtering, or model input.",0.06545210000331281,False
2019\imerg_20191219.nc,imerg_20191219.nc,OK,,0.0,1.0,0.1900000125169754,0.8870000243186951,0.6242344715863793,873600,873600,0,0,0,0,QC_STAT_ONLY,0.6310000419616699,"Per-file exact median; no QI threshold, filtering, or model input.",0.06555650000518654,False
2019\imerg_20191220.nc,imerg_20191220.nc,OK,,0.0,1.0,0.19600000977516174,0.9140000343322754,0.6344839227182668,873600,873600,0,0,0,0,QC_STAT_ONLY,0.6170000433921814,"Per-file exact median; no QI threshold, filtering, or model input.",0.06566259999817703,False
2019\imerg_20191221.nc,imerg_20191221.nc,OK,,0.0,1.0,0.1900000125169754,0.9150000214576721,0.6422126468235027,873600,873600,0,0,0,0,QC_STAT_ONLY,0.6420000195503235,"Per-file exact median; no QI threshold, filtering, or model input.",0.06703549999656389,False
2019\imerg_20191222.nc,imerg_20191222.nc,OK,,0.0,1.0,0.1900000125169754,0.9150000214576721,0.6467102320259437,873600,873600,0,0,0,0,QC_STAT_ONLY,0.6410000324249268,"Per-file exact median; no QI threshold, filtering, or model input.",0.06615389999933541,False
2019\imerg_20191223.nc,imerg_20191223.nc,OK,,0.0,1.0,0.1900000125169754,0.9150000214576721,0.6204649337163646,873600,873600,0,0,0,0,QC_STAT_ONLY,0.6100000143051147,"Per-file exact median; no QI threshold, filtering, or model input.",0.070559100000537,False
2019\imerg_20191224.nc,imerg_20191224.nc,OK,,0.0,1.0,0.1900000125169754,0.9040000438690186,0.6086808888924107,873600,873600,0,0,0,0,QC_STAT_ONLY,0.6000000238418579,"Per-file exact median; no QI threshold, filtering, or model input.",0.06685090000246419,False
2019\imerg_20191225.nc,imerg_20191225.nc,OK,,0.0,1.0,0.1900000125169754,0.9040000438690186,0.6081652434907799,873600,873600,0,0,0,0,QC_STAT_ONLY,0.6000000238418579,"Per-file exact median; no QI threshold, filtering, or model input.",0.06455730000016047,False
2019\imerg_20191226.nc,imerg_20191226.nc,OK,,0.0,1.0,0.1900000125169754,0.9040000438690186,0.6095889839305859,873600,873600,0,0,0,0,QC_STAT_ONLY,0.6000000238418579,"Per-file exact median; no QI threshold, filtering, or model input.",0.06643479999911506,False
2019\imerg_20191227.nc,imerg_20191227.nc,OK,,0.0,1.0,0.1900000125169754,0.8670000433921814,0.63787689580855,873600,873600,0,0,0,0,QC_STAT_ONLY,0.6240000128746033,"Per-file exact median; no QI threshold, filtering, or model input.",0.07212969999818597,False
2019\imerg_20191228.nc,imerg_20191228.nc,OK,,0.0,1.0,0.19100001454353333,0.9140000343322754,0.6293678748046625,873600,873600,0,0,0,0,QC_STAT_ONLY,0.625,"Per-file exact median; no QI threshold, filtering, or model input.",0.06812210000498453,False
2019\imerg_20191229.nc,imerg_20191229.nc,OK,,0.0,1.0,0.1900000125169754,0.9040000438690186,0.6196368744115656,873600,873600,0,0,0,0,QC_STAT_ONLY,0.6170000433921814,"Per-file exact median; no QI threshold, filtering, or model input.",0.06635899999673711,False
2019\imerg_20191230.nc,imerg_20191230.nc,OK,,0.0,1.0,0.1900000125169754,0.9440000653266907,0.6259028531418049,873600,873600,0,0,0,0,QC_STAT_ONLY,0.6170000433921814,"Per-file exact median; no QI threshold, filtering, or model input.",0.06510890000208747,False
2019\imerg_20191231.nc,imerg_20191231.nc,OK,,0.0,1.0,0.1900000125169754,0.9150000214576721,0.6169397100988236,873600,873600,0,0,0,0,QC_STAT_ONLY,0.6060000061988831,"Per-file exact median; no QI threshold, filtering, or model input.",0.06431440000596922,False
2020\imerg_20200101.nc,imerg_20200101.nc,OK,,0.0,1.0,0.22800001502037048,0.8860000371932983,0.6445410094136242,873600,873600,0,0,0,0,QC_STAT_ONLY,0.6550000309944153,"Per-file exact median; no QI threshold, filtering, or model input.",0.06549470000027213,False
2020\imerg_20200102.nc,imerg_20200102.nc,OK,,0.0,1.0,0.22800001502037048,0.9050000309944153,0.6456172156467652,873600,873600,0,0,0,0,QC_STAT_ONLY,0.6520000100135803,"Per-file exact median; no QI threshold, filtering, or model input.",0.06594339999719523,False
2020\imerg_20200103.nc,imerg_20200103.nc,OK,,0.0,1.0,0.23000000417232513,0.8830000162124634,0.6488339234655212,873600,873600,0,0,0,0,QC_STAT_ONLY,0.6550000309944153,"Per-file exact median; no QI threshold, filtering, or model input.",0.06819330000143964,False
2020\imerg_20200104.nc,imerg_20200104.nc,OK,,0.0,1.0,0.21900001168251038,0.8830000162124634,0.6603896924800619,873600,873600,0,0,0,0,QC_STAT_ONLY,0.6580000519752502,"Per-file exact median; no QI threshold, filtering, or model input.",0.06605760000093142,False
2020\imerg_20200105.nc,imerg_20200105.nc,OK,,0.0,1.0,0.22800001502037048,0.9450000524520874,0.6602398447976908,873600,873600,0,0,0,0,QC_STAT_ONLY,0.656000018119812,"Per-file exact median; no QI threshold, filtering, or model input.",0.06749950000084937,False
2020\imerg_20200106.nc,imerg_20200106.nc,OK,,0.0,1.0,0.20900000631809235,0.921000063419342,0.6495262691133652,873600,873600,0,0,0,0,QC_STAT_ONLY,0.6450000405311584,"Per-file exact median; no QI threshold, filtering, or model input.",0.06404230000043754,False
2020\imerg_20200107.nc,imerg_20200107.nc,OK,,0.0,1.0,0.20900000631809235,0.9170000553131104,0.6334998321340969,873600,873600,0,0,0,0,QC_STAT_ONLY,0.6340000033378601,"Per-file exact median; no QI threshold, filtering, or model input.",0.06455880000430625,False
2020\imerg_20200108.nc,imerg_20200108.nc,OK,,0.0,1.0,0.20900000631809235,0.9360000491142273,0.6113227933540176,873600,873600,0,0,0,0,QC_STAT_ONLY,0.6190000176429749,"Per-file exact median; no QI threshold, filtering, or model input.",0.0639216999989003,False
2020\imerg_20200109.nc,imerg_20200109.nc,OK,,0.0,1.0,0.21400001645088196,0.9170000553131104,0.6373677421919148,873600,873600,0,0,0,0,QC_STAT_ONLY,0.6480000019073486,"Per-file exact median; no QI threshold, filtering, or model input.",0.0628186000030837,False
2020\imerg_20200110.nc,imerg_20200110.nc,OK,,0.0,1.0,0.22800001502037048,0.89000004529953,0.644905436173518,873600,873600,0,0,0,0,QC_STAT_ONLY,0.6600000262260437,"Per-file exact median; no QI threshold, filtering, or model input.",0.06642650000139838,False
2020\imerg_20200111.nc,imerg_20200111.nc,OK,,0.0,1.0,0.22300000488758087,0.89000004529953,0.6458203684099039,873600,873600,0,0,0,0,QC_STAT_ONLY,0.656000018119812,"Per-file exact median; no QI threshold, filtering, or model input.",0.06838939999579452,False
2020\imerg_20200112.nc,imerg_20200112.nc,OK,,0.0,1.0,0.20900000631809235,0.9080000519752502,0.6599611108867629,873600,873600,0,0,0,0,QC_STAT_ONLY,0.6630000472068787,"Per-file exact median; no QI threshold, filtering, or model input.",0.07658519999677083,False
2020\imerg_20200113.nc,imerg_20200113.nc,OK,,0.0,1.0,0.22300000488758087,0.9070000648498535,0.6565742090840794,873600,873600,0,0,0,0,QC_STAT_ONLY,0.659000039100647,"Per-file exact median; no QI threshold, filtering, or model input.",0.06593299999804003,False
2020\imerg_20200114.nc,imerg_20200114.nc,OK,,0.0,1.0,0.22700001299381256,0.921000063419342,0.6599896324665078,873600,873600,0,0,0,0,QC_STAT_ONLY,0.6610000133514404,"Per-file exact median; no QI threshold, filtering, or model input.",0.0704397000008612,False
2020\imerg_20200115.nc,imerg_20200115.nc,OK,,0.0,1.0,0.20900000631809235,0.9170000553131104,0.6613674283732964,873600,873600,0,0,0,0,QC_STAT_ONLY,0.6630000472068787,"Per-file exact median; no QI threshold, filtering, or model input.",0.06607830000575632,False
2020\imerg_20200116.nc,imerg_20200116.nc,OK,,0.0,1.0,0.2070000171661377,0.9260000586509705,0.6482708554939561,873600,873600,0,0,0,0,QC_STAT_ONLY,0.6550000309944153,"Per-file exact median; no QI threshold, filtering, or model input.",0.22766390000469983,False
2020\imerg_20200117.nc,imerg_20200117.nc,OK,,0.0,1.0,0.21900001168251038,0.8860000371932983,0.6548397913694232,873600,873600,0,0,0,0,QC_STAT_ONLY,0.6630000472068787,"Per-file exact median; no QI threshold, filtering, or model input.",0.2076015999991796,False
2020\imerg_20200118.nc,imerg_20200118.nc,OK,,0.0,1.0,0.2070000171661377,0.8820000290870667,0.6551874784029843,873600,873600,0,0,0,0,QC_STAT_ONLY,0.656000018119812,"Per-file exact median; no QI threshold, filtering, or model input.",0.07934389999718405,False
2020\imerg_20200119.nc,imerg_20200119.nc,OK,,0.0,1.0,0.20900000631809235,0.8830000162124634,0.6630171499704096,873600,873600,0,0,0,0,QC_STAT_ONLY,0.6620000600814819,"Per-file exact median; no QI threshold, filtering, or model input.",0.068301799998153,False
2020\imerg_20200120.nc,imerg_20200120.nc,OK,,0.0,1.0,0.20900000631809235,0.8940000534057617,0.660105161678469,873600,873600,0,0,0,0,QC_STAT_ONLY,0.6690000295639038,"Per-file exact median; no QI threshold, filtering, or model input.",0.07158589999744436,False
2020\imerg_20200121.nc,imerg_20200121.nc,OK,,0.0,1.0,0.20900000631809235,0.9070000648498535,0.6572287107848361,873600,873600,0,0,0,0,QC_STAT_ONLY,0.6670000553131104,"Per-file exact median; no QI threshold, filtering, or model input.",0.06949139999778708,False
2020\imerg_20200122.nc,imerg_20200122.nc,OK,,0.0,1.0,0.22700001299381256,0.921000063419342,0.6469383565809632,873600,873600,0,0,0,0,QC_STAT_ONLY,0.656000018119812,"Per-file exact median; no QI threshold, filtering, or model input.",0.06955310000194004,False
2020\imerg_20200123.nc,imerg_20200123.nc,OK,,0.0,1.0,0.20900000631809235,0.9170000553131104,0.6568336926883209,873600,873600,0,0,0,0,QC_STAT_ONLY,0.6620000600814819,"Per-file exact median; no QI threshold, filtering, or model input.",0.07278429999860236,False
2020\imerg_20200124.nc,imerg_20200124.nc,OK,,0.0,1.0,0.22500000894069672,0.8830000162124634,0.6461000890595389,873600,873600,0,0,0,0,QC_STAT_ONLY,0.6600000262260437,"Per-file exact median; no QI threshold, filtering, or model input.",0.07417569999961415,False
2020\imerg_20200125.nc,imerg_20200125.nc,OK,,0.0,1.0,0.20900000631809235,0.9070000648498535,0.636835571972742,873600,873600,0,0,0,0,QC_STAT_ONLY,0.6600000262260437,"Per-file exact median; no QI threshold, filtering, or model input.",0.07966679999663029,False
2020\imerg_20200126.nc,imerg_20200126.nc,OK,,0.0,1.0,0.2070000171661377,0.8710000514984131,0.6390904976832834,873600,873600,0,0,0,0,QC_STAT_ONLY,0.6630000472068787,"Per-file exact median; no QI threshold, filtering, or model input.",0.06736429999727989,False
2020\imerg_20200127.nc,imerg_20200127.nc,OK,,0.0,1.0,0.2070000171661377,0.8810000419616699,0.6362090262012461,873600,873600,0,0,0,0,QC_STAT_ONLY,0.6540000438690186,"Per-file exact median; no QI threshold, filtering, or model input.",0.06542700000136392,False
2020\imerg_20200128.nc,imerg_20200128.nc,OK,,0.0,1.0,0.2070000171661377,0.8830000162124634,0.6476804491274926,873600,873600,0,0,0,0,QC_STAT_ONLY,0.6640000343322754,"Per-file exact median; no QI threshold, filtering, or model input.",0.07300209999812068,False
2020\imerg_20200129.nc,imerg_20200129.nc,OK,,0.0,1.0,0.20900000631809235,0.9170000553131104,0.6433923314968397,873600,873600,0,0,0,0,QC_STAT_ONLY,0.6520000100135803,"Per-file exact median; no QI threshold, filtering, or model input.",0.0645963999995729,False
2020\imerg_20200130.nc,imerg_20200130.nc,OK,,0.0,1.0,0.20900000631809235,0.921000063419342,0.6441460688151897,873600,873600,0,0,0,0,QC_STAT_ONLY,0.6550000309944153,"Per-file exact median; no QI threshold, filtering, or model input.",0.06620750000001863,False
2020\imerg_20200131.nc,imerg_20200131.nc,OK,,0.0,1.0,0.21400001645088196,0.8840000629425049,0.6483051586744543,873600,873600,0,0,0,0,QC_STAT_ONLY,0.6630000472068787,"Per-file exact median; no QI threshold, filtering, or model input.",0.0648155000017141,False
2020\imerg_20200201.nc,imerg_20200201.nc,OK,,0.0,1.0,0.2240000069141388,0.8940000534057617,0.671126600797271,873600,873600,0,0,0,0,QC_STAT_ONLY,0.6820000410079956,"Per-file exact median; no QI threshold, filtering, or model input.",0.06870470000285422,False
2020\imerg_20200202.nc,imerg_20200202.nc,OK,,0.0,1.0,0.23400001227855682,0.8890000581741333,0.6758046583154993,873600,873600,0,0,0,0,QC_STAT_ONLY,0.6920000314712524,"Per-file exact median; no QI threshold, filtering, or model input.",0.06866569999692729,False
2020\imerg_20200203.nc,imerg_20200203.nc,OK,,0.0,1.0,0.23200000822544098,0.9070000648498535,0.6748337464282228,873600,873600,0,0,0,0,QC_STAT_ONLY,0.6890000104904175,"Per-file exact median; no QI threshold, filtering, or model input.",0.06706259999918984,False
2020\imerg_20200204.nc,imerg_20200204.nc,OK,,0.0,1.0,0.23400001227855682,0.8890000581741333,0.6812930086672804,873600,873600,0,0,0,0,QC_STAT_ONLY,0.6980000138282776,"Per-file exact median; no QI threshold, filtering, or model input.",0.06798340000386816,False
2020\imerg_20200205.nc,imerg_20200205.nc,OK,,0.0,1.0,0.23100000619888306,0.9070000648498535,0.6743261096945149,873600,873600,0,0,0,0,QC_STAT_ONLY,0.6830000281333923,"Per-file exact median; no QI threshold, filtering, or model input.",0.06981719999748748,False
2020\imerg_20200206.nc,imerg_20200206.nc,OK,,0.0,1.0,0.25200000405311584,0.9070000648498535,0.6730962513801352,873600,873600,0,0,0,0,QC_STAT_ONLY,0.6890000104904175,"Per-file exact median; no QI threshold, filtering, or model input.",0.06618290000187699,False
2020\imerg_20200207.nc,imerg_20200207.nc,OK,,0.0,1.0,0.23200000822544098,0.9070000648498535,0.6633412406159115,873600,873600,0,0,0,0,QC_STAT_ONLY,0.6730000376701355,"Per-file exact median; no QI threshold, filtering, or model input.",0.06623380000382895,False
2020\imerg_20200208.nc,imerg_20200208.nc,OK,,0.0,1.0,0.23100000619888306,0.909000039100647,0.684607461144288,873600,873600,0,0,0,0,QC_STAT_ONLY,0.6910000443458557,"Per-file exact median; no QI threshold, filtering, or model input.",0.06866939999599708,False
2020\imerg_20200209.nc,imerg_20200209.nc,OK,,0.0,1.0,0.24000000953674316,0.909000039100647,0.6763641987997192,873600,873600,0,0,0,0,QC_STAT_ONLY,0.6920000314712524,"Per-file exact median; no QI threshold, filtering, or model input.",0.06960590000380762,False
2020\imerg_20200210.nc,imerg_20200210.nc,OK,,0.0,1.0,0.23100000619888306,0.9000000357627869,0.6720266054358143,873600,873600,0,0,0,0,QC_STAT_ONLY,0.6820000410079956,"Per-file exact median; no QI threshold, filtering, or model input.",0.06820869999501156,False
2020\imerg_20200211.nc,imerg_20200211.nc,OK,,0.0,1.0,0.2200000137090683,0.9180000424385071,0.6751924030634067,873600,873600,0,0,0,0,QC_STAT_ONLY,0.6920000314712524,"Per-file exact median; no QI threshold, filtering, or model input.",0.06792940000013914,False
2020\imerg_20200212.nc,imerg_20200212.nc,OK,,0.0,1.0,0.23200000822544098,0.8880000710487366,0.6699334072808466,873600,873600,0,0,0,0,QC_STAT_ONLY,0.6760000586509705,"Per-file exact median; no QI threshold, filtering, or model input.",0.07139000000461238,False
2020\imerg_20200213.nc,imerg_20200213.nc,OK,,0.0,1.0,0.25200000405311584,0.9230000376701355,0.6805950352110842,873600,873600,0,0,0,0,QC_STAT_ONLY,0.6890000104904175,"Per-file exact median; no QI threshold, filtering, or model input.",0.06749320000380976,False
2020\imerg_20200214.nc,imerg_20200214.nc,OK,,0.0,1.0,0.24000000953674316,0.9120000600814819,0.6648066360756223,873600,873600,0,0,0,0,QC_STAT_ONLY,0.6740000247955322,"Per-file exact median; no QI threshold, filtering, or model input.",0.06950469999719644,False
2020\imerg_20200215.nc,imerg_20200215.nc,OK,,0.0,1.0,0.25200000405311584,0.8860000371932983,0.6699619630472428,873600,873600,0,0,0,0,QC_STAT_ONLY,0.6760000586509705,"Per-file exact median; no QI threshold, filtering, or model input.",0.07798129999719094,False
2020\imerg_20200216.nc,imerg_20200216.nc,OK,,0.0,1.0,0.23400001227855682,0.9280000329017639,0.6751893004430322,873600,873600,0,0,0,0,QC_STAT_ONLY,0.6890000104904175,"Per-file exact median; no QI threshold, filtering, or model input.",0.06608669999695849,False
2020\imerg_20200217.nc,imerg_20200217.nc,OK,,0.0,1.0,0.23100000619888306,0.9290000200271606,0.6720501943770455,873600,873600,0,0,0,0,QC_STAT_ONLY,0.6810000538825989,"Per-file exact median; no QI threshold, filtering, or model input.",0.06610980000550626,False
2020\imerg_20200218.nc,imerg_20200218.nc,OK,,0.0,1.0,0.23200000822544098,0.8880000710487366,0.6803962741125437,873600,873600,0,0,0,0,QC_STAT_ONLY,0.6970000267028809,"Per-file exact median; no QI threshold, filtering, or model input.",0.06608989999949699,False
2020\imerg_20200219.nc,imerg_20200219.nc,OK,,0.0,1.0,0.2370000183582306,0.9180000424385071,0.6729675196283821,873600,873600,0,0,0,0,QC_STAT_ONLY,0.6890000104904175,"Per-file exact median; no QI threshold, filtering, or model input.",0.06648329999734415,False
2020\imerg_20200220.nc,imerg_20200220.nc,OK,,0.0,1.0,0.22300000488758087,0.9280000329017639,0.6692265027115504,873600,873600,0,0,0,0,QC_STAT_ONLY,0.6890000104904175,"Per-file exact median; no QI threshold, filtering, or model input.",0.06785220000165282,False
2020\imerg_20200221.nc,imerg_20200221.nc,OK,,0.0,1.0,0.23100000619888306,0.8910000324249268,0.6697131937786923,873600,873600,0,0,0,0,QC_STAT_ONLY,0.6760000586509705,"Per-file exact median; no QI threshold, filtering, or model input.",0.0660961999965366,False
2020\imerg_20200222.nc,imerg_20200222.nc,OK,,0.0,1.0,0.22600001096725464,0.9280000329017639,0.6657521637715229,873600,873600,0,0,0,0,QC_STAT_ONLY,0.6760000586509705,"Per-file exact median; no QI threshold, filtering, or model input.",0.06566400000156136,False
2020\imerg_20200223.nc,imerg_20200223.nc,OK,,0.0,1.0,0.24000000953674316,0.9020000696182251,0.6655117150696315,873600,873600,0,0,0,0,QC_STAT_ONLY,0.6760000586509705,"Per-file exact median; no QI threshold, filtering, or model input.",0.06713899999886053,False
2020\imerg_20200224.nc,imerg_20200224.nc,OK,,0.0,1.0,0.23100000619888306,0.8940000534057617,0.6832888415057021,873600,873600,0,0,0,0,QC_STAT_ONLY,0.7010000348091125,"Per-file exact median; no QI threshold, filtering, or model input.",0.06696830000146292,False
2020\imerg_20200225.nc,imerg_20200225.nc,OK,,0.0,1.0,0.2240000069141388,0.9070000648498535,0.6757083017211374,873600,873600,0,0,0,0,QC_STAT_ONLY,0.6890000104904175,"Per-file exact median; no QI threshold, filtering, or model input.",0.06759189999866067,False
2020\imerg_20200226.nc,imerg_20200226.nc,OK,,0.0,1.0,0.22300000488758087,0.8880000710487366,0.6742941593686153,873600,873600,0,0,0,0,QC_STAT_ONLY,0.6830000281333923,"Per-file exact median; no QI threshold, filtering, or model input.",0.06925509999564383,False
2020\imerg_20200227.nc,imerg_20200227.nc,OK,,0.0,1.0,0.23400001227855682,0.9180000424385071,0.6715675904949949,873600,873600,0,0,0,0,QC_STAT_ONLY,0.6890000104904175,"Per-file exact median; no QI threshold, filtering, or model input.",0.06872110000404064,False
2020\imerg_20200228.nc,imerg_20200228.nc,OK,,0.0,1.0,0.22300000488758087,0.9070000648498535,0.6531352356760063,873600,873600,0,0,0,0,QC_STAT_ONLY,0.6730000376701355,"Per-file exact median; no QI threshold, filtering, or model input.",0.06813609999517212,False
2020\imerg_20200229.nc,imerg_20200229.nc,OK,,0.0,1.0,0.23400001227855682,0.8790000677108765,0.6757273215904572,873600,873600,0,0,0,0,QC_STAT_ONLY,0.6890000104904175,"Per-file exact median; no QI threshold, filtering, or model input.",0.06856970000080764,False
2020\imerg_20200301.nc,imerg_20200301.nc,OK,,0.0,1.0,0.1850000023841858,0.909000039100647,0.6327059553840433,873600,873600,0,0,0,0,QC_STAT_ONLY,0.6410000324249268,"Per-file exact median; no QI threshold, filtering, or model input.",0.06991980000020703,False
2020\imerg_20200302.nc,imerg_20200302.nc,OK,,0.0,1.0,0.1810000091791153,0.8860000371932983,0.6130113274990256,873600,873600,0,0,0,0,QC_STAT_ONLY,0.6300000548362732,"Per-file exact median; no QI threshold, filtering, or model input.",0.07039619999704883,False
2020\imerg_20200303.nc,imerg_20200303.nc,OK,,0.0,1.0,0.1810000091791153,0.8920000195503235,0.6424354409310632,873600,873600,0,0,0,0,QC_STAT_ONLY,0.659000039100647,"Per-file exact median; no QI threshold, filtering, or model input.",0.0701303999958327,False
2020\imerg_20200304.nc,imerg_20200304.nc,OK,,0.0,1.0,0.18800000846385956,0.8920000195503235,0.6324434898969556,873600,873600,0,0,0,0,QC_STAT_ONLY,0.6470000147819519,"Per-file exact median; no QI threshold, filtering, or model input.",0.0743709000016679,False
2020\imerg_20200305.nc,imerg_20200305.nc,OK,,0.0,1.0,0.1810000091791153,0.8720000386238098,0.6254311103096416,873600,873600,0,0,0,0,QC_STAT_ONLY,0.6310000419616699,"Per-file exact median; no QI threshold, filtering, or model input.",0.07099700000253506,False
2020\imerg_20200306.nc,imerg_20200306.nc,OK,,0.0,1.0,0.2120000123977661,0.8740000128746033,0.6388198337948202,873600,873600,0,0,0,0,QC_STAT_ONLY,0.6470000147819519,"Per-file exact median; no QI threshold, filtering, or model input.",0.06513560000166763,False
2020\imerg_20200307.nc,imerg_20200307.nc,OK,,0.0,1.0,0.19200000166893005,0.8770000338554382,0.6293987070505709,873600,873600,0,0,0,0,QC_STAT_ONLY,0.6360000371932983,"Per-file exact median; no QI threshold, filtering, or model input.",0.06491939999978058,False
2020\imerg_20200308.nc,imerg_20200308.nc,OK,,0.0,1.0,0.19200000166893005,0.8740000128746033,0.6377740364171046,873600,873600,0,0,0,0,QC_STAT_ONLY,0.6460000276565552,"Per-file exact median; no QI threshold, filtering, or model input.",0.06832500000018626,False
2020\imerg_20200309.nc,imerg_20200309.nc,OK,,0.0,1.0,0.1810000091791153,0.8760000467300415,0.6412857376633982,873600,873600,0,0,0,0,QC_STAT_ONLY,0.659000039100647,"Per-file exact median; no QI threshold, filtering, or model input.",0.0674079999953392,False
2020\imerg_20200310.nc,imerg_20200310.nc,OK,,0.0,1.0,0.1810000091791153,0.8760000467300415,0.6305040626256341,873600,873600,0,0,0,0,QC_STAT_ONLY,0.6390000581741333,"Per-file exact median; no QI threshold, filtering, or model input.",0.06561839999631047,False
2020\imerg_20200311.nc,imerg_20200311.nc,OK,,0.0,1.0,0.1810000091791153,0.8920000195503235,0.6488829664391169,873600,873600,0,0,0,0,QC_STAT_ONLY,0.659000039100647,"Per-file exact median; no QI threshold, filtering, or model input.",0.06406389999756357,False
2020\imerg_20200312.nc,imerg_20200312.nc,OK,,0.0,1.0,0.2160000056028366,0.9190000295639038,0.6271631153098618,873600,873600,0,0,0,0,QC_STAT_ONLY,0.625,"Per-file exact median; no QI threshold, filtering, or model input.",0.0647125000032247,False
2020\imerg_20200313.nc,imerg_20200313.nc,OK,,0.0,1.0,0.1850000023841858,0.9040000438690186,0.6328811891789927,873600,873600,0,0,0,0,QC_STAT_ONLY,0.6380000114440918,"Per-file exact median; no QI threshold, filtering, or model input.",0.06630730000324547,False
2020\imerg_20200314.nc,imerg_20200314.nc,OK,,0.0,1.0,0.1810000091791153,0.8770000338554382,0.635078197354792,873600,873600,0,0,0,0,QC_STAT_ONLY,0.6510000228881836,"Per-file exact median; no QI threshold, filtering, or model input.",0.06657499999710126,False
2020\imerg_20200315.nc,imerg_20200315.nc,OK,,0.0,1.0,0.1810000091791153,0.9170000553131104,0.628585501766385,873600,873600,0,0,0,0,QC_STAT_ONLY,0.6360000371932983,"Per-file exact median; no QI threshold, filtering, or model input.",0.06433100000140257,False
2020\imerg_20200316.nc,imerg_20200316.nc,OK,,0.0,1.0,0.18800000846385956,0.9190000295639038,0.6356594104599208,873600,873600,0,0,0,0,QC_STAT_ONLY,0.64000004529953,"Per-file exact median; no QI threshold, filtering, or model input.",0.06784779999725288,False
2020\imerg_20200317.nc,imerg_20200317.nc,OK,,0.0,1.0,0.2160000056028366,0.8720000386238098,0.6323800571618138,873600,873600,0,0,0,0,QC_STAT_ONLY,0.6470000147819519,"Per-file exact median; no QI threshold, filtering, or model input.",0.06764770000154385,False
2020\imerg_20200318.nc,imerg_20200318.nc,OK,,0.0,1.0,0.1850000023841858,0.8920000195503235,0.6164361317228055,873600,873600,0,0,0,0,QC_STAT_ONLY,0.6200000047683716,"Per-file exact median; no QI threshold, filtering, or model input.",0.06591820000176085,False
2020\imerg_20200319.nc,imerg_20200319.nc,OK,,0.0,1.0,0.2160000056028366,0.9230000376701355,0.6415961521528593,873600,873600,0,0,0,0,QC_STAT_ONLY,0.6530000567436218,"Per-file exact median; no QI threshold, filtering, or model input.",0.06597370000235969,False
2020\imerg_20200320.nc,imerg_20200320.nc,OK,,0.0,1.0,0.18800000846385956,0.9230000376701355,0.6312832633436798,873600,873600,0,0,0,0,QC_STAT_ONLY,0.6360000371932983,"Per-file exact median; no QI threshold, filtering, or model input.",0.07249700000102166,False
2020\imerg_20200321.nc,imerg_20200321.nc,OK,,0.0,1.0,0.18800000846385956,0.9260000586509705,0.6324785922731413,873600,873600,0,0,0,0,QC_STAT_ONLY,0.6380000114440918,"Per-file exact median; no QI threshold, filtering, or model input.",0.07046059999993304,False
2020\imerg_20200322.nc,imerg_20200322.nc,OK,,0.0,1.0,0.18200001120567322,0.8720000386238098,0.6301567276776342,873600,873600,0,0,0,0,QC_STAT_ONLY,0.6380000114440918,"Per-file exact median; no QI threshold, filtering, or model input.",0.06914959999994608,False
2020\imerg_20200323.nc,imerg_20200323.nc,OK,,0.0,1.0,0.1810000091791153,0.9190000295639038,0.6354378089552657,873600,873600,0,0,0,0,QC_STAT_ONLY,0.6380000114440918,"Per-file exact median; no QI threshold, filtering, or model input.",0.06870840000192402,False
2020\imerg_20200324.nc,imerg_20200324.nc,OK,,0.0,1.0,0.18800000846385956,0.8720000386238098,0.6327069265222784,873600,873600,0,0,0,0,QC_STAT_ONLY,0.64000004529953,"Per-file exact median; no QI threshold, filtering, or model input.",0.07198259999859147,False
2020\imerg_20200325.nc,imerg_20200325.nc,OK,,0.0,1.0,0.1810000091791153,0.9190000295639038,0.6397293089194421,873600,873600,0,0,0,0,QC_STAT_ONLY,0.6390000581741333,"Per-file exact median; no QI threshold, filtering, or model input.",0.06822079999983544,False
2020\imerg_20200326.nc,imerg_20200326.nc,OK,,0.0,1.0,0.18800000846385956,0.9230000376701355,0.6206006291260834,873600,873600,0,0,0,0,QC_STAT_ONLY,0.6370000243186951,"Per-file exact median; no QI threshold, filtering, or model input.",0.06443420000141487,False
2020\imerg_20200327.nc,imerg_20200327.nc,OK,,0.0,1.0,0.1810000091791153,0.9230000376701355,0.6524015108293141,873600,873600,0,0,0,0,QC_STAT_ONLY,0.6480000019073486,"Per-file exact median; no QI threshold, filtering, or model input.",0.06699640000442741,False
2020\imerg_20200328.nc,imerg_20200328.nc,OK,,0.0,1.0,0.1810000091791153,0.862000048160553,0.6126348937471182,873600,873600,0,0,0,0,QC_STAT_ONLY,0.6200000047683716,"Per-file exact median; no QI threshold, filtering, or model input.",0.06710900000325637,False
2020\imerg_20200329.nc,imerg_20200329.nc,OK,,0.0,1.0,0.1850000023841858,0.9130000472068787,0.635003383196174,873600,873600,0,0,0,0,QC_STAT_ONLY,0.6360000371932983,"Per-file exact median; no QI threshold, filtering, or model input.",0.06519069999922067,False
2020\imerg_20200330.nc,imerg_20200330.nc,OK,,0.0,1.0,0.19200000166893005,0.8790000677108765,0.6246719350543166,873600,873600,0,0,0,0,QC_STAT_ONLY,0.625,"Per-file exact median; no QI threshold, filtering, or model input.",0.06510779999371152,False
2020\imerg_20200331.nc,imerg_20200331.nc,OK,,0.0,1.0,0.19200000166893005,0.9170000553131104,0.6231986086904464,873600,873600,0,0,0,0,QC_STAT_ONLY,0.6360000371932983,"Per-file exact median; no QI threshold, filtering, or model input.",0.06883390000439249,False
2020\imerg_20200401.nc,imerg_20200401.nc,OK,,0.0,1.0,0.16900001466274261,0.9040000438690186,0.5857832933836975,873600,873600,0,0,0,0,QC_STAT_ONLY,0.593000054359436,"Per-file exact median; no QI threshold, filtering, or model input.",0.06729220000124769,False
2020\imerg_20200402.nc,imerg_20200402.nc,OK,,0.0,1.0,0.16900001466274261,0.8630000352859497,0.5977229611647755,873600,873600,0,0,0,0,QC_STAT_ONLY,0.5980000495910645,"Per-file exact median; no QI threshold, filtering, or model input.",0.06847399999969639,False
2020\imerg_20200403.nc,imerg_20200403.nc,OK,,0.0,1.0,0.1770000010728836,0.9280000329017639,0.5936828110077429,873600,873600,0,0,0,0,QC_STAT_ONLY,0.593000054359436,"Per-file exact median; no QI threshold, filtering, or model input.",0.06727420000243,False
2020\imerg_20200404.nc,imerg_20200404.nc,OK,,0.0,1.0,0.16900001466274261,0.8830000162124634,0.5944400873324142,873600,873600,0,0,0,0,QC_STAT_ONLY,0.5910000205039978,"Per-file exact median; no QI threshold, filtering, or model input.",0.06880980000278214,False
2020\imerg_20200405.nc,imerg_20200405.nc,OK,,0.0,1.0,0.16900001466274261,0.8830000162124634,0.5855781801723646,873600,873600,0,0,0,0,QC_STAT_ONLY,0.578000009059906,"Per-file exact median; no QI threshold, filtering, or model input.",0.06974459999764804,False
2020\imerg_20200406.nc,imerg_20200406.nc,OK,,0.0,1.0,0.16900001466274261,0.9230000376701355,0.56946595405457,873600,873600,0,0,0,0,QC_STAT_ONLY,0.5550000071525574,"Per-file exact median; no QI threshold, filtering, or model input.",0.06927300000097603,False
2020\imerg_20200407.nc,imerg_20200407.nc,OK,,0.0,1.0,0.16900001466274261,0.8830000162124634,0.5674289845602225,873600,873600,0,0,0,0,QC_STAT_ONLY,0.5580000281333923,"Per-file exact median; no QI threshold, filtering, or model input.",0.07576949999929639,False
2020\imerg_20200408.nc,imerg_20200408.nc,OK,,0.0,1.0,0.16900001466274261,0.9170000553131104,0.5759518977464945,873600,873600,0,0,0,0,QC_STAT_ONLY,0.5790000557899475,"Per-file exact median; no QI threshold, filtering, or model input.",0.07232579999981681,False
2020\imerg_20200409.nc,imerg_20200409.nc,OK,,0.0,1.0,0.17900000512599945,0.831000030040741,0.5778649270167103,873600,873600,0,0,0,0,QC_STAT_ONLY,0.5730000138282776,"Per-file exact median; no QI threshold, filtering, or model input.",0.06935759999760194,False
2020\imerg_20200410.nc,imerg_20200410.nc,OK,,0.0,1.0,0.17900000512599945,0.8660000562667847,0.6004650118816883,873600,873600,0,0,0,0,QC_STAT_ONLY,0.5980000495910645,"Per-file exact median; no QI threshold, filtering, or model input.",0.07033140000567073,False
2020\imerg_20200411.nc,imerg_20200411.nc,OK,,0.0,1.0,0.16900001466274261,0.9030000567436218,0.5874836888326667,873600,873600,0,0,0,0,QC_STAT_ONLY,0.5850000381469727,"Per-file exact median; no QI threshold, filtering, or model input.",0.07682950000162236,False
2020\imerg_20200412.nc,imerg_20200412.nc,OK,,0.0,1.0,0.16900001466274261,0.8830000162124634,0.5973208133178344,873600,873600,0,0,0,0,QC_STAT_ONLY,0.5910000205039978,"Per-file exact median; no QI threshold, filtering, or model input.",0.07173020000482211,False
2020\imerg_20200413.nc,imerg_20200413.nc,OK,,0.0,1.0,0.16900001466274261,0.8830000162124634,0.5865294748574372,873600,873600,0,0,0,0,QC_STAT_ONLY,0.5730000138282776,"Per-file exact median; no QI threshold, filtering, or model input.",0.06980859999748645,False
2020\imerg_20200414.nc,imerg_20200414.nc,OK,,0.0,1.0,0.16900001466274261,0.9030000567436218,0.5694709808393399,873600,873600,0,0,0,0,QC_STAT_ONLY,0.5550000071525574,"Per-file exact median; no QI threshold, filtering, or model input.",0.06631210000341525,False
2020\imerg_20200415.nc,imerg_20200415.nc,OK,,0.0,1.0,0.16900001466274261,0.8830000162124634,0.5641003535636752,873600,873600,0,0,0,0,QC_STAT_ONLY,0.5570000410079956,"Per-file exact median; no QI threshold, filtering, or model input.",0.06775909999851137,False
2020\imerg_20200416.nc,imerg_20200416.nc,OK,,0.0,1.0,0.16900001466274261,0.9130000472068787,0.5782332997702594,873600,873600,0,0,0,0,QC_STAT_ONLY,0.5770000219345093,"Per-file exact median; no QI threshold, filtering, or model input.",0.06691419999697246,False
2020\imerg_20200417.nc,imerg_20200417.nc,OK,,0.0,1.0,0.17900000512599945,0.8800000548362732,0.5816810058191207,873600,873600,0,0,0,0,QC_STAT_ONLY,0.5740000009536743,"Per-file exact median; no QI threshold, filtering, or model input.",0.06824219999543857,False
2020\imerg_20200418.nc,imerg_20200418.nc,OK,,0.0,1.0,0.1770000010728836,0.8660000562667847,0.5964947884823213,873600,873600,0,0,0,0,QC_STAT_ONLY,0.5910000205039978,"Per-file exact median; no QI threshold, filtering, or model input.",0.06901749999815365,False
2020\imerg_20200419.nc,imerg_20200419.nc,OK,,0.0,1.0,0.1770000010728836,0.9030000567436218,0.5962279362034653,873600,873600,0,0,0,0,QC_STAT_ONLY,0.5790000557899475,"Per-file exact median; no QI threshold, filtering, or model input.",0.06604589999915333,False
2020\imerg_20200420.nc,imerg_20200420.nc,OK,,0.0,1.0,0.16900001466274261,0.8860000371932983,0.5844427310860965,873600,873600,0,0,0,0,QC_STAT_ONLY,0.578000009059906,"Per-file exact median; no QI threshold, filtering, or model input.",0.06648100000165869,False
2020\imerg_20200421.nc,imerg_20200421.nc,OK,,0.0,1.0,0.16900001466274261,0.9030000567436218,0.5856917065540465,873600,873600,0,0,0,0,QC_STAT_ONLY,0.5740000009536743,"Per-file exact median; no QI threshold, filtering, or model input.",0.06800230000226293,False
2020\imerg_20200422.nc,imerg_20200422.nc,OK,,0.0,1.0,0.16900001466274261,0.9130000472068787,0.5735425520218882,873600,873600,0,0,0,0,QC_STAT_ONLY,0.5580000281333923,"Per-file exact median; no QI threshold, filtering, or model input.",0.07209200000215787,False
2020\imerg_20200423.nc,imerg_20200423.nc,OK,,0.0,1.0,0.16900001466274261,0.9130000472068787,0.581408494319835,873600,873600,0,0,0,0,QC_STAT_ONLY,0.5710000395774841,"Per-file exact median; no QI threshold, filtering, or model input.",0.07357919999776641,False
2020\imerg_20200424.nc,imerg_20200424.nc,OK,,0.0,1.0,0.1770000010728836,0.9170000553131104,0.5890761007139828,873600,873600,0,0,0,0,QC_STAT_ONLY,0.5910000205039978,"Per-file exact median; no QI threshold, filtering, or model input.",0.07298670000454877,False
2020\imerg_20200425.nc,imerg_20200425.nc,OK,,0.0,1.0,0.1770000010728836,0.9130000472068787,0.5792781982142069,873600,873600,0,0,0,0,QC_STAT_ONLY,0.5750000476837158,"Per-file exact median; no QI threshold, filtering, or model input.",0.07279019999987213,False
2020\imerg_20200426.nc,imerg_20200426.nc,OK,,0.0,1.0,0.17900000512599945,0.8710000514984131,0.5902576889137604,873600,873600,0,0,0,0,QC_STAT_ONLY,0.5910000205039978,"Per-file exact median; no QI threshold, filtering, or model input.",0.07327570000052219,False
2020\imerg_20200427.nc,imerg_20200427.nc,OK,,0.0,1.0,0.16900001466274261,0.906000018119812,0.5839718120544808,873600,873600,0,0,0,0,QC_STAT_ONLY,0.5740000009536743,"Per-file exact median; no QI threshold, filtering, or model input.",0.07018979999702424,False
2020\imerg_20200428.nc,imerg_20200428.nc,OK,,0.0,1.0,0.16900001466274261,0.8890000581741333,0.5892623600815405,873600,873600,0,0,0,0,QC_STAT_ONLY,0.578000009059906,"Per-file exact median; no QI threshold, filtering, or model input.",0.06912230000307318,False
2020\imerg_20200429.nc,imerg_20200429.nc,OK,,0.0,1.0,0.16900001466274261,0.9030000567436218,0.5870271313261589,873600,873600,0,0,0,0,QC_STAT_ONLY,0.5730000138282776,"Per-file exact median; no QI threshold, filtering, or model input.",0.07210230000055162,False
2020\imerg_20200430.nc,imerg_20200430.nc,OK,,0.0,1.0,0.16900001466274261,0.906000018119812,0.5762720195601964,873600,873600,0,0,0,0,QC_STAT_ONLY,0.5710000395774841,"Per-file exact median; no QI threshold, filtering, or model input.",0.07427380000444828,False
2020\imerg_20200501.nc,imerg_20200501.nc,OK,,0.0,1.0,0.14300000667572021,0.9080000519752502,0.5411071119318638,873600,873600,0,0,0,0,QC_STAT_ONLY,0.5390000343322754,"Per-file exact median; no QI threshold, filtering, or model input.",0.06773840000096243,False
2020\imerg_20200502.nc,imerg_20200502.nc,OK,,0.0,1.0,0.14300000667572021,0.9390000700950623,0.5348217142773656,873600,873600,0,0,0,0,QC_STAT_ONLY,0.527999997138977,"Per-file exact median; no QI threshold, filtering, or model input.",0.07050609999714652,False
2020\imerg_20200503.nc,imerg_20200503.nc,OK,,0.0,1.0,0.14300000667572021,0.9080000519752502,0.5382261903601402,873600,873600,0,0,0,0,QC_STAT_ONLY,0.5190000534057617,"Per-file exact median; no QI threshold, filtering, or model input.",0.07192789999680826,False
2020\imerg_20200504.nc,imerg_20200504.nc,OK,,0.0,1.0,0.14900000393390656,0.8950000405311584,0.5455688889885505,873600,873600,0,0,0,0,QC_STAT_ONLY,0.5370000004768372,"Per-file exact median; no QI threshold, filtering, or model input.",0.06767730000137817,False
2020\imerg_20200505.nc,imerg_20200505.nc,OK,,0.0,1.0,0.14800000190734863,0.906000018119812,0.5435905435138925,873600,873600,0,0,0,0,QC_STAT_ONLY,0.5220000147819519,"Per-file exact median; no QI threshold, filtering, or model input.",0.06633900000451831,False
2020\imerg_20200506.nc,imerg_20200506.nc,OK,,0.0,1.0,0.16300000250339508,0.9040000438690186,0.5408105918625711,873600,873600,0,0,0,0,QC_STAT_ONLY,0.5220000147819519,"Per-file exact median; no QI threshold, filtering, or model input.",0.06823089999670628,False
2020\imerg_20200507.nc,imerg_20200507.nc,OK,,0.0,1.0,0.14300000667572021,0.9390000700950623,0.549170707645519,873600,873600,0,0,0,0,QC_STAT_ONLY,0.527999997138977,"Per-file exact median; no QI threshold, filtering, or model input.",0.06560449999960838,False
2020\imerg_20200508.nc,imerg_20200508.nc,OK,,0.0,1.0,0.14900000393390656,0.906000018119812,0.5418804991281773,873600,873600,0,0,0,0,QC_STAT_ONLY,0.527999997138977,"Per-file exact median; no QI threshold, filtering, or model input.",0.06560500000341563,False
2020\imerg_20200509.nc,imerg_20200509.nc,OK,,0.0,1.0,0.14300000667572021,0.9390000700950623,0.5493265145734778,873600,873600,0,0,0,0,QC_STAT_ONLY,0.5430000424385071,"Per-file exact median; no QI threshold, filtering, or model input.",0.06586039999820059,False
2020\imerg_20200510.nc,imerg_20200510.nc,OK,,0.0,1.0,0.14300000667572021,0.9390000700950623,0.5456264250469991,873600,873600,0,0,0,0,QC_STAT_ONLY,0.531000018119812,"Per-file exact median; no QI threshold, filtering, or model input.",0.06662040000082925,False
2020\imerg_20200511.nc,imerg_20200511.nc,OK,,0.0,1.0,0.14900000393390656,0.9080000519752502,0.5476565051944278,873600,873600,0,0,0,0,QC_STAT_ONLY,0.5390000343322754,"Per-file exact median; no QI threshold, filtering, or model input.",0.07039050000457792,False
2020\imerg_20200512.nc,imerg_20200512.nc,OK,,0.0,1.0,0.14600001275539398,0.9320000410079956,0.5446615196155016,873600,873600,0,0,0,0,QC_STAT_ONLY,0.527999997138977,"Per-file exact median; no QI threshold, filtering, or model input.",0.06817080000473652,False
2020\imerg_20200513.nc,imerg_20200513.nc,OK,,0.0,1.0,0.14300000667572021,0.9020000696182251,0.5146720439256015,873600,873600,0,0,0,0,QC_STAT_ONLY,0.5100000500679016,"Per-file exact median; no QI threshold, filtering, or model input.",0.06884120000177063,False
2020\imerg_20200514.nc,imerg_20200514.nc,OK,,0.0,1.0,0.16300000250339508,0.9390000700950623,0.5589210366460942,873600,873600,0,0,0,0,QC_STAT_ONLY,0.5430000424385071,"Per-file exact median; no QI threshold, filtering, or model input.",0.06553589999384712,False
2020\imerg_20200515.nc,imerg_20200515.nc,OK,,0.0,1.0,0.14300000667572021,0.9320000410079956,0.5580886766042104,873600,873600,0,0,0,0,QC_STAT_ONLY,0.5410000085830688,"Per-file exact median; no QI threshold, filtering, or model input.",0.07004569999844534,False
2020\imerg_20200516.nc,imerg_20200516.nc,OK,,0.0,1.0,0.14900000393390656,0.9010000228881836,0.5500535712730917,873600,873600,0,0,0,0,QC_STAT_ONLY,0.5330000519752502,"Per-file exact median; no QI threshold, filtering, or model input.",0.07113140000001295,False
2020\imerg_20200517.nc,imerg_20200517.nc,OK,,0.0,1.0,0.14300000667572021,0.9080000519752502,0.5461301533176287,873600,873600,0,0,0,0,QC_STAT_ONLY,0.5410000085830688,"Per-file exact median; no QI threshold, filtering, or model input.",0.06837549999909243,False
2020\imerg_20200518.nc,imerg_20200518.nc,OK,,0.0,1.0,0.14300000667572021,0.9160000681877136,0.5429091649985234,873600,873600,0,0,0,0,QC_STAT_ONLY,0.5330000519752502,"Per-file exact median; no QI threshold, filtering, or model input.",0.06999900000664638,False
2020\imerg_20200519.nc,imerg_20200519.nc,OK,,0.0,1.0,0.14300000667572021,0.9080000519752502,0.5428716652694878,873600,873600,0,0,0,0,QC_STAT_ONLY,0.5250000357627869,"Per-file exact median; no QI threshold, filtering, or model input.",0.07262690000061411,False
2020\imerg_20200520.nc,imerg_20200520.nc,OK,,0.0,1.0,0.14900000393390656,0.9390000700950623,0.5358330430478478,873600,873600,0,0,0,0,QC_STAT_ONLY,0.5190000534057617,"Per-file exact median; no QI threshold, filtering, or model input.",0.07088150000345195,False
2020\imerg_20200521.nc,imerg_20200521.nc,OK,,0.0,1.0,0.14900000393390656,0.9000000357627869,0.5383752440073742,873600,873600,0,0,0,0,QC_STAT_ONLY,0.5220000147819519,"Per-file exact median; no QI threshold, filtering, or model input.",0.06943950000277255,False
2020\imerg_20200522.nc,imerg_20200522.nc,OK,,0.0,1.0,0.16900001466274261,0.9390000700950623,0.5499429751980893,873600,873600,0,0,0,0,QC_STAT_ONLY,0.5390000343322754,"Per-file exact median; no QI threshold, filtering, or model input.",0.06865210000250954,False
2020\imerg_20200523.nc,imerg_20200523.nc,OK,,0.0,1.0,0.14900000393390656,0.9320000410079956,0.5613631374524538,873600,873600,0,0,0,0,QC_STAT_ONLY,0.5470000505447388,"Per-file exact median; no QI threshold, filtering, or model input.",0.06543339999916498,False
2020\imerg_20200524.nc,imerg_20200524.nc,OK,,0.0,1.0,0.14300000667572021,0.9390000700950623,0.5580781431891187,873600,873600,0,0,0,0,QC_STAT_ONLY,0.5540000200271606,"Per-file exact median; no QI threshold, filtering, or model input.",0.07159329999558395,False
2020\imerg_20200525.nc,imerg_20200525.nc,OK,,0.0,1.0,0.14300000667572021,0.9080000519752502,0.5640355016979911,873600,873600,0,0,0,0,QC_STAT_ONLY,0.5610000491142273,"Per-file exact median; no QI threshold, filtering, or model input.",0.09902680000232067,False
2020\imerg_20200526.nc,imerg_20200526.nc,OK,,0.0,1.0,0.14300000667572021,0.9080000519752502,0.5449439145454578,873600,873600,0,0,0,0,QC_STAT_ONLY,0.5370000004768372,"Per-file exact median; no QI threshold, filtering, or model input.",0.07980140000290703,False
2020\imerg_20200527.nc,imerg_20200527.nc,OK,,0.0,1.0,0.14600001275539398,0.9080000519752502,0.5339719197348497,873600,873600,0,0,0,0,QC_STAT_ONLY,0.527999997138977,"Per-file exact median; no QI threshold, filtering, or model input.",0.11363490000076126,False
2020\imerg_20200528.nc,imerg_20200528.nc,OK,,0.0,1.0,0.14300000667572021,0.8690000176429749,0.534489216467062,873600,873600,0,0,0,0,QC_STAT_ONLY,0.527999997138977,"Per-file exact median; no QI threshold, filtering, or model input.",0.09035109999967972,False
2020\imerg_20200529.nc,imerg_20200529.nc,OK,,0.0,1.0,0.14300000667572021,0.9000000357627869,0.5318802677229176,873600,873600,0,0,0,0,QC_STAT_ONLY,0.5139999985694885,"Per-file exact median; no QI threshold, filtering, or model input.",0.07061319999775151,False
2020\imerg_20200530.nc,imerg_20200530.nc,OK,,0.0,1.0,0.14900000393390656,0.9320000410079956,0.5592795730946456,873600,873600,0,0,0,0,QC_STAT_ONLY,0.5470000505447388,"Per-file exact median; no QI threshold, filtering, or model input.",0.07133220000105212,False
2020\imerg_20200531.nc,imerg_20200531.nc,OK,,0.0,1.0,0.14300000667572021,0.9160000681877136,0.567942427986049,873600,873600,0,0,0,0,QC_STAT_ONLY,0.5560000538825989,"Per-file exact median; no QI threshold, filtering, or model input.",0.07270730000163894,False
2020\imerg_20200601.nc,imerg_20200601.nc,OK,,0.0,1.0,0.14600001275539398,0.8850000500679016,0.5527480587783191,873600,873600,0,0,0,0,QC_STAT_ONLY,0.5330000519752502,"Per-file exact median; no QI threshold, filtering, or model input.",0.07348450000426965,False
2020\imerg_20200602.nc,imerg_20200602.nc,OK,,0.0,1.0,0.14500001072883606,0.9030000567436218,0.5453329685941379,873600,873600,0,0,0,0,QC_STAT_ONLY,0.5410000085830688,"Per-file exact median; no QI threshold, filtering, or model input.",0.0701171999971848,False
2020\imerg_20200603.nc,imerg_20200603.nc,OK,,0.0,1.0,0.14500001072883606,0.8950000405311584,0.5334177298955415,873600,873600,0,0,0,0,QC_STAT_ONLY,0.5200000405311584,"Per-file exact median; no QI threshold, filtering, or model input.",0.06999419999920065,False
2020\imerg_20200604.nc,imerg_20200604.nc,OK,,0.0,1.0,0.14500001072883606,0.9030000567436218,0.5240919412202594,873600,873600,0,0,0,0,QC_STAT_ONLY,0.5070000290870667,"Per-file exact median; no QI threshold, filtering, or model input.",0.07586639999499312,False
2020\imerg_20200605.nc,imerg_20200605.nc,OK,,0.0,1.0,0.15000000596046448,0.8640000224113464,0.5302002582632538,873600,873600,0,0,0,0,QC_STAT_ONLY,0.5139999985694885,"Per-file exact median; no QI threshold, filtering, or model input.",0.07187269999849377,False
2020\imerg_20200606.nc,imerg_20200606.nc,OK,,0.0,1.0,0.14500001072883606,0.9040000438690186,0.5328408386548913,873600,873600,0,0,0,0,QC_STAT_ONLY,0.5130000114440918,"Per-file exact median; no QI threshold, filtering, or model input.",0.06807720000506379,False
2020\imerg_20200607.nc,imerg_20200607.nc,OK,,0.0,1.0,0.16300000250339508,0.9360000491142273,0.540953509274106,873600,873600,0,0,0,0,QC_STAT_ONLY,0.5270000100135803,"Per-file exact median; no QI threshold, filtering, or model input.",0.06896219999907771,False
2020\imerg_20200608.nc,imerg_20200608.nc,OK,,0.0,1.0,0.15000000596046448,0.9360000491142273,0.5560618108840516,873600,873600,0,0,0,0,QC_STAT_ONLY,0.5330000519752502,"Per-file exact median; no QI threshold, filtering, or model input.",0.06817289999889908,False
2020\imerg_20200609.nc,imerg_20200609.nc,OK,,0.0,1.0,0.14600001275539398,0.8950000405311584,0.56170868390279,873600,873600,0,0,0,0,QC_STAT_ONLY,0.5480000376701355,"Per-file exact median; no QI threshold, filtering, or model input.",0.07333450000442099,False
2020\imerg_20200610.nc,imerg_20200610.nc,OK,,0.0,1.0,0.14600001275539398,0.9250000715255737,0.5594208637884589,873600,873600,0,0,0,0,QC_STAT_ONLY,0.5410000085830688,"Per-file exact median; no QI threshold, filtering, or model input.",0.07090020000032382,False
2020\imerg_20200611.nc,imerg_20200611.nc,OK,,0.0,1.0,0.15700000524520874,0.8950000405311584,0.5512939152324354,873600,873600,0,0,0,0,QC_STAT_ONLY,0.5250000357627869,"Per-file exact median; no QI threshold, filtering, or model input.",0.06752160000178264,False
2020\imerg_20200612.nc,imerg_20200612.nc,OK,,0.0,1.0,0.15700000524520874,0.9020000696182251,0.533947847277888,873600,873600,0,0,0,0,QC_STAT_ONLY,0.5160000324249268,"Per-file exact median; no QI threshold, filtering, or model input.",0.0684834999992745,False
2020\imerg_20200613.nc,imerg_20200613.nc,OK,,0.0,1.0,0.14500001072883606,0.9360000491142273,0.5312439258472189,873600,873600,0,0,0,0,QC_STAT_ONLY,0.5100000500679016,"Per-file exact median; no QI threshold, filtering, or model input.",0.07114089999959106,False
2020\imerg_20200614.nc,imerg_20200614.nc,OK,,0.0,1.0,0.15700000524520874,0.921000063419342,0.5318211786562045,873600,873600,0,0,0,0,QC_STAT_ONLY,0.5170000195503235,"Per-file exact median; no QI threshold, filtering, or model input.",0.06955049999669427,False
2020\imerg_20200615.nc,imerg_20200615.nc,OK,,0.0,1.0,0.16300000250339508,0.9250000715255737,0.5544785318988453,873600,873600,0,0,0,0,QC_STAT_ONLY,0.5320000052452087,"Per-file exact median; no QI threshold, filtering, or model input.",0.06770770000002813,False
2020\imerg_20200616.nc,imerg_20200616.nc,OK,,0.0,1.0,0.16300000250339508,0.921000063419342,0.565150100884519,873600,873600,0,0,0,0,QC_STAT_ONLY,0.5450000166893005,"Per-file exact median; no QI threshold, filtering, or model input.",0.06851190000452334,False
2020\imerg_20200617.nc,imerg_20200617.nc,OK,,0.0,1.0,0.15700000524520874,0.8850000500679016,0.5621950176072344,873600,873600,0,0,0,0,QC_STAT_ONLY,0.5380000472068787,"Per-file exact median; no QI threshold, filtering, or model input.",0.0694939000022714,False
2020\imerg_20200618.nc,imerg_20200618.nc,OK,,0.0,1.0,0.14600001275539398,0.921000063419342,0.5512405870552601,873600,873600,0,0,0,0,QC_STAT_ONLY,0.5330000519752502,"Per-file exact median; no QI threshold, filtering, or model input.",0.06744769999932032,False
2020\imerg_20200619.nc,imerg_20200619.nc,OK,,0.0,1.0,0.14500001072883606,0.921000063419342,0.5421597217213902,873600,873600,0,0,0,0,QC_STAT_ONLY,0.5190000534057617,"Per-file exact median; no QI threshold, filtering, or model input.",0.07194429999799468,False
2020\imerg_20200620.nc,imerg_20200620.nc,OK,,0.0,1.0,0.14500001072883606,0.9030000567436218,0.5344264940960817,873600,873600,0,0,0,0,QC_STAT_ONLY,0.5160000324249268,"Per-file exact median; no QI threshold, filtering, or model input.",0.07102410000516102,False
2020\imerg_20200621.nc,imerg_20200621.nc,OK,,0.0,1.0,0.15700000524520874,0.8870000243186951,0.5265702629139845,873600,873600,0,0,0,0,QC_STAT_ONLY,0.5139999985694885,"Per-file exact median; no QI threshold, filtering, or model input.",0.0657920000012382,False
2020\imerg_20200622.nc,imerg_20200622.nc,OK,,0.0,1.0,0.15700000524520874,0.9250000715255737,0.5373051028541416,873600,873600,0,0,0,0,QC_STAT_ONLY,0.5200000405311584,"Per-file exact median; no QI threshold, filtering, or model input.",0.06915070000104606,False
2020\imerg_20200623.nc,imerg_20200623.nc,OK,,0.0,1.0,0.16300000250339508,0.9110000729560852,0.5405137895088431,873600,873600,0,0,0,0,QC_STAT_ONLY,0.5230000019073486,"Per-file exact median; no QI threshold, filtering, or model input.",0.07431570000335341,False
2020\imerg_20200624.nc,imerg_20200624.nc,OK,,0.0,1.0,0.15000000596046448,0.9010000228881836,0.5610768654179715,873600,873600,0,0,0,0,QC_STAT_ONLY,0.5460000038146973,"Per-file exact median; no QI threshold, filtering, or model input.",0.06705630000215024,False
2020\imerg_20200625.nc,imerg_20200625.nc,OK,,0.0,1.0,0.14500001072883606,0.9080000519752502,0.5507166169012723,873600,873600,0,0,0,0,QC_STAT_ONLY,0.531000018119812,"Per-file exact median; no QI threshold, filtering, or model input.",0.06933940000453731,False
2020\imerg_20200626.nc,imerg_20200626.nc,OK,,0.0,1.0,0.15000000596046448,0.9020000696182251,0.5634153336102157,873600,873600,0,0,0,0,QC_STAT_ONLY,0.5350000262260437,"Per-file exact median; no QI threshold, filtering, or model input.",0.06793889999971725,False
2020\imerg_20200627.nc,imerg_20200627.nc,OK,,0.0,1.0,0.14500001072883606,0.8950000405311584,0.5489740320214586,873600,873600,0,0,0,0,QC_STAT_ONLY,0.5250000357627869,"Per-file exact median; no QI threshold, filtering, or model input.",0.06820450000668643,False
2020\imerg_20200628.nc,imerg_20200628.nc,OK,,0.0,1.0,0.15700000524520874,0.9110000729560852,0.5353531631413205,873600,873600,0,0,0,0,QC_STAT_ONLY,0.5160000324249268,"Per-file exact median; no QI threshold, filtering, or model input.",0.06723410000267904,False
2020\imerg_20200629.nc,imerg_20200629.nc,OK,,0.0,1.0,0.15000000596046448,0.8800000548362732,0.5308255545983275,873600,873600,0,0,0,0,QC_STAT_ONLY,0.5130000114440918,"Per-file exact median; no QI threshold, filtering, or model input.",0.06618720000551548,False
2020\imerg_20200630.nc,imerg_20200630.nc,OK,,0.0,1.0,0.15700000524520874,0.9000000357627869,0.5331707130316576,873600,873600,0,0,0,0,QC_STAT_ONLY,0.5160000324249268,"Per-file exact median; no QI threshold, filtering, or model input.",0.06985510000231443,False
2020\imerg_20200701.nc,imerg_20200701.nc,OK,,0.0,1.0,0.15800000727176666,0.8990000486373901,0.5609799193910361,873600,873600,0,0,0,0,QC_STAT_ONLY,0.5230000019073486,"Per-file exact median; no QI threshold, filtering, or model input.",0.06997080000292044,False
2020\imerg_20200702.nc,imerg_20200702.nc,OK,,0.0,1.0,0.15800000727176666,0.8810000419616699,0.5736446411708616,873600,873600,0,0,0,0,QC_STAT_ONLY,0.5420000553131104,"Per-file exact median; no QI threshold, filtering, or model input.",0.06926740000199061,False
2020\imerg_20200703.nc,imerg_20200703.nc,OK,,0.0,1.0,0.15800000727176666,0.8810000419616699,0.5651281614711802,873600,873600,0,0,0,0,QC_STAT_ONLY,0.534000039100647,"Per-file exact median; no QI threshold, filtering, or model input.",0.07012310000573052,False
2020\imerg_20200704.nc,imerg_20200704.nc,OK,,0.0,1.0,0.15200001001358032,0.8660000562667847,0.5520483251746007,873600,873600,0,0,0,0,QC_STAT_ONLY,0.5160000324249268,"Per-file exact median; no QI threshold, filtering, or model input.",0.06979599999613129,False
2020\imerg_20200705.nc,imerg_20200705.nc,OK,,0.0,1.0,0.15200001001358032,0.8800000548362732,0.5455095250222443,873600,873600,0,0,0,0,QC_STAT_ONLY,0.5100000500679016,"Per-file exact median; no QI threshold, filtering, or model input.",0.06798669999989215,False
2020\imerg_20200706.nc,imerg_20200706.nc,OK,,0.0,1.0,0.14900000393390656,0.9040000438690186,0.5355184181387308,873600,873600,0,0,0,0,QC_STAT_ONLY,0.5049999952316284,"Per-file exact median; no QI threshold, filtering, or model input.",0.06866609999997308,False
2020\imerg_20200707.nc,imerg_20200707.nc,OK,,0.0,1.0,0.14900000393390656,0.8580000400543213,0.5331419170682827,873600,873600,0,0,0,0,QC_STAT_ONLY,0.5049999952316284,"Per-file exact median; no QI threshold, filtering, or model input.",0.06770240000332706,False
2020\imerg_20200708.nc,imerg_20200708.nc,OK,,0.0,1.0,0.1550000011920929,0.8760000467300415,0.549252081233087,873600,873600,0,0,0,0,QC_STAT_ONLY,0.5180000066757202,"Per-file exact median; no QI threshold, filtering, or model input.",0.07506090000242693,False
2020\imerg_20200709.nc,imerg_20200709.nc,OK,,0.0,1.0,0.14900000393390656,0.8700000643730164,0.5237047249571875,873600,873600,0,0,0,0,QC_STAT_ONLY,0.503000020980835,"Per-file exact median; no QI threshold, filtering, or model input.",0.07432490000064718,False
2020\imerg_20200710.nc,imerg_20200710.nc,OK,,0.0,1.0,0.16200000047683716,0.8810000419616699,0.5669462966590083,873600,873600,0,0,0,0,QC_STAT_ONLY,0.5300000309944153,"Per-file exact median; no QI threshold, filtering, or model input.",0.07187040000280831,False
2020\imerg_20200711.nc,imerg_20200711.nc,OK,,0.0,1.0,0.14900000393390656,0.8870000243186951,0.5549886382945162,873600,873600,0,0,0,0,QC_STAT_ONLY,0.5220000147819519,"Per-file exact median; no QI threshold, filtering, or model input.",0.07551819999935105,False
2020\imerg_20200712.nc,imerg_20200712.nc,OK,,0.0,1.0,0.15200001001358032,0.8810000419616699,0.5369887178596757,873600,873600,0,0,0,0,QC_STAT_ONLY,0.5080000162124634,"Per-file exact median; no QI threshold, filtering, or model input.",0.07515750000311527,False
2020\imerg_20200713.nc,imerg_20200713.nc,OK,,0.0,1.0,0.14900000393390656,0.8880000710487366,0.552949992035577,873600,873600,0,0,0,0,QC_STAT_ONLY,0.5190000534057617,"Per-file exact median; no QI threshold, filtering, or model input.",0.06963289999839617,False
2020\imerg_20200714.nc,imerg_20200714.nc,OK,,0.0,1.0,0.15200001001358032,0.9040000438690186,0.5349978132234142,873600,873600,0,0,0,0,QC_STAT_ONLY,0.5080000162124634,"Per-file exact median; no QI threshold, filtering, or model input.",0.07148360000428511,False
2020\imerg_20200715.nc,imerg_20200715.nc,OK,,0.0,1.0,0.15200001001358032,0.8560000658035278,0.5225045179985396,873600,873600,0,0,0,0,QC_STAT_ONLY,0.49800002574920654,"Per-file exact median; no QI threshold, filtering, or model input.",0.0693117999981041,False
2020\imerg_20200716.nc,imerg_20200716.nc,OK,,0.0,1.0,0.15800000727176666,0.8560000658035278,0.5532475464702191,873600,873600,0,0,0,0,QC_STAT_ONLY,0.5230000019073486,"Per-file exact median; no QI threshold, filtering, or model input.",0.07098519999999553,False
2020\imerg_20200717.nc,imerg_20200717.nc,OK,,0.0,1.0,0.15800000727176666,0.9040000438690186,0.5628031903231557,873600,873600,0,0,0,0,QC_STAT_ONLY,0.5220000147819519,"Per-file exact median; no QI threshold, filtering, or model input.",0.07029920000059064,False
2020\imerg_20200718.nc,imerg_20200718.nc,OK,,0.0,1.0,0.15800000727176666,0.8810000419616699,0.5650468820032593,873600,873600,0,0,0,0,QC_STAT_ONLY,0.5370000004768372,"Per-file exact median; no QI threshold, filtering, or model input.",0.07233479999558767,False
2020\imerg_20200719.nc,imerg_20200719.nc,OK,,0.0,1.0,0.15800000727176666,0.9050000309944153,0.5526424657976111,873600,873600,0,0,0,0,QC_STAT_ONLY,0.5220000147819519,"Per-file exact median; no QI threshold, filtering, or model input.",0.07089210000413004,False
2020\imerg_20200720.nc,imerg_20200720.nc,OK,,0.0,1.0,0.14900000393390656,0.8880000710487366,0.5348415624283445,873600,873600,0,0,0,0,QC_STAT_ONLY,0.5090000033378601,"Per-file exact median; no QI threshold, filtering, or model input.",0.07242039999982808,False
2020\imerg_20200721.nc,imerg_20200721.nc,OK,,0.0,1.0,0.14900000393390656,0.9050000309944153,0.543692348517133,873600,873600,0,0,0,0,QC_STAT_ONLY,0.5160000324249268,"Per-file exact median; no QI threshold, filtering, or model input.",0.07095799999660812,False
2020\imerg_20200722.nc,imerg_20200722.nc,OK,,0.0,1.0,0.15200001001358032,0.8490000367164612,0.5408179099138164,873600,873600,0,0,0,0,QC_STAT_ONLY,0.5080000162124634,"Per-file exact median; no QI threshold, filtering, or model input.",0.06763959999807412,False
2020\imerg_20200723.nc,imerg_20200723.nc,OK,,0.0,1.0,0.14900000393390656,0.8660000562667847,0.5483572303137363,873600,873600,0,0,0,0,QC_STAT_ONLY,0.5160000324249268,"Per-file exact median; no QI threshold, filtering, or model input.",0.06609150000440422,False
2020\imerg_20200724.nc,imerg_20200724.nc,OK,,0.0,1.0,0.1550000011920929,0.8950000405311584,0.5466881350763892,873600,873600,0,0,0,0,QC_STAT_ONLY,0.5170000195503235,"Per-file exact median; no QI threshold, filtering, or model input.",0.0665999999982887,False
2020\imerg_20200725.nc,imerg_20200725.nc,OK,,0.0,1.0,0.15200001001358032,0.8870000243186951,0.5464228368302868,873600,873600,0,0,0,0,QC_STAT_ONLY,0.5170000195503235,"Per-file exact median; no QI threshold, filtering, or model input.",0.06939720000082161,False
2020\imerg_20200726.nc,imerg_20200726.nc,OK,,0.0,1.0,0.15800000727176666,0.9300000667572021,0.5679271692119798,873600,873600,0,0,0,0,QC_STAT_ONLY,0.5230000019073486,"Per-file exact median; no QI threshold, filtering, or model input.",0.07049810000171419,False
2020\imerg_20200727.nc,imerg_20200727.nc,OK,,0.0,1.0,0.14900000393390656,0.9300000667572021,0.5536321864410171,873600,873600,0,0,0,0,QC_STAT_ONLY,0.5220000147819519,"Per-file exact median; no QI threshold, filtering, or model input.",0.0743882999959169,False
2020\imerg_20200728.nc,imerg_20200728.nc,OK,,0.0,1.0,0.15200001001358032,0.8870000243186951,0.5533862068176085,873600,873600,0,0,0,0,QC_STAT_ONLY,0.5190000534057617,"Per-file exact median; no QI threshold, filtering, or model input.",0.06931469999835826,False
2020\imerg_20200729.nc,imerg_20200729.nc,OK,,0.0,1.0,0.15200001001358032,0.8880000710487366,0.5526441091488392,873600,873600,0,0,0,0,QC_STAT_ONLY,0.5210000276565552,"Per-file exact median; no QI threshold, filtering, or model input.",0.07027319999906467,False
2020\imerg_20200730.nc,imerg_20200730.nc,OK,,0.0,1.0,0.16200000047683716,0.9040000438690186,0.5457730219103123,873600,873600,0,0,0,0,QC_STAT_ONLY,0.5160000324249268,"Per-file exact median; no QI threshold, filtering, or model input.",0.07679510000161827,False
2020\imerg_20200731.nc,imerg_20200731.nc,OK,,0.0,1.0,0.15200001001358032,0.8460000157356262,0.5538504968870657,873600,873600,0,0,0,0,QC_STAT_ONLY,0.5260000228881836,"Per-file exact median; no QI threshold, filtering, or model input.",0.06790390000242041,False
2020\imerg_20200801.nc,imerg_20200801.nc,OK,,0.0,1.0,0.164000004529953,0.8790000677108765,0.5911720151623417,873600,873600,0,0,0,0,QC_STAT_ONLY,0.5560000538825989,"Per-file exact median; no QI threshold, filtering, or model input.",0.06800650000513997,False
2020\imerg_20200802.nc,imerg_20200802.nc,OK,,0.0,1.0,0.16200000047683716,0.8750000596046448,0.5929854859180762,873600,873600,0,0,0,0,QC_STAT_ONLY,0.5560000538825989,"Per-file exact median; no QI threshold, filtering, or model input.",0.06956799999898067,False
2020\imerg_20200803.nc,imerg_20200803.nc,OK,,0.0,1.0,0.164000004529953,0.8880000710487366,0.5983029361408129,873600,873600,0,0,0,0,QC_STAT_ONLY,0.5670000314712524,"Per-file exact median; no QI threshold, filtering, or model input.",0.06972110000060638,False
2020\imerg_20200804.nc,imerg_20200804.nc,OK,,0.0,1.0,0.1680000126361847,0.8880000710487366,0.5720795504085125,873600,873600,0,0,0,0,QC_STAT_ONLY,0.5430000424385071,"Per-file exact median; no QI threshold, filtering, or model input.",0.06880470000032801,False
2020\imerg_20200805.nc,imerg_20200805.nc,OK,,0.0,1.0,0.15400001406669617,0.8860000371932983,0.5617470754329934,873600,873600,0,0,0,0,QC_STAT_ONLY,0.5300000309944153,"Per-file exact median; no QI threshold, filtering, or model input.",0.08238330000312999,False
2020\imerg_20200806.nc,imerg_20200806.nc,OK,,0.0,1.0,0.15400001406669617,0.9030000567436218,0.5623538205692299,873600,873600,0,0,0,0,QC_STAT_ONLY,0.5320000052452087,"Per-file exact median; no QI threshold, filtering, or model input.",0.07526650000363588,False
2020\imerg_20200807.nc,imerg_20200807.nc,OK,,0.0,1.0,0.1550000011920929,0.8420000672340393,0.5770111121157963,873600,873600,0,0,0,0,QC_STAT_ONLY,0.5450000166893005,"Per-file exact median; no QI threshold, filtering, or model input.",0.07438209999963874,False
2020\imerg_20200808.nc,imerg_20200808.nc,OK,,0.0,1.0,0.17500001192092896,0.8280000686645508,0.589101549598385,873600,873600,0,0,0,0,QC_STAT_ONLY,0.5560000538825989,"Per-file exact median; no QI threshold, filtering, or model input.",0.07283650000317721,False
2020\imerg_20200809.nc,imerg_20200809.nc,OK,,0.0,1.0,0.1680000126361847,0.893000066280365,0.5972511458647823,873600,873600,0,0,0,0,QC_STAT_ONLY,0.5560000538825989,"Per-file exact median; no QI threshold, filtering, or model input.",0.07157410000218078,False
2020\imerg_20200810.nc,imerg_20200810.nc,OK,,0.0,1.0,0.15800000727176666,0.8790000677108765,0.5839104143066687,873600,873600,0,0,0,0,QC_STAT_ONLY,0.5560000538825989,"Per-file exact median; no QI threshold, filtering, or model input.",0.21721659999457188,False
2020\imerg_20200811.nc,imerg_20200811.nc,OK,,0.0,1.0,0.1550000011920929,0.8790000677108765,0.5874572330713101,873600,873600,0,0,0,0,QC_STAT_ONLY,0.5560000538825989,"Per-file exact median; no QI threshold, filtering, or model input.",0.1334199000048102,False
2020\imerg_20200812.nc,imerg_20200812.nc,OK,,0.0,1.0,0.1550000011920929,0.8860000371932983,0.5753051920091024,873600,873600,0,0,0,0,QC_STAT_ONLY,0.5450000166893005,"Per-file exact median; no QI threshold, filtering, or model input.",0.08482579999690643,False
2020\imerg_20200813.nc,imerg_20200813.nc,OK,,0.0,1.0,0.15400001406669617,0.8860000371932983,0.5694771953503646,873600,873600,0,0,0,0,QC_STAT_ONLY,0.5450000166893005,"Per-file exact median; no QI threshold, filtering, or model input.",0.07944270000007236,False
2020\imerg_20200814.nc,imerg_20200814.nc,OK,,0.0,1.0,0.15800000727176666,0.8860000371932983,0.5829605466427602,873600,873600,0,0,0,0,QC_STAT_ONLY,0.5560000538825989,"Per-file exact median; no QI threshold, filtering, or model input.",0.08011430000624387,False
2020\imerg_20200815.nc,imerg_20200815.nc,OK,,0.0,1.0,0.1680000126361847,0.8450000286102295,0.5786581473071435,873600,873600,0,0,0,0,QC_STAT_ONLY,0.5509999990463257,"Per-file exact median; no QI threshold, filtering, or model input.",0.08684780000476167,False
2020\imerg_20200816.nc,imerg_20200816.nc,OK,,0.0,1.0,0.1550000011920929,0.8820000290870667,0.59146275263556,873600,873600,0,0,0,0,QC_STAT_ONLY,0.5570000410079956,"Per-file exact median; no QI threshold, filtering, or model input.",0.07490069999767002,False
2020\imerg_20200817.nc,imerg_20200817.nc,OK,,0.0,1.0,0.1550000011920929,0.8410000205039978,0.5919647531350904,873600,873600,0,0,0,0,QC_STAT_ONLY,0.5570000410079956,"Per-file exact median; no QI threshold, filtering, or model input.",0.0762033999999403,False
2020\imerg_20200818.nc,imerg_20200818.nc,OK,,0.0,1.0,0.15400001406669617,0.8770000338554382,0.5891523353628056,873600,873600,0,0,0,0,QC_STAT_ONLY,0.5540000200271606,"Per-file exact median; no QI threshold, filtering, or model input.",0.07250919999933103,False
2020\imerg_20200819.nc,imerg_20200819.nc,OK,,0.0,1.0,0.15400001406669617,0.8790000677108765,0.5758858343762356,873600,873600,0,0,0,0,QC_STAT_ONLY,0.5380000472068787,"Per-file exact median; no QI threshold, filtering, or model input.",0.07073990000208141,False
2020\imerg_20200820.nc,imerg_20200820.nc,OK,,0.0,1.0,0.15400001406669617,0.9030000567436218,0.555827029394617,873600,873600,0,0,0,0,QC_STAT_ONLY,0.5210000276565552,"Per-file exact median; no QI threshold, filtering, or model input.",0.06888579999940703,False
2020\imerg_20200821.nc,imerg_20200821.nc,OK,,0.0,1.0,0.15400001406669617,0.8880000710487366,0.5520610832798912,873600,873600,0,0,0,0,QC_STAT_ONLY,0.5250000357627869,"Per-file exact median; no QI threshold, filtering, or model input.",0.06719089999387506,False
2020\imerg_20200822.nc,imerg_20200822.nc,OK,,0.0,1.0,0.15800000727176666,0.8470000624656677,0.5593847483745179,873600,873600,0,0,0,0,QC_STAT_ONLY,0.527999997138977,"Per-file exact median; no QI threshold, filtering, or model input.",0.06570089999877382,False
2020\imerg_20200823.nc,imerg_20200823.nc,OK,,0.0,1.0,0.1680000126361847,0.9010000228881836,0.5698373185474964,873600,873600,0,0,0,0,QC_STAT_ONLY,0.5400000214576721,"Per-file exact median; no QI threshold, filtering, or model input.",0.06834160000289558,False
2020\imerg_20200824.nc,imerg_20200824.nc,OK,,0.0,1.0,0.16200000047683716,0.8960000276565552,0.5825296792037267,873600,873600,0,0,0,0,QC_STAT_ONLY,0.5509999990463257,"Per-file exact median; no QI threshold, filtering, or model input.",0.0665690999958315,False
2020\imerg_20200825.nc,imerg_20200825.nc,OK,,0.0,1.0,0.1900000125169754,0.8650000691413879,0.5906121086612883,873600,873600,0,0,0,0,QC_STAT_ONLY,0.5540000200271606,"Per-file exact median; no QI threshold, filtering, or model input.",0.06650799999624724,False
2020\imerg_20200826.nc,imerg_20200826.nc,OK,,0.0,1.0,0.1550000011920929,0.8770000338554382,0.5833698056010195,873600,873600,0,0,0,0,QC_STAT_ONLY,0.5450000166893005,"Per-file exact median; no QI threshold, filtering, or model input.",0.06506319999607513,False
2020\imerg_20200827.nc,imerg_20200827.nc,OK,,0.0,1.0,0.15400001406669617,0.8790000677108765,0.5744376963105449,873600,873600,0,0,0,0,QC_STAT_ONLY,0.5330000519752502,"Per-file exact median; no QI threshold, filtering, or model input.",0.06670049999956973,False
2020\imerg_20200828.nc,imerg_20200828.nc,OK,,0.0,1.0,0.15400001406669617,0.9030000567436218,0.560504339204951,873600,873600,0,0,0,0,QC_STAT_ONLY,0.5260000228881836,"Per-file exact median; no QI threshold, filtering, or model input.",0.06671059999644058,False
2020\imerg_20200829.nc,imerg_20200829.nc,OK,,0.0,1.0,0.17500001192092896,0.8770000338554382,0.5640163542184938,873600,873600,0,0,0,0,QC_STAT_ONLY,0.5370000004768372,"Per-file exact median; no QI threshold, filtering, or model input.",0.07000759999937145,False
2020\imerg_20200830.nc,imerg_20200830.nc,OK,,0.0,1.0,0.15800000727176666,0.8710000514984131,0.5729800641808264,873600,873600,0,0,0,0,QC_STAT_ONLY,0.5380000472068787,"Per-file exact median; no QI threshold, filtering, or model input.",0.07447240000328748,False
2020\imerg_20200831.nc,imerg_20200831.nc,OK,,0.0,1.0,0.17600001394748688,0.8960000276565552,0.5785413336545747,873600,873600,0,0,0,0,QC_STAT_ONLY,0.5509999990463257,"Per-file exact median; no QI threshold, filtering, or model input.",0.07153789999574656,False
2020\imerg_20200901.nc,imerg_20200901.nc,OK,,0.0,1.0,0.164000004529953,0.9270000457763672,0.5918792538114076,873600,873600,0,0,0,0,QC_STAT_ONLY,0.5530000329017639,"Per-file exact median; no QI threshold, filtering, or model input.",0.07046389999595704,False
2020\imerg_20200902.nc,imerg_20200902.nc,OK,,0.0,1.0,0.164000004529953,0.8850000500679016,0.5937187797392653,873600,873600,0,0,0,0,QC_STAT_ONLY,0.5600000023841858,"Per-file exact median; no QI threshold, filtering, or model input.",0.0708572000003187,False
2020\imerg_20200903.nc,imerg_20200903.nc,OK,,0.0,1.0,0.16100001335144043,0.9110000729560852,0.5883806361057778,873600,873600,0,0,0,0,QC_STAT_ONLY,0.5480000376701355,"Per-file exact median; no QI threshold, filtering, or model input.",0.06811089999973774,False
2020\imerg_20200904.nc,imerg_20200904.nc,OK,,0.0,1.0,0.164000004529953,0.8910000324249268,0.5833889937989462,873600,873600,0,0,0,0,QC_STAT_ONLY,0.5530000329017639,"Per-file exact median; no QI threshold, filtering, or model input.",0.06552580000425223,False
2020\imerg_20200905.nc,imerg_20200905.nc,OK,,0.0,1.0,0.15700000524520874,0.9010000228881836,0.5607752384405733,873600,873600,0,0,0,0,QC_STAT_ONLY,0.5240000486373901,"Per-file exact median; no QI threshold, filtering, or model input.",0.06728280000243103,False
2020\imerg_20200906.nc,imerg_20200906.nc,OK,,0.0,1.0,0.16100001335144043,0.8850000500679016,0.5619812048640231,873600,873600,0,0,0,0,QC_STAT_ONLY,0.5360000133514404,"Per-file exact median; no QI threshold, filtering, or model input.",0.06830170000466751,False
2020\imerg_20200907.nc,imerg_20200907.nc,OK,,0.0,1.0,0.16200000047683716,0.8660000562667847,0.5722182569535442,873600,873600,0,0,0,0,QC_STAT_ONLY,0.5470000505447388,"Per-file exact median; no QI threshold, filtering, or model input.",0.06881050000083633,False
2020\imerg_20200908.nc,imerg_20200908.nc,OK,,0.0,1.0,0.164000004529953,0.9270000457763672,0.5824210384101931,873600,873600,0,0,0,0,QC_STAT_ONLY,0.5509999990463257,"Per-file exact median; no QI threshold, filtering, or model input.",0.0702367999983835,False
2020\imerg_20200909.nc,imerg_20200909.nc,OK,,0.0,1.0,0.19700001180171967,0.9110000729560852,0.594282432298019,873600,873600,0,0,0,0,QC_STAT_ONLY,0.5640000104904175,"Per-file exact median; no QI threshold, filtering, or model input.",0.06910549999884097,False
2020\imerg_20200910.nc,imerg_20200910.nc,OK,,0.0,1.0,0.164000004529953,0.8960000276565552,0.5909427119754153,873600,873600,0,0,0,0,QC_STAT_ONLY,0.5600000023841858,"Per-file exact median; no QI threshold, filtering, or model input.",0.06978430000162916,False
2020\imerg_20200911.nc,imerg_20200911.nc,OK,,0.0,1.0,0.16200000047683716,0.8770000338554382,0.5821730523454127,873600,873600,0,0,0,0,QC_STAT_ONLY,0.5480000376701355,"Per-file exact median; no QI threshold, filtering, or model input.",0.07096060000185389,False
2020\imerg_20200912.nc,imerg_20200912.nc,OK,,0.0,1.0,0.16600000858306885,0.8960000276565552,0.57294085276992,873600,873600,0,0,0,0,QC_STAT_ONLY,0.531000018119812,"Per-file exact median; no QI threshold, filtering, or model input.",0.07011629999760771,False
2020\imerg_20200913.nc,imerg_20200913.nc,OK,,0.0,1.0,0.16100001335144043,0.9010000228881836,0.5677977240348282,873600,873600,0,0,0,0,QC_STAT_ONLY,0.5330000519752502,"Per-file exact median; no QI threshold, filtering, or model input.",0.0704838000019663,False
2020\imerg_20200914.nc,imerg_20200914.nc,OK,,0.0,1.0,0.16100001335144043,0.8800000548362732,0.5644521555548445,873600,873600,0,0,0,0,QC_STAT_ONLY,0.5420000553131104,"Per-file exact median; no QI threshold, filtering, or model input.",0.06975680000323337,False
2020\imerg_20200915.nc,imerg_20200915.nc,OK,,0.0,1.0,0.16200000047683716,0.9010000228881836,0.5770701774587214,873600,873600,0,0,0,0,QC_STAT_ONLY,0.5480000376701355,"Per-file exact median; no QI threshold, filtering, or model input.",0.067596599998069,False
2020\imerg_20200916.nc,imerg_20200916.nc,OK,,0.0,1.0,0.17800000309944153,0.9070000648498535,0.5805597180288093,873600,873600,0,0,0,0,QC_STAT_ONLY,0.5509999990463257,"Per-file exact median; no QI threshold, filtering, or model input.",0.07334670000273036,False
2020\imerg_20200917.nc,imerg_20200917.nc,OK,,0.0,1.0,0.164000004529953,0.9010000228881836,0.583529294969671,873600,873600,0,0,0,0,QC_STAT_ONLY,0.5480000376701355,"Per-file exact median; no QI threshold, filtering, or model input.",0.07273269999859622,False
2020\imerg_20200918.nc,imerg_20200918.nc,OK,,0.0,1.0,0.16600000858306885,0.8440000414848328,0.58551449682103,873600,873600,0,0,0,0,QC_STAT_ONLY,0.5590000152587891,"Per-file exact median; no QI threshold, filtering, or model input.",0.0701106999986223,False
2020\imerg_20200919.nc,imerg_20200919.nc,OK,,0.0,1.0,0.16200000047683716,0.8910000324249268,0.5864229807158038,873600,873600,0,0,0,0,QC_STAT_ONLY,0.5590000152587891,"Per-file exact median; no QI threshold, filtering, or model input.",0.07153639999887673,False
2020\imerg_20200920.nc,imerg_20200920.nc,OK,,0.0,1.0,0.16600000858306885,0.8870000243186951,0.5874118131105259,873600,873600,0,0,0,0,QC_STAT_ONLY,0.5590000152587891,"Per-file exact median; no QI threshold, filtering, or model input.",0.07489070000156062,False
2020\imerg_20200921.nc,imerg_20200921.nc,OK,,0.0,1.0,0.16500000655651093,0.8870000243186951,0.5698938090147301,873600,873600,0,0,0,0,QC_STAT_ONLY,0.5420000553131104,"Per-file exact median; no QI threshold, filtering, or model input.",0.06900790000509005,False
2020\imerg_20200922.nc,imerg_20200922.nc,OK,,0.0,1.0,0.1600000113248825,0.8710000514984131,0.5648245168681983,873600,873600,0,0,0,0,QC_STAT_ONLY,0.5400000214576721,"Per-file exact median; no QI threshold, filtering, or model input.",0.07269719999749213,False
2020\imerg_20200923.nc,imerg_20200923.nc,OK,,0.0,1.0,0.16200000047683716,0.8580000400543213,0.5754125938578185,873600,873600,0,0,0,0,QC_STAT_ONLY,0.5480000376701355,"Per-file exact median; no QI threshold, filtering, or model input.",0.07290690000081668,False
2020\imerg_20200924.nc,imerg_20200924.nc,OK,,0.0,1.0,0.17000000178813934,0.8990000486373901,0.5860211886523885,873600,873600,0,0,0,0,QC_STAT_ONLY,0.5530000329017639,"Per-file exact median; no QI threshold, filtering, or model input.",0.0715079000001424,False
2020\imerg_20200925.nc,imerg_20200925.nc,OK,,0.0,1.0,0.17000000178813934,0.8960000276565552,0.5900536550372334,873600,873600,0,0,0,0,QC_STAT_ONLY,0.5590000152587891,"Per-file exact median; no QI threshold, filtering, or model input.",0.07157469999947352,False
2020\imerg_20200926.nc,imerg_20200926.nc,OK,,0.0,1.0,0.16200000047683716,0.8440000414848328,0.591603809969991,873600,873600,0,0,0,0,QC_STAT_ONLY,0.5590000152587891,"Per-file exact median; no QI threshold, filtering, or model input.",0.07191859999875305,False
2020\imerg_20200927.nc,imerg_20200927.nc,OK,,0.0,1.0,0.16200000047683716,0.8910000324249268,0.5805328817886126,873600,873600,0,0,0,0,QC_STAT_ONLY,0.5590000152587891,"Per-file exact median; no QI threshold, filtering, or model input.",0.06873569999879692,False
2020\imerg_20200928.nc,imerg_20200928.nc,OK,,0.0,1.0,0.16200000047683716,0.8870000243186951,0.5809212305892818,873600,873600,0,0,0,0,QC_STAT_ONLY,0.5590000152587891,"Per-file exact median; no QI threshold, filtering, or model input.",0.06545090000145137,False
2020\imerg_20200929.nc,imerg_20200929.nc,OK,,0.0,1.0,0.16200000047683716,0.8420000672340393,0.5774254901953819,873600,873600,0,0,0,0,QC_STAT_ONLY,0.5470000505447388,"Per-file exact median; no QI threshold, filtering, or model input.",0.06685779999679653,False
2020\imerg_20200930.nc,imerg_20200930.nc,OK,,0.0,1.0,0.1770000010728836,0.8510000109672546,0.581572882750672,873600,873600,0,0,0,0,QC_STAT_ONLY,0.5580000281333923,"Per-file exact median; no QI threshold, filtering, or model input.",0.06394729999738047,False
2020\imerg_20201001.nc,imerg_20201001.nc,OK,,0.0,1.0,0.19100001454353333,0.8670000433921814,0.6135335788635994,873600,873600,0,0,0,0,QC_STAT_ONLY,0.5830000042915344,"Per-file exact median; no QI threshold, filtering, or model input.",0.06638789999851724,False
2020\imerg_20201002.nc,imerg_20201002.nc,OK,,0.0,1.0,0.19600000977516174,0.9020000696182251,0.615818230647853,873600,873600,0,0,0,0,QC_STAT_ONLY,0.5850000381469727,"Per-file exact median; no QI threshold, filtering, or model input.",0.0680251000012504,False
2020\imerg_20201003.nc,imerg_20201003.nc,OK,,0.0,1.0,0.18200001120567322,0.9020000696182251,0.6072944792863596,873600,873600,0,0,0,0,QC_STAT_ONLY,0.5820000171661377,"Per-file exact median; no QI threshold, filtering, or model input.",0.06836809999367688,False
2020\imerg_20201004.nc,imerg_20201004.nc,OK,,0.0,1.0,0.17500001192092896,0.8540000319480896,0.607713752406489,873600,873600,0,0,0,0,QC_STAT_ONLY,0.5850000381469727,"Per-file exact median; no QI threshold, filtering, or model input.",0.0717477000071085,False
2020\imerg_20201005.nc,imerg_20201005.nc,OK,,0.0,1.0,0.1980000138282776,0.9030000567436218,0.6139898768209446,873600,873600,0,0,0,0,QC_STAT_ONLY,0.5850000381469727,"Per-file exact median; no QI threshold, filtering, or model input.",0.06993480000528507,False
2020\imerg_20201006.nc,imerg_20201006.nc,OK,,0.0,1.0,0.19600000977516174,0.8940000534057617,0.6157723876355632,873600,873600,0,0,0,0,QC_STAT_ONLY,0.593000054359436,"Per-file exact median; no QI threshold, filtering, or model input.",0.06755279999924824,False
2020\imerg_20201007.nc,imerg_20201007.nc,OK,,0.0,1.0,0.19600000977516174,0.859000027179718,0.6098365076926398,873600,873600,0,0,0,0,QC_STAT_ONLY,0.5850000381469727,"Per-file exact median; no QI threshold, filtering, or model input.",0.07095349999872269,False
2020\imerg_20201008.nc,imerg_20201008.nc,OK,,0.0,1.0,0.1770000010728836,0.8470000624656677,0.6049892551747864,873600,873600,0,0,0,0,QC_STAT_ONLY,0.5860000252723694,"Per-file exact median; no QI threshold, filtering, or model input.",0.0641544000027352,False
2020\imerg_20201009.nc,imerg_20201009.nc,OK,,0.0,1.0,0.17500001192092896,0.89000004529953,0.6075387914848237,873600,873600,0,0,0,0,QC_STAT_ONLY,0.5850000381469727,"Per-file exact median; no QI threshold, filtering, or model input.",0.06369400000403402,False
2020\imerg_20201010.nc,imerg_20201010.nc,OK,,0.0,1.0,0.18200001120567322,0.9110000729560852,0.6159674059296191,873600,873600,0,0,0,0,QC_STAT_ONLY,0.5850000381469727,"Per-file exact median; no QI threshold, filtering, or model input.",0.06153660000563832,False
2020\imerg_20201011.nc,imerg_20201011.nc,OK,,0.0,1.0,0.18200001120567322,0.8340000510215759,0.5868394861160522,873600,873600,0,0,0,0,QC_STAT_ONLY,0.5680000185966492,"Per-file exact median; no QI threshold, filtering, or model input.",0.06380979999812553,False
2020\imerg_20201012.nc,imerg_20201012.nc,OK,,0.0,1.0,0.19100001454353333,0.9110000729560852,0.6139541893870648,873600,873600,0,0,0,0,QC_STAT_ONLY,0.5860000252723694,"Per-file exact median; no QI threshold, filtering, or model input.",0.06618619999790099,False
2020\imerg_20201013.nc,imerg_20201013.nc,OK,,0.0,1.0,0.1770000010728836,0.9110000729560852,0.6078663167280688,873600,873600,0,0,0,0,QC_STAT_ONLY,0.5860000252723694,"Per-file exact median; no QI threshold, filtering, or model input.",0.06490910000138683,False
2020\imerg_20201014.nc,imerg_20201014.nc,OK,,0.0,1.0,0.17600001394748688,0.8650000691413879,0.5952862275827799,873600,873600,0,0,0,0,QC_STAT_ONLY,0.5800000429153442,"Per-file exact median; no QI threshold, filtering, or model input.",0.06937439999455819,False
2020\imerg_20201015.nc,imerg_20201015.nc,OK,,0.0,1.0,0.1770000010728836,0.9110000729560852,0.6102068818584698,873600,873600,0,0,0,0,QC_STAT_ONLY,0.5850000381469727,"Per-file exact median; no QI threshold, filtering, or model input.",0.06640210000477964,False
2020\imerg_20201016.nc,imerg_20201016.nc,OK,,0.0,1.0,0.19600000977516174,0.8820000290870667,0.6173431299078609,873600,873600,0,0,0,0,QC_STAT_ONLY,0.5860000252723694,"Per-file exact median; no QI threshold, filtering, or model input.",0.06714809999539284,False
2020\imerg_20201017.nc,imerg_20201017.nc,OK,,0.0,1.0,0.17600001394748688,0.8670000433921814,0.5993552614222434,873600,873600,0,0,0,0,QC_STAT_ONLY,0.5800000429153442,"Per-file exact median; no QI threshold, filtering, or model input.",0.06644059999962337,False
2020\imerg_20201018.nc,imerg_20201018.nc,OK,,0.0,1.0,0.1980000138282776,0.9330000281333923,0.6136918171693574,873600,873600,0,0,0,0,QC_STAT_ONLY,0.5850000381469727,"Per-file exact median; no QI threshold, filtering, or model input.",0.06890179999754764,False
2020\imerg_20201019.nc,imerg_20201019.nc,OK,,0.0,1.0,0.19100001454353333,0.8800000548362732,0.6020894261440535,873600,873600,0,0,0,0,QC_STAT_ONLY,0.5820000171661377,"Per-file exact median; no QI threshold, filtering, or model input.",0.0711989999981597,False
2020\imerg_20201020.nc,imerg_20201020.nc,OK,,0.0,1.0,0.17600001394748688,0.9020000696182251,0.6048266311078725,873600,873600,0,0,0,0,QC_STAT_ONLY,0.5850000381469727,"Per-file exact median; no QI threshold, filtering, or model input.",0.06806820000201697,False
2020\imerg_20201021.nc,imerg_20201021.nc,OK,,0.0,1.0,0.1980000138282776,0.9030000567436218,0.6112318063845633,873600,873600,0,0,0,0,QC_STAT_ONLY,0.5860000252723694,"Per-file exact median; no QI threshold, filtering, or model input.",0.0681655000007595,False
2020\imerg_20201022.nc,imerg_20201022.nc,OK,,0.0,1.0,0.1860000044107437,0.8460000157356262,0.6189048351838523,873600,873600,0,0,0,0,QC_STAT_ONLY,0.612000048160553,"Per-file exact median; no QI threshold, filtering, or model input.",0.06751789999543689,False
2020\imerg_20201023.nc,imerg_20201023.nc,OK,,0.0,1.0,0.18800000846385956,0.8740000128746033,0.6116217463935517,873600,873600,0,0,0,0,QC_STAT_ONLY,0.5910000205039978,"Per-file exact median; no QI threshold, filtering, or model input.",0.07240579999779584,False
2020\imerg_20201024.nc,imerg_20201024.nc,OK,,0.0,1.0,0.17500001192092896,0.89000004529953,0.6107051374001136,873600,873600,0,0,0,0,QC_STAT_ONLY,0.5850000381469727,"Per-file exact median; no QI threshold, filtering, or model input.",0.06904760000179522,False
2020\imerg_20201025.nc,imerg_20201025.nc,OK,,0.0,1.0,0.17500001192092896,0.8990000486373901,0.6142674936102055,873600,873600,0,0,0,0,QC_STAT_ONLY,0.5890000462532043,"Per-file exact median; no QI threshold, filtering, or model input.",0.0655308999994304,False
2020\imerg_20201026.nc,imerg_20201026.nc,OK,,0.0,1.0,0.17600001394748688,0.9030000567436218,0.6066785031573458,873600,873600,0,0,0,0,QC_STAT_ONLY,0.5820000171661377,"Per-file exact median; no QI threshold, filtering, or model input.",0.07138590000249678,False
2020\imerg_20201027.nc,imerg_20201027.nc,OK,,0.0,1.0,0.17600001394748688,0.8730000257492065,0.5932301064096596,873600,873600,0,0,0,0,QC_STAT_ONLY,0.5820000171661377,"Per-file exact median; no QI threshold, filtering, or model input.",0.06468909999966854,False
2020\imerg_20201028.nc,imerg_20201028.nc,OK,,0.0,1.0,0.17500001192092896,0.906000018119812,0.5972949596498871,873600,873600,0,0,0,0,QC_STAT_ONLY,0.5800000429153442,"Per-file exact median; no QI threshold, filtering, or model input.",0.06657119999727001,False
2020\imerg_20201029.nc,imerg_20201029.nc,OK,,0.0,1.0,0.17400000989437103,0.8990000486373901,0.5938906404103286,873600,873600,0,0,0,0,QC_STAT_ONLY,0.5820000171661377,"Per-file exact median; no QI threshold, filtering, or model input.",0.06677180000406224,False
2020\imerg_20201030.nc,imerg_20201030.nc,OK,,0.0,1.0,0.17600001394748688,0.9020000696182251,0.6094272016602715,873600,873600,0,0,0,0,QC_STAT_ONLY,0.5860000252723694,"Per-file exact median; no QI threshold, filtering, or model input.",0.06536069999856409,False
2020\imerg_20201031.nc,imerg_20201031.nc,OK,,0.0,1.0,0.17500001192092896,0.8730000257492065,0.6140049795197126,873600,873600,0,0,0,0,QC_STAT_ONLY,0.5920000076293945,"Per-file exact median; no QI threshold, filtering, or model input.",0.06491980000282638,False
2020\imerg_20201101.nc,imerg_20201101.nc,OK,,0.0,1.0,0.1900000125169754,0.8680000305175781,0.6203169555700428,873600,873600,0,0,0,0,QC_STAT_ONLY,0.6080000400543213,"Per-file exact median; no QI threshold, filtering, or model input.",0.06594360000599409,False
2020\imerg_20201102.nc,imerg_20201102.nc,OK,,0.0,1.0,0.1730000078678131,0.8690000176429749,0.6235731533066892,873600,873600,0,0,0,0,QC_STAT_ONLY,0.6020000576972961,"Per-file exact median; no QI threshold, filtering, or model input.",0.0659421000018483,False
2020\imerg_20201103.nc,imerg_20201103.nc,OK,,0.0,1.0,0.1770000010728836,0.893000066280365,0.5849355533158052,873600,873600,0,0,0,0,QC_STAT_ONLY,0.5710000395774841,"Per-file exact median; no QI threshold, filtering, or model input.",0.06494749999546912,False
2020\imerg_20201104.nc,imerg_20201104.nc,OK,,0.0,1.0,0.1770000010728836,0.8690000176429749,0.5925693169302706,873600,873600,0,0,0,0,QC_STAT_ONLY,0.5770000219345093,"Per-file exact median; no QI threshold, filtering, or model input.",0.06541230000584619,False
2020\imerg_20201105.nc,imerg_20201105.nc,OK,,0.0,1.0,0.1730000078678131,0.8690000176429749,0.6014981132268141,873600,873600,0,0,0,0,QC_STAT_ONLY,0.5910000205039978,"Per-file exact median; no QI threshold, filtering, or model input.",0.0627745000019786,False
2020\imerg_20201106.nc,imerg_20201106.nc,OK,,0.0,1.0,0.1980000138282776,0.8570000529289246,0.5893935453562209,873600,873600,0,0,0,0,QC_STAT_ONLY,0.5710000395774841,"Per-file exact median; no QI threshold, filtering, or model input.",0.06451939999533352,False
2020\imerg_20201107.nc,imerg_20201107.nc,OK,,0.0,1.0,0.1730000078678131,0.8690000176429749,0.6086976609602331,873600,873600,0,0,0,0,QC_STAT_ONLY,0.593000054359436,"Per-file exact median; no QI threshold, filtering, or model input.",0.075994200000423,False
2020\imerg_20201108.nc,imerg_20201108.nc,OK,,0.0,1.0,0.1730000078678131,0.8690000176429749,0.6143623120376274,873600,873600,0,0,0,0,QC_STAT_ONLY,0.5920000076293945,"Per-file exact median; no QI threshold, filtering, or model input.",0.07025949999660952,False
2020\imerg_20201109.nc,imerg_20201109.nc,OK,,0.0,1.0,0.1730000078678131,0.8340000510215759,0.5989455542194353,873600,873600,0,0,0,0,QC_STAT_ONLY,0.5840000510215759,"Per-file exact median; no QI threshold, filtering, or model input.",0.06847369999741204,False
2020\imerg_20201110.nc,imerg_20201110.nc,OK,,0.0,1.0,0.1730000078678131,0.8690000176429749,0.6109951004956341,873600,873600,0,0,0,0,QC_STAT_ONLY,0.5890000462532043,"Per-file exact median; no QI threshold, filtering, or model input.",0.069843099998252,False
2020\imerg_20201111.nc,imerg_20201111.nc,OK,,0.0,1.0,0.1730000078678131,0.893000066280365,0.6035233627490515,873600,873600,0,0,0,0,QC_STAT_ONLY,0.5840000510215759,"Per-file exact median; no QI threshold, filtering, or model input.",0.06790509999700589,False
2020\imerg_20201112.nc,imerg_20201112.nc,OK,,0.0,1.0,0.1730000078678131,0.8690000176429749,0.5846055813213715,873600,873600,0,0,0,0,QC_STAT_ONLY,0.5710000395774841,"Per-file exact median; no QI threshold, filtering, or model input.",0.06403940000018338,False
2020\imerg_20201113.nc,imerg_20201113.nc,OK,,0.0,1.0,0.1730000078678131,0.8690000176429749,0.5951485877947186,873600,873600,0,0,0,0,QC_STAT_ONLY,0.5820000171661377,"Per-file exact median; no QI threshold, filtering, or model input.",0.06758480000280542,False
2020\imerg_20201114.nc,imerg_20201114.nc,OK,,0.0,1.0,0.1730000078678131,0.8610000610351562,0.5936045351445729,873600,873600,0,0,0,0,QC_STAT_ONLY,0.5820000171661377,"Per-file exact median; no QI threshold, filtering, or model input.",0.06912159999774303,False
2020\imerg_20201115.nc,imerg_20201115.nc,OK,,0.0,1.0,0.1770000010728836,0.8470000624656677,0.5927372622861946,873600,873600,0,0,0,0,QC_STAT_ONLY,0.5760000348091125,"Per-file exact median; no QI threshold, filtering, or model input.",0.06575409999641124,False
2020\imerg_20201116.nc,imerg_20201116.nc,OK,,0.0,1.0,0.1730000078678131,0.909000039100647,0.6129765216894312,873600,873600,0,0,0,0,QC_STAT_ONLY,0.5910000205039978,"Per-file exact median; no QI threshold, filtering, or model input.",0.06223969999700785,False
2020\imerg_20201117.nc,imerg_20201117.nc,OK,,0.0,1.0,0.17800000309944153,0.878000020980835,0.6065010120116018,873600,873600,0,0,0,0,QC_STAT_ONLY,0.5910000205039978,"Per-file exact median; no QI threshold, filtering, or model input.",0.061949800001457334,False
2020\imerg_20201118.nc,imerg_20201118.nc,OK,,0.0,1.0,0.17900000512599945,0.909000039100647,0.6105999853758264,873600,873600,0,0,0,0,QC_STAT_ONLY,0.5879999995231628,"Per-file exact median; no QI threshold, filtering, or model input.",0.06263810000382364,False
2020\imerg_20201119.nc,imerg_20201119.nc,OK,,0.0,1.0,0.1730000078678131,0.8500000238418579,0.5957149083132689,873600,873600,0,0,0,0,QC_STAT_ONLY,0.5830000042915344,"Per-file exact median; no QI threshold, filtering, or model input.",0.06349029999546474,False
2020\imerg_20201120.nc,imerg_20201120.nc,OK,,0.0,1.0,0.1730000078678131,0.8850000500679016,0.5860813051364094,873600,873600,0,0,0,0,QC_STAT_ONLY,0.5760000348091125,"Per-file exact median; no QI threshold, filtering, or model input.",0.06369999999878928,False
2020\imerg_20201121.nc,imerg_20201121.nc,OK,,0.0,1.0,0.1730000078678131,0.8680000305175781,0.595391083947475,873600,873600,0,0,0,0,QC_STAT_ONLY,0.5800000429153442,"Per-file exact median; no QI threshold, filtering, or model input.",0.06369240000640275,False
2020\imerg_20201122.nc,imerg_20201122.nc,OK,,0.0,1.0,0.1730000078678131,0.8490000367164612,0.599005245740522,873600,873600,0,0,0,0,QC_STAT_ONLY,0.5890000462532043,"Per-file exact median; no QI threshold, filtering, or model input.",0.06495309999445453,False
2020\imerg_20201123.nc,imerg_20201123.nc,OK,,0.0,1.0,0.1730000078678131,0.8490000367164612,0.5841587242962547,873600,873600,0,0,0,0,QC_STAT_ONLY,0.5800000429153442,"Per-file exact median; no QI threshold, filtering, or model input.",0.06605149999813875,False
2020\imerg_20201124.nc,imerg_20201124.nc,OK,,0.0,1.0,0.1770000010728836,0.8860000371932983,0.6027990493890676,873600,873600,0,0,0,0,QC_STAT_ONLY,0.5910000205039978,"Per-file exact median; no QI threshold, filtering, or model input.",0.0650854999985313,False
2020\imerg_20201125.nc,imerg_20201125.nc,OK,,0.0,1.0,0.1730000078678131,0.909000039100647,0.5978214666532393,873600,873600,0,0,0,0,QC_STAT_ONLY,0.5879999995231628,"Per-file exact median; no QI threshold, filtering, or model input.",0.06311709999863524,False
2020\imerg_20201126.nc,imerg_20201126.nc,OK,,0.0,1.0,0.1730000078678131,0.9000000357627869,0.5963335494688736,873600,873600,0,0,0,0,QC_STAT_ONLY,0.5830000042915344,"Per-file exact median; no QI threshold, filtering, or model input.",0.0623524999973597,False
2020\imerg_20201127.nc,imerg_20201127.nc,OK,,0.0,1.0,0.1730000078678131,0.9000000357627869,0.5938497829545057,873600,873600,0,0,0,0,QC_STAT_ONLY,0.5830000042915344,"Per-file exact median; no QI threshold, filtering, or model input.",0.06574969999928726,False
2020\imerg_20201128.nc,imerg_20201128.nc,OK,,0.0,1.0,0.1730000078678131,0.9040000438690186,0.589709240256778,873600,873600,0,0,0,0,QC_STAT_ONLY,0.5800000429153442,"Per-file exact median; no QI threshold, filtering, or model input.",0.06369209999684244,False
2020\imerg_20201129.nc,imerg_20201129.nc,OK,,0.0,1.0,0.1730000078678131,0.909000039100647,0.5916582818506558,873600,873600,0,0,0,0,QC_STAT_ONLY,0.5840000510215759,"Per-file exact median; no QI threshold, filtering, or model input.",0.06476269999984652,False
2020\imerg_20201130.nc,imerg_20201130.nc,OK,,0.0,1.0,0.1730000078678131,0.8880000710487366,0.5785923845160602,873600,873600,0,0,0,0,QC_STAT_ONLY,0.5700000524520874,"Per-file exact median; no QI threshold, filtering, or model input.",0.06790529999852879,False
2020\imerg_20201201.nc,imerg_20201201.nc,OK,,0.0,1.0,0.19100001454353333,0.8610000610351562,0.6289288935585514,873600,873600,0,0,0,0,QC_STAT_ONLY,0.6220000386238098,"Per-file exact median; no QI threshold, filtering, or model input.",0.06595319999905769,False
2020\imerg_20201202.nc,imerg_20201202.nc,OK,,0.0,1.0,0.19600000977516174,0.9130000472068787,0.6458280984700348,873600,873600,0,0,0,0,QC_STAT_ONLY,0.6260000467300415,"Per-file exact median; no QI threshold, filtering, or model input.",0.06494820000079926,False
2020\imerg_20201203.nc,imerg_20201203.nc,OK,,0.0,1.0,0.23000000417232513,0.8890000581741333,0.6381007641451706,873600,873600,0,0,0,0,QC_STAT_ONLY,0.6360000371932983,"Per-file exact median; no QI threshold, filtering, or model input.",0.06896740000229329,False
2020\imerg_20201204.nc,imerg_20201204.nc,OK,,0.0,1.0,0.19600000977516174,0.9030000567436218,0.6350880895578217,873600,873600,0,0,0,0,QC_STAT_ONLY,0.6230000257492065,"Per-file exact median; no QI threshold, filtering, or model input.",0.06497839999792632,False
2020\imerg_20201205.nc,imerg_20201205.nc,OK,,0.0,1.0,0.19100001454353333,0.8990000486373901,0.6313455930196991,873600,873600,0,0,0,0,QC_STAT_ONLY,0.6240000128746033,"Per-file exact median; no QI threshold, filtering, or model input.",0.0638392000037129,False
2020\imerg_20201206.nc,imerg_20201206.nc,OK,,0.0,1.0,0.19100001454353333,0.9130000472068787,0.6205638356077665,873600,873600,0,0,0,0,QC_STAT_ONLY,0.6200000047683716,"Per-file exact median; no QI threshold, filtering, or model input.",0.062247199995908886,False
2020\imerg_20201207.nc,imerg_20201207.nc,OK,,0.0,1.0,0.19100001454353333,0.8540000319480896,0.6314102385154731,873600,873600,0,0,0,0,QC_STAT_ONLY,0.6260000467300415,"Per-file exact median; no QI threshold, filtering, or model input.",0.06335360000230139,False
2020\imerg_20201208.nc,imerg_20201208.nc,OK,,0.0,1.0,0.19100001454353333,0.8830000162124634,0.6399734689033294,873600,873600,0,0,0,0,QC_STAT_ONLY,0.6300000548362732,"Per-file exact median; no QI threshold, filtering, or model input.",0.06357130000105826,False
2020\imerg_20201209.nc,imerg_20201209.nc,OK,,0.0,1.0,0.19600000977516174,0.8750000596046448,0.6437486605666708,873600,873600,0,0,0,0,QC_STAT_ONLY,0.6300000548362732,"Per-file exact median; no QI threshold, filtering, or model input.",0.0626544000042486,False
2020\imerg_20201210.nc,imerg_20201210.nc,OK,,0.0,1.0,0.18900001049041748,0.9130000472068787,0.6216270439649656,873600,873600,0,0,0,0,QC_STAT_ONLY,0.6180000305175781,"Per-file exact median; no QI threshold, filtering, or model input.",0.06380859999626409,False
2020\imerg_20201211.nc,imerg_20201211.nc,OK,,0.0,1.0,0.18900001049041748,0.8580000400543213,0.6349453113476947,873600,873600,0,0,0,0,QC_STAT_ONLY,0.6270000338554382,"Per-file exact median; no QI threshold, filtering, or model input.",0.06213929999648826,False
2020\imerg_20201212.nc,imerg_20201212.nc,OK,,0.0,1.0,0.19600000977516174,0.9130000472068787,0.6493209906545342,873600,873600,0,0,0,0,QC_STAT_ONLY,0.6360000371932983,"Per-file exact median; no QI threshold, filtering, or model input.",0.06281080000189831,False
2020\imerg_20201213.nc,imerg_20201213.nc,OK,,0.0,1.0,0.19100001454353333,0.8490000367164612,0.635289607794372,873600,873600,0,0,0,0,QC_STAT_ONLY,0.6240000128746033,"Per-file exact median; no QI threshold, filtering, or model input.",0.06306300000142073,False
2020\imerg_20201214.nc,imerg_20201214.nc,OK,,0.0,1.0,0.19100001454353333,0.8940000534057617,0.632779057772025,873600,873600,0,0,0,0,QC_STAT_ONLY,0.6260000467300415,"Per-file exact median; no QI threshold, filtering, or model input.",0.06256330000178423,False
2020\imerg_20201215.nc,imerg_20201215.nc,OK,,0.0,1.0,0.19100001454353333,0.8580000400543213,0.6414587025306334,873600,873600,0,0,0,0,QC_STAT_ONLY,0.6310000419616699,"Per-file exact median; no QI threshold, filtering, or model input.",0.06331649999629008,False
2020\imerg_20201216.nc,imerg_20201216.nc,OK,,0.0,1.0,0.19200000166893005,0.8730000257492065,0.6288230660959444,873600,873600,0,0,0,0,QC_STAT_ONLY,0.6260000467300415,"Per-file exact median; no QI threshold, filtering, or model input.",0.062249400005384814,False
2020\imerg_20201217.nc,imerg_20201217.nc,OK,,0.0,1.0,0.19100001454353333,0.8870000243186951,0.636128376679744,873600,873600,0,0,0,0,QC_STAT_ONLY,0.6210000514984131,"Per-file exact median; no QI threshold, filtering, or model input.",0.06145480000122916,False
2020\imerg_20201218.nc,imerg_20201218.nc,OK,,0.0,1.0,0.19600000977516174,0.9130000472068787,0.6516680654287577,873600,873600,0,0,0,0,QC_STAT_ONLY,0.6370000243186951,"Per-file exact median; no QI threshold, filtering, or model input.",0.0639281999974628,False
2020\imerg_20201219.nc,imerg_20201219.nc,OK,,0.0,1.0,0.21400001645088196,0.8610000610351562,0.6359127447924887,873600,873600,0,0,0,0,QC_STAT_ONLY,0.6330000162124634,"Per-file exact median; no QI threshold, filtering, or model input.",0.06210869999631541,False
2020\imerg_20201220.nc,imerg_20201220.nc,OK,,0.0,1.0,0.18900001049041748,0.9130000472068787,0.6419699221156407,873600,873600,0,0,0,0,QC_STAT_ONLY,0.6370000243186951,"Per-file exact median; no QI threshold, filtering, or model input.",0.06702059999952326,False
2020\imerg_20201221.nc,imerg_20201221.nc,OK,,0.0,1.0,0.19100001454353333,0.8490000367164612,0.6310512911762374,873600,873600,0,0,0,0,QC_STAT_ONLY,0.6230000257492065,"Per-file exact median; no QI threshold, filtering, or model input.",0.06606610000017099,False
2020\imerg_20201222.nc,imerg_20201222.nc,OK,,0.0,1.0,0.18900001049041748,0.8650000691413879,0.6252819778829909,873600,873600,0,0,0,0,QC_STAT_ONLY,0.6170000433921814,"Per-file exact median; no QI threshold, filtering, or model input.",0.06467479999992065,False
2020\imerg_20201223.nc,imerg_20201223.nc,OK,,0.0,1.0,0.19100001454353333,0.893000066280365,0.6317612045097264,873600,873600,0,0,0,0,QC_STAT_ONLY,0.6180000305175781,"Per-file exact median; no QI threshold, filtering, or model input.",0.06849030000012135,False
2020\imerg_20201224.nc,imerg_20201224.nc,OK,,0.0,1.0,0.19100001454353333,0.8840000629425049,0.6404258235155403,873600,873600,0,0,0,0,QC_STAT_ONLY,0.6300000548362732,"Per-file exact median; no QI threshold, filtering, or model input.",0.06754390000423882,False
2020\imerg_20201225.nc,imerg_20201225.nc,OK,,0.0,1.0,0.19200000166893005,0.8870000243186951,0.6258811362294289,873600,873600,0,0,0,0,QC_STAT_ONLY,0.6170000433921814,"Per-file exact median; no QI threshold, filtering, or model input.",0.06406430000060936,False
2020\imerg_20201226.nc,imerg_20201226.nc,OK,,0.0,1.0,0.20900000631809235,0.9130000472068787,0.647464701069362,873600,873600,0,0,0,0,QC_STAT_ONLY,0.6330000162124634,"Per-file exact median; no QI threshold, filtering, or model input.",0.06550589999824297,False
2020\imerg_20201227.nc,imerg_20201227.nc,OK,,0.0,1.0,0.18900001049041748,0.8680000305175781,0.6301458507373029,873600,873600,0,0,0,0,QC_STAT_ONLY,0.6270000338554382,"Per-file exact median; no QI threshold, filtering, or model input.",0.06357099999877391,False
2020\imerg_20201228.nc,imerg_20201228.nc,OK,,0.0,1.0,0.19100001454353333,0.9130000472068787,0.637255380145912,873600,873600,0,0,0,0,QC_STAT_ONLY,0.6240000128746033,"Per-file exact median; no QI threshold, filtering, or model input.",0.06317199999466538,False
2020\imerg_20201229.nc,imerg_20201229.nc,OK,,0.0,1.0,0.19600000977516174,0.8650000691413879,0.6387872562744236,873600,873600,0,0,0,0,QC_STAT_ONLY,0.6260000467300415,"Per-file exact median; no QI threshold, filtering, or model input.",0.06299800000124378,False
2020\imerg_20201230.nc,imerg_20201230.nc,OK,,0.0,1.0,0.19100001454353333,0.8990000486373901,0.6205418150519079,873600,873600,0,0,0,0,QC_STAT_ONLY,0.6070000529289246,"Per-file exact median; no QI threshold, filtering, or model input.",0.06283619999885559,False
2020\imerg_20201231.nc,imerg_20201231.nc,OK,,0.0,1.0,0.18900001049041748,0.893000066280365,0.6340859014742015,873600,873600,0,0,0,0,QC_STAT_ONLY,0.6170000433921814,"Per-file exact median; no QI threshold, filtering, or model input.",0.06416479999461444,False
2021\imerg_20210101.nc,imerg_20210101.nc,OK,,0.0,1.0,0.19100001454353333,0.9120000600814819,0.6413937411339264,873600,873600,0,0,0,0,QC_STAT_ONLY,0.6290000081062317,"Per-file exact median; no QI threshold, filtering, or model input.",0.06346350000239909,False
2021\imerg_20210102.nc,imerg_20210102.nc,OK,,0.0,1.0,0.20100000500679016,0.9140000343322754,0.6441737599423899,873600,873600,0,0,0,0,QC_STAT_ONLY,0.6290000081062317,"Per-file exact median; no QI threshold, filtering, or model input.",0.06255760000203736,False
2021\imerg_20210103.nc,imerg_20210103.nc,OK,,0.0,1.0,0.20500001311302185,0.9410000443458557,0.6534844922028556,873600,873600,0,0,0,0,QC_STAT_ONLY,0.6370000243186951,"Per-file exact median; no QI threshold, filtering, or model input.",0.06208070000138832,False
2021\imerg_20210104.nc,imerg_20210104.nc,OK,,0.0,1.0,0.1980000138282776,0.9320000410079956,0.6351269169648659,873600,873600,0,0,0,0,QC_STAT_ONLY,0.6380000114440918,"Per-file exact median; no QI threshold, filtering, or model input.",0.06429030000435887,False
2021\imerg_20210105.nc,imerg_20210105.nc,OK,,0.0,1.0,0.19100001454353333,0.9190000295639038,0.65513265212614,873600,873600,0,0,0,0,QC_STAT_ONLY,0.6420000195503235,"Per-file exact median; no QI threshold, filtering, or model input.",0.06396980000135954,False
2021\imerg_20210106.nc,imerg_20210106.nc,OK,,0.0,1.0,0.1900000125169754,0.9140000343322754,0.6367217493353875,873600,873600,0,0,0,0,QC_STAT_ONLY,0.6350000500679016,"Per-file exact median; no QI threshold, filtering, or model input.",0.06514710000192281,False
2021\imerg_20210107.nc,imerg_20210107.nc,OK,,0.0,1.0,0.19100001454353333,0.9250000715255737,0.6328349028293712,873600,873600,0,0,0,0,QC_STAT_ONLY,0.6170000433921814,"Per-file exact median; no QI threshold, filtering, or model input.",0.06494670000392944,False
2021\imerg_20210108.nc,imerg_20210108.nc,OK,,0.0,1.0,0.19200000166893005,0.9070000648498535,0.644243557153546,873600,873600,0,0,0,0,QC_STAT_ONLY,0.6350000500679016,"Per-file exact median; no QI threshold, filtering, or model input.",0.06588109999574954,False
2021\imerg_20210109.nc,imerg_20210109.nc,OK,,0.0,1.0,0.1900000125169754,0.8880000710487366,0.6511398657985994,873600,873600,0,0,0,0,QC_STAT_ONLY,0.6380000114440918,"Per-file exact median; no QI threshold, filtering, or model input.",0.06751790000271285,False
2021\imerg_20210110.nc,imerg_20210110.nc,OK,,0.0,1.0,0.1900000125169754,0.9070000648498535,0.6463376605749171,873600,873600,0,0,0,0,QC_STAT_ONLY,0.6350000500679016,"Per-file exact median; no QI threshold, filtering, or model input.",0.06777750000037486,False
2021\imerg_20210111.nc,imerg_20210111.nc,OK,,0.0,1.0,0.1900000125169754,0.9410000443458557,0.6454789128462057,873600,873600,0,0,0,0,QC_STAT_ONLY,0.6380000114440918,"Per-file exact median; no QI threshold, filtering, or model input.",0.06455289999576053,False
2021\imerg_20210112.nc,imerg_20210112.nc,OK,,0.0,1.0,0.1900000125169754,0.9190000295639038,0.617571256441378,873600,873600,0,0,0,0,QC_STAT_ONLY,0.6130000352859497,"Per-file exact median; no QI threshold, filtering, or model input.",0.06642970000393689,False
2021\imerg_20210113.nc,imerg_20210113.nc,OK,,0.0,1.0,0.19100001454353333,0.9140000343322754,0.6386219080850898,873600,873600,0,0,0,0,QC_STAT_ONLY,0.6350000500679016,"Per-file exact median; no QI threshold, filtering, or model input.",0.06610199999704491,False
2021\imerg_20210114.nc,imerg_20210114.nc,OK,,0.0,1.0,0.19200000166893005,0.9040000438690186,0.6295109124397245,873600,873600,0,0,0,0,QC_STAT_ONLY,0.6180000305175781,"Per-file exact median; no QI threshold, filtering, or model input.",0.06371620000572875,False
2021\imerg_20210115.nc,imerg_20210115.nc,OK,,0.0,1.0,0.20500001311302185,0.9140000343322754,0.6343648642109837,873600,873600,0,0,0,0,QC_STAT_ONLY,0.6210000514984131,"Per-file exact median; no QI threshold, filtering, or model input.",0.061804799996025395,False
2021\imerg_20210116.nc,imerg_20210116.nc,OK,,0.0,1.0,0.1980000138282776,0.8550000190734863,0.6430601887475876,873600,873600,0,0,0,0,QC_STAT_ONLY,0.6270000338554382,"Per-file exact median; no QI threshold, filtering, or model input.",0.06697749999875668,False
2021\imerg_20210117.nc,imerg_20210117.nc,OK,,0.0,1.0,0.1900000125169754,0.8500000238418579,0.6237438706920957,873600,873600,0,0,0,0,QC_STAT_ONLY,0.6180000305175781,"Per-file exact median; no QI threshold, filtering, or model input.",0.06502460000046995,False
2021\imerg_20210118.nc,imerg_20210118.nc,OK,,0.0,1.0,0.1900000125169754,0.9260000586509705,0.6379554320951316,873600,873600,0,0,0,0,QC_STAT_ONLY,0.6220000386238098,"Per-file exact median; no QI threshold, filtering, or model input.",0.0620963000037591,False
2021\imerg_20210119.nc,imerg_20210119.nc,OK,,0.0,1.0,0.1900000125169754,0.9260000586509705,0.6334738581034187,873600,873600,0,0,0,0,QC_STAT_ONLY,0.6270000338554382,"Per-file exact median; no QI threshold, filtering, or model input.",0.06483200000366196,False
2021\imerg_20210120.nc,imerg_20210120.nc,OK,,0.0,1.0,0.19100001454353333,0.9140000343322754,0.6277079963921177,873600,873600,0,0,0,0,QC_STAT_ONLY,0.6220000386238098,"Per-file exact median; no QI threshold, filtering, or model input.",0.06562030000350205,False
2021\imerg_20210121.nc,imerg_20210121.nc,OK,,0.0,1.0,0.19100001454353333,0.9170000553131104,0.6317668923181601,873600,873600,0,0,0,0,QC_STAT_ONLY,0.6180000305175781,"Per-file exact median; no QI threshold, filtering, or model input.",0.06596430000354303,False
2021\imerg_20210122.nc,imerg_20210122.nc,OK,,0.0,1.0,0.19200000166893005,0.9070000648498535,0.6122141996949686,873600,873600,0,0,0,0,QC_STAT_ONLY,0.6170000433921814,"Per-file exact median; no QI threshold, filtering, or model input.",0.06411169999773847,False
2021\imerg_20210123.nc,imerg_20210123.nc,OK,,0.0,1.0,0.19200000166893005,0.9250000715255737,0.6123723200585475,873600,873600,0,0,0,0,QC_STAT_ONLY,0.609000027179718,"Per-file exact median; no QI threshold, filtering, or model input.",0.06382780000421917,False
2021\imerg_20210124.nc,imerg_20210124.nc,OK,,0.0,1.0,0.19200000166893005,0.8420000672340393,0.6386142530372783,873600,873600,0,0,0,0,QC_STAT_ONLY,0.6370000243186951,"Per-file exact median; no QI threshold, filtering, or model input.",0.06552250000095228,False
2021\imerg_20210125.nc,imerg_20210125.nc,OK,,0.0,1.0,0.1900000125169754,0.8830000162124634,0.6392198974573848,873600,873600,0,0,0,0,QC_STAT_ONLY,0.6370000243186951,"Per-file exact median; no QI threshold, filtering, or model input.",0.06370980000065174,False
2021\imerg_20210126.nc,imerg_20210126.nc,OK,,0.0,1.0,0.19100001454353333,0.9260000586509705,0.644535784351677,873600,873600,0,0,0,0,QC_STAT_ONLY,0.6350000500679016,"Per-file exact median; no QI threshold, filtering, or model input.",0.06446469999355031,False
2021\imerg_20210127.nc,imerg_20210127.nc,OK,,0.0,1.0,0.19100001454353333,0.9260000586509705,0.6447994478332602,873600,873600,0,0,0,0,QC_STAT_ONLY,0.6380000114440918,"Per-file exact median; no QI threshold, filtering, or model input.",0.0648256000058609,False
2021\imerg_20210128.nc,imerg_20210128.nc,OK,,0.0,1.0,0.19100001454353333,0.9170000553131104,0.6326869320154408,873600,873600,0,0,0,0,QC_STAT_ONLY,0.6270000338554382,"Per-file exact median; no QI threshold, filtering, or model input.",0.06615329999476671,False
2021\imerg_20210129.nc,imerg_20210129.nc,OK,,0.0,1.0,0.19200000166893005,0.9140000343322754,0.6401025978085029,873600,873600,0,0,0,0,QC_STAT_ONLY,0.6370000243186951,"Per-file exact median; no QI threshold, filtering, or model input.",0.07270499999867752,False
2021\imerg_20210130.nc,imerg_20210130.nc,OK,,0.0,1.0,0.19200000166893005,0.9250000715255737,0.6445083355256647,873600,873600,0,0,0,0,QC_STAT_ONLY,0.6350000500679016,"Per-file exact median; no QI threshold, filtering, or model input.",0.0676956000024802,False
2021\imerg_20210131.nc,imerg_20210131.nc,OK,,0.0,1.0,0.20500001311302185,0.9140000343322754,0.6343243823175732,873600,873600,0,0,0,0,QC_STAT_ONLY,0.6270000338554382,"Per-file exact median; no QI threshold, filtering, or model input.",0.06529930000397144,False
2021\imerg_20210201.nc,imerg_20210201.nc,OK,,0.0,1.0,0.19300000369548798,0.89000004529953,0.6288649697529644,873600,873600,0,0,0,0,QC_STAT_ONLY,0.6190000176429749,"Per-file exact median; no QI threshold, filtering, or model input.",0.06905620000179624,False
2021\imerg_20210202.nc,imerg_20210202.nc,OK,,0.0,1.0,0.18200001120567322,0.8880000710487366,0.6150163028337874,873600,873600,0,0,0,0,QC_STAT_ONLY,0.6080000400543213,"Per-file exact median; no QI threshold, filtering, or model input.",0.06363599999895087,False
2021\imerg_20210203.nc,imerg_20210203.nc,OK,,0.0,1.0,0.1850000023841858,0.9350000619888306,0.6296104147959494,873600,873600,0,0,0,0,QC_STAT_ONLY,0.6130000352859497,"Per-file exact median; no QI threshold, filtering, or model input.",0.06346070000290638,False
2021\imerg_20210204.nc,imerg_20210204.nc,OK,,0.0,1.0,0.19700001180171967,0.9350000619888306,0.6229577910849797,873600,873600,0,0,0,0,QC_STAT_ONLY,0.6150000095367432,"Per-file exact median; no QI threshold, filtering, or model input.",0.06577399999514455,False
2021\imerg_20210205.nc,imerg_20210205.nc,OK,,0.0,1.0,0.18200001120567322,0.921000063419342,0.6254111382182033,873600,873600,0,0,0,0,QC_STAT_ONLY,0.6190000176429749,"Per-file exact median; no QI threshold, filtering, or model input.",0.06266909999976633,False
2021\imerg_20210206.nc,imerg_20210206.nc,OK,,0.0,1.0,0.1850000023841858,0.9250000715255737,0.6253065898005882,873600,873600,0,0,0,0,QC_STAT_ONLY,0.6190000176429749,"Per-file exact median; no QI threshold, filtering, or model input.",0.06382419999863487,False
2021\imerg_20210207.nc,imerg_20210207.nc,OK,,0.0,1.0,0.18200001120567322,0.9250000715255737,0.6211425934954897,873600,873600,0,0,0,0,QC_STAT_ONLY,0.6160000562667847,"Per-file exact median; no QI threshold, filtering, or model input.",0.06741540000075474,False
2021\imerg_20210208.nc,imerg_20210208.nc,OK,,0.0,1.0,0.1860000044107437,0.9250000715255737,0.6199685584265234,873600,873600,0,0,0,0,QC_STAT_ONLY,0.6080000400543213,"Per-file exact median; no QI threshold, filtering, or model input.",0.07005159999971511,False
2021\imerg_20210209.nc,imerg_20210209.nc,OK,,0.0,1.0,0.19500000774860382,0.921000063419342,0.6261981991909772,873600,873600,0,0,0,0,QC_STAT_ONLY,0.6190000176429749,"Per-file exact median; no QI threshold, filtering, or model input.",0.06819120000000112,False
2021\imerg_20210210.nc,imerg_20210210.nc,OK,,0.0,1.0,0.18200001120567322,0.9200000166893005,0.640787268866471,873600,873600,0,0,0,0,QC_STAT_ONLY,0.6320000290870667,"Per-file exact median; no QI threshold, filtering, or model input.",0.06424699999479344,False
2021\imerg_20210211.nc,imerg_20210211.nc,OK,,0.0,1.0,0.20500001311302185,0.9350000619888306,0.6340104127973967,873600,873600,0,0,0,0,QC_STAT_ONLY,0.6360000371932983,"Per-file exact median; no QI threshold, filtering, or model input.",0.06764699999621371,False
2021\imerg_20210212.nc,imerg_20210212.nc,OK,,0.0,1.0,0.20500001311302185,0.9120000600814819,0.6244165422059357,873600,873600,0,0,0,0,QC_STAT_ONLY,0.6190000176429749,"Per-file exact median; no QI threshold, filtering, or model input.",0.06662630000209901,False
2021\imerg_20210213.nc,imerg_20210213.nc,OK,,0.0,1.0,0.18200001120567322,0.9250000715255737,0.6275423415620801,873600,873600,0,0,0,0,QC_STAT_ONLY,0.6320000290870667,"Per-file exact median; no QI threshold, filtering, or model input.",0.06646529999852646,False
2021\imerg_20210214.nc,imerg_20210214.nc,OK,,0.0,1.0,0.18200001120567322,0.921000063419342,0.6239963414431499,873600,873600,0,0,0,0,QC_STAT_ONLY,0.6190000176429749,"Per-file exact median; no QI threshold, filtering, or model input.",0.06454459999804385,False
2021\imerg_20210215.nc,imerg_20210215.nc,OK,,0.0,1.0,0.18200001120567322,0.9250000715255737,0.6276620223135057,873600,873600,0,0,0,0,QC_STAT_ONLY,0.6270000338554382,"Per-file exact median; no QI threshold, filtering, or model input.",0.06699220000155037,False
2021\imerg_20210216.nc,imerg_20210216.nc,OK,,0.0,1.0,0.19300000369548798,0.909000039100647,0.6147519896498749,873600,873600,0,0,0,0,QC_STAT_ONLY,0.6070000529289246,"Per-file exact median; no QI threshold, filtering, or model input.",0.06534839999949327,False
2021\imerg_20210217.nc,imerg_20210217.nc,OK,,0.0,1.0,0.18200001120567322,0.8670000433921814,0.6313785740385521,873600,873600,0,0,0,0,QC_STAT_ONLY,0.6310000419616699,"Per-file exact median; no QI threshold, filtering, or model input.",0.06711460000224179,False
2021\imerg_20210218.nc,imerg_20210218.nc,OK,,0.0,1.0,0.18200001120567322,0.9340000152587891,0.6340071853469279,873600,873600,0,0,0,0,QC_STAT_ONLY,0.6320000290870667,"Per-file exact median; no QI threshold, filtering, or model input.",0.0682362999941688,False
2021\imerg_20210219.nc,imerg_20210219.nc,OK,,0.0,1.0,0.19200000166893005,0.9350000619888306,0.5998817255144645,873600,873600,0,0,0,0,QC_STAT_ONLY,0.5890000462532043,"Per-file exact median; no QI threshold, filtering, or model input.",0.06750630000169622,False
2021\imerg_20210220.nc,imerg_20210220.nc,OK,,0.0,1.0,0.18200001120567322,0.8360000252723694,0.5672680061221832,873600,873600,0,0,0,0,QC_STAT_ONLY,0.5670000314712524,"Per-file exact median; no QI threshold, filtering, or model input.",0.06904510000458686,False
2021\imerg_20210221.nc,imerg_20210221.nc,OK,,0.0,1.0,0.19200000166893005,0.8690000176429749,0.5467727316439752,873600,873600,0,0,0,0,QC_STAT_ONLY,0.5590000152587891,"Per-file exact median; no QI threshold, filtering, or model input.",0.06896140000026207,False
2021\imerg_20210222.nc,imerg_20210222.nc,OK,,0.0,1.0,0.1860000044107437,0.9250000715255737,0.5851934643475776,873600,873600,0,0,0,0,QC_STAT_ONLY,0.5800000429153442,"Per-file exact median; no QI threshold, filtering, or model input.",0.06394430000364082,False
2021\imerg_20210223.nc,imerg_20210223.nc,OK,,0.0,1.0,0.18200001120567322,0.9250000715255737,0.6320798837181331,873600,873600,0,0,0,0,QC_STAT_ONLY,0.6320000290870667,"Per-file exact median; no QI threshold, filtering, or model input.",0.06728559999464778,False
2021\imerg_20210224.nc,imerg_20210224.nc,OK,,0.0,1.0,0.18200001120567322,0.9270000457763672,0.6226613255882731,873600,873600,0,0,0,0,QC_STAT_ONLY,0.6130000352859497,"Per-file exact median; no QI threshold, filtering, or model input.",0.06286849999742117,False
2021\imerg_20210225.nc,imerg_20210225.nc,OK,,0.0,1.0,0.19500000774860382,0.8880000710487366,0.626049995144604,873600,873600,0,0,0,0,QC_STAT_ONLY,0.6190000176429749,"Per-file exact median; no QI threshold, filtering, or model input.",0.06548050000128569,False
2021\imerg_20210226.nc,imerg_20210226.nc,OK,,0.0,1.0,0.18200001120567322,0.9180000424385071,0.6465032331372744,873600,873600,0,0,0,0,QC_STAT_ONLY,0.6460000276565552,"Per-file exact median; no QI threshold, filtering, or model input.",0.0658694999947329,False
2021\imerg_20210227.nc,imerg_20210227.nc,OK,,0.0,1.0,0.18200001120567322,0.9250000715255737,0.6420030720841358,873600,873600,0,0,0,0,QC_STAT_ONLY,0.6430000066757202,"Per-file exact median; no QI threshold, filtering, or model input.",0.06494290000409819,False
2021\imerg_20210228.nc,imerg_20210228.nc,OK,,0.0,1.0,0.1850000023841858,0.921000063419342,0.649346423285737,873600,873600,0,0,0,0,QC_STAT_ONLY,0.6470000147819519,"Per-file exact median; no QI threshold, filtering, or model input.",0.06379870000091614,False
2021\imerg_20210301.nc,imerg_20210301.nc,OK,,0.0,1.0,0.16900001466274261,0.9270000457763672,0.6174645911880697,873600,873600,0,0,0,0,QC_STAT_ONLY,0.6170000433921814,"Per-file exact median; no QI threshold, filtering, or model input.",0.06479240000044229,False
2021\imerg_20210302.nc,imerg_20210302.nc,OK,,0.0,1.0,0.16700001060962677,0.9200000166893005,0.6145039144127831,873600,873600,0,0,0,0,QC_STAT_ONLY,0.6160000562667847,"Per-file exact median; no QI threshold, filtering, or model input.",0.06418639999901643,False
2021\imerg_20210303.nc,imerg_20210303.nc,OK,,0.0,1.0,0.16700001060962677,0.9240000247955322,0.6135984859913213,873600,873600,0,0,0,0,QC_STAT_ONLY,0.6100000143051147,"Per-file exact median; no QI threshold, filtering, or model input.",0.06235480000032112,False
2021\imerg_20210304.nc,imerg_20210304.nc,OK,,0.0,1.0,0.18900001049041748,0.9170000553131104,0.6018959530724738,873600,873600,0,0,0,0,QC_STAT_ONLY,0.6020000576972961,"Per-file exact median; no QI threshold, filtering, or model input.",0.06304890000319574,False
2021\imerg_20210305.nc,imerg_20210305.nc,OK,,0.0,1.0,0.1810000091791153,0.9050000309944153,0.6145490675665874,873600,873600,0,0,0,0,QC_STAT_ONLY,0.6100000143051147,"Per-file exact median; no QI threshold, filtering, or model input.",0.06503049999446375,False
2021\imerg_20210306.nc,imerg_20210306.nc,OK,,0.0,1.0,0.18300001323223114,0.8840000629425049,0.6136528225052904,873600,873600,0,0,0,0,QC_STAT_ONLY,0.6140000224113464,"Per-file exact median; no QI threshold, filtering, or model input.",0.06960119999712333,False
2021\imerg_20210307.nc,imerg_20210307.nc,OK,,0.0,1.0,0.16700001060962677,0.9200000166893005,0.612114623826809,873600,873600,0,0,0,0,QC_STAT_ONLY,0.6100000143051147,"Per-file exact median; no QI threshold, filtering, or model input.",0.070288700000674,False
2021\imerg_20210308.nc,imerg_20210308.nc,OK,,0.0,1.0,0.16900001466274261,0.9130000472068787,0.6161133301034297,873600,873600,0,0,0,0,QC_STAT_ONLY,0.6170000433921814,"Per-file exact median; no QI threshold, filtering, or model input.",0.07579830000031507,False
2021\imerg_20210309.nc,imerg_20210309.nc,OK,,0.0,1.0,0.16700001060962677,0.9200000166893005,0.6118436850401173,873600,873600,0,0,0,0,QC_STAT_ONLY,0.6160000562667847,"Per-file exact median; no QI threshold, filtering, or model input.",0.07401410000602482,False
2021\imerg_20210310.nc,imerg_20210310.nc,OK,,0.0,1.0,0.17000000178813934,0.9240000247955322,0.612720618561821,873600,873600,0,0,0,0,QC_STAT_ONLY,0.6100000143051147,"Per-file exact median; no QI threshold, filtering, or model input.",0.08227999999508029,False
2021\imerg_20210311.nc,imerg_20210311.nc,OK,,0.0,1.0,0.18900001049041748,0.9200000166893005,0.6080145415399674,873600,873600,0,0,0,0,QC_STAT_ONLY,0.6020000576972961,"Per-file exact median; no QI threshold, filtering, or model input.",0.09939950000261888,False
2021\imerg_20210312.nc,imerg_20210312.nc,OK,,0.0,1.0,0.18300001323223114,0.8870000243186951,0.6017223490497793,873600,873600,0,0,0,0,QC_STAT_ONLY,0.597000002861023,"Per-file exact median; no QI threshold, filtering, or model input.",0.16308479999861447,False
2021\imerg_20210313.nc,imerg_20210313.nc,OK,,0.0,1.0,0.18900001049041748,0.8960000276565552,0.6027572259276887,873600,873600,0,0,0,0,QC_STAT_ONLY,0.597000002861023,"Per-file exact median; no QI threshold, filtering, or model input.",0.0779264000011608,False
2021\imerg_20210314.nc,imerg_20210314.nc,OK,,0.0,1.0,0.1860000044107437,0.89000004529953,0.6263119477858842,873600,873600,0,0,0,0,QC_STAT_ONLY,0.6170000433921814,"Per-file exact median; no QI threshold, filtering, or model input.",0.09829189999436494,False
2021\imerg_20210315.nc,imerg_20210315.nc,OK,,0.0,1.0,0.18300001323223114,0.9130000472068787,0.6164264859449657,873600,873600,0,0,0,0,QC_STAT_ONLY,0.6160000562667847,"Per-file exact median; no QI threshold, filtering, or model input.",0.19308789999922737,False
2021\imerg_20210316.nc,imerg_20210316.nc,OK,,0.0,1.0,0.18900001049041748,0.9200000166893005,0.6245235390456789,873600,873600,0,0,0,0,QC_STAT_ONLY,0.6260000467300415,"Per-file exact median; no QI threshold, filtering, or model input.",0.07633959999657236,False
2021\imerg_20210317.nc,imerg_20210317.nc,OK,,0.0,1.0,0.17000000178813934,0.9240000247955322,0.6172698695239212,873600,873600,0,0,0,0,QC_STAT_ONLY,0.6170000433921814,"Per-file exact median; no QI threshold, filtering, or model input.",0.06903459999739425,False
2021\imerg_20210318.nc,imerg_20210318.nc,OK,,0.0,1.0,0.17000000178813934,0.909000039100647,0.6067336374372346,873600,873600,0,0,0,0,QC_STAT_ONLY,0.6020000576972961,"Per-file exact median; no QI threshold, filtering, or model input.",0.07143599999835715,False
2021\imerg_20210319.nc,imerg_20210319.nc,OK,,0.0,1.0,0.18300001323223114,0.8790000677108765,0.6107014153329758,873600,873600,0,0,0,0,QC_STAT_ONLY,0.6030000448226929,"Per-file exact median; no QI threshold, filtering, or model input.",0.07409940000070492,False
2021\imerg_20210320.nc,imerg_20210320.nc,OK,,0.0,1.0,0.1810000091791153,0.8950000405311584,0.5961840484193748,873600,873600,0,0,0,0,QC_STAT_ONLY,0.5860000252723694,"Per-file exact median; no QI threshold, filtering, or model input.",0.0821938000008231,False
2021\imerg_20210321.nc,imerg_20210321.nc,OK,,0.0,1.0,0.16900001466274261,0.9240000247955322,0.6053623780655084,873600,873600,0,0,0,0,QC_STAT_ONLY,0.6030000448226929,"Per-file exact median; no QI threshold, filtering, or model input.",0.0739915000012843,False
2021\imerg_20210322.nc,imerg_20210322.nc,OK,,0.0,1.0,0.16700001060962677,0.8750000596046448,0.6062157116537648,873600,873600,0,0,0,0,QC_STAT_ONLY,0.6100000143051147,"Per-file exact median; no QI threshold, filtering, or model input.",0.07001330000639427,False
2021\imerg_20210323.nc,imerg_20210323.nc,OK,,0.0,1.0,0.16900001466274261,0.9200000166893005,0.6074395095179158,873600,873600,0,0,0,0,QC_STAT_ONLY,0.6080000400543213,"Per-file exact median; no QI threshold, filtering, or model input.",0.06650420000369195,False
2021\imerg_20210324.nc,imerg_20210324.nc,OK,,0.0,1.0,0.18300001323223114,0.9280000329017639,0.6159753391709547,873600,873600,0,0,0,0,QC_STAT_ONLY,0.6170000433921814,"Per-file exact median; no QI threshold, filtering, or model input.",0.06624020000163,False
2021\imerg_20210325.nc,imerg_20210325.nc,OK,,0.0,1.0,0.1810000091791153,0.937000036239624,0.6100330177399982,873600,873600,0,0,0,0,QC_STAT_ONLY,0.6050000190734863,"Per-file exact median; no QI threshold, filtering, or model input.",0.06658850000530947,False
2021\imerg_20210326.nc,imerg_20210326.nc,OK,,0.0,1.0,0.1810000091791153,0.9130000472068787,0.605508872726608,873600,873600,0,0,0,0,QC_STAT_ONLY,0.6020000576972961,"Per-file exact median; no QI threshold, filtering, or model input.",0.06349980000231881,False
2021\imerg_20210327.nc,imerg_20210327.nc,OK,,0.0,1.0,0.16700001060962677,0.9220000505447388,0.5930314280840162,873600,873600,0,0,0,0,QC_STAT_ONLY,0.581000030040741,"Per-file exact median; no QI threshold, filtering, or model input.",0.06474190000153612,False
2021\imerg_20210328.nc,imerg_20210328.nc,OK,,0.0,1.0,0.1810000091791153,0.9220000505447388,0.5839891405338796,873600,873600,0,0,0,0,QC_STAT_ONLY,0.5770000219345093,"Per-file exact median; no QI threshold, filtering, or model input.",0.07157169999845792,False
2021\imerg_20210329.nc,imerg_20210329.nc,OK,,0.0,1.0,0.1810000091791153,0.9110000729560852,0.5944570073448872,873600,873600,0,0,0,0,QC_STAT_ONLY,0.5840000510215759,"Per-file exact median; no QI threshold, filtering, or model input.",0.06503330000123242,False
2021\imerg_20210330.nc,imerg_20210330.nc,OK,,0.0,1.0,0.16900001466274261,0.9200000166893005,0.6095324048247264,873600,873600,0,0,0,0,QC_STAT_ONLY,0.6040000319480896,"Per-file exact median; no QI threshold, filtering, or model input.",0.06504530000529485,False
2021\imerg_20210331.nc,imerg_20210331.nc,OK,,0.0,1.0,0.18900001049041748,0.9100000262260437,0.6191981123376726,873600,873600,0,0,0,0,QC_STAT_ONLY,0.6170000433921814,"Per-file exact median; no QI threshold, filtering, or model input.",0.0646645000015269,False
2021\imerg_20210401.nc,imerg_20210401.nc,OK,,0.0,1.0,0.1980000138282776,0.909000039100647,0.6171326481072649,873600,873600,0,0,0,0,QC_STAT_ONLY,0.612000048160553,"Per-file exact median; no QI threshold, filtering, or model input.",0.06372700000065379,False
2021\imerg_20210402.nc,imerg_20210402.nc,OK,,0.0,1.0,0.17900000512599945,0.9260000586509705,0.6173227238035403,873600,873600,0,0,0,0,QC_STAT_ONLY,0.6200000047683716,"Per-file exact median; no QI threshold, filtering, or model input.",0.06573170000046957,False
2021\imerg_20210403.nc,imerg_20210403.nc,OK,,0.0,1.0,0.17500001192092896,0.893000066280365,0.605560290309662,873600,873600,0,0,0,0,QC_STAT_ONLY,0.6080000400543213,"Per-file exact median; no QI threshold, filtering, or model input.",0.06671929999720305,False
2021\imerg_20210404.nc,imerg_20210404.nc,OK,,0.0,1.0,0.18300001323223114,0.9160000681877136,0.613391827642747,873600,873600,0,0,0,0,QC_STAT_ONLY,0.609000027179718,"Per-file exact median; no QI threshold, filtering, or model input.",0.06909989999985555,False
2021\imerg_20210405.nc,imerg_20210405.nc,OK,,0.0,1.0,0.17500001192092896,0.9010000228881836,0.5975686409631948,873600,873600,0,0,0,0,QC_STAT_ONLY,0.5960000157356262,"Per-file exact median; no QI threshold, filtering, or model input.",0.06942549999803305,False
2021\imerg_20210406.nc,imerg_20210406.nc,OK,,0.0,1.0,0.17500001192092896,0.9000000357627869,0.6109723429890151,873600,873600,0,0,0,0,QC_STAT_ONLY,0.612000048160553,"Per-file exact median; no QI threshold, filtering, or model input.",0.07069109999429202,False
2021\imerg_20210407.nc,imerg_20210407.nc,OK,,0.0,1.0,0.17500001192092896,0.8850000500679016,0.6169632938098087,873600,873600,0,0,0,0,QC_STAT_ONLY,0.6180000305175781,"Per-file exact median; no QI threshold, filtering, or model input.",0.06463880000228528,False
2021\imerg_20210408.nc,imerg_20210408.nc,OK,,0.0,1.0,0.17500001192092896,0.9010000228881836,0.6196245444650273,873600,873600,0,0,0,0,QC_STAT_ONLY,0.6200000047683716,"Per-file exact median; no QI threshold, filtering, or model input.",0.06617779999942286,False
2021\imerg_20210409.nc,imerg_20210409.nc,OK,,0.0,1.0,0.1730000078678131,0.9130000472068787,0.6186874236869575,873600,873600,0,0,0,0,QC_STAT_ONLY,0.6170000433921814,"Per-file exact median; no QI threshold, filtering, or model input.",0.06656849999853875,False
2021\imerg_20210410.nc,imerg_20210410.nc,OK,,0.0,1.0,0.18300001323223114,0.9130000472068787,0.6224789868599152,873600,873600,0,0,0,0,QC_STAT_ONLY,0.6200000047683716,"Per-file exact median; no QI threshold, filtering, or model input.",0.06489229999715462,False
2021\imerg_20210411.nc,imerg_20210411.nc,OK,,0.0,1.0,0.1730000078678131,0.9000000357627869,0.6037660966342956,873600,873600,0,0,0,0,QC_STAT_ONLY,0.6060000061988831,"Per-file exact median; no QI threshold, filtering, or model input.",0.06456810000236146,False
2021\imerg_20210412.nc,imerg_20210412.nc,OK,,0.0,1.0,0.17900000512599945,0.9020000696182251,0.6151273496891457,873600,873600,0,0,0,0,QC_STAT_ONLY,0.6080000400543213,"Per-file exact median; no QI threshold, filtering, or model input.",0.06728070000099251,False
2021\imerg_20210413.nc,imerg_20210413.nc,OK,,0.0,1.0,0.17500001192092896,0.9070000648498535,0.6023741229811527,873600,873600,0,0,0,0,QC_STAT_ONLY,0.5990000367164612,"Per-file exact median; no QI threshold, filtering, or model input.",0.06911050000053365,False
2021\imerg_20210414.nc,imerg_20210414.nc,OK,,0.0,1.0,0.17900000512599945,0.8830000162124634,0.6046151155233213,873600,873600,0,0,0,0,QC_STAT_ONLY,0.6080000400543213,"Per-file exact median; no QI threshold, filtering, or model input.",0.06555559999833349,False
2021\imerg_20210415.nc,imerg_20210415.nc,OK,,0.0,1.0,0.17900000512599945,0.9070000648498535,0.6291021531636591,873600,873600,0,0,0,0,QC_STAT_ONLY,0.6330000162124634,"Per-file exact median; no QI threshold, filtering, or model input.",0.07017489999998361,False
2021\imerg_20210416.nc,imerg_20210416.nc,OK,,0.0,1.0,0.18300001323223114,0.893000066280365,0.6188460085105199,873600,873600,0,0,0,0,QC_STAT_ONLY,0.6200000047683716,"Per-file exact median; no QI threshold, filtering, or model input.",0.06943719999981113,False
2021\imerg_20210417.nc,imerg_20210417.nc,OK,,0.0,1.0,0.18300001323223114,0.9130000472068787,0.6358138398321741,873600,873600,0,0,0,0,QC_STAT_ONLY,0.6410000324249268,"Per-file exact median; no QI threshold, filtering, or model input.",0.0719567999985884,False
2021\imerg_20210418.nc,imerg_20210418.nc,OK,,0.0,1.0,0.17900000512599945,0.9000000357627869,0.6245236290906532,873600,873600,0,0,0,0,QC_STAT_ONLY,0.625,"Per-file exact median; no QI threshold, filtering, or model input.",0.06764190000103554,False
2021\imerg_20210419.nc,imerg_20210419.nc,OK,,0.0,1.0,0.18300001323223114,0.8660000562667847,0.6161467056498682,873600,873600,0,0,0,0,QC_STAT_ONLY,0.6130000352859497,"Per-file exact median; no QI threshold, filtering, or model input.",0.06764129999646684,False
2021\imerg_20210420.nc,imerg_20210420.nc,OK,,0.0,1.0,0.18300001323223114,0.8890000581741333,0.6245953920781919,873600,873600,0,0,0,0,QC_STAT_ONLY,0.6220000386238098,"Per-file exact median; no QI threshold, filtering, or model input.",0.06485209999664221,False
2021\imerg_20210421.nc,imerg_20210421.nc,OK,,0.0,1.0,0.17500001192092896,0.909000039100647,0.6123752500702228,873600,873600,0,0,0,0,QC_STAT_ONLY,0.6150000095367432,"Per-file exact median; no QI threshold, filtering, or model input.",0.06408050000027288,False
2021\imerg_20210422.nc,imerg_20210422.nc,OK,,0.0,1.0,0.18300001323223114,0.9000000357627869,0.6240245260552916,873600,873600,0,0,0,0,QC_STAT_ONLY,0.6240000128746033,"Per-file exact median; no QI threshold, filtering, or model input.",0.06400819999544183,False
2021\imerg_20210423.nc,imerg_20210423.nc,OK,,0.0,1.0,0.17500001192092896,0.8740000128746033,0.6252362069899503,873600,873600,0,0,0,0,QC_STAT_ONLY,0.6240000128746033,"Per-file exact median; no QI threshold, filtering, or model input.",0.06294810000690632,False
2021\imerg_20210424.nc,imerg_20210424.nc,OK,,0.0,1.0,0.16900001466274261,0.9000000357627869,0.6297754431786459,873600,873600,0,0,0,0,QC_STAT_ONLY,0.6240000128746033,"Per-file exact median; no QI threshold, filtering, or model input.",0.06475569999747677,False
2021\imerg_20210425.nc,imerg_20210425.nc,OK,,0.0,1.0,0.1730000078678131,0.9130000472068787,0.6352227677110303,873600,873600,0,0,0,0,QC_STAT_ONLY,0.6340000033378601,"Per-file exact median; no QI threshold, filtering, or model input.",0.06474519999756012,False
2021\imerg_20210426.nc,imerg_20210426.nc,OK,,0.0,1.0,0.18300001323223114,0.9000000357627869,0.6302989625274085,873600,873600,0,0,0,0,QC_STAT_ONLY,0.6240000128746033,"Per-file exact median; no QI threshold, filtering, or model input.",0.06554709999909392,False
2021\imerg_20210427.nc,imerg_20210427.nc,OK,,0.0,1.0,0.17900000512599945,0.8760000467300415,0.6138819482418685,873600,873600,0,0,0,0,QC_STAT_ONLY,0.612000048160553,"Per-file exact median; no QI threshold, filtering, or model input.",0.06679199999780394,False
2021\imerg_20210428.nc,imerg_20210428.nc,OK,,0.0,1.0,0.17500001192092896,0.9070000648498535,0.6249126717889334,873600,873600,0,0,0,0,QC_STAT_ONLY,0.6240000128746033,"Per-file exact median; no QI threshold, filtering, or model input.",0.06820370000059484,False
2021\imerg_20210429.nc,imerg_20210429.nc,OK,,0.0,1.0,0.17900000512599945,0.9160000681877136,0.6228474526983028,873600,873600,0,0,0,0,QC_STAT_ONLY,0.6240000128746033,"Per-file exact median; no QI threshold, filtering, or model input.",0.06515370000124676,False
2021\imerg_20210430.nc,imerg_20210430.nc,OK,,0.0,1.0,0.17900000512599945,0.8830000162124634,0.622057005894906,873600,873600,0,0,0,0,QC_STAT_ONLY,0.628000020980835,"Per-file exact median; no QI threshold, filtering, or model input.",0.06735520000074757,False
2021\imerg_20210501.nc,imerg_20210501.nc,OK,,0.0,1.0,0.18300001323223114,0.8970000147819519,0.6091680252529347,873600,873600,0,0,0,0,QC_STAT_ONLY,0.6130000352859497,"Per-file exact median; no QI threshold, filtering, or model input.",0.07351020000351127,False
2021\imerg_20210502.nc,imerg_20210502.nc,OK,,0.0,1.0,0.164000004529953,0.8970000147819519,0.6027581151520267,873600,873600,0,0,0,0,QC_STAT_ONLY,0.6050000190734863,"Per-file exact median; no QI threshold, filtering, or model input.",0.06983000000036554,False
2021\imerg_20210503.nc,imerg_20210503.nc,OK,,0.0,1.0,0.16200000047683716,0.9190000295639038,0.6018828657203978,873600,873600,0,0,0,0,QC_STAT_ONLY,0.597000002861023,"Per-file exact median; no QI threshold, filtering, or model input.",0.06985909999639262,False
2021\imerg_20210504.nc,imerg_20210504.nc,OK,,0.0,1.0,0.164000004529953,0.8790000677108765,0.5954439113755803,873600,873600,0,0,0,0,QC_STAT_ONLY,0.5960000157356262,"Per-file exact median; no QI threshold, filtering, or model input.",0.07580859999870881,False
2021\imerg_20210505.nc,imerg_20210505.nc,OK,,0.0,1.0,0.164000004529953,0.9070000648498535,0.5953283233505302,873600,873600,0,0,0,0,QC_STAT_ONLY,0.5960000157356262,"Per-file exact median; no QI threshold, filtering, or model input.",0.07142140000360087,False
2021\imerg_20210506.nc,imerg_20210506.nc,OK,,0.0,1.0,0.164000004529953,0.9310000538825989,0.6023014573614205,873600,873600,0,0,0,0,QC_STAT_ONLY,0.5980000495910645,"Per-file exact median; no QI threshold, filtering, or model input.",0.06980790000670822,False
2021\imerg_20210507.nc,imerg_20210507.nc,OK,,0.0,1.0,0.1900000125169754,0.9010000228881836,0.5944715427600475,873600,873600,0,0,0,0,QC_STAT_ONLY,0.5960000157356262,"Per-file exact median; no QI threshold, filtering, or model input.",0.0667851000034716,False
2021\imerg_20210508.nc,imerg_20210508.nc,OK,,0.0,1.0,0.18300001323223114,0.89000004529953,0.5933120216774812,873600,873600,0,0,0,0,QC_STAT_ONLY,0.5910000205039978,"Per-file exact median; no QI threshold, filtering, or model input.",0.06695209999452345,False
2021\imerg_20210509.nc,imerg_20210509.nc,OK,,0.0,1.0,0.164000004529953,0.8960000276565552,0.5974574790218667,873600,873600,0,0,0,0,QC_STAT_ONLY,0.597000002861023,"Per-file exact median; no QI threshold, filtering, or model input.",0.06769900000654161,False
2021\imerg_20210510.nc,imerg_20210510.nc,OK,,0.0,1.0,0.164000004529953,0.9190000295639038,0.5943158832246321,873600,873600,0,0,0,0,QC_STAT_ONLY,0.593000054359436,"Per-file exact median; no QI threshold, filtering, or model input.",0.06728679999650922,False
2021\imerg_20210511.nc,imerg_20210511.nc,OK,,0.0,1.0,0.18300001323223114,0.9310000538825989,0.6009864244502441,873600,873600,0,0,0,0,QC_STAT_ONLY,0.6030000448226929,"Per-file exact median; no QI threshold, filtering, or model input.",0.0704939999995986,False
2021\imerg_20210512.nc,imerg_20210512.nc,OK,,0.0,1.0,0.1860000044107437,0.9010000228881836,0.5926291681268515,873600,873600,0,0,0,0,QC_STAT_ONLY,0.5960000157356262,"Per-file exact median; no QI threshold, filtering, or model input.",0.06810780000523664,False
2021\imerg_20210513.nc,imerg_20210513.nc,OK,,0.0,1.0,0.16200000047683716,0.8990000486373901,0.5996959799229109,873600,873600,0,0,0,0,QC_STAT_ONLY,0.6030000448226929,"Per-file exact median; no QI threshold, filtering, or model input.",0.06671439999627182,False
2021\imerg_20210514.nc,imerg_20210514.nc,OK,,0.0,1.0,0.1860000044107437,0.8970000147819519,0.5988671412654119,873600,873600,0,0,0,0,QC_STAT_ONLY,0.6050000190734863,"Per-file exact median; no QI threshold, filtering, or model input.",0.06777510000392795,False
2021\imerg_20210515.nc,imerg_20210515.nc,OK,,0.0,1.0,0.164000004529953,0.9070000648498535,0.5961117288972603,873600,873600,0,0,0,0,QC_STAT_ONLY,0.5940000414848328,"Per-file exact median; no QI threshold, filtering, or model input.",0.06817669999873033,False
2021\imerg_20210516.nc,imerg_20210516.nc,OK,,0.0,1.0,0.164000004529953,0.8750000596046448,0.5944571704336445,873600,873600,0,0,0,0,QC_STAT_ONLY,0.5960000157356262,"Per-file exact median; no QI threshold, filtering, or model input.",0.06521129999600817,False
2021\imerg_20210517.nc,imerg_20210517.nc,OK,,0.0,1.0,0.164000004529953,0.8920000195503235,0.5986665402951006,873600,873600,0,0,0,0,QC_STAT_ONLY,0.5960000157356262,"Per-file exact median; no QI threshold, filtering, or model input.",0.06661809999786783,False
2021\imerg_20210518.nc,imerg_20210518.nc,OK,,0.0,1.0,0.16200000047683716,0.9020000696182251,0.5914521468162448,873600,873600,0,0,0,0,QC_STAT_ONLY,0.5910000205039978,"Per-file exact median; no QI threshold, filtering, or model input.",0.07047639999655075,False
2021\imerg_20210519.nc,imerg_20210519.nc,OK,,0.0,1.0,0.15900000929832458,0.8990000486373901,0.5676670068401106,873600,873600,0,0,0,0,QC_STAT_ONLY,0.5700000524520874,"Per-file exact median; no QI threshold, filtering, or model input.",0.07521270000142977,False
2021\imerg_20210520.nc,imerg_20210520.nc,OK,,0.0,1.0,0.164000004529953,0.8690000176429749,0.5784841051394625,873600,873600,0,0,0,0,QC_STAT_ONLY,0.578000009059906,"Per-file exact median; no QI threshold, filtering, or model input.",0.06948889999330277,False
2021\imerg_20210521.nc,imerg_20210521.nc,OK,,0.0,1.0,0.164000004529953,0.8990000486373901,0.5955368929729719,873600,873600,0,0,0,0,QC_STAT_ONLY,0.597000002861023,"Per-file exact median; no QI threshold, filtering, or model input.",0.07194419999723323,False
2021\imerg_20210522.nc,imerg_20210522.nc,OK,,0.0,1.0,0.164000004529953,0.9070000648498535,0.60774454485915,873600,873600,0,0,0,0,QC_STAT_ONLY,0.6050000190734863,"Per-file exact median; no QI threshold, filtering, or model input.",0.06875500000023749,False
2021\imerg_20210523.nc,imerg_20210523.nc,OK,,0.0,1.0,0.16200000047683716,0.9070000648498535,0.5912030879677284,873600,873600,0,0,0,0,QC_STAT_ONLY,0.5910000205039978,"Per-file exact median; no QI threshold, filtering, or model input.",0.06688730000314536,False
2021\imerg_20210524.nc,imerg_20210524.nc,OK,,0.0,1.0,0.15900000929832458,0.9020000696182251,0.5977016190129022,873600,873600,0,0,0,0,QC_STAT_ONLY,0.597000002861023,"Per-file exact median; no QI threshold, filtering, or model input.",0.06696029999875464,False
2021\imerg_20210525.nc,imerg_20210525.nc,OK,,0.0,1.0,0.16200000047683716,0.8270000219345093,0.5904625388635356,873600,873600,0,0,0,0,QC_STAT_ONLY,0.5910000205039978,"Per-file exact median; no QI threshold, filtering, or model input.",0.06910909999714931,False
2021\imerg_20210526.nc,imerg_20210526.nc,OK,,0.0,1.0,0.16200000047683716,0.8960000276565552,0.5843599680757607,873600,873600,0,0,0,0,QC_STAT_ONLY,0.5700000524520874,"Per-file exact median; no QI threshold, filtering, or model input.",0.07110819999797968,False
2021\imerg_20210527.nc,imerg_20210527.nc,OK,,0.0,1.0,0.16200000047683716,0.8760000467300415,0.558826188367464,873600,873600,0,0,0,0,QC_STAT_ONLY,0.5590000152587891,"Per-file exact median; no QI threshold, filtering, or model input.",0.07116459999815561,False
2021\imerg_20210528.nc,imerg_20210528.nc,OK,,0.0,1.0,0.16200000047683716,0.8650000691413879,0.5903666591787567,873600,873600,0,0,0,0,QC_STAT_ONLY,0.5960000157356262,"Per-file exact median; no QI threshold, filtering, or model input.",0.06865819999802625,False
2021\imerg_20210529.nc,imerg_20210529.nc,OK,,0.0,1.0,0.164000004529953,0.9050000309944153,0.5741271142397697,873600,873600,0,0,0,0,QC_STAT_ONLY,0.5690000057220459,"Per-file exact median; no QI threshold, filtering, or model input.",0.06879390000540297,False
2021\imerg_20210530.nc,imerg_20210530.nc,OK,,0.0,1.0,0.16200000047683716,0.9010000228881836,0.5978894592233637,873600,873600,0,0,0,0,QC_STAT_ONLY,0.5960000157356262,"Per-file exact median; no QI threshold, filtering, or model input.",0.06858780000038678,False
2021\imerg_20210531.nc,imerg_20210531.nc,OK,,0.0,1.0,0.164000004529953,0.9070000648498535,0.5913328239458336,873600,873600,0,0,0,0,QC_STAT_ONLY,0.5910000205039978,"Per-file exact median; no QI threshold, filtering, or model input.",0.07134439999936149,False
2021\imerg_20210601.nc,imerg_20210601.nc,OK,,0.0,1.0,0.1510000079870224,0.8720000386238098,0.5618906174644643,873600,873600,0,0,0,0,QC_STAT_ONLY,0.550000011920929,"Per-file exact median; no QI threshold, filtering, or model input.",0.0691934000060428,False
2021\imerg_20210602.nc,imerg_20210602.nc,OK,,0.0,1.0,0.1510000079870224,0.8460000157356262,0.5654938034332723,873600,873600,0,0,0,0,QC_STAT_ONLY,0.5480000376701355,"Per-file exact median; no QI threshold, filtering, or model input.",0.06652759999997215,False
2021\imerg_20210603.nc,imerg_20210603.nc,OK,,0.0,1.0,0.15200001001358032,0.8960000276565552,0.5487876296830585,873600,873600,0,0,0,0,QC_STAT_ONLY,0.5360000133514404,"Per-file exact median; no QI threshold, filtering, or model input.",0.0678224000002956,False
2021\imerg_20210604.nc,imerg_20210604.nc,OK,,0.0,1.0,0.1510000079870224,0.8720000386238098,0.5577293231834627,873600,873600,0,0,0,0,QC_STAT_ONLY,0.5460000038146973,"Per-file exact median; no QI threshold, filtering, or model input.",0.06644580000283895,False
2021\imerg_20210605.nc,imerg_20210605.nc,OK,,0.0,1.0,0.15700000524520874,0.8510000109672546,0.55723859192621,873600,873600,0,0,0,0,QC_STAT_ONLY,0.5450000166893005,"Per-file exact median; no QI threshold, filtering, or model input.",0.06942290000006324,False
2021\imerg_20210606.nc,imerg_20210606.nc,OK,,0.0,1.0,0.16900001466274261,0.8790000677108765,0.5699577395263001,873600,873600,0,0,0,0,QC_STAT_ONLY,0.5640000104904175,"Per-file exact median; no QI threshold, filtering, or model input.",0.07153929999913089,False
2021\imerg_20210607.nc,imerg_20210607.nc,OK,,0.0,1.0,0.16900001466274261,0.9030000567436218,0.5816029119473497,873600,873600,0,0,0,0,QC_STAT_ONLY,0.5670000314712524,"Per-file exact median; no QI threshold, filtering, or model input.",0.07037589999526972,False
2021\imerg_20210608.nc,imerg_20210608.nc,OK,,0.0,1.0,0.15200001001358032,0.8970000147819519,0.5519281471698398,873600,873600,0,0,0,0,QC_STAT_ONLY,0.5480000376701355,"Per-file exact median; no QI threshold, filtering, or model input.",0.07612320000043837,False
2021\imerg_20210609.nc,imerg_20210609.nc,OK,,0.0,1.0,0.15200001001358032,0.9030000567436218,0.5773510683900182,873600,873600,0,0,0,0,QC_STAT_ONLY,0.5670000314712524,"Per-file exact median; no QI threshold, filtering, or model input.",0.074888800001645,False
2021\imerg_20210610.nc,imerg_20210610.nc,OK,,0.0,1.0,0.15200001001358032,0.8960000276565552,0.5629286354932859,873600,873600,0,0,0,0,QC_STAT_ONLY,0.5480000376701355,"Per-file exact median; no QI threshold, filtering, or model input.",0.07051730000239331,False
2021\imerg_20210611.nc,imerg_20210611.nc,OK,,0.0,1.0,0.15200001001358032,0.8970000147819519,0.5551307701300864,873600,873600,0,0,0,0,QC_STAT_ONLY,0.5350000262260437,"Per-file exact median; no QI threshold, filtering, or model input.",0.07027379999635741,False
2021\imerg_20210612.nc,imerg_20210612.nc,OK,,0.0,1.0,0.15200001001358032,0.8720000386238098,0.5600026112743534,873600,873600,0,0,0,0,QC_STAT_ONLY,0.5450000166893005,"Per-file exact median; no QI threshold, filtering, or model input.",0.06957169999805046,False
2021\imerg_20210613.nc,imerg_20210613.nc,OK,,0.0,1.0,0.16900001466274261,0.9130000472068787,0.569936609213162,873600,873600,0,0,0,0,QC_STAT_ONLY,0.5530000329017639,"Per-file exact median; no QI threshold, filtering, or model input.",0.06682220000220696,False
2021\imerg_20210614.nc,imerg_20210614.nc,OK,,0.0,1.0,0.15700000524520874,0.8880000710487366,0.5779217900807931,873600,873600,0,0,0,0,QC_STAT_ONLY,0.5720000267028809,"Per-file exact median; no QI threshold, filtering, or model input.",0.06631560000096215,False
2021\imerg_20210615.nc,imerg_20210615.nc,OK,,0.0,1.0,0.16900001466274261,0.8970000147819519,0.5865281200318874,873600,873600,0,0,0,0,QC_STAT_ONLY,0.5720000267028809,"Per-file exact median; no QI threshold, filtering, or model input.",0.06824819999746978,False
2021\imerg_20210616.nc,imerg_20210616.nc,OK,,0.0,1.0,0.15700000524520874,0.9260000586509705,0.5874192287239516,873600,873600,0,0,0,0,QC_STAT_ONLY,0.5760000348091125,"Per-file exact median; no QI threshold, filtering, or model input.",0.06653210000513354,False
2021\imerg_20210617.nc,imerg_20210617.nc,OK,,0.0,1.0,0.15700000524520874,0.8870000243186951,0.5771112732832651,873600,873600,0,0,0,0,QC_STAT_ONLY,0.5680000185966492,"Per-file exact median; no QI threshold, filtering, or model input.",0.06934539999929257,False
2021\imerg_20210618.nc,imerg_20210618.nc,OK,,0.0,1.0,0.15200001001358032,0.906000018119812,0.5778817845641673,873600,873600,0,0,0,0,QC_STAT_ONLY,0.5670000314712524,"Per-file exact median; no QI threshold, filtering, or model input.",0.06441350000386592,False
2021\imerg_20210619.nc,imerg_20210619.nc,OK,,0.0,1.0,0.15200001001358032,0.8970000147819519,0.565648705631225,873600,873600,0,0,0,0,QC_STAT_ONLY,0.5460000038146973,"Per-file exact median; no QI threshold, filtering, or model input.",0.065853000000061,False
2021\imerg_20210620.nc,imerg_20210620.nc,OK,,0.0,1.0,0.15200001001358032,0.8440000414848328,0.5525650983350522,873600,873600,0,0,0,0,QC_STAT_ONLY,0.5370000004768372,"Per-file exact median; no QI threshold, filtering, or model input.",0.06570929999725195,False
2021\imerg_20210621.nc,imerg_20210621.nc,OK,,0.0,1.0,0.15700000524520874,0.9260000586509705,0.5671293076876408,873600,873600,0,0,0,0,QC_STAT_ONLY,0.5530000329017639,"Per-file exact median; no QI threshold, filtering, or model input.",0.06692929999553598,False
2021\imerg_20210622.nc,imerg_20210622.nc,OK,,0.0,1.0,0.16900001466274261,0.8890000581741333,0.5771185297515898,873600,873600,0,0,0,0,QC_STAT_ONLY,0.5730000138282776,"Per-file exact median; no QI threshold, filtering, or model input.",0.0681648999961908,False
2021\imerg_20210623.nc,imerg_20210623.nc,OK,,0.0,1.0,0.16900001466274261,0.9220000505447388,0.5884031730564311,873600,873600,0,0,0,0,QC_STAT_ONLY,0.5720000267028809,"Per-file exact median; no QI threshold, filtering, or model input.",0.0698541000019759,False
2021\imerg_20210624.nc,imerg_20210624.nc,OK,,0.0,1.0,0.15700000524520874,0.9260000586509705,0.5898660032300709,873600,873600,0,0,0,0,QC_STAT_ONLY,0.578000009059906,"Per-file exact median; no QI threshold, filtering, or model input.",0.07449669999914477,False
2021\imerg_20210625.nc,imerg_20210625.nc,OK,,0.0,1.0,0.15200001001358032,0.9030000567436218,0.579997407910414,873600,873600,0,0,0,0,QC_STAT_ONLY,0.5720000267028809,"Per-file exact median; no QI threshold, filtering, or model input.",0.07021769999846583,False
2021\imerg_20210626.nc,imerg_20210626.nc,OK,,0.0,1.0,0.15700000524520874,0.8970000147819519,0.5779074470833073,873600,873600,0,0,0,0,QC_STAT_ONLY,0.5720000267028809,"Per-file exact median; no QI threshold, filtering, or model input.",0.06976259999646572,False
2021\imerg_20210627.nc,imerg_20210627.nc,OK,,0.0,1.0,0.15200001001358032,0.8970000147819519,0.5668843280313871,873600,873600,0,0,0,0,QC_STAT_ONLY,0.5540000200271606,"Per-file exact median; no QI threshold, filtering, or model input.",0.0782651999979862,False
2021\imerg_20210628.nc,imerg_20210628.nc,OK,,0.0,1.0,0.16900001466274261,0.8060000538825989,0.5715588016664411,873600,873600,0,0,0,0,QC_STAT_ONLY,0.5670000314712524,"Per-file exact median; no QI threshold, filtering, or model input.",0.07337230000121053,False
2021\imerg_20210629.nc,imerg_20210629.nc,OK,,0.0,1.0,0.16900001466274261,0.8660000562667847,0.5641201296244703,873600,873600,0,0,0,0,QC_STAT_ONLY,0.5520000457763672,"Per-file exact median; no QI threshold, filtering, or model input.",0.07295020000310615,False
2021\imerg_20210630.nc,imerg_20210630.nc,OK,,0.0,1.0,0.15000000596046448,0.8880000710487366,0.5785633742629512,873600,873600,0,0,0,0,QC_STAT_ONLY,0.5670000314712524,"Per-file exact median; no QI threshold, filtering, or model input.",0.0718473000015365,False
2021\imerg_20210701.nc,imerg_20210701.nc,OK,,0.0,1.0,0.16500000655651093,0.8990000486373901,0.5977354835734563,873600,873600,0,0,0,0,QC_STAT_ONLY,0.5820000171661377,"Per-file exact median; no QI threshold, filtering, or model input.",0.0716450000036275,False
2021\imerg_20210702.nc,imerg_20210702.nc,OK,,0.0,1.0,0.15700000524520874,0.8990000486373901,0.5894194319743609,873600,873600,0,0,0,0,QC_STAT_ONLY,0.5690000057220459,"Per-file exact median; no QI threshold, filtering, or model input.",0.0708301000049687,False
2021\imerg_20210703.nc,imerg_20210703.nc,OK,,0.0,1.0,0.16500000655651093,0.8890000581741333,0.5886112663358954,873600,873600,0,0,0,0,QC_STAT_ONLY,0.5720000267028809,"Per-file exact median; no QI threshold, filtering, or model input.",0.06918109999969602,False
2021\imerg_20210704.nc,imerg_20210704.nc,OK,,0.0,1.0,0.1810000091791153,0.8990000486373901,0.5977840250147329,873600,873600,0,0,0,0,QC_STAT_ONLY,0.5700000524520874,"Per-file exact median; no QI threshold, filtering, or model input.",0.0700280999953975,False
2021\imerg_20210705.nc,imerg_20210705.nc,OK,,0.0,1.0,0.16500000655651093,0.878000020980835,0.58906634121161,873600,873600,0,0,0,0,QC_STAT_ONLY,0.5590000152587891,"Per-file exact median; no QI threshold, filtering, or model input.",0.06976580000628019,False
2021\imerg_20210706.nc,imerg_20210706.nc,OK,,0.0,1.0,0.16500000655651093,0.8270000219345093,0.5927144147577481,873600,873600,0,0,0,0,QC_STAT_ONLY,0.5640000104904175,"Per-file exact median; no QI threshold, filtering, or model input.",0.07012530000065453,False
2021\imerg_20210707.nc,imerg_20210707.nc,OK,,0.0,1.0,0.16500000655651093,0.8980000615119934,0.5957010904324477,873600,873600,0,0,0,0,QC_STAT_ONLY,0.5720000267028809,"Per-file exact median; no QI threshold, filtering, or model input.",0.07068109999818262,False
2021\imerg_20210708.nc,imerg_20210708.nc,OK,,0.0,1.0,0.1770000010728836,0.8980000615119934,0.5924727029276111,873600,873600,0,0,0,0,QC_STAT_ONLY,0.5649999976158142,"Per-file exact median; no QI threshold, filtering, or model input.",0.07031660000211559,False
2021\imerg_20210709.nc,imerg_20210709.nc,OK,,0.0,1.0,0.16500000655651093,0.9040000438690186,0.6059549283473701,873600,873600,0,0,0,0,QC_STAT_ONLY,0.5820000171661377,"Per-file exact median; no QI threshold, filtering, or model input.",0.06966680000186898,False
2021\imerg_20210710.nc,imerg_20210710.nc,OK,,0.0,1.0,0.15700000524520874,0.8990000486373901,0.5896715374291285,873600,873600,0,0,0,0,QC_STAT_ONLY,0.5720000267028809,"Per-file exact median; no QI threshold, filtering, or model input.",0.06844110000383807,False
2021\imerg_20210711.nc,imerg_20210711.nc,OK,,0.0,1.0,0.164000004529953,0.9040000438690186,0.5913130824283898,873600,873600,0,0,0,0,QC_STAT_ONLY,0.5740000009536743,"Per-file exact median; no QI threshold, filtering, or model input.",0.06936720000521746,False
2021\imerg_20210712.nc,imerg_20210712.nc,OK,,0.0,1.0,0.16500000655651093,0.843000054359436,0.587154747040724,873600,873600,0,0,0,0,QC_STAT_ONLY,0.5670000314712524,"Per-file exact median; no QI threshold, filtering, or model input.",0.07265419999748701,False
2021\imerg_20210713.nc,imerg_20210713.nc,OK,,0.0,1.0,0.164000004529953,0.8570000529289246,0.5852434611214571,873600,873600,0,0,0,0,QC_STAT_ONLY,0.562000036239624,"Per-file exact median; no QI threshold, filtering, or model input.",0.06846439999935683,False
2021\imerg_20210714.nc,imerg_20210714.nc,OK,,0.0,1.0,0.164000004529953,0.8830000162124634,0.5988287672207557,873600,873600,0,0,0,0,QC_STAT_ONLY,0.5720000267028809,"Per-file exact median; no QI threshold, filtering, or model input.",0.06939210000564344,False
2021\imerg_20210715.nc,imerg_20210715.nc,OK,,0.0,1.0,0.1770000010728836,0.893000066280365,0.6032905686006543,873600,873600,0,0,0,0,QC_STAT_ONLY,0.5820000171661377,"Per-file exact median; no QI threshold, filtering, or model input.",0.07377219999762019,False
2021\imerg_20210716.nc,imerg_20210716.nc,OK,,0.0,1.0,0.16500000655651093,0.9040000438690186,0.5989585408606078,873600,873600,0,0,0,0,QC_STAT_ONLY,0.5740000009536743,"Per-file exact median; no QI threshold, filtering, or model input.",0.06960960000287741,False
2021\imerg_20210717.nc,imerg_20210717.nc,OK,,0.0,1.0,0.164000004529953,0.8990000486373901,0.5881883932806674,873600,873600,0,0,0,0,QC_STAT_ONLY,0.5700000524520874,"Per-file exact median; no QI threshold, filtering, or model input.",0.06855979999818373,False
2021\imerg_20210718.nc,imerg_20210718.nc,OK,,0.0,1.0,0.164000004529953,0.9080000519752502,0.577409484452336,873600,873600,0,0,0,0,QC_STAT_ONLY,0.562000036239624,"Per-file exact median; no QI threshold, filtering, or model input.",0.06814029999804916,False
2021\imerg_20210719.nc,imerg_20210719.nc,OK,,0.0,1.0,0.15700000524520874,0.8990000486373901,0.5757802845088376,873600,873600,0,0,0,0,QC_STAT_ONLY,0.562000036239624,"Per-file exact median; no QI threshold, filtering, or model input.",0.06874510000488954,False
2021\imerg_20210720.nc,imerg_20210720.nc,OK,,0.0,1.0,0.17600001394748688,0.9040000438690186,0.5834557786163782,873600,873600,0,0,0,0,QC_STAT_ONLY,0.562000036239624,"Per-file exact median; no QI threshold, filtering, or model input.",0.06878600000345614,False
2021\imerg_20210721.nc,imerg_20210721.nc,OK,,0.0,1.0,0.16500000655651093,0.8410000205039978,0.5835474408249245,873600,873600,0,0,0,0,QC_STAT_ONLY,0.562000036239624,"Per-file exact median; no QI threshold, filtering, or model input.",0.06886349999695085,False
2021\imerg_20210722.nc,imerg_20210722.nc,OK,,0.0,1.0,0.16500000655651093,0.893000066280365,0.5992698137131229,873600,873600,0,0,0,0,QC_STAT_ONLY,0.5700000524520874,"Per-file exact median; no QI threshold, filtering, or model input.",0.0684350999945309,False
2021\imerg_20210723.nc,imerg_20210723.nc,OK,,0.0,1.0,0.16500000655651093,0.9280000329017639,0.5947399456329957,873600,873600,0,0,0,0,QC_STAT_ONLY,0.5630000233650208,"Per-file exact median; no QI threshold, filtering, or model input.",0.07008249999489635,False
2021\imerg_20210724.nc,imerg_20210724.nc,OK,,0.0,1.0,0.164000004529953,0.8990000486373901,0.5912883579672481,873600,873600,0,0,0,0,QC_STAT_ONLY,0.5649999976158142,"Per-file exact median; no QI threshold, filtering, or model input.",0.06927250000444474,False
2021\imerg_20210725.nc,imerg_20210725.nc,OK,,0.0,1.0,0.33400002121925354,0.9170000553131104,0.5873674766853751,873600,873600,0,0,0,0,QC_STAT_ONLY,0.5630000233650208,"Per-file exact median; no QI threshold, filtering, or model input.",0.06834860000526533,False
2021\imerg_20210726.nc,imerg_20210726.nc,OK,,0.0,1.0,0.33800002932548523,0.8990000486373901,0.5742555718539426,873600,873600,0,0,0,0,QC_STAT_ONLY,0.5570000410079956,"Per-file exact median; no QI threshold, filtering, or model input.",0.0682777999973041,False
2021\imerg_20210727.nc,imerg_20210727.nc,OK,,0.0,1.0,0.1770000010728836,0.9040000438690186,0.5724630471427785,873600,873600,0,0,0,0,QC_STAT_ONLY,0.5540000200271606,"Per-file exact median; no QI threshold, filtering, or model input.",0.06970910000381991,False
2021\imerg_20210728.nc,imerg_20210728.nc,OK,,0.0,1.0,0.16500000655651093,0.8990000486373901,0.5779242034567581,873600,873600,0,0,0,0,QC_STAT_ONLY,0.5570000410079956,"Per-file exact median; no QI threshold, filtering, or model input.",0.06932090000191238,False
2021\imerg_20210729.nc,imerg_20210729.nc,OK,,0.0,1.0,0.15700000524520874,0.8750000596046448,0.57323402827841,873600,873600,0,0,0,0,QC_STAT_ONLY,0.5530000329017639,"Per-file exact median; no QI threshold, filtering, or model input.",0.07070240000030026,False
2021\imerg_20210730.nc,imerg_20210730.nc,OK,,0.0,1.0,0.1810000091791153,0.8990000486373901,0.590265606266443,873600,873600,0,0,0,0,QC_STAT_ONLY,0.5630000233650208,"Per-file exact median; no QI threshold, filtering, or model input.",0.07674179999594344,False
2021\imerg_20210731.nc,imerg_20210731.nc,OK,,0.0,1.0,0.1730000078678131,0.9150000214576721,0.5920074421549455,873600,873600,0,0,0,0,QC_STAT_ONLY,0.5700000524520874,"Per-file exact median; no QI threshold, filtering, or model input.",0.07430050000402844,False
2021\imerg_20210801.nc,imerg_20210801.nc,OK,,0.0,1.0,0.15700000524520874,0.9280000329017639,0.5776483633655256,873600,873600,0,0,0,0,QC_STAT_ONLY,0.5460000038146973,"Per-file exact median; no QI threshold, filtering, or model input.",0.06779649999953108,False
2021\imerg_20210802.nc,imerg_20210802.nc,OK,,0.0,1.0,0.15900000929832458,0.9170000553131104,0.574998955325933,873600,873600,0,0,0,0,QC_STAT_ONLY,0.5440000295639038,"Per-file exact median; no QI threshold, filtering, or model input.",0.07407099999545608,False
2021\imerg_20210803.nc,imerg_20210803.nc,OK,,0.0,1.0,0.15800000727176666,0.9170000553131104,0.5565352275323519,873600,873600,0,0,0,0,QC_STAT_ONLY,0.5300000309944153,"Per-file exact median; no QI threshold, filtering, or model input.",0.06802860000607325,False
2021\imerg_20210804.nc,imerg_20210804.nc,OK,,0.0,1.0,0.15900000929832458,0.9010000228881836,0.5576480355625972,873600,873600,0,0,0,0,QC_STAT_ONLY,0.5380000472068787,"Per-file exact median; no QI threshold, filtering, or model input.",0.06580740000208607,False
2021\imerg_20210805.nc,imerg_20210805.nc,OK,,0.0,1.0,0.17900000512599945,0.9030000567436218,0.5686312779092704,873600,873600,0,0,0,0,QC_STAT_ONLY,0.5380000472068787,"Per-file exact median; no QI threshold, filtering, or model input.",0.0647504000007757,False
2021\imerg_20210806.nc,imerg_20210806.nc,OK,,0.0,1.0,0.17000000178813934,0.9010000228881836,0.5764365661824838,873600,873600,0,0,0,0,QC_STAT_ONLY,0.5509999990463257,"Per-file exact median; no QI threshold, filtering, or model input.",0.0660526000065147,False
2021\imerg_20210807.nc,imerg_20210807.nc,OK,,0.0,1.0,0.15700000524520874,0.9010000228881836,0.5746328588401994,873600,873600,0,0,0,0,QC_STAT_ONLY,0.5440000295639038,"Per-file exact median; no QI threshold, filtering, or model input.",0.06548540000221692,False
2021\imerg_20210808.nc,imerg_20210808.nc,OK,,0.0,1.0,0.15700000524520874,0.8740000128746033,0.5728957049415068,873600,873600,0,0,0,0,QC_STAT_ONLY,0.5440000295639038,"Per-file exact median; no QI threshold, filtering, or model input.",0.06823789999907603,False
2021\imerg_20210809.nc,imerg_20210809.nc,OK,,0.0,1.0,0.15700000524520874,0.9170000553131104,0.5665830785690913,873600,873600,0,0,0,0,QC_STAT_ONLY,0.5420000553131104,"Per-file exact median; no QI threshold, filtering, or model input.",0.06837919999816222,False
2021\imerg_20210810.nc,imerg_20210810.nc,OK,,0.0,1.0,0.15700000524520874,0.9030000567436218,0.5612605615124966,873600,873600,0,0,0,0,QC_STAT_ONLY,0.5380000472068787,"Per-file exact median; no QI threshold, filtering, or model input.",0.06959230000211392,False
2021\imerg_20210811.nc,imerg_20210811.nc,OK,,0.0,1.0,0.15700000524520874,0.9010000228881836,0.555386265833869,873600,873600,0,0,0,0,QC_STAT_ONLY,0.5380000472068787,"Per-file exact median; no QI threshold, filtering, or model input.",0.0714901999963331,False
2021\imerg_20210812.nc,imerg_20210812.nc,OK,,0.0,1.0,0.15700000524520874,0.9010000228881836,0.555904243222315,873600,873600,0,0,0,0,QC_STAT_ONLY,0.5380000472068787,"Per-file exact median; no QI threshold, filtering, or model input.",0.07167499999923166,False
2021\imerg_20210813.nc,imerg_20210813.nc,OK,,0.0,1.0,0.15900000929832458,0.8260000348091125,0.5689773413984296,873600,873600,0,0,0,0,QC_STAT_ONLY,0.5440000295639038,"Per-file exact median; no QI threshold, filtering, or model input.",0.07132650000130525,False
2021\imerg_20210814.nc,imerg_20210814.nc,OK,,0.0,1.0,0.15800000727176666,0.8920000195503235,0.5745198434710352,873600,873600,0,0,0,0,QC_STAT_ONLY,0.5460000038146973,"Per-file exact median; no QI threshold, filtering, or model input.",0.07198000000062166,False
2021\imerg_20210815.nc,imerg_20210815.nc,OK,,0.0,1.0,0.17000000178813934,0.9030000567436218,0.5955674041514779,873600,873600,0,0,0,0,QC_STAT_ONLY,0.5600000023841858,"Per-file exact median; no QI threshold, filtering, or model input.",0.07006540000293171,False
2021\imerg_20210816.nc,imerg_20210816.nc,OK,,0.0,1.0,0.15700000524520874,0.8420000672340393,0.5865833107193578,873600,873600,0,0,0,0,QC_STAT_ONLY,0.5580000281333923,"Per-file exact median; no QI threshold, filtering, or model input.",0.07202300000062678,False
2021\imerg_20210817.nc,imerg_20210817.nc,OK,,0.0,1.0,0.15700000524520874,0.9010000228881836,0.5693783556122756,873600,873600,0,0,0,0,QC_STAT_ONLY,0.5440000295639038,"Per-file exact median; no QI threshold, filtering, or model input.",0.07516089999990072,False
2021\imerg_20210818.nc,imerg_20210818.nc,OK,,0.0,1.0,0.15700000524520874,0.9030000567436218,0.5519797409118423,873600,873600,0,0,0,0,QC_STAT_ONLY,0.5370000004768372,"Per-file exact median; no QI threshold, filtering, or model input.",0.07227780000539497,False
2021\imerg_20210819.nc,imerg_20210819.nc,OK,,0.0,1.0,0.15700000524520874,0.9010000228881836,0.5385933540358239,873600,873600,0,0,0,0,QC_STAT_ONLY,0.5250000357627869,"Per-file exact median; no QI threshold, filtering, or model input.",0.07116069999756292,False
2021\imerg_20210820.nc,imerg_20210820.nc,OK,,0.0,1.0,0.15700000524520874,0.8870000243186951,0.5446435311428978,873600,873600,0,0,0,0,QC_STAT_ONLY,0.531000018119812,"Per-file exact median; no QI threshold, filtering, or model input.",0.07126630000129808,False
2021\imerg_20210821.nc,imerg_20210821.nc,OK,,0.0,1.0,0.15700000524520874,0.8480000495910645,0.5754916326482457,873600,873600,0,0,0,0,QC_STAT_ONLY,0.5420000553131104,"Per-file exact median; no QI threshold, filtering, or model input.",0.06657490000361577,False
2021\imerg_20210822.nc,imerg_20210822.nc,OK,,0.0,1.0,0.16300000250339508,0.9010000228881836,0.5937808153747782,873600,873600,0,0,0,0,QC_STAT_ONLY,0.5680000185966492,"Per-file exact median; no QI threshold, filtering, or model input.",0.06824459999916144,False
2021\imerg_20210823.nc,imerg_20210823.nc,OK,,0.0,1.0,0.16500000655651093,0.9030000567436218,0.6012686830969193,873600,873600,0,0,0,0,QC_STAT_ONLY,0.5700000524520874,"Per-file exact median; no QI threshold, filtering, or model input.",0.06953190000058385,False
2021\imerg_20210824.nc,imerg_20210824.nc,OK,,0.0,1.0,0.15700000524520874,0.8550000190734863,0.5702784832422673,873600,873600,0,0,0,0,QC_STAT_ONLY,0.5440000295639038,"Per-file exact median; no QI threshold, filtering, or model input.",0.07201419999910286,False
2021\imerg_20210825.nc,imerg_20210825.nc,OK,,0.0,1.0,0.15700000524520874,0.9030000567436218,0.5680951685382858,873600,873600,0,0,0,0,QC_STAT_ONLY,0.5440000295639038,"Per-file exact median; no QI threshold, filtering, or model input.",0.07245960000000196,False
2021\imerg_20210826.nc,imerg_20210826.nc,OK,,0.0,1.0,0.15700000524520874,0.8570000529289246,0.5489668283392181,873600,873600,0,0,0,0,QC_STAT_ONLY,0.5250000357627869,"Per-file exact median; no QI threshold, filtering, or model input.",0.07084369999938644,False
2021\imerg_20210827.nc,imerg_20210827.nc,OK,,0.0,1.0,0.15700000524520874,0.9010000228881836,0.5440657509150557,873600,873600,0,0,0,0,QC_STAT_ONLY,0.5240000486373901,"Per-file exact median; no QI threshold, filtering, or model input.",0.07161500000074739,False
2021\imerg_20210828.nc,imerg_20210828.nc,OK,,0.0,1.0,0.15700000524520874,0.9000000357627869,0.5512195818849085,873600,873600,0,0,0,0,QC_STAT_ONLY,0.5370000004768372,"Per-file exact median; no QI threshold, filtering, or model input.",0.07066289999784203,False
2021\imerg_20210829.nc,imerg_20210829.nc,OK,,0.0,1.0,0.15700000524520874,0.8970000147819519,0.5578232921253303,873600,873600,0,0,0,0,QC_STAT_ONLY,0.5360000133514404,"Per-file exact median; no QI threshold, filtering, or model input.",0.06770829999732086,False
2021\imerg_20210830.nc,imerg_20210830.nc,OK,,0.0,1.0,0.15800000727176666,0.9010000228881836,0.5851085630639358,873600,873600,0,0,0,0,QC_STAT_ONLY,0.5509999990463257,"Per-file exact median; no QI threshold, filtering, or model input.",0.06709080000291578,False
2021\imerg_20210831.nc,imerg_20210831.nc,OK,,0.0,1.0,0.15700000524520874,0.9030000567436218,0.6014327106515676,873600,873600,0,0,0,0,QC_STAT_ONLY,0.5700000524520874,"Per-file exact median; no QI threshold, filtering, or model input.",0.06657089999498567,False
2021\imerg_20210901.nc,imerg_20210901.nc,OK,,0.0,1.0,0.16700001060962677,0.9010000228881836,0.592870643098187,873600,873600,0,0,0,0,QC_STAT_ONLY,0.5720000267028809,"Per-file exact median; no QI threshold, filtering, or model input.",0.0684116000047652,False
2021\imerg_20210902.nc,imerg_20210902.nc,OK,,0.0,1.0,0.15900000929832458,0.9080000519752502,0.5824552619086081,873600,873600,0,0,0,0,QC_STAT_ONLY,0.5670000314712524,"Per-file exact median; no QI threshold, filtering, or model input.",0.06865040000411682,False
2021\imerg_20210903.nc,imerg_20210903.nc,OK,,0.0,1.0,0.15900000929832458,0.8570000529289246,0.5671776112361262,873600,873600,0,0,0,0,QC_STAT_ONLY,0.5530000329017639,"Per-file exact median; no QI threshold, filtering, or model input.",0.06960090000211494,False
2021\imerg_20210904.nc,imerg_20210904.nc,OK,,0.0,1.0,0.15900000929832458,0.906000018119812,0.5645769607956306,873600,873600,0,0,0,0,QC_STAT_ONLY,0.5460000038146973,"Per-file exact median; no QI threshold, filtering, or model input.",0.07330329999967944,False
2021\imerg_20210905.nc,imerg_20210905.nc,OK,,0.0,1.0,0.15900000929832458,0.8880000710487366,0.5646058171278807,873600,873600,0,0,0,0,QC_STAT_ONLY,0.5509999990463257,"Per-file exact median; no QI threshold, filtering, or model input.",0.07122740000340855,False
2021\imerg_20210906.nc,imerg_20210906.nc,OK,,0.0,1.0,0.1770000010728836,0.9080000519752502,0.5908010702859952,873600,873600,0,0,0,0,QC_STAT_ONLY,0.5680000185966492,"Per-file exact median; no QI threshold, filtering, or model input.",0.07074989999819081,False
2021\imerg_20210907.nc,imerg_20210907.nc,OK,,0.0,1.0,0.16100001335144043,0.9180000424385071,0.6153289961810445,873600,873600,0,0,0,0,QC_STAT_ONLY,0.5950000286102295,"Per-file exact median; no QI threshold, filtering, or model input.",0.07427759999700356,False
2021\imerg_20210908.nc,imerg_20210908.nc,OK,,0.0,1.0,0.1680000126361847,0.9080000519752502,0.5974035571677604,873600,873600,0,0,0,0,QC_STAT_ONLY,0.5760000348091125,"Per-file exact median; no QI threshold, filtering, or model input.",0.06786750000173924,False
2021\imerg_20210909.nc,imerg_20210909.nc,OK,,0.0,1.0,0.16100001335144043,0.9290000200271606,0.5889537617695201,873600,873600,0,0,0,0,QC_STAT_ONLY,0.5680000185966492,"Per-file exact median; no QI threshold, filtering, or model input.",0.06868659999599913,False
2021\imerg_20210910.nc,imerg_20210910.nc,OK,,0.0,1.0,0.15900000929832458,0.9080000519752502,0.5797162099660378,873600,873600,0,0,0,0,QC_STAT_ONLY,0.5649999976158142,"Per-file exact median; no QI threshold, filtering, or model input.",0.06549989999621175,False
2021\imerg_20210911.nc,imerg_20210911.nc,OK,,0.0,1.0,0.15900000929832458,0.8520000576972961,0.5787127031739153,873600,873600,0,0,0,0,QC_STAT_ONLY,0.5560000538825989,"Per-file exact median; no QI threshold, filtering, or model input.",0.06490550000307849,False
2021\imerg_20210912.nc,imerg_20210912.nc,OK,,0.0,1.0,0.15900000929832458,0.9290000200271606,0.5752314365305682,873600,873600,0,0,0,0,QC_STAT_ONLY,0.5560000538825989,"Per-file exact median; no QI threshold, filtering, or model input.",0.06651150000107009,False
2021\imerg_20210913.nc,imerg_20210913.nc,OK,,0.0,1.0,0.15900000929832458,0.8670000433921814,0.573942452549368,873600,873600,0,0,0,0,QC_STAT_ONLY,0.5520000457763672,"Per-file exact median; no QI threshold, filtering, or model input.",0.06638829999428708,False
2021\imerg_20210914.nc,imerg_20210914.nc,OK,,0.0,1.0,0.15900000929832458,0.8360000252723694,0.5829082224244805,873600,873600,0,0,0,0,QC_STAT_ONLY,0.5690000057220459,"Per-file exact median; no QI threshold, filtering, or model input.",0.0686448000051314,False
2021\imerg_20210915.nc,imerg_20210915.nc,OK,,0.0,1.0,0.1680000126361847,0.9190000295639038,0.6137023512165544,873600,873600,0,0,0,0,QC_STAT_ONLY,0.5879999995231628,"Per-file exact median; no QI threshold, filtering, or model input.",0.06783150000410387,False
2021\imerg_20210916.nc,imerg_20210916.nc,OK,,0.0,1.0,0.16100001335144043,0.8360000252723694,0.5935321404112864,873600,873600,0,0,0,0,QC_STAT_ONLY,0.5700000524520874,"Per-file exact median; no QI threshold, filtering, or model input.",0.06667690000176663,False
2021\imerg_20210917.nc,imerg_20210917.nc,OK,,0.0,1.0,0.1680000126361847,0.9080000519752502,0.5941894191052021,873600,873600,0,0,0,0,QC_STAT_ONLY,0.5790000557899475,"Per-file exact median; no QI threshold, filtering, or model input.",0.06763100000534905,False
2021\imerg_20210918.nc,imerg_20210918.nc,OK,,0.0,1.0,0.16100001335144043,0.9080000519752502,0.5848875379848086,873600,873600,0,0,0,0,QC_STAT_ONLY,0.5570000410079956,"Per-file exact median; no QI threshold, filtering, or model input.",0.06909950000408571,False
2021\imerg_20210919.nc,imerg_20210919.nc,OK,,0.0,1.0,0.15900000929832458,0.8450000286102295,0.5690087993747653,873600,873600,0,0,0,0,QC_STAT_ONLY,0.550000011920929,"Per-file exact median; no QI threshold, filtering, or model input.",0.06923860000097193,False
2021\imerg_20210920.nc,imerg_20210920.nc,OK,,0.0,1.0,0.15900000929832458,0.9190000295639038,0.5708147012848823,873600,873600,0,0,0,0,QC_STAT_ONLY,0.5480000376701355,"Per-file exact median; no QI threshold, filtering, or model input.",0.06534150000516092,False
2021\imerg_20210921.nc,imerg_20210921.nc,OK,,0.0,1.0,0.15900000929832458,0.8890000581741333,0.575475215635027,873600,873600,0,0,0,0,QC_STAT_ONLY,0.5560000538825989,"Per-file exact median; no QI threshold, filtering, or model input.",0.06425119999767048,False
2021\imerg_20210922.nc,imerg_20210922.nc,OK,,0.0,1.0,0.15900000929832458,0.8570000529289246,0.5862697946428297,873600,873600,0,0,0,0,QC_STAT_ONLY,0.5580000281333923,"Per-file exact median; no QI threshold, filtering, or model input.",0.06589700000040466,False
2021\imerg_20210923.nc,imerg_20210923.nc,OK,,0.0,1.0,0.1810000091791153,0.9080000519752502,0.6087115827566627,873600,873600,0,0,0,0,QC_STAT_ONLY,0.5879999995231628,"Per-file exact median; no QI threshold, filtering, or model input.",0.06969019999814918,False
2021\imerg_20210924.nc,imerg_20210924.nc,OK,,0.0,1.0,0.15900000929832458,0.8570000529289246,0.5849577169804475,873600,873600,0,0,0,0,QC_STAT_ONLY,0.5670000314712524,"Per-file exact median; no QI threshold, filtering, or model input.",0.0691272999974899,False
2021\imerg_20210925.nc,imerg_20210925.nc,OK,,0.0,1.0,0.15900000929832458,0.9080000519752502,0.5892461408421247,873600,873600,0,0,0,0,QC_STAT_ONLY,0.5690000057220459,"Per-file exact median; no QI threshold, filtering, or model input.",0.06753259999823058,False
2021\imerg_20210926.nc,imerg_20210926.nc,OK,,0.0,1.0,0.15900000929832458,0.9030000567436218,0.5775673302474701,873600,873600,0,0,0,0,QC_STAT_ONLY,0.5560000538825989,"Per-file exact median; no QI threshold, filtering, or model input.",0.06761330000153976,False
2021\imerg_20210927.nc,imerg_20210927.nc,OK,,0.0,1.0,0.15900000929832458,0.8440000414848328,0.574138806399961,873600,873600,0,0,0,0,QC_STAT_ONLY,0.5509999990463257,"Per-file exact median; no QI threshold, filtering, or model input.",0.07216019999759737,False
2021\imerg_20210928.nc,imerg_20210928.nc,OK,,0.0,1.0,0.15900000929832458,0.9080000519752502,0.5741446549761461,873600,873600,0,0,0,0,QC_STAT_ONLY,0.5560000538825989,"Per-file exact median; no QI threshold, filtering, or model input.",0.06514500000048429,False
2021\imerg_20210929.nc,imerg_20210929.nc,OK,,0.0,1.0,0.16100001335144043,0.8790000677108765,0.5786759334791028,873600,873600,0,0,0,0,QC_STAT_ONLY,0.5560000538825989,"Per-file exact median; no QI threshold, filtering, or model input.",0.06677119999949355,False
2021\imerg_20210930.nc,imerg_20210930.nc,OK,,0.0,1.0,0.1680000126361847,0.8490000367164612,0.5870862465609213,873600,873600,0,0,0,0,QC_STAT_ONLY,0.5680000185966492,"Per-file exact median; no QI threshold, filtering, or model input.",0.07209919999877457,False
2021\imerg_20211001.nc,imerg_20211001.nc,OK,,0.0,1.0,0.17000000178813934,0.9130000472068787,0.5926561996249837,873600,873600,0,0,0,0,QC_STAT_ONLY,0.5610000491142273,"Per-file exact median; no QI threshold, filtering, or model input.",0.07025219999923138,False
2021\imerg_20211002.nc,imerg_20211002.nc,OK,,0.0,1.0,0.1730000078678131,0.8670000433921814,0.5748662883371811,873600,873600,0,0,0,0,QC_STAT_ONLY,0.5550000071525574,"Per-file exact median; no QI threshold, filtering, or model input.",0.0685857999997097,False
2021\imerg_20211003.nc,imerg_20211003.nc,OK,,0.0,1.0,0.17000000178813934,0.9130000472068787,0.5857779637849873,873600,873600,0,0,0,0,QC_STAT_ONLY,0.5640000104904175,"Per-file exact median; no QI threshold, filtering, or model input.",0.07006769999861717,False
2021\imerg_20211004.nc,imerg_20211004.nc,OK,,0.0,1.0,0.1600000113248825,0.8670000433921814,0.5680525667797228,873600,873600,0,0,0,0,QC_STAT_ONLY,0.5480000376701355,"Per-file exact median; no QI threshold, filtering, or model input.",0.06653579999692738,False
2021\imerg_20211005.nc,imerg_20211005.nc,OK,,0.0,1.0,0.16100001335144043,0.8570000529289246,0.5583605256756843,873600,873600,0,0,0,0,QC_STAT_ONLY,0.5420000553131104,"Per-file exact median; no QI threshold, filtering, or model input.",0.06617030000052182,False
2021\imerg_20211006.nc,imerg_20211006.nc,OK,,0.0,1.0,0.1600000113248825,0.9020000696182251,0.5636845992930445,873600,873600,0,0,0,0,QC_STAT_ONLY,0.5450000166893005,"Per-file exact median; no QI threshold, filtering, or model input.",0.11291939999500755,False
2021\imerg_20211007.nc,imerg_20211007.nc,OK,,0.0,1.0,0.16100001335144043,0.8960000276565552,0.563622479841229,873600,873600,0,0,0,0,QC_STAT_ONLY,0.5470000505447388,"Per-file exact median; no QI threshold, filtering, or model input.",0.25231179999536835,False
2021\imerg_20211008.nc,imerg_20211008.nc,OK,,0.0,1.0,0.18400001525878906,0.89000004529953,0.5778622423049622,873600,873600,0,0,0,0,QC_STAT_ONLY,0.550000011920929,"Per-file exact median; no QI threshold, filtering, or model input.",0.1003497999990941,False
2021\imerg_20211009.nc,imerg_20211009.nc,OK,,0.0,1.0,0.1730000078678131,0.9130000472068787,0.5930540218281529,873600,873600,0,0,0,0,QC_STAT_ONLY,0.5670000314712524,"Per-file exact median; no QI threshold, filtering, or model input.",0.07972860000154469,False
2021\imerg_20211010.nc,imerg_20211010.nc,OK,,0.0,1.0,0.17000000178813934,0.8880000710487366,0.5673398830616444,873600,873600,0,0,0,0,QC_STAT_ONLY,0.5470000505447388,"Per-file exact median; no QI threshold, filtering, or model input.",0.08105699999578064,False
2021\imerg_20211011.nc,imerg_20211011.nc,OK,,0.0,1.0,0.16100001335144043,0.9130000472068787,0.5751409445918462,873600,873600,0,0,0,0,QC_STAT_ONLY,0.5540000200271606,"Per-file exact median; no QI threshold, filtering, or model input.",0.07494790000055218,False
2021\imerg_20211012.nc,imerg_20211012.nc,OK,,0.0,1.0,0.1600000113248825,0.8770000338554382,0.5585462888500793,873600,873600,0,0,0,0,QC_STAT_ONLY,0.5430000424385071,"Per-file exact median; no QI threshold, filtering, or model input.",0.0798441000006278,False
2021\imerg_20211013.nc,imerg_20211013.nc,OK,,0.0,1.0,0.1600000113248825,0.8500000238418579,0.5574343052403592,873600,873600,0,0,0,0,QC_STAT_ONLY,0.5400000214576721,"Per-file exact median; no QI threshold, filtering, or model input.",0.0732337000008556,False
2021\imerg_20211014.nc,imerg_20211014.nc,OK,,0.0,1.0,0.16100001335144043,0.8700000643730164,0.5656972067887236,873600,873600,0,0,0,0,QC_STAT_ONLY,0.5460000038146973,"Per-file exact median; no QI threshold, filtering, or model input.",0.07512819999828935,False
2021\imerg_20211015.nc,imerg_20211015.nc,OK,,0.0,1.0,0.16100001335144043,0.906000018119812,0.5741735802271366,873600,873600,0,0,0,0,QC_STAT_ONLY,0.5470000505447388,"Per-file exact median; no QI threshold, filtering, or model input.",0.07336860000214074,False
2021\imerg_20211016.nc,imerg_20211016.nc,OK,,0.0,1.0,0.16100001335144043,0.9230000376701355,0.5664096247181877,873600,873600,0,0,0,0,QC_STAT_ONLY,0.5450000166893005,"Per-file exact median; no QI threshold, filtering, or model input.",0.07256380000035278,False
2021\imerg_20211017.nc,imerg_20211017.nc,OK,,0.0,1.0,0.17000000178813934,0.8630000352859497,0.5700457307529182,873600,873600,0,0,0,0,QC_STAT_ONLY,0.5470000505447388,"Per-file exact median; no QI threshold, filtering, or model input.",0.06942759999947157,False
2021\imerg_20211018.nc,imerg_20211018.nc,OK,,0.0,1.0,0.16200000047683716,0.8510000109672546,0.5636173371949332,873600,873600,0,0,0,0,QC_STAT_ONLY,0.5450000166893005,"Per-file exact median; no QI threshold, filtering, or model input.",0.0676342000006116,False
2021\imerg_20211019.nc,imerg_20211019.nc,OK,,0.0,1.0,0.1730000078678131,0.9130000472068787,0.5732126881063305,873600,873600,0,0,0,0,QC_STAT_ONLY,0.550000011920929,"Per-file exact median; no QI threshold, filtering, or model input.",0.06523719999677269,False
2021\imerg_20211020.nc,imerg_20211020.nc,OK,,0.0,1.0,0.1600000113248825,0.9070000648498535,0.5751076950705115,873600,873600,0,0,0,0,QC_STAT_ONLY,0.5540000200271606,"Per-file exact median; no QI threshold, filtering, or model input.",0.07007209999574115,False
2021\imerg_20211021.nc,imerg_20211021.nc,OK,,0.0,1.0,0.1600000113248825,0.8860000371932983,0.5750264496208874,873600,873600,0,0,0,0,QC_STAT_ONLY,0.5550000071525574,"Per-file exact median; no QI threshold, filtering, or model input.",0.07205009999597678,False
2021\imerg_20211022.nc,imerg_20211022.nc,OK,,0.0,1.0,0.1600000113248825,0.9070000648498535,0.5813174986282036,873600,873600,0,0,0,0,QC_STAT_ONLY,0.5550000071525574,"Per-file exact median; no QI threshold, filtering, or model input.",0.07124650000332622,False
2021\imerg_20211023.nc,imerg_20211023.nc,OK,,0.0,1.0,0.16100001335144043,0.843000054359436,0.5592283165208217,873600,873600,0,0,0,0,QC_STAT_ONLY,0.5460000038146973,"Per-file exact median; no QI threshold, filtering, or model input.",0.0663256000043475,False
2021\imerg_20211024.nc,imerg_20211024.nc,OK,,0.0,1.0,0.1600000113248825,0.8700000643730164,0.5730959476056362,873600,873600,0,0,0,0,QC_STAT_ONLY,0.550000011920929,"Per-file exact median; no QI threshold, filtering, or model input.",0.06623240000044461,False
2021\imerg_20211025.nc,imerg_20211025.nc,OK,,0.0,1.0,0.16200000047683716,0.8760000467300415,0.5673340981406068,873600,873600,0,0,0,0,QC_STAT_ONLY,0.5460000038146973,"Per-file exact median; no QI threshold, filtering, or model input.",0.0686954999982845,False
2021\imerg_20211026.nc,imerg_20211026.nc,OK,,0.0,1.0,0.1600000113248825,0.9130000472068787,0.5578657113928382,873600,873600,0,0,0,0,QC_STAT_ONLY,0.5360000133514404,"Per-file exact median; no QI threshold, filtering, or model input.",0.06602939999720547,False
2021\imerg_20211027.nc,imerg_20211027.nc,OK,,0.0,1.0,0.1600000113248825,0.9020000696182251,0.5604016329085236,873600,873600,0,0,0,0,QC_STAT_ONLY,0.5420000553131104,"Per-file exact median; no QI threshold, filtering, or model input.",0.07294120000005933,False
2021\imerg_20211028.nc,imerg_20211028.nc,OK,,0.0,1.0,0.1600000113248825,0.8570000529289246,0.5646745806087436,873600,873600,0,0,0,0,QC_STAT_ONLY,0.5460000038146973,"Per-file exact median; no QI threshold, filtering, or model input.",0.06954309999855468,False
2021\imerg_20211029.nc,imerg_20211029.nc,OK,,0.0,1.0,0.1600000113248825,0.906000018119812,0.5747077720306794,873600,873600,0,0,0,0,QC_STAT_ONLY,0.5480000376701355,"Per-file exact median; no QI threshold, filtering, or model input.",0.06710000000020955,False
2021\imerg_20211030.nc,imerg_20211030.nc,OK,,0.0,1.0,0.16200000047683716,0.862000048160553,0.5863605961942322,873600,873600,0,0,0,0,QC_STAT_ONLY,0.5610000491142273,"Per-file exact median; no QI threshold, filtering, or model input.",0.07497239999793237,False
2021\imerg_20211031.nc,imerg_20211031.nc,OK,,0.0,1.0,0.16200000047683716,0.8860000371932983,0.5748336161539511,873600,873600,0,0,0,0,QC_STAT_ONLY,0.5540000200271606,"Per-file exact median; no QI threshold, filtering, or model input.",0.07072759999573464,False
2021\imerg_20211101.nc,imerg_20211101.nc,OK,,0.0,1.0,0.17600001394748688,0.8800000548362732,0.5916016049358496,873600,873600,0,0,0,0,QC_STAT_ONLY,0.5700000524520874,"Per-file exact median; no QI threshold, filtering, or model input.",0.07036220000009052,False
2021\imerg_20211102.nc,imerg_20211102.nc,OK,,0.0,1.0,0.1860000044107437,0.8860000371932983,0.5907597024129847,873600,873600,0,0,0,0,QC_STAT_ONLY,0.5740000009536743,"Per-file exact median; no QI threshold, filtering, or model input.",0.06680290000076639,False
2021\imerg_20211103.nc,imerg_20211103.nc,OK,,0.0,1.0,0.17600001394748688,0.8540000319480896,0.5804077099084056,873600,873600,0,0,0,0,QC_STAT_ONLY,0.5700000524520874,"Per-file exact median; no QI threshold, filtering, or model input.",0.06675040000118315,False
2021\imerg_20211104.nc,imerg_20211104.nc,OK,,0.0,1.0,0.17500001192092896,0.8710000514984131,0.591821414964144,873600,873600,0,0,0,0,QC_STAT_ONLY,0.581000030040741,"Per-file exact median; no QI threshold, filtering, or model input.",0.06673959999898216,False
2021\imerg_20211105.nc,imerg_20211105.nc,OK,,0.0,1.0,0.17500001192092896,0.8690000176429749,0.6022501158694508,873600,873600,0,0,0,0,QC_STAT_ONLY,0.5910000205039978,"Per-file exact median; no QI threshold, filtering, or model input.",0.0650995000032708,False
2021\imerg_20211106.nc,imerg_20211106.nc,OK,,0.0,1.0,0.17500001192092896,0.8920000195503235,0.6051900136027649,873600,873600,0,0,0,0,QC_STAT_ONLY,0.5910000205039978,"Per-file exact median; no QI threshold, filtering, or model input.",0.0657846000030986,False
2021\imerg_20211107.nc,imerg_20211107.nc,OK,,0.0,1.0,0.1860000044107437,0.8760000467300415,0.6166210211501645,873600,873600,0,0,0,0,QC_STAT_ONLY,0.609000027179718,"Per-file exact median; no QI threshold, filtering, or model input.",0.06616550000035204,False
2021\imerg_20211108.nc,imerg_20211108.nc,OK,,0.0,1.0,0.17600001394748688,0.8920000195503235,0.6021556995386571,873600,873600,0,0,0,0,QC_STAT_ONLY,0.5910000205039978,"Per-file exact median; no QI threshold, filtering, or model input.",0.06647140000131913,False
2021\imerg_20211109.nc,imerg_20211109.nc,OK,,0.0,1.0,0.17600001394748688,0.8860000371932983,0.6000834737561691,873600,873600,0,0,0,0,QC_STAT_ONLY,0.5740000009536743,"Per-file exact median; no QI threshold, filtering, or model input.",0.06807659999321913,False
2021\imerg_20211110.nc,imerg_20211110.nc,OK,,0.0,1.0,0.17600001394748688,0.8690000176429749,0.5981959886551279,873600,873600,0,0,0,0,QC_STAT_ONLY,0.5879999995231628,"Per-file exact median; no QI threshold, filtering, or model input.",0.0694971999982954,False
2021\imerg_20211111.nc,imerg_20211111.nc,OK,,0.0,1.0,0.1860000044107437,0.843000054359436,0.589925934429683,873600,873600,0,0,0,0,QC_STAT_ONLY,0.5740000009536743,"Per-file exact median; no QI threshold, filtering, or model input.",0.06814890000532614,False
2021\imerg_20211112.nc,imerg_20211112.nc,OK,,0.0,1.0,0.17500001192092896,0.8360000252723694,0.5904385498450427,873600,873600,0,0,0,0,QC_STAT_ONLY,0.5860000252723694,"Per-file exact median; no QI threshold, filtering, or model input.",0.06878330000472488,False
2021\imerg_20211113.nc,imerg_20211113.nc,OK,,0.0,1.0,0.17500001192092896,0.8760000467300415,0.6064274169842887,873600,873600,0,0,0,0,QC_STAT_ONLY,0.6070000529289246,"Per-file exact median; no QI threshold, filtering, or model input.",0.06727659999887692,False
2021\imerg_20211114.nc,imerg_20211114.nc,OK,,0.0,1.0,0.17600001394748688,0.8760000467300415,0.615415247295567,873600,873600,0,0,0,0,QC_STAT_ONLY,0.6030000448226929,"Per-file exact median; no QI threshold, filtering, or model input.",0.07415729999775067,False
2021\imerg_20211115.nc,imerg_20211115.nc,OK,,0.0,1.0,0.1860000044107437,0.8540000319480896,0.6119147595826488,873600,873600,0,0,0,0,QC_STAT_ONLY,0.609000027179718,"Per-file exact median; no QI threshold, filtering, or model input.",0.07169270000304095,False
2021\imerg_20211116.nc,imerg_20211116.nc,OK,,0.0,1.0,0.1860000044107437,0.8800000548362732,0.6123666851938235,873600,873600,0,0,0,0,QC_STAT_ONLY,0.6010000109672546,"Per-file exact median; no QI threshold, filtering, or model input.",0.06711509999877308,False
2021\imerg_20211117.nc,imerg_20211117.nc,OK,,0.0,1.0,0.17500001192092896,0.9220000505447388,0.5880879667698962,873600,873600,0,0,0,0,QC_STAT_ONLY,0.5800000429153442,"Per-file exact median; no QI threshold, filtering, or model input.",0.0702921999982209,False
2021\imerg_20211118.nc,imerg_20211118.nc,OK,,0.0,1.0,0.1860000044107437,0.8670000433921814,0.5988981501770891,873600,873600,0,0,0,0,QC_STAT_ONLY,0.5910000205039978,"Per-file exact median; no QI threshold, filtering, or model input.",0.06287880000309087,False
2021\imerg_20211119.nc,imerg_20211119.nc,OK,,0.0,1.0,0.17500001192092896,0.8320000171661377,0.5967534193120413,873600,873600,0,0,0,0,QC_STAT_ONLY,0.5900000333786011,"Per-file exact median; no QI threshold, filtering, or model input.",0.06407400000171037,False
2021\imerg_20211120.nc,imerg_20211120.nc,OK,,0.0,1.0,0.17600001394748688,0.8610000610351562,0.5975829671268034,873600,873600,0,0,0,0,QC_STAT_ONLY,0.5910000205039978,"Per-file exact median; no QI threshold, filtering, or model input.",0.0652957000056631,False
2021\imerg_20211121.nc,imerg_20211121.nc,OK,,0.0,1.0,0.17500001192092896,0.9010000228881836,0.6124801459761282,873600,873600,0,0,0,0,QC_STAT_ONLY,0.6010000109672546,"Per-file exact median; no QI threshold, filtering, or model input.",0.06810109999787528,False
2021\imerg_20211122.nc,imerg_20211122.nc,OK,,0.0,1.0,0.17600001394748688,0.8800000548362732,0.610557867292325,873600,873600,0,0,0,0,QC_STAT_ONLY,0.6000000238418579,"Per-file exact median; no QI threshold, filtering, or model input.",0.06749009999475675,False
2021\imerg_20211123.nc,imerg_20211123.nc,OK,,0.0,1.0,0.17600001394748688,0.9110000729560852,0.607774183034484,873600,873600,0,0,0,0,QC_STAT_ONLY,0.6010000109672546,"Per-file exact median; no QI threshold, filtering, or model input.",0.06837349999841535,False
2021\imerg_20211124.nc,imerg_20211124.nc,OK,,0.0,1.0,0.17600001394748688,0.9050000309944153,0.595218969531811,873600,873600,0,0,0,0,QC_STAT_ONLY,0.5890000462532043,"Per-file exact median; no QI threshold, filtering, or model input.",0.06652999999641906,False
2021\imerg_20211125.nc,imerg_20211125.nc,OK,,0.0,1.0,0.17600001394748688,0.9190000295639038,0.6109919077976037,873600,873600,0,0,0,0,QC_STAT_ONLY,0.6030000448226929,"Per-file exact median; no QI threshold, filtering, or model input.",0.06604749999678461,False
2021\imerg_20211126.nc,imerg_20211126.nc,OK,,0.0,1.0,0.17500001192092896,0.8540000319480896,0.5972759186500008,873600,873600,0,0,0,0,QC_STAT_ONLY,0.5910000205039978,"Per-file exact median; no QI threshold, filtering, or model input.",0.06628879999334458,False
2021\imerg_20211127.nc,imerg_20211127.nc,OK,,0.0,1.0,0.17600001394748688,0.9330000281333923,0.5874211584918556,873600,873600,0,0,0,0,QC_STAT_ONLY,0.5800000429153442,"Per-file exact median; no QI threshold, filtering, or model input.",0.06645920000300976,False
2021\imerg_20211128.nc,imerg_20211128.nc,OK,,0.0,1.0,0.17500001192092896,0.8540000319480896,0.5933048331293178,873600,873600,0,0,0,0,QC_STAT_ONLY,0.5910000205039978,"Per-file exact median; no QI threshold, filtering, or model input.",0.06608450000203447,False
2021\imerg_20211129.nc,imerg_20211129.nc,OK,,0.0,1.0,0.17500001192092896,0.8940000534057617,0.6050854126463948,873600,873600,0,0,0,0,QC_STAT_ONLY,0.6000000238418579,"Per-file exact median; no QI threshold, filtering, or model input.",0.06716469999810215,False
2021\imerg_20211130.nc,imerg_20211130.nc,OK,,0.0,1.0,0.17600001394748688,0.8790000677108765,0.6005809516101331,873600,873600,0,0,0,0,QC_STAT_ONLY,0.597000002861023,"Per-file exact median; no QI threshold, filtering, or model input.",0.06611719999636989,False
2021\imerg_20211201.nc,imerg_20211201.nc,OK,,0.0,1.0,0.18700000643730164,0.8800000548362732,0.6186548488478999,873600,873600,0,0,0,0,QC_STAT_ONLY,0.612000048160553,"Per-file exact median; no QI threshold, filtering, or model input.",0.06607439999788767,False
2021\imerg_20211202.nc,imerg_20211202.nc,OK,,0.0,1.0,0.1900000125169754,0.9200000166893005,0.6209633163123429,873600,873600,0,0,0,0,QC_STAT_ONLY,0.6100000143051147,"Per-file exact median; no QI threshold, filtering, or model input.",0.06635049999749754,False
2021\imerg_20211203.nc,imerg_20211203.nc,OK,,0.0,1.0,0.1900000125169754,0.893000066280365,0.620152660855058,873600,873600,0,0,0,0,QC_STAT_ONLY,0.6110000014305115,"Per-file exact median; no QI threshold, filtering, or model input.",0.06961109999974724,False
2021\imerg_20211204.nc,imerg_20211204.nc,OK,,0.0,1.0,0.19300000369548798,0.8970000147819519,0.620946163774891,873600,873600,0,0,0,0,QC_STAT_ONLY,0.6100000143051147,"Per-file exact median; no QI threshold, filtering, or model input.",0.0674079000018537,False
2021\imerg_20211205.nc,imerg_20211205.nc,OK,,0.0,1.0,0.18700000643730164,0.9350000619888306,0.6246960183810579,873600,873600,0,0,0,0,QC_STAT_ONLY,0.6140000224113464,"Per-file exact median; no QI threshold, filtering, or model input.",0.06818130000465317,False
2021\imerg_20211206.nc,imerg_20211206.nc,OK,,0.0,1.0,0.1900000125169754,0.8610000610351562,0.6265754067210221,873600,873600,0,0,0,0,QC_STAT_ONLY,0.6140000224113464,"Per-file exact median; no QI threshold, filtering, or model input.",0.07321539999975357,False
2021\imerg_20211207.nc,imerg_20211207.nc,OK,,0.0,1.0,0.1900000125169754,0.9120000600814819,0.6363939164561516,873600,873600,0,0,0,0,QC_STAT_ONLY,0.6170000433921814,"Per-file exact median; no QI threshold, filtering, or model input.",0.06492689999868162,False
2021\imerg_20211208.nc,imerg_20211208.nc,OK,,0.0,1.0,0.19700001180171967,0.9010000228881836,0.6188152042443731,873600,873600,0,0,0,0,QC_STAT_ONLY,0.6080000400543213,"Per-file exact median; no QI threshold, filtering, or model input.",0.06585820000327658,False
2021\imerg_20211209.nc,imerg_20211209.nc,OK,,0.0,1.0,0.20000000298023224,0.9010000228881836,0.629131187582525,873600,873600,0,0,0,0,QC_STAT_ONLY,0.6150000095367432,"Per-file exact median; no QI threshold, filtering, or model input.",0.06724080000276444,False
2021\imerg_20211210.nc,imerg_20211210.nc,OK,,0.0,1.0,0.1900000125169754,0.893000066280365,0.6199604354554364,873600,873600,0,0,0,0,QC_STAT_ONLY,0.612000048160553,"Per-file exact median; no QI threshold, filtering, or model input.",0.06656089999887627,False
2021\imerg_20211211.nc,imerg_20211211.nc,OK,,0.0,1.0,0.20000000298023224,0.8840000629425049,0.623268049992962,873600,873600,0,0,0,0,QC_STAT_ONLY,0.6100000143051147,"Per-file exact median; no QI threshold, filtering, or model input.",0.06743090000236407,False
2021\imerg_20211212.nc,imerg_20211212.nc,OK,,0.0,1.0,0.20000000298023224,0.8570000529289246,0.6130418671235005,873600,873600,0,0,0,0,QC_STAT_ONLY,0.612000048160553,"Per-file exact median; no QI threshold, filtering, or model input.",0.06642770000325982,False
2021\imerg_20211213.nc,imerg_20211213.nc,OK,,0.0,1.0,0.1860000044107437,0.9040000438690186,0.6130749907017935,873600,873600,0,0,0,0,QC_STAT_ONLY,0.6110000014305115,"Per-file exact median; no QI threshold, filtering, or model input.",0.06804369999736082,False
2021\imerg_20211214.nc,imerg_20211214.nc,OK,,0.0,1.0,0.1900000125169754,0.859000027179718,0.6222936566987317,873600,873600,0,0,0,0,QC_STAT_ONLY,0.6170000433921814,"Per-file exact median; no QI threshold, filtering, or model input.",0.06654290000005858,False
2021\imerg_20211215.nc,imerg_20211215.nc,OK,,0.0,1.0,0.1860000044107437,0.893000066280365,0.6182037667693543,873600,873600,0,0,0,0,QC_STAT_ONLY,0.612000048160553,"Per-file exact median; no QI threshold, filtering, or model input.",0.0657673000023351,False
2021\imerg_20211216.nc,imerg_20211216.nc,OK,,0.0,1.0,0.1900000125169754,0.906000018119812,0.6292694332965756,873600,873600,0,0,0,0,QC_STAT_ONLY,0.6100000143051147,"Per-file exact median; no QI threshold, filtering, or model input.",0.0657675999973435,False
2021\imerg_20211217.nc,imerg_20211217.nc,OK,,0.0,1.0,0.20000000298023224,0.9010000228881836,0.6223318268556741,873600,873600,0,0,0,0,QC_STAT_ONLY,0.6110000014305115,"Per-file exact median; no QI threshold, filtering, or model input.",0.06515719999879366,False
2021\imerg_20211218.nc,imerg_20211218.nc,OK,,0.0,1.0,0.20000000298023224,0.8810000419616699,0.6331718087890919,873600,873600,0,0,0,0,QC_STAT_ONLY,0.6150000095367432,"Per-file exact median; no QI threshold, filtering, or model input.",0.06762239999807207,False
2021\imerg_20211219.nc,imerg_20211219.nc,OK,,0.0,1.0,0.1900000125169754,0.8220000267028809,0.6148262572495417,873600,873600,0,0,0,0,QC_STAT_ONLY,0.6080000400543213,"Per-file exact median; no QI threshold, filtering, or model input.",0.06710539999767207,False
2021\imerg_20211220.nc,imerg_20211220.nc,OK,,0.0,1.0,0.1860000044107437,0.8480000495910645,0.6331402937764465,873600,873600,0,0,0,0,QC_STAT_ONLY,0.6170000433921814,"Per-file exact median; no QI threshold, filtering, or model input.",0.06666759999643546,False
2021\imerg_20211221.nc,imerg_20211221.nc,OK,,0.0,1.0,0.1900000125169754,0.9040000438690186,0.635430544282859,873600,873600,0,0,0,0,QC_STAT_ONLY,0.6170000433921814,"Per-file exact median; no QI threshold, filtering, or model input.",0.07457630000135396,False
2021\imerg_20211222.nc,imerg_20211222.nc,OK,,0.0,1.0,0.20100000500679016,0.8510000109672546,0.6315357819655671,873600,873600,0,0,0,0,QC_STAT_ONLY,0.6170000433921814,"Per-file exact median; no QI threshold, filtering, or model input.",0.06774580000637798,False
2021\imerg_20211223.nc,imerg_20211223.nc,OK,,0.0,1.0,0.1900000125169754,0.8650000691413879,0.6253955679541392,873600,873600,0,0,0,0,QC_STAT_ONLY,0.612000048160553,"Per-file exact median; no QI threshold, filtering, or model input.",0.06753220000246074,False
2021\imerg_20211224.nc,imerg_20211224.nc,OK,,0.0,1.0,0.18700000643730164,0.9010000228881836,0.6194478046699451,873600,873600,0,0,0,0,QC_STAT_ONLY,0.6080000400543213,"Per-file exact median; no QI threshold, filtering, or model input.",0.07290889999421779,False
2021\imerg_20211225.nc,imerg_20211225.nc,OK,,0.0,1.0,0.19500000774860382,0.9010000228881836,0.6194315215547982,873600,873600,0,0,0,0,QC_STAT_ONLY,0.6060000061988831,"Per-file exact median; no QI threshold, filtering, or model input.",0.06590570000116713,False
2021\imerg_20211226.nc,imerg_20211226.nc,OK,,0.0,1.0,0.1900000125169754,0.893000066280365,0.6280562461318872,873600,873600,0,0,0,0,QC_STAT_ONLY,0.612000048160553,"Per-file exact median; no QI threshold, filtering, or model input.",0.06637500000215368,False
2021\imerg_20211227.nc,imerg_20211227.nc,OK,,0.0,1.0,0.1900000125169754,0.8720000386238098,0.6262924746134159,873600,873600,0,0,0,0,QC_STAT_ONLY,0.612000048160553,"Per-file exact median; no QI threshold, filtering, or model input.",0.06748220000008587,False
2021\imerg_20211228.nc,imerg_20211228.nc,OK,,0.0,1.0,0.18700000643730164,0.8610000610351562,0.6340467187213531,873600,873600,0,0,0,0,QC_STAT_ONLY,0.6210000514984131,"Per-file exact median; no QI threshold, filtering, or model input.",0.06726250000065193,False
2021\imerg_20211229.nc,imerg_20211229.nc,OK,,0.0,1.0,0.20100000500679016,0.9040000438690186,0.6388765266496388,873600,873600,0,0,0,0,QC_STAT_ONLY,0.6260000467300415,"Per-file exact median; no QI threshold, filtering, or model input.",0.06659019999642624,False
2021\imerg_20211230.nc,imerg_20211230.nc,OK,,0.0,1.0,0.1900000125169754,0.8700000643730164,0.6221064608399466,873600,873600,0,0,0,0,QC_STAT_ONLY,0.612000048160553,"Per-file exact median; no QI threshold, filtering, or model input.",0.06831390000297688,False
2021\imerg_20211231.nc,imerg_20211231.nc,OK,,0.0,1.0,0.18700000643730164,0.906000018119812,0.6068883015322004,873600,873600,0,0,0,0,QC_STAT_ONLY,0.6050000190734863,"Per-file exact median; no QI threshold, filtering, or model input.",0.06639150000410154,False
2022\imerg_20220101.nc,imerg_20220101.nc,OK,,0.0,1.0,0.18300001323223114,0.9040000438690186,0.6057827729241063,873600,873600,0,0,0,0,QC_STAT_ONLY,0.5980000495910645,"Per-file exact median; no QI threshold, filtering, or model input.",0.06546879999950761,False
2022\imerg_20220102.nc,imerg_20220102.nc,OK,,0.0,1.0,0.1990000158548355,0.9280000329017639,0.6030788174016237,873600,873600,0,0,0,0,QC_STAT_ONLY,0.597000002861023,"Per-file exact median; no QI threshold, filtering, or model input.",0.06500919999962207,False
2022\imerg_20220103.nc,imerg_20220103.nc,OK,,0.0,1.0,0.18900001049041748,0.8910000324249268,0.6249070447631481,873600,873600,0,0,0,0,QC_STAT_ONLY,0.6170000433921814,"Per-file exact median; no QI threshold, filtering, or model input.",0.06661480000184383,False
2022\imerg_20220104.nc,imerg_20220104.nc,OK,,0.0,1.0,0.18900001049041748,0.9020000696182251,0.6190101976391787,873600,873600,0,0,0,0,QC_STAT_ONLY,0.6170000433921814,"Per-file exact median; no QI threshold, filtering, or model input.",0.06569519999902695,False
2022\imerg_20220105.nc,imerg_20220105.nc,OK,,0.0,1.0,0.19700001180171967,0.9260000586509705,0.632171611696202,873600,873600,0,0,0,0,QC_STAT_ONLY,0.6290000081062317,"Per-file exact median; no QI threshold, filtering, or model input.",0.06662440000218339,False
2022\imerg_20220106.nc,imerg_20220106.nc,OK,,0.0,1.0,0.17900000512599945,0.9020000696182251,0.631210124586221,873600,873600,0,0,0,0,QC_STAT_ONLY,0.6350000500679016,"Per-file exact median; no QI threshold, filtering, or model input.",0.06559030000062194,False
2022\imerg_20220107.nc,imerg_20220107.nc,OK,,0.0,1.0,0.18300001323223114,0.8500000238418579,0.6221361788613176,873600,873600,0,0,0,0,QC_STAT_ONLY,0.6180000305175781,"Per-file exact median; no QI threshold, filtering, or model input.",0.06436650000250665,False
2022\imerg_20220108.nc,imerg_20220108.nc,OK,,0.0,1.0,0.17900000512599945,0.9120000600814819,0.624534247008838,873600,873600,0,0,0,0,QC_STAT_ONLY,0.6170000433921814,"Per-file exact median; no QI threshold, filtering, or model input.",0.06768680000095628,False
2022\imerg_20220109.nc,imerg_20220109.nc,OK,,0.0,1.0,0.18300001323223114,0.9040000438690186,0.5996982616060089,873600,873600,0,0,0,0,QC_STAT_ONLY,0.5940000414848328,"Per-file exact median; no QI threshold, filtering, or model input.",0.06761980000010226,False
2022\imerg_20220110.nc,imerg_20220110.nc,OK,,0.0,1.0,0.18300001323223114,0.9120000600814819,0.6075721086116658,873600,873600,0,0,0,0,QC_STAT_ONLY,0.6020000576972961,"Per-file exact median; no QI threshold, filtering, or model input.",0.06465580000076443,False
2022\imerg_20220111.nc,imerg_20220111.nc,OK,,0.0,1.0,0.18400001525878906,0.8830000162124634,0.6239927903889259,873600,873600,0,0,0,0,QC_STAT_ONLY,0.6300000548362732,"Per-file exact median; no QI threshold, filtering, or model input.",0.06938169999921229,False
2022\imerg_20220112.nc,imerg_20220112.nc,OK,,0.0,1.0,0.19700001180171967,0.9010000228881836,0.6336003204749303,873600,873600,0,0,0,0,QC_STAT_ONLY,0.6300000548362732,"Per-file exact median; no QI threshold, filtering, or model input.",0.07340439999825321,False
2022\imerg_20220113.nc,imerg_20220113.nc,OK,,0.0,1.0,0.1990000158548355,0.9280000329017639,0.649094226864361,873600,873600,0,0,0,0,QC_STAT_ONLY,0.6550000309944153,"Per-file exact median; no QI threshold, filtering, or model input.",0.06766500000230735,False
2022\imerg_20220114.nc,imerg_20220114.nc,OK,,0.0,1.0,0.18300001323223114,0.9120000600814819,0.6233629866360751,873600,873600,0,0,0,0,QC_STAT_ONLY,0.6300000548362732,"Per-file exact median; no QI threshold, filtering, or model input.",0.06889370000135386,False
2022\imerg_20220115.nc,imerg_20220115.nc,OK,,0.0,1.0,0.17900000512599945,0.9110000729560852,0.6091864662616251,873600,873600,0,0,0,0,QC_STAT_ONLY,0.6180000305175781,"Per-file exact median; no QI threshold, filtering, or model input.",0.06867989999591373,False
2022\imerg_20220116.nc,imerg_20220116.nc,OK,,0.0,1.0,0.17900000512599945,0.9220000505447388,0.5956651403564762,873600,873600,0,0,0,0,QC_STAT_ONLY,0.6020000576972961,"Per-file exact median; no QI threshold, filtering, or model input.",0.069428800001333,False
2022\imerg_20220117.nc,imerg_20220117.nc,OK,,0.0,1.0,0.17800000309944153,0.9260000586509705,0.5963273383026615,873600,873600,0,0,0,0,QC_STAT_ONLY,0.6020000576972961,"Per-file exact median; no QI threshold, filtering, or model input.",0.0669696999975713,False
2022\imerg_20220118.nc,imerg_20220118.nc,OK,,0.0,1.0,0.17900000512599945,0.8680000305175781,0.585753748536915,873600,873600,0,0,0,0,QC_STAT_ONLY,0.5920000076293945,"Per-file exact median; no QI threshold, filtering, or model input.",0.06728960000327788,False
2022\imerg_20220119.nc,imerg_20220119.nc,OK,,0.0,1.0,0.18300001323223114,0.8940000534057617,0.6195601280232305,873600,873600,0,0,0,0,QC_STAT_ONLY,0.6300000548362732,"Per-file exact median; no QI threshold, filtering, or model input.",0.06709250000130851,False
2022\imerg_20220120.nc,imerg_20220120.nc,OK,,0.0,1.0,0.17900000512599945,0.8820000290870667,0.6174132790387311,873600,873600,0,0,0,0,QC_STAT_ONLY,0.625,"Per-file exact median; no QI threshold, filtering, or model input.",0.06927989999530837,False
2022\imerg_20220121.nc,imerg_20220121.nc,OK,,0.0,1.0,0.18900001049041748,0.9020000696182251,0.6261272522109482,873600,873600,0,0,0,0,QC_STAT_ONLY,0.6350000500679016,"Per-file exact median; no QI threshold, filtering, or model input.",0.06879149999440415,False
2022\imerg_20220122.nc,imerg_20220122.nc,OK,,0.0,1.0,0.17900000512599945,0.893000066280365,0.627730203947298,873600,873600,0,0,0,0,QC_STAT_ONLY,0.6380000114440918,"Per-file exact median; no QI threshold, filtering, or model input.",0.06656540000403766,False
2022\imerg_20220123.nc,imerg_20220123.nc,OK,,0.0,1.0,0.18300001323223114,0.8980000615119934,0.606771482654622,873600,873600,0,0,0,0,QC_STAT_ONLY,0.6170000433921814,"Per-file exact median; no QI threshold, filtering, or model input.",0.0682849000004353,False
2022\imerg_20220124.nc,imerg_20220124.nc,OK,,0.0,1.0,0.17900000512599945,0.9220000505447388,0.6059259681849,873600,873600,0,0,0,0,QC_STAT_ONLY,0.6150000095367432,"Per-file exact median; no QI threshold, filtering, or model input.",0.06692100000509527,False
2022\imerg_20220125.nc,imerg_20220125.nc,OK,,0.0,1.0,0.18300001323223114,0.9120000600814819,0.6087091482949235,873600,873600,0,0,0,0,QC_STAT_ONLY,0.6160000562667847,"Per-file exact median; no QI threshold, filtering, or model input.",0.06613949999882607,False
2022\imerg_20220126.nc,imerg_20220126.nc,OK,,0.0,1.0,0.18300001323223114,0.9040000438690186,0.6091822167239818,873600,873600,0,0,0,0,QC_STAT_ONLY,0.6210000514984131,"Per-file exact median; no QI threshold, filtering, or model input.",0.06935200000589248,False
2022\imerg_20220127.nc,imerg_20220127.nc,OK,,0.0,1.0,0.18300001323223114,0.8650000691413879,0.6231577016276243,873600,873600,0,0,0,0,QC_STAT_ONLY,0.6350000500679016,"Per-file exact median; no QI threshold, filtering, or model input.",0.07266009999875678,False
2022\imerg_20220128.nc,imerg_20220128.nc,OK,,0.0,1.0,0.19700001180171967,0.9320000410079956,0.6260708371480763,873600,873600,0,0,0,0,QC_STAT_ONLY,0.6410000324249268,"Per-file exact median; no QI threshold, filtering, or model input.",0.07555339999817079,False
2022\imerg_20220129.nc,imerg_20220129.nc,OK,,0.0,1.0,0.17900000512599945,0.8980000615119934,0.6285449861325221,873600,873600,0,0,0,0,QC_STAT_ONLY,0.6410000324249268,"Per-file exact median; no QI threshold, filtering, or model input.",0.06865220000327099,False
2022\imerg_20220130.nc,imerg_20220130.nc,OK,,0.0,1.0,0.18300001323223114,0.8480000495910645,0.6257576012185982,873600,873600,0,0,0,0,QC_STAT_ONLY,0.6380000114440918,"Per-file exact median; no QI threshold, filtering, or model input.",0.06965750000381377,False
2022\imerg_20220131.nc,imerg_20220131.nc,OK,,0.0,1.0,0.17900000512599945,0.8610000610351562,0.6115316847823185,873600,873600,0,0,0,0,QC_STAT_ONLY,0.6290000081062317,"Per-file exact median; no QI threshold, filtering, or model input.",0.06527959999948507,False
2022\imerg_20220201.nc,imerg_20220201.nc,OK,,0.0,1.0,0.1850000023841858,0.9280000329017639,0.6156848272887117,873600,873600,0,0,0,0,QC_STAT_ONLY,0.6380000114440918,"Per-file exact median; no QI threshold, filtering, or model input.",0.06872709999879589,False
2022\imerg_20220202.nc,imerg_20220202.nc,OK,,0.0,1.0,0.1900000125169754,0.89000004529953,0.6166611128170282,873600,873600,0,0,0,0,QC_STAT_ONLY,0.6380000114440918,"Per-file exact median; no QI threshold, filtering, or model input.",0.07011270000657532,False
2022\imerg_20220203.nc,imerg_20220203.nc,OK,,0.0,1.0,0.18300001323223114,0.8980000615119934,0.6035163192012801,873600,873600,0,0,0,0,QC_STAT_ONLY,0.6160000562667847,"Per-file exact median; no QI threshold, filtering, or model input.",0.06713989999843761,False
2022\imerg_20220204.nc,imerg_20220204.nc,OK,,0.0,1.0,0.1850000023841858,0.906000018119812,0.6179683274344537,873600,873600,0,0,0,0,QC_STAT_ONLY,0.6300000548362732,"Per-file exact median; no QI threshold, filtering, or model input.",0.06637689999479335,False
2022\imerg_20220205.nc,imerg_20220205.nc,OK,,0.0,1.0,0.1850000023841858,0.9130000472068787,0.6115549817833633,873600,873600,0,0,0,0,QC_STAT_ONLY,0.625,"Per-file exact median; no QI threshold, filtering, or model input.",0.07206310000037774,False
2022\imerg_20220206.nc,imerg_20220206.nc,OK,,0.0,1.0,0.1850000023841858,0.9130000472068787,0.6225222004260084,873600,873600,0,0,0,0,QC_STAT_ONLY,0.6380000114440918,"Per-file exact median; no QI threshold, filtering, or model input.",0.07220410000445554,False
2022\imerg_20220207.nc,imerg_20220207.nc,OK,,0.0,1.0,0.18300001323223114,0.8750000596046448,0.6236507121733502,873600,873600,0,0,0,0,QC_STAT_ONLY,0.6510000228881836,"Per-file exact median; no QI threshold, filtering, or model input.",0.06752489999780664,False
2022\imerg_20220208.nc,imerg_20220208.nc,OK,,0.0,1.0,0.18400001525878906,0.8630000352859497,0.6016236819633395,873600,873600,0,0,0,0,QC_STAT_ONLY,0.6130000352859497,"Per-file exact median; no QI threshold, filtering, or model input.",0.0679872000036994,False
2022\imerg_20220209.nc,imerg_20220209.nc,OK,,0.0,1.0,0.18300001323223114,0.8950000405311584,0.6106510557901564,873600,873600,0,0,0,0,QC_STAT_ONLY,0.6180000305175781,"Per-file exact median; no QI threshold, filtering, or model input.",0.06648810000478989,False
2022\imerg_20220210.nc,imerg_20220210.nc,OK,,0.0,1.0,0.18300001323223114,0.878000020980835,0.6115782129193994,873600,873600,0,0,0,0,QC_STAT_ONLY,0.625,"Per-file exact median; no QI threshold, filtering, or model input.",0.06804920000286074,False
2022\imerg_20220211.nc,imerg_20220211.nc,OK,,0.0,1.0,0.1850000023841858,0.9070000648498535,0.6104534307052296,873600,873600,0,0,0,0,QC_STAT_ONLY,0.6150000095367432,"Per-file exact median; no QI threshold, filtering, or model input.",0.06441009999980452,False
2022\imerg_20220212.nc,imerg_20220212.nc,OK,,0.0,1.0,0.18300001323223114,0.9170000553131104,0.6109159085949739,873600,873600,0,0,0,0,QC_STAT_ONLY,0.625,"Per-file exact median; no QI threshold, filtering, or model input.",0.06991310000012163,False
2022\imerg_20220213.nc,imerg_20220213.nc,OK,,0.0,1.0,0.18300001323223114,0.9130000472068787,0.6227462588497625,873600,873600,0,0,0,0,QC_STAT_ONLY,0.6510000228881836,"Per-file exact median; no QI threshold, filtering, or model input.",0.06800659999862546,False
2022\imerg_20220214.nc,imerg_20220214.nc,OK,,0.0,1.0,0.18300001323223114,0.9130000472068787,0.6239155052034969,873600,873600,0,0,0,0,QC_STAT_ONLY,0.6430000066757202,"Per-file exact median; no QI threshold, filtering, or model input.",0.06898699999874225,False
2022\imerg_20220215.nc,imerg_20220215.nc,OK,,0.0,1.0,0.18300001323223114,0.9170000553131104,0.6271550956846559,873600,873600,0,0,0,0,QC_STAT_ONLY,0.6470000147819519,"Per-file exact median; no QI threshold, filtering, or model input.",0.0686617000028491,False
2022\imerg_20220216.nc,imerg_20220216.nc,OK,,0.0,1.0,0.18400001525878906,0.8890000581741333,0.6099909420034784,873600,873600,0,0,0,0,QC_STAT_ONLY,0.6180000305175781,"Per-file exact median; no QI threshold, filtering, or model input.",0.0695726000049035,False
2022\imerg_20220217.nc,imerg_20220217.nc,OK,,0.0,1.0,0.18300001323223114,0.9180000424385071,0.6226846536284572,873600,873600,0,0,0,0,QC_STAT_ONLY,0.625,"Per-file exact median; no QI threshold, filtering, or model input.",0.07326109999848995,False
2022\imerg_20220218.nc,imerg_20220218.nc,OK,,0.0,1.0,0.18300001323223114,0.9180000424385071,0.6215918485148751,873600,873600,0,0,0,0,QC_STAT_ONLY,0.6240000128746033,"Per-file exact median; no QI threshold, filtering, or model input.",0.06612020000466146,False
2022\imerg_20220219.nc,imerg_20220219.nc,OK,,0.0,1.0,0.1900000125169754,0.8890000581741333,0.6123933039160937,873600,873600,0,0,0,0,QC_STAT_ONLY,0.6240000128746033,"Per-file exact median; no QI threshold, filtering, or model input.",0.07019640000362415,False
2022\imerg_20220220.nc,imerg_20220220.nc,OK,,0.0,1.0,0.1850000023841858,0.9280000329017639,0.6243472699341518,873600,873600,0,0,0,0,QC_STAT_ONLY,0.6300000548362732,"Per-file exact median; no QI threshold, filtering, or model input.",0.06734470000083093,False
2022\imerg_20220221.nc,imerg_20220221.nc,OK,,0.0,1.0,0.1850000023841858,0.9130000472068787,0.6129061277271265,873600,873600,0,0,0,0,QC_STAT_ONLY,0.6310000419616699,"Per-file exact median; no QI threshold, filtering, or model input.",0.0658218999960809,False
2022\imerg_20220222.nc,imerg_20220222.nc,OK,,0.0,1.0,0.18300001323223114,0.9200000166893005,0.6005772824968201,873600,873600,0,0,0,0,QC_STAT_ONLY,0.6140000224113464,"Per-file exact median; no QI threshold, filtering, or model input.",0.06592030000319937,False
2022\imerg_20220223.nc,imerg_20220223.nc,OK,,0.0,1.0,0.18300001323223114,0.9200000166893005,0.6003715090594688,873600,873600,0,0,0,0,QC_STAT_ONLY,0.6220000386238098,"Per-file exact median; no QI threshold, filtering, or model input.",0.06801460000133375,False
2022\imerg_20220224.nc,imerg_20220224.nc,OK,,0.0,1.0,0.18300001323223114,0.8760000467300415,0.5809285966104797,873600,873600,0,0,0,0,QC_STAT_ONLY,0.5940000414848328,"Per-file exact median; no QI threshold, filtering, or model input.",0.06735150000167778,False
2022\imerg_20220225.nc,imerg_20220225.nc,OK,,0.0,1.0,0.1850000023841858,0.8720000386238098,0.6106852247960006,873600,873600,0,0,0,0,QC_STAT_ONLY,0.625,"Per-file exact median; no QI threshold, filtering, or model input.",0.0651170999990427,False
2022\imerg_20220226.nc,imerg_20220226.nc,OK,,0.0,1.0,0.18300001323223114,0.9280000329017639,0.6093669079912437,873600,873600,0,0,0,0,QC_STAT_ONLY,0.625,"Per-file exact median; no QI threshold, filtering, or model input.",0.06664559999626363,False
2022\imerg_20220227.nc,imerg_20220227.nc,OK,,0.0,1.0,0.1850000023841858,0.906000018119812,0.6186400722802511,873600,873600,0,0,0,0,QC_STAT_ONLY,0.6300000548362732,"Per-file exact median; no QI threshold, filtering, or model input.",0.06488559999706922,False
2022\imerg_20220228.nc,imerg_20220228.nc,OK,,0.0,1.0,0.1850000023841858,0.9120000600814819,0.6041609855075861,873600,873600,0,0,0,0,QC_STAT_ONLY,0.6150000095367432,"Per-file exact median; no QI threshold, filtering, or model input.",0.06578479999734554,False
2022\imerg_20220301.nc,imerg_20220301.nc,OK,,0.0,1.0,0.1900000125169754,0.9170000553131104,0.6210299148671534,873600,873600,0,0,0,0,QC_STAT_ONLY,0.6370000243186951,"Per-file exact median; no QI threshold, filtering, or model input.",0.06336119999468792,False
2022\imerg_20220302.nc,imerg_20220302.nc,OK,,0.0,1.0,0.1900000125169754,0.9150000214576721,0.6205475440783761,873600,873600,0,0,0,0,QC_STAT_ONLY,0.6240000128746033,"Per-file exact median; no QI threshold, filtering, or model input.",0.06502560000080848,False
2022\imerg_20220303.nc,imerg_20220303.nc,OK,,0.0,1.0,0.1990000158548355,0.9050000309944153,0.6259950441099028,873600,873600,0,0,0,0,QC_STAT_ONLY,0.6410000324249268,"Per-file exact median; no QI threshold, filtering, or model input.",0.06392390000110026,False
2022\imerg_20220304.nc,imerg_20220304.nc,OK,,0.0,1.0,0.1900000125169754,0.893000066280365,0.6301099478735694,873600,873600,0,0,0,0,QC_STAT_ONLY,0.6410000324249268,"Per-file exact median; no QI threshold, filtering, or model input.",0.06510160000470933,False
2022\imerg_20220305.nc,imerg_20220305.nc,OK,,0.0,1.0,0.1900000125169754,0.8970000147819519,0.641777859029732,873600,873600,0,0,0,0,QC_STAT_ONLY,0.6580000519752502,"Per-file exact median; no QI threshold, filtering, or model input.",0.07105369999771938,False
2022\imerg_20220306.nc,imerg_20220306.nc,OK,,0.0,1.0,0.1900000125169754,0.9100000262260437,0.6405479628493969,873600,873600,0,0,0,0,QC_STAT_ONLY,0.6430000066757202,"Per-file exact median; no QI threshold, filtering, or model input.",0.07021389999863459,False
2022\imerg_20220307.nc,imerg_20220307.nc,OK,,0.0,1.0,0.1990000158548355,0.862000048160553,0.6349581951134405,873600,873600,0,0,0,0,QC_STAT_ONLY,0.6440000534057617,"Per-file exact median; no QI threshold, filtering, or model input.",0.06824849999975413,False
2022\imerg_20220308.nc,imerg_20220308.nc,OK,,0.0,1.0,0.1900000125169754,0.9010000228881836,0.6421344764537652,873600,873600,0,0,0,0,QC_STAT_ONLY,0.6500000357627869,"Per-file exact median; no QI threshold, filtering, or model input.",0.06900500000483589,False
2022\imerg_20220309.nc,imerg_20220309.nc,OK,,0.0,1.0,0.1900000125169754,0.9150000214576721,0.6212398793912858,873600,873600,0,0,0,0,QC_STAT_ONLY,0.6240000128746033,"Per-file exact median; no QI threshold, filtering, or model input.",0.06700529999943683,False
2022\imerg_20220310.nc,imerg_20220310.nc,OK,,0.0,1.0,0.1900000125169754,0.8700000643730164,0.6330162562099848,873600,873600,0,0,0,0,QC_STAT_ONLY,0.6160000562667847,"Per-file exact median; no QI threshold, filtering, or model input.",0.06270840000070166,False
2022\imerg_20220311.nc,imerg_20220311.nc,OK,,0.0,1.0,0.1990000158548355,0.8630000352859497,0.6475103919402331,873600,873600,0,0,0,0,QC_STAT_ONLY,0.6620000600814819,"Per-file exact median; no QI threshold, filtering, or model input.",0.06387840000388678,False
2022\imerg_20220312.nc,imerg_20220312.nc,OK,,0.0,1.0,0.1990000158548355,0.8850000500679016,0.6434572936163281,873600,873600,0,0,0,0,QC_STAT_ONLY,0.6530000567436218,"Per-file exact median; no QI threshold, filtering, or model input.",0.06365509999886854,False
2022\imerg_20220313.nc,imerg_20220313.nc,OK,,0.0,1.0,0.1990000158548355,0.8870000243186951,0.6675896097409911,873600,873600,0,0,0,0,QC_STAT_ONLY,0.6780000329017639,"Per-file exact median; no QI threshold, filtering, or model input.",0.06454459999804385,False
2022\imerg_20220314.nc,imerg_20220314.nc,OK,,0.0,1.0,0.1900000125169754,0.8920000195503235,0.6501034297218423,873600,873600,0,0,0,0,QC_STAT_ONLY,0.6510000228881836,"Per-file exact median; no QI threshold, filtering, or model input.",0.06449699999939185,False
2022\imerg_20220315.nc,imerg_20220315.nc,OK,,0.0,1.0,0.1900000125169754,0.8690000176429749,0.6328679329252908,873600,873600,0,0,0,0,QC_STAT_ONLY,0.6350000500679016,"Per-file exact median; no QI threshold, filtering, or model input.",0.06695570000010775,False
2022\imerg_20220316.nc,imerg_20220316.nc,OK,,0.0,1.0,0.1900000125169754,0.9100000262260437,0.6405278351653756,873600,873600,0,0,0,0,QC_STAT_ONLY,0.6460000276565552,"Per-file exact median; no QI threshold, filtering, or model input.",0.06902849999460159,False
2022\imerg_20220317.nc,imerg_20220317.nc,OK,,0.0,1.0,0.1900000125169754,0.9150000214576721,0.6332290920030816,873600,873600,0,0,0,0,QC_STAT_ONLY,0.6360000371932983,"Per-file exact median; no QI threshold, filtering, or model input.",0.06721790000301553,False
2022\imerg_20220318.nc,imerg_20220318.nc,OK,,0.0,1.0,0.1990000158548355,0.8660000562667847,0.6400416752597617,873600,873600,0,0,0,0,QC_STAT_ONLY,0.6370000243186951,"Per-file exact median; no QI threshold, filtering, or model input.",0.06520630000159144,False
2022\imerg_20220319.nc,imerg_20220319.nc,OK,,0.0,1.0,0.1900000125169754,0.9310000538825989,0.622311445979381,873600,873600,0,0,0,0,QC_STAT_ONLY,0.6350000500679016,"Per-file exact median; no QI threshold, filtering, or model input.",0.06469610000203829,False
2022\imerg_20220320.nc,imerg_20220320.nc,OK,,0.0,1.0,0.1900000125169754,0.893000066280365,0.6185107394830143,873600,873600,0,0,0,0,QC_STAT_ONLY,0.6190000176429749,"Per-file exact median; no QI threshold, filtering, or model input.",0.06371180000132881,False
2022\imerg_20220321.nc,imerg_20220321.nc,OK,,0.0,1.0,0.1990000158548355,0.8800000548362732,0.6515467700356747,873600,873600,0,0,0,0,QC_STAT_ONLY,0.6620000600814819,"Per-file exact median; no QI threshold, filtering, or model input.",0.06704460000037216,False
2022\imerg_20220322.nc,imerg_20220322.nc,OK,,0.0,1.0,0.1990000158548355,0.9030000567436218,0.6576227054163479,873600,873600,0,0,0,0,QC_STAT_ONLY,0.6620000600814819,"Per-file exact median; no QI threshold, filtering, or model input.",0.07146839999768417,False
2022\imerg_20220323.nc,imerg_20220323.nc,OK,,0.0,1.0,0.1900000125169754,0.862000048160553,0.6353440258157825,873600,873600,0,0,0,0,QC_STAT_ONLY,0.6410000324249268,"Per-file exact median; no QI threshold, filtering, or model input.",0.07116140000289306,False
2022\imerg_20220324.nc,imerg_20220324.nc,OK,,0.0,1.0,0.1990000158548355,0.9150000214576721,0.6290709142026836,873600,873600,0,0,0,0,QC_STAT_ONLY,0.6410000324249268,"Per-file exact median; no QI threshold, filtering, or model input.",0.07305739999719663,False
2022\imerg_20220325.nc,imerg_20220325.nc,OK,,0.0,1.0,0.1900000125169754,0.9150000214576721,0.615589863105486,873600,873600,0,0,0,0,QC_STAT_ONLY,0.6160000562667847,"Per-file exact median; no QI threshold, filtering, or model input.",0.07064930000342429,False
2022\imerg_20220326.nc,imerg_20220326.nc,OK,,0.0,1.0,0.20100000500679016,0.8700000643730164,0.6311191003657229,873600,873600,0,0,0,0,QC_STAT_ONLY,0.6210000514984131,"Per-file exact median; no QI threshold, filtering, or model input.",0.06924720000097295,False
2022\imerg_20220327.nc,imerg_20220327.nc,OK,,0.0,1.0,0.1900000125169754,0.9050000309944153,0.6125613157360579,873600,873600,0,0,0,0,QC_STAT_ONLY,0.6350000500679016,"Per-file exact median; no QI threshold, filtering, or model input.",0.07159130000218283,False
2022\imerg_20220328.nc,imerg_20220328.nc,OK,,0.0,1.0,0.1990000158548355,0.9070000648498535,0.6277662536451566,873600,873600,0,0,0,0,QC_STAT_ONLY,0.6460000276565552,"Per-file exact median; no QI threshold, filtering, or model input.",0.0702603999961866,False
2022\imerg_20220329.nc,imerg_20220329.nc,OK,,0.0,1.0,0.1900000125169754,0.9310000538825989,0.6493498029924875,873600,873600,0,0,0,0,QC_STAT_ONLY,0.6620000600814819,"Per-file exact median; no QI threshold, filtering, or model input.",0.06955649999872549,False
2022\imerg_20220330.nc,imerg_20220330.nc,OK,,0.0,1.0,0.1900000125169754,0.9030000567436218,0.6446033939241599,873600,873600,0,0,0,0,QC_STAT_ONLY,0.6510000228881836,"Per-file exact median; no QI threshold, filtering, or model input.",0.07231869999668561,False
2022\imerg_20220331.nc,imerg_20220331.nc,OK,,0.0,1.0,0.1990000158548355,0.862000048160553,0.6385398941440508,873600,873600,0,0,0,0,QC_STAT_ONLY,0.6460000276565552,"Per-file exact median; no QI threshold, filtering, or model input.",0.07140309999522287,False
2022\imerg_20220401.nc,imerg_20220401.nc,OK,,0.0,1.0,0.18900001049041748,0.9160000681877136,0.6209731417062143,873600,873600,0,0,0,0,QC_STAT_ONLY,0.6310000419616699,"Per-file exact median; no QI threshold, filtering, or model input.",0.07457169999543112,False
2022\imerg_20220402.nc,imerg_20220402.nc,OK,,0.0,1.0,0.19300000369548798,0.9240000247955322,0.6196953707715094,873600,873600,0,0,0,0,QC_STAT_ONLY,0.6200000047683716,"Per-file exact median; no QI threshold, filtering, or model input.",0.06780399999843212,False
2022\imerg_20220403.nc,imerg_20220403.nc,OK,,0.0,1.0,0.20000000298023224,0.9150000214576721,0.6253346255327483,873600,873600,0,0,0,0,QC_STAT_ONLY,0.6310000419616699,"Per-file exact median; no QI threshold, filtering, or model input.",0.06912680000095861,False
2022\imerg_20220404.nc,imerg_20220404.nc,OK,,0.0,1.0,0.20000000298023224,0.9240000247955322,0.6274853064612257,873600,873600,0,0,0,0,QC_STAT_ONLY,0.6440000534057617,"Per-file exact median; no QI threshold, filtering, or model input.",0.0693803999965894,False
2022\imerg_20220405.nc,imerg_20220405.nc,OK,,0.0,1.0,0.19500000774860382,0.9340000152587891,0.6325702823318998,873600,873600,0,0,0,0,QC_STAT_ONLY,0.6570000052452087,"Per-file exact median; no QI threshold, filtering, or model input.",0.07433070000115549,False
2022\imerg_20220406.nc,imerg_20220406.nc,OK,,0.0,1.0,0.19500000774860382,0.9160000681877136,0.6346175774316484,873600,873600,0,0,0,0,QC_STAT_ONLY,0.6580000519752502,"Per-file exact median; no QI threshold, filtering, or model input.",0.07005679999565473,False
2022\imerg_20220407.nc,imerg_20220407.nc,OK,,0.0,1.0,0.20000000298023224,0.8970000147819519,0.6235121337979377,873600,873600,0,0,0,0,QC_STAT_ONLY,0.6420000195503235,"Per-file exact median; no QI threshold, filtering, or model input.",0.06911779999791179,False
2022\imerg_20220408.nc,imerg_20220408.nc,OK,,0.0,1.0,0.19500000774860382,0.8730000257492065,0.6113040777505973,873600,873600,0,0,0,0,QC_STAT_ONLY,0.6260000467300415,"Per-file exact median; no QI threshold, filtering, or model input.",0.068922600003134,False
2022\imerg_20220409.nc,imerg_20220409.nc,OK,,0.0,1.0,0.19300000369548798,0.8680000305175781,0.6144678391092508,873600,873600,0,0,0,0,QC_STAT_ONLY,0.6200000047683716,"Per-file exact median; no QI threshold, filtering, or model input.",0.06672260000050301,False
2022\imerg_20220410.nc,imerg_20220410.nc,OK,,0.0,1.0,0.19500000774860382,0.9020000696182251,0.6138881392549593,873600,873600,0,0,0,0,QC_STAT_ONLY,0.6190000176429749,"Per-file exact median; no QI threshold, filtering, or model input.",0.06734270000015385,False
2022\imerg_20220411.nc,imerg_20220411.nc,OK,,0.0,1.0,0.19700001180171967,0.8680000305175781,0.6176616427360355,873600,873600,0,0,0,0,QC_STAT_ONLY,0.6370000243186951,"Per-file exact median; no QI threshold, filtering, or model input.",0.07319149999966612,False
2022\imerg_20220412.nc,imerg_20220412.nc,OK,,0.0,1.0,0.19300000369548798,0.9150000214576721,0.6352160144926325,873600,873600,0,0,0,0,QC_STAT_ONLY,0.6510000228881836,"Per-file exact median; no QI threshold, filtering, or model input.",0.07222580000234302,False
2022\imerg_20220413.nc,imerg_20220413.nc,OK,,0.0,1.0,0.203000009059906,0.9020000696182251,0.6408140388939823,873600,873600,0,0,0,0,QC_STAT_ONLY,0.6530000567436218,"Per-file exact median; no QI threshold, filtering, or model input.",0.06758819999959087,False
2022\imerg_20220414.nc,imerg_20220414.nc,OK,,0.0,1.0,0.18900001049041748,0.8970000147819519,0.6410766768855326,873600,873600,0,0,0,0,QC_STAT_ONLY,0.6530000567436218,"Per-file exact median; no QI threshold, filtering, or model input.",0.07060939999792026,False
2022\imerg_20220415.nc,imerg_20220415.nc,OK,,0.0,1.0,0.20000000298023224,0.8970000147819519,0.6311539373034782,873600,873600,0,0,0,0,QC_STAT_ONLY,0.6490000486373901,"Per-file exact median; no QI threshold, filtering, or model input.",0.07988050000130897,False
2022\imerg_20220416.nc,imerg_20220416.nc,OK,,0.0,1.0,0.19500000774860382,0.8870000243186951,0.6301251795935707,873600,873600,0,0,0,0,QC_STAT_ONLY,0.64000004529953,"Per-file exact median; no QI threshold, filtering, or model input.",0.06977509999705944,False
2022\imerg_20220417.nc,imerg_20220417.nc,OK,,0.0,1.0,0.20000000298023224,0.859000027179718,0.6272752779582004,873600,873600,0,0,0,0,QC_STAT_ONLY,0.6410000324249268,"Per-file exact median; no QI threshold, filtering, or model input.",0.07177209999645129,False
2022\imerg_20220418.nc,imerg_20220418.nc,OK,,0.0,1.0,0.19500000774860382,0.8970000147819519,0.6176665304322307,873600,873600,0,0,0,0,QC_STAT_ONLY,0.64000004529953,"Per-file exact median; no QI threshold, filtering, or model input.",0.07000849999894854,False
2022\imerg_20220419.nc,imerg_20220419.nc,OK,,0.0,1.0,0.20000000298023224,0.859000027179718,0.6299466492347385,873600,873600,0,0,0,0,QC_STAT_ONLY,0.6500000357627869,"Per-file exact median; no QI threshold, filtering, or model input.",0.0704016000017873,False
2022\imerg_20220420.nc,imerg_20220420.nc,OK,,0.0,1.0,0.19500000774860382,0.9010000228881836,0.6311311620488531,873600,873600,0,0,0,0,QC_STAT_ONLY,0.6460000276565552,"Per-file exact median; no QI threshold, filtering, or model input.",0.06950890000007348,False
2022\imerg_20220421.nc,imerg_20220421.nc,OK,,0.0,1.0,0.19500000774860382,0.9020000696182251,0.6386709897813213,873600,873600,0,0,0,0,QC_STAT_ONLY,0.6510000228881836,"Per-file exact median; no QI threshold, filtering, or model input.",0.06884319999517174,False
2022\imerg_20220422.nc,imerg_20220422.nc,OK,,0.0,1.0,0.19300000369548798,0.8970000147819519,0.6288293018487313,873600,873600,0,0,0,0,QC_STAT_ONLY,0.6370000243186951,"Per-file exact median; no QI threshold, filtering, or model input.",0.06700290000298992,False
2022\imerg_20220423.nc,imerg_20220423.nc,OK,,0.0,1.0,0.19300000369548798,0.9020000696182251,0.6327259826650604,873600,873600,0,0,0,0,QC_STAT_ONLY,0.64000004529953,"Per-file exact median; no QI threshold, filtering, or model input.",0.06779449999885401,False
2022\imerg_20220424.nc,imerg_20220424.nc,OK,,0.0,1.0,0.20100000500679016,0.8600000143051147,0.6259962415829601,873600,873600,0,0,0,0,QC_STAT_ONLY,0.64000004529953,"Per-file exact median; no QI threshold, filtering, or model input.",0.06866300000547199,False
2022\imerg_20220425.nc,imerg_20220425.nc,OK,,0.0,1.0,0.19500000774860382,0.8680000305175781,0.630016673558917,873600,873600,0,0,0,0,QC_STAT_ONLY,0.6410000324249268,"Per-file exact median; no QI threshold, filtering, or model input.",0.06831500000407686,False
2022\imerg_20220426.nc,imerg_20220426.nc,OK,,0.0,1.0,0.19300000369548798,0.8520000576972961,0.6237856030613593,873600,873600,0,0,0,0,QC_STAT_ONLY,0.6370000243186951,"Per-file exact median; no QI threshold, filtering, or model input.",0.06639430000359425,False
2022\imerg_20220427.nc,imerg_20220427.nc,OK,,0.0,1.0,0.20000000298023224,0.8970000147819519,0.6366404274880593,873600,873600,0,0,0,0,QC_STAT_ONLY,0.6520000100135803,"Per-file exact median; no QI threshold, filtering, or model input.",0.07377759999508271,False
2022\imerg_20220428.nc,imerg_20220428.nc,OK,,0.0,1.0,0.18900001049041748,0.8970000147819519,0.6168026476439716,873600,873600,0,0,0,0,QC_STAT_ONLY,0.64000004529953,"Per-file exact median; no QI threshold, filtering, or model input.",0.06909599999926286,False
2022\imerg_20220429.nc,imerg_20220429.nc,OK,,0.0,1.0,0.19300000369548798,0.9020000696182251,0.6348119579483124,873600,873600,0,0,0,0,QC_STAT_ONLY,0.64000004529953,"Per-file exact median; no QI threshold, filtering, or model input.",0.07565150000300491,False
2022\imerg_20220430.nc,imerg_20220430.nc,OK,,0.0,1.0,0.18900001049041748,0.9000000357627869,0.6312001131488447,873600,873600,0,0,0,0,QC_STAT_ONLY,0.6410000324249268,"Per-file exact median; no QI threshold, filtering, or model input.",0.0777245999997831,False
2022\imerg_20220501.nc,imerg_20220501.nc,OK,,0.0,1.0,0.17400000989437103,0.8980000615119934,0.5844351128810478,873600,873600,0,0,0,0,QC_STAT_ONLY,0.5830000042915344,"Per-file exact median; no QI threshold, filtering, or model input.",0.0722784999961732,False
2022\imerg_20220502.nc,imerg_20220502.nc,OK,,0.0,1.0,0.1770000010728836,0.8570000529289246,0.5826646239741027,873600,873600,0,0,0,0,QC_STAT_ONLY,0.5820000171661377,"Per-file exact median; no QI threshold, filtering, or model input.",0.2693227000054321,False
2022\imerg_20220503.nc,imerg_20220503.nc,OK,,0.0,1.0,0.17900000512599945,0.8520000576972961,0.5838371383960805,873600,873600,0,0,0,0,QC_STAT_ONLY,0.5860000252723694,"Per-file exact median; no QI threshold, filtering, or model input.",0.1976349000033224,False
2022\imerg_20220504.nc,imerg_20220504.nc,OK,,0.0,1.0,0.18400001525878906,0.8710000514984131,0.5994349717116666,873600,873600,0,0,0,0,QC_STAT_ONLY,0.6000000238418579,"Per-file exact median; no QI threshold, filtering, or model input.",0.08653840000624768,False
2022\imerg_20220505.nc,imerg_20220505.nc,OK,,0.0,1.0,0.1810000091791153,0.8840000629425049,0.6047291838526282,873600,873600,0,0,0,0,QC_STAT_ONLY,0.6040000319480896,"Per-file exact median; no QI threshold, filtering, or model input.",0.08083289999922272,False
2022\imerg_20220506.nc,imerg_20220506.nc,OK,,0.0,1.0,0.17400000989437103,0.9180000424385071,0.6094851083908189,873600,873600,0,0,0,0,QC_STAT_ONLY,0.609000027179718,"Per-file exact median; no QI threshold, filtering, or model input.",0.07393070000398438,False
2022\imerg_20220507.nc,imerg_20220507.nc,OK,,0.0,1.0,0.17400000989437103,0.8840000629425049,0.5922215612066377,873600,873600,0,0,0,0,QC_STAT_ONLY,0.5920000076293945,"Per-file exact median; no QI threshold, filtering, or model input.",0.07358479999675183,False
2022\imerg_20220508.nc,imerg_20220508.nc,OK,,0.0,1.0,0.1770000010728836,0.9010000228881836,0.5905783393046556,873600,873600,0,0,0,0,QC_STAT_ONLY,0.5879999995231628,"Per-file exact median; no QI threshold, filtering, or model input.",0.08266980000189506,False
2022\imerg_20220509.nc,imerg_20220509.nc,OK,,0.0,1.0,0.17400000989437103,0.8980000615119934,0.5838273434453531,873600,873600,0,0,0,0,QC_STAT_ONLY,0.5720000267028809,"Per-file exact median; no QI threshold, filtering, or model input.",0.07734609999897657,False
2022\imerg_20220510.nc,imerg_20220510.nc,OK,,0.0,1.0,0.1810000091791153,0.8610000610351562,0.5865819070746461,873600,873600,0,0,0,0,QC_STAT_ONLY,0.5860000252723694,"Per-file exact median; no QI threshold, filtering, or model input.",0.07452999999804888,False
2022\imerg_20220511.nc,imerg_20220511.nc,OK,,0.0,1.0,0.1770000010728836,0.8980000615119934,0.5977913007406251,873600,873600,0,0,0,0,QC_STAT_ONLY,0.5980000495910645,"Per-file exact median; no QI threshold, filtering, or model input.",0.0747174999996787,False
2022\imerg_20220512.nc,imerg_20220512.nc,OK,,0.0,1.0,0.17400000989437103,0.8980000615119934,0.587199016443655,873600,873600,0,0,0,0,QC_STAT_ONLY,0.597000002861023,"Per-file exact median; no QI threshold, filtering, or model input.",0.07425179999700049,False
2022\imerg_20220513.nc,imerg_20220513.nc,OK,,0.0,1.0,0.1770000010728836,0.9030000567436218,0.6049864728229236,873600,873600,0,0,0,0,QC_STAT_ONLY,0.6040000319480896,"Per-file exact median; no QI threshold, filtering, or model input.",0.06856819999666186,False
2022\imerg_20220514.nc,imerg_20220514.nc,OK,,0.0,1.0,0.1770000010728836,0.9300000667572021,0.5882776267296078,873600,873600,0,0,0,0,QC_STAT_ONLY,0.5950000286102295,"Per-file exact median; no QI threshold, filtering, or model input.",0.07425679999869317,False
2022\imerg_20220515.nc,imerg_20220515.nc,OK,,0.0,1.0,0.17900000512599945,0.89000004529953,0.5847273517147751,873600,873600,0,0,0,0,QC_STAT_ONLY,0.5920000076293945,"Per-file exact median; no QI threshold, filtering, or model input.",0.07219339999574004,False
2022\imerg_20220516.nc,imerg_20220516.nc,OK,,0.0,1.0,0.17400000989437103,0.8980000615119934,0.5783300962712745,873600,873600,0,0,0,0,QC_STAT_ONLY,0.5720000267028809,"Per-file exact median; no QI threshold, filtering, or model input.",0.07081940000352915,False
2022\imerg_20220517.nc,imerg_20220517.nc,OK,,0.0,1.0,0.1810000091791153,0.8980000615119934,0.5662334586850507,873600,873600,0,0,0,0,QC_STAT_ONLY,0.5670000314712524,"Per-file exact median; no QI threshold, filtering, or model input.",0.08269040000595851,False
2022\imerg_20220518.nc,imerg_20220518.nc,OK,,0.0,1.0,0.1810000091791153,0.8810000419616699,0.5796689229379425,873600,873600,0,0,0,0,QC_STAT_ONLY,0.5879999995231628,"Per-file exact median; no QI threshold, filtering, or model input.",0.07107260000339011,False
2022\imerg_20220519.nc,imerg_20220519.nc,OK,,0.0,1.0,0.18400001525878906,0.8860000371932983,0.5949993242348303,873600,873600,0,0,0,0,QC_STAT_ONLY,0.6100000143051147,"Per-file exact median; no QI threshold, filtering, or model input.",0.06935869999870192,False
2022\imerg_20220520.nc,imerg_20220520.nc,OK,,0.0,1.0,0.19100001454353333,0.8980000615119934,0.6127692380264033,873600,873600,0,0,0,0,QC_STAT_ONLY,0.6220000386238098,"Per-file exact median; no QI threshold, filtering, or model input.",0.0799163999981829,False
2022\imerg_20220521.nc,imerg_20220521.nc,OK,,0.0,1.0,0.1810000091791153,0.9230000376701355,0.6142376292149294,873600,873600,0,0,0,0,QC_STAT_ONLY,0.6230000257492065,"Per-file exact median; no QI threshold, filtering, or model input.",0.07844909999403171,False
2022\imerg_20220522.nc,imerg_20220522.nc,OK,,0.0,1.0,0.17400000989437103,0.8980000615119934,0.589570250097959,873600,873600,0,0,0,0,QC_STAT_ONLY,0.5980000495910645,"Per-file exact median; no QI threshold, filtering, or model input.",0.0724296000043978,False
2022\imerg_20220523.nc,imerg_20220523.nc,OK,,0.0,1.0,0.17400000989437103,0.8980000615119934,0.5725426561070347,873600,873600,0,0,0,0,QC_STAT_ONLY,0.5770000219345093,"Per-file exact median; no QI threshold, filtering, or model input.",0.07368449999921722,False
2022\imerg_20220524.nc,imerg_20220524.nc,OK,,0.0,1.0,0.17400000989437103,0.8980000615119934,0.5637303051886903,873600,873600,0,0,0,0,QC_STAT_ONLY,0.5610000491142273,"Per-file exact median; no QI threshold, filtering, or model input.",0.07065200000215555,False
2022\imerg_20220525.nc,imerg_20220525.nc,OK,,0.0,1.0,0.17400000989437103,0.8510000109672546,0.571478710297594,873600,873600,0,0,0,0,QC_STAT_ONLY,0.562000036239624,"Per-file exact median; no QI threshold, filtering, or model input.",0.07051909999427153,False
2022\imerg_20220526.nc,imerg_20220526.nc,OK,,0.0,1.0,0.1810000091791153,0.8190000653266907,0.5859934941136992,873600,873600,0,0,0,0,QC_STAT_ONLY,0.5960000157356262,"Per-file exact median; no QI threshold, filtering, or model input.",0.07096879999880912,False
2022\imerg_20220527.nc,imerg_20220527.nc,OK,,0.0,1.0,0.18400001525878906,0.893000066280365,0.6100354006021341,873600,873600,0,0,0,0,QC_STAT_ONLY,0.6150000095367432,"Per-file exact median; no QI threshold, filtering, or model input.",0.07025259999500122,False
2022\imerg_20220528.nc,imerg_20220528.nc,OK,,0.0,1.0,0.18400001525878906,0.9300000667572021,0.6151991143921772,873600,873600,0,0,0,0,QC_STAT_ONLY,0.6100000143051147,"Per-file exact median; no QI threshold, filtering, or model input.",0.06956989999889629,False
2022\imerg_20220529.nc,imerg_20220529.nc,OK,,0.0,1.0,0.17400000989437103,0.8980000615119934,0.6248998393420294,873600,873600,0,0,0,0,QC_STAT_ONLY,0.6300000548362732,"Per-file exact median; no QI threshold, filtering, or model input.",0.07145909999962896,False
2022\imerg_20220530.nc,imerg_20220530.nc,OK,,0.0,1.0,0.17400000989437103,0.8980000615119934,0.5930953280343384,873600,873600,0,0,0,0,QC_STAT_ONLY,0.5980000495910645,"Per-file exact median; no QI threshold, filtering, or model input.",0.07144659999903524,False
2022\imerg_20220531.nc,imerg_20220531.nc,OK,,0.0,1.0,0.17400000989437103,0.8980000615119934,0.5790326708931504,873600,873600,0,0,0,0,QC_STAT_ONLY,0.5940000414848328,"Per-file exact median; no QI threshold, filtering, or model input.",0.07076299999607727,False
2022\imerg_20220601.nc,imerg_20220601.nc,OK,,0.0,1.0,0.16700001060962677,0.8890000581741333,0.5448438600767848,873600,873600,0,0,0,0,QC_STAT_ONLY,0.5380000472068787,"Per-file exact median; no QI threshold, filtering, or model input.",0.07286539999768138,False
2022\imerg_20220602.nc,imerg_20220602.nc,OK,,0.0,1.0,0.18400001525878906,0.859000027179718,0.5512981978259066,873600,873600,0,0,0,0,QC_STAT_ONLY,0.5550000071525574,"Per-file exact median; no QI threshold, filtering, or model input.",0.07236570000532083,False
2022\imerg_20220603.nc,imerg_20220603.nc,OK,,0.0,1.0,0.17100000381469727,0.8300000429153442,0.5738186216390361,873600,873600,0,0,0,0,QC_STAT_ONLY,0.578000009059906,"Per-file exact median; no QI threshold, filtering, or model input.",0.07263949999469332,False
2022\imerg_20220604.nc,imerg_20220604.nc,OK,,0.0,1.0,0.17800000309944153,0.8890000581741333,0.5932043476903559,873600,873600,0,0,0,0,QC_STAT_ONLY,0.5920000076293945,"Per-file exact median; no QI threshold, filtering, or model input.",0.07318139999551931,False
2022\imerg_20220605.nc,imerg_20220605.nc,OK,,0.0,1.0,0.1900000125169754,0.9050000309944153,0.6171484018595473,873600,873600,0,0,0,0,QC_STAT_ONLY,0.6110000014305115,"Per-file exact median; no QI threshold, filtering, or model input.",0.07196580000163522,False
2022\imerg_20220606.nc,imerg_20220606.nc,OK,,0.0,1.0,0.16700001060962677,0.8890000581741333,0.6048184876774878,873600,873600,0,0,0,0,QC_STAT_ONLY,0.6040000319480896,"Per-file exact median; no QI threshold, filtering, or model input.",0.07410190000518924,False
2022\imerg_20220607.nc,imerg_20220607.nc,OK,,0.0,1.0,0.16300000250339508,0.9050000309944153,0.5732966733969331,873600,873600,0,0,0,0,QC_STAT_ONLY,0.5750000476837158,"Per-file exact median; no QI threshold, filtering, or model input.",0.07145850000233622,False
2022\imerg_20220608.nc,imerg_20220608.nc,OK,,0.0,1.0,0.16300000250339508,0.8890000581741333,0.5579851344783685,873600,873600,0,0,0,0,QC_STAT_ONLY,0.562000036239624,"Per-file exact median; no QI threshold, filtering, or model input.",0.07346880000113742,False
2022\imerg_20220609.nc,imerg_20220609.nc,OK,,0.0,1.0,0.16300000250339508,0.8890000581741333,0.5400935980038983,873600,873600,0,0,0,0,QC_STAT_ONLY,0.5370000004768372,"Per-file exact median; no QI threshold, filtering, or model input.",0.07019020000007004,False
2022\imerg_20220610.nc,imerg_20220610.nc,OK,,0.0,1.0,0.16700001060962677,0.8300000429153442,0.5495576438558503,873600,873600,0,0,0,0,QC_STAT_ONLY,0.5380000472068787,"Per-file exact median; no QI threshold, filtering, or model input.",0.07299720000446541,False
2022\imerg_20220611.nc,imerg_20220611.nc,OK,,0.0,1.0,0.16700001060962677,0.8210000395774841,0.5721674145682759,873600,873600,0,0,0,0,QC_STAT_ONLY,0.581000030040741,"Per-file exact median; no QI threshold, filtering, or model input.",0.07129169999825535,False
2022\imerg_20220612.nc,imerg_20220612.nc,OK,,0.0,1.0,0.16700001060962677,0.8890000581741333,0.5923290944682612,873600,873600,0,0,0,0,QC_STAT_ONLY,0.5920000076293945,"Per-file exact median; no QI threshold, filtering, or model input.",0.07197889999952167,False
2022\imerg_20220613.nc,imerg_20220613.nc,OK,,0.0,1.0,0.17000000178813934,0.9010000228881836,0.603058652799788,873600,873600,0,0,0,0,QC_STAT_ONLY,0.6070000529289246,"Per-file exact median; no QI threshold, filtering, or model input.",0.06949259999964852,False
2022\imerg_20220614.nc,imerg_20220614.nc,OK,,0.0,1.0,0.16700001060962677,0.8890000581741333,0.5905069731127287,873600,873600,0,0,0,0,QC_STAT_ONLY,0.5860000252723694,"Per-file exact median; no QI threshold, filtering, or model input.",0.07221699999354314,False
2022\imerg_20220615.nc,imerg_20220615.nc,OK,,0.0,1.0,0.16300000250339508,0.9050000309944153,0.56140660567859,873600,873600,0,0,0,0,QC_STAT_ONLY,0.5660000443458557,"Per-file exact median; no QI threshold, filtering, or model input.",0.07257199999730801,False
2022\imerg_20220616.nc,imerg_20220616.nc,OK,,0.0,1.0,0.16700001060962677,0.8890000581741333,0.556535274628311,873600,873600,0,0,0,0,QC_STAT_ONLY,0.5570000410079956,"Per-file exact median; no QI threshold, filtering, or model input.",0.07308249999914551,False
2022\imerg_20220617.nc,imerg_20220617.nc,OK,,0.0,1.0,0.16300000250339508,0.8970000147819519,0.5447658778259006,873600,873600,0,0,0,0,QC_STAT_ONLY,0.5400000214576721,"Per-file exact median; no QI threshold, filtering, or model input.",0.07096570000430802,False
2022\imerg_20220618.nc,imerg_20220618.nc,OK,,0.0,1.0,0.17000000178813934,0.8520000576972961,0.552538736124349,873600,873600,0,0,0,0,QC_STAT_ONLY,0.5509999990463257,"Per-file exact median; no QI threshold, filtering, or model input.",0.07065439999860246,False
2022\imerg_20220619.nc,imerg_20220619.nc,OK,,0.0,1.0,0.17000000178813934,0.8360000252723694,0.579465726678304,873600,873600,0,0,0,0,QC_STAT_ONLY,0.5730000138282776,"Per-file exact median; no QI threshold, filtering, or model input.",0.06921309999597725,False
2022\imerg_20220620.nc,imerg_20220620.nc,OK,,0.0,1.0,0.17000000178813934,0.8970000147819519,0.5934783518115645,873600,873600,0,0,0,0,QC_STAT_ONLY,0.5860000252723694,"Per-file exact median; no QI threshold, filtering, or model input.",0.06926000000385102,False
2022\imerg_20220621.nc,imerg_20220621.nc,OK,,0.0,1.0,0.17000000178813934,0.9230000376701355,0.6052392811901124,873600,873600,0,0,0,0,QC_STAT_ONLY,0.6040000319480896,"Per-file exact median; no QI threshold, filtering, or model input.",0.07366329999786103,False
2022\imerg_20220622.nc,imerg_20220622.nc,OK,,0.0,1.0,0.17000000178813934,0.9110000729560852,0.5860098942486747,873600,873600,0,0,0,0,QC_STAT_ONLY,0.5850000381469727,"Per-file exact median; no QI threshold, filtering, or model input.",0.07077739999658661,False
2022\imerg_20220623.nc,imerg_20220623.nc,OK,,0.0,1.0,0.16700001060962677,0.9110000729560852,0.5720071964315736,873600,873600,0,0,0,0,QC_STAT_ONLY,0.5680000185966492,"Per-file exact median; no QI threshold, filtering, or model input.",0.07183249999798136,False
2022\imerg_20220624.nc,imerg_20220624.nc,OK,,0.0,1.0,0.16300000250339508,0.8890000581741333,0.5610981526834917,873600,873600,0,0,0,0,QC_STAT_ONLY,0.5600000023841858,"Per-file exact median; no QI threshold, filtering, or model input.",0.07720259999769041,False
2022\imerg_20220625.nc,imerg_20220625.nc,OK,,0.0,1.0,0.16300000250339508,0.9200000166893005,0.5505873957608789,873600,873600,0,0,0,0,QC_STAT_ONLY,0.5470000505447388,"Per-file exact median; no QI threshold, filtering, or model input.",0.06907489999866812,False
2022\imerg_20220626.nc,imerg_20220626.nc,OK,,0.0,1.0,0.17000000178813934,0.8280000686645508,0.5690484045870302,873600,873600,0,0,0,0,QC_STAT_ONLY,0.5570000410079956,"Per-file exact median; no QI threshold, filtering, or model input.",0.06978720000188332,False
2022\imerg_20220627.nc,imerg_20220627.nc,OK,,0.0,1.0,0.19300000369548798,0.8800000548362732,0.5832183610522547,873600,873600,0,0,0,0,QC_STAT_ONLY,0.5820000171661377,"Per-file exact median; no QI threshold, filtering, or model input.",0.07059149999986403,False
2022\imerg_20220628.nc,imerg_20220628.nc,OK,,0.0,1.0,0.17000000178813934,0.9230000376701355,0.5944539047687079,873600,873600,0,0,0,0,QC_STAT_ONLY,0.5830000042915344,"Per-file exact median; no QI threshold, filtering, or model input.",0.07091809999838006,False
2022\imerg_20220629.nc,imerg_20220629.nc,OK,,0.0,1.0,0.17000000178813934,0.8890000581741333,0.5891311834518194,873600,873600,0,0,0,0,QC_STAT_ONLY,0.5830000042915344,"Per-file exact median; no QI threshold, filtering, or model input.",0.07272480000392534,False
2022\imerg_20220630.nc,imerg_20220630.nc,OK,,0.0,1.0,0.17000000178813934,0.8970000147819519,0.5761989132515855,873600,873600,0,0,0,0,QC_STAT_ONLY,0.5660000443458557,"Per-file exact median; no QI threshold, filtering, or model input.",0.07196590000239667,False
2022\imerg_20220701.nc,imerg_20220701.nc,OK,,0.0,1.0,0.15300001204013824,0.9230000376701355,0.5483537157221898,873600,873600,0,0,0,0,QC_STAT_ONLY,0.5390000343322754,"Per-file exact median; no QI threshold, filtering, or model input.",0.07276500000443775,False
2022\imerg_20220702.nc,imerg_20220702.nc,OK,,0.0,1.0,0.1550000011920929,0.8890000581741333,0.5535636741565984,873600,873600,0,0,0,0,QC_STAT_ONLY,0.5270000100135803,"Per-file exact median; no QI threshold, filtering, or model input.",0.06957420000253478,False
2022\imerg_20220703.nc,imerg_20220703.nc,OK,,0.0,1.0,0.15300001204013824,0.9030000567436218,0.5520159414370678,873600,873600,0,0,0,0,QC_STAT_ONLY,0.5230000019073486,"Per-file exact median; no QI threshold, filtering, or model input.",0.06923359999927925,False
2022\imerg_20220704.nc,imerg_20220704.nc,OK,,0.0,1.0,0.16300000250339508,0.8250000476837158,0.5572804503092174,873600,873600,0,0,0,0,QC_STAT_ONLY,0.5360000133514404,"Per-file exact median; no QI threshold, filtering, or model input.",0.07060490000003483,False
2022\imerg_20220705.nc,imerg_20220705.nc,OK,,0.0,1.0,0.16300000250339508,0.8890000581741333,0.5817963762262379,873600,873600,0,0,0,0,QC_STAT_ONLY,0.5590000152587891,"Per-file exact median; no QI threshold, filtering, or model input.",0.07136879999598023,False
2022\imerg_20220706.nc,imerg_20220706.nc,OK,,0.0,1.0,0.16300000250339508,0.8970000147819519,0.5798666595419248,873600,873600,0,0,0,0,QC_STAT_ONLY,0.5430000424385071,"Per-file exact median; no QI threshold, filtering, or model input.",0.06802179999795044,False
2022\imerg_20220707.nc,imerg_20220707.nc,OK,,0.0,1.0,0.16300000250339508,0.8890000581741333,0.5963910248111285,873600,873600,0,0,0,0,QC_STAT_ONLY,0.5730000138282776,"Per-file exact median; no QI threshold, filtering, or model input.",0.06834019999951124,False
2022\imerg_20220708.nc,imerg_20220708.nc,OK,,0.0,1.0,0.15300001204013824,0.8970000147819519,0.5750302997736205,873600,873600,0,0,0,0,QC_STAT_ONLY,0.5580000281333923,"Per-file exact median; no QI threshold, filtering, or model input.",0.06950159999541938,False
2022\imerg_20220709.nc,imerg_20220709.nc,OK,,0.0,1.0,0.15300001204013824,0.8870000243186951,0.5552044462262151,873600,873600,0,0,0,0,QC_STAT_ONLY,0.5400000214576721,"Per-file exact median; no QI threshold, filtering, or model input.",0.07442259999515954,False
2022\imerg_20220710.nc,imerg_20220710.nc,OK,,0.0,1.0,0.15300001204013824,0.8710000514984131,0.5522634353182507,873600,873600,0,0,0,0,QC_STAT_ONLY,0.5370000004768372,"Per-file exact median; no QI threshold, filtering, or model input.",0.07042980000551324,False
2022\imerg_20220711.nc,imerg_20220711.nc,OK,,0.0,1.0,0.15800000727176666,0.8870000243186951,0.5447496328652827,873600,873600,0,0,0,0,QC_STAT_ONLY,0.5250000357627869,"Per-file exact median; no QI threshold, filtering, or model input.",0.06989329999487381,False
2022\imerg_20220712.nc,imerg_20220712.nc,OK,,0.0,1.0,0.164000004529953,0.8520000576972961,0.5655876120172557,873600,873600,0,0,0,0,QC_STAT_ONLY,0.5390000343322754,"Per-file exact median; no QI threshold, filtering, or model input.",0.0725116000030539,False
2022\imerg_20220713.nc,imerg_20220713.nc,OK,,0.0,1.0,0.17500001192092896,0.8890000581741333,0.5841378020455774,873600,873600,0,0,0,0,QC_STAT_ONLY,0.5630000233650208,"Per-file exact median; no QI threshold, filtering, or model input.",0.06657439999980852,False
2022\imerg_20220714.nc,imerg_20220714.nc,OK,,0.0,1.0,0.16300000250339508,0.8970000147819519,0.576158167345504,873600,873600,0,0,0,0,QC_STAT_ONLY,0.5450000166893005,"Per-file exact median; no QI threshold, filtering, or model input.",0.06515560000116238,False
2022\imerg_20220715.nc,imerg_20220715.nc,OK,,0.0,1.0,0.15300001204013824,0.8890000581741333,0.5665007643145935,873600,873600,0,0,0,0,QC_STAT_ONLY,0.5400000214576721,"Per-file exact median; no QI threshold, filtering, or model input.",0.06627689999731956,False
2022\imerg_20220716.nc,imerg_20220716.nc,OK,,0.0,1.0,0.15300001204013824,0.8970000147819519,0.5558927780087021,873600,873600,0,0,0,0,QC_STAT_ONLY,0.5360000133514404,"Per-file exact median; no QI threshold, filtering, or model input.",0.06531709999399027,False
2022\imerg_20220717.nc,imerg_20220717.nc,OK,,0.0,1.0,0.15300001204013824,0.8890000581741333,0.5468558792650509,873600,873600,0,0,0,0,QC_STAT_ONLY,0.5230000019073486,"Per-file exact median; no QI threshold, filtering, or model input.",0.07183190000068862,False
2022\imerg_20220718.nc,imerg_20220718.nc,OK,,0.0,1.0,0.15800000727176666,0.8650000691413879,0.5605902441284507,873600,873600,0,0,0,0,QC_STAT_ONLY,0.5250000357627869,"Per-file exact median; no QI threshold, filtering, or model input.",0.07171959999686806,False
2022\imerg_20220719.nc,imerg_20220719.nc,OK,,0.0,1.0,0.15300001204013824,0.8870000243186951,0.5554843019480875,873600,873600,0,0,0,0,QC_STAT_ONLY,0.5230000019073486,"Per-file exact median; no QI threshold, filtering, or model input.",0.07084169999870937,False
2022\imerg_20220720.nc,imerg_20220720.nc,OK,,0.0,1.0,0.17000000178813934,0.8480000495910645,0.5668190095055295,873600,873600,0,0,0,0,QC_STAT_ONLY,0.5400000214576721,"Per-file exact median; no QI threshold, filtering, or model input.",0.07288859999971464,False
2022\imerg_20220721.nc,imerg_20220721.nc,OK,,0.0,1.0,0.16300000250339508,0.8890000581741333,0.5725478941948415,873600,873600,0,0,0,0,QC_STAT_ONLY,0.5380000472068787,"Per-file exact median; no QI threshold, filtering, or model input.",0.07263130000501405,False
2022\imerg_20220722.nc,imerg_20220722.nc,OK,,0.0,1.0,0.15400001406669617,0.9200000166893005,0.5622994124349343,873600,873600,0,0,0,0,QC_STAT_ONLY,0.5300000309944153,"Per-file exact median; no QI threshold, filtering, or model input.",0.07035800000448944,False
2022\imerg_20220723.nc,imerg_20220723.nc,OK,,0.0,1.0,0.15400001406669617,0.8890000581741333,0.5738826284151108,873600,873600,0,0,0,0,QC_STAT_ONLY,0.5420000553131104,"Per-file exact median; no QI threshold, filtering, or model input.",0.06863939999311697,False
2022\imerg_20220724.nc,imerg_20220724.nc,OK,,0.0,1.0,0.15300001204013824,0.8970000147819519,0.557756381235273,873600,873600,0,0,0,0,QC_STAT_ONLY,0.5240000486373901,"Per-file exact median; no QI threshold, filtering, or model input.",0.06975329999841051,False
2022\imerg_20220725.nc,imerg_20220725.nc,OK,,0.0,1.0,0.15300001204013824,0.8700000643730164,0.5424183918466627,873600,873600,0,0,0,0,QC_STAT_ONLY,0.5190000534057617,"Per-file exact median; no QI threshold, filtering, or model input.",0.06809570000041276,False
2022\imerg_20220726.nc,imerg_20220726.nc,OK,,0.0,1.0,0.15300001204013824,0.8870000243186951,0.5479484094090541,873600,873600,0,0,0,0,QC_STAT_ONLY,0.5200000405311584,"Per-file exact median; no QI threshold, filtering, or model input.",0.06766680000146152,False
2022\imerg_20220727.nc,imerg_20220727.nc,OK,,0.0,1.0,0.15300001204013824,0.859000027179718,0.5482585365165216,873600,873600,0,0,0,0,QC_STAT_ONLY,0.5240000486373901,"Per-file exact median; no QI threshold, filtering, or model input.",0.07497949999378761,False
2022\imerg_20220728.nc,imerg_20220728.nc,OK,,0.0,1.0,0.15300001204013824,0.8850000500679016,0.5588833440706005,873600,873600,0,0,0,0,QC_STAT_ONLY,0.5300000309944153,"Per-file exact median; no QI threshold, filtering, or model input.",0.0721893000009004,False
2022\imerg_20220729.nc,imerg_20220729.nc,OK,,0.0,1.0,0.15400001406669617,0.9160000681877136,0.5416484141182973,873600,873600,0,0,0,0,QC_STAT_ONLY,0.5180000066757202,"Per-file exact median; no QI threshold, filtering, or model input.",0.06984380000358215,False
2022\imerg_20220730.nc,imerg_20220730.nc,OK,,0.0,1.0,0.1550000011920929,0.9000000357627869,0.5616739114287613,873600,873600,0,0,0,0,QC_STAT_ONLY,0.5250000357627869,"Per-file exact median; no QI threshold, filtering, or model input.",0.0720242999959737,False
2022\imerg_20220731.nc,imerg_20220731.nc,OK,,0.0,1.0,0.15300001204013824,0.9230000376701355,0.549917343231498,873600,873600,0,0,0,0,QC_STAT_ONLY,0.5190000534057617,"Per-file exact median; no QI threshold, filtering, or model input.",0.07390049999958137,False
2022\imerg_20220801.nc,imerg_20220801.nc,OK,,0.0,1.0,0.15000000596046448,0.9300000667572021,0.5306886193749832,873600,873600,0,0,0,0,QC_STAT_ONLY,0.5080000162124634,"Per-file exact median; no QI threshold, filtering, or model input.",0.07082099999388447,False
2022\imerg_20220802.nc,imerg_20220802.nc,OK,,0.0,1.0,0.15000000596046448,0.8570000529289246,0.5527972014050678,873600,873600,0,0,0,0,QC_STAT_ONLY,0.5170000195503235,"Per-file exact median; no QI threshold, filtering, or model input.",0.07021879999956582,False
2022\imerg_20220803.nc,imerg_20220803.nc,OK,,0.0,1.0,0.15000000596046448,0.9300000667572021,0.535757974332178,873600,873600,0,0,0,0,QC_STAT_ONLY,0.5120000243186951,"Per-file exact median; no QI threshold, filtering, or model input.",0.06802700000116602,False
2022\imerg_20220804.nc,imerg_20220804.nc,OK,,0.0,1.0,0.15000000596046448,0.843000054359436,0.5479472641867923,873600,873600,0,0,0,0,QC_STAT_ONLY,0.51500004529953,"Per-file exact median; no QI threshold, filtering, or model input.",0.07096460000320803,False
2022\imerg_20220805.nc,imerg_20220805.nc,OK,,0.0,1.0,0.1510000079870224,0.893000066280365,0.5462882628403911,873600,873600,0,0,0,0,QC_STAT_ONLY,0.5170000195503235,"Per-file exact median; no QI threshold, filtering, or model input.",0.06901119999383809,False
2022\imerg_20220806.nc,imerg_20220806.nc,OK,,0.0,1.0,0.1510000079870224,0.921000063419342,0.5509902565996418,873600,873600,0,0,0,0,QC_STAT_ONLY,0.5120000243186951,"Per-file exact median; no QI threshold, filtering, or model input.",0.07080680000217399,False
2022\imerg_20220807.nc,imerg_20220807.nc,OK,,0.0,1.0,0.15000000596046448,0.893000066280365,0.5528716026361001,873600,873600,0,0,0,0,QC_STAT_ONLY,0.5220000147819519,"Per-file exact median; no QI threshold, filtering, or model input.",0.06813310000143247,False
2022\imerg_20220808.nc,imerg_20220808.nc,OK,,0.0,1.0,0.15000000596046448,0.9300000667572021,0.5487116877210835,873600,873600,0,0,0,0,QC_STAT_ONLY,0.5139999985694885,"Per-file exact median; no QI threshold, filtering, or model input.",0.06922459999623243,False
2022\imerg_20220809.nc,imerg_20220809.nc,OK,,0.0,1.0,0.15000000596046448,0.9300000667572021,0.5262099527610951,873600,873600,0,0,0,0,QC_STAT_ONLY,0.4880000352859497,"Per-file exact median; no QI threshold, filtering, or model input.",0.06542910000280244,False
2022\imerg_20220810.nc,imerg_20220810.nc,OK,,0.0,1.0,0.15000000596046448,0.8680000305175781,0.5608613759532379,873600,873600,0,0,0,0,QC_STAT_ONLY,0.5190000534057617,"Per-file exact median; no QI threshold, filtering, or model input.",0.07112849999975879,False
2022\imerg_20220811.nc,imerg_20220811.nc,OK,,0.0,1.0,0.15000000596046448,0.921000063419342,0.5636242447736172,873600,873600,0,0,0,0,QC_STAT_ONLY,0.5350000262260437,"Per-file exact median; no QI threshold, filtering, or model input.",0.06829070000094362,False
2022\imerg_20220812.nc,imerg_20220812.nc,OK,,0.0,1.0,0.15000000596046448,0.8670000433921814,0.558501304925433,873600,873600,0,0,0,0,QC_STAT_ONLY,0.5330000519752502,"Per-file exact median; no QI threshold, filtering, or model input.",0.06973089999519289,False
2022\imerg_20220813.nc,imerg_20220813.nc,OK,,0.0,1.0,0.1510000079870224,0.893000066280365,0.5820860224139908,873600,873600,0,0,0,0,QC_STAT_ONLY,0.5660000443458557,"Per-file exact median; no QI threshold, filtering, or model input.",0.06655009999667527,False
2022\imerg_20220814.nc,imerg_20220814.nc,OK,,0.0,1.0,0.1510000079870224,0.9070000648498535,0.5693557279283904,873600,873600,0,0,0,0,QC_STAT_ONLY,0.5350000262260437,"Per-file exact median; no QI threshold, filtering, or model input.",0.06716659999801777,False
2022\imerg_20220815.nc,imerg_20220815.nc,OK,,0.0,1.0,0.15000000596046448,0.893000066280365,0.5631509106304333,873600,873600,0,0,0,0,QC_STAT_ONLY,0.5290000438690186,"Per-file exact median; no QI threshold, filtering, or model input.",0.07266659999731928,False
2022\imerg_20220816.nc,imerg_20220816.nc,OK,,0.0,1.0,0.15000000596046448,0.9070000648498535,0.5431407120949913,873600,873600,0,0,0,0,QC_STAT_ONLY,0.5120000243186951,"Per-file exact median; no QI threshold, filtering, or model input.",0.06845690000045579,False
2022\imerg_20220817.nc,imerg_20220817.nc,OK,,0.0,1.0,0.15000000596046448,0.9030000567436218,0.5431632753016066,873600,873600,0,0,0,0,QC_STAT_ONLY,0.5110000371932983,"Per-file exact median; no QI threshold, filtering, or model input.",0.06872750000184169,False
2022\imerg_20220818.nc,imerg_20220818.nc,OK,,0.0,1.0,0.15000000596046448,0.8570000529289246,0.5552834508137866,873600,873600,0,0,0,0,QC_STAT_ONLY,0.5220000147819519,"Per-file exact median; no QI threshold, filtering, or model input.",0.07047599999350496,False
2022\imerg_20220819.nc,imerg_20220819.nc,OK,,0.0,1.0,0.16300000250339508,0.8870000243186951,0.5787519594643183,873600,873600,0,0,0,0,QC_STAT_ONLY,0.5700000524520874,"Per-file exact median; no QI threshold, filtering, or model input.",0.06700010000349721,False
2022\imerg_20220820.nc,imerg_20220820.nc,OK,,0.0,1.0,0.1510000079870224,0.8720000386238098,0.5786576306886609,873600,873600,0,0,0,0,QC_STAT_ONLY,0.5610000491142273,"Per-file exact median; no QI threshold, filtering, or model input.",0.06611569999950007,False
2022\imerg_20220821.nc,imerg_20220821.nc,OK,,0.0,1.0,0.1510000079870224,0.893000066280365,0.5843313305122579,873600,873600,0,0,0,0,QC_STAT_ONLY,0.5720000267028809,"Per-file exact median; no QI threshold, filtering, or model input.",0.06663300000218442,False
2022\imerg_20220822.nc,imerg_20220822.nc,OK,,0.0,1.0,0.1510000079870224,0.9070000648498535,0.5653618813899512,873600,873600,0,0,0,0,QC_STAT_ONLY,0.5290000438690186,"Per-file exact median; no QI threshold, filtering, or model input.",0.06619630000204779,False
2022\imerg_20220823.nc,imerg_20220823.nc,OK,,0.0,1.0,0.1510000079870224,0.893000066280365,0.5612487195237051,873600,873600,0,0,0,0,QC_STAT_ONLY,0.5360000133514404,"Per-file exact median; no QI threshold, filtering, or model input.",0.06594719999702647,False
2022\imerg_20220824.nc,imerg_20220824.nc,OK,,0.0,1.0,0.1510000079870224,0.9040000438690186,0.5594566420380933,873600,873600,0,0,0,0,QC_STAT_ONLY,0.5300000309944153,"Per-file exact median; no QI threshold, filtering, or model input.",0.06727020000107586,False
2022\imerg_20220825.nc,imerg_20220825.nc,OK,,0.0,1.0,0.15000000596046448,0.8670000433921814,0.5567216021544555,873600,873600,0,0,0,0,QC_STAT_ONLY,0.5220000147819519,"Per-file exact median; no QI threshold, filtering, or model input.",0.07097799999610288,False
2022\imerg_20220826.nc,imerg_20220826.nc,OK,,0.0,1.0,0.15000000596046448,0.9300000667572021,0.5559322982308226,873600,873600,0,0,0,0,QC_STAT_ONLY,0.5230000019073486,"Per-file exact median; no QI threshold, filtering, or model input.",0.07183810000424273,False
2022\imerg_20220827.nc,imerg_20220827.nc,OK,,0.0,1.0,0.15200001001358032,0.8360000252723694,0.5722182481221159,873600,873600,0,0,0,0,QC_STAT_ONLY,0.5590000152587891,"Per-file exact median; no QI threshold, filtering, or model input.",0.06803999999829102,False
2022\imerg_20220828.nc,imerg_20220828.nc,OK,,0.0,1.0,0.15300001204013824,0.89000004529953,0.5714095365721903,873600,873600,0,0,0,0,QC_STAT_ONLY,0.5590000152587891,"Per-file exact median; no QI threshold, filtering, or model input.",0.0697375000017928,False
2022\imerg_20220829.nc,imerg_20220829.nc,OK,,0.0,1.0,0.15000000596046448,0.9070000648498535,0.5762976742049529,873600,873600,0,0,0,0,QC_STAT_ONLY,0.5370000004768372,"Per-file exact median; no QI threshold, filtering, or model input.",0.06778979999944568,False
2022\imerg_20220830.nc,imerg_20220830.nc,OK,,0.0,1.0,0.15000000596046448,0.9070000648498535,0.5327551462018058,873600,873600,0,0,0,0,QC_STAT_ONLY,0.5060000419616699,"Per-file exact median; no QI threshold, filtering, or model input.",0.06971250000060536,False
2022\imerg_20220831.nc,imerg_20220831.nc,OK,,0.0,1.0,0.1510000079870224,0.9300000667572021,0.5471815998902231,873600,873600,0,0,0,0,QC_STAT_ONLY,0.51500004529953,"Per-file exact median; no QI threshold, filtering, or model input.",0.07282289999420755,False
2022\imerg_20220901.nc,imerg_20220901.nc,OK,,0.0,1.0,0.15300001204013824,0.9000000357627869,0.5459507396859509,873600,873600,0,0,0,0,QC_STAT_ONLY,0.5200000405311584,"Per-file exact median; no QI threshold, filtering, or model input.",0.06907130000035977,False
2022\imerg_20220902.nc,imerg_20220902.nc,OK,,0.0,1.0,0.15300001204013824,0.878000020980835,0.5438599369229217,873600,873600,0,0,0,0,QC_STAT_ONLY,0.5139999985694885,"Per-file exact median; no QI threshold, filtering, or model input.",0.07337199999892619,False
2022\imerg_20220903.nc,imerg_20220903.nc,OK,,0.0,1.0,0.15300001204013824,0.8960000276565552,0.5527201570856006,873600,873600,0,0,0,0,QC_STAT_ONLY,0.5270000100135803,"Per-file exact median; no QI threshold, filtering, or model input.",0.0743709999951534,False
2022\imerg_20220904.nc,imerg_20220904.nc,OK,,0.0,1.0,0.1600000113248825,0.9030000567436218,0.5640070596747032,873600,873600,0,0,0,0,QC_STAT_ONLY,0.5320000052452087,"Per-file exact median; no QI threshold, filtering, or model input.",0.07128440000087721,False
2022\imerg_20220905.nc,imerg_20220905.nc,OK,,0.0,1.0,0.15400001406669617,0.893000066280365,0.5675519028254494,873600,873600,0,0,0,0,QC_STAT_ONLY,0.5590000152587891,"Per-file exact median; no QI threshold, filtering, or model input.",0.07011590000183787,False
2022\imerg_20220906.nc,imerg_20220906.nc,OK,,0.0,1.0,0.1550000011920929,0.9150000214576721,0.5724676336050409,873600,873600,0,0,0,0,QC_STAT_ONLY,0.5370000004768372,"Per-file exact median; no QI threshold, filtering, or model input.",0.07233590000396362,False
2022\imerg_20220907.nc,imerg_20220907.nc,OK,,0.0,1.0,0.15300001204013824,0.9150000214576721,0.5569196131043034,873600,873600,0,0,0,0,QC_STAT_ONLY,0.5240000486373901,"Per-file exact median; no QI threshold, filtering, or model input.",0.06967430000077002,False
2022\imerg_20220908.nc,imerg_20220908.nc,OK,,0.0,1.0,0.15300001204013824,0.9240000247955322,0.5511669879353642,873600,873600,0,0,0,0,QC_STAT_ONLY,0.5360000133514404,"Per-file exact median; no QI threshold, filtering, or model input.",0.07205499999690801,False
2022\imerg_20220909.nc,imerg_20220909.nc,OK,,0.0,1.0,0.15300001204013824,0.9330000281333923,0.551845553110937,873600,873600,0,0,0,0,QC_STAT_ONLY,0.5290000438690186,"Per-file exact median; no QI threshold, filtering, or model input.",0.0731415000045672,False
2022\imerg_20220910.nc,imerg_20220910.nc,OK,,0.0,1.0,0.15300001204013824,0.878000020980835,0.5471470855837415,873600,873600,0,0,0,0,QC_STAT_ONLY,0.5290000438690186,"Per-file exact median; no QI threshold, filtering, or model input.",0.07089709999854676,False
2022\imerg_20220911.nc,imerg_20220911.nc,OK,,0.0,1.0,0.15300001204013824,0.8960000276565552,0.5630086440516417,873600,873600,0,0,0,0,QC_STAT_ONLY,0.5250000357627869,"Per-file exact median; no QI threshold, filtering, or model input.",0.07249629999569152,False
2022\imerg_20220912.nc,imerg_20220912.nc,OK,,0.0,1.0,0.15400001406669617,0.8960000276565552,0.5658031180626355,873600,873600,0,0,0,0,QC_STAT_ONLY,0.5320000052452087,"Per-file exact median; no QI threshold, filtering, or model input.",0.06716329999471782,False
2022\imerg_20220913.nc,imerg_20220913.nc,OK,,0.0,1.0,0.15400001406669617,0.8980000615119934,0.5726156600470733,873600,873600,0,0,0,0,QC_STAT_ONLY,0.5430000424385071,"Per-file exact median; no QI threshold, filtering, or model input.",0.06675940000422997,False
2022\imerg_20220914.nc,imerg_20220914.nc,OK,,0.0,1.0,0.15400001406669617,0.9330000281333923,0.5875670312765147,873600,873600,0,0,0,0,QC_STAT_ONLY,0.5610000491142273,"Per-file exact median; no QI threshold, filtering, or model input.",0.07199730000138516,False
2022\imerg_20220915.nc,imerg_20220915.nc,OK,,0.0,1.0,0.15300001204013824,0.9240000247955322,0.5740357014966698,873600,873600,0,0,0,0,QC_STAT_ONLY,0.5400000214576721,"Per-file exact median; no QI threshold, filtering, or model input.",0.07132749999436783,False
2022\imerg_20220916.nc,imerg_20220916.nc,OK,,0.0,1.0,0.15400001406669617,0.9330000281333923,0.5688634466653137,873600,873600,0,0,0,0,QC_STAT_ONLY,0.5410000085830688,"Per-file exact median; no QI threshold, filtering, or model input.",0.07134550000046147,False
2022\imerg_20220917.nc,imerg_20220917.nc,OK,,0.0,1.0,0.15300001204013824,0.9240000247955322,0.5632505449153067,873600,873600,0,0,0,0,QC_STAT_ONLY,0.5400000214576721,"Per-file exact median; no QI threshold, filtering, or model input.",0.06916639999690233,False
2022\imerg_20220918.nc,imerg_20220918.nc,OK,,0.0,1.0,0.15300001204013824,0.8910000324249268,0.5554762435257059,873600,873600,0,0,0,0,QC_STAT_ONLY,0.5210000276565552,"Per-file exact median; no QI threshold, filtering, or model input.",0.06973270000162302,False
2022\imerg_20220919.nc,imerg_20220919.nc,OK,,0.0,1.0,0.15400001406669617,0.8380000591278076,0.5592487672606019,873600,873600,0,0,0,0,QC_STAT_ONLY,0.5250000357627869,"Per-file exact median; no QI threshold, filtering, or model input.",0.06832269999722484,False
2022\imerg_20220920.nc,imerg_20220920.nc,OK,,0.0,1.0,0.15400001406669617,0.9030000567436218,0.5727021472810874,873600,873600,0,0,0,0,QC_STAT_ONLY,0.5370000004768372,"Per-file exact median; no QI threshold, filtering, or model input.",0.07228179999947315,False
2022\imerg_20220921.nc,imerg_20220921.nc,OK,,0.0,1.0,0.15300001204013824,0.921000063419342,0.5733706664189444,873600,873600,0,0,0,0,QC_STAT_ONLY,0.5430000424385071,"Per-file exact median; no QI threshold, filtering, or model input.",0.07509559999743942,False
2022\imerg_20220922.nc,imerg_20220922.nc,OK,,0.0,1.0,0.15300001204013824,0.9150000214576721,0.5721997206013193,873600,873600,0,0,0,0,QC_STAT_ONLY,0.5370000004768372,"Per-file exact median; no QI threshold, filtering, or model input.",0.07407049999892479,False
2022\imerg_20220923.nc,imerg_20220923.nc,OK,,0.0,1.0,0.15300001204013824,0.9330000281333923,0.570119582509431,873600,873600,0,0,0,0,QC_STAT_ONLY,0.5430000424385071,"Per-file exact median; no QI threshold, filtering, or model input.",0.07181080000009388,False
2022\imerg_20220924.nc,imerg_20220924.nc,OK,,0.0,1.0,0.15300001204013824,0.9100000262260437,0.5564614302652032,873600,873600,0,0,0,0,QC_STAT_ONLY,0.5330000519752502,"Per-file exact median; no QI threshold, filtering, or model input.",0.07495910000579897,False
2022\imerg_20220925.nc,imerg_20220925.nc,OK,,0.0,1.0,0.15300001204013824,0.9070000648498535,0.5664226613887295,873600,873600,0,0,0,0,QC_STAT_ONLY,0.5270000100135803,"Per-file exact median; no QI threshold, filtering, or model input.",0.0741213000001153,False
2022\imerg_20220926.nc,imerg_20220926.nc,OK,,0.0,1.0,0.15300001204013824,0.8950000405311584,0.5649074617461489,873600,873600,0,0,0,0,QC_STAT_ONLY,0.5370000004768372,"Per-file exact median; no QI threshold, filtering, or model input.",0.06811089999973774,False
2022\imerg_20220927.nc,imerg_20220927.nc,OK,,0.0,1.0,0.15300001204013824,0.8630000352859497,0.5524955179171821,873600,873600,0,0,0,0,QC_STAT_ONLY,0.5120000243186951,"Per-file exact median; no QI threshold, filtering, or model input.",0.06358149999869056,False
2022\imerg_20220928.nc,imerg_20220928.nc,OK,,0.0,1.0,0.15400001406669617,0.8960000276565552,0.5567670853969201,873600,873600,0,0,0,0,QC_STAT_ONLY,0.5240000486373901,"Per-file exact median; no QI threshold, filtering, or model input.",0.06488610000087647,False
2022\imerg_20220929.nc,imerg_20220929.nc,OK,,0.0,1.0,0.15300001204013824,0.9130000472068787,0.562978300899813,873600,873600,0,0,0,0,QC_STAT_ONLY,0.5320000052452087,"Per-file exact median; no QI threshold, filtering, or model input.",0.06277589999808697,False
2022\imerg_20220930.nc,imerg_20220930.nc,OK,,0.0,1.0,0.16100001335144043,0.9330000281333923,0.5811603869150491,873600,873600,0,0,0,0,QC_STAT_ONLY,0.5410000085830688,"Per-file exact median; no QI threshold, filtering, or model input.",0.06574839999666438,False
2022\imerg_20221001.nc,imerg_20221001.nc,OK,,0.0,1.0,0.15600000321865082,0.8800000548362732,0.5925221710986945,873600,873600,0,0,0,0,QC_STAT_ONLY,0.5830000042915344,"Per-file exact median; no QI threshold, filtering, or model input.",0.067449400004989,False
2022\imerg_20221002.nc,imerg_20221002.nc,OK,,0.0,1.0,0.15600000321865082,0.9140000343322754,0.5828830238242017,873600,873600,0,0,0,0,QC_STAT_ONLY,0.5649999976158142,"Per-file exact median; no QI threshold, filtering, or model input.",0.07180279999738559,False
2022\imerg_20221003.nc,imerg_20221003.nc,OK,,0.0,1.0,0.15600000321865082,0.9030000567436218,0.582487722949599,873600,873600,0,0,0,0,QC_STAT_ONLY,0.5640000104904175,"Per-file exact median; no QI threshold, filtering, or model input.",0.07183100000111153,False
2022\imerg_20221004.nc,imerg_20221004.nc,OK,,0.0,1.0,0.15600000321865082,0.9140000343322754,0.5710356835775664,873600,873600,0,0,0,0,QC_STAT_ONLY,0.5580000281333923,"Per-file exact median; no QI threshold, filtering, or model input.",0.07048950000171317,False
2022\imerg_20221005.nc,imerg_20221005.nc,OK,,0.0,1.0,0.15600000321865082,0.8380000591278076,0.5706139296077997,873600,873600,0,0,0,0,QC_STAT_ONLY,0.5440000295639038,"Per-file exact median; no QI threshold, filtering, or model input.",0.07468230000085896,False
2022\imerg_20221006.nc,imerg_20221006.nc,OK,,0.0,1.0,0.1730000078678131,0.906000018119812,0.5749506562099973,873600,873600,0,0,0,0,QC_STAT_ONLY,0.5440000295639038,"Per-file exact median; no QI threshold, filtering, or model input.",0.06945640000049025,False
2022\imerg_20221007.nc,imerg_20221007.nc,OK,,0.0,1.0,0.15600000321865082,0.9030000567436218,0.5876339777738654,873600,873600,0,0,0,0,QC_STAT_ONLY,0.5630000233650208,"Per-file exact median; no QI threshold, filtering, or model input.",0.06835669999418315,False
2022\imerg_20221008.nc,imerg_20221008.nc,OK,,0.0,1.0,0.16500000655651093,0.906000018119812,0.5851907478759215,873600,873600,0,0,0,0,QC_STAT_ONLY,0.5610000491142273,"Per-file exact median; no QI threshold, filtering, or model input.",0.06927709999581566,False
2022\imerg_20221009.nc,imerg_20221009.nc,OK,,0.0,1.0,0.15600000321865082,0.9140000343322754,0.589458950206402,873600,873600,0,0,0,0,QC_STAT_ONLY,0.5690000057220459,"Per-file exact median; no QI threshold, filtering, or model input.",0.0721066999976756,False
2022\imerg_20221010.nc,imerg_20221010.nc,OK,,0.0,1.0,0.15600000321865082,0.9030000567436218,0.5782811929227362,873600,873600,0,0,0,0,QC_STAT_ONLY,0.5640000104904175,"Per-file exact median; no QI threshold, filtering, or model input.",0.0730279999988852,False
2022\imerg_20221011.nc,imerg_20221011.nc,OK,,0.0,1.0,0.15600000321865082,0.8960000276565552,0.5881468422315851,873600,873600,0,0,0,0,QC_STAT_ONLY,0.5670000314712524,"Per-file exact median; no QI threshold, filtering, or model input.",0.06937640000251122,False
2022\imerg_20221012.nc,imerg_20221012.nc,OK,,0.0,1.0,0.15600000321865082,0.8800000548362732,0.5686793522663319,873600,873600,0,0,0,0,QC_STAT_ONLY,0.5320000052452087,"Per-file exact median; no QI threshold, filtering, or model input.",0.06688980000035372,False
2022\imerg_20221013.nc,imerg_20221013.nc,OK,,0.0,1.0,0.15900000929832458,0.906000018119812,0.5626258770489704,873600,873600,0,0,0,0,QC_STAT_ONLY,0.527999997138977,"Per-file exact median; no QI threshold, filtering, or model input.",0.07186609999916982,False
2022\imerg_20221014.nc,imerg_20221014.nc,OK,,0.0,1.0,0.15600000321865082,0.9170000553131104,0.5665860629445727,873600,873600,0,0,0,0,QC_STAT_ONLY,0.5330000519752502,"Per-file exact median; no QI threshold, filtering, or model input.",0.06466850000288105,False
2022\imerg_20221015.nc,imerg_20221015.nc,OK,,0.0,1.0,0.15600000321865082,0.906000018119812,0.5769105629147553,873600,873600,0,0,0,0,QC_STAT_ONLY,0.5450000166893005,"Per-file exact median; no QI threshold, filtering, or model input.",0.06470750000153203,False
2022\imerg_20221016.nc,imerg_20221016.nc,OK,,0.0,1.0,0.15600000321865082,0.9120000600814819,0.5890874921415861,873600,873600,0,0,0,0,QC_STAT_ONLY,0.5640000104904175,"Per-file exact median; no QI threshold, filtering, or model input.",0.06692849999672035,False
2022\imerg_20221017.nc,imerg_20221017.nc,OK,,0.0,1.0,0.15600000321865082,0.9140000343322754,0.5882320441086453,873600,873600,0,0,0,0,QC_STAT_ONLY,0.5690000057220459,"Per-file exact median; no QI threshold, filtering, or model input.",0.06511129999853438,False
2022\imerg_20221018.nc,imerg_20221018.nc,OK,,0.0,1.0,0.15600000321865082,0.9140000343322754,0.5860204303802943,873600,873600,0,0,0,0,QC_STAT_ONLY,0.5720000267028809,"Per-file exact median; no QI threshold, filtering, or model input.",0.06502190000173869,False
2022\imerg_20221019.nc,imerg_20221019.nc,OK,,0.0,1.0,0.15600000321865082,0.9170000553131104,0.5736192436357653,873600,873600,0,0,0,0,QC_STAT_ONLY,0.5580000281333923,"Per-file exact median; no QI threshold, filtering, or model input.",0.06717740000021877,False
2022\imerg_20221020.nc,imerg_20221020.nc,OK,,0.0,1.0,0.15600000321865082,0.9120000600814819,0.5683091447323615,873600,873600,0,0,0,0,QC_STAT_ONLY,0.5400000214576721,"Per-file exact median; no QI threshold, filtering, or model input.",0.06465390000084881,False
2022\imerg_20221021.nc,imerg_20221021.nc,OK,,0.0,1.0,0.15600000321865082,0.9030000567436218,0.5681869468709194,873600,873600,0,0,0,0,QC_STAT_ONLY,0.5390000343322754,"Per-file exact median; no QI threshold, filtering, or model input.",0.0689660999996704,False
2022\imerg_20221022.nc,imerg_20221022.nc,OK,,0.0,1.0,0.15600000321865082,0.9380000233650208,0.5778121824567496,873600,873600,0,0,0,0,QC_STAT_ONLY,0.5560000538825989,"Per-file exact median; no QI threshold, filtering, or model input.",0.06569129999843426,False
2022\imerg_20221023.nc,imerg_20221023.nc,OK,,0.0,1.0,0.15600000321865082,0.906000018119812,0.5798250909842169,873600,873600,0,0,0,0,QC_STAT_ONLY,0.550000011920929,"Per-file exact median; no QI threshold, filtering, or model input.",0.06784469999547582,False
2022\imerg_20221024.nc,imerg_20221024.nc,OK,,0.0,1.0,0.1730000078678131,0.906000018119812,0.5856774173847881,873600,873600,0,0,0,0,QC_STAT_ONLY,0.5670000314712524,"Per-file exact median; no QI threshold, filtering, or model input.",0.06807429999753367,False
2022\imerg_20221025.nc,imerg_20221025.nc,OK,,0.0,1.0,0.15600000321865082,0.9380000233650208,0.5853886587237053,873600,873600,0,0,0,0,QC_STAT_ONLY,0.5690000057220459,"Per-file exact median; no QI threshold, filtering, or model input.",0.06573249999928521,False
2022\imerg_20221026.nc,imerg_20221026.nc,OK,,0.0,1.0,0.15600000321865082,0.909000039100647,0.5872991934470362,873600,873600,0,0,0,0,QC_STAT_ONLY,0.5720000267028809,"Per-file exact median; no QI threshold, filtering, or model input.",0.06868239999312209,False
2022\imerg_20221027.nc,imerg_20221027.nc,OK,,0.0,1.0,0.15600000321865082,0.9140000343322754,0.5873872730693005,873600,873600,0,0,0,0,QC_STAT_ONLY,0.5720000267028809,"Per-file exact median; no QI threshold, filtering, or model input.",0.06708559999970021,False
2022\imerg_20221028.nc,imerg_20221028.nc,OK,,0.0,1.0,0.15600000321865082,0.909000039100647,0.5650240298867697,873600,873600,0,0,0,0,QC_STAT_ONLY,0.5400000214576721,"Per-file exact median; no QI threshold, filtering, or model input.",0.06621750000340398,False
2022\imerg_20221029.nc,imerg_20221029.nc,OK,,0.0,1.0,0.15600000321865082,0.906000018119812,0.5585932477990903,873600,873600,0,0,0,0,QC_STAT_ONLY,0.5250000357627869,"Per-file exact median; no QI threshold, filtering, or model input.",0.07009370000014314,False
2022\imerg_20221030.nc,imerg_20221030.nc,OK,,0.0,1.0,0.15600000321865082,0.9140000343322754,0.5667736469850715,873600,873600,0,0,0,0,QC_STAT_ONLY,0.5440000295639038,"Per-file exact median; no QI threshold, filtering, or model input.",0.06919010000274284,False
2022\imerg_20221031.nc,imerg_20221031.nc,OK,,0.0,1.0,0.15600000321865082,0.906000018119812,0.5676962112493458,873600,873600,0,0,0,0,QC_STAT_ONLY,0.5420000553131104,"Per-file exact median; no QI threshold, filtering, or model input.",0.06522489999770187,False
2022\imerg_20221101.nc,imerg_20221101.nc,OK,,0.0,1.0,0.17100000381469727,0.906000018119812,0.6062382946563066,873600,873600,0,0,0,0,QC_STAT_ONLY,0.6100000143051147,"Per-file exact median; no QI threshold, filtering, or model input.",0.06798459999845363,False
2022\imerg_20221102.nc,imerg_20221102.nc,OK,,0.0,1.0,0.1720000058412552,0.9130000472068787,0.6053402499058165,873600,873600,0,0,0,0,QC_STAT_ONLY,0.6100000143051147,"Per-file exact median; no QI threshold, filtering, or model input.",0.07132410000485834,False
2022\imerg_20221103.nc,imerg_20221103.nc,OK,,0.0,1.0,0.1730000078678131,0.9100000262260437,0.6066536478266366,873600,873600,0,0,0,0,QC_STAT_ONLY,0.6100000143051147,"Per-file exact median; no QI threshold, filtering, or model input.",0.06864219999988563,False
2022\imerg_20221104.nc,imerg_20221104.nc,OK,,0.0,1.0,0.17100000381469727,0.906000018119812,0.591872254702631,873600,873600,0,0,0,0,QC_STAT_ONLY,0.5840000510215759,"Per-file exact median; no QI threshold, filtering, or model input.",0.06964359999983571,False
2022\imerg_20221105.nc,imerg_20221105.nc,OK,,0.0,1.0,0.16900001466274261,0.9040000438690186,0.5830400058080787,873600,873600,0,0,0,0,QC_STAT_ONLY,0.5670000314712524,"Per-file exact median; no QI threshold, filtering, or model input.",0.0652059999993071,False
2022\imerg_20221106.nc,imerg_20221106.nc,OK,,0.0,1.0,0.1730000078678131,0.8980000615119934,0.5778396681256442,873600,873600,0,0,0,0,QC_STAT_ONLY,0.5560000538825989,"Per-file exact median; no QI threshold, filtering, or model input.",0.06485830000019632,False
2022\imerg_20221107.nc,imerg_20221107.nc,OK,,0.0,1.0,0.16900001466274261,0.9040000438690186,0.5929957747976756,873600,873600,0,0,0,0,QC_STAT_ONLY,0.5800000429153442,"Per-file exact median; no QI threshold, filtering, or model input.",0.06619759999739472,False
2022\imerg_20221108.nc,imerg_20221108.nc,OK,,0.0,1.0,0.17100000381469727,0.8980000615119934,0.5722357887774194,873600,873600,0,0,0,0,QC_STAT_ONLY,0.5580000281333923,"Per-file exact median; no QI threshold, filtering, or model input.",0.0655181000038283,False
2022\imerg_20221109.nc,imerg_20221109.nc,OK,,0.0,1.0,0.1730000078678131,0.8950000405311584,0.5311924462551217,873600,873600,0,0,0,0,QC_STAT_ONLY,0.5230000019073486,"Per-file exact median; no QI threshold, filtering, or model input.",0.06512999999540625,False
2022\imerg_20221110.nc,imerg_20221110.nc,OK,,0.0,1.0,0.1730000078678131,0.9100000262260437,0.608055290361515,873600,873600,0,0,0,0,QC_STAT_ONLY,0.6100000143051147,"Per-file exact median; no QI threshold, filtering, or model input.",0.066829700001108,False
2022\imerg_20221111.nc,imerg_20221111.nc,OK,,0.0,1.0,0.1730000078678131,0.906000018119812,0.6045793334028475,873600,873600,0,0,0,0,QC_STAT_ONLY,0.609000027179718,"Per-file exact median; no QI threshold, filtering, or model input.",0.06422110000130488,False
2022\imerg_20221112.nc,imerg_20221112.nc,OK,,0.0,1.0,0.16900001466274261,0.8910000324249268,0.6059943635457097,873600,873600,0,0,0,0,QC_STAT_ONLY,0.6100000143051147,"Per-file exact median; no QI threshold, filtering, or model input.",0.06603200000245124,False
2022\imerg_20221113.nc,imerg_20221113.nc,OK,,0.0,1.0,0.16900001466274261,0.8980000615119934,0.5904046576073386,873600,873600,0,0,0,0,QC_STAT_ONLY,0.5800000429153442,"Per-file exact median; no QI threshold, filtering, or model input.",0.06417589999909978,False
2022\imerg_20221114.nc,imerg_20221114.nc,OK,,0.0,1.0,0.1720000058412552,0.9080000519752502,0.5911412430764261,873600,873600,0,0,0,0,QC_STAT_ONLY,0.581000030040741,"Per-file exact median; no QI threshold, filtering, or model input.",0.06692350000230363,False
2022\imerg_20221115.nc,imerg_20221115.nc,OK,,0.0,1.0,0.16900001466274261,0.8950000405311584,0.5931579405700979,873600,873600,0,0,0,0,QC_STAT_ONLY,0.5820000171661377,"Per-file exact median; no QI threshold, filtering, or model input.",0.06851279999682447,False
2022\imerg_20221116.nc,imerg_20221116.nc,OK,,0.0,1.0,0.18000000715255737,0.906000018119812,0.596657660425105,873600,873600,0,0,0,0,QC_STAT_ONLY,0.5820000171661377,"Per-file exact median; no QI threshold, filtering, or model input.",0.06859769999573473,False
2022\imerg_20221117.nc,imerg_20221117.nc,OK,,0.0,1.0,0.16900001466274261,0.9100000262260437,0.6225477459997403,873600,873600,0,0,0,0,QC_STAT_ONLY,0.6140000224113464,"Per-file exact median; no QI threshold, filtering, or model input.",0.08281690000148956,False
2022\imerg_20221118.nc,imerg_20221118.nc,OK,,0.0,1.0,0.16900001466274261,0.906000018119812,0.6088883722459918,873600,873600,0,0,0,0,QC_STAT_ONLY,0.6100000143051147,"Per-file exact median; no QI threshold, filtering, or model input.",0.07422849999420578,False
2022\imerg_20221119.nc,imerg_20221119.nc,OK,,0.0,1.0,0.17100000381469727,0.9080000519752502,0.6060653455372074,873600,873600,0,0,0,0,QC_STAT_ONLY,0.5950000286102295,"Per-file exact median; no QI threshold, filtering, or model input.",0.06916909999563359,False
2022\imerg_20221120.nc,imerg_20221120.nc,OK,,0.0,1.0,0.17100000381469727,0.8760000467300415,0.6003621984429268,873600,873600,0,0,0,0,QC_STAT_ONLY,0.5950000286102295,"Per-file exact median; no QI threshold, filtering, or model input.",0.07058909999614116,False
2022\imerg_20221121.nc,imerg_20221121.nc,OK,,0.0,1.0,0.1720000058412552,0.9100000262260437,0.588717663169893,873600,873600,0,0,0,0,QC_STAT_ONLY,0.5800000429153442,"Per-file exact median; no QI threshold, filtering, or model input.",0.08146960000158288,False
2022\imerg_20221122.nc,imerg_20221122.nc,OK,,0.0,1.0,0.16900001466274261,0.8520000576972961,0.5898567590415614,873600,873600,0,0,0,0,QC_STAT_ONLY,0.581000030040741,"Per-file exact median; no QI threshold, filtering, or model input.",0.14774000000033993,False
2022\imerg_20221123.nc,imerg_20221123.nc,OK,,0.0,1.0,0.17100000381469727,0.9010000228881836,0.6027316399968499,873600,873600,0,0,0,0,QC_STAT_ONLY,0.5910000205039978,"Per-file exact median; no QI threshold, filtering, or model input.",0.08144310000352561,False
2022\imerg_20221124.nc,imerg_20221124.nc,OK,,0.0,1.0,0.16900001466274261,0.9080000519752502,0.6060982611305302,873600,873600,0,0,0,0,QC_STAT_ONLY,0.5950000286102295,"Per-file exact median; no QI threshold, filtering, or model input.",0.23484250000183238,False
2022\imerg_20221125.nc,imerg_20221125.nc,OK,,0.0,1.0,0.17100000381469727,0.906000018119812,0.6112560156178609,873600,873600,0,0,0,0,QC_STAT_ONLY,0.6100000143051147,"Per-file exact median; no QI threshold, filtering, or model input.",0.08349140000063926,False
2022\imerg_20221126.nc,imerg_20221126.nc,OK,,0.0,1.0,0.16900001466274261,0.9100000262260437,0.6031062417576131,873600,873600,0,0,0,0,QC_STAT_ONLY,0.5950000286102295,"Per-file exact median; no QI threshold, filtering, or model input.",0.07828729999891948,False
2022\imerg_20221127.nc,imerg_20221127.nc,OK,,0.0,1.0,0.17100000381469727,0.9080000519752502,0.5955230593749905,873600,873600,0,0,0,0,QC_STAT_ONLY,0.5890000462532043,"Per-file exact median; no QI threshold, filtering, or model input.",0.07794369999464834,False
2022\imerg_20221128.nc,imerg_20221128.nc,OK,,0.0,1.0,0.17100000381469727,0.9100000262260437,0.6011660230807421,873600,873600,0,0,0,0,QC_STAT_ONLY,0.5890000462532043,"Per-file exact median; no QI threshold, filtering, or model input.",0.07331100000010338,False
2022\imerg_20221129.nc,imerg_20221129.nc,OK,,0.0,1.0,0.17100000381469727,0.9100000262260437,0.5950785467653593,873600,873600,0,0,0,0,QC_STAT_ONLY,0.5820000171661377,"Per-file exact median; no QI threshold, filtering, or model input.",0.07018460000108462,False
2022\imerg_20221130.nc,imerg_20221130.nc,OK,,0.0,1.0,0.1720000058412552,0.8980000615119934,0.5977733104872507,873600,873600,0,0,0,0,QC_STAT_ONLY,0.5830000042915344,"Per-file exact median; no QI threshold, filtering, or model input.",0.0776659000039217,False
2022\imerg_20221201.nc,imerg_20221201.nc,OK,,0.0,1.0,0.1810000091791153,0.9080000519752502,0.6352217011038732,873600,873600,0,0,0,0,QC_STAT_ONLY,0.64000004529953,"Per-file exact median; no QI threshold, filtering, or model input.",0.07395980000001146,False
2022\imerg_20221202.nc,imerg_20221202.nc,OK,,0.0,1.0,0.19500000774860382,0.9330000281333923,0.6401119466402974,873600,873600,0,0,0,0,QC_STAT_ONLY,0.6360000371932983,"Per-file exact median; no QI threshold, filtering, or model input.",0.07749209999747109,False
2022\imerg_20221203.nc,imerg_20221203.nc,OK,,0.0,1.0,0.19500000774860382,0.9200000166893005,0.6451182700958846,873600,873600,0,0,0,0,QC_STAT_ONLY,0.6430000066757202,"Per-file exact median; no QI threshold, filtering, or model input.",0.0672435999949812,False
2022\imerg_20221204.nc,imerg_20221204.nc,OK,,0.0,1.0,0.1810000091791153,0.9230000376701355,0.6368994212744675,873600,873600,0,0,0,0,QC_STAT_ONLY,0.6360000371932983,"Per-file exact median; no QI threshold, filtering, or model input.",0.06464570000389358,False
2022\imerg_20221205.nc,imerg_20221205.nc,OK,,0.0,1.0,0.19500000774860382,0.9200000166893005,0.6432646897144363,873600,873600,0,0,0,0,QC_STAT_ONLY,0.6510000228881836,"Per-file exact median; no QI threshold, filtering, or model input.",0.07134809999843128,False
2022\imerg_20221206.nc,imerg_20221206.nc,OK,,0.0,1.0,0.19500000774860382,0.9200000166893005,0.6326820710144644,873600,873600,0,0,0,0,QC_STAT_ONLY,0.6360000371932983,"Per-file exact median; no QI threshold, filtering, or model input.",0.06561430000147084,False
2022\imerg_20221207.nc,imerg_20221207.nc,OK,,0.0,1.0,0.18800000846385956,0.9100000262260437,0.6332630377374896,873600,873600,0,0,0,0,QC_STAT_ONLY,0.6350000500679016,"Per-file exact median; no QI threshold, filtering, or model input.",0.06318820000160486,False
2022\imerg_20221208.nc,imerg_20221208.nc,OK,,0.0,1.0,0.19300000369548798,0.8650000691413879,0.6335405789800296,873600,873600,0,0,0,0,QC_STAT_ONLY,0.6360000371932983,"Per-file exact median; no QI threshold, filtering, or model input.",0.06468659999518422,False
2022\imerg_20221209.nc,imerg_20221209.nc,OK,,0.0,1.0,0.1810000091791153,0.9130000472068787,0.6326758052742846,873600,873600,0,0,0,0,QC_STAT_ONLY,0.6310000419616699,"Per-file exact median; no QI threshold, filtering, or model input.",0.0632088999991538,False
2022\imerg_20221210.nc,imerg_20221210.nc,OK,,0.0,1.0,0.19500000774860382,0.9170000553131104,0.6483076227952524,873600,873600,0,0,0,0,QC_STAT_ONLY,0.6510000228881836,"Per-file exact median; no QI threshold, filtering, or model input.",0.06530729999940377,False
2022\imerg_20221211.nc,imerg_20221211.nc,OK,,0.0,1.0,0.1810000091791153,0.9200000166893005,0.6446378238257293,873600,873600,0,0,0,0,QC_STAT_ONLY,0.6510000228881836,"Per-file exact median; no QI threshold, filtering, or model input.",0.06671259999711765,False
2022\imerg_20221212.nc,imerg_20221212.nc,OK,,0.0,1.0,0.18800000846385956,0.9230000376701355,0.6283676734075271,873600,873600,0,0,0,0,QC_STAT_ONLY,0.6350000500679016,"Per-file exact median; no QI threshold, filtering, or model input.",0.06376949999685166,False
2022\imerg_20221213.nc,imerg_20221213.nc,OK,,0.0,1.0,0.19300000369548798,0.9080000519752502,0.630550317939596,873600,873600,0,0,0,0,QC_STAT_ONLY,0.6300000548362732,"Per-file exact median; no QI threshold, filtering, or model input.",0.06355810000241036,False
2022\imerg_20221214.nc,imerg_20221214.nc,OK,,0.0,1.0,0.18800000846385956,0.9080000519752502,0.6457368938045768,873600,873600,0,0,0,0,QC_STAT_ONLY,0.6470000147819519,"Per-file exact median; no QI threshold, filtering, or model input.",0.06609649999882095,False
2022\imerg_20221215.nc,imerg_20221215.nc,OK,,0.0,1.0,0.19300000369548798,0.8750000596046448,0.6392804047621398,873600,873600,0,0,0,0,QC_STAT_ONLY,0.6360000371932983,"Per-file exact median; no QI threshold, filtering, or model input.",0.06476629999815486,False
2022\imerg_20221216.nc,imerg_20221216.nc,OK,,0.0,1.0,0.17900000512599945,0.9080000519752502,0.6480624985519026,873600,873600,0,0,0,0,QC_STAT_ONLY,0.6440000534057617,"Per-file exact median; no QI threshold, filtering, or model input.",0.06429780000325991,False
2022\imerg_20221217.nc,imerg_20221217.nc,OK,,0.0,1.0,0.19500000774860382,0.9170000553131104,0.6515684720726288,873600,873600,0,0,0,0,QC_STAT_ONLY,0.6550000309944153,"Per-file exact median; no QI threshold, filtering, or model input.",0.06382139999914216,False
2022\imerg_20221218.nc,imerg_20221218.nc,OK,,0.0,1.0,0.19300000369548798,0.9170000553131104,0.6327541871228505,873600,873600,0,0,0,0,QC_STAT_ONLY,0.6430000066757202,"Per-file exact median; no QI threshold, filtering, or model input.",0.06483510000543902,False
2022\imerg_20221219.nc,imerg_20221219.nc,OK,,0.0,1.0,0.19300000369548798,0.9170000553131104,0.6443036389564959,873600,873600,0,0,0,0,QC_STAT_ONLY,0.6510000228881836,"Per-file exact median; no QI threshold, filtering, or model input.",0.06567039999936242,False
2022\imerg_20221220.nc,imerg_20221220.nc,OK,,0.0,1.0,0.19300000369548798,0.9140000343322754,0.6269706720411231,873600,873600,0,0,0,0,QC_STAT_ONLY,0.6270000338554382,"Per-file exact median; no QI threshold, filtering, or model input.",0.06486420000146609,False
2022\imerg_20221221.nc,imerg_20221221.nc,OK,,0.0,1.0,0.18800000846385956,0.8970000147819519,0.6378235893579535,873600,873600,0,0,0,0,QC_STAT_ONLY,0.6360000371932983,"Per-file exact median; no QI threshold, filtering, or model input.",0.06629580000299029,False
2022\imerg_20221222.nc,imerg_20221222.nc,OK,,0.0,1.0,0.18800000846385956,0.8530000448226929,0.6452960420624718,873600,873600,0,0,0,0,QC_STAT_ONLY,0.6510000228881836,"Per-file exact median; no QI threshold, filtering, or model input.",0.06897910000407137,False
2022\imerg_20221223.nc,imerg_20221223.nc,OK,,0.0,1.0,0.18800000846385956,0.909000039100647,0.6387005485317434,873600,873600,0,0,0,0,QC_STAT_ONLY,0.6350000500679016,"Per-file exact median; no QI threshold, filtering, or model input.",0.06761969999934081,False
2022\imerg_20221224.nc,imerg_20221224.nc,OK,,0.0,1.0,0.19300000369548798,0.9030000567436218,0.654298804559414,873600,873600,0,0,0,0,QC_STAT_ONLY,0.6510000228881836,"Per-file exact median; no QI threshold, filtering, or model input.",0.06550079999578884,False
2022\imerg_20221225.nc,imerg_20221225.nc,OK,,0.0,1.0,0.19300000369548798,0.9140000343322754,0.6537196630466177,873600,873600,0,0,0,0,QC_STAT_ONLY,0.6610000133514404,"Per-file exact median; no QI threshold, filtering, or model input.",0.07182199999806471,False
2022\imerg_20221226.nc,imerg_20221226.nc,OK,,0.0,1.0,0.18800000846385956,0.9200000166893005,0.6460910810482596,873600,873600,0,0,0,0,QC_STAT_ONLY,0.6510000228881836,"Per-file exact median; no QI threshold, filtering, or model input.",0.06654220000200439,False
2022\imerg_20221227.nc,imerg_20221227.nc,OK,,0.0,1.0,0.19300000369548798,0.9140000343322754,0.6365365533937356,873600,873600,0,0,0,0,QC_STAT_ONLY,0.6350000500679016,"Per-file exact median; no QI threshold, filtering, or model input.",0.06706719999783672,False
2022\imerg_20221228.nc,imerg_20221228.nc,OK,,0.0,1.0,0.18300001323223114,0.862000048160553,0.62785238336944,873600,873600,0,0,0,0,QC_STAT_ONLY,0.6220000386238098,"Per-file exact median; no QI threshold, filtering, or model input.",0.06736390000151005,False
2022\imerg_20221229.nc,imerg_20221229.nc,OK,,0.0,1.0,0.1810000091791153,0.8350000381469727,0.6086658441959011,873600,873600,0,0,0,0,QC_STAT_ONLY,0.625,"Per-file exact median; no QI threshold, filtering, or model input.",0.06792070000665262,False
2022\imerg_20221230.nc,imerg_20221230.nc,OK,,0.0,1.0,0.17900000512599945,0.8610000610351562,0.618778556664969,873600,873600,0,0,0,0,QC_STAT_ONLY,0.6190000176429749,"Per-file exact median; no QI threshold, filtering, or model input.",0.0683195000019623,False
2022\imerg_20221231.nc,imerg_20221231.nc,OK,,0.0,1.0,0.1810000091791153,0.8850000500679016,0.608866133782842,873600,873600,0,0,0,0,QC_STAT_ONLY,0.6180000305175781,"Per-file exact median; no QI threshold, filtering, or model input.",0.06677530000160914,False
2023\imerg_20230101.nc,imerg_20230101.nc,OK,,0.0,1.0,0.18700000643730164,0.9020000696182251,0.638194168733003,873600,873600,0,0,0,0,QC_STAT_ONLY,0.6320000290870667,"Per-file exact median; no QI threshold, filtering, or model input.",0.06752670000423677,False
2023\imerg_20230102.nc,imerg_20230102.nc,OK,,0.0,1.0,0.1900000125169754,0.9120000600814819,0.6327945269145167,873600,873600,0,0,0,0,QC_STAT_ONLY,0.6340000033378601,"Per-file exact median; no QI threshold, filtering, or model input.",0.06736190000083297,False
2023\imerg_20230103.nc,imerg_20230103.nc,OK,,0.0,1.0,0.18700000643730164,0.9120000600814819,0.6378650456815003,873600,873600,0,0,0,0,QC_STAT_ONLY,0.6320000290870667,"Per-file exact median; no QI threshold, filtering, or model input.",0.06619019999925513,False
2023\imerg_20230104.nc,imerg_20230104.nc,OK,,0.0,1.0,0.19100001454353333,0.9120000600814819,0.6401457987601559,873600,873600,0,0,0,0,QC_STAT_ONLY,0.6340000033378601,"Per-file exact median; no QI threshold, filtering, or model input.",0.06428009999945061,False
2023\imerg_20230105.nc,imerg_20230105.nc,OK,,0.0,1.0,0.1900000125169754,0.8810000419616699,0.6267225050378331,873600,873600,0,0,0,0,QC_STAT_ONLY,0.6210000514984131,"Per-file exact median; no QI threshold, filtering, or model input.",0.06614570000238018,False
2023\imerg_20230106.nc,imerg_20230106.nc,OK,,0.0,1.0,0.1900000125169754,0.8610000610351562,0.6258768884794131,873600,873600,0,0,0,0,QC_STAT_ONLY,0.6170000433921814,"Per-file exact median; no QI threshold, filtering, or model input.",0.06576449999556644,False
2023\imerg_20230107.nc,imerg_20230107.nc,OK,,0.0,1.0,0.19100001454353333,0.8840000629425049,0.6407568375678945,873600,873600,0,0,0,0,QC_STAT_ONLY,0.6340000033378601,"Per-file exact median; no QI threshold, filtering, or model input.",0.06449150000116788,False
2023\imerg_20230108.nc,imerg_20230108.nc,OK,,0.0,1.0,0.19300000369548798,0.8600000143051147,0.6456632004402947,873600,873600,0,0,0,0,QC_STAT_ONLY,0.6320000290870667,"Per-file exact median; no QI threshold, filtering, or model input.",0.06667889999516774,False
2023\imerg_20230109.nc,imerg_20230109.nc,OK,,0.0,1.0,0.18700000643730164,0.909000039100647,0.6205318673331318,873600,873600,0,0,0,0,QC_STAT_ONLY,0.6220000386238098,"Per-file exact median; no QI threshold, filtering, or model input.",0.06685509999806527,False
2023\imerg_20230110.nc,imerg_20230110.nc,OK,,0.0,1.0,0.1900000125169754,0.909000039100647,0.6475379864532746,873600,873600,0,0,0,0,QC_STAT_ONLY,0.6350000500679016,"Per-file exact median; no QI threshold, filtering, or model input.",0.07029609999881359,False
2023\imerg_20230111.nc,imerg_20230111.nc,OK,,0.0,1.0,0.1900000125169754,0.9140000343322754,0.6452860089904892,873600,873600,0,0,0,0,QC_STAT_ONLY,0.6420000195503235,"Per-file exact median; no QI threshold, filtering, or model input.",0.06742690000100993,False
2023\imerg_20230112.nc,imerg_20230112.nc,OK,,0.0,1.0,0.19300000369548798,0.9180000424385071,0.636641390407151,873600,873600,0,0,0,0,QC_STAT_ONLY,0.6320000290870667,"Per-file exact median; no QI threshold, filtering, or model input.",0.06721500000276137,False
2023\imerg_20230113.nc,imerg_20230113.nc,OK,,0.0,1.0,0.1900000125169754,0.906000018119812,0.6184989055088165,873600,873600,0,0,0,0,QC_STAT_ONLY,0.6070000529289246,"Per-file exact median; no QI threshold, filtering, or model input.",0.06889880000380799,False
2023\imerg_20230114.nc,imerg_20230114.nc,OK,,0.0,1.0,0.1900000125169754,0.8720000386238098,0.6283171268737783,873600,873600,0,0,0,0,QC_STAT_ONLY,0.6200000047683716,"Per-file exact median; no QI threshold, filtering, or model input.",0.06471430000237888,False
2023\imerg_20230115.nc,imerg_20230115.nc,OK,,0.0,1.0,0.19300000369548798,0.9180000424385071,0.6598302923218132,873600,873600,0,0,0,0,QC_STAT_ONLY,0.6550000309944153,"Per-file exact median; no QI threshold, filtering, or model input.",0.06688679999933811,False
2023\imerg_20230116.nc,imerg_20230116.nc,OK,,0.0,1.0,0.1940000057220459,0.8680000305175781,0.6607848628492337,873600,873600,0,0,0,0,QC_STAT_ONLY,0.6580000519752502,"Per-file exact median; no QI threshold, filtering, or model input.",0.06442660000175238,False
2023\imerg_20230117.nc,imerg_20230117.nc,OK,,0.0,1.0,0.1900000125169754,0.9300000667572021,0.6537138555718982,873600,873600,0,0,0,0,QC_STAT_ONLY,0.6430000066757202,"Per-file exact median; no QI threshold, filtering, or model input.",0.06397060000017518,False
2023\imerg_20230118.nc,imerg_20230118.nc,OK,,0.0,1.0,0.1900000125169754,0.937000036239624,0.6408452863566366,873600,873600,0,0,0,0,QC_STAT_ONLY,0.6420000195503235,"Per-file exact median; no QI threshold, filtering, or model input.",0.061985300002561416,False
2023\imerg_20230119.nc,imerg_20230119.nc,OK,,0.0,1.0,0.1900000125169754,0.9120000600814819,0.6311122007011999,873600,873600,0,0,0,0,QC_STAT_ONLY,0.6340000033378601,"Per-file exact median; no QI threshold, filtering, or model input.",0.06346779999876162,False
2023\imerg_20230120.nc,imerg_20230120.nc,OK,,0.0,1.0,0.1900000125169754,0.906000018119812,0.6348643962050798,873600,873600,0,0,0,0,QC_STAT_ONLY,0.628000020980835,"Per-file exact median; no QI threshold, filtering, or model input.",0.0612468000035733,False
2023\imerg_20230121.nc,imerg_20230121.nc,OK,,0.0,1.0,0.1900000125169754,0.9140000343322754,0.6267736971526383,873600,873600,0,0,0,0,QC_STAT_ONLY,0.6240000128746033,"Per-file exact median; no QI threshold, filtering, or model input.",0.06443630000285339,False
2023\imerg_20230122.nc,imerg_20230122.nc,OK,,0.0,1.0,0.1900000125169754,0.8610000610351562,0.6447219423562008,873600,873600,0,0,0,0,QC_STAT_ONLY,0.6420000195503235,"Per-file exact median; no QI threshold, filtering, or model input.",0.06096429999888642,False
2023\imerg_20230123.nc,imerg_20230123.nc,OK,,0.0,1.0,0.18700000643730164,0.8750000596046448,0.6345889154206893,873600,873600,0,0,0,0,QC_STAT_ONLY,0.6260000467300415,"Per-file exact median; no QI threshold, filtering, or model input.",0.06330960000195773,False
2023\imerg_20230124.nc,imerg_20230124.nc,OK,,0.0,1.0,0.19300000369548798,0.9030000567436218,0.6528794737722582,873600,873600,0,0,0,0,QC_STAT_ONLY,0.6430000066757202,"Per-file exact median; no QI threshold, filtering, or model input.",0.06518650000361959,False
2023\imerg_20230125.nc,imerg_20230125.nc,OK,,0.0,1.0,0.1900000125169754,0.909000039100647,0.6446713173624824,873600,873600,0,0,0,0,QC_STAT_ONLY,0.6390000581741333,"Per-file exact median; no QI threshold, filtering, or model input.",0.059675299999071285,False
2023\imerg_20230126.nc,imerg_20230126.nc,OK,,0.0,1.0,0.1940000057220459,0.9140000343322754,0.6506794878206772,873600,873600,0,0,0,0,QC_STAT_ONLY,0.6470000147819519,"Per-file exact median; no QI threshold, filtering, or model input.",0.06430650000402238,False
2023\imerg_20230127.nc,imerg_20230127.nc,OK,,0.0,1.0,0.18700000643730164,0.9140000343322754,0.6451616447470953,873600,873600,0,0,0,0,QC_STAT_ONLY,0.6350000500679016,"Per-file exact median; no QI threshold, filtering, or model input.",0.06312969999999041,False
2023\imerg_20230128.nc,imerg_20230128.nc,OK,,0.0,1.0,0.18700000643730164,0.8660000562667847,0.6374524401451014,873600,873600,0,0,0,0,QC_STAT_ONLY,0.6320000290870667,"Per-file exact median; no QI threshold, filtering, or model input.",0.06442580000293674,False
2023\imerg_20230129.nc,imerg_20230129.nc,OK,,0.0,1.0,0.19300000369548798,0.909000039100647,0.6338547146097405,873600,873600,0,0,0,0,QC_STAT_ONLY,0.6240000128746033,"Per-file exact median; no QI threshold, filtering, or model input.",0.06747529999847757,False
2023\imerg_20230130.nc,imerg_20230130.nc,OK,,0.0,1.0,0.19300000369548798,0.8660000562667847,0.6378918604573726,873600,873600,0,0,0,0,QC_STAT_ONLY,0.6350000500679016,"Per-file exact median; no QI threshold, filtering, or model input.",0.06419520000054035,False
2023\imerg_20230131.nc,imerg_20230131.nc,OK,,0.0,1.0,0.19300000369548798,0.909000039100647,0.6515865950189844,873600,873600,0,0,0,0,QC_STAT_ONLY,0.6430000066757202,"Per-file exact median; no QI threshold, filtering, or model input.",0.06261850000009872,False
2023\imerg_20230201.nc,imerg_20230201.nc,OK,,0.0,1.0,0.2290000170469284,0.8770000338554382,0.6660589354793668,873600,873600,0,0,0,0,QC_STAT_ONLY,0.656000018119812,"Per-file exact median; no QI threshold, filtering, or model input.",0.07360660000267671,False
2023\imerg_20230202.nc,imerg_20230202.nc,OK,,0.0,1.0,0.20100000500679016,0.9260000586509705,0.666116731704994,873600,873600,0,0,0,0,QC_STAT_ONLY,0.6620000600814819,"Per-file exact median; no QI threshold, filtering, or model input.",0.06383679999999003,False
2023\imerg_20230203.nc,imerg_20230203.nc,OK,,0.0,1.0,0.20400001108646393,0.921000063419342,0.6582669779077691,873600,873600,0,0,0,0,QC_STAT_ONLY,0.656000018119812,"Per-file exact median; no QI threshold, filtering, or model input.",0.06534709999687038,False
2023\imerg_20230204.nc,imerg_20230204.nc,OK,,0.0,1.0,0.20000000298023224,0.9170000553131104,0.6570032611978326,873600,873600,0,0,0,0,QC_STAT_ONLY,0.6460000276565552,"Per-file exact median; no QI threshold, filtering, or model input.",0.06411849999858532,False
2023\imerg_20230205.nc,imerg_20230205.nc,OK,,0.0,1.0,0.20000000298023224,0.921000063419342,0.656043041776064,873600,873600,0,0,0,0,QC_STAT_ONLY,0.6460000276565552,"Per-file exact median; no QI threshold, filtering, or model input.",0.06369229999836534,False
2023\imerg_20230206.nc,imerg_20230206.nc,OK,,0.0,1.0,0.19300000369548798,0.8890000581741333,0.6470662041700482,873600,873600,0,0,0,0,QC_STAT_ONLY,0.6340000033378601,"Per-file exact median; no QI threshold, filtering, or model input.",0.06341740000061691,False
2023\imerg_20230207.nc,imerg_20230207.nc,OK,,0.0,1.0,0.20000000298023224,0.8990000486373901,0.6548052457477659,873600,873600,0,0,0,0,QC_STAT_ONLY,0.6460000276565552,"Per-file exact median; no QI threshold, filtering, or model input.",0.06384070000058273,False
2023\imerg_20230208.nc,imerg_20230208.nc,OK,,0.0,1.0,0.19600000977516174,0.8870000243186951,0.6580042631257899,873600,873600,0,0,0,0,QC_STAT_ONLY,0.6530000567436218,"Per-file exact median; no QI threshold, filtering, or model input.",0.06516240000200924,False
2023\imerg_20230209.nc,imerg_20230209.nc,OK,,0.0,1.0,0.19600000977516174,0.9070000648498535,0.6419255668351481,873600,873600,0,0,0,0,QC_STAT_ONLY,0.6340000033378601,"Per-file exact median; no QI threshold, filtering, or model input.",0.06407719999697292,False
2023\imerg_20230210.nc,imerg_20230210.nc,OK,,0.0,1.0,0.19300000369548798,0.8720000386238098,0.6538094504439569,873600,873600,0,0,0,0,QC_STAT_ONLY,0.6460000276565552,"Per-file exact median; no QI threshold, filtering, or model input.",0.06483360000129323,False
2023\imerg_20230211.nc,imerg_20230211.nc,OK,,0.0,1.0,0.19600000977516174,0.9190000295639038,0.6593563733849974,873600,873600,0,0,0,0,QC_STAT_ONLY,0.6460000276565552,"Per-file exact median; no QI threshold, filtering, or model input.",0.06194410000171047,False
2023\imerg_20230212.nc,imerg_20230212.nc,OK,,0.0,1.0,0.19600000977516174,0.8990000486373901,0.6535661886415646,873600,873600,0,0,0,0,QC_STAT_ONLY,0.6460000276565552,"Per-file exact median; no QI threshold, filtering, or model input.",0.06213040000147885,False
2023\imerg_20230213.nc,imerg_20230213.nc,OK,,0.0,1.0,0.19600000977516174,0.8580000400543213,0.6433835908929022,873600,873600,0,0,0,0,QC_STAT_ONLY,0.6340000033378601,"Per-file exact median; no QI threshold, filtering, or model input.",0.0640244000023813,False
2023\imerg_20230214.nc,imerg_20230214.nc,OK,,0.0,1.0,0.20000000298023224,0.89000004529953,0.6438211051955641,873600,873600,0,0,0,0,QC_STAT_ONLY,0.6460000276565552,"Per-file exact median; no QI threshold, filtering, or model input.",0.060374499997124076,False
2023\imerg_20230215.nc,imerg_20230215.nc,OK,,0.0,1.0,0.19300000369548798,0.8980000615119934,0.6528835802173051,873600,873600,0,0,0,0,QC_STAT_ONLY,0.6370000243186951,"Per-file exact median; no QI threshold, filtering, or model input.",0.06368040000234032,False
2023\imerg_20230216.nc,imerg_20230216.nc,OK,,0.0,1.0,0.19300000369548798,0.9320000410079956,0.6549012023841301,873600,873600,0,0,0,0,QC_STAT_ONLY,0.6440000534057617,"Per-file exact median; no QI threshold, filtering, or model input.",0.060953099993639626,False
2023\imerg_20230217.nc,imerg_20230217.nc,OK,,0.0,1.0,0.19500000774860382,0.9260000586509705,0.6537262610947856,873600,873600,0,0,0,0,QC_STAT_ONLY,0.6440000534057617,"Per-file exact median; no QI threshold, filtering, or model input.",0.07030839999788441,False
2023\imerg_20230218.nc,imerg_20230218.nc,OK,,0.0,1.0,0.19600000977516174,0.9320000410079956,0.6497183713853366,873600,873600,0,0,0,0,QC_STAT_ONLY,0.6340000033378601,"Per-file exact median; no QI threshold, filtering, or model input.",0.06391969999822322,False
2023\imerg_20230219.nc,imerg_20230219.nc,OK,,0.0,1.0,0.19600000977516174,0.9170000553131104,0.6423257881742749,873600,873600,0,0,0,0,QC_STAT_ONLY,0.6370000243186951,"Per-file exact median; no QI threshold, filtering, or model input.",0.06593969999812543,False
2023\imerg_20230220.nc,imerg_20230220.nc,OK,,0.0,1.0,0.20100000500679016,0.8650000691413879,0.6554001189411307,873600,873600,0,0,0,0,QC_STAT_ONLY,0.6460000276565552,"Per-file exact median; no QI threshold, filtering, or model input.",0.06882100000075297,False
2023\imerg_20230221.nc,imerg_20230221.nc,OK,,0.0,1.0,0.20000000298023224,0.8990000486373901,0.6557968212040005,873600,873600,0,0,0,0,QC_STAT_ONLY,0.6530000567436218,"Per-file exact median; no QI threshold, filtering, or model input.",0.06902550000086194,False
2023\imerg_20230222.nc,imerg_20230222.nc,OK,,0.0,1.0,0.21300001442432404,0.9320000410079956,0.6529069309567371,873600,873600,0,0,0,0,QC_STAT_ONLY,0.6430000066757202,"Per-file exact median; no QI threshold, filtering, or model input.",0.0627669000023161,False
2023\imerg_20230223.nc,imerg_20230223.nc,OK,,0.0,1.0,0.19600000977516174,0.9190000295639038,0.6508627653081864,873600,873600,0,0,0,0,QC_STAT_ONLY,0.6340000033378601,"Per-file exact median; no QI threshold, filtering, or model input.",0.06645960000605555,False
2023\imerg_20230224.nc,imerg_20230224.nc,OK,,0.0,1.0,0.19600000977516174,0.9320000410079956,0.6375402885369595,873600,873600,0,0,0,0,QC_STAT_ONLY,0.6340000033378601,"Per-file exact median; no QI threshold, filtering, or model input.",0.06672170000092592,False
2023\imerg_20230225.nc,imerg_20230225.nc,OK,,0.0,1.0,0.20000000298023224,0.9420000314712524,0.6288548814493228,873600,873600,0,0,0,0,QC_STAT_ONLY,0.6230000257492065,"Per-file exact median; no QI threshold, filtering, or model input.",0.0662984000009601,False
2023\imerg_20230226.nc,imerg_20230226.nc,OK,,0.0,1.0,0.20400001108646393,0.9190000295639038,0.6385352912546057,873600,873600,0,0,0,0,QC_STAT_ONLY,0.6340000033378601,"Per-file exact median; no QI threshold, filtering, or model input.",0.06756419999874197,False
2023\imerg_20230227.nc,imerg_20230227.nc,OK,,0.0,1.0,0.20000000298023224,0.9320000410079956,0.6350451764538236,873600,873600,0,0,0,0,QC_STAT_ONLY,0.6340000033378601,"Per-file exact median; no QI threshold, filtering, or model input.",0.06821879999915836,False
2023\imerg_20230228.nc,imerg_20230228.nc,OK,,0.0,1.0,0.19600000977516174,0.9130000472068787,0.6419175109219134,873600,873600,0,0,0,0,QC_STAT_ONLY,0.6410000324249268,"Per-file exact median; no QI threshold, filtering, or model input.",0.0677341000045999,False
2023\imerg_20230301.nc,imerg_20230301.nc,OK,,0.0,1.0,0.17900000512599945,0.9110000729560852,0.5972946572498394,873600,873600,0,0,0,0,QC_STAT_ONLY,0.597000002861023,"Per-file exact median; no QI threshold, filtering, or model input.",0.06379729999753181,False
2023\imerg_20230302.nc,imerg_20230302.nc,OK,,0.0,1.0,0.17900000512599945,0.9260000586509705,0.6134479032442206,873600,873600,0,0,0,0,QC_STAT_ONLY,0.6140000224113464,"Per-file exact median; no QI threshold, filtering, or model input.",0.06562629999825731,False
2023\imerg_20230303.nc,imerg_20230303.nc,OK,,0.0,1.0,0.17900000512599945,0.8970000147819519,0.6152947717714686,873600,873600,0,0,0,0,QC_STAT_ONLY,0.609000027179718,"Per-file exact median; no QI threshold, filtering, or model input.",0.06305199999769684,False
2023\imerg_20230304.nc,imerg_20230304.nc,OK,,0.0,1.0,0.17900000512599945,0.9100000262260437,0.6078409284823694,873600,873600,0,0,0,0,QC_STAT_ONLY,0.5890000462532043,"Per-file exact median; no QI threshold, filtering, or model input.",0.06522250000125496,False
2023\imerg_20230305.nc,imerg_20230305.nc,OK,,0.0,1.0,0.17900000512599945,0.9000000357627869,0.5818771186158327,873600,873600,0,0,0,0,QC_STAT_ONLY,0.5670000314712524,"Per-file exact median; no QI threshold, filtering, or model input.",0.06106549999822164,False
2023\imerg_20230306.nc,imerg_20230306.nc,OK,,0.0,1.0,0.17900000512599945,0.8720000386238098,0.5980687064852995,873600,873600,0,0,0,0,QC_STAT_ONLY,0.5820000171661377,"Per-file exact median; no QI threshold, filtering, or model input.",0.06436779999785358,False
2023\imerg_20230307.nc,imerg_20230307.nc,OK,,0.0,1.0,0.17900000512599945,0.878000020980835,0.6047932584351952,873600,873600,0,0,0,0,QC_STAT_ONLY,0.6020000576972961,"Per-file exact median; no QI threshold, filtering, or model input.",0.0658181999970111,False
2023\imerg_20230308.nc,imerg_20230308.nc,OK,,0.0,1.0,0.17900000512599945,0.909000039100647,0.6236236316527858,873600,873600,0,0,0,0,QC_STAT_ONLY,0.6170000433921814,"Per-file exact median; no QI threshold, filtering, or model input.",0.06657460000133142,False
2023\imerg_20230309.nc,imerg_20230309.nc,OK,,0.0,1.0,0.17900000512599945,0.8970000147819519,0.6181383243863277,873600,873600,0,0,0,0,QC_STAT_ONLY,0.6100000143051147,"Per-file exact median; no QI threshold, filtering, or model input.",0.07044820000010077,False
2023\imerg_20230310.nc,imerg_20230310.nc,OK,,0.0,1.0,0.19500000774860382,0.9110000729560852,0.6249943664461893,873600,873600,0,0,0,0,QC_STAT_ONLY,0.6140000224113464,"Per-file exact median; no QI threshold, filtering, or model input.",0.0653837999998359,False
2023\imerg_20230311.nc,imerg_20230311.nc,OK,,0.0,1.0,0.18300001323223114,0.8970000147819519,0.6243591140266747,873600,873600,0,0,0,0,QC_STAT_ONLY,0.6100000143051147,"Per-file exact median; no QI threshold, filtering, or model input.",0.06864189999760129,False
2023\imerg_20230312.nc,imerg_20230312.nc,OK,,0.0,1.0,0.17900000512599945,0.9220000505447388,0.5998130581257592,873600,873600,0,0,0,0,QC_STAT_ONLY,0.5890000462532043,"Per-file exact median; no QI threshold, filtering, or model input.",0.07336870000290219,False
2023\imerg_20230313.nc,imerg_20230313.nc,OK,,0.0,1.0,0.19500000774860382,0.9110000729560852,0.6014103402061927,873600,873600,0,0,0,0,QC_STAT_ONLY,0.5890000462532043,"Per-file exact median; no QI threshold, filtering, or model input.",0.06664309999905527,False
2023\imerg_20230314.nc,imerg_20230314.nc,OK,,0.0,1.0,0.18800000846385956,0.9350000619888306,0.6185411954047704,873600,873600,0,0,0,0,QC_STAT_ONLY,0.612000048160553,"Per-file exact median; no QI threshold, filtering, or model input.",0.06334659999993164,False
2023\imerg_20230315.nc,imerg_20230315.nc,OK,,0.0,1.0,0.18800000846385956,0.9110000729560852,0.6218022416805296,873600,873600,0,0,0,0,QC_STAT_ONLY,0.6100000143051147,"Per-file exact median; no QI threshold, filtering, or model input.",0.06787110000004759,False
2023\imerg_20230316.nc,imerg_20230316.nc,OK,,0.0,1.0,0.17900000512599945,0.8970000147819519,0.6419146152760069,873600,873600,0,0,0,0,QC_STAT_ONLY,0.6430000066757202,"Per-file exact median; no QI threshold, filtering, or model input.",0.06627360000129556,False
2023\imerg_20230317.nc,imerg_20230317.nc,OK,,0.0,1.0,0.17900000512599945,0.9100000262260437,0.6351249782901066,873600,873600,0,0,0,0,QC_STAT_ONLY,0.6300000548362732,"Per-file exact median; no QI threshold, filtering, or model input.",0.06295540000428446,False
2023\imerg_20230318.nc,imerg_20230318.nc,OK,,0.0,1.0,0.18000000715255737,0.9100000262260437,0.6180547012748272,873600,873600,0,0,0,0,QC_STAT_ONLY,0.6050000190734863,"Per-file exact median; no QI threshold, filtering, or model input.",0.06787729999632575,False
2023\imerg_20230319.nc,imerg_20230319.nc,OK,,0.0,1.0,0.17900000512599945,0.8950000405311584,0.6238251567661127,873600,873600,0,0,0,0,QC_STAT_ONLY,0.612000048160553,"Per-file exact median; no QI threshold, filtering, or model input.",0.06755080000584712,False
2023\imerg_20230320.nc,imerg_20230320.nc,OK,,0.0,1.0,0.19500000774860382,0.9350000619888306,0.6078629224333271,873600,873600,0,0,0,0,QC_STAT_ONLY,0.5890000462532043,"Per-file exact median; no QI threshold, filtering, or model input.",0.06624700000247685,False
2023\imerg_20230321.nc,imerg_20230321.nc,OK,,0.0,1.0,0.17900000512599945,0.909000039100647,0.600164938355854,873600,873600,0,0,0,0,QC_STAT_ONLY,0.5830000042915344,"Per-file exact median; no QI threshold, filtering, or model input.",0.06298539999988861,False
2023\imerg_20230322.nc,imerg_20230322.nc,OK,,0.0,1.0,0.18000000715255737,0.9350000619888306,0.6050362686165216,873600,873600,0,0,0,0,QC_STAT_ONLY,0.6020000576972961,"Per-file exact median; no QI threshold, filtering, or model input.",0.06699529999605147,False
2023\imerg_20230323.nc,imerg_20230323.nc,OK,,0.0,1.0,0.17900000512599945,0.893000066280365,0.6086451464474556,873600,873600,0,0,0,0,QC_STAT_ONLY,0.6110000014305115,"Per-file exact median; no QI threshold, filtering, or model input.",0.06275819999427767,False
2023\imerg_20230324.nc,imerg_20230324.nc,OK,,0.0,1.0,0.18000000715255737,0.9100000262260437,0.6243253308160899,873600,873600,0,0,0,0,QC_STAT_ONLY,0.6260000467300415,"Per-file exact median; no QI threshold, filtering, or model input.",0.06704940000054194,False
2023\imerg_20230325.nc,imerg_20230325.nc,OK,,0.0,1.0,0.17900000512599945,0.9230000376701355,0.6265941287636682,873600,873600,0,0,0,0,QC_STAT_ONLY,0.628000020980835,"Per-file exact median; no QI threshold, filtering, or model input.",0.06335129999933997,False
2023\imerg_20230326.nc,imerg_20230326.nc,OK,,0.0,1.0,0.17900000512599945,0.9000000357627869,0.602901860827447,873600,873600,0,0,0,0,QC_STAT_ONLY,0.597000002861023,"Per-file exact median; no QI threshold, filtering, or model input.",0.06535440000152448,False
2023\imerg_20230327.nc,imerg_20230327.nc,OK,,0.0,1.0,0.17900000512599945,0.9120000600814819,0.6103840534673363,873600,873600,0,0,0,0,QC_STAT_ONLY,0.6060000061988831,"Per-file exact median; no QI threshold, filtering, or model input.",0.06777899999724468,False
2023\imerg_20230328.nc,imerg_20230328.nc,OK,,0.0,1.0,0.17900000512599945,0.9350000619888306,0.5939186592933452,873600,873600,0,0,0,0,QC_STAT_ONLY,0.5760000348091125,"Per-file exact median; no QI threshold, filtering, or model input.",0.07188070000120206,False
2023\imerg_20230329.nc,imerg_20230329.nc,OK,,0.0,1.0,0.17900000512599945,0.9350000619888306,0.5960105151601729,873600,873600,0,0,0,0,QC_STAT_ONLY,0.5830000042915344,"Per-file exact median; no QI threshold, filtering, or model input.",0.06770549999782816,False
2023\imerg_20230330.nc,imerg_20230330.nc,OK,,0.0,1.0,0.18800000846385956,0.8580000400543213,0.6220744440962318,873600,873600,0,0,0,0,QC_STAT_ONLY,0.612000048160553,"Per-file exact median; no QI threshold, filtering, or model input.",0.06428700000105891,False
2023\imerg_20230331.nc,imerg_20230331.nc,OK,,0.0,1.0,0.17900000512599945,0.9180000424385071,0.6252069632681223,873600,873600,0,0,0,0,QC_STAT_ONLY,0.6240000128746033,"Per-file exact median; no QI threshold, filtering, or model input.",0.07280549999995856,False
2023\imerg_20230401.nc,imerg_20230401.nc,OK,,0.0,1.0,0.17400000989437103,0.9440000653266907,0.6199946122662584,873600,873600,0,0,0,0,QC_STAT_ONLY,0.6170000433921814,"Per-file exact median; no QI threshold, filtering, or model input.",0.064096400004928,False
2023\imerg_20230402.nc,imerg_20230402.nc,OK,,0.0,1.0,0.18000000715255737,0.9440000653266907,0.5954575318394523,873600,873600,0,0,0,0,QC_STAT_ONLY,0.5860000252723694,"Per-file exact median; no QI threshold, filtering, or model input.",0.06550580000475748,False
2023\imerg_20230403.nc,imerg_20230403.nc,OK,,0.0,1.0,0.17400000989437103,0.9160000681877136,0.5857537637370035,873600,873600,0,0,0,0,QC_STAT_ONLY,0.581000030040741,"Per-file exact median; no QI threshold, filtering, or model input.",0.06201670000154991,False
2023\imerg_20230404.nc,imerg_20230404.nc,OK,,0.0,1.0,0.18300001323223114,0.8980000615119934,0.5818998629313761,873600,873600,0,0,0,0,QC_STAT_ONLY,0.5740000009536743,"Per-file exact median; no QI threshold, filtering, or model input.",0.06440420000581071,False
2023\imerg_20230405.nc,imerg_20230405.nc,OK,,0.0,1.0,0.17400000989437103,0.9320000410079956,0.5750949266307472,873600,873600,0,0,0,0,QC_STAT_ONLY,0.5660000443458557,"Per-file exact median; no QI threshold, filtering, or model input.",0.06495710000308463,False
2023\imerg_20230406.nc,imerg_20230406.nc,OK,,0.0,1.0,0.17400000989437103,0.9100000262260437,0.5902525536330492,873600,873600,0,0,0,0,QC_STAT_ONLY,0.5830000042915344,"Per-file exact median; no QI threshold, filtering, or model input.",0.06125810000230558,False
2023\imerg_20230407.nc,imerg_20230407.nc,OK,,0.0,1.0,0.18300001323223114,0.8980000615119934,0.5870527625980279,873600,873600,0,0,0,0,QC_STAT_ONLY,0.5830000042915344,"Per-file exact median; no QI threshold, filtering, or model input.",0.06688930000382243,False
2023\imerg_20230408.nc,imerg_20230408.nc,OK,,0.0,1.0,0.17400000989437103,0.9160000681877136,0.5989511826021713,873600,873600,0,0,0,0,QC_STAT_ONLY,0.6030000448226929,"Per-file exact median; no QI threshold, filtering, or model input.",0.0630334999950719,False
2023\imerg_20230409.nc,imerg_20230409.nc,OK,,0.0,1.0,0.18800000846385956,0.9260000586509705,0.6141436979121566,873600,873600,0,0,0,0,QC_STAT_ONLY,0.6190000176429749,"Per-file exact median; no QI threshold, filtering, or model input.",0.06406379999680212,False
2023\imerg_20230410.nc,imerg_20230410.nc,OK,,0.0,1.0,0.1810000091791153,0.9260000586509705,0.5995817432276079,873600,873600,0,0,0,0,QC_STAT_ONLY,0.5870000123977661,"Per-file exact median; no QI threshold, filtering, or model input.",0.061833799998566974,False
2023\imerg_20230411.nc,imerg_20230411.nc,OK,,0.0,1.0,0.18900001049041748,0.9160000681877136,0.5921253240387375,873600,873600,0,0,0,0,QC_STAT_ONLY,0.581000030040741,"Per-file exact median; no QI threshold, filtering, or model input.",0.06496820000029402,False
2023\imerg_20230412.nc,imerg_20230412.nc,OK,,0.0,1.0,0.17400000989437103,0.9160000681877136,0.5915264296859175,873600,873600,0,0,0,0,QC_STAT_ONLY,0.5890000462532043,"Per-file exact median; no QI threshold, filtering, or model input.",0.061204899997392204,False
2023\imerg_20230413.nc,imerg_20230413.nc,OK,,0.0,1.0,0.17400000989437103,0.8980000615119934,0.562345365978293,873600,873600,0,0,0,0,QC_STAT_ONLY,0.5660000443458557,"Per-file exact median; no QI threshold, filtering, or model input.",0.06509560000267811,False
2023\imerg_20230414.nc,imerg_20230414.nc,OK,,0.0,1.0,0.17400000989437103,0.9020000696182251,0.5922859921036356,873600,873600,0,0,0,0,QC_STAT_ONLY,0.5870000123977661,"Per-file exact median; no QI threshold, filtering, or model input.",0.06271059999562567,False
2023\imerg_20230415.nc,imerg_20230415.nc,OK,,0.0,1.0,0.1810000091791153,0.8920000195503235,0.5964009435841602,873600,873600,0,0,0,0,QC_STAT_ONLY,0.5890000462532043,"Per-file exact median; no QI threshold, filtering, or model input.",0.06810760000371374,False
2023\imerg_20230416.nc,imerg_20230416.nc,OK,,0.0,1.0,0.18000000715255737,0.9160000681877136,0.6147272424737243,873600,873600,0,0,0,0,QC_STAT_ONLY,0.6210000514984131,"Per-file exact median; no QI threshold, filtering, or model input.",0.06851800000004005,False
2023\imerg_20230417.nc,imerg_20230417.nc,OK,,0.0,1.0,0.18000000715255737,0.9160000681877136,0.6176505547788527,873600,873600,0,0,0,0,QC_STAT_ONLY,0.6170000433921814,"Per-file exact median; no QI threshold, filtering, or model input.",0.06610580000415212,False
2023\imerg_20230418.nc,imerg_20230418.nc,OK,,0.0,1.0,0.17400000989437103,0.9160000681877136,0.5923185910942586,873600,873600,0,0,0,0,QC_STAT_ONLY,0.581000030040741,"Per-file exact median; no QI threshold, filtering, or model input.",0.06538189999992028,False
2023\imerg_20230419.nc,imerg_20230419.nc,OK,,0.0,1.0,0.17400000989437103,0.909000039100647,0.5858659547507838,873600,873600,0,0,0,0,QC_STAT_ONLY,0.5690000057220459,"Per-file exact median; no QI threshold, filtering, or model input.",0.06323189999966417,False
2023\imerg_20230420.nc,imerg_20230420.nc,OK,,0.0,1.0,0.18900001049041748,0.9140000343322754,0.5898155030444429,873600,873600,0,0,0,0,QC_STAT_ONLY,0.581000030040741,"Per-file exact median; no QI threshold, filtering, or model input.",0.07145840000157477,False
2023\imerg_20230421.nc,imerg_20230421.nc,OK,,0.0,1.0,0.17400000989437103,0.9130000472068787,0.5925172380776734,873600,873600,0,0,0,0,QC_STAT_ONLY,0.5830000042915344,"Per-file exact median; no QI threshold, filtering, or model input.",0.06333259999519214,False
2023\imerg_20230422.nc,imerg_20230422.nc,OK,,0.0,1.0,0.18000000715255737,0.843000054359436,0.6033184938857182,873600,873600,0,0,0,0,QC_STAT_ONLY,0.5980000495910645,"Per-file exact median; no QI threshold, filtering, or model input.",0.06507320000673644,False
2023\imerg_20230423.nc,imerg_20230423.nc,OK,,0.0,1.0,0.18000000715255737,0.9260000586509705,0.6068910964653271,873600,873600,0,0,0,0,QC_STAT_ONLY,0.5920000076293945,"Per-file exact median; no QI threshold, filtering, or model input.",0.06299840000428958,False
2023\imerg_20230424.nc,imerg_20230424.nc,OK,,0.0,1.0,0.18000000715255737,0.9160000681877136,0.6057093866570638,873600,873600,0,0,0,0,QC_STAT_ONLY,0.6060000061988831,"Per-file exact median; no QI threshold, filtering, or model input.",0.06647080000402639,False
2023\imerg_20230425.nc,imerg_20230425.nc,OK,,0.0,1.0,0.18800000846385956,0.9260000586509705,0.6091291891293423,873600,873600,0,0,0,0,QC_STAT_ONLY,0.5980000495910645,"Per-file exact median; no QI threshold, filtering, or model input.",0.06535340000118595,False
2023\imerg_20230426.nc,imerg_20230426.nc,OK,,0.0,1.0,0.17400000989437103,0.9160000681877136,0.5909921543623897,873600,873600,0,0,0,0,QC_STAT_ONLY,0.578000009059906,"Per-file exact median; no QI threshold, filtering, or model input.",0.06333390000509098,False
2023\imerg_20230427.nc,imerg_20230427.nc,OK,,0.0,1.0,0.18900001049041748,0.8980000615119934,0.5944146971084219,873600,873600,0,0,0,0,QC_STAT_ONLY,0.581000030040741,"Per-file exact median; no QI threshold, filtering, or model input.",0.06643710000207648,False
2023\imerg_20230428.nc,imerg_20230428.nc,OK,,0.0,1.0,0.18000000715255737,0.909000039100647,0.5957302205808522,873600,873600,0,0,0,0,QC_STAT_ONLY,0.5910000205039978,"Per-file exact median; no QI threshold, filtering, or model input.",0.06606929999543354,False
2023\imerg_20230429.nc,imerg_20230429.nc,OK,,0.0,1.0,0.17400000989437103,0.9100000262260437,0.5876314528187355,873600,873600,0,0,0,0,QC_STAT_ONLY,0.5890000462532043,"Per-file exact median; no QI threshold, filtering, or model input.",0.06837210000230698,False
2023\imerg_20230430.nc,imerg_20230430.nc,OK,,0.0,1.0,0.18800000846385956,0.8570000529289246,0.6067899348552512,873600,873600,0,0,0,0,QC_STAT_ONLY,0.6030000448226929,"Per-file exact median; no QI threshold, filtering, or model input.",0.06718969999928959,False
2023\imerg_20230501.nc,imerg_20230501.nc,OK,,0.0,1.0,0.16300000250339508,0.9170000553131104,0.552123752963719,873600,873600,0,0,0,0,QC_STAT_ONLY,0.5330000519752502,"Per-file exact median; no QI threshold, filtering, or model input.",0.0695043000014266,False
2023\imerg_20230502.nc,imerg_20230502.nc,OK,,0.0,1.0,0.16600000858306885,0.9150000214576721,0.5554993148603486,873600,873600,0,0,0,0,QC_STAT_ONLY,0.5380000472068787,"Per-file exact median; no QI threshold, filtering, or model input.",0.06379020000167657,False
2023\imerg_20230503.nc,imerg_20230503.nc,OK,,0.0,1.0,0.16300000250339508,0.9280000329017639,0.5624344549847822,873600,873600,0,0,0,0,QC_STAT_ONLY,0.5380000472068787,"Per-file exact median; no QI threshold, filtering, or model input.",0.06622120000247378,False
2023\imerg_20230504.nc,imerg_20230504.nc,OK,,0.0,1.0,0.16300000250339508,0.9150000214576721,0.5421989015118823,873600,873600,0,0,0,0,QC_STAT_ONLY,0.5130000114440918,"Per-file exact median; no QI threshold, filtering, or model input.",0.061207099999592174,False
2023\imerg_20230505.nc,imerg_20230505.nc,OK,,0.0,1.0,0.16300000250339508,0.921000063419342,0.5373669428800509,873600,873600,0,0,0,0,QC_STAT_ONLY,0.5110000371932983,"Per-file exact median; no QI threshold, filtering, or model input.",0.06847939999715891,False
2023\imerg_20230506.nc,imerg_20230506.nc,OK,,0.0,1.0,0.1680000126361847,0.878000020980835,0.5578364687820985,873600,873600,0,0,0,0,QC_STAT_ONLY,0.5400000214576721,"Per-file exact median; no QI threshold, filtering, or model input.",0.07111080000322545,False
2023\imerg_20230507.nc,imerg_20230507.nc,OK,,0.0,1.0,0.16300000250339508,0.8610000610351562,0.5417882430339027,873600,873600,0,0,0,0,QC_STAT_ONLY,0.5240000486373901,"Per-file exact median; no QI threshold, filtering, or model input.",0.06667600000218954,False
2023\imerg_20230508.nc,imerg_20230508.nc,OK,,0.0,1.0,0.16100001335144043,0.9140000343322754,0.566328008204064,873600,873600,0,0,0,0,QC_STAT_ONLY,0.5440000295639038,"Per-file exact median; no QI threshold, filtering, or model input.",0.068404500001634,False
2023\imerg_20230509.nc,imerg_20230509.nc,OK,,0.0,1.0,0.16300000250339508,0.9150000214576721,0.5538453004564476,873600,873600,0,0,0,0,QC_STAT_ONLY,0.5400000214576721,"Per-file exact median; no QI threshold, filtering, or model input.",0.06849079999665264,False
2023\imerg_20230510.nc,imerg_20230510.nc,OK,,0.0,1.0,0.16300000250339508,0.9280000329017639,0.5334896883810615,873600,873600,0,0,0,0,QC_STAT_ONLY,0.5110000371932983,"Per-file exact median; no QI threshold, filtering, or model input.",0.07320410000102129,False
2023\imerg_20230511.nc,imerg_20230511.nc,OK,,0.0,1.0,0.16500000655651093,0.9480000734329224,0.5550560921060788,873600,873600,0,0,0,0,QC_STAT_ONLY,0.5250000357627869,"Per-file exact median; no QI threshold, filtering, or model input.",0.06592609999643173,False
2023\imerg_20230512.nc,imerg_20230512.nc,OK,,0.0,1.0,0.16300000250339508,0.9250000715255737,0.5378949147676912,873600,873600,0,0,0,0,QC_STAT_ONLY,0.5110000371932983,"Per-file exact median; no QI threshold, filtering, or model input.",0.07095939999999246,False
2023\imerg_20230513.nc,imerg_20230513.nc,OK,,0.0,1.0,0.16300000250339508,0.9170000553131104,0.5503878534729882,873600,873600,0,0,0,0,QC_STAT_ONLY,0.5220000147819519,"Per-file exact median; no QI threshold, filtering, or model input.",0.06937130000005709,False
2023\imerg_20230514.nc,imerg_20230514.nc,OK,,0.0,1.0,0.16500000655651093,0.8910000324249268,0.5579144557791117,873600,873600,0,0,0,0,QC_STAT_ONLY,0.5400000214576721,"Per-file exact median; no QI threshold, filtering, or model input.",0.0710657999952673,False
2023\imerg_20230515.nc,imerg_20230515.nc,OK,,0.0,1.0,0.16500000655651093,0.9150000214576721,0.5566349976013445,873600,873600,0,0,0,0,QC_STAT_ONLY,0.5470000505447388,"Per-file exact median; no QI threshold, filtering, or model input.",0.06989159999648109,False
2023\imerg_20230516.nc,imerg_20230516.nc,OK,,0.0,1.0,0.16600000858306885,0.9280000329017639,0.5603264415774311,873600,873600,0,0,0,0,QC_STAT_ONLY,0.5400000214576721,"Per-file exact median; no QI threshold, filtering, or model input.",0.06272890000400366,False
2023\imerg_20230517.nc,imerg_20230517.nc,OK,,0.0,1.0,0.16300000250339508,0.9480000734329224,0.5566145341511434,873600,873600,0,0,0,0,QC_STAT_ONLY,0.5380000472068787,"Per-file exact median; no QI threshold, filtering, or model input.",0.06525629999669036,False
2023\imerg_20230518.nc,imerg_20230518.nc,OK,,0.0,1.0,0.16600000858306885,0.9300000667572021,0.5559985409670547,873600,873600,0,0,0,0,QC_STAT_ONLY,0.5350000262260437,"Per-file exact median; no QI threshold, filtering, or model input.",0.06390259999898262,False
2023\imerg_20230519.nc,imerg_20230519.nc,OK,,0.0,1.0,0.16300000250339508,0.937000036239624,0.5484176346251481,873600,873600,0,0,0,0,QC_STAT_ONLY,0.51500004529953,"Per-file exact median; no QI threshold, filtering, or model input.",0.06584940000175266,False
2023\imerg_20230520.nc,imerg_20230520.nc,OK,,0.0,1.0,0.164000004529953,0.9170000553131104,0.5350136214827832,873600,873600,0,0,0,0,QC_STAT_ONLY,0.5110000371932983,"Per-file exact median; no QI threshold, filtering, or model input.",0.0648323999994318,False
2023\imerg_20230521.nc,imerg_20230521.nc,OK,,0.0,1.0,0.16500000655651093,0.9010000228881836,0.5511209702210829,873600,873600,0,0,0,0,QC_STAT_ONLY,0.5260000228881836,"Per-file exact median; no QI threshold, filtering, or model input.",0.06662369999685325,False
2023\imerg_20230522.nc,imerg_20230522.nc,OK,,0.0,1.0,0.1680000126361847,0.9170000553131104,0.566552328999144,873600,873600,0,0,0,0,QC_STAT_ONLY,0.550000011920929,"Per-file exact median; no QI threshold, filtering, or model input.",0.06406319999950938,False
2023\imerg_20230523.nc,imerg_20230523.nc,OK,,0.0,1.0,0.16300000250339508,0.9280000329017639,0.5786797770064993,873600,873600,0,0,0,0,QC_STAT_ONLY,0.5610000491142273,"Per-file exact median; no QI threshold, filtering, or model input.",0.06648370000038994,False
2023\imerg_20230524.nc,imerg_20230524.nc,OK,,0.0,1.0,0.16300000250339508,0.9280000329017639,0.571524243811589,873600,873600,0,0,0,0,QC_STAT_ONLY,0.5509999990463257,"Per-file exact median; no QI threshold, filtering, or model input.",0.06258350000280188,False
2023\imerg_20230525.nc,imerg_20230525.nc,OK,,0.0,1.0,0.1680000126361847,0.9280000329017639,0.538872749711363,873600,873600,0,0,0,0,QC_STAT_ONLY,0.5120000243186951,"Per-file exact median; no QI threshold, filtering, or model input.",0.0732103999980609,False
2023\imerg_20230526.nc,imerg_20230526.nc,OK,,0.0,1.0,0.16300000250339508,0.9280000329017639,0.5355421699696108,873600,873600,0,0,0,0,QC_STAT_ONLY,0.5090000033378601,"Per-file exact median; no QI threshold, filtering, or model input.",0.06799180000234628,False
2023\imerg_20230527.nc,imerg_20230527.nc,OK,,0.0,1.0,0.1680000126361847,0.9280000329017639,0.5449785689967462,873600,873600,0,0,0,0,QC_STAT_ONLY,0.5160000324249268,"Per-file exact median; no QI threshold, filtering, or model input.",0.0628833000009763,False
2023\imerg_20230528.nc,imerg_20230528.nc,OK,,0.0,1.0,0.16600000858306885,0.921000063419342,0.544335020034226,873600,873600,0,0,0,0,QC_STAT_ONLY,0.5210000276565552,"Per-file exact median; no QI threshold, filtering, or model input.",0.06491679999453481,False
2023\imerg_20230529.nc,imerg_20230529.nc,OK,,0.0,1.0,0.1680000126361847,0.9170000553131104,0.5680264972598077,873600,873600,0,0,0,0,QC_STAT_ONLY,0.5480000376701355,"Per-file exact median; no QI threshold, filtering, or model input.",0.0679323000003933,False
2023\imerg_20230530.nc,imerg_20230530.nc,OK,,0.0,1.0,0.1770000010728836,0.8910000324249268,0.5762403736742991,873600,873600,0,0,0,0,QC_STAT_ONLY,0.5610000491142273,"Per-file exact median; no QI threshold, filtering, or model input.",0.06591420000040671,False
2023\imerg_20230531.nc,imerg_20230531.nc,OK,,0.0,1.0,0.17100000381469727,0.9280000329017639,0.5762193278274619,873600,873600,0,0,0,0,QC_STAT_ONLY,0.5509999990463257,"Per-file exact median; no QI threshold, filtering, or model input.",0.06404050000128336,False
2023\imerg_20230601.nc,imerg_20230601.nc,OK,,0.0,1.0,0.15900000929832458,0.9040000438690186,0.5500784376342934,873600,873600,0,0,0,0,QC_STAT_ONLY,0.5210000276565552,"Per-file exact median; no QI threshold, filtering, or model input.",0.06632150000223191,False
2023\imerg_20230602.nc,imerg_20230602.nc,OK,,0.0,1.0,0.15800000727176666,0.9260000586509705,0.5272896794556562,873600,873600,0,0,0,0,QC_STAT_ONLY,0.49800002574920654,"Per-file exact median; no QI threshold, filtering, or model input.",0.06437949999963166,False
2023\imerg_20230603.nc,imerg_20230603.nc,OK,,0.0,1.0,0.15700000524520874,0.9260000586509705,0.5153060218643213,873600,873600,0,0,0,0,QC_STAT_ONLY,0.492000013589859,"Per-file exact median; no QI threshold, filtering, or model input.",0.06634699999995064,False
2023\imerg_20230604.nc,imerg_20230604.nc,OK,,0.0,1.0,0.15900000929832458,0.9260000586509705,0.5211330270089529,873600,873600,0,0,0,0,QC_STAT_ONLY,0.49400001764297485,"Per-file exact median; no QI threshold, filtering, or model input.",0.06387650000397116,False
2023\imerg_20230605.nc,imerg_20230605.nc,OK,,0.0,1.0,0.15900000929832458,0.8850000500679016,0.5243760588371124,873600,873600,0,0,0,0,QC_STAT_ONLY,0.5020000338554382,"Per-file exact median; no QI threshold, filtering, or model input.",0.06474809999781428,False
2023\imerg_20230606.nc,imerg_20230606.nc,OK,,0.0,1.0,0.15900000929832458,0.8730000257492065,0.5338639995924644,873600,873600,0,0,0,0,QC_STAT_ONLY,0.5139999985694885,"Per-file exact median; no QI threshold, filtering, or model input.",0.06957659999898169,False
2023\imerg_20230607.nc,imerg_20230607.nc,OK,,0.0,1.0,0.15900000929832458,0.8850000500679016,0.5736979005291151,873600,873600,0,0,0,0,QC_STAT_ONLY,0.5560000538825989,"Per-file exact median; no QI threshold, filtering, or model input.",0.06872440000006463,False
2023\imerg_20230608.nc,imerg_20230608.nc,OK,,0.0,1.0,0.15900000929832458,0.9260000586509705,0.5692424566516202,873600,873600,0,0,0,0,QC_STAT_ONLY,0.5350000262260437,"Per-file exact median; no QI threshold, filtering, or model input.",0.0682742999997572,False
2023\imerg_20230609.nc,imerg_20230609.nc,OK,,0.0,1.0,0.15800000727176666,0.9260000586509705,0.5538093563403947,873600,873600,0,0,0,0,QC_STAT_ONLY,0.5320000052452087,"Per-file exact median; no QI threshold, filtering, or model input.",0.06590850000065984,False
2023\imerg_20230610.nc,imerg_20230610.nc,OK,,0.0,1.0,0.15900000929832458,0.9260000586509705,0.5337542742173846,873600,873600,0,0,0,0,QC_STAT_ONLY,0.5090000033378601,"Per-file exact median; no QI threshold, filtering, or model input.",0.06824290000076871,False
2023\imerg_20230611.nc,imerg_20230611.nc,OK,,0.0,1.0,0.15700000524520874,0.9260000586509705,0.5159599066834604,873600,873600,0,0,0,0,QC_STAT_ONLY,0.49400001764297485,"Per-file exact median; no QI threshold, filtering, or model input.",0.06905140000162646,False
2023\imerg_20230612.nc,imerg_20230612.nc,OK,,0.0,1.0,0.15900000929832458,0.8640000224113464,0.5244833017566716,873600,873600,0,0,0,0,QC_STAT_ONLY,0.49800002574920654,"Per-file exact median; no QI threshold, filtering, or model input.",0.07159549999778392,False
2023\imerg_20230613.nc,imerg_20230613.nc,OK,,0.0,1.0,0.15900000929832458,0.9200000166893005,0.5257822805134095,873600,873600,0,0,0,0,QC_STAT_ONLY,0.5040000081062317,"Per-file exact median; no QI threshold, filtering, or model input.",0.07197189999715192,False
2023\imerg_20230614.nc,imerg_20230614.nc,OK,,0.0,1.0,0.15800000727176666,0.8830000162124634,0.5531573262745719,873600,873600,0,0,0,0,QC_STAT_ONLY,0.531000018119812,"Per-file exact median; no QI threshold, filtering, or model input.",0.07797080000455026,False
2023\imerg_20230615.nc,imerg_20230615.nc,OK,,0.0,1.0,0.15800000727176666,0.9140000343322754,0.5615302976546809,873600,873600,0,0,0,0,QC_STAT_ONLY,0.531000018119812,"Per-file exact median; no QI threshold, filtering, or model input.",0.07102719999966212,False
2023\imerg_20230616.nc,imerg_20230616.nc,OK,,0.0,1.0,0.15800000727176666,0.9260000586509705,0.5550820301017714,873600,873600,0,0,0,0,QC_STAT_ONLY,0.5380000472068787,"Per-file exact median; no QI threshold, filtering, or model input.",0.0672673000008217,False
2023\imerg_20230617.nc,imerg_20230617.nc,OK,,0.0,1.0,0.15900000929832458,0.9260000586509705,0.5493516812220919,873600,873600,0,0,0,0,QC_STAT_ONLY,0.5210000276565552,"Per-file exact median; no QI threshold, filtering, or model input.",0.07017560000531375,False
2023\imerg_20230618.nc,imerg_20230618.nc,OK,,0.0,1.0,0.15700000524520874,0.9260000586509705,0.52802393023711,873600,873600,0,0,0,0,QC_STAT_ONLY,0.49800002574920654,"Per-file exact median; no QI threshold, filtering, or model input.",0.06589420000091195,False
2023\imerg_20230619.nc,imerg_20230619.nc,OK,,0.0,1.0,0.15800000727176666,0.9260000586509705,0.5279132980996258,873600,873600,0,0,0,0,QC_STAT_ONLY,0.503000020980835,"Per-file exact median; no QI threshold, filtering, or model input.",0.06918770000629593,False
2023\imerg_20230620.nc,imerg_20230620.nc,OK,,0.0,1.0,0.15800000727176666,0.8980000615119934,0.544786343862944,873600,873600,0,0,0,0,QC_STAT_ONLY,0.5110000371932983,"Per-file exact median; no QI threshold, filtering, or model input.",0.07496700000046985,False
2023\imerg_20230621.nc,imerg_20230621.nc,OK,,0.0,1.0,0.16500000655651093,0.8510000109672546,0.5394210070684797,873600,873600,0,0,0,0,QC_STAT_ONLY,0.51500004529953,"Per-file exact median; no QI threshold, filtering, or model input.",0.07701670000096783,False
2023\imerg_20230622.nc,imerg_20230622.nc,OK,,0.0,1.0,0.15900000929832458,0.9260000586509705,0.5594164727367938,873600,873600,0,0,0,0,QC_STAT_ONLY,0.5230000019073486,"Per-file exact median; no QI threshold, filtering, or model input.",0.0688665999987279,False
2023\imerg_20230623.nc,imerg_20230623.nc,OK,,0.0,1.0,0.15800000727176666,0.9260000586509705,0.5683055427219827,873600,873600,0,0,0,0,QC_STAT_ONLY,0.5410000085830688,"Per-file exact median; no QI threshold, filtering, or model input.",0.07286730000487296,False
2023\imerg_20230624.nc,imerg_20230624.nc,OK,,0.0,1.0,0.15700000524520874,0.9260000586509705,0.5695755566136004,873600,873600,0,0,0,0,QC_STAT_ONLY,0.5400000214576721,"Per-file exact median; no QI threshold, filtering, or model input.",0.06801579999591922,False
2023\imerg_20230625.nc,imerg_20230625.nc,OK,,0.0,1.0,0.15800000727176666,0.9440000653266907,0.5509238899972344,873600,873600,0,0,0,0,QC_STAT_ONLY,0.5160000324249268,"Per-file exact median; no QI threshold, filtering, or model input.",0.2594152999954531,False
2023\imerg_20230626.nc,imerg_20230626.nc,OK,,0.0,1.0,0.15800000727176666,0.9260000586509705,0.5308134533852107,873600,873600,0,0,0,0,QC_STAT_ONLY,0.5049999952316284,"Per-file exact median; no QI threshold, filtering, or model input.",0.08828180000273278,False
2023\imerg_20230627.nc,imerg_20230627.nc,OK,,0.0,1.0,0.15900000929832458,0.8520000576972961,0.5293356282185531,873600,873600,0,0,0,0,QC_STAT_ONLY,0.5040000081062317,"Per-file exact median; no QI threshold, filtering, or model input.",0.21456839999882504,False
2023\imerg_20230628.nc,imerg_20230628.nc,OK,,0.0,1.0,0.16500000655651093,0.9130000472068787,0.5242573750028625,873600,873600,0,0,0,0,QC_STAT_ONLY,0.5060000419616699,"Per-file exact median; no QI threshold, filtering, or model input.",0.0811665000001085,False
2023\imerg_20230629.nc,imerg_20230629.nc,OK,,0.0,1.0,0.15900000929832458,0.8660000562667847,0.5371766377519646,873600,873600,0,0,0,0,QC_STAT_ONLY,0.5100000500679016,"Per-file exact median; no QI threshold, filtering, or model input.",0.07457879999856232,False
2023\imerg_20230630.nc,imerg_20230630.nc,OK,,0.0,1.0,0.17800000309944153,0.9130000472068787,0.5670287044255758,873600,873600,0,0,0,0,QC_STAT_ONLY,0.5230000019073486,"Per-file exact median; no QI threshold, filtering, or model input.",0.07474229999934323,False
2023\imerg_20230701.nc,imerg_20230701.nc,OK,,0.0,1.0,0.1720000058412552,0.9130000472068787,0.5737803806139381,873600,873600,0,0,0,0,QC_STAT_ONLY,0.531000018119812,"Per-file exact median; no QI threshold, filtering, or model input.",0.07452690000354778,False
2023\imerg_20230702.nc,imerg_20230702.nc,OK,,0.0,1.0,0.15900000929832458,0.9130000472068787,0.5745924484954751,873600,873600,0,0,0,0,QC_STAT_ONLY,0.5330000519752502,"Per-file exact median; no QI threshold, filtering, or model input.",0.07589439999719616,False
2023\imerg_20230703.nc,imerg_20230703.nc,OK,,0.0,1.0,0.1600000113248825,0.9130000472068787,0.5636980554964325,873600,873600,0,0,0,0,QC_STAT_ONLY,0.5230000019073486,"Per-file exact median; no QI threshold, filtering, or model input.",0.0693018000019947,False
2023\imerg_20230704.nc,imerg_20230704.nc,OK,,0.0,1.0,0.15300001204013824,0.9140000343322754,0.5567386366222429,873600,873600,0,0,0,0,QC_STAT_ONLY,0.5230000019073486,"Per-file exact median; no QI threshold, filtering, or model input.",0.06903279999824008,False
2023\imerg_20230705.nc,imerg_20230705.nc,OK,,0.0,1.0,0.16600000858306885,0.9050000309944153,0.5633727488802719,873600,873600,0,0,0,0,QC_STAT_ONLY,0.5240000486373901,"Per-file exact median; no QI threshold, filtering, or model input.",0.06382120000489522,False
2023\imerg_20230706.nc,imerg_20230706.nc,OK,,0.0,1.0,0.15900000929832458,0.9020000696182251,0.5496495381742715,873600,873600,0,0,0,0,QC_STAT_ONLY,0.5210000276565552,"Per-file exact median; no QI threshold, filtering, or model input.",0.06791740000335267,False
2023\imerg_20230707.nc,imerg_20230707.nc,OK,,0.0,1.0,0.16100001335144043,0.8390000462532043,0.5503540174841827,873600,873600,0,0,0,0,QC_STAT_ONLY,0.5200000405311584,"Per-file exact median; no QI threshold, filtering, or model input.",0.06624549999833107,False
2023\imerg_20230708.nc,imerg_20230708.nc,OK,,0.0,1.0,0.15600000321865082,0.9130000472068787,0.5748273829127672,873600,873600,0,0,0,0,QC_STAT_ONLY,0.5390000343322754,"Per-file exact median; no QI threshold, filtering, or model input.",0.06488149999495363,False
2023\imerg_20230709.nc,imerg_20230709.nc,OK,,0.0,1.0,0.15400001406669617,0.9140000343322754,0.55969628200694,873600,873600,0,0,0,0,QC_STAT_ONLY,0.5210000276565552,"Per-file exact median; no QI threshold, filtering, or model input.",0.06847109999944223,False
2023\imerg_20230710.nc,imerg_20230710.nc,OK,,0.0,1.0,0.15400001406669617,0.9130000472068787,0.5549576704071207,873600,873600,0,0,0,0,QC_STAT_ONLY,0.5210000276565552,"Per-file exact median; no QI threshold, filtering, or model input.",0.06498260000080336,False
2023\imerg_20230711.nc,imerg_20230711.nc,OK,,0.0,1.0,0.15300001204013824,0.8840000629425049,0.5641980958173577,873600,873600,0,0,0,0,QC_STAT_ONLY,0.5230000019073486,"Per-file exact median; no QI threshold, filtering, or model input.",0.06857270000182325,False
2023\imerg_20230712.nc,imerg_20230712.nc,OK,,0.0,1.0,0.15700000524520874,0.8670000433921814,0.5475771094045871,873600,873600,0,0,0,0,QC_STAT_ONLY,0.5200000405311584,"Per-file exact median; no QI threshold, filtering, or model input.",0.06688639999629231,False
2023\imerg_20230713.nc,imerg_20230713.nc,OK,,0.0,1.0,0.15800000727176666,0.8450000286102295,0.5598529401560222,873600,873600,0,0,0,0,QC_STAT_ONLY,0.5250000357627869,"Per-file exact median; no QI threshold, filtering, or model input.",0.06893700000364333,False
2023\imerg_20230714.nc,imerg_20230714.nc,OK,,0.0,1.0,0.15900000929832458,0.9050000309944153,0.5682056467255898,873600,873600,0,0,0,0,QC_STAT_ONLY,0.531000018119812,"Per-file exact median; no QI threshold, filtering, or model input.",0.06414029999723425,False
2023\imerg_20230715.nc,imerg_20230715.nc,OK,,0.0,1.0,0.15900000929832458,0.8580000400543213,0.5713410133817455,873600,873600,0,0,0,0,QC_STAT_ONLY,0.5240000486373901,"Per-file exact median; no QI threshold, filtering, or model input.",0.06827610000618733,False
2023\imerg_20230716.nc,imerg_20230716.nc,OK,,0.0,1.0,0.15400001406669617,0.8840000629425049,0.5727978329896252,873600,873600,0,0,0,0,QC_STAT_ONLY,0.5290000438690186,"Per-file exact median; no QI threshold, filtering, or model input.",0.06589189999795053,False
2023\imerg_20230717.nc,imerg_20230717.nc,OK,,0.0,1.0,0.15900000929832458,0.9140000343322754,0.574125750269775,873600,873600,0,0,0,0,QC_STAT_ONLY,0.5290000438690186,"Per-file exact median; no QI threshold, filtering, or model input.",0.07112690000212751,False
2023\imerg_20230718.nc,imerg_20230718.nc,OK,,0.0,1.0,0.15900000929832458,0.9130000472068787,0.5692923795414966,873600,873600,0,0,0,0,QC_STAT_ONLY,0.5240000486373901,"Per-file exact median; no QI threshold, filtering, or model input.",0.07350249999581138,False
2023\imerg_20230719.nc,imerg_20230719.nc,OK,,0.0,1.0,0.15700000524520874,0.8700000643730164,0.5626794623732464,873600,873600,0,0,0,0,QC_STAT_ONLY,0.5230000019073486,"Per-file exact median; no QI threshold, filtering, or model input.",0.06753309999476187,False
2023\imerg_20230720.nc,imerg_20230720.nc,OK,,0.0,1.0,0.16100001335144043,0.8450000286102295,0.558807678931263,873600,873600,0,0,0,0,QC_STAT_ONLY,0.5230000019073486,"Per-file exact median; no QI threshold, filtering, or model input.",0.07133569999859901,False
2023\imerg_20230721.nc,imerg_20230721.nc,OK,,0.0,1.0,0.16600000858306885,0.8840000629425049,0.5701099501612968,873600,873600,0,0,0,0,QC_STAT_ONLY,0.531000018119812,"Per-file exact median; no QI threshold, filtering, or model input.",0.07223150000208989,False
2023\imerg_20230722.nc,imerg_20230722.nc,OK,,0.0,1.0,0.1600000113248825,0.8870000243186951,0.5651964950043497,873600,873600,0,0,0,0,QC_STAT_ONLY,0.5240000486373901,"Per-file exact median; no QI threshold, filtering, or model input.",0.06676529999822378,False
2023\imerg_20230723.nc,imerg_20230723.nc,OK,,0.0,1.0,0.16500000655651093,0.8580000400543213,0.5693769922424551,873600,873600,0,0,0,0,QC_STAT_ONLY,0.5230000019073486,"Per-file exact median; no QI threshold, filtering, or model input.",0.0648077999940142,False
2023\imerg_20230724.nc,imerg_20230724.nc,OK,,0.0,1.0,0.1600000113248825,0.8650000691413879,0.5632846699845073,873600,873600,0,0,0,0,QC_STAT_ONLY,0.5230000019073486,"Per-file exact median; no QI threshold, filtering, or model input.",0.06641819999640575,False
2023\imerg_20230725.nc,imerg_20230725.nc,OK,,0.0,1.0,0.15800000727176666,0.9130000472068787,0.5744678975819122,873600,873600,0,0,0,0,QC_STAT_ONLY,0.5240000486373901,"Per-file exact median; no QI threshold, filtering, or model input.",0.06435580000106711,False
2023\imerg_20230726.nc,imerg_20230726.nc,OK,,0.0,1.0,0.15400001406669617,0.8690000176429749,0.5514966908942109,873600,873600,0,0,0,0,QC_STAT_ONLY,0.5210000276565552,"Per-file exact median; no QI threshold, filtering, or model input.",0.06791019999946002,False
2023\imerg_20230727.nc,imerg_20230727.nc,OK,,0.0,1.0,0.16100001335144043,0.8510000109672546,0.5661020444756742,873600,873600,0,0,0,0,QC_STAT_ONLY,0.5250000357627869,"Per-file exact median; no QI threshold, filtering, or model input.",0.06672490000346443,False
2023\imerg_20230728.nc,imerg_20230728.nc,OK,,0.0,1.0,0.15800000727176666,0.8650000691413879,0.5555174018947353,873600,873600,0,0,0,0,QC_STAT_ONLY,0.5210000276565552,"Per-file exact median; no QI threshold, filtering, or model input.",0.06749649999983376,False
2023\imerg_20230729.nc,imerg_20230729.nc,OK,,0.0,1.0,0.15900000929832458,0.9230000376701355,0.5579682805869155,873600,873600,0,0,0,0,QC_STAT_ONLY,0.5230000019073486,"Per-file exact median; no QI threshold, filtering, or model input.",0.06899590000102762,False
2023\imerg_20230730.nc,imerg_20230730.nc,OK,,0.0,1.0,0.16100001335144043,0.8690000176429749,0.5686442677157286,873600,873600,0,0,0,0,QC_STAT_ONLY,0.5250000357627869,"Per-file exact median; no QI threshold, filtering, or model input.",0.0667059999977937,False
2023\imerg_20230731.nc,imerg_20230731.nc,OK,,0.0,1.0,0.15900000929832458,0.8650000691413879,0.5660088010709869,873600,873600,0,0,0,0,QC_STAT_ONLY,0.5230000019073486,"Per-file exact median; no QI threshold, filtering, or model input.",0.07066140000097221,False
2023\imerg_20230801.nc,imerg_20230801.nc,OK,,0.0,1.0,0.15600000321865082,0.9100000262260437,0.5711411346850623,873600,873600,0,0,0,0,QC_STAT_ONLY,0.5290000438690186,"Per-file exact median; no QI threshold, filtering, or model input.",0.0670079000046826,False
2023\imerg_20230802.nc,imerg_20230802.nc,OK,,0.0,1.0,0.1680000126361847,0.8850000500679016,0.566691543855909,873600,873600,0,0,0,0,QC_STAT_ONLY,0.5260000228881836,"Per-file exact median; no QI threshold, filtering, or model input.",0.0710968000057619,False
2023\imerg_20230803.nc,imerg_20230803.nc,OK,,0.0,1.0,0.14800000190734863,0.89000004529953,0.557242119308892,873600,873600,0,0,0,0,QC_STAT_ONLY,0.5220000147819519,"Per-file exact median; no QI threshold, filtering, or model input.",0.06846959999529645,False
2023\imerg_20230804.nc,imerg_20230804.nc,OK,,0.0,1.0,0.16500000655651093,0.9100000262260437,0.5662289212773735,873600,873600,0,0,0,0,QC_STAT_ONLY,0.5250000357627869,"Per-file exact median; no QI threshold, filtering, or model input.",0.07139949999691453,False
2023\imerg_20230805.nc,imerg_20230805.nc,OK,,0.0,1.0,0.15300001204013824,0.9020000696182251,0.551616140508823,873600,873600,0,0,0,0,QC_STAT_ONLY,0.5210000276565552,"Per-file exact median; no QI threshold, filtering, or model input.",0.07290179999836255,False
2023\imerg_20230806.nc,imerg_20230806.nc,OK,,0.0,1.0,0.16500000655651093,0.8770000338554382,0.5693206686817192,873600,873600,0,0,0,0,QC_STAT_ONLY,0.5390000343322754,"Per-file exact median; no QI threshold, filtering, or model input.",0.07577719999972032,False
2023\imerg_20230807.nc,imerg_20230807.nc,OK,,0.0,1.0,0.14900000393390656,0.9100000262260437,0.5793231002798802,873600,873600,0,0,0,0,QC_STAT_ONLY,0.5410000085830688,"Per-file exact median; no QI threshold, filtering, or model input.",0.0694532000052277,False
2023\imerg_20230808.nc,imerg_20230808.nc,OK,,0.0,1.0,0.15600000321865082,0.8950000405311584,0.5637497679661659,873600,873600,0,0,0,0,QC_STAT_ONLY,0.5220000147819519,"Per-file exact median; no QI threshold, filtering, or model input.",0.06636630000139121,False
2023\imerg_20230809.nc,imerg_20230809.nc,OK,,0.0,1.0,0.14900000393390656,0.9100000262260437,0.555117595667521,873600,873600,0,0,0,0,QC_STAT_ONLY,0.5210000276565552,"Per-file exact median; no QI threshold, filtering, or model input.",0.07350559999758843,False
2023\imerg_20230810.nc,imerg_20230810.nc,OK,,0.0,1.0,0.14900000393390656,0.8850000500679016,0.5725813469329283,873600,873600,0,0,0,0,QC_STAT_ONLY,0.5290000438690186,"Per-file exact median; no QI threshold, filtering, or model input.",0.06645710000157123,False
2023\imerg_20230811.nc,imerg_20230811.nc,OK,,0.0,1.0,0.14800000190734863,0.9020000696182251,0.5739628264958878,873600,873600,0,0,0,0,QC_STAT_ONLY,0.531000018119812,"Per-file exact median; no QI threshold, filtering, or model input.",0.07095140000456013,False
2023\imerg_20230812.nc,imerg_20230812.nc,OK,,0.0,1.0,0.14800000190734863,0.8950000405311584,0.5727657782542945,873600,873600,0,0,0,0,QC_STAT_ONLY,0.531000018119812,"Per-file exact median; no QI threshold, filtering, or model input.",0.06734369999321643,False
2023\imerg_20230813.nc,imerg_20230813.nc,OK,,0.0,1.0,0.14900000393390656,0.8790000677108765,0.5746176846638056,873600,873600,0,0,0,0,QC_STAT_ONLY,0.5460000038146973,"Per-file exact median; no QI threshold, filtering, or model input.",0.06722199999785516,False
2023\imerg_20230814.nc,imerg_20230814.nc,OK,,0.0,1.0,0.14900000393390656,0.8950000405311584,0.5630726803606205,873600,873600,0,0,0,0,QC_STAT_ONLY,0.5300000309944153,"Per-file exact median; no QI threshold, filtering, or model input.",0.06686509999417467,False
2023\imerg_20230815.nc,imerg_20230815.nc,OK,,0.0,1.0,0.1550000011920929,0.8920000195503235,0.5668719221740763,873600,873600,0,0,0,0,QC_STAT_ONLY,0.5250000357627869,"Per-file exact median; no QI threshold, filtering, or model input.",0.06845560000510886,False
2023\imerg_20230816.nc,imerg_20230816.nc,OK,,0.0,1.0,0.14900000393390656,0.8910000324249268,0.5611836956503832,873600,873600,0,0,0,0,QC_STAT_ONLY,0.5220000147819519,"Per-file exact median; no QI threshold, filtering, or model input.",0.0642805999959819,False
2023\imerg_20230817.nc,imerg_20230817.nc,OK,,0.0,1.0,0.1550000011920929,0.9020000696182251,0.5654794111050624,873600,873600,0,0,0,0,QC_STAT_ONLY,0.5220000147819519,"Per-file exact median; no QI threshold, filtering, or model input.",0.0666207000031136,False
2023\imerg_20230818.nc,imerg_20230818.nc,OK,,0.0,1.0,0.14900000393390656,0.8950000405311584,0.5743058251878655,873600,873600,0,0,0,0,QC_STAT_ONLY,0.5320000052452087,"Per-file exact median; no QI threshold, filtering, or model input.",0.06924900000012713,False
2023\imerg_20230819.nc,imerg_20230819.nc,OK,,0.0,1.0,0.14900000393390656,0.8850000500679016,0.5670071676507893,873600,873600,0,0,0,0,QC_STAT_ONLY,0.5320000052452087,"Per-file exact median; no QI threshold, filtering, or model input.",0.06573900000512367,False
2023\imerg_20230820.nc,imerg_20230820.nc,OK,,0.0,1.0,0.1680000126361847,0.89000004529953,0.5696410543220835,873600,873600,0,0,0,0,QC_STAT_ONLY,0.5330000519752502,"Per-file exact median; no QI threshold, filtering, or model input.",0.07008920000225771,False
2023\imerg_20230821.nc,imerg_20230821.nc,OK,,0.0,1.0,0.16500000655651093,0.8450000286102295,0.5654906793420064,873600,873600,0,0,0,0,QC_STAT_ONLY,0.531000018119812,"Per-file exact median; no QI threshold, filtering, or model input.",0.06793130000005476,False
2023\imerg_20230822.nc,imerg_20230822.nc,OK,,0.0,1.0,0.1550000011920929,0.8910000324249268,0.5746593653313788,873600,873600,0,0,0,0,QC_STAT_ONLY,0.5480000376701355,"Per-file exact median; no QI threshold, filtering, or model input.",0.07080839999980526,False
2023\imerg_20230823.nc,imerg_20230823.nc,OK,,0.0,1.0,0.1550000011920929,0.8850000500679016,0.5791023461294152,873600,873600,0,0,0,0,QC_STAT_ONLY,0.5420000553131104,"Per-file exact median; no QI threshold, filtering, or model input.",0.06898099999671103,False
2023\imerg_20230824.nc,imerg_20230824.nc,OK,,0.0,1.0,0.1550000011920929,0.9100000262260437,0.5702499581320764,873600,873600,0,0,0,0,QC_STAT_ONLY,0.5320000052452087,"Per-file exact median; no QI threshold, filtering, or model input.",0.07473990000289632,False
2023\imerg_20230825.nc,imerg_20230825.nc,OK,,0.0,1.0,0.14900000393390656,0.8790000677108765,0.5568855909916876,873600,873600,0,0,0,0,QC_STAT_ONLY,0.5240000486373901,"Per-file exact median; no QI threshold, filtering, or model input.",0.072357800003374,False
2023\imerg_20230826.nc,imerg_20230826.nc,OK,,0.0,1.0,0.14900000393390656,0.8850000500679016,0.5567704831995752,873600,873600,0,0,0,0,QC_STAT_ONLY,0.5250000357627869,"Per-file exact median; no QI threshold, filtering, or model input.",0.07096409999940079,False
2023\imerg_20230827.nc,imerg_20230827.nc,OK,,0.0,1.0,0.14800000190734863,0.9100000262260437,0.5723550775123678,873600,873600,0,0,0,0,QC_STAT_ONLY,0.531000018119812,"Per-file exact median; no QI threshold, filtering, or model input.",0.11138249999930849,False
2023\imerg_20230828.nc,imerg_20230828.nc,OK,,0.0,1.0,0.15900000929832458,0.8530000448226929,0.5745299627567085,873600,873600,0,0,0,0,QC_STAT_ONLY,0.5420000553131104,"Per-file exact median; no QI threshold, filtering, or model input.",0.07601779999822611,False
2023\imerg_20230829.nc,imerg_20230829.nc,OK,,0.0,1.0,0.1550000011920929,0.8610000610351562,0.5578928447600741,873600,873600,0,0,0,0,QC_STAT_ONLY,0.5270000100135803,"Per-file exact median; no QI threshold, filtering, or model input.",0.06986540000070818,False
2023\imerg_20230830.nc,imerg_20230830.nc,OK,,0.0,1.0,0.14800000190734863,0.8660000562667847,0.5685804983245161,873600,873600,0,0,0,0,QC_STAT_ONLY,0.5509999990463257,"Per-file exact median; no QI threshold, filtering, or model input.",0.06403940000018338,False
2023\imerg_20230831.nc,imerg_20230831.nc,OK,,0.0,1.0,0.15300001204013824,0.8730000257492065,0.5704762509480399,873600,873600,0,0,0,0,QC_STAT_ONLY,0.5320000052452087,"Per-file exact median; no QI threshold, filtering, or model input.",0.06377339999744436,False
2023\imerg_20230901.nc,imerg_20230901.nc,OK,,0.0,1.0,0.1510000079870224,0.8650000691413879,0.5788717495926721,873600,873600,0,0,0,0,QC_STAT_ONLY,0.5590000152587891,"Per-file exact median; no QI threshold, filtering, or model input.",0.06586290000268491,False
2023\imerg_20230902.nc,imerg_20230902.nc,OK,,0.0,1.0,0.1510000079870224,0.8880000710487366,0.5712543026699033,873600,873600,0,0,0,0,QC_STAT_ONLY,0.5420000553131104,"Per-file exact median; no QI threshold, filtering, or model input.",0.06920569999783766,False
2023\imerg_20230903.nc,imerg_20230903.nc,OK,,0.0,1.0,0.32600000500679016,0.8880000710487366,0.5765785491601957,873600,873600,0,0,0,0,QC_STAT_ONLY,0.5440000295639038,"Per-file exact median; no QI threshold, filtering, or model input.",0.06273709999368293,False
2023\imerg_20230904.nc,imerg_20230904.nc,OK,,0.0,1.0,0.3720000088214874,0.8700000643730164,0.5782658840851319,873600,873600,0,0,0,0,QC_STAT_ONLY,0.5610000491142273,"Per-file exact median; no QI threshold, filtering, or model input.",0.06772229999478441,False
2023\imerg_20230905.nc,imerg_20230905.nc,OK,,0.0,1.0,0.1510000079870224,0.8490000367164612,0.5752204775661844,873600,873600,0,0,0,0,QC_STAT_ONLY,0.5570000410079956,"Per-file exact median; no QI threshold, filtering, or model input.",0.06429880000359844,False
2023\imerg_20230906.nc,imerg_20230906.nc,OK,,0.0,1.0,0.1600000113248825,0.8880000710487366,0.5871784859135979,873600,873600,0,0,0,0,QC_STAT_ONLY,0.5630000233650208,"Per-file exact median; no QI threshold, filtering, or model input.",0.0661547999989125,False
2023\imerg_20230907.nc,imerg_20230907.nc,OK,,0.0,1.0,0.1510000079870224,0.8880000710487366,0.5867954566019106,873600,873600,0,0,0,0,QC_STAT_ONLY,0.5590000152587891,"Per-file exact median; no QI threshold, filtering, or model input.",0.06558839999343036,False
2023\imerg_20230908.nc,imerg_20230908.nc,OK,,0.0,1.0,0.15600000321865082,0.9020000696182251,0.5927414806965131,873600,873600,0,0,0,0,QC_STAT_ONLY,0.5660000443458557,"Per-file exact median; no QI threshold, filtering, or model input.",0.06969480000407202,False
2023\imerg_20230909.nc,imerg_20230909.nc,OK,,0.0,1.0,0.15900000929832458,0.8650000691413879,0.5875420795900802,873600,873600,0,0,0,0,QC_STAT_ONLY,0.5660000443458557,"Per-file exact median; no QI threshold, filtering, or model input.",0.06815720000304282,False
2023\imerg_20230910.nc,imerg_20230910.nc,OK,,0.0,1.0,0.1550000011920929,0.8660000562667847,0.5673622101322225,873600,873600,0,0,0,0,QC_STAT_ONLY,0.5350000262260437,"Per-file exact median; no QI threshold, filtering, or model input.",0.06475159999536118,False
2023\imerg_20230911.nc,imerg_20230911.nc,OK,,0.0,1.0,0.17100000381469727,0.8880000710487366,0.5812728355985968,873600,873600,0,0,0,0,QC_STAT_ONLY,0.5540000200271606,"Per-file exact median; no QI threshold, filtering, or model input.",0.06834960000560386,False
2023\imerg_20230912.nc,imerg_20230912.nc,OK,,0.0,1.0,0.15300001204013824,0.9160000681877136,0.5766028549483783,873600,873600,0,0,0,0,QC_STAT_ONLY,0.550000011920929,"Per-file exact median; no QI threshold, filtering, or model input.",0.07292090000555618,False
2023\imerg_20230913.nc,imerg_20230913.nc,OK,,0.0,1.0,0.17100000381469727,0.8490000367164612,0.5795283905950959,873600,873600,0,0,0,0,QC_STAT_ONLY,0.5580000281333923,"Per-file exact median; no QI threshold, filtering, or model input.",0.07189890000154264,False
2023\imerg_20230914.nc,imerg_20230914.nc,OK,,0.0,1.0,0.1510000079870224,0.9120000600814819,0.5860900321057333,873600,873600,0,0,0,0,QC_STAT_ONLY,0.5550000071525574,"Per-file exact median; no QI threshold, filtering, or model input.",0.06446150000556372,False
2023\imerg_20230915.nc,imerg_20230915.nc,OK,,0.0,1.0,0.1510000079870224,0.9020000696182251,0.5784446947136382,873600,873600,0,0,0,0,QC_STAT_ONLY,0.5580000281333923,"Per-file exact median; no QI threshold, filtering, or model input.",0.07285630000114907,False
2023\imerg_20230916.nc,imerg_20230916.nc,OK,,0.0,1.0,0.15900000929832458,0.9020000696182251,0.5920868789829696,873600,873600,0,0,0,0,QC_STAT_ONLY,0.5670000314712524,"Per-file exact median; no QI threshold, filtering, or model input.",0.06519490000209771,False
2023\imerg_20230917.nc,imerg_20230917.nc,OK,,0.0,1.0,0.15300001204013824,0.9020000696182251,0.5825105926231395,873600,873600,0,0,0,0,QC_STAT_ONLY,0.5640000104904175,"Per-file exact median; no QI threshold, filtering, or model input.",0.06893100000161212,False
2023\imerg_20230918.nc,imerg_20230918.nc,OK,,0.0,1.0,0.36000001430511475,0.8880000710487366,0.5737392554649804,873600,873600,0,0,0,0,QC_STAT_ONLY,0.5450000166893005,"Per-file exact median; no QI threshold, filtering, or model input.",0.06447699999989709,False
2023\imerg_20230919.nc,imerg_20230919.nc,OK,,0.0,1.0,0.1860000044107437,0.9010000228881836,0.584586986594291,873600,873600,0,0,0,0,QC_STAT_ONLY,0.5610000491142273,"Per-file exact median; no QI threshold, filtering, or model input.",0.06486990000121295,False
2023\imerg_20230920.nc,imerg_20230920.nc,OK,,0.0,1.0,0.15600000321865082,0.8840000629425049,0.5703799277303856,873600,873600,0,0,0,0,QC_STAT_ONLY,0.5460000038146973,"Per-file exact median; no QI threshold, filtering, or model input.",0.06612889999814797,False
2023\imerg_20230921.nc,imerg_20230921.nc,OK,,0.0,1.0,0.17900000512599945,0.8580000400543213,0.5778002213257375,873600,873600,0,0,0,0,QC_STAT_ONLY,0.5570000410079956,"Per-file exact median; no QI threshold, filtering, or model input.",0.06632140000147047,False
2023\imerg_20230922.nc,imerg_20230922.nc,OK,,0.0,1.0,0.17900000512599945,0.9030000567436218,0.5853408198325039,873600,873600,0,0,0,0,QC_STAT_ONLY,0.5580000281333923,"Per-file exact median; no QI threshold, filtering, or model input.",0.06821180000406457,False
2023\imerg_20230923.nc,imerg_20230923.nc,OK,,0.0,1.0,0.17900000512599945,0.9020000696182251,0.593058868107171,873600,873600,0,0,0,0,QC_STAT_ONLY,0.5660000443458557,"Per-file exact median; no QI threshold, filtering, or model input.",0.06692780000594212,False
2023\imerg_20230924.nc,imerg_20230924.nc,OK,,0.0,1.0,0.15600000321865082,0.8790000677108765,0.5996931872864667,873600,873600,0,0,0,0,QC_STAT_ONLY,0.5680000185966492,"Per-file exact median; no QI threshold, filtering, or model input.",0.06527650000498397,False
2023\imerg_20230925.nc,imerg_20230925.nc,OK,,0.0,1.0,0.1510000079870224,0.8980000615119934,0.5768074270644338,873600,873600,0,0,0,0,QC_STAT_ONLY,0.5540000200271606,"Per-file exact median; no QI threshold, filtering, or model input.",0.06323910000355681,False
2023\imerg_20230926.nc,imerg_20230926.nc,OK,,0.0,1.0,0.1510000079870224,0.9020000696182251,0.5769524460120617,873600,873600,0,0,0,0,QC_STAT_ONLY,0.5540000200271606,"Per-file exact median; no QI threshold, filtering, or model input.",0.06709170000249287,False
2023\imerg_20230927.nc,imerg_20230927.nc,OK,,0.0,1.0,0.1510000079870224,0.8970000147819519,0.5513839051964601,873600,873600,0,0,0,0,QC_STAT_ONLY,0.5200000405311584,"Per-file exact median; no QI threshold, filtering, or model input.",0.06499569999868982,False
2023\imerg_20230928.nc,imerg_20230928.nc,OK,,0.0,1.0,0.17900000512599945,0.8830000162124634,0.5718404304210076,873600,873600,0,0,0,0,QC_STAT_ONLY,0.5390000343322754,"Per-file exact median; no QI threshold, filtering, or model input.",0.0691824000023189,False
2023\imerg_20230929.nc,imerg_20230929.nc,OK,,0.0,1.0,0.1680000126361847,0.8420000672340393,0.5785365188763146,873600,873600,0,0,0,0,QC_STAT_ONLY,0.5440000295639038,"Per-file exact median; no QI threshold, filtering, or model input.",0.06453940000210423,False
2023\imerg_20230930.nc,imerg_20230930.nc,OK,,0.0,1.0,0.1680000126361847,0.9020000696182251,0.5699386818518849,873600,873600,0,0,0,0,QC_STAT_ONLY,0.5440000295639038,"Per-file exact median; no QI threshold, filtering, or model input.",0.0684906000024057,False
2023\imerg_20231001.nc,imerg_20231001.nc,OK,,0.0,1.0,0.15400001406669617,0.9070000648498535,0.5818236006641652,873600,873600,0,0,0,0,QC_STAT_ONLY,0.5540000200271606,"Per-file exact median; no QI threshold, filtering, or model input.",0.06756120000500232,False
2023\imerg_20231002.nc,imerg_20231002.nc,OK,,0.0,1.0,0.15300001204013824,0.8740000128746033,0.5926219179300461,873600,873600,0,0,0,0,QC_STAT_ONLY,0.5670000314712524,"Per-file exact median; no QI threshold, filtering, or model input.",0.06245099999796366,False
2023\imerg_20231003.nc,imerg_20231003.nc,OK,,0.0,1.0,0.15300001204013824,0.9000000357627869,0.5833467253410827,873600,873600,0,0,0,0,QC_STAT_ONLY,0.5550000071525574,"Per-file exact median; no QI threshold, filtering, or model input.",0.06866690000606468,False
2023\imerg_20231004.nc,imerg_20231004.nc,OK,,0.0,1.0,0.15600000321865082,0.8860000371932983,0.5712209474827391,873600,873600,0,0,0,0,QC_STAT_ONLY,0.550000011920929,"Per-file exact median; no QI threshold, filtering, or model input.",0.06974389999959385,False
2023\imerg_20231005.nc,imerg_20231005.nc,OK,,0.0,1.0,0.18000000715255737,0.9000000357627869,0.5769305756443689,873600,873600,0,0,0,0,QC_STAT_ONLY,0.5520000457763672,"Per-file exact median; no QI threshold, filtering, or model input.",0.06811820000439184,False
2023\imerg_20231006.nc,imerg_20231006.nc,OK,,0.0,1.0,0.15600000321865082,0.8700000643730164,0.5573846220859282,873600,873600,0,0,0,0,QC_STAT_ONLY,0.534000039100647,"Per-file exact median; no QI threshold, filtering, or model input.",0.0684800000017276,False
2023\imerg_20231007.nc,imerg_20231007.nc,OK,,0.0,1.0,0.17900000512599945,0.8610000610351562,0.590276195072661,873600,873600,0,0,0,0,QC_STAT_ONLY,0.562000036239624,"Per-file exact median; no QI threshold, filtering, or model input.",0.07067660000029719,False
2023\imerg_20231008.nc,imerg_20231008.nc,OK,,0.0,1.0,0.18000000715255737,0.9070000648498535,0.5963588892639489,873600,873600,0,0,0,0,QC_STAT_ONLY,0.5670000314712524,"Per-file exact median; no QI threshold, filtering, or model input.",0.06765319999976782,False
2023\imerg_20231009.nc,imerg_20231009.nc,OK,,0.0,1.0,0.16100001335144043,0.8860000371932983,0.5957296342808317,873600,873600,0,0,0,0,QC_STAT_ONLY,0.5660000443458557,"Per-file exact median; no QI threshold, filtering, or model input.",0.07031749999441672,False
2023\imerg_20231010.nc,imerg_20231010.nc,OK,,0.0,1.0,0.15400001406669617,0.8800000548362732,0.5933289933770267,873600,873600,0,0,0,0,QC_STAT_ONLY,0.5670000314712524,"Per-file exact median; no QI threshold, filtering, or model input.",0.06839559999934863,False
2023\imerg_20231011.nc,imerg_20231011.nc,OK,,0.0,1.0,0.15200001001358032,0.8890000581741333,0.5745597806271002,873600,873600,0,0,0,0,QC_STAT_ONLY,0.5540000200271606,"Per-file exact median; no QI threshold, filtering, or model input.",0.06733170000370592,False
2023\imerg_20231012.nc,imerg_20231012.nc,OK,,0.0,1.0,0.15400001406669617,0.8850000500679016,0.5680733854762336,873600,873600,0,0,0,0,QC_STAT_ONLY,0.5360000133514404,"Per-file exact median; no QI threshold, filtering, or model input.",0.07152740000310587,False
2023\imerg_20231013.nc,imerg_20231013.nc,OK,,0.0,1.0,0.15400001406669617,0.8860000371932983,0.5753292928335014,873600,873600,0,0,0,0,QC_STAT_ONLY,0.534000039100647,"Per-file exact median; no QI threshold, filtering, or model input.",0.0683026000042446,False
2023\imerg_20231014.nc,imerg_20231014.nc,OK,,0.0,1.0,0.1550000011920929,0.8640000224113464,0.5643987215775826,873600,873600,0,0,0,0,QC_STAT_ONLY,0.5360000133514404,"Per-file exact median; no QI threshold, filtering, or model input.",0.06608649999543559,False
2023\imerg_20231015.nc,imerg_20231015.nc,OK,,0.0,1.0,0.15400001406669617,0.9100000262260437,0.5933852117418928,873600,873600,0,0,0,0,QC_STAT_ONLY,0.5670000314712524,"Per-file exact median; no QI threshold, filtering, or model input.",0.06654469999921275,False
2023\imerg_20231016.nc,imerg_20231016.nc,OK,,0.0,1.0,0.15600000321865082,0.9070000648498535,0.5830711426323915,873600,873600,0,0,0,0,QC_STAT_ONLY,0.5590000152587891,"Per-file exact median; no QI threshold, filtering, or model input.",0.06554999999934807,False
2023\imerg_20231017.nc,imerg_20231017.nc,OK,,0.0,1.0,0.15300001204013824,0.8710000514984131,0.5774248432710378,873600,873600,0,0,0,0,QC_STAT_ONLY,0.5600000023841858,"Per-file exact median; no QI threshold, filtering, or model input.",0.06278839999868069,False
2023\imerg_20231018.nc,imerg_20231018.nc,OK,,0.0,1.0,0.15400001406669617,0.9100000262260437,0.5923910214881082,873600,873600,0,0,0,0,QC_STAT_ONLY,0.5680000185966492,"Per-file exact median; no QI threshold, filtering, or model input.",0.06930010000360198,False
2023\imerg_20231019.nc,imerg_20231019.nc,OK,,0.0,1.0,0.15300001204013824,0.8800000548362732,0.572828497842326,873600,873600,0,0,0,0,QC_STAT_ONLY,0.5400000214576721,"Per-file exact median; no QI threshold, filtering, or model input.",0.06875760000548325,False
2023\imerg_20231020.nc,imerg_20231020.nc,OK,,0.0,1.0,0.15600000321865082,0.8890000581741333,0.5719495455579723,873600,873600,0,0,0,0,QC_STAT_ONLY,0.5400000214576721,"Per-file exact median; no QI threshold, filtering, or model input.",0.07039230000373209,False
2023\imerg_20231021.nc,imerg_20231021.nc,OK,,0.0,1.0,0.15600000321865082,0.9290000200271606,0.5732325829438107,873600,873600,0,0,0,0,QC_STAT_ONLY,0.5460000038146973,"Per-file exact median; no QI threshold, filtering, or model input.",0.06720900000073016,False
2023\imerg_20231022.nc,imerg_20231022.nc,OK,,0.0,1.0,0.15400001406669617,0.8760000467300415,0.5636381972151648,873600,873600,0,0,0,0,QC_STAT_ONLY,0.5430000424385071,"Per-file exact median; no QI threshold, filtering, or model input.",0.07485809999343473,False
2023\imerg_20231023.nc,imerg_20231023.nc,OK,,0.0,1.0,0.16300000250339508,0.8610000610351562,0.5771550730174755,873600,873600,0,0,0,0,QC_STAT_ONLY,0.5550000071525574,"Per-file exact median; no QI threshold, filtering, or model input.",0.06808420000015758,False
2023\imerg_20231024.nc,imerg_20231024.nc,OK,,0.0,1.0,0.15400001406669617,0.8890000581741333,0.5848951027168459,873600,873600,0,0,0,0,QC_STAT_ONLY,0.5670000314712524,"Per-file exact median; no QI threshold, filtering, or model input.",0.06664569999702508,False
2023\imerg_20231025.nc,imerg_20231025.nc,OK,,0.0,1.0,0.16100001335144043,0.9070000648498535,0.594376385286655,873600,873600,0,0,0,0,QC_STAT_ONLY,0.5680000185966492,"Per-file exact median; no QI threshold, filtering, or model input.",0.06778510000003735,False
2023\imerg_20231026.nc,imerg_20231026.nc,OK,,0.0,1.0,0.15200001001358032,0.9070000648498535,0.5967799934880951,873600,873600,0,0,0,0,QC_STAT_ONLY,0.5730000138282776,"Per-file exact median; no QI threshold, filtering, or model input.",0.0660483000028762,False
2023\imerg_20231027.nc,imerg_20231027.nc,OK,,0.0,1.0,0.15400001406669617,0.9160000681877136,0.5700253583015464,873600,873600,0,0,0,0,QC_STAT_ONLY,0.550000011920929,"Per-file exact median; no QI threshold, filtering, or model input.",0.06675589999940712,False
2023\imerg_20231028.nc,imerg_20231028.nc,OK,,0.0,1.0,0.15400001406669617,0.9040000438690186,0.5679705650412952,873600,873600,0,0,0,0,QC_STAT_ONLY,0.5430000424385071,"Per-file exact median; no QI threshold, filtering, or model input.",0.06670260000100825,False
2023\imerg_20231029.nc,imerg_20231029.nc,OK,,0.0,1.0,0.164000004529953,0.8860000371932983,0.5656121090744817,873600,873600,0,0,0,0,QC_STAT_ONLY,0.5350000262260437,"Per-file exact median; no QI threshold, filtering, or model input.",0.06530519999796525,False
2023\imerg_20231030.nc,imerg_20231030.nc,OK,,0.0,1.0,0.15400001406669617,0.8810000419616699,0.5559441483358174,873600,873600,0,0,0,0,QC_STAT_ONLY,0.5290000438690186,"Per-file exact median; no QI threshold, filtering, or model input.",0.06393189999653259,False
2023\imerg_20231031.nc,imerg_20231031.nc,OK,,0.0,1.0,0.15600000321865082,0.8790000677108765,0.5925855020412514,873600,873600,0,0,0,0,QC_STAT_ONLY,0.5670000314712524,"Per-file exact median; no QI threshold, filtering, or model input.",0.06606230000033975,False
2023\imerg_20231101.nc,imerg_20231101.nc,OK,,0.0,1.0,0.16600000858306885,0.9170000553131104,0.606965609791692,873600,873600,0,0,0,0,QC_STAT_ONLY,0.5860000252723694,"Per-file exact median; no QI threshold, filtering, or model input.",0.06469729999662377,False
2023\imerg_20231102.nc,imerg_20231102.nc,OK,,0.0,1.0,0.16600000858306885,0.9040000438690186,0.5924912424271777,873600,873600,0,0,0,0,QC_STAT_ONLY,0.5720000267028809,"Per-file exact median; no QI threshold, filtering, or model input.",0.06475049999426119,False
2023\imerg_20231103.nc,imerg_20231103.nc,OK,,0.0,1.0,0.16300000250339508,0.9050000309944153,0.605159586924947,873600,873600,0,0,0,0,QC_STAT_ONLY,0.5820000171661377,"Per-file exact median; no QI threshold, filtering, or model input.",0.06478670000069542,False
2023\imerg_20231104.nc,imerg_20231104.nc,OK,,0.0,1.0,0.16300000250339508,0.9030000567436218,0.5884726830426562,873600,873600,0,0,0,0,QC_STAT_ONLY,0.5580000281333923,"Per-file exact median; no QI threshold, filtering, or model input.",0.06384689999686088,False
2023\imerg_20231105.nc,imerg_20231105.nc,OK,,0.0,1.0,0.17100000381469727,0.9050000309944153,0.5786969664512073,873600,873600,0,0,0,0,QC_STAT_ONLY,0.5570000410079956,"Per-file exact median; no QI threshold, filtering, or model input.",0.06757179999840446,False
2023\imerg_20231106.nc,imerg_20231106.nc,OK,,0.0,1.0,0.1680000126361847,0.8880000710487366,0.5911139834251241,873600,873600,0,0,0,0,QC_STAT_ONLY,0.5700000524520874,"Per-file exact median; no QI threshold, filtering, or model input.",0.06819770000583958,False
2023\imerg_20231107.nc,imerg_20231107.nc,OK,,0.0,1.0,0.1680000126361847,0.8720000386238098,0.5948418545591962,873600,873600,0,0,0,0,QC_STAT_ONLY,0.5790000557899475,"Per-file exact median; no QI threshold, filtering, or model input.",0.07052699999621836,False
2023\imerg_20231108.nc,imerg_20231108.nc,OK,,0.0,1.0,0.17100000381469727,0.9020000696182251,0.6105342028564995,873600,873600,0,0,0,0,QC_STAT_ONLY,0.5879999995231628,"Per-file exact median; no QI threshold, filtering, or model input.",0.07151899999735178,False
2023\imerg_20231109.nc,imerg_20231109.nc,OK,,0.0,1.0,0.16300000250339508,0.9170000553131104,0.6088062204244536,873600,873600,0,0,0,0,QC_STAT_ONLY,0.5860000252723694,"Per-file exact median; no QI threshold, filtering, or model input.",0.06993700000020908,False
2023\imerg_20231110.nc,imerg_20231110.nc,OK,,0.0,1.0,0.16600000858306885,0.9120000600814819,0.6072221638933302,873600,873600,0,0,0,0,QC_STAT_ONLY,0.5870000123977661,"Per-file exact median; no QI threshold, filtering, or model input.",0.06176229999982752,False
2023\imerg_20231111.nc,imerg_20231111.nc,OK,,0.0,1.0,0.16300000250339508,0.8770000338554382,0.5986439724875983,873600,873600,0,0,0,0,QC_STAT_ONLY,0.5710000395774841,"Per-file exact median; no QI threshold, filtering, or model input.",0.061384099994029384,False
2023\imerg_20231112.nc,imerg_20231112.nc,OK,,0.0,1.0,0.16500000655651093,0.8830000162124634,0.5948017885669854,873600,873600,0,0,0,0,QC_STAT_ONLY,0.5700000524520874,"Per-file exact median; no QI threshold, filtering, or model input.",0.06435249999776715,False
2023\imerg_20231113.nc,imerg_20231113.nc,OK,,0.0,1.0,0.1680000126361847,0.8880000710487366,0.5858595437315999,873600,873600,0,0,0,0,QC_STAT_ONLY,0.5649999976158142,"Per-file exact median; no QI threshold, filtering, or model input.",0.063064599999052,False
2023\imerg_20231114.nc,imerg_20231114.nc,OK,,0.0,1.0,0.18000000715255737,0.8860000371932983,0.5971884951179152,873600,873600,0,0,0,0,QC_STAT_ONLY,0.5860000252723694,"Per-file exact median; no QI threshold, filtering, or model input.",0.06420030000299448,False
2023\imerg_20231115.nc,imerg_20231115.nc,OK,,0.0,1.0,0.1680000126361847,0.8810000419616699,0.6077582469671085,873600,873600,0,0,0,0,QC_STAT_ONLY,0.5920000076293945,"Per-file exact median; no QI threshold, filtering, or model input.",0.06410550000146031,False
2023\imerg_20231116.nc,imerg_20231116.nc,OK,,0.0,1.0,0.1680000126361847,0.8830000162124634,0.6166338508631932,873600,873600,0,0,0,0,QC_STAT_ONLY,0.5920000076293945,"Per-file exact median; no QI threshold, filtering, or model input.",0.06823589999839896,False
2023\imerg_20231117.nc,imerg_20231117.nc,OK,,0.0,1.0,0.16600000858306885,0.9050000309944153,0.6134498885189159,873600,873600,0,0,0,0,QC_STAT_ONLY,0.5920000076293945,"Per-file exact median; no QI threshold, filtering, or model input.",0.06918710000172723,False
2023\imerg_20231118.nc,imerg_20231118.nc,OK,,0.0,1.0,0.16300000250339508,0.8830000162124634,0.5864030707250572,873600,873600,0,0,0,0,QC_STAT_ONLY,0.5630000233650208,"Per-file exact median; no QI threshold, filtering, or model input.",0.06835259999934351,False
2023\imerg_20231119.nc,imerg_20231119.nc,OK,,0.0,1.0,0.16300000250339508,0.8880000710487366,0.5902655354995731,873600,873600,0,0,0,0,QC_STAT_ONLY,0.5640000104904175,"Per-file exact median; no QI threshold, filtering, or model input.",0.06226330000208691,False
2023\imerg_20231120.nc,imerg_20231120.nc,OK,,0.0,1.0,0.16500000655651093,0.8830000162124634,0.590916415366136,873600,873600,0,0,0,0,QC_STAT_ONLY,0.5649999976158142,"Per-file exact median; no QI threshold, filtering, or model input.",0.06634779999876628,False
2023\imerg_20231121.nc,imerg_20231121.nc,OK,,0.0,1.0,0.16600000858306885,0.8880000710487366,0.5849409976930122,873600,873600,0,0,0,0,QC_STAT_ONLY,0.562000036239624,"Per-file exact median; no QI threshold, filtering, or model input.",0.06732439999905182,False
2023\imerg_20231122.nc,imerg_20231122.nc,OK,,0.0,1.0,0.17100000381469727,0.8770000338554382,0.5976596389487454,873600,873600,0,0,0,0,QC_STAT_ONLY,0.5800000429153442,"Per-file exact median; no QI threshold, filtering, or model input.",0.06383030000142753,False
2023\imerg_20231123.nc,imerg_20231123.nc,OK,,0.0,1.0,0.16300000250339508,0.8440000414848328,0.5984242770331997,873600,873600,0,0,0,0,QC_STAT_ONLY,0.5790000557899475,"Per-file exact median; no QI threshold, filtering, or model input.",0.0652574999985518,False
2023\imerg_20231124.nc,imerg_20231124.nc,OK,,0.0,1.0,0.17100000381469727,0.8880000710487366,0.6153376832596562,873600,873600,0,0,0,0,QC_STAT_ONLY,0.5879999995231628,"Per-file exact median; no QI threshold, filtering, or model input.",0.06428520000190474,False
2023\imerg_20231125.nc,imerg_20231125.nc,OK,,0.0,1.0,0.16300000250339508,0.89000004529953,0.5975328576234903,873600,873600,0,0,0,0,QC_STAT_ONLY,0.5720000267028809,"Per-file exact median; no QI threshold, filtering, or model input.",0.07082480000099167,False
2023\imerg_20231126.nc,imerg_20231126.nc,OK,,0.0,1.0,0.16600000858306885,0.8880000710487366,0.5895536895852618,873600,873600,0,0,0,0,QC_STAT_ONLY,0.5630000233650208,"Per-file exact median; no QI threshold, filtering, or model input.",0.06465520000347169,False
2023\imerg_20231127.nc,imerg_20231127.nc,OK,,0.0,1.0,0.16600000858306885,0.8830000162124634,0.5960255953629122,873600,873600,0,0,0,0,QC_STAT_ONLY,0.5660000443458557,"Per-file exact median; no QI threshold, filtering, or model input.",0.06423160000122152,False
2023\imerg_20231128.nc,imerg_20231128.nc,OK,,0.0,1.0,0.16300000250339508,0.8770000338554382,0.584916482063713,873600,873600,0,0,0,0,QC_STAT_ONLY,0.5590000152587891,"Per-file exact median; no QI threshold, filtering, or model input.",0.06546820000221487,False
2023\imerg_20231129.nc,imerg_20231129.nc,OK,,0.0,1.0,0.17100000381469727,0.8470000624656677,0.5853799891745801,873600,873600,0,0,0,0,QC_STAT_ONLY,0.5640000104904175,"Per-file exact median; no QI threshold, filtering, or model input.",0.0680452000015066,False
2023\imerg_20231130.nc,imerg_20231130.nc,OK,,0.0,1.0,0.16600000858306885,0.8880000710487366,0.5961725864608025,873600,873600,0,0,0,0,QC_STAT_ONLY,0.5700000524520874,"Per-file exact median; no QI threshold, filtering, or model input.",0.06387410000024829,False
2023\imerg_20231201.nc,imerg_20231201.nc,OK,,0.0,1.0,0.20200000703334808,0.8910000324249268,0.6532011674475027,873600,873600,0,0,0,0,QC_STAT_ONLY,0.6440000534057617,"Per-file exact median; no QI threshold, filtering, or model input.",0.06726129999879049,False
2023\imerg_20231202.nc,imerg_20231202.nc,OK,,0.0,1.0,0.18800000846385956,0.8910000324249268,0.6404791803917107,873600,873600,0,0,0,0,QC_STAT_ONLY,0.6370000243186951,"Per-file exact median; no QI threshold, filtering, or model input.",0.06807670000125654,False
2023\imerg_20231203.nc,imerg_20231203.nc,OK,,0.0,1.0,0.18700000643730164,0.8910000324249268,0.6167994637322363,873600,873600,0,0,0,0,QC_STAT_ONLY,0.6000000238418579,"Per-file exact median; no QI threshold, filtering, or model input.",0.06282540000393055,False
2023\imerg_20231204.nc,imerg_20231204.nc,OK,,0.0,1.0,0.1860000044107437,0.8920000195503235,0.5823621335281093,873600,873600,0,0,0,0,QC_STAT_ONLY,0.581000030040741,"Per-file exact median; no QI threshold, filtering, or model input.",0.06628279999858933,False
2023\imerg_20231205.nc,imerg_20231205.nc,OK,,0.0,1.0,0.20200000703334808,0.8910000324249268,0.6184325195629586,873600,873600,0,0,0,0,QC_STAT_ONLY,0.6000000238418579,"Per-file exact median; no QI threshold, filtering, or model input.",0.06625410000560805,False
2023\imerg_20231206.nc,imerg_20231206.nc,OK,,0.0,1.0,0.20200000703334808,0.8990000486373901,0.6284877796166477,873600,873600,0,0,0,0,QC_STAT_ONLY,0.6010000109672546,"Per-file exact median; no QI threshold, filtering, or model input.",0.08224969999719178,False
2023\imerg_20231207.nc,imerg_20231207.nc,OK,,0.0,1.0,0.20600001513957977,0.8960000276565552,0.6357620362213543,873600,873600,0,0,0,0,QC_STAT_ONLY,0.6270000338554382,"Per-file exact median; no QI threshold, filtering, or model input.",0.06732109999575187,False
2023\imerg_20231208.nc,imerg_20231208.nc,OK,,0.0,1.0,0.18700000643730164,0.878000020980835,0.6467317987731129,873600,873600,0,0,0,0,QC_STAT_ONLY,0.6440000534057617,"Per-file exact median; no QI threshold, filtering, or model input.",0.0685888999942108,False
2023\imerg_20231209.nc,imerg_20231209.nc,OK,,0.0,1.0,0.1860000044107437,0.9120000600814819,0.6366961053910498,873600,873600,0,0,0,0,QC_STAT_ONLY,0.6300000548362732,"Per-file exact median; no QI threshold, filtering, or model input.",0.06368669999937993,False
2023\imerg_20231210.nc,imerg_20231210.nc,OK,,0.0,1.0,0.20200000703334808,0.9290000200271606,0.6333161137018851,873600,873600,0,0,0,0,QC_STAT_ONLY,0.6190000176429749,"Per-file exact median; no QI threshold, filtering, or model input.",0.0669586999938474,False
2023\imerg_20231211.nc,imerg_20231211.nc,OK,,0.0,1.0,0.1860000044107437,0.9220000505447388,0.6105336464530423,873600,873600,0,0,0,0,QC_STAT_ONLY,0.5900000333786011,"Per-file exact median; no QI threshold, filtering, or model input.",0.06226250000327127,False
2023\imerg_20231212.nc,imerg_20231212.nc,OK,,0.0,1.0,0.1860000044107437,0.8910000324249268,0.6206035626223038,873600,873600,0,0,0,0,QC_STAT_ONLY,0.6000000238418579,"Per-file exact median; no QI threshold, filtering, or model input.",0.06693739999900572,False
2023\imerg_20231213.nc,imerg_20231213.nc,OK,,0.0,1.0,0.1860000044107437,0.9410000443458557,0.6299852188017335,873600,873600,0,0,0,0,QC_STAT_ONLY,0.6230000257492065,"Per-file exact median; no QI threshold, filtering, or model input.",0.06931170000461861,False
2023\imerg_20231214.nc,imerg_20231214.nc,OK,,0.0,1.0,0.2160000056028366,0.8940000534057617,0.6181637279251795,873600,873600,0,0,0,0,QC_STAT_ONLY,0.609000027179718,"Per-file exact median; no QI threshold, filtering, or model input.",0.06533840000338387,False
2023\imerg_20231215.nc,imerg_20231215.nc,OK,,0.0,1.0,0.20200000703334808,0.9030000567436218,0.6325965729139869,873600,873600,0,0,0,0,QC_STAT_ONLY,0.6420000195503235,"Per-file exact median; no QI threshold, filtering, or model input.",0.0673090999989654,False
2023\imerg_20231216.nc,imerg_20231216.nc,OK,,0.0,1.0,0.20200000703334808,0.8740000128746033,0.6332088741289295,873600,873600,0,0,0,0,QC_STAT_ONLY,0.6230000257492065,"Per-file exact median; no QI threshold, filtering, or model input.",0.062198999999964144,False
2023\imerg_20231217.nc,imerg_20231217.nc,OK,,0.0,1.0,0.1860000044107437,0.9050000309944153,0.646078979362778,873600,873600,0,0,0,0,QC_STAT_ONLY,0.6370000243186951,"Per-file exact median; no QI threshold, filtering, or model input.",0.06743500000447966,False
2023\imerg_20231218.nc,imerg_20231218.nc,OK,,0.0,1.0,0.18700000643730164,0.9120000600814819,0.629124167187501,873600,873600,0,0,0,0,QC_STAT_ONLY,0.6170000433921814,"Per-file exact median; no QI threshold, filtering, or model input.",0.06706909999775235,False
2023\imerg_20231219.nc,imerg_20231219.nc,OK,,0.0,1.0,0.1860000044107437,0.9140000343322754,0.6003030158099701,873600,873600,0,0,0,0,QC_STAT_ONLY,0.5890000462532043,"Per-file exact median; no QI threshold, filtering, or model input.",0.06596320000244305,False
2023\imerg_20231220.nc,imerg_20231220.nc,OK,,0.0,1.0,0.1860000044107437,0.8910000324249268,0.5956630359322256,873600,873600,0,0,0,0,QC_STAT_ONLY,0.5850000381469727,"Per-file exact median; no QI threshold, filtering, or model input.",0.0616264999989653,False
2023\imerg_20231221.nc,imerg_20231221.nc,OK,,0.0,1.0,0.1860000044107437,0.9020000696182251,0.6107034817804163,873600,873600,0,0,0,0,QC_STAT_ONLY,0.5950000286102295,"Per-file exact median; no QI threshold, filtering, or model input.",0.06733130000066012,False
2023\imerg_20231222.nc,imerg_20231222.nc,OK,,0.0,1.0,0.18700000643730164,0.8960000276565552,0.624920698326446,873600,873600,0,0,0,0,QC_STAT_ONLY,0.6020000576972961,"Per-file exact median; no QI threshold, filtering, or model input.",0.0611157999956049,False
2023\imerg_20231223.nc,imerg_20231223.nc,OK,,0.0,1.0,0.22600001096725464,0.8990000486373901,0.6482739992676501,873600,873600,0,0,0,0,QC_STAT_ONLY,0.6440000534057617,"Per-file exact median; no QI threshold, filtering, or model input.",0.06360480000148527,False
2023\imerg_20231224.nc,imerg_20231224.nc,OK,,0.0,1.0,0.20200000703334808,0.9120000600814819,0.6602729058242659,873600,873600,0,0,0,0,QC_STAT_ONLY,0.6450000405311584,"Per-file exact median; no QI threshold, filtering, or model input.",0.06510590000107186,False
2023\imerg_20231225.nc,imerg_20231225.nc,OK,,0.0,1.0,0.1860000044107437,0.9140000343322754,0.6394433210001603,873600,873600,0,0,0,0,QC_STAT_ONLY,0.6420000195503235,"Per-file exact median; no QI threshold, filtering, or model input.",0.0639251000029617,False
2023\imerg_20231226.nc,imerg_20231226.nc,OK,,0.0,1.0,0.1860000044107437,0.9120000600814819,0.6115219901014638,873600,873600,0,0,0,0,QC_STAT_ONLY,0.593000054359436,"Per-file exact median; no QI threshold, filtering, or model input.",0.06584360000124434,False
2023\imerg_20231227.nc,imerg_20231227.nc,OK,,0.0,1.0,0.1860000044107437,0.8920000195503235,0.5937501386513476,873600,873600,0,0,0,0,QC_STAT_ONLY,0.5800000429153442,"Per-file exact median; no QI threshold, filtering, or model input.",0.06204330000036862,False
2023\imerg_20231228.nc,imerg_20231228.nc,OK,,0.0,1.0,0.21000000834465027,0.9120000600814819,0.6168045439651141,873600,873600,0,0,0,0,QC_STAT_ONLY,0.6010000109672546,"Per-file exact median; no QI threshold, filtering, or model input.",0.06363689999852795,False
2023\imerg_20231229.nc,imerg_20231229.nc,OK,,0.0,1.0,0.20200000703334808,0.878000020980835,0.6331058048753873,873600,873600,0,0,0,0,QC_STAT_ONLY,0.6300000548362732,"Per-file exact median; no QI threshold, filtering, or model input.",0.061321199995290954,False
2023\imerg_20231230.nc,imerg_20231230.nc,OK,,0.0,1.0,0.2160000056028366,0.878000020980835,0.6365098470141224,873600,873600,0,0,0,0,QC_STAT_ONLY,0.628000020980835,"Per-file exact median; no QI threshold, filtering, or model input.",0.06335720000060974,False
2023\imerg_20231231.nc,imerg_20231231.nc,OK,,0.0,1.0,0.2160000056028366,0.9120000600814819,0.6513122484214849,873600,873600,0,0,0,0,QC_STAT_ONLY,0.6440000534057617,"Per-file exact median; no QI threshold, filtering, or model input.",0.06100510000396753,False
2024\imerg_20240101.nc,imerg_20240101.nc,OK,,0.0,1.0,0.19600000977516174,0.8830000162124634,0.674207633964772,873600,873600,0,0,0,0,QC_STAT_ONLY,0.656000018119812,"Per-file exact median; no QI threshold, filtering, or model input.",0.06521000000066124,False
2024\imerg_20240102.nc,imerg_20240102.nc,OK,,0.0,1.0,0.19600000977516174,0.9140000343322754,0.6580161019617644,873600,873600,0,0,0,0,QC_STAT_ONLY,0.6500000357627869,"Per-file exact median; no QI threshold, filtering, or model input.",0.06745180000143591,False
2024\imerg_20240103.nc,imerg_20240103.nc,OK,,0.0,1.0,0.19600000977516174,0.9140000343322754,0.6383261610145233,873600,873600,0,0,0,0,QC_STAT_ONLY,0.628000020980835,"Per-file exact median; no QI threshold, filtering, or model input.",0.06884880000143312,False
2024\imerg_20240104.nc,imerg_20240104.nc,OK,,0.0,1.0,0.19600000977516174,0.906000018119812,0.6303893716017214,873600,873600,0,0,0,0,QC_STAT_ONLY,0.6220000386238098,"Per-file exact median; no QI threshold, filtering, or model input.",0.06764499999553664,False
2024\imerg_20240105.nc,imerg_20240105.nc,OK,,0.0,1.0,0.19600000977516174,0.9140000343322754,0.6406636963964648,873600,873600,0,0,0,0,QC_STAT_ONLY,0.6420000195503235,"Per-file exact median; no QI threshold, filtering, or model input.",0.06315400000312366,False
2024\imerg_20240106.nc,imerg_20240106.nc,OK,,0.0,1.0,0.19600000977516174,0.8870000243186951,0.6470992664109246,873600,873600,0,0,0,0,QC_STAT_ONLY,0.6420000195503235,"Per-file exact median; no QI threshold, filtering, or model input.",0.06782229999953415,False
2024\imerg_20240107.nc,imerg_20240107.nc,OK,,0.0,1.0,0.19600000977516174,0.9140000343322754,0.684647903421846,873600,873600,0,0,0,0,QC_STAT_ONLY,0.6710000038146973,"Per-file exact median; no QI threshold, filtering, or model input.",0.06647819999489002,False
2024\imerg_20240108.nc,imerg_20240108.nc,OK,,0.0,1.0,0.19600000977516174,0.9330000281333923,0.6894968847495302,873600,873600,0,0,0,0,QC_STAT_ONLY,0.6710000038146973,"Per-file exact median; no QI threshold, filtering, or model input.",0.06329539999569533,False
2024\imerg_20240109.nc,imerg_20240109.nc,OK,,0.0,1.0,0.22800001502037048,0.9260000586509705,0.6833868389750316,873600,873600,0,0,0,0,QC_STAT_ONLY,0.6710000038146973,"Per-file exact median; no QI threshold, filtering, or model input.",0.06227550000039628,False
2024\imerg_20240110.nc,imerg_20240110.nc,OK,,0.0,1.0,0.19600000977516174,0.9140000343322754,0.642572900094109,873600,873600,0,0,0,0,QC_STAT_ONLY,0.6370000243186951,"Per-file exact median; no QI threshold, filtering, or model input.",0.06354200000350829,False
2024\imerg_20240111.nc,imerg_20240111.nc,OK,,0.0,1.0,0.19600000977516174,0.8970000147819519,0.6286277188079248,873600,873600,0,0,0,0,QC_STAT_ONLY,0.6190000176429749,"Per-file exact median; no QI threshold, filtering, or model input.",0.062244599997939076,False
2024\imerg_20240112.nc,imerg_20240112.nc,OK,,0.0,1.0,0.20100000500679016,0.9440000653266907,0.6402825057444302,873600,873600,0,0,0,0,QC_STAT_ONLY,0.628000020980835,"Per-file exact median; no QI threshold, filtering, or model input.",0.059653000003891066,False
2024\imerg_20240113.nc,imerg_20240113.nc,OK,,0.0,1.0,0.19600000977516174,0.8810000419616699,0.654014857800442,873600,873600,0,0,0,0,QC_STAT_ONLY,0.6520000100135803,"Per-file exact median; no QI threshold, filtering, or model input.",0.06357340000249678,False
2024\imerg_20240114.nc,imerg_20240114.nc,OK,,0.0,1.0,0.22800001502037048,0.909000039100647,0.6782211098476439,873600,873600,0,0,0,0,QC_STAT_ONLY,0.6650000214576721,"Per-file exact median; no QI threshold, filtering, or model input.",0.060106299999461044,False
2024\imerg_20240115.nc,imerg_20240115.nc,OK,,0.0,1.0,0.22800001502037048,0.9030000567436218,0.6606664874555455,873600,873600,0,0,0,0,QC_STAT_ONLY,0.6490000486373901,"Per-file exact median; no QI threshold, filtering, or model input.",0.06499129999428988,False
2024\imerg_20240116.nc,imerg_20240116.nc,OK,,0.0,1.0,0.1980000138282776,0.9260000586509705,0.6710873228153931,873600,873600,0,0,0,0,QC_STAT_ONLY,0.6580000519752502,"Per-file exact median; no QI threshold, filtering, or model input.",0.06482040000264533,False
2024\imerg_20240117.nc,imerg_20240117.nc,OK,,0.0,1.0,0.1980000138282776,0.9260000586509705,0.6706789041579881,873600,873600,0,0,0,0,QC_STAT_ONLY,0.6550000309944153,"Per-file exact median; no QI threshold, filtering, or model input.",0.06762560000061058,False
2024\imerg_20240118.nc,imerg_20240118.nc,OK,,0.0,1.0,0.1980000138282776,0.9140000343322754,0.6399289176391179,873600,873600,0,0,0,0,QC_STAT_ONLY,0.6370000243186951,"Per-file exact median; no QI threshold, filtering, or model input.",0.07512299999507377,False
2024\imerg_20240119.nc,imerg_20240119.nc,OK,,0.0,1.0,0.19600000977516174,0.9140000343322754,0.6273513841452828,873600,873600,0,0,0,0,QC_STAT_ONLY,0.6210000514984131,"Per-file exact median; no QI threshold, filtering, or model input.",0.06940759999997681,False
2024\imerg_20240120.nc,imerg_20240120.nc,OK,,0.0,1.0,0.1940000057220459,0.9170000553131104,0.6360817470462932,873600,873600,0,0,0,0,QC_STAT_ONLY,0.6360000371932983,"Per-file exact median; no QI threshold, filtering, or model input.",0.06449399999837624,False
2024\imerg_20240121.nc,imerg_20240121.nc,OK,,0.0,1.0,0.19600000977516174,0.8830000162124634,0.6380061061610894,873600,873600,0,0,0,0,QC_STAT_ONLY,0.6300000548362732,"Per-file exact median; no QI threshold, filtering, or model input.",0.06961169999703998,False
2024\imerg_20240122.nc,imerg_20240122.nc,OK,,0.0,1.0,0.2070000171661377,0.9260000586509705,0.6792480552562721,873600,873600,0,0,0,0,QC_STAT_ONLY,0.6650000214576721,"Per-file exact median; no QI threshold, filtering, or model input.",0.06910619999689516,False
2024\imerg_20240123.nc,imerg_20240123.nc,OK,,0.0,1.0,0.2070000171661377,0.9260000586509705,0.6824886901913239,873600,873600,0,0,0,0,QC_STAT_ONLY,0.6580000519752502,"Per-file exact median; no QI threshold, filtering, or model input.",0.2535892999949283,False
2024\imerg_20240124.nc,imerg_20240124.nc,OK,,0.0,1.0,0.1980000138282776,0.9170000553131104,0.6764504073109076,873600,873600,0,0,0,0,QC_STAT_ONLY,0.6670000553131104,"Per-file exact median; no QI threshold, filtering, or model input.",0.20006699999794364,False
2024\imerg_20240125.nc,imerg_20240125.nc,OK,,0.0,1.0,0.19600000977516174,0.9260000586509705,0.6562621366700683,873600,873600,0,0,0,0,QC_STAT_ONLY,0.6500000357627869,"Per-file exact median; no QI threshold, filtering, or model input.",0.08096569999906933,False
2024\imerg_20240126.nc,imerg_20240126.nc,OK,,0.0,1.0,0.1980000138282776,0.9330000281333923,0.6232672018918547,873600,873600,0,0,0,0,QC_STAT_ONLY,0.628000020980835,"Per-file exact median; no QI threshold, filtering, or model input.",0.07536650000110967,False
2024\imerg_20240127.nc,imerg_20240127.nc,OK,,0.0,1.0,0.19600000977516174,0.9140000343322754,0.6206807695409869,873600,873600,0,0,0,0,QC_STAT_ONLY,0.6160000562667847,"Per-file exact median; no QI threshold, filtering, or model input.",0.07186080000246875,False
2024\imerg_20240128.nc,imerg_20240128.nc,OK,,0.0,1.0,0.1980000138282776,0.8740000128746033,0.6358463532635908,873600,873600,0,0,0,0,QC_STAT_ONLY,0.6330000162124634,"Per-file exact median; no QI threshold, filtering, or model input.",0.07131510000181152,False
2024\imerg_20240129.nc,imerg_20240129.nc,OK,,0.0,1.0,0.1980000138282776,0.9440000653266907,0.668159634302227,873600,873600,0,0,0,0,QC_STAT_ONLY,0.659000039100647,"Per-file exact median; no QI threshold, filtering, or model input.",0.07278309999674093,False
2024\imerg_20240130.nc,imerg_20240130.nc,OK,,0.0,1.0,0.2120000123977661,0.9140000343322754,0.683432834514659,873600,873600,0,0,0,0,QC_STAT_ONLY,0.659000039100647,"Per-file exact median; no QI threshold, filtering, or model input.",0.07058449999749428,False
2024\imerg_20240131.nc,imerg_20240131.nc,OK,,0.0,1.0,0.19600000977516174,0.9140000343322754,0.6771793084582758,873600,873600,0,0,0,0,QC_STAT_ONLY,0.6570000052452087,"Per-file exact median; no QI threshold, filtering, or model input.",0.06270239999867044,False
2024\imerg_20240201.nc,imerg_20240201.nc,OK,,0.0,1.0,0.21700000762939453,0.9180000424385071,0.6714309630779065,873600,873600,0,0,0,0,QC_STAT_ONLY,0.6740000247955322,"Per-file exact median; no QI threshold, filtering, or model input.",0.0683846000029007,False
2024\imerg_20240202.nc,imerg_20240202.nc,OK,,0.0,1.0,0.203000009059906,0.9180000424385071,0.6297390774793022,873600,873600,0,0,0,0,QC_STAT_ONLY,0.628000020980835,"Per-file exact median; no QI threshold, filtering, or model input.",0.06512600000132807,False
2024\imerg_20240203.nc,imerg_20240203.nc,OK,,0.0,1.0,0.2160000056028366,0.9240000247955322,0.6211674071563026,873600,873600,0,0,0,0,QC_STAT_ONLY,0.6270000338554382,"Per-file exact median; no QI threshold, filtering, or model input.",0.06346459999622311,False
2024\imerg_20240204.nc,imerg_20240204.nc,OK,,0.0,1.0,0.203000009059906,0.8730000257492065,0.6250037334332303,873600,873600,0,0,0,0,QC_STAT_ONLY,0.6450000405311584,"Per-file exact median; no QI threshold, filtering, or model input.",0.06484430000273278,False
2024\imerg_20240205.nc,imerg_20240205.nc,OK,,0.0,1.0,0.21700000762939453,0.8730000257492065,0.6459046673237077,873600,873600,0,0,0,0,QC_STAT_ONLY,0.6640000343322754,"Per-file exact median; no QI threshold, filtering, or model input.",0.06311840000125812,False
2024\imerg_20240206.nc,imerg_20240206.nc,OK,,0.0,1.0,0.21700000762939453,0.9240000247955322,0.669537190796497,873600,873600,0,0,0,0,QC_STAT_ONLY,0.6710000038146973,"Per-file exact median; no QI threshold, filtering, or model input.",0.06607709999661893,False
2024\imerg_20240207.nc,imerg_20240207.nc,OK,,0.0,1.0,0.21800000965595245,0.9350000619888306,0.6797706123028844,873600,873600,0,0,0,0,QC_STAT_ONLY,0.6810000538825989,"Per-file exact median; no QI threshold, filtering, or model input.",0.06212200000300072,False
2024\imerg_20240208.nc,imerg_20240208.nc,OK,,0.0,1.0,0.203000009059906,0.9240000247955322,0.6770825723981171,873600,873600,0,0,0,0,QC_STAT_ONLY,0.6800000071525574,"Per-file exact median; no QI threshold, filtering, or model input.",0.06450189999304712,False
2024\imerg_20240209.nc,imerg_20240209.nc,OK,,0.0,1.0,0.203000009059906,0.9180000424385071,0.6505445822897357,873600,873600,0,0,0,0,QC_STAT_ONLY,0.656000018119812,"Per-file exact median; no QI threshold, filtering, or model input.",0.06276419999630889,False
2024\imerg_20240210.nc,imerg_20240210.nc,OK,,0.0,1.0,0.203000009059906,0.8850000500679016,0.6142310349010579,873600,873600,0,0,0,0,QC_STAT_ONLY,0.6150000095367432,"Per-file exact median; no QI threshold, filtering, or model input.",0.07425589999911608,False
2024\imerg_20240211.nc,imerg_20240211.nc,OK,,0.0,1.0,0.203000009059906,0.9180000424385071,0.614781854016819,873600,873600,0,0,0,0,QC_STAT_ONLY,0.6190000176429749,"Per-file exact median; no QI threshold, filtering, or model input.",0.0671005000040168,False
2024\imerg_20240212.nc,imerg_20240212.nc,OK,,0.0,1.0,0.20100000500679016,0.8730000257492065,0.6374547130421603,873600,873600,0,0,0,0,QC_STAT_ONLY,0.64000004529953,"Per-file exact median; no QI threshold, filtering, or model input.",0.06713540000055218,False
2024\imerg_20240213.nc,imerg_20240213.nc,OK,,0.0,1.0,0.2330000102519989,0.8730000257492065,0.664017118158914,873600,873600,0,0,0,0,QC_STAT_ONLY,0.6810000538825989,"Per-file exact median; no QI threshold, filtering, or model input.",0.07070379999640863,False
2024\imerg_20240214.nc,imerg_20240214.nc,OK,,0.0,1.0,0.24800001084804535,0.9180000424385071,0.6859649208745144,873600,873600,0,0,0,0,QC_STAT_ONLY,0.7010000348091125,"Per-file exact median; no QI threshold, filtering, or model input.",0.06518510000023525,False
2024\imerg_20240215.nc,imerg_20240215.nc,OK,,0.0,1.0,0.203000009059906,0.909000039100647,0.6623339346733845,873600,873600,0,0,0,0,QC_STAT_ONLY,0.6510000228881836,"Per-file exact median; no QI threshold, filtering, or model input.",0.06643420000182232,False
2024\imerg_20240216.nc,imerg_20240216.nc,OK,,0.0,1.0,0.203000009059906,0.9180000424385071,0.6472088802600409,873600,873600,0,0,0,0,QC_STAT_ONLY,0.6610000133514404,"Per-file exact median; no QI threshold, filtering, or model input.",0.06221409999852767,False
2024\imerg_20240217.nc,imerg_20240217.nc,OK,,0.0,1.0,0.20100000500679016,0.9200000166893005,0.6356268088621916,873600,873600,0,0,0,0,QC_STAT_ONLY,0.6330000162124634,"Per-file exact median; no QI threshold, filtering, or model input.",0.06576350000250386,False
2024\imerg_20240218.nc,imerg_20240218.nc,OK,,0.0,1.0,0.203000009059906,0.9240000247955322,0.6204018797540368,873600,873600,0,0,0,0,QC_STAT_ONLY,0.628000020980835,"Per-file exact median; no QI threshold, filtering, or model input.",0.060568000000785105,False
2024\imerg_20240219.nc,imerg_20240219.nc,OK,,0.0,1.0,0.203000009059906,0.8920000195503235,0.6238181121940741,873600,873600,0,0,0,0,QC_STAT_ONLY,0.6240000128746033,"Per-file exact median; no QI threshold, filtering, or model input.",0.06470270000136225,False
2024\imerg_20240220.nc,imerg_20240220.nc,OK,,0.0,1.0,0.203000009059906,0.9070000648498535,0.6437917874395956,873600,873600,0,0,0,0,QC_STAT_ONLY,0.6530000567436218,"Per-file exact median; no QI threshold, filtering, or model input.",0.0616678000005777,False
2024\imerg_20240221.nc,imerg_20240221.nc,OK,,0.0,1.0,0.20100000500679016,0.9450000524520874,0.6699235832894855,873600,873600,0,0,0,0,QC_STAT_ONLY,0.6700000166893005,"Per-file exact median; no QI threshold, filtering, or model input.",0.06532299999526003,False
2024\imerg_20240222.nc,imerg_20240222.nc,OK,,0.0,1.0,0.21700000762939453,0.9450000524520874,0.6682086816878354,873600,873600,0,0,0,0,QC_STAT_ONLY,0.6790000200271606,"Per-file exact median; no QI threshold, filtering, or model input.",0.06405990000348538,False
2024\imerg_20240223.nc,imerg_20240223.nc,OK,,0.0,1.0,0.20100000500679016,0.9240000247955322,0.6611092599369278,873600,873600,0,0,0,0,QC_STAT_ONLY,0.6700000166893005,"Per-file exact median; no QI threshold, filtering, or model input.",0.06441700000141282,False
2024\imerg_20240224.nc,imerg_20240224.nc,OK,,0.0,1.0,0.203000009059906,0.9450000524520874,0.6459962669462341,873600,873600,0,0,0,0,QC_STAT_ONLY,0.6470000147819519,"Per-file exact median; no QI threshold, filtering, or model input.",0.06465299999399576,False
2024\imerg_20240225.nc,imerg_20240225.nc,OK,,0.0,1.0,0.203000009059906,0.9000000357627869,0.6278308005830198,873600,873600,0,0,0,0,QC_STAT_ONLY,0.628000020980835,"Per-file exact median; no QI threshold, filtering, or model input.",0.06320929999492364,False
2024\imerg_20240226.nc,imerg_20240226.nc,OK,,0.0,1.0,0.203000009059906,0.9450000524520874,0.6147767334043017,873600,873600,0,0,0,0,QC_STAT_ONLY,0.6160000562667847,"Per-file exact median; no QI threshold, filtering, or model input.",0.06566120000206865,False
2024\imerg_20240227.nc,imerg_20240227.nc,OK,,0.0,1.0,0.21800000965595245,0.8600000143051147,0.6105556096788667,873600,873600,0,0,0,0,QC_STAT_ONLY,0.6150000095367432,"Per-file exact median; no QI threshold, filtering, or model input.",0.06282500000088476,False
2024\imerg_20240228.nc,imerg_20240228.nc,OK,,0.0,1.0,0.21800000965595245,0.9260000586509705,0.6595527999092664,873600,873600,0,0,0,0,QC_STAT_ONLY,0.6620000600814819,"Per-file exact median; no QI threshold, filtering, or model input.",0.07281040000088979,False
2024\imerg_20240229.nc,imerg_20240229.nc,OK,,0.0,1.0,0.21800000965595245,0.9450000524520874,0.6583231987652195,873600,873600,0,0,0,0,QC_STAT_ONLY,0.6770000457763672,"Per-file exact median; no QI threshold, filtering, or model input.",0.06457049999880837,False
2024\imerg_20240301.nc,imerg_20240301.nc,OK,,0.0,1.0,0.1900000125169754,0.8880000710487366,0.607788067598991,873600,873600,0,0,0,0,QC_STAT_ONLY,0.6170000433921814,"Per-file exact median; no QI threshold, filtering, or model input.",0.07011559999955352,False
2024\imerg_20240302.nc,imerg_20240302.nc,OK,,0.0,1.0,0.19100001454353333,0.9280000329017639,0.6139259245901474,873600,873600,0,0,0,0,QC_STAT_ONLY,0.6030000448226929,"Per-file exact median; no QI threshold, filtering, or model input.",0.06224520000250777,False
2024\imerg_20240303.nc,imerg_20240303.nc,OK,,0.0,1.0,0.1900000125169754,0.9280000329017639,0.5930769004024763,873600,873600,0,0,0,0,QC_STAT_ONLY,0.5800000429153442,"Per-file exact median; no QI threshold, filtering, or model input.",0.06718610000098124,False
2024\imerg_20240304.nc,imerg_20240304.nc,OK,,0.0,1.0,0.1900000125169754,0.9380000233650208,0.5789251841452048,873600,873600,0,0,0,0,QC_STAT_ONLY,0.5720000267028809,"Per-file exact median; no QI threshold, filtering, or model input.",0.06926009999733651,False
2024\imerg_20240305.nc,imerg_20240305.nc,OK,,0.0,1.0,0.21800000965595245,0.8880000710487366,0.5894474888254885,873600,873600,0,0,0,0,QC_STAT_ONLY,0.581000030040741,"Per-file exact median; no QI threshold, filtering, or model input.",0.061698099998466205,False
2024\imerg_20240306.nc,imerg_20240306.nc,OK,,0.0,1.0,0.19100001454353333,0.8720000386238098,0.6155749812113777,873600,873600,0,0,0,0,QC_STAT_ONLY,0.6210000514984131,"Per-file exact median; no QI threshold, filtering, or model input.",0.06427190000249539,False
2024\imerg_20240307.nc,imerg_20240307.nc,OK,,0.0,1.0,0.19200000166893005,0.9250000715255737,0.6300458975389238,873600,873600,0,0,0,0,QC_STAT_ONLY,0.6290000081062317,"Per-file exact median; no QI threshold, filtering, or model input.",0.05976380000356585,False
2024\imerg_20240308.nc,imerg_20240308.nc,OK,,0.0,1.0,0.20200000703334808,0.9180000424385071,0.5984004329764813,873600,873600,0,0,0,0,QC_STAT_ONLY,0.5910000205039978,"Per-file exact median; no QI threshold, filtering, or model input.",0.06456760000583017,False
2024\imerg_20240309.nc,imerg_20240309.nc,OK,,0.0,1.0,0.19200000166893005,0.8880000710487366,0.6116736452129155,873600,873600,0,0,0,0,QC_STAT_ONLY,0.6130000352859497,"Per-file exact median; no QI threshold, filtering, or model input.",0.06209349999699043,False
2024\imerg_20240310.nc,imerg_20240310.nc,OK,,0.0,1.0,0.1900000125169754,0.9270000457763672,0.6046357521050586,873600,873600,0,0,0,0,QC_STAT_ONLY,0.597000002861023,"Per-file exact median; no QI threshold, filtering, or model input.",0.0635684000008041,False
2024\imerg_20240311.nc,imerg_20240311.nc,OK,,0.0,1.0,0.18200001120567322,0.9280000329017639,0.5824832985621464,873600,873600,0,0,0,0,QC_STAT_ONLY,0.5680000185966492,"Per-file exact median; no QI threshold, filtering, or model input.",0.06309090000286233,False
2024\imerg_20240312.nc,imerg_20240312.nc,OK,,0.0,1.0,0.1900000125169754,0.9270000457763672,0.5793953503983355,873600,873600,0,0,0,0,QC_STAT_ONLY,0.5700000524520874,"Per-file exact median; no QI threshold, filtering, or model input.",0.06652309999481076,False
2024\imerg_20240313.nc,imerg_20240313.nc,OK,,0.0,1.0,0.20500001311302185,0.8890000581741333,0.5955140875771492,873600,873600,0,0,0,0,QC_STAT_ONLY,0.597000002861023,"Per-file exact median; no QI threshold, filtering, or model input.",0.06766110000171466,False
2024\imerg_20240314.nc,imerg_20240314.nc,OK,,0.0,1.0,0.18200001120567322,0.8560000658035278,0.6147396218627964,873600,873600,0,0,0,0,QC_STAT_ONLY,0.6230000257492065,"Per-file exact median; no QI threshold, filtering, or model input.",0.06260859999747481,False
2024\imerg_20240315.nc,imerg_20240315.nc,OK,,0.0,1.0,0.18200001120567322,0.9250000715255737,0.6378606765603155,873600,873600,0,0,0,0,QC_STAT_ONLY,0.6320000290870667,"Per-file exact median; no QI threshold, filtering, or model input.",0.06312199999956647,False
2024\imerg_20240316.nc,imerg_20240316.nc,OK,,0.0,1.0,0.1900000125169754,0.8720000386238098,0.5993695263946156,873600,873600,0,0,0,0,QC_STAT_ONLY,0.5920000076293945,"Per-file exact median; no QI threshold, filtering, or model input.",0.06318199999805074,False
2024\imerg_20240317.nc,imerg_20240317.nc,OK,,0.0,1.0,0.1900000125169754,0.9250000715255737,0.6119231718172738,873600,873600,0,0,0,0,QC_STAT_ONLY,0.6130000352859497,"Per-file exact median; no QI threshold, filtering, or model input.",0.06534150000516092,False
2024\imerg_20240318.nc,imerg_20240318.nc,OK,,0.0,1.0,0.18200001120567322,0.8980000615119934,0.6121469773958017,873600,873600,0,0,0,0,QC_STAT_ONLY,0.6130000352859497,"Per-file exact median; no QI threshold, filtering, or model input.",0.06349069999851054,False
2024\imerg_20240319.nc,imerg_20240319.nc,OK,,0.0,1.0,0.1900000125169754,0.8990000486373901,0.5890758964215019,873600,873600,0,0,0,0,QC_STAT_ONLY,0.5879999995231628,"Per-file exact median; no QI threshold, filtering, or model input.",0.06699290000688052,False
2024\imerg_20240320.nc,imerg_20240320.nc,OK,,0.0,1.0,0.1900000125169754,0.8980000615119934,0.595154097171879,873600,873600,0,0,0,0,QC_STAT_ONLY,0.597000002861023,"Per-file exact median; no QI threshold, filtering, or model input.",0.06773930000053952,False
2024\imerg_20240321.nc,imerg_20240321.nc,OK,,0.0,1.0,0.1900000125169754,0.8880000710487366,0.6156830790635341,873600,873600,0,0,0,0,QC_STAT_ONLY,0.6170000433921814,"Per-file exact median; no QI threshold, filtering, or model input.",0.07076670000242302,False
2024\imerg_20240322.nc,imerg_20240322.nc,OK,,0.0,1.0,0.1900000125169754,0.8800000548362732,0.6263602979908502,873600,873600,0,0,0,0,QC_STAT_ONLY,0.6230000257492065,"Per-file exact median; no QI threshold, filtering, or model input.",0.06885020000481745,False
2024\imerg_20240323.nc,imerg_20240323.nc,OK,,0.0,1.0,0.21000000834465027,0.8720000386238098,0.6259732113255617,873600,873600,0,0,0,0,QC_STAT_ONLY,0.6230000257492065,"Per-file exact median; no QI threshold, filtering, or model input.",0.0659077999953297,False
2024\imerg_20240324.nc,imerg_20240324.nc,OK,,0.0,1.0,0.18200001120567322,0.8880000710487366,0.611008387132268,873600,873600,0,0,0,0,QC_STAT_ONLY,0.6170000433921814,"Per-file exact median; no QI threshold, filtering, or model input.",0.07029390000388958,False
2024\imerg_20240325.nc,imerg_20240325.nc,OK,,0.0,1.0,0.18200001120567322,0.9180000424385071,0.6131430698027186,873600,873600,0,0,0,0,QC_STAT_ONLY,0.6160000562667847,"Per-file exact median; no QI threshold, filtering, or model input.",0.0659150999999838,False
2024\imerg_20240326.nc,imerg_20240326.nc,OK,,0.0,1.0,0.1900000125169754,0.8880000710487366,0.606403905199363,873600,873600,0,0,0,0,QC_STAT_ONLY,0.6040000319480896,"Per-file exact median; no QI threshold, filtering, or model input.",0.06773740000062389,False
2024\imerg_20240327.nc,imerg_20240327.nc,OK,,0.0,1.0,0.18200001120567322,0.9270000457763672,0.5881194826307956,873600,873600,0,0,0,0,QC_STAT_ONLY,0.5800000429153442,"Per-file exact median; no QI threshold, filtering, or model input.",0.06571570000232896,False
2024\imerg_20240328.nc,imerg_20240328.nc,OK,,0.0,1.0,0.1900000125169754,0.8880000710487366,0.587308109642276,873600,873600,0,0,0,0,QC_STAT_ONLY,0.5830000042915344,"Per-file exact median; no QI threshold, filtering, or model input.",0.0680891999945743,False
2024\imerg_20240329.nc,imerg_20240329.nc,OK,,0.0,1.0,0.1900000125169754,0.893000066280365,0.6090801605675881,873600,873600,0,0,0,0,QC_STAT_ONLY,0.6100000143051147,"Per-file exact median; no QI threshold, filtering, or model input.",0.06584660000225995,False
2024\imerg_20240330.nc,imerg_20240330.nc,OK,,0.0,1.0,0.21800000965595245,0.9430000185966492,0.6335681574285924,873600,873600,0,0,0,0,QC_STAT_ONLY,0.6320000290870667,"Per-file exact median; no QI threshold, filtering, or model input.",0.06628769999952056,False
2024\imerg_20240331.nc,imerg_20240331.nc,OK,,0.0,1.0,0.20200000703334808,0.8980000615119934,0.620876782836662,873600,873600,0,0,0,0,QC_STAT_ONLY,0.6210000514984131,"Per-file exact median; no QI threshold, filtering, or model input.",0.06601470000168774,False
2024\imerg_20240401.nc,imerg_20240401.nc,OK,,0.0,1.0,0.15900000929832458,0.9190000295639038,0.5748428184044763,873600,873600,0,0,0,0,QC_STAT_ONLY,0.5550000071525574,"Per-file exact median; no QI threshold, filtering, or model input.",0.06716319999395637,False
2024\imerg_20240402.nc,imerg_20240402.nc,OK,,0.0,1.0,0.15900000929832458,0.8880000710487366,0.5506514104073287,873600,873600,0,0,0,0,QC_STAT_ONLY,0.5420000553131104,"Per-file exact median; no QI threshold, filtering, or model input.",0.0644797999993898,False
2024\imerg_20240403.nc,imerg_20240403.nc,OK,,0.0,1.0,0.15800000727176666,0.8910000324249268,0.564686984753666,873600,873600,0,0,0,0,QC_STAT_ONLY,0.5540000200271606,"Per-file exact median; no QI threshold, filtering, or model input.",0.06491729999834206,False
2024\imerg_20240404.nc,imerg_20240404.nc,OK,,0.0,1.0,0.17100000381469727,0.8990000486373901,0.5453635403513567,873600,873600,0,0,0,0,QC_STAT_ONLY,0.5430000424385071,"Per-file exact median; no QI threshold, filtering, or model input.",0.06798640000488376,False
2024\imerg_20240405.nc,imerg_20240405.nc,OK,,0.0,1.0,0.17100000381469727,0.8990000486373901,0.5726485978980504,873600,873600,0,0,0,0,QC_STAT_ONLY,0.5610000491142273,"Per-file exact median; no QI threshold, filtering, or model input.",0.06739809999999125,False
2024\imerg_20240406.nc,imerg_20240406.nc,OK,,0.0,1.0,0.18800000846385956,0.8630000352859497,0.5827904660960032,873600,873600,0,0,0,0,QC_STAT_ONLY,0.5870000123977661,"Per-file exact median; no QI threshold, filtering, or model input.",0.06711150000046473,False
2024\imerg_20240407.nc,imerg_20240407.nc,OK,,0.0,1.0,0.15900000929832458,0.9000000357627869,0.5749551943121409,873600,873600,0,0,0,0,QC_STAT_ONLY,0.5680000185966492,"Per-file exact median; no QI threshold, filtering, or model input.",0.06377749999955995,False
2024\imerg_20240408.nc,imerg_20240408.nc,OK,,0.0,1.0,0.15800000727176666,0.9100000262260437,0.5746557152028888,873600,873600,0,0,0,0,QC_STAT_ONLY,0.5590000152587891,"Per-file exact median; no QI threshold, filtering, or model input.",0.07002680000005057,False
2024\imerg_20240409.nc,imerg_20240409.nc,OK,,0.0,1.0,0.15800000727176666,0.9240000247955322,0.5634444285633943,873600,873600,0,0,0,0,QC_STAT_ONLY,0.5470000505447388,"Per-file exact median; no QI threshold, filtering, or model input.",0.07003189999522874,False
2024\imerg_20240410.nc,imerg_20240410.nc,OK,,0.0,1.0,0.15800000727176666,0.9190000295639038,0.5523216171194065,873600,873600,0,0,0,0,QC_STAT_ONLY,0.5400000214576721,"Per-file exact median; no QI threshold, filtering, or model input.",0.07040270000288729,False
2024\imerg_20240411.nc,imerg_20240411.nc,OK,,0.0,1.0,0.16100001335144043,0.9000000357627869,0.5369981887317075,873600,873600,0,0,0,0,QC_STAT_ONLY,0.5320000052452087,"Per-file exact median; no QI threshold, filtering, or model input.",0.06402040000102716,False
2024\imerg_20240412.nc,imerg_20240412.nc,OK,,0.0,1.0,0.15800000727176666,0.8870000243186951,0.5500005144120157,873600,873600,0,0,0,0,QC_STAT_ONLY,0.5430000424385071,"Per-file exact median; no QI threshold, filtering, or model input.",0.07440739999583457,False
2024\imerg_20240413.nc,imerg_20240413.nc,OK,,0.0,1.0,0.18800000846385956,0.8910000324249268,0.5746095541605364,873600,873600,0,0,0,0,QC_STAT_ONLY,0.5610000491142273,"Per-file exact median; no QI threshold, filtering, or model input.",0.0666616000016802,False
2024\imerg_20240414.nc,imerg_20240414.nc,OK,,0.0,1.0,0.15800000727176666,0.9190000295639038,0.5853337255717108,873600,873600,0,0,0,0,QC_STAT_ONLY,0.5680000185966492,"Per-file exact median; no QI threshold, filtering, or model input.",0.06283769999572542,False
2024\imerg_20240415.nc,imerg_20240415.nc,OK,,0.0,1.0,0.15800000727176666,0.9190000295639038,0.5761573857545422,873600,873600,0,0,0,0,QC_STAT_ONLY,0.5670000314712524,"Per-file exact median; no QI threshold, filtering, or model input.",0.06504349999886472,False
2024\imerg_20240416.nc,imerg_20240416.nc,OK,,0.0,1.0,0.15800000727176666,0.9190000295639038,0.5696731156292594,873600,873600,0,0,0,0,QC_STAT_ONLY,0.5520000457763672,"Per-file exact median; no QI threshold, filtering, or model input.",0.06516270000429358,False
2024\imerg_20240417.nc,imerg_20240417.nc,OK,,0.0,1.0,0.15800000727176666,0.9040000438690186,0.5643864793570597,873600,873600,0,0,0,0,QC_STAT_ONLY,0.5470000505447388,"Per-file exact median; no QI threshold, filtering, or model input.",0.06984820000070613,False
2024\imerg_20240418.nc,imerg_20240418.nc,OK,,0.0,1.0,0.15900000929832458,0.9190000295639038,0.5655969954645023,873600,873600,0,0,0,0,QC_STAT_ONLY,0.5470000505447388,"Per-file exact median; no QI threshold, filtering, or model input.",0.06341529999917839,False
2024\imerg_20240419.nc,imerg_20240419.nc,OK,,0.0,1.0,0.15900000929832458,0.9190000295639038,0.565445974545874,873600,873600,0,0,0,0,QC_STAT_ONLY,0.550000011920929,"Per-file exact median; no QI threshold, filtering, or model input.",0.07203719999961322,False
2024\imerg_20240420.nc,imerg_20240420.nc,OK,,0.0,1.0,0.1850000023841858,0.8440000414848328,0.5592595786503226,873600,873600,0,0,0,0,QC_STAT_ONLY,0.5470000505447388,"Per-file exact median; no QI threshold, filtering, or model input.",0.06568300000071758,False
2024\imerg_20240421.nc,imerg_20240421.nc,OK,,0.0,1.0,0.18900001049041748,0.9190000295639038,0.5805521232739684,873600,873600,0,0,0,0,QC_STAT_ONLY,0.5680000185966492,"Per-file exact median; no QI threshold, filtering, or model input.",0.06616539999959059,False
2024\imerg_20240422.nc,imerg_20240422.nc,OK,,0.0,1.0,0.17100000381469727,0.9040000438690186,0.5783012719789943,873600,873600,0,0,0,0,QC_STAT_ONLY,0.5680000185966492,"Per-file exact median; no QI threshold, filtering, or model input.",0.0646541000023717,False
2024\imerg_20240423.nc,imerg_20240423.nc,OK,,0.0,1.0,0.16100001335144043,0.9140000343322754,0.5835119693861394,873600,873600,0,0,0,0,QC_STAT_ONLY,0.5720000267028809,"Per-file exact median; no QI threshold, filtering, or model input.",0.0656816999980947,False
2024\imerg_20240424.nc,imerg_20240424.nc,OK,,0.0,1.0,0.15900000929832458,0.8910000324249268,0.566773650826419,873600,873600,0,0,0,0,QC_STAT_ONLY,0.5470000505447388,"Per-file exact median; no QI threshold, filtering, or model input.",0.06995399999868823,False
2024\imerg_20240425.nc,imerg_20240425.nc,OK,,0.0,1.0,0.15900000929832458,0.8910000324249268,0.5713187783084223,873600,873600,0,0,0,0,QC_STAT_ONLY,0.5590000152587891,"Per-file exact median; no QI threshold, filtering, or model input.",0.06451609999930952,False
2024\imerg_20240426.nc,imerg_20240426.nc,OK,,0.0,1.0,0.15900000929832458,0.9190000295639038,0.56415329830414,873600,873600,0,0,0,0,QC_STAT_ONLY,0.5470000505447388,"Per-file exact median; no QI threshold, filtering, or model input.",0.06543299999611918,False
2024\imerg_20240427.nc,imerg_20240427.nc,OK,,0.0,1.0,0.16900001466274261,0.8990000486373901,0.5586593784236831,873600,873600,0,0,0,0,QC_STAT_ONLY,0.5470000505447388,"Per-file exact median; no QI threshold, filtering, or model input.",0.06435339999734424,False
2024\imerg_20240428.nc,imerg_20240428.nc,OK,,0.0,1.0,0.15900000929832458,0.8870000243186951,0.5468776349375031,873600,873600,0,0,0,0,QC_STAT_ONLY,0.5430000424385071,"Per-file exact median; no QI threshold, filtering, or model input.",0.07250650000059977,False
2024\imerg_20240429.nc,imerg_20240429.nc,OK,,0.0,1.0,0.16200000047683716,0.9190000295639038,0.5714717346824357,873600,873600,0,0,0,0,QC_STAT_ONLY,0.5520000457763672,"Per-file exact median; no QI threshold, filtering, or model input.",0.0695871000061743,False
2024\imerg_20240430.nc,imerg_20240430.nc,OK,,0.0,1.0,0.16200000047683716,0.8910000324249268,0.594755973744329,873600,873600,0,0,0,0,QC_STAT_ONLY,0.5790000557899475,"Per-file exact median; no QI threshold, filtering, or model input.",0.06771129999833647,False
2024\imerg_20240501.nc,imerg_20240501.nc,OK,,0.0,1.0,0.14800000190734863,0.9170000553131104,0.5670515591248823,873600,873600,0,0,0,0,QC_STAT_ONLY,0.5600000023841858,"Per-file exact median; no QI threshold, filtering, or model input.",0.06543670000246493,False
2024\imerg_20240502.nc,imerg_20240502.nc,OK,,0.0,1.0,0.14800000190734863,0.8760000467300415,0.5426933698043663,873600,873600,0,0,0,0,QC_STAT_ONLY,0.5350000262260437,"Per-file exact median; no QI threshold, filtering, or model input.",0.07699509999656584,False
2024\imerg_20240503.nc,imerg_20240503.nc,OK,,0.0,1.0,0.14800000190734863,0.8810000419616699,0.5403303634370046,873600,873600,0,0,0,0,QC_STAT_ONLY,0.5250000357627869,"Per-file exact median; no QI threshold, filtering, or model input.",0.06894720000127563,False
2024\imerg_20240504.nc,imerg_20240504.nc,OK,,0.0,1.0,0.16900001466274261,0.8810000419616699,0.5584046203497415,873600,873600,0,0,0,0,QC_STAT_ONLY,0.5470000505447388,"Per-file exact median; no QI threshold, filtering, or model input.",0.06546769999840762,False
2024\imerg_20240505.nc,imerg_20240505.nc,OK,,0.0,1.0,0.14800000190734863,0.8980000615119934,0.5611668168228194,873600,873600,0,0,0,0,QC_STAT_ONLY,0.5590000152587891,"Per-file exact median; no QI threshold, filtering, or model input.",0.06999830000131624,False
2024\imerg_20240506.nc,imerg_20240506.nc,OK,,0.0,1.0,0.16500000655651093,0.8990000486373901,0.5442390861333051,873600,873600,0,0,0,0,QC_STAT_ONLY,0.5260000228881836,"Per-file exact median; no QI threshold, filtering, or model input.",0.06629369999427581,False
2024\imerg_20240507.nc,imerg_20240507.nc,OK,,0.0,1.0,0.14900000393390656,0.893000066280365,0.5736008169807002,873600,873600,0,0,0,0,QC_STAT_ONLY,0.5630000233650208,"Per-file exact median; no QI threshold, filtering, or model input.",0.06939370000327472,False
2024\imerg_20240508.nc,imerg_20240508.nc,OK,,0.0,1.0,0.14800000190734863,0.9170000553131104,0.5702485039592089,873600,873600,0,0,0,0,QC_STAT_ONLY,0.5600000023841858,"Per-file exact median; no QI threshold, filtering, or model input.",0.06869640000513755,False
2024\imerg_20240509.nc,imerg_20240509.nc,OK,,0.0,1.0,0.14800000190734863,0.8640000224113464,0.5689001014319184,873600,873600,0,0,0,0,QC_STAT_ONLY,0.5600000023841858,"Per-file exact median; no QI threshold, filtering, or model input.",0.0722375000041211,False
2024\imerg_20240510.nc,imerg_20240510.nc,OK,,0.0,1.0,0.14800000190734863,0.8810000419616699,0.567111139911817,873600,873600,0,0,0,0,QC_STAT_ONLY,0.5560000538825989,"Per-file exact median; no QI threshold, filtering, or model input.",0.067065499999444,False
2024\imerg_20240511.nc,imerg_20240511.nc,OK,,0.0,1.0,0.17100000381469727,0.9150000214576721,0.5675679925534083,873600,873600,0,0,0,0,QC_STAT_ONLY,0.5600000023841858,"Per-file exact median; no QI threshold, filtering, or model input.",0.07055720000062138,False
2024\imerg_20240512.nc,imerg_20240512.nc,OK,,0.0,1.0,0.15000000596046448,0.893000066280365,0.5628368870421883,873600,873600,0,0,0,0,QC_STAT_ONLY,0.5560000538825989,"Per-file exact median; no QI threshold, filtering, or model input.",0.06543229999806499,False
2024\imerg_20240513.nc,imerg_20240513.nc,OK,,0.0,1.0,0.16500000655651093,0.893000066280365,0.5542580911209943,873600,873600,0,0,0,0,QC_STAT_ONLY,0.5530000329017639,"Per-file exact median; no QI threshold, filtering, or model input.",0.06486410000070464,False
2024\imerg_20240514.nc,imerg_20240514.nc,OK,,0.0,1.0,0.18200001120567322,0.9340000152587891,0.5822872604852399,873600,873600,0,0,0,0,QC_STAT_ONLY,0.5730000138282776,"Per-file exact median; no QI threshold, filtering, or model input.",0.06759890000103042,False
2024\imerg_20240515.nc,imerg_20240515.nc,OK,,0.0,1.0,0.14900000393390656,0.9140000343322754,0.5685450144988338,873600,873600,0,0,0,0,QC_STAT_ONLY,0.5640000104904175,"Per-file exact median; no QI threshold, filtering, or model input.",0.06944199999998091,False
2024\imerg_20240516.nc,imerg_20240516.nc,OK,,0.0,1.0,0.16500000655651093,0.9170000553131104,0.5773457224106232,873600,873600,0,0,0,0,QC_STAT_ONLY,0.562000036239624,"Per-file exact median; no QI threshold, filtering, or model input.",0.066264000000956,False
2024\imerg_20240517.nc,imerg_20240517.nc,OK,,0.0,1.0,0.14800000190734863,0.8960000276565552,0.5786607893342118,873600,873600,0,0,0,0,QC_STAT_ONLY,0.5600000023841858,"Per-file exact median; no QI threshold, filtering, or model input.",0.0735421999997925,False
2024\imerg_20240518.nc,imerg_20240518.nc,OK,,0.0,1.0,0.14800000190734863,0.9250000715255737,0.5644056335711108,873600,873600,0,0,0,0,QC_STAT_ONLY,0.5490000247955322,"Per-file exact median; no QI threshold, filtering, or model input.",0.07148400000005495,False
2024\imerg_20240519.nc,imerg_20240519.nc,OK,,0.0,1.0,0.14800000190734863,0.9270000457763672,0.5612257553619118,873600,873600,0,0,0,0,QC_STAT_ONLY,0.5470000505447388,"Per-file exact median; no QI threshold, filtering, or model input.",0.06577489999472164,False
2024\imerg_20240520.nc,imerg_20240520.nc,OK,,0.0,1.0,0.18200001120567322,0.8640000224113464,0.5666699421982154,873600,873600,0,0,0,0,QC_STAT_ONLY,0.5550000071525574,"Per-file exact median; no QI threshold, filtering, or model input.",0.0692170000038459,False
2024\imerg_20240521.nc,imerg_20240521.nc,OK,,0.0,1.0,0.18200001120567322,0.9340000152587891,0.580222879308327,873600,873600,0,0,0,0,QC_STAT_ONLY,0.5630000233650208,"Per-file exact median; no QI threshold, filtering, or model input.",0.06952129999990575,False
2024\imerg_20240522.nc,imerg_20240522.nc,OK,,0.0,1.0,0.18200001120567322,0.9170000553131104,0.5743226909829515,873600,873600,0,0,0,0,QC_STAT_ONLY,0.5640000104904175,"Per-file exact median; no QI threshold, filtering, or model input.",0.06579280000005383,False
2024\imerg_20240523.nc,imerg_20240523.nc,OK,,0.0,1.0,0.18200001120567322,0.9340000152587891,0.5782192797435195,873600,873600,0,0,0,0,QC_STAT_ONLY,0.5630000233650208,"Per-file exact median; no QI threshold, filtering, or model input.",0.06353509999462403,False
2024\imerg_20240524.nc,imerg_20240524.nc,OK,,0.0,1.0,0.15000000596046448,0.9140000343322754,0.5737910546203427,873600,873600,0,0,0,0,QC_STAT_ONLY,0.5600000023841858,"Per-file exact median; no QI threshold, filtering, or model input.",0.06560159999935422,False
2024\imerg_20240525.nc,imerg_20240525.nc,OK,,0.0,1.0,0.16500000655651093,0.9140000343322754,0.5744153716133553,873600,873600,0,0,0,0,QC_STAT_ONLY,0.562000036239624,"Per-file exact median; no QI threshold, filtering, or model input.",0.07032750000507804,False
2024\imerg_20240526.nc,imerg_20240526.nc,OK,,0.0,1.0,0.14800000190734863,0.9150000214576721,0.5735714699829597,873600,873600,0,0,0,0,QC_STAT_ONLY,0.5600000023841858,"Per-file exact median; no QI threshold, filtering, or model input.",0.0683608000035747,False
2024\imerg_20240527.nc,imerg_20240527.nc,OK,,0.0,1.0,0.14800000190734863,0.9110000729560852,0.5674361172361955,873600,873600,0,0,0,0,QC_STAT_ONLY,0.5600000023841858,"Per-file exact median; no QI threshold, filtering, or model input.",0.07311479999771109,False
2024\imerg_20240528.nc,imerg_20240528.nc,OK,,0.0,1.0,0.18200001120567322,0.893000066280365,0.5770008621669644,873600,873600,0,0,0,0,QC_STAT_ONLY,0.5600000023841858,"Per-file exact median; no QI threshold, filtering, or model input.",0.07067670000105863,False
2024\imerg_20240529.nc,imerg_20240529.nc,OK,,0.0,1.0,0.18200001120567322,0.9170000553131104,0.5836503429567584,873600,873600,0,0,0,0,QC_STAT_ONLY,0.5640000104904175,"Per-file exact median; no QI threshold, filtering, or model input.",0.06836139999359148,False
2024\imerg_20240530.nc,imerg_20240530.nc,OK,,0.0,1.0,0.18000000715255737,0.9170000553131104,0.5844165705606315,873600,873600,0,0,0,0,QC_STAT_ONLY,0.5730000138282776,"Per-file exact median; no QI threshold, filtering, or model input.",0.06497500000114087,False
2024\imerg_20240531.nc,imerg_20240531.nc,OK,,0.0,1.0,0.14800000190734863,0.9170000553131104,0.5777976268017835,873600,873600,0,0,0,0,QC_STAT_ONLY,0.5610000491142273,"Per-file exact median; no QI threshold, filtering, or model input.",0.066469599994889,False
2024\imerg_20240601.nc,imerg_20240601.nc,OK,,0.0,1.0,0.15900000929832458,0.859000027179718,0.578585204374857,873600,873600,0,0,0,0,QC_STAT_ONLY,0.5600000023841858,"Per-file exact median; no QI threshold, filtering, or model input.",0.06432770000537857,False
2024\imerg_20240602.nc,imerg_20240602.nc,OK,,0.0,1.0,0.15900000929832458,0.9000000357627869,0.5801822285786367,873600,873600,0,0,0,0,QC_STAT_ONLY,0.5660000443458557,"Per-file exact median; no QI threshold, filtering, or model input.",0.0680415999959223,False
2024\imerg_20240603.nc,imerg_20240603.nc,OK,,0.0,1.0,0.15900000929832458,0.9010000228881836,0.5787423270202545,873600,873600,0,0,0,0,QC_STAT_ONLY,0.5670000314712524,"Per-file exact median; no QI threshold, filtering, or model input.",0.06718630000250414,False
2024\imerg_20240604.nc,imerg_20240604.nc,OK,,0.0,1.0,0.18800000846385956,0.862000048160553,0.5809836597218018,873600,873600,0,0,0,0,QC_STAT_ONLY,0.5660000443458557,"Per-file exact median; no QI threshold, filtering, or model input.",0.0642844999965746,False
2024\imerg_20240605.nc,imerg_20240605.nc,OK,,0.0,1.0,0.15900000929832458,0.9100000262260437,0.5835095903888556,873600,873600,0,0,0,0,QC_STAT_ONLY,0.5600000023841858,"Per-file exact median; no QI threshold, filtering, or model input.",0.07486880000215024,False
2024\imerg_20240606.nc,imerg_20240606.nc,OK,,0.0,1.0,0.18900001049041748,0.9080000519752502,0.5946712803317834,873600,873600,0,0,0,0,QC_STAT_ONLY,0.5870000123977661,"Per-file exact median; no QI threshold, filtering, or model input.",0.0651815000019269,False
2024\imerg_20240607.nc,imerg_20240607.nc,OK,,0.0,1.0,0.16200000047683716,0.9100000262260437,0.5586003647333748,873600,873600,0,0,0,0,QC_STAT_ONLY,0.5530000329017639,"Per-file exact median; no QI threshold, filtering, or model input.",0.07033459999365732,False
2024\imerg_20240608.nc,imerg_20240608.nc,OK,,0.0,1.0,0.15900000929832458,0.8880000710487366,0.5794450760844945,873600,873600,0,0,0,0,QC_STAT_ONLY,0.5660000443458557,"Per-file exact median; no QI threshold, filtering, or model input.",0.07492650000494905,False
2024\imerg_20240609.nc,imerg_20240609.nc,OK,,0.0,1.0,0.15900000929832458,0.8670000433921814,0.588948507731313,873600,873600,0,0,0,0,QC_STAT_ONLY,0.5690000057220459,"Per-file exact median; no QI threshold, filtering, or model input.",0.0684798000002047,False
2024\imerg_20240610.nc,imerg_20240610.nc,OK,,0.0,1.0,0.18900001049041748,0.9120000600814819,0.5964275745705501,873600,873600,0,0,0,0,QC_STAT_ONLY,0.5690000057220459,"Per-file exact median; no QI threshold, filtering, or model input.",0.06755100000009406,False
2024\imerg_20240611.nc,imerg_20240611.nc,OK,,0.0,1.0,0.15900000929832458,0.8880000710487366,0.5748629521791936,873600,873600,0,0,0,0,QC_STAT_ONLY,0.550000011920929,"Per-file exact median; no QI threshold, filtering, or model input.",0.0686887999981991,False
2024\imerg_20240612.nc,imerg_20240612.nc,OK,,0.0,1.0,0.16100001335144043,0.878000020980835,0.5704204689799006,873600,873600,0,0,0,0,QC_STAT_ONLY,0.550000011920929,"Per-file exact median; no QI threshold, filtering, or model input.",0.065404100001615,False
2024\imerg_20240613.nc,imerg_20240613.nc,OK,,0.0,1.0,0.15900000929832458,0.893000066280365,0.5819379814225334,873600,873600,0,0,0,0,QC_STAT_ONLY,0.5550000071525574,"Per-file exact median; no QI threshold, filtering, or model input.",0.06817389999923762,False
2024\imerg_20240614.nc,imerg_20240614.nc,OK,,0.0,1.0,0.17500001192092896,0.9100000262260437,0.5969365467480128,873600,873600,0,0,0,0,QC_STAT_ONLY,0.5870000123977661,"Per-file exact median; no QI threshold, filtering, or model input.",0.06760019999637734,False
2024\imerg_20240615.nc,imerg_20240615.nc,OK,,0.0,1.0,0.15900000929832458,0.9100000262260437,0.5820210164717327,873600,873600,0,0,0,0,QC_STAT_ONLY,0.562000036239624,"Per-file exact median; no QI threshold, filtering, or model input.",0.06436209999810671,False
2024\imerg_20240616.nc,imerg_20240616.nc,OK,,0.0,1.0,0.15900000929832458,0.878000020980835,0.5748145905950519,873600,873600,0,0,0,0,QC_STAT_ONLY,0.5540000200271606,"Per-file exact median; no QI threshold, filtering, or model input.",0.06663100000150735,False
2024\imerg_20240617.nc,imerg_20240617.nc,OK,,0.0,1.0,0.15900000929832458,0.8880000710487366,0.5893125466290766,873600,873600,0,0,0,0,QC_STAT_ONLY,0.5660000443458557,"Per-file exact median; no QI threshold, filtering, or model input.",0.0682094999938272,False
2024\imerg_20240618.nc,imerg_20240618.nc,OK,,0.0,1.0,0.16200000047683716,0.878000020980835,0.5769117617751932,873600,873600,0,0,0,0,QC_STAT_ONLY,0.5570000410079956,"Per-file exact median; no QI threshold, filtering, or model input.",0.06969060000119498,False
2024\imerg_20240619.nc,imerg_20240619.nc,OK,,0.0,1.0,0.15900000929832458,0.8510000109672546,0.5736148575025921,873600,873600,0,0,0,0,QC_STAT_ONLY,0.5540000200271606,"Per-file exact median; no QI threshold, filtering, or model input.",0.06584250000014435,False
2024\imerg_20240620.nc,imerg_20240620.nc,OK,,0.0,1.0,0.13199999928474426,0.862000048160553,0.5682822665951689,873600,873600,0,0,0,0,QC_STAT_ONLY,0.5570000410079956,"Per-file exact median; no QI threshold, filtering, or model input.",0.06774179999774788,False
2024\imerg_20240621.nc,imerg_20240621.nc,OK,,0.0,1.0,0.15900000929832458,0.9190000295639038,0.6076591398275795,873600,873600,0,0,0,0,QC_STAT_ONLY,0.5990000367164612,"Per-file exact median; no QI threshold, filtering, or model input.",0.06689750000077765,False
2024\imerg_20240622.nc,imerg_20240622.nc,OK,,0.0,1.0,0.15900000929832458,0.9100000262260437,0.5987154350893047,873600,873600,0,0,0,0,QC_STAT_ONLY,0.5800000429153442,"Per-file exact median; no QI threshold, filtering, or model input.",0.06792449999920791,False
2024\imerg_20240623.nc,imerg_20240623.nc,OK,,0.0,1.0,0.15900000929832458,0.8420000672340393,0.5860682445732985,873600,873600,0,0,0,0,QC_STAT_ONLY,0.5690000057220459,"Per-file exact median; no QI threshold, filtering, or model input.",0.07373879999795463,False
2024\imerg_20240624.nc,imerg_20240624.nc,OK,,0.0,1.0,0.15900000929832458,0.8880000710487366,0.5913932371672393,873600,873600,0,0,0,0,QC_STAT_ONLY,0.5690000057220459,"Per-file exact median; no QI threshold, filtering, or model input.",0.07149180000124034,False
2024\imerg_20240625.nc,imerg_20240625.nc,OK,,0.0,1.0,0.15900000929832458,0.9270000457763672,0.5799532274592278,873600,873600,0,0,0,0,QC_STAT_ONLY,0.5660000443458557,"Per-file exact median; no QI threshold, filtering, or model input.",0.07336799999757204,False
2024\imerg_20240626.nc,imerg_20240626.nc,OK,,0.0,1.0,0.17000000178813934,0.8830000162124634,0.5842131178880335,873600,873600,0,0,0,0,QC_STAT_ONLY,0.5660000443458557,"Per-file exact median; no QI threshold, filtering, or model input.",0.07486659999995027,False
2024\imerg_20240627.nc,imerg_20240627.nc,OK,,0.0,1.0,0.15900000929832458,0.8110000491142273,0.5875466088021699,873600,873600,0,0,0,0,QC_STAT_ONLY,0.5660000443458557,"Per-file exact median; no QI threshold, filtering, or model input.",0.06975339999917196,False
2024\imerg_20240628.nc,imerg_20240628.nc,OK,,0.0,1.0,0.18800000846385956,0.9120000600814819,0.5914584328764504,873600,873600,0,0,0,0,QC_STAT_ONLY,0.5730000138282776,"Per-file exact median; no QI threshold, filtering, or model input.",0.06747149999864632,False
2024\imerg_20240629.nc,imerg_20240629.nc,OK,,0.0,1.0,0.18900001049041748,0.9190000295639038,0.606247482545974,873600,873600,0,0,0,0,QC_STAT_ONLY,0.5990000367164612,"Per-file exact median; no QI threshold, filtering, or model input.",0.06924599999911152,False
2024\imerg_20240630.nc,imerg_20240630.nc,OK,,0.0,1.0,0.15900000929832458,0.9050000309944153,0.5895058124587997,873600,873600,0,0,0,0,QC_STAT_ONLY,0.5690000057220459,"Per-file exact median; no QI threshold, filtering, or model input.",0.0681893000000855,False
2024\imerg_20240701.nc,imerg_20240701.nc,OK,,0.0,1.0,0.15600000321865082,0.9050000309944153,0.5821364415549731,873600,873600,0,0,0,0,QC_STAT_ONLY,0.5550000071525574,"Per-file exact median; no QI threshold, filtering, or model input.",0.07072850000258768,False
2024\imerg_20240702.nc,imerg_20240702.nc,OK,,0.0,1.0,0.15600000321865082,0.9020000696182251,0.5786741625437438,873600,873600,0,0,0,0,QC_STAT_ONLY,0.5450000166893005,"Per-file exact median; no QI threshold, filtering, or model input.",0.06843459999799961,False
2024\imerg_20240703.nc,imerg_20240703.nc,OK,,0.0,1.0,0.15600000321865082,0.9160000681877136,0.5705662241250092,873600,873600,0,0,0,0,QC_STAT_ONLY,0.5360000133514404,"Per-file exact median; no QI threshold, filtering, or model input.",0.07021910000185017,False
2024\imerg_20240704.nc,imerg_20240704.nc,OK,,0.0,1.0,0.15600000321865082,0.8880000710487366,0.5754281263361982,873600,873600,0,0,0,0,QC_STAT_ONLY,0.5410000085830688,"Per-file exact median; no QI threshold, filtering, or model input.",0.07181289999425644,False
2024\imerg_20240705.nc,imerg_20240705.nc,OK,,0.0,1.0,0.16700001060962677,0.9050000309944153,0.5882006240615812,873600,873600,0,0,0,0,QC_STAT_ONLY,0.5600000023841858,"Per-file exact median; no QI threshold, filtering, or model input.",0.06385099999897648,False
2024\imerg_20240706.nc,imerg_20240706.nc,OK,,0.0,1.0,0.1680000126361847,0.9050000309944153,0.5930356275324195,873600,873600,0,0,0,0,QC_STAT_ONLY,0.5660000443458557,"Per-file exact median; no QI threshold, filtering, or model input.",0.06737910000083502,False
2024\imerg_20240707.nc,imerg_20240707.nc,OK,,0.0,1.0,0.15600000321865082,0.9050000309944153,0.5935835146852138,873600,873600,0,0,0,0,QC_STAT_ONLY,0.5750000476837158,"Per-file exact median; no QI threshold, filtering, or model input.",0.06601590000354918,False
2024\imerg_20240708.nc,imerg_20240708.nc,OK,,0.0,1.0,0.15600000321865082,0.8950000405311584,0.5786261228389267,873600,873600,0,0,0,0,QC_STAT_ONLY,0.5540000200271606,"Per-file exact median; no QI threshold, filtering, or model input.",0.06717280000157189,False
2024\imerg_20240709.nc,imerg_20240709.nc,OK,,0.0,1.0,0.15600000321865082,0.8820000290870667,0.5894522093095383,873600,873600,0,0,0,0,QC_STAT_ONLY,0.562000036239624,"Per-file exact median; no QI threshold, filtering, or model input.",0.06687190000229748,False
2024\imerg_20240710.nc,imerg_20240710.nc,OK,,0.0,1.0,0.15700000524520874,0.8790000677108765,0.5733177131486225,873600,873600,0,0,0,0,QC_STAT_ONLY,0.5440000295639038,"Per-file exact median; no QI threshold, filtering, or model input.",0.07059780000417959,False
2024\imerg_20240711.nc,imerg_20240711.nc,OK,,0.0,1.0,0.1680000126361847,0.8790000677108765,0.564422141452603,873600,873600,0,0,0,0,QC_STAT_ONLY,0.5420000553131104,"Per-file exact median; no QI threshold, filtering, or model input.",0.07161990000167862,False
2024\imerg_20240712.nc,imerg_20240712.nc,OK,,0.0,1.0,0.1680000126361847,0.8890000581741333,0.5678975041436318,873600,873600,0,0,0,0,QC_STAT_ONLY,0.5390000343322754,"Per-file exact median; no QI threshold, filtering, or model input.",0.067452700001013,False
2024\imerg_20240713.nc,imerg_20240713.nc,OK,,0.0,1.0,0.1680000126361847,0.8980000615119934,0.5814153770428158,873600,873600,0,0,0,0,QC_STAT_ONLY,0.5520000457763672,"Per-file exact median; no QI threshold, filtering, or model input.",0.06794600000284845,False
2024\imerg_20240714.nc,imerg_20240714.nc,OK,,0.0,1.0,0.15600000321865082,0.9050000309944153,0.5995411132208341,873600,873600,0,0,0,0,QC_STAT_ONLY,0.5750000476837158,"Per-file exact median; no QI threshold, filtering, or model input.",0.07420509999792557,False
2024\imerg_20240715.nc,imerg_20240715.nc,OK,,0.0,1.0,0.15600000321865082,0.8650000691413879,0.588374006784139,873600,873600,0,0,0,0,QC_STAT_ONLY,0.562000036239624,"Per-file exact median; no QI threshold, filtering, or model input.",0.06719350000639679,False
2024\imerg_20240716.nc,imerg_20240716.nc,OK,,0.0,1.0,0.15600000321865082,0.8880000710487366,0.5854809714039795,873600,873600,0,0,0,0,QC_STAT_ONLY,0.5600000023841858,"Per-file exact median; no QI threshold, filtering, or model input.",0.06582779999735067,False
2024\imerg_20240717.nc,imerg_20240717.nc,OK,,0.0,1.0,0.15600000321865082,0.8850000500679016,0.5693491119703094,873600,873600,0,0,0,0,QC_STAT_ONLY,0.5380000472068787,"Per-file exact median; no QI threshold, filtering, or model input.",0.06956950000312645,False
2024\imerg_20240718.nc,imerg_20240718.nc,OK,,0.0,1.0,0.1680000126361847,0.9020000696182251,0.5757265748549594,873600,873600,0,0,0,0,QC_STAT_ONLY,0.5390000343322754,"Per-file exact median; no QI threshold, filtering, or model input.",0.0679279999967548,False
2024\imerg_20240719.nc,imerg_20240719.nc,OK,,0.0,1.0,0.1680000126361847,0.9020000696182251,0.5814292559865691,873600,873600,0,0,0,0,QC_STAT_ONLY,0.5590000152587891,"Per-file exact median; no QI threshold, filtering, or model input.",0.0694837999981246,False
2024\imerg_20240720.nc,imerg_20240720.nc,OK,,0.0,1.0,0.1680000126361847,0.8980000615119934,0.5947935216266137,873600,873600,0,0,0,0,QC_STAT_ONLY,0.5660000443458557,"Per-file exact median; no QI threshold, filtering, or model input.",0.06779280000046128,False
2024\imerg_20240721.nc,imerg_20240721.nc,OK,,0.0,1.0,0.1680000126361847,0.9050000309944153,0.597856610457024,873600,873600,0,0,0,0,QC_STAT_ONLY,0.5680000185966492,"Per-file exact median; no QI threshold, filtering, or model input.",0.06954379999660887,False
2024\imerg_20240722.nc,imerg_20240722.nc,OK,,0.0,1.0,0.18000000715255737,0.8700000643730164,0.5896919657658246,873600,873600,0,0,0,0,QC_STAT_ONLY,0.5660000443458557,"Per-file exact median; no QI threshold, filtering, or model input.",0.06473399999958929,False
2024\imerg_20240723.nc,imerg_20240723.nc,OK,,0.0,1.0,0.15600000321865082,0.8970000147819519,0.5914324281020635,873600,873600,0,0,0,0,QC_STAT_ONLY,0.5600000023841858,"Per-file exact median; no QI threshold, filtering, or model input.",0.07073700000182725,False
2024\imerg_20240724.nc,imerg_20240724.nc,OK,,0.0,1.0,0.15600000321865082,0.8790000677108765,0.5753253749537456,873600,873600,0,0,0,0,QC_STAT_ONLY,0.5520000457763672,"Per-file exact median; no QI threshold, filtering, or model input.",0.07087209999735933,False
2024\imerg_20240725.nc,imerg_20240725.nc,OK,,0.0,1.0,0.15700000524520874,0.8970000147819519,0.5653935373403411,873600,873600,0,0,0,0,QC_STAT_ONLY,0.5350000262260437,"Per-file exact median; no QI threshold, filtering, or model input.",0.06391889999940759,False
2024\imerg_20240726.nc,imerg_20240726.nc,OK,,0.0,1.0,0.15800000727176666,0.8790000677108765,0.5663863577048939,873600,873600,0,0,0,0,QC_STAT_ONLY,0.5380000472068787,"Per-file exact median; no QI threshold, filtering, or model input.",0.06775900000502588,False
2024\imerg_20240727.nc,imerg_20240727.nc,OK,,0.0,1.0,0.15600000321865082,0.9040000438690186,0.5788232291443444,873600,873600,0,0,0,0,QC_STAT_ONLY,0.5600000023841858,"Per-file exact median; no QI threshold, filtering, or model input.",0.06704019999597222,False
2024\imerg_20240728.nc,imerg_20240728.nc,OK,,0.0,1.0,0.16700001060962677,0.9130000472068787,0.5896648849176257,873600,873600,0,0,0,0,QC_STAT_ONLY,0.5600000023841858,"Per-file exact median; no QI threshold, filtering, or model input.",0.07306850000168197,False
2024\imerg_20240729.nc,imerg_20240729.nc,OK,,0.0,1.0,0.15700000524520874,0.8320000171661377,0.5904932018764992,873600,873600,0,0,0,0,QC_STAT_ONLY,0.5660000443458557,"Per-file exact median; no QI threshold, filtering, or model input.",0.07556530000147177,False
2024\imerg_20240730.nc,imerg_20240730.nc,OK,,0.0,1.0,0.17600001394748688,0.8850000500679016,0.5841836241132071,873600,873600,0,0,0,0,QC_STAT_ONLY,0.562000036239624,"Per-file exact median; no QI threshold, filtering, or model input.",0.07248429999890504,False
2024\imerg_20240731.nc,imerg_20240731.nc,OK,,0.0,1.0,0.15600000321865082,0.8850000500679016,0.591573284034798,873600,873600,0,0,0,0,QC_STAT_ONLY,0.562000036239624,"Per-file exact median; no QI threshold, filtering, or model input.",0.07227100000454811,False
2024\imerg_20240801.nc,imerg_20240801.nc,OK,,0.0,1.0,0.16700001060962677,0.8840000629425049,0.5771036779450512,873600,873600,0,0,0,0,QC_STAT_ONLY,0.5450000166893005,"Per-file exact median; no QI threshold, filtering, or model input.",0.07165030000032857,False
2024\imerg_20240802.nc,imerg_20240802.nc,OK,,0.0,1.0,0.1730000078678131,0.9110000729560852,0.5726009351418835,873600,873600,0,0,0,0,QC_STAT_ONLY,0.5370000004768372,"Per-file exact median; no QI threshold, filtering, or model input.",0.06929219999437919,False
2024\imerg_20240803.nc,imerg_20240803.nc,OK,,0.0,1.0,0.17400000989437103,0.8920000195503235,0.5801198302841517,873600,873600,0,0,0,0,QC_STAT_ONLY,0.5450000166893005,"Per-file exact median; no QI threshold, filtering, or model input.",0.06887650000135181,False
2024\imerg_20240804.nc,imerg_20240804.nc,OK,,0.0,1.0,0.1730000078678131,0.9030000567436218,0.5926505105181396,873600,873600,0,0,0,0,QC_STAT_ONLY,0.5550000071525574,"Per-file exact median; no QI threshold, filtering, or model input.",0.06812610000633867,False
2024\imerg_20240805.nc,imerg_20240805.nc,OK,,0.0,1.0,0.17400000989437103,0.9000000357627869,0.6003917457254931,873600,873600,0,0,0,0,QC_STAT_ONLY,0.5580000281333923,"Per-file exact median; no QI threshold, filtering, or model input.",0.06434040000021923,False
2024\imerg_20240806.nc,imerg_20240806.nc,OK,,0.0,1.0,0.16700001060962677,0.9040000438690186,0.5817015743928351,873600,873600,0,0,0,0,QC_STAT_ONLY,0.5550000071525574,"Per-file exact median; no QI threshold, filtering, or model input.",0.06669369999872288,False
2024\imerg_20240807.nc,imerg_20240807.nc,OK,,0.0,1.0,0.15900000929832458,0.9000000357627869,0.5837366520494032,873600,873600,0,0,0,0,QC_STAT_ONLY,0.5509999990463257,"Per-file exact median; no QI threshold, filtering, or model input.",0.06549069999891799,False
2024\imerg_20240808.nc,imerg_20240808.nc,OK,,0.0,1.0,0.17400000989437103,0.8840000629425049,0.5815474292250083,873600,873600,0,0,0,0,QC_STAT_ONLY,0.550000011920929,"Per-file exact median; no QI threshold, filtering, or model input.",0.06479730000137351,False
2024\imerg_20240809.nc,imerg_20240809.nc,OK,,0.0,1.0,0.15900000929832458,0.9340000152587891,0.573693827333768,873600,873600,0,0,0,0,QC_STAT_ONLY,0.5350000262260437,"Per-file exact median; no QI threshold, filtering, or model input.",0.06326390000322135,False
2024\imerg_20240810.nc,imerg_20240810.nc,OK,,0.0,1.0,0.16700001060962677,0.8710000514984131,0.5703845880834059,873600,873600,0,0,0,0,QC_STAT_ONLY,0.5370000004768372,"Per-file exact median; no QI threshold, filtering, or model input.",0.06898430000001099,False
2024\imerg_20240811.nc,imerg_20240811.nc,OK,,0.0,1.0,0.17400000989437103,0.9030000567436218,0.5782284044664893,873600,873600,0,0,0,0,QC_STAT_ONLY,0.5490000247955322,"Per-file exact median; no QI threshold, filtering, or model input.",0.06830949999857694,False
2024\imerg_20240812.nc,imerg_20240812.nc,OK,,0.0,1.0,0.1860000044107437,0.9030000567436218,0.5905185946608611,873600,873600,0,0,0,0,QC_STAT_ONLY,0.5600000023841858,"Per-file exact median; no QI threshold, filtering, or model input.",0.06770829999732086,False
2024\imerg_20240813.nc,imerg_20240813.nc,OK,,0.0,1.0,0.1860000044107437,0.9130000472068787,0.5871455138396376,873600,873600,0,0,0,0,QC_STAT_ONLY,0.5580000281333923,"Per-file exact median; no QI threshold, filtering, or model input.",0.0654828999977326,False
2024\imerg_20240814.nc,imerg_20240814.nc,OK,,0.0,1.0,0.15600000321865082,0.9040000438690186,0.595702166745811,873600,873600,0,0,0,0,QC_STAT_ONLY,0.5550000071525574,"Per-file exact median; no QI threshold, filtering, or model input.",0.06490009999834001,False
2024\imerg_20240815.nc,imerg_20240815.nc,OK,,0.0,1.0,0.17000000178813934,0.9000000357627869,0.5928396200208205,873600,873600,0,0,0,0,QC_STAT_ONLY,0.5560000538825989,"Per-file exact median; no QI threshold, filtering, or model input.",0.0685860000012326,False
2024\imerg_20240816.nc,imerg_20240816.nc,OK,,0.0,1.0,0.15800000727176666,0.9130000472068787,0.5959913469492646,873600,873600,0,0,0,0,QC_STAT_ONLY,0.5570000410079956,"Per-file exact median; no QI threshold, filtering, or model input.",0.07180109999899287,False
2024\imerg_20240817.nc,imerg_20240817.nc,OK,,0.0,1.0,0.16700001060962677,0.9180000424385071,0.5701326300765153,873600,873600,0,0,0,0,QC_STAT_ONLY,0.5400000214576721,"Per-file exact median; no QI threshold, filtering, or model input.",0.15616559999762103,False
2024\imerg_20240818.nc,imerg_20240818.nc,OK,,0.0,1.0,0.17000000178813934,0.8840000629425049,0.5663983296193933,873600,873600,0,0,0,0,QC_STAT_ONLY,0.5400000214576721,"Per-file exact median; no QI threshold, filtering, or model input.",0.13693079999939073,False
2024\imerg_20240819.nc,imerg_20240819.nc,OK,,0.0,1.0,0.1860000044107437,0.9030000567436218,0.5875434133159031,873600,873600,0,0,0,0,QC_STAT_ONLY,0.5520000457763672,"Per-file exact median; no QI threshold, filtering, or model input.",0.07983380000223406,False
2024\imerg_20240820.nc,imerg_20240820.nc,OK,,0.0,1.0,0.17400000989437103,0.9030000567436218,0.5996438921318346,873600,873600,0,0,0,0,QC_STAT_ONLY,0.5570000410079956,"Per-file exact median; no QI threshold, filtering, or model input.",0.0675651999990805,False
2024\imerg_20240821.nc,imerg_20240821.nc,OK,,0.0,1.0,0.36500000953674316,0.9070000648498535,0.6022746588773138,873600,873600,0,0,0,0,QC_STAT_ONLY,0.5600000023841858,"Per-file exact median; no QI threshold, filtering, or model input.",0.06712449999758974,False
2024\imerg_20240822.nc,imerg_20240822.nc,OK,,0.0,1.0,0.3970000147819519,0.9000000357627869,0.5873545338920635,873600,873600,0,0,0,0,QC_STAT_ONLY,0.5490000247955322,"Per-file exact median; no QI threshold, filtering, or model input.",0.23542089999682503,False
2024\imerg_20240823.nc,imerg_20240823.nc,OK,,0.0,1.0,0.15900000929832458,0.8840000629425049,0.5743950611078641,873600,873600,0,0,0,0,QC_STAT_ONLY,0.5450000166893005,"Per-file exact median; no QI threshold, filtering, or model input.",0.08318570000119507,False
2024\imerg_20240824.nc,imerg_20240824.nc,OK,,0.0,1.0,0.17400000989437103,0.9110000729560852,0.5717721039454893,873600,873600,0,0,0,0,QC_STAT_ONLY,0.5320000052452087,"Per-file exact median; no QI threshold, filtering, or model input.",0.1554896000016015,False
2024\imerg_20240825.nc,imerg_20240825.nc,OK,,0.0,1.0,0.17400000989437103,0.8840000629425049,0.5747878092528754,873600,873600,0,0,0,0,QC_STAT_ONLY,0.5400000214576721,"Per-file exact median; no QI threshold, filtering, or model input.",0.14043790000141598,False
2024\imerg_20240826.nc,imerg_20240826.nc,OK,,0.0,1.0,0.36100003123283386,0.8450000286102295,0.5813753277762714,873600,873600,0,0,0,0,QC_STAT_ONLY,0.5509999990463257,"Per-file exact median; no QI threshold, filtering, or model input.",0.07956520000152523,False
2024\imerg_20240827.nc,imerg_20240827.nc,OK,,0.0,1.0,0.3570000231266022,0.9070000648498535,0.5915193876773528,873600,873600,0,0,0,0,QC_STAT_ONLY,0.5509999990463257,"Per-file exact median; no QI threshold, filtering, or model input.",0.07071929999801796,False
2024\imerg_20240828.nc,imerg_20240828.nc,OK,,0.0,1.0,0.3890000283718109,0.8970000147819519,0.5966969650452308,873600,873600,0,0,0,0,QC_STAT_ONLY,0.5640000104904175,"Per-file exact median; no QI threshold, filtering, or model input.",0.07681900000170572,False
2024\imerg_20240829.nc,imerg_20240829.nc,OK,,0.0,1.0,0.17400000989437103,0.9040000438690186,0.5928740615472061,873600,873600,0,0,0,0,QC_STAT_ONLY,0.5520000457763672,"Per-file exact median; no QI threshold, filtering, or model input.",0.07724869999947259,False
2024\imerg_20240830.nc,imerg_20240830.nc,OK,,0.0,1.0,0.15900000929832458,0.9340000152587891,0.5832586146811972,873600,873600,0,0,0,0,QC_STAT_ONLY,0.5520000457763672,"Per-file exact median; no QI threshold, filtering, or model input.",0.07528299999830779,False
2024\imerg_20240831.nc,imerg_20240831.nc,OK,,0.0,1.0,0.17400000989437103,0.9040000438690186,0.5780569442723547,873600,873600,0,0,0,0,QC_STAT_ONLY,0.5450000166893005,"Per-file exact median; no QI threshold, filtering, or model input.",0.0691644999969867,False
2024\imerg_20240901.nc,imerg_20240901.nc,OK,,0.0,1.0,0.16100001335144043,0.9010000228881836,0.5692601730631521,873600,873600,0,0,0,0,QC_STAT_ONLY,0.5370000004768372,"Per-file exact median; no QI threshold, filtering, or model input.",0.0721720000001369,False
2024\imerg_20240902.nc,imerg_20240902.nc,OK,,0.0,1.0,0.17500001192092896,0.8890000581741333,0.56923563209144,873600,873600,0,0,0,0,QC_STAT_ONLY,0.5450000166893005,"Per-file exact median; no QI threshold, filtering, or model input.",0.06537250000110362,False
2024\imerg_20240903.nc,imerg_20240903.nc,OK,,0.0,1.0,0.17500001192092896,0.8890000581741333,0.5869864848347879,873600,873600,0,0,0,0,QC_STAT_ONLY,0.5570000410079956,"Per-file exact median; no QI threshold, filtering, or model input.",0.06465839999873424,False
2024\imerg_20240904.nc,imerg_20240904.nc,OK,,0.0,1.0,0.17500001192092896,0.8990000486373901,0.5984937976798786,873600,873600,0,0,0,0,QC_STAT_ONLY,0.5610000491142273,"Per-file exact median; no QI threshold, filtering, or model input.",0.06850390000181505,False
2024\imerg_20240905.nc,imerg_20240905.nc,OK,,0.0,1.0,0.16100001335144043,0.9050000309944153,0.583627771231049,873600,873600,0,0,0,0,QC_STAT_ONLY,0.5490000247955322,"Per-file exact median; no QI threshold, filtering, or model input.",0.061267500001122244,False
2024\imerg_20240906.nc,imerg_20240906.nc,OK,,0.0,1.0,0.15800000727176666,0.9010000228881836,0.578840343383731,873600,873600,0,0,0,0,QC_STAT_ONLY,0.5490000247955322,"Per-file exact median; no QI threshold, filtering, or model input.",0.0665512999985367,False
2024\imerg_20240907.nc,imerg_20240907.nc,OK,,0.0,1.0,0.16700001060962677,0.9050000309944153,0.5724576183493785,873600,873600,0,0,0,0,QC_STAT_ONLY,0.5390000343322754,"Per-file exact median; no QI threshold, filtering, or model input.",0.06633610000426415,False
2024\imerg_20240908.nc,imerg_20240908.nc,OK,,0.0,1.0,0.17500001192092896,0.9100000262260437,0.5560917969795128,873600,873600,0,0,0,0,QC_STAT_ONLY,0.5320000052452087,"Per-file exact median; no QI threshold, filtering, or model input.",0.06881889999931445,False
2024\imerg_20240909.nc,imerg_20240909.nc,OK,,0.0,1.0,0.17500001192092896,0.8760000467300415,0.5536357464760733,873600,873600,0,0,0,0,QC_STAT_ONLY,0.5370000004768372,"Per-file exact median; no QI threshold, filtering, or model input.",0.06780769999750191,False
2024\imerg_20240910.nc,imerg_20240910.nc,OK,,0.0,1.0,0.16700001060962677,0.8890000581741333,0.5825299874905177,873600,873600,0,0,0,0,QC_STAT_ONLY,0.5590000152587891,"Per-file exact median; no QI threshold, filtering, or model input.",0.07072909999988042,False
2024\imerg_20240911.nc,imerg_20240911.nc,OK,,0.0,1.0,0.15700000524520874,0.862000048160553,0.5579025323811625,873600,873600,0,0,0,0,QC_STAT_ONLY,0.5410000085830688,"Per-file exact median; no QI threshold, filtering, or model input.",0.06786450000072364,False
2024\imerg_20240912.nc,imerg_20240912.nc,OK,,0.0,1.0,0.15700000524520874,0.8890000581741333,0.5074836241675459,873600,873600,0,0,0,0,QC_STAT_ONLY,0.484000027179718,"Per-file exact median; no QI threshold, filtering, or model input.",0.07061560000147438,False
2024\imerg_20240913.nc,imerg_20240913.nc,OK,,0.0,1.0,0.15700000524520874,0.8460000157356262,0.5056722509198832,873600,873600,0,0,0,0,QC_STAT_ONLY,0.4870000183582306,"Per-file exact median; no QI threshold, filtering, or model input.",0.06723080000665504,False
2024\imerg_20240914.nc,imerg_20240914.nc,OK,,0.0,1.0,0.16100001335144043,0.8770000338554382,0.5128970385629568,873600,873600,0,0,0,0,QC_STAT_ONLY,0.4880000352859497,"Per-file exact median; no QI threshold, filtering, or model input.",0.06346460000349907,False
2024\imerg_20240915.nc,imerg_20240915.nc,OK,,0.0,1.0,0.15700000524520874,0.8770000338554382,0.527922971972858,873600,873600,0,0,0,0,QC_STAT_ONLY,0.5060000419616699,"Per-file exact median; no QI threshold, filtering, or model input.",0.06586500000412343,False
2024\imerg_20240916.nc,imerg_20240916.nc,OK,,0.0,1.0,0.31300002336502075,0.8470000624656677,0.5007251716102559,873600,873600,0,0,0,0,QC_STAT_ONLY,0.4910000264644623,"Per-file exact median; no QI threshold, filtering, or model input.",0.06518140000116546,False
2024\imerg_20240917.nc,imerg_20240917.nc,OK,,0.0,1.0,0.3370000123977661,0.8890000581741333,0.5105380679227262,873600,873600,0,0,0,0,QC_STAT_ONLY,0.4880000352859497,"Per-file exact median; no QI threshold, filtering, or model input.",0.06749829999898793,False
2024\imerg_20240918.nc,imerg_20240918.nc,OK,,0.0,1.0,0.3450000286102295,0.9130000472068787,0.543606995135109,873600,873600,0,0,0,0,QC_STAT_ONLY,0.531000018119812,"Per-file exact median; no QI threshold, filtering, or model input.",0.061429599998518825,False
2024\imerg_20240919.nc,imerg_20240919.nc,OK,,0.0,1.0,0.3630000054836273,0.8980000615119934,0.5975209818072549,873600,873600,0,0,0,0,QC_STAT_ONLY,0.5649999976158142,"Per-file exact median; no QI threshold, filtering, or model input.",0.07048410000425065,False
2024\imerg_20240920.nc,imerg_20240920.nc,OK,,0.0,1.0,0.3700000047683716,0.9350000619888306,0.5942294189704739,873600,873600,0,0,0,0,QC_STAT_ONLY,0.5610000491142273,"Per-file exact median; no QI threshold, filtering, or model input.",0.06913799999892944,False
2024\imerg_20240921.nc,imerg_20240921.nc,OK,,0.0,1.0,0.15700000524520874,0.9010000228881836,0.5815545564458873,873600,873600,0,0,0,0,QC_STAT_ONLY,0.5490000247955322,"Per-file exact median; no QI threshold, filtering, or model input.",0.06773819999943953,False
2024\imerg_20240922.nc,imerg_20240922.nc,OK,,0.0,1.0,0.15700000524520874,0.9350000619888306,0.5625675841046313,873600,873600,0,0,0,0,QC_STAT_ONLY,0.5410000085830688,"Per-file exact median; no QI threshold, filtering, or model input.",0.06487080000079004,False
2024\imerg_20240923.nc,imerg_20240923.nc,OK,,0.0,1.0,0.1770000010728836,0.9130000472068787,0.5683115702515448,873600,873600,0,0,0,0,QC_STAT_ONLY,0.5450000166893005,"Per-file exact median; no QI threshold, filtering, or model input.",0.06584339999972144,False
2024\imerg_20240924.nc,imerg_20240924.nc,OK,,0.0,1.0,0.15700000524520874,0.8920000195503235,0.558008089896254,873600,873600,0,0,0,0,QC_STAT_ONLY,0.5360000133514404,"Per-file exact median; no QI threshold, filtering, or model input.",0.06684850000601728,False
2024\imerg_20240925.nc,imerg_20240925.nc,OK,,0.0,1.0,0.1850000023841858,0.8970000147819519,0.5691401272009711,873600,873600,0,0,0,0,QC_STAT_ONLY,0.5450000166893005,"Per-file exact median; no QI threshold, filtering, or model input.",0.06505959999776678,False
2024\imerg_20240926.nc,imerg_20240926.nc,OK,,0.0,1.0,0.16700001060962677,0.8770000338554382,0.5742681271241699,873600,873600,0,0,0,0,QC_STAT_ONLY,0.5450000166893005,"Per-file exact median; no QI threshold, filtering, or model input.",0.06751599999552127,False
2024\imerg_20240927.nc,imerg_20240927.nc,OK,,0.0,1.0,0.1600000113248825,0.9330000281333923,0.5989444283864055,873600,873600,0,0,0,0,QC_STAT_ONLY,0.5690000057220459,"Per-file exact median; no QI threshold, filtering, or model input.",0.06229180000082124,False
2024\imerg_20240928.nc,imerg_20240928.nc,OK,,0.0,1.0,0.15800000727176666,0.9130000472068787,0.5829207618537635,873600,873600,0,0,0,0,QC_STAT_ONLY,0.5570000410079956,"Per-file exact median; no QI threshold, filtering, or model input.",0.06429819999902975,False
2024\imerg_20240929.nc,imerg_20240929.nc,OK,,0.0,1.0,0.15700000524520874,0.9150000214576721,0.5662661495968365,873600,873600,0,0,0,0,QC_STAT_ONLY,0.5400000214576721,"Per-file exact median; no QI threshold, filtering, or model input.",0.06366910000360804,False
2024\imerg_20240930.nc,imerg_20240930.nc,OK,,0.0,1.0,0.35100001096725464,0.9350000619888306,0.5653284605932268,873600,873600,0,0,0,0,QC_STAT_ONLY,0.5320000052452087,"Per-file exact median; no QI threshold, filtering, or model input.",0.06797820000065258,False
2024\imerg_20241001.nc,imerg_20241001.nc,OK,,0.0,1.0,0.16100001335144043,0.8770000338554382,0.562812511590463,873600,873600,0,0,0,0,QC_STAT_ONLY,0.5380000472068787,"Per-file exact median; no QI threshold, filtering, or model input.",0.06446239999786485,False
2024\imerg_20241002.nc,imerg_20241002.nc,OK,,0.0,1.0,0.17800000309944153,0.8870000243186951,0.5789384444724366,873600,873600,0,0,0,0,QC_STAT_ONLY,0.5610000491142273,"Per-file exact median; no QI threshold, filtering, or model input.",0.06675610000093002,False
2024\imerg_20241003.nc,imerg_20241003.nc,OK,,0.0,1.0,0.1680000126361847,0.8910000324249268,0.60323708144414,873600,873600,0,0,0,0,QC_STAT_ONLY,0.5840000510215759,"Per-file exact median; no QI threshold, filtering, or model input.",0.0665450000014971,False
2024\imerg_20241004.nc,imerg_20241004.nc,OK,,0.0,1.0,0.1680000126361847,0.8910000324249268,0.5976242199480267,873600,873600,0,0,0,0,QC_STAT_ONLY,0.5800000429153442,"Per-file exact median; no QI threshold, filtering, or model input.",0.06329000000550877,False
2024\imerg_20241005.nc,imerg_20241005.nc,OK,,0.0,1.0,0.1680000126361847,0.9230000376701355,0.5964512357341071,873600,873600,0,0,0,0,QC_STAT_ONLY,0.5800000429153442,"Per-file exact median; no QI threshold, filtering, or model input.",0.06864889999997104,False
2024\imerg_20241006.nc,imerg_20241006.nc,OK,,0.0,1.0,0.15800000727176666,0.8990000486373901,0.5722217011711161,873600,873600,0,0,0,0,QC_STAT_ONLY,0.5490000247955322,"Per-file exact median; no QI threshold, filtering, or model input.",0.06482060000416823,False
2024\imerg_20241007.nc,imerg_20241007.nc,OK,,0.0,1.0,0.15800000727176666,0.9110000729560852,0.5913984936542106,873600,873600,0,0,0,0,QC_STAT_ONLY,0.5710000395774841,"Per-file exact median; no QI threshold, filtering, or model input.",0.06603770000219811,False
2024\imerg_20241008.nc,imerg_20241008.nc,OK,,0.0,1.0,0.16200000047683716,0.8990000486373901,0.5873719390334677,873600,873600,0,0,0,0,QC_STAT_ONLY,0.5690000057220459,"Per-file exact median; no QI threshold, filtering, or model input.",0.06728070000099251,False
2024\imerg_20241009.nc,imerg_20241009.nc,OK,,0.0,1.0,0.16300000250339508,0.8940000534057617,0.5728914688023885,873600,873600,0,0,0,0,QC_STAT_ONLY,0.5600000023841858,"Per-file exact median; no QI threshold, filtering, or model input.",0.06605990000389284,False
2024\imerg_20241010.nc,imerg_20241010.nc,OK,,0.0,1.0,0.1770000010728836,0.8440000414848328,0.5833086248842194,873600,873600,0,0,0,0,QC_STAT_ONLY,0.5690000057220459,"Per-file exact median; no QI threshold, filtering, or model input.",0.06568200000037905,False
2024\imerg_20241011.nc,imerg_20241011.nc,OK,,0.0,1.0,0.1730000078678131,0.8990000486373901,0.5953607140106384,873600,873600,0,0,0,0,QC_STAT_ONLY,0.5800000429153442,"Per-file exact median; no QI threshold, filtering, or model input.",0.06847060000291094,False
2024\imerg_20241012.nc,imerg_20241012.nc,OK,,0.0,1.0,0.16100001335144043,0.9070000648498535,0.595369107109672,873600,873600,0,0,0,0,QC_STAT_ONLY,0.5720000267028809,"Per-file exact median; no QI threshold, filtering, or model input.",0.0629869000040344,False
2024\imerg_20241013.nc,imerg_20241013.nc,OK,,0.0,1.0,0.15800000727176666,0.9040000438690186,0.5845713674674159,873600,873600,0,0,0,0,QC_STAT_ONLY,0.5660000443458557,"Per-file exact median; no QI threshold, filtering, or model input.",0.0668766999951913,False
2024\imerg_20241014.nc,imerg_20241014.nc,OK,,0.0,1.0,0.15800000727176666,0.9070000648498535,0.5744174346910114,873600,873600,0,0,0,0,QC_STAT_ONLY,0.5560000538825989,"Per-file exact median; no QI threshold, filtering, or model input.",0.06467760000668932,False
2024\imerg_20241015.nc,imerg_20241015.nc,OK,,0.0,1.0,0.15800000727176666,0.9040000438690186,0.5719630908149025,873600,873600,0,0,0,0,QC_STAT_ONLY,0.550000011920929,"Per-file exact median; no QI threshold, filtering, or model input.",0.06410470000264468,False
2024\imerg_20241016.nc,imerg_20241016.nc,OK,,0.0,1.0,0.16100001335144043,0.8910000324249268,0.5673366497484148,873600,873600,0,0,0,0,QC_STAT_ONLY,0.550000011920929,"Per-file exact median; no QI threshold, filtering, or model input.",0.0667330999931437,False
2024\imerg_20241017.nc,imerg_20241017.nc,OK,,0.0,1.0,0.164000004529953,0.8560000658035278,0.5726986251291972,873600,873600,0,0,0,0,QC_STAT_ONLY,0.5640000104904175,"Per-file exact median; no QI threshold, filtering, or model input.",0.06316689999948721,False
2024\imerg_20241018.nc,imerg_20241018.nc,OK,,0.0,1.0,0.1720000058412552,0.9020000696182251,0.5911196327659953,873600,873600,0,0,0,0,QC_STAT_ONLY,0.5710000395774841,"Per-file exact median; no QI threshold, filtering, or model input.",0.06409680000069784,False
2024\imerg_20241019.nc,imerg_20241019.nc,OK,,0.0,1.0,0.16300000250339508,0.8910000324249268,0.5981036128392341,873600,873600,0,0,0,0,QC_STAT_ONLY,0.5800000429153442,"Per-file exact median; no QI threshold, filtering, or model input.",0.06453529999998864,False
2024\imerg_20241020.nc,imerg_20241020.nc,OK,,0.0,1.0,0.15800000727176666,0.9110000729560852,0.5912661109749576,873600,873600,0,0,0,0,QC_STAT_ONLY,0.5770000219345093,"Per-file exact median; no QI threshold, filtering, or model input.",0.06608789999881992,False
2024\imerg_20241021.nc,imerg_20241021.nc,OK,,0.0,1.0,0.15800000727176666,0.8910000324249268,0.5597099923553123,873600,873600,0,0,0,0,QC_STAT_ONLY,0.5370000004768372,"Per-file exact median; no QI threshold, filtering, or model input.",0.0648732999979984,False
2024\imerg_20241022.nc,imerg_20241022.nc,OK,,0.0,1.0,0.15800000727176666,0.9070000648498535,0.5653516898196422,873600,873600,0,0,0,0,QC_STAT_ONLY,0.5450000166893005,"Per-file exact median; no QI threshold, filtering, or model input.",0.06603619999805233,False
2024\imerg_20241023.nc,imerg_20241023.nc,OK,,0.0,1.0,0.15800000727176666,0.8910000324249268,0.5643516762040883,873600,873600,0,0,0,0,QC_STAT_ONLY,0.5490000247955322,"Per-file exact median; no QI threshold, filtering, or model input.",0.06267270000535063,False
2024\imerg_20241024.nc,imerg_20241024.nc,OK,,0.0,1.0,0.16300000250339508,0.8990000486373901,0.5705686120438345,873600,873600,0,0,0,0,QC_STAT_ONLY,0.5550000071525574,"Per-file exact median; no QI threshold, filtering, or model input.",0.07145820000005187,False
2024\imerg_20241025.nc,imerg_20241025.nc,OK,,0.0,1.0,0.16100001335144043,0.8770000338554382,0.5733151212990312,873600,873600,0,0,0,0,QC_STAT_ONLY,0.5560000538825989,"Per-file exact median; no QI threshold, filtering, or model input.",0.06681810000009136,False
2024\imerg_20241026.nc,imerg_20241026.nc,OK,,0.0,1.0,0.1680000126361847,0.8880000710487366,0.5967782014615718,873600,873600,0,0,0,0,QC_STAT_ONLY,0.5800000429153442,"Per-file exact median; no QI threshold, filtering, or model input.",0.06658009999955539,False
2024\imerg_20241027.nc,imerg_20241027.nc,OK,,0.0,1.0,0.16100001335144043,0.9360000491142273,0.6044021341536064,873600,873600,0,0,0,0,QC_STAT_ONLY,0.5840000510215759,"Per-file exact median; no QI threshold, filtering, or model input.",0.07011900000361493,False
2024\imerg_20241028.nc,imerg_20241028.nc,OK,,0.0,1.0,0.15800000727176666,0.8910000324249268,0.5774926171132667,873600,873600,0,0,0,0,QC_STAT_ONLY,0.5610000491142273,"Per-file exact median; no QI threshold, filtering, or model input.",0.0639311999984784,False
2024\imerg_20241029.nc,imerg_20241029.nc,OK,,0.0,1.0,0.16100001335144043,0.9070000648498535,0.5658474621426778,873600,873600,0,0,0,0,QC_STAT_ONLY,0.5470000505447388,"Per-file exact median; no QI threshold, filtering, or model input.",0.06370289999904344,False
2024\imerg_20241030.nc,imerg_20241030.nc,OK,,0.0,1.0,0.16200000047683716,0.8910000324249268,0.5667678658986778,873600,873600,0,0,0,0,QC_STAT_ONLY,0.5450000166893005,"Per-file exact median; no QI threshold, filtering, or model input.",0.0600172000049497,False
2024\imerg_20241031.nc,imerg_20241031.nc,OK,,0.0,1.0,0.164000004529953,0.8740000128746033,0.5818899592339153,873600,873600,0,0,0,0,QC_STAT_ONLY,0.562000036239624,"Per-file exact median; no QI threshold, filtering, or model input.",0.06563370000367286,False
2024\imerg_20241101.nc,imerg_20241101.nc,OK,,0.0,1.0,0.1770000010728836,0.8740000128746033,0.6202524132756073,873600,873600,0,0,0,0,QC_STAT_ONLY,0.6210000514984131,"Per-file exact median; no QI threshold, filtering, or model input.",0.061463400001230184,False
2024\imerg_20241102.nc,imerg_20241102.nc,OK,,0.0,1.0,0.18700000643730164,0.8740000128746033,0.6286440271594742,873600,873600,0,0,0,0,QC_STAT_ONLY,0.6260000467300415,"Per-file exact median; no QI threshold, filtering, or model input.",0.0623492000013357,False
2024\imerg_20241103.nc,imerg_20241103.nc,OK,,0.0,1.0,0.1680000126361847,0.909000039100647,0.6286517852300696,873600,873600,0,0,0,0,QC_STAT_ONLY,0.6240000128746033,"Per-file exact median; no QI threshold, filtering, or model input.",0.06088820000150008,False
2024\imerg_20241104.nc,imerg_20241104.nc,OK,,0.0,1.0,0.1680000126361847,0.909000039100647,0.6046254757508096,873600,873600,0,0,0,0,QC_STAT_ONLY,0.5940000414848328,"Per-file exact median; no QI threshold, filtering, or model input.",0.06168690000049537,False
2024\imerg_20241105.nc,imerg_20241105.nc,OK,,0.0,1.0,0.1680000126361847,0.8560000658035278,0.585927153921229,873600,873600,0,0,0,0,QC_STAT_ONLY,0.5770000219345093,"Per-file exact median; no QI threshold, filtering, or model input.",0.0646160999967833,False
2024\imerg_20241106.nc,imerg_20241106.nc,OK,,0.0,1.0,0.1680000126361847,0.893000066280365,0.5988404575111037,873600,873600,0,0,0,0,QC_STAT_ONLY,0.5879999995231628,"Per-file exact median; no QI threshold, filtering, or model input.",0.07419100000697654,False
2024\imerg_20241107.nc,imerg_20241107.nc,OK,,0.0,1.0,0.16500000655651093,0.8950000405311584,0.5994665804923932,873600,873600,0,0,0,0,QC_STAT_ONLY,0.597000002861023,"Per-file exact median; no QI threshold, filtering, or model input.",0.07082429999718443,False
2024\imerg_20241108.nc,imerg_20241108.nc,OK,,0.0,1.0,0.18700000643730164,0.8740000128746033,0.6053884235379924,873600,873600,0,0,0,0,QC_STAT_ONLY,0.6050000190734863,"Per-file exact median; no QI threshold, filtering, or model input.",0.06529800000134856,False
2024\imerg_20241109.nc,imerg_20241109.nc,OK,,0.0,1.0,0.18700000643730164,0.8740000128746033,0.6196050048439044,873600,873600,0,0,0,0,QC_STAT_ONLY,0.6240000128746033,"Per-file exact median; no QI threshold, filtering, or model input.",0.06317760000092676,False
2024\imerg_20241110.nc,imerg_20241110.nc,OK,,0.0,1.0,0.18700000643730164,0.909000039100647,0.6263371754255855,873600,873600,0,0,0,0,QC_STAT_ONLY,0.6220000386238098,"Per-file exact median; no QI threshold, filtering, or model input.",0.06072739999945043,False
2024\imerg_20241111.nc,imerg_20241111.nc,OK,,0.0,1.0,0.16500000655651093,0.9160000681877136,0.6124591881980022,873600,873600,0,0,0,0,QC_STAT_ONLY,0.6000000238418579,"Per-file exact median; no QI threshold, filtering, or model input.",0.06323400000110269,False
2024\imerg_20241112.nc,imerg_20241112.nc,OK,,0.0,1.0,0.16500000655651093,0.9200000166893005,0.5959353657426046,873600,873600,0,0,0,0,QC_STAT_ONLY,0.5879999995231628,"Per-file exact median; no QI threshold, filtering, or model input.",0.0638189000019338,False
2024\imerg_20241113.nc,imerg_20241113.nc,OK,,0.0,1.0,0.16500000655651093,0.909000039100647,0.5894445899109639,873600,873600,0,0,0,0,QC_STAT_ONLY,0.5760000348091125,"Per-file exact median; no QI threshold, filtering, or model input.",0.06479760000365786,False
2024\imerg_20241114.nc,imerg_20241114.nc,OK,,0.0,1.0,0.1770000010728836,0.9170000553131104,0.5922647337978808,873600,873600,0,0,0,0,QC_STAT_ONLY,0.5879999995231628,"Per-file exact median; no QI threshold, filtering, or model input.",0.05858820000139531,False
2024\imerg_20241115.nc,imerg_20241115.nc,OK,,0.0,1.0,0.18700000643730164,0.8950000405311584,0.597660064519598,873600,873600,0,0,0,0,QC_STAT_ONLY,0.5980000495910645,"Per-file exact median; no QI threshold, filtering, or model input.",0.06812660000286996,False
2024\imerg_20241116.nc,imerg_20241116.nc,OK,,0.0,1.0,0.17500001192092896,0.8520000576972961,0.6093488822825383,873600,873600,0,0,0,0,QC_STAT_ONLY,0.6040000319480896,"Per-file exact median; no QI threshold, filtering, or model input.",0.06596620000345865,False
2024\imerg_20241117.nc,imerg_20241117.nc,OK,,0.0,1.0,0.1680000126361847,0.8530000448226929,0.618996850714009,873600,873600,0,0,0,0,QC_STAT_ONLY,0.6110000014305115,"Per-file exact median; no QI threshold, filtering, or model input.",0.059271199999784585,False
2024\imerg_20241118.nc,imerg_20241118.nc,OK,,0.0,1.0,0.16500000655651093,0.8710000514984131,0.6217156041518277,873600,873600,0,0,0,0,QC_STAT_ONLY,0.612000048160553,"Per-file exact median; no QI threshold, filtering, or model input.",0.06223440000030678,False
2024\imerg_20241119.nc,imerg_20241119.nc,OK,,0.0,1.0,0.16500000655651093,0.9170000553131104,0.6014803679570754,873600,873600,0,0,0,0,QC_STAT_ONLY,0.5960000157356262,"Per-file exact median; no QI threshold, filtering, or model input.",0.05936910000309581,False
2024\imerg_20241120.nc,imerg_20241120.nc,OK,,0.0,1.0,0.16500000655651093,0.8730000257492065,0.5827309964873723,873600,873600,0,0,0,0,QC_STAT_ONLY,0.5710000395774841,"Per-file exact median; no QI threshold, filtering, or model input.",0.061693000003288034,False
2024\imerg_20241121.nc,imerg_20241121.nc,OK,,0.0,1.0,0.17500001192092896,0.8730000257492065,0.5845214756782382,873600,873600,0,0,0,0,QC_STAT_ONLY,0.5850000381469727,"Per-file exact median; no QI threshold, filtering, or model input.",0.06462389999796869,False
2024\imerg_20241122.nc,imerg_20241122.nc,OK,,0.0,1.0,0.17500001192092896,0.893000066280365,0.5947776086018302,873600,873600,0,0,0,0,QC_STAT_ONLY,0.5990000367164612,"Per-file exact median; no QI threshold, filtering, or model input.",0.06355590000021039,False
2024\imerg_20241123.nc,imerg_20241123.nc,OK,,0.0,1.0,0.18700000643730164,0.8730000257492065,0.5990361836449936,873600,873600,0,0,0,0,QC_STAT_ONLY,0.6010000109672546,"Per-file exact median; no QI threshold, filtering, or model input.",0.061008299999230076,False
2024\imerg_20241124.nc,imerg_20241124.nc,OK,,0.0,1.0,0.18700000643730164,0.8860000371932983,0.6252412838621011,873600,873600,0,0,0,0,QC_STAT_ONLY,0.6290000081062317,"Per-file exact median; no QI threshold, filtering, or model input.",0.06514679999963846,False
2024\imerg_20241125.nc,imerg_20241125.nc,OK,,0.0,1.0,0.1680000126361847,0.8740000128746033,0.612270429581779,873600,873600,0,0,0,0,QC_STAT_ONLY,0.6100000143051147,"Per-file exact median; no QI threshold, filtering, or model input.",0.0640583999993396,False
2024\imerg_20241126.nc,imerg_20241126.nc,OK,,0.0,1.0,0.1680000126361847,0.893000066280365,0.6110270978988152,873600,873600,0,0,0,0,QC_STAT_ONLY,0.6080000400543213,"Per-file exact median; no QI threshold, filtering, or model input.",0.06154860000242479,False
2024\imerg_20241127.nc,imerg_20241127.nc,OK,,0.0,1.0,0.16500000655651093,0.8450000286102295,0.5771228189989174,873600,873600,0,0,0,0,QC_STAT_ONLY,0.5710000395774841,"Per-file exact median; no QI threshold, filtering, or model input.",0.06262440000136849,False
2024\imerg_20241128.nc,imerg_20241128.nc,OK,,0.0,1.0,0.16500000655651093,0.8880000710487366,0.5552930544478812,873600,873600,0,0,0,0,QC_STAT_ONLY,0.5560000538825989,"Per-file exact median; no QI threshold, filtering, or model input.",0.061501900003349874,False
2024\imerg_20241129.nc,imerg_20241129.nc,OK,,0.0,1.0,0.16500000655651093,0.8400000333786011,0.57856407082568,873600,873600,0,0,0,0,QC_STAT_ONLY,0.5830000042915344,"Per-file exact median; no QI threshold, filtering, or model input.",0.06237849999888567,False
2024\imerg_20241130.nc,imerg_20241130.nc,OK,,0.0,1.0,0.17500001192092896,0.8710000514984131,0.6017216500377064,873600,873600,0,0,0,0,QC_STAT_ONLY,0.6050000190734863,"Per-file exact median; no QI threshold, filtering, or model input.",0.06064909999986412,False
2024\imerg_20241201.nc,imerg_20241201.nc,OK,,0.0,1.0,0.1850000023841858,0.8830000162124634,0.6082800578753781,873600,873600,0,0,0,0,QC_STAT_ONLY,0.597000002861023,"Per-file exact median; no QI threshold, filtering, or model input.",0.061211599997477606,False
2024\imerg_20241202.nc,imerg_20241202.nc,OK,,0.0,1.0,0.16300000250339508,0.8660000562667847,0.6190659222683116,873600,873600,0,0,0,0,QC_STAT_ONLY,0.6190000176429749,"Per-file exact median; no QI threshold, filtering, or model input.",0.06265629999688827,False
2024\imerg_20241203.nc,imerg_20241203.nc,OK,,0.0,1.0,0.16300000250339508,0.937000036239624,0.625889199141024,873600,873600,0,0,0,0,QC_STAT_ONLY,0.6310000419616699,"Per-file exact median; no QI threshold, filtering, or model input.",0.06353600000147708,False
2024\imerg_20241204.nc,imerg_20241204.nc,OK,,0.0,1.0,0.16100001335144043,0.8990000486373901,0.5951113322018492,873600,873600,0,0,0,0,QC_STAT_ONLY,0.5860000252723694,"Per-file exact median; no QI threshold, filtering, or model input.",0.061865099996794015,False
2024\imerg_20241205.nc,imerg_20241205.nc,OK,,0.0,1.0,0.16700001060962677,0.9230000376701355,0.5871883161615874,873600,873600,0,0,0,0,QC_STAT_ONLY,0.5690000057220459,"Per-file exact median; no QI threshold, filtering, or model input.",0.06931419999455102,False
2024\imerg_20241206.nc,imerg_20241206.nc,OK,,0.0,1.0,0.16300000250339508,0.8720000386238098,0.5946861720117552,873600,873600,0,0,0,0,QC_STAT_ONLY,0.5800000429153442,"Per-file exact median; no QI threshold, filtering, or model input.",0.06495499999437016,False
2024\imerg_20241207.nc,imerg_20241207.nc,OK,,0.0,1.0,0.1850000023841858,0.8690000176429749,0.6044539403700485,873600,873600,0,0,0,0,QC_STAT_ONLY,0.597000002861023,"Per-file exact median; no QI threshold, filtering, or model input.",0.0602465000047232,False
2024\imerg_20241208.nc,imerg_20241208.nc,OK,,0.0,1.0,0.17400000989437103,0.9220000505447388,0.6256385065521534,873600,873600,0,0,0,0,QC_STAT_ONLY,0.6290000081062317,"Per-file exact median; no QI threshold, filtering, or model input.",0.06323790000169538,False
2024\imerg_20241209.nc,imerg_20241209.nc,OK,,0.0,1.0,0.16300000250339508,0.8990000486373901,0.6102053463956403,873600,873600,0,0,0,0,QC_STAT_ONLY,0.5990000367164612,"Per-file exact median; no QI threshold, filtering, or model input.",0.06003929999860702,False
2024\imerg_20241210.nc,imerg_20241210.nc,OK,,0.0,1.0,0.16300000250339508,0.9230000376701355,0.6350654516455414,873600,873600,0,0,0,0,QC_STAT_ONLY,0.6370000243186951,"Per-file exact median; no QI threshold, filtering, or model input.",0.06263739999849349,False
2024\imerg_20241211.nc,imerg_20241211.nc,OK,,0.0,1.0,0.16100001335144043,0.9140000343322754,0.6049295480922036,873600,873600,0,0,0,0,QC_STAT_ONLY,0.609000027179718,"Per-file exact median; no QI threshold, filtering, or model input.",0.060053299996070564,False
2024\imerg_20241212.nc,imerg_20241212.nc,OK,,0.0,1.0,0.16300000250339508,0.937000036239624,0.5932692478245786,873600,873600,0,0,0,0,QC_STAT_ONLY,0.5690000057220459,"Per-file exact median; no QI threshold, filtering, or model input.",0.06462359999568434,False
2024\imerg_20241213.nc,imerg_20241213.nc,OK,,0.0,1.0,0.16100001335144043,0.8990000486373901,0.579828033974691,873600,873600,0,0,0,0,QC_STAT_ONLY,0.5690000057220459,"Per-file exact median; no QI threshold, filtering, or model input.",0.05990849999943748,False
2024\imerg_20241214.nc,imerg_20241214.nc,OK,,0.0,1.0,0.16300000250339508,0.8910000324249268,0.588318148929346,873600,873600,0,0,0,0,QC_STAT_ONLY,0.5820000171661377,"Per-file exact median; no QI threshold, filtering, or model input.",0.06287600000359816,False
2024\imerg_20241215.nc,imerg_20241215.nc,OK,,0.0,1.0,0.16300000250339508,0.8570000529289246,0.6044790291205908,873600,873600,0,0,0,0,QC_STAT_ONLY,0.5950000286102295,"Per-file exact median; no QI threshold, filtering, or model input.",0.05952479999541538,False
2024\imerg_20241216.nc,imerg_20241216.nc,OK,,0.0,1.0,0.1850000023841858,0.9230000376701355,0.6259402126330719,873600,873600,0,0,0,0,QC_STAT_ONLY,0.6170000433921814,"Per-file exact median; no QI threshold, filtering, or model input.",0.06178550000186078,False
2024\imerg_20241217.nc,imerg_20241217.nc,OK,,0.0,1.0,0.16700001060962677,0.9230000376701355,0.6310746611803156,873600,873600,0,0,0,0,QC_STAT_ONLY,0.625,"Per-file exact median; no QI threshold, filtering, or model input.",0.060518900005263276,False
2024\imerg_20241218.nc,imerg_20241218.nc,OK,,0.0,1.0,0.16100001335144043,0.8630000352859497,0.6082917800631149,873600,873600,0,0,0,0,QC_STAT_ONLY,0.597000002861023,"Per-file exact median; no QI threshold, filtering, or model input.",0.05816199999389937,False
2024\imerg_20241219.nc,imerg_20241219.nc,OK,,0.0,1.0,0.16100001335144043,0.9230000376701355,0.6047606258009878,873600,873600,0,0,0,0,QC_STAT_ONLY,0.593000054359436,"Per-file exact median; no QI threshold, filtering, or model input.",0.059663499996531755,False
2024\imerg_20241220.nc,imerg_20241220.nc,OK,,0.0,1.0,0.16100001335144043,0.9230000376701355,0.5957768635223568,873600,873600,0,0,0,0,QC_STAT_ONLY,0.5800000429153442,"Per-file exact median; no QI threshold, filtering, or model input.",0.05976910000026692,False
2024\imerg_20241221.nc,imerg_20241221.nc,OK,,0.0,1.0,0.1850000023841858,0.8910000324249268,0.5932782858083256,873600,873600,0,0,0,0,QC_STAT_ONLY,0.5940000414848328,"Per-file exact median; no QI threshold, filtering, or model input.",0.06667039999592816,False
2024\imerg_20241222.nc,imerg_20241222.nc,OK,,0.0,1.0,0.1850000023841858,0.8600000143051147,0.6077866261794433,873600,873600,0,0,0,0,QC_STAT_ONLY,0.597000002861023,"Per-file exact median; no QI threshold, filtering, or model input.",0.06384129999787547,False
2024\imerg_20241223.nc,imerg_20241223.nc,OK,,0.0,1.0,0.16700001060962677,0.921000063419342,0.6150439587568407,873600,873600,0,0,0,0,QC_STAT_ONLY,0.609000027179718,"Per-file exact median; no QI threshold, filtering, or model input.",0.0641650000034133,False
2024\imerg_20241224.nc,imerg_20241224.nc,OK,,0.0,1.0,0.16300000250339508,0.9270000457763672,0.6329994497076701,873600,873600,0,0,0,0,QC_STAT_ONLY,0.6360000371932983,"Per-file exact median; no QI threshold, filtering, or model input.",0.05851499999698717,False
2024\imerg_20241225.nc,imerg_20241225.nc,OK,,0.0,1.0,0.16100001335144043,0.9230000376701355,0.6322826774612464,873600,873600,0,0,0,0,QC_STAT_ONLY,0.625,"Per-file exact median; no QI threshold, filtering, or model input.",0.06681119999848306,False
2024\imerg_20241226.nc,imerg_20241226.nc,OK,,0.0,1.0,0.16100001335144043,0.9250000715255737,0.6064950442705781,873600,873600,0,0,0,0,QC_STAT_ONLY,0.5980000495910645,"Per-file exact median; no QI threshold, filtering, or model input.",0.06368990000191843,False
2024\imerg_20241227.nc,imerg_20241227.nc,OK,,0.0,1.0,0.16100001335144043,0.9250000715255737,0.5916211417506043,873600,873600,0,0,0,0,QC_STAT_ONLY,0.5800000429153442,"Per-file exact median; no QI threshold, filtering, or model input.",0.058915499997965526,False
2024\imerg_20241228.nc,imerg_20241228.nc,OK,,0.0,1.0,0.16100001335144043,0.9110000729560852,0.591257144142089,873600,873600,0,0,0,0,QC_STAT_ONLY,0.5740000009536743,"Per-file exact median; no QI threshold, filtering, or model input.",0.06145740000647493,False
2024\imerg_20241229.nc,imerg_20241229.nc,OK,,0.0,1.0,0.16700001060962677,0.893000066280365,0.6085679069013871,873600,873600,0,0,0,0,QC_STAT_ONLY,0.609000027179718,"Per-file exact median; no QI threshold, filtering, or model input.",0.059556899999734014,False
2024\imerg_20241230.nc,imerg_20241230.nc,OK,,0.0,1.0,0.16700001060962677,0.921000063419342,0.626589661319092,873600,873600,0,0,0,0,QC_STAT_ONLY,0.625,"Per-file exact median; no QI threshold, filtering, or model input.",0.061734100003377534,False
2024\imerg_20241231.nc,imerg_20241231.nc,OK,,0.0,1.0,0.16100001335144043,0.8670000433921814,0.5929484351785451,873600,873600,0,0,0,0,QC_STAT_ONLY,0.581000030040741,"Per-file exact median; no QI threshold, filtering, or model input.",0.06072480000148062,False
2025\imerg_20250101.nc,imerg_20250101.nc,OK,,0.0,1.0,0.19200000166893005,0.9250000715255737,0.6784350995500077,873600,873600,0,0,0,0,QC_STAT_ONLY,0.6760000586509705,"Per-file exact median; no QI threshold, filtering, or model input.",0.061959599996043835,False
2025\imerg_20250102.nc,imerg_20250102.nc,OK,,0.0,1.0,0.19200000166893005,0.89000004529953,0.6762095986407134,873600,873600,0,0,0,0,QC_STAT_ONLY,0.6690000295639038,"Per-file exact median; no QI threshold, filtering, or model input.",0.05853470000147354,False
2025\imerg_20250103.nc,imerg_20250103.nc,OK,,0.0,1.0,0.1850000023841858,0.9250000715255737,0.6617772900087472,873600,873600,0,0,0,0,QC_STAT_ONLY,0.6630000472068787,"Per-file exact median; no QI threshold, filtering, or model input.",0.06213500000012573,False
2025\imerg_20250104.nc,imerg_20250104.nc,OK,,0.0,1.0,0.19200000166893005,0.9220000505447388,0.6498086064017886,873600,873600,0,0,0,0,QC_STAT_ONLY,0.6580000519752502,"Per-file exact median; no QI threshold, filtering, or model input.",0.0603726999979699,False
2025\imerg_20250105.nc,imerg_20250105.nc,OK,,0.0,1.0,0.19200000166893005,0.8920000195503235,0.653392362165548,873600,873600,0,0,0,0,QC_STAT_ONLY,0.6620000600814819,"Per-file exact median; no QI threshold, filtering, or model input.",0.06169759999465896,False
2025\imerg_20250106.nc,imerg_20250106.nc,OK,,0.0,1.0,0.19200000166893005,0.8870000243186951,0.6806187653720666,873600,873600,0,0,0,0,QC_STAT_ONLY,0.6810000538825989,"Per-file exact median; no QI threshold, filtering, or model input.",0.061095000004570466,False
2025\imerg_20250107.nc,imerg_20250107.nc,OK,,0.0,1.0,0.19200000166893005,0.9130000472068787,0.7034734540954471,873600,873600,0,0,0,0,QC_STAT_ONLY,0.7010000348091125,"Per-file exact median; no QI threshold, filtering, or model input.",0.05907489999663085,False
2025\imerg_20250108.nc,imerg_20250108.nc,OK,,0.0,1.0,0.19300000369548798,0.9250000715255737,0.7053279896398269,873600,873600,0,0,0,0,QC_STAT_ONLY,0.7100000381469727,"Per-file exact median; no QI threshold, filtering, or model input.",0.0631059000006644,False
2025\imerg_20250109.nc,imerg_20250109.nc,OK,,0.0,1.0,0.1850000023841858,0.9220000505447388,0.6788031708224652,873600,873600,0,0,0,0,QC_STAT_ONLY,0.6810000538825989,"Per-file exact median; no QI threshold, filtering, or model input.",0.062489000003552064,False
2025\imerg_20250110.nc,imerg_20250110.nc,OK,,0.0,1.0,0.1850000023841858,0.9250000715255737,0.6513887137053841,873600,873600,0,0,0,0,QC_STAT_ONLY,0.6570000052452087,"Per-file exact median; no QI threshold, filtering, or model input.",0.062102199997752905,False
2025\imerg_20250111.nc,imerg_20250111.nc,OK,,0.0,1.0,0.1850000023841858,0.9250000715255737,0.6581912967779131,873600,873600,0,0,0,0,QC_STAT_ONLY,0.6630000472068787,"Per-file exact median; no QI threshold, filtering, or model input.",0.06633690000307979,False
2025\imerg_20250112.nc,imerg_20250112.nc,OK,,0.0,1.0,0.1850000023841858,0.8920000195503235,0.6433466800704476,873600,873600,0,0,0,0,QC_STAT_ONLY,0.6520000100135803,"Per-file exact median; no QI threshold, filtering, or model input.",0.06838330000027781,False
2025\imerg_20250113.nc,imerg_20250113.nc,OK,,0.0,1.0,0.2110000103712082,0.8920000195503235,0.6876981700315812,873600,873600,0,0,0,0,QC_STAT_ONLY,0.6930000185966492,"Per-file exact median; no QI threshold, filtering, or model input.",0.06421200000477256,False
2025\imerg_20250114.nc,imerg_20250114.nc,OK,,0.0,1.0,0.1900000125169754,0.9380000233650208,0.6879772032913496,873600,873600,0,0,0,0,QC_STAT_ONLY,0.6970000267028809,"Per-file exact median; no QI threshold, filtering, or model input.",0.07315139999991516,False
2025\imerg_20250115.nc,imerg_20250115.nc,OK,,0.0,1.0,0.20800000429153442,0.9380000233650208,0.6920874748640308,873600,873600,0,0,0,0,QC_STAT_ONLY,0.6970000267028809,"Per-file exact median; no QI threshold, filtering, or model input.",0.061516699999629054,False
2025\imerg_20250116.nc,imerg_20250116.nc,OK,,0.0,1.0,0.1850000023841858,0.9250000715255737,0.6761925163761211,873600,873600,0,0,0,0,QC_STAT_ONLY,0.6690000295639038,"Per-file exact median; no QI threshold, filtering, or model input.",0.06347710000409279,False
2025\imerg_20250117.nc,imerg_20250117.nc,OK,,0.0,1.0,0.1850000023841858,0.9270000457763672,0.6644613872848164,873600,873600,0,0,0,0,QC_STAT_ONLY,0.6650000214576721,"Per-file exact median; no QI threshold, filtering, or model input.",0.0636536999954842,False
2025\imerg_20250118.nc,imerg_20250118.nc,OK,,0.0,1.0,0.1850000023841858,0.9380000233650208,0.6735181281925435,873600,873600,0,0,0,0,QC_STAT_ONLY,0.6780000329017639,"Per-file exact median; no QI threshold, filtering, or model input.",0.06263049999688519,False
2025\imerg_20250119.nc,imerg_20250119.nc,OK,,0.0,1.0,0.21400001645088196,0.8920000195503235,0.6681142287870576,873600,873600,0,0,0,0,QC_STAT_ONLY,0.6670000553131104,"Per-file exact median; no QI threshold, filtering, or model input.",0.06197430000611348,False
2025\imerg_20250120.nc,imerg_20250120.nc,OK,,0.0,1.0,0.1850000023841858,0.8870000243186951,0.6690992645588072,873600,873600,0,0,0,0,QC_STAT_ONLY,0.6670000553131104,"Per-file exact median; no QI threshold, filtering, or model input.",0.059917399994446896,False
2025\imerg_20250121.nc,imerg_20250121.nc,OK,,0.0,1.0,0.19300000369548798,0.8920000195503235,0.6748894627931299,873600,873600,0,0,0,0,QC_STAT_ONLY,0.6680000424385071,"Per-file exact median; no QI threshold, filtering, or model input.",0.0645691000027,False
2025\imerg_20250122.nc,imerg_20250122.nc,OK,,0.0,1.0,0.20800000429153442,0.9250000715255737,0.7142419448355042,873600,873600,0,0,0,0,QC_STAT_ONLY,0.7110000252723694,"Per-file exact median; no QI threshold, filtering, or model input.",0.06088839999574702,False
2025\imerg_20250123.nc,imerg_20250123.nc,OK,,0.0,1.0,0.1850000023841858,0.9250000715255737,0.6958948129315216,873600,873600,0,0,0,0,QC_STAT_ONLY,0.6920000314712524,"Per-file exact median; no QI threshold, filtering, or model input.",0.06435590000182856,False
2025\imerg_20250124.nc,imerg_20250124.nc,OK,,0.0,1.0,0.19300000369548798,0.9080000519752502,0.6764380314553688,873600,873600,0,0,0,0,QC_STAT_ONLY,0.6670000553131104,"Per-file exact median; no QI threshold, filtering, or model input.",0.06263259999832371,False
2025\imerg_20250125.nc,imerg_20250125.nc,OK,,0.0,1.0,0.19200000166893005,0.9250000715255737,0.6654374541792739,873600,873600,0,0,0,0,QC_STAT_ONLY,0.6580000519752502,"Per-file exact median; no QI threshold, filtering, or model input.",0.06323440000414848,False
2025\imerg_20250126.nc,imerg_20250126.nc,OK,,0.0,1.0,0.20800000429153442,0.9220000505447388,0.6686392242498116,873600,873600,0,0,0,0,QC_STAT_ONLY,0.6660000085830688,"Per-file exact median; no QI threshold, filtering, or model input.",0.060299599994323216,False
2025\imerg_20250127.nc,imerg_20250127.nc,OK,,0.0,1.0,0.1850000023841858,0.9160000681877136,0.6742263959178995,873600,873600,0,0,0,0,QC_STAT_ONLY,0.6780000329017639,"Per-file exact median; no QI threshold, filtering, or model input.",0.06686039999476634,False
2025\imerg_20250128.nc,imerg_20250128.nc,OK,,0.0,1.0,0.19200000166893005,0.8870000243186951,0.6414012655062642,873600,873600,0,0,0,0,QC_STAT_ONLY,0.6510000228881836,"Per-file exact median; no QI threshold, filtering, or model input.",0.06360370000038529,False
2025\imerg_20250129.nc,imerg_20250129.nc,OK,,0.0,1.0,0.20800000429153442,0.9190000295639038,0.7018539644088323,873600,873600,0,0,0,0,QC_STAT_ONLY,0.7090000510215759,"Per-file exact median; no QI threshold, filtering, or model input.",0.06224610000208486,False
2025\imerg_20250130.nc,imerg_20250130.nc,OK,,0.0,1.0,0.20800000429153442,0.9320000410079956,0.6962399179690207,873600,873600,0,0,0,0,QC_STAT_ONLY,0.6880000233650208,"Per-file exact median; no QI threshold, filtering, or model input.",0.0668703000046662,False
2025\imerg_20250131.nc,imerg_20250131.nc,OK,,0.0,1.0,0.19200000166893005,0.9220000505447388,0.6872658732584968,873600,873600,0,0,0,0,QC_STAT_ONLY,0.6840000152587891,"Per-file exact median; no QI threshold, filtering, or model input.",0.06394990000262624,False
2025\imerg_20250201.nc,imerg_20250201.nc,OK,,0.0,1.0,0.19200000166893005,0.9240000247955322,0.6877015699701718,873600,873600,0,0,0,0,QC_STAT_ONLY,0.6800000071525574,"Per-file exact median; no QI threshold, filtering, or model input.",0.0637325999996392,False
2025\imerg_20250202.nc,imerg_20250202.nc,OK,,0.0,1.0,0.19200000166893005,0.9220000505447388,0.6687479033346216,873600,873600,0,0,0,0,QC_STAT_ONLY,0.6710000038146973,"Per-file exact median; no QI threshold, filtering, or model input.",0.07582120000006398,False
2025\imerg_20250203.nc,imerg_20250203.nc,OK,,0.0,1.0,0.1850000023841858,0.8920000195503235,0.6688585061505061,873600,873600,0,0,0,0,QC_STAT_ONLY,0.6670000553131104,"Per-file exact median; no QI threshold, filtering, or model input.",0.06311890000506537,False
2025\imerg_20250204.nc,imerg_20250204.nc,OK,,0.0,1.0,0.19700001180171967,0.8890000581741333,0.6682187671313273,873600,873600,0,0,0,0,QC_STAT_ONLY,0.6710000038146973,"Per-file exact median; no QI threshold, filtering, or model input.",0.06072709999716608,False
2025\imerg_20250205.nc,imerg_20250205.nc,OK,,0.0,1.0,0.2120000123977661,0.9020000696182251,0.7064931000107489,873600,873600,0,0,0,0,QC_STAT_ONLY,0.7020000219345093,"Per-file exact median; no QI threshold, filtering, or model input.",0.06078909999632742,False
2025\imerg_20250206.nc,imerg_20250206.nc,OK,,0.0,1.0,0.19700001180171967,0.9240000247955322,0.6924364992872992,873600,873600,0,0,0,0,QC_STAT_ONLY,0.6710000038146973,"Per-file exact median; no QI threshold, filtering, or model input.",0.06004870000469964,False
2025\imerg_20250207.nc,imerg_20250207.nc,OK,,0.0,1.0,0.19200000166893005,0.9220000505447388,0.6734437619217232,873600,873600,0,0,0,0,QC_STAT_ONLY,0.6710000038146973,"Per-file exact median; no QI threshold, filtering, or model input.",0.06143290000181878,False
2025\imerg_20250208.nc,imerg_20250208.nc,OK,,0.0,1.0,0.1850000023841858,0.9240000247955322,0.6613440704913878,873600,873600,0,0,0,0,QC_STAT_ONLY,0.656000018119812,"Per-file exact median; no QI threshold, filtering, or model input.",0.06583709999540588,False
2025\imerg_20250209.nc,imerg_20250209.nc,OK,,0.0,1.0,0.1850000023841858,0.9240000247955322,0.6528562079850011,873600,873600,0,0,0,0,QC_STAT_ONLY,0.6550000309944153,"Per-file exact median; no QI threshold, filtering, or model input.",0.060684199997922406,False
2025\imerg_20250210.nc,imerg_20250210.nc,OK,,0.0,1.0,0.1850000023841858,0.9130000472068787,0.6663652232183048,873600,873600,0,0,0,0,QC_STAT_ONLY,0.6640000343322754,"Per-file exact median; no QI threshold, filtering, or model input.",0.06335219999891706,False
2025\imerg_20250211.nc,imerg_20250211.nc,OK,,0.0,1.0,0.2200000137090683,0.9130000472068787,0.6829329550513936,873600,873600,0,0,0,0,QC_STAT_ONLY,0.6940000057220459,"Per-file exact median; no QI threshold, filtering, or model input.",0.06038750000152504,False
2025\imerg_20250212.nc,imerg_20250212.nc,OK,,0.0,1.0,0.2120000123977661,0.8920000195503235,0.7011037404964688,873600,873600,0,0,0,0,QC_STAT_ONLY,0.7010000348091125,"Per-file exact median; no QI threshold, filtering, or model input.",0.06457999999838648,False
2025\imerg_20250213.nc,imerg_20250213.nc,OK,,0.0,1.0,0.21800000965595245,0.9240000247955322,0.7077220119095847,873600,873600,0,0,0,0,QC_STAT_ONLY,0.7040000557899475,"Per-file exact median; no QI threshold, filtering, or model input.",0.06272119999630377,False
2025\imerg_20250214.nc,imerg_20250214.nc,OK,,0.0,1.0,0.19700001180171967,0.9240000247955322,0.6902671942258792,873600,873600,0,0,0,0,QC_STAT_ONLY,0.6940000057220459,"Per-file exact median; no QI threshold, filtering, or model input.",0.06552669999655336,False
2025\imerg_20250215.nc,imerg_20250215.nc,OK,,0.0,1.0,0.19200000166893005,0.9120000600814819,0.6546754429990174,873600,873600,0,0,0,0,QC_STAT_ONLY,0.6620000600814819,"Per-file exact median; no QI threshold, filtering, or model input.",0.06322340000042459,False
2025\imerg_20250216.nc,imerg_20250216.nc,OK,,0.0,1.0,0.19200000166893005,0.9240000247955322,0.6647192948772112,873600,873600,0,0,0,0,QC_STAT_ONLY,0.6710000038146973,"Per-file exact median; no QI threshold, filtering, or model input.",0.0673361000008299,False
2025\imerg_20250217.nc,imerg_20250217.nc,OK,,0.0,1.0,0.1850000023841858,0.8980000615119934,0.6647145635161323,873600,873600,0,0,0,0,QC_STAT_ONLY,0.6710000038146973,"Per-file exact median; no QI threshold, filtering, or model input.",0.0637568999954965,False
2025\imerg_20250218.nc,imerg_20250218.nc,OK,,0.0,1.0,0.1850000023841858,0.8920000195503235,0.66003542531396,873600,873600,0,0,0,0,QC_STAT_ONLY,0.6670000553131104,"Per-file exact median; no QI threshold, filtering, or model input.",0.06192690000170842,False
2025\imerg_20250219.nc,imerg_20250219.nc,OK,,0.0,1.0,0.19700001180171967,0.8920000195503235,0.6765632715666898,873600,873600,0,0,0,0,QC_STAT_ONLY,0.6790000200271606,"Per-file exact median; no QI threshold, filtering, or model input.",0.06896119999873918,False
2025\imerg_20250220.nc,imerg_20250220.nc,OK,,0.0,1.0,0.19700001180171967,0.9120000600814819,0.6897077500577777,873600,873600,0,0,0,0,QC_STAT_ONLY,0.7020000219345093,"Per-file exact median; no QI threshold, filtering, or model input.",0.06307110000489047,False
2025\imerg_20250221.nc,imerg_20250221.nc,OK,,0.0,1.0,0.19700001180171967,0.9240000247955322,0.6939575141040615,873600,873600,0,0,0,0,QC_STAT_ONLY,0.7020000219345093,"Per-file exact median; no QI threshold, filtering, or model input.",0.06646779999573482,False
2025\imerg_20250222.nc,imerg_20250222.nc,OK,,0.0,1.0,0.1850000023841858,0.9120000600814819,0.6595968813982352,873600,873600,0,0,0,0,QC_STAT_ONLY,0.6620000600814819,"Per-file exact median; no QI threshold, filtering, or model input.",0.06872269999439595,False
2025\imerg_20250223.nc,imerg_20250223.nc,OK,,0.0,1.0,0.19200000166893005,0.9240000247955322,0.6447186603131039,873600,873600,0,0,0,0,QC_STAT_ONLY,0.6490000486373901,"Per-file exact median; no QI threshold, filtering, or model input.",0.06479980000585783,False
2025\imerg_20250224.nc,imerg_20250224.nc,OK,,0.0,1.0,0.1850000023841858,0.8980000615119934,0.6650691778627446,873600,873600,0,0,0,0,QC_STAT_ONLY,0.6620000600814819,"Per-file exact median; no QI threshold, filtering, or model input.",0.06527720000303816,False
2025\imerg_20250225.nc,imerg_20250225.nc,OK,,0.0,1.0,0.1850000023841858,0.8920000195503235,0.671007020872482,873600,873600,0,0,0,0,QC_STAT_ONLY,0.6720000505447388,"Per-file exact median; no QI threshold, filtering, or model input.",0.06548480000492418,False
2025\imerg_20250226.nc,imerg_20250226.nc,OK,,0.0,1.0,0.19200000166893005,0.9000000357627869,0.6773057878169576,873600,873600,0,0,0,0,QC_STAT_ONLY,0.6820000410079956,"Per-file exact median; no QI threshold, filtering, or model input.",0.06254569999873638,False
2025\imerg_20250227.nc,imerg_20250227.nc,OK,,0.0,1.0,0.19200000166893005,0.9020000696182251,0.6835642150322985,873600,873600,0,0,0,0,QC_STAT_ONLY,0.7010000348091125,"Per-file exact median; no QI threshold, filtering, or model input.",0.06353490000037709,False
2025\imerg_20250228.nc,imerg_20250228.nc,OK,,0.0,1.0,0.19700001180171967,0.9240000247955322,0.6888885320392318,873600,873600,0,0,0,0,QC_STAT_ONLY,0.7010000348091125,"Per-file exact median; no QI threshold, filtering, or model input.",0.06265149999671848,False
2025\imerg_20250301.nc,imerg_20250301.nc,OK,,0.0,1.0,0.1680000126361847,0.9270000457763672,0.6090075880776572,873600,873600,0,0,0,0,QC_STAT_ONLY,0.6110000014305115,"Per-file exact median; no QI threshold, filtering, or model input.",0.06232779999845661,False
2025\imerg_20250302.nc,imerg_20250302.nc,OK,,0.0,1.0,0.1720000058412552,0.9380000233650208,0.607050442987091,873600,873600,0,0,0,0,QC_STAT_ONLY,0.6100000143051147,"Per-file exact median; no QI threshold, filtering, or model input.",0.06428259999665897,False
2025\imerg_20250303.nc,imerg_20250303.nc,OK,,0.0,1.0,0.16600000858306885,0.8580000400543213,0.6070665443363692,873600,873600,0,0,0,0,QC_STAT_ONLY,0.6110000014305115,"Per-file exact median; no QI threshold, filtering, or model input.",0.06253770000330405,False
2025\imerg_20250304.nc,imerg_20250304.nc,OK,,0.0,1.0,0.16300000250339508,0.9160000681877136,0.6192188511188602,873600,873600,0,0,0,0,QC_STAT_ONLY,0.6220000386238098,"Per-file exact median; no QI threshold, filtering, or model input.",0.06401170000026468,False
2025\imerg_20250305.nc,imerg_20250305.nc,OK,,0.0,1.0,0.1720000058412552,0.9380000233650208,0.6226034435732699,873600,873600,0,0,0,0,QC_STAT_ONLY,0.628000020980835,"Per-file exact median; no QI threshold, filtering, or model input.",0.06135599999834085,False
2025\imerg_20250306.nc,imerg_20250306.nc,OK,,0.0,1.0,0.1680000126361847,0.9270000457763672,0.6324069874874408,873600,873600,0,0,0,0,QC_STAT_ONLY,0.6350000500679016,"Per-file exact median; no QI threshold, filtering, or model input.",0.06351240000367397,False
2025\imerg_20250307.nc,imerg_20250307.nc,OK,,0.0,1.0,0.1680000126361847,0.9300000667572021,0.626743354274168,873600,873600,0,0,0,0,QC_STAT_ONLY,0.6350000500679016,"Per-file exact median; no QI threshold, filtering, or model input.",0.0661037000027136,False
2025\imerg_20250308.nc,imerg_20250308.nc,OK,,0.0,1.0,0.1680000126361847,0.921000063419342,0.6240088763048415,873600,873600,0,0,0,0,QC_STAT_ONLY,0.6320000290870667,"Per-file exact median; no QI threshold, filtering, or model input.",0.0629553999970085,False
2025\imerg_20250309.nc,imerg_20250309.nc,OK,,0.0,1.0,0.16600000858306885,0.9530000686645508,0.6085379970728867,873600,873600,0,0,0,0,QC_STAT_ONLY,0.6110000014305115,"Per-file exact median; no QI threshold, filtering, or model input.",0.05944900000031339,False
2025\imerg_20250310.nc,imerg_20250310.nc,OK,,0.0,1.0,0.16300000250339508,0.9270000457763672,0.6070038191289487,873600,873600,0,0,0,0,QC_STAT_ONLY,0.6150000095367432,"Per-file exact median; no QI threshold, filtering, or model input.",0.06489359999977751,False
2025\imerg_20250311.nc,imerg_20250311.nc,OK,,0.0,1.0,0.1680000126361847,0.9260000586509705,0.608968333037768,873600,873600,0,0,0,0,QC_STAT_ONLY,0.6150000095367432,"Per-file exact median; no QI threshold, filtering, or model input.",0.0682029000017792,False
2025\imerg_20250312.nc,imerg_20250312.nc,OK,,0.0,1.0,0.18200001120567322,0.9110000729560852,0.6402996082503294,873600,873600,0,0,0,0,QC_STAT_ONLY,0.6380000114440918,"Per-file exact median; no QI threshold, filtering, or model input.",0.0642093999995268,False
2025\imerg_20250313.nc,imerg_20250313.nc,OK,,0.0,1.0,0.1680000126361847,0.9480000734329224,0.6354952422063798,873600,873600,0,0,0,0,QC_STAT_ONLY,0.6460000276565552,"Per-file exact median; no QI threshold, filtering, or model input.",0.06816419999813661,False
2025\imerg_20250314.nc,imerg_20250314.nc,OK,,0.0,1.0,0.1680000126361847,0.9170000553131104,0.6334678289635045,873600,873600,0,0,0,0,QC_STAT_ONLY,0.6350000500679016,"Per-file exact median; no QI threshold, filtering, or model input.",0.06976140000188025,False
2025\imerg_20250315.nc,imerg_20250315.nc,OK,,0.0,1.0,0.1680000126361847,0.9270000457763672,0.638790974400054,873600,873600,0,0,0,0,QC_STAT_ONLY,0.64000004529953,"Per-file exact median; no QI threshold, filtering, or model input.",0.06771869999647606,False
2025\imerg_20250316.nc,imerg_20250316.nc,OK,,0.0,1.0,0.16300000250339508,0.9170000553131104,0.6155180796186676,873600,873600,0,0,0,0,QC_STAT_ONLY,0.6190000176429749,"Per-file exact median; no QI threshold, filtering, or model input.",0.06400270000449382,False
2025\imerg_20250317.nc,imerg_20250317.nc,OK,,0.0,1.0,0.16600000858306885,0.9270000457763672,0.6141528988448091,873600,873600,0,0,0,0,QC_STAT_ONLY,0.6190000176429749,"Per-file exact median; no QI threshold, filtering, or model input.",0.06797550000192132,False
2025\imerg_20250318.nc,imerg_20250318.nc,OK,,0.0,1.0,0.16600000858306885,0.8830000162124634,0.5962435806839259,873600,873600,0,0,0,0,QC_STAT_ONLY,0.6070000529289246,"Per-file exact median; no QI threshold, filtering, or model input.",0.06531949999771314,False
2025\imerg_20250319.nc,imerg_20250319.nc,OK,,0.0,1.0,0.16600000858306885,0.9160000681877136,0.5900267403563757,873600,873600,0,0,0,0,QC_STAT_ONLY,0.597000002861023,"Per-file exact median; no QI threshold, filtering, or model input.",0.06738599999516737,False
2025\imerg_20250320.nc,imerg_20250320.nc,OK,,0.0,1.0,0.1680000126361847,0.9170000553131104,0.6256210593208023,873600,873600,0,0,0,0,QC_STAT_ONLY,0.6350000500679016,"Per-file exact median; no QI threshold, filtering, or model input.",0.06518060000234982,False
2025\imerg_20250321.nc,imerg_20250321.nc,OK,,0.0,1.0,0.1680000126361847,0.9020000696182251,0.631019755513919,873600,873600,0,0,0,0,QC_STAT_ONLY,0.6350000500679016,"Per-file exact median; no QI threshold, filtering, or model input.",0.06359339999471558,False
2025\imerg_20250322.nc,imerg_20250322.nc,OK,,0.0,1.0,0.1680000126361847,0.9410000443458557,0.6309848127404105,873600,873600,0,0,0,0,QC_STAT_ONLY,0.6370000243186951,"Per-file exact median; no QI threshold, filtering, or model input.",0.06660120000015013,False
2025\imerg_20250323.nc,imerg_20250323.nc,OK,,0.0,1.0,0.16600000858306885,0.9170000553131104,0.6216348935073862,873600,873600,0,0,0,0,QC_STAT_ONLY,0.6350000500679016,"Per-file exact median; no QI threshold, filtering, or model input.",0.062493800003721844,False
2025\imerg_20250324.nc,imerg_20250324.nc,OK,,0.0,1.0,0.16300000250339508,0.9170000553131104,0.5958380437713123,873600,873600,0,0,0,0,QC_STAT_ONLY,0.6100000143051147,"Per-file exact median; no QI threshold, filtering, or model input.",0.12204580000252463,False
2025\imerg_20250325.nc,imerg_20250325.nc,OK,,0.0,1.0,0.16300000250339508,0.9380000233650208,0.598816700337963,873600,873600,0,0,0,0,QC_STAT_ONLY,0.6100000143051147,"Per-file exact median; no QI threshold, filtering, or model input.",0.13703730000270298,False
2025\imerg_20250326.nc,imerg_20250326.nc,OK,,0.0,1.0,0.16600000858306885,0.9160000681877136,0.6151356566939571,873600,873600,0,0,0,0,QC_STAT_ONLY,0.628000020980835,"Per-file exact median; no QI threshold, filtering, or model input.",0.07197070000256645,False
2025\imerg_20250327.nc,imerg_20250327.nc,OK,,0.0,1.0,0.16300000250339508,0.9040000438690186,0.6250003712757357,873600,873600,0,0,0,0,QC_STAT_ONLY,0.6350000500679016,"Per-file exact median; no QI threshold, filtering, or model input.",0.07261819999985164,False
2025\imerg_20250328.nc,imerg_20250328.nc,OK,,0.0,1.0,0.16300000250339508,0.9020000696182251,0.6355142957937729,873600,873600,0,0,0,0,QC_STAT_ONLY,0.6350000500679016,"Per-file exact median; no QI threshold, filtering, or model input.",0.17610140000033425,False
2025\imerg_20250329.nc,imerg_20250329.nc,OK,,0.0,1.0,0.16600000858306885,0.9170000553131104,0.6249560734493345,873600,873600,0,0,0,0,QC_STAT_ONLY,0.6320000290870667,"Per-file exact median; no QI threshold, filtering, or model input.",0.08960849999857601,False
2025\imerg_20250330.nc,imerg_20250330.nc,OK,,0.0,1.0,0.16600000858306885,0.9170000553131104,0.6269982600967219,873600,873600,0,0,0,0,QC_STAT_ONLY,0.6320000290870667,"Per-file exact median; no QI threshold, filtering, or model input.",0.09139850000065053,False
2025\imerg_20250331.nc,imerg_20250331.nc,OK,,0.0,1.0,0.16600000858306885,0.9170000553131104,0.6233897646573874,873600,873600,0,0,0,0,QC_STAT_ONLY,0.625,"Per-file exact median; no QI threshold, filtering, or model input.",0.23777770000015153,False
2025\imerg_20250401.nc,imerg_20250401.nc,OK,,0.0,1.0,0.14600001275539398,0.8950000405311584,0.586507822155045,873600,873600,0,0,0,0,QC_STAT_ONLY,0.5890000462532043,"Per-file exact median; no QI threshold, filtering, or model input.",0.08043789999646833,False
2025\imerg_20250402.nc,imerg_20250402.nc,OK,,0.0,1.0,0.17400000989437103,0.9170000553131104,0.5816306444990957,873600,873600,0,0,0,0,QC_STAT_ONLY,0.5890000462532043,"Per-file exact median; no QI threshold, filtering, or model input.",0.06805960000201594,False
2025\imerg_20250403.nc,imerg_20250403.nc,OK,,0.0,1.0,0.14600001275539398,0.9020000696182251,0.5853926910468694,873600,873600,0,0,0,0,QC_STAT_ONLY,0.5900000333786011,"Per-file exact median; no QI threshold, filtering, or model input.",0.06368759999895701,False
2025\imerg_20250404.nc,imerg_20250404.nc,OK,,0.0,1.0,0.14800000190734863,0.8800000548362732,0.5941587097374824,873600,873600,0,0,0,0,QC_STAT_ONLY,0.6030000448226929,"Per-file exact median; no QI threshold, filtering, or model input.",0.06856079999852227,False
2025\imerg_20250405.nc,imerg_20250405.nc,OK,,0.0,1.0,0.14600001275539398,0.9110000729560852,0.595883588503514,873600,873600,0,0,0,0,QC_STAT_ONLY,0.5980000495910645,"Per-file exact median; no QI threshold, filtering, or model input.",0.06931550000444986,False
2025\imerg_20250406.nc,imerg_20250406.nc,OK,,0.0,1.0,0.14600001275539398,0.9170000553131104,0.598054219826957,873600,873600,0,0,0,0,QC_STAT_ONLY,0.6020000576972961,"Per-file exact median; no QI threshold, filtering, or model input.",0.07600799999636365,False
2025\imerg_20250407.nc,imerg_20250407.nc,OK,,0.0,1.0,0.14600001275539398,0.9110000729560852,0.5787491130138553,873600,873600,0,0,0,0,QC_STAT_ONLY,0.5830000042915344,"Per-file exact median; no QI threshold, filtering, or model input.",0.07490319999487838,False
2025\imerg_20250408.nc,imerg_20250408.nc,OK,,0.0,1.0,0.14600001275539398,0.8970000147819519,0.5756625329766034,873600,873600,0,0,0,0,QC_STAT_ONLY,0.5700000524520874,"Per-file exact median; no QI threshold, filtering, or model input.",0.0754393999959575,False
2025\imerg_20250409.nc,imerg_20250409.nc,OK,,0.0,1.0,0.17400000989437103,0.9170000553131104,0.582352239345985,873600,873600,0,0,0,0,QC_STAT_ONLY,0.5850000381469727,"Per-file exact median; no QI threshold, filtering, or model input.",0.06321629999729339,False
2025\imerg_20250410.nc,imerg_20250410.nc,OK,,0.0,1.0,0.14800000190734863,0.9170000553131104,0.5965512253907458,873600,873600,0,0,0,0,QC_STAT_ONLY,0.5920000076293945,"Per-file exact median; no QI threshold, filtering, or model input.",0.061349799994786736,False
2025\imerg_20250411.nc,imerg_20250411.nc,OK,,0.0,1.0,0.17400000989437103,0.9170000553131104,0.607165600160263,873600,873600,0,0,0,0,QC_STAT_ONLY,0.6060000061988831,"Per-file exact median; no QI threshold, filtering, or model input.",0.0680214000021806,False
2025\imerg_20250412.nc,imerg_20250412.nc,OK,,0.0,1.0,0.14800000190734863,0.9260000586509705,0.5906959862096897,873600,873600,0,0,0,0,QC_STAT_ONLY,0.5910000205039978,"Per-file exact median; no QI threshold, filtering, or model input.",0.06453279999550432,False
2025\imerg_20250413.nc,imerg_20250413.nc,OK,,0.0,1.0,0.14600001275539398,0.9040000438690186,0.5847135000637026,873600,873600,0,0,0,0,QC_STAT_ONLY,0.5890000462532043,"Per-file exact median; no QI threshold, filtering, or model input.",0.06478679999418091,False
2025\imerg_20250414.nc,imerg_20250414.nc,OK,,0.0,1.0,0.14800000190734863,0.9110000729560852,0.5855396704232634,873600,873600,0,0,0,0,QC_STAT_ONLY,0.5830000042915344,"Per-file exact median; no QI threshold, filtering, or model input.",0.06697710000298684,False
2025\imerg_20250415.nc,imerg_20250415.nc,OK,,0.0,1.0,0.14600001275539398,0.9260000586509705,0.5956799597302861,873600,873600,0,0,0,0,QC_STAT_ONLY,0.5990000367164612,"Per-file exact median; no QI threshold, filtering, or model input.",0.0692397999955574,False
2025\imerg_20250416.nc,imerg_20250416.nc,OK,,0.0,1.0,0.1510000079870224,0.9170000553131104,0.5928166703640351,873600,873600,0,0,0,0,QC_STAT_ONLY,0.5910000205039978,"Per-file exact median; no QI threshold, filtering, or model input.",0.06761259999620961,False
2025\imerg_20250417.nc,imerg_20250417.nc,OK,,0.0,1.0,0.14800000190734863,0.9190000295639038,0.5885939221037552,873600,873600,0,0,0,0,QC_STAT_ONLY,0.5910000205039978,"Per-file exact median; no QI threshold, filtering, or model input.",0.0703256999986479,False
2025\imerg_20250418.nc,imerg_20250418.nc,OK,,0.0,1.0,0.14800000190734863,0.937000036239624,0.5985757883306211,873600,873600,0,0,0,0,QC_STAT_ONLY,0.6010000109672546,"Per-file exact median; no QI threshold, filtering, or model input.",0.0662030000021332,False
2025\imerg_20250419.nc,imerg_20250419.nc,OK,,0.0,1.0,0.14800000190734863,0.9380000233650208,0.6065674485158066,873600,873600,0,0,0,0,QC_STAT_ONLY,0.6030000448226929,"Per-file exact median; no QI threshold, filtering, or model input.",0.07344739999825833,False
2025\imerg_20250420.nc,imerg_20250420.nc,OK,,0.0,1.0,0.14600001275539398,0.937000036239624,0.5897815034114807,873600,873600,0,0,0,0,QC_STAT_ONLY,0.5890000462532043,"Per-file exact median; no QI threshold, filtering, or model input.",0.06636190000426723,False
2025\imerg_20250421.nc,imerg_20250421.nc,OK,,0.0,1.0,0.14800000190734863,0.9110000729560852,0.5860775681669507,873600,873600,0,0,0,0,QC_STAT_ONLY,0.578000009059906,"Per-file exact median; no QI threshold, filtering, or model input.",0.06340490000002319,False
2025\imerg_20250422.nc,imerg_20250422.nc,OK,,0.0,1.0,0.14600001275539398,0.9270000457763672,0.5958426715301917,873600,873600,0,0,0,0,QC_STAT_ONLY,0.5960000157356262,"Per-file exact median; no QI threshold, filtering, or model input.",0.06501500000013039,False
2025\imerg_20250423.nc,imerg_20250423.nc,OK,,0.0,1.0,0.17400000989437103,0.9270000457763672,0.5832107717602005,873600,873600,0,0,0,0,QC_STAT_ONLY,0.5890000462532043,"Per-file exact median; no QI threshold, filtering, or model input.",0.06561499999952503,False
2025\imerg_20250424.nc,imerg_20250424.nc,OK,,0.0,1.0,0.17400000989437103,0.9190000295639038,0.5898353078372729,873600,873600,0,0,0,0,QC_STAT_ONLY,0.5990000367164612,"Per-file exact median; no QI threshold, filtering, or model input.",0.06573180000123102,False
2025\imerg_20250425.nc,imerg_20250425.nc,OK,,0.0,1.0,0.14800000190734863,0.9170000553131104,0.5881126581870988,873600,873600,0,0,0,0,QC_STAT_ONLY,0.5910000205039978,"Per-file exact median; no QI threshold, filtering, or model input.",0.06210449999343837,False
2025\imerg_20250426.nc,imerg_20250426.nc,OK,,0.0,1.0,0.14800000190734863,0.9310000538825989,0.6007024658992954,873600,873600,0,0,0,0,QC_STAT_ONLY,0.6060000061988831,"Per-file exact median; no QI threshold, filtering, or model input.",0.06611749999865424,False
2025\imerg_20250427.nc,imerg_20250427.nc,OK,,0.0,1.0,0.14600001275539398,0.9280000329017639,0.5934103135614666,873600,873600,0,0,0,0,QC_STAT_ONLY,0.5910000205039978,"Per-file exact median; no QI threshold, filtering, or model input.",0.06342769999901066,False
2025\imerg_20250428.nc,imerg_20250428.nc,OK,,0.0,1.0,0.14800000190734863,0.9110000729560852,0.5851848602715553,873600,873600,0,0,0,0,QC_STAT_ONLY,0.5890000462532043,"Per-file exact median; no QI threshold, filtering, or model input.",0.06856649999826914,False
2025\imerg_20250429.nc,imerg_20250429.nc,OK,,0.0,1.0,0.14800000190734863,0.9110000729560852,0.5925859398677119,873600,873600,0,0,0,0,QC_STAT_ONLY,0.5890000462532043,"Per-file exact median; no QI threshold, filtering, or model input.",0.06680110000161221,False
2025\imerg_20250430.nc,imerg_20250430.nc,OK,,0.0,1.0,0.17400000989437103,0.9170000553131104,0.573625903875318,873600,873600,0,0,0,0,QC_STAT_ONLY,0.5790000557899475,"Per-file exact median; no QI threshold, filtering, or model input.",0.06834539999545086,False
2025\imerg_20250501.nc,imerg_20250501.nc,OK,,0.0,1.0,0.1510000079870224,0.9110000729560852,0.5471932622757587,873600,873600,0,0,0,0,QC_STAT_ONLY,0.5450000166893005,"Per-file exact median; no QI threshold, filtering, or model input.",0.06837769999401644,False
2025\imerg_20250502.nc,imerg_20250502.nc,OK,,0.0,1.0,0.1510000079870224,0.8980000615119934,0.5641068735793097,873600,873600,0,0,0,0,QC_STAT_ONLY,0.5600000023841858,"Per-file exact median; no QI threshold, filtering, or model input.",0.06506879999506054,False
2025\imerg_20250503.nc,imerg_20250503.nc,OK,,0.0,1.0,0.1510000079870224,0.9230000376701355,0.5631343372011277,873600,873600,0,0,0,0,QC_STAT_ONLY,0.5580000281333923,"Per-file exact median; no QI threshold, filtering, or model input.",0.06945039999845903,False
2025\imerg_20250504.nc,imerg_20250504.nc,OK,,0.0,1.0,0.1510000079870224,0.9110000729560852,0.5771307252139372,873600,873600,0,0,0,0,QC_STAT_ONLY,0.5740000009536743,"Per-file exact median; no QI threshold, filtering, or model input.",0.06872399999701884,False
2025\imerg_20250505.nc,imerg_20250505.nc,OK,,0.0,1.0,0.1510000079870224,0.9230000376701355,0.5452449781416264,873600,873600,0,0,0,0,QC_STAT_ONLY,0.5360000133514404,"Per-file exact median; no QI threshold, filtering, or model input.",0.0701238999972702,False
2025\imerg_20250506.nc,imerg_20250506.nc,OK,,0.0,1.0,0.15300001204013824,0.8870000243186951,0.5532162632110048,873600,873600,0,0,0,0,QC_STAT_ONLY,0.5550000071525574,"Per-file exact median; no QI threshold, filtering, or model input.",0.06747049999830779,False
2025\imerg_20250507.nc,imerg_20250507.nc,OK,,0.0,1.0,0.15300001204013824,0.8750000596046448,0.5390546037544472,873600,873600,0,0,0,0,QC_STAT_ONLY,0.531000018119812,"Per-file exact median; no QI threshold, filtering, or model input.",0.0718739000003552,False
2025\imerg_20250508.nc,imerg_20250508.nc,OK,,0.0,1.0,0.15300001204013824,0.9110000729560852,0.5736488799682234,873600,873600,0,0,0,0,QC_STAT_ONLY,0.5750000476837158,"Per-file exact median; no QI threshold, filtering, or model input.",0.0672714000029373,False
2025\imerg_20250509.nc,imerg_20250509.nc,OK,,0.0,1.0,0.1510000079870224,0.9110000729560852,0.5699351400913902,873600,873600,0,0,0,0,QC_STAT_ONLY,0.5610000491142273,"Per-file exact median; no QI threshold, filtering, or model input.",0.06589250000251923,False
2025\imerg_20250510.nc,imerg_20250510.nc,OK,,0.0,1.0,0.15300001204013824,0.9300000667572021,0.6066668494346452,873600,873600,0,0,0,0,QC_STAT_ONLY,0.6080000400543213,"Per-file exact median; no QI threshold, filtering, or model input.",0.06462900000042282,False
2025\imerg_20250511.nc,imerg_20250511.nc,OK,,0.0,1.0,0.1510000079870224,0.8810000419616699,0.5701768379728566,873600,873600,0,0,0,0,QC_STAT_ONLY,0.5790000557899475,"Per-file exact median; no QI threshold, filtering, or model input.",0.06774779999977909,False
2025\imerg_20250512.nc,imerg_20250512.nc,OK,,0.0,1.0,0.1720000058412552,0.8730000257492065,0.5341321317571976,873600,873600,0,0,0,0,QC_STAT_ONLY,0.5320000052452087,"Per-file exact median; no QI threshold, filtering, or model input.",0.06362850000004983,False
2025\imerg_20250513.nc,imerg_20250513.nc,OK,,0.0,1.0,0.1510000079870224,0.859000027179718,0.5503766257921916,873600,873600,0,0,0,0,QC_STAT_ONLY,0.5540000200271606,"Per-file exact median; no QI threshold, filtering, or model input.",0.06500559999403777,False
2025\imerg_20250514.nc,imerg_20250514.nc,OK,,0.0,1.0,0.1720000058412552,0.8770000338554382,0.5392848232798552,873600,873600,0,0,0,0,QC_STAT_ONLY,0.5360000133514404,"Per-file exact median; no QI threshold, filtering, or model input.",0.06872450000082608,False
2025\imerg_20250515.nc,imerg_20250515.nc,OK,,0.0,1.0,0.1510000079870224,0.9110000729560852,0.5530702614275255,873600,873600,0,0,0,0,QC_STAT_ONLY,0.5550000071525574,"Per-file exact median; no QI threshold, filtering, or model input.",0.06676589999551652,False
2025\imerg_20250516.nc,imerg_20250516.nc,OK,,0.0,1.0,0.1510000079870224,0.8980000615119934,0.5501373816941159,873600,873600,0,0,0,0,QC_STAT_ONLY,0.5509999990463257,"Per-file exact median; no QI threshold, filtering, or model input.",0.06892290000541834,False
2025\imerg_20250517.nc,imerg_20250517.nc,OK,,0.0,1.0,0.1510000079870224,0.8920000195503235,0.5346268650765049,873600,873600,0,0,0,0,QC_STAT_ONLY,0.5290000438690186,"Per-file exact median; no QI threshold, filtering, or model input.",0.06469210000068415,False
2025\imerg_20250518.nc,imerg_20250518.nc,OK,,0.0,1.0,0.1510000079870224,0.8980000615119934,0.5571727232487477,873600,873600,0,0,0,0,QC_STAT_ONLY,0.5580000281333923,"Per-file exact median; no QI threshold, filtering, or model input.",0.06913949999579927,False
2025\imerg_20250519.nc,imerg_20250519.nc,OK,,0.0,1.0,0.1510000079870224,0.8920000195503235,0.5549933632663809,873600,873600,0,0,0,0,QC_STAT_ONLY,0.5509999990463257,"Per-file exact median; no QI threshold, filtering, or model input.",0.06391219999932218,False
2025\imerg_20250520.nc,imerg_20250520.nc,OK,,0.0,1.0,0.1510000079870224,0.893000066280365,0.5570188520898217,873600,873600,0,0,0,0,QC_STAT_ONLY,0.5550000071525574,"Per-file exact median; no QI threshold, filtering, or model input.",0.06727859999955399,False
2025\imerg_20250521.nc,imerg_20250521.nc,OK,,0.0,1.0,0.1510000079870224,0.9140000343322754,0.5321740191824728,873600,873600,0,0,0,0,QC_STAT_ONLY,0.531000018119812,"Per-file exact median; no QI threshold, filtering, or model input.",0.06358979999640724,False
2025\imerg_20250522.nc,imerg_20250522.nc,OK,,0.0,1.0,0.1510000079870224,0.9110000729560852,0.5533651772445245,873600,873600,0,0,0,0,QC_STAT_ONLY,0.5550000071525574,"Per-file exact median; no QI threshold, filtering, or model input.",0.06474739999976009,False
2025\imerg_20250523.nc,imerg_20250523.nc,OK,,0.0,1.0,0.18300001323223114,0.9240000247955322,0.5859066156921704,873600,873600,0,0,0,0,QC_STAT_ONLY,0.5860000252723694,"Per-file exact median; no QI threshold, filtering, or model input.",0.07614990000001853,False
2025\imerg_20250524.nc,imerg_20250524.nc,OK,,0.0,1.0,0.15300001204013824,0.9020000696182251,0.5821246935743088,873600,873600,0,0,0,0,QC_STAT_ONLY,0.5879999995231628,"Per-file exact median; no QI threshold, filtering, or model input.",0.07033080000110203,False
2025\imerg_20250525.nc,imerg_20250525.nc,OK,,0.0,1.0,0.15300001204013824,0.8580000400543213,0.5546257092959449,873600,873600,0,0,0,0,QC_STAT_ONLY,0.5570000410079956,"Per-file exact median; no QI threshold, filtering, or model input.",0.07364969999616733,False
2025\imerg_20250526.nc,imerg_20250526.nc,OK,,0.0,1.0,0.1510000079870224,0.8920000195503235,0.5396813410379832,873600,873600,0,0,0,0,QC_STAT_ONLY,0.5380000472068787,"Per-file exact median; no QI threshold, filtering, or model input.",0.07410109999909764,False
2025\imerg_20250527.nc,imerg_20250527.nc,OK,,0.0,1.0,0.1510000079870224,0.893000066280365,0.5528919713853282,873600,873600,0,0,0,0,QC_STAT_ONLY,0.5530000329017639,"Per-file exact median; no QI threshold, filtering, or model input.",0.07027859999652719,False
2025\imerg_20250528.nc,imerg_20250528.nc,OK,,0.0,1.0,0.1510000079870224,0.8650000691413879,0.5765343600608095,873600,873600,0,0,0,0,QC_STAT_ONLY,0.5700000524520874,"Per-file exact median; no QI threshold, filtering, or model input.",0.06692029999976512,False
2025\imerg_20250529.nc,imerg_20250529.nc,OK,,0.0,1.0,0.1510000079870224,0.8950000405311584,0.574187346696683,873600,873600,0,0,0,0,QC_STAT_ONLY,0.5730000138282776,"Per-file exact median; no QI threshold, filtering, or model input.",0.071552099994733,False
2025\imerg_20250530.nc,imerg_20250530.nc,OK,,0.0,1.0,0.1510000079870224,0.8710000514984131,0.5533510433118484,873600,873600,0,0,0,0,QC_STAT_ONLY,0.5530000329017639,"Per-file exact median; no QI threshold, filtering, or model input.",0.06767799999943236,False
2025\imerg_20250531.nc,imerg_20250531.nc,OK,,0.0,1.0,0.1510000079870224,0.8920000195503235,0.5489443982071874,873600,873600,0,0,0,0,QC_STAT_ONLY,0.5420000553131104,"Per-file exact median; no QI threshold, filtering, or model input.",0.06758410000475124,False
2025\imerg_20250601.nc,imerg_20250601.nc,OK,,0.0,1.0,0.14900000393390656,0.9000000357627869,0.5431362558379872,873600,873600,0,0,0,0,QC_STAT_ONLY,0.5370000004768372,"Per-file exact median; no QI threshold, filtering, or model input.",0.06752460000279825,False
2025\imerg_20250602.nc,imerg_20250602.nc,OK,,0.0,1.0,0.14900000393390656,0.9170000553131104,0.5524252557064383,873600,873600,0,0,0,0,QC_STAT_ONLY,0.5330000519752502,"Per-file exact median; no QI threshold, filtering, or model input.",0.0670137999986764,False
2025\imerg_20250603.nc,imerg_20250603.nc,OK,,0.0,1.0,0.14900000393390656,0.8890000581741333,0.5653019482312526,873600,873600,0,0,0,0,QC_STAT_ONLY,0.5530000329017639,"Per-file exact median; no QI threshold, filtering, or model input.",0.06531810000160476,False
2025\imerg_20250604.nc,imerg_20250604.nc,OK,,0.0,1.0,0.15000000596046448,0.8970000147819519,0.565984300674509,873600,873600,0,0,0,0,QC_STAT_ONLY,0.5550000071525574,"Per-file exact median; no QI threshold, filtering, or model input.",0.06323549999797251,False
2025\imerg_20250605.nc,imerg_20250605.nc,OK,,0.0,1.0,0.15200001001358032,0.8960000276565552,0.5485315157642124,873600,873600,0,0,0,0,QC_STAT_ONLY,0.5410000085830688,"Per-file exact median; no QI threshold, filtering, or model input.",0.0654283999974723,False
2025\imerg_20250606.nc,imerg_20250606.nc,OK,,0.0,1.0,0.1510000079870224,0.8960000276565552,0.5454168095039169,873600,873600,0,0,0,0,QC_STAT_ONLY,0.5410000085830688,"Per-file exact median; no QI threshold, filtering, or model input.",0.06246120000287192,False
2025\imerg_20250607.nc,imerg_20250607.nc,OK,,0.0,1.0,0.14900000393390656,0.8960000276565552,0.5489677982208842,873600,873600,0,0,0,0,QC_STAT_ONLY,0.5410000085830688,"Per-file exact median; no QI threshold, filtering, or model input.",0.06572089999826858,False
2025\imerg_20250608.nc,imerg_20250608.nc,OK,,0.0,1.0,0.14900000393390656,0.8840000629425049,0.5475894427707678,873600,873600,0,0,0,0,QC_STAT_ONLY,0.5300000309944153,"Per-file exact median; no QI threshold, filtering, or model input.",0.06394860000000335,False
2025\imerg_20250609.nc,imerg_20250609.nc,OK,,0.0,1.0,0.14900000393390656,0.8960000276565552,0.5628927808372993,873600,873600,0,0,0,0,QC_STAT_ONLY,0.5590000152587891,"Per-file exact median; no QI threshold, filtering, or model input.",0.06736349999846425,False
2025\imerg_20250610.nc,imerg_20250610.nc,OK,,0.0,1.0,0.14900000393390656,0.8410000205039978,0.5295445233624217,873600,873600,0,0,0,0,QC_STAT_ONLY,0.5120000243186951,"Per-file exact median; no QI threshold, filtering, or model input.",0.06844409999757772,False
2025\imerg_20250611.nc,imerg_20250611.nc,OK,,0.0,1.0,0.14900000393390656,0.9190000295639038,0.5549050893109537,873600,873600,0,0,0,0,QC_STAT_ONLY,0.5410000085830688,"Per-file exact median; no QI threshold, filtering, or model input.",0.06729530000302475,False
2025\imerg_20250612.nc,imerg_20250612.nc,OK,,0.0,1.0,0.14900000393390656,0.8690000176429749,0.516403952581576,873600,873600,0,0,0,0,QC_STAT_ONLY,0.5070000290870667,"Per-file exact median; no QI threshold, filtering, or model input.",0.06533369999669958,False
2025\imerg_20250613.nc,imerg_20250613.nc,OK,,0.0,1.0,0.14900000393390656,0.8920000195503235,0.5332109079422811,873600,873600,0,0,0,0,QC_STAT_ONLY,0.5139999985694885,"Per-file exact median; no QI threshold, filtering, or model input.",0.07040950000373414,False
2025\imerg_20250614.nc,imerg_20250614.nc,OK,,0.0,1.0,0.14900000393390656,0.8490000367164612,0.5444045084682992,873600,873600,0,0,0,0,QC_STAT_ONLY,0.5410000085830688,"Per-file exact median; no QI threshold, filtering, or model input.",0.06636450000223704,False
2025\imerg_20250615.nc,imerg_20250615.nc,OK,,0.0,1.0,0.14900000393390656,0.8630000352859497,0.5574638679810892,873600,873600,0,0,0,0,QC_STAT_ONLY,0.5430000424385071,"Per-file exact median; no QI threshold, filtering, or model input.",0.06426189999911003,False
2025\imerg_20250616.nc,imerg_20250616.nc,OK,,0.0,1.0,0.14900000393390656,0.8790000677108765,0.5680824777960347,873600,873600,0,0,0,0,QC_STAT_ONLY,0.5590000152587891,"Per-file exact median; no QI threshold, filtering, or model input.",0.0680861999935587,False
2025\imerg_20250617.nc,imerg_20250617.nc,OK,,0.0,1.0,0.15000000596046448,0.8790000677108765,0.5733419669880412,873600,873600,0,0,0,0,QC_STAT_ONLY,0.5680000185966492,"Per-file exact median; no QI threshold, filtering, or model input.",0.06841120000171941,False
2025\imerg_20250618.nc,imerg_20250618.nc,OK,,0.0,1.0,0.14900000393390656,0.9080000519752502,0.520196435569458,873600,873600,0,0,0,0,QC_STAT_ONLY,0.5090000033378601,"Per-file exact median; no QI threshold, filtering, or model input.",0.0701173000052222,False
2025\imerg_20250619.nc,imerg_20250619.nc,OK,,0.0,1.0,0.14900000393390656,0.8960000276565552,0.5389815749252563,873600,873600,0,0,0,0,QC_STAT_ONLY,0.5330000519752502,"Per-file exact median; no QI threshold, filtering, or model input.",0.06783069999801228,False
2025\imerg_20250620.nc,imerg_20250620.nc,OK,,0.0,1.0,0.15000000596046448,0.8790000677108765,0.5520090460687732,873600,873600,0,0,0,0,QC_STAT_ONLY,0.5430000424385071,"Per-file exact median; no QI threshold, filtering, or model input.",0.07026820000464795,False
2025\imerg_20250621.nc,imerg_20250621.nc,OK,,0.0,1.0,0.14900000393390656,0.8670000433921814,0.5463827500918764,873600,873600,0,0,0,0,QC_STAT_ONLY,0.5430000424385071,"Per-file exact median; no QI threshold, filtering, or model input.",0.07185520000348333,False
2025\imerg_20250622.nc,imerg_20250622.nc,OK,,0.0,1.0,0.14900000393390656,0.8800000548362732,0.5671500935361997,873600,873600,0,0,0,0,QC_STAT_ONLY,0.5530000329017639,"Per-file exact median; no QI threshold, filtering, or model input.",0.06831840000086231,False
2025\imerg_20250623.nc,imerg_20250623.nc,OK,,0.0,1.0,0.14900000393390656,0.8580000400543213,0.5430598436033817,873600,873600,0,0,0,0,QC_STAT_ONLY,0.5380000472068787,"Per-file exact median; no QI threshold, filtering, or model input.",0.06796749999921303,False
2025\imerg_20250624.nc,imerg_20250624.nc,OK,,0.0,1.0,0.15000000596046448,0.8760000467300415,0.5411638919716094,873600,873600,0,0,0,0,QC_STAT_ONLY,0.5270000100135803,"Per-file exact median; no QI threshold, filtering, or model input.",0.06706560000020545,False
2025\imerg_20250625.nc,imerg_20250625.nc,OK,,0.0,1.0,0.14900000393390656,0.89000004529953,0.5533638240808908,873600,873600,0,0,0,0,QC_STAT_ONLY,0.5400000214576721,"Per-file exact median; no QI threshold, filtering, or model input.",0.06902039999840781,False
2025\imerg_20250626.nc,imerg_20250626.nc,OK,,0.0,1.0,0.1510000079870224,0.859000027179718,0.5529207451094365,873600,873600,0,0,0,0,QC_STAT_ONLY,0.5460000038146973,"Per-file exact median; no QI threshold, filtering, or model input.",0.06461570000101347,False
2025\imerg_20250627.nc,imerg_20250627.nc,OK,,0.0,1.0,0.14900000393390656,0.9170000553131104,0.5483207200033993,873600,873600,0,0,0,0,QC_STAT_ONLY,0.5290000438690186,"Per-file exact median; no QI threshold, filtering, or model input.",0.06780640000215499,False
2025\imerg_20250628.nc,imerg_20250628.nc,OK,,0.0,1.0,0.1510000079870224,0.8970000147819519,0.5614811708575332,873600,873600,0,0,0,0,QC_STAT_ONLY,0.5580000281333923,"Per-file exact median; no QI threshold, filtering, or model input.",0.06729009999980917,False
2025\imerg_20250629.nc,imerg_20250629.nc,OK,,0.0,1.0,0.16700001060962677,0.8630000352859497,0.5409644318255681,873600,873600,0,0,0,0,QC_STAT_ONLY,0.5230000019073486,"Per-file exact median; no QI threshold, filtering, or model input.",0.07201229999918723,False
2025\imerg_20250630.nc,imerg_20250630.nc,OK,,0.0,1.0,0.14900000393390656,0.8410000205039978,0.5309130664922863,873600,873600,0,0,0,0,QC_STAT_ONLY,0.5290000438690186,"Per-file exact median; no QI threshold, filtering, or model input.",0.06974199999967823,False
2025\imerg_20250701.nc,imerg_20250701.nc,OK,,0.0,1.0,0.16100001335144043,0.8870000243186951,0.53219437559415,873600,873600,0,0,0,0,QC_STAT_ONLY,0.5100000500679016,"Per-file exact median; no QI threshold, filtering, or model input.",0.07559469999978319,False
2025\imerg_20250702.nc,imerg_20250702.nc,OK,,0.0,1.0,0.15900000929832458,0.9040000438690186,0.5736927605105816,873600,873600,0,0,0,0,QC_STAT_ONLY,0.5480000376701355,"Per-file exact median; no QI threshold, filtering, or model input.",0.07768110000324668,False
2025\imerg_20250703.nc,imerg_20250703.nc,OK,,0.0,1.0,0.15800000727176666,0.8940000534057617,0.5374342632219673,873600,873600,0,0,0,0,QC_STAT_ONLY,0.51500004529953,"Per-file exact median; no QI threshold, filtering, or model input.",0.07208169999648817,False
2025\imerg_20250704.nc,imerg_20250704.nc,OK,,0.0,1.0,0.15800000727176666,0.8940000534057617,0.48415527155085536,873600,873600,0,0,0,0,QC_STAT_ONLY,0.4740000367164612,"Per-file exact median; no QI threshold, filtering, or model input.",0.07145899999886751,False
2025\imerg_20250705.nc,imerg_20250705.nc,OK,,0.0,1.0,0.15900000929832458,0.89000004529953,0.5289988130419395,873600,873600,0,0,0,0,QC_STAT_ONLY,0.5160000324249268,"Per-file exact median; no QI threshold, filtering, or model input.",0.06739309999829857,False
2025\imerg_20250706.nc,imerg_20250706.nc,OK,,0.0,1.0,0.15800000727176666,0.8940000534057617,0.5604139362306986,873600,873600,0,0,0,0,QC_STAT_ONLY,0.5410000085830688,"Per-file exact median; no QI threshold, filtering, or model input.",0.07059300000400981,False
2025\imerg_20250707.nc,imerg_20250707.nc,OK,,0.0,1.0,0.15800000727176666,0.9010000228881836,0.5202721992812559,873600,873600,0,0,0,0,QC_STAT_ONLY,0.5010000467300415,"Per-file exact median; no QI threshold, filtering, or model input.",0.06909079999604728,False
2025\imerg_20250708.nc,imerg_20250708.nc,OK,,0.0,1.0,0.15800000727176666,0.8680000305175781,0.5246545054133293,873600,873600,0,0,0,0,QC_STAT_ONLY,0.5090000033378601,"Per-file exact median; no QI threshold, filtering, or model input.",0.07015690000116592,False
2025\imerg_20250709.nc,imerg_20250709.nc,OK,,0.0,1.0,0.16300000250339508,0.8660000562667847,0.5362574847232748,873600,873600,0,0,0,0,QC_STAT_ONLY,0.5160000324249268,"Per-file exact median; no QI threshold, filtering, or model input.",0.06722740000259364,False
2025\imerg_20250710.nc,imerg_20250710.nc,OK,,0.0,1.0,0.16200000047683716,0.8870000243186951,0.5582921475648962,873600,873600,0,0,0,0,QC_STAT_ONLY,0.5390000343322754,"Per-file exact median; no QI threshold, filtering, or model input.",0.07159609999507666,False
2025\imerg_20250711.nc,imerg_20250711.nc,OK,,0.0,1.0,0.16300000250339508,0.8940000534057617,0.5616948077365783,873600,873600,0,0,0,0,QC_STAT_ONLY,0.5480000376701355,"Per-file exact median; no QI threshold, filtering, or model input.",0.06910050000442425,False
2025\imerg_20250712.nc,imerg_20250712.nc,OK,,0.0,1.0,0.15900000929832458,0.8330000638961792,0.5247729068507369,873600,873600,0,0,0,0,QC_STAT_ONLY,0.5080000162124634,"Per-file exact median; no QI threshold, filtering, or model input.",0.06770799999503652,False
2025\imerg_20250713.nc,imerg_20250713.nc,OK,,0.0,1.0,0.16200000047683716,0.8940000534057617,0.5431773644234753,873600,873600,0,0,0,0,QC_STAT_ONLY,0.5230000019073486,"Per-file exact median; no QI threshold, filtering, or model input.",0.0645481999963522,False
2025\imerg_20250714.nc,imerg_20250714.nc,OK,,0.0,1.0,0.15800000727176666,0.8320000171661377,0.5266762974885405,873600,873600,0,0,0,0,QC_STAT_ONLY,0.5139999985694885,"Per-file exact median; no QI threshold, filtering, or model input.",0.06769250000070315,False
2025\imerg_20250715.nc,imerg_20250715.nc,OK,,0.0,1.0,0.16300000250339508,0.893000066280365,0.5250994732926323,873600,873600,0,0,0,0,QC_STAT_ONLY,0.5049999952316284,"Per-file exact median; no QI threshold, filtering, or model input.",0.06472070000017993,False
2025\imerg_20250716.nc,imerg_20250716.nc,OK,,0.0,1.0,0.16300000250339508,0.859000027179718,0.5562218899099197,873600,873600,0,0,0,0,QC_STAT_ONLY,0.5420000553131104,"Per-file exact median; no QI threshold, filtering, or model input.",0.07022180000058142,False
2025\imerg_20250717.nc,imerg_20250717.nc,OK,,0.0,1.0,0.16300000250339508,0.89000004529953,0.5412832250042678,873600,873600,0,0,0,0,QC_STAT_ONLY,0.51500004529953,"Per-file exact median; no QI threshold, filtering, or model input.",0.06556490000366466,False
2025\imerg_20250718.nc,imerg_20250718.nc,OK,,0.0,1.0,0.1770000010728836,0.8940000534057617,0.542777459503769,873600,873600,0,0,0,0,QC_STAT_ONLY,0.5170000195503235,"Per-file exact median; no QI threshold, filtering, or model input.",0.06562290000147186,False
2025\imerg_20250719.nc,imerg_20250719.nc,OK,,0.0,1.0,0.18000000715255737,0.8940000534057617,0.5497685652150305,873600,873600,0,0,0,0,QC_STAT_ONLY,0.5360000133514404,"Per-file exact median; no QI threshold, filtering, or model input.",0.07645989999582525,False
2025\imerg_20250720.nc,imerg_20250720.nc,OK,,0.0,1.0,0.15800000727176666,0.9170000553131104,0.5797914922216757,873600,873600,0,0,0,0,QC_STAT_ONLY,0.5540000200271606,"Per-file exact median; no QI threshold, filtering, or model input.",0.0709056000050623,False
2025\imerg_20250721.nc,imerg_20250721.nc,OK,,0.0,1.0,0.15800000727176666,0.9130000472068787,0.5483487737963092,873600,873600,0,0,0,0,QC_STAT_ONLY,0.5400000214576721,"Per-file exact median; no QI threshold, filtering, or model input.",0.06715979999717092,False
2025\imerg_20250722.nc,imerg_20250722.nc,OK,,0.0,1.0,0.15800000727176666,0.9170000553131104,0.5542105590009673,873600,873600,0,0,0,0,QC_STAT_ONLY,0.5420000553131104,"Per-file exact median; no QI threshold, filtering, or model input.",0.06645259999640984,False
2025\imerg_20250723.nc,imerg_20250723.nc,OK,,0.0,1.0,0.15900000929832458,0.8940000534057617,0.5474200710557203,873600,873600,0,0,0,0,QC_STAT_ONLY,0.5330000519752502,"Per-file exact median; no QI threshold, filtering, or model input.",0.06857690000470029,False
2025\imerg_20250724.nc,imerg_20250724.nc,OK,,0.0,1.0,0.15900000929832458,0.862000048160553,0.5444941606751265,873600,873600,0,0,0,0,QC_STAT_ONLY,0.5160000324249268,"Per-file exact median; no QI threshold, filtering, or model input.",0.0659862999964389,False
2025\imerg_20250725.nc,imerg_20250725.nc,OK,,0.0,1.0,0.15900000929832458,0.859000027179718,0.5495931113526163,873600,873600,0,0,0,0,QC_STAT_ONLY,0.5290000438690186,"Per-file exact median; no QI threshold, filtering, or model input.",0.06631009999546222,False
2025\imerg_20250726.nc,imerg_20250726.nc,OK,,0.0,1.0,0.16100001335144043,0.8870000243186951,0.5591620113199829,873600,873600,0,0,0,0,QC_STAT_ONLY,0.534000039100647,"Per-file exact median; no QI threshold, filtering, or model input.",0.06965710000076797,False
2025\imerg_20250727.nc,imerg_20250727.nc,OK,,0.0,1.0,0.15800000727176666,0.9030000567436218,0.5491329918548145,873600,873600,0,0,0,0,QC_STAT_ONLY,0.5390000343322754,"Per-file exact median; no QI threshold, filtering, or model input.",0.06427310000435682,False
2025\imerg_20250728.nc,imerg_20250728.nc,OK,,0.0,1.0,0.15800000727176666,0.8990000486373901,0.5264056586664538,873600,873600,0,0,0,0,QC_STAT_ONLY,0.5080000162124634,"Per-file exact median; no QI threshold, filtering, or model input.",0.06675909999466967,False
2025\imerg_20250729.nc,imerg_20250729.nc,OK,,0.0,1.0,0.15800000727176666,0.9130000472068787,0.49340773812836314,873600,873600,0,0,0,0,QC_STAT_ONLY,0.4740000367164612,"Per-file exact median; no QI threshold, filtering, or model input.",0.06441240000276593,False
2025\imerg_20250730.nc,imerg_20250730.nc,OK,,0.0,1.0,0.16300000250339508,0.8330000638961792,0.5119312394241505,873600,873600,0,0,0,0,QC_STAT_ONLY,0.4930000305175781,"Per-file exact median; no QI threshold, filtering, or model input.",0.0683664999960456,False
2025\imerg_20250731.nc,imerg_20250731.nc,OK,,0.0,1.0,0.17000000178813934,0.8330000638961792,0.5381786149560778,873600,873600,0,0,0,0,QC_STAT_ONLY,0.5080000162124634,"Per-file exact median; no QI threshold, filtering, or model input.",0.06300470000132918,False
2025\imerg_20250801.nc,imerg_20250801.nc,OK,,0.0,1.0,0.164000004529953,0.8580000400543213,0.5492167594433922,873600,873600,0,0,0,0,QC_STAT_ONLY,0.5180000066757202,"Per-file exact median; no QI threshold, filtering, or model input.",0.0647744000016246,False
2025\imerg_20250802.nc,imerg_20250802.nc,OK,,0.0,1.0,0.1680000126361847,0.8920000195503235,0.5529001314563492,873600,873600,0,0,0,0,QC_STAT_ONLY,0.5139999985694885,"Per-file exact median; no QI threshold, filtering, or model input.",0.06207480000011856,False
2025\imerg_20250803.nc,imerg_20250803.nc,OK,,0.0,1.0,0.17000000178813934,0.8990000486373901,0.5718392862069622,873600,873600,0,0,0,0,QC_STAT_ONLY,0.527999997138977,"Per-file exact median; no QI threshold, filtering, or model input.",0.06378979999863077,False
2025\imerg_20250804.nc,imerg_20250804.nc,OK,,0.0,1.0,0.164000004529953,0.8940000534057617,0.5357372251199558,873600,873600,0,0,0,0,QC_STAT_ONLY,0.5139999985694885,"Per-file exact median; no QI threshold, filtering, or model input.",0.06404259999544593,False
2025\imerg_20250805.nc,imerg_20250805.nc,OK,,0.0,1.0,0.164000004529953,0.9130000472068787,0.5706038763126591,873600,873600,0,0,0,0,QC_STAT_ONLY,0.5540000200271606,"Per-file exact median; no QI threshold, filtering, or model input.",0.06900260000111302,False
2025\imerg_20250806.nc,imerg_20250806.nc,OK,,0.0,1.0,0.164000004529953,0.8920000195503235,0.5343272711682874,873600,873600,0,0,0,0,QC_STAT_ONLY,0.5139999985694885,"Per-file exact median; no QI threshold, filtering, or model input.",0.06969129999924917,False
2025\imerg_20250807.nc,imerg_20250807.nc,OK,,0.0,1.0,0.164000004529953,0.8950000405311584,0.5123769270845658,873600,873600,0,0,0,0,QC_STAT_ONLY,0.4960000216960907,"Per-file exact median; no QI threshold, filtering, or model input.",0.06767120000586146,False
2025\imerg_20250808.nc,imerg_20250808.nc,OK,,0.0,1.0,0.164000004529953,0.8690000176429749,0.534362269568431,873600,873600,0,0,0,0,QC_STAT_ONLY,0.5049999952316284,"Per-file exact median; no QI threshold, filtering, or model input.",0.07235340000625001,False
2025\imerg_20250809.nc,imerg_20250809.nc,OK,,0.0,1.0,0.1680000126361847,0.9010000228881836,0.5666394913321422,873600,873600,0,0,0,0,QC_STAT_ONLY,0.5270000100135803,"Per-file exact median; no QI threshold, filtering, or model input.",0.06654129999515135,False
2025\imerg_20250810.nc,imerg_20250810.nc,OK,,0.0,1.0,0.16500000655651093,0.9340000152587891,0.565755588079175,873600,873600,0,0,0,0,QC_STAT_ONLY,0.527999997138977,"Per-file exact median; no QI threshold, filtering, or model input.",0.06925030000275001,False
2025\imerg_20250811.nc,imerg_20250811.nc,OK,,0.0,1.0,0.164000004529953,0.8920000195503235,0.5525776855802613,873600,873600,0,0,0,0,QC_STAT_ONLY,0.5390000343322754,"Per-file exact median; no QI threshold, filtering, or model input.",0.06557020000036573,False
2025\imerg_20250812.nc,imerg_20250812.nc,OK,,0.0,1.0,0.164000004529953,0.9270000457763672,0.5310686228135192,873600,873600,0,0,0,0,QC_STAT_ONLY,0.5120000243186951,"Per-file exact median; no QI threshold, filtering, or model input.",0.06704030000400962,False
2025\imerg_20250813.nc,imerg_20250813.nc,OK,,0.0,1.0,0.164000004529953,0.9130000472068787,0.5435809395691182,873600,873600,0,0,0,0,QC_STAT_ONLY,0.5200000405311584,"Per-file exact median; no QI threshold, filtering, or model input.",0.06757450000441168,False
2025\imerg_20250814.nc,imerg_20250814.nc,OK,,0.0,1.0,0.164000004529953,0.8950000405311584,0.5420238633949187,873600,873600,0,0,0,0,QC_STAT_ONLY,0.5090000033378601,"Per-file exact median; no QI threshold, filtering, or model input.",0.06780750000325497,False
2025\imerg_20250815.nc,imerg_20250815.nc,OK,,0.0,1.0,0.164000004529953,0.8970000147819519,0.5433057747203208,873600,873600,0,0,0,0,QC_STAT_ONLY,0.5049999952316284,"Per-file exact median; no QI threshold, filtering, or model input.",0.06857460000173887,False
2025\imerg_20250816.nc,imerg_20250816.nc,OK,,0.0,1.0,0.1680000126361847,0.9270000457763672,0.553945765237822,873600,873600,0,0,0,0,QC_STAT_ONLY,0.5130000114440918,"Per-file exact median; no QI threshold, filtering, or model input.",0.07031869999627816,False
2025\imerg_20250817.nc,imerg_20250817.nc,OK,,0.0,1.0,0.16500000655651093,0.9190000295639038,0.5635359264996189,873600,873600,0,0,0,0,QC_STAT_ONLY,0.5180000066757202,"Per-file exact median; no QI threshold, filtering, or model input.",0.0679085000010673,False
2025\imerg_20250818.nc,imerg_20250818.nc,OK,,0.0,1.0,0.164000004529953,0.8980000615119934,0.5441198972264141,873600,873600,0,0,0,0,QC_STAT_ONLY,0.5170000195503235,"Per-file exact median; no QI threshold, filtering, or model input.",0.0642775000014808,False
2025\imerg_20250819.nc,imerg_20250819.nc,OK,,0.0,1.0,0.164000004529953,0.9340000152587891,0.5560859357602655,873600,873600,0,0,0,0,QC_STAT_ONLY,0.527999997138977,"Per-file exact median; no QI threshold, filtering, or model input.",0.06803969999600668,False
2025\imerg_20250820.nc,imerg_20250820.nc,OK,,0.0,1.0,0.164000004529953,0.9270000457763672,0.5361153382804218,873600,873600,0,0,0,0,QC_STAT_ONLY,0.5090000033378601,"Per-file exact median; no QI threshold, filtering, or model input.",0.06604330000118352,False
2025\imerg_20250821.nc,imerg_20250821.nc,OK,,0.0,1.0,0.164000004529953,0.8950000405311584,0.5263636917004791,873600,873600,0,0,0,0,QC_STAT_ONLY,0.5020000338554382,"Per-file exact median; no QI threshold, filtering, or model input.",0.07025299999804702,False
2025\imerg_20250822.nc,imerg_20250822.nc,OK,,0.0,1.0,0.1680000126361847,0.8920000195503235,0.5554497390453134,873600,873600,0,0,0,0,QC_STAT_ONLY,0.5320000052452087,"Per-file exact median; no QI threshold, filtering, or model input.",0.06918410000071162,False
2025\imerg_20250823.nc,imerg_20250823.nc,OK,,0.0,1.0,0.164000004529953,0.9010000228881836,0.5842782946211719,873600,873600,0,0,0,0,QC_STAT_ONLY,0.5570000410079956,"Per-file exact median; no QI threshold, filtering, or model input.",0.07176330000220332,False
2025\imerg_20250824.nc,imerg_20250824.nc,OK,,0.0,1.0,0.164000004529953,0.8980000615119934,0.5516807189831108,873600,873600,0,0,0,0,QC_STAT_ONLY,0.527999997138977,"Per-file exact median; no QI threshold, filtering, or model input.",0.07380060000286903,False
2025\imerg_20250825.nc,imerg_20250825.nc,OK,,0.0,1.0,0.164000004529953,0.9270000457763672,0.5292415994115263,873600,873600,0,0,0,0,QC_STAT_ONLY,0.5049999952316284,"Per-file exact median; no QI threshold, filtering, or model input.",0.07325009999476606,False
2025\imerg_20250826.nc,imerg_20250826.nc,OK,,0.0,1.0,0.164000004529953,0.8270000219345093,0.4860156284846133,873600,873600,0,0,0,0,QC_STAT_ONLY,0.4790000319480896,"Per-file exact median; no QI threshold, filtering, or model input.",0.06834150000213413,False
2025\imerg_20250827.nc,imerg_20250827.nc,OK,,0.0,1.0,0.164000004529953,0.9130000472068787,0.5437084564676631,873600,873600,0,0,0,0,QC_STAT_ONLY,0.5120000243186951,"Per-file exact median; no QI threshold, filtering, or model input.",0.07279140000173356,False
2025\imerg_20250828.nc,imerg_20250828.nc,OK,,0.0,1.0,0.1600000113248825,0.8980000615119934,0.5512016601647308,873600,873600,0,0,0,0,QC_STAT_ONLY,0.5250000357627869,"Per-file exact median; no QI threshold, filtering, or model input.",0.0720519999958924,False
2025\imerg_20250829.nc,imerg_20250829.nc,OK,,0.0,1.0,0.15900000929832458,0.8980000615119934,0.5474585710989052,873600,873600,0,0,0,0,QC_STAT_ONLY,0.5210000276565552,"Per-file exact median; no QI threshold, filtering, or model input.",0.06605940000008559,False
2025\imerg_20250830.nc,imerg_20250830.nc,OK,,0.0,1.0,0.16100001335144043,0.8990000486373901,0.5479459346120413,873600,873600,0,0,0,0,QC_STAT_ONLY,0.5049999952316284,"Per-file exact median; no QI threshold, filtering, or model input.",0.06697420000273269,False
2025\imerg_20250831.nc,imerg_20250831.nc,OK,,0.0,1.0,0.164000004529953,0.9340000152587891,0.5599054345165826,873600,873600,0,0,0,0,QC_STAT_ONLY,0.5320000052452087,"Per-file exact median; no QI threshold, filtering, or model input.",0.07012950000353158,False
2025\imerg_20250901.nc,imerg_20250901.nc,OK,,0.0,1.0,0.15700000524520874,0.9080000519752502,0.5449838426793778,873600,873600,0,0,0,0,QC_STAT_ONLY,0.5240000486373901,"Per-file exact median; no QI threshold, filtering, or model input.",0.06956660000287229,False
2025\imerg_20250902.nc,imerg_20250902.nc,OK,,0.0,1.0,0.15700000524520874,0.9220000505447388,0.560777891843491,873600,873600,0,0,0,0,QC_STAT_ONLY,0.534000039100647,"Per-file exact median; no QI threshold, filtering, or model input.",0.06668590000481345,False
2025\imerg_20250903.nc,imerg_20250903.nc,OK,,0.0,1.0,0.15600000321865082,0.9080000519752502,0.5246994507489487,873600,873600,0,0,0,0,QC_STAT_ONLY,0.5,"Per-file exact median; no QI threshold, filtering, or model input.",0.06729340000310913,False
2025\imerg_20250904.nc,imerg_20250904.nc,OK,,0.0,1.0,0.15600000321865082,0.9220000505447388,0.5410376243258659,873600,873600,0,0,0,0,QC_STAT_ONLY,0.5139999985694885,"Per-file exact median; no QI threshold, filtering, or model input.",0.06989710000198102,False
2025\imerg_20250905.nc,imerg_20250905.nc,OK,,0.0,1.0,0.15700000524520874,0.9080000519752502,0.5191190234330336,873600,873600,0,0,0,0,QC_STAT_ONLY,0.5010000467300415,"Per-file exact median; no QI threshold, filtering, or model input.",0.07073400000081165,False
2025\imerg_20250906.nc,imerg_20250906.nc,OK,,0.0,1.0,0.15600000321865082,0.9150000214576721,0.5573559039800459,873600,873600,0,0,0,0,QC_STAT_ONLY,0.534000039100647,"Per-file exact median; no QI threshold, filtering, or model input.",0.0704295000032289,False
2025\imerg_20250907.nc,imerg_20250907.nc,OK,,0.0,1.0,0.15700000524520874,0.9000000357627869,0.5849800431003773,873600,873600,0,0,0,0,QC_STAT_ONLY,0.562000036239624,"Per-file exact median; no QI threshold, filtering, or model input.",0.06968469999992521,False
2025\imerg_20250908.nc,imerg_20250908.nc,OK,,0.0,1.0,0.15700000524520874,0.906000018119812,0.5464321408748299,873600,873600,0,0,0,0,QC_STAT_ONLY,0.5139999985694885,"Per-file exact median; no QI threshold, filtering, or model input.",0.0698610000035842,False
2025\imerg_20250909.nc,imerg_20250909.nc,OK,,0.0,1.0,0.16700001060962677,0.940000057220459,0.5453622522258162,873600,873600,0,0,0,0,QC_STAT_ONLY,0.5240000486373901,"Per-file exact median; no QI threshold, filtering, or model input.",0.07328719999350142,False
2025\imerg_20250910.nc,imerg_20250910.nc,OK,,0.0,1.0,0.3370000123977661,0.9200000166893005,0.49984434315904075,873600,873600,0,0,0,0,QC_STAT_ONLY,0.48500001430511475,"Per-file exact median; no QI threshold, filtering, or model input.",0.07019779999973252,False
2025\imerg_20250911.nc,imerg_20250911.nc,OK,,0.0,1.0,0.3370000123977661,0.9220000505447388,0.5334230923812645,873600,873600,0,0,0,0,QC_STAT_ONLY,0.5190000534057617,"Per-file exact median; no QI threshold, filtering, or model input.",0.06994880000274861,False
2025\imerg_20250912.nc,imerg_20250912.nc,OK,,0.0,1.0,0.34200000762939453,0.9000000357627869,0.550600873937305,873600,873600,0,0,0,0,QC_STAT_ONLY,0.5240000486373901,"Per-file exact median; no QI threshold, filtering, or model input.",0.07450729999982286,False
2025\imerg_20250913.nc,imerg_20250913.nc,OK,,0.0,1.0,0.15600000321865082,0.9110000729560852,0.5655758381093214,873600,873600,0,0,0,0,QC_STAT_ONLY,0.531000018119812,"Per-file exact median; no QI threshold, filtering, or model input.",0.0677983999994467,False
2025\imerg_20250914.nc,imerg_20250914.nc,OK,,0.0,1.0,0.16200000047683716,0.9080000519752502,0.5526606526158941,873600,873600,0,0,0,0,QC_STAT_ONLY,0.5210000276565552,"Per-file exact median; no QI threshold, filtering, or model input.",0.06939430000056745,False
2025\imerg_20250915.nc,imerg_20250915.nc,OK,,0.0,1.0,0.16700001060962677,0.909000039100647,0.5411495062901259,873600,873600,0,0,0,0,QC_STAT_ONLY,0.5139999985694885,"Per-file exact median; no QI threshold, filtering, or model input.",0.06910789999528788,False
2025\imerg_20250916.nc,imerg_20250916.nc,OK,,0.0,1.0,0.15700000524520874,0.9080000519752502,0.5744047363263797,873600,873600,0,0,0,0,QC_STAT_ONLY,0.5550000071525574,"Per-file exact median; no QI threshold, filtering, or model input.",0.06411540000408422,False
2025\imerg_20250917.nc,imerg_20250917.nc,OK,,0.0,1.0,0.164000004529953,0.9100000262260437,0.5417880300168227,873600,873600,0,0,0,0,QC_STAT_ONLY,0.5170000195503235,"Per-file exact median; no QI threshold, filtering, or model input.",0.06568659999902593,False
2025\imerg_20250918.nc,imerg_20250918.nc,OK,,0.0,1.0,0.15600000321865082,0.9220000505447388,0.5547329838639432,873600,873600,0,0,0,0,QC_STAT_ONLY,0.527999997138977,"Per-file exact median; no QI threshold, filtering, or model input.",0.0645072999977856,False
2025\imerg_20250919.nc,imerg_20250919.nc,OK,,0.0,1.0,0.15600000321865082,0.9000000357627869,0.5325951462736755,873600,873600,0,0,0,0,QC_STAT_ONLY,0.5010000467300415,"Per-file exact median; no QI threshold, filtering, or model input.",0.06598479999956908,False
2025\imerg_20250920.nc,imerg_20250920.nc,OK,,0.0,1.0,0.15600000321865082,0.906000018119812,0.5592993917099742,873600,873600,0,0,0,0,QC_STAT_ONLY,0.5270000100135803,"Per-file exact median; no QI threshold, filtering, or model input.",0.06327269999746932,False
2025\imerg_20250921.nc,imerg_20250921.nc,OK,,0.0,1.0,0.15700000524520874,0.8750000596046448,0.5641211781742037,873600,873600,0,0,0,0,QC_STAT_ONLY,0.5390000343322754,"Per-file exact median; no QI threshold, filtering, or model input.",0.06891909999831114,False
2025\imerg_20250922.nc,imerg_20250922.nc,OK,,0.0,1.0,0.15600000321865082,0.906000018119812,0.5377293474360577,873600,873600,0,0,0,0,QC_STAT_ONLY,0.5040000081062317,"Per-file exact median; no QI threshold, filtering, or model input.",0.0650900000036927,False
2025\imerg_20250923.nc,imerg_20250923.nc,OK,,0.0,1.0,0.15600000321865082,0.9080000519752502,0.5393054404621261,873600,873600,0,0,0,0,QC_STAT_ONLY,0.503000020980835,"Per-file exact median; no QI threshold, filtering, or model input.",0.06504319999658037,False
2025\imerg_20250924.nc,imerg_20250924.nc,OK,,0.0,1.0,0.15600000321865082,0.9100000262260437,0.5301998209813269,873600,873600,0,0,0,0,QC_STAT_ONLY,0.5040000081062317,"Per-file exact median; no QI threshold, filtering, or model input.",0.06135350000113249,False
2025\imerg_20250925.nc,imerg_20250925.nc,OK,,0.0,1.0,0.15600000321865082,0.8790000677108765,0.4990052415058358,873600,873600,0,0,0,0,QC_STAT_ONLY,0.48100003600120544,"Per-file exact median; no QI threshold, filtering, or model input.",0.0682024999987334,False
2025\imerg_20250926.nc,imerg_20250926.nc,OK,,0.0,1.0,0.15600000321865082,0.9080000519752502,0.5202004181881923,873600,873600,0,0,0,0,QC_STAT_ONLY,0.49900001287460327,"Per-file exact median; no QI threshold, filtering, or model input.",0.06945819999964442,False
2025\imerg_20250927.nc,imerg_20250927.nc,OK,,0.0,1.0,0.16700001060962677,0.8270000219345093,0.5266475351076341,873600,873600,0,0,0,0,QC_STAT_ONLY,0.5,"Per-file exact median; no QI threshold, filtering, or model input.",0.06475870000576833,False
2025\imerg_20250928.nc,imerg_20250928.nc,OK,,0.0,1.0,0.16700001060962677,0.9000000357627869,0.500210013285402,873600,873600,0,0,0,0,QC_STAT_ONLY,0.48100003600120544,"Per-file exact median; no QI threshold, filtering, or model input.",0.06757089999882737,False
2025\imerg_20250929.nc,imerg_20250929.nc,OK,,0.0,1.0,0.15600000321865082,0.906000018119812,0.49957704803302555,873600,873600,0,0,0,0,QC_STAT_ONLY,0.48600003123283386,"Per-file exact median; no QI threshold, filtering, or model input.",0.06596700000227429,False
2025\imerg_20250930.nc,imerg_20250930.nc,OK,,0.0,1.0,0.15700000524520874,0.8470000624656677,0.5363228709497677,873600,873600,0,0,0,0,QC_STAT_ONLY,0.5110000371932983,"Per-file exact median; no QI threshold, filtering, or model input.",0.07536270000127843,False
