relative_path,filename,year,month,day,date,size_bytes,mtime_ns,filename_parse_status,notes
2019\imerg_20190101.nc,imerg_20190101.nc,2019,1,1,2019-01-01,380398,1788234191695670700,OK,
2019\imerg_20190102.nc,imerg_20190102.nc,2019,1,2,2019-01-02,399825,1788234238008975800,OK,
2019\imerg_20190103.nc,imerg_20190103.nc,2019,1,3,2019-01-03,435785,1788234283885485500,OK,
2019\imerg_20190104.nc,imerg_20190104.nc,2019,1,4,2019-01-04,411315,1788234329757999100,OK,
2019\imerg_20190105.nc,imerg_20190105.nc,2019,1,5,2019-01-05,335678,1788234369474951700,OK,
2019\imerg_20190106.nc,imerg_20190106.nc,2019,1,6,2019-01-06,415955,1788234420325061400,OK,
2019\imerg_20190107.nc,imerg_20190107.nc,2019,1,7,2019-01-07,884657,1788234479268489600,OK,
2019\imerg_20190108.nc,imerg_20190108.nc,2019,1,8,2019-01-08,1377203,1788234520281463700,OK,
2019\imerg_20190109.nc,imerg_20190109.nc,2019,1,9,2019-01-09,549547,1788234563400496200,OK,
2019\imerg_20190110.nc,imerg_20190110.nc,2019,1,10,2019-01-10,376980,1788234609934669600,OK,
2019\imerg_20190111.nc,imerg_20190111.nc,2019,1,11,2019-01-11,339863,1788234652621898100,OK,
2019\imerg_20190112.nc,imerg_20190112.nc,2019,1,12,2019-01-12,314750,1788234692509611900,OK,
2019\imerg_20190113.nc,imerg_20190113.nc,2019,1,13,2019-01-13,281516,1788234740848669700,OK,
2019\imerg_20190114.nc,imerg_20190114.nc,2019,1,14,2019-01-14,316256,1788234787299395600,OK,
2019\imerg_20190115.nc,imerg_20190115.nc,2019,1,15,2019-01-15,452005,1788234829491112400,OK,
2019\imerg_20190116.nc,imerg_20190116.nc,2019,1,16,2019-01-16,354400,1788234872717687500,OK,
2019\imerg_20190117.nc,imerg_20190117.nc,2019,1,17,2019-01-17,308463,1788234913070974500,OK,
2019\imerg_20190118.nc,imerg_20190118.nc,2019,1,18,2019-01-18,338414,1788234988691362300,OK,
2019\imerg_20190119.nc,imerg_20190119.nc,2019,1,19,2019-01-19,322522,1788235031837790200,OK,
2019\imerg_20190120.nc,imerg_20190120.nc,2019,1,20,2019-01-20,357292,1788235074430141000,OK,
2019\imerg_20190121.nc,imerg_20190121.nc,2019,1,21,2019-01-21,282864,1788235112506601600,OK,
2019\imerg_20190122.nc,imerg_20190122.nc,2019,1,22,2019-01-22,237762,1788235151509318600,OK,
2019\imerg_20190123.nc,imerg_20190123.nc,2019,1,23,2019-01-23,239950,1788235194110385400,OK,
2019\imerg_20190124.nc,imerg_20190124.nc,2019,1,24,2019-01-24,256561,1788235238159747000,OK,
2019\imerg_20190125.nc,imerg_20190125.nc,2019,1,25,2019-01-25,281367,1788235279709719200,OK,
2019\imerg_20190126.nc,imerg_20190126.nc,2019,1,26,2019-01-26,279893,1788235315166861000,OK,
2019\imerg_20190127.nc,imerg_20190127.nc,2019,1,27,2019-01-27,279439,1788235357976694300,OK,
2019\imerg_20190128.nc,imerg_20190128.nc,2019,1,28,2019-01-28,290712,1788235403282105400,OK,
2019\imerg_20190129.nc,imerg_20190129.nc,2019,1,29,2019-01-29,520114,1788235444754439300,OK,
2019\imerg_20190130.nc,imerg_20190130.nc,2019,1,30,2019-01-30,371860,1788235486944385500,OK,
2019\imerg_20190131.nc,imerg_20190131.nc,2019,1,31,2019-01-31,275687,1788235532231161500,OK,
2019\imerg_20190201.nc,imerg_20190201.nc,2019,2,1,2019-02-01,272083,1788235575029017100,OK,
2019\imerg_20190202.nc,imerg_20190202.nc,2019,2,2,2019-02-02,295274,1788235613607270200,OK,
2019\imerg_20190203.nc,imerg_20190203.nc,2019,2,3,2019-02-03,289961,1788235652649556300,OK,
2019\imerg_20190204.nc,imerg_20190204.nc,2019,2,4,2019-02-04,270311,1788235684821585200,OK,
2019\imerg_20190205.nc,imerg_20190205.nc,2019,2,5,2019-02-05,214022,1788235716587783700,OK,
2019\imerg_20190206.nc,imerg_20190206.nc,2019,2,6,2019-02-06,236649,1788235752142663300,OK,
2019\imerg_20190207.nc,imerg_20190207.nc,2019,2,7,2019-02-07,250766,1788235784178300400,OK,
2019\imerg_20190208.nc,imerg_20190208.nc,2019,2,8,2019-02-08,281429,1788235816932624800,OK,
2019\imerg_20190209.nc,imerg_20190209.nc,2019,2,9,2019-02-09,343111,1788235852077736300,OK,
2019\imerg_20190210.nc,imerg_20190210.nc,2019,2,10,2019-02-10,380043,1788235886770484700,OK,
2019\imerg_20190211.nc,imerg_20190211.nc,2019,2,11,2019-02-11,337717,1788235920717283100,OK,
2019\imerg_20190212.nc,imerg_20190212.nc,2019,2,12,2019-02-12,337742,1788235959207878800,OK,
2019\imerg_20190213.nc,imerg_20190213.nc,2019,2,13,2019-02-13,264926,1788235992046940000,OK,
2019\imerg_20190214.nc,imerg_20190214.nc,2019,2,14,2019-02-14,271552,1788236028959615900,OK,
2019\imerg_20190215.nc,imerg_20190215.nc,2019,2,15,2019-02-15,298923,1788236062014441200,OK,
2019\imerg_20190216.nc,imerg_20190216.nc,2019,2,16,2019-02-16,602596,1788236094303502000,OK,
2019\imerg_20190217.nc,imerg_20190217.nc,2019,2,17,2019-02-17,828539,1788236127221380300,OK,
2019\imerg_20190218.nc,imerg_20190218.nc,2019,2,18,2019-02-18,405940,1788236159813016000,OK,
2019\imerg_20190219.nc,imerg_20190219.nc,2019,2,19,2019-02-19,387081,1788236192140214700,OK,
2019\imerg_20190220.nc,imerg_20190220.nc,2019,2,20,2019-02-20,363491,1788236224932602300,OK,
2019\imerg_20190221.nc,imerg_20190221.nc,2019,2,21,2019-02-21,291996,1788236261123154500,OK,
2019\imerg_20190222.nc,imerg_20190222.nc,2019,2,22,2019-02-22,396478,1788236293753255400,OK,
2019\imerg_20190223.nc,imerg_20190223.nc,2019,2,23,2019-02-23,451987,1788236326439545900,OK,
2019\imerg_20190224.nc,imerg_20190224.nc,2019,2,24,2019-02-24,465371,1788236359393132800,OK,
2019\imerg_20190225.nc,imerg_20190225.nc,2019,2,25,2019-02-25,558646,1788236392513629000,OK,
2019\imerg_20190226.nc,imerg_20190226.nc,2019,2,26,2019-02-26,568876,1788236425561369500,OK,
2019\imerg_20190227.nc,imerg_20190227.nc,2019,2,27,2019-02-27,514275,1788236462467189100,OK,
2019\imerg_20190228.nc,imerg_20190228.nc,2019,2,28,2019-02-28,641207,1788236495270569700,OK,
2019\imerg_20190301.nc,imerg_20190301.nc,2019,3,1,2019-03-01,374726,1788236535117665700,OK,
2019\imerg_20190302.nc,imerg_20190302.nc,2019,3,2,2019-03-02,317789,1788236567641706900,OK,
2019\imerg_20190303.nc,imerg_20190303.nc,2019,3,3,2019-03-03,368855,1788236600047974600,OK,
2019\imerg_20190304.nc,imerg_20190304.nc,2019,3,4,2019-03-04,654524,1788236635236441000,OK,
2019\imerg_20190305.nc,imerg_20190305.nc,2019,3,5,2019-03-05,834584,1788236670968768000,OK,
2019\imerg_20190306.nc,imerg_20190306.nc,2019,3,6,2019-03-06,853571,1788236706362854700,OK,
2019\imerg_20190307.nc,imerg_20190307.nc,2019,3,7,2019-03-07,615823,1788236743370179500,OK,
2019\imerg_20190308.nc,imerg_20190308.nc,2019,3,8,2019-03-08,510577,1788236777067097400,OK,
2019\imerg_20190309.nc,imerg_20190309.nc,2019,3,9,2019-03-09,425582,1788236816075671400,OK,
2019\imerg_20190310.nc,imerg_20190310.nc,2019,3,10,2019-03-10,385811,1788236848317229600,OK,
2019\imerg_20190311.nc,imerg_20190311.nc,2019,3,11,2019-03-11,337110,1788236883896261800,OK,
2019\imerg_20190312.nc,imerg_20190312.nc,2019,3,12,2019-03-12,413515,1788236915930381400,OK,
2019\imerg_20190313.nc,imerg_20190313.nc,2019,3,13,2019-03-13,407393,1788236949194011100,OK,
2019\imerg_20190314.nc,imerg_20190314.nc,2019,3,14,2019-03-14,406692,1788236982683475300,OK,
2019\imerg_20190315.nc,imerg_20190315.nc,2019,3,15,2019-03-15,534580,1788237015575351100,OK,
2019\imerg_20190316.nc,imerg_20190316.nc,2019,3,16,2019-03-16,552588,1788237047854733000,OK,
2019\imerg_20190317.nc,imerg_20190317.nc,2019,3,17,2019-03-17,376027,1788237080775164000,OK,
2019\imerg_20190318.nc,imerg_20190318.nc,2019,3,18,2019-03-18,499649,1788237113992633300,OK,
2019\imerg_20190319.nc,imerg_20190319.nc,2019,3,19,2019-03-19,535997,1788237146613204900,OK,
2019\imerg_20190320.nc,imerg_20190320.nc,2019,3,20,2019-03-20,478272,1788237185615977600,OK,
2019\imerg_20190321.nc,imerg_20190321.nc,2019,3,21,2019-03-21,459877,1788237218297411700,OK,
2019\imerg_20190322.nc,imerg_20190322.nc,2019,3,22,2019-03-22,494624,1788237251576625000,OK,
2019\imerg_20190323.nc,imerg_20190323.nc,2019,3,23,2019-03-23,610811,1788237284254428300,OK,
2019\imerg_20190324.nc,imerg_20190324.nc,2019,3,24,2019-03-24,397923,1788237316753208700,OK,
2019\imerg_20190325.nc,imerg_20190325.nc,2019,3,25,2019-03-25,366767,1788237350441520800,OK,
2019\imerg_20190326.nc,imerg_20190326.nc,2019,3,26,2019-03-26,373040,1788237385636641000,OK,
2019\imerg_20190327.nc,imerg_20190327.nc,2019,3,27,2019-03-27,630149,1788237419782615900,OK,
2019\imerg_20190328.nc,imerg_20190328.nc,2019,3,28,2019-03-28,497239,1788237452572131200,OK,
2019\imerg_20190329.nc,imerg_20190329.nc,2019,3,29,2019-03-29,394266,1788237486129621500,OK,
2019\imerg_20190330.nc,imerg_20190330.nc,2019,3,30,2019-03-30,510780,1788237525152107500,OK,
2019\imerg_20190331.nc,imerg_20190331.nc,2019,3,31,2019-03-31,698018,1788237557288981800,OK,
2019\imerg_20190401.nc,imerg_20190401.nc,2019,4,1,2019-04-01,610293,1788237593210729000,OK,
2019\imerg_20190402.nc,imerg_20190402.nc,2019,4,2,2019-04-02,691979,1788237629103483000,OK,
2019\imerg_20190403.nc,imerg_20190403.nc,2019,4,3,2019-04-03,816915,1788237662820402500,OK,
2019\imerg_20190404.nc,imerg_20190404.nc,2019,4,4,2019-04-04,536140,1788237696026048000,OK,
2019\imerg_20190405.nc,imerg_20190405.nc,2019,4,5,2019-04-05,523404,1788237728973272200,OK,
2019\imerg_20190406.nc,imerg_20190406.nc,2019,4,6,2019-04-06,358242,1788237761399707400,OK,
2019\imerg_20190407.nc,imerg_20190407.nc,2019,4,7,2019-04-07,530971,1788237794586829300,OK,
2019\imerg_20190408.nc,imerg_20190408.nc,2019,4,8,2019-04-08,541575,1788237827924819500,OK,
2019\imerg_20190409.nc,imerg_20190409.nc,2019,4,9,2019-04-09,470608,1788237866238647300,OK,
2019\imerg_20190410.nc,imerg_20190410.nc,2019,4,10,2019-04-10,552988,1788237902309112300,OK,
2019\imerg_20190411.nc,imerg_20190411.nc,2019,4,11,2019-04-11,390068,1788237935893787900,OK,
2019\imerg_20190412.nc,imerg_20190412.nc,2019,4,12,2019-04-12,368401,1788237967958060400,OK,
2019\imerg_20190413.nc,imerg_20190413.nc,2019,4,13,2019-04-13,487627,1788238001887239600,OK,
2019\imerg_20190414.nc,imerg_20190414.nc,2019,4,14,2019-04-14,632062,1788238033792349600,OK,
2019\imerg_20190415.nc,imerg_20190415.nc,2019,4,15,2019-04-15,654496,1788238065996363500,OK,
2019\imerg_20190416.nc,imerg_20190416.nc,2019,4,16,2019-04-16,502230,1788238099149544200,OK,
2019\imerg_20190417.nc,imerg_20190417.nc,2019,4,17,2019-04-17,457794,1788238132175738300,OK,
2019\imerg_20190418.nc,imerg_20190418.nc,2019,4,18,2019-04-18,379695,1788238165961022300,OK,
2019\imerg_20190419.nc,imerg_20190419.nc,2019,4,19,2019-04-19,456325,1788238197885701000,OK,
2019\imerg_20190420.nc,imerg_20190420.nc,2019,4,20,2019-04-20,489058,1788238230351366900,OK,
2019\imerg_20190421.nc,imerg_20190421.nc,2019,4,21,2019-04-21,517866,1788238273170565700,OK,
2019\imerg_20190422.nc,imerg_20190422.nc,2019,4,22,2019-04-22,502495,1788238309185929700,OK,
2019\imerg_20190423.nc,imerg_20190423.nc,2019,4,23,2019-04-23,515170,1788238344783823700,OK,
2019\imerg_20190424.nc,imerg_20190424.nc,2019,4,24,2019-04-24,409442,1788238377549490500,OK,
2019\imerg_20190425.nc,imerg_20190425.nc,2019,4,25,2019-04-25,427745,1788238413551226900,OK,
2019\imerg_20190426.nc,imerg_20190426.nc,2019,4,26,2019-04-26,433645,1788238446127478600,OK,
2019\imerg_20190427.nc,imerg_20190427.nc,2019,4,27,2019-04-27,531126,1788238478840034400,OK,
2019\imerg_20190428.nc,imerg_20190428.nc,2019,4,28,2019-04-28,707237,1788238511650729000,OK,
2019\imerg_20190429.nc,imerg_20190429.nc,2019,4,29,2019-04-29,785000,1788238544702090900,OK,
2019\imerg_20190430.nc,imerg_20190430.nc,2019,4,30,2019-04-30,804367,1788238583770108700,OK,
2019\imerg_20190501.nc,imerg_20190501.nc,2019,5,1,2019-05-01,809570,1788238622535178300,OK,
2019\imerg_20190502.nc,imerg_20190502.nc,2019,5,2,2019-05-02,667133,1788238657906175100,OK,
2019\imerg_20190503.nc,imerg_20190503.nc,2019,5,3,2019-05-03,765269,1788238694030805800,OK,
2019\imerg_20190504.nc,imerg_20190504.nc,2019,5,4,2019-05-04,789037,1788238732405636700,OK,
2019\imerg_20190505.nc,imerg_20190505.nc,2019,5,5,2019-05-05,665837,1788238771461651200,OK,
2019\imerg_20190506.nc,imerg_20190506.nc,2019,5,6,2019-05-06,577143,1788238808249268900,OK,
2019\imerg_20190507.nc,imerg_20190507.nc,2019,5,7,2019-05-07,597355,1788238847242091600,OK,
2019\imerg_20190508.nc,imerg_20190508.nc,2019,5,8,2019-05-08,620209,1788238890368876600,OK,
2019\imerg_20190509.nc,imerg_20190509.nc,2019,5,9,2019-05-09,658338,1788238933828120000,OK,
2019\imerg_20190510.nc,imerg_20190510.nc,2019,5,10,2019-05-10,559394,1788238973671082100,OK,
2019\imerg_20190511.nc,imerg_20190511.nc,2019,5,11,2019-05-11,584029,1788239019595804500,OK,
2019\imerg_20190512.nc,imerg_20190512.nc,2019,5,12,2019-05-12,646744,1788239065084475200,OK,
2019\imerg_20190513.nc,imerg_20190513.nc,2019,5,13,2019-05-13,651815,1788239107387472500,OK,
2019\imerg_20190514.nc,imerg_20190514.nc,2019,5,14,2019-05-14,617982,1788239151407847500,OK,
2019\imerg_20190515.nc,imerg_20190515.nc,2019,5,15,2019-05-15,484081,1788239197500988600,OK,
2019\imerg_20190516.nc,imerg_20190516.nc,2019,5,16,2019-05-16,426825,1788239242378636900,OK,
2019\imerg_20190517.nc,imerg_20190517.nc,2019,5,17,2019-05-17,418569,1788239290124167700,OK,
2019\imerg_20190518.nc,imerg_20190518.nc,2019,5,18,2019-05-18,466894,1788239336524478600,OK,
2019\imerg_20190519.nc,imerg_20190519.nc,2019,5,19,2019-05-19,547406,1788239382223690100,OK,
2019\imerg_20190520.nc,imerg_20190520.nc,2019,5,20,2019-05-20,532390,1788239428831718600,OK,
2019\imerg_20190521.nc,imerg_20190521.nc,2019,5,21,2019-05-21,632239,1788239471292201200,OK,
2019\imerg_20190522.nc,imerg_20190522.nc,2019,5,22,2019-05-22,585009,1788239517457420900,OK,
2019\imerg_20190523.nc,imerg_20190523.nc,2019,5,23,2019-05-23,641025,1788239556991699100,OK,
2019\imerg_20190524.nc,imerg_20190524.nc,2019,5,24,2019-05-24,828894,1788239596662506200,OK,
2019\imerg_20190525.nc,imerg_20190525.nc,2019,5,25,2019-05-25,663592,1788239642843176900,OK,
2019\imerg_20190526.nc,imerg_20190526.nc,2019,5,26,2019-05-26,716874,1788239686512373500,OK,
2019\imerg_20190527.nc,imerg_20190527.nc,2019,5,27,2019-05-27,817677,1788239728556847300,OK,
2019\imerg_20190528.nc,imerg_20190528.nc,2019,5,28,2019-05-28,765418,1788239772239470100,OK,
2019\imerg_20190529.nc,imerg_20190529.nc,2019,5,29,2019-05-29,674386,1788239818411983100,OK,
2019\imerg_20190530.nc,imerg_20190530.nc,2019,5,30,2019-05-30,900166,1788239864211850200,OK,
2019\imerg_20190531.nc,imerg_20190531.nc,2019,5,31,2019-05-31,1193629,1788239906598482200,OK,
2019\imerg_20190601.nc,imerg_20190601.nc,2019,6,1,2019-06-01,938132,1788239952295199500,OK,
2019\imerg_20190602.nc,imerg_20190602.nc,2019,6,2,2019-06-02,524774,1788239994393473800,OK,
2019\imerg_20190603.nc,imerg_20190603.nc,2019,6,3,2019-06-03,593729,1788240039682990500,OK,
2019\imerg_20190604.nc,imerg_20190604.nc,2019,6,4,2019-06-04,710056,1788240081927380800,OK,
2019\imerg_20190605.nc,imerg_20190605.nc,2019,6,5,2019-06-05,634704,1788240125168161100,OK,
2019\imerg_20190606.nc,imerg_20190606.nc,2019,6,6,2019-06-06,637671,1788240170858990100,OK,
2019\imerg_20190607.nc,imerg_20190607.nc,2019,6,7,2019-06-07,675448,1788240216512504300,OK,
2019\imerg_20190608.nc,imerg_20190608.nc,2019,6,8,2019-06-08,717857,1788240260905256300,OK,
2019\imerg_20190609.nc,imerg_20190609.nc,2019,6,9,2019-06-09,728776,1788240308496896500,OK,
2019\imerg_20190610.nc,imerg_20190610.nc,2019,6,10,2019-06-10,729027,1788240354277918800,OK,
2019\imerg_20190611.nc,imerg_20190611.nc,2019,6,11,2019-06-11,783979,1788240395283130700,OK,
2019\imerg_20190612.nc,imerg_20190612.nc,2019,6,12,2019-06-12,669562,1788240436958030800,OK,
2019\imerg_20190613.nc,imerg_20190613.nc,2019,6,13,2019-06-13,732554,1788240478853236800,OK,
2019\imerg_20190614.nc,imerg_20190614.nc,2019,6,14,2019-06-14,838342,1788240525257919500,OK,
2019\imerg_20190615.nc,imerg_20190615.nc,2019,6,15,2019-06-15,857752,1788240572137205500,OK,
2019\imerg_20190616.nc,imerg_20190616.nc,2019,6,16,2019-06-16,924072,1788240614941651500,OK,
2019\imerg_20190617.nc,imerg_20190617.nc,2019,6,17,2019-06-17,850561,1788240660246349400,OK,
2019\imerg_20190618.nc,imerg_20190618.nc,2019,6,18,2019-06-18,652641,1788240700109515800,OK,
2019\imerg_20190619.nc,imerg_20190619.nc,2019,6,19,2019-06-19,528600,1788240748324574600,OK,
2019\imerg_20190620.nc,imerg_20190620.nc,2019,6,20,2019-06-20,330029,1788240787729028300,OK,
2019\imerg_20190621.nc,imerg_20190621.nc,2019,6,21,2019-06-21,470383,1788240827185021900,OK,
2019\imerg_20190622.nc,imerg_20190622.nc,2019,6,22,2019-06-22,660039,1788240872491378800,OK,
2019\imerg_20190623.nc,imerg_20190623.nc,2019,6,23,2019-06-23,866508,1788240910909615300,OK,
2019\imerg_20190624.nc,imerg_20190624.nc,2019,6,24,2019-06-24,988554,1788240949638694700,OK,
2019\imerg_20190625.nc,imerg_20190625.nc,2019,6,25,2019-06-25,1033270,1788240995552967100,OK,
2019\imerg_20190626.nc,imerg_20190626.nc,2019,6,26,2019-06-26,741144,1788241037541871500,OK,
2019\imerg_20190627.nc,imerg_20190627.nc,2019,6,27,2019-06-27,701967,1788241083898170200,OK,
2019\imerg_20190628.nc,imerg_20190628.nc,2019,6,28,2019-06-28,679962,1788241126748147400,OK,
2019\imerg_20190629.nc,imerg_20190629.nc,2019,6,29,2019-06-29,726289,1788241172645167200,OK,
2019\imerg_20190630.nc,imerg_20190630.nc,2019,6,30,2019-06-30,749103,1788241210919596600,OK,
2019\imerg_20190701.nc,imerg_20190701.nc,2019,7,1,2019-07-01,808366,1788241250303299700,OK,
2019\imerg_20190702.nc,imerg_20190702.nc,2019,7,2,2019-07-02,767165,1788241289028340100,OK,
2019\imerg_20190703.nc,imerg_20190703.nc,2019,7,3,2019-07-03,1112851,1788241325979214200,OK,
2019\imerg_20190704.nc,imerg_20190704.nc,2019,7,4,2019-07-04,1186955,1788241368748921900,OK,
2019\imerg_20190705.nc,imerg_20190705.nc,2019,7,5,2019-07-05,1061826,1788241408927461600,OK,
2019\imerg_20190706.nc,imerg_20190706.nc,2019,7,6,2019-07-06,1064215,1788241449350285800,OK,
2019\imerg_20190707.nc,imerg_20190707.nc,2019,7,7,2019-07-07,1066259,1788241485878711600,OK,
2019\imerg_20190708.nc,imerg_20190708.nc,2019,7,8,2019-07-08,1075203,1788241524269869700,OK,
2019\imerg_20190709.nc,imerg_20190709.nc,2019,7,9,2019-07-09,1247250,1788241566282232600,OK,
2019\imerg_20190710.nc,imerg_20190710.nc,2019,7,10,2019-07-10,1515955,1788241604963549800,OK,
2019\imerg_20190711.nc,imerg_20190711.nc,2019,7,11,2019-07-11,1531616,1788241643695933500,OK,
2019\imerg_20190712.nc,imerg_20190712.nc,2019,7,12,2019-07-12,1362315,1788242202046500300,OK,
2019\imerg_20190713.nc,imerg_20190713.nc,2019,7,13,2019-07-13,1171733,1788242245106828100,OK,
2019\imerg_20190714.nc,imerg_20190714.nc,2019,7,14,2019-07-14,1022226,1788242287628129300,OK,
2019\imerg_20190715.nc,imerg_20190715.nc,2019,7,15,2019-07-15,909165,1788242338583550700,OK,
2019\imerg_20190716.nc,imerg_20190716.nc,2019,7,16,2019-07-16,680439,1788242375144449200,OK,
2019\imerg_20190717.nc,imerg_20190717.nc,2019,7,17,2019-07-17,543592,1788242408010177800,OK,
2019\imerg_20190718.nc,imerg_20190718.nc,2019,7,18,2019-07-18,718873,1788242446805472000,OK,
2019\imerg_20190719.nc,imerg_20190719.nc,2019,7,19,2019-07-19,938604,1788242493099730600,OK,
2019\imerg_20190720.nc,imerg_20190720.nc,2019,7,20,2019-07-20,923405,1788242546247293300,OK,
2019\imerg_20190721.nc,imerg_20190721.nc,2019,7,21,2019-07-21,935264,1788242589631582400,OK,
2019\imerg_20190722.nc,imerg_20190722.nc,2019,7,22,2019-07-22,1340378,1788242629343551400,OK,
2019\imerg_20190723.nc,imerg_20190723.nc,2019,7,23,2019-07-23,1416026,1788242666073797000,OK,
2019\imerg_20190724.nc,imerg_20190724.nc,2019,7,24,2019-07-24,1299829,1788242699189278700,OK,
2019\imerg_20190725.nc,imerg_20190725.nc,2019,7,25,2019-07-25,1125840,1788242733189916800,OK,
2019\imerg_20190726.nc,imerg_20190726.nc,2019,7,26,2019-07-26,887611,1788242767453337500,OK,
2019\imerg_20190727.nc,imerg_20190727.nc,2019,7,27,2019-07-27,602292,1788242813694916500,OK,
2019\imerg_20190728.nc,imerg_20190728.nc,2019,7,28,2019-07-28,635330,1788242851013161000,OK,
2019\imerg_20190729.nc,imerg_20190729.nc,2019,7,29,2019-07-29,1154353,1788242893988711800,OK,
2019\imerg_20190730.nc,imerg_20190730.nc,2019,7,30,2019-07-30,1255556,1788242940160547000,OK,
2019\imerg_20190731.nc,imerg_20190731.nc,2019,7,31,2019-07-31,1074011,1788242989365053800,OK,
2019\imerg_20190801.nc,imerg_20190801.nc,2019,8,1,2019-08-01,945001,1788243044610021900,OK,
2019\imerg_20190802.nc,imerg_20190802.nc,2019,8,2,2019-08-02,1077554,1788243100858009700,OK,
2019\imerg_20190803.nc,imerg_20190803.nc,2019,8,3,2019-08-03,1198898,1788243151701736200,OK,
2019\imerg_20190804.nc,imerg_20190804.nc,2019,8,4,2019-08-04,1142968,1788243226698114300,OK,
2019\imerg_20190805.nc,imerg_20190805.nc,2019,8,5,2019-08-05,981454,1788243276089910900,OK,
2019\imerg_20190806.nc,imerg_20190806.nc,2019,8,6,2019-08-06,863036,1788243323158685700,OK,
2019\imerg_20190807.nc,imerg_20190807.nc,2019,8,7,2019-08-07,690162,1788243366733075100,OK,
2019\imerg_20190808.nc,imerg_20190808.nc,2019,8,8,2019-08-08,800150,1788243413073210300,OK,
2019\imerg_20190809.nc,imerg_20190809.nc,2019,8,9,2019-08-09,844228,1788243463151453400,OK,
2019\imerg_20190810.nc,imerg_20190810.nc,2019,8,10,2019-08-10,590050,1788243505296360200,OK,
2019\imerg_20190811.nc,imerg_20190811.nc,2019,8,11,2019-08-11,485113,1788243548722365900,OK,
2019\imerg_20190812.nc,imerg_20190812.nc,2019,8,12,2019-08-12,685802,1788243588674141300,OK,
2019\imerg_20190813.nc,imerg_20190813.nc,2019,8,13,2019-08-13,796834,1788243628918114900,OK,
2019\imerg_20190814.nc,imerg_20190814.nc,2019,8,14,2019-08-14,762229,1788243669041381000,OK,
2019\imerg_20190815.nc,imerg_20190815.nc,2019,8,15,2019-08-15,641006,1788243711765776600,OK,
2019\imerg_20190816.nc,imerg_20190816.nc,2019,8,16,2019-08-16,488022,1788243751517844100,OK,
2019\imerg_20190817.nc,imerg_20190817.nc,2019,8,17,2019-08-17,487131,1788243787652968300,OK,
2019\imerg_20190818.nc,imerg_20190818.nc,2019,8,18,2019-08-18,545314,1788243827371269700,OK,
2019\imerg_20190819.nc,imerg_20190819.nc,2019,8,19,2019-08-19,727348,1788243871361173300,OK,
2019\imerg_20190820.nc,imerg_20190820.nc,2019,8,20,2019-08-20,813184,1788243910273575800,OK,
2019\imerg_20190821.nc,imerg_20190821.nc,2019,8,21,2019-08-21,801270,1788243947487209100,OK,
2019\imerg_20190822.nc,imerg_20190822.nc,2019,8,22,2019-08-22,1004153,1788243989314532900,OK,
2019\imerg_20190823.nc,imerg_20190823.nc,2019,8,23,2019-08-23,747020,1788244034423213800,OK,
2019\imerg_20190824.nc,imerg_20190824.nc,2019,8,24,2019-08-24,469641,1788244076826725800,OK,
2019\imerg_20190825.nc,imerg_20190825.nc,2019,8,25,2019-08-25,373990,1788244119416458300,OK,
2019\imerg_20190826.nc,imerg_20190826.nc,2019,8,26,2019-08-26,645174,1788244165826593400,OK,
2019\imerg_20190827.nc,imerg_20190827.nc,2019,8,27,2019-08-27,916068,1788244209285860200,OK,
2019\imerg_20190828.nc,imerg_20190828.nc,2019,8,28,2019-08-28,690927,1788244259117306800,OK,
2019\imerg_20190829.nc,imerg_20190829.nc,2019,8,29,2019-08-29,894526,1788244302531018500,OK,
2019\imerg_20190830.nc,imerg_20190830.nc,2019,8,30,2019-08-30,1183650,1788244347928062700,OK,
2019\imerg_20190831.nc,imerg_20190831.nc,2019,8,31,2019-08-31,915015,1788244390886626100,OK,
2019\imerg_20190901.nc,imerg_20190901.nc,2019,9,1,2019-09-01,774776,1788244436702649100,OK,
2019\imerg_20190902.nc,imerg_20190902.nc,2019,9,2,2019-09-02,817604,1788244482414733300,OK,
2019\imerg_20190903.nc,imerg_20190903.nc,2019,9,3,2019-09-03,743642,1788244525078817700,OK,
2019\imerg_20190904.nc,imerg_20190904.nc,2019,9,4,2019-09-04,858645,1788244569907118900,OK,
2019\imerg_20190905.nc,imerg_20190905.nc,2019,9,5,2019-09-05,712460,1788244615221875700,OK,
2019\imerg_20190906.nc,imerg_20190906.nc,2019,9,6,2019-09-06,667883,1788308429523658500,OK,
2019\imerg_20190907.nc,imerg_20190907.nc,2019,9,7,2019-09-07,824360,1788308482363738900,OK,
2019\imerg_20190908.nc,imerg_20190908.nc,2019,9,8,2019-09-08,1003212,1788308531609990100,OK,
2019\imerg_20190909.nc,imerg_20190909.nc,2019,9,9,2019-09-09,1221626,1788308588383881100,OK,
2019\imerg_20190910.nc,imerg_20190910.nc,2019,9,10,2019-09-10,1403764,1788308651389306900,OK,
2019\imerg_20190911.nc,imerg_20190911.nc,2019,9,11,2019-09-11,1025328,1788308701004353500,OK,
2019\imerg_20190912.nc,imerg_20190912.nc,2019,9,12,2019-09-12,658495,1788308746012908500,OK,
2019\imerg_20190913.nc,imerg_20190913.nc,2019,9,13,2019-09-13,754917,1788308792194883700,OK,
2019\imerg_20190914.nc,imerg_20190914.nc,2019,9,14,2019-09-14,722201,1788308834309001000,OK,
2019\imerg_20190915.nc,imerg_20190915.nc,2019,9,15,2019-09-15,748315,1788308880483426100,OK,
2019\imerg_20190916.nc,imerg_20190916.nc,2019,9,16,2019-09-16,522753,1788308929584671300,OK,
2019\imerg_20190917.nc,imerg_20190917.nc,2019,9,17,2019-09-17,566859,1788308972018079400,OK,
2019\imerg_20190918.nc,imerg_20190918.nc,2019,9,18,2019-09-18,549024,1788309025202815500,OK,
2019\imerg_20190919.nc,imerg_20190919.nc,2019,9,19,2019-09-19,642736,1788309070808199500,OK,
2019\imerg_20190920.nc,imerg_20190920.nc,2019,9,20,2019-09-20,798089,1788309122092428600,OK,
2019\imerg_20190921.nc,imerg_20190921.nc,2019,9,21,2019-09-21,738865,1788309169629669500,OK,
2019\imerg_20190922.nc,imerg_20190922.nc,2019,9,22,2019-09-22,679949,1788309217817701700,OK,
2019\imerg_20190923.nc,imerg_20190923.nc,2019,9,23,2019-09-23,863978,1788309261623720000,OK,
2019\imerg_20190924.nc,imerg_20190924.nc,2019,9,24,2019-09-24,1119975,1788309304427193300,OK,
2019\imerg_20190925.nc,imerg_20190925.nc,2019,9,25,2019-09-25,952339,1788309346840144500,OK,
2019\imerg_20190926.nc,imerg_20190926.nc,2019,9,26,2019-09-26,652875,1788309392022820000,OK,
2019\imerg_20190927.nc,imerg_20190927.nc,2019,9,27,2019-09-27,442868,1788309443744759000,OK,
2019\imerg_20190928.nc,imerg_20190928.nc,2019,9,28,2019-09-28,376563,1788309496920029000,OK,
2019\imerg_20190929.nc,imerg_20190929.nc,2019,9,29,2019-09-29,518513,1788309542766279300,OK,
2019\imerg_20190930.nc,imerg_20190930.nc,2019,9,30,2019-09-30,525633,1788309584689455600,OK,
2019\imerg_20191001.nc,imerg_20191001.nc,2019,10,1,2019-10-01,545940,1788309626747101400,OK,
2019\imerg_20191002.nc,imerg_20191002.nc,2019,10,2,2019-10-02,597546,1788309669344758400,OK,
2019\imerg_20191003.nc,imerg_20191003.nc,2019,10,3,2019-10-03,601043,1788309714774913000,OK,
2019\imerg_20191004.nc,imerg_20191004.nc,2019,10,4,2019-10-04,754422,1788309760419655900,OK,
2019\imerg_20191005.nc,imerg_20191005.nc,2019,10,5,2019-10-05,653056,1788309803022847700,OK,
2019\imerg_20191006.nc,imerg_20191006.nc,2019,10,6,2019-10-06,631233,1788309848630848100,OK,
2019\imerg_20191007.nc,imerg_20191007.nc,2019,10,7,2019-10-07,718710,1788309894178134300,OK,
2019\imerg_20191008.nc,imerg_20191008.nc,2019,10,8,2019-10-08,634868,1788309938298381400,OK,
2019\imerg_20191009.nc,imerg_20191009.nc,2019,10,9,2019-10-09,540914,1788309979136009600,OK,
2019\imerg_20191010.nc,imerg_20191010.nc,2019,10,10,2019-10-10,675332,1788310025545905400,OK,
2019\imerg_20191011.nc,imerg_20191011.nc,2019,10,11,2019-10-11,640026,1788310070866698800,OK,
2019\imerg_20191012.nc,imerg_20191012.nc,2019,10,12,2019-10-12,574782,1788310117417173700,OK,
2019\imerg_20191013.nc,imerg_20191013.nc,2019,10,13,2019-10-13,717696,1788310171459119000,OK,
2019\imerg_20191014.nc,imerg_20191014.nc,2019,10,14,2019-10-14,907097,1788310217863562200,OK,
2019\imerg_20191015.nc,imerg_20191015.nc,2019,10,15,2019-10-15,707620,1788310261771698100,OK,
2019\imerg_20191016.nc,imerg_20191016.nc,2019,10,16,2019-10-16,792056,1788310314513306500,OK,
2019\imerg_20191017.nc,imerg_20191017.nc,2019,10,17,2019-10-17,644156,1788310362916141100,OK,
2019\imerg_20191018.nc,imerg_20191018.nc,2019,10,18,2019-10-18,400174,1788310404910623700,OK,
2019\imerg_20191019.nc,imerg_20191019.nc,2019,10,19,2019-10-19,407813,1788310451035114500,OK,
2019\imerg_20191020.nc,imerg_20191020.nc,2019,10,20,2019-10-20,493662,1788310493650399900,OK,
2019\imerg_20191021.nc,imerg_20191021.nc,2019,10,21,2019-10-21,751453,1788310536623567000,OK,
2019\imerg_20191022.nc,imerg_20191022.nc,2019,10,22,2019-10-22,565366,1788310585226619400,OK,
2019\imerg_20191023.nc,imerg_20191023.nc,2019,10,23,2019-10-23,518430,1788310632581825800,OK,
2019\imerg_20191024.nc,imerg_20191024.nc,2019,10,24,2019-10-24,1054931,1788310687756588100,OK,
2019\imerg_20191025.nc,imerg_20191025.nc,2019,10,25,2019-10-25,965114,1788310736534119700,OK,
2019\imerg_20191026.nc,imerg_20191026.nc,2019,10,26,2019-10-26,1066451,1788310787069939700,OK,
2019\imerg_20191027.nc,imerg_20191027.nc,2019,10,27,2019-10-27,704898,1788310839948809400,OK,
2019\imerg_20191028.nc,imerg_20191028.nc,2019,10,28,2019-10-28,548287,1788310895040959400,OK,
2019\imerg_20191029.nc,imerg_20191029.nc,2019,10,29,2019-10-29,480553,1788310941235111600,OK,
2019\imerg_20191030.nc,imerg_20191030.nc,2019,10,30,2019-10-30,476766,1788310983257256500,OK,
2019\imerg_20191031.nc,imerg_20191031.nc,2019,10,31,2019-10-31,654317,1788311028877808900,OK,
2019\imerg_20191101.nc,imerg_20191101.nc,2019,11,1,2019-11-01,747781,1788311081106143600,OK,
2019\imerg_20191102.nc,imerg_20191102.nc,2019,11,2,2019-11-02,532377,1788311140158876400,OK,
2019\imerg_20191103.nc,imerg_20191103.nc,2019,11,3,2019-11-03,375200,1788311192892268500,OK,
2019\imerg_20191104.nc,imerg_20191104.nc,2019,11,4,2019-11-04,622999,1788311235295201200,OK,
2019\imerg_20191105.nc,imerg_20191105.nc,2019,11,5,2019-11-05,566084,1788311282297505200,OK,
2019\imerg_20191106.nc,imerg_20191106.nc,2019,11,6,2019-11-06,386644,1788311331092401400,OK,
2019\imerg_20191107.nc,imerg_20191107.nc,2019,11,7,2019-11-07,376971,1788311383281838900,OK,
2019\imerg_20191108.nc,imerg_20191108.nc,2019,11,8,2019-11-08,413753,1788311435658257600,OK,
2019\imerg_20191109.nc,imerg_20191109.nc,2019,11,9,2019-11-09,523956,1788311481549249700,OK,
2019\imerg_20191110.nc,imerg_20191110.nc,2019,11,10,2019-11-10,568427,1788311536607959600,OK,
2019\imerg_20191111.nc,imerg_20191111.nc,2019,11,11,2019-11-11,410310,1788311585248374600,OK,
2019\imerg_20191112.nc,imerg_20191112.nc,2019,11,12,2019-11-12,386653,1788311643881106200,OK,
2019\imerg_20191113.nc,imerg_20191113.nc,2019,11,13,2019-11-13,394311,1788311705832622600,OK,
2019\imerg_20191114.nc,imerg_20191114.nc,2019,11,14,2019-11-14,285776,1788311763011055800,OK,
2019\imerg_20191115.nc,imerg_20191115.nc,2019,11,15,2019-11-15,314126,1788311819533479700,OK,
2019\imerg_20191116.nc,imerg_20191116.nc,2019,11,16,2019-11-16,303570,1788311878209628500,OK,
2019\imerg_20191117.nc,imerg_20191117.nc,2019,11,17,2019-11-17,476329,1788311936499523600,OK,
2019\imerg_20191118.nc,imerg_20191118.nc,2019,11,18,2019-11-18,448385,1788311989941658600,OK,
2019\imerg_20191119.nc,imerg_20191119.nc,2019,11,19,2019-11-19,349478,1788312045043083200,OK,
2019\imerg_20191120.nc,imerg_20191120.nc,2019,11,20,2019-11-20,343045,1788312090176913600,OK,
2019\imerg_20191121.nc,imerg_20191121.nc,2019,11,21,2019-11-21,293951,1788312151723973900,OK,
2019\imerg_20191122.nc,imerg_20191122.nc,2019,11,22,2019-11-22,296031,1788312191041813100,OK,
2019\imerg_20191123.nc,imerg_20191123.nc,2019,11,23,2019-11-23,346150,1788312242683311300,OK,
2019\imerg_20191124.nc,imerg_20191124.nc,2019,11,24,2019-11-24,510514,1788312285967719100,OK,
2019\imerg_20191125.nc,imerg_20191125.nc,2019,11,25,2019-11-25,339375,1788312341298747900,OK,
2019\imerg_20191126.nc,imerg_20191126.nc,2019,11,26,2019-11-26,368262,1788312400260344800,OK,
2019\imerg_20191127.nc,imerg_20191127.nc,2019,11,27,2019-11-27,274240,1788312458645264900,OK,
2019\imerg_20191128.nc,imerg_20191128.nc,2019,11,28,2019-11-28,256745,1788312507537753200,OK,
2019\imerg_20191129.nc,imerg_20191129.nc,2019,11,29,2019-11-29,286723,1788312568705299000,OK,
2019\imerg_20191130.nc,imerg_20191130.nc,2019,11,30,2019-11-30,337472,1788312617536255600,OK,
2019\imerg_20191201.nc,imerg_20191201.nc,2019,12,1,2019-12-01,353214,1788312673086435400,OK,
2019\imerg_20191202.nc,imerg_20191202.nc,2019,12,2,2019-12-02,352752,1788312728724400900,OK,
2019\imerg_20191203.nc,imerg_20191203.nc,2019,12,3,2019-12-03,369445,1788312780367133700,OK,
2019\imerg_20191204.nc,imerg_20191204.nc,2019,12,4,2019-12-04,527176,1788312821990048200,OK,
2019\imerg_20191205.nc,imerg_20191205.nc,2019,12,5,2019-12-05,320952,1788312863691454400,OK,
2019\imerg_20191206.nc,imerg_20191206.nc,2019,12,6,2019-12-06,256821,1788312911254543800,OK,
2019\imerg_20191207.nc,imerg_20191207.nc,2019,12,7,2019-12-07,271332,1788312959600237400,OK,
2019\imerg_20191208.nc,imerg_20191208.nc,2019,12,8,2019-12-08,388173,1788313010770628200,OK,
2019\imerg_20191209.nc,imerg_20191209.nc,2019,12,9,2019-12-09,350467,1788313066661953600,OK,
2019\imerg_20191210.nc,imerg_20191210.nc,2019,12,10,2019-12-10,314291,1788313115302080800,OK,
2019\imerg_20191211.nc,imerg_20191211.nc,2019,12,11,2019-12-11,425152,1788313160935748200,OK,
2019\imerg_20191212.nc,imerg_20191212.nc,2019,12,12,2019-12-12,289580,1788313206122132800,OK,
2019\imerg_20191213.nc,imerg_20191213.nc,2019,12,13,2019-12-13,305964,1788313252198267500,OK,
2019\imerg_20191214.nc,imerg_20191214.nc,2019,12,14,2019-12-14,275631,1788313294853317100,OK,
2019\imerg_20191215.nc,imerg_20191215.nc,2019,12,15,2019-12-15,294385,1788313334198290700,OK,
2019\imerg_20191216.nc,imerg_20191216.nc,2019,12,16,2019-12-16,337944,1788313372788834300,OK,
2019\imerg_20191217.nc,imerg_20191217.nc,2019,12,17,2019-12-17,386846,1788313411751709700,OK,
2019\imerg_20191218.nc,imerg_20191218.nc,2019,12,18,2019-12-18,391006,1788313452379425000,OK,
2019\imerg_20191219.nc,imerg_20191219.nc,2019,12,19,2019-12-19,396161,1788313491760304100,OK,
2019\imerg_20191220.nc,imerg_20191220.nc,2019,12,20,2019-12-20,443466,1788313540536439500,OK,
2019\imerg_20191221.nc,imerg_20191221.nc,2019,12,21,2019-12-21,402570,1788313587134221100,OK,
2019\imerg_20191222.nc,imerg_20191222.nc,2019,12,22,2019-12-22,330006,1788313629882450200,OK,
2019\imerg_20191223.nc,imerg_20191223.nc,2019,12,23,2019-12-23,337734,1788313667012125900,OK,
2019\imerg_20191224.nc,imerg_20191224.nc,2019,12,24,2019-12-24,290848,1788313707214290600,OK,
2019\imerg_20191225.nc,imerg_20191225.nc,2019,12,25,2019-12-25,301788,1788313749259365200,OK,
2019\imerg_20191226.nc,imerg_20191226.nc,2019,12,26,2019-12-26,373201,1788313791318920400,OK,
2019\imerg_20191227.nc,imerg_20191227.nc,2019,12,27,2019-12-27,768217,1788313842977476400,OK,
2019\imerg_20191228.nc,imerg_20191228.nc,2019,12,28,2019-12-28,502113,1788313882611921900,OK,
2019\imerg_20191229.nc,imerg_20191229.nc,2019,12,29,2019-12-29,352012,1788313921671859700,OK,
2019\imerg_20191230.nc,imerg_20191230.nc,2019,12,30,2019-12-30,304919,1788313961047270500,OK,
2019\imerg_20191231.nc,imerg_20191231.nc,2019,12,31,2019-12-31,333674,1788314000664486000,OK,
2020\imerg_20200101.nc,imerg_20200101.nc,2020,1,1,2020-01-01,443451,1788314046276766900,OK,
2020\imerg_20200102.nc,imerg_20200102.nc,2020,1,2,2020-01-02,475800,1788314085791214800,OK,
2020\imerg_20200103.nc,imerg_20200103.nc,2020,1,3,2020-01-03,715645,1788314128031708200,OK,
2020\imerg_20200104.nc,imerg_20200104.nc,2020,1,4,2020-01-04,732972,1788314164113489300,OK,
2020\imerg_20200105.nc,imerg_20200105.nc,2020,1,5,2020-01-05,685243,1788314205423294000,OK,
2020\imerg_20200106.nc,imerg_20200106.nc,2020,1,6,2020-01-06,445987,1788314251108402800,OK,
2020\imerg_20200107.nc,imerg_20200107.nc,2020,1,7,2020-01-07,377262,1788314292653913600,OK,
2020\imerg_20200108.nc,imerg_20200108.nc,2020,1,8,2020-01-08,411321,1788314335575033500,OK,
2020\imerg_20200109.nc,imerg_20200109.nc,2020,1,9,2020-01-09,454646,1788314376279979500,OK,
2020\imerg_20200110.nc,imerg_20200110.nc,2020,1,10,2020-01-10,369679,1788314423750873800,OK,
2020\imerg_20200111.nc,imerg_20200111.nc,2020,1,11,2020-01-11,310875,1788314471727167500,OK,
2020\imerg_20200112.nc,imerg_20200112.nc,2020,1,12,2020-01-12,280346,1788314511522549700,OK,
2020\imerg_20200113.nc,imerg_20200113.nc,2020,1,13,2020-01-13,269733,1788420072253931500,OK,
2020\imerg_20200114.nc,imerg_20200114.nc,2020,1,14,2020-01-14,274018,1788420179117484700,OK,
2020\imerg_20200115.nc,imerg_20200115.nc,2020,1,15,2020-01-15,284629,1788420217770241800,OK,
2020\imerg_20200116.nc,imerg_20200116.nc,2020,1,16,2020-01-16,285750,1788420254152950100,OK,
2020\imerg_20200117.nc,imerg_20200117.nc,2020,1,17,2020-01-17,286072,1788420290005234900,OK,
2020\imerg_20200118.nc,imerg_20200118.nc,2020,1,18,2020-01-18,286669,1788420325564137900,OK,
2020\imerg_20200119.nc,imerg_20200119.nc,2020,1,19,2020-01-19,367500,1788420360483890000,OK,
2020\imerg_20200120.nc,imerg_20200120.nc,2020,1,20,2020-01-20,414740,1788420399463458000,OK,
2020\imerg_20200121.nc,imerg_20200121.nc,2020,1,21,2020-01-21,409206,1788420433934398700,OK,
2020\imerg_20200122.nc,imerg_20200122.nc,2020,1,22,2020-01-22,370331,1788420475258876300,OK,
2020\imerg_20200123.nc,imerg_20200123.nc,2020,1,23,2020-01-23,455310,1788420516802169100,OK,
2020\imerg_20200124.nc,imerg_20200124.nc,2020,1,24,2020-01-24,704028,1788420551991405500,OK,
2020\imerg_20200125.nc,imerg_20200125.nc,2020,1,25,2020-01-25,644965,1788420590335470800,OK,
2020\imerg_20200126.nc,imerg_20200126.nc,2020,1,26,2020-01-26,375425,1788420625086097100,OK,
2020\imerg_20200127.nc,imerg_20200127.nc,2020,1,27,2020-01-27,425009,1788420664654101100,OK,
2020\imerg_20200128.nc,imerg_20200128.nc,2020,1,28,2020-01-28,418064,1788420699324814800,OK,
2020\imerg_20200129.nc,imerg_20200129.nc,2020,1,29,2020-01-29,343000,1788420737504462400,OK,
2020\imerg_20200130.nc,imerg_20200130.nc,2020,1,30,2020-01-30,490977,1788420774984223800,OK,
2020\imerg_20200131.nc,imerg_20200131.nc,2020,1,31,2020-01-31,476179,1788420812471945900,OK,
2020\imerg_20200201.nc,imerg_20200201.nc,2020,2,1,2020-02-01,432412,1788420847062616600,OK,
2020\imerg_20200202.nc,imerg_20200202.nc,2020,2,2,2020-02-02,506741,1788420885058665700,OK,
2020\imerg_20200203.nc,imerg_20200203.nc,2020,2,3,2020-02-03,421110,1788420919865446100,OK,
2020\imerg_20200204.nc,imerg_20200204.nc,2020,2,4,2020-02-04,347021,1788420956778731300,OK,
2020\imerg_20200205.nc,imerg_20200205.nc,2020,2,5,2020-02-05,516232,1788420992468287400,OK,
2020\imerg_20200206.nc,imerg_20200206.nc,2020,2,6,2020-02-06,366258,1788421027345510700,OK,
2020\imerg_20200207.nc,imerg_20200207.nc,2020,2,7,2020-02-07,375181,1788421062164536200,OK,
2020\imerg_20200208.nc,imerg_20200208.nc,2020,2,8,2020-02-08,512229,1788421097086359900,OK,
2020\imerg_20200209.nc,imerg_20200209.nc,2020,2,9,2020-02-09,622637,1788421135057368700,OK,
2020\imerg_20200210.nc,imerg_20200210.nc,2020,2,10,2020-02-10,498686,1788421178708683700,OK,
2020\imerg_20200211.nc,imerg_20200211.nc,2020,2,11,2020-02-11,324155,1788421220269847200,OK,
2020\imerg_20200212.nc,imerg_20200212.nc,2020,2,12,2020-02-12,375512,1788421255833023400,OK,
2020\imerg_20200213.nc,imerg_20200213.nc,2020,2,13,2020-02-13,333079,1788421289191315500,OK,
2020\imerg_20200214.nc,imerg_20200214.nc,2020,2,14,2020-02-14,520549,1788421324595839700,OK,
2020\imerg_20200215.nc,imerg_20200215.nc,2020,2,15,2020-02-15,477630,1788421359698488800,OK,
2020\imerg_20200216.nc,imerg_20200216.nc,2020,2,16,2020-02-16,345992,1788421394147982000,OK,
2020\imerg_20200217.nc,imerg_20200217.nc,2020,2,17,2020-02-17,358656,1788421430298390100,OK,
2020\imerg_20200218.nc,imerg_20200218.nc,2020,2,18,2020-02-18,446992,1788421465946042700,OK,
2020\imerg_20200219.nc,imerg_20200219.nc,2020,2,19,2020-02-19,353801,1788421499693072900,OK,
2020\imerg_20200220.nc,imerg_20200220.nc,2020,2,20,2020-02-20,391305,1788421533284446200,OK,
2020\imerg_20200221.nc,imerg_20200221.nc,2020,2,21,2020-02-21,348190,1788421567134585700,OK,
2020\imerg_20200222.nc,imerg_20200222.nc,2020,2,22,2020-02-22,372421,1788421607799734400,OK,
2020\imerg_20200223.nc,imerg_20200223.nc,2020,2,23,2020-02-23,467026,1788421652328440200,OK,
2020\imerg_20200224.nc,imerg_20200224.nc,2020,2,24,2020-02-24,407238,1788421686711195200,OK,
2020\imerg_20200225.nc,imerg_20200225.nc,2020,2,25,2020-02-25,383085,1788421720960150300,OK,
2020\imerg_20200226.nc,imerg_20200226.nc,2020,2,26,2020-02-26,587720,1788421756404702700,OK,
2020\imerg_20200227.nc,imerg_20200227.nc,2020,2,27,2020-02-27,641809,1788421790801835600,OK,
2020\imerg_20200228.nc,imerg_20200228.nc,2020,2,28,2020-02-28,523132,1788421825721799100,OK,
2020\imerg_20200229.nc,imerg_20200229.nc,2020,2,29,2020-02-29,329971,1788421860531660700,OK,
2020\imerg_20200301.nc,imerg_20200301.nc,2020,3,1,2020-03-01,432449,1788421894698738700,OK,
2020\imerg_20200302.nc,imerg_20200302.nc,2020,3,2,2020-03-02,614471,1788421927798031500,OK,
2020\imerg_20200303.nc,imerg_20200303.nc,2020,3,3,2020-03-03,831588,1788421966413635700,OK,
2020\imerg_20200304.nc,imerg_20200304.nc,2020,3,4,2020-03-04,644862,1788422000384920000,OK,
2020\imerg_20200305.nc,imerg_20200305.nc,2020,3,5,2020-03-05,486830,1788422038609813600,OK,
2020\imerg_20200306.nc,imerg_20200306.nc,2020,3,6,2020-03-06,408319,1788422073681396700,OK,
2020\imerg_20200307.nc,imerg_20200307.nc,2020,3,7,2020-03-07,383853,1788422107772715800,OK,
2020\imerg_20200308.nc,imerg_20200308.nc,2020,3,8,2020-03-08,427465,1788422142377242900,OK,
2020\imerg_20200309.nc,imerg_20200309.nc,2020,3,9,2020-03-09,442712,1788422176928538300,OK,
2020\imerg_20200310.nc,imerg_20200310.nc,2020,3,10,2020-03-10,384788,1788422214243962100,OK,
2020\imerg_20200311.nc,imerg_20200311.nc,2020,3,11,2020-03-11,384299,1788422249037360300,OK,
2020\imerg_20200312.nc,imerg_20200312.nc,2020,3,12,2020-03-12,348871,1788422283488239300,OK,
2020\imerg_20200313.nc,imerg_20200313.nc,2020,3,13,2020-03-13,322762,1788422316881071300,OK,
2020\imerg_20200314.nc,imerg_20200314.nc,2020,3,14,2020-03-14,369476,1788422353116256500,OK,
2020\imerg_20200315.nc,imerg_20200315.nc,2020,3,15,2020-03-15,468226,1788423405129858700,OK,
2020\imerg_20200316.nc,imerg_20200316.nc,2020,3,16,2020-03-16,575912,1788423440943710600,OK,
2020\imerg_20200317.nc,imerg_20200317.nc,2020,3,17,2020-03-17,534705,1788423476556320900,OK,
2020\imerg_20200318.nc,imerg_20200318.nc,2020,3,18,2020-03-18,451264,1788423511842237300,OK,
2020\imerg_20200319.nc,imerg_20200319.nc,2020,3,19,2020-03-19,401631,1788423546778852500,OK,
2020\imerg_20200320.nc,imerg_20200320.nc,2020,3,20,2020-03-20,510168,1788423581770861200,OK,
2020\imerg_20200321.nc,imerg_20200321.nc,2020,3,21,2020-03-21,552308,1788423612876359400,OK,
2020\imerg_20200322.nc,imerg_20200322.nc,2020,3,22,2020-03-22,534707,1788423648248428600,OK,
2020\imerg_20200323.nc,imerg_20200323.nc,2020,3,23,2020-03-23,631357,1788423687134520600,OK,
2020\imerg_20200324.nc,imerg_20200324.nc,2020,3,24,2020-03-24,601151,1788423721865749000,OK,
2020\imerg_20200325.nc,imerg_20200325.nc,2020,3,25,2020-03-25,414086,1788423757973014800,OK,
2020\imerg_20200326.nc,imerg_20200326.nc,2020,3,26,2020-03-26,477565,1788423790133493800,OK,
2020\imerg_20200327.nc,imerg_20200327.nc,2020,3,27,2020-03-27,386812,1788423820946236800,OK,
2020\imerg_20200328.nc,imerg_20200328.nc,2020,3,28,2020-03-28,499708,1788423978142482600,OK,
2020\imerg_20200329.nc,imerg_20200329.nc,2020,3,29,2020-03-29,424718,1788424193739518900,OK,
2020\imerg_20200330.nc,imerg_20200330.nc,2020,3,30,2020-03-30,389754,1788424399697096100,OK,
2020\imerg_20200331.nc,imerg_20200331.nc,2020,3,31,2020-03-31,421813,1788424653384141600,OK,
2020\imerg_20200401.nc,imerg_20200401.nc,2020,4,1,2020-04-01,435341,1788424849334836100,OK,
2020\imerg_20200402.nc,imerg_20200402.nc,2020,4,2,2020-04-02,538962,1788425204358641200,OK,
2020\imerg_20200403.nc,imerg_20200403.nc,2020,4,3,2020-04-03,581694,1788425500626619300,OK,
2020\imerg_20200404.nc,imerg_20200404.nc,2020,4,4,2020-04-04,701554,1788425774141417000,OK,
2020\imerg_20200405.nc,imerg_20200405.nc,2020,4,5,2020-04-05,661003,1788426019797232800,OK,
2020\imerg_20200406.nc,imerg_20200406.nc,2020,4,6,2020-04-06,551549,1788426226883403200,OK,
2020\imerg_20200407.nc,imerg_20200407.nc,2020,4,7,2020-04-07,678009,1788426430938672700,OK,
2020\imerg_20200408.nc,imerg_20200408.nc,2020,4,8,2020-04-08,537277,1788426530508765100,OK,
2020\imerg_20200409.nc,imerg_20200409.nc,2020,4,9,2020-04-09,624423,1788426585016525100,OK,
2020\imerg_20200410.nc,imerg_20200410.nc,2020,4,10,2020-04-10,670761,1788426629300834700,OK,
2020\imerg_20200411.nc,imerg_20200411.nc,2020,4,11,2020-04-11,533528,1788426677306179700,OK,
2020\imerg_20200412.nc,imerg_20200412.nc,2020,4,12,2020-04-12,904480,1788426726309199700,OK,
2020\imerg_20200413.nc,imerg_20200413.nc,2020,4,13,2020-04-13,758478,1788426774804943700,OK,
2020\imerg_20200414.nc,imerg_20200414.nc,2020,4,14,2020-04-14,315418,1788426813128393300,OK,
2020\imerg_20200415.nc,imerg_20200415.nc,2020,4,15,2020-04-15,436890,1788426871208510500,OK,
2020\imerg_20200416.nc,imerg_20200416.nc,2020,4,16,2020-04-16,487469,1788426907073566400,OK,
2020\imerg_20200417.nc,imerg_20200417.nc,2020,4,17,2020-04-17,731780,1788426948750357400,OK,
2020\imerg_20200418.nc,imerg_20200418.nc,2020,4,18,2020-04-18,563661,1788426983520674300,OK,
2020\imerg_20200419.nc,imerg_20200419.nc,2020,4,19,2020-04-19,544968,1788427018709123700,OK,
2020\imerg_20200420.nc,imerg_20200420.nc,2020,4,20,2020-04-20,507480,1788427057467348400,OK,
2020\imerg_20200421.nc,imerg_20200421.nc,2020,4,21,2020-04-21,736882,1788427095809941900,OK,
2020\imerg_20200422.nc,imerg_20200422.nc,2020,4,22,2020-04-22,1039276,1788427133932859400,OK,
2020\imerg_20200423.nc,imerg_20200423.nc,2020,4,23,2020-04-23,1096039,1788427172062164500,OK,
2020\imerg_20200424.nc,imerg_20200424.nc,2020,4,24,2020-04-24,1428282,1788427210488079600,OK,
2020\imerg_20200425.nc,imerg_20200425.nc,2020,4,25,2020-04-25,1151157,1788427253070856200,OK,
2020\imerg_20200426.nc,imerg_20200426.nc,2020,4,26,2020-04-26,908420,1788427297670668200,OK,
2020\imerg_20200427.nc,imerg_20200427.nc,2020,4,27,2020-04-27,744567,1788427341885859300,OK,
2020\imerg_20200428.nc,imerg_20200428.nc,2020,4,28,2020-04-28,775350,1788427383708665000,OK,
2020\imerg_20200429.nc,imerg_20200429.nc,2020,4,29,2020-04-29,1302568,1788427422135605300,OK,
2020\imerg_20200430.nc,imerg_20200430.nc,2020,4,30,2020-04-30,902187,1788427460636580300,OK,
2020\imerg_20200501.nc,imerg_20200501.nc,2020,5,1,2020-05-01,640324,1788427499431426300,OK,
2020\imerg_20200502.nc,imerg_20200502.nc,2020,5,2,2020-05-02,533329,1788427538848887200,OK,
2020\imerg_20200503.nc,imerg_20200503.nc,2020,5,3,2020-05-03,696085,1788427577457997500,OK,
2020\imerg_20200504.nc,imerg_20200504.nc,2020,5,4,2020-05-04,503405,1788427615798692700,OK,
2020\imerg_20200505.nc,imerg_20200505.nc,2020,5,5,2020-05-05,420954,1788427651637468300,OK,
2020\imerg_20200506.nc,imerg_20200506.nc,2020,5,6,2020-05-06,388714,1788427689238821000,OK,
2020\imerg_20200507.nc,imerg_20200507.nc,2020,5,7,2020-05-07,364139,1788427726797327000,OK,
2020\imerg_20200508.nc,imerg_20200508.nc,2020,5,8,2020-05-08,492819,1788427764967835800,OK,
2020\imerg_20200509.nc,imerg_20200509.nc,2020,5,9,2020-05-09,462751,1788427810498751300,OK,
2020\imerg_20200510.nc,imerg_20200510.nc,2020,5,10,2020-05-10,489761,1788427851976693300,OK,
2020\imerg_20200511.nc,imerg_20200511.nc,2020,5,11,2020-05-11,649372,1788427905642014200,OK,
2020\imerg_20200512.nc,imerg_20200512.nc,2020,5,12,2020-05-12,680456,1788427983256306000,OK,
2020\imerg_20200513.nc,imerg_20200513.nc,2020,5,13,2020-05-13,1012929,1788428032532245800,OK,
2020\imerg_20200514.nc,imerg_20200514.nc,2020,5,14,2020-05-14,577460,1788428093921047800,OK,
2020\imerg_20200515.nc,imerg_20200515.nc,2020,5,15,2020-05-15,566179,1788428158489473300,OK,
2020\imerg_20200516.nc,imerg_20200516.nc,2020,5,16,2020-05-16,792464,1788428229385201900,OK,
2020\imerg_20200517.nc,imerg_20200517.nc,2020,5,17,2020-05-17,653288,1788428309196710500,OK,
2020\imerg_20200518.nc,imerg_20200518.nc,2020,5,18,2020-05-18,545438,1788428388819602100,OK,
2020\imerg_20200519.nc,imerg_20200519.nc,2020,5,19,2020-05-19,815655,1788428447175439400,OK,
2020\imerg_20200520.nc,imerg_20200520.nc,2020,5,20,2020-05-20,936077,1788428535070967500,OK,
2020\imerg_20200521.nc,imerg_20200521.nc,2020,5,21,2020-05-21,1229254,1788428612019460700,OK,
2020\imerg_20200522.nc,imerg_20200522.nc,2020,5,22,2020-05-22,869041,1788428701749820700,OK,
2020\imerg_20200523.nc,imerg_20200523.nc,2020,5,23,2020-05-23,756043,1788428778719959600,OK,
2020\imerg_20200524.nc,imerg_20200524.nc,2020,5,24,2020-05-24,1027327,1788428856317514900,OK,
2020\imerg_20200525.nc,imerg_20200525.nc,2020,5,25,2020-05-25,1196642,1788428907817947700,OK,
2020\imerg_20200526.nc,imerg_20200526.nc,2020,5,26,2020-05-26,1312821,1788428994161456000,OK,
2020\imerg_20200527.nc,imerg_20200527.nc,2020,5,27,2020-05-27,1406892,1788429074638424400,OK,
2020\imerg_20200528.nc,imerg_20200528.nc,2020,5,28,2020-05-28,1157501,1788429151687058100,OK,
2020\imerg_20200529.nc,imerg_20200529.nc,2020,5,29,2020-05-29,633630,1788429229389175300,OK,
2020\imerg_20200530.nc,imerg_20200530.nc,2020,5,30,2020-05-30,855728,1788429293578571400,OK,
2020\imerg_20200531.nc,imerg_20200531.nc,2020,5,31,2020-05-31,718453,1788429363781368000,OK,
2020\imerg_20200601.nc,imerg_20200601.nc,2020,6,1,2020-06-01,818112,1788429428763642700,OK,
2020\imerg_20200602.nc,imerg_20200602.nc,2020,6,2,2020-06-02,857259,1788429493193309500,OK,
2020\imerg_20200603.nc,imerg_20200603.nc,2020,6,3,2020-06-03,742391,1788429547816876400,OK,
2020\imerg_20200604.nc,imerg_20200604.nc,2020,6,4,2020-06-04,893920,1788429606316490700,OK,
2020\imerg_20200605.nc,imerg_20200605.nc,2020,6,5,2020-06-05,854875,1788429645247314700,OK,
2020\imerg_20200606.nc,imerg_20200606.nc,2020,6,6,2020-06-06,947556,1788429687414732400,OK,
2020\imerg_20200607.nc,imerg_20200607.nc,2020,6,7,2020-06-07,847487,1788429726026898300,OK,
2020\imerg_20200608.nc,imerg_20200608.nc,2020,6,8,2020-06-08,792522,1788429760942496600,OK,
2020\imerg_20200609.nc,imerg_20200609.nc,2020,6,9,2020-06-09,763415,1788429796355889800,OK,
2020\imerg_20200610.nc,imerg_20200610.nc,2020,6,10,2020-06-10,754994,1788429834532091100,OK,
2020\imerg_20200611.nc,imerg_20200611.nc,2020,6,11,2020-06-11,781307,1788429870782380900,OK,
2020\imerg_20200612.nc,imerg_20200612.nc,2020,6,12,2020-06-12,728715,1788429909461902500,OK,
2020\imerg_20200613.nc,imerg_20200613.nc,2020,6,13,2020-06-13,916474,1788429954504284100,OK,
2020\imerg_20200614.nc,imerg_20200614.nc,2020,6,14,2020-06-14,1037203,1788429995486543500,OK,
2020\imerg_20200615.nc,imerg_20200615.nc,2020,6,15,2020-06-15,882013,1788430034319007200,OK,
2020\imerg_20200616.nc,imerg_20200616.nc,2020,6,16,2020-06-16,782288,1788430068879724800,OK,
2020\imerg_20200617.nc,imerg_20200617.nc,2020,6,17,2020-06-17,939273,1788430107339574600,OK,
2020\imerg_20200618.nc,imerg_20200618.nc,2020,6,18,2020-06-18,818991,1788430145750865600,OK,
2020\imerg_20200619.nc,imerg_20200619.nc,2020,6,19,2020-06-19,686181,1788430181959691600,OK,
2020\imerg_20200620.nc,imerg_20200620.nc,2020,6,20,2020-06-20,670035,1788430221588408300,OK,
2020\imerg_20200621.nc,imerg_20200621.nc,2020,6,21,2020-06-21,632037,1788430257372206000,OK,
2020\imerg_20200622.nc,imerg_20200622.nc,2020,6,22,2020-06-22,788250,1788430296845669300,OK,
2020\imerg_20200623.nc,imerg_20200623.nc,2020,6,23,2020-06-23,891809,1788430335484981200,OK,
2020\imerg_20200624.nc,imerg_20200624.nc,2020,6,24,2020-06-24,867715,1788430377523474500,OK,
2020\imerg_20200625.nc,imerg_20200625.nc,2020,6,25,2020-06-25,849669,1788430418762472000,OK,
2020\imerg_20200626.nc,imerg_20200626.nc,2020,6,26,2020-06-26,926999,1788430462016967700,OK,
2020\imerg_20200627.nc,imerg_20200627.nc,2020,6,27,2020-06-27,786750,1788430503260188800,OK,
2020\imerg_20200628.nc,imerg_20200628.nc,2020,6,28,2020-06-28,606404,1788430538346555200,OK,
2020\imerg_20200629.nc,imerg_20200629.nc,2020,6,29,2020-06-29,731126,1788430576567572400,OK,
2020\imerg_20200630.nc,imerg_20200630.nc,2020,6,30,2020-06-30,1070879,1788430614580834300,OK,
2020\imerg_20200701.nc,imerg_20200701.nc,2020,7,1,2020-07-01,1211566,1788430653628719400,OK,
2020\imerg_20200702.nc,imerg_20200702.nc,2020,7,2,2020-07-02,1016665,1788430688865399300,OK,
2020\imerg_20200703.nc,imerg_20200703.nc,2020,7,3,2020-07-03,1052094,1788430728414079100,OK,
2020\imerg_20200704.nc,imerg_20200704.nc,2020,7,4,2020-07-04,1121504,1788430766409234100,OK,
2020\imerg_20200705.nc,imerg_20200705.nc,2020,7,5,2020-07-05,849727,1788430801823669400,OK,
2020\imerg_20200706.nc,imerg_20200706.nc,2020,7,6,2020-07-06,791612,1788430844243719500,OK,
2020\imerg_20200707.nc,imerg_20200707.nc,2020,7,7,2020-07-07,928625,1788430882842689600,OK,
2020\imerg_20200708.nc,imerg_20200708.nc,2020,7,8,2020-07-08,1083615,1788430934060817700,OK,
2020\imerg_20200709.nc,imerg_20200709.nc,2020,7,9,2020-07-09,1407052,1788430971946488500,OK,
2020\imerg_20200710.nc,imerg_20200710.nc,2020,7,10,2020-07-10,1514543,1788431010734588800,OK,
2020\imerg_20200711.nc,imerg_20200711.nc,2020,7,11,2020-07-11,1355184,1788431046347429600,OK,
2020\imerg_20200712.nc,imerg_20200712.nc,2020,7,12,2020-07-12,1284128,1788431083148254600,OK,
2020\imerg_20200713.nc,imerg_20200713.nc,2020,7,13,2020-07-13,869227,1788431117882715900,OK,
2020\imerg_20200714.nc,imerg_20200714.nc,2020,7,14,2020-07-14,691290,1788431153879569000,OK,
2020\imerg_20200715.nc,imerg_20200715.nc,2020,7,15,2020-07-15,841817,1788431190076967100,OK,
2020\imerg_20200716.nc,imerg_20200716.nc,2020,7,16,2020-07-16,1067828,1788431228219442300,OK,
2020\imerg_20200717.nc,imerg_20200717.nc,2020,7,17,2020-07-17,1239415,1788431267369642800,OK,
2020\imerg_20200718.nc,imerg_20200718.nc,2020,7,18,2020-07-18,1219923,1788431306235130300,OK,
2020\imerg_20200719.nc,imerg_20200719.nc,2020,7,19,2020-07-19,1400906,1788431345090036900,OK,
2020\imerg_20200720.nc,imerg_20200720.nc,2020,7,20,2020-07-20,1369845,1788431386007555300,OK,
2020\imerg_20200721.nc,imerg_20200721.nc,2020,7,21,2020-07-21,1097818,1788431427711435600,OK,
2020\imerg_20200722.nc,imerg_20200722.nc,2020,7,22,2020-07-22,758807,1788431472070810600,OK,
2020\imerg_20200723.nc,imerg_20200723.nc,2020,7,23,2020-07-23,634842,1788431519615032100,OK,
2020\imerg_20200724.nc,imerg_20200724.nc,2020,7,24,2020-07-24,655397,1788431560842063800,OK,
2020\imerg_20200725.nc,imerg_20200725.nc,2020,7,25,2020-07-25,876618,1788431598615121600,OK,
2020\imerg_20200726.nc,imerg_20200726.nc,2020,7,26,2020-07-26,926297,1788431647003153700,OK,
2020\imerg_20200727.nc,imerg_20200727.nc,2020,7,27,2020-07-27,694616,1788431682945934400,OK,
2020\imerg_20200728.nc,imerg_20200728.nc,2020,7,28,2020-07-28,721523,1788431725248128400,OK,
2020\imerg_20200729.nc,imerg_20200729.nc,2020,7,29,2020-07-29,879818,1788431763326211000,OK,
2020\imerg_20200730.nc,imerg_20200730.nc,2020,7,30,2020-07-30,846661,1788431805550496500,OK,
2020\imerg_20200731.nc,imerg_20200731.nc,2020,7,31,2020-07-31,828902,1788431843167362000,OK,
2020\imerg_20200801.nc,imerg_20200801.nc,2020,8,1,2020-08-01,853209,1788431881002332800,OK,
2020\imerg_20200802.nc,imerg_20200802.nc,2020,8,2,2020-08-02,935937,1788431915947813100,OK,
2020\imerg_20200803.nc,imerg_20200803.nc,2020,8,3,2020-08-03,901534,1788431954844541400,OK,
2020\imerg_20200804.nc,imerg_20200804.nc,2020,8,4,2020-08-04,775901,1788431990376583500,OK,
2020\imerg_20200805.nc,imerg_20200805.nc,2020,8,5,2020-08-05,858058,1788432030566224100,OK,
2020\imerg_20200806.nc,imerg_20200806.nc,2020,8,6,2020-08-06,906921,1788432068040392700,OK,
2020\imerg_20200807.nc,imerg_20200807.nc,2020,8,7,2020-08-07,1045808,1788432113283274200,OK,
2020\imerg_20200808.nc,imerg_20200808.nc,2020,8,8,2020-08-08,1003358,1788432182945626800,OK,
2020\imerg_20200809.nc,imerg_20200809.nc,2020,8,9,2020-08-09,1015532,1788432346495541700,OK,
2020\imerg_20200810.nc,imerg_20200810.nc,2020,8,10,2020-08-10,965854,1788432568414930700,OK,
2020\imerg_20200811.nc,imerg_20200811.nc,2020,8,11,2020-08-11,1025936,1788432789977548000,OK,
2020\imerg_20200812.nc,imerg_20200812.nc,2020,8,12,2020-08-12,1038678,1788433026190690700,OK,
2020\imerg_20200813.nc,imerg_20200813.nc,2020,8,13,2020-08-13,1192543,1788433241291111000,OK,
2020\imerg_20200814.nc,imerg_20200814.nc,2020,8,14,2020-08-14,1064372,1788433423560396900,OK,
2020\imerg_20200815.nc,imerg_20200815.nc,2020,8,15,2020-08-15,1091792,1788433485263802200,OK,
2020\imerg_20200816.nc,imerg_20200816.nc,2020,8,16,2020-08-16,1328476,1788433524128387500,OK,
2020\imerg_20200817.nc,imerg_20200817.nc,2020,8,17,2020-08-17,1619032,1788433562760210700,OK,
2020\imerg_20200818.nc,imerg_20200818.nc,2020,8,18,2020-08-18,1450862,1788433601943345000,OK,
2020\imerg_20200819.nc,imerg_20200819.nc,2020,8,19,2020-08-19,1024595,1788433641025713000,OK,
2020\imerg_20200820.nc,imerg_20200820.nc,2020,8,20,2020-08-20,913726,1788433676755238700,OK,
2020\imerg_20200821.nc,imerg_20200821.nc,2020,8,21,2020-08-21,800806,1788433711805103700,OK,
2020\imerg_20200822.nc,imerg_20200822.nc,2020,8,22,2020-08-22,686222,1788433749718201500,OK,
2020\imerg_20200823.nc,imerg_20200823.nc,2020,8,23,2020-08-23,870519,1788433784746006600,OK,
2020\imerg_20200824.nc,imerg_20200824.nc,2020,8,24,2020-08-24,1005972,1788433820452047500,OK,
2020\imerg_20200825.nc,imerg_20200825.nc,2020,8,25,2020-08-25,600322,1788433855382602700,OK,
2020\imerg_20200826.nc,imerg_20200826.nc,2020,8,26,2020-08-26,375032,1788433900078466500,OK,
2020\imerg_20200827.nc,imerg_20200827.nc,2020,8,27,2020-08-27,431408,1788433937847264900,OK,
2020\imerg_20200828.nc,imerg_20200828.nc,2020,8,28,2020-08-28,641338,1788433979759595200,OK,
2020\imerg_20200829.nc,imerg_20200829.nc,2020,8,29,2020-08-29,759833,1788434020741818100,OK,
2020\imerg_20200830.nc,imerg_20200830.nc,2020,8,30,2020-08-30,1065259,1788434059049579900,OK,
2020\imerg_20200831.nc,imerg_20200831.nc,2020,8,31,2020-08-31,846981,1788434097187550200,OK,
2020\imerg_20200901.nc,imerg_20200901.nc,2020,9,1,2020-09-01,479882,1788434131904700700,OK,
2020\imerg_20200902.nc,imerg_20200902.nc,2020,9,2,2020-09-02,477063,1788434166607133000,OK,
2020\imerg_20200903.nc,imerg_20200903.nc,2020,9,3,2020-09-03,643359,1788434207464015700,OK,
2020\imerg_20200904.nc,imerg_20200904.nc,2020,9,4,2020-09-04,611033,1788434246162135200,OK,
2020\imerg_20200905.nc,imerg_20200905.nc,2020,9,5,2020-09-05,943532,1788434284901498300,OK,
2020\imerg_20200906.nc,imerg_20200906.nc,2020,9,6,2020-09-06,1038772,1788434324168479900,OK,
2020\imerg_20200907.nc,imerg_20200907.nc,2020,9,7,2020-09-07,928847,1788434359352080500,OK,
2020\imerg_20200908.nc,imerg_20200908.nc,2020,9,8,2020-09-08,998651,1788434402049199400,OK,
2020\imerg_20200909.nc,imerg_20200909.nc,2020,9,9,2020-09-09,913055,1788434443796683100,OK,
2020\imerg_20200910.nc,imerg_20200910.nc,2020,9,10,2020-09-10,1053564,1788434482050898900,OK,
2020\imerg_20200911.nc,imerg_20200911.nc,2020,9,11,2020-09-11,1168300,1788434523610881900,OK,
2020\imerg_20200912.nc,imerg_20200912.nc,2020,9,12,2020-09-12,1359224,1788434578337525600,OK,
2020\imerg_20200913.nc,imerg_20200913.nc,2020,9,13,2020-09-13,1283892,1788434629914681300,OK,
2020\imerg_20200914.nc,imerg_20200914.nc,2020,9,14,2020-09-14,1179014,1788434681391514600,OK,
2020\imerg_20200915.nc,imerg_20200915.nc,2020,9,15,2020-09-15,1036789,1788434735827170900,OK,
2020\imerg_20200916.nc,imerg_20200916.nc,2020,9,16,2020-09-16,1127856,1788434781098820100,OK,
2020\imerg_20200917.nc,imerg_20200917.nc,2020,9,17,2020-09-17,949104,1788434833197977100,OK,
2020\imerg_20200918.nc,imerg_20200918.nc,2020,9,18,2020-09-18,693225,1788434878938738900,OK,
2020\imerg_20200919.nc,imerg_20200919.nc,2020,9,19,2020-09-19,630928,1788434924366779700,OK,
2020\imerg_20200920.nc,imerg_20200920.nc,2020,9,20,2020-09-20,753440,1788434973546116300,OK,
2020\imerg_20200921.nc,imerg_20200921.nc,2020,9,21,2020-09-21,889995,1788435016166772500,OK,
2020\imerg_20200922.nc,imerg_20200922.nc,2020,9,22,2020-09-22,1303300,1788435058816776500,OK,
2020\imerg_20200923.nc,imerg_20200923.nc,2020,9,23,2020-09-23,1244220,1788435098078962200,OK,
2020\imerg_20200924.nc,imerg_20200924.nc,2020,9,24,2020-09-24,1045539,1788435133648413200,OK,
2020\imerg_20200925.nc,imerg_20200925.nc,2020,9,25,2020-09-25,1124177,1788435172991426400,OK,
2020\imerg_20200926.nc,imerg_20200926.nc,2020,9,26,2020-09-26,1012841,1788435212070619100,OK,
2020\imerg_20200927.nc,imerg_20200927.nc,2020,9,27,2020-09-27,667028,1788435250336417300,OK,
2020\imerg_20200928.nc,imerg_20200928.nc,2020,9,28,2020-09-28,550427,1788435290569681800,OK,
2020\imerg_20200929.nc,imerg_20200929.nc,2020,9,29,2020-09-29,534500,1788435329365271300,OK,
2020\imerg_20200930.nc,imerg_20200930.nc,2020,9,30,2020-09-30,568526,1788435365856651500,OK,
2020\imerg_20201001.nc,imerg_20201001.nc,2020,10,1,2020-10-01,700381,1788435408500935800,OK,
2020\imerg_20201002.nc,imerg_20201002.nc,2020,10,2,2020-10-02,746312,1788435447848626200,OK,
2020\imerg_20201003.nc,imerg_20201003.nc,2020,10,3,2020-10-03,872638,1788435490247456000,OK,
2020\imerg_20201004.nc,imerg_20201004.nc,2020,10,4,2020-10-04,888800,1788435525269419900,OK,
2020\imerg_20201005.nc,imerg_20201005.nc,2020,10,5,2020-10-05,804917,1788435561276977900,OK,
2020\imerg_20201006.nc,imerg_20201006.nc,2020,10,6,2020-10-06,749613,1788435606352703800,OK,
2020\imerg_20201007.nc,imerg_20201007.nc,2020,10,7,2020-10-07,464331,1788435651823527100,OK,
2020\imerg_20201008.nc,imerg_20201008.nc,2020,10,8,2020-10-08,349741,1788435694039683000,OK,
2020\imerg_20201009.nc,imerg_20201009.nc,2020,10,9,2020-10-09,265558,1788435733091194900,OK,
2020\imerg_20201010.nc,imerg_20201010.nc,2020,10,10,2020-10-10,241649,1788435777866445400,OK,
2020\imerg_20201011.nc,imerg_20201011.nc,2020,10,11,2020-10-11,253783,1788435816347963800,OK,
2020\imerg_20201012.nc,imerg_20201012.nc,2020,10,12,2020-10-12,275692,1788435858211168500,OK,
2020\imerg_20201013.nc,imerg_20201013.nc,2020,10,13,2020-10-13,429879,1788435897394726200,OK,
2020\imerg_20201014.nc,imerg_20201014.nc,2020,10,14,2020-10-14,817505,1788435937290179200,OK,
2020\imerg_20201015.nc,imerg_20201015.nc,2020,10,15,2020-10-15,761504,1788435979561550000,OK,
2020\imerg_20201016.nc,imerg_20201016.nc,2020,10,16,2020-10-16,785616,1788436016409311700,OK,
2020\imerg_20201017.nc,imerg_20201017.nc,2020,10,17,2020-10-17,663617,1788436056158081100,OK,
2020\imerg_20201018.nc,imerg_20201018.nc,2020,10,18,2020-10-18,861520,1788436092960953000,OK,
2020\imerg_20201019.nc,imerg_20201019.nc,2020,10,19,2020-10-19,1141434,1788436129511565500,OK,
2020\imerg_20201020.nc,imerg_20201020.nc,2020,10,20,2020-10-20,958771,1788436169225187600,OK,
2020\imerg_20201021.nc,imerg_20201021.nc,2020,10,21,2020-10-21,541468,1788436209276404800,OK,
2020\imerg_20201022.nc,imerg_20201022.nc,2020,10,22,2020-10-22,724422,1788436258277485700,OK,
2020\imerg_20201023.nc,imerg_20201023.nc,2020,10,23,2020-10-23,762699,1788436300793722800,OK,
2020\imerg_20201024.nc,imerg_20201024.nc,2020,10,24,2020-10-24,611884,1788436344224115300,OK,
2020\imerg_20201025.nc,imerg_20201025.nc,2020,10,25,2020-10-25,366904,1788436383407817000,OK,
2020\imerg_20201026.nc,imerg_20201026.nc,2020,10,26,2020-10-26,411699,1788436426772406200,OK,
2020\imerg_20201027.nc,imerg_20201027.nc,2020,10,27,2020-10-27,508802,1788436466118338300,OK,
2020\imerg_20201028.nc,imerg_20201028.nc,2020,10,28,2020-10-28,602720,1788436505369237400,OK,
2020\imerg_20201029.nc,imerg_20201029.nc,2020,10,29,2020-10-29,632114,1788436554499589700,OK,
2020\imerg_20201030.nc,imerg_20201030.nc,2020,10,30,2020-10-30,493188,1788436590371497500,OK,
2020\imerg_20201031.nc,imerg_20201031.nc,2020,10,31,2020-10-31,471858,1788436626304906000,OK,
2020\imerg_20201101.nc,imerg_20201101.nc,2020,11,1,2020-11-01,546856,1788436662268034900,OK,
2020\imerg_20201102.nc,imerg_20201102.nc,2020,11,2,2020-11-02,575778,1788436699209590600,OK,
2020\imerg_20201103.nc,imerg_20201103.nc,2020,11,3,2020-11-03,457736,1788436738753662600,OK,
2020\imerg_20201104.nc,imerg_20201104.nc,2020,11,4,2020-11-04,539509,1788436778376978700,OK,
2020\imerg_20201105.nc,imerg_20201105.nc,2020,11,5,2020-11-05,361283,1788436817923719700,OK,
2020\imerg_20201106.nc,imerg_20201106.nc,2020,11,6,2020-11-06,289010,1788436861717026600,OK,
2020\imerg_20201107.nc,imerg_20201107.nc,2020,11,7,2020-11-07,272636,1788436901875947400,OK,
2020\imerg_20201108.nc,imerg_20201108.nc,2020,11,8,2020-11-08,281037,1788436938094377000,OK,
2020\imerg_20201109.nc,imerg_20201109.nc,2020,11,9,2020-11-09,251224,1788436976833641000,OK,
2020\imerg_20201110.nc,imerg_20201110.nc,2020,11,10,2020-11-10,246849,1788437016719731400,OK,
2020\imerg_20201111.nc,imerg_20201111.nc,2020,11,11,2020-11-11,281182,1788437059052135400,OK,
2020\imerg_20201112.nc,imerg_20201112.nc,2020,11,12,2020-11-12,241604,1788437101901740300,OK,
2020\imerg_20201113.nc,imerg_20201113.nc,2020,11,13,2020-11-13,247343,1788437138938201400,OK,
2020\imerg_20201114.nc,imerg_20201114.nc,2020,11,14,2020-11-14,283835,1788437181414610600,OK,
2020\imerg_20201115.nc,imerg_20201115.nc,2020,11,15,2020-11-15,378885,1788437222026579100,OK,
2020\imerg_20201116.nc,imerg_20201116.nc,2020,11,16,2020-11-16,298681,1788437263356200000,OK,
2020\imerg_20201117.nc,imerg_20201117.nc,2020,11,17,2020-11-17,265699,1788437300948685300,OK,
2020\imerg_20201118.nc,imerg_20201118.nc,2020,11,18,2020-11-18,278001,1788437341718684400,OK,
2020\imerg_20201119.nc,imerg_20201119.nc,2020,11,19,2020-11-19,255394,1788437381085813900,OK,
2020\imerg_20201120.nc,imerg_20201120.nc,2020,11,20,2020-11-20,293430,1788437420361397400,OK,
2020\imerg_20201121.nc,imerg_20201121.nc,2020,11,21,2020-11-21,303878,1788437457462112300,OK,
2020\imerg_20201122.nc,imerg_20201122.nc,2020,11,22,2020-11-22,365959,1788437494038089500,OK,
2020\imerg_20201123.nc,imerg_20201123.nc,2020,11,23,2020-11-23,305101,1788437531185662600,OK,
2020\imerg_20201124.nc,imerg_20201124.nc,2020,11,24,2020-11-24,260356,1788437573187749500,OK,
2020\imerg_20201125.nc,imerg_20201125.nc,2020,11,25,2020-11-25,242075,1788437617252734200,OK,
2020\imerg_20201126.nc,imerg_20201126.nc,2020,11,26,2020-11-26,289279,1788437658393050800,OK,
2020\imerg_20201127.nc,imerg_20201127.nc,2020,11,27,2020-11-27,510333,1788437700514906400,OK,
2020\imerg_20201128.nc,imerg_20201128.nc,2020,11,28,2020-11-28,437911,1788437739069286200,OK,
2020\imerg_20201129.nc,imerg_20201129.nc,2020,11,29,2020-11-29,300947,1788437779124579500,OK,
2020\imerg_20201130.nc,imerg_20201130.nc,2020,11,30,2020-11-30,298423,1788437819693161600,OK,
2020\imerg_20201201.nc,imerg_20201201.nc,2020,12,1,2020-12-01,251681,1788437864714414700,OK,
2020\imerg_20201202.nc,imerg_20201202.nc,2020,12,2,2020-12-02,334652,1788437905735407800,OK,
2020\imerg_20201203.nc,imerg_20201203.nc,2020,12,3,2020-12-03,338349,1788437945887821900,OK,
2020\imerg_20201204.nc,imerg_20201204.nc,2020,12,4,2020-12-04,309930,1788437988082389200,OK,
2020\imerg_20201205.nc,imerg_20201205.nc,2020,12,5,2020-12-05,316518,1788438027491487200,OK,
2020\imerg_20201206.nc,imerg_20201206.nc,2020,12,6,2020-12-06,289478,1788438071107780500,OK,
2020\imerg_20201207.nc,imerg_20201207.nc,2020,12,7,2020-12-07,335383,1788438112429644200,OK,
2020\imerg_20201208.nc,imerg_20201208.nc,2020,12,8,2020-12-08,229825,1788438151357462100,OK,
2020\imerg_20201209.nc,imerg_20201209.nc,2020,12,9,2020-12-09,235185,1788438192611607700,OK,
2020\imerg_20201210.nc,imerg_20201210.nc,2020,12,10,2020-12-10,243700,1788438232077212200,OK,
2020\imerg_20201211.nc,imerg_20201211.nc,2020,12,11,2020-12-11,238488,1788438270554009900,OK,
2020\imerg_20201212.nc,imerg_20201212.nc,2020,12,12,2020-12-12,262618,1788438311802129600,OK,
2020\imerg_20201213.nc,imerg_20201213.nc,2020,12,13,2020-12-13,324492,1788438354078633700,OK,
2020\imerg_20201214.nc,imerg_20201214.nc,2020,12,14,2020-12-14,268524,1788438398776694000,OK,
2020\imerg_20201215.nc,imerg_20201215.nc,2020,12,15,2020-12-15,279164,1788438438300516000,OK,
2020\imerg_20201216.nc,imerg_20201216.nc,2020,12,16,2020-12-16,281898,1788438485197094900,OK,
2020\imerg_20201217.nc,imerg_20201217.nc,2020,12,17,2020-12-17,291682,1788438527658811000,OK,
2020\imerg_20201218.nc,imerg_20201218.nc,2020,12,18,2020-12-18,275351,1788438574304154700,OK,
2020\imerg_20201219.nc,imerg_20201219.nc,2020,12,19,2020-12-19,261146,1788438617983428600,OK,
2020\imerg_20201220.nc,imerg_20201220.nc,2020,12,20,2020-12-20,262297,1788438669506442000,OK,
2020\imerg_20201221.nc,imerg_20201221.nc,2020,12,21,2020-12-21,251421,1788438715576865100,OK,
2020\imerg_20201222.nc,imerg_20201222.nc,2020,12,22,2020-12-22,282431,1788438761973692100,OK,
2020\imerg_20201223.nc,imerg_20201223.nc,2020,12,23,2020-12-23,265954,1788438806624965500,OK,
2020\imerg_20201224.nc,imerg_20201224.nc,2020,12,24,2020-12-24,288227,1788438848774424800,OK,
2020\imerg_20201225.nc,imerg_20201225.nc,2020,12,25,2020-12-25,295152,1788438892891027500,OK,
2020\imerg_20201226.nc,imerg_20201226.nc,2020,12,26,2020-12-26,241326,1788438939387394700,OK,
2020\imerg_20201227.nc,imerg_20201227.nc,2020,12,27,2020-12-27,228684,1788438983161791900,OK,
2020\imerg_20201228.nc,imerg_20201228.nc,2020,12,28,2020-12-28,245771,1788439026059120700,OK,
2020\imerg_20201229.nc,imerg_20201229.nc,2020,12,29,2020-12-29,225915,1788439068575065700,OK,
2020\imerg_20201230.nc,imerg_20201230.nc,2020,12,30,2020-12-30,220701,1788439108918178100,OK,
2020\imerg_20201231.nc,imerg_20201231.nc,2020,12,31,2020-12-31,219987,1788439158226210300,OK,
2021\imerg_20210101.nc,imerg_20210101.nc,2021,1,1,2021-01-01,202680,1784626371081016700,OK,
2021\imerg_20210102.nc,imerg_20210102.nc,2021,1,2,2021-01-02,209963,1784626450148179100,OK,
2021\imerg_20210103.nc,imerg_20210103.nc,2021,1,3,2021-01-03,203836,1784626545338762900,OK,
2021\imerg_20210104.nc,imerg_20210104.nc,2021,1,4,2021-01-04,217465,1784626659255599400,OK,
2021\imerg_20210105.nc,imerg_20210105.nc,2021,1,5,2021-01-05,306340,1784628114114159400,OK,
2021\imerg_20210106.nc,imerg_20210106.nc,2021,1,6,2021-01-06,312789,1784628180909232000,OK,
2021\imerg_20210107.nc,imerg_20210107.nc,2021,1,7,2021-01-07,299988,1784628262906049900,OK,
2021\imerg_20210108.nc,imerg_20210108.nc,2021,1,8,2021-01-08,288868,1784628356748796500,OK,
2021\imerg_20210109.nc,imerg_20210109.nc,2021,1,9,2021-01-09,250168,1784628444212071000,OK,
2021\imerg_20210110.nc,imerg_20210110.nc,2021,1,10,2021-01-10,318663,1784628535555418300,OK,
2021\imerg_20210111.nc,imerg_20210111.nc,2021,1,11,2021-01-11,318708,1784628611164323100,OK,
2021\imerg_20210112.nc,imerg_20210112.nc,2021,1,12,2021-01-12,294438,1784628881328628500,OK,
2021\imerg_20210113.nc,imerg_20210113.nc,2021,1,13,2021-01-13,250749,1784628961165279700,OK,
2021\imerg_20210114.nc,imerg_20210114.nc,2021,1,14,2021-01-14,214866,1784629044337661500,OK,
2021\imerg_20210115.nc,imerg_20210115.nc,2021,1,15,2021-01-15,238125,1784629125679627200,OK,
2021\imerg_20210116.nc,imerg_20210116.nc,2021,1,16,2021-01-16,421509,1784629205300445000,OK,
2021\imerg_20210117.nc,imerg_20210117.nc,2021,1,17,2021-01-17,275183,1784629296913515300,OK,
2021\imerg_20210118.nc,imerg_20210118.nc,2021,1,18,2021-01-18,305139,1784629381508625200,OK,
2021\imerg_20210119.nc,imerg_20210119.nc,2021,1,19,2021-01-19,397276,1784629454549588000,OK,
2021\imerg_20210120.nc,imerg_20210120.nc,2021,1,20,2021-01-20,424736,1784629543821645000,OK,
2021\imerg_20210121.nc,imerg_20210121.nc,2021,1,21,2021-01-21,482270,1784629618124058000,OK,
2021\imerg_20210122.nc,imerg_20210122.nc,2021,1,22,2021-01-22,336435,1784629694487264300,OK,
2021\imerg_20210123.nc,imerg_20210123.nc,2021,1,23,2021-01-23,329106,1784629763768249600,OK,
2021\imerg_20210124.nc,imerg_20210124.nc,2021,1,24,2021-01-24,306158,1784629828829984000,OK,
2021\imerg_20210125.nc,imerg_20210125.nc,2021,1,25,2021-01-25,257582,1784629917290057000,OK,
2021\imerg_20210126.nc,imerg_20210126.nc,2021,1,26,2021-01-26,242782,1784629983176873600,OK,
2021\imerg_20210127.nc,imerg_20210127.nc,2021,1,27,2021-01-27,249286,1784630061195004500,OK,
2021\imerg_20210128.nc,imerg_20210128.nc,2021,1,28,2021-01-28,235152,1784630132585340500,OK,
2021\imerg_20210129.nc,imerg_20210129.nc,2021,1,29,2021-01-29,283039,1784630206166532500,OK,
2021\imerg_20210130.nc,imerg_20210130.nc,2021,1,30,2021-01-30,421561,1784630764313892400,OK,
2021\imerg_20210131.nc,imerg_20210131.nc,2021,1,31,2021-01-31,331849,1784630841270168900,OK,
2021\imerg_20210201.nc,imerg_20210201.nc,2021,2,1,2021-02-01,280676,1784630929894399500,OK,
2021\imerg_20210202.nc,imerg_20210202.nc,2021,2,2,2021-02-02,264741,1784631013613287700,OK,
2021\imerg_20210203.nc,imerg_20210203.nc,2021,2,3,2021-02-03,261393,1784631119380677100,OK,
2021\imerg_20210204.nc,imerg_20210204.nc,2021,2,4,2021-02-04,227430,1784631206748297600,OK,
2021\imerg_20210205.nc,imerg_20210205.nc,2021,2,5,2021-02-05,221663,1784631287391306900,OK,
2021\imerg_20210206.nc,imerg_20210206.nc,2021,2,6,2021-02-06,348756,1784631374552496300,OK,
2021\imerg_20210207.nc,imerg_20210207.nc,2021,2,7,2021-02-07,831614,1784631441706050300,OK,
2021\imerg_20210208.nc,imerg_20210208.nc,2021,2,8,2021-02-08,1154543,1784631507978748500,OK,
2021\imerg_20210209.nc,imerg_20210209.nc,2021,2,9,2021-02-09,663251,1784631574166355700,OK,
2021\imerg_20210210.nc,imerg_20210210.nc,2021,2,10,2021-02-10,267004,1784631637713495400,OK,
2021\imerg_20210211.nc,imerg_20210211.nc,2021,2,11,2021-02-11,351877,1784631708378405400,OK,
2021\imerg_20210212.nc,imerg_20210212.nc,2021,2,12,2021-02-12,283962,1784631830816422900,OK,
2021\imerg_20210213.nc,imerg_20210213.nc,2021,2,13,2021-02-13,304605,1784631958416260500,OK,
2021\imerg_20210214.nc,imerg_20210214.nc,2021,2,14,2021-02-14,344258,1784632022151584900,OK,
2021\imerg_20210215.nc,imerg_20210215.nc,2021,2,15,2021-02-15,447677,1784632600386113200,OK,
2021\imerg_20210216.nc,imerg_20210216.nc,2021,2,16,2021-02-16,351963,1784632670239493600,OK,
2021\imerg_20210217.nc,imerg_20210217.nc,2021,2,17,2021-02-17,402806,1784632820786933800,OK,
2021\imerg_20210218.nc,imerg_20210218.nc,2021,2,18,2021-02-18,471221,1784632913892877600,OK,
2021\imerg_20210219.nc,imerg_20210219.nc,2021,2,19,2021-02-19,545477,1784633013283615700,OK,
2021\imerg_20210220.nc,imerg_20210220.nc,2021,2,20,2021-02-20,567025,1784633107749440600,OK,
2021\imerg_20210221.nc,imerg_20210221.nc,2021,2,21,2021-02-21,364320,1784633242508776800,OK,
2021\imerg_20210222.nc,imerg_20210222.nc,2021,2,22,2021-02-22,322027,1784633335119250500,OK,
2021\imerg_20210223.nc,imerg_20210223.nc,2021,2,23,2021-02-23,315733,1784633414887668300,OK,
2021\imerg_20210224.nc,imerg_20210224.nc,2021,2,24,2021-02-24,374577,1784633540242510000,OK,
2021\imerg_20210225.nc,imerg_20210225.nc,2021,2,25,2021-02-25,444075,1784633632335541500,OK,
2021\imerg_20210226.nc,imerg_20210226.nc,2021,2,26,2021-02-26,338586,1784633709622200000,OK,
2021\imerg_20210227.nc,imerg_20210227.nc,2021,2,27,2021-02-27,434478,1784633787182599000,OK,
2021\imerg_20210228.nc,imerg_20210228.nc,2021,2,28,2021-02-28,371132,1784633866956785100,OK,
2021\imerg_20210301.nc,imerg_20210301.nc,2021,3,1,2021-03-01,377715,1784633943229838700,OK,
2021\imerg_20210302.nc,imerg_20210302.nc,2021,3,2,2021-03-02,446823,1784634016527168900,OK,
2021\imerg_20210303.nc,imerg_20210303.nc,2021,3,3,2021-03-03,410267,1784634115804618700,OK,
2021\imerg_20210304.nc,imerg_20210304.nc,2021,3,4,2021-03-04,379873,1784634190860645000,OK,
2021\imerg_20210305.nc,imerg_20210305.nc,2021,3,5,2021-03-05,524253,1784634690502693100,OK,
2021\imerg_20210306.nc,imerg_20210306.nc,2021,3,6,2021-03-06,597545,1784634865703470000,OK,
2021\imerg_20210307.nc,imerg_20210307.nc,2021,3,7,2021-03-07,452002,1784634997269189500,OK,
2021\imerg_20210308.nc,imerg_20210308.nc,2021,3,8,2021-03-08,377265,1784635063476207100,OK,
2021\imerg_20210309.nc,imerg_20210309.nc,2021,3,9,2021-03-09,478862,1784635144400026000,OK,
2021\imerg_20210310.nc,imerg_20210310.nc,2021,3,10,2021-03-10,452348,1784635353973799500,OK,
2021\imerg_20210311.nc,imerg_20210311.nc,2021,3,11,2021-03-11,442816,1784635430350810100,OK,
2021\imerg_20210312.nc,imerg_20210312.nc,2021,3,12,2021-03-12,339686,1784635527409247200,OK,
2021\imerg_20210313.nc,imerg_20210313.nc,2021,3,13,2021-03-13,313888,1784635645441094100,OK,
2021\imerg_20210314.nc,imerg_20210314.nc,2021,3,14,2021-03-14,424150,1784635723034938100,OK,
2021\imerg_20210315.nc,imerg_20210315.nc,2021,3,15,2021-03-15,364881,1784635813487542700,OK,
2021\imerg_20210316.nc,imerg_20210316.nc,2021,3,16,2021-03-16,357949,1784635918852435200,OK,
2021\imerg_20210317.nc,imerg_20210317.nc,2021,3,17,2021-03-17,327855,1784635996797673700,OK,
2021\imerg_20210318.nc,imerg_20210318.nc,2021,3,18,2021-03-18,293332,1784638353580966000,OK,
2021\imerg_20210319.nc,imerg_20210319.nc,2021,3,19,2021-03-19,356983,1784638456034521100,OK,
2021\imerg_20210320.nc,imerg_20210320.nc,2021,3,20,2021-03-20,545385,1784638547989281100,OK,
2021\imerg_20210321.nc,imerg_20210321.nc,2021,3,21,2021-03-21,688706,1784639198713206300,OK,
2021\imerg_20210322.nc,imerg_20210322.nc,2021,3,22,2021-03-22,546433,1784639298200490300,OK,
2021\imerg_20210323.nc,imerg_20210323.nc,2021,3,23,2021-03-23,320290,1784639407189346300,OK,
2021\imerg_20210324.nc,imerg_20210324.nc,2021,3,24,2021-03-24,310510,1784639524065944600,OK,
2021\imerg_20210325.nc,imerg_20210325.nc,2021,3,25,2021-03-25,328326,1784639619221937500,OK,
2021\imerg_20210326.nc,imerg_20210326.nc,2021,3,26,2021-03-26,369397,1784639714494397900,OK,
2021\imerg_20210327.nc,imerg_20210327.nc,2021,3,27,2021-03-27,309414,1784639810662535400,OK,
2021\imerg_20210328.nc,imerg_20210328.nc,2021,3,28,2021-03-28,361615,1784639987008407300,OK,
2021\imerg_20210329.nc,imerg_20210329.nc,2021,3,29,2021-03-29,457790,1784640130200851900,OK,
2021\imerg_20210330.nc,imerg_20210330.nc,2021,3,30,2021-03-30,582985,1784640265532645300,OK,
2021\imerg_20210331.nc,imerg_20210331.nc,2021,3,31,2021-03-31,513572,1784640382860437100,OK,
2021\imerg_20210401.nc,imerg_20210401.nc,2021,4,1,2021-04-01,375405,1784640529711515800,OK,
2021\imerg_20210402.nc,imerg_20210402.nc,2021,4,2,2021-04-02,360202,1784640632137398500,OK,
2021\imerg_20210403.nc,imerg_20210403.nc,2021,4,3,2021-04-03,563633,1784640731459791700,OK,
2021\imerg_20210404.nc,imerg_20210404.nc,2021,4,4,2021-04-04,1145823,1784640826467232100,OK,
2021\imerg_20210405.nc,imerg_20210405.nc,2021,4,5,2021-04-05,1203445,1784640948855198700,OK,
2021\imerg_20210406.nc,imerg_20210406.nc,2021,4,6,2021-04-06,1170241,1784641039198905100,OK,
2021\imerg_20210407.nc,imerg_20210407.nc,2021,4,7,2021-04-07,506468,1784641123683336800,OK,
2021\imerg_20210408.nc,imerg_20210408.nc,2021,4,8,2021-04-08,497201,1784641215857998600,OK,
2021\imerg_20210409.nc,imerg_20210409.nc,2021,4,9,2021-04-09,487517,1784641289974106500,OK,
2021\imerg_20210410.nc,imerg_20210410.nc,2021,4,10,2021-04-10,493521,1784641364535433300,OK,
2021\imerg_20210411.nc,imerg_20210411.nc,2021,4,11,2021-04-11,538299,1784641443009484000,OK,
2021\imerg_20210412.nc,imerg_20210412.nc,2021,4,12,2021-04-12,514832,1784641517882372600,OK,
2021\imerg_20210413.nc,imerg_20210413.nc,2021,4,13,2021-04-13,669403,1784641615783447100,OK,
2021\imerg_20210414.nc,imerg_20210414.nc,2021,4,14,2021-04-14,509463,1784641736834338200,OK,
2021\imerg_20210415.nc,imerg_20210415.nc,2021,4,15,2021-04-15,551374,1784641825057091600,OK,
2021\imerg_20210416.nc,imerg_20210416.nc,2021,4,16,2021-04-16,967504,1784641952289253000,OK,
2021\imerg_20210417.nc,imerg_20210417.nc,2021,4,17,2021-04-17,1313799,1784642041792075200,OK,
2021\imerg_20210418.nc,imerg_20210418.nc,2021,4,18,2021-04-18,619808,1784642525427081200,OK,
2021\imerg_20210419.nc,imerg_20210419.nc,2021,4,19,2021-04-19,464926,1784642603287798100,OK,
2021\imerg_20210420.nc,imerg_20210420.nc,2021,4,20,2021-04-20,385524,1784642702933095200,OK,
2021\imerg_20210421.nc,imerg_20210421.nc,2021,4,21,2021-04-21,324132,1784642786527427200,OK,
2021\imerg_20210422.nc,imerg_20210422.nc,2021,4,22,2021-04-22,336854,1784642864735571900,OK,
2021\imerg_20210423.nc,imerg_20210423.nc,2021,4,23,2021-04-23,359826,1784643398472692000,OK,
2021\imerg_20210424.nc,imerg_20210424.nc,2021,4,24,2021-04-24,375087,1784643470160200100,OK,
2021\imerg_20210425.nc,imerg_20210425.nc,2021,4,25,2021-04-25,660457,1784643542035513000,OK,
2021\imerg_20210426.nc,imerg_20210426.nc,2021,4,26,2021-04-26,741524,1784643620262006500,OK,
2021\imerg_20210427.nc,imerg_20210427.nc,2021,4,27,2021-04-27,726393,1784643710769869400,OK,
2021\imerg_20210428.nc,imerg_20210428.nc,2021,4,28,2021-04-28,885836,1784643787929805500,OK,
2021\imerg_20210429.nc,imerg_20210429.nc,2021,4,29,2021-04-29,552977,1784643862118295000,OK,
2021\imerg_20210430.nc,imerg_20210430.nc,2021,4,30,2021-04-30,586177,1784643959004184400,OK,
2021\imerg_20210501.nc,imerg_20210501.nc,2021,5,1,2021-05-01,798065,1784644040266976200,OK,
2021\imerg_20210502.nc,imerg_20210502.nc,2021,5,2,2021-05-02,720966,1784644143561626100,OK,
2021\imerg_20210503.nc,imerg_20210503.nc,2021,5,3,2021-05-03,687944,1784644218126820800,OK,
2021\imerg_20210504.nc,imerg_20210504.nc,2021,5,4,2021-05-04,941759,1784644328907596200,OK,
2021\imerg_20210505.nc,imerg_20210505.nc,2021,5,5,2021-05-05,1022724,1784644428851909400,OK,
2021\imerg_20210506.nc,imerg_20210506.nc,2021,5,6,2021-05-06,934776,1784644522042244800,OK,
2021\imerg_20210507.nc,imerg_20210507.nc,2021,5,7,2021-05-07,640638,1784644612753142200,OK,
2021\imerg_20210508.nc,imerg_20210508.nc,2021,5,8,2021-05-08,606909,1784644694193104200,OK,
2021\imerg_20210509.nc,imerg_20210509.nc,2021,5,9,2021-05-09,654730,1784644784711694500,OK,
2021\imerg_20210510.nc,imerg_20210510.nc,2021,5,10,2021-05-10,711314,1784644860816029200,OK,
2021\imerg_20210511.nc,imerg_20210511.nc,2021,5,11,2021-05-11,716283,1784645649107012600,OK,
2021\imerg_20210512.nc,imerg_20210512.nc,2021,5,12,2021-05-12,866937,1784645737300539100,OK,
2021\imerg_20210513.nc,imerg_20210513.nc,2021,5,13,2021-05-13,664722,1784645824622680800,OK,
2021\imerg_20210514.nc,imerg_20210514.nc,2021,5,14,2021-05-14,572075,1784645894302102600,OK,
2021\imerg_20210515.nc,imerg_20210515.nc,2021,5,15,2021-05-15,540029,1784645960513913200,OK,
2021\imerg_20210516.nc,imerg_20210516.nc,2021,5,16,2021-05-16,474403,1784646034586395300,OK,
2021\imerg_20210517.nc,imerg_20210517.nc,2021,5,17,2021-05-17,571745,1784646102186133200,OK,
2021\imerg_20210518.nc,imerg_20210518.nc,2021,5,18,2021-05-18,736176,1784646229610511600,OK,
2021\imerg_20210519.nc,imerg_20210519.nc,2021,5,19,2021-05-19,950296,1784647026481749200,OK,
2021\imerg_20210520.nc,imerg_20210520.nc,2021,5,20,2021-05-20,755469,1784647114004054500,OK,
2021\imerg_20210521.nc,imerg_20210521.nc,2021,5,21,2021-05-21,560123,1784647196741052600,OK,
2021\imerg_20210522.nc,imerg_20210522.nc,2021,5,22,2021-05-22,521504,1784647260641945600,OK,
2021\imerg_20210523.nc,imerg_20210523.nc,2021,5,23,2021-05-23,779163,1784647331976820700,OK,
2021\imerg_20210524.nc,imerg_20210524.nc,2021,5,24,2021-05-24,776249,1784647401546493900,OK,
2021\imerg_20210525.nc,imerg_20210525.nc,2021,5,25,2021-05-25,817147,1784647470301987300,OK,
2021\imerg_20210526.nc,imerg_20210526.nc,2021,5,26,2021-05-26,933663,1784647570097594300,OK,
2021\imerg_20210527.nc,imerg_20210527.nc,2021,5,27,2021-05-27,734336,1784647690142143800,OK,
2021\imerg_20210528.nc,imerg_20210528.nc,2021,5,28,2021-05-28,740763,1784647754562066900,OK,
2021\imerg_20210529.nc,imerg_20210529.nc,2021,5,29,2021-05-29,864926,1784647829416740400,OK,
2021\imerg_20210530.nc,imerg_20210530.nc,2021,5,30,2021-05-30,855054,1784647911368954600,OK,
2021\imerg_20210531.nc,imerg_20210531.nc,2021,5,31,2021-05-31,840870,1784647992533614600,OK,
2021\imerg_20210601.nc,imerg_20210601.nc,2021,6,1,2021-06-01,759744,1784648063097184200,OK,
2021\imerg_20210602.nc,imerg_20210602.nc,2021,6,2,2021-06-02,652654,1784648132280041400,OK,
2021\imerg_20210603.nc,imerg_20210603.nc,2021,6,3,2021-06-03,836571,1784648200856123100,OK,
2021\imerg_20210604.nc,imerg_20210604.nc,2021,6,4,2021-06-04,800810,1784648280267893400,OK,
2021\imerg_20210605.nc,imerg_20210605.nc,2021,6,5,2021-06-05,729452,1784648390137681900,OK,
2021\imerg_20210606.nc,imerg_20210606.nc,2021,6,6,2021-06-06,810613,1784648466455034600,OK,
2021\imerg_20210607.nc,imerg_20210607.nc,2021,6,7,2021-06-07,1068845,1784648553069489400,OK,
2021\imerg_20210608.nc,imerg_20210608.nc,2021,6,8,2021-06-08,1384895,1784648621727904900,OK,
2021\imerg_20210609.nc,imerg_20210609.nc,2021,6,9,2021-06-09,1340996,1784648721591372000,OK,
2021\imerg_20210610.nc,imerg_20210610.nc,2021,6,10,2021-06-10,1217954,1784648818870695700,OK,
2021\imerg_20210611.nc,imerg_20210611.nc,2021,6,11,2021-06-11,1143565,1784648894751014900,OK,
2021\imerg_20210612.nc,imerg_20210612.nc,2021,6,12,2021-06-12,866841,1784648969593544700,OK,
2021\imerg_20210613.nc,imerg_20210613.nc,2021,6,13,2021-06-13,712847,1784649041166913800,OK,
2021\imerg_20210614.nc,imerg_20210614.nc,2021,6,14,2021-06-14,649158,1784649102132910100,OK,
2021\imerg_20210615.nc,imerg_20210615.nc,2021,6,15,2021-06-15,524808,1784649164701433000,OK,
2021\imerg_20210616.nc,imerg_20210616.nc,2021,6,16,2021-06-16,606534,1784649223174580000,OK,
2021\imerg_20210617.nc,imerg_20210617.nc,2021,6,17,2021-06-17,628406,1784660214983373400,OK,
2021\imerg_20210618.nc,imerg_20210618.nc,2021,6,18,2021-06-18,510314,1784660290514456000,OK,
2021\imerg_20210619.nc,imerg_20210619.nc,2021,6,19,2021-06-19,480768,1784660359153259900,OK,
2021\imerg_20210620.nc,imerg_20210620.nc,2021,6,20,2021-06-20,499903,1784660434941367900,OK,
2021\imerg_20210621.nc,imerg_20210621.nc,2021,6,21,2021-06-21,697575,1784660518361175700,OK,
2021\imerg_20210622.nc,imerg_20210622.nc,2021,6,22,2021-06-22,675831,1784660602841295000,OK,
2021\imerg_20210623.nc,imerg_20210623.nc,2021,6,23,2021-06-23,782080,1784660678917305700,OK,
2021\imerg_20210624.nc,imerg_20210624.nc,2021,6,24,2021-06-24,919790,1784660749223702400,OK,
2021\imerg_20210625.nc,imerg_20210625.nc,2021,6,25,2021-06-25,823476,1784660841907343800,OK,
2021\imerg_20210626.nc,imerg_20210626.nc,2021,6,26,2021-06-26,771450,1784660919077522800,OK,
2021\imerg_20210627.nc,imerg_20210627.nc,2021,6,27,2021-06-27,904057,1784660995207664400,OK,
2021\imerg_20210628.nc,imerg_20210628.nc,2021,6,28,2021-06-28,1292342,1784661061519579900,OK,
2021\imerg_20210629.nc,imerg_20210629.nc,2021,6,29,2021-06-29,1453993,1784661137490592100,OK,
2021\imerg_20210630.nc,imerg_20210630.nc,2021,6,30,2021-06-30,1426278,1784661205272391500,OK,
2021\imerg_20210701.nc,imerg_20210701.nc,2021,7,1,2021-07-01,1307994,1784661291650325800,OK,
2021\imerg_20210702.nc,imerg_20210702.nc,2021,7,2,2021-07-02,1095310,1784661370720073800,OK,
2021\imerg_20210703.nc,imerg_20210703.nc,2021,7,3,2021-07-03,787732,1784661457096646800,OK,
2021\imerg_20210704.nc,imerg_20210704.nc,2021,7,4,2021-07-04,747886,1784661536950895300,OK,
2021\imerg_20210705.nc,imerg_20210705.nc,2021,7,5,2021-07-05,912574,1784661595416020700,OK,
2021\imerg_20210706.nc,imerg_20210706.nc,2021,7,6,2021-07-06,1092801,1784661675718640400,OK,
2021\imerg_20210707.nc,imerg_20210707.nc,2021,7,7,2021-07-07,1041212,1784661755229997600,OK,
2021\imerg_20210708.nc,imerg_20210708.nc,2021,7,8,2021-07-08,1070189,1784661834357546400,OK,
2021\imerg_20210709.nc,imerg_20210709.nc,2021,7,9,2021-07-09,934767,1784661917898752400,OK,
2021\imerg_20210710.nc,imerg_20210710.nc,2021,7,10,2021-07-10,773282,1784661990078582800,OK,
2021\imerg_20210711.nc,imerg_20210711.nc,2021,7,11,2021-07-11,613691,1784662090668774100,OK,
2021\imerg_20210712.nc,imerg_20210712.nc,2021,7,12,2021-07-12,480694,1784662165208070800,OK,
2021\imerg_20210713.nc,imerg_20210713.nc,2021,7,13,2021-07-13,493708,1784662253549655900,OK,
2021\imerg_20210714.nc,imerg_20210714.nc,2021,7,14,2021-07-14,637958,1784662332928818800,OK,
2021\imerg_20210715.nc,imerg_20210715.nc,2021,7,15,2021-07-15,982179,1784662410650660000,OK,
2021\imerg_20210716.nc,imerg_20210716.nc,2021,7,16,2021-07-16,974920,1784662496720937400,OK,
2021\imerg_20210717.nc,imerg_20210717.nc,2021,7,17,2021-07-17,932847,1784662562735145500,OK,
2021\imerg_20210718.nc,imerg_20210718.nc,2021,7,18,2021-07-18,1047344,1784662638525715700,OK,
2021\imerg_20210719.nc,imerg_20210719.nc,2021,7,19,2021-07-19,927618,1784673841254515500,OK,
2021\imerg_20210720.nc,imerg_20210720.nc,2021,7,20,2021-07-20,930892,1784673915119838700,OK,
2021\imerg_20210721.nc,imerg_20210721.nc,2021,7,21,2021-07-21,974950,1784674010752524200,OK,
2021\imerg_20210722.nc,imerg_20210722.nc,2021,7,22,2021-07-22,1088525,1784674081555231400,OK,
2021\imerg_20210723.nc,imerg_20210723.nc,2021,7,23,2021-07-23,997957,1784674147796331600,OK,
2021\imerg_20210724.nc,imerg_20210724.nc,2021,7,24,2021-07-24,973049,1784674214123764900,OK,
2021\imerg_20210725.nc,imerg_20210725.nc,2021,7,25,2021-07-25,969293,1784674281746445300,OK,
2021\imerg_20210726.nc,imerg_20210726.nc,2021,7,26,2021-07-26,846366,1784674355297516200,OK,
2021\imerg_20210727.nc,imerg_20210727.nc,2021,7,27,2021-07-27,820125,1784674445015035400,OK,
2021\imerg_20210728.nc,imerg_20210728.nc,2021,7,28,2021-07-28,1019187,1784674524377861200,OK,
2021\imerg_20210729.nc,imerg_20210729.nc,2021,7,29,2021-07-29,946988,1784674591587892200,OK,
2021\imerg_20210730.nc,imerg_20210730.nc,2021,7,30,2021-07-30,886914,1784674662986636900,OK,
2021\imerg_20210731.nc,imerg_20210731.nc,2021,7,31,2021-07-31,966647,1784674729531404300,OK,
2021\imerg_20210801.nc,imerg_20210801.nc,2021,8,1,2021-08-01,794494,1784674798797655600,OK,
2021\imerg_20210802.nc,imerg_20210802.nc,2021,8,2,2021-08-02,591093,1784674863795613000,OK,
2021\imerg_20210803.nc,imerg_20210803.nc,2021,8,3,2021-08-03,576615,1784674934235889300,OK,
2021\imerg_20210804.nc,imerg_20210804.nc,2021,8,4,2021-08-04,480728,1784675011653149100,OK,
2021\imerg_20210805.nc,imerg_20210805.nc,2021,8,5,2021-08-05,525338,1784675081220776200,OK,
2021\imerg_20210806.nc,imerg_20210806.nc,2021,8,6,2021-08-06,518593,1784675163855387300,OK,
2021\imerg_20210807.nc,imerg_20210807.nc,2021,8,7,2021-08-07,626534,1784675254245891800,OK,
2021\imerg_20210808.nc,imerg_20210808.nc,2021,8,8,2021-08-08,852796,1784675333515371200,OK,
2021\imerg_20210809.nc,imerg_20210809.nc,2021,8,9,2021-08-09,1071434,1784675406198061500,OK,
2021\imerg_20210810.nc,imerg_20210810.nc,2021,8,10,2021-08-10,1268583,1784675481408070800,OK,
2021\imerg_20210811.nc,imerg_20210811.nc,2021,8,11,2021-08-11,1340560,1784675552164840400,OK,
2021\imerg_20210812.nc,imerg_20210812.nc,2021,8,12,2021-08-12,1218699,1784675621305707800,OK,
2021\imerg_20210813.nc,imerg_20210813.nc,2021,8,13,2021-08-13,1239537,1784675684538861700,OK,
2021\imerg_20210814.nc,imerg_20210814.nc,2021,8,14,2021-08-14,1338415,1784675751005526000,OK,
2021\imerg_20210815.nc,imerg_20210815.nc,2021,8,15,2021-08-15,1224223,1784675836443958500,OK,
2021\imerg_20210816.nc,imerg_20210816.nc,2021,8,16,2021-08-16,1256478,1784675888891131900,OK,
2021\imerg_20210817.nc,imerg_20210817.nc,2021,8,17,2021-08-17,1318910,1784675951241061200,OK,
2021\imerg_20210818.nc,imerg_20210818.nc,2021,8,18,2021-08-18,1303338,1784676078410147500,OK,
2021\imerg_20210819.nc,imerg_20210819.nc,2021,8,19,2021-08-19,1081429,1784676161342746900,OK,
2021\imerg_20210820.nc,imerg_20210820.nc,2021,8,20,2021-08-20,661588,1784676217961660200,OK,
2021\imerg_20210821.nc,imerg_20210821.nc,2021,8,21,2021-08-21,503341,1784676288305848400,OK,
2021\imerg_20210822.nc,imerg_20210822.nc,2021,8,22,2021-08-22,825755,1784676365022360300,OK,
2021\imerg_20210823.nc,imerg_20210823.nc,2021,8,23,2021-08-23,922658,1784676440473048700,OK,
2021\imerg_20210824.nc,imerg_20210824.nc,2021,8,24,2021-08-24,1115578,1784678741458935400,OK,
2021\imerg_20210825.nc,imerg_20210825.nc,2021,8,25,2021-08-25,1337844,1784679588115392000,OK,
2021\imerg_20210826.nc,imerg_20210826.nc,2021,8,26,2021-08-26,1237815,1784679698011429000,OK,
2021\imerg_20210827.nc,imerg_20210827.nc,2021,8,27,2021-08-27,1136991,1784679767537759100,OK,
2021\imerg_20210828.nc,imerg_20210828.nc,2021,8,28,2021-08-28,1209064,1784679840952410500,OK,
2021\imerg_20210829.nc,imerg_20210829.nc,2021,8,29,2021-08-29,799739,1784679928747166000,OK,
2021\imerg_20210830.nc,imerg_20210830.nc,2021,8,30,2021-08-30,590937,1784680011864283400,OK,
2021\imerg_20210831.nc,imerg_20210831.nc,2021,8,31,2021-08-31,680457,1784680082813528900,OK,
2021\imerg_20210901.nc,imerg_20210901.nc,2021,9,1,2021-09-01,879723,1784680189651509200,OK,
2021\imerg_20210902.nc,imerg_20210902.nc,2021,9,2,2021-09-02,722698,1784680254057506500,OK,
2021\imerg_20210903.nc,imerg_20210903.nc,2021,9,3,2021-09-03,742590,1784680314406398200,OK,
2021\imerg_20210904.nc,imerg_20210904.nc,2021,9,4,2021-09-04,957361,1784680375290617900,OK,
2021\imerg_20210905.nc,imerg_20210905.nc,2021,9,5,2021-09-05,955103,1784680447083172800,OK,
2021\imerg_20210906.nc,imerg_20210906.nc,2021,9,6,2021-09-06,930105,1784680525876039800,OK,
2021\imerg_20210907.nc,imerg_20210907.nc,2021,9,7,2021-09-07,856750,1784680594190613800,OK,
2021\imerg_20210908.nc,imerg_20210908.nc,2021,9,8,2021-09-08,870237,1784680672427321600,OK,
2021\imerg_20210909.nc,imerg_20210909.nc,2021,9,9,2021-09-09,761703,1784680745686482300,OK,
2021\imerg_20210910.nc,imerg_20210910.nc,2021,9,10,2021-09-10,540834,1784680809805254200,OK,
2021\imerg_20210911.nc,imerg_20210911.nc,2021,9,11,2021-09-11,499465,1784680879185269500,OK,
2021\imerg_20210912.nc,imerg_20210912.nc,2021,9,12,2021-09-12,534283,1784680941480355700,OK,
2021\imerg_20210913.nc,imerg_20210913.nc,2021,9,13,2021-09-13,678459,1784681011472366000,OK,
2021\imerg_20210914.nc,imerg_20210914.nc,2021,9,14,2021-09-14,835167,1784681085853562700,OK,
2021\imerg_20210915.nc,imerg_20210915.nc,2021,9,15,2021-09-15,933225,1784681651785040200,OK,
2021\imerg_20210916.nc,imerg_20210916.nc,2021,9,16,2021-09-16,1003661,1784681725342968700,OK,
2021\imerg_20210917.nc,imerg_20210917.nc,2021,9,17,2021-09-17,954448,1784681796943079200,OK,
2021\imerg_20210918.nc,imerg_20210918.nc,2021,9,18,2021-09-18,1055948,1784681859297648900,OK,
2021\imerg_20210919.nc,imerg_20210919.nc,2021,9,19,2021-09-19,907867,1784681926425697400,OK,
2021\imerg_20210920.nc,imerg_20210920.nc,2021,9,20,2021-09-20,622968,1784681995424520900,OK,
2021\imerg_20210921.nc,imerg_20210921.nc,2021,9,21,2021-09-21,584624,1784682070392114900,OK,
2021\imerg_20210922.nc,imerg_20210922.nc,2021,9,22,2021-09-22,613845,1784682144176483100,OK,
2021\imerg_20210923.nc,imerg_20210923.nc,2021,9,23,2021-09-23,645740,1784682206387202100,OK,
2021\imerg_20210924.nc,imerg_20210924.nc,2021,9,24,2021-09-24,698967,1784682281028313400,OK,
2021\imerg_20210925.nc,imerg_20210925.nc,2021,9,25,2021-09-25,751340,1784682357760148400,OK,
2021\imerg_20210926.nc,imerg_20210926.nc,2021,9,26,2021-09-26,679204,1784682426239855600,OK,
2021\imerg_20210927.nc,imerg_20210927.nc,2021,9,27,2021-09-27,617921,1784682529246320800,OK,
2021\imerg_20210928.nc,imerg_20210928.nc,2021,9,28,2021-09-28,503351,1784682596960264700,OK,
2021\imerg_20210929.nc,imerg_20210929.nc,2021,9,29,2021-09-29,425884,1784682666184388400,OK,
2021\imerg_20210930.nc,imerg_20210930.nc,2021,9,30,2021-09-30,395132,1784682736743701700,OK,
2021\imerg_20211001.nc,imerg_20211001.nc,2021,10,1,2021-10-01,473308,1784682812457759200,OK,
2021\imerg_20211002.nc,imerg_20211002.nc,2021,10,2,2021-10-02,515760,1784682879354515500,OK,
2021\imerg_20211003.nc,imerg_20211003.nc,2021,10,3,2021-10-03,600293,1784682945368836500,OK,
2021\imerg_20211004.nc,imerg_20211004.nc,2021,10,4,2021-10-04,573422,1784683012822205800,OK,
2021\imerg_20211005.nc,imerg_20211005.nc,2021,10,5,2021-10-05,422185,1784683108580640300,OK,
2021\imerg_20211006.nc,imerg_20211006.nc,2021,10,6,2021-10-06,509057,1784683176266238800,OK,
2021\imerg_20211007.nc,imerg_20211007.nc,2021,10,7,2021-10-07,457706,1784683279106264600,OK,
2021\imerg_20211008.nc,imerg_20211008.nc,2021,10,8,2021-10-08,425000,1784683358356915700,OK,
2021\imerg_20211009.nc,imerg_20211009.nc,2021,10,9,2021-10-09,915801,1784683428957002100,OK,
2021\imerg_20211010.nc,imerg_20211010.nc,2021,10,10,2021-10-10,1119856,1784683491398622400,OK,
2021\imerg_20211011.nc,imerg_20211011.nc,2021,10,11,2021-10-11,617975,1784683558252121300,OK,
2021\imerg_20211012.nc,imerg_20211012.nc,2021,10,12,2021-10-12,287886,1784683628278464200,OK,
2021\imerg_20211013.nc,imerg_20211013.nc,2021,10,13,2021-10-13,713079,1784684433512058300,OK,
2021\imerg_20211014.nc,imerg_20211014.nc,2021,10,14,2021-10-14,1273483,1784684507243568500,OK,
2021\imerg_20211015.nc,imerg_20211015.nc,2021,10,15,2021-10-15,1151259,1784684611485921800,OK,
2021\imerg_20211016.nc,imerg_20211016.nc,2021,10,16,2021-10-16,1082508,1784684686879929500,OK,
2021\imerg_20211017.nc,imerg_20211017.nc,2021,10,17,2021-10-17,528910,1784684754880312100,OK,
2021\imerg_20211018.nc,imerg_20211018.nc,2021,10,18,2021-10-18,402116,1784684831377072400,OK,
2021\imerg_20211019.nc,imerg_20211019.nc,2021,10,19,2021-10-19,528026,1784684920139028700,OK,
2021\imerg_20211020.nc,imerg_20211020.nc,2021,10,20,2021-10-20,893760,1784685008182234700,OK,
2021\imerg_20211021.nc,imerg_20211021.nc,2021,10,21,2021-10-21,1219637,1784685086338393500,OK,
2021\imerg_20211022.nc,imerg_20211022.nc,2021,10,22,2021-10-22,835561,1784685167527322100,OK,
2021\imerg_20211023.nc,imerg_20211023.nc,2021,10,23,2021-10-23,456136,1784685242688813400,OK,
2021\imerg_20211024.nc,imerg_20211024.nc,2021,10,24,2021-10-24,426912,1784685324601551000,OK,
2021\imerg_20211025.nc,imerg_20211025.nc,2021,10,25,2021-10-25,489570,1784685403080493500,OK,
2021\imerg_20211026.nc,imerg_20211026.nc,2021,10,26,2021-10-26,435670,1784685473661601600,OK,
2021\imerg_20211027.nc,imerg_20211027.nc,2021,10,27,2021-10-27,490681,1784685552746961400,OK,
2021\imerg_20211028.nc,imerg_20211028.nc,2021,10,28,2021-10-28,575481,1784685618508836800,OK,
2021\imerg_20211029.nc,imerg_20211029.nc,2021,10,29,2021-10-29,510529,1784685702844657600,OK,
2021\imerg_20211030.nc,imerg_20211030.nc,2021,10,30,2021-10-30,684769,1784685767973499900,OK,
2021\imerg_20211031.nc,imerg_20211031.nc,2021,10,31,2021-10-31,640724,1784685830076324900,OK,
2021\imerg_20211101.nc,imerg_20211101.nc,2021,11,1,2021-11-01,587550,1784685914151762400,OK,
2021\imerg_20211102.nc,imerg_20211102.nc,2021,11,2,2021-11-02,538354,1784686002128506900,OK,
2021\imerg_20211103.nc,imerg_20211103.nc,2021,11,3,2021-11-03,502279,1784686092089028000,OK,
2021\imerg_20211104.nc,imerg_20211104.nc,2021,11,4,2021-11-04,532635,1784686162840111500,OK,
2021\imerg_20211105.nc,imerg_20211105.nc,2021,11,5,2021-11-05,312648,1784686232297342500,OK,
2021\imerg_20211106.nc,imerg_20211106.nc,2021,11,6,2021-11-06,349943,1784686299610442400,OK,
2021\imerg_20211107.nc,imerg_20211107.nc,2021,11,7,2021-11-07,326685,1784686381945705200,OK,
2021\imerg_20211108.nc,imerg_20211108.nc,2021,11,8,2021-11-08,280120,1784686474186265400,OK,
2021\imerg_20211109.nc,imerg_20211109.nc,2021,11,9,2021-11-09,264848,1784686546155603800,OK,
2021\imerg_20211110.nc,imerg_20211110.nc,2021,11,10,2021-11-10,296398,1784686614743979300,OK,
2021\imerg_20211111.nc,imerg_20211111.nc,2021,11,11,2021-11-11,379906,1784686693996569800,OK,
2021\imerg_20211112.nc,imerg_20211112.nc,2021,11,12,2021-11-12,382214,1784686778952453500,OK,
2021\imerg_20211113.nc,imerg_20211113.nc,2021,11,13,2021-11-13,460405,1784686860942796300,OK,
2021\imerg_20211114.nc,imerg_20211114.nc,2021,11,14,2021-11-14,577581,1784686928412514900,OK,
2021\imerg_20211115.nc,imerg_20211115.nc,2021,11,15,2021-11-15,517131,1784686998228436900,OK,
2021\imerg_20211116.nc,imerg_20211116.nc,2021,11,16,2021-11-16,542144,1784687159656139200,OK,
2021\imerg_20211117.nc,imerg_20211117.nc,2021,11,17,2021-11-17,338966,1784687248118650100,OK,
2021\imerg_20211118.nc,imerg_20211118.nc,2021,11,18,2021-11-18,246174,1784687317380736600,OK,
2021\imerg_20211119.nc,imerg_20211119.nc,2021,11,19,2021-11-19,243439,1784687392457398100,OK,
2021\imerg_20211120.nc,imerg_20211120.nc,2021,11,20,2021-11-20,348716,1784687511898932100,OK,
2021\imerg_20211121.nc,imerg_20211121.nc,2021,11,21,2021-11-21,543934,1784698781082113700,OK,
2021\imerg_20211122.nc,imerg_20211122.nc,2021,11,22,2021-11-22,496643,1784698846535928100,OK,
2021\imerg_20211123.nc,imerg_20211123.nc,2021,11,23,2021-11-23,650975,1784698909016941100,OK,
2021\imerg_20211124.nc,imerg_20211124.nc,2021,11,24,2021-11-24,433395,1784699561545793700,OK,
2021\imerg_20211125.nc,imerg_20211125.nc,2021,11,25,2021-11-25,408574,1784699683972244700,OK,
2021\imerg_20211126.nc,imerg_20211126.nc,2021,11,26,2021-11-26,494182,1784699747934418500,OK,
2021\imerg_20211127.nc,imerg_20211127.nc,2021,11,27,2021-11-27,405090,1784699801343701000,OK,
2021\imerg_20211128.nc,imerg_20211128.nc,2021,11,28,2021-11-28,353889,1784699856936304300,OK,
2021\imerg_20211129.nc,imerg_20211129.nc,2021,11,29,2021-11-29,371192,1784699911756775400,OK,
2021\imerg_20211130.nc,imerg_20211130.nc,2021,11,30,2021-11-30,291587,1784700163225572900,OK,
2021\imerg_20211201.nc,imerg_20211201.nc,2021,12,1,2021-12-01,272684,1784700347617935200,OK,
2021\imerg_20211202.nc,imerg_20211202.nc,2021,12,2,2021-12-02,313077,1784700542500445600,OK,
2021\imerg_20211203.nc,imerg_20211203.nc,2021,12,3,2021-12-03,376723,1784700756421867500,OK,
2021\imerg_20211204.nc,imerg_20211204.nc,2021,12,4,2021-12-04,488465,1784700909768672300,OK,
2021\imerg_20211205.nc,imerg_20211205.nc,2021,12,5,2021-12-05,406499,1784701076533913700,OK,
2021\imerg_20211206.nc,imerg_20211206.nc,2021,12,6,2021-12-06,594878,1784712350458886500,OK,
2021\imerg_20211207.nc,imerg_20211207.nc,2021,12,7,2021-12-07,334319,1784712615027951900,OK,
2021\imerg_20211208.nc,imerg_20211208.nc,2021,12,8,2021-12-08,282365,1784712812160107500,OK,
2021\imerg_20211209.nc,imerg_20211209.nc,2021,12,9,2021-12-09,284180,1784713041087919700,OK,
2021\imerg_20211210.nc,imerg_20211210.nc,2021,12,10,2021-12-10,333122,1784713253071101000,OK,
2021\imerg_20211211.nc,imerg_20211211.nc,2021,12,11,2021-12-11,447286,1784713522898898700,OK,
2021\imerg_20211212.nc,imerg_20211212.nc,2021,12,12,2021-12-12,334802,1784714071464680900,OK,
2021\imerg_20211213.nc,imerg_20211213.nc,2021,12,13,2021-12-13,319846,1784714319777619400,OK,
2021\imerg_20211214.nc,imerg_20211214.nc,2021,12,14,2021-12-14,251812,1784714511369234800,OK,
2021\imerg_20211215.nc,imerg_20211215.nc,2021,12,15,2021-12-15,265181,1784715027039834600,OK,
2021\imerg_20211216.nc,imerg_20211216.nc,2021,12,16,2021-12-16,247733,1784715236802273600,OK,
2021\imerg_20211217.nc,imerg_20211217.nc,2021,12,17,2021-12-17,243799,1784715413666849500,OK,
2021\imerg_20211218.nc,imerg_20211218.nc,2021,12,18,2021-12-18,253344,1784715591365534400,OK,
2021\imerg_20211219.nc,imerg_20211219.nc,2021,12,19,2021-12-19,302527,1784715770457708700,OK,
2021\imerg_20211220.nc,imerg_20211220.nc,2021,12,20,2021-12-20,292878,1784715970302763700,OK,
2021\imerg_20211221.nc,imerg_20211221.nc,2021,12,21,2021-12-21,219633,1784716128419107500,OK,
2021\imerg_20211222.nc,imerg_20211222.nc,2021,12,22,2021-12-22,395284,1784716303550830600,OK,
2021\imerg_20211223.nc,imerg_20211223.nc,2021,12,23,2021-12-23,479608,1784716484418268200,OK,
2021\imerg_20211224.nc,imerg_20211224.nc,2021,12,24,2021-12-24,362507,1784716709966638300,OK,
2021\imerg_20211225.nc,imerg_20211225.nc,2021,12,25,2021-12-25,649985,1784716899147450900,OK,
2021\imerg_20211226.nc,imerg_20211226.nc,2021,12,26,2021-12-26,613998,1784717086922339900,OK,
2021\imerg_20211227.nc,imerg_20211227.nc,2021,12,27,2021-12-27,389198,1784717290523060800,OK,
2021\imerg_20211228.nc,imerg_20211228.nc,2021,12,28,2021-12-28,313888,1784717455187723500,OK,
2021\imerg_20211229.nc,imerg_20211229.nc,2021,12,29,2021-12-29,345449,1784717580614516000,OK,
2021\imerg_20211230.nc,imerg_20211230.nc,2021,12,30,2021-12-30,424284,1784717743418083600,OK,
2021\imerg_20211231.nc,imerg_20211231.nc,2021,12,31,2021-12-31,363458,1784718373112773800,OK,
2022\imerg_20220101.nc,imerg_20220101.nc,2022,1,1,2022-01-01,356631,1784718532163760400,OK,
2022\imerg_20220102.nc,imerg_20220102.nc,2022,1,2,2022-01-02,271397,1784718701689199000,OK,
2022\imerg_20220103.nc,imerg_20220103.nc,2022,1,3,2022-01-03,366121,1784718871027429200,OK,
2022\imerg_20220104.nc,imerg_20220104.nc,2022,1,4,2022-01-04,285771,1784719045251629600,OK,
2022\imerg_20220105.nc,imerg_20220105.nc,2022,1,5,2022-01-05,296309,1784719225480617900,OK,
2022\imerg_20220106.nc,imerg_20220106.nc,2022,1,6,2022-01-06,326485,1784719385128513600,OK,
2022\imerg_20220107.nc,imerg_20220107.nc,2022,1,7,2022-01-07,319455,1784719517363726900,OK,
2022\imerg_20220108.nc,imerg_20220108.nc,2022,1,8,2022-01-08,304679,1784719640216668000,OK,
2022\imerg_20220109.nc,imerg_20220109.nc,2022,1,9,2022-01-09,298759,1784719756143014000,OK,
2022\imerg_20220110.nc,imerg_20220110.nc,2022,1,10,2022-01-10,333586,1784719876630535100,OK,
2022\imerg_20220111.nc,imerg_20220111.nc,2022,1,11,2022-01-11,419745,1784719987778481300,OK,
2022\imerg_20220112.nc,imerg_20220112.nc,2022,1,12,2022-01-12,745224,1784720105844881500,OK,
2022\imerg_20220113.nc,imerg_20220113.nc,2022,1,13,2022-01-13,606407,1784720206234583800,OK,
2022\imerg_20220114.nc,imerg_20220114.nc,2022,1,14,2022-01-14,600961,1784720336293358000,OK,
2022\imerg_20220115.nc,imerg_20220115.nc,2022,1,15,2022-01-15,895210,1784720853232604800,OK,
2022\imerg_20220116.nc,imerg_20220116.nc,2022,1,16,2022-01-16,976345,1784721003400452900,OK,
2022\imerg_20220117.nc,imerg_20220117.nc,2022,1,17,2022-01-17,504535,1784721170774583600,OK,
2022\imerg_20220118.nc,imerg_20220118.nc,2022,1,18,2022-01-18,432180,1784721333078119600,OK,
2022\imerg_20220119.nc,imerg_20220119.nc,2022,1,19,2022-01-19,716362,1784721517249450600,OK,
2022\imerg_20220120.nc,imerg_20220120.nc,2022,1,20,2022-01-20,762531,1784721714019257700,OK,
2022\imerg_20220121.nc,imerg_20220121.nc,2022,1,21,2022-01-21,811864,1784722787322154600,OK,
2022\imerg_20220122.nc,imerg_20220122.nc,2022,1,22,2022-01-22,444406,1784723313377011800,OK,
2022\imerg_20220123.nc,imerg_20220123.nc,2022,1,23,2022-01-23,445112,1784723434116010500,OK,
2022\imerg_20220124.nc,imerg_20220124.nc,2022,1,24,2022-01-24,540114,1784723531821670300,OK,
2022\imerg_20220125.nc,imerg_20220125.nc,2022,1,25,2022-01-25,450821,1784723628515457900,OK,
2022\imerg_20220126.nc,imerg_20220126.nc,2022,1,26,2022-01-26,534570,1784723755141968800,OK,
2022\imerg_20220127.nc,imerg_20220127.nc,2022,1,27,2022-01-27,610318,1784723874103865900,OK,
2022\imerg_20220128.nc,imerg_20220128.nc,2022,1,28,2022-01-28,539843,1784724081081260300,OK,
2022\imerg_20220129.nc,imerg_20220129.nc,2022,1,29,2022-01-29,409121,1784724205864531200,OK,
2022\imerg_20220130.nc,imerg_20220130.nc,2022,1,30,2022-01-30,598454,1784724310746276400,OK,
2022\imerg_20220131.nc,imerg_20220131.nc,2022,1,31,2022-01-31,535380,1784724417829030400,OK,
2022\imerg_20220201.nc,imerg_20220201.nc,2022,2,1,2022-02-01,677660,1784724518474618900,OK,
2022\imerg_20220202.nc,imerg_20220202.nc,2022,2,2,2022-02-02,583495,1784724618824748500,OK,
2022\imerg_20220203.nc,imerg_20220203.nc,2022,2,3,2022-02-03,524485,1784724717301532900,OK,
2022\imerg_20220204.nc,imerg_20220204.nc,2022,2,4,2022-02-04,445542,1784724833217257800,OK,
2022\imerg_20220205.nc,imerg_20220205.nc,2022,2,5,2022-02-05,1020781,1784725024348940500,OK,
2022\imerg_20220206.nc,imerg_20220206.nc,2022,2,6,2022-02-06,900655,1784725214091511100,OK,
2022\imerg_20220207.nc,imerg_20220207.nc,2022,2,7,2022-02-07,421528,1784725359995560400,OK,
2022\imerg_20220208.nc,imerg_20220208.nc,2022,2,8,2022-02-08,461536,1784725519170612800,OK,
2022\imerg_20220209.nc,imerg_20220209.nc,2022,2,9,2022-02-09,455739,1784725707467620500,OK,
2022\imerg_20220210.nc,imerg_20220210.nc,2022,2,10,2022-02-10,442962,1784725832056976300,OK,
2022\imerg_20220211.nc,imerg_20220211.nc,2022,2,11,2022-02-11,473798,1784725964568748700,OK,
2022\imerg_20220212.nc,imerg_20220212.nc,2022,2,12,2022-02-12,644420,1784726135726177400,OK,
2022\imerg_20220213.nc,imerg_20220213.nc,2022,2,13,2022-02-13,453200,1784726337467810600,OK,
2022\imerg_20220214.nc,imerg_20220214.nc,2022,2,14,2022-02-14,350337,1784726517266488600,OK,
2022\imerg_20220215.nc,imerg_20220215.nc,2022,2,15,2022-02-15,389018,1784726684341199800,OK,
2022\imerg_20220216.nc,imerg_20220216.nc,2022,2,16,2022-02-16,525591,1784726850356348200,OK,
2022\imerg_20220217.nc,imerg_20220217.nc,2022,2,17,2022-02-17,445466,1784727021738168000,OK,
2022\imerg_20220218.nc,imerg_20220218.nc,2022,2,18,2022-02-18,526090,1784727191908211100,OK,
2022\imerg_20220219.nc,imerg_20220219.nc,2022,2,19,2022-02-19,933874,1784727372126467200,OK,
2022\imerg_20220220.nc,imerg_20220220.nc,2022,2,20,2022-02-20,820098,1784727832635819700,OK,
2022\imerg_20220221.nc,imerg_20220221.nc,2022,2,21,2022-02-21,746282,1784727955886137400,OK,
2022\imerg_20220222.nc,imerg_20220222.nc,2022,2,22,2022-02-22,544841,1784728041532797300,OK,
2022\imerg_20220223.nc,imerg_20220223.nc,2022,2,23,2022-02-23,418179,1784728136557358300,OK,
2022\imerg_20220224.nc,imerg_20220224.nc,2022,2,24,2022-02-24,475382,1784728236191751500,OK,
2022\imerg_20220225.nc,imerg_20220225.nc,2022,2,25,2022-02-25,463044,1784728352263151000,OK,
2022\imerg_20220226.nc,imerg_20220226.nc,2022,2,26,2022-02-26,424965,1784728473796751600,OK,
2022\imerg_20220227.nc,imerg_20220227.nc,2022,2,27,2022-02-27,368982,1784728558122210200,OK,
2022\imerg_20220228.nc,imerg_20220228.nc,2022,2,28,2022-02-28,487875,1784728678667256700,OK,
2022\imerg_20220301.nc,imerg_20220301.nc,2022,3,1,2022-03-01,341586,1784728859451518000,OK,
2022\imerg_20220302.nc,imerg_20220302.nc,2022,3,2,2022-03-02,339872,1784729021515299200,OK,
2022\imerg_20220303.nc,imerg_20220303.nc,2022,3,3,2022-03-03,324045,1784729181314295400,OK,
2022\imerg_20220304.nc,imerg_20220304.nc,2022,3,4,2022-03-04,314321,1784729354153197700,OK,
2022\imerg_20220305.nc,imerg_20220305.nc,2022,3,5,2022-03-05,399284,1784729519459209900,OK,
2022\imerg_20220306.nc,imerg_20220306.nc,2022,3,6,2022-03-06,463805,1784729700106294400,OK,
2022\imerg_20220307.nc,imerg_20220307.nc,2022,3,7,2022-03-07,444930,1784730268462139200,OK,
2022\imerg_20220308.nc,imerg_20220308.nc,2022,3,8,2022-03-08,318248,1784730497846814200,OK,
2022\imerg_20220309.nc,imerg_20220309.nc,2022,3,9,2022-03-09,291226,1784730705569962200,OK,
2022\imerg_20220310.nc,imerg_20220310.nc,2022,3,10,2022-03-10,276975,1784730866596206900,OK,
2022\imerg_20220311.nc,imerg_20220311.nc,2022,3,11,2022-03-11,283880,1784731081656557200,OK,
2022\imerg_20220312.nc,imerg_20220312.nc,2022,3,12,2022-03-12,326401,1784731319329379600,OK,
2022\imerg_20220313.nc,imerg_20220313.nc,2022,3,13,2022-03-13,288191,1784731548027779900,OK,
2022\imerg_20220314.nc,imerg_20220314.nc,2022,3,14,2022-03-14,407096,1784731821750541500,OK,
2022\imerg_20220315.nc,imerg_20220315.nc,2022,3,15,2022-03-15,677706,1784732042379476100,OK,
2022\imerg_20220316.nc,imerg_20220316.nc,2022,3,16,2022-03-16,608213,1784732288354256500,OK,
2022\imerg_20220317.nc,imerg_20220317.nc,2022,3,17,2022-03-17,472636,1784732721272380000,OK,
2022\imerg_20220318.nc,imerg_20220318.nc,2022,3,18,2022-03-18,316504,1784732950944710200,OK,
2022\imerg_20220319.nc,imerg_20220319.nc,2022,3,19,2022-03-19,284132,1784733189163236800,OK,
2022\imerg_20220320.nc,imerg_20220320.nc,2022,3,20,2022-03-20,365891,1784733396068849000,OK,
2022\imerg_20220321.nc,imerg_20220321.nc,2022,3,21,2022-03-21,520537,1784733620862686700,OK,
2022\imerg_20220322.nc,imerg_20220322.nc,2022,3,22,2022-03-22,893025,1784733854532288400,OK,
2022\imerg_20220323.nc,imerg_20220323.nc,2022,3,23,2022-03-23,1034899,1784734089114706100,OK,
2022\imerg_20220324.nc,imerg_20220324.nc,2022,3,24,2022-03-24,592364,1784734316094796700,OK,
2022\imerg_20220325.nc,imerg_20220325.nc,2022,3,25,2022-03-25,641708,1784734533353317800,OK,
2022\imerg_20220326.nc,imerg_20220326.nc,2022,3,26,2022-03-26,972606,1784734737172694100,OK,
2022\imerg_20220327.nc,imerg_20220327.nc,2022,3,27,2022-03-27,751128,1784734857795008300,OK,
2022\imerg_20220328.nc,imerg_20220328.nc,2022,3,28,2022-03-28,563479,1784734936015116400,OK,
2022\imerg_20220329.nc,imerg_20220329.nc,2022,3,29,2022-03-29,572694,1784734989599805600,OK,
2022\imerg_20220330.nc,imerg_20220330.nc,2022,3,30,2022-03-30,683129,1784735049756016900,OK,
2022\imerg_20220331.nc,imerg_20220331.nc,2022,3,31,2022-03-31,1072577,1784735100521600400,OK,
2022\imerg_20220401.nc,imerg_20220401.nc,2022,4,1,2022-04-01,1284500,1784735172390897400,OK,
2022\imerg_20220402.nc,imerg_20220402.nc,2022,4,2,2022-04-02,665173,1784746630015675700,OK,
2022\imerg_20220403.nc,imerg_20220403.nc,2022,4,3,2022-04-03,743473,1784746730128489200,OK,
2022\imerg_20220404.nc,imerg_20220404.nc,2022,4,4,2022-04-04,945553,1784746834428839200,OK,
2022\imerg_20220405.nc,imerg_20220405.nc,2022,4,5,2022-04-05,776217,1784746963098814500,OK,
2022\imerg_20220406.nc,imerg_20220406.nc,2022,4,6,2022-04-06,646801,1784747077774225100,OK,
2022\imerg_20220407.nc,imerg_20220407.nc,2022,4,7,2022-04-07,530740,1784747225464240000,OK,
2022\imerg_20220408.nc,imerg_20220408.nc,2022,4,8,2022-04-08,709640,1784747352014678400,OK,
2022\imerg_20220409.nc,imerg_20220409.nc,2022,4,9,2022-04-09,587543,1784747888006544300,OK,
2022\imerg_20220410.nc,imerg_20220410.nc,2022,4,10,2022-04-10,514820,1784747954480687800,OK,
2022\imerg_20220411.nc,imerg_20220411.nc,2022,4,11,2022-04-11,764199,1784748022587670600,OK,
2022\imerg_20220412.nc,imerg_20220412.nc,2022,4,12,2022-04-12,525730,1784748079575696900,OK,
2022\imerg_20220413.nc,imerg_20220413.nc,2022,4,13,2022-04-13,557315,1784748288213701600,OK,
2022\imerg_20220414.nc,imerg_20220414.nc,2022,4,14,2022-04-14,927605,1784748377505443100,OK,
2022\imerg_20220415.nc,imerg_20220415.nc,2022,4,15,2022-04-15,914548,1784748469151553500,OK,
2022\imerg_20220416.nc,imerg_20220416.nc,2022,4,16,2022-04-16,863959,1784759852348989300,OK,
2022\imerg_20220417.nc,imerg_20220417.nc,2022,4,17,2022-04-17,1025880,1784759972100032600,OK,
2022\imerg_20220418.nc,imerg_20220418.nc,2022,4,18,2022-04-18,942183,1784760065078012000,OK,
2022\imerg_20220419.nc,imerg_20220419.nc,2022,4,19,2022-04-19,939910,1784760152243675600,OK,
2022\imerg_20220420.nc,imerg_20220420.nc,2022,4,20,2022-04-20,765953,1784760243970898800,OK,
2022\imerg_20220421.nc,imerg_20220421.nc,2022,4,21,2022-04-21,651001,1784760334796396200,OK,
2022\imerg_20220422.nc,imerg_20220422.nc,2022,4,22,2022-04-22,538488,1784760428108526900,OK,
2022\imerg_20220423.nc,imerg_20220423.nc,2022,4,23,2022-04-23,604689,1784760534268998800,OK,
2022\imerg_20220424.nc,imerg_20220424.nc,2022,4,24,2022-04-24,640388,1784760632857135600,OK,
2022\imerg_20220425.nc,imerg_20220425.nc,2022,4,25,2022-04-25,559778,1784760729134537400,OK,
2022\imerg_20220426.nc,imerg_20220426.nc,2022,4,26,2022-04-26,514896,1784760879410181400,OK,
2022\imerg_20220427.nc,imerg_20220427.nc,2022,4,27,2022-04-27,584556,1784760994970901000,OK,
2022\imerg_20220428.nc,imerg_20220428.nc,2022,4,28,2022-04-28,473248,1784761088026798600,OK,
2022\imerg_20220429.nc,imerg_20220429.nc,2022,4,29,2022-04-29,706959,1784761188722587300,OK,
2022\imerg_20220430.nc,imerg_20220430.nc,2022,4,30,2022-04-30,1312615,1784761316812496700,OK,
2022\imerg_20220501.nc,imerg_20220501.nc,2022,5,1,2022-05-01,932412,1784761422428466300,OK,
2022\imerg_20220502.nc,imerg_20220502.nc,2022,5,2,2022-05-02,942904,1784761611057211000,OK,
2022\imerg_20220503.nc,imerg_20220503.nc,2022,5,3,2022-05-03,839019,1784761733257056300,OK,
2022\imerg_20220504.nc,imerg_20220504.nc,2022,5,4,2022-05-04,875133,1784761861988297500,OK,
2022\imerg_20220505.nc,imerg_20220505.nc,2022,5,5,2022-05-05,819102,1784761965903718800,OK,
2022\imerg_20220506.nc,imerg_20220506.nc,2022,5,6,2022-05-06,716704,1784762057756666800,OK,
2022\imerg_20220507.nc,imerg_20220507.nc,2022,5,7,2022-05-07,795628,1784762183131340600,OK,
2022\imerg_20220508.nc,imerg_20220508.nc,2022,5,8,2022-05-08,1105334,1784762270391155000,OK,
2022\imerg_20220509.nc,imerg_20220509.nc,2022,5,9,2022-05-09,1106251,1784762345158564500,OK,
2022\imerg_20220510.nc,imerg_20220510.nc,2022,5,10,2022-05-10,1177580,1784765776012663400,OK,
2022\imerg_20220511.nc,imerg_20220511.nc,2022,5,11,2022-05-11,1281018,1784765953237081900,OK,
2022\imerg_20220512.nc,imerg_20220512.nc,2022,5,12,2022-05-12,1074880,1784766131201524600,OK,
2022\imerg_20220513.nc,imerg_20220513.nc,2022,5,13,2022-05-13,1106466,1784766293456380200,OK,
2022\imerg_20220514.nc,imerg_20220514.nc,2022,5,14,2022-05-14,1320911,1784766482269500500,OK,
2022\imerg_20220515.nc,imerg_20220515.nc,2022,5,15,2022-05-15,1107206,1784766626109072000,OK,
2022\imerg_20220516.nc,imerg_20220516.nc,2022,5,16,2022-05-16,1085034,1784766811635359000,OK,
2022\imerg_20220517.nc,imerg_20220517.nc,2022,5,17,2022-05-17,1182816,1784766976255148800,OK,
2022\imerg_20220518.nc,imerg_20220518.nc,2022,5,18,2022-05-18,943021,1784767133561689500,OK,
2022\imerg_20220519.nc,imerg_20220519.nc,2022,5,19,2022-05-19,967913,1784767309413493900,OK,
2022\imerg_20220520.nc,imerg_20220520.nc,2022,5,20,2022-05-20,1164800,1784767476371550200,OK,
2022\imerg_20220521.nc,imerg_20220521.nc,2022,5,21,2022-05-21,1616681,1784767617270833900,OK,
2022\imerg_20220522.nc,imerg_20220522.nc,2022,5,22,2022-05-22,1224260,1784767721194204800,OK,
2022\imerg_20220523.nc,imerg_20220523.nc,2022,5,23,2022-05-23,1072900,1784767818307038100,OK,
2022\imerg_20220524.nc,imerg_20220524.nc,2022,5,24,2022-05-24,945440,1784767925591086000,OK,
2022\imerg_20220525.nc,imerg_20220525.nc,2022,5,25,2022-05-25,844965,1784768029321616100,OK,
2022\imerg_20220526.nc,imerg_20220526.nc,2022,5,26,2022-05-26,1074699,1784768143260585100,OK,
2022\imerg_20220527.nc,imerg_20220527.nc,2022,5,27,2022-05-27,861959,1784768207414299700,OK,
2022\imerg_20220528.nc,imerg_20220528.nc,2022,5,28,2022-05-28,746813,1784768274304632500,OK,
2022\imerg_20220529.nc,imerg_20220529.nc,2022,5,29,2022-05-29,847279,1784768326460945800,OK,
2022\imerg_20220530.nc,imerg_20220530.nc,2022,5,30,2022-05-30,921276,1784768382344323900,OK,
2022\imerg_20220531.nc,imerg_20220531.nc,2022,5,31,2022-05-31,974521,1784768440171017600,OK,
2022\imerg_20220601.nc,imerg_20220601.nc,2022,6,1,2022-06-01,920890,1784768495667553600,OK,
2022\imerg_20220602.nc,imerg_20220602.nc,2022,6,2,2022-06-02,933446,1784768554715580900,OK,
2022\imerg_20220603.nc,imerg_20220603.nc,2022,6,3,2022-06-03,866425,1784768655127050200,OK,
2022\imerg_20220604.nc,imerg_20220604.nc,2022,6,4,2022-06-04,795726,1784768741207704600,OK,
2022\imerg_20220605.nc,imerg_20220605.nc,2022,6,5,2022-06-05,875356,1784768830489814000,OK,
2022\imerg_20220606.nc,imerg_20220606.nc,2022,6,6,2022-06-06,916917,1784768908805660800,OK,
2022\imerg_20220607.nc,imerg_20220607.nc,2022,6,7,2022-06-07,1037309,1784769011816866400,OK,
2022\imerg_20220608.nc,imerg_20220608.nc,2022,6,8,2022-06-08,1299154,1784769094632565300,OK,
2022\imerg_20220609.nc,imerg_20220609.nc,2022,6,9,2022-06-09,1237265,1784769974140365400,OK,
2022\imerg_20220610.nc,imerg_20220610.nc,2022,6,10,2022-06-10,1292551,1784770063841844800,OK,
2022\imerg_20220611.nc,imerg_20220611.nc,2022,6,11,2022-06-11,1156756,1784770162882549800,OK,
2022\imerg_20220612.nc,imerg_20220612.nc,2022,6,12,2022-06-12,1033548,1784770248554265700,OK,
2022\imerg_20220613.nc,imerg_20220613.nc,2022,6,13,2022-06-13,1225738,1784770371651786600,OK,
2022\imerg_20220614.nc,imerg_20220614.nc,2022,6,14,2022-06-14,1226805,1784770473467265300,OK,
2022\imerg_20220615.nc,imerg_20220615.nc,2022,6,15,2022-06-15,1415779,1784770585730812700,OK,
2022\imerg_20220616.nc,imerg_20220616.nc,2022,6,16,2022-06-16,1405162,1784770690097982400,OK,
2022\imerg_20220617.nc,imerg_20220617.nc,2022,6,17,2022-06-17,1235599,1784770788921812200,OK,
2022\imerg_20220618.nc,imerg_20220618.nc,2022,6,18,2022-06-18,946570,1784770876732104000,OK,
2022\imerg_20220619.nc,imerg_20220619.nc,2022,6,19,2022-06-19,821081,1784770958463561000,OK,
2022\imerg_20220620.nc,imerg_20220620.nc,2022,6,20,2022-06-20,686969,1784771049405389300,OK,
2022\imerg_20220621.nc,imerg_20220621.nc,2022,6,21,2022-06-21,752645,1784771152877846300,OK,
2022\imerg_20220622.nc,imerg_20220622.nc,2022,6,22,2022-06-22,984764,1784771234618982000,OK,
2022\imerg_20220623.nc,imerg_20220623.nc,2022,6,23,2022-06-23,1187670,1784771311652931900,OK,
2022\imerg_20220624.nc,imerg_20220624.nc,2022,6,24,2022-06-24,814116,1784771408819085800,OK,
2022\imerg_20220625.nc,imerg_20220625.nc,2022,6,25,2022-06-25,845433,1784771503046477900,OK,
2022\imerg_20220626.nc,imerg_20220626.nc,2022,6,26,2022-06-26,1085659,1784771586145570200,OK,
2022\imerg_20220627.nc,imerg_20220627.nc,2022,6,27,2022-06-27,1136258,1784771643417411800,OK,
2022\imerg_20220628.nc,imerg_20220628.nc,2022,6,28,2022-06-28,1159348,1784771700354901500,OK,
2022\imerg_20220629.nc,imerg_20220629.nc,2022,6,29,2022-06-29,1134039,1784771757148251000,OK,
2022\imerg_20220630.nc,imerg_20220630.nc,2022,6,30,2022-06-30,1241579,1784771822156549600,OK,
2022\imerg_20220701.nc,imerg_20220701.nc,2022,7,1,2022-07-01,1159388,1784771919769793600,OK,
2022\imerg_20220702.nc,imerg_20220702.nc,2022,7,2,2022-07-02,1003479,1784772005108273900,OK,
2022\imerg_20220703.nc,imerg_20220703.nc,2022,7,3,2022-07-03,820489,1784772088009405000,OK,
2022\imerg_20220704.nc,imerg_20220704.nc,2022,7,4,2022-07-04,860753,1784772183691663300,OK,
2022\imerg_20220705.nc,imerg_20220705.nc,2022,7,5,2022-07-05,982660,1784772298297797400,OK,
2022\imerg_20220706.nc,imerg_20220706.nc,2022,7,6,2022-07-06,594231,1784772398410808700,OK,
2022\imerg_20220707.nc,imerg_20220707.nc,2022,7,7,2022-07-07,672961,1784772495054926300,OK,
2022\imerg_20220708.nc,imerg_20220708.nc,2022,7,8,2022-07-08,637062,1784772595875812600,OK,
2022\imerg_20220709.nc,imerg_20220709.nc,2022,7,9,2022-07-09,637072,1784772710195385500,OK,
2022\imerg_20220710.nc,imerg_20220710.nc,2022,7,10,2022-07-10,685804,1784772828556241500,OK,
2022\imerg_20220711.nc,imerg_20220711.nc,2022,7,11,2022-07-11,581513,1784772946084275700,OK,
2022\imerg_20220712.nc,imerg_20220712.nc,2022,7,12,2022-07-12,640760,1784773031786800000,OK,
2022\imerg_20220713.nc,imerg_20220713.nc,2022,7,13,2022-07-13,618786,1784773118232779500,OK,
2022\imerg_20220714.nc,imerg_20220714.nc,2022,7,14,2022-07-14,504433,1784773175517231300,OK,
2022\imerg_20220715.nc,imerg_20220715.nc,2022,7,15,2022-07-15,480486,1784773230233017100,OK,
2022\imerg_20220716.nc,imerg_20220716.nc,2022,7,16,2022-07-16,443037,1784773297357888900,OK,
2022\imerg_20220717.nc,imerg_20220717.nc,2022,7,17,2022-07-17,771329,1784773361522577700,OK,
2022\imerg_20220718.nc,imerg_20220718.nc,2022,7,18,2022-07-18,1053824,1784773443909881400,OK,
2022\imerg_20220719.nc,imerg_20220719.nc,2022,7,19,2022-07-19,1177823,1784773508057121000,OK,
2022\imerg_20220720.nc,imerg_20220720.nc,2022,7,20,2022-07-20,1051725,1784773589503525100,OK,
2022\imerg_20220721.nc,imerg_20220721.nc,2022,7,21,2022-07-21,1019026,1784773663535755000,OK,
2022\imerg_20220722.nc,imerg_20220722.nc,2022,7,22,2022-07-22,838813,1784773743321972600,OK,
2022\imerg_20220723.nc,imerg_20220723.nc,2022,7,23,2022-07-23,733487,1784773810895724400,OK,
2022\imerg_20220724.nc,imerg_20220724.nc,2022,7,24,2022-07-24,605129,1784773921846266800,OK,
2022\imerg_20220725.nc,imerg_20220725.nc,2022,7,25,2022-07-25,523662,1784774040112285400,OK,
2022\imerg_20220726.nc,imerg_20220726.nc,2022,7,26,2022-07-26,612334,1784774154638585500,OK,
2022\imerg_20220727.nc,imerg_20220727.nc,2022,7,27,2022-07-27,803958,1784774302520088900,OK,
2022\imerg_20220728.nc,imerg_20220728.nc,2022,7,28,2022-07-28,622262,1784774426997722100,OK,
2022\imerg_20220729.nc,imerg_20220729.nc,2022,7,29,2022-07-29,741634,1784774534797111600,OK,
2022\imerg_20220730.nc,imerg_20220730.nc,2022,7,30,2022-07-30,884897,1784774651481369500,OK,
2022\imerg_20220731.nc,imerg_20220731.nc,2022,7,31,2022-07-31,874182,1784774816748815800,OK,
2022\imerg_20220801.nc,imerg_20220801.nc,2022,8,1,2022-08-01,947883,1784774950321540300,OK,
2022\imerg_20220802.nc,imerg_20220802.nc,2022,8,2,2022-08-02,776479,1784775082422604900,OK,
2022\imerg_20220803.nc,imerg_20220803.nc,2022,8,3,2022-08-03,714587,1784775207893841300,OK,
2022\imerg_20220804.nc,imerg_20220804.nc,2022,8,4,2022-08-04,1009050,1784775339104724600,OK,
2022\imerg_20220805.nc,imerg_20220805.nc,2022,8,5,2022-08-05,1134690,1784775459588779000,OK,
2022\imerg_20220806.nc,imerg_20220806.nc,2022,8,6,2022-08-06,933766,1784775639891551000,OK,
2022\imerg_20220807.nc,imerg_20220807.nc,2022,8,7,2022-08-07,752518,1784775717415393200,OK,
2022\imerg_20220808.nc,imerg_20220808.nc,2022,8,8,2022-08-08,680510,1784775797992634500,OK,
2022\imerg_20220809.nc,imerg_20220809.nc,2022,8,9,2022-08-09,756506,1784775856411285000,OK,
2022\imerg_20220810.nc,imerg_20220810.nc,2022,8,10,2022-08-10,725571,1784775912930903800,OK,
2022\imerg_20220811.nc,imerg_20220811.nc,2022,8,11,2022-08-11,783646,1784775967520295500,OK,
2022\imerg_20220812.nc,imerg_20220812.nc,2022,8,12,2022-08-12,832315,1784776025631585000,OK,
2022\imerg_20220813.nc,imerg_20220813.nc,2022,8,13,2022-08-13,644417,1784776085577257500,OK,
2022\imerg_20220814.nc,imerg_20220814.nc,2022,8,14,2022-08-14,528458,1784776140824689400,OK,
2022\imerg_20220815.nc,imerg_20220815.nc,2022,8,15,2022-08-15,569314,1784776198088562200,OK,
2022\imerg_20220816.nc,imerg_20220816.nc,2022,8,16,2022-08-16,579887,1784776255086855900,OK,
2022\imerg_20220817.nc,imerg_20220817.nc,2022,8,17,2022-08-17,630548,1784776308485922700,OK,
2022\imerg_20220818.nc,imerg_20220818.nc,2022,8,18,2022-08-18,599277,1784776364517937500,OK,
2022\imerg_20220819.nc,imerg_20220819.nc,2022,8,19,2022-08-19,609534,1784776862131685300,OK,
2022\imerg_20220820.nc,imerg_20220820.nc,2022,8,20,2022-08-20,727762,1784777301420859600,OK,
2022\imerg_20220821.nc,imerg_20220821.nc,2022,8,21,2022-08-21,672036,1784777763484104500,OK,
2022\imerg_20220822.nc,imerg_20220822.nc,2022,8,22,2022-08-22,505064,1784778243366479800,OK,
2022\imerg_20220823.nc,imerg_20220823.nc,2022,8,23,2022-08-23,444693,1784778668374056900,OK,
2022\imerg_20220824.nc,imerg_20220824.nc,2022,8,24,2022-08-24,687632,1784779064195327800,OK,
2022\imerg_20220825.nc,imerg_20220825.nc,2022,8,25,2022-08-25,983754,1784779375960588500,OK,
2022\imerg_20220826.nc,imerg_20220826.nc,2022,8,26,2022-08-26,1035058,1784779837694945800,OK,
2022\imerg_20220827.nc,imerg_20220827.nc,2022,8,27,2022-08-27,710628,1784780292044011900,OK,
2022\imerg_20220828.nc,imerg_20220828.nc,2022,8,28,2022-08-28,662673,1784780707620747800,OK,
2022\imerg_20220829.nc,imerg_20220829.nc,2022,8,29,2022-08-29,725812,1784792208079608800,OK,
2022\imerg_20220830.nc,imerg_20220830.nc,2022,8,30,2022-08-30,902098,1784792448060002600,OK,
2022\imerg_20220831.nc,imerg_20220831.nc,2022,8,31,2022-08-31,1102269,1784792650700080200,OK,
2022\imerg_20220901.nc,imerg_20220901.nc,2022,9,1,2022-09-01,875433,1784792845064856500,OK,
2022\imerg_20220902.nc,imerg_20220902.nc,2022,9,2,2022-09-02,779660,1784793054935635100,OK,
2022\imerg_20220903.nc,imerg_20220903.nc,2022,9,3,2022-09-03,973388,1784793244493202200,OK,
2022\imerg_20220904.nc,imerg_20220904.nc,2022,9,4,2022-09-04,875508,1784793433189462500,OK,
2022\imerg_20220905.nc,imerg_20220905.nc,2022,9,5,2022-09-05,734461,1784793563456818200,OK,
2022\imerg_20220906.nc,imerg_20220906.nc,2022,9,6,2022-09-06,656462,1784793721239096200,OK,
2022\imerg_20220907.nc,imerg_20220907.nc,2022,9,7,2022-09-07,890925,1784793847103622800,OK,
2022\imerg_20220908.nc,imerg_20220908.nc,2022,9,8,2022-09-08,1287762,1784793988773907900,OK,
2022\imerg_20220909.nc,imerg_20220909.nc,2022,9,9,2022-09-09,1311638,1784794090912696000,OK,
2022\imerg_20220910.nc,imerg_20220910.nc,2022,9,10,2022-09-10,1148567,1784794176572520600,OK,
2022\imerg_20220911.nc,imerg_20220911.nc,2022,9,11,2022-09-11,1112776,1784794272175756400,OK,
2022\imerg_20220912.nc,imerg_20220912.nc,2022,9,12,2022-09-12,890410,1784794332857330500,OK,
2022\imerg_20220913.nc,imerg_20220913.nc,2022,9,13,2022-09-13,754143,1784794388037515900,OK,
2022\imerg_20220914.nc,imerg_20220914.nc,2022,9,14,2022-09-14,763166,1784794467539819000,OK,
2022\imerg_20220915.nc,imerg_20220915.nc,2022,9,15,2022-09-15,727180,1784794537840690700,OK,
2022\imerg_20220916.nc,imerg_20220916.nc,2022,9,16,2022-09-16,769307,1784794596352596800,OK,
2022\imerg_20220917.nc,imerg_20220917.nc,2022,9,17,2022-09-17,617920,1784797088508988100,OK,
2022\imerg_20220918.nc,imerg_20220918.nc,2022,9,18,2022-09-18,418571,1784797221613970200,OK,
2022\imerg_20220919.nc,imerg_20220919.nc,2022,9,19,2022-09-19,609600,1784797379221251200,OK,
2022\imerg_20220920.nc,imerg_20220920.nc,2022,9,20,2022-09-20,1037422,1784797538005432100,OK,
2022\imerg_20220921.nc,imerg_20220921.nc,2022,9,21,2022-09-21,898710,1784797662786662800,OK,
2022\imerg_20220922.nc,imerg_20220922.nc,2022,9,22,2022-09-22,1101071,1784797809622167000,OK,
2022\imerg_20220923.nc,imerg_20220923.nc,2022,9,23,2022-09-23,1130166,1784797944191370600,OK,
2022\imerg_20220924.nc,imerg_20220924.nc,2022,9,24,2022-09-24,1008395,1784798087803658900,OK,
2022\imerg_20220925.nc,imerg_20220925.nc,2022,9,25,2022-09-25,695748,1784798216554363600,OK,
2022\imerg_20220926.nc,imerg_20220926.nc,2022,9,26,2022-09-26,645619,1784798371298040200,OK,
2022\imerg_20220927.nc,imerg_20220927.nc,2022,9,27,2022-09-27,705501,1784798515212312900,OK,
2022\imerg_20220928.nc,imerg_20220928.nc,2022,9,28,2022-09-28,914650,1784798629432188100,OK,
2022\imerg_20220929.nc,imerg_20220929.nc,2022,9,29,2022-09-29,817670,1784798739381520900,OK,
2022\imerg_20220930.nc,imerg_20220930.nc,2022,9,30,2022-09-30,728833,1784798837373175100,OK,
2022\imerg_20221001.nc,imerg_20221001.nc,2022,10,1,2022-10-01,826326,1784798940206882200,OK,
2022\imerg_20221002.nc,imerg_20221002.nc,2022,10,2,2022-10-02,838904,1784799041179252200,OK,
2022\imerg_20221003.nc,imerg_20221003.nc,2022,10,3,2022-10-03,794551,1784799133048210300,OK,
2022\imerg_20221004.nc,imerg_20221004.nc,2022,10,4,2022-10-04,682339,1784799238301174000,OK,
2022\imerg_20221005.nc,imerg_20221005.nc,2022,10,5,2022-10-05,657228,1784800042881457600,OK,
2022\imerg_20221006.nc,imerg_20221006.nc,2022,10,6,2022-10-06,723782,1784800148480995900,OK,
2022\imerg_20221007.nc,imerg_20221007.nc,2022,10,7,2022-10-07,708453,1784800231036192500,OK,
2022\imerg_20221008.nc,imerg_20221008.nc,2022,10,8,2022-10-08,844747,1784800312620130200,OK,
2022\imerg_20221009.nc,imerg_20221009.nc,2022,10,9,2022-10-09,1033589,1784800393786244600,OK,
2022\imerg_20221010.nc,imerg_20221010.nc,2022,10,10,2022-10-10,759522,1784800445522991700,OK,
2022\imerg_20221011.nc,imerg_20221011.nc,2022,10,11,2022-10-11,575212,1784800499643832300,OK,
2022\imerg_20221012.nc,imerg_20221012.nc,2022,10,12,2022-10-12,442732,1784800557489678400,OK,
2022\imerg_20221013.nc,imerg_20221013.nc,2022,10,13,2022-10-13,381907,1784800611383617500,OK,
2022\imerg_20221014.nc,imerg_20221014.nc,2022,10,14,2022-10-14,415052,1784800667754225000,OK,
2022\imerg_20221015.nc,imerg_20221015.nc,2022,10,15,2022-10-15,376665,1784800728465482700,OK,
2022\imerg_20221016.nc,imerg_20221016.nc,2022,10,16,2022-10-16,394801,1784800786195285600,OK,
2022\imerg_20221017.nc,imerg_20221017.nc,2022,10,17,2022-10-17,426663,1784800856732107400,OK,
2022\imerg_20221018.nc,imerg_20221018.nc,2022,10,18,2022-10-18,478905,1784800919415923800,OK,
2022\imerg_20221019.nc,imerg_20221019.nc,2022,10,19,2022-10-19,654532,1784800975407084300,OK,
2022\imerg_20221020.nc,imerg_20221020.nc,2022,10,20,2022-10-20,581349,1784801067940279100,OK,
2022\imerg_20221021.nc,imerg_20221021.nc,2022,10,21,2022-10-21,297520,1784801146511671900,OK,
2022\imerg_20221022.nc,imerg_20221022.nc,2022,10,22,2022-10-22,360313,1784801200039965400,OK,
2022\imerg_20221023.nc,imerg_20221023.nc,2022,10,23,2022-10-23,631886,1784801280761285800,OK,
2022\imerg_20221024.nc,imerg_20221024.nc,2022,10,24,2022-10-24,923279,1784801353718366000,OK,
2022\imerg_20221025.nc,imerg_20221025.nc,2022,10,25,2022-10-25,691805,1784801412114050300,OK,
2022\imerg_20221026.nc,imerg_20221026.nc,2022,10,26,2022-10-26,498417,1784801462232894800,OK,
2022\imerg_20221027.nc,imerg_20221027.nc,2022,10,27,2022-10-27,447282,1784801515020379000,OK,
2022\imerg_20221028.nc,imerg_20221028.nc,2022,10,28,2022-10-28,383347,1784801570575143300,OK,
2022\imerg_20221029.nc,imerg_20221029.nc,2022,10,29,2022-10-29,388462,1784801639149654900,OK,
2022\imerg_20221030.nc,imerg_20221030.nc,2022,10,30,2022-10-30,328291,1784801729678497100,OK,
2022\imerg_20221031.nc,imerg_20221031.nc,2022,10,31,2022-10-31,284242,1784801844757052900,OK,
2022\imerg_20221101.nc,imerg_20221101.nc,2022,11,1,2022-11-01,245082,1784801944542916700,OK,
2022\imerg_20221102.nc,imerg_20221102.nc,2022,11,2,2022-11-02,262017,1784802045736109700,OK,
2022\imerg_20221103.nc,imerg_20221103.nc,2022,11,3,2022-11-03,393431,1784802143192627800,OK,
2022\imerg_20221104.nc,imerg_20221104.nc,2022,11,4,2022-11-04,501649,1784802238159609700,OK,
2022\imerg_20221105.nc,imerg_20221105.nc,2022,11,5,2022-11-05,341321,1784802335974338900,OK,
2022\imerg_20221106.nc,imerg_20221106.nc,2022,11,6,2022-11-06,253719,1784802421524124800,OK,
2022\imerg_20221107.nc,imerg_20221107.nc,2022,11,7,2022-11-07,334774,1784802504374216400,OK,
2022\imerg_20221108.nc,imerg_20221108.nc,2022,11,8,2022-11-08,282580,1784802585462733200,OK,
2022\imerg_20221109.nc,imerg_20221109.nc,2022,11,9,2022-11-09,246502,1784802641461509100,OK,
2022\imerg_20221110.nc,imerg_20221110.nc,2022,11,10,2022-11-10,237645,1784802697356362900,OK,
2022\imerg_20221111.nc,imerg_20221111.nc,2022,11,11,2022-11-11,250363,1784802745468133100,OK,
2022\imerg_20221112.nc,imerg_20221112.nc,2022,11,12,2022-11-12,270839,1784802796175005000,OK,
2022\imerg_20221113.nc,imerg_20221113.nc,2022,11,13,2022-11-13,283043,1784802844731183700,OK,
2022\imerg_20221114.nc,imerg_20221114.nc,2022,11,14,2022-11-14,305061,1784802894022229700,OK,
2022\imerg_20221115.nc,imerg_20221115.nc,2022,11,15,2022-11-15,354115,1784802943364202500,OK,
2022\imerg_20221116.nc,imerg_20221116.nc,2022,11,16,2022-11-16,335619,1784803009109432000,OK,
2022\imerg_20221117.nc,imerg_20221117.nc,2022,11,17,2022-11-17,406368,1784803058153904800,OK,
2022\imerg_20221118.nc,imerg_20221118.nc,2022,11,18,2022-11-18,430357,1784803106121333300,OK,
2022\imerg_20221119.nc,imerg_20221119.nc,2022,11,19,2022-11-19,321039,1784803156575259700,OK,
2022\imerg_20221120.nc,imerg_20221120.nc,2022,11,20,2022-11-20,295884,1784803202128332600,OK,
2022\imerg_20221121.nc,imerg_20221121.nc,2022,11,21,2022-11-21,348337,1784803255091345500,OK,
2022\imerg_20221122.nc,imerg_20221122.nc,2022,11,22,2022-11-22,334108,1784803301371018100,OK,
2022\imerg_20221123.nc,imerg_20221123.nc,2022,11,23,2022-11-23,384073,1784803349378325800,OK,
2022\imerg_20221124.nc,imerg_20221124.nc,2022,11,24,2022-11-24,564704,1784803397762739900,OK,
2022\imerg_20221125.nc,imerg_20221125.nc,2022,11,25,2022-11-25,391022,1784803446238405400,OK,
2022\imerg_20221126.nc,imerg_20221126.nc,2022,11,26,2022-11-26,348162,1784803493238946400,OK,
2022\imerg_20221127.nc,imerg_20221127.nc,2022,11,27,2022-11-27,243343,1784803540410767300,OK,
2022\imerg_20221128.nc,imerg_20221128.nc,2022,11,28,2022-11-28,272050,1784803589280770700,OK,
2022\imerg_20221129.nc,imerg_20221129.nc,2022,11,29,2022-11-29,270155,1784803647617309600,OK,
2022\imerg_20221130.nc,imerg_20221130.nc,2022,11,30,2022-11-30,303025,1784803714939803900,OK,
2022\imerg_20221201.nc,imerg_20221201.nc,2022,12,1,2022-12-01,497532,1784803768215406400,OK,
2022\imerg_20221202.nc,imerg_20221202.nc,2022,12,2,2022-12-02,420352,1784803824927207000,OK,
2022\imerg_20221203.nc,imerg_20221203.nc,2022,12,3,2022-12-03,271706,1784803885754914800,OK,
2022\imerg_20221204.nc,imerg_20221204.nc,2022,12,4,2022-12-04,287291,1784803975798150700,OK,
2022\imerg_20221205.nc,imerg_20221205.nc,2022,12,5,2022-12-05,246067,1784804065680551200,OK,
2022\imerg_20221206.nc,imerg_20221206.nc,2022,12,6,2022-12-06,269145,1784804151452037600,OK,
2022\imerg_20221207.nc,imerg_20221207.nc,2022,12,7,2022-12-07,270935,1784804221873158600,OK,
2022\imerg_20221208.nc,imerg_20221208.nc,2022,12,8,2022-12-08,217726,1784804297670449300,OK,
2022\imerg_20221209.nc,imerg_20221209.nc,2022,12,9,2022-12-09,213371,1784804398921359900,OK,
2022\imerg_20221210.nc,imerg_20221210.nc,2022,12,10,2022-12-10,236835,1784804516807137400,OK,
2022\imerg_20221211.nc,imerg_20221211.nc,2022,12,11,2022-12-11,237727,1784804601314131200,OK,
2022\imerg_20221212.nc,imerg_20221212.nc,2022,12,12,2022-12-12,224018,1784804724019960300,OK,
2022\imerg_20221213.nc,imerg_20221213.nc,2022,12,13,2022-12-13,226415,1784804812638149000,OK,
2022\imerg_20221214.nc,imerg_20221214.nc,2022,12,14,2022-12-14,234110,1784804908689203300,OK,
2022\imerg_20221215.nc,imerg_20221215.nc,2022,12,15,2022-12-15,250415,1784804975864410500,OK,
2022\imerg_20221216.nc,imerg_20221216.nc,2022,12,16,2022-12-16,316580,1784805038138060400,OK,
2022\imerg_20221217.nc,imerg_20221217.nc,2022,12,17,2022-12-17,323266,1784805099029669600,OK,
2022\imerg_20221218.nc,imerg_20221218.nc,2022,12,18,2022-12-18,300106,1784805159962979100,OK,
2022\imerg_20221219.nc,imerg_20221219.nc,2022,12,19,2022-12-19,327710,1784805215138585700,OK,
2022\imerg_20221220.nc,imerg_20221220.nc,2022,12,20,2022-12-20,313213,1784805279191726600,OK,
2022\imerg_20221221.nc,imerg_20221221.nc,2022,12,21,2022-12-21,269676,1784805331772710300,OK,
2022\imerg_20221222.nc,imerg_20221222.nc,2022,12,22,2022-12-22,306236,1784805392885797100,OK,
2022\imerg_20221223.nc,imerg_20221223.nc,2022,12,23,2022-12-23,276577,1784805453391391000,OK,
2022\imerg_20221224.nc,imerg_20221224.nc,2022,12,24,2022-12-24,278232,1784805510531304800,OK,
2022\imerg_20221225.nc,imerg_20221225.nc,2022,12,25,2022-12-25,337990,1784805573308777200,OK,
2022\imerg_20221226.nc,imerg_20221226.nc,2022,12,26,2022-12-26,433334,1784805706447666700,OK,
2022\imerg_20221227.nc,imerg_20221227.nc,2022,12,27,2022-12-27,696470,1784805772089013200,OK,
2022\imerg_20221228.nc,imerg_20221228.nc,2022,12,28,2022-12-28,537924,1784805839035669500,OK,
2022\imerg_20221229.nc,imerg_20221229.nc,2022,12,29,2022-12-29,447100,1784805888112338800,OK,
2022\imerg_20221230.nc,imerg_20221230.nc,2022,12,30,2022-12-30,404817,1784805935301780400,OK,
2022\imerg_20221231.nc,imerg_20221231.nc,2022,12,31,2022-12-31,439891,1784805982826439500,OK,
2023\imerg_20230101.nc,imerg_20230101.nc,2023,1,1,2023-01-01,377596,1784806030775713200,OK,
2023\imerg_20230102.nc,imerg_20230102.nc,2023,1,2,2023-01-02,381652,1784806077450638200,OK,
2023\imerg_20230103.nc,imerg_20230103.nc,2023,1,3,2023-01-03,345831,1784806129471424000,OK,
2023\imerg_20230104.nc,imerg_20230104.nc,2023,1,4,2023-01-04,298920,1784806199006699800,OK,
2023\imerg_20230105.nc,imerg_20230105.nc,2023,1,5,2023-01-05,304121,1784806250493204700,OK,
2023\imerg_20230106.nc,imerg_20230106.nc,2023,1,6,2023-01-06,290080,1784806304888595500,OK,
2023\imerg_20230107.nc,imerg_20230107.nc,2023,1,7,2023-01-07,278838,1784806356746505200,OK,
2023\imerg_20230108.nc,imerg_20230108.nc,2023,1,8,2023-01-08,277234,1784806435427433800,OK,
2023\imerg_20230109.nc,imerg_20230109.nc,2023,1,9,2023-01-09,294549,1784806515956415500,OK,
2023\imerg_20230110.nc,imerg_20230110.nc,2023,1,10,2023-01-10,343057,1784806589035909800,OK,
2023\imerg_20230111.nc,imerg_20230111.nc,2023,1,11,2023-01-11,362701,1784806692941926500,OK,
2023\imerg_20230112.nc,imerg_20230112.nc,2023,1,12,2023-01-12,306732,1784806770507675100,OK,
2023\imerg_20230113.nc,imerg_20230113.nc,2023,1,13,2023-01-13,283198,1784806860029352800,OK,
2023\imerg_20230114.nc,imerg_20230114.nc,2023,1,14,2023-01-14,268900,1784806930849567300,OK,
2023\imerg_20230115.nc,imerg_20230115.nc,2023,1,15,2023-01-15,280675,1784807014682505000,OK,
2023\imerg_20230116.nc,imerg_20230116.nc,2023,1,16,2023-01-16,295392,1784807103486343500,OK,
2023\imerg_20230117.nc,imerg_20230117.nc,2023,1,17,2023-01-17,316046,1784807183025227600,OK,
2023\imerg_20230118.nc,imerg_20230118.nc,2023,1,18,2023-01-18,326750,1784807236932030300,OK,
2023\imerg_20230119.nc,imerg_20230119.nc,2023,1,19,2023-01-19,295972,1784807288278842200,OK,
2023\imerg_20230120.nc,imerg_20230120.nc,2023,1,20,2023-01-20,282088,1784807340283468300,OK,
2023\imerg_20230121.nc,imerg_20230121.nc,2023,1,21,2023-01-21,265946,1784807390468482800,OK,
2023\imerg_20230122.nc,imerg_20230122.nc,2023,1,22,2023-01-22,251782,1784807443532656000,OK,
2023\imerg_20230123.nc,imerg_20230123.nc,2023,1,23,2023-01-23,269332,1784807493266745100,OK,
2023\imerg_20230124.nc,imerg_20230124.nc,2023,1,24,2023-01-24,353294,1784807542576270200,OK,
2023\imerg_20230125.nc,imerg_20230125.nc,2023,1,25,2023-01-25,221769,1784807599440901400,OK,
2023\imerg_20230126.nc,imerg_20230126.nc,2023,1,26,2023-01-26,276722,1784807650151990400,OK,
2023\imerg_20230127.nc,imerg_20230127.nc,2023,1,27,2023-01-27,300551,1784807696954127800,OK,
2023\imerg_20230128.nc,imerg_20230128.nc,2023,1,28,2023-01-28,271638,1784807746962398000,OK,
2023\imerg_20230129.nc,imerg_20230129.nc,2023,1,29,2023-01-29,225495,1784807795343653000,OK,
2023\imerg_20230130.nc,imerg_20230130.nc,2023,1,30,2023-01-30,236415,1784807844889825900,OK,
2023\imerg_20230131.nc,imerg_20230131.nc,2023,1,31,2023-01-31,226688,1784807895378101100,OK,
2023\imerg_20230201.nc,imerg_20230201.nc,2023,2,1,2023-02-01,443520,1784807944037058400,OK,
2023\imerg_20230202.nc,imerg_20230202.nc,2023,2,2,2023-02-02,508662,1784807992716905200,OK,
2023\imerg_20230203.nc,imerg_20230203.nc,2023,2,3,2023-02-03,506788,1784808044726164100,OK,
2023\imerg_20230204.nc,imerg_20230204.nc,2023,2,4,2023-02-04,430058,1784808092875165300,OK,
2023\imerg_20230205.nc,imerg_20230205.nc,2023,2,5,2023-02-05,389063,1784808153584943100,OK,
2023\imerg_20230206.nc,imerg_20230206.nc,2023,2,6,2023-02-06,317913,1784808201912059600,OK,
2023\imerg_20230207.nc,imerg_20230207.nc,2023,2,7,2023-02-07,419057,1784808253921960400,OK,
2023\imerg_20230208.nc,imerg_20230208.nc,2023,2,8,2023-02-08,386108,1784808307418108900,OK,
2023\imerg_20230209.nc,imerg_20230209.nc,2023,2,9,2023-02-09,366723,1784808732454337300,OK,
2023\imerg_20230210.nc,imerg_20230210.nc,2023,2,10,2023-02-10,329601,1784808780712048900,OK,
2023\imerg_20230211.nc,imerg_20230211.nc,2023,2,11,2023-02-11,303303,1784808830232654300,OK,
2023\imerg_20230212.nc,imerg_20230212.nc,2023,2,12,2023-02-12,342016,1784808880021623800,OK,
2023\imerg_20230213.nc,imerg_20230213.nc,2023,2,13,2023-02-13,375058,1784808940800899500,OK,
2023\imerg_20230214.nc,imerg_20230214.nc,2023,2,14,2023-02-14,323103,1784808998645691000,OK,
2023\imerg_20230215.nc,imerg_20230215.nc,2023,2,15,2023-02-15,384523,1784809050480459400,OK,
2023\imerg_20230216.nc,imerg_20230216.nc,2023,2,16,2023-02-16,458899,1784809099534755400,OK,
2023\imerg_20230217.nc,imerg_20230217.nc,2023,2,17,2023-02-17,521912,1784809158035776300,OK,
2023\imerg_20230218.nc,imerg_20230218.nc,2023,2,18,2023-02-18,420924,1784809221026531600,OK,
2023\imerg_20230219.nc,imerg_20230219.nc,2023,2,19,2023-02-19,423954,1784809311109085200,OK,
2023\imerg_20230220.nc,imerg_20230220.nc,2023,2,20,2023-02-20,511461,1784809365258418000,OK,
2023\imerg_20230221.nc,imerg_20230221.nc,2023,2,21,2023-02-21,516314,1784809414175366000,OK,
2023\imerg_20230222.nc,imerg_20230222.nc,2023,2,22,2023-02-22,495967,1784809464778493100,OK,
2023\imerg_20230223.nc,imerg_20230223.nc,2023,2,23,2023-02-23,509016,1784809513965090300,OK,
2023\imerg_20230224.nc,imerg_20230224.nc,2023,2,24,2023-02-24,415693,1784809573053942300,OK,
2023\imerg_20230225.nc,imerg_20230225.nc,2023,2,25,2023-02-25,389412,1784809622313417900,OK,
2023\imerg_20230226.nc,imerg_20230226.nc,2023,2,26,2023-02-26,402849,1784809674227251000,OK,
2023\imerg_20230227.nc,imerg_20230227.nc,2023,2,27,2023-02-27,491077,1784809728771569900,OK,
2023\imerg_20230228.nc,imerg_20230228.nc,2023,2,28,2023-02-28,454970,1784809781180693800,OK,
2023\imerg_20230301.nc,imerg_20230301.nc,2023,3,1,2023-03-01,390273,1784809832830901800,OK,
2023\imerg_20230302.nc,imerg_20230302.nc,2023,3,2,2023-03-02,447908,1784809901835346000,OK,
2023\imerg_20230303.nc,imerg_20230303.nc,2023,3,3,2023-03-03,359887,1784809953817019300,OK,
2023\imerg_20230304.nc,imerg_20230304.nc,2023,3,4,2023-03-04,390176,1784810005296133000,OK,
2023\imerg_20230305.nc,imerg_20230305.nc,2023,3,5,2023-03-05,413689,1784810057659811600,OK,
2023\imerg_20230306.nc,imerg_20230306.nc,2023,3,6,2023-03-06,522549,1784810110908437300,OK,
2023\imerg_20230307.nc,imerg_20230307.nc,2023,3,7,2023-03-07,474398,1784810166630667200,OK,
2023\imerg_20230308.nc,imerg_20230308.nc,2023,3,8,2023-03-08,402748,1784810222841921000,OK,
2023\imerg_20230309.nc,imerg_20230309.nc,2023,3,9,2023-03-09,427200,1784810274362164400,OK,
2023\imerg_20230310.nc,imerg_20230310.nc,2023,3,10,2023-03-10,418164,1784810323277677800,OK,
2023\imerg_20230311.nc,imerg_20230311.nc,2023,3,11,2023-03-11,563469,1784810370593784000,OK,
2023\imerg_20230312.nc,imerg_20230312.nc,2023,3,12,2023-03-12,791938,1784810539234251400,OK,
2023\imerg_20230313.nc,imerg_20230313.nc,2023,3,13,2023-03-13,499395,1784810617354228100,OK,
2023\imerg_20230314.nc,imerg_20230314.nc,2023,3,14,2023-03-14,428397,1784810674094782900,OK,
2023\imerg_20230315.nc,imerg_20230315.nc,2023,3,15,2023-03-15,690020,1784810725537704800,OK,
2023\imerg_20230316.nc,imerg_20230316.nc,2023,3,16,2023-03-16,517361,1784810776896988400,OK,
2023\imerg_20230317.nc,imerg_20230317.nc,2023,3,17,2023-03-17,483934,1784810833587930700,OK,
2023\imerg_20230318.nc,imerg_20230318.nc,2023,3,18,2023-03-18,603423,1784810886218923500,OK,
2023\imerg_20230319.nc,imerg_20230319.nc,2023,3,19,2023-03-19,609119,1784810939083995700,OK,
2023\imerg_20230320.nc,imerg_20230320.nc,2023,3,20,2023-03-20,731352,1784810990785678500,OK,
2023\imerg_20230321.nc,imerg_20230321.nc,2023,3,21,2023-03-21,618413,1784811048020190400,OK,
2023\imerg_20230322.nc,imerg_20230322.nc,2023,3,22,2023-03-22,674405,1784811096788569600,OK,
2023\imerg_20230323.nc,imerg_20230323.nc,2023,3,23,2023-03-23,561276,1784811151160473800,OK,
2023\imerg_20230324.nc,imerg_20230324.nc,2023,3,24,2023-03-24,499828,1784811204411554100,OK,
2023\imerg_20230325.nc,imerg_20230325.nc,2023,3,25,2023-03-25,449510,1784811270154104300,OK,
2023\imerg_20230326.nc,imerg_20230326.nc,2023,3,26,2023-03-26,589286,1784811330326826100,OK,
2023\imerg_20230327.nc,imerg_20230327.nc,2023,3,27,2023-03-27,718971,1784811386396844800,OK,
2023\imerg_20230328.nc,imerg_20230328.nc,2023,3,28,2023-03-28,828730,1784811436147556700,OK,
2023\imerg_20230329.nc,imerg_20230329.nc,2023,3,29,2023-03-29,580941,1784811488860894400,OK,
2023\imerg_20230330.nc,imerg_20230330.nc,2023,3,30,2023-03-30,480797,1784811546780867600,OK,
2023\imerg_20230331.nc,imerg_20230331.nc,2023,3,31,2023-03-31,446337,1784811608073474000,OK,
2023\imerg_20230401.nc,imerg_20230401.nc,2023,4,1,2023-04-01,527208,1784811664208400300,OK,
2023\imerg_20230402.nc,imerg_20230402.nc,2023,4,2,2023-04-02,583972,1784811730208926200,OK,
2023\imerg_20230403.nc,imerg_20230403.nc,2023,4,3,2023-04-03,475719,1784811785083182500,OK,
2023\imerg_20230404.nc,imerg_20230404.nc,2023,4,4,2023-04-04,424651,1784811843652604900,OK,
2023\imerg_20230405.nc,imerg_20230405.nc,2023,4,5,2023-04-05,505986,1784811895656330000,OK,
2023\imerg_20230406.nc,imerg_20230406.nc,2023,4,6,2023-04-06,326135,1784811949474161300,OK,
2023\imerg_20230407.nc,imerg_20230407.nc,2023,4,7,2023-04-07,381888,1784812000290492200,OK,
2023\imerg_20230408.nc,imerg_20230408.nc,2023,4,8,2023-04-08,423349,1784812639618053800,OK,
2023\imerg_20230409.nc,imerg_20230409.nc,2023,4,9,2023-04-09,403531,1784812700467194200,OK,
2023\imerg_20230410.nc,imerg_20230410.nc,2023,4,10,2023-04-10,420068,1784812755232981900,OK,
2023\imerg_20230411.nc,imerg_20230411.nc,2023,4,11,2023-04-11,409169,1784812809317298000,OK,
2023\imerg_20230412.nc,imerg_20230412.nc,2023,4,12,2023-04-12,417390,1784812869151610400,OK,
2023\imerg_20230413.nc,imerg_20230413.nc,2023,4,13,2023-04-13,452391,1784812952801079700,OK,
2023\imerg_20230414.nc,imerg_20230414.nc,2023,4,14,2023-04-14,502363,1784813040836504000,OK,
2023\imerg_20230415.nc,imerg_20230415.nc,2023,4,15,2023-04-15,310025,1784813099954877600,OK,
2023\imerg_20230416.nc,imerg_20230416.nc,2023,4,16,2023-04-16,325320,1784813156359156100,OK,
2023\imerg_20230417.nc,imerg_20230417.nc,2023,4,17,2023-04-17,480751,1784813210832679600,OK,
2023\imerg_20230418.nc,imerg_20230418.nc,2023,4,18,2023-04-18,469534,1784813267007741300,OK,
2023\imerg_20230419.nc,imerg_20230419.nc,2023,4,19,2023-04-19,464382,1784813323947458700,OK,
2023\imerg_20230420.nc,imerg_20230420.nc,2023,4,20,2023-04-20,577368,1784813381158917300,OK,
2023\imerg_20230421.nc,imerg_20230421.nc,2023,4,21,2023-04-21,638157,1784813841172852600,OK,
2023\imerg_20230422.nc,imerg_20230422.nc,2023,4,22,2023-04-22,586225,1784813901157814200,OK,
2023\imerg_20230423.nc,imerg_20230423.nc,2023,4,23,2023-04-23,549410,1784813961128265600,OK,
2023\imerg_20230424.nc,imerg_20230424.nc,2023,4,24,2023-04-24,497127,1784814015218048600,OK,
2023\imerg_20230425.nc,imerg_20230425.nc,2023,4,25,2023-04-25,505947,1784814073531989900,OK,
2023\imerg_20230426.nc,imerg_20230426.nc,2023,4,26,2023-04-26,542335,1784814126890787600,OK,
2023\imerg_20230427.nc,imerg_20230427.nc,2023,4,27,2023-04-27,512827,1784814180451030600,OK,
2023\imerg_20230428.nc,imerg_20230428.nc,2023,4,28,2023-04-28,865574,1784814235971759900,OK,
2023\imerg_20230429.nc,imerg_20230429.nc,2023,4,29,2023-04-29,766326,1784814297090406100,OK,
2023\imerg_20230430.nc,imerg_20230430.nc,2023,4,30,2023-04-30,706728,1784814742552678100,OK,
2023\imerg_20230501.nc,imerg_20230501.nc,2023,5,1,2023-05-01,729514,1784814796651482600,OK,
2023\imerg_20230502.nc,imerg_20230502.nc,2023,5,2,2023-05-02,766893,1784814855013724400,OK,
2023\imerg_20230503.nc,imerg_20230503.nc,2023,5,3,2023-05-03,501929,1784814917858804200,OK,
2023\imerg_20230504.nc,imerg_20230504.nc,2023,5,4,2023-05-04,500096,1784814981111074000,OK,
2023\imerg_20230505.nc,imerg_20230505.nc,2023,5,5,2023-05-05,598452,1784815046796775100,OK,
2023\imerg_20230506.nc,imerg_20230506.nc,2023,5,6,2023-05-06,491872,1784815103188425100,OK,
2023\imerg_20230507.nc,imerg_20230507.nc,2023,5,7,2023-05-07,557968,1784815157494931500,OK,
2023\imerg_20230508.nc,imerg_20230508.nc,2023,5,8,2023-05-08,636483,1784815219175315200,OK,
2023\imerg_20230509.nc,imerg_20230509.nc,2023,5,9,2023-05-09,545259,1784815285697665700,OK,
2023\imerg_20230510.nc,imerg_20230510.nc,2023,5,10,2023-05-10,732433,1784815341797975900,OK,
2023\imerg_20230511.nc,imerg_20230511.nc,2023,5,11,2023-05-11,744540,1784815471821821100,OK,
2023\imerg_20230512.nc,imerg_20230512.nc,2023,5,12,2023-05-12,1101607,1784815637738824100,OK,
2023\imerg_20230513.nc,imerg_20230513.nc,2023,5,13,2023-05-13,1511026,1784815789299572400,OK,
2023\imerg_20230514.nc,imerg_20230514.nc,2023,5,14,2023-05-14,1353755,1784815922113321400,OK,
2023\imerg_20230515.nc,imerg_20230515.nc,2023,5,15,2023-05-15,998389,1784815980427980000,OK,
2023\imerg_20230516.nc,imerg_20230516.nc,2023,5,16,2023-05-16,519354,1784816034656075800,OK,
2023\imerg_20230517.nc,imerg_20230517.nc,2023,5,17,2023-05-17,527883,1784816089545352600,OK,
2023\imerg_20230518.nc,imerg_20230518.nc,2023,5,18,2023-05-18,655009,1784816144895936200,OK,
2023\imerg_20230519.nc,imerg_20230519.nc,2023,5,19,2023-05-19,613151,1784816198725465900,OK,
2023\imerg_20230520.nc,imerg_20230520.nc,2023,5,20,2023-05-20,464676,1784816607280839600,OK,
2023\imerg_20230521.nc,imerg_20230521.nc,2023,5,21,2023-05-21,481039,1784816668125990600,OK,
2023\imerg_20230522.nc,imerg_20230522.nc,2023,5,22,2023-05-22,511537,1784816726074349800,OK,
2023\imerg_20230523.nc,imerg_20230523.nc,2023,5,23,2023-05-23,437526,1784816785129057500,OK,
2023\imerg_20230524.nc,imerg_20230524.nc,2023,5,24,2023-05-24,596433,1784816851535986500,OK,
2023\imerg_20230525.nc,imerg_20230525.nc,2023,5,25,2023-05-25,562248,1784816906779618300,OK,
2023\imerg_20230526.nc,imerg_20230526.nc,2023,5,26,2023-05-26,480797,1784816967313895100,OK,
2023\imerg_20230527.nc,imerg_20230527.nc,2023,5,27,2023-05-27,417477,1784817016334677500,OK,
2023\imerg_20230528.nc,imerg_20230528.nc,2023,5,28,2023-05-28,342677,1784817069331591800,OK,
2023\imerg_20230529.nc,imerg_20230529.nc,2023,5,29,2023-05-29,325004,1784817130596917900,OK,
2023\imerg_20230530.nc,imerg_20230530.nc,2023,5,30,2023-05-30,363558,1784817253228162700,OK,
2023\imerg_20230531.nc,imerg_20230531.nc,2023,5,31,2023-05-31,482986,1784817305510491700,OK,
2023\imerg_20230601.nc,imerg_20230601.nc,2023,6,1,2023-06-01,500764,1784817369180433700,OK,
2023\imerg_20230602.nc,imerg_20230602.nc,2023,6,2,2023-06-02,695093,1784817443225497200,OK,
2023\imerg_20230603.nc,imerg_20230603.nc,2023,6,3,2023-06-03,647452,1784817500664188400,OK,
2023\imerg_20230604.nc,imerg_20230604.nc,2023,6,4,2023-06-04,579333,1784817554682923200,OK,
2023\imerg_20230605.nc,imerg_20230605.nc,2023,6,5,2023-06-05,723375,1784817618669049200,OK,
2023\imerg_20230606.nc,imerg_20230606.nc,2023,6,6,2023-06-06,742566,1784817671849431100,OK,
2023\imerg_20230607.nc,imerg_20230607.nc,2023,6,7,2023-06-07,798385,1784817730493691300,OK,
2023\imerg_20230608.nc,imerg_20230608.nc,2023,6,8,2023-06-08,1010278,1784817781255071100,OK,
2023\imerg_20230609.nc,imerg_20230609.nc,2023,6,9,2023-06-09,1088176,1784817847666804000,OK,
2023\imerg_20230610.nc,imerg_20230610.nc,2023,6,10,2023-06-10,951631,1784817912541946100,OK,
2023\imerg_20230611.nc,imerg_20230611.nc,2023,6,11,2023-06-11,1163229,1784817970832730000,OK,
2023\imerg_20230612.nc,imerg_20230612.nc,2023,6,12,2023-06-12,1123752,1784818023077409900,OK,
2023\imerg_20230613.nc,imerg_20230613.nc,2023,6,13,2023-06-13,1350307,1784818075687375800,OK,
2023\imerg_20230614.nc,imerg_20230614.nc,2023,6,14,2023-06-14,1356240,1784818126165230600,OK,
2023\imerg_20230615.nc,imerg_20230615.nc,2023,6,15,2023-06-15,984767,1784818177670343200,OK,
2023\imerg_20230616.nc,imerg_20230616.nc,2023,6,16,2023-06-16,820783,1784818230559314200,OK,
2023\imerg_20230617.nc,imerg_20230617.nc,2023,6,17,2023-06-17,715277,1784818295323389600,OK,
2023\imerg_20230618.nc,imerg_20230618.nc,2023,6,18,2023-06-18,836940,1784818349691572100,OK,
2023\imerg_20230619.nc,imerg_20230619.nc,2023,6,19,2023-06-19,1012250,1784818403933044200,OK,
2023\imerg_20230620.nc,imerg_20230620.nc,2023,6,20,2023-06-20,1152445,1784818456679930100,OK,
2023\imerg_20230621.nc,imerg_20230621.nc,2023,6,21,2023-06-21,1289261,1784818523359727500,OK,
2023\imerg_20230622.nc,imerg_20230622.nc,2023,6,22,2023-06-22,1100845,1784818578978997500,OK,
2023\imerg_20230623.nc,imerg_20230623.nc,2023,6,23,2023-06-23,1120819,1784818642278096100,OK,
2023\imerg_20230624.nc,imerg_20230624.nc,2023,6,24,2023-06-24,859162,1784818703410963600,OK,
2023\imerg_20230625.nc,imerg_20230625.nc,2023,6,25,2023-06-25,637031,1784818767334727600,OK,
2023\imerg_20230626.nc,imerg_20230626.nc,2023,6,26,2023-06-26,652523,1784818828730494000,OK,
2023\imerg_20230627.nc,imerg_20230627.nc,2023,6,27,2023-06-27,644259,1784818890995908300,OK,
2023\imerg_20230628.nc,imerg_20230628.nc,2023,6,28,2023-06-28,703208,1784818957537153200,OK,
2023\imerg_20230629.nc,imerg_20230629.nc,2023,6,29,2023-06-29,673717,1784819014591394700,OK,
2023\imerg_20230630.nc,imerg_20230630.nc,2023,6,30,2023-06-30,609678,1784819073402129800,OK,
2023\imerg_20230701.nc,imerg_20230701.nc,2023,7,1,2023-07-01,658781,1784819129229974700,OK,
2023\imerg_20230702.nc,imerg_20230702.nc,2023,7,2,2023-07-02,685205,1784819261340475800,OK,
2023\imerg_20230703.nc,imerg_20230703.nc,2023,7,3,2023-07-03,967709,1784819312909429100,OK,
2023\imerg_20230704.nc,imerg_20230704.nc,2023,7,4,2023-07-04,903236,1784819377118390900,OK,
2023\imerg_20230705.nc,imerg_20230705.nc,2023,7,5,2023-07-05,738565,1784819428544346400,OK,
2023\imerg_20230706.nc,imerg_20230706.nc,2023,7,6,2023-07-06,678061,1784819480167149000,OK,
2023\imerg_20230707.nc,imerg_20230707.nc,2023,7,7,2023-07-07,755605,1784819527234800000,OK,
2023\imerg_20230708.nc,imerg_20230708.nc,2023,7,8,2023-07-08,973820,1784819574260832500,OK,
2023\imerg_20230709.nc,imerg_20230709.nc,2023,7,9,2023-07-09,883909,1784819678606519500,OK,
2023\imerg_20230710.nc,imerg_20230710.nc,2023,7,10,2023-07-10,733337,1784819722939820100,OK,
2023\imerg_20230711.nc,imerg_20230711.nc,2023,7,11,2023-07-11,933567,1784819771724398700,OK,
2023\imerg_20230712.nc,imerg_20230712.nc,2023,7,12,2023-07-12,1071581,1784819823290437600,OK,
2023\imerg_20230713.nc,imerg_20230713.nc,2023,7,13,2023-07-13,1092142,1784819870421312900,OK,
2023\imerg_20230714.nc,imerg_20230714.nc,2023,7,14,2023-07-14,822248,1784819919718582800,OK,
2023\imerg_20230715.nc,imerg_20230715.nc,2023,7,15,2023-07-15,765075,1784819969684759000,OK,
2023\imerg_20230716.nc,imerg_20230716.nc,2023,7,16,2023-07-16,610831,1784820026224870200,OK,
2023\imerg_20230717.nc,imerg_20230717.nc,2023,7,17,2023-07-17,645490,1784820072026392700,OK,
2023\imerg_20230718.nc,imerg_20230718.nc,2023,7,18,2023-07-18,1127775,1784820115274537800,OK,
2023\imerg_20230719.nc,imerg_20230719.nc,2023,7,19,2023-07-19,1139946,1784820163982501600,OK,
2023\imerg_20230720.nc,imerg_20230720.nc,2023,7,20,2023-07-20,1078796,1784820212313808600,OK,
2023\imerg_20230721.nc,imerg_20230721.nc,2023,7,21,2023-07-21,888127,1784820260874868500,OK,
2023\imerg_20230722.nc,imerg_20230722.nc,2023,7,22,2023-07-22,621866,1784820309295682000,OK,
2023\imerg_20230723.nc,imerg_20230723.nc,2023,7,23,2023-07-23,731654,1784820357652969000,OK,
2023\imerg_20230724.nc,imerg_20230724.nc,2023,7,24,2023-07-24,829386,1784820404811717200,OK,
2023\imerg_20230725.nc,imerg_20230725.nc,2023,7,25,2023-07-25,760001,1784820455558906200,OK,
2023\imerg_20230726.nc,imerg_20230726.nc,2023,7,26,2023-07-26,841051,1784820500927960600,OK,
2023\imerg_20230727.nc,imerg_20230727.nc,2023,7,27,2023-07-27,964274,1784820566688082300,OK,
2023\imerg_20230728.nc,imerg_20230728.nc,2023,7,28,2023-07-28,1073695,1784831885222198700,OK,
2023\imerg_20230729.nc,imerg_20230729.nc,2023,7,29,2023-07-29,985044,1784831942430155200,OK,
2023\imerg_20230730.nc,imerg_20230730.nc,2023,7,30,2023-07-30,1001391,1784831987372276500,OK,
2023\imerg_20230731.nc,imerg_20230731.nc,2023,7,31,2023-07-31,1187056,1784832028227433400,OK,
2023\imerg_20230801.nc,imerg_20230801.nc,2023,8,1,2023-08-01,1316281,1784832072405896300,OK,
2023\imerg_20230802.nc,imerg_20230802.nc,2023,8,2,2023-08-02,1368409,1784832120937374100,OK,
2023\imerg_20230803.nc,imerg_20230803.nc,2023,8,3,2023-08-03,1296976,1784832162322700700,OK,
2023\imerg_20230804.nc,imerg_20230804.nc,2023,8,4,2023-08-04,1313570,1784832208715003400,OK,
2023\imerg_20230805.nc,imerg_20230805.nc,2023,8,5,2023-08-05,1400241,1784832249432948100,OK,
2023\imerg_20230806.nc,imerg_20230806.nc,2023,8,6,2023-08-06,1528694,1784832290181478600,OK,
2023\imerg_20230807.nc,imerg_20230807.nc,2023,8,7,2023-08-07,1367896,1784832335015910300,OK,
2023\imerg_20230808.nc,imerg_20230808.nc,2023,8,8,2023-08-08,1011233,1784832376235188000,OK,
2023\imerg_20230809.nc,imerg_20230809.nc,2023,8,9,2023-08-09,871087,1784832420043339500,OK,
2023\imerg_20230810.nc,imerg_20230810.nc,2023,8,10,2023-08-10,824184,1784832463805755800,OK,
2023\imerg_20230811.nc,imerg_20230811.nc,2023,8,11,2023-08-11,1049505,1784832507517213600,OK,
2023\imerg_20230812.nc,imerg_20230812.nc,2023,8,12,2023-08-12,970304,1784832547707044500,OK,
2023\imerg_20230813.nc,imerg_20230813.nc,2023,8,13,2023-08-13,693619,1784832600610436800,OK,
2023\imerg_20230814.nc,imerg_20230814.nc,2023,8,14,2023-08-14,750806,1784832645539543400,OK,
2023\imerg_20230815.nc,imerg_20230815.nc,2023,8,15,2023-08-15,716982,1784832690909197100,OK,
2023\imerg_20230816.nc,imerg_20230816.nc,2023,8,16,2023-08-16,594784,1784832733334169500,OK,
2023\imerg_20230817.nc,imerg_20230817.nc,2023,8,17,2023-08-17,655434,1784832779557740900,OK,
2023\imerg_20230818.nc,imerg_20230818.nc,2023,8,18,2023-08-18,916948,1784832821083697800,OK,
2023\imerg_20230819.nc,imerg_20230819.nc,2023,8,19,2023-08-19,968943,1784832864469059900,OK,
2023\imerg_20230820.nc,imerg_20230820.nc,2023,8,20,2023-08-20,1158191,1784832910897940000,OK,
2023\imerg_20230821.nc,imerg_20230821.nc,2023,8,21,2023-08-21,1161277,1784832960875963900,OK,
2023\imerg_20230822.nc,imerg_20230822.nc,2023,8,22,2023-08-22,1070692,1784833012279156100,OK,
2023\imerg_20230823.nc,imerg_20230823.nc,2023,8,23,2023-08-23,1286510,1784833063170440000,OK,
2023\imerg_20230824.nc,imerg_20230824.nc,2023,8,24,2023-08-24,1442893,1784833116915881000,OK,
2023\imerg_20230825.nc,imerg_20230825.nc,2023,8,25,2023-08-25,1166130,1784833169428201400,OK,
2023\imerg_20230826.nc,imerg_20230826.nc,2023,8,26,2023-08-26,977440,1784833220340320300,OK,
2023\imerg_20230827.nc,imerg_20230827.nc,2023,8,27,2023-08-27,1033107,1784833267349101000,OK,
2023\imerg_20230828.nc,imerg_20230828.nc,2023,8,28,2023-08-28,910151,1784833316230020000,OK,
2023\imerg_20230829.nc,imerg_20230829.nc,2023,8,29,2023-08-29,953132,1784833366557047300,OK,
2023\imerg_20230830.nc,imerg_20230830.nc,2023,8,30,2023-08-30,700908,1784833416325175900,OK,
2023\imerg_20230831.nc,imerg_20230831.nc,2023,8,31,2023-08-31,585304,1784833465690045200,OK,
2023\imerg_20230901.nc,imerg_20230901.nc,2023,9,1,2023-09-01,829852,1784833509340364800,OK,
2023\imerg_20230902.nc,imerg_20230902.nc,2023,9,2,2023-09-02,693994,1784833558256273600,OK,
2023\imerg_20230903.nc,imerg_20230903.nc,2023,9,3,2023-09-03,702537,1784833603890427100,OK,
2023\imerg_20230904.nc,imerg_20230904.nc,2023,9,4,2023-09-04,490784,1784833645568754100,OK,
2023\imerg_20230905.nc,imerg_20230905.nc,2023,9,5,2023-09-05,523799,1784833686635430500,OK,
2023\imerg_20230906.nc,imerg_20230906.nc,2023,9,6,2023-09-06,593629,1784833730564142000,OK,
2023\imerg_20230907.nc,imerg_20230907.nc,2023,9,7,2023-09-07,669081,1784833780284771400,OK,
2023\imerg_20230908.nc,imerg_20230908.nc,2023,9,8,2023-09-08,791467,1784833826304431500,OK,
2023\imerg_20230909.nc,imerg_20230909.nc,2023,9,9,2023-09-09,897426,1784833872735623700,OK,
2023\imerg_20230910.nc,imerg_20230910.nc,2023,9,10,2023-09-10,973446,1784833915815532100,OK,
2023\imerg_20230911.nc,imerg_20230911.nc,2023,9,11,2023-09-11,1061668,1784833959855852100,OK,
2023\imerg_20230912.nc,imerg_20230912.nc,2023,9,12,2023-09-12,1220876,1784834002210295500,OK,
2023\imerg_20230913.nc,imerg_20230913.nc,2023,9,13,2023-09-13,1089752,1784834047978055800,OK,
2023\imerg_20230914.nc,imerg_20230914.nc,2023,9,14,2023-09-14,617256,1784834093516533900,OK,
2023\imerg_20230915.nc,imerg_20230915.nc,2023,9,15,2023-09-15,532763,1784834137814613700,OK,
2023\imerg_20230916.nc,imerg_20230916.nc,2023,9,16,2023-09-16,590684,1784848103718874900,OK,
2023\imerg_20230917.nc,imerg_20230917.nc,2023,9,17,2023-09-17,816678,1784857366768315000,OK,
2023\imerg_20230918.nc,imerg_20230918.nc,2023,9,18,2023-09-18,841353,1784857437312963700,OK,
2023\imerg_20230919.nc,imerg_20230919.nc,2023,9,19,2023-09-19,750896,1784857487224688000,OK,
2023\imerg_20230920.nc,imerg_20230920.nc,2023,9,20,2023-09-20,871103,1784857536603077900,OK,
2023\imerg_20230921.nc,imerg_20230921.nc,2023,9,21,2023-09-21,790672,1784857579930586200,OK,
2023\imerg_20230922.nc,imerg_20230922.nc,2023,9,22,2023-09-22,622668,1784857623976450400,OK,
2023\imerg_20230923.nc,imerg_20230923.nc,2023,9,23,2023-09-23,543698,1784857667105747800,OK,
2023\imerg_20230924.nc,imerg_20230924.nc,2023,9,24,2023-09-24,590969,1784857710051039300,OK,
2023\imerg_20230925.nc,imerg_20230925.nc,2023,9,25,2023-09-25,632931,1784857750464613300,OK,
2023\imerg_20230926.nc,imerg_20230926.nc,2023,9,26,2023-09-26,717566,1784857792161639500,OK,
2023\imerg_20230927.nc,imerg_20230927.nc,2023,9,27,2023-09-27,886247,1784857836643785200,OK,
2023\imerg_20230928.nc,imerg_20230928.nc,2023,9,28,2023-09-28,932645,1784857881089787700,OK,
2023\imerg_20230929.nc,imerg_20230929.nc,2023,9,29,2023-09-29,761012,1784857926017882800,OK,
2023\imerg_20230930.nc,imerg_20230930.nc,2023,9,30,2023-09-30,576492,1784857967640813900,OK,
2023\imerg_20231001.nc,imerg_20231001.nc,2023,10,1,2023-10-01,538640,1784858012121205600,OK,
2023\imerg_20231002.nc,imerg_20231002.nc,2023,10,2,2023-10-02,476679,1784858057450402500,OK,
2023\imerg_20231003.nc,imerg_20231003.nc,2023,10,3,2023-10-03,357937,1784858102492295800,OK,
2023\imerg_20231004.nc,imerg_20231004.nc,2023,10,4,2023-10-04,435420,1784858148273425100,OK,
2023\imerg_20231005.nc,imerg_20231005.nc,2023,10,5,2023-10-05,771964,1784858190306060600,OK,
2023\imerg_20231006.nc,imerg_20231006.nc,2023,10,6,2023-10-06,1163428,1784858235464531300,OK,
2023\imerg_20231007.nc,imerg_20231007.nc,2023,10,7,2023-10-07,1003178,1784858277334435500,OK,
2023\imerg_20231008.nc,imerg_20231008.nc,2023,10,8,2023-10-08,1041473,1784858319051591100,OK,
2023\imerg_20231009.nc,imerg_20231009.nc,2023,10,9,2023-10-09,1122003,1784858360442407700,OK,
2023\imerg_20231010.nc,imerg_20231010.nc,2023,10,10,2023-10-10,767314,1784858401352587300,OK,
2023\imerg_20231011.nc,imerg_20231011.nc,2023,10,11,2023-10-11,782651,1784858443963521300,OK,
2023\imerg_20231012.nc,imerg_20231012.nc,2023,10,12,2023-10-12,1074260,1784858490853940700,OK,
2023\imerg_20231013.nc,imerg_20231013.nc,2023,10,13,2023-10-13,987707,1784858533337783900,OK,
2023\imerg_20231014.nc,imerg_20231014.nc,2023,10,14,2023-10-14,539431,1784858578323255900,OK,
2023\imerg_20231015.nc,imerg_20231015.nc,2023,10,15,2023-10-15,447545,1784858651352991200,OK,
2023\imerg_20231016.nc,imerg_20231016.nc,2023,10,16,2023-10-16,331039,1784858692583214400,OK,
2023\imerg_20231017.nc,imerg_20231017.nc,2023,10,17,2023-10-17,360947,1784858741518480300,OK,
2023\imerg_20231018.nc,imerg_20231018.nc,2023,10,18,2023-10-18,478467,1784858783307995800,OK,
2023\imerg_20231019.nc,imerg_20231019.nc,2023,10,19,2023-10-19,456303,1784858825429250500,OK,
2023\imerg_20231020.nc,imerg_20231020.nc,2023,10,20,2023-10-20,446137,1784858871057497800,OK,
2023\imerg_20231021.nc,imerg_20231021.nc,2023,10,21,2023-10-21,475532,1784858917395987100,OK,
2023\imerg_20231022.nc,imerg_20231022.nc,2023,10,22,2023-10-22,506778,1784859002957063400,OK,
2023\imerg_20231023.nc,imerg_20231023.nc,2023,10,23,2023-10-23,631129,1784859055910251800,OK,
2023\imerg_20231024.nc,imerg_20231024.nc,2023,10,24,2023-10-24,868478,1784859101503777100,OK,
2023\imerg_20231025.nc,imerg_20231025.nc,2023,10,25,2023-10-25,725425,1784859147849855500,OK,
2023\imerg_20231026.nc,imerg_20231026.nc,2023,10,26,2023-10-26,738135,1784859886437877500,OK,
2023\imerg_20231027.nc,imerg_20231027.nc,2023,10,27,2023-10-27,556973,1784859933932464600,OK,
2023\imerg_20231028.nc,imerg_20231028.nc,2023,10,28,2023-10-28,802994,1784859985715492200,OK,
2023\imerg_20231029.nc,imerg_20231029.nc,2023,10,29,2023-10-29,523219,1784860031018791600,OK,
2023\imerg_20231030.nc,imerg_20231030.nc,2023,10,30,2023-10-30,607032,1784860075680436000,OK,
2023\imerg_20231031.nc,imerg_20231031.nc,2023,10,31,2023-10-31,424294,1784860117294873200,OK,
2023\imerg_20231101.nc,imerg_20231101.nc,2023,11,1,2023-11-01,337411,1784860161397954300,OK,
2023\imerg_20231102.nc,imerg_20231102.nc,2023,11,2,2023-11-02,465268,1784860208331650200,OK,
2023\imerg_20231103.nc,imerg_20231103.nc,2023,11,3,2023-11-03,413956,1784860253787815100,OK,
2023\imerg_20231104.nc,imerg_20231104.nc,2023,11,4,2023-11-04,421016,1784860314276305700,OK,
2023\imerg_20231105.nc,imerg_20231105.nc,2023,11,5,2023-11-05,490330,1784860361175476300,OK,
2023\imerg_20231106.nc,imerg_20231106.nc,2023,11,6,2023-11-06,624404,1784860409567248100,OK,
2023\imerg_20231107.nc,imerg_20231107.nc,2023,11,7,2023-11-07,419319,1784860450591109900,OK,
2023\imerg_20231108.nc,imerg_20231108.nc,2023,11,8,2023-11-08,393090,1784860492430000800,OK,
2023\imerg_20231109.nc,imerg_20231109.nc,2023,11,9,2023-11-09,319832,1784860537250922100,OK,
2023\imerg_20231110.nc,imerg_20231110.nc,2023,11,10,2023-11-10,327818,1784860583146032000,OK,
2023\imerg_20231111.nc,imerg_20231111.nc,2023,11,11,2023-11-11,380493,1784860624535186300,OK,
2023\imerg_20231112.nc,imerg_20231112.nc,2023,11,12,2023-11-12,543751,1784860665421333000,OK,
2023\imerg_20231113.nc,imerg_20231113.nc,2023,11,13,2023-11-13,595824,1784861280486486200,OK,
2023\imerg_20231114.nc,imerg_20231114.nc,2023,11,14,2023-11-14,359827,1784861325902981100,OK,
2023\imerg_20231115.nc,imerg_20231115.nc,2023,11,15,2023-11-15,493592,1784861371779916700,OK,
2023\imerg_20231116.nc,imerg_20231116.nc,2023,11,16,2023-11-16,758475,1784861419271560300,OK,
2023\imerg_20231117.nc,imerg_20231117.nc,2023,11,17,2023-11-17,1038339,1784861504157727700,OK,
2023\imerg_20231118.nc,imerg_20231118.nc,2023,11,18,2023-11-18,744818,1784861607133948700,OK,
2023\imerg_20231119.nc,imerg_20231119.nc,2023,11,19,2023-11-19,318737,1784861650209748100,OK,
2023\imerg_20231120.nc,imerg_20231120.nc,2023,11,20,2023-11-20,274598,1784861696579472200,OK,
2023\imerg_20231121.nc,imerg_20231121.nc,2023,11,21,2023-11-21,502643,1784861739130183400,OK,
2023\imerg_20231122.nc,imerg_20231122.nc,2023,11,22,2023-11-22,350128,1784861784447002400,OK,
2023\imerg_20231123.nc,imerg_20231123.nc,2023,11,23,2023-11-23,318102,1784861827117658700,OK,
2023\imerg_20231124.nc,imerg_20231124.nc,2023,11,24,2023-11-24,296835,1784861869109513900,OK,
2023\imerg_20231125.nc,imerg_20231125.nc,2023,11,25,2023-11-25,302351,1784861911077942400,OK,
2023\imerg_20231126.nc,imerg_20231126.nc,2023,11,26,2023-11-26,249073,1784861953530104200,OK,
2023\imerg_20231127.nc,imerg_20231127.nc,2023,11,27,2023-11-27,238222,1784861995490596000,OK,
2023\imerg_20231128.nc,imerg_20231128.nc,2023,11,28,2023-11-28,307207,1784862041803749900,OK,
2023\imerg_20231129.nc,imerg_20231129.nc,2023,11,29,2023-11-29,555528,1784862085089123600,OK,
2023\imerg_20231130.nc,imerg_20231130.nc,2023,11,30,2023-11-30,641659,1784862127298463000,OK,
2023\imerg_20231201.nc,imerg_20231201.nc,2023,12,1,2023-12-01,398176,1784862172292659300,OK,
2023\imerg_20231202.nc,imerg_20231202.nc,2023,12,2,2023-12-02,487239,1784862215197755300,OK,
2023\imerg_20231203.nc,imerg_20231203.nc,2023,12,3,2023-12-03,467633,1784862264605539500,OK,
2023\imerg_20231204.nc,imerg_20231204.nc,2023,12,4,2023-12-04,386209,1784862313371818900,OK,
2023\imerg_20231205.nc,imerg_20231205.nc,2023,12,5,2023-12-05,607755,1784862369697662700,OK,
2023\imerg_20231206.nc,imerg_20231206.nc,2023,12,6,2023-12-06,484590,1784862415082663000,OK,
2023\imerg_20231207.nc,imerg_20231207.nc,2023,12,7,2023-12-07,802151,1784862462412119200,OK,
2023\imerg_20231208.nc,imerg_20231208.nc,2023,12,8,2023-12-08,691687,1784862505060473000,OK,
2023\imerg_20231209.nc,imerg_20231209.nc,2023,12,9,2023-12-09,304709,1784862551912293300,OK,
2023\imerg_20231210.nc,imerg_20231210.nc,2023,12,10,2023-12-10,278424,1784862594925503600,OK,
2023\imerg_20231211.nc,imerg_20231211.nc,2023,12,11,2023-12-11,263495,1784862645707521700,OK,
2023\imerg_20231212.nc,imerg_20231212.nc,2023,12,12,2023-12-12,400382,1784862696485358700,OK,
2023\imerg_20231213.nc,imerg_20231213.nc,2023,12,13,2023-12-13,494292,1784862744210491800,OK,
2023\imerg_20231214.nc,imerg_20231214.nc,2023,12,14,2023-12-14,368924,1784862790351529500,OK,
2023\imerg_20231215.nc,imerg_20231215.nc,2023,12,15,2023-12-15,289797,1784862836483644100,OK,
2023\imerg_20231216.nc,imerg_20231216.nc,2023,12,16,2023-12-16,243948,1784862887126777900,OK,
2023\imerg_20231217.nc,imerg_20231217.nc,2023,12,17,2023-12-17,284123,1784862935432675000,OK,
2023\imerg_20231218.nc,imerg_20231218.nc,2023,12,18,2023-12-18,282585,1784862984047087100,OK,
2023\imerg_20231219.nc,imerg_20231219.nc,2023,12,19,2023-12-19,325110,1784863032137380100,OK,
2023\imerg_20231220.nc,imerg_20231220.nc,2023,12,20,2023-12-20,274453,1784863076014497000,OK,
2023\imerg_20231221.nc,imerg_20231221.nc,2023,12,21,2023-12-21,312217,1784863125442615700,OK,
2023\imerg_20231222.nc,imerg_20231222.nc,2023,12,22,2023-12-22,318193,1784863168546873200,OK,
2023\imerg_20231223.nc,imerg_20231223.nc,2023,12,23,2023-12-23,306749,1784863210677110900,OK,
2023\imerg_20231224.nc,imerg_20231224.nc,2023,12,24,2023-12-24,346050,1784863252076989800,OK,
2023\imerg_20231225.nc,imerg_20231225.nc,2023,12,25,2023-12-25,354030,1784863295382155600,OK,
2023\imerg_20231226.nc,imerg_20231226.nc,2023,12,26,2023-12-26,271459,1784863337301852000,OK,
2023\imerg_20231227.nc,imerg_20231227.nc,2023,12,27,2023-12-27,264537,1784863384138714000,OK,
2023\imerg_20231228.nc,imerg_20231228.nc,2023,12,28,2023-12-28,309193,1784863433747962300,OK,
2023\imerg_20231229.nc,imerg_20231229.nc,2023,12,29,2023-12-29,318497,1784863479105663800,OK,
2023\imerg_20231230.nc,imerg_20231230.nc,2023,12,30,2023-12-30,291870,1784863550268427200,OK,
2023\imerg_20231231.nc,imerg_20231231.nc,2023,12,31,2023-12-31,259743,1784863616705577900,OK,
2024\imerg_20240101.nc,imerg_20240101.nc,2024,1,1,2024-01-01,357618,1787487105048789000,OK,
2024\imerg_20240102.nc,imerg_20240102.nc,2024,1,2,2024-01-02,355883,1787487161724595800,OK,
2024\imerg_20240103.nc,imerg_20240103.nc,2024,1,3,2024-01-03,319025,1787487215059440600,OK,
2024\imerg_20240104.nc,imerg_20240104.nc,2024,1,4,2024-01-04,304639,1787487265820571600,OK,
2024\imerg_20240105.nc,imerg_20240105.nc,2024,1,5,2024-01-05,305533,1787487315519827000,OK,
2024\imerg_20240106.nc,imerg_20240106.nc,2024,1,6,2024-01-06,310265,1787487366363477900,OK,
2024\imerg_20240107.nc,imerg_20240107.nc,2024,1,7,2024-01-07,308777,1787487416362581400,OK,
2024\imerg_20240108.nc,imerg_20240108.nc,2024,1,8,2024-01-08,212080,1787487468500343700,OK,
2024\imerg_20240109.nc,imerg_20240109.nc,2024,1,9,2024-01-09,249799,1787487519700621000,OK,
2024\imerg_20240110.nc,imerg_20240110.nc,2024,1,10,2024-01-10,328689,1787487568155546300,OK,
2024\imerg_20240111.nc,imerg_20240111.nc,2024,1,11,2024-01-11,349800,1787487619432636700,OK,
2024\imerg_20240112.nc,imerg_20240112.nc,2024,1,12,2024-01-12,300464,1787487696934950900,OK,
2024\imerg_20240113.nc,imerg_20240113.nc,2024,1,13,2024-01-13,276878,1787487750560599500,OK,
2024\imerg_20240114.nc,imerg_20240114.nc,2024,1,14,2024-01-14,270924,1787487809896257000,OK,
2024\imerg_20240115.nc,imerg_20240115.nc,2024,1,15,2024-01-15,341578,1787487880699667000,OK,
2024\imerg_20240116.nc,imerg_20240116.nc,2024,1,16,2024-01-16,623751,1787487940640749100,OK,
2024\imerg_20240117.nc,imerg_20240117.nc,2024,1,17,2024-01-17,487436,1787487999324044100,OK,
2024\imerg_20240118.nc,imerg_20240118.nc,2024,1,18,2024-01-18,330366,1787488052622118000,OK,
2024\imerg_20240119.nc,imerg_20240119.nc,2024,1,19,2024-01-19,363461,1787488106007228900,OK,
2024\imerg_20240120.nc,imerg_20240120.nc,2024,1,20,2024-01-20,300318,1787488154122794700,OK,
2024\imerg_20240121.nc,imerg_20240121.nc,2024,1,21,2024-01-21,541345,1787488202381559800,OK,
2024\imerg_20240122.nc,imerg_20240122.nc,2024,1,22,2024-01-22,371809,1787488249848216000,OK,
2024\imerg_20240123.nc,imerg_20240123.nc,2024,1,23,2024-01-23,297998,1787488302395556300,OK,
2024\imerg_20240124.nc,imerg_20240124.nc,2024,1,24,2024-01-24,422609,1787488354785767600,OK,
2024\imerg_20240125.nc,imerg_20240125.nc,2024,1,25,2024-01-25,565747,1787488948021979300,OK,
2024\imerg_20240126.nc,imerg_20240126.nc,2024,1,26,2024-01-26,558805,1787489022663623400,OK,
2024\imerg_20240127.nc,imerg_20240127.nc,2024,1,27,2024-01-27,585202,1787489090992025200,OK,
2024\imerg_20240128.nc,imerg_20240128.nc,2024,1,28,2024-01-28,578483,1787489152120451700,OK,
2024\imerg_20240129.nc,imerg_20240129.nc,2024,1,29,2024-01-29,408810,1787489202516025400,OK,
2024\imerg_20240130.nc,imerg_20240130.nc,2024,1,30,2024-01-30,335741,1787489329133345000,OK,
2024\imerg_20240131.nc,imerg_20240131.nc,2024,1,31,2024-01-31,351110,1787489385884924400,OK,
2024\imerg_20240201.nc,imerg_20240201.nc,2024,2,1,2024-02-01,355905,1787489439345150500,OK,
2024\imerg_20240202.nc,imerg_20240202.nc,2024,2,2,2024-02-02,423180,1787489504656194200,OK,
2024\imerg_20240203.nc,imerg_20240203.nc,2024,2,3,2024-02-03,543791,1787489657744617400,OK,
2024\imerg_20240204.nc,imerg_20240204.nc,2024,2,4,2024-02-04,381649,1787489714468328400,OK,
2024\imerg_20240205.nc,imerg_20240205.nc,2024,2,5,2024-02-05,383796,1787489772061964600,OK,
2024\imerg_20240206.nc,imerg_20240206.nc,2024,2,6,2024-02-06,444021,1787489825038008100,OK,
2024\imerg_20240207.nc,imerg_20240207.nc,2024,2,7,2024-02-07,363392,1787489896861958400,OK,
2024\imerg_20240208.nc,imerg_20240208.nc,2024,2,8,2024-02-08,380559,1787490022562049800,OK,
2024\imerg_20240209.nc,imerg_20240209.nc,2024,2,9,2024-02-09,336450,1787490075304797600,OK,
2024\imerg_20240210.nc,imerg_20240210.nc,2024,2,10,2024-02-10,339457,1787490123818203500,OK,
2024\imerg_20240211.nc,imerg_20240211.nc,2024,2,11,2024-02-11,349300,1787490181061287400,OK,
2024\imerg_20240212.nc,imerg_20240212.nc,2024,2,12,2024-02-12,388313,1787490243598787400,OK,
2024\imerg_20240213.nc,imerg_20240213.nc,2024,2,13,2024-02-13,277365,1787490300275607400,OK,
2024\imerg_20240214.nc,imerg_20240214.nc,2024,2,14,2024-02-14,403763,1787490373072135500,OK,
2024\imerg_20240215.nc,imerg_20240215.nc,2024,2,15,2024-02-15,429649,1787490433103164800,OK,
2024\imerg_20240216.nc,imerg_20240216.nc,2024,2,16,2024-02-16,336478,1787490487065268300,OK,
2024\imerg_20240217.nc,imerg_20240217.nc,2024,2,17,2024-02-17,314592,1787490541101279100,OK,
2024\imerg_20240218.nc,imerg_20240218.nc,2024,2,18,2024-02-18,345697,1787490683445663200,OK,
2024\imerg_20240219.nc,imerg_20240219.nc,2024,2,19,2024-02-19,334285,1787490744149352200,OK,
2024\imerg_20240220.nc,imerg_20240220.nc,2024,2,20,2024-02-20,363209,1787490860124914800,OK,
2024\imerg_20240221.nc,imerg_20240221.nc,2024,2,21,2024-02-21,403676,1787490914265687300,OK,
2024\imerg_20240222.nc,imerg_20240222.nc,2024,2,22,2024-02-22,435389,1787490971487255600,OK,
2024\imerg_20240223.nc,imerg_20240223.nc,2024,2,23,2024-02-23,475701,1787491021999677400,OK,
2024\imerg_20240224.nc,imerg_20240224.nc,2024,2,24,2024-02-24,327737,1787491083790559300,OK,
2024\imerg_20240225.nc,imerg_20240225.nc,2024,2,25,2024-02-25,338411,1787491143405514300,OK,
2024\imerg_20240226.nc,imerg_20240226.nc,2024,2,26,2024-02-26,354536,1787491205354413800,OK,
2024\imerg_20240227.nc,imerg_20240227.nc,2024,2,27,2024-02-27,429685,1787491254598872100,OK,
2024\imerg_20240228.nc,imerg_20240228.nc,2024,2,28,2024-02-28,495979,1787491311365436400,OK,
2024\imerg_20240229.nc,imerg_20240229.nc,2024,2,29,2024-02-29,398899,1787491367570322400,OK,
2024\imerg_20240301.nc,imerg_20240301.nc,2024,3,1,2024-03-01,331778,1787491492937028300,OK,
2024\imerg_20240302.nc,imerg_20240302.nc,2024,3,2,2024-03-02,289951,1787491572168927500,OK,
2024\imerg_20240303.nc,imerg_20240303.nc,2024,3,3,2024-03-03,311183,1787491633072680900,OK,
2024\imerg_20240304.nc,imerg_20240304.nc,2024,3,4,2024-03-04,352905,1787491690741297900,OK,
2024\imerg_20240305.nc,imerg_20240305.nc,2024,3,5,2024-03-05,346344,1787491751944775900,OK,
2024\imerg_20240306.nc,imerg_20240306.nc,2024,3,6,2024-03-06,319097,1787491809337015600,OK,
2024\imerg_20240307.nc,imerg_20240307.nc,2024,3,7,2024-03-07,310078,1787491861000643700,OK,
2024\imerg_20240308.nc,imerg_20240308.nc,2024,3,8,2024-03-08,333560,1787491921706509500,OK,
2024\imerg_20240309.nc,imerg_20240309.nc,2024,3,9,2024-03-09,349063,1787491976893266300,OK,
2024\imerg_20240310.nc,imerg_20240310.nc,2024,3,10,2024-03-10,368743,1787492235558224600,OK,
2024\imerg_20240311.nc,imerg_20240311.nc,2024,3,11,2024-03-11,315910,1787492302242288700,OK,
2024\imerg_20240312.nc,imerg_20240312.nc,2024,3,12,2024-03-12,485690,1787492388489309300,OK,
2024\imerg_20240313.nc,imerg_20240313.nc,2024,3,13,2024-03-13,434576,1787492449460774500,OK,
2024\imerg_20240314.nc,imerg_20240314.nc,2024,3,14,2024-03-14,344022,1787492519057332000,OK,
2024\imerg_20240315.nc,imerg_20240315.nc,2024,3,15,2024-03-15,269459,1787492582262974900,OK,
2024\imerg_20240316.nc,imerg_20240316.nc,2024,3,16,2024-03-16,251412,1787492639995302100,OK,
2024\imerg_20240317.nc,imerg_20240317.nc,2024,3,17,2024-03-17,378321,1787492695938424200,OK,
2024\imerg_20240318.nc,imerg_20240318.nc,2024,3,18,2024-03-18,424059,1787492756183836000,OK,
2024\imerg_20240319.nc,imerg_20240319.nc,2024,3,19,2024-03-19,589732,1787493245630052100,OK,
2024\imerg_20240320.nc,imerg_20240320.nc,2024,3,20,2024-03-20,568160,1787493332642093700,OK,
2024\imerg_20240321.nc,imerg_20240321.nc,2024,3,21,2024-03-21,593281,1787493400105572500,OK,
2024\imerg_20240322.nc,imerg_20240322.nc,2024,3,22,2024-03-22,572638,1787493460611947500,OK,
2024\imerg_20240323.nc,imerg_20240323.nc,2024,3,23,2024-03-23,318385,1787493638076931300,OK,
2024\imerg_20240324.nc,imerg_20240324.nc,2024,3,24,2024-03-24,467542,1787493694234752600,OK,
2024\imerg_20240325.nc,imerg_20240325.nc,2024,3,25,2024-03-25,444484,1787493795198259100,OK,
2024\imerg_20240326.nc,imerg_20240326.nc,2024,3,26,2024-03-26,627005,1787493859768677500,OK,
2024\imerg_20240327.nc,imerg_20240327.nc,2024,3,27,2024-03-27,607483,1787493922915413600,OK,
2024\imerg_20240328.nc,imerg_20240328.nc,2024,3,28,2024-03-28,603731,1787493982529302800,OK,
2024\imerg_20240329.nc,imerg_20240329.nc,2024,3,29,2024-03-29,588972,1787494049715942900,OK,
2024\imerg_20240330.nc,imerg_20240330.nc,2024,3,30,2024-03-30,579495,1787494110537768000,OK,
2024\imerg_20240331.nc,imerg_20240331.nc,2024,3,31,2024-03-31,636849,1787494175196891400,OK,
2024\imerg_20240401.nc,imerg_20240401.nc,2024,4,1,2024-04-01,608228,1787494235699011600,OK,
2024\imerg_20240402.nc,imerg_20240402.nc,2024,4,2,2024-04-02,555923,1787494293523909900,OK,
2024\imerg_20240403.nc,imerg_20240403.nc,2024,4,3,2024-04-03,599453,1787494352510232400,OK,
2024\imerg_20240404.nc,imerg_20240404.nc,2024,4,4,2024-04-04,620570,1787494423320030700,OK,
2024\imerg_20240405.nc,imerg_20240405.nc,2024,4,5,2024-04-05,606390,1787494487274620000,OK,
2024\imerg_20240406.nc,imerg_20240406.nc,2024,4,6,2024-04-06,617887,1787494557686770400,OK,
2024\imerg_20240407.nc,imerg_20240407.nc,2024,4,7,2024-04-07,620993,1787494641381229500,OK,
2024\imerg_20240408.nc,imerg_20240408.nc,2024,4,8,2024-04-08,579315,1787494809276965800,OK,
2024\imerg_20240409.nc,imerg_20240409.nc,2024,4,9,2024-04-09,581256,1787494869619993700,OK,
2024\imerg_20240410.nc,imerg_20240410.nc,2024,4,10,2024-04-10,632583,1787494934403632700,OK,
2024\imerg_20240411.nc,imerg_20240411.nc,2024,4,11,2024-04-11,468233,1787494992512347800,OK,
2024\imerg_20240412.nc,imerg_20240412.nc,2024,4,12,2024-04-12,509118,1787495049213581300,OK,
2024\imerg_20240413.nc,imerg_20240413.nc,2024,4,13,2024-04-13,399460,1787495118931165900,OK,
2024\imerg_20240414.nc,imerg_20240414.nc,2024,4,14,2024-04-14,370892,1787495182484683600,OK,
2024\imerg_20240415.nc,imerg_20240415.nc,2024,4,15,2024-04-15,585503,1787495254699985700,OK,
2024\imerg_20240416.nc,imerg_20240416.nc,2024,4,16,2024-04-16,651293,1787495311484737000,OK,
2024\imerg_20240417.nc,imerg_20240417.nc,2024,4,17,2024-04-17,888321,1787495392004320700,OK,
2024\imerg_20240418.nc,imerg_20240418.nc,2024,4,18,2024-04-18,670265,1787495468412028800,OK,
2024\imerg_20240419.nc,imerg_20240419.nc,2024,4,19,2024-04-19,837231,1787495547907778700,OK,
2024\imerg_20240420.nc,imerg_20240420.nc,2024,4,20,2024-04-20,906438,1787495604661126000,OK,
2024\imerg_20240421.nc,imerg_20240421.nc,2024,4,21,2024-04-21,750491,1787495670132353200,OK,
2024\imerg_20240422.nc,imerg_20240422.nc,2024,4,22,2024-04-22,679763,1787495729632539100,OK,
2024\imerg_20240423.nc,imerg_20240423.nc,2024,4,23,2024-04-23,824972,1787496056111663600,OK,
2024\imerg_20240424.nc,imerg_20240424.nc,2024,4,24,2024-04-24,887296,1787496163419091200,OK,
2024\imerg_20240425.nc,imerg_20240425.nc,2024,4,25,2024-04-25,549924,1787496223419367600,OK,
2024\imerg_20240426.nc,imerg_20240426.nc,2024,4,26,2024-04-26,536414,1787496284376481800,OK,
2024\imerg_20240427.nc,imerg_20240427.nc,2024,4,27,2024-04-27,443000,1787496353111252600,OK,
2024\imerg_20240428.nc,imerg_20240428.nc,2024,4,28,2024-04-28,607351,1787496425564751200,OK,
2024\imerg_20240429.nc,imerg_20240429.nc,2024,4,29,2024-04-29,677495,1787496510143312800,OK,
2024\imerg_20240430.nc,imerg_20240430.nc,2024,4,30,2024-04-30,731737,1787496572100247900,OK,
2024\imerg_20240501.nc,imerg_20240501.nc,2024,5,1,2024-05-01,868414,1787496875005212600,OK,
2024\imerg_20240502.nc,imerg_20240502.nc,2024,5,2,2024-05-02,1082697,1787496936762567600,OK,
2024\imerg_20240503.nc,imerg_20240503.nc,2024,5,3,2024-05-03,749183,1787496999434202400,OK,
2024\imerg_20240504.nc,imerg_20240504.nc,2024,5,4,2024-05-04,564827,1787497059188088600,OK,
2024\imerg_20240505.nc,imerg_20240505.nc,2024,5,5,2024-05-05,1001824,1787497115160585100,OK,
2024\imerg_20240506.nc,imerg_20240506.nc,2024,5,6,2024-05-06,858812,1787497173750599400,OK,
2024\imerg_20240507.nc,imerg_20240507.nc,2024,5,7,2024-05-07,1065088,1787497263138933700,OK,
2024\imerg_20240508.nc,imerg_20240508.nc,2024,5,8,2024-05-08,1205617,1787497333164573500,OK,
2024\imerg_20240509.nc,imerg_20240509.nc,2024,5,9,2024-05-09,1030017,1787497423132996200,OK,
2024\imerg_20240510.nc,imerg_20240510.nc,2024,5,10,2024-05-10,930714,1787497483689563800,OK,
2024\imerg_20240511.nc,imerg_20240511.nc,2024,5,11,2024-05-11,1036660,1787497789934719600,OK,
2024\imerg_20240512.nc,imerg_20240512.nc,2024,5,12,2024-05-12,739988,1787497859197799200,OK,
2024\imerg_20240513.nc,imerg_20240513.nc,2024,5,13,2024-05-13,555089,1787497944512526700,OK,
2024\imerg_20240514.nc,imerg_20240514.nc,2024,5,14,2024-05-14,707924,1787498003275692900,OK,
2024\imerg_20240515.nc,imerg_20240515.nc,2024,5,15,2024-05-15,813868,1787498064791385600,OK,
2024\imerg_20240516.nc,imerg_20240516.nc,2024,5,16,2024-05-16,712469,1787498145125325700,OK,
2024\imerg_20240517.nc,imerg_20240517.nc,2024,5,17,2024-05-17,1029562,1787498544241130600,OK,
2024\imerg_20240518.nc,imerg_20240518.nc,2024,5,18,2024-05-18,996205,1787498858772473700,OK,
2024\imerg_20240519.nc,imerg_20240519.nc,2024,5,19,2024-05-19,919503,1787498918790116300,OK,
2024\imerg_20240520.nc,imerg_20240520.nc,2024,5,20,2024-05-20,917039,1787499006534844000,OK,
2024\imerg_20240521.nc,imerg_20240521.nc,2024,5,21,2024-05-21,847797,1787499081420595100,OK,
2024\imerg_20240522.nc,imerg_20240522.nc,2024,5,22,2024-05-22,700220,1787499146980833800,OK,
2024\imerg_20240523.nc,imerg_20240523.nc,2024,5,23,2024-05-23,603991,1787499232091004700,OK,
2024\imerg_20240524.nc,imerg_20240524.nc,2024,5,24,2024-05-24,845351,1787499310439073000,OK,
2024\imerg_20240525.nc,imerg_20240525.nc,2024,5,25,2024-05-25,1307789,1787499375718273400,OK,
2024\imerg_20240526.nc,imerg_20240526.nc,2024,5,26,2024-05-26,1161492,1787499433300540900,OK,
2024\imerg_20240527.nc,imerg_20240527.nc,2024,5,27,2024-05-27,1378585,1787499754967910300,OK,
2024\imerg_20240528.nc,imerg_20240528.nc,2024,5,28,2024-05-28,1317962,1787499816685002000,OK,
2024\imerg_20240529.nc,imerg_20240529.nc,2024,5,29,2024-05-29,937646,1787499999148002900,OK,
2024\imerg_20240530.nc,imerg_20240530.nc,2024,5,30,2024-05-30,711486,1787500073566320700,OK,
2024\imerg_20240531.nc,imerg_20240531.nc,2024,5,31,2024-05-31,730498,1787500170348446100,OK,
2024\imerg_20240601.nc,imerg_20240601.nc,2024,6,1,2024-06-01,808708,1787500293238872600,OK,
2024\imerg_20240602.nc,imerg_20240602.nc,2024,6,2,2024-06-02,723242,1787500372972509500,OK,
2024\imerg_20240603.nc,imerg_20240603.nc,2024,6,3,2024-06-03,884010,1787500443349494900,OK,
2024\imerg_20240604.nc,imerg_20240604.nc,2024,6,4,2024-06-04,826128,1787500517129589800,OK,
2024\imerg_20240605.nc,imerg_20240605.nc,2024,6,5,2024-06-05,844411,1787500580531301500,OK,
2024\imerg_20240606.nc,imerg_20240606.nc,2024,6,6,2024-06-06,825440,1787500643470776100,OK,
2024\imerg_20240607.nc,imerg_20240607.nc,2024,6,7,2024-06-07,986555,1787500763161429700,OK,
2024\imerg_20240608.nc,imerg_20240608.nc,2024,6,8,2024-06-08,1058873,1787500838840253500,OK,
2024\imerg_20240609.nc,imerg_20240609.nc,2024,6,9,2024-06-09,982499,1787500906605691600,OK,
2024\imerg_20240610.nc,imerg_20240610.nc,2024,6,10,2024-06-10,850563,1787500971116657500,OK,
2024\imerg_20240611.nc,imerg_20240611.nc,2024,6,11,2024-06-11,995767,1787501030774415700,OK,
2024\imerg_20240612.nc,imerg_20240612.nc,2024,6,12,2024-06-12,874222,1787501088711583400,OK,
2024\imerg_20240613.nc,imerg_20240613.nc,2024,6,13,2024-06-13,900087,1787527940276643700,OK,
2024\imerg_20240614.nc,imerg_20240614.nc,2024,6,14,2024-06-14,946379,1787527986045975100,OK,
2024\imerg_20240615.nc,imerg_20240615.nc,2024,6,15,2024-06-15,869632,1787528029814666300,OK,
2024\imerg_20240616.nc,imerg_20240616.nc,2024,6,16,2024-06-16,935821,1787528073715510600,OK,
2024\imerg_20240617.nc,imerg_20240617.nc,2024,6,17,2024-06-17,974210,1787528118127952200,OK,
2024\imerg_20240618.nc,imerg_20240618.nc,2024,6,18,2024-06-18,1042998,1787528162390607900,OK,
2024\imerg_20240619.nc,imerg_20240619.nc,2024,6,19,2024-06-19,903571,1787528206135783300,OK,
2024\imerg_20240620.nc,imerg_20240620.nc,2024,6,20,2024-06-20,719770,1787528250350941200,OK,
2024\imerg_20240621.nc,imerg_20240621.nc,2024,6,21,2024-06-21,806606,1787528295864090400,OK,
2024\imerg_20240622.nc,imerg_20240622.nc,2024,6,22,2024-06-22,895332,1787528341107567500,OK,
2024\imerg_20240623.nc,imerg_20240623.nc,2024,6,23,2024-06-23,1200050,1787528384944378700,OK,
2024\imerg_20240624.nc,imerg_20240624.nc,2024,6,24,2024-06-24,1367178,1787528429681258000,OK,
2024\imerg_20240625.nc,imerg_20240625.nc,2024,6,25,2024-06-25,1375708,1787528474427786200,OK,
2024\imerg_20240626.nc,imerg_20240626.nc,2024,6,26,2024-06-26,1437864,1787528518497927300,OK,
2024\imerg_20240627.nc,imerg_20240627.nc,2024,6,27,2024-06-27,1203311,1787528565892380700,OK,
2024\imerg_20240628.nc,imerg_20240628.nc,2024,6,28,2024-06-28,1263800,1787528614863453700,OK,
2024\imerg_20240629.nc,imerg_20240629.nc,2024,6,29,2024-06-29,1137198,1787528667057389500,OK,
2024\imerg_20240630.nc,imerg_20240630.nc,2024,6,30,2024-06-30,1257145,1787528720030698200,OK,
2024\imerg_20240701.nc,imerg_20240701.nc,2024,7,1,2024-07-01,1129135,1787528779272574000,OK,
2024\imerg_20240702.nc,imerg_20240702.nc,2024,7,2,2024-07-02,1068992,1787528831859678200,OK,
2024\imerg_20240703.nc,imerg_20240703.nc,2024,7,3,2024-07-03,1133971,1787528888034109800,OK,
2024\imerg_20240704.nc,imerg_20240704.nc,2024,7,4,2024-07-04,1150446,1787528951690697400,OK,
2024\imerg_20240705.nc,imerg_20240705.nc,2024,7,5,2024-07-05,937666,1787529012522819100,OK,
2024\imerg_20240706.nc,imerg_20240706.nc,2024,7,6,2024-07-06,750881,1787529069218816500,OK,
2024\imerg_20240707.nc,imerg_20240707.nc,2024,7,7,2024-07-07,758887,1787529125604477400,OK,
2024\imerg_20240708.nc,imerg_20240708.nc,2024,7,8,2024-07-08,924183,1787529183905800800,OK,
2024\imerg_20240709.nc,imerg_20240709.nc,2024,7,9,2024-07-09,1135786,1787529240452021000,OK,
2024\imerg_20240710.nc,imerg_20240710.nc,2024,7,10,2024-07-10,1288331,1787529296011651600,OK,
2024\imerg_20240711.nc,imerg_20240711.nc,2024,7,11,2024-07-11,1071512,1787529351382690100,OK,
2024\imerg_20240712.nc,imerg_20240712.nc,2024,7,12,2024-07-12,856410,1787529406662725300,OK,
2024\imerg_20240713.nc,imerg_20240713.nc,2024,7,13,2024-07-13,1114382,1787529460307038600,OK,
2024\imerg_20240714.nc,imerg_20240714.nc,2024,7,14,2024-07-14,1105800,1787529519624777600,OK,
2024\imerg_20240715.nc,imerg_20240715.nc,2024,7,15,2024-07-15,926453,1787529572846084700,OK,
2024\imerg_20240716.nc,imerg_20240716.nc,2024,7,16,2024-07-16,905073,1787529630044788100,OK,
2024\imerg_20240717.nc,imerg_20240717.nc,2024,7,17,2024-07-17,989259,1787529688364510100,OK,
2024\imerg_20240718.nc,imerg_20240718.nc,2024,7,18,2024-07-18,862863,1787529743777906500,OK,
2024\imerg_20240719.nc,imerg_20240719.nc,2024,7,19,2024-07-19,984217,1787529800189009900,OK,
2024\imerg_20240720.nc,imerg_20240720.nc,2024,7,20,2024-07-20,1176622,1787529859095593800,OK,
2024\imerg_20240721.nc,imerg_20240721.nc,2024,7,21,2024-07-21,1160808,1787529916146473800,OK,
2024\imerg_20240722.nc,imerg_20240722.nc,2024,7,22,2024-07-22,925042,1787529972735998800,OK,
2024\imerg_20240723.nc,imerg_20240723.nc,2024,7,23,2024-07-23,879133,1787530031049994500,OK,
2024\imerg_20240724.nc,imerg_20240724.nc,2024,7,24,2024-07-24,942249,1787530087929394300,OK,
2024\imerg_20240725.nc,imerg_20240725.nc,2024,7,25,2024-07-25,735951,1787530145159296300,OK,
2024\imerg_20240726.nc,imerg_20240726.nc,2024,7,26,2024-07-26,676470,1787530203009528500,OK,
2024\imerg_20240727.nc,imerg_20240727.nc,2024,7,27,2024-07-27,1009955,1787530261129358300,OK,
2024\imerg_20240728.nc,imerg_20240728.nc,2024,7,28,2024-07-28,1322615,1787530753368962600,OK,
2024\imerg_20240729.nc,imerg_20240729.nc,2024,7,29,2024-07-29,1706630,1787530843274888100,OK,
2024\imerg_20240730.nc,imerg_20240730.nc,2024,7,30,2024-07-30,1520221,1787530911834912300,OK,
2024\imerg_20240731.nc,imerg_20240731.nc,2024,7,31,2024-07-31,1246221,1787530971166728500,OK,
2024\imerg_20240801.nc,imerg_20240801.nc,2024,8,1,2024-08-01,983494,1787531030756253100,OK,
2024\imerg_20240802.nc,imerg_20240802.nc,2024,8,2,2024-08-02,966849,1787531096068215600,OK,
2024\imerg_20240803.nc,imerg_20240803.nc,2024,8,3,2024-08-03,968580,1787531162340704400,OK,
2024\imerg_20240804.nc,imerg_20240804.nc,2024,8,4,2024-08-04,1032688,1787531239677549200,OK,
2024\imerg_20240805.nc,imerg_20240805.nc,2024,8,5,2024-08-05,783462,1787531374255060700,OK,
2024\imerg_20240806.nc,imerg_20240806.nc,2024,8,6,2024-08-06,697775,1787531498847253800,OK,
2024\imerg_20240807.nc,imerg_20240807.nc,2024,8,7,2024-08-07,673967,1787531648982137800,OK,
2024\imerg_20240808.nc,imerg_20240808.nc,2024,8,8,2024-08-08,538842,1787531797562209500,OK,
2024\imerg_20240809.nc,imerg_20240809.nc,2024,8,9,2024-08-09,729245,1787532057840716500,OK,
2024\imerg_20240810.nc,imerg_20240810.nc,2024,8,10,2024-08-10,1092727,1787532270434378300,OK,
2024\imerg_20240811.nc,imerg_20240811.nc,2024,8,11,2024-08-11,961796,1787532476947214900,OK,
2024\imerg_20240812.nc,imerg_20240812.nc,2024,8,12,2024-08-12,796374,1787532681127240700,OK,
2024\imerg_20240813.nc,imerg_20240813.nc,2024,8,13,2024-08-13,715754,1787532864614987700,OK,
2024\imerg_20240814.nc,imerg_20240814.nc,2024,8,14,2024-08-14,839021,1787533075938404100,OK,
2024\imerg_20240815.nc,imerg_20240815.nc,2024,8,15,2024-08-15,1014061,1787533476650073100,OK,
2024\imerg_20240816.nc,imerg_20240816.nc,2024,8,16,2024-08-16,1025577,1787533671640970600,OK,
2024\imerg_20240817.nc,imerg_20240817.nc,2024,8,17,2024-08-17,1045777,1787533888376253900,OK,
2024\imerg_20240818.nc,imerg_20240818.nc,2024,8,18,2024-08-18,1134973,1787534081809930700,OK,
2024\imerg_20240819.nc,imerg_20240819.nc,2024,8,19,2024-08-19,910239,1787534265414884400,OK,
2024\imerg_20240820.nc,imerg_20240820.nc,2024,8,20,2024-08-20,804049,1787534476361468600,OK,
2024\imerg_20240821.nc,imerg_20240821.nc,2024,8,21,2024-08-21,791725,1787534683283510600,OK,
2024\imerg_20240822.nc,imerg_20240822.nc,2024,8,22,2024-08-22,826176,1787545723009394300,OK,
2024\imerg_20240823.nc,imerg_20240823.nc,2024,8,23,2024-08-23,915862,1787545782209853600,OK,
2024\imerg_20240824.nc,imerg_20240824.nc,2024,8,24,2024-08-24,823711,1787545835082844800,OK,
2024\imerg_20240825.nc,imerg_20240825.nc,2024,8,25,2024-08-25,672567,1787545881417279000,OK,
2024\imerg_20240826.nc,imerg_20240826.nc,2024,8,26,2024-08-26,628038,1787545934021380400,OK,
2024\imerg_20240827.nc,imerg_20240827.nc,2024,8,27,2024-08-27,555530,1787545989546945700,OK,
2024\imerg_20240828.nc,imerg_20240828.nc,2024,8,28,2024-08-28,413374,1787546040600385200,OK,
2024\imerg_20240829.nc,imerg_20240829.nc,2024,8,29,2024-08-29,530358,1787546096079356100,OK,
2024\imerg_20240830.nc,imerg_20240830.nc,2024,8,30,2024-08-30,712459,1787546148318734900,OK,
2024\imerg_20240831.nc,imerg_20240831.nc,2024,8,31,2024-08-31,893329,1787546199873752200,OK,
2024\imerg_20240901.nc,imerg_20240901.nc,2024,9,1,2024-09-01,781050,1787546257249763400,OK,
2024\imerg_20240902.nc,imerg_20240902.nc,2024,9,2,2024-09-02,905084,1787571370542978400,OK,
2024\imerg_20240903.nc,imerg_20240903.nc,2024,9,3,2024-09-03,850016,1787571583968207300,OK,
2024\imerg_20240904.nc,imerg_20240904.nc,2024,9,4,2024-09-04,847542,1787571778230310800,OK,
2024\imerg_20240905.nc,imerg_20240905.nc,2024,9,5,2024-09-05,813205,1787571996335558700,OK,
2024\imerg_20240906.nc,imerg_20240906.nc,2024,9,6,2024-09-06,873834,1787572114250160900,OK,
2024\imerg_20240907.nc,imerg_20240907.nc,2024,9,7,2024-09-07,1117856,1787572317175747800,OK,
2024\imerg_20240908.nc,imerg_20240908.nc,2024,9,8,2024-09-08,1227755,1787572515325677200,OK,
2024\imerg_20240909.nc,imerg_20240909.nc,2024,9,9,2024-09-09,1411643,1787572732470045900,OK,
2024\imerg_20240910.nc,imerg_20240910.nc,2024,9,10,2024-09-10,1279987,1787572943315408200,OK,
2024\imerg_20240911.nc,imerg_20240911.nc,2024,9,11,2024-09-11,1047177,1787573138449177600,OK,
2024\imerg_20240912.nc,imerg_20240912.nc,2024,9,12,2024-09-12,752162,1787573335814111000,OK,
2024\imerg_20240913.nc,imerg_20240913.nc,2024,9,13,2024-09-13,605664,1787573542601272700,OK,
2024\imerg_20240914.nc,imerg_20240914.nc,2024,9,14,2024-09-14,563565,1787573754934624600,OK,
2024\imerg_20240915.nc,imerg_20240915.nc,2024,9,15,2024-09-15,745512,1787573960427605000,OK,
2024\imerg_20240916.nc,imerg_20240916.nc,2024,9,16,2024-09-16,624456,1787574139724352100,OK,
2024\imerg_20240917.nc,imerg_20240917.nc,2024,9,17,2024-09-17,516371,1787574325086406000,OK,
2024\imerg_20240918.nc,imerg_20240918.nc,2024,9,18,2024-09-18,394965,1787574524285272600,OK,
2024\imerg_20240919.nc,imerg_20240919.nc,2024,9,19,2024-09-19,602622,1787574746392066600,OK,
2024\imerg_20240920.nc,imerg_20240920.nc,2024,9,20,2024-09-20,783917,1787574930574996400,OK,
2024\imerg_20240921.nc,imerg_20240921.nc,2024,9,21,2024-09-21,860285,1787575142624321300,OK,
2024\imerg_20240922.nc,imerg_20240922.nc,2024,9,22,2024-09-22,855606,1787575260403366200,OK,
2024\imerg_20240923.nc,imerg_20240923.nc,2024,9,23,2024-09-23,836341,1787575453762123000,OK,
2024\imerg_20240924.nc,imerg_20240924.nc,2024,9,24,2024-09-24,782743,1787575645868193600,OK,
2024\imerg_20240925.nc,imerg_20240925.nc,2024,9,25,2024-09-25,838313,1787575821831265700,OK,
2024\imerg_20240926.nc,imerg_20240926.nc,2024,9,26,2024-09-26,712969,1787575991498761700,OK,
2024\imerg_20240927.nc,imerg_20240927.nc,2024,9,27,2024-09-27,498651,1787576157585266800,OK,
2024\imerg_20240928.nc,imerg_20240928.nc,2024,9,28,2024-09-28,527357,1787576334656856000,OK,
2024\imerg_20240929.nc,imerg_20240929.nc,2024,9,29,2024-09-29,877569,1787576526349114700,OK,
2024\imerg_20240930.nc,imerg_20240930.nc,2024,9,30,2024-09-30,1207410,1787576713745297300,OK,
2024\imerg_20241001.nc,imerg_20241001.nc,2024,10,1,2024-10-01,1034470,1787576931758386300,OK,
2024\imerg_20241002.nc,imerg_20241002.nc,2024,10,2,2024-10-02,939000,1787577170962741000,OK,
2024\imerg_20241003.nc,imerg_20241003.nc,2024,10,3,2024-10-03,844283,1787577359816758100,OK,
2024\imerg_20241004.nc,imerg_20241004.nc,2024,10,4,2024-10-04,818893,1787577546635063700,OK,
2024\imerg_20241005.nc,imerg_20241005.nc,2024,10,5,2024-10-05,742750,1787577746469667000,OK,
2024\imerg_20241006.nc,imerg_20241006.nc,2024,10,6,2024-10-06,650959,1787577940301249700,OK,
2024\imerg_20241007.nc,imerg_20241007.nc,2024,10,7,2024-10-07,602259,1787578173669610000,OK,
2024\imerg_20241008.nc,imerg_20241008.nc,2024,10,8,2024-10-08,485445,1787578403820922500,OK,
2024\imerg_20241009.nc,imerg_20241009.nc,2024,10,9,2024-10-09,696192,1787578617085186600,OK,
2024\imerg_20241010.nc,imerg_20241010.nc,2024,10,10,2024-10-10,829505,1787578793229395200,OK,
2024\imerg_20241011.nc,imerg_20241011.nc,2024,10,11,2024-10-11,790399,1787578983133207500,OK,
2024\imerg_20241012.nc,imerg_20241012.nc,2024,10,12,2024-10-12,698409,1787579196382355700,OK,
2024\imerg_20241013.nc,imerg_20241013.nc,2024,10,13,2024-10-13,669947,1787579386322562000,OK,
2024\imerg_20241014.nc,imerg_20241014.nc,2024,10,14,2024-10-14,698849,1787579554840165100,OK,
2024\imerg_20241015.nc,imerg_20241015.nc,2024,10,15,2024-10-15,886689,1787579710689227800,OK,
2024\imerg_20241016.nc,imerg_20241016.nc,2024,10,16,2024-10-16,1001376,1787579865853215100,OK,
2024\imerg_20241017.nc,imerg_20241017.nc,2024,10,17,2024-10-17,495094,1787580023952330300,OK,
2024\imerg_20241018.nc,imerg_20241018.nc,2024,10,18,2024-10-18,602698,1787580153251361600,OK,
2024\imerg_20241019.nc,imerg_20241019.nc,2024,10,19,2024-10-19,729308,1787580293730013100,OK,
2024\imerg_20241020.nc,imerg_20241020.nc,2024,10,20,2024-10-20,841994,1787580427738315700,OK,
2024\imerg_20241021.nc,imerg_20241021.nc,2024,10,21,2024-10-21,773904,1787580616683936800,OK,
2024\imerg_20241022.nc,imerg_20241022.nc,2024,10,22,2024-10-22,725519,1787580735595106900,OK,
2024\imerg_20241023.nc,imerg_20241023.nc,2024,10,23,2024-10-23,929465,1787580838470801300,OK,
2024\imerg_20241024.nc,imerg_20241024.nc,2024,10,24,2024-10-24,726350,1787580921814777600,OK,
2024\imerg_20241025.nc,imerg_20241025.nc,2024,10,25,2024-10-25,471565,1787581013961802700,OK,
2024\imerg_20241026.nc,imerg_20241026.nc,2024,10,26,2024-10-26,554215,1787581100680497100,OK,
2024\imerg_20241027.nc,imerg_20241027.nc,2024,10,27,2024-10-27,610436,1787581177785974900,OK,
2024\imerg_20241028.nc,imerg_20241028.nc,2024,10,28,2024-10-28,563058,1787581256805661000,OK,
2024\imerg_20241029.nc,imerg_20241029.nc,2024,10,29,2024-10-29,410297,1787581336881579300,OK,
2024\imerg_20241030.nc,imerg_20241030.nc,2024,10,30,2024-10-30,404997,1787581400418318200,OK,
2024\imerg_20241031.nc,imerg_20241031.nc,2024,10,31,2024-10-31,351208,1787581460557911800,OK,
2024\imerg_20241101.nc,imerg_20241101.nc,2024,11,1,2024-11-01,362344,1787581522696921400,OK,
2024\imerg_20241102.nc,imerg_20241102.nc,2024,11,2,2024-11-02,309097,1787581585843509000,OK,
2024\imerg_20241103.nc,imerg_20241103.nc,2024,11,3,2024-11-03,481511,1787581647346693600,OK,
2024\imerg_20241104.nc,imerg_20241104.nc,2024,11,4,2024-11-04,614475,1787581705476473500,OK,
2024\imerg_20241105.nc,imerg_20241105.nc,2024,11,5,2024-11-05,661697,1787581766097776600,OK,
2024\imerg_20241106.nc,imerg_20241106.nc,2024,11,6,2024-11-06,1188717,1787581828579011000,OK,
2024\imerg_20241107.nc,imerg_20241107.nc,2024,11,7,2024-11-07,1367702,1787581895053563300,OK,
2024\imerg_20241108.nc,imerg_20241108.nc,2024,11,8,2024-11-08,1076761,1787581955858743600,OK,
2024\imerg_20241109.nc,imerg_20241109.nc,2024,11,9,2024-11-09,326403,1787582012172203300,OK,
2024\imerg_20241110.nc,imerg_20241110.nc,2024,11,10,2024-11-10,280910,1787582068052497900,OK,
2024\imerg_20241111.nc,imerg_20241111.nc,2024,11,11,2024-11-11,295147,1787582128746382200,OK,
2024\imerg_20241112.nc,imerg_20241112.nc,2024,11,12,2024-11-12,254229,1787582188545900400,OK,
2024\imerg_20241113.nc,imerg_20241113.nc,2024,11,13,2024-11-13,279047,1787582242801725700,OK,
2024\imerg_20241114.nc,imerg_20241114.nc,2024,11,14,2024-11-14,234422,1787582299844731900,OK,
2024\imerg_20241115.nc,imerg_20241115.nc,2024,11,15,2024-11-15,238872,1787582362687619100,OK,
2024\imerg_20241116.nc,imerg_20241116.nc,2024,11,16,2024-11-16,273635,1787582452213232900,OK,
2024\imerg_20241117.nc,imerg_20241117.nc,2024,11,17,2024-11-17,237898,1787582506688023400,OK,
2024\imerg_20241118.nc,imerg_20241118.nc,2024,11,18,2024-11-18,215692,1787582562028265400,OK,
2024\imerg_20241119.nc,imerg_20241119.nc,2024,11,19,2024-11-19,264173,1787582617325625100,OK,
2024\imerg_20241120.nc,imerg_20241120.nc,2024,11,20,2024-11-20,388097,1787582674379081700,OK,
2024\imerg_20241121.nc,imerg_20241121.nc,2024,11,21,2024-11-21,507891,1787582734162904000,OK,
2024\imerg_20241122.nc,imerg_20241122.nc,2024,11,22,2024-11-22,527913,1787582793627712000,OK,
2024\imerg_20241123.nc,imerg_20241123.nc,2024,11,23,2024-11-23,402293,1787582851391128300,OK,
2024\imerg_20241124.nc,imerg_20241124.nc,2024,11,24,2024-11-24,483348,1787582908098148500,OK,
2024\imerg_20241125.nc,imerg_20241125.nc,2024,11,25,2024-11-25,347747,1787582963324449300,OK,
2024\imerg_20241126.nc,imerg_20241126.nc,2024,11,26,2024-11-26,401953,1787583026244397500,OK,
2024\imerg_20241127.nc,imerg_20241127.nc,2024,11,27,2024-11-27,396493,1787583081702218500,OK,
2024\imerg_20241128.nc,imerg_20241128.nc,2024,11,28,2024-11-28,475654,1787583140310234300,OK,
2024\imerg_20241129.nc,imerg_20241129.nc,2024,11,29,2024-11-29,404705,1787583193407153300,OK,
2024\imerg_20241130.nc,imerg_20241130.nc,2024,11,30,2024-11-30,270113,1787583253898506800,OK,
2024\imerg_20241201.nc,imerg_20241201.nc,2024,12,1,2024-12-01,246221,1787583317120957500,OK,
2024\imerg_20241202.nc,imerg_20241202.nc,2024,12,2,2024-12-02,258936,1787583379245808400,OK,
2024\imerg_20241203.nc,imerg_20241203.nc,2024,12,3,2024-12-03,290030,1787583436728089800,OK,
2024\imerg_20241204.nc,imerg_20241204.nc,2024,12,4,2024-12-04,334517,1787583497379478800,OK,
2024\imerg_20241205.nc,imerg_20241205.nc,2024,12,5,2024-12-05,338304,1787583565078310100,OK,
2024\imerg_20241206.nc,imerg_20241206.nc,2024,12,6,2024-12-06,322612,1787583632034639300,OK,
2024\imerg_20241207.nc,imerg_20241207.nc,2024,12,7,2024-12-07,302166,1787583697410692200,OK,
2024\imerg_20241208.nc,imerg_20241208.nc,2024,12,8,2024-12-08,246487,1787583752870629900,OK,
2024\imerg_20241209.nc,imerg_20241209.nc,2024,12,9,2024-12-09,244310,1787583808216732800,OK,
2024\imerg_20241210.nc,imerg_20241210.nc,2024,12,10,2024-12-10,247908,1787583865346874400,OK,
2024\imerg_20241211.nc,imerg_20241211.nc,2024,12,11,2024-12-11,223078,1787583922693029900,OK,
2024\imerg_20241212.nc,imerg_20241212.nc,2024,12,12,2024-12-12,272575,1787583980822507400,OK,
2024\imerg_20241213.nc,imerg_20241213.nc,2024,12,13,2024-12-13,295994,1787584040204464600,OK,
2024\imerg_20241214.nc,imerg_20241214.nc,2024,12,14,2024-12-14,386139,1787584115807968500,OK,
2024\imerg_20241215.nc,imerg_20241215.nc,2024,12,15,2024-12-15,333166,1787584200007723200,OK,
2024\imerg_20241216.nc,imerg_20241216.nc,2024,12,16,2024-12-16,188908,1787584295961587100,OK,
2024\imerg_20241217.nc,imerg_20241217.nc,2024,12,17,2024-12-17,181099,1787584417044361600,OK,
2024\imerg_20241218.nc,imerg_20241218.nc,2024,12,18,2024-12-18,276485,1787584516562025600,OK,
2024\imerg_20241219.nc,imerg_20241219.nc,2024,12,19,2024-12-19,241588,1787584596379409800,OK,
2024\imerg_20241220.nc,imerg_20241220.nc,2024,12,20,2024-12-20,291948,1787584658418714800,OK,
2024\imerg_20241221.nc,imerg_20241221.nc,2024,12,21,2024-12-21,715030,1787584717591619900,OK,
2024\imerg_20241222.nc,imerg_20241222.nc,2024,12,22,2024-12-22,288431,1787584777600026600,OK,
2024\imerg_20241223.nc,imerg_20241223.nc,2024,12,23,2024-12-23,198828,1787584837256681100,OK,
2024\imerg_20241224.nc,imerg_20241224.nc,2024,12,24,2024-12-24,181034,1787584892560387100,OK,
2024\imerg_20241225.nc,imerg_20241225.nc,2024,12,25,2024-12-25,248220,1787585046106095000,OK,
2024\imerg_20241226.nc,imerg_20241226.nc,2024,12,26,2024-12-26,234775,1787585109710416900,OK,
2024\imerg_20241227.nc,imerg_20241227.nc,2024,12,27,2024-12-27,276754,1787585168574456500,OK,
2024\imerg_20241228.nc,imerg_20241228.nc,2024,12,28,2024-12-28,218170,1787585225418390100,OK,
2024\imerg_20241229.nc,imerg_20241229.nc,2024,12,29,2024-12-29,242881,1787585284122163900,OK,
2024\imerg_20241230.nc,imerg_20241230.nc,2024,12,30,2024-12-30,250139,1787585351854346000,OK,
2024\imerg_20241231.nc,imerg_20241231.nc,2024,12,31,2024-12-31,218281,1787585412263170500,OK,
2025\imerg_20250101.nc,imerg_20250101.nc,2025,1,1,2025-01-01,243855,1787587033610709200,OK,
2025\imerg_20250102.nc,imerg_20250102.nc,2025,1,2,2025-01-02,236922,1787616261257921400,OK,
2025\imerg_20250103.nc,imerg_20250103.nc,2025,1,3,2025-01-03,251277,1787616311218014400,OK,
2025\imerg_20250104.nc,imerg_20250104.nc,2025,1,4,2025-01-04,332392,1787616359274212100,OK,
2025\imerg_20250105.nc,imerg_20250105.nc,2025,1,5,2025-01-05,258885,1787616420057103500,OK,
2025\imerg_20250106.nc,imerg_20250106.nc,2025,1,6,2025-01-06,321469,1787616486179009200,OK,
2025\imerg_20250107.nc,imerg_20250107.nc,2025,1,7,2025-01-07,373030,1787616533765789200,OK,
2025\imerg_20250108.nc,imerg_20250108.nc,2025,1,8,2025-01-08,423433,1787616582506675000,OK,
2025\imerg_20250109.nc,imerg_20250109.nc,2025,1,9,2025-01-09,329340,1787616629874435000,OK,
2025\imerg_20250110.nc,imerg_20250110.nc,2025,1,10,2025-01-10,334642,1787616673757742600,OK,
2025\imerg_20250111.nc,imerg_20250111.nc,2025,1,11,2025-01-11,312009,1787616721525544900,OK,
2025\imerg_20250112.nc,imerg_20250112.nc,2025,1,12,2025-01-12,336459,1787616769523776300,OK,
2025\imerg_20250113.nc,imerg_20250113.nc,2025,1,13,2025-01-13,423756,1787616820334096900,OK,
2025\imerg_20250114.nc,imerg_20250114.nc,2025,1,14,2025-01-14,359030,1787616868981891500,OK,
2025\imerg_20250115.nc,imerg_20250115.nc,2025,1,15,2025-01-15,250405,1787616922863776200,OK,
2025\imerg_20250116.nc,imerg_20250116.nc,2025,1,16,2025-01-16,252464,1787616981320819300,OK,
2025\imerg_20250117.nc,imerg_20250117.nc,2025,1,17,2025-01-17,254725,1787617039651079300,OK,
2025\imerg_20250118.nc,imerg_20250118.nc,2025,1,18,2025-01-18,267183,1787617097596267300,OK,
2025\imerg_20250119.nc,imerg_20250119.nc,2025,1,19,2025-01-19,245916,1787617155112462000,OK,
2025\imerg_20250120.nc,imerg_20250120.nc,2025,1,20,2025-01-20,261826,1787617210971198700,OK,
2025\imerg_20250121.nc,imerg_20250121.nc,2025,1,21,2025-01-21,228544,1787617268451567800,OK,
2025\imerg_20250122.nc,imerg_20250122.nc,2025,1,22,2025-01-22,219530,1787617326957507800,OK,
2025\imerg_20250123.nc,imerg_20250123.nc,2025,1,23,2025-01-23,244676,1787617424654132000,OK,
2025\imerg_20250124.nc,imerg_20250124.nc,2025,1,24,2025-01-24,327274,1787617525803860500,OK,
2025\imerg_20250125.nc,imerg_20250125.nc,2025,1,25,2025-01-25,440914,1787617588242663400,OK,
2025\imerg_20250126.nc,imerg_20250126.nc,2025,1,26,2025-01-26,373285,1787617643060195200,OK,
2025\imerg_20250127.nc,imerg_20250127.nc,2025,1,27,2025-01-27,343009,1787617699047908100,OK,
2025\imerg_20250128.nc,imerg_20250128.nc,2025,1,28,2025-01-28,340895,1787617761271292800,OK,
2025\imerg_20250129.nc,imerg_20250129.nc,2025,1,29,2025-01-29,277875,1787617819764968800,OK,
2025\imerg_20250130.nc,imerg_20250130.nc,2025,1,30,2025-01-30,396630,1787617873532107900,OK,
2025\imerg_20250131.nc,imerg_20250131.nc,2025,1,31,2025-01-31,347639,1787617928254114500,OK,
2025\imerg_20250201.nc,imerg_20250201.nc,2025,2,1,2025-02-01,291206,1787617985625330200,OK,
2025\imerg_20250202.nc,imerg_20250202.nc,2025,2,2,2025-02-02,312483,1787618039155437600,OK,
2025\imerg_20250203.nc,imerg_20250203.nc,2025,2,3,2025-02-03,287036,1787618097481235400,OK,
2025\imerg_20250204.nc,imerg_20250204.nc,2025,2,4,2025-02-04,247099,1787618154861760800,OK,
2025\imerg_20250205.nc,imerg_20250205.nc,2025,2,5,2025-02-05,249060,1787618209087379300,OK,
2025\imerg_20250206.nc,imerg_20250206.nc,2025,2,6,2025-02-06,263004,1787618266353854300,OK,
2025\imerg_20250207.nc,imerg_20250207.nc,2025,2,7,2025-02-07,345446,1787618323472722800,OK,
2025\imerg_20250208.nc,imerg_20250208.nc,2025,2,8,2025-02-08,294525,1787618382607212900,OK,
2025\imerg_20250209.nc,imerg_20250209.nc,2025,2,9,2025-02-09,338706,1787618438813492100,OK,
2025\imerg_20250210.nc,imerg_20250210.nc,2025,2,10,2025-02-10,368830,1787618496151983000,OK,
2025\imerg_20250211.nc,imerg_20250211.nc,2025,2,11,2025-02-11,389112,1787618552404192900,OK,
2025\imerg_20250212.nc,imerg_20250212.nc,2025,2,12,2025-02-12,329202,1787618612239202600,OK,
2025\imerg_20250213.nc,imerg_20250213.nc,2025,2,13,2025-02-13,372351,1787618669325360100,OK,
2025\imerg_20250214.nc,imerg_20250214.nc,2025,2,14,2025-02-14,466586,1787618726051633800,OK,
2025\imerg_20250215.nc,imerg_20250215.nc,2025,2,15,2025-02-15,397255,1787618787548976300,OK,
2025\imerg_20250216.nc,imerg_20250216.nc,2025,2,16,2025-02-16,524965,1787618844289424000,OK,
2025\imerg_20250217.nc,imerg_20250217.nc,2025,2,17,2025-02-17,397602,1787618900920666400,OK,
2025\imerg_20250218.nc,imerg_20250218.nc,2025,2,18,2025-02-18,433667,1787618962511460700,OK,
2025\imerg_20250219.nc,imerg_20250219.nc,2025,2,19,2025-02-19,500597,1787619019998037300,OK,
2025\imerg_20250220.nc,imerg_20250220.nc,2025,2,20,2025-02-20,322668,1787619077396024800,OK,
2025\imerg_20250221.nc,imerg_20250221.nc,2025,2,21,2025-02-21,506446,1787619134628139200,OK,
2025\imerg_20250222.nc,imerg_20250222.nc,2025,2,22,2025-02-22,377347,1787619190949442200,OK,
2025\imerg_20250223.nc,imerg_20250223.nc,2025,2,23,2025-02-23,527752,1787619249421824800,OK,
2025\imerg_20250224.nc,imerg_20250224.nc,2025,2,24,2025-02-24,699493,1787619306433805700,OK,
2025\imerg_20250225.nc,imerg_20250225.nc,2025,2,25,2025-02-25,789933,1787619363011756100,OK,
2025\imerg_20250226.nc,imerg_20250226.nc,2025,2,26,2025-02-26,412570,1787619408870949100,OK,
2025\imerg_20250227.nc,imerg_20250227.nc,2025,2,27,2025-02-27,293681,1787619451682616300,OK,
2025\imerg_20250228.nc,imerg_20250228.nc,2025,2,28,2025-02-28,324272,1787619501374298400,OK,
2025\imerg_20250301.nc,imerg_20250301.nc,2025,3,1,2025-03-01,444432,1787619543862495300,OK,
2025\imerg_20250302.nc,imerg_20250302.nc,2025,3,2,2025-03-02,612701,1787619587529747600,OK,
2025\imerg_20250303.nc,imerg_20250303.nc,2025,3,3,2025-03-03,470435,1787619632204419800,OK,
2025\imerg_20250304.nc,imerg_20250304.nc,2025,3,4,2025-03-04,424392,1787619673763511300,OK,
2025\imerg_20250305.nc,imerg_20250305.nc,2025,3,5,2025-03-05,497188,1787619715824725300,OK,
2025\imerg_20250306.nc,imerg_20250306.nc,2025,3,6,2025-03-06,481477,1787619758715566300,OK,
2025\imerg_20250307.nc,imerg_20250307.nc,2025,3,7,2025-03-07,507401,1787619802491371300,OK,
2025\imerg_20250308.nc,imerg_20250308.nc,2025,3,8,2025-03-08,456661,1787619847333909100,OK,
2025\imerg_20250309.nc,imerg_20250309.nc,2025,3,9,2025-03-09,373477,1787619893273642000,OK,
2025\imerg_20250310.nc,imerg_20250310.nc,2025,3,10,2025-03-10,315310,1787619938746679900,OK,
2025\imerg_20250311.nc,imerg_20250311.nc,2025,3,11,2025-03-11,422714,1787619983946821100,OK,
2025\imerg_20250312.nc,imerg_20250312.nc,2025,3,12,2025-03-12,524947,1787620029722991600,OK,
2025\imerg_20250313.nc,imerg_20250313.nc,2025,3,13,2025-03-13,579916,1787620093032700900,OK,
2025\imerg_20250314.nc,imerg_20250314.nc,2025,3,14,2025-03-14,626854,1787620141462284200,OK,
2025\imerg_20250315.nc,imerg_20250315.nc,2025,3,15,2025-03-15,541625,1787620188493759100,OK,
2025\imerg_20250316.nc,imerg_20250316.nc,2025,3,16,2025-03-16,606939,1787620234314406000,OK,
2025\imerg_20250317.nc,imerg_20250317.nc,2025,3,17,2025-03-17,690229,1787620281000520300,OK,
2025\imerg_20250318.nc,imerg_20250318.nc,2025,3,18,2025-03-18,577520,1787620344365031400,OK,
2025\imerg_20250319.nc,imerg_20250319.nc,2025,3,19,2025-03-19,395955,1787620390183466800,OK,
2025\imerg_20250320.nc,imerg_20250320.nc,2025,3,20,2025-03-20,428817,1787620433250175500,OK,
2025\imerg_20250321.nc,imerg_20250321.nc,2025,3,21,2025-03-21,589288,1787620479494641500,OK,
2025\imerg_20250322.nc,imerg_20250322.nc,2025,3,22,2025-03-22,672644,1787620549329699600,OK,
2025\imerg_20250323.nc,imerg_20250323.nc,2025,3,23,2025-03-23,532534,1787620598706742000,OK,
2025\imerg_20250324.nc,imerg_20250324.nc,2025,3,24,2025-03-24,380553,1787620644301211500,OK,
2025\imerg_20250325.nc,imerg_20250325.nc,2025,3,25,2025-03-25,396953,1787620689928052100,OK,
2025\imerg_20250326.nc,imerg_20250326.nc,2025,3,26,2025-03-26,304355,1787620736419754500,OK,
2025\imerg_20250327.nc,imerg_20250327.nc,2025,3,27,2025-03-27,347447,1787620782059093600,OK,
2025\imerg_20250328.nc,imerg_20250328.nc,2025,3,28,2025-03-28,427051,1787620827904756100,OK,
2025\imerg_20250329.nc,imerg_20250329.nc,2025,3,29,2025-03-29,524170,1787621221662233900,OK,
2025\imerg_20250330.nc,imerg_20250330.nc,2025,3,30,2025-03-30,527658,1787621284760046600,OK,
2025\imerg_20250331.nc,imerg_20250331.nc,2025,3,31,2025-03-31,465231,1787621330239267700,OK,
2025\imerg_20250401.nc,imerg_20250401.nc,2025,4,1,2025-04-01,416033,1787621374933476600,OK,
2025\imerg_20250402.nc,imerg_20250402.nc,2025,4,2,2025-04-02,405793,1787621419841994000,OK,
2025\imerg_20250403.nc,imerg_20250403.nc,2025,4,3,2025-04-03,478059,1787621462028034500,OK,
2025\imerg_20250404.nc,imerg_20250404.nc,2025,4,4,2025-04-04,649183,1787621510011676600,OK,
2025\imerg_20250405.nc,imerg_20250405.nc,2025,4,5,2025-04-05,871011,1787621554711078100,OK,
2025\imerg_20250406.nc,imerg_20250406.nc,2025,4,6,2025-04-06,732480,1787621599897731900,OK,
2025\imerg_20250407.nc,imerg_20250407.nc,2025,4,7,2025-04-07,734316,1787621640997341800,OK,
2025\imerg_20250408.nc,imerg_20250408.nc,2025,4,8,2025-04-08,589985,1787621685305552200,OK,
2025\imerg_20250409.nc,imerg_20250409.nc,2025,4,9,2025-04-09,593103,1787621730031831000,OK,
2025\imerg_20250410.nc,imerg_20250410.nc,2025,4,10,2025-04-10,578732,1787621771625840700,OK,
2025\imerg_20250411.nc,imerg_20250411.nc,2025,4,11,2025-04-11,806969,1787621812642021000,OK,
2025\imerg_20250412.nc,imerg_20250412.nc,2025,4,12,2025-04-12,984425,1787621860189438400,OK,
2025\imerg_20250413.nc,imerg_20250413.nc,2025,4,13,2025-04-13,727820,1787621905086335000,OK,
2025\imerg_20250414.nc,imerg_20250414.nc,2025,4,14,2025-04-14,762347,1787621949720917100,OK,
2025\imerg_20250415.nc,imerg_20250415.nc,2025,4,15,2025-04-15,742691,1787621991237235000,OK,
2025\imerg_20250416.nc,imerg_20250416.nc,2025,4,16,2025-04-16,719980,1787622036396045000,OK,
2025\imerg_20250417.nc,imerg_20250417.nc,2025,4,17,2025-04-17,495452,1787622131890265700,OK,
2025\imerg_20250418.nc,imerg_20250418.nc,2025,4,18,2025-04-18,631463,1787622180129448200,OK,
2025\imerg_20250419.nc,imerg_20250419.nc,2025,4,19,2025-04-19,614236,1787622227818480500,OK,
2025\imerg_20250420.nc,imerg_20250420.nc,2025,4,20,2025-04-20,531108,1787622272898660200,OK,
2025\imerg_20250421.nc,imerg_20250421.nc,2025,4,21,2025-04-21,612450,1787622314178779400,OK,
2025\imerg_20250422.nc,imerg_20250422.nc,2025,4,22,2025-04-22,633681,1787622363820905000,OK,
2025\imerg_20250423.nc,imerg_20250423.nc,2025,4,23,2025-04-23,863344,1787622406850670600,OK,
2025\imerg_20250424.nc,imerg_20250424.nc,2025,4,24,2025-04-24,754008,1787622453549078700,OK,
2025\imerg_20250425.nc,imerg_20250425.nc,2025,4,25,2025-04-25,617864,1787622495536540900,OK,
2025\imerg_20250426.nc,imerg_20250426.nc,2025,4,26,2025-04-26,623595,1787622540542815400,OK,
2025\imerg_20250427.nc,imerg_20250427.nc,2025,4,27,2025-04-27,717708,1787622585988465800,OK,
2025\imerg_20250428.nc,imerg_20250428.nc,2025,4,28,2025-04-28,1046732,1787622631068616100,OK,
2025\imerg_20250429.nc,imerg_20250429.nc,2025,4,29,2025-04-29,1258840,1787622676109086600,OK,
2025\imerg_20250430.nc,imerg_20250430.nc,2025,4,30,2025-04-30,1054722,1787622718146580400,OK,
2025\imerg_20250501.nc,imerg_20250501.nc,2025,5,1,2025-05-01,1080931,1787622762623697200,OK,
2025\imerg_20250502.nc,imerg_20250502.nc,2025,5,2,2025-05-02,827263,1787622804429579500,OK,
2025\imerg_20250503.nc,imerg_20250503.nc,2025,5,3,2025-05-03,845792,1787622850184459800,OK,
2025\imerg_20250504.nc,imerg_20250504.nc,2025,5,4,2025-05-04,574421,1787622891110129700,OK,
2025\imerg_20250505.nc,imerg_20250505.nc,2025,5,5,2025-05-05,687449,1787622936455451200,OK,
2025\imerg_20250506.nc,imerg_20250506.nc,2025,5,6,2025-05-06,658202,1787622977718595900,OK,
2025\imerg_20250507.nc,imerg_20250507.nc,2025,5,7,2025-05-07,599188,1787623022555167600,OK,
2025\imerg_20250508.nc,imerg_20250508.nc,2025,5,8,2025-05-08,544978,1787623067661303100,OK,
2025\imerg_20250509.nc,imerg_20250509.nc,2025,5,9,2025-05-09,640883,1787623109146568200,OK,
2025\imerg_20250510.nc,imerg_20250510.nc,2025,5,10,2025-05-10,926861,1787623153624638200,OK,
2025\imerg_20250511.nc,imerg_20250511.nc,2025,5,11,2025-05-11,536516,1787623198804558000,OK,
2025\imerg_20250512.nc,imerg_20250512.nc,2025,5,12,2025-05-12,458786,1787623245352784500,OK,
2025\imerg_20250513.nc,imerg_20250513.nc,2025,5,13,2025-05-13,742069,1787623288181188500,OK,
2025\imerg_20250514.nc,imerg_20250514.nc,2025,5,14,2025-05-14,898359,1787623334952402800,OK,
2025\imerg_20250515.nc,imerg_20250515.nc,2025,5,15,2025-05-15,990343,1787623380068695400,OK,
2025\imerg_20250516.nc,imerg_20250516.nc,2025,5,16,2025-05-16,1031836,1787623425514630300,OK,
2025\imerg_20250517.nc,imerg_20250517.nc,2025,5,17,2025-05-17,1154284,1787623470968791900,OK,
2025\imerg_20250518.nc,imerg_20250518.nc,2025,5,18,2025-05-18,1068463,1787623516343684000,OK,
2025\imerg_20250519.nc,imerg_20250519.nc,2025,5,19,2025-05-19,733832,1787623562785452600,OK,
2025\imerg_20250520.nc,imerg_20250520.nc,2025,5,20,2025-05-20,765860,1787623608422995000,OK,
2025\imerg_20250521.nc,imerg_20250521.nc,2025,5,21,2025-05-21,818135,1787623682604128000,OK,
2025\imerg_20250522.nc,imerg_20250522.nc,2025,5,22,2025-05-22,992711,1787623728969531400,OK,
2025\imerg_20250523.nc,imerg_20250523.nc,2025,5,23,2025-05-23,1497425,1787623775122289800,OK,
2025\imerg_20250524.nc,imerg_20250524.nc,2025,5,24,2025-05-24,1543497,1787623821692803000,OK,
2025\imerg_20250525.nc,imerg_20250525.nc,2025,5,25,2025-05-25,1315760,1787623864627704300,OK,
2025\imerg_20250526.nc,imerg_20250526.nc,2025,5,26,2025-05-26,1321302,1787623918671818900,OK,
2025\imerg_20250527.nc,imerg_20250527.nc,2025,5,27,2025-05-27,1516653,1787623965479151200,OK,
2025\imerg_20250528.nc,imerg_20250528.nc,2025,5,28,2025-05-28,1257975,1787624008833903100,OK,
2025\imerg_20250529.nc,imerg_20250529.nc,2025,5,29,2025-05-29,1362043,1787624065359323700,OK,
2025\imerg_20250530.nc,imerg_20250530.nc,2025,5,30,2025-05-30,1288382,1787624107881343600,OK,
2025\imerg_20250531.nc,imerg_20250531.nc,2025,5,31,2025-05-31,1028094,1787624150327488300,OK,
2025\imerg_20250601.nc,imerg_20250601.nc,2025,6,1,2025-06-01,904139,1787624193273636300,OK,
2025\imerg_20250602.nc,imerg_20250602.nc,2025,6,2,2025-06-02,1022439,1787624236447854600,OK,
2025\imerg_20250603.nc,imerg_20250603.nc,2025,6,3,2025-06-03,677944,1787624282890719200,OK,
2025\imerg_20250604.nc,imerg_20250604.nc,2025,6,4,2025-06-04,509725,1787624329568317300,OK,
2025\imerg_20250605.nc,imerg_20250605.nc,2025,6,5,2025-06-05,449058,1787624375555749200,OK,
2025\imerg_20250606.nc,imerg_20250606.nc,2025,6,6,2025-06-06,447694,1787624421306724200,OK,
2025\imerg_20250607.nc,imerg_20250607.nc,2025,6,7,2025-06-07,675268,1787624463322451800,OK,
2025\imerg_20250608.nc,imerg_20250608.nc,2025,6,8,2025-06-08,924678,1787624509394108600,OK,
2025\imerg_20250609.nc,imerg_20250609.nc,2025,6,9,2025-06-09,977160,1787624555220939800,OK,
2025\imerg_20250610.nc,imerg_20250610.nc,2025,6,10,2025-06-10,842040,1787624600990028600,OK,
2025\imerg_20250611.nc,imerg_20250611.nc,2025,6,11,2025-06-11,628857,1787624643794246500,OK,
2025\imerg_20250612.nc,imerg_20250612.nc,2025,6,12,2025-06-12,546098,1787624690916577800,OK,
2025\imerg_20250613.nc,imerg_20250613.nc,2025,6,13,2025-06-13,638863,1787624756799995200,OK,
2025\imerg_20250614.nc,imerg_20250614.nc,2025,6,14,2025-06-14,808102,1787624804722835000,OK,
2025\imerg_20250615.nc,imerg_20250615.nc,2025,6,15,2025-06-15,841206,1787624851857896900,OK,
2025\imerg_20250616.nc,imerg_20250616.nc,2025,6,16,2025-06-16,1013498,1787624899215968000,OK,
2025\imerg_20250617.nc,imerg_20250617.nc,2025,6,17,2025-06-17,1240117,1787624946079075000,OK,
2025\imerg_20250618.nc,imerg_20250618.nc,2025,6,18,2025-06-18,1287668,1787624993276071400,OK,
2025\imerg_20250619.nc,imerg_20250619.nc,2025,6,19,2025-06-19,1317119,1787625040295070500,OK,
2025\imerg_20250620.nc,imerg_20250620.nc,2025,6,20,2025-06-20,1255797,1787625084714942100,OK,
2025\imerg_20250621.nc,imerg_20250621.nc,2025,6,21,2025-06-21,1259256,1787625132776356200,OK,
2025\imerg_20250622.nc,imerg_20250622.nc,2025,6,22,2025-06-22,1204121,1787625231680518500,OK,
2025\imerg_20250623.nc,imerg_20250623.nc,2025,6,23,2025-06-23,1198520,1787625278747412500,OK,
2025\imerg_20250624.nc,imerg_20250624.nc,2025,6,24,2025-06-24,1371753,1787625322537940500,OK,
2025\imerg_20250625.nc,imerg_20250625.nc,2025,6,25,2025-06-25,1051101,1787625366109992100,OK,
2025\imerg_20250626.nc,imerg_20250626.nc,2025,6,26,2025-06-26,905209,1787625410192644900,OK,
2025\imerg_20250627.nc,imerg_20250627.nc,2025,6,27,2025-06-27,926138,1787625476742703500,OK,
2025\imerg_20250628.nc,imerg_20250628.nc,2025,6,28,2025-06-28,1001113,1787625532282736200,OK,
2025\imerg_20250629.nc,imerg_20250629.nc,2025,6,29,2025-06-29,1106821,1787625579323371700,OK,
2025\imerg_20250630.nc,imerg_20250630.nc,2025,6,30,2025-06-30,1075181,1787625658114423700,OK,
2025\imerg_20250701.nc,imerg_20250701.nc,2025,7,1,2025-07-01,1014811,1787625709778602400,OK,
2025\imerg_20250702.nc,imerg_20250702.nc,2025,7,2,2025-07-02,1064971,1787625757120024400,OK,
2025\imerg_20250703.nc,imerg_20250703.nc,2025,7,3,2025-07-03,1059574,1787625803838970700,OK,
2025\imerg_20250704.nc,imerg_20250704.nc,2025,7,4,2025-07-04,1028915,1787625852868622000,OK,
2025\imerg_20250705.nc,imerg_20250705.nc,2025,7,5,2025-07-05,1191197,1787625901152022100,OK,
2025\imerg_20250706.nc,imerg_20250706.nc,2025,7,6,2025-07-06,1191240,1787625948662986100,OK,
2025\imerg_20250707.nc,imerg_20250707.nc,2025,7,7,2025-07-07,1016257,1787625999120832200,OK,
2025\imerg_20250708.nc,imerg_20250708.nc,2025,7,8,2025-07-08,973523,1787626049638157400,OK,
2025\imerg_20250709.nc,imerg_20250709.nc,2025,7,9,2025-07-09,1053458,1787626096491173500,OK,
2025\imerg_20250710.nc,imerg_20250710.nc,2025,7,10,2025-07-10,896259,1787626143498128200,OK,
2025\imerg_20250711.nc,imerg_20250711.nc,2025,7,11,2025-07-11,893959,1787626186013205100,OK,
2025\imerg_20250712.nc,imerg_20250712.nc,2025,7,12,2025-07-12,832559,1787626231479097000,OK,
2025\imerg_20250713.nc,imerg_20250713.nc,2025,7,13,2025-07-13,878807,1787626273525672400,OK,
2025\imerg_20250714.nc,imerg_20250714.nc,2025,7,14,2025-07-14,929702,1787626322111719300,OK,
2025\imerg_20250715.nc,imerg_20250715.nc,2025,7,15,2025-07-15,789264,1787626368145055000,OK,
2025\imerg_20250716.nc,imerg_20250716.nc,2025,7,16,2025-07-16,748958,1787626413784612000,OK,
2025\imerg_20250717.nc,imerg_20250717.nc,2025,7,17,2025-07-17,589813,1787626460457368500,OK,
2025\imerg_20250718.nc,imerg_20250718.nc,2025,7,18,2025-07-18,879462,1787626501785337400,OK,
2025\imerg_20250719.nc,imerg_20250719.nc,2025,7,19,2025-07-19,1032833,1787626628326012500,OK,
2025\imerg_20250720.nc,imerg_20250720.nc,2025,7,20,2025-07-20,1047097,1787626670419500600,OK,
2025\imerg_20250721.nc,imerg_20250721.nc,2025,7,21,2025-07-21,1153448,1787626712828965500,OK,
2025\imerg_20250722.nc,imerg_20250722.nc,2025,7,22,2025-07-22,1285025,1787626758185794700,OK,
2025\imerg_20250723.nc,imerg_20250723.nc,2025,7,23,2025-07-23,1243363,1787626802650736300,OK,
2025\imerg_20250724.nc,imerg_20250724.nc,2025,7,24,2025-07-24,1107649,1787626844866215500,OK,
2025\imerg_20250725.nc,imerg_20250725.nc,2025,7,25,2025-07-25,1125967,1787626909889429300,OK,
2025\imerg_20250726.nc,imerg_20250726.nc,2025,7,26,2025-07-26,1256359,1787626952053087300,OK,
2025\imerg_20250727.nc,imerg_20250727.nc,2025,7,27,2025-07-27,1058942,1787626995143398400,OK,
2025\imerg_20250728.nc,imerg_20250728.nc,2025,7,28,2025-07-28,657407,1787627037425348400,OK,
2025\imerg_20250729.nc,imerg_20250729.nc,2025,7,29,2025-07-29,669803,1787627083418374700,OK,
2025\imerg_20250730.nc,imerg_20250730.nc,2025,7,30,2025-07-30,812878,1787627128861943500,OK,
2025\imerg_20250731.nc,imerg_20250731.nc,2025,7,31,2025-07-31,818280,1787627170382942700,OK,
2025\imerg_20250801.nc,imerg_20250801.nc,2025,8,1,2025-08-01,729310,1787627601504956200,OK,
2025\imerg_20250802.nc,imerg_20250802.nc,2025,8,2,2025-08-02,543519,1787627654940523500,OK,
2025\imerg_20250803.nc,imerg_20250803.nc,2025,8,3,2025-08-03,592693,1787627701414148300,OK,
2025\imerg_20250804.nc,imerg_20250804.nc,2025,8,4,2025-08-04,736074,1787627744221661600,OK,
2025\imerg_20250805.nc,imerg_20250805.nc,2025,8,5,2025-08-05,1050715,1787627787012494500,OK,
2025\imerg_20250806.nc,imerg_20250806.nc,2025,8,6,2025-08-06,1376853,1787627829578795900,OK,
2025\imerg_20250807.nc,imerg_20250807.nc,2025,8,7,2025-08-07,956155,1787627876504438200,OK,
2025\imerg_20250808.nc,imerg_20250808.nc,2025,8,8,2025-08-08,703783,1787627919375992600,OK,
2025\imerg_20250809.nc,imerg_20250809.nc,2025,8,9,2025-08-09,713097,1787627962028490300,OK,
2025\imerg_20250810.nc,imerg_20250810.nc,2025,8,10,2025-08-10,1020471,1787628005236593200,OK,
2025\imerg_20250811.nc,imerg_20250811.nc,2025,8,11,2025-08-11,1107307,1787628052884240900,OK,
2025\imerg_20250812.nc,imerg_20250812.nc,2025,8,12,2025-08-12,1089368,1787628098663642400,OK,
2025\imerg_20250813.nc,imerg_20250813.nc,2025,8,13,2025-08-13,919828,1787628143661399200,OK,
2025\imerg_20250814.nc,imerg_20250814.nc,2025,8,14,2025-08-14,963351,1787628186271814500,OK,
2025\imerg_20250815.nc,imerg_20250815.nc,2025,8,15,2025-08-15,1092594,1787628236628988000,OK,
2025\imerg_20250816.nc,imerg_20250816.nc,2025,8,16,2025-08-16,969476,1787628283713194500,OK,
2025\imerg_20250817.nc,imerg_20250817.nc,2025,8,17,2025-08-17,762736,1787628353079126400,OK,
2025\imerg_20250818.nc,imerg_20250818.nc,2025,8,18,2025-08-18,827497,1787628399358519800,OK,
2025\imerg_20250819.nc,imerg_20250819.nc,2025,8,19,2025-08-19,839454,1787628441119306600,OK,
2025\imerg_20250820.nc,imerg_20250820.nc,2025,8,20,2025-08-20,1004061,1787628490392258000,OK,
2025\imerg_20250821.nc,imerg_20250821.nc,2025,8,21,2025-08-21,1371366,1787628542198132000,OK,
2025\imerg_20250822.nc,imerg_20250822.nc,2025,8,22,2025-08-22,1316708,1787628587341140400,OK,
2025\imerg_20250823.nc,imerg_20250823.nc,2025,8,23,2025-08-23,1197683,1787628637210543500,OK,
2025\imerg_20250824.nc,imerg_20250824.nc,2025,8,24,2025-08-24,1132872,1787628682730181500,OK,
2025\imerg_20250825.nc,imerg_20250825.nc,2025,8,25,2025-08-25,871347,1787628723855547500,OK,
2025\imerg_20250826.nc,imerg_20250826.nc,2025,8,26,2025-08-26,870568,1787628766285036900,OK,
2025\imerg_20250827.nc,imerg_20250827.nc,2025,8,27,2025-08-27,833129,1787628807647506100,OK,
2025\imerg_20250828.nc,imerg_20250828.nc,2025,8,28,2025-08-28,987304,1787628854235905000,OK,
2025\imerg_20250829.nc,imerg_20250829.nc,2025,8,29,2025-08-29,1034470,1787628896248770800,OK,
2025\imerg_20250830.nc,imerg_20250830.nc,2025,8,30,2025-08-30,923822,1787628943076635700,OK,
2025\imerg_20250831.nc,imerg_20250831.nc,2025,8,31,2025-08-31,693713,1787628988543909100,OK,
2025\imerg_20250901.nc,imerg_20250901.nc,2025,9,1,2025-09-01,605598,1787629034597781100,OK,
2025\imerg_20250902.nc,imerg_20250902.nc,2025,9,2,2025-09-02,528889,1787629111126953400,OK,
2025\imerg_20250903.nc,imerg_20250903.nc,2025,9,3,2025-09-03,513239,1787629167363079800,OK,
2025\imerg_20250904.nc,imerg_20250904.nc,2025,9,4,2025-09-04,546206,1787629212735346400,OK,
2025\imerg_20250905.nc,imerg_20250905.nc,2025,9,5,2025-09-05,919180,1787629257882142500,OK,
2025\imerg_20250906.nc,imerg_20250906.nc,2025,9,6,2025-09-06,802862,1787629303240801600,OK,
2025\imerg_20250907.nc,imerg_20250907.nc,2025,9,7,2025-09-07,698051,1787629345095481800,OK,
2025\imerg_20250908.nc,imerg_20250908.nc,2025,9,8,2025-09-08,842510,1787629397493102900,OK,
2025\imerg_20250909.nc,imerg_20250909.nc,2025,9,9,2025-09-09,1081029,1787629445509199400,OK,
2025\imerg_20250910.nc,imerg_20250910.nc,2025,9,10,2025-09-10,1123488,1787629488423108400,OK,
2025\imerg_20250911.nc,imerg_20250911.nc,2025,9,11,2025-09-11,1017991,1787629530056109000,OK,
2025\imerg_20250912.nc,imerg_20250912.nc,2025,9,12,2025-09-12,1115704,1787629571511901700,OK,
2025\imerg_20250913.nc,imerg_20250913.nc,2025,9,13,2025-09-13,996781,1787629613058400300,OK,
2025\imerg_20250914.nc,imerg_20250914.nc,2025,9,14,2025-09-14,840299,1787629654990339300,OK,
2025\imerg_20250915.nc,imerg_20250915.nc,2025,9,15,2025-09-15,938116,1787629700824705900,OK,
2025\imerg_20250916.nc,imerg_20250916.nc,2025,9,16,2025-09-16,951331,1787629746038180700,OK,
2025\imerg_20250917.nc,imerg_20250917.nc,2025,9,17,2025-09-17,951018,1787629807495199100,OK,
2025\imerg_20250918.nc,imerg_20250918.nc,2025,9,18,2025-09-18,917166,1787629852924297400,OK,
2025\imerg_20250919.nc,imerg_20250919.nc,2025,9,19,2025-09-19,706426,1787629902521740700,OK,
2025\imerg_20250920.nc,imerg_20250920.nc,2025,9,20,2025-09-20,597472,1787629948767495500,OK,
2025\imerg_20250921.nc,imerg_20250921.nc,2025,9,21,2025-09-21,756809,1787629990208511600,OK,
2025\imerg_20250922.nc,imerg_20250922.nc,2025,9,22,2025-09-22,904572,1787630032734510400,OK,
2025\imerg_20250923.nc,imerg_20250923.nc,2025,9,23,2025-09-23,732051,1787630078176375200,OK,
2025\imerg_20250924.nc,imerg_20250924.nc,2025,9,24,2025-09-24,688175,1787630124191033100,OK,
2025\imerg_20250925.nc,imerg_20250925.nc,2025,9,25,2025-09-25,941539,1787630170244431200,OK,
2025\imerg_20250926.nc,imerg_20250926.nc,2025,9,26,2025-09-26,860442,1787630212540704700,OK,
2025\imerg_20250927.nc,imerg_20250927.nc,2025,9,27,2025-09-27,561716,1787630254071037800,OK,
2025\imerg_20250928.nc,imerg_20250928.nc,2025,9,28,2025-09-28,805170,1787630296523727500,OK,
2025\imerg_20250929.nc,imerg_20250929.nc,2025,9,29,2025-09-29,1243246,1787630338717581700,OK,
2025\imerg_20250930.nc,imerg_20250930.nc,2025,9,30,2025-09-30,1388720,1787630380721454800,OK,
