PREFLIGHT_SOURCE_SHA 250/23447 elapsed_seconds=4.5
PREFLIGHT_SOURCE_SHA 500/23447 elapsed_seconds=8.0
PREFLIGHT_SOURCE_SHA 750/23447 elapsed_seconds=11.7
PREFLIGHT_SOURCE_SHA 1000/23447 elapsed_seconds=15.4
PREFLIGHT_SOURCE_SHA 1250/23447 elapsed_seconds=18.9
PREFLIGHT_SOURCE_SHA 1500/23447 elapsed_seconds=22.5
PREFLIGHT_SOURCE_SHA 1750/23447 elapsed_seconds=26.1
PREFLIGHT_SOURCE_SHA 2000/23447 elapsed_seconds=29.4
PREFLIGHT_SOURCE_SHA 2250/23447 elapsed_seconds=32.9
PREFLIGHT_SOURCE_SHA 2500/23447 elapsed_seconds=36.5
PREFLIGHT_SOURCE_SHA 2750/23447 elapsed_seconds=40.2
PREFLIGHT_SOURCE_SHA 3000/23447 elapsed_seconds=43.9
PREFLIGHT_SOURCE_SHA 3250/23447 elapsed_seconds=47.5
PREFLIGHT_SOURCE_SHA 3500/23447 elapsed_seconds=51.3
PREFLIGHT_SOURCE_SHA 3750/23447 elapsed_seconds=55.0
PREFLIGHT_SOURCE_SHA 4000/23447 elapsed_seconds=58.6
PREFLIGHT_SOURCE_SHA 4250/23447 elapsed_seconds=62.3
PREFLIGHT_SOURCE_SHA 4500/23447 elapsed_seconds=65.9
PREFLIGHT_SOURCE_SHA 4750/23447 elapsed_seconds=69.8
PREFLIGHT_SOURCE_SHA 5000/23447 elapsed_seconds=73.6
PREFLIGHT_SOURCE_SHA 5250/23447 elapsed_seconds=77.6
PREFLIGHT_SOURCE_SHA 5500/23447 elapsed_seconds=81.7
PREFLIGHT_SOURCE_SHA 5750/23447 elapsed_seconds=85.6
PREFLIGHT_SOURCE_SHA 6000/23447 elapsed_seconds=89.6
PREFLIGHT_SOURCE_SHA 6250/23447 elapsed_seconds=93.4
PREFLIGHT_SOURCE_SHA 6500/23447 elapsed_seconds=97.1
PREFLIGHT_SOURCE_SHA 6750/23447 elapsed_seconds=100.9
PREFLIGHT_SOURCE_SHA 7000/23447 elapsed_seconds=104.7
PREFLIGHT_SOURCE_SHA 7250/23447 elapsed_seconds=108.6
PREFLIGHT_SOURCE_SHA 7500/23447 elapsed_seconds=112.5
PREFLIGHT_SOURCE_SHA 7750/23447 elapsed_seconds=116.3
PREFLIGHT_SOURCE_SHA 8000/23447 elapsed_seconds=120.1
PREFLIGHT_SOURCE_SHA 8250/23447 elapsed_seconds=123.9
PREFLIGHT_SOURCE_SHA 8500/23447 elapsed_seconds=127.8
PREFLIGHT_SOURCE_SHA 8750/23447 elapsed_seconds=131.5
PREFLIGHT_SOURCE_SHA 9000/23447 elapsed_seconds=135.1
PREFLIGHT_SOURCE_SHA 9250/23447 elapsed_seconds=138.9
PREFLIGHT_SOURCE_SHA 9500/23447 elapsed_seconds=142.6
PREFLIGHT_SOURCE_SHA 9750/23447 elapsed_seconds=146.2
PREFLIGHT_SOURCE_SHA 10000/23447 elapsed_seconds=149.9
PREFLIGHT_SOURCE_SHA 10250/23447 elapsed_seconds=153.6
PREFLIGHT_SOURCE_SHA 10500/23447 elapsed_seconds=157.1
PREFLIGHT_SOURCE_SHA 10750/23447 elapsed_seconds=160.6
PREFLIGHT_SOURCE_SHA 11000/23447 elapsed_seconds=164.1
PREFLIGHT_SOURCE_SHA 11250/23447 elapsed_seconds=167.6
PREFLIGHT_SOURCE_SHA 11500/23447 elapsed_seconds=171.1
PREFLIGHT_SOURCE_SHA 11750/23447 elapsed_seconds=174.6
PREFLIGHT_SOURCE_SHA 12000/23447 elapsed_seconds=177.9
PREFLIGHT_SOURCE_SHA 12250/23447 elapsed_seconds=181.2
PREFLIGHT_SOURCE_SHA 12500/23447 elapsed_seconds=184.7
PREFLIGHT_SOURCE_SHA 12750/23447 elapsed_seconds=188.3
PREFLIGHT_SOURCE_SHA 13000/23447 elapsed_seconds=191.9
PREFLIGHT_SOURCE_SHA 13250/23447 elapsed_seconds=195.6
PREFLIGHT_SOURCE_SHA 13500/23447 elapsed_seconds=199.2
PREFLIGHT_SOURCE_SHA 13750/23447 elapsed_seconds=202.9
PREFLIGHT_SOURCE_SHA 14000/23447 elapsed_seconds=206.6
PREFLIGHT_SOURCE_SHA 14250/23447 elapsed_seconds=210.3
PREFLIGHT_SOURCE_SHA 14500/23447 elapsed_seconds=213.9
PREFLIGHT_SOURCE_SHA 14750/23447 elapsed_seconds=217.7
PREFLIGHT_SOURCE_SHA 15000/23447 elapsed_seconds=221.5
PREFLIGHT_SOURCE_SHA 15250/23447 elapsed_seconds=225.2
PREFLIGHT_SOURCE_SHA 15500/23447 elapsed_seconds=229.0
PREFLIGHT_SOURCE_SHA 15750/23447 elapsed_seconds=232.9
PREFLIGHT_SOURCE_SHA 16000/23447 elapsed_seconds=236.8
PREFLIGHT_SOURCE_SHA 16250/23447 elapsed_seconds=240.6
PREFLIGHT_SOURCE_SHA 16500/23447 elapsed_seconds=244.3
PREFLIGHT_SOURCE_SHA 16750/23447 elapsed_seconds=248.1
PREFLIGHT_SOURCE_SHA 17000/23447 elapsed_seconds=252.0
PREFLIGHT_SOURCE_SHA 17250/23447 elapsed_seconds=255.8
PREFLIGHT_SOURCE_SHA 17500/23447 elapsed_seconds=259.8
PREFLIGHT_SOURCE_SHA 17750/23447 elapsed_seconds=263.6
PREFLIGHT_SOURCE_SHA 18000/23447 elapsed_seconds=267.5
PREFLIGHT_SOURCE_SHA 18250/23447 elapsed_seconds=271.4
PREFLIGHT_SOURCE_SHA 18500/23447 elapsed_seconds=275.2
PREFLIGHT_SOURCE_SHA 18750/23447 elapsed_seconds=279.0
PREFLIGHT_SOURCE_SHA 19000/23447 elapsed_seconds=282.9
PREFLIGHT_SOURCE_SHA 19250/23447 elapsed_seconds=286.7
PREFLIGHT_SOURCE_SHA 19500/23447 elapsed_seconds=290.5
PREFLIGHT_SOURCE_SHA 19750/23447 elapsed_seconds=294.1
PREFLIGHT_SOURCE_SHA 20000/23447 elapsed_seconds=297.9
PREFLIGHT_SOURCE_SHA 20250/23447 elapsed_seconds=301.6
PREFLIGHT_SOURCE_SHA 20500/23447 elapsed_seconds=305.4
PREFLIGHT_SOURCE_SHA 20750/23447 elapsed_seconds=309.1
PREFLIGHT_SOURCE_SHA 21000/23447 elapsed_seconds=312.8
PREFLIGHT_SOURCE_SHA 21250/23447 elapsed_seconds=316.5
PREFLIGHT_SOURCE_SHA 21500/23447 elapsed_seconds=320.3
PREFLIGHT_SOURCE_SHA 21750/23447 elapsed_seconds=323.9
PREFLIGHT_SOURCE_SHA 22000/23447 elapsed_seconds=327.6
PREFLIGHT_SOURCE_SHA 22250/23447 elapsed_seconds=331.1
PREFLIGHT_SOURCE_SHA 22500/23447 elapsed_seconds=334.6
PREFLIGHT_SOURCE_SHA 22750/23447 elapsed_seconds=338.2
PREFLIGHT_SOURCE_SHA 23000/23447 elapsed_seconds=341.7
PREFLIGHT_SOURCE_SHA 23250/23447 elapsed_seconds=345.2
TEST {"suite": "scientific_freeze", "executed": 42, "failures": 0, "errors": 0, "skipped": 0, "pass": true}
TEST {"suite": "b0_skeleton", "executed": 20, "failures": 0, "errors": 0, "skipped": 0, "pass": true}
TEST {"suite": "development_qc", "executed": 8, "failures": 0, "errors": 0, "skipped": 0, "pass": true}
TEST {"suite": "scientific_freeze_v1_1", "executed": 30, "failures": 0, "errors": 0, "skipped": 0, "pass": true}
TEST {"suite": "quantile_numerical_closure", "executed": 14, "failures": 0, "errors": 0, "skipped": 0, "pass": true}
TEST {"suite": "training_environment_audit", "executed": 6, "failures": 0, "errors": 0, "skipped": 0, "pass": true}
TEST {"suite": "gpu_training_feasibility", "executed": 6, "failures": 0, "errors": 0, "skipped": 0, "pass": true}
TEST {"suite": "phase_a_protocol_prefreeze", "executed": 11, "failures": 0, "errors": 0, "skipped": 0, "pass": true}
TEST {"suite": "phase_a_protocol_v1", "executed": 17, "failures": 0, "errors": 0, "skipped": 0, "pass": true}
TEST {"suite": "phase_a_optimizer_resume", "executed": 8, "failures": 0, "errors": 0, "skipped": 0, "pass": true}
TEST {"suite": "formal_phase_a", "executed": 9, "failures": 0, "errors": 0, "skipped": 0, "pass": true}
FORMAL_TRAINING_STARTED run_20261001T035003_243409Z
TRAIN {"utc": "2026-10-01T03:57:59.447152+00:00", "epoch": 1, "global_update": 1, "LR": 1.7064846416382254e-08, "running_L_occ": 0.08798270968179987, "running_L_qr": 0.2306080952818086, "running_L_total": 0.3185908049636085, "pre_clip_grad_norm": 4.033452033996582, "clipping_fraction": 0.0, "samples_per_second": 0.3224771456012526, "GPU_allocated_bytes": 87609856, "GPU_reserved_bytes": 3412066304, "data_wait_seconds": 5.023892400000477, "training_samples_seen": 2, "scope": "FORMAL_SCIENTIFIC_RUN"}
TRAIN {"utc": "2026-10-01T03:58:25.368188+00:00", "epoch": 1, "global_update": 100, "LR": 1.7064846416382253e-06, "running_L_occ": 0.07145934992285245, "running_L_qr": 0.35715374701497526, "running_L_total": 0.42861309693782773, "pre_clip_grad_norm": 0.8605238199234009, "clipping_fraction": 0.27, "samples_per_second": 6.2259305718652485, "GPU_allocated_bytes": 87739904, "GPU_reserved_bytes": 3418357760, "data_wait_seconds": 5.3731061999915255, "training_samples_seen": 200, "scope": "FORMAL_SCIENTIFIC_RUN"}
TRAIN {"utc": "2026-10-01T03:58:51.748769+00:00", "epoch": 1, "global_update": 200, "LR": 3.4129692832764506e-06, "running_L_occ": 0.05747980852626479, "running_L_qr": 0.33455315256506335, "running_L_total": 0.3920329610913281, "pre_clip_grad_norm": 1.6656017303466797, "clipping_fraction": 0.145, "samples_per_second": 6.83711180733731, "GPU_allocated_bytes": 87739904, "GPU_reserved_bytes": 3418357760, "data_wait_seconds": 5.726079899994147, "training_samples_seen": 400, "scope": "FORMAL_SCIENTIFIC_RUN"}
TRAIN {"utc": "2026-10-01T03:59:18.013353+00:00", "epoch": 1, "global_update": 300, "LR": 5.119453924914676e-06, "running_L_occ": 0.0494883022382432, "running_L_qr": 0.29820859844355085, "running_L_total": 0.34769690068179404, "pre_clip_grad_norm": 1.061099886894226, "clipping_fraction": 0.09666666666666666, "samples_per_second": 7.078124392166127, "GPU_allocated_bytes": 87739904, "GPU_reserved_bytes": 3418357760, "data_wait_seconds": 6.076576599989494, "training_samples_seen": 600, "scope": "FORMAL_SCIENTIFIC_RUN"}
TRAIN {"utc": "2026-10-01T03:59:44.373855+00:00", "epoch": 1, "global_update": 400, "LR": 6.825938566552901e-06, "running_L_occ": 0.046195740003827666, "running_L_qr": 0.2853223609704299, "running_L_total": 0.3315181009742576, "pre_clip_grad_norm": 1.6894981861114502, "clipping_fraction": 0.0775, "samples_per_second": 7.198865090999677, "GPU_allocated_bytes": 87739904, "GPU_reserved_bytes": 3418357760, "data_wait_seconds": 6.437425200001599, "training_samples_seen": 800, "scope": "FORMAL_SCIENTIFIC_RUN"}
TRAIN {"utc": "2026-10-01T04:00:10.698387+00:00", "epoch": 1, "global_update": 500, "LR": 8.532423208191128e-06, "running_L_occ": 0.04381635164072777, "running_L_qr": 0.26841356681756395, "running_L_total": 0.31222991845829173, "pre_clip_grad_norm": 0.5361238121986389, "clipping_fraction": 0.062, "samples_per_second": 7.275180812906036, "GPU_allocated_bytes": 87739904, "GPU_reserved_bytes": 3418357760, "data_wait_seconds": 6.798123600003237, "training_samples_seen": 1000, "scope": "FORMAL_SCIENTIFIC_RUN"}
TRAIN {"utc": "2026-10-01T04:00:36.940984+00:00", "epoch": 1, "global_update": 600, "LR": 1.0238907849829352e-05, "running_L_occ": 0.04288330990921629, "running_L_qr": 0.25760513600390966, "running_L_total": 0.300488445913126, "pre_clip_grad_norm": 1.2010412216186523, "clipping_fraction": 0.05333333333333334, "samples_per_second": 7.330665664186755, "GPU_allocated_bytes": 87739904, "GPU_reserved_bytes": 3418357760, "data_wait_seconds": 7.15709100001186, "training_samples_seen": 1200, "scope": "FORMAL_SCIENTIFIC_RUN"}
TRAIN {"utc": "2026-10-01T04:01:03.139845+00:00", "epoch": 1, "global_update": 700, "LR": 1.1945392491467578e-05, "running_L_occ": 0.04139269490492127, "running_L_qr": 0.2417204260487705, "running_L_total": 0.2831131209536918, "pre_clip_grad_norm": 0.8863637447357178, "clipping_fraction": 0.047142857142857146, "samples_per_second": 7.372500183257935, "GPU_allocated_bytes": 87739904, "GPU_reserved_bytes": 3418357760, "data_wait_seconds": 7.517147300022771, "training_samples_seen": 1400, "scope": "FORMAL_SCIENTIFIC_RUN"}
TRAIN {"utc": "2026-10-01T04:01:29.540285+00:00", "epoch": 1, "global_update": 800, "LR": 1.3651877133105803e-05, "running_L_occ": 0.04028490594313001, "running_L_qr": 0.22652560058931454, "running_L_total": 0.26681050653244454, "pre_clip_grad_norm": 0.7514516115188599, "clipping_fraction": 0.0425, "samples_per_second": 7.397295267105846, "GPU_allocated_bytes": 87739904, "GPU_reserved_bytes": 3418357760, "data_wait_seconds": 7.8807122000253, "training_samples_seen": 1600, "scope": "FORMAL_SCIENTIFIC_RUN"}
TRAIN {"utc": "2026-10-01T04:01:55.685676+00:00", "epoch": 1, "global_update": 900, "LR": 1.535836177474403e-05, "running_L_occ": 0.0395526145878049, "running_L_qr": 0.2129935510818312, "running_L_total": 0.2525461656696361, "pre_clip_grad_norm": 0.7405351996421814, "clipping_fraction": 0.03777777777777778, "samples_per_second": 7.424485094975151, "GPU_allocated_bytes": 87739904, "GPU_reserved_bytes": 3418357760, "data_wait_seconds": 8.227831700036404, "training_samples_seen": 1800, "scope": "FORMAL_SCIENTIFIC_RUN"}
TRAIN {"utc": "2026-10-01T04:02:22.083436+00:00", "epoch": 1, "global_update": 1000, "LR": 1.7064846416382256e-05, "running_L_occ": 0.0388069046452252, "running_L_qr": 0.19955575964069835, "running_L_total": 0.23836266428592354, "pre_clip_grad_norm": 2.755059242248535, "clipping_fraction": 0.036, "samples_per_second": 7.4394177506369, "GPU_allocated_bytes": 87739904, "GPU_reserved_bytes": 3418357760, "data_wait_seconds": 8.583862500026953, "training_samples_seen": 2000, "scope": "FORMAL_SCIENTIFIC_RUN"}
TRAIN {"utc": "2026-10-01T04:02:48.275079+00:00", "epoch": 1, "global_update": 1100, "LR": 1.877133105802048e-05, "running_L_occ": 0.03848034413621818, "running_L_qr": 0.18746803238789497, "running_L_total": 0.22594837652411318, "pre_clip_grad_norm": 1.457601547241211, "clipping_fraction": 0.03272727272727273, "samples_per_second": 7.456862378227066, "GPU_allocated_bytes": 87739904, "GPU_reserved_bytes": 3418357760, "data_wait_seconds": 8.939369500032626, "training_samples_seen": 2200, "scope": "FORMAL_SCIENTIFIC_RUN"}
TRAIN {"utc": "2026-10-01T04:03:14.360986+00:00", "epoch": 1, "global_update": 1200, "LR": 2.0477815699658705e-05, "running_L_occ": 0.03799072876373479, "running_L_qr": 0.17539537899697696, "running_L_total": 0.21338610776071174, "pre_clip_grad_norm": 1.068952202796936, "clipping_fraction": 0.030833333333333334, "samples_per_second": 7.473925578035399, "GPU_allocated_bytes": 87739904, "GPU_reserved_bytes": 3418357760, "data_wait_seconds": 9.296436200032986, "training_samples_seen": 2400, "scope": "FORMAL_SCIENTIFIC_RUN"}
TRAIN {"utc": "2026-10-01T04:03:40.478241+00:00", "epoch": 1, "global_update": 1300, "LR": 2.218430034129693e-05, "running_L_occ": 0.03776208294038605, "running_L_qr": 0.16424246943892384, "running_L_total": 0.2020045523793099, "pre_clip_grad_norm": 4.674339771270752, "clipping_fraction": 0.02846153846153846, "samples_per_second": 7.487751704236627, "GPU_allocated_bytes": 87739904, "GPU_reserved_bytes": 3418357760, "data_wait_seconds": 9.651399900034448, "training_samples_seen": 2600, "scope": "FORMAL_SCIENTIFIC_RUN"}
TRAIN {"utc": "2026-10-01T04:04:06.725333+00:00", "epoch": 1, "global_update": 1400, "LR": 2.3890784982935157e-05, "running_L_occ": 0.03720661858127329, "running_L_qr": 0.1537656162874884, "running_L_total": 0.19097223486876166, "pre_clip_grad_norm": 0.42613357305526733, "clipping_fraction": 0.027142857142857142, "samples_per_second": 7.497056854284874, "GPU_allocated_bytes": 87739904, "GPU_reserved_bytes": 3418357760, "data_wait_seconds": 10.045410900036586, "training_samples_seen": 2800, "scope": "FORMAL_SCIENTIFIC_RUN"}
TRAIN {"utc": "2026-10-01T04:04:32.876532+00:00", "epoch": 1, "global_update": 1500, "LR": 2.559726962457338e-05, "running_L_occ": 0.03689880227497326, "running_L_qr": 0.144706657642276, "running_L_total": 0.18160545991724927, "pre_clip_grad_norm": 0.7895716428756714, "clipping_fraction": 0.025333333333333333, "samples_per_second": 7.506912967890604, "GPU_allocated_bytes": 87739904, "GPU_reserved_bytes": 3418357760, "data_wait_seconds": 10.399449200027448, "training_samples_seen": 3000, "scope": "FORMAL_SCIENTIFIC_RUN"}
TRAIN {"utc": "2026-10-01T04:04:58.997688+00:00", "epoch": 1, "global_update": 1600, "LR": 2.7303754266211605e-05, "running_L_occ": 0.0366764154406042, "running_L_qr": 0.1366344504426183, "running_L_total": 0.1733108658832225, "pre_clip_grad_norm": 1.5633381605148315, "clipping_fraction": 0.024375, "samples_per_second": 7.516098668909036, "GPU_allocated_bytes": 87739904, "GPU_reserved_bytes": 3418357760, "data_wait_seconds": 10.760742700036644, "training_samples_seen": 3200, "scope": "FORMAL_SCIENTIFIC_RUN"}
TRAIN {"utc": "2026-10-01T04:06:18.034233+00:00", "epoch": 1, "global_update": 1700, "LR": 2.901023890784983e-05, "running_L_occ": 0.03646372731498902, "running_L_qr": 0.1294385876901623, "running_L_total": 0.16590231500515135, "pre_clip_grad_norm": 1.9434834718704224, "clipping_fraction": 0.022941176470588236, "samples_per_second": 6.735486133043046, "GPU_allocated_bytes": 87739904, "GPU_reserved_bytes": 3418357760, "data_wait_seconds": 63.8950917000293, "training_samples_seen": 3400, "scope": "FORMAL_SCIENTIFIC_RUN"}
TRAIN {"utc": "2026-10-01T04:07:39.025421+00:00", "epoch": 1, "global_update": 1800, "LR": 3.071672354948806e-05, "running_L_occ": 0.03628747847343092, "running_L_qr": 0.12302662330412296, "running_L_total": 0.1593141017775539, "pre_clip_grad_norm": 1.230412483215332, "clipping_fraction": 0.022222222222222223, "samples_per_second": 6.145650826566681, "GPU_allocated_bytes": 87739904, "GPU_reserved_bytes": 3418357760, "data_wait_seconds": 119.12102310002956, "training_samples_seen": 3600, "scope": "FORMAL_SCIENTIFIC_RUN"}
TRAIN {"utc": "2026-10-01T04:08:05.377357+00:00", "epoch": 1, "global_update": 1900, "LR": 3.242320819112628e-05, "running_L_occ": 0.03617765136880039, "running_L_qr": 0.11743692593761035, "running_L_total": 0.15361457730641073, "pre_clip_grad_norm": 0.41076409816741943, "clipping_fraction": 0.021052631578947368, "samples_per_second": 6.207804241537982, "GPU_allocated_bytes": 87739904, "GPU_reserved_bytes": 3418357760, "data_wait_seconds": 119.49570710003172, "training_samples_seen": 3800, "scope": "FORMAL_SCIENTIFIC_RUN"}
TRAIN {"utc": "2026-10-01T04:08:31.648352+00:00", "epoch": 1, "global_update": 2000, "LR": 3.412969283276451e-05, "running_L_occ": 0.036115495435842804, "running_L_qr": 0.11228697390184893, "running_L_total": 0.14840246933769172, "pre_clip_grad_norm": 1.0193657875061035, "clipping_fraction": 0.02, "samples_per_second": 6.265631816432249, "GPU_allocated_bytes": 87739904, "GPU_reserved_bytes": 3418357760, "data_wait_seconds": 119.85842530003356, "training_samples_seen": 4000, "scope": "FORMAL_SCIENTIFIC_RUN"}
TRAIN {"utc": "2026-10-01T04:08:57.890927+00:00", "epoch": 1, "global_update": 2100, "LR": 3.5836177474402735e-05, "running_L_occ": 0.035960918001393304, "running_L_qr": 0.10759287664221502, "running_L_total": 0.14355379464360835, "pre_clip_grad_norm": 1.7454783916473389, "clipping_fraction": 0.01904761904761905, "samples_per_second": 6.31915294308939, "GPU_allocated_bytes": 87739904, "GPU_reserved_bytes": 3418357760, "data_wait_seconds": 120.22149360003823, "training_samples_seen": 4200, "scope": "FORMAL_SCIENTIFIC_RUN"}
TRAIN {"utc": "2026-10-01T04:09:24.147417+00:00", "epoch": 1, "global_update": 2200, "LR": 3.754266211604096e-05, "running_L_occ": 0.03570378561724683, "running_L_qr": 0.10328315569105388, "running_L_total": 0.13898694130830072, "pre_clip_grad_norm": 0.554027795791626, "clipping_fraction": 0.01818181818181818, "samples_per_second": 6.368484486005092, "GPU_allocated_bytes": 87739904, "GPU_reserved_bytes": 3418357760, "data_wait_seconds": 120.58649270004753, "training_samples_seen": 4400, "scope": "FORMAL_SCIENTIFIC_RUN"}
TRAIN {"utc": "2026-10-01T04:09:50.586132+00:00", "epoch": 1, "global_update": 2300, "LR": 3.924914675767919e-05, "running_L_occ": 0.0356542687406592, "running_L_qr": 0.09943017026752467, "running_L_total": 0.13508443900818387, "pre_clip_grad_norm": 0.07847391813993454, "clipping_fraction": 0.017826086956521738, "samples_per_second": 6.412568009662754, "GPU_allocated_bytes": 87739904, "GPU_reserved_bytes": 3418357760, "data_wait_seconds": 120.95276020004894, "training_samples_seen": 4600, "scope": "FORMAL_SCIENTIFIC_RUN"}
TRAIN {"utc": "2026-10-01T04:10:16.889280+00:00", "epoch": 1, "global_update": 2400, "LR": 4.095563139931741e-05, "running_L_occ": 0.03550102860743107, "running_L_qr": 0.09586303565240849, "running_L_total": 0.13136406425983954, "pre_clip_grad_norm": 0.35774651169776917, "clipping_fraction": 0.017083333333333332, "samples_per_second": 6.454701307758356, "GPU_allocated_bytes": 87739904, "GPU_reserved_bytes": 3418357760, "data_wait_seconds": 121.32670680004958, "training_samples_seen": 4800, "scope": "FORMAL_SCIENTIFIC_RUN"}
TRAIN {"utc": "2026-10-01T04:10:43.100153+00:00", "epoch": 1, "global_update": 2500, "LR": 4.266211604095564e-05, "running_L_occ": 0.03540464943504244, "running_L_qr": 0.09260141165751071, "running_L_total": 0.12800606109255314, "pre_clip_grad_norm": 2.4114556312561035, "clipping_fraction": 0.0164, "samples_per_second": 6.49472560073612, "GPU_allocated_bytes": 87739904, "GPU_reserved_bytes": 3418357760, "data_wait_seconds": 121.6894637000496, "training_samples_seen": 5000, "scope": "FORMAL_SCIENTIFIC_RUN"}
TRAIN {"utc": "2026-10-01T04:11:09.381944+00:00", "epoch": 1, "global_update": 2600, "LR": 4.436860068259386e-05, "running_L_occ": 0.03544009939037807, "running_L_qr": 0.08966826812520416, "running_L_total": 0.12510836751558221, "pre_clip_grad_norm": 1.477404236793518, "clipping_fraction": 0.015769230769230768, "samples_per_second": 6.531536555139749, "GPU_allocated_bytes": 87739904, "GPU_reserved_bytes": 3418357760, "data_wait_seconds": 122.05380690005404, "training_samples_seen": 5200, "scope": "FORMAL_SCIENTIFIC_RUN"}
TRAIN {"utc": "2026-10-01T04:11:35.583048+00:00", "epoch": 1, "global_update": 2700, "LR": 4.6075085324232084e-05, "running_L_occ": 0.03526160991991446, "running_L_qr": 0.08686575338602351, "running_L_total": 0.12212736330593799, "pre_clip_grad_norm": 0.6941232085227966, "clipping_fraction": 0.015185185185185185, "samples_per_second": 6.5666457576315596, "GPU_allocated_bytes": 87739904, "GPU_reserved_bytes": 3418357760, "data_wait_seconds": 122.4211043000505, "training_samples_seen": 5400, "scope": "FORMAL_SCIENTIFIC_RUN"}
TRAIN {"utc": "2026-10-01T04:12:01.878004+00:00", "epoch": 1, "global_update": 2800, "LR": 4.778156996587031e-05, "running_L_occ": 0.03520100188940765, "running_L_qr": 0.08426287484483237, "running_L_total": 0.11946387673424003, "pre_clip_grad_norm": 0.5229914784431458, "clipping_fraction": 0.014642857142857143, "samples_per_second": 6.598850560691163, "GPU_allocated_bytes": 87739904, "GPU_reserved_bytes": 3418357760, "data_wait_seconds": 122.78711140005726, "training_samples_seen": 5600, "scope": "FORMAL_SCIENTIFIC_RUN"}
TRAIN {"utc": "2026-10-01T04:12:28.194049+00:00", "epoch": 1, "global_update": 2900, "LR": 4.9488054607508536e-05, "running_L_occ": 0.03518342518493349, "running_L_qr": 0.08189934666882626, "running_L_total": 0.11708277185375975, "pre_clip_grad_norm": 0.44216474890708923, "clipping_fraction": 0.014827586206896552, "samples_per_second": 6.628953692678681, "GPU_allocated_bytes": 87739904, "GPU_reserved_bytes": 3418357760, "data_wait_seconds": 123.1661169000563, "training_samples_seen": 5800, "scope": "FORMAL_SCIENTIFIC_RUN"}
TRAIN {"utc": "2026-10-01T04:12:54.482303+00:00", "epoch": 1, "global_update": 3000, "LR": 5.119453924914676e-05, "running_L_occ": 0.03506441403860826, "running_L_qr": 0.07961865758585622, "running_L_total": 0.11468307162446446, "pre_clip_grad_norm": 0.13492214679718018, "clipping_fraction": 0.014333333333333333, "samples_per_second": 6.657515584537734, "GPU_allocated_bytes": 87739904, "GPU_reserved_bytes": 3418357760, "data_wait_seconds": 123.52903550006158, "training_samples_seen": 6000, "scope": "FORMAL_SCIENTIFIC_RUN"}
TRAIN {"utc": "2026-10-01T04:13:20.713241+00:00", "epoch": 1, "global_update": 3100, "LR": 5.290102389078499e-05, "running_L_occ": 0.034998111283782184, "running_L_qr": 0.07752991524691141, "running_L_total": 0.1125280265306936, "pre_clip_grad_norm": 0.30589261651039124, "clipping_fraction": 0.013870967741935483, "samples_per_second": 6.684867411407109, "GPU_allocated_bytes": 87739904, "GPU_reserved_bytes": 3418357760, "data_wait_seconds": 123.89209810006105, "training_samples_seen": 6200, "scope": "FORMAL_SCIENTIFIC_RUN"}
TRAIN {"utc": "2026-10-01T04:13:46.990312+00:00", "epoch": 1, "global_update": 3200, "LR": 5.460750853242321e-05, "running_L_occ": 0.034960966974235556, "running_L_qr": 0.0755674115210505, "running_L_total": 0.11052837849528604, "pre_clip_grad_norm": 0.17549289762973785, "clipping_fraction": 0.0134375, "samples_per_second": 6.710384669709175, "GPU_allocated_bytes": 87739904, "GPU_reserved_bytes": 3418357760, "data_wait_seconds": 124.25795460006884, "training_samples_seen": 6400, "scope": "FORMAL_SCIENTIFIC_RUN"}
TRAIN {"utc": "2026-10-01T04:14:13.242077+00:00", "epoch": 1, "global_update": 3300, "LR": 5.631399317406144e-05, "running_L_occ": 0.03487237530548337, "running_L_qr": 0.07373671525657463, "running_L_total": 0.108609090562058, "pre_clip_grad_norm": 1.3627221584320068, "clipping_fraction": 0.013030303030303031, "samples_per_second": 6.73471562930807, "GPU_allocated_bytes": 87739904, "GPU_reserved_bytes": 3418357760, "data_wait_seconds": 124.62336880005932, "training_samples_seen": 6600, "scope": "FORMAL_SCIENTIFIC_RUN"}
TRAIN {"utc": "2026-10-01T04:14:39.540738+00:00", "epoch": 1, "global_update": 3400, "LR": 5.802047781569966e-05, "running_L_occ": 0.03475472032557007, "running_L_qr": 0.07194101554771266, "running_L_total": 0.10669573587328274, "pre_clip_grad_norm": 0.22702054679393768, "clipping_fraction": 0.012647058823529412, "samples_per_second": 6.757457176861991, "GPU_allocated_bytes": 87739904, "GPU_reserved_bytes": 3418357760, "data_wait_seconds": 124.99383580006543, "training_samples_seen": 6800, "scope": "FORMAL_SCIENTIFIC_RUN"}
TRAIN {"utc": "2026-10-01T04:15:05.942418+00:00", "epoch": 1, "global_update": 3500, "LR": 5.9726962457337885e-05, "running_L_occ": 0.03466851577151468, "running_L_qr": 0.07026554984640071, "running_L_total": 0.10493406561791539, "pre_clip_grad_norm": 0.42701295018196106, "clipping_fraction": 0.012285714285714285, "samples_per_second": 6.778364799931844, "GPU_allocated_bytes": 87739904, "GPU_reserved_bytes": 3418357760, "data_wait_seconds": 125.36016840006596, "training_samples_seen": 7000, "scope": "FORMAL_SCIENTIFIC_RUN"}
TRAIN {"utc": "2026-10-01T04:15:32.120406+00:00", "epoch": 1, "global_update": 3600, "LR": 6.143344709897612e-05, "running_L_occ": 0.0346261115425312, "running_L_qr": 0.06869948894528359, "running_L_total": 0.10332560048781479, "pre_clip_grad_norm": 0.26093053817749023, "clipping_fraction": 0.011944444444444445, "samples_per_second": 6.7996636444761025, "GPU_allocated_bytes": 87739904, "GPU_reserved_bytes": 3418357760, "data_wait_seconds": 125.72168720007357, "training_samples_seen": 7200, "scope": "FORMAL_SCIENTIFIC_RUN"}
TRAIN {"utc": "2026-10-01T04:15:58.506483+00:00", "epoch": 1, "global_update": 3700, "LR": 6.313993174061433e-05, "running_L_occ": 0.034696128688476525, "running_L_qr": 0.06730407736894928, "running_L_total": 0.10200020605742581, "pre_clip_grad_norm": 0.3022865355014801, "clipping_fraction": 0.011621621621621621, "samples_per_second": 6.8186350555345046, "GPU_allocated_bytes": 87739904, "GPU_reserved_bytes": 3418357760, "data_wait_seconds": 126.08835380008168, "training_samples_seen": 7400, "scope": "FORMAL_SCIENTIFIC_RUN"}
TRAIN {"utc": "2026-10-01T04:16:24.900070+00:00", "epoch": 1, "global_update": 3800, "LR": 6.484641638225257e-05, "running_L_occ": 0.03459396289371324, "running_L_qr": 0.06586913007773998, "running_L_total": 0.10046309297145321, "pre_clip_grad_norm": 1.2938179969787598, "clipping_fraction": 0.011315789473684211, "samples_per_second": 6.836654955652142, "GPU_allocated_bytes": 87739904, "GPU_reserved_bytes": 3418357760, "data_wait_seconds": 126.4581380000709, "training_samples_seen": 7600, "scope": "FORMAL_SCIENTIFIC_RUN"}
TRAIN {"utc": "2026-10-01T04:16:51.179762+00:00", "epoch": 1, "global_update": 3900, "LR": 6.655290102389079e-05, "running_L_occ": 0.034412081552945235, "running_L_qr": 0.06447753882368439, "running_L_total": 0.09888962037662961, "pre_clip_grad_norm": 0.5529556274414062, "clipping_fraction": 0.011025641025641025, "samples_per_second": 6.854524726379591, "GPU_allocated_bytes": 87739904, "GPU_reserved_bytes": 3418357760, "data_wait_seconds": 126.82225590006055, "training_samples_seen": 7800, "scope": "FORMAL_SCIENTIFIC_RUN"}
TRAIN {"utc": "2026-10-01T04:17:17.403880+00:00", "epoch": 1, "global_update": 4000, "LR": 6.825938566552902e-05, "running_L_occ": 0.03435792531825986, "running_L_qr": 0.06317069998719539, "running_L_total": 0.09752862530545527, "pre_clip_grad_norm": 0.09704427421092987, "clipping_fraction": 0.011, "samples_per_second": 6.871913471259748, "GPU_allocated_bytes": 87739904, "GPU_reserved_bytes": 3418357760, "data_wait_seconds": 127.19870490005451, "training_samples_seen": 8000, "scope": "FORMAL_SCIENTIFIC_RUN"}
TRAIN {"utc": "2026-10-01T04:17:43.653943+00:00", "epoch": 1, "global_update": 4100, "LR": 6.996587030716723e-05, "running_L_occ": 0.034333903901099305, "running_L_qr": 0.0620029420706322, "running_L_total": 0.0963368459717315, "pre_clip_grad_norm": 2.557260036468506, "clipping_fraction": 0.010731707317073172, "samples_per_second": 6.888387629134914, "GPU_allocated_bytes": 87739904, "GPU_reserved_bytes": 3418357760, "data_wait_seconds": 127.56558280004356, "training_samples_seen": 8200, "scope": "FORMAL_SCIENTIFIC_RUN"}
TRAIN {"utc": "2026-10-01T04:18:09.986128+00:00", "epoch": 1, "global_update": 4200, "LR": 7.167235494880547e-05, "running_L_occ": 0.0343126212627587, "running_L_qr": 0.06087127760950609, "running_L_total": 0.09518389887226479, "pre_clip_grad_norm": 0.35820823907852173, "clipping_fraction": 0.010476190476190476, "samples_per_second": 6.903689506532879, "GPU_allocated_bytes": 87739904, "GPU_reserved_bytes": 3418357760, "data_wait_seconds": 127.96259890004876, "training_samples_seen": 8400, "scope": "FORMAL_SCIENTIFIC_RUN"}
TRAIN {"utc": "2026-10-01T04:18:36.221204+00:00", "epoch": 1, "global_update": 4300, "LR": 7.337883959044369e-05, "running_L_occ": 0.034271263192276386, "running_L_qr": 0.0597884278387061, "running_L_total": 0.09405969103098248, "pre_clip_grad_norm": 0.78968346118927, "clipping_fraction": 0.010232558139534883, "samples_per_second": 6.91887929439718, "GPU_allocated_bytes": 87739904, "GPU_reserved_bytes": 3418357760, "data_wait_seconds": 128.32838740004627, "training_samples_seen": 8600, "scope": "FORMAL_SCIENTIFIC_RUN"}
TRAIN {"utc": "2026-10-01T04:19:02.545129+00:00", "epoch": 1, "global_update": 4400, "LR": 7.508532423208191e-05, "running_L_occ": 0.03416608319473287, "running_L_qr": 0.05872504552996564, "running_L_total": 0.09289112872469851, "pre_clip_grad_norm": 0.3711828887462616, "clipping_fraction": 0.01, "samples_per_second": 6.932951841397592, "GPU_allocated_bytes": 87739904, "GPU_reserved_bytes": 3418357760, "data_wait_seconds": 128.6956129000373, "training_samples_seen": 8800, "scope": "FORMAL_SCIENTIFIC_RUN"}
TRAIN {"utc": "2026-10-01T04:19:28.866511+00:00", "epoch": 1, "global_update": 4500, "LR": 7.679180887372014e-05, "running_L_occ": 0.03410864809680994, "running_L_qr": 0.057755811834144896, "running_L_total": 0.09186445993095484, "pre_clip_grad_norm": 0.337401807308197, "clipping_fraction": 0.009777777777777778, "samples_per_second": 6.946471876780353, "GPU_allocated_bytes": 87739904, "GPU_reserved_bytes": 3418357760, "data_wait_seconds": 129.0601957000381, "training_samples_seen": 9000, "scope": "FORMAL_SCIENTIFIC_RUN"}
TRAIN {"utc": "2026-10-01T04:19:55.230092+00:00", "epoch": 1, "global_update": 4600, "LR": 7.849829351535837e-05, "running_L_occ": 0.03409857806954035, "running_L_qr": 0.05682918703677427, "running_L_total": 0.09092776510631462, "pre_clip_grad_norm": 0.860239565372467, "clipping_fraction": 0.01, "samples_per_second": 6.959228717026313, "GPU_allocated_bytes": 87739904, "GPU_reserved_bytes": 3418357760, "data_wait_seconds": 129.43114040003275, "training_samples_seen": 9200, "scope": "FORMAL_SCIENTIFIC_RUN"}
TRAIN {"utc": "2026-10-01T04:20:21.507329+00:00", "epoch": 1, "global_update": 4700, "LR": 8.02047781569966e-05, "running_L_occ": 0.03401246419497551, "running_L_qr": 0.05585945514451056, "running_L_total": 0.08987191933948606, "pre_clip_grad_norm": 0.5671194195747375, "clipping_fraction": 0.00978723404255319, "samples_per_second": 6.9719382903031875, "GPU_allocated_bytes": 87739904, "GPU_reserved_bytes": 3418357760, "data_wait_seconds": 129.79663900003106, "training_samples_seen": 9400, "scope": "FORMAL_SCIENTIFIC_RUN"}
TRAIN {"utc": "2026-10-01T04:20:47.744997+00:00", "epoch": 1, "global_update": 4800, "LR": 8.191126279863482e-05, "running_L_occ": 0.033935788171617624, "running_L_qr": 0.054938971051591116, "running_L_total": 0.08887475922320874, "pre_clip_grad_norm": 0.7248961329460144, "clipping_fraction": 0.009583333333333333, "samples_per_second": 6.984359150599758, "GPU_allocated_bytes": 87739904, "GPU_reserved_bytes": 3418357760, "data_wait_seconds": 130.16574800004128, "training_samples_seen": 9600, "scope": "FORMAL_SCIENTIFIC_RUN"}
TRAIN {"utc": "2026-10-01T04:21:13.895679+00:00", "epoch": 1, "global_update": 4900, "LR": 8.361774744027304e-05, "running_L_occ": 0.033918022175429934, "running_L_qr": 0.054140740446418666, "running_L_total": 0.0880587626218486, "pre_clip_grad_norm": 0.09804428368806839, "clipping_fraction": 0.009387755102040816, "samples_per_second": 6.996745794040255, "GPU_allocated_bytes": 87739904, "GPU_reserved_bytes": 3418357760, "data_wait_seconds": 130.53246890004448, "training_samples_seen": 9800, "scope": "FORMAL_SCIENTIFIC_RUN"}
TRAIN {"utc": "2026-10-01T04:21:40.101985+00:00", "epoch": 1, "global_update": 5000, "LR": 8.532423208191128e-05, "running_L_occ": 0.03390396859048278, "running_L_qr": 0.053337548494973214, "running_L_total": 0.087241517085456, "pre_clip_grad_norm": 0.8701503276824951, "clipping_fraction": 0.0092, "samples_per_second": 7.008408965137597, "GPU_allocated_bytes": 87739904, "GPU_reserved_bytes": 3418357760, "data_wait_seconds": 130.9001323000448, "training_samples_seen": 10000, "scope": "FORMAL_SCIENTIFIC_RUN"}
TRAIN {"utc": "2026-10-01T04:22:06.325372+00:00", "epoch": 1, "global_update": 5100, "LR": 8.703071672354949e-05, "running_L_occ": 0.03393740127790993, "running_L_qr": 0.05258748033987862, "running_L_total": 0.08652488161778855, "pre_clip_grad_norm": 0.5213324427604675, "clipping_fraction": 0.009215686274509804, "samples_per_second": 7.0195680335881425, "GPU_allocated_bytes": 87739904, "GPU_reserved_bytes": 3418357760, "data_wait_seconds": 131.26792630004275, "training_samples_seen": 10200, "scope": "FORMAL_SCIENTIFIC_RUN"}
TRAIN {"utc": "2026-10-01T04:22:32.493337+00:00", "epoch": 1, "global_update": 5200, "LR": 8.873720136518772e-05, "running_L_occ": 0.03396982775563363, "running_L_qr": 0.05188106420297577, "running_L_total": 0.0858508919586094, "pre_clip_grad_norm": 1.1969034671783447, "clipping_fraction": 0.009038461538461539, "samples_per_second": 7.0305954190330855, "GPU_allocated_bytes": 87739904, "GPU_reserved_bytes": 3418357760, "data_wait_seconds": 131.63321320005343, "training_samples_seen": 10400, "scope": "FORMAL_SCIENTIFIC_RUN"}
TRAIN {"utc": "2026-10-01T04:22:58.863666+00:00", "epoch": 1, "global_update": 5300, "LR": 9.044368600682594e-05, "running_L_occ": 0.03388781033185381, "running_L_qr": 0.05112847993860807, "running_L_total": 0.08501629027046188, "pre_clip_grad_norm": 0.7667110562324524, "clipping_fraction": 0.008867924528301888, "samples_per_second": 7.040297350747089, "GPU_allocated_bytes": 87739904, "GPU_reserved_bytes": 3418357760, "data_wait_seconds": 132.00925210004425, "training_samples_seen": 10600, "scope": "FORMAL_SCIENTIFIC_RUN"}
TRAIN {"utc": "2026-10-01T04:23:25.014944+00:00", "epoch": 1, "global_update": 5400, "LR": 9.215017064846417e-05, "running_L_occ": 0.03381863189299024, "running_L_qr": 0.050443768261925134, "running_L_total": 0.08426240015491539, "pre_clip_grad_norm": 0.3763445019721985, "clipping_fraction": 0.008703703703703703, "samples_per_second": 7.050668720900063, "GPU_allocated_bytes": 87739904, "GPU_reserved_bytes": 3418357760, "data_wait_seconds": 132.38334750004287, "training_samples_seen": 10800, "scope": "FORMAL_SCIENTIFIC_RUN"}
TRAIN {"utc": "2026-10-01T04:23:51.458096+00:00", "epoch": 1, "global_update": 5500, "LR": 9.385665529010239e-05, "running_L_occ": 0.03375564543605655, "running_L_qr": 0.04977381588251242, "running_L_total": 0.08352946131856898, "pre_clip_grad_norm": 0.7899244427680969, "clipping_fraction": 0.008545454545454545, "samples_per_second": 7.0593662845982355, "GPU_allocated_bytes": 87739904, "GPU_reserved_bytes": 3418357760, "data_wait_seconds": 132.7592592000401, "training_samples_seen": 11000, "scope": "FORMAL_SCIENTIFIC_RUN"}
TRAIN {"utc": "2026-10-01T04:24:17.784926+00:00", "epoch": 1, "global_update": 5600, "LR": 9.556313993174063e-05, "running_L_occ": 0.03372764995549285, "running_L_qr": 0.049119833430289264, "running_L_total": 0.08284748338578211, "pre_clip_grad_norm": 1.1574033498764038, "clipping_fraction": 0.008392857142857143, "samples_per_second": 7.06829620115618, "GPU_allocated_bytes": 87739904, "GPU_reserved_bytes": 3418357760, "data_wait_seconds": 133.1293654000383, "training_samples_seen": 11200, "scope": "FORMAL_SCIENTIFIC_RUN"}
TRAIN {"utc": "2026-10-01T04:24:44.099257+00:00", "epoch": 1, "global_update": 5700, "LR": 9.726962457337885e-05, "running_L_occ": 0.03374125641822344, "running_L_qr": 0.04854864977343577, "running_L_total": 0.08228990619165921, "pre_clip_grad_norm": 0.10879864543676376, "clipping_fraction": 0.00824561403508772, "samples_per_second": 7.076992163437437, "GPU_allocated_bytes": 87739904, "GPU_reserved_bytes": 3418357760, "data_wait_seconds": 133.49922680003692, "training_samples_seen": 11400, "scope": "FORMAL_SCIENTIFIC_RUN"}
TRAIN {"utc": "2026-10-01T04:25:10.325168+00:00", "epoch": 1, "global_update": 5800, "LR": 9.897610921501707e-05, "running_L_occ": 0.033662632888973816, "running_L_qr": 0.04793033488768921, "running_L_total": 0.08159296777666303, "pre_clip_grad_norm": 0.26667770743370056, "clipping_fraction": 0.008103448275862069, "samples_per_second": 7.0857877021400935, "GPU_allocated_bytes": 87739904, "GPU_reserved_bytes": 3418357760, "data_wait_seconds": 133.86639030004517, "training_samples_seen": 11600, "scope": "FORMAL_SCIENTIFIC_RUN"}
TRAIN {"utc": "2026-10-01T04:25:26.078340+00:00", "epoch": 1, "global_update": 5860, "LR": 0.0001, "running_L_occ": 0.033674861657960554, "running_L_qr": 0.04759918386972966, "running_L_total": 0.08127404552769021, "pre_clip_grad_norm": 0.6297935247421265, "clipping_fraction": 0.008020477815699659, "samples_per_second": 7.09085229495327, "GPU_allocated_bytes": 87739904, "GPU_reserved_bytes": 3418357760, "data_wait_seconds": 134.082908900049, "training_samples_seen": 11720, "scope": "FORMAL_SCIENTIFIC_RUN"}
VALIDATION {"epoch": 1, "phase": "VALIDATION", "scenes_completed": 8, "scenes_required": 11727, "wall_seconds": 6.069959399999789, "updated_utc": "2026-10-01T04:25:32.680881+00:00"}
VALIDATION {"epoch": 1, "phase": "VALIDATION", "scenes_completed": 808, "scenes_required": 11727, "wall_seconds": 39.26988689999962, "updated_utc": "2026-10-01T04:26:05.880898+00:00"}
VALIDATION {"epoch": 1, "phase": "VALIDATION", "scenes_completed": 1608, "scenes_required": 11727, "wall_seconds": 72.3528793000005, "updated_utc": "2026-10-01T04:26:38.963670+00:00"}
VALIDATION {"epoch": 1, "phase": "VALIDATION", "scenes_completed": 2408, "scenes_required": 11727, "wall_seconds": 105.57551910000075, "updated_utc": "2026-10-01T04:27:12.186652+00:00"}
VALIDATION {"epoch": 1, "phase": "VALIDATION", "scenes_completed": 3208, "scenes_required": 11727, "wall_seconds": 138.4458708000002, "updated_utc": "2026-10-01T04:27:45.056557+00:00"}
VALIDATION {"epoch": 1, "phase": "VALIDATION", "scenes_completed": 4008, "scenes_required": 11727, "wall_seconds": 171.7546156999997, "updated_utc": "2026-10-01T04:28:18.365618+00:00"}
VALIDATION {"epoch": 1, "phase": "VALIDATION", "scenes_completed": 4808, "scenes_required": 11727, "wall_seconds": 205.0411237999997, "updated_utc": "2026-10-01T04:28:51.652006+00:00"}
VALIDATION {"epoch": 1, "phase": "VALIDATION", "scenes_completed": 5608, "scenes_required": 11727, "wall_seconds": 238.2130744999995, "updated_utc": "2026-10-01T04:29:24.823888+00:00"}
VALIDATION {"epoch": 1, "phase": "VALIDATION", "scenes_completed": 6408, "scenes_required": 11727, "wall_seconds": 271.31138310000097, "updated_utc": "2026-10-01T04:29:57.922482+00:00"}
VALIDATION {"epoch": 1, "phase": "VALIDATION", "scenes_completed": 7208, "scenes_required": 11727, "wall_seconds": 304.58082900000045, "updated_utc": "2026-10-01T04:30:31.192121+00:00"}
VALIDATION {"epoch": 1, "phase": "VALIDATION", "scenes_completed": 8008, "scenes_required": 11727, "wall_seconds": 337.5010218000007, "updated_utc": "2026-10-01T04:31:04.111337+00:00"}
VALIDATION {"epoch": 1, "phase": "VALIDATION", "scenes_completed": 8808, "scenes_required": 11727, "wall_seconds": 370.57476040000074, "updated_utc": "2026-10-01T04:31:37.185455+00:00"}
VALIDATION {"epoch": 1, "phase": "VALIDATION", "scenes_completed": 9608, "scenes_required": 11727, "wall_seconds": 403.68257509999967, "updated_utc": "2026-10-01T04:32:10.293766+00:00"}
VALIDATION {"epoch": 1, "phase": "VALIDATION", "scenes_completed": 10408, "scenes_required": 11727, "wall_seconds": 436.7877227000008, "updated_utc": "2026-10-01T04:32:43.398277+00:00"}
VALIDATION {"epoch": 1, "phase": "VALIDATION", "scenes_completed": 11208, "scenes_required": 11727, "wall_seconds": 469.7773594999999, "updated_utc": "2026-10-01T04:33:16.388237+00:00"}
VALIDATION {"epoch": 1, "phase": "VALIDATION", "scenes_completed": 11727, "scenes_required": 11727, "wall_seconds": 491.3318274000012, "updated_utc": "2026-10-01T04:33:37.942237+00:00"}
EPOCH_COMPLETED {"epoch": 1, "global_val_core_loss": 0.05191116940240294, "best_epoch": 1, "early_stop_count": 0, "wall_seconds": 2149.3212534999984}
TRAIN {"utc": "2026-10-01T04:33:48.182956+00:00", "epoch": 2, "global_update": 5861, "LR": 9.99999999970373e-05, "running_L_occ": 0.06126311169907555, "running_L_qr": 0.02625782786791895, "running_L_total": 0.0875209395669945, "pre_clip_grad_norm": 2.200209140777588, "clipping_fraction": 0.0, "samples_per_second": 0.3670847578516032, "GPU_allocated_bytes": 87739904, "GPU_reserved_bytes": 7105150976, "data_wait_seconds": 5.1676091000008455, "training_samples_seen": 2, "scope": "FORMAL_SCIENTIFIC_RUN"}
TRAIN {"utc": "2026-10-01T04:33:58.840132+00:00", "epoch": 2, "global_update": 5900, "LR": 9.99999952596814e-05, "running_L_occ": 0.036368402978107214, "running_L_qr": 0.0143214053903275, "running_L_total": 0.050689808368434716, "pre_clip_grad_norm": 1.1824702024459839, "clipping_fraction": 0.025, "samples_per_second": 4.967021923596153, "GPU_allocated_bytes": 87739904, "GPU_reserved_bytes": 7105150976, "data_wait_seconds": 5.282373000009102, "training_samples_seen": 80, "scope": "FORMAL_SCIENTIFIC_RUN"}
TRAIN {"utc": "2026-10-01T04:34:26.221272+00:00", "epoch": 2, "global_update": 6000, "LR": 9.999994193110754e-05, "running_L_occ": 0.032202735683149394, "running_L_qr": 0.014064128764038347, "running_L_total": 0.046266864447187736, "pre_clip_grad_norm": 0.8326206803321838, "clipping_fraction": 0.007142857142857143, "samples_per_second": 6.438700327091306, "GPU_allocated_bytes": 87739904, "GPU_reserved_bytes": 7105150976, "data_wait_seconds": 5.63999500000682, "training_samples_seen": 280, "scope": "FORMAL_SCIENTIFIC_RUN"}
TRAIN {"utc": "2026-10-01T04:34:53.758011+00:00", "epoch": 2, "global_update": 6100, "LR": 9.999982934862557e-05, "running_L_occ": 0.031571681194791, "running_L_qr": 0.01374654785458613, "running_L_total": 0.04531822904937713, "pre_clip_grad_norm": 0.21885085105895996, "clipping_fraction": 0.004166666666666667, "samples_per_second": 6.758324033409997, "GPU_allocated_bytes": 87739904, "GPU_reserved_bytes": 7105150976, "data_wait_seconds": 6.0066753000246536, "training_samples_seen": 480, "scope": "FORMAL_SCIENTIFIC_RUN"}
TRAIN {"utc": "2026-10-01T04:35:21.510506+00:00", "epoch": 2, "global_update": 6200, "LR": 9.999965751237032e-05, "running_L_occ": 0.031268532372446325, "running_L_qr": 0.013289307800121958, "running_L_total": 0.04455784017256829, "pre_clip_grad_norm": 0.06901106983423233, "clipping_fraction": 0.0029411764705882353, "samples_per_second": 6.884212436631462, "GPU_allocated_bytes": 87739904, "GPU_reserved_bytes": 7105150976, "data_wait_seconds": 6.393546400022387, "training_samples_seen": 680, "scope": "FORMAL_SCIENTIFIC_RUN"}
TRAIN {"utc": "2026-10-01T04:35:48.751429+00:00", "epoch": 2, "global_update": 6300, "LR": 9.999942642254742e-05, "running_L_occ": 0.03219157018059721, "running_L_qr": 0.013546635767877636, "running_L_total": 0.04573820594847484, "pre_clip_grad_norm": 0.3195030093193054, "clipping_fraction": 0.0022727272727272726, "samples_per_second": 6.983163834026238, "GPU_allocated_bytes": 87739904, "GPU_reserved_bytes": 7105150976, "data_wait_seconds": 6.769003300019904, "training_samples_seen": 880, "scope": "FORMAL_SCIENTIFIC_RUN"}
TRAIN {"utc": "2026-10-01T04:36:16.290173+00:00", "epoch": 2, "global_update": 6400, "LR": 9.999913607943356e-05, "running_L_occ": 0.03239961272324879, "running_L_qr": 0.014068296281348269, "running_L_total": 0.046467909004597054, "pre_clip_grad_norm": 0.18709011375904083, "clipping_fraction": 0.001851851851851852, "samples_per_second": 7.033281157566542, "GPU_allocated_bytes": 87739904, "GPU_reserved_bytes": 7105150976, "data_wait_seconds": 7.161972000025344, "training_samples_seen": 1080, "scope": "FORMAL_SCIENTIFIC_RUN"}
TRAIN {"utc": "2026-10-01T04:36:44.476604+00:00", "epoch": 2, "global_update": 6500, "LR": 9.999878648337626e-05, "running_L_occ": 0.031875067728712125, "running_L_qr": 0.013809500202471611, "running_L_total": 0.04568456793118374, "pre_clip_grad_norm": 0.10082845389842987, "clipping_fraction": 0.0015625, "samples_per_second": 7.042936619331317, "GPU_allocated_bytes": 87739904, "GPU_reserved_bytes": 7105150976, "data_wait_seconds": 7.559558700033449, "training_samples_seen": 1280, "scope": "FORMAL_SCIENTIFIC_RUN"}
TRAIN {"utc": "2026-10-01T04:37:12.729320+00:00", "epoch": 2, "global_update": 6600, "LR": 9.999837763479399e-05, "running_L_occ": 0.031701384723593434, "running_L_qr": 0.013932168617292875, "running_L_total": 0.04563355334088631, "pre_clip_grad_norm": 0.05976613610982895, "clipping_fraction": 0.0013513513513513514, "samples_per_second": 7.047779287271358, "GPU_allocated_bytes": 87739904, "GPU_reserved_bytes": 7105150976, "data_wait_seconds": 7.9539172000459075, "training_samples_seen": 1480, "scope": "FORMAL_SCIENTIFIC_RUN"}
TRAIN {"utc": "2026-10-01T04:37:39.890263+00:00", "epoch": 2, "global_update": 6700, "LR": 9.99979095341762e-05, "running_L_occ": 0.032176740384219936, "running_L_qr": 0.014224194125197417, "running_L_total": 0.04640093450941735, "pre_clip_grad_norm": 1.0212855339050293, "clipping_fraction": 0.0011904761904761906, "samples_per_second": 7.083929197721535, "GPU_allocated_bytes": 87739904, "GPU_reserved_bytes": 7105150976, "data_wait_seconds": 8.339384500051892, "training_samples_seen": 1680, "scope": "FORMAL_SCIENTIFIC_RUN"}
TRAIN {"utc": "2026-10-01T04:38:07.559245+00:00", "epoch": 2, "global_update": 6800, "LR": 9.99973821820832e-05, "running_L_occ": 0.032257186802749534, "running_L_qr": 0.014312370669491892, "running_L_total": 0.04656955747224143, "pre_clip_grad_norm": 0.7267794013023376, "clipping_fraction": 0.0010638297872340426, "samples_per_second": 7.099020657928042, "GPU_allocated_bytes": 87739904, "GPU_reserved_bytes": 7105150976, "data_wait_seconds": 8.72908680006367, "training_samples_seen": 1880, "scope": "FORMAL_SCIENTIFIC_RUN"}
TRAIN {"utc": "2026-10-01T04:38:34.574110+00:00", "epoch": 2, "global_update": 6900, "LR": 9.999679557914627e-05, "running_L_occ": 0.032313436603059194, "running_L_qr": 0.014480745669654608, "running_L_total": 0.0467941822727138, "pre_clip_grad_norm": 0.07505175471305847, "clipping_fraction": 0.0009615384615384616, "samples_per_second": 7.127184928229174, "GPU_allocated_bytes": 87739904, "GPU_reserved_bytes": 7105150976, "data_wait_seconds": 9.103865400065843, "training_samples_seen": 2080, "scope": "FORMAL_SCIENTIFIC_RUN"}
TRAIN {"utc": "2026-10-01T04:39:01.125191+00:00", "epoch": 2, "global_update": 7000, "LR": 9.999614972606763e-05, "running_L_occ": 0.03231318058054975, "running_L_qr": 0.014393665684320423, "running_L_total": 0.04670684626487018, "pre_clip_grad_norm": 0.2574763596057892, "clipping_fraction": 0.0008771929824561404, "samples_per_second": 7.160996881220022, "GPU_allocated_bytes": 87739904, "GPU_reserved_bytes": 7105150976, "data_wait_seconds": 9.473826700063, "training_samples_seen": 2280, "scope": "FORMAL_SCIENTIFIC_RUN"}
TRAIN {"utc": "2026-10-01T04:39:27.724112+00:00", "epoch": 2, "global_update": 7100, "LR": 9.999544462362033e-05, "running_L_occ": 0.032482216459054684, "running_L_qr": 0.014497952395162073, "running_L_total": 0.04698016885421676, "pre_clip_grad_norm": 0.7587569952011108, "clipping_fraction": 0.0008064516129032258, "samples_per_second": 7.18860927641705, "GPU_allocated_bytes": 87739904, "GPU_reserved_bytes": 7105150976, "data_wait_seconds": 9.83924730005856, "training_samples_seen": 2480, "scope": "FORMAL_SCIENTIFIC_RUN"}
TRAIN {"utc": "2026-10-01T04:39:54.436316+00:00", "epoch": 2, "global_update": 7200, "LR": 9.999468027264847e-05, "running_L_occ": 0.032483891371203645, "running_L_qr": 0.014592556198885668, "running_L_total": 0.047076447570089316, "pre_clip_grad_norm": 0.9395835995674133, "clipping_fraction": 0.0007462686567164179, "samples_per_second": 7.210073539610474, "GPU_allocated_bytes": 87739904, "GPU_reserved_bytes": 7105150976, "data_wait_seconds": 10.208483100066587, "training_samples_seen": 2680, "scope": "FORMAL_SCIENTIFIC_RUN"}
TRAIN {"utc": "2026-10-01T04:40:20.982212+00:00", "epoch": 2, "global_update": 7300, "LR": 9.9993856674067e-05, "running_L_occ": 0.032237234420190934, "running_L_qr": 0.014369508821860735, "running_L_total": 0.04660674324205167, "pre_clip_grad_norm": 0.5963242650032043, "clipping_fraction": 0.0006944444444444445, "samples_per_second": 7.231670540678409, "GPU_allocated_bytes": 87739904, "GPU_reserved_bytes": 7105150976, "data_wait_seconds": 10.573520400075722, "training_samples_seen": 2880, "scope": "FORMAL_SCIENTIFIC_RUN"}
TRAIN {"utc": "2026-10-01T04:40:47.518692+00:00", "epoch": 2, "global_update": 7400, "LR": 9.99929738288618e-05, "running_L_occ": 0.032222382371613845, "running_L_qr": 0.014340798594747893, "running_L_total": 0.046563180966361736, "pre_clip_grad_norm": 0.42805007100105286, "clipping_fraction": 0.0006493506493506494, "samples_per_second": 7.250743560986043, "GPU_allocated_bytes": 87739904, "GPU_reserved_bytes": 7105150976, "data_wait_seconds": 10.937942000073235, "training_samples_seen": 3080, "scope": "FORMAL_SCIENTIFIC_RUN"}
TRAIN {"utc": "2026-10-01T04:41:14.088422+00:00", "epoch": 2, "global_update": 7500, "LR": 9.99920317380897e-05, "running_L_occ": 0.03185822375873016, "running_L_qr": 0.014140562733157704, "running_L_total": 0.045998786491887864, "pre_clip_grad_norm": 0.023216040804982185, "clipping_fraction": 0.0006097560975609756, "samples_per_second": 7.267016548197061, "GPU_allocated_bytes": 87739904, "GPU_reserved_bytes": 7105150976, "data_wait_seconds": 11.29888190008569, "training_samples_seen": 3280, "scope": "FORMAL_SCIENTIFIC_RUN"}
TRAIN {"utc": "2026-10-01T04:41:40.627857+00:00", "epoch": 2, "global_update": 7600, "LR": 9.99910304028784e-05, "running_L_occ": 0.03161994720889642, "running_L_qr": 0.013925124614994495, "running_L_total": 0.04554507182389093, "pre_clip_grad_norm": 0.9411251544952393, "clipping_fraction": 0.0005747126436781609, "samples_per_second": 7.28195910764386, "GPU_allocated_bytes": 87739904, "GPU_reserved_bytes": 7105150976, "data_wait_seconds": 11.662435200089021, "training_samples_seen": 3480, "scope": "FORMAL_SCIENTIFIC_RUN"}
TRAIN {"utc": "2026-10-01T04:42:07.297970+00:00", "epoch": 2, "global_update": 7700, "LR": 9.998996982442657e-05, "running_L_occ": 0.031697812993982256, "running_L_qr": 0.013963766824113379, "running_L_total": 0.04566157981809563, "pre_clip_grad_norm": 0.6451272964477539, "clipping_fraction": 0.0005434782608695652, "samples_per_second": 7.293428922643241, "GPU_allocated_bytes": 87739904, "GPU_reserved_bytes": 7105150976, "data_wait_seconds": 12.03101700006846, "training_samples_seen": 3680, "scope": "FORMAL_SCIENTIFIC_RUN"}
TRAIN {"utc": "2026-10-01T04:42:34.835300+00:00", "epoch": 2, "global_update": 7800, "LR": 9.99888500040038e-05, "running_L_occ": 0.03167819532719008, "running_L_qr": 0.013887207539934797, "running_L_total": 0.045565402867124884, "pre_clip_grad_norm": 0.44064101576805115, "clipping_fraction": 0.0005154639175257732, "samples_per_second": 7.291846140675248, "GPU_allocated_bytes": 87739904, "GPU_reserved_bytes": 7105150976, "data_wait_seconds": 12.398631000067326, "training_samples_seen": 3880, "scope": "FORMAL_SCIENTIFIC_RUN"}
TRAIN {"utc": "2026-10-01T04:43:02.343315+00:00", "epoch": 2, "global_update": 7900, "LR": 9.998767094295051e-05, "running_L_occ": 0.03174793954075593, "running_L_qr": 0.013932569176843468, "running_L_total": 0.0456805087175994, "pre_clip_grad_norm": 0.462697297334671, "clipping_fraction": 0.0004901960784313725, "samples_per_second": 7.290801061992097, "GPU_allocated_bytes": 87739904, "GPU_reserved_bytes": 7105150976, "data_wait_seconds": 12.763608000062959, "training_samples_seen": 4080, "scope": "FORMAL_SCIENTIFIC_RUN"}
TRAIN {"utc": "2026-10-01T04:43:29.824481+00:00", "epoch": 2, "global_update": 8000, "LR": 9.998643264267813e-05, "running_L_occ": 0.031779410410521486, "running_L_qr": 0.013983681002724253, "running_L_total": 0.04576309141324574, "pre_clip_grad_norm": 0.1466536670923233, "clipping_fraction": 0.00046728971962616824, "samples_per_second": 7.29018758788774, "GPU_allocated_bytes": 87739904, "GPU_reserved_bytes": 7105150976, "data_wait_seconds": 13.129002900057458, "training_samples_seen": 4280, "scope": "FORMAL_SCIENTIFIC_RUN"}
TRAIN {"utc": "2026-10-01T04:43:57.317029+00:00", "epoch": 2, "global_update": 8100, "LR": 9.998513510466897e-05, "running_L_occ": 0.0316871017358203, "running_L_qr": 0.013948550817294762, "running_L_total": 0.04563565255311506, "pre_clip_grad_norm": 1.4266682863235474, "clipping_fraction": 0.0004464285714285714, "samples_per_second": 7.289494722324294, "GPU_allocated_bytes": 87739904, "GPU_reserved_bytes": 7105150976, "data_wait_seconds": 13.492732000049728, "training_samples_seen": 4480, "scope": "FORMAL_SCIENTIFIC_RUN"}
TRAIN {"utc": "2026-10-01T04:44:24.831526+00:00", "epoch": 2, "global_update": 8200, "LR": 9.998377833047625e-05, "running_L_occ": 0.03156882403303664, "running_L_qr": 0.013878585183535285, "running_L_total": 0.04544740921657192, "pre_clip_grad_norm": 0.0992577075958252, "clipping_fraction": 0.00042735042735042735, "samples_per_second": 7.288617613296965, "GPU_allocated_bytes": 87739904, "GPU_reserved_bytes": 7105150976, "data_wait_seconds": 13.864682900055413, "training_samples_seen": 4680, "scope": "FORMAL_SCIENTIFIC_RUN"}
TRAIN {"utc": "2026-10-01T04:44:52.348683+00:00", "epoch": 2, "global_update": 8300, "LR": 9.998236232172409e-05, "running_L_occ": 0.03156943770978784, "running_L_qr": 0.01388087556943146, "running_L_total": 0.0454503132792193, "pre_clip_grad_norm": 0.5268610715866089, "clipping_fraction": 0.0004098360655737705, "samples_per_second": 7.287770625859013, "GPU_allocated_bytes": 87739904, "GPU_reserved_bytes": 7105150976, "data_wait_seconds": 14.241465200055245, "training_samples_seen": 4880, "scope": "FORMAL_SCIENTIFIC_RUN"}
TRAIN {"utc": "2026-10-01T04:45:19.912990+00:00", "epoch": 2, "global_update": 8400, "LR": 9.998088708010752e-05, "running_L_occ": 0.031590620265125914, "running_L_qr": 0.013894581465914456, "running_L_total": 0.04548520173104037, "pre_clip_grad_norm": 0.7891020178794861, "clipping_fraction": 0.0003937007874015748, "samples_per_second": 7.286514076100586, "GPU_allocated_bytes": 87739904, "GPU_reserved_bytes": 7105150976, "data_wait_seconds": 14.608228900064205, "training_samples_seen": 5080, "scope": "FORMAL_SCIENTIFIC_RUN"}
TRAIN {"utc": "2026-10-01T04:45:48.552019+00:00", "epoch": 2, "global_update": 8500, "LR": 9.997935260739248e-05, "running_L_occ": 0.031560076737538655, "running_L_qr": 0.01383191799216049, "running_L_total": 0.045391994729699146, "pre_clip_grad_norm": 0.3923051655292511, "clipping_fraction": 0.0003787878787878788, "samples_per_second": 7.274551165029032, "GPU_allocated_bytes": 87739904, "GPU_reserved_bytes": 7105150976, "data_wait_seconds": 14.975700900053198, "training_samples_seen": 5280, "scope": "FORMAL_SCIENTIFIC_RUN"}
TRAIN {"utc": "2026-10-01T04:46:16.594906+00:00", "epoch": 2, "global_update": 8600, "LR": 9.997775890541581e-05, "running_L_occ": 0.031594293945324856, "running_L_qr": 0.01383474487163415, "running_L_total": 0.045429038816959, "pre_clip_grad_norm": 0.12973085045814514, "clipping_fraction": 0.000364963503649635, "samples_per_second": 7.269247590508461, "GPU_allocated_bytes": 87739904, "GPU_reserved_bytes": 7105150976, "data_wait_seconds": 15.34385940005086, "training_samples_seen": 5480, "scope": "FORMAL_SCIENTIFIC_RUN"}
TRAIN {"utc": "2026-10-01T04:46:44.079398+00:00", "epoch": 2, "global_update": 8700, "LR": 9.997610597608524e-05, "running_L_occ": 0.03161865156668255, "running_L_qr": 0.013847624939495932, "running_L_total": 0.04546627650617848, "pre_clip_grad_norm": 0.3063717782497406, "clipping_fraction": 0.00035211267605633805, "samples_per_second": 7.269513810674926, "GPU_allocated_bytes": 87739904, "GPU_reserved_bytes": 7105150976, "data_wait_seconds": 15.711595600036162, "training_samples_seen": 5680, "scope": "FORMAL_SCIENTIFIC_RUN"}
TRAIN {"utc": "2026-10-01T04:47:11.539162+00:00", "epoch": 2, "global_update": 8800, "LR": 9.997439382137944e-05, "running_L_occ": 0.03159600682126743, "running_L_qr": 0.013806361560402563, "running_L_total": 0.04540236838166999, "pre_clip_grad_norm": 0.09869328141212463, "clipping_fraction": 0.0003401360544217687, "samples_per_second": 7.269984306299703, "GPU_allocated_bytes": 87739904, "GPU_reserved_bytes": 7105150976, "data_wait_seconds": 16.084258800026873, "training_samples_seen": 5880, "scope": "FORMAL_SCIENTIFIC_RUN"}
TRAIN {"utc": "2026-10-01T04:47:39.150063+00:00", "epoch": 2, "global_update": 8900, "LR": 9.997262244334792e-05, "running_L_occ": 0.031556415524846386, "running_L_qr": 0.013822531320299617, "running_L_total": 0.045378946845146005, "pre_clip_grad_norm": 0.07022153586149216, "clipping_fraction": 0.0003289473684210526, "samples_per_second": 7.269108764294053, "GPU_allocated_bytes": 87739904, "GPU_reserved_bytes": 7105150976, "data_wait_seconds": 16.45254660003775, "training_samples_seen": 6080, "scope": "FORMAL_SCIENTIFIC_RUN"}
TRAIN {"utc": "2026-10-01T04:48:06.888265+00:00", "epoch": 2, "global_update": 9000, "LR": 9.997079184411112e-05, "running_L_occ": 0.031488316237205216, "running_L_qr": 0.013797829901770694, "running_L_total": 0.045286146138975907, "pre_clip_grad_norm": 1.1173291206359863, "clipping_fraction": 0.0003184713375796178, "samples_per_second": 7.2672208090481965, "GPU_allocated_bytes": 87739904, "GPU_reserved_bytes": 7105150976, "data_wait_seconds": 16.819715400031782, "training_samples_seen": 6280, "scope": "FORMAL_SCIENTIFIC_RUN"}
TRAIN {"utc": "2026-10-01T04:48:34.555203+00:00", "epoch": 2, "global_update": 9100, "LR": 9.996890202586034e-05, "running_L_occ": 0.0314560734207802, "running_L_qr": 0.013784706879864059, "running_L_total": 0.04524078030064427, "pre_clip_grad_norm": 1.0698915719985962, "clipping_fraction": 0.00030864197530864197, "samples_per_second": 7.266028406359768, "GPU_allocated_bytes": 87739904, "GPU_reserved_bytes": 7105150976, "data_wait_seconds": 17.18758230003732, "training_samples_seen": 6480, "scope": "FORMAL_SCIENTIFIC_RUN"}
TRAIN {"utc": "2026-10-01T04:49:02.010976+00:00", "epoch": 2, "global_update": 9200, "LR": 9.996695299085782e-05, "running_L_occ": 0.03131256499215137, "running_L_qr": 0.013719785550204784, "running_L_total": 0.04503235054235615, "pre_clip_grad_norm": 0.2978062331676483, "clipping_fraction": 0.0002994011976047904, "samples_per_second": 7.266582068654081, "GPU_allocated_bytes": 87739904, "GPU_reserved_bytes": 7105150976, "data_wait_seconds": 17.555198800029757, "training_samples_seen": 6680, "scope": "FORMAL_SCIENTIFIC_RUN"}
TRAIN {"utc": "2026-10-01T04:49:29.523020+00:00", "epoch": 2, "global_update": 9300, "LR": 9.996494474143663e-05, "running_L_occ": 0.03131583687835622, "running_L_qr": 0.013718370976563738, "running_L_total": 0.04503420785491996, "pre_clip_grad_norm": 0.5798599123954773, "clipping_fraction": 0.00029069767441860465, "samples_per_second": 7.266670958762484, "GPU_allocated_bytes": 87739904, "GPU_reserved_bytes": 7105150976, "data_wait_seconds": 17.92637020002985, "training_samples_seen": 6880, "scope": "FORMAL_SCIENTIFIC_RUN"}
TRAIN {"utc": "2026-10-01T04:49:57.166847+00:00", "epoch": 2, "global_update": 9400, "LR": 9.996287728000075e-05, "running_L_occ": 0.03131305134987983, "running_L_qr": 0.013708099546830001, "running_L_total": 0.045021150896709834, "pre_clip_grad_norm": 1.7702853679656982, "clipping_fraction": 0.0002824858757062147, "samples_per_second": 7.265764326202228, "GPU_allocated_bytes": 87739904, "GPU_reserved_bytes": 7105150976, "data_wait_seconds": 18.298084900037793, "training_samples_seen": 7080, "scope": "FORMAL_SCIENTIFIC_RUN"}
TRAIN {"utc": "2026-10-01T04:50:24.751164+00:00", "epoch": 2, "global_update": 9500, "LR": 9.996075060902501e-05, "running_L_occ": 0.03125054413818031, "running_L_qr": 0.013700349356096781, "running_L_total": 0.04495089349427709, "pre_clip_grad_norm": 0.7158337831497192, "clipping_fraction": 0.0002747252747252747, "samples_per_second": 7.2653477595720455, "GPU_allocated_bytes": 87739904, "GPU_reserved_bytes": 7105150976, "data_wait_seconds": 18.665557100037404, "training_samples_seen": 7280, "scope": "FORMAL_SCIENTIFIC_RUN"}
TRAIN {"utc": "2026-10-01T04:50:52.386693+00:00", "epoch": 2, "global_update": 9600, "LR": 9.995856473105518e-05, "running_L_occ": 0.03126019195414291, "running_L_qr": 0.013695721463630314, "running_L_total": 0.04495591341777322, "pre_clip_grad_norm": 0.15320472419261932, "clipping_fraction": 0.00026737967914438503, "samples_per_second": 7.264588076982479, "GPU_allocated_bytes": 87739904, "GPU_reserved_bytes": 7105150976, "data_wait_seconds": 19.036350900041725, "training_samples_seen": 7480, "scope": "FORMAL_SCIENTIFIC_RUN"}
TRAIN {"utc": "2026-10-01T04:51:19.886238+00:00", "epoch": 2, "global_update": 9700, "LR": 9.995631964870786e-05, "running_L_occ": 0.03129408204036659, "running_L_qr": 0.013710065878516559, "running_L_total": 0.045004147918883144, "pre_clip_grad_norm": 0.3433060646057129, "clipping_fraction": 0.00026041666666666666, "samples_per_second": 7.264799564330418, "GPU_allocated_bytes": 87739904, "GPU_reserved_bytes": 7105150976, "data_wait_seconds": 19.410686200046257, "training_samples_seen": 7680, "scope": "FORMAL_SCIENTIFIC_RUN"}
TRAIN {"utc": "2026-10-01T04:51:47.441842+00:00", "epoch": 2, "global_update": 9800, "LR": 9.99540153646705e-05, "running_L_occ": 0.031273506069363834, "running_L_qr": 0.013720543298266292, "running_L_total": 0.044994049367630136, "pre_clip_grad_norm": 0.33523234724998474, "clipping_fraction": 0.0002538071065989848, "samples_per_second": 7.264630274726375, "GPU_allocated_bytes": 87739904, "GPU_reserved_bytes": 7105150976, "data_wait_seconds": 19.781983200044124, "training_samples_seen": 7880, "scope": "FORMAL_SCIENTIFIC_RUN"}
TRAIN {"utc": "2026-10-01T04:52:15.052099+00:00", "epoch": 2, "global_update": 9900, "LR": 9.995165188170147e-05, "running_L_occ": 0.03131829270558028, "running_L_qr": 0.013773236716324128, "running_L_total": 0.045091529421904405, "pre_clip_grad_norm": 0.6148011088371277, "clipping_fraction": 0.00024752475247524753, "samples_per_second": 7.264113144750391, "GPU_allocated_bytes": 87739904, "GPU_reserved_bytes": 7105150976, "data_wait_seconds": 20.154769100043268, "training_samples_seen": 8080, "scope": "FORMAL_SCIENTIFIC_RUN"}
TRAIN {"utc": "2026-10-01T04:52:42.600410+00:00", "epoch": 2, "global_update": 10000, "LR": 9.994922920262995e-05, "running_L_occ": 0.031278700971854104, "running_L_qr": 0.01374015748511508, "running_L_total": 0.04501885845696918, "pre_clip_grad_norm": 0.1779869645833969, "clipping_fraction": 0.00024154589371980676, "samples_per_second": 7.2640131934215155, "GPU_allocated_bytes": 87739904, "GPU_reserved_bytes": 7105150976, "data_wait_seconds": 20.540479100056473, "training_samples_seen": 8280, "scope": "FORMAL_SCIENTIFIC_RUN"}
TRAIN {"utc": "2026-10-01T04:53:09.548673+00:00", "epoch": 2, "global_update": 10100, "LR": 9.994674733035604e-05, "running_L_occ": 0.031331679589674984, "running_L_qr": 0.013793232427023011, "running_L_total": 0.04512491201669799, "pre_clip_grad_norm": 0.40897729992866516, "clipping_fraction": 0.0002358490566037736, "samples_per_second": 7.267652401324664, "GPU_allocated_bytes": 87739904, "GPU_reserved_bytes": 7105150976, "data_wait_seconds": 20.912118400065083, "training_samples_seen": 8480, "scope": "FORMAL_SCIENTIFIC_RUN"}
TRAIN {"utc": "2026-10-01T04:53:36.523664+00:00", "epoch": 2, "global_update": 10200, "LR": 9.994420626785065e-05, "running_L_occ": 0.031311966956228406, "running_L_qr": 0.013797765143793042, "running_L_total": 0.04510973210002144, "pre_clip_grad_norm": 0.04987176135182381, "clipping_fraction": 0.0002304147465437788, "samples_per_second": 7.270962816270517, "GPU_allocated_bytes": 87739904, "GPU_reserved_bytes": 7105150976, "data_wait_seconds": 21.28788160007025, "training_samples_seen": 8680, "scope": "FORMAL_SCIENTIFIC_RUN"}
TRAIN {"utc": "2026-10-01T04:54:03.705185+00:00", "epoch": 2, "global_update": 10300, "LR": 9.994160601815555e-05, "running_L_occ": 0.031290266001442336, "running_L_qr": 0.013795217301294292, "running_L_total": 0.04508548330273663, "pre_clip_grad_norm": 0.0866108164191246, "clipping_fraction": 0.00022522522522522523, "samples_per_second": 7.272897684880449, "GPU_allocated_bytes": 87739904, "GPU_reserved_bytes": 7105150976, "data_wait_seconds": 21.668591400062724, "training_samples_seen": 8880, "scope": "FORMAL_SCIENTIFIC_RUN"}
TRAIN {"utc": "2026-10-01T04:54:30.561152+00:00", "epoch": 2, "global_update": 10400, "LR": 9.99389465843834e-05, "running_L_occ": 0.03122171301182724, "running_L_qr": 0.01377648416722957, "running_L_total": 0.04499819717905681, "pre_clip_grad_norm": 0.41950085759162903, "clipping_fraction": 0.00022026431718061675, "samples_per_second": 7.276649171565985, "GPU_allocated_bytes": 87739904, "GPU_reserved_bytes": 7105150976, "data_wait_seconds": 22.041030400059753, "training_samples_seen": 9080, "scope": "FORMAL_SCIENTIFIC_RUN"}
TRAIN {"utc": "2026-10-01T04:54:58.199191+00:00", "epoch": 2, "global_update": 10500, "LR": 9.993622796971763e-05, "running_L_occ": 0.03126145183606036, "running_L_qr": 0.013814797547796803, "running_L_total": 0.04507624938385717, "pre_clip_grad_norm": 0.19472622871398926, "clipping_fraction": 0.00021551724137931034, "samples_per_second": 7.275779618512633, "GPU_allocated_bytes": 87739904, "GPU_reserved_bytes": 7105150976, "data_wait_seconds": 22.424292200066702, "training_samples_seen": 9280, "scope": "FORMAL_SCIENTIFIC_RUN"}
TRAIN {"utc": "2026-10-01T04:55:25.748929+00:00", "epoch": 2, "global_update": 10600, "LR": 9.99334501774126e-05, "running_L_occ": 0.03125778481313629, "running_L_qr": 0.01382986922313551, "running_L_total": 0.0450876540362718, "pre_clip_grad_norm": 0.912579357624054, "clipping_fraction": 0.0002109704641350211, "samples_per_second": 7.275435038949303, "GPU_allocated_bytes": 87739904, "GPU_reserved_bytes": 7105150976, "data_wait_seconds": 22.786672000062026, "training_samples_seen": 9480, "scope": "FORMAL_SCIENTIFIC_RUN"}
TRAIN {"utc": "2026-10-01T04:55:53.115830+00:00", "epoch": 2, "global_update": 10700, "LR": 9.993061321079344e-05, "running_L_occ": 0.0312853012052202, "running_L_qr": 0.01386369483229651, "running_L_total": 0.04514899603751671, "pre_clip_grad_norm": 0.2949848473072052, "clipping_fraction": 0.00020661157024793388, "samples_per_second": 7.276106054753334, "GPU_allocated_bytes": 87739904, "GPU_reserved_bytes": 7105150976, "data_wait_seconds": 23.152747700069085, "training_samples_seen": 9680, "scope": "FORMAL_SCIENTIFIC_RUN"}
TRAIN {"utc": "2026-10-01T04:56:20.340743+00:00", "epoch": 2, "global_update": 10800, "LR": 9.992771707325614e-05, "running_L_occ": 0.031228061469875442, "running_L_qr": 0.013823234515936308, "running_L_total": 0.04505129598581175, "pre_clip_grad_norm": 0.8211643695831299, "clipping_fraction": 0.00020242914979757084, "samples_per_second": 7.277511443394519, "GPU_allocated_bytes": 87739904, "GPU_reserved_bytes": 7105150976, "data_wait_seconds": 23.515495500056204, "training_samples_seen": 9880, "scope": "FORMAL_SCIENTIFIC_RUN"}
TRAIN {"utc": "2026-10-01T04:56:47.791890+00:00", "epoch": 2, "global_update": 10900, "LR": 9.992476176826753e-05, "running_L_occ": 0.03132289152806145, "running_L_qr": 0.013905006160937703, "running_L_total": 0.04522789768899915, "pre_clip_grad_norm": 0.07010780274868011, "clipping_fraction": 0.0001984126984126984, "samples_per_second": 7.277674663267762, "GPU_allocated_bytes": 87739904, "GPU_reserved_bytes": 7105150976, "data_wait_seconds": 23.883533300060662, "training_samples_seen": 10080, "scope": "FORMAL_SCIENTIFIC_RUN"}
TRAIN {"utc": "2026-10-01T04:57:15.215428+00:00", "epoch": 2, "global_update": 11000, "LR": 9.992174729936526e-05, "running_L_occ": 0.031242356160331355, "running_L_qr": 0.013849151263969774, "running_L_total": 0.04509150742430113, "pre_clip_grad_norm": 0.04760407283902168, "clipping_fraction": 0.0001945525291828794, "samples_per_second": 7.277973898977421, "GPU_allocated_bytes": 87739904, "GPU_reserved_bytes": 7105150976, "data_wait_seconds": 24.251414100057445, "training_samples_seen": 10280, "scope": "FORMAL_SCIENTIFIC_RUN"}
TRAIN {"utc": "2026-10-01T04:58:38.895003+00:00", "epoch": 2, "global_update": 11100, "LR": 9.991867367015781e-05, "running_L_occ": 0.031231248966792732, "running_L_qr": 0.01382849209128376, "running_L_total": 0.04505974105807649, "pre_clip_grad_norm": 0.8277196288108826, "clipping_fraction": 0.00019083969465648855, "samples_per_second": 7.004594554718979, "GPU_allocated_bytes": 87739904, "GPU_reserved_bytes": 7105150976, "data_wait_seconds": 80.73259170005076, "training_samples_seen": 10480, "scope": "FORMAL_SCIENTIFIC_RUN"}
TRAIN {"utc": "2026-10-01T04:59:06.354199+00:00", "epoch": 2, "global_update": 11200, "LR": 9.991554088432445e-05, "running_L_occ": 0.031234540773177086, "running_L_qr": 0.01381801235527398, "running_L_total": 0.045052553128451064, "pre_clip_grad_norm": 0.31514793634414673, "clipping_fraction": 0.00018726591760299626, "samples_per_second": 7.009620770468787, "GPU_allocated_bytes": 87739904, "GPU_reserved_bytes": 7105150976, "data_wait_seconds": 81.10877970005095, "training_samples_seen": 10680, "scope": "FORMAL_SCIENTIFIC_RUN"}
TRAIN {"utc": "2026-10-01T04:59:33.837107+00:00", "epoch": 2, "global_update": 11300, "LR": 9.99123489456153e-05, "running_L_occ": 0.031199706148520304, "running_L_qr": 0.013813532604988256, "running_L_total": 0.04501323875350856, "pre_clip_grad_norm": 0.9780892729759216, "clipping_fraction": 0.0001838235294117647, "samples_per_second": 7.0143652858137715, "GPU_allocated_bytes": 87739904, "GPU_reserved_bytes": 7105150976, "data_wait_seconds": 81.50032290004674, "training_samples_seen": 10880, "scope": "FORMAL_SCIENTIFIC_RUN"}
TRAIN {"utc": "2026-10-01T05:00:01.349098+00:00", "epoch": 2, "global_update": 11400, "LR": 9.990909785785124e-05, "running_L_occ": 0.031163489161993272, "running_L_qr": 0.013823554740055612, "running_L_total": 0.044987043902048884, "pre_clip_grad_norm": 0.07400719076395035, "clipping_fraction": 0.00018050541516245486, "samples_per_second": 7.018810123410199, "GPU_allocated_bytes": 87739904, "GPU_reserved_bytes": 7105150976, "data_wait_seconds": 81.87276460005887, "training_samples_seen": 11080, "scope": "FORMAL_SCIENTIFIC_RUN"}
TRAIN {"utc": "2026-10-01T05:00:29.092070+00:00", "epoch": 2, "global_update": 11500, "LR": 9.990578762492401e-05, "running_L_occ": 0.031153640088491148, "running_L_qr": 0.013814310913618838, "running_L_total": 0.044967951002109985, "pre_clip_grad_norm": 0.3451557755470276, "clipping_fraction": 0.0001773049645390071, "samples_per_second": 7.022095428218174, "GPU_allocated_bytes": 87739904, "GPU_reserved_bytes": 7105150976, "data_wait_seconds": 82.24900040005377, "training_samples_seen": 11280, "scope": "FORMAL_SCIENTIFIC_RUN"}
TRAIN {"utc": "2026-10-01T05:00:56.630050+00:00", "epoch": 2, "global_update": 11600, "LR": 9.99024182507961e-05, "running_L_occ": 0.031155304333665056, "running_L_qr": 0.01380280973044166, "running_L_total": 0.04495811406410671, "pre_clip_grad_norm": 0.9611361026763916, "clipping_fraction": 0.00017421602787456446, "samples_per_second": 7.026153578277928, "GPU_allocated_bytes": 87739904, "GPU_reserved_bytes": 7105150976, "data_wait_seconds": 82.61881820005146, "training_samples_seen": 11480, "scope": "FORMAL_SCIENTIFIC_RUN"}
TRAIN {"utc": "2026-10-01T05:01:24.107207+00:00", "epoch": 2, "global_update": 11700, "LR": 9.989898973950087e-05, "running_L_occ": 0.031132119223103192, "running_L_qr": 0.013794362267077016, "running_L_total": 0.04492648149018021, "pre_clip_grad_norm": 0.8892518281936646, "clipping_fraction": 0.00017123287671232877, "samples_per_second": 7.03033020851192, "GPU_allocated_bytes": 87739904, "GPU_reserved_bytes": 7105150976, "data_wait_seconds": 82.9924700000538, "training_samples_seen": 11680, "scope": "FORMAL_SCIENTIFIC_RUN"}
TRAIN {"utc": "2026-10-01T05:01:29.669924+00:00", "epoch": 2, "global_update": 11720, "LR": 9.989829694114165e-05, "running_L_occ": 0.031114326638127746, "running_L_qr": 0.013791855055952167, "running_L_total": 0.044906181694079915, "pre_clip_grad_norm": 0.08426021039485931, "clipping_fraction": 0.00017064846416382253, "samples_per_second": 7.030865021661895, "GPU_allocated_bytes": 87739904, "GPU_reserved_bytes": 7105150976, "data_wait_seconds": 83.06724060005763, "training_samples_seen": 11720, "scope": "FORMAL_SCIENTIFIC_RUN"}
VALIDATION {"epoch": 2, "phase": "VALIDATION", "scenes_completed": 8, "scenes_required": 11727, "wall_seconds": 5.789716999999655, "updated_utc": "2026-10-01T05:01:36.008689+00:00"}
VALIDATION {"epoch": 2, "phase": "VALIDATION", "scenes_completed": 808, "scenes_required": 11727, "wall_seconds": 38.89999770000031, "updated_utc": "2026-10-01T05:02:09.118956+00:00"}
VALIDATION {"epoch": 2, "phase": "VALIDATION", "scenes_completed": 1608, "scenes_required": 11727, "wall_seconds": 72.02850419999959, "updated_utc": "2026-10-01T05:02:42.247281+00:00"}
VALIDATION {"epoch": 2, "phase": "VALIDATION", "scenes_completed": 2408, "scenes_required": 11727, "wall_seconds": 105.35482190000039, "updated_utc": "2026-10-01T05:03:15.573703+00:00"}
VALIDATION {"epoch": 2, "phase": "VALIDATION", "scenes_completed": 3208, "scenes_required": 11727, "wall_seconds": 138.51330339999913, "updated_utc": "2026-10-01T05:03:48.732697+00:00"}
VALIDATION {"epoch": 2, "phase": "VALIDATION", "scenes_completed": 4008, "scenes_required": 11727, "wall_seconds": 171.56199319999905, "updated_utc": "2026-10-01T05:04:21.781425+00:00"}
VALIDATION {"epoch": 2, "phase": "VALIDATION", "scenes_completed": 4808, "scenes_required": 11727, "wall_seconds": 204.76211479999984, "updated_utc": "2026-10-01T05:04:54.981518+00:00"}
VALIDATION {"epoch": 2, "phase": "VALIDATION", "scenes_completed": 5608, "scenes_required": 11727, "wall_seconds": 237.46391029999904, "updated_utc": "2026-10-01T05:05:27.683338+00:00"}
VALIDATION {"epoch": 2, "phase": "VALIDATION", "scenes_completed": 6408, "scenes_required": 11727, "wall_seconds": 270.08128410000063, "updated_utc": "2026-10-01T05:06:00.300555+00:00"}
VALIDATION {"epoch": 2, "phase": "VALIDATION", "scenes_completed": 7208, "scenes_required": 11727, "wall_seconds": 302.3934040000004, "updated_utc": "2026-10-01T05:06:32.611906+00:00"}
VALIDATION {"epoch": 2, "phase": "VALIDATION", "scenes_completed": 8008, "scenes_required": 11727, "wall_seconds": 334.4503224, "updated_utc": "2026-10-01T05:07:04.669727+00:00"}
VALIDATION {"epoch": 2, "phase": "VALIDATION", "scenes_completed": 8808, "scenes_required": 11727, "wall_seconds": 366.4033672000005, "updated_utc": "2026-10-01T05:07:36.621912+00:00"}
VALIDATION {"epoch": 2, "phase": "VALIDATION", "scenes_completed": 9608, "scenes_required": 11727, "wall_seconds": 399.7534586999991, "updated_utc": "2026-10-01T05:08:09.972658+00:00"}
VALIDATION {"epoch": 2, "phase": "VALIDATION", "scenes_completed": 10408, "scenes_required": 11727, "wall_seconds": 432.68148049999945, "updated_utc": "2026-10-01T05:08:42.900321+00:00"}
VALIDATION {"epoch": 2, "phase": "VALIDATION", "scenes_completed": 11208, "scenes_required": 11727, "wall_seconds": 465.76113540000006, "updated_utc": "2026-10-01T05:09:15.980378+00:00"}
VALIDATION {"epoch": 2, "phase": "VALIDATION", "scenes_completed": 11727, "scenes_required": 11727, "wall_seconds": 487.2513583, "updated_utc": "2026-10-01T05:09:37.470194+00:00"}
EPOCH_COMPLETED {"epoch": 2, "global_val_core_loss": 0.049921385973188535, "best_epoch": 2, "early_stop_count": 0, "wall_seconds": 2159.2436053}
TRAIN {"utc": "2026-10-01T05:09:47.427172+00:00", "epoch": 3, "global_update": 11721, "LR": 9.989826223913457e-05, "running_L_occ": 0.008853927275759066, "running_L_qr": 0.0006403416124338135, "running_L_total": 0.009494268888192879, "pre_clip_grad_norm": 0.14915718138217926, "clipping_fraction": 0.0, "samples_per_second": 0.37685297429799824, "GPU_allocated_bytes": 87739904, "GPU_reserved_bytes": 7105150976, "data_wait_seconds": 5.042672499999753, "training_samples_seen": 2, "scope": "FORMAL_SCIENTIFIC_RUN"}
TRAIN {"utc": "2026-10-01T05:10:08.972036+00:00", "epoch": 3, "global_update": 11800, "LR": 9.989550209514236e-05, "running_L_occ": 0.03016202327682416, "running_L_qr": 0.012296449560575767, "running_L_total": 0.042458472837399924, "pre_clip_grad_norm": 0.3247661590576172, "clipping_fraction": 0.0, "samples_per_second": 5.958678819238307, "GPU_allocated_bytes": 87739904, "GPU_reserved_bytes": 7105150976, "data_wait_seconds": 5.275974500000302, "training_samples_seen": 160, "scope": "FORMAL_SCIENTIFIC_RUN"}
TRAIN {"utc": "2026-10-01T05:10:36.549342+00:00", "epoch": 3, "global_update": 11900, "LR": 9.989195532189551e-05, "running_L_occ": 0.03064595152299043, "running_L_qr": 0.013005622966320867, "running_L_total": 0.0436515744893113, "pre_clip_grad_norm": 0.0552380345761776, "clipping_fraction": 0.0, "samples_per_second": 6.614091060850998, "GPU_allocated_bytes": 87739904, "GPU_reserved_bytes": 7105150976, "data_wait_seconds": 5.638831299997037, "training_samples_seen": 360, "scope": "FORMAL_SCIENTIFIC_RUN"}
TRAIN {"utc": "2026-10-01T05:11:04.010159+00:00", "epoch": 3, "global_update": 12000, "LR": 9.988834942400593e-05, "running_L_occ": 0.029366860409939993, "running_L_qr": 0.012548504324656541, "running_L_total": 0.04191536473459653, "pre_clip_grad_norm": 0.19312556087970734, "clipping_fraction": 0.0, "samples_per_second": 6.838468209058587, "GPU_allocated_bytes": 87739904, "GPU_reserved_bytes": 7105150976, "data_wait_seconds": 5.999465299995791, "training_samples_seen": 560, "scope": "FORMAL_SCIENTIFIC_RUN"}
TRAIN {"utc": "2026-10-01T05:11:31.372992+00:00", "epoch": 3, "global_update": 12100, "LR": 9.98846844057901e-05, "running_L_occ": 0.030071289001865658, "running_L_qr": 0.013324218007532933, "running_L_total": 0.04339550700939859, "pre_clip_grad_norm": 1.4399994611740112, "clipping_fraction": 0.0, "samples_per_second": 6.956374053876577, "GPU_allocated_bytes": 87739904, "GPU_reserved_bytes": 7105150976, "data_wait_seconds": 6.363130199986699, "training_samples_seen": 760, "scope": "FORMAL_SCIENTIFIC_RUN"}
TRAIN {"utc": "2026-10-01T05:11:58.771317+00:00", "epoch": 3, "global_update": 12200, "LR": 9.988096027163522e-05, "running_L_occ": 0.02978066977413862, "running_L_qr": 0.013187170789055765, "running_L_total": 0.04296784056319439, "pre_clip_grad_norm": 0.1577731817960739, "clipping_fraction": 0.0, "samples_per_second": 7.025216047768089, "GPU_allocated_bytes": 87739904, "GPU_reserved_bytes": 7105150976, "data_wait_seconds": 6.737198499979058, "training_samples_seen": 960, "scope": "FORMAL_SCIENTIFIC_RUN"}
TRAIN {"utc": "2026-10-01T05:12:26.164034+00:00", "epoch": 3, "global_update": 12300, "LR": 9.987717702599924e-05, "running_L_occ": 0.029726711046966586, "running_L_qr": 0.013191992064421206, "running_L_total": 0.04291870311138779, "pre_clip_grad_norm": 0.2646057903766632, "clipping_fraction": 0.0, "samples_per_second": 7.071282690605385, "GPU_allocated_bytes": 87739904, "GPU_reserved_bytes": 7105150976, "data_wait_seconds": 7.103537599969059, "training_samples_seen": 1160, "scope": "FORMAL_SCIENTIFIC_RUN"}
TRAIN {"utc": "2026-10-01T05:12:53.637988+00:00", "epoch": 3, "global_update": 12400, "LR": 9.987333467341096e-05, "running_L_occ": 0.02977510421769832, "running_L_qr": 0.013094447197277521, "running_L_total": 0.04286955141497584, "pre_clip_grad_norm": 0.5434249639511108, "clipping_fraction": 0.0, "samples_per_second": 7.101180982998054, "GPU_allocated_bytes": 87739904, "GPU_reserved_bytes": 7105150976, "data_wait_seconds": 7.4720395999647735, "training_samples_seen": 1360, "scope": "FORMAL_SCIENTIFIC_RUN"}
TRAIN {"utc": "2026-10-01T05:13:21.233205+00:00", "epoch": 3, "global_update": 12500, "LR": 9.986943321846978e-05, "running_L_occ": 0.02981386968967146, "running_L_qr": 0.013195282962160392, "running_L_total": 0.04300915265183185, "pre_clip_grad_norm": 0.5196038484573364, "clipping_fraction": 0.0, "samples_per_second": 7.119605541285395, "GPU_allocated_bytes": 87739904, "GPU_reserved_bytes": 7105150976, "data_wait_seconds": 7.840586099964639, "training_samples_seen": 1560, "scope": "FORMAL_SCIENTIFIC_RUN"}
TRAIN {"utc": "2026-10-01T05:13:48.769283+00:00", "epoch": 3, "global_update": 12600, "LR": 9.9865472665846e-05, "running_L_occ": 0.030039999997043248, "running_L_qr": 0.013421524333112212, "running_L_total": 0.04346152433015547, "pre_clip_grad_norm": 0.5067442059516907, "clipping_fraction": 0.0, "samples_per_second": 7.135659885777483, "GPU_allocated_bytes": 87739904, "GPU_reserved_bytes": 7105150976, "data_wait_seconds": 8.21062829996481, "training_samples_seen": 1760, "scope": "FORMAL_SCIENTIFIC_RUN"}
TRAIN {"utc": "2026-10-01T05:14:16.351074+00:00", "epoch": 3, "global_update": 12700, "LR": 9.986145302028059e-05, "running_L_occ": 0.029907052058064418, "running_L_qr": 0.013403041273433104, "running_L_total": 0.04331009333149752, "pre_clip_grad_norm": 0.18052485585212708, "clipping_fraction": 0.0, "samples_per_second": 7.14725253386104, "GPU_allocated_bytes": 87739904, "GPU_reserved_bytes": 7105150976, "data_wait_seconds": 8.58316079996257, "training_samples_seen": 1960, "scope": "FORMAL_SCIENTIFIC_RUN"}
TRAIN {"utc": "2026-10-01T05:14:43.947018+00:00", "epoch": 3, "global_update": 12800, "LR": 9.985737428658525e-05, "running_L_occ": 0.03009228292176559, "running_L_qr": 0.013530766629583297, "running_L_total": 0.04362304955134889, "pre_clip_grad_norm": 0.22708551585674286, "clipping_fraction": 0.0, "samples_per_second": 7.15642363714951, "GPU_allocated_bytes": 87739904, "GPU_reserved_bytes": 7105150976, "data_wait_seconds": 8.9604749999653, "training_samples_seen": 2160, "scope": "FORMAL_SCIENTIFIC_RUN"}
TRAIN {"utc": "2026-10-01T05:15:11.524036+00:00", "epoch": 3, "global_update": 12900, "LR": 9.985323646964243e-05, "running_L_occ": 0.030037583103904465, "running_L_qr": 0.013535942792515904, "running_L_total": 0.04357352589642037, "pre_clip_grad_norm": 0.6711180210113525, "clipping_fraction": 0.0, "samples_per_second": 7.164451898097357, "GPU_allocated_bytes": 87739904, "GPU_reserved_bytes": 7105150976, "data_wait_seconds": 9.33229909997317, "training_samples_seen": 2360, "scope": "FORMAL_SCIENTIFIC_RUN"}
TRAIN {"utc": "2026-10-01T05:15:38.906209+00:00", "epoch": 3, "global_update": 13000, "LR": 9.984903957440532e-05, "running_L_occ": 0.030010336878334327, "running_L_qr": 0.013572195139358551, "running_L_total": 0.043582532017692875, "pre_clip_grad_norm": 0.3856700360774994, "clipping_fraction": 0.0, "samples_per_second": 7.175174915461134, "GPU_allocated_bytes": 87739904, "GPU_reserved_bytes": 7105150976, "data_wait_seconds": 9.704996099968412, "training_samples_seen": 2560, "scope": "FORMAL_SCIENTIFIC_RUN"}
TRAIN {"utc": "2026-10-01T05:16:06.606186+00:00", "epoch": 3, "global_update": 13100, "LR": 9.984478360589781e-05, "running_L_occ": 0.030067408163348196, "running_L_qr": 0.013666939397215668, "running_L_total": 0.04373434756056386, "pre_clip_grad_norm": 0.15889056026935577, "clipping_fraction": 0.0, "samples_per_second": 7.17840982821497, "GPU_allocated_bytes": 87739904, "GPU_reserved_bytes": 7105150976, "data_wait_seconds": 10.075492999972994, "training_samples_seen": 2760, "scope": "FORMAL_SCIENTIFIC_RUN"}
TRAIN {"utc": "2026-10-01T05:16:34.170166+00:00", "epoch": 3, "global_update": 13200, "LR": 9.984046856921448e-05, "running_L_occ": 0.030218999558158464, "running_L_qr": 0.013700813906298178, "running_L_total": 0.04391981346445664, "pre_clip_grad_norm": 0.39837709069252014, "clipping_fraction": 0.0, "samples_per_second": 7.183605097474828, "GPU_allocated_bytes": 87739904, "GPU_reserved_bytes": 7105150976, "data_wait_seconds": 10.446117399975265, "training_samples_seen": 2960, "scope": "FORMAL_SCIENTIFIC_RUN"}
TRAIN {"utc": "2026-10-01T05:17:01.587570+00:00", "epoch": 3, "global_update": 13300, "LR": 9.983609446952069e-05, "running_L_occ": 0.030143689218307974, "running_L_qr": 0.013646924345495826, "running_L_total": 0.0437906135638038, "pre_clip_grad_norm": 0.35763949155807495, "clipping_fraction": 0.0, "samples_per_second": 7.190530506395689, "GPU_allocated_bytes": 87739904, "GPU_reserved_bytes": 7105150976, "data_wait_seconds": 10.81852579997576, "training_samples_seen": 3160, "scope": "FORMAL_SCIENTIFIC_RUN"}
TRAIN {"utc": "2026-10-01T05:17:29.040417+00:00", "epoch": 3, "global_update": 13400, "LR": 9.983166131205243e-05, "running_L_occ": 0.03002614243959178, "running_L_qr": 0.013600831175807725, "running_L_total": 0.0436269736153995, "pre_clip_grad_norm": 0.45132574439048767, "clipping_fraction": 0.0, "samples_per_second": 7.196084887775846, "GPU_allocated_bytes": 87739904, "GPU_reserved_bytes": 7105150976, "data_wait_seconds": 11.187245099985375, "training_samples_seen": 3360, "scope": "FORMAL_SCIENTIFIC_RUN"}
TRAIN {"utc": "2026-10-01T05:17:56.872808+00:00", "epoch": 3, "global_update": 13500, "LR": 9.98271691021164e-05, "running_L_occ": 0.03017207459355231, "running_L_qr": 0.013741321451218744, "running_L_total": 0.043913396044771055, "pre_clip_grad_norm": 0.9427011609077454, "clipping_fraction": 0.0, "samples_per_second": 7.195522738779586, "GPU_allocated_bytes": 87739904, "GPU_reserved_bytes": 7105150976, "data_wait_seconds": 11.559666199971616, "training_samples_seen": 3560, "scope": "FORMAL_SCIENTIFIC_RUN"}
TRAIN {"utc": "2026-10-01T05:18:24.278837+00:00", "epoch": 3, "global_update": 13600, "LR": 9.982261784509002e-05, "running_L_occ": 0.0301164666204036, "running_L_qr": 0.013697682165056709, "running_L_total": 0.04381414878546031, "pre_clip_grad_norm": 0.13517171144485474, "clipping_fraction": 0.0, "samples_per_second": 7.200872162282208, "GPU_allocated_bytes": 87739904, "GPU_reserved_bytes": 7105150976, "data_wait_seconds": 11.918667999980244, "training_samples_seen": 3760, "scope": "FORMAL_SCIENTIFIC_RUN"}
TRAIN {"utc": "2026-10-01T05:18:51.607834+00:00", "epoch": 3, "global_update": 13700, "LR": 9.981800754642139e-05, "running_L_occ": 0.03016208020221635, "running_L_qr": 0.013649337118038923, "running_L_total": 0.04381141732025527, "pre_clip_grad_norm": 0.0488598495721817, "clipping_fraction": 0.0, "samples_per_second": 7.206714680822088, "GPU_allocated_bytes": 87739904, "GPU_reserved_bytes": 7105150976, "data_wait_seconds": 12.283218999973542, "training_samples_seen": 3960, "scope": "FORMAL_SCIENTIFIC_RUN"}
TRAIN {"utc": "2026-10-01T05:19:18.995170+00:00", "epoch": 3, "global_update": 13800, "LR": 9.981333821162921e-05, "running_L_occ": 0.030224288011795025, "running_L_qr": 0.013643939320577454, "running_L_total": 0.04386822733237248, "pre_clip_grad_norm": 0.09613753855228424, "clipping_fraction": 0.0, "samples_per_second": 7.211266288073726, "GPU_allocated_bytes": 87739904, "GPU_reserved_bytes": 7105150976, "data_wait_seconds": 12.64770709997174, "training_samples_seen": 4160, "scope": "FORMAL_SCIENTIFIC_RUN"}
TRAIN {"utc": "2026-10-01T05:19:46.531130+00:00", "epoch": 3, "global_update": 13900, "LR": 9.980860984630296e-05, "running_L_occ": 0.030210539845036057, "running_L_qr": 0.013651159790792497, "running_L_total": 0.043861699635828554, "pre_clip_grad_norm": 0.08937481790781021, "clipping_fraction": 0.0, "samples_per_second": 7.213637396719941, "GPU_allocated_bytes": 87739904, "GPU_reserved_bytes": 7105150976, "data_wait_seconds": 13.012203999969643, "training_samples_seen": 4360, "scope": "FORMAL_SCIENTIFIC_RUN"}
TRAIN {"utc": "2026-10-01T05:20:14.065935+00:00", "epoch": 3, "global_update": 14000, "LR": 9.980382245610271e-05, "running_L_occ": 0.03026320129678274, "running_L_qr": 0.013668564994358602, "running_L_total": 0.043931766291141344, "pre_clip_grad_norm": 0.17672836780548096, "clipping_fraction": 0.0, "samples_per_second": 7.2158140116444285, "GPU_allocated_bytes": 87739904, "GPU_reserved_bytes": 7105150976, "data_wait_seconds": 13.383219099963753, "training_samples_seen": 4560, "scope": "FORMAL_SCIENTIFIC_RUN"}
TRAIN {"utc": "2026-10-01T05:20:41.506089+00:00", "epoch": 3, "global_update": 14100, "LR": 9.979897604675921e-05, "running_L_occ": 0.030303403171179324, "running_L_qr": 0.013688614767973785, "running_L_total": 0.04399201793915311, "pre_clip_grad_norm": 0.10521819442510605, "clipping_fraction": 0.0, "samples_per_second": 7.2188357618920325, "GPU_allocated_bytes": 87739904, "GPU_reserved_bytes": 7105150976, "data_wait_seconds": 13.747871699959433, "training_samples_seen": 4760, "scope": "FORMAL_SCIENTIFIC_RUN"}
TRAIN {"utc": "2026-10-01T05:21:08.656082+00:00", "epoch": 3, "global_update": 14200, "LR": 9.979407062407385e-05, "running_L_occ": 0.03031924926481, "running_L_qr": 0.013668873643363713, "running_L_total": 0.043988122908173714, "pre_clip_grad_norm": 0.4066297709941864, "clipping_fraction": 0.0, "samples_per_second": 7.224679143652988, "GPU_allocated_bytes": 87739904, "GPU_reserved_bytes": 7105150976, "data_wait_seconds": 14.113317199960875, "training_samples_seen": 4960, "scope": "FORMAL_SCIENTIFIC_RUN"}
TRAIN {"utc": "2026-10-01T05:21:36.076734+00:00", "epoch": 3, "global_update": 14300, "LR": 9.978910619391868e-05, "running_L_occ": 0.030374113892468985, "running_L_qr": 0.013681033234391186, "running_L_total": 0.04405514712686017, "pre_clip_grad_norm": 0.09983820468187332, "clipping_fraction": 0.0, "samples_per_second": 7.227329580724723, "GPU_allocated_bytes": 87739904, "GPU_reserved_bytes": 7105150976, "data_wait_seconds": 14.478204299957724, "training_samples_seen": 5160, "scope": "FORMAL_SCIENTIFIC_RUN"}
TRAIN {"utc": "2026-10-01T05:22:03.589859+00:00", "epoch": 3, "global_update": 14400, "LR": 9.978408276223635e-05, "running_L_occ": 0.030394538675152006, "running_L_qr": 0.013699705293580397, "running_L_total": 0.044094243968732405, "pre_clip_grad_norm": 0.11894571781158447, "clipping_fraction": 0.0, "samples_per_second": 7.228891723527653, "GPU_allocated_bytes": 87739904, "GPU_reserved_bytes": 7105150976, "data_wait_seconds": 14.848081599964644, "training_samples_seen": 5360, "scope": "FORMAL_SCIENTIFIC_RUN"}
TRAIN {"utc": "2026-10-01T05:22:31.173938+00:00", "epoch": 3, "global_update": 14500, "LR": 9.977900033504016e-05, "running_L_occ": 0.03038406102528579, "running_L_qr": 0.01368388603488191, "running_L_total": 0.0440679470601677, "pre_clip_grad_norm": 0.09641912579536438, "clipping_fraction": 0.0, "samples_per_second": 7.229666168674519, "GPU_allocated_bytes": 87739904, "GPU_reserved_bytes": 7105150976, "data_wait_seconds": 15.221365999959744, "training_samples_seen": 5560, "scope": "FORMAL_SCIENTIFIC_RUN"}
TRAIN {"utc": "2026-10-01T05:22:58.767209+00:00", "epoch": 3, "global_update": 14600, "LR": 9.977385891841406e-05, "running_L_occ": 0.030420941589599924, "running_L_qr": 0.0136651517602499, "running_L_total": 0.04408609334984982, "pre_clip_grad_norm": 0.20383279025554657, "clipping_fraction": 0.0, "samples_per_second": 7.230301282561036, "GPU_allocated_bytes": 87739904, "GPU_reserved_bytes": 7105150976, "data_wait_seconds": 15.587860099965837, "training_samples_seen": 5760, "scope": "FORMAL_SCIENTIFIC_RUN"}
TRAIN {"utc": "2026-10-01T05:23:26.211939+00:00", "epoch": 3, "global_update": 14700, "LR": 9.976865851851254e-05, "running_L_occ": 0.030409232922210733, "running_L_qr": 0.013655356438891736, "running_L_total": 0.04406458936110247, "pre_clip_grad_norm": 1.8265703916549683, "clipping_fraction": 0.0, "samples_per_second": 7.232201806846653, "GPU_allocated_bytes": 87739904, "GPU_reserved_bytes": 7105150976, "data_wait_seconds": 15.97291069997118, "training_samples_seen": 5960, "scope": "FORMAL_SCIENTIFIC_RUN"}
TRAIN {"utc": "2026-10-01T05:23:53.736391+00:00", "epoch": 3, "global_update": 14800, "LR": 9.97633991415608e-05, "running_L_occ": 0.030469518421075186, "running_L_qr": 0.013749861311859093, "running_L_total": 0.04421937973293428, "pre_clip_grad_norm": 0.05614348128437996, "clipping_fraction": 0.0, "samples_per_second": 7.233309786581078, "GPU_allocated_bytes": 87739904, "GPU_reserved_bytes": 7105150976, "data_wait_seconds": 16.345568899969294, "training_samples_seen": 6160, "scope": "FORMAL_SCIENTIFIC_RUN"}
TRAIN {"utc": "2026-10-01T05:24:21.225374+00:00", "epoch": 3, "global_update": 14900, "LR": 9.97580807938545e-05, "running_L_occ": 0.030380584225551545, "running_L_qr": 0.013686767589384724, "running_L_total": 0.04406735181493627, "pre_clip_grad_norm": 0.1781495213508606, "clipping_fraction": 0.0, "samples_per_second": 7.234629722535857, "GPU_allocated_bytes": 87739904, "GPU_reserved_bytes": 7105150976, "data_wait_seconds": 16.713416499978848, "training_samples_seen": 6360, "scope": "FORMAL_SCIENTIFIC_RUN"}
TRAIN {"utc": "2026-10-01T05:24:48.612464+00:00", "epoch": 3, "global_update": 15000, "LR": 9.975270348176003e-05, "running_L_occ": 0.03036241872811892, "running_L_qr": 0.013687425209900113, "running_L_total": 0.04404984393801903, "pre_clip_grad_norm": 0.3078809976577759, "clipping_fraction": 0.0, "samples_per_second": 7.23668903628444, "GPU_allocated_bytes": 87739904, "GPU_reserved_bytes": 7105150976, "data_wait_seconds": 17.08514059998197, "training_samples_seen": 6560, "scope": "FORMAL_SCIENTIFIC_RUN"}
TRAIN {"utc": "2026-10-01T05:25:16.145422+00:00", "epoch": 3, "global_update": 15100, "LR": 9.974726721171427e-05, "running_L_occ": 0.0302982277617595, "running_L_qr": 0.013675410634831846, "running_L_total": 0.043973638396591345, "pre_clip_grad_norm": 0.24996958673000336, "clipping_fraction": 0.0, "samples_per_second": 7.237496625585457, "GPU_allocated_bytes": 87739904, "GPU_reserved_bytes": 7105150976, "data_wait_seconds": 17.457236799993552, "training_samples_seen": 6760, "scope": "FORMAL_SCIENTIFIC_RUN"}
TRAIN {"utc": "2026-10-01T05:25:43.730167+00:00", "epoch": 3, "global_update": 15200, "LR": 9.974177199022472e-05, "running_L_occ": 0.030226473113716, "running_L_qr": 0.013635257955601544, "running_L_total": 0.043861731069317546, "pre_clip_grad_norm": 1.3210761547088623, "clipping_fraction": 0.0, "samples_per_second": 7.23785912237307, "GPU_allocated_bytes": 87739904, "GPU_reserved_bytes": 7105150976, "data_wait_seconds": 17.82380139999259, "training_samples_seen": 6960, "scope": "FORMAL_SCIENTIFIC_RUN"}
TRAIN {"utc": "2026-10-01T05:26:11.088378+00:00", "epoch": 3, "global_update": 15300, "LR": 9.973621782386944e-05, "running_L_occ": 0.030213244704191414, "running_L_qr": 0.013623106974414295, "running_L_total": 0.04383635167860571, "pre_clip_grad_norm": 0.21042248606681824, "clipping_fraction": 0.0, "samples_per_second": 7.239872658535046, "GPU_allocated_bytes": 87739904, "GPU_reserved_bytes": 7105150976, "data_wait_seconds": 18.188639399997555, "training_samples_seen": 7160, "scope": "FORMAL_SCIENTIFIC_RUN"}
TRAIN {"utc": "2026-10-01T05:26:38.618034+00:00", "epoch": 3, "global_update": 15400, "LR": 9.973060471929703e-05, "running_L_occ": 0.03019728624650146, "running_L_qr": 0.013623460819662044, "running_L_total": 0.043820747066163505, "pre_clip_grad_norm": 0.6132110953330994, "clipping_fraction": 0.0, "samples_per_second": 7.240549979568449, "GPU_allocated_bytes": 87739904, "GPU_reserved_bytes": 7105150976, "data_wait_seconds": 18.55512789999011, "training_samples_seen": 7360, "scope": "FORMAL_SCIENTIFIC_RUN"}
TRAIN {"utc": "2026-10-01T05:27:06.145399+00:00", "epoch": 3, "global_update": 15500, "LR": 9.972493268322665e-05, "running_L_occ": 0.030152393236934298, "running_L_qr": 0.013601828463991848, "running_L_total": 0.04375422170092614, "pre_clip_grad_norm": 0.15607775747776031, "clipping_fraction": 0.0, "samples_per_second": 7.241206104717693, "GPU_allocated_bytes": 87739904, "GPU_reserved_bytes": 7105150976, "data_wait_seconds": 18.92406499999197, "training_samples_seen": 7560, "scope": "FORMAL_SCIENTIFIC_RUN"}
TRAIN {"utc": "2026-10-01T05:27:33.529862+00:00", "epoch": 3, "global_update": 15600, "LR": 9.971920172244804e-05, "running_L_occ": 0.030254876861909308, "running_L_qr": 0.013644001249540016, "running_L_total": 0.04389887811144933, "pre_clip_grad_norm": 0.13052603602409363, "clipping_fraction": 0.0, "samples_per_second": 7.242795568823959, "GPU_allocated_bytes": 87739904, "GPU_reserved_bytes": 7105150976, "data_wait_seconds": 19.290162899998904, "training_samples_seen": 7760, "scope": "FORMAL_SCIENTIFIC_RUN"}
TRAIN {"utc": "2026-10-01T05:28:01.151237+00:00", "epoch": 3, "global_update": 15700, "LR": 9.971341184382143e-05, "running_L_occ": 0.030228715608972435, "running_L_qr": 0.013598309613394909, "running_L_total": 0.043827025222367345, "pre_clip_grad_norm": 0.048850782215595245, "clipping_fraction": 0.0, "samples_per_second": 7.242741785725165, "GPU_allocated_bytes": 87739904, "GPU_reserved_bytes": 7105150976, "data_wait_seconds": 19.66084519999822, "training_samples_seen": 7960, "scope": "FORMAL_SCIENTIFIC_RUN"}
TRAIN {"utc": "2026-10-01T05:28:28.758198+00:00", "epoch": 3, "global_update": 15800, "LR": 9.970756305427759e-05, "running_L_occ": 0.03020730272415696, "running_L_qr": 0.013610013835176191, "running_L_total": 0.043817316559333144, "pre_clip_grad_norm": 0.07127246260643005, "clipping_fraction": 0.0, "samples_per_second": 7.242786012361066, "GPU_allocated_bytes": 87739904, "GPU_reserved_bytes": 7105150976, "data_wait_seconds": 20.03073630000108, "training_samples_seen": 8160, "scope": "FORMAL_SCIENTIFIC_RUN"}
TRAIN {"utc": "2026-10-01T05:28:56.090933+00:00", "epoch": 3, "global_update": 15900, "LR": 9.970165536081782e-05, "running_L_occ": 0.030254361213971747, "running_L_qr": 0.01361029425890585, "running_L_total": 0.0438646554728776, "pre_clip_grad_norm": 0.33356964588165283, "clipping_fraction": 0.0, "samples_per_second": 7.244553210334168, "GPU_allocated_bytes": 87739904, "GPU_reserved_bytes": 7105150976, "data_wait_seconds": 20.398077799995008, "training_samples_seen": 8360, "scope": "FORMAL_SCIENTIFIC_RUN"}
TRAIN {"utc": "2026-10-01T05:29:23.557337+00:00", "epoch": 3, "global_update": 16000, "LR": 9.969568877051393e-05, "running_L_occ": 0.030198682308820272, "running_L_qr": 0.013590185386764585, "running_L_total": 0.04378886769558486, "pre_clip_grad_norm": 0.1609053909778595, "clipping_fraction": 0.0, "samples_per_second": 7.245412370342361, "GPU_allocated_bytes": 87739904, "GPU_reserved_bytes": 7105150976, "data_wait_seconds": 20.763147400008165, "training_samples_seen": 8560, "scope": "FORMAL_SCIENTIFIC_RUN"}
TRAIN {"utc": "2026-10-01T05:29:51.141049+00:00", "epoch": 3, "global_update": 16100, "LR": 9.968966329050824e-05, "running_L_occ": 0.030167473588421107, "running_L_qr": 0.013585599017596747, "running_L_total": 0.04375307260601786, "pre_clip_grad_norm": 0.4680001139640808, "clipping_fraction": 0.0, "samples_per_second": 7.245535184017293, "GPU_allocated_bytes": 87739904, "GPU_reserved_bytes": 7105150976, "data_wait_seconds": 21.136286500017377, "training_samples_seen": 8760, "scope": "FORMAL_SCIENTIFIC_RUN"}
TRAIN {"utc": "2026-10-01T05:30:19.306994+00:00", "epoch": 3, "global_update": 16200, "LR": 9.968357892801351e-05, "running_L_occ": 0.03018317014465051, "running_L_qr": 0.013590170613076363, "running_L_total": 0.043773340757726875, "pre_clip_grad_norm": 0.49469873309135437, "clipping_fraction": 0.0, "samples_per_second": 7.2422373886581894, "GPU_allocated_bytes": 87739904, "GPU_reserved_bytes": 7105150976, "data_wait_seconds": 21.505216600022322, "training_samples_seen": 8960, "scope": "FORMAL_SCIENTIFIC_RUN"}
TRAIN {"utc": "2026-10-01T05:30:47.904450+00:00", "epoch": 3, "global_update": 16300, "LR": 9.967743569031305e-05, "running_L_occ": 0.030094746635077458, "running_L_qr": 0.013560105206715132, "running_L_total": 0.04365485184179259, "pre_clip_grad_norm": 0.02136099524796009, "clipping_fraction": 0.0, "samples_per_second": 7.236620605535165, "GPU_allocated_bytes": 87739904, "GPU_reserved_bytes": 7105150976, "data_wait_seconds": 21.87540960001934, "training_samples_seen": 9160, "scope": "FORMAL_SCIENTIFIC_RUN"}
TRAIN {"utc": "2026-10-01T05:31:15.551213+00:00", "epoch": 3, "global_update": 16400, "LR": 9.967123358476064e-05, "running_L_occ": 0.030063505026113643, "running_L_qr": 0.013577116505501882, "running_L_total": 0.04364062153161553, "pre_clip_grad_norm": 0.08349114656448364, "clipping_fraction": 0.0, "samples_per_second": 7.236566144394077, "GPU_allocated_bytes": 87739904, "GPU_reserved_bytes": 7105150976, "data_wait_seconds": 22.247365500028536, "training_samples_seen": 9360, "scope": "FORMAL_SCIENTIFIC_RUN"}
TRAIN {"utc": "2026-10-01T05:31:43.122771+00:00", "epoch": 3, "global_update": 16500, "LR": 9.966497261878048e-05, "running_L_occ": 0.030017834354510785, "running_L_qr": 0.013550083994810024, "running_L_total": 0.043567918349320806, "pre_clip_grad_norm": 0.4578460156917572, "clipping_fraction": 0.0, "samples_per_second": 7.236928040098235, "GPU_allocated_bytes": 87739904, "GPU_reserved_bytes": 7105150976, "data_wait_seconds": 22.613657800022338, "training_samples_seen": 9560, "scope": "FORMAL_SCIENTIFIC_RUN"}
TRAIN {"utc": "2026-10-01T05:32:10.770357+00:00", "epoch": 3, "global_update": 16600, "LR": 9.965865279986728e-05, "running_L_occ": 0.0299928224122317, "running_L_qr": 0.013548307031271738, "running_L_total": 0.04354112944350344, "pre_clip_grad_norm": 0.2632559835910797, "clipping_fraction": 0.0, "samples_per_second": 7.236867165803604, "GPU_allocated_bytes": 87739904, "GPU_reserved_bytes": 7105150976, "data_wait_seconds": 22.982876900021438, "training_samples_seen": 9760, "scope": "FORMAL_SCIENTIFIC_RUN"}
TRAIN {"utc": "2026-10-01T05:32:38.250324+00:00", "epoch": 3, "global_update": 16700, "LR": 9.965227413558618e-05, "running_L_occ": 0.030005229948155143, "running_L_qr": 0.013571846727377114, "running_L_total": 0.043577076675532254, "pre_clip_grad_norm": 0.22165746986865997, "clipping_fraction": 0.0, "samples_per_second": 7.23768713588094, "GPU_allocated_bytes": 87739904, "GPU_reserved_bytes": 7105150976, "data_wait_seconds": 23.347971700020935, "training_samples_seen": 9960, "scope": "FORMAL_SCIENTIFIC_RUN"}
TRAIN {"utc": "2026-10-01T05:33:05.590030+00:00", "epoch": 3, "global_update": 16800, "LR": 9.964583663357272e-05, "running_L_occ": 0.02999059340824411, "running_L_qr": 0.013568289009001684, "running_L_total": 0.043558882417245794, "pre_clip_grad_norm": 0.04422357678413391, "clipping_fraction": 0.0, "samples_per_second": 7.239203261887693, "GPU_allocated_bytes": 87739904, "GPU_reserved_bytes": 7105150976, "data_wait_seconds": 23.7162513000294, "training_samples_seen": 10160, "scope": "FORMAL_SCIENTIFIC_RUN"}
TRAIN {"utc": "2026-10-01T05:33:32.826450+00:00", "epoch": 3, "global_update": 16900, "LR": 9.963934030153298e-05, "running_L_occ": 0.030030767675667636, "running_L_qr": 0.013569392353656767, "running_L_total": 0.0436001600293244, "pre_clip_grad_norm": 0.15879583358764648, "clipping_fraction": 0.0, "samples_per_second": 7.2411774589801805, "GPU_allocated_bytes": 87739904, "GPU_reserved_bytes": 7105150976, "data_wait_seconds": 24.084819300016534, "training_samples_seen": 10360, "scope": "FORMAL_SCIENTIFIC_RUN"}
TRAIN {"utc": "2026-10-01T05:34:00.160775+00:00", "epoch": 3, "global_update": 17000, "LR": 9.963278514724335e-05, "running_L_occ": 0.030002271943095325, "running_L_qr": 0.01352995805333852, "running_L_total": 0.043532229996433844, "pre_clip_grad_norm": 0.5868871212005615, "clipping_fraction": 0.0, "samples_per_second": 7.242596057968541, "GPU_allocated_bytes": 87739904, "GPU_reserved_bytes": 7105150976, "data_wait_seconds": 24.451170200023626, "training_samples_seen": 10560, "scope": "FORMAL_SCIENTIFIC_RUN"}
TRAIN {"utc": "2026-10-01T05:34:27.800440+00:00", "epoch": 3, "global_update": 17100, "LR": 9.96261711785507e-05, "running_L_occ": 0.030035250834366343, "running_L_qr": 0.01351679104195057, "running_L_total": 0.043552041876316915, "pre_clip_grad_norm": 0.205035001039505, "clipping_fraction": 0.0, "samples_per_second": 7.2424755288088445, "GPU_allocated_bytes": 87739904, "GPU_reserved_bytes": 7105150976, "data_wait_seconds": 24.815576900031374, "training_samples_seen": 10760, "scope": "FORMAL_SCIENTIFIC_RUN"}
TRAIN {"utc": "2026-10-01T05:34:55.393195+00:00", "epoch": 3, "global_update": 17200, "LR": 9.961949840337225e-05, "running_L_occ": 0.030003173834283952, "running_L_qr": 0.013512853619720695, "running_L_total": 0.043516027454004645, "pre_clip_grad_norm": 0.3303421139717102, "clipping_fraction": 0.0, "samples_per_second": 7.24258142655414, "GPU_allocated_bytes": 87739904, "GPU_reserved_bytes": 7105150976, "data_wait_seconds": 25.189454000023034, "training_samples_seen": 10960, "scope": "FORMAL_SCIENTIFIC_RUN"}
TRAIN {"utc": "2026-10-01T05:35:22.887549+00:00", "epoch": 3, "global_update": 17300, "LR": 9.961276682969567e-05, "running_L_occ": 0.029950357367513183, "running_L_qr": 0.013461787331510582, "running_L_total": 0.04341214469902377, "pre_clip_grad_norm": 0.7537817358970642, "clipping_fraction": 0.0, "samples_per_second": 7.243144765178985, "GPU_allocated_bytes": 87739904, "GPU_reserved_bytes": 7105150976, "data_wait_seconds": 25.56189110003288, "training_samples_seen": 11160, "scope": "FORMAL_SCIENTIFIC_RUN"}
TRAIN {"utc": "2026-10-01T05:35:50.398965+00:00", "epoch": 3, "global_update": 17400, "LR": 9.960597646557899e-05, "running_L_occ": 0.029918149940181563, "running_L_qr": 0.013451599134371037, "running_L_total": 0.0433697490745526, "pre_clip_grad_norm": 0.12609247863292694, "clipping_fraction": 0.0, "samples_per_second": 7.243612895597522, "GPU_allocated_bytes": 87739904, "GPU_reserved_bytes": 7105150976, "data_wait_seconds": 25.93324190002022, "training_samples_seen": 11360, "scope": "FORMAL_SCIENTIFIC_RUN"}
TRAIN {"utc": "2026-10-01T05:36:17.916120+00:00", "epoch": 3, "global_update": 17500, "LR": 9.959912731915059e-05, "running_L_occ": 0.029921629794004086, "running_L_qr": 0.013462222559924552, "running_L_total": 0.04338385235392864, "pre_clip_grad_norm": 0.07975730299949646, "clipping_fraction": 0.0, "samples_per_second": 7.24403430864485, "GPU_allocated_bytes": 87739904, "GPU_reserved_bytes": 7105150976, "data_wait_seconds": 26.301946900022813, "training_samples_seen": 11560, "scope": "FORMAL_SCIENTIFIC_RUN"}
TRAIN {"utc": "2026-10-01T05:36:39.971686+00:00", "epoch": 3, "global_update": 17580, "LR": 9.959360568425069e-05, "running_L_occ": 0.02995362114940603, "running_L_qr": 0.013489143000703965, "running_L_total": 0.043442764150109996, "pre_clip_grad_norm": 0.19937622547149658, "clipping_fraction": 0.0, "samples_per_second": 7.244173826872879, "GPU_allocated_bytes": 87739904, "GPU_reserved_bytes": 7105150976, "data_wait_seconds": 26.59870960002081, "training_samples_seen": 11720, "scope": "FORMAL_SCIENTIFIC_RUN"}
VALIDATION {"epoch": 3, "phase": "VALIDATION", "scenes_completed": 8, "scenes_required": 11727, "wall_seconds": 5.790036200000031, "updated_utc": "2026-10-01T05:36:46.305406+00:00"}
VALIDATION {"epoch": 3, "phase": "VALIDATION", "scenes_completed": 808, "scenes_required": 11727, "wall_seconds": 38.942390299998806, "updated_utc": "2026-10-01T05:37:19.458316+00:00"}
VALIDATION {"epoch": 3, "phase": "VALIDATION", "scenes_completed": 1608, "scenes_required": 11727, "wall_seconds": 72.02964269999939, "updated_utc": "2026-10-01T05:37:52.544905+00:00"}
VALIDATION {"epoch": 3, "phase": "VALIDATION", "scenes_completed": 2408, "scenes_required": 11727, "wall_seconds": 104.96928769999977, "updated_utc": "2026-10-01T05:38:25.485274+00:00"}
VALIDATION {"epoch": 3, "phase": "VALIDATION", "scenes_completed": 3208, "scenes_required": 11727, "wall_seconds": 138.33624429999873, "updated_utc": "2026-10-01T05:38:58.852146+00:00"}
VALIDATION {"epoch": 3, "phase": "VALIDATION", "scenes_completed": 4008, "scenes_required": 11727, "wall_seconds": 171.65888829999858, "updated_utc": "2026-10-01T05:39:32.174629+00:00"}
VALIDATION {"epoch": 3, "phase": "VALIDATION", "scenes_completed": 4808, "scenes_required": 11727, "wall_seconds": 204.86031699999876, "updated_utc": "2026-10-01T05:40:05.375953+00:00"}
VALIDATION {"epoch": 3, "phase": "VALIDATION", "scenes_completed": 5608, "scenes_required": 11727, "wall_seconds": 237.94899179999993, "updated_utc": "2026-10-01T05:40:38.464109+00:00"}
VALIDATION {"epoch": 3, "phase": "VALIDATION", "scenes_completed": 6408, "scenes_required": 11727, "wall_seconds": 271.21335009999893, "updated_utc": "2026-10-01T05:41:11.729014+00:00"}
VALIDATION {"epoch": 3, "phase": "VALIDATION", "scenes_completed": 7208, "scenes_required": 11727, "wall_seconds": 304.01385369999844, "updated_utc": "2026-10-01T05:41:44.529525+00:00"}
VALIDATION {"epoch": 3, "phase": "VALIDATION", "scenes_completed": 8008, "scenes_required": 11727, "wall_seconds": 336.2979431999993, "updated_utc": "2026-10-01T05:42:16.813374+00:00"}
VALIDATION {"epoch": 3, "phase": "VALIDATION", "scenes_completed": 8808, "scenes_required": 11727, "wall_seconds": 369.6734050999985, "updated_utc": "2026-10-01T05:42:50.188811+00:00"}
VALIDATION {"epoch": 3, "phase": "VALIDATION", "scenes_completed": 9608, "scenes_required": 11727, "wall_seconds": 402.5154969999985, "updated_utc": "2026-10-01T05:43:23.030729+00:00"}
VALIDATION {"epoch": 3, "phase": "VALIDATION", "scenes_completed": 10408, "scenes_required": 11727, "wall_seconds": 435.02345400000013, "updated_utc": "2026-10-01T05:43:55.538942+00:00"}
VALIDATION {"epoch": 3, "phase": "VALIDATION", "scenes_completed": 11208, "scenes_required": 11727, "wall_seconds": 468.2713623999989, "updated_utc": "2026-10-01T05:44:28.786562+00:00"}
VALIDATION {"epoch": 3, "phase": "VALIDATION", "scenes_completed": 11727, "scenes_required": 11727, "wall_seconds": 489.49984719999884, "updated_utc": "2026-10-01T05:44:50.015751+00:00"}
EPOCH_COMPLETED {"epoch": 3, "global_val_core_loss": 0.049436758579000296, "best_epoch": 3, "early_stop_count": 0, "wall_seconds": 2112.4525846999986}
TRAIN {"utc": "2026-10-01T05:45:00.195632+00:00", "epoch": 4, "global_update": 17581, "LR": 9.959353642579721e-05, "running_L_occ": 0.03605041008036375, "running_L_qr": 0.012670546076886112, "running_L_total": 0.04872095615724986, "pre_clip_grad_norm": 0.6525254845619202, "clipping_fraction": 0.0, "samples_per_second": 0.3638047854080715, "GPU_allocated_bytes": 87739904, "GPU_reserved_bytes": 7105150976, "data_wait_seconds": 5.237923599999704, "training_samples_seen": 2, "scope": "FORMAL_SCIENTIFIC_RUN"}
TRAIN {"utc": "2026-10-01T05:45:05.244152+00:00", "epoch": 4, "global_update": 17600, "LR": 9.95922193986093e-05, "running_L_occ": 0.027999850157951242, "running_L_qr": 0.011276651109180724, "running_L_total": 0.03927650126713197, "pre_clip_grad_norm": 0.4001850187778473, "clipping_fraction": 0.0, "samples_per_second": 3.792810555020212, "GPU_allocated_bytes": 87739904, "GPU_reserved_bytes": 7105150976, "data_wait_seconds": 5.295512400000007, "training_samples_seen": 40, "scope": "FORMAL_SCIENTIFIC_RUN"}
TRAIN {"utc": "2026-10-01T05:45:31.642851+00:00", "epoch": 4, "global_update": 17700, "LR": 9.95852527122242e-05, "running_L_occ": 0.029788808011043895, "running_L_qr": 0.013560957374547749, "running_L_total": 0.04334976538559165, "pre_clip_grad_norm": 0.05643198639154434, "clipping_fraction": 0.0, "samples_per_second": 6.496266176277849, "GPU_allocated_bytes": 87739904, "GPU_reserved_bytes": 7105150976, "data_wait_seconds": 5.636181900012161, "training_samples_seen": 240, "scope": "FORMAL_SCIENTIFIC_RUN"}
TRAIN {"utc": "2026-10-01T05:45:58.099202+00:00", "epoch": 4, "global_update": 17800, "LR": 9.957822726833475e-05, "running_L_occ": 0.029000042924499633, "running_L_qr": 0.0130703343142838, "running_L_total": 0.04207037723878343, "pre_clip_grad_norm": 0.04523463919758797, "clipping_fraction": 0.0, "samples_per_second": 6.9399033095131815, "GPU_allocated_bytes": 87739904, "GPU_reserved_bytes": 7105150976, "data_wait_seconds": 5.999770900014482, "training_samples_seen": 440, "scope": "FORMAL_SCIENTIFIC_RUN"}
TRAIN {"utc": "2026-10-01T05:46:24.575128+00:00", "epoch": 4, "global_update": 17900, "LR": 9.957114307535079e-05, "running_L_occ": 0.02848243532741171, "running_L_qr": 0.012870863669660403, "running_L_total": 0.04135329899707211, "pre_clip_grad_norm": 0.3300313353538513, "clipping_fraction": 0.0, "samples_per_second": 7.1208515261122445, "GPU_allocated_bytes": 87739904, "GPU_reserved_bytes": 7105150976, "data_wait_seconds": 6.36285260000659, "training_samples_seen": 640, "scope": "FORMAL_SCIENTIFIC_RUN"}
TRAIN {"utc": "2026-10-01T05:46:51.137013+00:00", "epoch": 4, "global_update": 18000, "LR": 9.956400014175245e-05, "running_L_occ": 0.028833899874511362, "running_L_qr": 0.012861871197378432, "running_L_total": 0.0416957710718898, "pre_clip_grad_norm": 0.4170108437538147, "clipping_fraction": 0.0, "samples_per_second": 7.21410449150276, "GPU_allocated_bytes": 87739904, "GPU_reserved_bytes": 7105150976, "data_wait_seconds": 6.72563600002286, "training_samples_seen": 840, "scope": "FORMAL_SCIENTIFIC_RUN"}
TRAIN {"utc": "2026-10-01T05:47:17.622140+00:00", "epoch": 4, "global_update": 18100, "LR": 9.955679847609017e-05, "running_L_occ": 0.02926968424098456, "running_L_qr": 0.013179536590211344, "running_L_total": 0.04244922083119591, "pre_clip_grad_norm": 0.926641583442688, "clipping_fraction": 0.0, "samples_per_second": 7.276610682812357, "GPU_allocated_bytes": 87739904, "GPU_reserved_bytes": 7105150976, "data_wait_seconds": 7.0878637000132585, "training_samples_seen": 1040, "scope": "FORMAL_SCIENTIFIC_RUN"}
TRAIN {"utc": "2026-10-01T05:47:44.263206+00:00", "epoch": 4, "global_update": 18200, "LR": 9.95495380869847e-05, "running_L_occ": 0.029210488532418057, "running_L_qr": 0.013201457715664689, "running_L_total": 0.04241194624808275, "pre_clip_grad_norm": 0.4160574972629547, "clipping_fraction": 0.0, "samples_per_second": 7.312809463352935, "GPU_allocated_bytes": 87739904, "GPU_reserved_bytes": 7105150976, "data_wait_seconds": 7.4515360000041255, "training_samples_seen": 1240, "scope": "FORMAL_SCIENTIFIC_RUN"}
TRAIN {"utc": "2026-10-01T05:48:10.749103+00:00", "epoch": 4, "global_update": 18300, "LR": 9.954221898312711e-05, "running_L_occ": 0.029433565176729067, "running_L_qr": 0.01351334357527168, "running_L_total": 0.042946908752000745, "pre_clip_grad_norm": 0.18792793154716492, "clipping_fraction": 0.0, "samples_per_second": 7.345035980232585, "GPU_allocated_bytes": 87739904, "GPU_reserved_bytes": 7105150976, "data_wait_seconds": 7.820834000005561, "training_samples_seen": 1440, "scope": "FORMAL_SCIENTIFIC_RUN"}
TRAIN {"utc": "2026-10-01T05:48:37.190043+00:00", "epoch": 4, "global_update": 18400, "LR": 9.953484117327871e-05, "running_L_occ": 0.02956391519296218, "running_L_qr": 0.01348034058012888, "running_L_total": 0.04304425577309106, "pre_clip_grad_norm": 0.21955569088459015, "clipping_fraction": 0.0, "samples_per_second": 7.371053551075333, "GPU_allocated_bytes": 87739904, "GPU_reserved_bytes": 7105150976, "data_wait_seconds": 8.187764000012976, "training_samples_seen": 1640, "scope": "FORMAL_SCIENTIFIC_RUN"}
TRAIN {"utc": "2026-10-01T05:49:03.752196+00:00", "epoch": 4, "global_update": 18500, "LR": 9.952740466627111e-05, "running_L_occ": 0.02962949411486444, "running_L_qr": 0.013596693843779012, "running_L_total": 0.04322618795864345, "pre_clip_grad_norm": 0.09859730303287506, "clipping_fraction": 0.0, "samples_per_second": 7.387962204632434, "GPU_allocated_bytes": 87739904, "GPU_reserved_bytes": 7105150976, "data_wait_seconds": 8.554987500010611, "training_samples_seen": 1840, "scope": "FORMAL_SCIENTIFIC_RUN"}
TRAIN {"utc": "2026-10-01T05:49:30.382654+00:00", "epoch": 4, "global_update": 18600, "LR": 9.95199094710062e-05, "running_L_occ": 0.02963095011636466, "running_L_qr": 0.013544086398976318, "running_L_total": 0.04317503651534098, "pre_clip_grad_norm": 0.1057685911655426, "clipping_fraction": 0.0, "samples_per_second": 7.399758000273096, "GPU_allocated_bytes": 87739904, "GPU_reserved_bytes": 7105150976, "data_wait_seconds": 8.927933699993446, "training_samples_seen": 2040, "scope": "FORMAL_SCIENTIFIC_RUN"}
TRAIN {"utc": "2026-10-01T05:49:56.773696+00:00", "epoch": 4, "global_update": 18700, "LR": 9.951235559645608e-05, "running_L_occ": 0.02956183003502925, "running_L_qr": 0.013583083431080837, "running_L_total": 0.04314491346611008, "pre_clip_grad_norm": 0.16679537296295166, "clipping_fraction": 0.0, "samples_per_second": 7.415367186134465, "GPU_allocated_bytes": 87739904, "GPU_reserved_bytes": 7105150976, "data_wait_seconds": 9.296366599988687, "training_samples_seen": 2240, "scope": "FORMAL_SCIENTIFIC_RUN"}
TRAIN {"utc": "2026-10-01T05:50:23.413430+00:00", "epoch": 4, "global_update": 18800, "LR": 9.950474305166314e-05, "running_L_occ": 0.029360656113536634, "running_L_qr": 0.013334913378310055, "running_L_total": 0.04269556949184669, "pre_clip_grad_norm": 0.4635678827762604, "clipping_fraction": 0.0, "samples_per_second": 7.422834954113871, "GPU_allocated_bytes": 87739904, "GPU_reserved_bytes": 7105150976, "data_wait_seconds": 9.669833500003733, "training_samples_seen": 2440, "scope": "FORMAL_SCIENTIFIC_RUN"}
TRAIN {"utc": "2026-10-01T05:50:49.903768+00:00", "epoch": 4, "global_update": 18900, "LR": 9.949707184573996e-05, "running_L_occ": 0.029086280002697123, "running_L_qr": 0.01314600349470736, "running_L_total": 0.04223228349740448, "pre_clip_grad_norm": 0.6806501746177673, "clipping_fraction": 0.0, "samples_per_second": 7.432305271380635, "GPU_allocated_bytes": 87739904, "GPU_reserved_bytes": 7105150976, "data_wait_seconds": 10.039397700002155, "training_samples_seen": 2640, "scope": "FORMAL_SCIENTIFIC_RUN"}
TRAIN {"utc": "2026-10-01T05:51:16.442337+00:00", "epoch": 4, "global_update": 19000, "LR": 9.948934198786936e-05, "running_L_occ": 0.02907167105439073, "running_L_qr": 0.013137394395143897, "running_L_total": 0.04220906544953462, "pre_clip_grad_norm": 0.8943819999694824, "clipping_fraction": 0.0, "samples_per_second": 7.439536238004077, "GPU_allocated_bytes": 87739904, "GPU_reserved_bytes": 7105150976, "data_wait_seconds": 10.405450899990683, "training_samples_seen": 2840, "scope": "FORMAL_SCIENTIFIC_RUN"}
TRAIN {"utc": "2026-10-01T05:51:42.959109+00:00", "epoch": 4, "global_update": 19100, "LR": 9.948155348730437e-05, "running_L_occ": 0.029118903470636993, "running_L_qr": 0.013196023482499384, "running_L_total": 0.04231492695313637, "pre_clip_grad_norm": 0.3731369078159332, "clipping_fraction": 0.0, "samples_per_second": 7.446224614424416, "GPU_allocated_bytes": 87739904, "GPU_reserved_bytes": 7105150976, "data_wait_seconds": 10.774187600003643, "training_samples_seen": 3040, "scope": "FORMAL_SCIENTIFIC_RUN"}
TRAIN {"utc": "2026-10-01T05:52:09.576843+00:00", "epoch": 4, "global_update": 19200, "LR": 9.947370635336823e-05, "running_L_occ": 0.02925513363960431, "running_L_qr": 0.01322991673014575, "running_L_total": 0.04248505036975006, "pre_clip_grad_norm": 0.603329062461853, "clipping_fraction": 0.0, "samples_per_second": 7.4503554840770265, "GPU_allocated_bytes": 87739904, "GPU_reserved_bytes": 7105150976, "data_wait_seconds": 11.143948799995997, "training_samples_seen": 3240, "scope": "FORMAL_SCIENTIFIC_RUN"}
TRAIN {"utc": "2026-10-01T05:52:36.143887+00:00", "epoch": 4, "global_update": 19300, "LR": 9.946580059545432e-05, "running_L_occ": 0.029142396302146253, "running_L_qr": 0.01318083270092802, "running_L_total": 0.04232322900307428, "pre_clip_grad_norm": 0.20772501826286316, "clipping_fraction": 0.0, "samples_per_second": 7.4548354009118905, "GPU_allocated_bytes": 87739904, "GPU_reserved_bytes": 7105150976, "data_wait_seconds": 11.513916100018832, "training_samples_seen": 3440, "scope": "FORMAL_SCIENTIFIC_RUN"}
TRAIN {"utc": "2026-10-01T05:53:02.566831+00:00", "epoch": 4, "global_update": 19400, "LR": 9.945783622302626e-05, "running_L_occ": 0.029292977676598837, "running_L_qr": 0.013249988308516966, "running_L_total": 0.0425429659851158, "pre_clip_grad_norm": 0.15193362534046173, "clipping_fraction": 0.0, "samples_per_second": 7.4610236855446, "GPU_allocated_bytes": 87739904, "GPU_reserved_bytes": 7105150976, "data_wait_seconds": 11.876259099983145, "training_samples_seen": 3640, "scope": "FORMAL_SCIENTIFIC_RUN"}
TRAIN {"utc": "2026-10-01T05:53:29.076421+00:00", "epoch": 4, "global_update": 19500, "LR": 9.944981324561777e-05, "running_L_occ": 0.029336849702489284, "running_L_qr": 0.013270039866191335, "running_L_total": 0.04260688956868062, "pre_clip_grad_norm": 0.6412538290023804, "clipping_fraction": 0.0, "samples_per_second": 7.465326931837525, "GPU_allocated_bytes": 87739904, "GPU_reserved_bytes": 7105150976, "data_wait_seconds": 12.237569800014171, "training_samples_seen": 3840, "scope": "FORMAL_SCIENTIFIC_RUN"}
TRAIN {"utc": "2026-10-01T05:53:55.638250+00:00", "epoch": 4, "global_update": 19600, "LR": 9.944173167283278e-05, "running_L_occ": 0.029316057109500714, "running_L_qr": 0.013287440738109333, "running_L_total": 0.04260349784761005, "pre_clip_grad_norm": 0.07477042078971863, "clipping_fraction": 0.0, "samples_per_second": 7.468475515858767, "GPU_allocated_bytes": 87739904, "GPU_reserved_bytes": 7105150976, "data_wait_seconds": 12.603574400029174, "training_samples_seen": 4040, "scope": "FORMAL_SCIENTIFIC_RUN"}
TRAIN {"utc": "2026-10-01T05:54:22.147070+00:00", "epoch": 4, "global_update": 19700, "LR": 9.943359151434531e-05, "running_L_occ": 0.029189216399601918, "running_L_qr": 0.013197640438492378, "running_L_total": 0.042386856838094296, "pre_clip_grad_norm": 0.28426796197891235, "clipping_fraction": 0.0, "samples_per_second": 7.472039664143946, "GPU_allocated_bytes": 87739904, "GPU_reserved_bytes": 7105150976, "data_wait_seconds": 12.972471200042492, "training_samples_seen": 4240, "scope": "FORMAL_SCIENTIFIC_RUN"}
TRAIN {"utc": "2026-10-01T05:54:48.648140+00:00", "epoch": 4, "global_update": 19800, "LR": 9.942539277989958e-05, "running_L_occ": 0.02927045299988326, "running_L_qr": 0.013245111897273001, "running_L_total": 0.04251556489715626, "pre_clip_grad_norm": 0.1453125923871994, "clipping_fraction": 0.0, "samples_per_second": 7.475378073227182, "GPU_allocated_bytes": 87739904, "GPU_reserved_bytes": 7105150976, "data_wait_seconds": 13.33887770004003, "training_samples_seen": 4440, "scope": "FORMAL_SCIENTIFIC_RUN"}
TRAIN {"utc": "2026-10-01T05:55:15.313217+00:00", "epoch": 4, "global_update": 19900, "LR": 9.941713547930986e-05, "running_L_occ": 0.02924565212278776, "running_L_qr": 0.01321839965204044, "running_L_total": 0.0424640517748282, "pre_clip_grad_norm": 0.7271504402160645, "clipping_fraction": 0.0, "samples_per_second": 7.476453945575824, "GPU_allocated_bytes": 87739904, "GPU_reserved_bytes": 7105150976, "data_wait_seconds": 13.70753800003149, "training_samples_seen": 4640, "scope": "FORMAL_SCIENTIFIC_RUN"}
TRAIN {"utc": "2026-10-01T05:55:41.928173+00:00", "epoch": 4, "global_update": 20000, "LR": 9.940881962246054e-05, "running_L_occ": 0.029264415071664083, "running_L_qr": 0.013224265460652274, "running_L_total": 0.04248868053231635, "pre_clip_grad_norm": 0.11948608607053757, "clipping_fraction": 0.0, "samples_per_second": 7.478018997783367, "GPU_allocated_bytes": 87739904, "GPU_reserved_bytes": 7105150976, "data_wait_seconds": 14.075071700041008, "training_samples_seen": 4840, "scope": "FORMAL_SCIENTIFIC_RUN"}
TRAIN {"utc": "2026-10-01T05:57:02.734303+00:00", "epoch": 4, "global_update": 20100, "LR": 9.940044521930614e-05, "running_L_occ": 0.029179154880658534, "running_L_qr": 0.013178510249711962, "running_L_total": 0.042357665130370495, "pre_clip_grad_norm": 0.3963862359523773, "clipping_fraction": 0.0, "samples_per_second": 6.922736739032827, "GPU_allocated_bytes": 87739904, "GPU_reserved_bytes": 7105150976, "data_wait_seconds": 68.71321720003107, "training_samples_seen": 5040, "scope": "FORMAL_SCIENTIFIC_RUN"}
TRAIN {"utc": "2026-10-01T05:58:25.409317+00:00", "epoch": 4, "global_update": 20200, "LR": 9.939201227987124e-05, "running_L_occ": 0.02920421557200142, "running_L_qr": 0.013216020493615619, "running_L_total": 0.04242023606561705, "pre_clip_grad_norm": 0.3613806962966919, "clipping_fraction": 0.0, "samples_per_second": 6.463463832075083, "GPU_allocated_bytes": 87739904, "GPU_reserved_bytes": 7105150976, "data_wait_seconds": 125.21951450002598, "training_samples_seen": 5240, "scope": "FORMAL_SCIENTIFIC_RUN"}
TRAIN {"utc": "2026-10-01T05:58:51.884730+00:00", "epoch": 4, "global_update": 20300, "LR": 9.938352081425046e-05, "running_L_occ": 0.029279397788568796, "running_L_qr": 0.013303144088669954, "running_L_total": 0.04258254187723875, "pre_clip_grad_norm": 0.03895009309053421, "clipping_fraction": 0.0, "samples_per_second": 6.497958056277741, "GPU_allocated_bytes": 87739904, "GPU_reserved_bytes": 7105150976, "data_wait_seconds": 125.5866754000599, "training_samples_seen": 5440, "scope": "FORMAL_SCIENTIFIC_RUN"}
TRAIN {"utc": "2026-10-01T05:59:18.402895+00:00", "epoch": 4, "global_update": 20400, "LR": 9.937497083260855e-05, "running_L_occ": 0.02925119861626484, "running_L_qr": 0.013273854374702772, "running_L_total": 0.04252505299096761, "pre_clip_grad_norm": 0.026652609929442406, "clipping_fraction": 0.0, "samples_per_second": 6.530008170089189, "GPU_allocated_bytes": 87739904, "GPU_reserved_bytes": 7105150976, "data_wait_seconds": 125.9543632000532, "training_samples_seen": 5640, "scope": "FORMAL_SCIENTIFIC_RUN"}
TRAIN {"utc": "2026-10-01T05:59:44.943903+00:00", "epoch": 4, "global_update": 20500, "LR": 9.936636234518024e-05, "running_L_occ": 0.02924425966786933, "running_L_qr": 0.013261385314403186, "running_L_total": 0.04250564498227252, "pre_clip_grad_norm": 0.13565488159656525, "clipping_fraction": 0.0, "samples_per_second": 6.559987106444196, "GPU_allocated_bytes": 87739904, "GPU_reserved_bytes": 7105150976, "data_wait_seconds": 126.3273988000401, "training_samples_seen": 5840, "scope": "FORMAL_SCIENTIFIC_RUN"}
TRAIN {"utc": "2026-10-01T06:00:11.781776+00:00", "epoch": 4, "global_update": 20600, "LR": 9.935769536227033e-05, "running_L_occ": 0.029220955703234568, "running_L_qr": 0.01324579964245403, "running_L_total": 0.0424667553456886, "pre_clip_grad_norm": 0.30775415897369385, "clipping_fraction": 0.0, "samples_per_second": 6.58609445094216, "GPU_allocated_bytes": 87739904, "GPU_reserved_bytes": 7105150976, "data_wait_seconds": 126.69800190004025, "training_samples_seen": 6040, "scope": "FORMAL_SCIENTIFIC_RUN"}
TRAIN {"utc": "2026-10-01T06:00:38.262138+00:00", "epoch": 4, "global_update": 20700, "LR": 9.934896989425363e-05, "running_L_occ": 0.02918026351383639, "running_L_qr": 0.013223165753839028, "running_L_total": 0.04240342926767542, "pre_clip_grad_norm": 0.029399240389466286, "clipping_fraction": 0.0, "samples_per_second": 6.6132251335994985, "GPU_allocated_bytes": 87739904, "GPU_reserved_bytes": 7105150976, "data_wait_seconds": 127.06824230006532, "training_samples_seen": 6240, "scope": "FORMAL_SCIENTIFIC_RUN"}
TRAIN {"utc": "2026-10-01T06:01:04.834879+00:00", "epoch": 4, "global_update": 20800, "LR": 9.934018595157495e-05, "running_L_occ": 0.029135596821523585, "running_L_qr": 0.013201043247799438, "running_L_total": 0.04233664006932302, "pre_clip_grad_norm": 0.257609099149704, "clipping_fraction": 0.0, "samples_per_second": 6.638242648969129, "GPU_allocated_bytes": 87739904, "GPU_reserved_bytes": 7105150976, "data_wait_seconds": 127.43795910005429, "training_samples_seen": 6440, "scope": "FORMAL_SCIENTIFIC_RUN"}
TRAIN {"utc": "2026-10-01T06:01:31.358115+00:00", "epoch": 4, "global_update": 20900, "LR": 9.933134354474913e-05, "running_L_occ": 0.02915874746184709, "running_L_qr": 0.013203134869506878, "running_L_total": 0.04236188233135397, "pre_clip_grad_norm": 0.3677090108394623, "clipping_fraction": 0.0, "samples_per_second": 6.662255135364395, "GPU_allocated_bytes": 87739904, "GPU_reserved_bytes": 7105150976, "data_wait_seconds": 127.80830560005779, "training_samples_seen": 6640, "scope": "FORMAL_SCIENTIFIC_RUN"}
TRAIN {"utc": "2026-10-01T06:01:57.960051+00:00", "epoch": 4, "global_update": 21000, "LR": 9.932244268436095e-05, "running_L_occ": 0.029280813822673103, "running_L_qr": 0.01327043277702568, "running_L_total": 0.042551246599698785, "pre_clip_grad_norm": 0.15639352798461914, "clipping_fraction": 0.0, "samples_per_second": 6.684509096467415, "GPU_allocated_bytes": 87739904, "GPU_reserved_bytes": 7105150976, "data_wait_seconds": 128.17551890008326, "training_samples_seen": 6840, "scope": "FORMAL_SCIENTIFIC_RUN"}
TRAIN {"utc": "2026-10-01T06:02:24.408919+00:00", "epoch": 4, "global_update": 21100, "LR": 9.931348338106523e-05, "running_L_occ": 0.02924702493105579, "running_L_qr": 0.01324412055695629, "running_L_total": 0.042491145488012076, "pre_clip_grad_norm": 0.21874769032001495, "clipping_fraction": 0.0, "samples_per_second": 6.70660782958474, "GPU_allocated_bytes": 87739904, "GPU_reserved_bytes": 7105150976, "data_wait_seconds": 128.54100970010404, "training_samples_seen": 7040, "scope": "FORMAL_SCIENTIFIC_RUN"}
TRAIN {"utc": "2026-10-01T06:02:50.830174+00:00", "epoch": 4, "global_update": 21200, "LR": 9.930446564558665e-05, "running_L_occ": 0.02925183349286085, "running_L_qr": 0.013278610387595022, "running_L_total": 0.042530443880455876, "pre_clip_grad_norm": 0.29785338044166565, "clipping_fraction": 0.0, "samples_per_second": 6.727799551401198, "GPU_allocated_bytes": 87739904, "GPU_reserved_bytes": 7105150976, "data_wait_seconds": 128.9055287001138, "training_samples_seen": 7240, "scope": "FORMAL_SCIENTIFIC_RUN"}
TRAIN {"utc": "2026-10-01T06:03:17.303998+00:00", "epoch": 4, "global_update": 21300, "LR": 9.929538948871993e-05, "running_L_occ": 0.029319751515083866, "running_L_qr": 0.013326504711291239, "running_L_total": 0.04264625622637511, "pre_clip_grad_norm": 0.31349050998687744, "clipping_fraction": 0.0, "samples_per_second": 6.747650238005185, "GPU_allocated_bytes": 87739904, "GPU_reserved_bytes": 7105150976, "data_wait_seconds": 129.27233040009742, "training_samples_seen": 7440, "scope": "FORMAL_SCIENTIFIC_RUN"}
TRAIN {"utc": "2026-10-01T06:03:43.731513+00:00", "epoch": 4, "global_update": 21400, "LR": 9.928625492132965e-05, "running_L_occ": 0.02930088931609563, "running_L_qr": 0.013345066011753476, "running_L_total": 0.0426459553278491, "pre_clip_grad_norm": 0.26195695996284485, "clipping_fraction": 0.0, "samples_per_second": 6.766851604653117, "GPU_allocated_bytes": 87739904, "GPU_reserved_bytes": 7105150976, "data_wait_seconds": 129.6395162001063, "training_samples_seen": 7640, "scope": "FORMAL_SCIENTIFIC_RUN"}
TRAIN {"utc": "2026-10-01T06:04:10.259901+00:00", "epoch": 4, "global_update": 21500, "LR": 9.927706195435036e-05, "running_L_occ": 0.02933439565169178, "running_L_qr": 0.013394020990996378, "running_L_total": 0.04272841664268816, "pre_clip_grad_norm": 0.04087827727198601, "clipping_fraction": 0.0, "samples_per_second": 6.784576736730647, "GPU_allocated_bytes": 87739904, "GPU_reserved_bytes": 7105150976, "data_wait_seconds": 130.00722530010898, "training_samples_seen": 7840, "scope": "FORMAL_SCIENTIFIC_RUN"}
TRAIN {"utc": "2026-10-01T06:04:36.915237+00:00", "epoch": 4, "global_update": 21600, "LR": 9.926781059878652e-05, "running_L_occ": 0.029328221653551926, "running_L_qr": 0.013392037389708886, "running_L_total": 0.042720259043260815, "pre_clip_grad_norm": 0.07638869434595108, "clipping_fraction": 0.0, "samples_per_second": 6.80078443461969, "GPU_allocated_bytes": 87739904, "GPU_reserved_bytes": 7105150976, "data_wait_seconds": 130.3939306001448, "training_samples_seen": 8040, "scope": "FORMAL_SCIENTIFIC_RUN"}
TRAIN {"utc": "2026-10-01T06:05:03.424183+00:00", "epoch": 4, "global_update": 21700, "LR": 9.925850086571245e-05, "running_L_occ": 0.02932930505190427, "running_L_qr": 0.013391896356913752, "running_L_total": 0.04272120140881802, "pre_clip_grad_norm": 0.41462966799736023, "clipping_fraction": 0.0, "samples_per_second": 6.8170959641886615, "GPU_allocated_bytes": 87739904, "GPU_reserved_bytes": 7105150976, "data_wait_seconds": 130.76041620015167, "training_samples_seen": 8240, "scope": "FORMAL_SCIENTIFIC_RUN"}
TRAIN {"utc": "2026-10-01T06:05:30.004853+00:00", "epoch": 4, "global_update": 21800, "LR": 9.924913276627237e-05, "running_L_occ": 0.029253874465992542, "running_L_qr": 0.013319794952406384, "running_L_total": 0.04257366941839893, "pre_clip_grad_norm": 1.323716163635254, "clipping_fraction": 0.0, "samples_per_second": 6.832308830040923, "GPU_allocated_bytes": 87739904, "GPU_reserved_bytes": 7105150976, "data_wait_seconds": 131.12379800014241, "training_samples_seen": 8440, "scope": "FORMAL_SCIENTIFIC_RUN"}
TRAIN {"utc": "2026-10-01T06:05:56.596228+00:00", "epoch": 4, "global_update": 21900, "LR": 9.923970631168034e-05, "running_L_occ": 0.02927067878264935, "running_L_qr": 0.013317483336342506, "running_L_total": 0.04258816211899186, "pre_clip_grad_norm": 0.4662092626094818, "clipping_fraction": 0.0, "samples_per_second": 6.846830776841539, "GPU_allocated_bytes": 87739904, "GPU_reserved_bytes": 7105150976, "data_wait_seconds": 131.49766440015446, "training_samples_seen": 8640, "scope": "FORMAL_SCIENTIFIC_RUN"}
TRAIN {"utc": "2026-10-01T06:06:23.164850+00:00", "epoch": 4, "global_update": 22000, "LR": 9.923022151322035e-05, "running_L_occ": 0.02923293506303088, "running_L_qr": 0.013279182730185454, "running_L_total": 0.04251211779321633, "pre_clip_grad_norm": 0.272575318813324, "clipping_fraction": 0.0, "samples_per_second": 6.86086565456176, "GPU_allocated_bytes": 87739904, "GPU_reserved_bytes": 7105150976, "data_wait_seconds": 131.86159320013394, "training_samples_seen": 8840, "scope": "FORMAL_SCIENTIFIC_RUN"}
TRAIN {"utc": "2026-10-01T06:06:49.680657+00:00", "epoch": 4, "global_update": 22100, "LR": 9.922067838224612e-05, "running_L_occ": 0.02924592289669901, "running_L_qr": 0.01330176767552391, "running_L_total": 0.04254769057222292, "pre_clip_grad_norm": 0.37085920572280884, "clipping_fraction": 0.0, "samples_per_second": 6.874616866584758, "GPU_allocated_bytes": 87739904, "GPU_reserved_bytes": 7105150976, "data_wait_seconds": 132.2312288001267, "training_samples_seen": 9040, "scope": "FORMAL_SCIENTIFIC_RUN"}
TRAIN {"utc": "2026-10-01T06:07:16.131172+00:00", "epoch": 4, "global_update": 22200, "LR": 9.921107693018128e-05, "running_L_occ": 0.02922981189050854, "running_L_qr": 0.013289264234376479, "running_L_total": 0.042519076124885015, "pre_clip_grad_norm": 0.1995885968208313, "clipping_fraction": 0.0, "samples_per_second": 6.888155071845357, "GPU_allocated_bytes": 87739904, "GPU_reserved_bytes": 7105150976, "data_wait_seconds": 132.59874840013072, "training_samples_seen": 9240, "scope": "FORMAL_SCIENTIFIC_RUN"}
TRAIN {"utc": "2026-10-01T06:07:42.768270+00:00", "epoch": 4, "global_update": 22300, "LR": 9.920141716851928e-05, "running_L_occ": 0.02927360911441882, "running_L_qr": 0.013308120259148034, "running_L_total": 0.04258172937356686, "pre_clip_grad_norm": 0.021841051056981087, "clipping_fraction": 0.0, "samples_per_second": 6.900230513881009, "GPU_allocated_bytes": 87739904, "GPU_reserved_bytes": 7105150976, "data_wait_seconds": 132.96718540013535, "training_samples_seen": 9440, "scope": "FORMAL_SCIENTIFIC_RUN"}
TRAIN {"utc": "2026-10-01T06:08:09.596158+00:00", "epoch": 4, "global_update": 22400, "LR": 9.919169910882329e-05, "running_L_occ": 0.029271175660658132, "running_L_qr": 0.013299685405165863, "running_L_total": 0.042570861065823994, "pre_clip_grad_norm": 0.6106957793235779, "clipping_fraction": 0.0, "samples_per_second": 6.9109018340649975, "GPU_allocated_bytes": 87739904, "GPU_reserved_bytes": 7105150976, "data_wait_seconds": 133.33452780013613, "training_samples_seen": 9640, "scope": "FORMAL_SCIENTIFIC_RUN"}
TRAIN {"utc": "2026-10-01T06:08:36.279231+00:00", "epoch": 4, "global_update": 22500, "LR": 9.918192276272632e-05, "running_L_occ": 0.029264877962961327, "running_L_qr": 0.013287662208213388, "running_L_total": 0.04255254017117472, "pre_clip_grad_norm": 0.5200426578521729, "clipping_fraction": 0.0, "samples_per_second": 6.921868380117022, "GPU_allocated_bytes": 87739904, "GPU_reserved_bytes": 7105150976, "data_wait_seconds": 133.72131060014726, "training_samples_seen": 9840, "scope": "FORMAL_SCIENTIFIC_RUN"}
TRAIN {"utc": "2026-10-01T06:09:02.786963+00:00", "epoch": 4, "global_update": 22600, "LR": 9.917208814193119e-05, "running_L_occ": 0.02927939851869947, "running_L_qr": 0.013278461343459072, "running_L_total": 0.04255785986215854, "pre_clip_grad_norm": 0.08032678812742233, "clipping_fraction": 0.0, "samples_per_second": 6.933275874836153, "GPU_allocated_bytes": 87739904, "GPU_reserved_bytes": 7105150976, "data_wait_seconds": 134.08594250015813, "training_samples_seen": 10040, "scope": "FORMAL_SCIENTIFIC_RUN"}
TRAIN {"utc": "2026-10-01T06:09:29.337238+00:00", "epoch": 4, "global_update": 22700, "LR": 9.916219525821038e-05, "running_L_occ": 0.02925443539137116, "running_L_qr": 0.013287190741989637, "running_L_total": 0.042541626133360794, "pre_clip_grad_norm": 0.07760389894247055, "clipping_fraction": 0.0, "samples_per_second": 6.9440708667495645, "GPU_allocated_bytes": 87739904, "GPU_reserved_bytes": 7105150976, "data_wait_seconds": 134.45356770016224, "training_samples_seen": 10240, "scope": "FORMAL_SCIENTIFIC_RUN"}
TRAIN {"utc": "2026-10-01T06:09:55.867603+00:00", "epoch": 4, "global_update": 22800, "LR": 9.915224412340621e-05, "running_L_occ": 0.02924686604965886, "running_L_qr": 0.013265590891199924, "running_L_total": 0.042512456940858784, "pre_clip_grad_norm": 0.07807023078203201, "clipping_fraction": 0.0, "samples_per_second": 6.954579394037458, "GPU_allocated_bytes": 87739904, "GPU_reserved_bytes": 7105150976, "data_wait_seconds": 134.82038440015822, "training_samples_seen": 10440, "scope": "FORMAL_SCIENTIFIC_RUN"}
TRAIN {"utc": "2026-10-01T06:10:22.503961+00:00", "epoch": 4, "global_update": 22900, "LR": 9.914223474943064e-05, "running_L_occ": 0.029267070556903887, "running_L_qr": 0.013285901678883782, "running_L_total": 0.04255297223578767, "pre_clip_grad_norm": 0.20843558013439178, "clipping_fraction": 0.0, "samples_per_second": 6.964235910099143, "GPU_allocated_bytes": 87739904, "GPU_reserved_bytes": 7105150976, "data_wait_seconds": 135.1919624001348, "training_samples_seen": 10640, "scope": "FORMAL_SCIENTIFIC_RUN"}
TRAIN {"utc": "2026-10-01T06:10:49.078324+00:00", "epoch": 4, "global_update": 23000, "LR": 9.913216714826543e-05, "running_L_occ": 0.0293738992752199, "running_L_qr": 0.013317476247734291, "running_L_total": 0.04269137552295419, "pre_clip_grad_norm": 0.08605843782424927, "clipping_fraction": 0.0, "samples_per_second": 6.973839328219811, "GPU_allocated_bytes": 87739904, "GPU_reserved_bytes": 7105150976, "data_wait_seconds": 135.55717010013905, "training_samples_seen": 10840, "scope": "FORMAL_SCIENTIFIC_RUN"}
TRAIN {"utc": "2026-10-01T06:11:15.721482+00:00", "epoch": 4, "global_update": 23100, "LR": 9.9122041331962e-05, "running_L_occ": 0.029382717220806178, "running_L_qr": 0.013309015644307913, "running_L_total": 0.04269173286511409, "pre_clip_grad_norm": 0.1857331246137619, "clipping_fraction": 0.0, "samples_per_second": 6.9828188885442914, "GPU_allocated_bytes": 87739904, "GPU_reserved_bytes": 7105150976, "data_wait_seconds": 135.92382490013915, "training_samples_seen": 11040, "scope": "FORMAL_SCIENTIFIC_RUN"}
TRAIN {"utc": "2026-10-01T06:11:42.265593+00:00", "epoch": 4, "global_update": 23200, "LR": 9.911185731264143e-05, "running_L_occ": 0.02934172094534221, "running_L_qr": 0.013301485632251071, "running_L_total": 0.042643206577593275, "pre_clip_grad_norm": 0.03184842690825462, "clipping_fraction": 0.0, "samples_per_second": 6.991928846035437, "GPU_allocated_bytes": 87739904, "GPU_reserved_bytes": 7105150976, "data_wait_seconds": 136.2905006001347, "training_samples_seen": 11240, "scope": "FORMAL_SCIENTIFIC_RUN"}
TRAIN {"utc": "2026-10-01T06:12:08.800311+00:00", "epoch": 4, "global_update": 23300, "LR": 9.910161510249452e-05, "running_L_occ": 0.02934929447767162, "running_L_qr": 0.013310292967322208, "running_L_total": 0.042659587444993825, "pre_clip_grad_norm": 0.2323237955570221, "clipping_fraction": 0.0, "samples_per_second": 7.000786503604534, "GPU_allocated_bytes": 87739904, "GPU_reserved_bytes": 7105150976, "data_wait_seconds": 136.66311600010886, "training_samples_seen": 11440, "scope": "FORMAL_SCIENTIFIC_RUN"}
TRAIN {"utc": "2026-10-01T06:12:35.328402+00:00", "epoch": 4, "global_update": 23400, "LR": 9.909131471378172e-05, "running_L_occ": 0.029337382985210055, "running_L_qr": 0.013309781876958911, "running_L_total": 0.04264716486216896, "pre_clip_grad_norm": 0.2811063230037689, "clipping_fraction": 0.0, "samples_per_second": 7.009387653433799, "GPU_allocated_bytes": 87739904, "GPU_reserved_bytes": 7105150976, "data_wait_seconds": 137.03348070009088, "training_samples_seen": 11640, "scope": "FORMAL_SCIENTIFIC_RUN"}
TRAIN {"utc": "2026-10-01T06:12:45.968556+00:00", "epoch": 4, "global_update": 23440, "LR": 9.908717827105774e-05, "running_L_occ": 0.029327214143290512, "running_L_qr": 0.013307865941706758, "running_L_total": 0.042635080084997265, "pre_clip_grad_norm": 0.07703043520450592, "clipping_fraction": 0.0, "samples_per_second": 7.012628815562849, "GPU_allocated_bytes": 87739904, "GPU_reserved_bytes": 7105150976, "data_wait_seconds": 137.18223760009278, "training_samples_seen": 11720, "scope": "FORMAL_SCIENTIFIC_RUN"}
VALIDATION {"epoch": 4, "phase": "VALIDATION", "scenes_completed": 8, "scenes_required": 11727, "wall_seconds": 5.709714300002815, "updated_utc": "2026-10-01T06:12:52.217722+00:00"}
VALIDATION {"epoch": 4, "phase": "VALIDATION", "scenes_completed": 808, "scenes_required": 11727, "wall_seconds": 37.59726330000194, "updated_utc": "2026-10-01T06:13:24.105282+00:00"}
VALIDATION {"epoch": 4, "phase": "VALIDATION", "scenes_completed": 1608, "scenes_required": 11727, "wall_seconds": 69.48953780000011, "updated_utc": "2026-10-01T06:13:55.996905+00:00"}
VALIDATION {"epoch": 4, "phase": "VALIDATION", "scenes_completed": 2408, "scenes_required": 11727, "wall_seconds": 101.44204600000012, "updated_utc": "2026-10-01T06:14:27.949426+00:00"}
VALIDATION {"epoch": 4, "phase": "VALIDATION", "scenes_completed": 3208, "scenes_required": 11727, "wall_seconds": 133.4335616999997, "updated_utc": "2026-10-01T06:14:59.941500+00:00"}
VALIDATION {"epoch": 4, "phase": "VALIDATION", "scenes_completed": 4008, "scenes_required": 11727, "wall_seconds": 165.3333104000012, "updated_utc": "2026-10-01T06:15:31.840908+00:00"}
VALIDATION {"epoch": 4, "phase": "VALIDATION", "scenes_completed": 4808, "scenes_required": 11727, "wall_seconds": 197.2451789000006, "updated_utc": "2026-10-01T06:16:03.753392+00:00"}
VALIDATION {"epoch": 4, "phase": "VALIDATION", "scenes_completed": 5608, "scenes_required": 11727, "wall_seconds": 229.1215951000013, "updated_utc": "2026-10-01T06:16:35.629781+00:00"}
VALIDATION {"epoch": 4, "phase": "VALIDATION", "scenes_completed": 6408, "scenes_required": 11727, "wall_seconds": 261.13087010000163, "updated_utc": "2026-10-01T06:17:07.638974+00:00"}
VALIDATION {"epoch": 4, "phase": "VALIDATION", "scenes_completed": 7208, "scenes_required": 11727, "wall_seconds": 293.06161989999964, "updated_utc": "2026-10-01T06:17:39.569253+00:00"}
VALIDATION {"epoch": 4, "phase": "VALIDATION", "scenes_completed": 8008, "scenes_required": 11727, "wall_seconds": 324.96130410000114, "updated_utc": "2026-10-01T06:18:11.468699+00:00"}
VALIDATION {"epoch": 4, "phase": "VALIDATION", "scenes_completed": 8808, "scenes_required": 11727, "wall_seconds": 356.8721003000028, "updated_utc": "2026-10-01T06:18:43.379565+00:00"}
VALIDATION {"epoch": 4, "phase": "VALIDATION", "scenes_completed": 9608, "scenes_required": 11727, "wall_seconds": 388.7915103000014, "updated_utc": "2026-10-01T06:19:15.299375+00:00"}
VALIDATION {"epoch": 4, "phase": "VALIDATION", "scenes_completed": 10408, "scenes_required": 11727, "wall_seconds": 420.7370398999992, "updated_utc": "2026-10-01T06:19:47.245285+00:00"}
VALIDATION {"epoch": 4, "phase": "VALIDATION", "scenes_completed": 11208, "scenes_required": 11727, "wall_seconds": 452.63676880000276, "updated_utc": "2026-10-01T06:20:19.144632+00:00"}
VALIDATION {"epoch": 4, "phase": "VALIDATION", "scenes_completed": 11727, "scenes_required": 11727, "wall_seconds": 473.41657340000165, "updated_utc": "2026-10-01T06:20:39.924634+00:00"}
EPOCH_COMPLETED {"epoch": 4, "global_val_core_loss": 0.049637836888032, "best_epoch": 3, "early_stop_count": 1, "wall_seconds": 2149.7954200999993}
TRAIN {"utc": "2026-10-01T06:20:49.925948+00:00", "epoch": 5, "global_update": 23441, "LR": 9.90870747407557e-05, "running_L_occ": 0.018048032409099853, "running_L_qr": 0.006984665199632221, "running_L_total": 0.025032697608732075, "pre_clip_grad_norm": 0.0885707288980484, "clipping_fraction": 0.0, "samples_per_second": 0.3764115881542265, "GPU_allocated_bytes": 87739904, "GPU_reserved_bytes": 7105150976, "data_wait_seconds": 5.046994900003483, "training_samples_seen": 2, "scope": "FORMAL_SCIENTIFIC_RUN"}
TRAIN {"utc": "2026-10-01T06:21:05.536426+00:00", "epoch": 5, "global_update": 23500, "LR": 9.908095615883309e-05, "running_L_occ": 0.028008836451973922, "running_L_qr": 0.01177382399097122, "running_L_total": 0.03978266044294514, "pre_clip_grad_norm": 0.08748433738946915, "clipping_fraction": 0.0, "samples_per_second": 5.7350884641218345, "GPU_allocated_bytes": 87739904, "GPU_reserved_bytes": 7105150976, "data_wait_seconds": 5.22862610001539, "training_samples_seen": 120, "scope": "FORMAL_SCIENTIFIC_RUN"}
TRAIN {"utc": "2026-10-01T06:21:32.082570+00:00", "epoch": 5, "global_update": 23600, "LR": 9.907053945004835e-05, "running_L_occ": 0.027253219496967393, "running_L_qr": 0.012146257945800905, "running_L_total": 0.0393994774427683, "pre_clip_grad_norm": 0.10942594707012177, "clipping_fraction": 0.0, "samples_per_second": 6.741145993470585, "GPU_allocated_bytes": 87739904, "GPU_reserved_bytes": 7105150976, "data_wait_seconds": 5.593975700026931, "training_samples_seen": 320, "scope": "FORMAL_SCIENTIFIC_RUN"}
TRAIN {"utc": "2026-10-01T06:21:58.535241+00:00", "epoch": 5, "global_update": 23700, "LR": 9.906006459989682e-05, "running_L_occ": 0.027435019660683124, "running_L_qr": 0.012745270460404629, "running_L_total": 0.04018029012108775, "pre_clip_grad_norm": 0.19600456953048706, "clipping_fraction": 0.0, "samples_per_second": 7.034425940797193, "GPU_allocated_bytes": 87739904, "GPU_reserved_bytes": 7105150976, "data_wait_seconds": 5.958366900020337, "training_samples_seen": 520, "scope": "FORMAL_SCIENTIFIC_RUN"}
TRAIN {"utc": "2026-10-01T06:22:25.094810+00:00", "epoch": 5, "global_update": 23800, "LR": 9.904953162091742e-05, "running_L_occ": 0.027641668318870435, "running_L_qr": 0.012682913263356905, "running_L_total": 0.040324581582227334, "pre_clip_grad_norm": 0.05487149581313133, "clipping_fraction": 0.0, "samples_per_second": 7.165488720530881, "GPU_allocated_bytes": 87739904, "GPU_reserved_bytes": 7105150976, "data_wait_seconds": 6.320652500024153, "training_samples_seen": 720, "scope": "FORMAL_SCIENTIFIC_RUN"}
TRAIN {"utc": "2026-10-01T06:22:51.676368+00:00", "epoch": 5, "global_update": 23900, "LR": 9.903894052571865e-05, "running_L_occ": 0.027819726494782114, "running_L_qr": 0.01264868215441417, "running_L_total": 0.040468408649196284, "pre_clip_grad_norm": 0.020541416481137276, "clipping_fraction": 0.0, "samples_per_second": 7.2404898131859765, "GPU_allocated_bytes": 87739904, "GPU_reserved_bytes": 7105150976, "data_wait_seconds": 6.686980800019228, "training_samples_seen": 920, "scope": "FORMAL_SCIENTIFIC_RUN"}
TRAIN {"utc": "2026-10-01T06:23:18.254153+00:00", "epoch": 5, "global_update": 24000, "LR": 9.902829132697857e-05, "running_L_occ": 0.028691336982864777, "running_L_qr": 0.013154228554451702, "running_L_total": 0.041845565537316484, "pre_clip_grad_norm": 0.12696389853954315, "clipping_fraction": 0.0, "samples_per_second": 7.289710641770022, "GPU_allocated_bytes": 87739904, "GPU_reserved_bytes": 7105150976, "data_wait_seconds": 7.063259900012781, "training_samples_seen": 1120, "scope": "FORMAL_SCIENTIFIC_RUN"}
TRAIN {"utc": "2026-10-01T06:23:44.790451+00:00", "epoch": 5, "global_update": 24100, "LR": 9.901758403744485e-05, "running_L_occ": 0.028586679040387284, "running_L_qr": 0.013025127354115202, "running_L_total": 0.04161180639450249, "pre_clip_grad_norm": 0.11139047145843506, "clipping_fraction": 0.0, "samples_per_second": 7.326086860686455, "GPU_allocated_bytes": 87739904, "GPU_reserved_bytes": 7105150976, "data_wait_seconds": 7.4304455000092275, "training_samples_seen": 1320, "scope": "FORMAL_SCIENTIFIC_RUN"}
TRAIN {"utc": "2026-10-01T06:24:11.469072+00:00", "epoch": 5, "global_update": 24200, "LR": 9.90068186699346e-05, "running_L_occ": 0.02899253177875794, "running_L_qr": 0.01336586894912915, "running_L_total": 0.04235840072788709, "pre_clip_grad_norm": 0.07887063920497894, "clipping_fraction": 0.0, "samples_per_second": 7.348113158295263, "GPU_allocated_bytes": 87739904, "GPU_reserved_bytes": 7105150976, "data_wait_seconds": 7.799386799997592, "training_samples_seen": 1520, "scope": "FORMAL_SCIENTIFIC_RUN"}
TRAIN {"utc": "2026-10-01T06:24:38.066130+00:00", "epoch": 5, "global_update": 24300, "LR": 9.899599523733452e-05, "running_L_occ": 0.028787134023900193, "running_L_qr": 0.013287201240865734, "running_L_total": 0.04207433526476593, "pre_clip_grad_norm": 0.11806117743253708, "clipping_fraction": 0.0, "samples_per_second": 7.367634609039119, "GPU_allocated_bytes": 87739904, "GPU_reserved_bytes": 7105150976, "data_wait_seconds": 8.163677999978972, "training_samples_seen": 1720, "scope": "FORMAL_SCIENTIFIC_RUN"}
TRAIN {"utc": "2026-10-01T06:25:04.673049+00:00", "epoch": 5, "global_update": 24400, "LR": 9.898511375260079e-05, "running_L_occ": 0.02872768351735383, "running_L_qr": 0.01321709162321258, "running_L_total": 0.04194477514056641, "pre_clip_grad_norm": 0.029107671231031418, "clipping_fraction": 0.0, "samples_per_second": 7.382896853516891, "GPU_allocated_bytes": 87739904, "GPU_reserved_bytes": 7105150976, "data_wait_seconds": 8.531751499973325, "training_samples_seen": 1920, "scope": "FORMAL_SCIENTIFIC_RUN"}
TRAIN {"utc": "2026-10-01T06:25:31.113251+00:00", "epoch": 5, "global_update": 24500, "LR": 9.897417422875914e-05, "running_L_occ": 0.02879557679492552, "running_L_qr": 0.013161644997843377, "running_L_total": 0.041957221792768895, "pre_clip_grad_norm": 0.07936156541109085, "clipping_fraction": 0.0, "samples_per_second": 7.399650164365663, "GPU_allocated_bytes": 87739904, "GPU_reserved_bytes": 7105150976, "data_wait_seconds": 8.898859799963247, "training_samples_seen": 2120, "scope": "FORMAL_SCIENTIFIC_RUN"}
TRAIN {"utc": "2026-10-01T06:25:57.706834+00:00", "epoch": 5, "global_update": 24600, "LR": 9.896317667890465e-05, "running_L_occ": 0.028846519103880083, "running_L_qr": 0.01325491309236789, "running_L_total": 0.04210143219624797, "pre_clip_grad_norm": 0.3178049325942993, "clipping_fraction": 0.0, "samples_per_second": 7.409926195576387, "GPU_allocated_bytes": 87739904, "GPU_reserved_bytes": 7105150976, "data_wait_seconds": 9.273843499962823, "training_samples_seen": 2320, "scope": "FORMAL_SCIENTIFIC_RUN"}
TRAIN {"utc": "2026-10-01T06:26:24.467202+00:00", "epoch": 5, "global_update": 24700, "LR": 9.895212111620203e-05, "running_L_occ": 0.028969142202980743, "running_L_qr": 0.013316142581225928, "running_L_total": 0.04228528478420668, "pre_clip_grad_norm": 0.06550009548664093, "clipping_fraction": 0.0, "samples_per_second": 7.414941888533986, "GPU_allocated_bytes": 87739904, "GPU_reserved_bytes": 7105150976, "data_wait_seconds": 9.65497829999731, "training_samples_seen": 2520, "scope": "FORMAL_SCIENTIFIC_RUN"}
TRAIN {"utc": "2026-10-01T06:26:50.994403+00:00", "epoch": 5, "global_update": 24800, "LR": 9.894100755388524e-05, "running_L_occ": 0.028797232232171188, "running_L_qr": 0.013252086963240001, "running_L_total": 0.04204931919541119, "pre_clip_grad_norm": 0.1208227202296257, "clipping_fraction": 0.0, "samples_per_second": 7.423947509581727, "GPU_allocated_bytes": 87739904, "GPU_reserved_bytes": 7105150976, "data_wait_seconds": 10.020979000011721, "training_samples_seen": 2720, "scope": "FORMAL_SCIENTIFIC_RUN"}
TRAIN {"utc": "2026-10-01T06:27:17.523513+00:00", "epoch": 5, "global_update": 24900, "LR": 9.892983600525786e-05, "running_L_occ": 0.02888829274007112, "running_L_qr": 0.013287397945615098, "running_L_total": 0.04217569068568622, "pre_clip_grad_norm": 0.32785946130752563, "clipping_fraction": 0.0, "samples_per_second": 7.431715757839835, "GPU_allocated_bytes": 87739904, "GPU_reserved_bytes": 7105150976, "data_wait_seconds": 10.387729899997794, "training_samples_seen": 2920, "scope": "FORMAL_SCIENTIFIC_RUN"}
TRAIN {"utc": "2026-10-01T06:27:44.043290+00:00", "epoch": 5, "global_update": 25000, "LR": 9.891860648369274e-05, "running_L_occ": 0.02885263475064051, "running_L_qr": 0.01326274737382368, "running_L_total": 0.04211538212446419, "pre_clip_grad_norm": 1.151504635810852, "clipping_fraction": 0.0, "samples_per_second": 7.438662553478186, "GPU_allocated_bytes": 87739904, "GPU_reserved_bytes": 7105150976, "data_wait_seconds": 10.755340500028979, "training_samples_seen": 3120, "scope": "FORMAL_SCIENTIFIC_RUN"}
TRAIN {"utc": "2026-10-01T06:28:10.596078+00:00", "epoch": 5, "global_update": 25100, "LR": 9.890731900263219e-05, "running_L_occ": 0.029015574570962068, "running_L_qr": 0.013368324403220964, "running_L_total": 0.042383898974183036, "pre_clip_grad_norm": 0.2579314112663269, "clipping_fraction": 0.0, "samples_per_second": 7.44422694085031, "GPU_allocated_bytes": 87739904, "GPU_reserved_bytes": 7105150976, "data_wait_seconds": 11.122284100045363, "training_samples_seen": 3320, "scope": "FORMAL_SCIENTIFIC_RUN"}
TRAIN {"utc": "2026-10-01T06:28:37.012753+00:00", "epoch": 5, "global_update": 25200, "LR": 9.889597357558791e-05, "running_L_occ": 0.028814844709228155, "running_L_qr": 0.013293805779564315, "running_L_total": 0.04210865048879247, "pre_clip_grad_norm": 0.12177801132202148, "clipping_fraction": 0.0, "samples_per_second": 7.451312066941906, "GPU_allocated_bytes": 87739904, "GPU_reserved_bytes": 7105150976, "data_wait_seconds": 11.488799400005519, "training_samples_seen": 3520, "scope": "FORMAL_SCIENTIFIC_RUN"}
TRAIN {"utc": "2026-10-01T06:29:03.471774+00:00", "epoch": 5, "global_update": 25300, "LR": 9.88845702161409e-05, "running_L_occ": 0.028890197958651703, "running_L_qr": 0.013327180170685297, "running_L_total": 0.04221737812933699, "pre_clip_grad_norm": 0.09028756618499756, "clipping_fraction": 0.0, "samples_per_second": 7.457019414914896, "GPU_allocated_bytes": 87739904, "GPU_reserved_bytes": 7105150976, "data_wait_seconds": 11.85160019999239, "training_samples_seen": 3720, "scope": "FORMAL_SCIENTIFIC_RUN"}
TRAIN {"utc": "2026-10-01T06:29:30.029917+00:00", "epoch": 5, "global_update": 25400, "LR": 9.887310893794161e-05, "running_L_occ": 0.02892598538340703, "running_L_qr": 0.01335473846288519, "running_L_total": 0.04228072384629222, "pre_clip_grad_norm": 0.10060352832078934, "clipping_fraction": 0.0, "samples_per_second": 7.460741338789921, "GPU_allocated_bytes": 87739904, "GPU_reserved_bytes": 7105150976, "data_wait_seconds": 12.221657800004323, "training_samples_seen": 3920, "scope": "FORMAL_SCIENTIFIC_RUN"}
TRAIN {"utc": "2026-10-01T06:29:56.658038+00:00", "epoch": 5, "global_update": 25500, "LR": 9.886158975470972e-05, "running_L_occ": 0.028854207886951685, "running_L_qr": 0.013301172387977293, "running_L_total": 0.042155380274928975, "pre_clip_grad_norm": 0.12079572677612305, "clipping_fraction": 0.0, "samples_per_second": 7.463151267561482, "GPU_allocated_bytes": 87739904, "GPU_reserved_bytes": 7105150976, "data_wait_seconds": 12.598071399996115, "training_samples_seen": 4120, "scope": "FORMAL_SCIENTIFIC_RUN"}
TRAIN {"utc": "2026-10-01T06:30:23.375775+00:00", "epoch": 5, "global_update": 25600, "LR": 9.88500126802343e-05, "running_L_occ": 0.028928803835165832, "running_L_qr": 0.013343731755181717, "running_L_total": 0.04227253559034754, "pre_clip_grad_norm": 0.3322923183441162, "clipping_fraction": 0.0, "samples_per_second": 7.464190222146759, "GPU_allocated_bytes": 87739904, "GPU_reserved_bytes": 7105150976, "data_wait_seconds": 12.972375799985457, "training_samples_seen": 4320, "scope": "FORMAL_SCIENTIFIC_RUN"}
TRAIN {"utc": "2026-10-01T06:30:49.947891+00:00", "epoch": 5, "global_update": 25700, "LR": 9.883837772837365e-05, "running_L_occ": 0.02898142091543613, "running_L_qr": 0.013374465919368162, "running_L_total": 0.0423558868348043, "pre_clip_grad_norm": 0.15296584367752075, "clipping_fraction": 0.0, "samples_per_second": 7.466933017938299, "GPU_allocated_bytes": 87739904, "GPU_reserved_bytes": 7105150976, "data_wait_seconds": 13.341302799977711, "training_samples_seen": 4520, "scope": "FORMAL_SCIENTIFIC_RUN"}
TRAIN {"utc": "2026-10-01T06:31:16.435026+00:00", "epoch": 5, "global_update": 25800, "LR": 9.882668491305541e-05, "running_L_occ": 0.02901418645290163, "running_L_qr": 0.013429096255759295, "running_L_total": 0.04244328270866093, "pre_clip_grad_norm": 0.17976880073547363, "clipping_fraction": 0.0, "samples_per_second": 7.470450456744766, "GPU_allocated_bytes": 87739904, "GPU_reserved_bytes": 7105150976, "data_wait_seconds": 13.709815399961371, "training_samples_seen": 4720, "scope": "FORMAL_SCIENTIFIC_RUN"}
TRAIN {"utc": "2026-10-01T06:31:42.896274+00:00", "epoch": 5, "global_update": 25900, "LR": 9.881493424827648e-05, "running_L_occ": 0.028989019521838195, "running_L_qr": 0.013355431742157977, "running_L_total": 0.04234445126399617, "pre_clip_grad_norm": 0.36341604590415955, "clipping_fraction": 0.0, "samples_per_second": 7.47397916267096, "GPU_allocated_bytes": 87739904, "GPU_reserved_bytes": 7105150976, "data_wait_seconds": 14.078568499931862, "training_samples_seen": 4920, "scope": "FORMAL_SCIENTIFIC_RUN"}
TRAIN {"utc": "2026-10-01T06:32:09.529179+00:00", "epoch": 5, "global_update": 26000, "LR": 9.880312574810297e-05, "running_L_occ": 0.028942649431381945, "running_L_qr": 0.013322470748938258, "running_L_total": 0.042265120180320206, "pre_clip_grad_norm": 0.12847532331943512, "clipping_fraction": 0.0, "samples_per_second": 7.475364075540129, "GPU_allocated_bytes": 87739904, "GPU_reserved_bytes": 7105150976, "data_wait_seconds": 14.44979439990857, "training_samples_seen": 5120, "scope": "FORMAL_SCIENTIFIC_RUN"}
TRAIN {"utc": "2026-10-01T06:32:36.137834+00:00", "epoch": 5, "global_update": 26100, "LR": 9.879125942667025e-05, "running_L_occ": 0.02885629312690513, "running_L_qr": 0.013299218077833398, "running_L_total": 0.04215551120473853, "pre_clip_grad_norm": 0.07977784425020218, "clipping_fraction": 0.0, "samples_per_second": 7.476898720188181, "GPU_allocated_bytes": 87739904, "GPU_reserved_bytes": 7105150976, "data_wait_seconds": 14.814714099898993, "training_samples_seen": 5320, "scope": "FORMAL_SCIENTIFIC_RUN"}
TRAIN {"utc": "2026-10-01T06:33:02.530422+00:00", "epoch": 5, "global_update": 26200, "LR": 9.877933529818292e-05, "running_L_occ": 0.028666044698971608, "running_L_qr": 0.013194571677130375, "running_L_total": 0.04186061637610198, "pre_clip_grad_norm": 0.23797254264354706, "clipping_fraction": 0.0, "samples_per_second": 7.4805108289770965, "GPU_allocated_bytes": 87739904, "GPU_reserved_bytes": 7105150976, "data_wait_seconds": 15.183875599890598, "training_samples_seen": 5520, "scope": "FORMAL_SCIENTIFIC_RUN"}
TRAIN {"utc": "2026-10-01T06:33:29.079714+00:00", "epoch": 5, "global_update": 26300, "LR": 9.876735337691472e-05, "running_L_occ": 0.02863970617493056, "running_L_qr": 0.013175259100953463, "running_L_total": 0.04181496527588402, "pre_clip_grad_norm": 0.2212296575307846, "clipping_fraction": 0.0, "samples_per_second": 7.482334426870897, "GPU_allocated_bytes": 87739904, "GPU_reserved_bytes": 7105150976, "data_wait_seconds": 15.553826299892535, "training_samples_seen": 5720, "scope": "FORMAL_SCIENTIFIC_RUN"}
TRAIN {"utc": "2026-10-01T06:33:55.728032+00:00", "epoch": 5, "global_update": 26400, "LR": 9.875531367720865e-05, "running_L_occ": 0.02867114687103097, "running_L_qr": 0.013198538887383997, "running_L_total": 0.041869685758414966, "pre_clip_grad_norm": 0.16778019070625305, "clipping_fraction": 0.0, "samples_per_second": 7.483107365141753, "GPU_allocated_bytes": 87739904, "GPU_reserved_bytes": 7105150976, "data_wait_seconds": 15.935775999907491, "training_samples_seen": 5920, "scope": "FORMAL_SCIENTIFIC_RUN"}
TRAIN {"utc": "2026-10-01T06:34:22.288708+00:00", "epoch": 5, "global_update": 26500, "LR": 9.874321621347682e-05, "running_L_occ": 0.02863613180245789, "running_L_qr": 0.013152314518968353, "running_L_total": 0.04178844632142625, "pre_clip_grad_norm": 0.02067231386899948, "clipping_fraction": 0.0, "samples_per_second": 7.484625840151304, "GPU_allocated_bytes": 87739904, "GPU_reserved_bytes": 7105150976, "data_wait_seconds": 16.30559599991102, "training_samples_seen": 6120, "scope": "FORMAL_SCIENTIFIC_RUN"}
TRAIN {"utc": "2026-10-01T06:34:48.849893+00:00", "epoch": 5, "global_update": 26600, "LR": 9.873106100020051e-05, "running_L_occ": 0.028641858689481603, "running_L_qr": 0.013191338045740733, "running_L_total": 0.04183319673522234, "pre_clip_grad_norm": 0.09025545418262482, "clipping_fraction": 0.0, "samples_per_second": 7.486044842718649, "GPU_allocated_bytes": 87739904, "GPU_reserved_bytes": 7105150976, "data_wait_seconds": 16.67763739992006, "training_samples_seen": 6320, "scope": "FORMAL_SCIENTIFIC_RUN"}
TRAIN {"utc": "2026-10-01T06:35:15.453949+00:00", "epoch": 5, "global_update": 26700, "LR": 9.871884805193008e-05, "running_L_occ": 0.028632181243487355, "running_L_qr": 0.01316847637966608, "running_L_total": 0.04180065762315343, "pre_clip_grad_norm": 0.36464953422546387, "clipping_fraction": 0.0, "samples_per_second": 7.487015175992561, "GPU_allocated_bytes": 87739904, "GPU_reserved_bytes": 7105150976, "data_wait_seconds": 17.044384299959347, "training_samples_seen": 6520, "scope": "FORMAL_SCIENTIFIC_RUN"}
TRAIN {"utc": "2026-10-01T06:35:41.960344+00:00", "epoch": 5, "global_update": 26800, "LR": 9.870657738328506e-05, "running_L_occ": 0.0287001228798985, "running_L_qr": 0.013211787368823516, "running_L_total": 0.04191191024872201, "pre_clip_grad_norm": 0.4680890142917633, "clipping_fraction": 0.0, "samples_per_second": 7.488738385068724, "GPU_allocated_bytes": 87739904, "GPU_reserved_bytes": 7105150976, "data_wait_seconds": 17.414014999976644, "training_samples_seen": 6720, "scope": "FORMAL_SCIENTIFIC_RUN"}
TRAIN {"utc": "2026-10-01T06:36:08.554820+00:00", "epoch": 5, "global_update": 26900, "LR": 9.86942490089541e-05, "running_L_occ": 0.028689074866152704, "running_L_qr": 0.013199423180572954, "running_L_total": 0.041888498046725654, "pre_clip_grad_norm": 0.12793511152267456, "clipping_fraction": 0.0, "samples_per_second": 7.4896455020483454, "GPU_allocated_bytes": 87739904, "GPU_reserved_bytes": 7105150976, "data_wait_seconds": 17.783238499963772, "training_samples_seen": 6920, "scope": "FORMAL_SCIENTIFIC_RUN"}
TRAIN {"utc": "2026-10-01T06:36:35.120026+00:00", "epoch": 5, "global_update": 27000, "LR": 9.86818629436948e-05, "running_L_occ": 0.028730227257368623, "running_L_qr": 0.013218127597627985, "running_L_total": 0.04194835485499661, "pre_clip_grad_norm": 0.05311131104826927, "clipping_fraction": 0.0, "samples_per_second": 7.490740113561723, "GPU_allocated_bytes": 87739904, "GPU_reserved_bytes": 7105150976, "data_wait_seconds": 18.154014199950325, "training_samples_seen": 7120, "scope": "FORMAL_SCIENTIFIC_RUN"}
TRAIN {"utc": "2026-10-01T06:37:01.645096+00:00", "epoch": 5, "global_update": 27100, "LR": 9.866941920233396e-05, "running_L_occ": 0.028716860697881593, "running_L_qr": 0.013204224398977685, "running_L_total": 0.04192108509685928, "pre_clip_grad_norm": 0.047260940074920654, "clipping_fraction": 0.0, "samples_per_second": 7.492076177580058, "GPU_allocated_bytes": 87739904, "GPU_reserved_bytes": 7105150976, "data_wait_seconds": 18.525036899965926, "training_samples_seen": 7320, "scope": "FORMAL_SCIENTIFIC_RUN"}
TRAIN {"utc": "2026-10-01T06:37:28.219341+00:00", "epoch": 5, "global_update": 27200, "LR": 9.865691779976734e-05, "running_L_occ": 0.028744317190814408, "running_L_qr": 0.013187311731320022, "running_L_total": 0.04193162892213443, "pre_clip_grad_norm": 0.3786929249763489, "clipping_fraction": 0.0, "samples_per_second": 7.492979549213726, "GPU_allocated_bytes": 87739904, "GPU_reserved_bytes": 7105150976, "data_wait_seconds": 18.89371309996568, "training_samples_seen": 7520, "scope": "FORMAL_SCIENTIFIC_RUN"}
TRAIN {"utc": "2026-10-01T06:37:54.827882+00:00", "epoch": 5, "global_update": 27300, "LR": 9.864435875095975e-05, "running_L_occ": 0.028722343268146145, "running_L_qr": 0.013160886772783046, "running_L_total": 0.041883230040929184, "pre_clip_grad_norm": 0.27782049775123596, "clipping_fraction": 0.0, "samples_per_second": 7.493577517761256, "GPU_allocated_bytes": 87739904, "GPU_reserved_bytes": 7105150976, "data_wait_seconds": 19.265698199957114, "training_samples_seen": 7720, "scope": "FORMAL_SCIENTIFIC_RUN"}
TRAIN {"utc": "2026-10-01T06:38:21.401267+00:00", "epoch": 5, "global_update": 27400, "LR": 9.863174207094499e-05, "running_L_occ": 0.028831508311997944, "running_L_qr": 0.013225519264189462, "running_L_total": 0.04205702757618741, "pre_clip_grad_norm": 0.1719810515642166, "clipping_fraction": 0.0, "samples_per_second": 7.494402955608404, "GPU_allocated_bytes": 87739904, "GPU_reserved_bytes": 7105150976, "data_wait_seconds": 19.632229499940877, "training_samples_seen": 7920, "scope": "FORMAL_SCIENTIFIC_RUN"}
TRAIN {"utc": "2026-10-01T06:38:47.908229+00:00", "epoch": 5, "global_update": 27500, "LR": 9.861906777482587e-05, "running_L_occ": 0.028851971208071064, "running_L_qr": 0.013259066429669399, "running_L_total": 0.04211103763774046, "pre_clip_grad_norm": 0.042315464466810226, "clipping_fraction": 0.0, "samples_per_second": 7.495646133173574, "GPU_allocated_bytes": 87739904, "GPU_reserved_bytes": 7105150976, "data_wait_seconds": 20.003717899980984, "training_samples_seen": 8120, "scope": "FORMAL_SCIENTIFIC_RUN"}
TRAIN {"utc": "2026-10-01T06:39:14.489960+00:00", "epoch": 5, "global_update": 27600, "LR": 9.860633587777416e-05, "running_L_occ": 0.028832528104279404, "running_L_qr": 0.013249073935885909, "running_L_total": 0.04208160204016532, "pre_clip_grad_norm": 0.3608379364013672, "clipping_fraction": 0.0, "samples_per_second": 7.496326016831613, "GPU_allocated_bytes": 87739904, "GPU_reserved_bytes": 7105150976, "data_wait_seconds": 20.36809249997532, "training_samples_seen": 8320, "scope": "FORMAL_SCIENTIFIC_RUN"}
TRAIN {"utc": "2026-10-01T06:39:41.003063+00:00", "epoch": 5, "global_update": 27700, "LR": 9.859354639503056e-05, "running_L_occ": 0.02883718829034975, "running_L_qr": 0.013258848478692228, "running_L_total": 0.04209603676904198, "pre_clip_grad_norm": 0.6166870594024658, "clipping_fraction": 0.0, "samples_per_second": 7.497426817117876, "GPU_allocated_bytes": 87739904, "GPU_reserved_bytes": 7105150976, "data_wait_seconds": 20.73623829995995, "training_samples_seen": 8520, "scope": "FORMAL_SCIENTIFIC_RUN"}
TRAIN {"utc": "2026-10-01T06:40:07.526870+00:00", "epoch": 5, "global_update": 27800, "LR": 9.858069934190473e-05, "running_L_occ": 0.028778575709461855, "running_L_qr": 0.013230148593321764, "running_L_total": 0.042008724302783615, "pre_clip_grad_norm": 0.24174237251281738, "clipping_fraction": 0.0, "samples_per_second": 7.498401987562396, "GPU_allocated_bytes": 87739904, "GPU_reserved_bytes": 7105150976, "data_wait_seconds": 21.10690929996781, "training_samples_seen": 8720, "scope": "FORMAL_SCIENTIFIC_RUN"}
TRAIN {"utc": "2026-10-01T06:40:34.094345+00:00", "epoch": 5, "global_update": 27900, "LR": 9.856779473377524e-05, "running_L_occ": 0.02877220496513762, "running_L_qr": 0.013219364706152308, "running_L_total": 0.04199156967128992, "pre_clip_grad_norm": 0.15637189149856567, "clipping_fraction": 0.0, "samples_per_second": 7.4990683094899895, "GPU_allocated_bytes": 87739904, "GPU_reserved_bytes": 7105150976, "data_wait_seconds": 21.473894499980815, "training_samples_seen": 8920, "scope": "FORMAL_SCIENTIFIC_RUN"}
TRAIN {"utc": "2026-10-01T06:41:00.681005+00:00", "epoch": 5, "global_update": 28000, "LR": 9.855483258608954e-05, "running_L_occ": 0.028741400291492584, "running_L_qr": 0.013183278956313467, "running_L_total": 0.04192467924780605, "pre_clip_grad_norm": 0.20345142483711243, "clipping_fraction": 0.0, "samples_per_second": 7.499581699729324, "GPU_allocated_bytes": 87739904, "GPU_reserved_bytes": 7105150976, "data_wait_seconds": 21.845060199979343, "training_samples_seen": 9120, "scope": "FORMAL_SCIENTIFIC_RUN"}
TRAIN {"utc": "2026-10-01T06:41:27.298961+00:00", "epoch": 5, "global_update": 28100, "LR": 9.854181291436399e-05, "running_L_occ": 0.02872128495098307, "running_L_qr": 0.013192564311606179, "running_L_total": 0.04191384926258925, "pre_clip_grad_norm": 0.08487353473901749, "clipping_fraction": 0.0, "samples_per_second": 7.4998811530367435, "GPU_allocated_bytes": 87739904, "GPU_reserved_bytes": 7105150976, "data_wait_seconds": 22.2121383999729, "training_samples_seen": 9320, "scope": "FORMAL_SCIENTIFIC_RUN"}
TRAIN {"utc": "2026-10-01T06:41:53.932073+00:00", "epoch": 5, "global_update": 28200, "LR": 9.852873573418377e-05, "running_L_occ": 0.028698626704220524, "running_L_qr": 0.013178424190878097, "running_L_total": 0.04187705089509862, "pre_clip_grad_norm": 0.1106947585940361, "clipping_fraction": 0.0, "samples_per_second": 7.500085457446925, "GPU_allocated_bytes": 87739904, "GPU_reserved_bytes": 7105150976, "data_wait_seconds": 22.58128229995782, "training_samples_seen": 9520, "scope": "FORMAL_SCIENTIFIC_RUN"}
TRAIN {"utc": "2026-10-01T06:42:20.446919+00:00", "epoch": 5, "global_update": 28300, "LR": 9.851560106120291e-05, "running_L_occ": 0.02872991974998914, "running_L_qr": 0.013191155514712833, "running_L_total": 0.04192107526470197, "pre_clip_grad_norm": 0.17887935042381287, "clipping_fraction": 0.0, "samples_per_second": 7.500957478122412, "GPU_allocated_bytes": 87739904, "GPU_reserved_bytes": 7105150976, "data_wait_seconds": 22.955050799966557, "training_samples_seen": 9720, "scope": "FORMAL_SCIENTIFIC_RUN"}
TRAIN {"utc": "2026-10-01T06:42:47.040879+00:00", "epoch": 5, "global_update": 28400, "LR": 9.850240891114432e-05, "running_L_occ": 0.028736560715379892, "running_L_qr": 0.013180714073997119, "running_L_total": 0.04191727478937701, "pre_clip_grad_norm": 0.08267048001289368, "clipping_fraction": 0.0, "samples_per_second": 7.50135066941952, "GPU_allocated_bytes": 87739904, "GPU_reserved_bytes": 7105150976, "data_wait_seconds": 23.32576269996207, "training_samples_seen": 9920, "scope": "FORMAL_SCIENTIFIC_RUN"}
TRAIN {"utc": "2026-10-01T06:43:13.628241+00:00", "epoch": 5, "global_update": 28500, "LR": 9.848915929979961e-05, "running_L_occ": 0.02877576782685358, "running_L_qr": 0.01320692880447985, "running_L_total": 0.04198269663133343, "pre_clip_grad_norm": 0.6789748072624207, "clipping_fraction": 0.0, "samples_per_second": 7.501767116669697, "GPU_allocated_bytes": 87739904, "GPU_reserved_bytes": 7105150976, "data_wait_seconds": 23.698517199984053, "training_samples_seen": 10120, "scope": "FORMAL_SCIENTIFIC_RUN"}
TRAIN {"utc": "2026-10-01T06:43:40.242847+00:00", "epoch": 5, "global_update": 28600, "LR": 9.847585224302925e-05, "running_L_occ": 0.0287741119762505, "running_L_qr": 0.013220725540209989, "running_L_total": 0.041994837516460486, "pre_clip_grad_norm": 0.30237600207328796, "clipping_fraction": 0.0, "samples_per_second": 7.502018575661973, "GPU_allocated_bytes": 87739904, "GPU_reserved_bytes": 7105150976, "data_wait_seconds": 24.082337599960738, "training_samples_seen": 10320, "scope": "FORMAL_SCIENTIFIC_RUN"}
TRAIN {"utc": "2026-10-01T06:44:06.902863+00:00", "epoch": 5, "global_update": 28700, "LR": 9.846248775676245e-05, "running_L_occ": 0.028767192356737265, "running_L_qr": 0.01320037871416703, "running_L_total": 0.0419675710709043, "pre_clip_grad_norm": 0.12889407575130463, "clipping_fraction": 0.0, "samples_per_second": 7.502015061569423, "GPU_allocated_bytes": 87739904, "GPU_reserved_bytes": 7105150976, "data_wait_seconds": 24.449534399955155, "training_samples_seen": 10520, "scope": "FORMAL_SCIENTIFIC_RUN"}
TRAIN {"utc": "2026-10-01T06:44:33.392425+00:00", "epoch": 5, "global_update": 28800, "LR": 9.844906585699719e-05, "running_L_occ": 0.028816521540590754, "running_L_qr": 0.013220480050977656, "running_L_total": 0.04203700159156841, "pre_clip_grad_norm": 0.2415967732667923, "clipping_fraction": 0.0, "samples_per_second": 7.50290575641681, "GPU_allocated_bytes": 87739904, "GPU_reserved_bytes": 7105150976, "data_wait_seconds": 24.818588799942518, "training_samples_seen": 10720, "scope": "FORMAL_SCIENTIFIC_RUN"}
TRAIN {"utc": "2026-10-01T06:45:00.222602+00:00", "epoch": 5, "global_update": 28900, "LR": 9.843558655980011e-05, "running_L_occ": 0.028831532916753493, "running_L_qr": 0.013227076373890794, "running_L_total": 0.04205860929064429, "pre_clip_grad_norm": 0.253190815448761, "clipping_fraction": 0.0, "samples_per_second": 7.502010272885172, "GPU_allocated_bytes": 87739904, "GPU_reserved_bytes": 7105150976, "data_wait_seconds": 25.19442079993314, "training_samples_seen": 10920, "scope": "FORMAL_SCIENTIFIC_RUN"}
TRAIN {"utc": "2026-10-01T06:45:29.392140+00:00", "epoch": 5, "global_update": 29000, "LR": 9.842204988130663e-05, "running_L_occ": 0.028801095052359477, "running_L_qr": 0.013189019185231333, "running_L_total": 0.04199011423759081, "pre_clip_grad_norm": 0.2894846796989441, "clipping_fraction": 0.0, "samples_per_second": 7.489329661920152, "GPU_allocated_bytes": 87739904, "GPU_reserved_bytes": 7105150976, "data_wait_seconds": 25.574995599949034, "training_samples_seen": 11120, "scope": "FORMAL_SCIENTIFIC_RUN"}
TRAIN {"utc": "2026-10-01T06:45:56.696394+00:00", "epoch": 5, "global_update": 29100, "LR": 9.840845583772085e-05, "running_L_occ": 0.02879076393252747, "running_L_qr": 0.013160897401935054, "running_L_total": 0.04195166133446252, "pre_clip_grad_norm": 0.15632976591587067, "clipping_fraction": 0.0, "samples_per_second": 7.486360949826005, "GPU_allocated_bytes": 87739904, "GPU_reserved_bytes": 7105150976, "data_wait_seconds": 25.943757999964873, "training_samples_seen": 11320, "scope": "FORMAL_SCIENTIFIC_RUN"}
TRAIN {"utc": "2026-10-01T06:46:24.189425+00:00", "epoch": 5, "global_update": 29200, "LR": 9.839480444531549e-05, "running_L_occ": 0.028782616985445444, "running_L_qr": 0.013169309387697808, "running_L_total": 0.041951926373143246, "pre_clip_grad_norm": 0.19442594051361084, "clipping_fraction": 0.0, "samples_per_second": 7.482576625954838, "GPU_allocated_bytes": 87739904, "GPU_reserved_bytes": 7105150976, "data_wait_seconds": 26.31527699997241, "training_samples_seen": 11520, "scope": "FORMAL_SCIENTIFIC_RUN"}
TRAIN {"utc": "2026-10-01T06:46:51.593852+00:00", "epoch": 5, "global_update": 29300, "LR": 9.838109572043197e-05, "running_L_occ": 0.02878442386383154, "running_L_qr": 0.013168745196627175, "running_L_total": 0.04195316906045872, "pre_clip_grad_norm": 0.09006231278181076, "clipping_fraction": 0.0, "samples_per_second": 7.479349178210374, "GPU_allocated_bytes": 87739904, "GPU_reserved_bytes": 7105150976, "data_wait_seconds": 26.683391799975652, "training_samples_seen": 11720, "scope": "FORMAL_SCIENTIFIC_RUN"}
VALIDATION {"epoch": 5, "phase": "VALIDATION", "scenes_completed": 8, "scenes_required": 11727, "wall_seconds": 5.664004399997793, "updated_utc": "2026-10-01T06:46:57.815420+00:00"}
VALIDATION {"epoch": 5, "phase": "VALIDATION", "scenes_completed": 808, "scenes_required": 11727, "wall_seconds": 38.86222819999966, "updated_utc": "2026-10-01T06:47:31.013288+00:00"}
VALIDATION {"epoch": 5, "phase": "VALIDATION", "scenes_completed": 1608, "scenes_required": 11727, "wall_seconds": 71.82144049999988, "updated_utc": "2026-10-01T06:48:03.972029+00:00"}
VALIDATION {"epoch": 5, "phase": "VALIDATION", "scenes_completed": 2408, "scenes_required": 11727, "wall_seconds": 105.04404570000042, "updated_utc": "2026-10-01T06:48:37.195381+00:00"}
VALIDATION {"epoch": 5, "phase": "VALIDATION", "scenes_completed": 3208, "scenes_required": 11727, "wall_seconds": 138.25907019999795, "updated_utc": "2026-10-01T06:49:10.410284+00:00"}
VALIDATION {"epoch": 5, "phase": "VALIDATION", "scenes_completed": 4008, "scenes_required": 11727, "wall_seconds": 171.41296309999962, "updated_utc": "2026-10-01T06:49:43.563548+00:00"}
VALIDATION {"epoch": 5, "phase": "VALIDATION", "scenes_completed": 4808, "scenes_required": 11727, "wall_seconds": 204.41205179999815, "updated_utc": "2026-10-01T06:50:16.563113+00:00"}
VALIDATION {"epoch": 5, "phase": "VALIDATION", "scenes_completed": 5608, "scenes_required": 11727, "wall_seconds": 237.59651219999796, "updated_utc": "2026-10-01T06:50:49.747057+00:00"}
VALIDATION {"epoch": 5, "phase": "VALIDATION", "scenes_completed": 6408, "scenes_required": 11727, "wall_seconds": 270.69095430000016, "updated_utc": "2026-10-01T06:51:22.842015+00:00"}
VALIDATION {"epoch": 5, "phase": "VALIDATION", "scenes_completed": 7208, "scenes_required": 11727, "wall_seconds": 303.831897, "updated_utc": "2026-10-01T06:51:55.983279+00:00"}
VALIDATION {"epoch": 5, "phase": "VALIDATION", "scenes_completed": 8008, "scenes_required": 11727, "wall_seconds": 336.77331179999965, "updated_utc": "2026-10-01T06:52:28.924145+00:00"}
VALIDATION {"epoch": 5, "phase": "VALIDATION", "scenes_completed": 8808, "scenes_required": 11727, "wall_seconds": 370.1131126, "updated_utc": "2026-10-01T06:53:02.263658+00:00"}
VALIDATION {"epoch": 5, "phase": "VALIDATION", "scenes_completed": 9608, "scenes_required": 11727, "wall_seconds": 403.4579707999983, "updated_utc": "2026-10-01T06:53:35.608446+00:00"}
VALIDATION {"epoch": 5, "phase": "VALIDATION", "scenes_completed": 10408, "scenes_required": 11727, "wall_seconds": 436.6606047999994, "updated_utc": "2026-10-01T06:54:08.812022+00:00"}
VALIDATION {"epoch": 5, "phase": "VALIDATION", "scenes_completed": 11208, "scenes_required": 11727, "wall_seconds": 469.8448645999997, "updated_utc": "2026-10-01T06:54:41.995942+00:00"}
VALIDATION {"epoch": 5, "phase": "VALIDATION", "scenes_completed": 11727, "scenes_required": 11727, "wall_seconds": 491.4384965999998, "updated_utc": "2026-10-01T06:55:03.589145+00:00"}
EPOCH_COMPLETED {"epoch": 5, "global_val_core_loss": 0.0496741255665496, "best_epoch": 3, "early_stop_count": 2, "wall_seconds": 2063.627063300002}
TRAIN {"utc": "2026-10-01T06:55:13.713829+00:00", "epoch": 6, "global_update": 29301, "LR": 9.838095834370958e-05, "running_L_occ": 0.015992323995529186, "running_L_qr": 0.0021940553039686544, "running_L_total": 0.018186379299497842, "pre_clip_grad_norm": 0.16814060509204865, "clipping_fraction": 0.0, "samples_per_second": 0.37410509618507987, "GPU_allocated_bytes": 87739904, "GPU_reserved_bytes": 7105150976, "data_wait_seconds": 5.0682281000008516, "training_samples_seen": 2, "scope": "FORMAL_SCIENTIFIC_RUN"}
TRAIN {"utc": "2026-10-01T06:55:40.950008+00:00", "epoch": 6, "global_update": 29400, "LR": 9.836732967948029e-05, "running_L_occ": 0.02946967535130008, "running_L_qr": 0.013464889959576412, "running_L_total": 0.04293456531087649, "pre_clip_grad_norm": 0.06556679308414459, "clipping_fraction": 0.0, "samples_per_second": 6.138307057859657, "GPU_allocated_bytes": 87739904, "GPU_reserved_bytes": 7105150976, "data_wait_seconds": 5.384220400013874, "training_samples_seen": 200, "scope": "FORMAL_SCIENTIFIC_RUN"}
TRAIN {"utc": "2026-10-01T06:56:08.446932+00:00", "epoch": 6, "global_update": 29500, "LR": 9.835350633893913e-05, "running_L_occ": 0.02882767087274622, "running_L_qr": 0.013675184748584444, "running_L_total": 0.04250285562133066, "pre_clip_grad_norm": 0.22999952733516693, "clipping_fraction": 0.0, "samples_per_second": 6.657789370054283, "GPU_allocated_bytes": 87739904, "GPU_reserved_bytes": 7105150976, "data_wait_seconds": 5.7513334000177565, "training_samples_seen": 400, "scope": "FORMAL_SCIENTIFIC_RUN"}
TRAIN {"utc": "2026-10-01T06:56:36.054844+00:00", "epoch": 6, "global_update": 29600, "LR": 9.83396257153557e-05, "running_L_occ": 0.028121509254749506, "running_L_qr": 0.013531301950124919, "running_L_total": 0.04165281120487443, "pre_clip_grad_norm": 0.03566466271877289, "clipping_fraction": 0.0, "samples_per_second": 6.842516395755683, "GPU_allocated_bytes": 87739904, "GPU_reserved_bytes": 7105150976, "data_wait_seconds": 6.122727900008613, "training_samples_seen": 600, "scope": "FORMAL_SCIENTIFIC_RUN"}
TRAIN {"utc": "2026-10-01T06:57:56.802248+00:00", "epoch": 6, "global_update": 29700, "LR": 9.832568782534581e-05, "running_L_occ": 0.028296340024870505, "running_L_qr": 0.013237394047387772, "running_L_total": 0.04153373407225828, "pre_clip_grad_norm": 0.21295808255672455, "clipping_fraction": 0.0, "samples_per_second": 4.749612871225718, "GPU_allocated_bytes": 87739904, "GPU_reserved_bytes": 7105150976, "data_wait_seconds": 59.7441578999933, "training_samples_seen": 800, "scope": "FORMAL_SCIENTIFIC_RUN"}
TRAIN {"utc": "2026-10-01T06:58:24.494567+00:00", "epoch": 6, "global_update": 29800, "LR": 9.83116926855938e-05, "running_L_occ": 0.028311372250982153, "running_L_qr": 0.013375232387962543, "running_L_total": 0.04168660463894469, "pre_clip_grad_norm": 0.04511280730366707, "clipping_fraction": 0.0, "samples_per_second": 5.098722227119182, "GPU_allocated_bytes": 87739904, "GPU_reserved_bytes": 7105150976, "data_wait_seconds": 60.11400549998871, "training_samples_seen": 1000, "scope": "FORMAL_SCIENTIFIC_RUN"}
TRAIN {"utc": "2026-10-01T06:58:52.685957+00:00", "epoch": 6, "global_update": 29900, "LR": 9.829764031285256e-05, "running_L_occ": 0.02816445973000838, "running_L_qr": 0.013254529507472494, "running_L_total": 0.04141898923748087, "pre_clip_grad_norm": 0.17247265577316284, "clipping_fraction": 0.0, "samples_per_second": 5.349526156425907, "GPU_allocated_bytes": 87739904, "GPU_reserved_bytes": 7105150976, "data_wait_seconds": 60.47597589997531, "training_samples_seen": 1200, "scope": "FORMAL_SCIENTIFIC_RUN"}
TRAIN {"utc": "2026-10-01T06:59:21.253587+00:00", "epoch": 6, "global_update": 30000, "LR": 9.828353072394348e-05, "running_L_occ": 0.02793522147839255, "running_L_qr": 0.01297515532018778, "running_L_total": 0.04091037679858033, "pre_clip_grad_norm": 0.08446002751588821, "clipping_fraction": 0.0, "samples_per_second": 5.536090783385422, "GPU_allocated_bytes": 87739904, "GPU_reserved_bytes": 7105150976, "data_wait_seconds": 60.83913249998659, "training_samples_seen": 1400, "scope": "FORMAL_SCIENTIFIC_RUN"}
TRAIN {"utc": "2026-10-01T06:59:48.912153+00:00", "epoch": 6, "global_update": 30100, "LR": 9.826936393575644e-05, "running_L_occ": 0.028029060701137056, "running_L_qr": 0.013026205731158744, "running_L_total": 0.0410552664322958, "pre_clip_grad_norm": 0.1784464716911316, "clipping_fraction": 0.0, "samples_per_second": 5.703188647390384, "GPU_allocated_bytes": 87739904, "GPU_reserved_bytes": 7105150976, "data_wait_seconds": 61.20626879997144, "training_samples_seen": 1600, "scope": "FORMAL_SCIENTIFIC_RUN"}
TRAIN {"utc": "2026-10-01T07:00:16.521326+00:00", "epoch": 6, "global_update": 30200, "LR": 9.825513996524981e-05, "running_L_occ": 0.027905103802327406, "running_L_qr": 0.012872143759333236, "running_L_total": 0.04077724756166064, "pre_clip_grad_norm": 0.27475181221961975, "clipping_fraction": 0.0, "samples_per_second": 5.841230792837716, "GPU_allocated_bytes": 87739904, "GPU_reserved_bytes": 7105150976, "data_wait_seconds": 61.57044129999122, "training_samples_seen": 1800, "scope": "FORMAL_SCIENTIFIC_RUN"}
TRAIN {"utc": "2026-10-01T07:00:43.989121+00:00", "epoch": 6, "global_update": 30300, "LR": 9.824085882945038e-05, "running_L_occ": 0.02829341124239575, "running_L_qr": 0.013088238619350052, "running_L_total": 0.0413816498617458, "pre_clip_grad_norm": 0.2248995453119278, "clipping_fraction": 0.0, "samples_per_second": 5.959083053281815, "GPU_allocated_bytes": 87739904, "GPU_reserved_bytes": 7105150976, "data_wait_seconds": 61.933199800016155, "training_samples_seen": 2000, "scope": "FORMAL_SCIENTIFIC_RUN"}
TRAIN {"utc": "2026-10-01T07:01:11.298342+00:00", "epoch": 6, "global_update": 30400, "LR": 9.822652054545339e-05, "running_L_occ": 0.02838849819004965, "running_L_qr": 0.013121705339140033, "running_L_total": 0.04151020352918968, "pre_clip_grad_norm": 0.056012045592069626, "clipping_fraction": 0.0, "samples_per_second": 6.06175681750667, "GPU_allocated_bytes": 87739904, "GPU_reserved_bytes": 7105150976, "data_wait_seconds": 62.298456800021086, "training_samples_seen": 2200, "scope": "FORMAL_SCIENTIFIC_RUN"}
TRAIN {"utc": "2026-10-01T07:01:38.479540+00:00", "epoch": 6, "global_update": 30500, "LR": 9.821212513042248e-05, "running_L_occ": 0.028430386292177322, "running_L_qr": 0.013142393302256897, "running_L_total": 0.041572779594434214, "pre_clip_grad_norm": 0.654524028301239, "clipping_fraction": 0.0, "samples_per_second": 6.15207559280037, "GPU_allocated_bytes": 87739904, "GPU_reserved_bytes": 7105150976, "data_wait_seconds": 62.66074459999436, "training_samples_seen": 2400, "scope": "FORMAL_SCIENTIFIC_RUN"}
TRAIN {"utc": "2026-10-01T07:02:05.930021+00:00", "epoch": 6, "global_update": 30600, "LR": 9.81976726015897e-05, "running_L_occ": 0.028495469443257832, "running_L_qr": 0.013174907992287332, "running_L_total": 0.041670377435545164, "pre_clip_grad_norm": 0.29580581188201904, "clipping_fraction": 0.0, "samples_per_second": 6.226615005869299, "GPU_allocated_bytes": 87739904, "GPU_reserved_bytes": 7105150976, "data_wait_seconds": 63.022221500010346, "training_samples_seen": 2600, "scope": "FORMAL_SCIENTIFIC_RUN"}
TRAIN {"utc": "2026-10-01T07:02:33.315624+00:00", "epoch": 6, "global_update": 30700, "LR": 9.818316297625541e-05, "running_L_occ": 0.02866760497106478, "running_L_qr": 0.013225176380681528, "running_L_total": 0.04189278135174631, "pre_clip_grad_norm": 0.10665465146303177, "clipping_fraction": 0.0, "samples_per_second": 6.292865013093012, "GPU_allocated_bytes": 87739904, "GPU_reserved_bytes": 7105150976, "data_wait_seconds": 63.388072700010525, "training_samples_seen": 2800, "scope": "FORMAL_SCIENTIFIC_RUN"}
TRAIN {"utc": "2026-10-01T07:03:00.826106+00:00", "epoch": 6, "global_update": 30800, "LR": 9.816859627178839e-05, "running_L_occ": 0.02850382400825736, "running_L_qr": 0.013177667708104364, "running_L_total": 0.04168149171636172, "pre_clip_grad_norm": 0.15593938529491425, "clipping_fraction": 0.0, "samples_per_second": 6.349758623662229, "GPU_allocated_bytes": 87739904, "GPU_reserved_bytes": 7105150976, "data_wait_seconds": 63.75324760001968, "training_samples_seen": 3000, "scope": "FORMAL_SCIENTIFIC_RUN"}
TRAIN {"utc": "2026-10-01T07:03:28.241369+00:00", "epoch": 6, "global_update": 30900, "LR": 9.815397250562572e-05, "running_L_occ": 0.028562166139728895, "running_L_qr": 0.013215629192632309, "running_L_total": 0.0417777953323612, "pre_clip_grad_norm": 0.93120938539505, "clipping_fraction": 0.0, "samples_per_second": 6.401610030529117, "GPU_allocated_bytes": 87739904, "GPU_reserved_bytes": 7105150976, "data_wait_seconds": 64.1202239000304, "training_samples_seen": 3200, "scope": "FORMAL_SCIENTIFIC_RUN"}
TRAIN {"utc": "2026-10-01T07:03:55.925205+00:00", "epoch": 6, "global_update": 31000, "LR": 9.813929169527277e-05, "running_L_occ": 0.028560194231966724, "running_L_qr": 0.013205467384886817, "running_L_total": 0.041765661616853536, "pre_clip_grad_norm": 0.35248127579689026, "clipping_fraction": 0.0, "samples_per_second": 6.444790318565021, "GPU_allocated_bytes": 87739904, "GPU_reserved_bytes": 7105150976, "data_wait_seconds": 64.49227250005424, "training_samples_seen": 3400, "scope": "FORMAL_SCIENTIFIC_RUN"}
TRAIN {"utc": "2026-10-01T07:04:23.604960+00:00", "epoch": 6, "global_update": 31100, "LR": 9.81245538583032e-05, "running_L_occ": 0.02839603474833023, "running_L_qr": 0.013133558354525324, "running_L_total": 0.041529593102855554, "pre_clip_grad_norm": 0.058546032756567, "clipping_fraction": 0.0, "samples_per_second": 6.483706293088, "GPU_allocated_bytes": 87739904, "GPU_reserved_bytes": 7105150976, "data_wait_seconds": 64.87637310007267, "training_samples_seen": 3600, "scope": "FORMAL_SCIENTIFIC_RUN"}
TRAIN {"utc": "2026-10-01T07:04:51.277938+00:00", "epoch": 6, "global_update": 31200, "LR": 9.810975901235894e-05, "running_L_occ": 0.028412778028095102, "running_L_qr": 0.01324242818109756, "running_L_total": 0.04165520620919266, "pre_clip_grad_norm": 0.037490230053663254, "clipping_fraction": 0.0, "samples_per_second": 6.519006882256431, "GPU_allocated_bytes": 87739904, "GPU_reserved_bytes": 7105150976, "data_wait_seconds": 65.24212910007554, "training_samples_seen": 3800, "scope": "FORMAL_SCIENTIFIC_RUN"}
TRAIN {"utc": "2026-10-01T07:05:18.832191+00:00", "epoch": 6, "global_update": 31300, "LR": 9.809490717515016e-05, "running_L_occ": 0.028376096637676533, "running_L_qr": 0.013221140506644986, "running_L_total": 0.041597237144321515, "pre_clip_grad_norm": 0.0268368199467659, "clipping_fraction": 0.0, "samples_per_second": 6.5523859238820865, "GPU_allocated_bytes": 87739904, "GPU_reserved_bytes": 7105150976, "data_wait_seconds": 65.6102173001018, "training_samples_seen": 4000, "scope": "FORMAL_SCIENTIFIC_RUN"}
TRAIN {"utc": "2026-10-01T07:05:46.272234+00:00", "epoch": 6, "global_update": 31400, "LR": 9.807999836445526e-05, "running_L_occ": 0.02834199662883814, "running_L_qr": 0.013235151226201978, "running_L_total": 0.04157714785504012, "pre_clip_grad_norm": 0.04930095747113228, "clipping_fraction": 0.0, "samples_per_second": 6.584051434621111, "GPU_allocated_bytes": 87739904, "GPU_reserved_bytes": 7105150976, "data_wait_seconds": 65.97817790010595, "training_samples_seen": 4200, "scope": "FORMAL_SCIENTIFIC_RUN"}
TRAIN {"utc": "2026-10-01T07:06:13.710265+00:00", "epoch": 6, "global_update": 31500, "LR": 9.806503259812081e-05, "running_L_occ": 0.02832742545847885, "running_L_qr": 0.013214963511450208, "running_L_total": 0.04154238896992905, "pre_clip_grad_norm": 0.07836976647377014, "clipping_fraction": 0.0, "samples_per_second": 6.613133242846922, "GPU_allocated_bytes": 87739904, "GPU_reserved_bytes": 7105150976, "data_wait_seconds": 66.34786680010802, "training_samples_seen": 4400, "scope": "FORMAL_SCIENTIFIC_RUN"}
TRAIN {"utc": "2026-10-01T07:06:41.133823+00:00", "epoch": 6, "global_update": 31600, "LR": 9.80500098940616e-05, "running_L_occ": 0.02839155241972945, "running_L_qr": 0.013254586470937791, "running_L_total": 0.04164613889066724, "pre_clip_grad_norm": 0.1764327883720398, "clipping_fraction": 0.0, "samples_per_second": 6.64004859224515, "GPU_allocated_bytes": 87739904, "GPU_reserved_bytes": 7105150976, "data_wait_seconds": 66.71739340012937, "training_samples_seen": 4600, "scope": "FORMAL_SCIENTIFIC_RUN"}
TRAIN {"utc": "2026-10-01T07:07:08.732129+00:00", "epoch": 6, "global_update": 31700, "LR": 9.803493027026058e-05, "running_L_occ": 0.028451121263216757, "running_L_qr": 0.013299661781937333, "running_L_total": 0.04175078304515409, "pre_clip_grad_norm": 0.08942635357379913, "clipping_fraction": 0.0, "samples_per_second": 6.663291369945038, "GPU_allocated_bytes": 87739904, "GPU_reserved_bytes": 7105150976, "data_wait_seconds": 67.08276150013626, "training_samples_seen": 4800, "scope": "FORMAL_SCIENTIFIC_RUN"}
TRAIN {"utc": "2026-10-01T07:07:36.103431+00:00", "epoch": 6, "global_update": 31800, "LR": 9.801979374476879e-05, "running_L_occ": 0.028419521324765044, "running_L_qr": 0.01322987411981546, "running_L_total": 0.04164939544458051, "pre_clip_grad_norm": 0.07111703604459763, "clipping_fraction": 0.0, "samples_per_second": 6.686854669643481, "GPU_allocated_bytes": 87739904, "GPU_reserved_bytes": 7105150976, "data_wait_seconds": 67.4519339001381, "training_samples_seen": 5000, "scope": "FORMAL_SCIENTIFIC_RUN"}
TRAIN {"utc": "2026-10-01T07:08:03.583422+00:00", "epoch": 6, "global_update": 31900, "LR": 9.80046003357054e-05, "running_L_occ": 0.028418524082203758, "running_L_qr": 0.01321229551452326, "running_L_total": 0.041630819596727014, "pre_clip_grad_norm": 0.1437288522720337, "clipping_fraction": 0.0, "samples_per_second": 6.7078069036908, "GPU_allocated_bytes": 87739904, "GPU_reserved_bytes": 7105150976, "data_wait_seconds": 67.82083640014025, "training_samples_seen": 5200, "scope": "FORMAL_SCIENTIFIC_RUN"}
TRAIN {"utc": "2026-10-01T07:08:31.059954+00:00", "epoch": 6, "global_update": 32000, "LR": 9.798935006125769e-05, "running_L_occ": 0.028526565434642628, "running_L_qr": 0.013263559483452909, "running_L_total": 0.041790124918095535, "pre_clip_grad_norm": 0.30856624245643616, "clipping_fraction": 0.0, "samples_per_second": 6.727353176178464, "GPU_allocated_bytes": 87739904, "GPU_reserved_bytes": 7105150976, "data_wait_seconds": 68.1880961001225, "training_samples_seen": 5400, "scope": "FORMAL_SCIENTIFIC_RUN"}
TRAIN {"utc": "2026-10-01T07:08:58.859938+00:00", "epoch": 6, "global_update": 32100, "LR": 9.797404293968101e-05, "running_L_occ": 0.028624211432240487, "running_L_qr": 0.013284804470598648, "running_L_total": 0.04190901590283914, "pre_clip_grad_norm": 0.11806919425725937, "clipping_fraction": 0.0, "samples_per_second": 6.742989571030208, "GPU_allocated_bytes": 87739904, "GPU_reserved_bytes": 7105150976, "data_wait_seconds": 68.56204940011594, "training_samples_seen": 5600, "scope": "FORMAL_SCIENTIFIC_RUN"}
TRAIN {"utc": "2026-10-01T07:09:26.346376+00:00", "epoch": 6, "global_update": 32200, "LR": 9.795867898929873e-05, "running_L_occ": 0.0286625612973923, "running_L_qr": 0.013294341498612921, "running_L_total": 0.041956902796005224, "pre_clip_grad_norm": 0.11181716620922089, "clipping_fraction": 0.0, "samples_per_second": 6.760074335688871, "GPU_allocated_bytes": 87739904, "GPU_reserved_bytes": 7105150976, "data_wait_seconds": 68.92525180009034, "training_samples_seen": 5800, "scope": "FORMAL_SCIENTIFIC_RUN"}
TRAIN {"utc": "2026-10-01T07:09:53.567072+00:00", "epoch": 6, "global_update": 32300, "LR": 9.794325822850231e-05, "running_L_occ": 0.028693624496929054, "running_L_qr": 0.013318115219773973, "running_L_total": 0.04201173971670303, "pre_clip_grad_norm": 0.04089280217885971, "clipping_fraction": 0.0, "samples_per_second": 6.778131601632242, "GPU_allocated_bytes": 87739904, "GPU_reserved_bytes": 7105150976, "data_wait_seconds": 69.28765310010203, "training_samples_seen": 6000, "scope": "FORMAL_SCIENTIFIC_RUN"}
TRAIN {"utc": "2026-10-01T07:10:21.011555+00:00", "epoch": 6, "global_update": 32400, "LR": 9.792778067575112e-05, "running_L_occ": 0.028658534217865902, "running_L_qr": 0.013330735644679362, "running_L_total": 0.04198926986254526, "pre_clip_grad_norm": 0.7420801520347595, "clipping_fraction": 0.0, "samples_per_second": 6.793447544309599, "GPU_allocated_bytes": 87739904, "GPU_reserved_bytes": 7105150976, "data_wait_seconds": 69.65014810009234, "training_samples_seen": 6200, "scope": "FORMAL_SCIENTIFIC_RUN"}
TRAIN {"utc": "2026-10-01T07:10:48.460443+00:00", "epoch": 6, "global_update": 32500, "LR": 9.79122463495726e-05, "running_L_occ": 0.02860407415594453, "running_L_qr": 0.013280922345624838, "running_L_total": 0.04188499650156937, "pre_clip_grad_norm": 0.040265340358018875, "clipping_fraction": 0.0, "samples_per_second": 6.80783329220023, "GPU_allocated_bytes": 87739904, "GPU_reserved_bytes": 7105150976, "data_wait_seconds": 70.01498730010644, "training_samples_seen": 6400, "scope": "FORMAL_SCIENTIFIC_RUN"}
TRAIN {"utc": "2026-10-01T07:11:15.705487+00:00", "epoch": 6, "global_update": 32600, "LR": 9.78966552685621e-05, "running_L_occ": 0.02859081288753758, "running_L_qr": 0.013269353732916453, "running_L_total": 0.04186016662045403, "pre_clip_grad_norm": 0.019606638699769974, "clipping_fraction": 0.0, "samples_per_second": 6.822847118928642, "GPU_allocated_bytes": 87739904, "GPU_reserved_bytes": 7105150976, "data_wait_seconds": 70.37698420010565, "training_samples_seen": 6600, "scope": "FORMAL_SCIENTIFIC_RUN"}
TRAIN {"utc": "2026-10-01T07:11:42.983373+00:00", "epoch": 6, "global_update": 32700, "LR": 9.788100745138293e-05, "running_L_occ": 0.028563926631853802, "running_L_qr": 0.013279940826307, "running_L_total": 0.0418438674581608, "pre_clip_grad_norm": 0.10033036023378372, "clipping_fraction": 0.0, "samples_per_second": 6.8368118494126895, "GPU_allocated_bytes": 87739904, "GPU_reserved_bytes": 7105150976, "data_wait_seconds": 70.74060500010455, "training_samples_seen": 6800, "scope": "FORMAL_SCIENTIFIC_RUN"}
TRAIN {"utc": "2026-10-01T07:12:10.420123+00:00", "epoch": 6, "global_update": 32800, "LR": 9.786530291676631e-05, "running_L_occ": 0.028508959915929766, "running_L_qr": 0.013218911380147677, "running_L_total": 0.04172787129607744, "pre_clip_grad_norm": 0.21112436056137085, "clipping_fraction": 0.0, "samples_per_second": 6.84896409795201, "GPU_allocated_bytes": 87739904, "GPU_reserved_bytes": 7105150976, "data_wait_seconds": 71.10499740012528, "training_samples_seen": 7000, "scope": "FORMAL_SCIENTIFIC_RUN"}
TRAIN {"utc": "2026-10-01T07:12:37.727313+00:00", "epoch": 6, "global_update": 32900, "LR": 9.784954168351136e-05, "running_L_occ": 0.02841930298616504, "running_L_qr": 0.013189671417454838, "running_L_total": 0.04160897440361988, "pre_clip_grad_norm": 0.023013431578874588, "clipping_fraction": 0.0, "samples_per_second": 6.8613247862440705, "GPU_allocated_bytes": 87739904, "GPU_reserved_bytes": 7105150976, "data_wait_seconds": 71.4703601001238, "training_samples_seen": 7200, "scope": "FORMAL_SCIENTIFIC_RUN"}
TRAIN {"utc": "2026-10-01T07:13:05.021722+00:00", "epoch": 6, "global_update": 33000, "LR": 9.783372377048506e-05, "running_L_occ": 0.028463143724453906, "running_L_qr": 0.013223896734881845, "running_L_total": 0.04168704045933575, "pre_clip_grad_norm": 0.17928293347358704, "clipping_fraction": 0.0, "samples_per_second": 6.87314457755452, "GPU_allocated_bytes": 87739904, "GPU_reserved_bytes": 7105150976, "data_wait_seconds": 71.8273643001121, "training_samples_seen": 7400, "scope": "FORMAL_SCIENTIFIC_RUN"}
TRAIN {"utc": "2026-10-01T07:13:32.500537+00:00", "epoch": 6, "global_update": 33100, "LR": 9.781784919662224e-05, "running_L_occ": 0.02836147730545426, "running_L_qr": 0.01315070412908978, "running_L_total": 0.041512181434544035, "pre_clip_grad_norm": 0.1467740833759308, "clipping_fraction": 0.0, "samples_per_second": 6.883224626989456, "GPU_allocated_bytes": 87739904, "GPU_reserved_bytes": 7105150976, "data_wait_seconds": 72.19151930012595, "training_samples_seen": 7600, "scope": "FORMAL_SCIENTIFIC_RUN"}
TRAIN {"utc": "2026-10-01T07:13:59.999445+00:00", "epoch": 6, "global_update": 33200, "LR": 9.780191798092556e-05, "running_L_occ": 0.028375696204529708, "running_L_qr": 0.0131504870916416, "running_L_total": 0.041526183296171304, "pre_clip_grad_norm": 0.0950360968708992, "clipping_fraction": 0.0, "samples_per_second": 6.892697147500619, "GPU_allocated_bytes": 87739904, "GPU_reserved_bytes": 7105150976, "data_wait_seconds": 72.55650350013457, "training_samples_seen": 7800, "scope": "FORMAL_SCIENTIFIC_RUN"}
TRAIN {"utc": "2026-10-01T07:14:27.716666+00:00", "epoch": 6, "global_update": 33300, "LR": 9.778593014246549e-05, "running_L_occ": 0.028365625202057765, "running_L_qr": 0.01313578142852936, "running_L_total": 0.04150140663058712, "pre_clip_grad_norm": 0.7001780867576599, "clipping_fraction": 0.0, "samples_per_second": 6.900420904948065, "GPU_allocated_bytes": 87739904, "GPU_reserved_bytes": 7105150976, "data_wait_seconds": 72.92919540012372, "training_samples_seen": 8000, "scope": "FORMAL_SCIENTIFIC_RUN"}
TRAIN {"utc": "2026-10-01T07:14:55.396097+00:00", "epoch": 6, "global_update": 33400, "LR": 9.776988570038027e-05, "running_L_occ": 0.02840896039227663, "running_L_qr": 0.013184180965509438, "running_L_total": 0.041593141357786065, "pre_clip_grad_norm": 0.2895575165748596, "clipping_fraction": 0.0, "samples_per_second": 6.908006003929656, "GPU_allocated_bytes": 87739904, "GPU_reserved_bytes": 7105150976, "data_wait_seconds": 73.30064780013345, "training_samples_seen": 8200, "scope": "FORMAL_SCIENTIFIC_RUN"}
TRAIN {"utc": "2026-10-01T07:15:23.058889+00:00", "epoch": 6, "global_update": 33500, "LR": 9.77537846738759e-05, "running_L_occ": 0.0283666003369921, "running_L_qr": 0.013130644925464272, "running_L_total": 0.04149724526245637, "pre_clip_grad_norm": 0.12871211767196655, "clipping_fraction": 0.0, "samples_per_second": 6.915337125021234, "GPU_allocated_bytes": 87739904, "GPU_reserved_bytes": 7105150976, "data_wait_seconds": 73.673162500123, "training_samples_seen": 8400, "scope": "FORMAL_SCIENTIFIC_RUN"}
TRAIN {"utc": "2026-10-01T07:15:50.653752+00:00", "epoch": 6, "global_update": 33600, "LR": 9.77376270822261e-05, "running_L_occ": 0.028384077569097128, "running_L_qr": 0.01315695850939748, "running_L_total": 0.04154103607849461, "pre_clip_grad_norm": 0.36495622992515564, "clipping_fraction": 0.0, "samples_per_second": 6.922718973427835, "GPU_allocated_bytes": 87739904, "GPU_reserved_bytes": 7105150976, "data_wait_seconds": 74.04104890010785, "training_samples_seen": 8600, "scope": "FORMAL_SCIENTIFIC_RUN"}
TRAIN {"utc": "2026-10-01T07:16:18.210719+00:00", "epoch": 6, "global_update": 33700, "LR": 9.772141294477234e-05, "running_L_occ": 0.028394716357122495, "running_L_qr": 0.01313840570019259, "running_L_total": 0.04153312205731509, "pre_clip_grad_norm": 0.0971461683511734, "clipping_fraction": 0.0, "samples_per_second": 6.9299869751327865, "GPU_allocated_bytes": 87739904, "GPU_reserved_bytes": 7105150976, "data_wait_seconds": 74.40857510011483, "training_samples_seen": 8800, "scope": "FORMAL_SCIENTIFIC_RUN"}
TRAIN {"utc": "2026-10-01T07:16:45.928295+00:00", "epoch": 6, "global_update": 33800, "LR": 9.770514228092374e-05, "running_L_occ": 0.028404369314658708, "running_L_qr": 0.013174607551122479, "running_L_total": 0.041578976865781186, "pre_clip_grad_norm": 0.4332386553287506, "clipping_fraction": 0.0, "samples_per_second": 6.936091726628039, "GPU_allocated_bytes": 87739904, "GPU_reserved_bytes": 7105150976, "data_wait_seconds": 74.78116410013536, "training_samples_seen": 9000, "scope": "FORMAL_SCIENTIFIC_RUN"}
TRAIN {"utc": "2026-10-01T07:17:13.568829+00:00", "epoch": 6, "global_update": 33900, "LR": 9.76888151101571e-05, "running_L_occ": 0.028376800770519097, "running_L_qr": 0.013165541383629116, "running_L_total": 0.04154234215414821, "pre_clip_grad_norm": 0.2047259509563446, "clipping_fraction": 0.0, "samples_per_second": 6.942341074927703, "GPU_allocated_bytes": 87739904, "GPU_reserved_bytes": 7105150976, "data_wait_seconds": 75.14926900012506, "training_samples_seen": 9200, "scope": "FORMAL_SCIENTIFIC_RUN"}
TRAIN {"utc": "2026-10-01T07:17:41.247977+00:00", "epoch": 6, "global_update": 34000, "LR": 9.767243145201686e-05, "running_L_occ": 0.028345579332924538, "running_L_qr": 0.013162943020432753, "running_L_total": 0.041508522353357294, "pre_clip_grad_norm": 0.15489596128463745, "clipping_fraction": 0.0, "samples_per_second": 6.948137882257457, "GPU_allocated_bytes": 87739904, "GPU_reserved_bytes": 7105150976, "data_wait_seconds": 75.52136960012285, "training_samples_seen": 9400, "scope": "FORMAL_SCIENTIFIC_RUN"}
TRAIN {"utc": "2026-10-01T07:18:08.802156+00:00", "epoch": 6, "global_update": 34100, "LR": 9.76559913261151e-05, "running_L_occ": 0.028325806371087697, "running_L_qr": 0.013117732509934546, "running_L_total": 0.04144353888102224, "pre_clip_grad_norm": 0.508823812007904, "clipping_fraction": 0.0, "samples_per_second": 6.9543281228122416, "GPU_allocated_bytes": 87739904, "GPU_reserved_bytes": 7105150976, "data_wait_seconds": 75.89067130015246, "training_samples_seen": 9600, "scope": "FORMAL_SCIENTIFIC_RUN"}
TRAIN {"utc": "2026-10-01T07:18:36.278440+00:00", "epoch": 6, "global_update": 34200, "LR": 9.763949475213144e-05, "running_L_occ": 0.028338925696719523, "running_L_qr": 0.013112961077216483, "running_L_total": 0.041451886773936006, "pre_clip_grad_norm": 0.0457523912191391, "clipping_fraction": 0.0, "samples_per_second": 6.960666865041184, "GPU_allocated_bytes": 87739904, "GPU_reserved_bytes": 7105150976, "data_wait_seconds": 76.2587202001414, "training_samples_seen": 9800, "scope": "FORMAL_SCIENTIFIC_RUN"}
TRAIN {"utc": "2026-10-01T07:19:03.790073+00:00", "epoch": 6, "global_update": 34300, "LR": 9.762294174981311e-05, "running_L_occ": 0.02831259263778062, "running_L_qr": 0.013087942979042526, "running_L_total": 0.04140053561682314, "pre_clip_grad_norm": 0.13090601563453674, "clipping_fraction": 0.0, "samples_per_second": 6.9665871485686885, "GPU_allocated_bytes": 87739904, "GPU_reserved_bytes": 7105150976, "data_wait_seconds": 76.63225480013716, "training_samples_seen": 10000, "scope": "FORMAL_SCIENTIFIC_RUN"}
TRAIN {"utc": "2026-10-01T07:19:31.678718+00:00", "epoch": 6, "global_update": 34400, "LR": 9.76063323389749e-05, "running_L_occ": 0.02831143283493008, "running_L_qr": 0.013056454950357732, "running_L_total": 0.04136788778528781, "pre_clip_grad_norm": 0.06773757934570312, "clipping_fraction": 0.0, "samples_per_second": 6.970488645926956, "GPU_allocated_bytes": 87739904, "GPU_reserved_bytes": 7105150976, "data_wait_seconds": 77.02215260015146, "training_samples_seen": 10200, "scope": "FORMAL_SCIENTIFIC_RUN"}
TRAIN {"utc": "2026-10-01T07:19:58.961406+00:00", "epoch": 6, "global_update": 34500, "LR": 9.75896665394991e-05, "running_L_occ": 0.02828444753655516, "running_L_qr": 0.01303206271202871, "running_L_total": 0.04131651024858387, "pre_clip_grad_norm": 0.079594187438488, "clipping_fraction": 0.0, "samples_per_second": 6.977083494940733, "GPU_allocated_bytes": 87739904, "GPU_reserved_bytes": 7105150976, "data_wait_seconds": 77.40229950016874, "training_samples_seen": 10400, "scope": "FORMAL_SCIENTIFIC_RUN"}
TRAIN {"utc": "2026-10-01T07:20:25.900823+00:00", "epoch": 6, "global_update": 34600, "LR": 9.75729443713355e-05, "running_L_occ": 0.028282828159666335, "running_L_qr": 0.013023738673341813, "running_L_total": 0.04130656683300815, "pre_clip_grad_norm": 0.17630307376384735, "clipping_fraction": 0.0, "samples_per_second": 6.985019258980449, "GPU_allocated_bytes": 87739904, "GPU_reserved_bytes": 7105150976, "data_wait_seconds": 77.77979830015829, "training_samples_seen": 10600, "scope": "FORMAL_SCIENTIFIC_RUN"}
TRAIN {"utc": "2026-10-01T07:20:53.493172+00:00", "epoch": 6, "global_update": 34700, "LR": 9.755616585450138e-05, "running_L_occ": 0.028306453814772738, "running_L_qr": 0.013046105133779313, "running_L_total": 0.04135255894855205, "pre_clip_grad_norm": 0.07306133210659027, "clipping_fraction": 0.0, "samples_per_second": 6.989721093168605, "GPU_allocated_bytes": 87739904, "GPU_reserved_bytes": 7105150976, "data_wait_seconds": 78.16237530014041, "training_samples_seen": 10800, "scope": "FORMAL_SCIENTIFIC_RUN"}
TRAIN {"utc": "2026-10-01T07:21:21.387877+00:00", "epoch": 6, "global_update": 34800, "LR": 9.753933100908146e-05, "running_L_occ": 0.028314315798090166, "running_L_qr": 0.013041087460627508, "running_L_total": 0.04135540325871767, "pre_clip_grad_norm": 0.09627299010753632, "clipping_fraction": 0.0, "samples_per_second": 6.992915256005866, "GPU_allocated_bytes": 87739904, "GPU_reserved_bytes": 7105150976, "data_wait_seconds": 78.54522720015302, "training_samples_seen": 11000, "scope": "FORMAL_SCIENTIFIC_RUN"}
TRAIN {"utc": "2026-10-01T07:21:48.457858+00:00", "epoch": 6, "global_update": 34900, "LR": 9.75224398552279e-05, "running_L_occ": 0.02831936582009132, "running_L_qr": 0.013036826575780727, "running_L_total": 0.04135619239587205, "pre_clip_grad_norm": 0.2777409851551056, "clipping_fraction": 0.0, "samples_per_second": 6.999605404244936, "GPU_allocated_bytes": 87739904, "GPU_reserved_bytes": 7105150976, "data_wait_seconds": 78.93132270016577, "training_samples_seen": 11200, "scope": "FORMAL_SCIENTIFIC_RUN"}
TRAIN {"utc": "2026-10-01T07:22:16.213188+00:00", "epoch": 6, "global_update": 35000, "LR": 9.750549241316025e-05, "running_L_occ": 0.02833688715509405, "running_L_qr": 0.013041683070945349, "running_L_total": 0.041378570226039406, "pre_clip_grad_norm": 0.373505562543869, "clipping_fraction": 0.0, "samples_per_second": 7.003120149326265, "GPU_allocated_bytes": 87739904, "GPU_reserved_bytes": 7105150976, "data_wait_seconds": 79.31705550014158, "training_samples_seen": 11400, "scope": "FORMAL_SCIENTIFIC_RUN"}
TRAIN {"utc": "2026-10-01T07:22:44.031422+00:00", "epoch": 6, "global_update": 35100, "LR": 9.748848870316543e-05, "running_L_occ": 0.02834650584596522, "running_L_qr": 0.013034640194314252, "running_L_total": 0.04138114604027947, "pre_clip_grad_norm": 0.4178525507450104, "clipping_fraction": 0.0, "samples_per_second": 7.006250065556386, "GPU_allocated_bytes": 87739904, "GPU_reserved_bytes": 7105150976, "data_wait_seconds": 79.70777780013304, "training_samples_seen": 11600, "scope": "FORMAL_SCIENTIFIC_RUN"}
TRAIN {"utc": "2026-10-01T07:23:00.588715+00:00", "epoch": 6, "global_update": 35160, "LR": 9.74782594770281e-05, "running_L_occ": 0.028336175650855337, "running_L_qr": 0.013028851285439432, "running_L_total": 0.04136502693629477, "pre_clip_grad_norm": 0.107544906437397, "clipping_fraction": 0.0, "samples_per_second": 7.00864301898294, "GPU_allocated_bytes": 87739904, "GPU_reserved_bytes": 7105150976, "data_wait_seconds": 79.94621100013683, "training_samples_seen": 11720, "scope": "FORMAL_SCIENTIFIC_RUN"}
VALIDATION {"epoch": 6, "phase": "VALIDATION", "scenes_completed": 8, "scenes_required": 11727, "wall_seconds": 5.787728399998741, "updated_utc": "2026-10-01T07:23:06.948540+00:00"}
VALIDATION {"epoch": 6, "phase": "VALIDATION", "scenes_completed": 808, "scenes_required": 11727, "wall_seconds": 37.71376830000008, "updated_utc": "2026-10-01T07:23:38.874789+00:00"}
VALIDATION {"epoch": 6, "phase": "VALIDATION", "scenes_completed": 1608, "scenes_required": 11727, "wall_seconds": 69.65596969999751, "updated_utc": "2026-10-01T07:24:10.816933+00:00"}
VALIDATION {"epoch": 6, "phase": "VALIDATION", "scenes_completed": 2408, "scenes_required": 11727, "wall_seconds": 101.63035969999692, "updated_utc": "2026-10-01T07:24:42.791042+00:00"}
VALIDATION {"epoch": 6, "phase": "VALIDATION", "scenes_completed": 3208, "scenes_required": 11727, "wall_seconds": 133.61371489999874, "updated_utc": "2026-10-01T07:25:14.774691+00:00"}
VALIDATION {"epoch": 6, "phase": "VALIDATION", "scenes_completed": 4008, "scenes_required": 11727, "wall_seconds": 165.59425409999676, "updated_utc": "2026-10-01T07:25:46.755285+00:00"}
VALIDATION {"epoch": 6, "phase": "VALIDATION", "scenes_completed": 4808, "scenes_required": 11727, "wall_seconds": 197.50866929999756, "updated_utc": "2026-10-01T07:26:18.669773+00:00"}
VALIDATION {"epoch": 6, "phase": "VALIDATION", "scenes_completed": 5608, "scenes_required": 11727, "wall_seconds": 229.4779021999966, "updated_utc": "2026-10-01T07:26:50.638825+00:00"}
VALIDATION {"epoch": 6, "phase": "VALIDATION", "scenes_completed": 6408, "scenes_required": 11727, "wall_seconds": 261.47787499999686, "updated_utc": "2026-10-01T07:27:22.638238+00:00"}
VALIDATION {"epoch": 6, "phase": "VALIDATION", "scenes_completed": 7208, "scenes_required": 11727, "wall_seconds": 293.42916839999816, "updated_utc": "2026-10-01T07:27:54.590212+00:00"}
VALIDATION {"epoch": 6, "phase": "VALIDATION", "scenes_completed": 8008, "scenes_required": 11727, "wall_seconds": 325.36606219999885, "updated_utc": "2026-10-01T07:28:26.527187+00:00"}
VALIDATION {"epoch": 6, "phase": "VALIDATION", "scenes_completed": 8808, "scenes_required": 11727, "wall_seconds": 357.3137631999998, "updated_utc": "2026-10-01T07:28:58.474797+00:00"}
VALIDATION {"epoch": 6, "phase": "VALIDATION", "scenes_completed": 9608, "scenes_required": 11727, "wall_seconds": 389.3131324999995, "updated_utc": "2026-10-01T07:29:30.474065+00:00"}
VALIDATION {"epoch": 6, "phase": "VALIDATION", "scenes_completed": 10408, "scenes_required": 11727, "wall_seconds": 421.24665879999884, "updated_utc": "2026-10-01T07:30:02.407482+00:00"}
VALIDATION {"epoch": 6, "phase": "VALIDATION", "scenes_completed": 11208, "scenes_required": 11727, "wall_seconds": 453.1806929999984, "updated_utc": "2026-10-01T07:30:34.341129+00:00"}
VALIDATION {"epoch": 6, "phase": "VALIDATION", "scenes_completed": 11727, "scenes_required": 11727, "wall_seconds": 473.85414239999955, "updated_utc": "2026-10-01T07:30:55.014672+00:00"}
EPOCH_COMPLETED {"epoch": 6, "global_val_core_loss": 0.04829794537164113, "best_epoch": 6, "early_stop_count": 0, "wall_seconds": 2151.2609200000006}
TRAIN {"utc": "2026-10-01T07:31:05.118044+00:00", "epoch": 7, "global_update": 35161, "LR": 9.74780888183958e-05, "running_L_occ": 0.034904342278933596, "running_L_qr": 0.02003718041717122, "running_L_total": 0.05494152269610481, "pre_clip_grad_norm": 0.1267409324645996, "clipping_fraction": 0.0, "samples_per_second": 0.37337636819579084, "GPU_allocated_bytes": 87739904, "GPU_reserved_bytes": 7105150976, "data_wait_seconds": 5.095041599997785, "training_samples_seen": 2, "scope": "FORMAL_SCIENTIFIC_RUN"}
TRAIN {"utc": "2026-10-01T07:31:15.371981+00:00", "epoch": 7, "global_update": 35200, "LR": 9.747142874559777e-05, "running_L_occ": 0.023403250963391495, "running_L_qr": 0.012305838476171848, "running_L_total": 0.035709089439563343, "pre_clip_grad_norm": 0.049785468727350235, "clipping_fraction": 0.0, "samples_per_second": 5.1248828571899665, "GPU_allocated_bytes": 87739904, "GPU_reserved_bytes": 7105150976, "data_wait_seconds": 5.2114198000017495, "training_samples_seen": 80, "scope": "FORMAL_SCIENTIFIC_RUN"}
TRAIN {"utc": "2026-10-01T07:31:41.877838+00:00", "epoch": 7, "global_update": 35300, "LR": 9.745431256087885e-05, "running_L_occ": 0.026090153774511737, "running_L_qr": 0.012601889427262486, "running_L_total": 0.038692043201774225, "pre_clip_grad_norm": 0.3457748591899872, "clipping_fraction": 0.0, "samples_per_second": 6.6481892277142745, "GPU_allocated_bytes": 87739904, "GPU_reserved_bytes": 7105150976, "data_wait_seconds": 5.572941999984323, "training_samples_seen": 280, "scope": "FORMAL_SCIENTIFIC_RUN"}
TRAIN {"utc": "2026-10-01T07:32:08.457589+00:00", "epoch": 7, "global_update": 35400, "LR": 9.743714016949765e-05, "running_L_occ": 0.02660355725624964, "running_L_qr": 0.012797501938976342, "running_L_total": 0.03940105919522598, "pre_clip_grad_norm": 0.4655989706516266, "clipping_fraction": 0.0, "samples_per_second": 6.9872945132761, "GPU_allocated_bytes": 87739904, "GPU_reserved_bytes": 7105150976, "data_wait_seconds": 5.933737099956488, "training_samples_seen": 480, "scope": "FORMAL_SCIENTIFIC_RUN"}
TRAIN {"utc": "2026-10-01T07:32:35.085366+00:00", "epoch": 7, "global_update": 35500, "LR": 9.741991159201033e-05, "running_L_occ": 0.028117237397649954, "running_L_qr": 0.013584548265834853, "running_L_total": 0.04170178566348481, "pre_clip_grad_norm": 0.6694893836975098, "clipping_fraction": 0.0, "samples_per_second": 7.133573194486831, "GPU_allocated_bytes": 87739904, "GPU_reserved_bytes": 7105150976, "data_wait_seconds": 6.290721799945459, "training_samples_seen": 680, "scope": "FORMAL_SCIENTIFIC_RUN"}
TRAIN {"utc": "2026-10-01T07:33:01.725731+00:00", "epoch": 7, "global_update": 35600, "LR": 9.740262684904038e-05, "running_L_occ": 0.02845670979461557, "running_L_qr": 0.014137218356498567, "running_L_total": 0.04259392815111413, "pre_clip_grad_norm": 0.34329110383987427, "clipping_fraction": 0.0, "samples_per_second": 7.215220894819931, "GPU_allocated_bytes": 87739904, "GPU_reserved_bytes": 7105150976, "data_wait_seconds": 6.653503799934697, "training_samples_seen": 880, "scope": "FORMAL_SCIENTIFIC_RUN"}
TRAIN {"utc": "2026-10-01T07:33:28.293540+00:00", "epoch": 7, "global_update": 35700, "LR": 9.738528596127853e-05, "running_L_occ": 0.028342240724638267, "running_L_qr": 0.0139014719294225, "running_L_total": 0.04224371265406077, "pre_clip_grad_norm": 0.5136964917182922, "clipping_fraction": 0.0, "samples_per_second": 7.27117794384102, "GPU_allocated_bytes": 87739904, "GPU_reserved_bytes": 7105150976, "data_wait_seconds": 7.015076699943165, "training_samples_seen": 1080, "scope": "FORMAL_SCIENTIFIC_RUN"}
TRAIN {"utc": "2026-10-01T07:33:54.814440+00:00", "epoch": 7, "global_update": 35800, "LR": 9.736788894948265e-05, "running_L_occ": 0.028271378565208918, "running_L_qr": 0.013727916027874215, "running_L_total": 0.04199929459308313, "pre_clip_grad_norm": 0.04237808287143707, "clipping_fraction": 0.0, "samples_per_second": 7.31207085877444, "GPU_allocated_bytes": 87739904, "GPU_reserved_bytes": 7105150976, "data_wait_seconds": 7.377122899950336, "training_samples_seen": 1280, "scope": "FORMAL_SCIENTIFIC_RUN"}
TRAIN {"utc": "2026-10-01T07:34:21.332676+00:00", "epoch": 7, "global_update": 35900, "LR": 9.735043583447785e-05, "running_L_occ": 0.028404546428206015, "running_L_qr": 0.013728862159188929, "running_L_total": 0.04213340858739494, "pre_clip_grad_norm": 0.04051579162478447, "clipping_fraction": 0.0, "samples_per_second": 7.342303193962184, "GPU_allocated_bytes": 87739904, "GPU_reserved_bytes": 7105150976, "data_wait_seconds": 7.738101499966433, "training_samples_seen": 1480, "scope": "FORMAL_SCIENTIFIC_RUN"}
TRAIN {"utc": "2026-10-01T07:34:48.019765+00:00", "epoch": 7, "global_update": 36000, "LR": 9.733292663715639e-05, "running_L_occ": 0.02861159019186785, "running_L_qr": 0.013731918285302779, "running_L_total": 0.04234350847717063, "pre_clip_grad_norm": 0.1104864701628685, "clipping_fraction": 0.0, "samples_per_second": 7.360088815523638, "GPU_allocated_bytes": 87739904, "GPU_reserved_bytes": 7105150976, "data_wait_seconds": 8.102768099975947, "training_samples_seen": 1680, "scope": "FORMAL_SCIENTIFIC_RUN"}
TRAIN {"utc": "2026-10-01T07:35:14.537949+00:00", "epoch": 7, "global_update": 36100, "LR": 9.731536137847764e-05, "running_L_occ": 0.028889133286905337, "running_L_qr": 0.013938330252897292, "running_L_total": 0.04282746353980263, "pre_clip_grad_norm": 0.05092143639922142, "clipping_fraction": 0.0, "samples_per_second": 7.379012174835182, "GPU_allocated_bytes": 87739904, "GPU_reserved_bytes": 7105150976, "data_wait_seconds": 8.466144599980908, "training_samples_seen": 1880, "scope": "FORMAL_SCIENTIFIC_RUN"}
TRAIN {"utc": "2026-10-01T07:35:41.081519+00:00", "epoch": 7, "global_update": 36200, "LR": 9.72977400794681e-05, "running_L_occ": 0.028903129603554713, "running_L_qr": 0.013820895264565028, "running_L_total": 0.04272402486811974, "pre_clip_grad_norm": 0.05082109943032265, "clipping_fraction": 0.0, "samples_per_second": 7.393723355418235, "GPU_allocated_bytes": 87739904, "GPU_reserved_bytes": 7105150976, "data_wait_seconds": 8.827934699973412, "training_samples_seen": 2080, "scope": "FORMAL_SCIENTIFIC_RUN"}
TRAIN {"utc": "2026-10-01T07:36:07.627841+00:00", "epoch": 7, "global_update": 36300, "LR": 9.728006276122134e-05, "running_L_occ": 0.028651230328614274, "running_L_qr": 0.013658880893410951, "running_L_total": 0.04231011122202523, "pre_clip_grad_norm": 0.15342335402965546, "clipping_fraction": 0.0, "samples_per_second": 7.405811517582611, "GPU_allocated_bytes": 87739904, "GPU_reserved_bytes": 7105150976, "data_wait_seconds": 9.192005699980655, "training_samples_seen": 2280, "scope": "FORMAL_SCIENTIFIC_RUN"}
TRAIN {"utc": "2026-10-01T07:36:34.264990+00:00", "epoch": 7, "global_update": 36400, "LR": 9.726232944489803e-05, "running_L_occ": 0.02876027452913267, "running_L_qr": 0.013697480466474494, "running_L_total": 0.042457754995607166, "pre_clip_grad_norm": 0.09032492339611053, "clipping_fraction": 0.0, "samples_per_second": 7.413979528231576, "GPU_allocated_bytes": 87739904, "GPU_reserved_bytes": 7105150976, "data_wait_seconds": 9.555745599976945, "training_samples_seen": 2480, "scope": "FORMAL_SCIENTIFIC_RUN"}
TRAIN {"utc": "2026-10-01T07:37:00.877118+00:00", "epoch": 7, "global_update": 36500, "LR": 9.724454015172579e-05, "running_L_occ": 0.028565605249158483, "running_L_qr": 0.01354246603211991, "running_L_total": 0.04210807128127839, "pre_clip_grad_norm": 0.054238833487033844, "clipping_fraction": 0.0, "samples_per_second": 7.421441899673618, "GPU_allocated_bytes": 87739904, "GPU_reserved_bytes": 7105150976, "data_wait_seconds": 9.92178179997427, "training_samples_seen": 2680, "scope": "FORMAL_SCIENTIFIC_RUN"}
TRAIN {"utc": "2026-10-01T07:37:27.338008+00:00", "epoch": 7, "global_update": 36600, "LR": 9.722669490299931e-05, "running_L_occ": 0.028517939987787663, "running_L_qr": 0.013519580743620838, "running_L_total": 0.042037520731408505, "pre_clip_grad_norm": 0.23471181094646454, "clipping_fraction": 0.0, "samples_per_second": 7.430787917164566, "GPU_allocated_bytes": 87739904, "GPU_reserved_bytes": 7105150976, "data_wait_seconds": 10.291916999984096, "training_samples_seen": 2880, "scope": "FORMAL_SCIENTIFIC_RUN"}
TRAIN {"utc": "2026-10-01T07:37:53.844583+00:00", "epoch": 7, "global_update": 36700, "LR": 9.720879372008027e-05, "running_L_occ": 0.028535689381679025, "running_L_qr": 0.013504895837074506, "running_L_total": 0.042040585218753534, "pre_clip_grad_norm": 0.9213409423828125, "clipping_fraction": 0.0, "samples_per_second": 7.438118421647797, "GPU_allocated_bytes": 87739904, "GPU_reserved_bytes": 7105150976, "data_wait_seconds": 10.657664799979102, "training_samples_seen": 3080, "scope": "FORMAL_SCIENTIFIC_RUN"}
TRAIN {"utc": "2026-10-01T07:38:20.463933+00:00", "epoch": 7, "global_update": 36800, "LR": 9.719083662439725e-05, "running_L_occ": 0.02856073731473311, "running_L_qr": 0.013539674944351564, "running_L_total": 0.042100412259084674, "pre_clip_grad_norm": 0.18836238980293274, "clipping_fraction": 0.0, "samples_per_second": 7.442659361776431, "GPU_allocated_bytes": 87739904, "GPU_reserved_bytes": 7105150976, "data_wait_seconds": 11.020897699963825, "training_samples_seen": 3280, "scope": "FORMAL_SCIENTIFIC_RUN"}
TRAIN {"utc": "2026-10-01T07:38:47.031220+00:00", "epoch": 7, "global_update": 36900, "LR": 9.717282363744581e-05, "running_L_occ": 0.02856234591924318, "running_L_qr": 0.013572552156811333, "running_L_total": 0.042134898076054514, "pre_clip_grad_norm": 0.08597540855407715, "clipping_fraction": 0.0, "samples_per_second": 7.447512568542617, "GPU_allocated_bytes": 87739904, "GPU_reserved_bytes": 7105150976, "data_wait_seconds": 11.38598599998295, "training_samples_seen": 3480, "scope": "FORMAL_SCIENTIFIC_RUN"}
TRAIN {"utc": "2026-10-01T07:39:13.501235+00:00", "epoch": 7, "global_update": 37000, "LR": 9.715475478078839e-05, "running_L_occ": 0.028476668275401133, "running_L_qr": 0.01349697082458696, "running_L_total": 0.041973639099988094, "pre_clip_grad_norm": 0.4217553734779358, "clipping_fraction": 0.0, "samples_per_second": 7.453323856569819, "GPU_allocated_bytes": 87739904, "GPU_reserved_bytes": 7105150976, "data_wait_seconds": 11.74660579995907, "training_samples_seen": 3680, "scope": "FORMAL_SCIENTIFIC_RUN"}
TRAIN {"utc": "2026-10-01T07:39:40.053174+00:00", "epoch": 7, "global_update": 37100, "LR": 9.713663007605432e-05, "running_L_occ": 0.02832097725602758, "running_L_qr": 0.013447021576993205, "running_L_total": 0.04176799883302078, "pre_clip_grad_norm": 0.004802618641406298, "clipping_fraction": 0.0, "samples_per_second": 7.457354779383344, "GPU_allocated_bytes": 87739904, "GPU_reserved_bytes": 7105150976, "data_wait_seconds": 12.108755099947302, "training_samples_seen": 3880, "scope": "FORMAL_SCIENTIFIC_RUN"}
TRAIN {"utc": "2026-10-01T07:40:06.543819+00:00", "epoch": 7, "global_update": 37200, "LR": 9.711844954493977e-05, "running_L_occ": 0.02831559672269111, "running_L_qr": 0.013416573934010101, "running_L_total": 0.04173217065670121, "pre_clip_grad_norm": 0.06803277879953384, "clipping_fraction": 0.0, "samples_per_second": 7.461830315584277, "GPU_allocated_bytes": 87739904, "GPU_reserved_bytes": 7105150976, "data_wait_seconds": 12.475927699950262, "training_samples_seen": 4080, "scope": "FORMAL_SCIENTIFIC_RUN"}
TRAIN {"utc": "2026-10-01T07:40:33.042122+00:00", "epoch": 7, "global_update": 37300, "LR": 9.710021320920775e-05, "running_L_occ": 0.028347453627616072, "running_L_qr": 0.013387000365786725, "running_L_total": 0.041734453993402795, "pre_clip_grad_norm": 0.06748198717832565, "clipping_fraction": 0.0, "samples_per_second": 7.465796329342234, "GPU_allocated_bytes": 87739904, "GPU_reserved_bytes": 7105150976, "data_wait_seconds": 12.83932219993585, "training_samples_seen": 4280, "scope": "FORMAL_SCIENTIFIC_RUN"}
TRAIN {"utc": "2026-10-01T07:40:59.599050+00:00", "epoch": 7, "global_update": 37400, "LR": 9.708192109068808e-05, "running_L_occ": 0.028469388756739256, "running_L_qr": 0.013432712357227603, "running_L_total": 0.04190210111396686, "pre_clip_grad_norm": 0.18058428168296814, "clipping_fraction": 0.0, "samples_per_second": 7.468691638093149, "GPU_allocated_bytes": 87739904, "GPU_reserved_bytes": 7105150976, "data_wait_seconds": 13.203935999939858, "training_samples_seen": 4480, "scope": "FORMAL_SCIENTIFIC_RUN"}
TRAIN {"utc": "2026-10-01T07:41:26.149007+00:00", "epoch": 7, "global_update": 37500, "LR": 9.706357321127733e-05, "running_L_occ": 0.028336606214585003, "running_L_qr": 0.01335093842514546, "running_L_total": 0.04168754463973046, "pre_clip_grad_norm": 0.04926256090402603, "clipping_fraction": 0.0, "samples_per_second": 7.471407387299778, "GPU_allocated_bytes": 87739904, "GPU_reserved_bytes": 7105150976, "data_wait_seconds": 13.568263399949501, "training_samples_seen": 4680, "scope": "FORMAL_SCIENTIFIC_RUN"}
TRAIN {"utc": "2026-10-01T07:41:52.640111+00:00", "epoch": 7, "global_update": 37600, "LR": 9.704516959293883e-05, "running_L_occ": 0.02824936197299283, "running_L_qr": 0.013293670832570704, "running_L_total": 0.04154303280556353, "pre_clip_grad_norm": 0.05887458473443985, "clipping_fraction": 0.0, "samples_per_second": 7.474592223667225, "GPU_allocated_bytes": 87739904, "GPU_reserved_bytes": 7105150976, "data_wait_seconds": 13.936853699957283, "training_samples_seen": 4880, "scope": "FORMAL_SCIENTIFIC_RUN"}
TRAIN {"utc": "2026-10-01T07:42:19.189476+00:00", "epoch": 7, "global_update": 37700, "LR": 9.702671025770263e-05, "running_L_occ": 0.028287106509797037, "running_L_qr": 0.013333454451415882, "running_L_total": 0.041620560961212916, "pre_clip_grad_norm": 0.0303761325776577, "clipping_fraction": 0.0, "samples_per_second": 7.476875006209726, "GPU_allocated_bytes": 87739904, "GPU_reserved_bytes": 7105150976, "data_wait_seconds": 14.29775569994672, "training_samples_seen": 5080, "scope": "FORMAL_SCIENTIFIC_RUN"}
TRAIN {"utc": "2026-10-01T07:42:45.768115+00:00", "epoch": 7, "global_update": 37800, "LR": 9.700819522766549e-05, "running_L_occ": 0.028295714515649155, "running_L_qr": 0.013297568473335023, "running_L_total": 0.041593282988984175, "pre_clip_grad_norm": 0.04599497467279434, "clipping_fraction": 0.0, "samples_per_second": 7.4786874638007985, "GPU_allocated_bytes": 87739904, "GPU_reserved_bytes": 7105150976, "data_wait_seconds": 14.6645344999597, "training_samples_seen": 5280, "scope": "FORMAL_SCIENTIFIC_RUN"}
TRAIN {"utc": "2026-10-01T07:43:12.262934+00:00", "epoch": 7, "global_update": 37900, "LR": 9.698962452499079e-05, "running_L_occ": 0.02830161813370144, "running_L_qr": 0.01328363203297072, "running_L_total": 0.04158525016667215, "pre_clip_grad_norm": 0.3651162087917328, "clipping_fraction": 0.0, "samples_per_second": 7.481208865441673, "GPU_allocated_bytes": 87739904, "GPU_reserved_bytes": 7105150976, "data_wait_seconds": 15.030543399952876, "training_samples_seen": 5480, "scope": "FORMAL_SCIENTIFIC_RUN"}
TRAIN {"utc": "2026-10-01T07:43:38.896185+00:00", "epoch": 7, "global_update": 38000, "LR": 9.697099817190864e-05, "running_L_occ": 0.028245642946376073, "running_L_qr": 0.013242065826512136, "running_L_total": 0.04148770877288821, "pre_clip_grad_norm": 0.13423097133636475, "clipping_fraction": 0.0, "samples_per_second": 7.482204237840989, "GPU_allocated_bytes": 87739904, "GPU_reserved_bytes": 7105150976, "data_wait_seconds": 15.400217799939128, "training_samples_seen": 5680, "scope": "FORMAL_SCIENTIFIC_RUN"}
TRAIN {"utc": "2026-10-01T07:44:05.461191+00:00", "epoch": 7, "global_update": 38100, "LR": 9.69523161907157e-05, "running_L_occ": 0.02818324456045524, "running_L_qr": 0.013201279443795656, "running_L_total": 0.0413845240042509, "pre_clip_grad_norm": 0.03780089691281319, "clipping_fraction": 0.0, "samples_per_second": 7.48376976904415, "GPU_allocated_bytes": 87739904, "GPU_reserved_bytes": 7105150976, "data_wait_seconds": 15.767275699909078, "training_samples_seen": 5880, "scope": "FORMAL_SCIENTIFIC_RUN"}
TRAIN {"utc": "2026-10-01T07:44:31.966503+00:00", "epoch": 7, "global_update": 38200, "LR": 9.693357860377523e-05, "running_L_occ": 0.02816923056474384, "running_L_qr": 0.013214225324627646, "running_L_total": 0.041383455889371486, "pre_clip_grad_norm": 0.25908738374710083, "clipping_fraction": 0.0, "samples_per_second": 7.485796178847023, "GPU_allocated_bytes": 87739904, "GPU_reserved_bytes": 7105150976, "data_wait_seconds": 16.140362199905212, "training_samples_seen": 6080, "scope": "FORMAL_SCIENTIFIC_RUN"}
TRAIN {"utc": "2026-10-01T07:44:58.705530+00:00", "epoch": 7, "global_update": 38300, "LR": 9.691478543351705e-05, "running_L_occ": 0.028207579873736705, "running_L_qr": 0.013226837867593043, "running_L_total": 0.04143441774132975, "pre_clip_grad_norm": 0.3841496706008911, "clipping_fraction": 0.0, "samples_per_second": 7.485596017084317, "GPU_allocated_bytes": 87739904, "GPU_reserved_bytes": 7105150976, "data_wait_seconds": 16.511981699892203, "training_samples_seen": 6280, "scope": "FORMAL_SCIENTIFIC_RUN"}
TRAIN {"utc": "2026-10-01T07:45:25.510360+00:00", "epoch": 7, "global_update": 38400, "LR": 9.689593670243754e-05, "running_L_occ": 0.028244303742921997, "running_L_qr": 0.013244891034955271, "running_L_total": 0.04148919477787727, "pre_clip_grad_norm": 0.04718898981809616, "clipping_fraction": 0.0, "samples_per_second": 7.48484535304765, "GPU_allocated_bytes": 87739904, "GPU_reserved_bytes": 7105150976, "data_wait_seconds": 16.884691699913674, "training_samples_seen": 6480, "scope": "FORMAL_SCIENTIFIC_RUN"}
TRAIN {"utc": "2026-10-01T07:45:52.164790+00:00", "epoch": 7, "global_update": 38500, "LR": 9.687703243309957e-05, "running_L_occ": 0.028142990248697205, "running_L_qr": 0.013201600976006277, "running_L_total": 0.04134459122470348, "pre_clip_grad_norm": 0.2557436525821686, "clipping_fraction": 0.0, "samples_per_second": 7.485404342859351, "GPU_allocated_bytes": 87739904, "GPU_reserved_bytes": 7105150976, "data_wait_seconds": 17.267329999907815, "training_samples_seen": 6680, "scope": "FORMAL_SCIENTIFIC_RUN"}
TRAIN {"utc": "2026-10-01T07:46:18.711384+00:00", "epoch": 7, "global_update": 38600, "LR": 9.685807264813252e-05, "running_L_occ": 0.02817386888331581, "running_L_qr": 0.013263477610228693, "running_L_total": 0.041437346493544504, "pre_clip_grad_norm": 0.07358865439891815, "clipping_fraction": 0.0, "samples_per_second": 7.486802586235565, "GPU_allocated_bytes": 87739904, "GPU_reserved_bytes": 7105150976, "data_wait_seconds": 17.635500699892873, "training_samples_seen": 6880, "scope": "FORMAL_SCIENTIFIC_RUN"}
TRAIN {"utc": "2026-10-01T07:46:45.296380+00:00", "epoch": 7, "global_update": 38700, "LR": 9.683905737023217e-05, "running_L_occ": 0.028216224859025484, "running_L_qr": 0.013302510889148116, "running_L_total": 0.04151873574817361, "pre_clip_grad_norm": 0.04382222890853882, "clipping_fraction": 0.0, "samples_per_second": 7.487820809594778, "GPU_allocated_bytes": 87739904, "GPU_reserved_bytes": 7105150976, "data_wait_seconds": 18.00341679986741, "training_samples_seen": 7080, "scope": "FORMAL_SCIENTIFIC_RUN"}
TRAIN {"utc": "2026-10-01T07:47:11.942787+00:00", "epoch": 7, "global_update": 38800, "LR": 9.681998662216076e-05, "running_L_occ": 0.02820457602484352, "running_L_qr": 0.013286944135491016, "running_L_total": 0.041491520160334534, "pre_clip_grad_norm": 0.3270503282546997, "clipping_fraction": 0.0, "samples_per_second": 7.488311998850629, "GPU_allocated_bytes": 87739904, "GPU_reserved_bytes": 7105150976, "data_wait_seconds": 18.36741129985603, "training_samples_seen": 7280, "scope": "FORMAL_SCIENTIFIC_RUN"}
TRAIN {"utc": "2026-10-01T07:47:38.612786+00:00", "epoch": 7, "global_update": 38900, "LR": 9.680086042674695e-05, "running_L_occ": 0.028193125471314463, "running_L_qr": 0.013267817766310704, "running_L_total": 0.04146094323762516, "pre_clip_grad_norm": 0.12414100021123886, "clipping_fraction": 0.0, "samples_per_second": 7.488597943116379, "GPU_allocated_bytes": 87739904, "GPU_reserved_bytes": 7105150976, "data_wait_seconds": 18.730656299827388, "training_samples_seen": 7480, "scope": "FORMAL_SCIENTIFIC_RUN"}
TRAIN {"utc": "2026-10-01T07:48:05.207123+00:00", "epoch": 7, "global_update": 39000, "LR": 9.678167880688574e-05, "running_L_occ": 0.028177604521751075, "running_L_qr": 0.013264882770326275, "running_L_total": 0.04144248729207735, "pre_clip_grad_norm": 0.05196356773376465, "clipping_fraction": 0.0, "samples_per_second": 7.489427032505908, "GPU_allocated_bytes": 87739904, "GPU_reserved_bytes": 7105150976, "data_wait_seconds": 19.097681499813916, "training_samples_seen": 7680, "scope": "FORMAL_SCIENTIFIC_RUN"}
TRAIN {"utc": "2026-10-01T07:48:31.661740+00:00", "epoch": 7, "global_update": 39100, "LR": 9.67624417855385e-05, "running_L_occ": 0.028180874014254415, "running_L_qr": 0.013236147164474786, "running_L_total": 0.0414170211787292, "pre_clip_grad_norm": 0.15056897699832916, "clipping_fraction": 0.0, "samples_per_second": 7.491205968265853, "GPU_allocated_bytes": 87739904, "GPU_reserved_bytes": 7105150976, "data_wait_seconds": 19.46252639982049, "training_samples_seen": 7880, "scope": "FORMAL_SCIENTIFIC_RUN"}
TRAIN {"utc": "2026-10-01T07:48:58.204265+00:00", "epoch": 7, "global_update": 39200, "LR": 9.674314938573287e-05, "running_L_occ": 0.028186044363821876, "running_L_qr": 0.013232387179601854, "running_L_total": 0.041418431543423735, "pre_clip_grad_norm": 0.19918689131736755, "clipping_fraction": 0.0, "samples_per_second": 7.492284673350089, "GPU_allocated_bytes": 87739904, "GPU_reserved_bytes": 7105150976, "data_wait_seconds": 19.822742599833873, "training_samples_seen": 8080, "scope": "FORMAL_SCIENTIFIC_RUN"}
TRAIN {"utc": "2026-10-01T07:49:24.776094+00:00", "epoch": 7, "global_update": 39300, "LR": 9.672380163056288e-05, "running_L_occ": 0.028109318228927902, "running_L_qr": 0.013170833608004, "running_L_total": 0.04128015183693191, "pre_clip_grad_norm": 0.7405997514724731, "clipping_fraction": 0.0, "samples_per_second": 7.493115367002988, "GPU_allocated_bytes": 87739904, "GPU_reserved_bytes": 7105150976, "data_wait_seconds": 20.193628999841167, "training_samples_seen": 8280, "scope": "FORMAL_SCIENTIFIC_RUN"}
TRAIN {"utc": "2026-10-01T07:49:51.484186+00:00", "epoch": 7, "global_update": 39400, "LR": 9.67043985431887e-05, "running_L_occ": 0.02810143940915511, "running_L_qr": 0.013152978994320694, "running_L_total": 0.0412544184034758, "pre_clip_grad_norm": 0.07225123792886734, "clipping_fraction": 0.0, "samples_per_second": 7.493003126459454, "GPU_allocated_bytes": 87739904, "GPU_reserved_bytes": 7105150976, "data_wait_seconds": 20.560225799821637, "training_samples_seen": 8480, "scope": "FORMAL_SCIENTIFIC_RUN"}
TRAIN {"utc": "2026-10-01T07:50:18.252460+00:00", "epoch": 7, "global_update": 39500, "LR": 9.668494014683684e-05, "running_L_occ": 0.028112417910851315, "running_L_qr": 0.013130790715291092, "running_L_total": 0.041243208626142405, "pre_clip_grad_norm": 0.06178615614771843, "clipping_fraction": 0.0, "samples_per_second": 7.492505380015728, "GPU_allocated_bytes": 87739904, "GPU_reserved_bytes": 7105150976, "data_wait_seconds": 20.927857299819152, "training_samples_seen": 8680, "scope": "FORMAL_SCIENTIFIC_RUN"}
TRAIN {"utc": "2026-10-01T07:50:44.833483+00:00", "epoch": 7, "global_update": 39600, "LR": 9.666542646479997e-05, "running_L_occ": 0.02812880822033533, "running_L_qr": 0.013111493026892717, "running_L_total": 0.04124030124722805, "pre_clip_grad_norm": 0.05473453179001808, "clipping_fraction": 0.0, "samples_per_second": 7.49321784233118, "GPU_allocated_bytes": 87739904, "GPU_reserved_bytes": 7105150976, "data_wait_seconds": 21.295721799804596, "training_samples_seen": 8880, "scope": "FORMAL_SCIENTIFIC_RUN"}
TRAIN {"utc": "2026-10-01T07:51:11.460255+00:00", "epoch": 7, "global_update": 39700, "LR": 9.664585752043694e-05, "running_L_occ": 0.028115139900720135, "running_L_qr": 0.013095035647876488, "running_L_total": 0.04121017554859662, "pre_clip_grad_norm": 0.044939715415239334, "clipping_fraction": 0.0, "samples_per_second": 7.493613569279839, "GPU_allocated_bytes": 87739904, "GPU_reserved_bytes": 7105150976, "data_wait_seconds": 21.656747099805216, "training_samples_seen": 9080, "scope": "FORMAL_SCIENTIFIC_RUN"}
TRAIN {"utc": "2026-10-01T07:51:37.964217+00:00", "epoch": 7, "global_update": 39800, "LR": 9.662623333717272e-05, "running_L_occ": 0.028065443281737167, "running_L_qr": 0.0130448103666753, "running_L_total": 0.04111025364841247, "pre_clip_grad_norm": 0.07252773642539978, "clipping_fraction": 0.0, "samples_per_second": 7.494730555495359, "GPU_allocated_bytes": 87739904, "GPU_reserved_bytes": 7105150976, "data_wait_seconds": 22.025949899780244, "training_samples_seen": 9280, "scope": "FORMAL_SCIENTIFIC_RUN"}
TRAIN {"utc": "2026-10-01T07:52:04.419044+00:00", "epoch": 7, "global_update": 39900, "LR": 9.660655393849848e-05, "running_L_occ": 0.02807236998218763, "running_L_qr": 0.013042510636597789, "running_L_total": 0.04111488061878542, "pre_clip_grad_norm": 0.15367989242076874, "clipping_fraction": 0.0, "samples_per_second": 7.496102478019508, "GPU_allocated_bytes": 87739904, "GPU_reserved_bytes": 7105150976, "data_wait_seconds": 22.391340699788998, "training_samples_seen": 9480, "scope": "FORMAL_SCIENTIFIC_RUN"}
TRAIN {"utc": "2026-10-01T07:52:31.124322+00:00", "epoch": 7, "global_update": 40000, "LR": 9.658681934797144e-05, "running_L_occ": 0.028041928571025613, "running_L_qr": 0.013030143263181587, "running_L_total": 0.0410720718342072, "pre_clip_grad_norm": 0.1295667439699173, "clipping_fraction": 0.0, "samples_per_second": 7.4959571625618295, "GPU_allocated_bytes": 87739904, "GPU_reserved_bytes": 7105150976, "data_wait_seconds": 22.761713899810275, "training_samples_seen": 9680, "scope": "FORMAL_SCIENTIFIC_RUN"}
TRAIN {"utc": "2026-10-01T07:52:57.642486+00:00", "epoch": 7, "global_update": 40100, "LR": 9.65670295892149e-05, "running_L_occ": 0.02803164047036589, "running_L_qr": 0.013030368425249706, "running_L_total": 0.04106200889561559, "pre_clip_grad_norm": 0.17606055736541748, "clipping_fraction": 0.0, "samples_per_second": 7.496881316152635, "GPU_allocated_bytes": 87739904, "GPU_reserved_bytes": 7105150976, "data_wait_seconds": 23.128654199790617, "training_samples_seen": 9880, "scope": "FORMAL_SCIENTIFIC_RUN"}
TRAIN {"utc": "2026-10-01T07:53:24.251884+00:00", "epoch": 7, "global_update": 40200, "LR": 9.654718468591815e-05, "running_L_occ": 0.028027348049780566, "running_L_qr": 0.013018743327463464, "running_L_total": 0.04104609137724403, "pre_clip_grad_norm": 0.1703222095966339, "clipping_fraction": 0.0, "samples_per_second": 7.497263338783541, "GPU_allocated_bytes": 87739904, "GPU_reserved_bytes": 7105150976, "data_wait_seconds": 23.493803099794604, "training_samples_seen": 10080, "scope": "FORMAL_SCIENTIFIC_RUN"}
TRAIN {"utc": "2026-10-01T07:53:50.827717+00:00", "epoch": 7, "global_update": 40300, "LR": 9.652728466183659e-05, "running_L_occ": 0.027981056787867133, "running_L_qr": 0.0129825190534199, "running_L_total": 0.040963575841287035, "pre_clip_grad_norm": 0.1432509422302246, "clipping_fraction": 0.0, "samples_per_second": 7.497813630251836, "GPU_allocated_bytes": 87739904, "GPU_reserved_bytes": 7105150976, "data_wait_seconds": 23.863779499813973, "training_samples_seen": 10280, "scope": "FORMAL_SCIENTIFIC_RUN"}
TRAIN {"utc": "2026-10-01T07:54:17.302039+00:00", "epoch": 7, "global_update": 40400, "LR": 9.65073295407915e-05, "running_L_occ": 0.027974313236811287, "running_L_qr": 0.012977933614003427, "running_L_total": 0.040952246850814715, "pre_clip_grad_norm": 0.2885216474533081, "clipping_fraction": 0.0, "samples_per_second": 7.498885451316957, "GPU_allocated_bytes": 87739904, "GPU_reserved_bytes": 7105150976, "data_wait_seconds": 24.226986899804615, "training_samples_seen": 10480, "scope": "FORMAL_SCIENTIFIC_RUN"}
TRAIN {"utc": "2026-10-01T07:54:43.987120+00:00", "epoch": 7, "global_update": 40500, "LR": 9.648731934667017e-05, "running_L_occ": 0.027969337946011967, "running_L_qr": 0.012967542985425445, "running_L_total": 0.04093688093143741, "pre_clip_grad_norm": 0.12305649369955063, "clipping_fraction": 0.0, "samples_per_second": 7.498813784027556, "GPU_allocated_bytes": 87739904, "GPU_reserved_bytes": 7105150976, "data_wait_seconds": 24.59619849981391, "training_samples_seen": 10680, "scope": "FORMAL_SCIENTIFIC_RUN"}
TRAIN {"utc": "2026-10-01T07:55:10.596719+00:00", "epoch": 7, "global_update": 40600, "LR": 9.646725410342582e-05, "running_L_occ": 0.027952490280055062, "running_L_qr": 0.012946075136651742, "running_L_total": 0.0408985654167068, "pre_clip_grad_norm": 0.6341733336448669, "clipping_fraction": 0.0, "samples_per_second": 7.499129512177748, "GPU_allocated_bytes": 87739904, "GPU_reserved_bytes": 7105150976, "data_wait_seconds": 24.961233399815683, "training_samples_seen": 10880, "scope": "FORMAL_SCIENTIFIC_RUN"}
TRAIN {"utc": "2026-10-01T07:55:37.272600+00:00", "epoch": 7, "global_update": 40700, "LR": 9.644713383507754e-05, "running_L_occ": 0.027950419360007417, "running_L_qr": 0.01294515123205362, "running_L_total": 0.04089557059206104, "pre_clip_grad_norm": 0.1282113939523697, "clipping_fraction": 0.0, "samples_per_second": 7.499097844992979, "GPU_allocated_bytes": 87739904, "GPU_reserved_bytes": 7105150976, "data_wait_seconds": 25.32264139984909, "training_samples_seen": 11080, "scope": "FORMAL_SCIENTIFIC_RUN"}
TRAIN {"utc": "2026-10-01T07:56:03.819004+00:00", "epoch": 7, "global_update": 40800, "LR": 9.64269585657103e-05, "running_L_occ": 0.027944938058080154, "running_L_qr": 0.012942015024230733, "running_L_total": 0.04088695308231089, "pre_clip_grad_norm": 0.12062292546033859, "clipping_fraction": 0.0, "samples_per_second": 7.499712281815919, "GPU_allocated_bytes": 87739904, "GPU_reserved_bytes": 7105150976, "data_wait_seconds": 25.7084042998722, "training_samples_seen": 11280, "scope": "FORMAL_SCIENTIFIC_RUN"}
TRAIN {"utc": "2026-10-01T07:56:30.407468+00:00", "epoch": 7, "global_update": 40900, "LR": 9.640672831947489e-05, "running_L_occ": 0.027956358124125787, "running_L_qr": 0.012934381672473164, "running_L_total": 0.04089073979659895, "pre_clip_grad_norm": 0.0698385089635849, "clipping_fraction": 0.0, "samples_per_second": 7.500103122498029, "GPU_allocated_bytes": 87739904, "GPU_reserved_bytes": 7105150976, "data_wait_seconds": 26.075261199879606, "training_samples_seen": 11480, "scope": "FORMAL_SCIENTIFIC_RUN"}
TRAIN {"utc": "2026-10-01T07:56:57.003028+00:00", "epoch": 7, "global_update": 41000, "LR": 9.638644312058796e-05, "running_L_occ": 0.027934959436111188, "running_L_qr": 0.012915366407490126, "running_L_total": 0.040850325843601314, "pre_clip_grad_norm": 0.09239770472049713, "clipping_fraction": 0.0, "samples_per_second": 7.5004415732463015, "GPU_allocated_bytes": 87739904, "GPU_reserved_bytes": 7105150976, "data_wait_seconds": 26.446224499879463, "training_samples_seen": 11680, "scope": "FORMAL_SCIENTIFIC_RUN"}
TRAIN {"utc": "2026-10-01T07:57:02.308723+00:00", "epoch": 7, "global_update": 41020, "LR": 9.638237948862808e-05, "running_L_occ": 0.027938200904196145, "running_L_qr": 0.012913095486733433, "running_L_total": 0.040851296390929576, "pre_clip_grad_norm": 0.06384150683879852, "clipping_fraction": 0.0, "samples_per_second": 7.500571008167183, "GPU_allocated_bytes": 87739904, "GPU_reserved_bytes": 7105150976, "data_wait_seconds": 26.519987999883597, "training_samples_seen": 11720, "scope": "FORMAL_SCIENTIFIC_RUN"}
VALIDATION {"epoch": 7, "phase": "VALIDATION", "scenes_completed": 8, "scenes_required": 11727, "wall_seconds": 5.678278999999748, "updated_utc": "2026-10-01T07:57:08.523728+00:00"}
VALIDATION {"epoch": 7, "phase": "VALIDATION", "scenes_completed": 808, "scenes_required": 11727, "wall_seconds": 37.61242339999808, "updated_utc": "2026-10-01T07:57:40.457207+00:00"}
VALIDATION {"epoch": 7, "phase": "VALIDATION", "scenes_completed": 1608, "scenes_required": 11727, "wall_seconds": 69.53214599999774, "updated_utc": "2026-10-01T07:58:12.377020+00:00"}
VALIDATION {"epoch": 7, "phase": "VALIDATION", "scenes_completed": 2408, "scenes_required": 11727, "wall_seconds": 101.51787109999714, "updated_utc": "2026-10-01T07:58:44.362705+00:00"}
VALIDATION {"epoch": 7, "phase": "VALIDATION", "scenes_completed": 3208, "scenes_required": 11727, "wall_seconds": 133.4365703000003, "updated_utc": "2026-10-01T07:59:16.281607+00:00"}
VALIDATION {"epoch": 7, "phase": "VALIDATION", "scenes_completed": 4008, "scenes_required": 11727, "wall_seconds": 165.48214599999847, "updated_utc": "2026-10-01T07:59:48.327044+00:00"}
VALIDATION {"epoch": 7, "phase": "VALIDATION", "scenes_completed": 4808, "scenes_required": 11727, "wall_seconds": 197.52039629999854, "updated_utc": "2026-10-01T08:00:20.365551+00:00"}
VALIDATION {"epoch": 7, "phase": "VALIDATION", "scenes_completed": 5608, "scenes_required": 11727, "wall_seconds": 230.47089140000026, "updated_utc": "2026-10-01T08:00:53.315783+00:00"}
VALIDATION {"epoch": 7, "phase": "VALIDATION", "scenes_completed": 6408, "scenes_required": 11727, "wall_seconds": 264.7413209999977, "updated_utc": "2026-10-01T08:01:27.586639+00:00"}
VALIDATION {"epoch": 7, "phase": "VALIDATION", "scenes_completed": 7208, "scenes_required": 11727, "wall_seconds": 299.1692590999992, "updated_utc": "2026-10-01T08:02:02.014518+00:00"}
VALIDATION {"epoch": 7, "phase": "VALIDATION", "scenes_completed": 8008, "scenes_required": 11727, "wall_seconds": 333.2262926000003, "updated_utc": "2026-10-01T08:02:36.071082+00:00"}
VALIDATION {"epoch": 7, "phase": "VALIDATION", "scenes_completed": 8808, "scenes_required": 11727, "wall_seconds": 367.6424702000004, "updated_utc": "2026-10-01T08:03:10.487561+00:00"}
VALIDATION {"epoch": 7, "phase": "VALIDATION", "scenes_completed": 9608, "scenes_required": 11727, "wall_seconds": 401.74704179999753, "updated_utc": "2026-10-01T08:03:44.592109+00:00"}
VALIDATION {"epoch": 7, "phase": "VALIDATION", "scenes_completed": 10408, "scenes_required": 11727, "wall_seconds": 436.0134290999995, "updated_utc": "2026-10-01T08:04:18.858870+00:00"}
VALIDATION {"epoch": 7, "phase": "VALIDATION", "scenes_completed": 11208, "scenes_required": 11727, "wall_seconds": 470.4964760999974, "updated_utc": "2026-10-01T08:04:53.341403+00:00"}
VALIDATION {"epoch": 7, "phase": "VALIDATION", "scenes_completed": 11727, "scenes_required": 11727, "wall_seconds": 492.6992552999982, "updated_utc": "2026-10-01T08:05:15.544584+00:00"}
EPOCH_COMPLETED {"epoch": 7, "global_val_core_loss": 0.048088218368754036, "best_epoch": 7, "early_stop_count": 0, "wall_seconds": 2060.4842898000024}
TRAIN {"utc": "2026-10-01T08:05:25.786125+00:00", "epoch": 8, "global_update": 41021, "LR": 9.638217624935879e-05, "running_L_occ": 0.050839376449958305, "running_L_qr": 0.020182855186811174, "running_L_total": 0.07102223163676948, "pre_clip_grad_norm": 0.17769485712051392, "clipping_fraction": 0.0, "samples_per_second": 0.36913171472275735, "GPU_allocated_bytes": 87739904, "GPU_reserved_bytes": 7105150976, "data_wait_seconds": 5.127960800000437, "training_samples_seen": 2, "scope": "FORMAL_SCIENTIFIC_RUN"}
TRAIN {"utc": "2026-10-01T08:05:48.404637+00:00", "epoch": 8, "global_update": 41100, "LR": 9.636610299333189e-05, "running_L_occ": 0.028385570678113658, "running_L_qr": 0.012967711856995537, "running_L_total": 0.0413532825351092, "pre_clip_grad_norm": 0.09988483786582947, "clipping_fraction": 0.0, "samples_per_second": 5.706698597356787, "GPU_allocated_bytes": 87739904, "GPU_reserved_bytes": 7105150976, "data_wait_seconds": 5.37215790000846, "training_samples_seen": 160, "scope": "FORMAL_SCIENTIFIC_RUN"}
TRAIN {"utc": "2026-10-01T08:06:17.215154+00:00", "epoch": 8, "global_update": 41200, "LR": 9.634570796205481e-05, "running_L_occ": 0.026941666021701484, "running_L_qr": 0.012428953664209224, "running_L_total": 0.039370619685910706, "pre_clip_grad_norm": 0.1157301515340805, "clipping_fraction": 0.0, "samples_per_second": 6.332791897803373, "GPU_allocated_bytes": 87739904, "GPU_reserved_bytes": 7105150976, "data_wait_seconds": 5.735400200002914, "training_samples_seen": 360, "scope": "FORMAL_SCIENTIFIC_RUN"}
TRAIN {"utc": "2026-10-01T08:06:45.941575+00:00", "epoch": 8, "global_update": 41300, "LR": 9.632525805117064e-05, "running_L_occ": 0.02763894832631071, "running_L_qr": 0.01287652542268114, "running_L_total": 0.04051547374899185, "pre_clip_grad_norm": 0.11609838902950287, "clipping_fraction": 0.0, "samples_per_second": 6.544095485551586, "GPU_allocated_bytes": 87739904, "GPU_reserved_bytes": 7105150976, "data_wait_seconds": 6.102318999983254, "training_samples_seen": 560, "scope": "FORMAL_SCIENTIFIC_RUN"}
TRAIN {"utc": "2026-10-01T08:07:14.598762+00:00", "epoch": 8, "global_update": 41400, "LR": 9.63047532851589e-05, "running_L_occ": 0.027757579081189476, "running_L_qr": 0.012891840425115635, "running_L_total": 0.040649419506305115, "pre_clip_grad_norm": 0.034997034817934036, "clipping_fraction": 0.0, "samples_per_second": 6.653188025570653, "GPU_allocated_bytes": 87739904, "GPU_reserved_bytes": 7105150976, "data_wait_seconds": 6.4662342999981774, "training_samples_seen": 760, "scope": "FORMAL_SCIENTIFIC_RUN"}
TRAIN {"utc": "2026-10-01T08:07:43.147803+00:00", "epoch": 8, "global_update": 41500, "LR": 9.628419368856486e-05, "running_L_occ": 0.02768656872910109, "running_L_qr": 0.01290986140274421, "running_L_total": 0.0405964301318453, "pre_clip_grad_norm": 0.07972685247659683, "clipping_fraction": 0.0, "samples_per_second": 6.723644431110637, "GPU_allocated_bytes": 87739904, "GPU_reserved_bytes": 7105150976, "data_wait_seconds": 6.828468399988196, "training_samples_seen": 960, "scope": "FORMAL_SCIENTIFIC_RUN"}
TRAIN {"utc": "2026-10-01T08:08:11.514569+00:00", "epoch": 8, "global_update": 41600, "LR": 9.626357928599937e-05, "running_L_occ": 0.02764136686387419, "running_L_qr": 0.012923857207400321, "running_L_total": 0.04056522407127451, "pre_clip_grad_norm": 0.33208203315734863, "clipping_fraction": 0.0, "samples_per_second": 6.77782415133891, "GPU_allocated_bytes": 87739904, "GPU_reserved_bytes": 7105150976, "data_wait_seconds": 7.190556299967284, "training_samples_seen": 1160, "scope": "FORMAL_SCIENTIFIC_RUN"}
TRAIN {"utc": "2026-10-01T08:08:39.860277+00:00", "epoch": 8, "global_update": 41700, "LR": 9.624291010213889e-05, "running_L_occ": 0.02781934400307173, "running_L_qr": 0.013037834144208256, "running_L_total": 0.04085717814727998, "pre_clip_grad_norm": 0.15075311064720154, "clipping_fraction": 0.0, "samples_per_second": 6.817296784044754, "GPU_allocated_bytes": 87739904, "GPU_reserved_bytes": 7105150976, "data_wait_seconds": 7.557999499960715, "training_samples_seen": 1360, "scope": "FORMAL_SCIENTIFIC_RUN"}
TRAIN {"utc": "2026-10-01T08:09:08.403690+00:00", "epoch": 8, "global_update": 41800, "LR": 9.622218616172548e-05, "running_L_occ": 0.027651224465820457, "running_L_qr": 0.013027237385536714, "running_L_total": 0.04067846185135717, "pre_clip_grad_norm": 0.3808807134628296, "clipping_fraction": 0.0, "samples_per_second": 6.841036792225917, "GPU_allocated_bytes": 87739904, "GPU_reserved_bytes": 7105150976, "data_wait_seconds": 7.930842699948698, "training_samples_seen": 1560, "scope": "FORMAL_SCIENTIFIC_RUN"}
TRAIN {"utc": "2026-10-01T08:09:36.661409+00:00", "epoch": 8, "global_update": 41900, "LR": 9.620140748956673e-05, "running_L_occ": 0.02749005581763975, "running_L_qr": 0.012898456617391828, "running_L_total": 0.040388512435031575, "pre_clip_grad_norm": 0.39743682742118835, "clipping_fraction": 0.0, "samples_per_second": 6.867122466301725, "GPU_allocated_bytes": 87739904, "GPU_reserved_bytes": 7105150976, "data_wait_seconds": 8.300937499941938, "training_samples_seen": 1760, "scope": "FORMAL_SCIENTIFIC_RUN"}
TRAIN {"utc": "2026-10-01T08:10:05.177394+00:00", "epoch": 8, "global_update": 42000, "LR": 9.618057411053577e-05, "running_L_occ": 0.02744417838404403, "running_L_qr": 0.012721805726177903, "running_L_total": 0.04016598411022194, "pre_clip_grad_norm": 0.15671764314174652, "clipping_fraction": 0.0, "samples_per_second": 6.8817793406756635, "GPU_allocated_bytes": 87739904, "GPU_reserved_bytes": 7105150976, "data_wait_seconds": 8.667625299916836, "training_samples_seen": 1960, "scope": "FORMAL_SCIENTIFIC_RUN"}
TRAIN {"utc": "2026-10-01T08:10:33.910346+00:00", "epoch": 8, "global_update": 42100, "LR": 9.615968604957116e-05, "running_L_occ": 0.02748431274157079, "running_L_qr": 0.012707915844844151, "running_L_total": 0.04019222858641494, "pre_clip_grad_norm": 0.3796041011810303, "clipping_fraction": 0.0, "samples_per_second": 6.889019063495441, "GPU_allocated_bytes": 87739904, "GPU_reserved_bytes": 7105150976, "data_wait_seconds": 9.041408699908061, "training_samples_seen": 2160, "scope": "FORMAL_SCIENTIFIC_RUN"}
TRAIN {"utc": "2026-10-01T08:11:02.476029+00:00", "epoch": 8, "global_update": 42200, "LR": 9.613874333167697e-05, "running_L_occ": 0.027337125632999722, "running_L_qr": 0.012656775783801975, "running_L_total": 0.039993901416801696, "pre_clip_grad_norm": 0.11282402276992798, "clipping_fraction": 0.0, "samples_per_second": 6.898394639740596, "GPU_allocated_bytes": 87739904, "GPU_reserved_bytes": 7105150976, "data_wait_seconds": 9.426527799896576, "training_samples_seen": 2360, "scope": "FORMAL_SCIENTIFIC_RUN"}
TRAIN {"utc": "2026-10-01T08:11:29.841495+00:00", "epoch": 8, "global_update": 42300, "LR": 9.611774598192269e-05, "running_L_occ": 0.027355002130595853, "running_L_qr": 0.012662801569537863, "running_L_total": 0.04001780370013372, "pre_clip_grad_norm": 0.18488577008247375, "clipping_fraction": 0.0, "samples_per_second": 6.928770801418665, "GPU_allocated_bytes": 87739904, "GPU_reserved_bytes": 7105150976, "data_wait_seconds": 9.813015899882885, "training_samples_seen": 2560, "scope": "FORMAL_SCIENTIFIC_RUN"}
TRAIN {"utc": "2026-10-01T08:11:57.317670+00:00", "epoch": 8, "global_update": 42400, "LR": 9.60966940254432e-05, "running_L_occ": 0.027338499199950978, "running_L_qr": 0.012672195596978934, "running_L_total": 0.04001069479692992, "pre_clip_grad_norm": 0.3368740677833557, "clipping_fraction": 0.0, "samples_per_second": 6.953021543396834, "GPU_allocated_bytes": 87739904, "GPU_reserved_bytes": 7105150976, "data_wait_seconds": 10.198166799877072, "training_samples_seen": 2760, "scope": "FORMAL_SCIENTIFIC_RUN"}
TRAIN {"utc": "2026-10-01T08:12:23.961645+00:00", "epoch": 8, "global_update": 42500, "LR": 9.607558748743875e-05, "running_L_occ": 0.027359011032984694, "running_L_qr": 0.012770407343021374, "running_L_total": 0.040129418376006074, "pre_clip_grad_norm": 0.19891154766082764, "clipping_fraction": 0.0, "samples_per_second": 6.987832789088745, "GPU_allocated_bytes": 87739904, "GPU_reserved_bytes": 7105150976, "data_wait_seconds": 10.571000799856847, "training_samples_seen": 2960, "scope": "FORMAL_SCIENTIFIC_RUN"}
TRAIN {"utc": "2026-10-01T08:12:50.572024+00:00", "epoch": 8, "global_update": 42600, "LR": 9.60544263931749e-05, "running_L_occ": 0.027522950956623757, "running_L_qr": 0.012849638997284309, "running_L_total": 0.040372589953908064, "pre_clip_grad_norm": 0.4718380570411682, "clipping_fraction": 0.0, "samples_per_second": 7.019028442617641, "GPU_allocated_bytes": 87739904, "GPU_reserved_bytes": 7105150976, "data_wait_seconds": 10.93902289986363, "training_samples_seen": 3160, "scope": "FORMAL_SCIENTIFIC_RUN"}
TRAIN {"utc": "2026-10-01T08:13:17.120636+00:00", "epoch": 8, "global_update": 42700, "LR": 9.603321076798257e-05, "running_L_occ": 0.027457226606958953, "running_L_qr": 0.012746577873706772, "running_L_total": 0.040203804480665725, "pre_clip_grad_norm": 0.29273685812950134, "clipping_fraction": 0.0, "samples_per_second": 7.047678292464296, "GPU_allocated_bytes": 87739904, "GPU_reserved_bytes": 7105150976, "data_wait_seconds": 11.307477899845253, "training_samples_seen": 3360, "scope": "FORMAL_SCIENTIFIC_RUN"}
TRAIN {"utc": "2026-10-01T08:13:44.095954+00:00", "epoch": 8, "global_update": 42800, "LR": 9.601194063725788e-05, "running_L_occ": 0.02739739904902566, "running_L_qr": 0.01273393435352527, "running_L_total": 0.040131333402550935, "pre_clip_grad_norm": 0.44835254549980164, "clipping_fraction": 0.0, "samples_per_second": 7.067302336445846, "GPU_allocated_bytes": 87739904, "GPU_reserved_bytes": 7105150976, "data_wait_seconds": 11.683797099864023, "training_samples_seen": 3560, "scope": "FORMAL_SCIENTIFIC_RUN"}
TRAIN {"utc": "2026-10-01T08:14:11.892185+00:00", "epoch": 8, "global_update": 42900, "LR": 9.599061602646228e-05, "running_L_occ": 0.02729039302689741, "running_L_qr": 0.012709817890280015, "running_L_total": 0.040000210917177426, "pre_clip_grad_norm": 0.11875013262033463, "clipping_fraction": 0.0, "samples_per_second": 7.07398696132505, "GPU_allocated_bytes": 87739904, "GPU_reserved_bytes": 7105150976, "data_wait_seconds": 12.059865099869057, "training_samples_seen": 3760, "scope": "FORMAL_SCIENTIFIC_RUN"}
TRAIN {"utc": "2026-10-01T08:14:39.901806+00:00", "epoch": 8, "global_update": 43000, "LR": 9.59692369611224e-05, "running_L_occ": 0.027318362838066743, "running_L_qr": 0.012775134858295779, "running_L_total": 0.04009349769636252, "pre_clip_grad_norm": 0.08698835968971252, "clipping_fraction": 0.0, "samples_per_second": 7.0773150979299055, "GPU_allocated_bytes": 87739904, "GPU_reserved_bytes": 7105150976, "data_wait_seconds": 12.454139199893689, "training_samples_seen": 3960, "scope": "FORMAL_SCIENTIFIC_RUN"}
TRAIN {"utc": "2026-10-01T08:15:06.570550+00:00", "epoch": 8, "global_update": 43100, "LR": 9.594780346683002e-05, "running_L_occ": 0.02739669614020728, "running_L_qr": 0.01286030028839823, "running_L_total": 0.04025699642860551, "pre_clip_grad_norm": 0.3057607412338257, "clipping_fraction": 0.0, "samples_per_second": 7.096516490507645, "GPU_allocated_bytes": 87739904, "GPU_reserved_bytes": 7105150976, "data_wait_seconds": 12.828640799893037, "training_samples_seen": 4160, "scope": "FORMAL_SCIENTIFIC_RUN"}
TRAIN {"utc": "2026-10-01T08:15:33.174395+00:00", "epoch": 8, "global_update": 43200, "LR": 9.592631556924211e-05, "running_L_occ": 0.027381360259103673, "running_L_qr": 0.012799383232275193, "running_L_total": 0.04018074349137886, "pre_clip_grad_norm": 0.30625325441360474, "clipping_fraction": 0.0, "samples_per_second": 7.114802329160467, "GPU_allocated_bytes": 87739904, "GPU_reserved_bytes": 7105150976, "data_wait_seconds": 13.19519989989567, "training_samples_seen": 4360, "scope": "FORMAL_SCIENTIFIC_RUN"}
TRAIN {"utc": "2026-10-01T08:15:59.697518+00:00", "epoch": 8, "global_update": 43300, "LR": 9.59047732940808e-05, "running_L_occ": 0.027410988295184395, "running_L_qr": 0.012771692580205087, "running_L_total": 0.04018268087538948, "pre_clip_grad_norm": 0.1493455320596695, "clipping_fraction": 0.0, "samples_per_second": 7.132471354013657, "GPU_allocated_bytes": 87739904, "GPU_reserved_bytes": 7105150976, "data_wait_seconds": 13.563634999893111, "training_samples_seen": 4560, "scope": "FORMAL_SCIENTIFIC_RUN"}
TRAIN {"utc": "2026-10-01T08:16:26.272354+00:00", "epoch": 8, "global_update": 43400, "LR": 9.588317666713321e-05, "running_L_occ": 0.027418982383165716, "running_L_qr": 0.012812320627300653, "running_L_total": 0.04023130301046637, "pre_clip_grad_norm": 0.092090904712677, "clipping_fraction": 0.0, "samples_per_second": 7.148166782693667, "GPU_allocated_bytes": 87739904, "GPU_reserved_bytes": 7105150976, "data_wait_seconds": 13.93375509987527, "training_samples_seen": 4760, "scope": "FORMAL_SCIENTIFIC_RUN"}
TRAIN {"utc": "2026-10-01T08:16:52.865675+00:00", "epoch": 8, "global_update": 43500, "LR": 9.586152571425163e-05, "running_L_occ": 0.027433861788664728, "running_L_qr": 0.012790739393268758, "running_L_total": 0.04022460118193349, "pre_clip_grad_norm": 0.12853942811489105, "clipping_fraction": 0.0, "samples_per_second": 7.1624715950437885, "GPU_allocated_bytes": 87739904, "GPU_reserved_bytes": 7105150976, "data_wait_seconds": 14.304533699843887, "training_samples_seen": 4960, "scope": "FORMAL_SCIENTIFIC_RUN"}
TRAIN {"utc": "2026-10-01T08:17:19.754104+00:00", "epoch": 8, "global_update": 43600, "LR": 9.583982046135332e-05, "running_L_occ": 0.02735989454042265, "running_L_qr": 0.012719229055352565, "running_L_total": 0.040079123595775215, "pre_clip_grad_norm": 0.19213347136974335, "clipping_fraction": 0.0, "samples_per_second": 7.1727803112484985, "GPU_allocated_bytes": 87739904, "GPU_reserved_bytes": 7105150976, "data_wait_seconds": 14.672564199834596, "training_samples_seen": 5160, "scope": "FORMAL_SCIENTIFIC_RUN"}
TRAIN {"utc": "2026-10-01T08:17:46.381143+00:00", "epoch": 8, "global_update": 43700, "LR": 9.581806093442055e-05, "running_L_occ": 0.027437582671717285, "running_L_qr": 0.01274004191222386, "running_L_total": 0.04017762458394114, "pre_clip_grad_norm": 0.4130091667175293, "clipping_fraction": 0.0, "samples_per_second": 7.184856141879407, "GPU_allocated_bytes": 87739904, "GPU_reserved_bytes": 7105150976, "data_wait_seconds": 15.04324059980354, "training_samples_seen": 5360, "scope": "FORMAL_SCIENTIFIC_RUN"}
TRAIN {"utc": "2026-10-01T08:18:12.944485+00:00", "epoch": 8, "global_update": 43800, "LR": 9.579624715950058e-05, "running_L_occ": 0.027497607016972427, "running_L_qr": 0.012796413613344429, "running_L_total": 0.040294020630316854, "pre_clip_grad_norm": 0.1506042778491974, "clipping_fraction": 0.0, "samples_per_second": 7.196691054647621, "GPU_allocated_bytes": 87739904, "GPU_reserved_bytes": 7105150976, "data_wait_seconds": 15.41208369980086, "training_samples_seen": 5560, "scope": "FORMAL_SCIENTIFIC_RUN"}
TRAIN {"utc": "2026-10-01T08:18:39.554666+00:00", "epoch": 8, "global_update": 43900, "LR": 9.577437916270557e-05, "running_L_occ": 0.027581852586058716, "running_L_qr": 0.012829680868098613, "running_L_total": 0.04041153345415733, "pre_clip_grad_norm": 0.049155086278915405, "clipping_fraction": 0.0, "samples_per_second": 7.207324245062611, "GPU_allocated_bytes": 87739904, "GPU_reserved_bytes": 7105150976, "data_wait_seconds": 15.77932789980332, "training_samples_seen": 5760, "scope": "FORMAL_SCIENTIFIC_RUN"}
TRAIN {"utc": "2026-10-01T08:19:06.146635+00:00", "epoch": 8, "global_update": 44000, "LR": 9.57524569702126e-05, "running_L_occ": 0.027573490922863736, "running_L_qr": 0.012848430619402437, "running_L_total": 0.04042192154226617, "pre_clip_grad_norm": 0.24849092960357666, "clipping_fraction": 0.0, "samples_per_second": 7.217427059485669, "GPU_allocated_bytes": 87739904, "GPU_reserved_bytes": 7105150976, "data_wait_seconds": 16.148586999806867, "training_samples_seen": 5960, "scope": "FORMAL_SCIENTIFIC_RUN"}
TRAIN {"utc": "2026-10-01T08:19:32.738571+00:00", "epoch": 8, "global_update": 44100, "LR": 9.573048060826366e-05, "running_L_occ": 0.027660431045810317, "running_L_qr": 0.012901464833177398, "running_L_total": 0.04056189587898772, "pre_clip_grad_norm": 0.6555579900741577, "clipping_fraction": 0.0, "samples_per_second": 7.226899415666757, "GPU_allocated_bytes": 87739904, "GPU_reserved_bytes": 7105150976, "data_wait_seconds": 16.520110199788178, "training_samples_seen": 6160, "scope": "FORMAL_SCIENTIFIC_RUN"}
TRAIN {"utc": "2026-10-01T08:19:59.222402+00:00", "epoch": 8, "global_update": 44200, "LR": 9.570845010316553e-05, "running_L_occ": 0.027639082020922225, "running_L_qr": 0.01285915516878185, "running_L_total": 0.04049823718970407, "pre_clip_grad_norm": 0.15120559930801392, "clipping_fraction": 0.0, "samples_per_second": 7.236694949326074, "GPU_allocated_bytes": 87739904, "GPU_reserved_bytes": 7105150976, "data_wait_seconds": 16.911137199786026, "training_samples_seen": 6360, "scope": "FORMAL_SCIENTIFIC_RUN"}
TRAIN {"utc": "2026-10-01T08:20:25.898768+00:00", "epoch": 8, "global_update": 44300, "LR": 9.568636548128985e-05, "running_L_occ": 0.027707236046798353, "running_L_qr": 0.012892679573070102, "running_L_total": 0.040599915619868455, "pre_clip_grad_norm": 0.1382998377084732, "clipping_fraction": 0.0, "samples_per_second": 7.2443692407357, "GPU_allocated_bytes": 87739904, "GPU_reserved_bytes": 7105150976, "data_wait_seconds": 17.285435699774098, "training_samples_seen": 6560, "scope": "FORMAL_SCIENTIFIC_RUN"}
TRAIN {"utc": "2026-10-01T08:20:52.548833+00:00", "epoch": 8, "global_update": 44400, "LR": 9.566422676907299e-05, "running_L_occ": 0.02769580428310482, "running_L_qr": 0.012924591628139907, "running_L_total": 0.04062039591124473, "pre_clip_grad_norm": 0.07905016094446182, "clipping_fraction": 0.0, "samples_per_second": 7.251809544732969, "GPU_allocated_bytes": 87739904, "GPU_reserved_bytes": 7105150976, "data_wait_seconds": 17.656604299765604, "training_samples_seen": 6760, "scope": "FORMAL_SCIENTIFIC_RUN"}
TRAIN {"utc": "2026-10-01T08:21:19.079544+00:00", "epoch": 8, "global_update": 44500, "LR": 9.564203399301613e-05, "running_L_occ": 0.027608188377749972, "running_L_qr": 0.012866270497835099, "running_L_total": 0.04047445887558507, "pre_clip_grad_norm": 0.5037174820899963, "clipping_fraction": 0.0, "samples_per_second": 7.259740141525633, "GPU_allocated_bytes": 87739904, "GPU_reserved_bytes": 7105150976, "data_wait_seconds": 18.02472999976453, "training_samples_seen": 6960, "scope": "FORMAL_SCIENTIFIC_RUN"}
TRAIN {"utc": "2026-10-01T08:21:45.627366+00:00", "epoch": 8, "global_update": 44600, "LR": 9.56197871796851e-05, "running_L_occ": 0.02763554256597988, "running_L_qr": 0.012884325332646152, "running_L_total": 0.04051986789862603, "pre_clip_grad_norm": 0.19408239424228668, "clipping_fraction": 0.0, "samples_per_second": 7.267118479682208, "GPU_allocated_bytes": 87739904, "GPU_reserved_bytes": 7105150976, "data_wait_seconds": 18.390071499790793, "training_samples_seen": 7160, "scope": "FORMAL_SCIENTIFIC_RUN"}
TRAIN {"utc": "2026-10-01T08:22:12.182480+00:00", "epoch": 8, "global_update": 44700, "LR": 9.559748635571048e-05, "running_L_occ": 0.027667192297168856, "running_L_qr": 0.012910854266479773, "running_L_total": 0.040578046563648634, "pre_clip_grad_norm": 0.08325089514255524, "clipping_fraction": 0.0, "samples_per_second": 7.274061158004785, "GPU_allocated_bytes": 87739904, "GPU_reserved_bytes": 7105150976, "data_wait_seconds": 18.75097769979402, "training_samples_seen": 7360, "scope": "FORMAL_SCIENTIFIC_RUN"}
TRAIN {"utc": "2026-10-01T08:22:38.764599+00:00", "epoch": 8, "global_update": 44800, "LR": 9.557513154778745e-05, "running_L_occ": 0.027639493286664967, "running_L_qr": 0.012877881316181528, "running_L_total": 0.04051737460284649, "pre_clip_grad_norm": 0.19613288342952728, "clipping_fraction": 0.0, "samples_per_second": 7.280450429172169, "GPU_allocated_bytes": 87739904, "GPU_reserved_bytes": 7105150976, "data_wait_seconds": 19.11727789980432, "training_samples_seen": 7560, "scope": "FORMAL_SCIENTIFIC_RUN"}
TRAIN {"utc": "2026-10-01T08:23:05.408677+00:00", "epoch": 8, "global_update": 44900, "LR": 9.555272278267584e-05, "running_L_occ": 0.02763201479684642, "running_L_qr": 0.012883896355120003, "running_L_total": 0.04051591115196642, "pre_clip_grad_norm": 0.1451825350522995, "clipping_fraction": 0.0, "samples_per_second": 7.2861058981456805, "GPU_allocated_bytes": 87739904, "GPU_reserved_bytes": 7105150976, "data_wait_seconds": 19.484050799812394, "training_samples_seen": 7760, "scope": "FORMAL_SCIENTIFIC_RUN"}
TRAIN {"utc": "2026-10-01T08:23:31.909174+00:00", "epoch": 8, "global_update": 45000, "LR": 9.553026008720007e-05, "running_L_occ": 0.027637704189108755, "running_L_qr": 0.012908498135201153, "running_L_total": 0.040546202324309916, "pre_clip_grad_norm": 0.14270836114883423, "clipping_fraction": 0.0, "samples_per_second": 7.292441497832593, "GPU_allocated_bytes": 87739904, "GPU_reserved_bytes": 7105150976, "data_wait_seconds": 19.852440299826412, "training_samples_seen": 7960, "scope": "FORMAL_SCIENTIFIC_RUN"}
TRAIN {"utc": "2026-10-01T08:23:58.425408+00:00", "epoch": 8, "global_update": 45100, "LR": 9.55077434882491e-05, "running_L_occ": 0.02765758263568998, "running_L_qr": 0.012918869222480823, "running_L_total": 0.040576451858170805, "pre_clip_grad_norm": 0.0390276238322258, "clipping_fraction": 0.0, "samples_per_second": 7.298373838404322, "GPU_allocated_bytes": 87739904, "GPU_reserved_bytes": 7105150976, "data_wait_seconds": 20.216955799824063, "training_samples_seen": 8160, "scope": "FORMAL_SCIENTIFIC_RUN"}
TRAIN {"utc": "2026-10-01T08:24:25.036663+00:00", "epoch": 8, "global_update": 45200, "LR": 9.548517301277643e-05, "running_L_occ": 0.027717228292468036, "running_L_qr": 0.0129573571822473, "running_L_total": 0.040674585474715336, "pre_clip_grad_norm": 0.1866324543952942, "clipping_fraction": 0.0, "samples_per_second": 7.303420626983502, "GPU_allocated_bytes": 87739904, "GPU_reserved_bytes": 7105150976, "data_wait_seconds": 20.583390499810776, "training_samples_seen": 8360, "scope": "FORMAL_SCIENTIFIC_RUN"}
TRAIN {"utc": "2026-10-01T08:24:51.594279+00:00", "epoch": 8, "global_update": 45300, "LR": 9.546254868780006e-05, "running_L_occ": 0.027717624154740918, "running_L_qr": 0.012951958045068357, "running_L_total": 0.040669582199809276, "pre_clip_grad_norm": 0.19095851480960846, "clipping_fraction": 0.0, "samples_per_second": 7.308579256162741, "GPU_allocated_bytes": 87739904, "GPU_reserved_bytes": 7105150976, "data_wait_seconds": 20.95249879980838, "training_samples_seen": 8560, "scope": "FORMAL_SCIENTIFIC_RUN"}
TRAIN {"utc": "2026-10-01T08:25:18.113290+00:00", "epoch": 8, "global_update": 45400, "LR": 9.543987054040242e-05, "running_L_occ": 0.027699083665277516, "running_L_qr": 0.01296542874547589, "running_L_total": 0.0406645124107534, "pre_clip_grad_norm": 0.04983563348650932, "clipping_fraction": 0.0, "samples_per_second": 7.313740824048943, "GPU_allocated_bytes": 87739904, "GPU_reserved_bytes": 7105150976, "data_wait_seconds": 21.319520399807516, "training_samples_seen": 8760, "scope": "FORMAL_SCIENTIFIC_RUN"}
TRAIN {"utc": "2026-10-01T08:25:44.540037+00:00", "epoch": 8, "global_update": 45500, "LR": 9.54171385977304e-05, "running_L_occ": 0.027736106119386872, "running_L_qr": 0.013010741536815886, "running_L_total": 0.04074684765620276, "pre_clip_grad_norm": 0.41887950897216797, "clipping_fraction": 0.0, "samples_per_second": 7.3192312555112915, "GPU_allocated_bytes": 87739904, "GPU_reserved_bytes": 7105150976, "data_wait_seconds": 21.68764109980475, "training_samples_seen": 8960, "scope": "FORMAL_SCIENTIFIC_RUN"}
TRAIN {"utc": "2026-10-01T08:26:11.108316+00:00", "epoch": 8, "global_update": 45600, "LR": 9.539435288699528e-05, "running_L_occ": 0.027686601602982912, "running_L_qr": 0.0129886519027367, "running_L_total": 0.040675253505719614, "pre_clip_grad_norm": 0.08359172195196152, "clipping_fraction": 0.0, "samples_per_second": 7.3236624132906885, "GPU_allocated_bytes": 87739904, "GPU_reserved_bytes": 7105150976, "data_wait_seconds": 22.056956199790875, "training_samples_seen": 9160, "scope": "FORMAL_SCIENTIFIC_RUN"}
TRAIN {"utc": "2026-10-01T08:26:38.454493+00:00", "epoch": 8, "global_update": 45700, "LR": 9.537151343547268e-05, "running_L_occ": 0.02759766214527881, "running_L_qr": 0.012918957528288949, "running_L_total": 0.04051661967356776, "pre_clip_grad_norm": 0.05788812413811684, "clipping_fraction": 0.0, "samples_per_second": 7.323443707431892, "GPU_allocated_bytes": 87739904, "GPU_reserved_bytes": 7105150976, "data_wait_seconds": 22.42623459978131, "training_samples_seen": 9360, "scope": "FORMAL_SCIENTIFIC_RUN"}
TRAIN {"utc": "2026-10-01T08:27:07.134750+00:00", "epoch": 8, "global_update": 45800, "LR": 9.534862027050257e-05, "running_L_occ": 0.027604066323498964, "running_L_qr": 0.01293900151880657, "running_L_total": 0.04054306784230553, "pre_clip_grad_norm": 0.10302514582872391, "clipping_fraction": 0.0, "samples_per_second": 7.31576574450826, "GPU_allocated_bytes": 87739904, "GPU_reserved_bytes": 7105150976, "data_wait_seconds": 22.794887699797982, "training_samples_seen": 9560, "scope": "FORMAL_SCIENTIFIC_RUN"}
TRAIN {"utc": "2026-10-01T08:27:35.647121+00:00", "epoch": 8, "global_update": 45900, "LR": 9.532567341948923e-05, "running_L_occ": 0.027671743894544222, "running_L_qr": 0.0129723174121359, "running_L_total": 0.04064406130668013, "pre_clip_grad_norm": 0.23187634348869324, "clipping_fraction": 0.0, "samples_per_second": 7.309333809138412, "GPU_allocated_bytes": 87739904, "GPU_reserved_bytes": 7105150976, "data_wait_seconds": 23.164727999792376, "training_samples_seen": 9760, "scope": "FORMAL_SCIENTIFIC_RUN"}
TRAIN {"utc": "2026-10-01T08:28:04.286878+00:00", "epoch": 8, "global_update": 46000, "LR": 9.530267290990116e-05, "running_L_occ": 0.02761293753872323, "running_L_qr": 0.012933922185351538, "running_L_total": 0.04054685972407476, "pre_clip_grad_norm": 0.10768839716911316, "clipping_fraction": 0.0, "samples_per_second": 7.302484414683811, "GPU_allocated_bytes": 87739904, "GPU_reserved_bytes": 7105150976, "data_wait_seconds": 23.535449099777907, "training_samples_seen": 9960, "scope": "FORMAL_SCIENTIFIC_RUN"}
TRAIN {"utc": "2026-10-01T08:28:32.843079+00:00", "epoch": 8, "global_update": 46100, "LR": 9.527961876927114e-05, "running_L_occ": 0.02759073324137582, "running_L_qr": 0.012920640819224725, "running_L_total": 0.04051137406060055, "pre_clip_grad_norm": 0.12289844453334808, "clipping_fraction": 0.0, "samples_per_second": 7.296357165733027, "GPU_allocated_bytes": 87739904, "GPU_reserved_bytes": 7105150976, "data_wait_seconds": 23.905569299779017, "training_samples_seen": 10160, "scope": "FORMAL_SCIENTIFIC_RUN"}
TRAIN {"utc": "2026-10-01T08:29:01.297722+00:00", "epoch": 8, "global_update": 46200, "LR": 9.525651102519614e-05, "running_L_occ": 0.02758413401444227, "running_L_qr": 0.01289818459003653, "running_L_total": 0.0404823186044788, "pre_clip_grad_norm": 0.2739723026752472, "clipping_fraction": 0.0, "samples_per_second": 7.291001200134888, "GPU_allocated_bytes": 87739904, "GPU_reserved_bytes": 7105150976, "data_wait_seconds": 24.272863399790367, "training_samples_seen": 10360, "scope": "FORMAL_SCIENTIFIC_RUN"}
TRAIN {"utc": "2026-10-01T08:29:29.670367+00:00", "epoch": 8, "global_update": 46300, "LR": 9.523334970533727e-05, "running_L_occ": 0.027546486052346438, "running_L_qr": 0.012884369069316564, "running_L_total": 0.040430855121663, "pre_clip_grad_norm": 0.05601930245757103, "clipping_fraction": 0.0, "samples_per_second": 7.28626167440241, "GPU_allocated_bytes": 87739904, "GPU_reserved_bytes": 7105150976, "data_wait_seconds": 24.6419576998087, "training_samples_seen": 10560, "scope": "FORMAL_SCIENTIFIC_RUN"}
TRAIN {"utc": "2026-10-01T08:29:57.871384+00:00", "epoch": 8, "global_update": 46400, "LR": 9.521013483741979e-05, "running_L_occ": 0.027562773900120092, "running_L_qr": 0.012878919956372886, "running_L_total": 0.04044169385649298, "pre_clip_grad_norm": 0.19426052272319794, "clipping_fraction": 0.0, "samples_per_second": 7.28255450288831, "GPU_allocated_bytes": 87739904, "GPU_reserved_bytes": 7105150976, "data_wait_seconds": 25.014192499820638, "training_samples_seen": 10760, "scope": "FORMAL_SCIENTIFIC_RUN"}
TRAIN {"utc": "2026-10-01T08:30:25.485359+00:00", "epoch": 8, "global_update": 46500, "LR": 9.518686644923307e-05, "running_L_occ": 0.027504784783341268, "running_L_qr": 0.012849983636908265, "running_L_total": 0.04035476842024953, "pre_clip_grad_norm": 0.12307620048522949, "clipping_fraction": 0.0, "samples_per_second": 7.28182445069833, "GPU_allocated_bytes": 87739904, "GPU_reserved_bytes": 7105150976, "data_wait_seconds": 25.380278599815938, "training_samples_seen": 10960, "scope": "FORMAL_SCIENTIFIC_RUN"}
TRAIN {"utc": "2026-10-01T08:30:52.765263+00:00", "epoch": 8, "global_update": 46600, "LR": 9.516354456863052e-05, "running_L_occ": 0.027513362598843696, "running_L_qr": 0.012847758596704237, "running_L_total": 0.04036112119554793, "pre_clip_grad_norm": 0.05364023894071579, "clipping_fraction": 0.0, "samples_per_second": 7.282705823626916, "GPU_allocated_bytes": 87739904, "GPU_reserved_bytes": 7105150976, "data_wait_seconds": 25.745082799810916, "training_samples_seen": 11160, "scope": "FORMAL_SCIENTIFIC_RUN"}
TRAIN {"utc": "2026-10-01T08:31:20.107093+00:00", "epoch": 8, "global_update": 46700, "LR": 9.514016922352961e-05, "running_L_occ": 0.027522606241522633, "running_L_qr": 0.012860124442983052, "running_L_total": 0.04038273068450569, "pre_clip_grad_norm": 0.8087430596351624, "clipping_fraction": 0.0, "samples_per_second": 7.283269457423166, "GPU_allocated_bytes": 87739904, "GPU_reserved_bytes": 7105150976, "data_wait_seconds": 26.112896899812768, "training_samples_seen": 11360, "scope": "FORMAL_SCIENTIFIC_RUN"}
TRAIN {"utc": "2026-10-01T08:31:47.407929+00:00", "epoch": 8, "global_update": 46800, "LR": 9.511674044191179e-05, "running_L_occ": 0.027496403046986514, "running_L_qr": 0.012832831294586622, "running_L_total": 0.040329234341573136, "pre_clip_grad_norm": 0.015396392904222012, "clipping_fraction": 0.0, "samples_per_second": 7.283999803854729, "GPU_allocated_bytes": 87739904, "GPU_reserved_bytes": 7105150976, "data_wait_seconds": 26.482160299798124, "training_samples_seen": 11560, "scope": "FORMAL_SCIENTIFIC_RUN"}
TRAIN {"utc": "2026-10-01T08:32:09.393424+00:00", "epoch": 8, "global_update": 46880, "LR": 9.509795896116975e-05, "running_L_occ": 0.027507270422789984, "running_L_qr": 0.012824676224666409, "running_L_total": 0.04033194664745639, "pre_clip_grad_norm": 0.35028645396232605, "clipping_fraction": 0.0, "samples_per_second": 7.283910825786734, "GPU_allocated_bytes": 87739904, "GPU_reserved_bytes": 7105150976, "data_wait_seconds": 26.783283999800915, "training_samples_seen": 11720, "scope": "FORMAL_SCIENTIFIC_RUN"}
VALIDATION {"epoch": 8, "phase": "VALIDATION", "scenes_completed": 8, "scenes_required": 11727, "wall_seconds": 5.750032700001611, "updated_utc": "2026-10-01T08:32:15.717349+00:00"}
VALIDATION {"epoch": 8, "phase": "VALIDATION", "scenes_completed": 808, "scenes_required": 11727, "wall_seconds": 38.91580270000122, "updated_utc": "2026-10-01T08:32:48.876722+00:00"}
VALIDATION {"epoch": 8, "phase": "VALIDATION", "scenes_completed": 1608, "scenes_required": 11727, "wall_seconds": 71.97678090000045, "updated_utc": "2026-10-01T08:33:21.931154+00:00"}
VALIDATION {"epoch": 8, "phase": "VALIDATION", "scenes_completed": 2408, "scenes_required": 11727, "wall_seconds": 105.06351599999834, "updated_utc": "2026-10-01T08:33:55.011766+00:00"}
VALIDATION {"epoch": 8, "phase": "VALIDATION", "scenes_completed": 3208, "scenes_required": 11727, "wall_seconds": 138.16685159999906, "updated_utc": "2026-10-01T08:34:28.107755+00:00"}
VALIDATION {"epoch": 8, "phase": "VALIDATION", "scenes_completed": 4008, "scenes_required": 11727, "wall_seconds": 171.41629779999857, "updated_utc": "2026-10-01T08:35:01.350428+00:00"}
VALIDATION {"epoch": 8, "phase": "VALIDATION", "scenes_completed": 4808, "scenes_required": 11727, "wall_seconds": 204.46493529999861, "updated_utc": "2026-10-01T08:35:34.392542+00:00"}
VALIDATION {"epoch": 8, "phase": "VALIDATION", "scenes_completed": 5608, "scenes_required": 11727, "wall_seconds": 237.5747334000007, "updated_utc": "2026-10-01T08:36:07.496379+00:00"}
VALIDATION {"epoch": 8, "phase": "VALIDATION", "scenes_completed": 6408, "scenes_required": 11727, "wall_seconds": 270.7476354999999, "updated_utc": "2026-10-01T08:36:40.662719+00:00"}
VALIDATION {"epoch": 8, "phase": "VALIDATION", "scenes_completed": 7208, "scenes_required": 11727, "wall_seconds": 303.8700969999991, "updated_utc": "2026-10-01T08:37:13.778664+00:00"}
VALIDATION {"epoch": 8, "phase": "VALIDATION", "scenes_completed": 8008, "scenes_required": 11727, "wall_seconds": 336.8780665000013, "updated_utc": "2026-10-01T08:37:46.779833+00:00"}
VALIDATION {"epoch": 8, "phase": "VALIDATION", "scenes_completed": 8808, "scenes_required": 11727, "wall_seconds": 369.690235099999, "updated_utc": "2026-10-01T08:38:19.584820+00:00"}
VALIDATION {"epoch": 8, "phase": "VALIDATION", "scenes_completed": 9608, "scenes_required": 11727, "wall_seconds": 402.17681230000017, "updated_utc": "2026-10-01T08:38:52.064997+00:00"}
VALIDATION {"epoch": 8, "phase": "VALIDATION", "scenes_completed": 10408, "scenes_required": 11727, "wall_seconds": 434.51796860000104, "updated_utc": "2026-10-01T08:39:24.399818+00:00"}
VALIDATION {"epoch": 8, "phase": "VALIDATION", "scenes_completed": 11208, "scenes_required": 11727, "wall_seconds": 466.86232069999824, "updated_utc": "2026-10-01T08:39:56.737617+00:00"}
VALIDATION {"epoch": 8, "phase": "VALIDATION", "scenes_completed": 11727, "scenes_required": 11727, "wall_seconds": 488.0881613999991, "updated_utc": "2026-10-01T08:40:17.959111+00:00"}
EPOCH_COMPLETED {"epoch": 8, "global_val_core_loss": 0.04805584488017277, "best_epoch": 8, "early_stop_count": 1, "wall_seconds": 2102.4996643999984}
TRAIN {"utc": "2026-10-01T08:40:28.220152+00:00", "epoch": 9, "global_update": 46881, "LR": 9.50977239764172e-05, "running_L_occ": 0.011478092484466455, "running_L_qr": 0.005482175330473623, "running_L_total": 0.01696026781494008, "pre_clip_grad_norm": 0.09616364538669586, "clipping_fraction": 0.0, "samples_per_second": 0.3757310928637082, "GPU_allocated_bytes": 87739904, "GPU_reserved_bytes": 7105150976, "data_wait_seconds": 5.0597798000017065, "training_samples_seen": 2, "scope": "FORMAL_SCIENTIFIC_RUN"}
TRAIN {"utc": "2026-10-01T08:40:33.203530+00:00", "epoch": 9, "global_update": 46900, "LR": 9.509325825182251e-05, "running_L_occ": 0.027873125704267112, "running_L_qr": 0.012775801786524767, "running_L_total": 0.040648927490791874, "pre_clip_grad_norm": 0.17376448214054108, "clipping_fraction": 0.0, "samples_per_second": 3.880744978464439, "GPU_allocated_bytes": 87739904, "GPU_reserved_bytes": 7105150976, "data_wait_seconds": 5.11627110000336, "training_samples_seen": 40, "scope": "FORMAL_SCIENTIFIC_RUN"}
TRAIN {"utc": "2026-10-01T08:41:00.223051+00:00", "epoch": 9, "global_update": 47000, "LR": 9.506972268137108e-05, "running_L_occ": 0.028142394448179984, "running_L_qr": 0.01290122708344455, "running_L_total": 0.04104362153162453, "pre_clip_grad_norm": 0.26748010516166687, "clipping_fraction": 0.0, "samples_per_second": 6.428697964862888, "GPU_allocated_bytes": 87739904, "GPU_reserved_bytes": 7105150976, "data_wait_seconds": 5.456058400013717, "training_samples_seen": 240, "scope": "FORMAL_SCIENTIFIC_RUN"}
TRAIN {"utc": "2026-10-01T08:41:26.945401+00:00", "epoch": 9, "global_update": 47100, "LR": 9.504613375873079e-05, "running_L_occ": 0.027482095960877705, "running_L_qr": 0.012942895271404731, "running_L_total": 0.04042499123228244, "pre_clip_grad_norm": 0.021400485187768936, "clipping_fraction": 0.0, "samples_per_second": 6.868549316052938, "GPU_allocated_bytes": 87739904, "GPU_reserved_bytes": 7105150976, "data_wait_seconds": 5.823664400009875, "training_samples_seen": 440, "scope": "FORMAL_SCIENTIFIC_RUN"}
TRAIN {"utc": "2026-10-01T08:41:53.442634+00:00", "epoch": 9, "global_update": 47200, "LR": 9.502249151213876e-05, "running_L_occ": 0.02785791750430413, "running_L_qr": 0.013061086046753472, "running_L_total": 0.040919003551057605, "pre_clip_grad_norm": 0.14058947563171387, "clipping_fraction": 0.0, "samples_per_second": 7.066934900131181, "GPU_allocated_bytes": 87739904, "GPU_reserved_bytes": 7105150976, "data_wait_seconds": 6.187545200013119, "training_samples_seen": 640, "scope": "FORMAL_SCIENTIFIC_RUN"}
TRAIN {"utc": "2026-10-01T08:42:20.027941+00:00", "epoch": 9, "global_update": 47300, "LR": 9.499879596989593e-05, "running_L_occ": 0.02849057239422777, "running_L_qr": 0.013421881989786584, "running_L_total": 0.04191245438401436, "pre_clip_grad_norm": 0.21938298642635345, "clipping_fraction": 0.0, "samples_per_second": 7.170066019151142, "GPU_allocated_bytes": 87739904, "GPU_reserved_bytes": 7105150976, "data_wait_seconds": 6.553060300015204, "training_samples_seen": 840, "scope": "FORMAL_SCIENTIFIC_RUN"}
TRAIN {"utc": "2026-10-01T08:42:46.632348+00:00", "epoch": 9, "global_update": 47400, "LR": 9.497504716036705e-05, "running_L_occ": 0.027927570676382896, "running_L_qr": 0.013020523979510113, "running_L_total": 0.04094809465589301, "pre_clip_grad_norm": 0.12042968720197678, "clipping_fraction": 0.0, "samples_per_second": 7.234103775494684, "GPU_allocated_bytes": 87739904, "GPU_reserved_bytes": 7105150976, "data_wait_seconds": 6.912691600005928, "training_samples_seen": 1040, "scope": "FORMAL_SCIENTIFIC_RUN"}
TRAIN {"utc": "2026-10-01T08:43:13.207581+00:00", "epoch": 9, "global_update": 47500, "LR": 9.495124511198065e-05, "running_L_occ": 0.0273180783783944, "running_L_qr": 0.012761555767400228, "running_L_total": 0.04007963414579463, "pre_clip_grad_norm": 0.35464775562286377, "clipping_fraction": 0.0, "samples_per_second": 7.279406296647563, "GPU_allocated_bytes": 87739904, "GPU_reserved_bytes": 7105150976, "data_wait_seconds": 7.272884099995281, "training_samples_seen": 1240, "scope": "FORMAL_SCIENTIFIC_RUN"}
TRAIN {"utc": "2026-10-01T08:43:39.773472+00:00", "epoch": 9, "global_update": 47600, "LR": 9.492738985322894e-05, "running_L_occ": 0.027241037345862827, "running_L_qr": 0.012640506688035187, "running_L_total": 0.039881544033898014, "pre_clip_grad_norm": 0.11200178414583206, "clipping_fraction": 0.0, "samples_per_second": 7.312791772678952, "GPU_allocated_bytes": 87739904, "GPU_reserved_bytes": 7105150976, "data_wait_seconds": 7.635739999961515, "training_samples_seen": 1440, "scope": "FORMAL_SCIENTIFIC_RUN"}
TRAIN {"utc": "2026-10-01T08:44:06.241532+00:00", "epoch": 9, "global_update": 47700, "LR": 9.49034814126679e-05, "running_L_occ": 0.02768897144908194, "running_L_qr": 0.012921935654112648, "running_L_total": 0.04061090710319459, "pre_clip_grad_norm": 0.4750105142593384, "clipping_fraction": 0.0, "samples_per_second": 7.34146510118393, "GPU_allocated_bytes": 87739904, "GPU_reserved_bytes": 7105150976, "data_wait_seconds": 8.000907299971004, "training_samples_seen": 1640, "scope": "FORMAL_SCIENTIFIC_RUN"}
TRAIN {"utc": "2026-10-01T08:44:32.861692+00:00", "epoch": 9, "global_update": 47800, "LR": 9.487951981891712e-05, "running_L_occ": 0.027820327058621565, "running_L_qr": 0.0130294534074711, "running_L_total": 0.04084978046609266, "pre_clip_grad_norm": 0.12841355800628662, "clipping_fraction": 0.0, "samples_per_second": 7.359579947558787, "GPU_allocated_bytes": 87739904, "GPU_reserved_bytes": 7105150976, "data_wait_seconds": 8.372962599965831, "training_samples_seen": 1840, "scope": "FORMAL_SCIENTIFIC_RUN"}
TRAIN {"utc": "2026-10-01T08:44:59.599752+00:00", "epoch": 9, "global_update": 47900, "LR": 9.485550510065978e-05, "running_L_occ": 0.02777002363464906, "running_L_qr": 0.012934263381813436, "running_L_total": 0.0407042870164625, "pre_clip_grad_norm": 0.15606018900871277, "clipping_fraction": 0.0, "samples_per_second": 7.371087857448678, "GPU_allocated_bytes": 87739904, "GPU_reserved_bytes": 7105150976, "data_wait_seconds": 8.752277299976413, "training_samples_seen": 2040, "scope": "FORMAL_SCIENTIFIC_RUN"}
TRAIN {"utc": "2026-10-01T08:45:26.230837+00:00", "epoch": 9, "global_update": 48000, "LR": 9.483143728664278e-05, "running_L_occ": 0.027772080009540363, "running_L_qr": 0.012890898126505871, "running_L_total": 0.04066297813604623, "pre_clip_grad_norm": 0.04515863209962845, "clipping_fraction": 0.0, "samples_per_second": 7.383148242717984, "GPU_allocated_bytes": 87739904, "GPU_reserved_bytes": 7105150976, "data_wait_seconds": 9.120312999995804, "training_samples_seen": 2240, "scope": "FORMAL_SCIENTIFIC_RUN"}
TRAIN {"utc": "2026-10-01T08:45:52.880188+00:00", "epoch": 9, "global_update": 48100, "LR": 9.480731640567644e-05, "running_L_occ": 0.027966657877268524, "running_L_qr": 0.012964382107074318, "running_L_total": 0.04093103998434284, "pre_clip_grad_norm": 0.018299812451004982, "clipping_fraction": 0.0, "samples_per_second": 7.392854275269406, "GPU_allocated_bytes": 87739904, "GPU_reserved_bytes": 7105150976, "data_wait_seconds": 9.48848950001775, "training_samples_seen": 2440, "scope": "FORMAL_SCIENTIFIC_RUN"}
TRAIN {"utc": "2026-10-01T08:46:19.411772+00:00", "epoch": 9, "global_update": 48200, "LR": 9.478314248663468e-05, "running_L_occ": 0.027891582246591242, "running_L_qr": 0.012887439947191917, "running_L_total": 0.04077902219378316, "pre_clip_grad_norm": 0.07693342864513397, "clipping_fraction": 0.0, "samples_per_second": 7.403554706804841, "GPU_allocated_bytes": 87739904, "GPU_reserved_bytes": 7105150976, "data_wait_seconds": 9.857661200025177, "training_samples_seen": 2640, "scope": "FORMAL_SCIENTIFIC_RUN"}
TRAIN {"utc": "2026-10-01T08:46:45.971356+00:00", "epoch": 9, "global_update": 48300, "LR": 9.475891555845487e-05, "running_L_occ": 0.027730282746836643, "running_L_qr": 0.012857751062890648, "running_L_total": 0.04058803380972729, "pre_clip_grad_norm": 0.1181904673576355, "clipping_fraction": 0.0, "samples_per_second": 7.412248001677669, "GPU_allocated_bytes": 87739904, "GPU_reserved_bytes": 7105150976, "data_wait_seconds": 10.225401100047748, "training_samples_seen": 2840, "scope": "FORMAL_SCIENTIFIC_RUN"}
TRAIN {"utc": "2026-10-01T08:47:12.532013+00:00", "epoch": 9, "global_update": 48400, "LR": 9.473463565013789e-05, "running_L_occ": 0.027786785245091098, "running_L_qr": 0.012924272121812389, "running_L_total": 0.04071105736690349, "pre_clip_grad_norm": 0.22968539595603943, "clipping_fraction": 0.0, "samples_per_second": 7.4197804010648785, "GPU_allocated_bytes": 87739904, "GPU_reserved_bytes": 7105150976, "data_wait_seconds": 10.595479100051307, "training_samples_seen": 3040, "scope": "FORMAL_SCIENTIFIC_RUN"}
TRAIN {"utc": "2026-10-01T08:47:39.098426+00:00", "epoch": 9, "global_update": 48500, "LR": 9.471030279074798e-05, "running_L_occ": 0.027685292251797722, "running_L_qr": 0.012800294826662855, "running_L_total": 0.040485587078460575, "pre_clip_grad_norm": 0.013483238406479359, "clipping_fraction": 0.0, "samples_per_second": 7.4262940947147795, "GPU_allocated_bytes": 87739904, "GPU_reserved_bytes": 7105150976, "data_wait_seconds": 10.963052700055414, "training_samples_seen": 3240, "scope": "FORMAL_SCIENTIFIC_RUN"}
TRAIN {"utc": "2026-10-01T08:48:05.797517+00:00", "epoch": 9, "global_update": 48600, "LR": 9.468591700941283e-05, "running_L_occ": 0.027721343302264514, "running_L_qr": 0.012797849023055922, "running_L_total": 0.04051919232532044, "pre_clip_grad_norm": 0.24190737307071686, "clipping_fraction": 0.0, "samples_per_second": 7.429934355611999, "GPU_allocated_bytes": 87739904, "GPU_reserved_bytes": 7105150976, "data_wait_seconds": 11.329715400042915, "training_samples_seen": 3440, "scope": "FORMAL_SCIENTIFIC_RUN"}
TRAIN {"utc": "2026-10-01T08:48:32.338195+00:00", "epoch": 9, "global_update": 48700, "LR": 9.466147833532337e-05, "running_L_occ": 0.02759986553897988, "running_L_qr": 0.012744684612397113, "running_L_total": 0.040344550151376994, "pre_clip_grad_norm": 0.41926172375679016, "clipping_fraction": 0.0, "samples_per_second": 7.435586648122055, "GPU_allocated_bytes": 87739904, "GPU_reserved_bytes": 7105150976, "data_wait_seconds": 11.697921300041344, "training_samples_seen": 3640, "scope": "FORMAL_SCIENTIFIC_RUN"}
TRAIN {"utc": "2026-10-01T08:48:58.869745+00:00", "epoch": 9, "global_update": 48800, "LR": 9.463698679773399e-05, "running_L_occ": 0.027557789685920455, "running_L_qr": 0.012664099286293947, "running_L_total": 0.0402218889722144, "pre_clip_grad_norm": 0.07753360271453857, "clipping_fraction": 0.0, "samples_per_second": 7.440773401288607, "GPU_allocated_bytes": 87739904, "GPU_reserved_bytes": 7105150976, "data_wait_seconds": 12.058645100049034, "training_samples_seen": 3840, "scope": "FORMAL_SCIENTIFIC_RUN"}
TRAIN {"utc": "2026-10-01T08:49:25.417360+00:00", "epoch": 9, "global_update": 48900, "LR": 9.461244242596223e-05, "running_L_occ": 0.027635804395114073, "running_L_qr": 0.012757524286417169, "running_L_total": 0.04039332868153124, "pre_clip_grad_norm": 0.18157373368740082, "clipping_fraction": 0.0, "samples_per_second": 7.445257893152487, "GPU_allocated_bytes": 87739904, "GPU_reserved_bytes": 7105150976, "data_wait_seconds": 12.441015700038406, "training_samples_seen": 4040, "scope": "FORMAL_SCIENTIFIC_RUN"}
TRAIN {"utc": "2026-10-01T08:49:52.028021+00:00", "epoch": 9, "global_update": 49000, "LR": 9.458784524938898e-05, "running_L_occ": 0.027639511386894213, "running_L_qr": 0.012805121225595371, "running_L_total": 0.04044463261248958, "pre_clip_grad_norm": 0.10660109668970108, "clipping_fraction": 0.0, "samples_per_second": 7.4484988012596, "GPU_allocated_bytes": 87739904, "GPU_reserved_bytes": 7105150976, "data_wait_seconds": 12.812004700019315, "training_samples_seen": 4240, "scope": "FORMAL_SCIENTIFIC_RUN"}
TRAIN {"utc": "2026-10-01T08:50:18.551951+00:00", "epoch": 9, "global_update": 49100, "LR": 9.456319529745824e-05, "running_L_occ": 0.02750018763316867, "running_L_qr": 0.012712310888615299, "running_L_total": 0.04021249852178397, "pre_clip_grad_norm": 0.15569646656513214, "clipping_fraction": 0.0, "samples_per_second": 7.452545696234826, "GPU_allocated_bytes": 87739904, "GPU_reserved_bytes": 7105150976, "data_wait_seconds": 13.180688800028292, "training_samples_seen": 4440, "scope": "FORMAL_SCIENTIFIC_RUN"}
TRAIN {"utc": "2026-10-01T08:50:45.163327+00:00", "epoch": 9, "global_update": 49200, "LR": 9.453849259967727e-05, "running_L_occ": 0.027527316335855506, "running_L_qr": 0.012750625948569759, "running_L_total": 0.04027794228442527, "pre_clip_grad_norm": 0.07542172819375992, "clipping_fraction": 0.0, "samples_per_second": 7.455198451258739, "GPU_allocated_bytes": 87739904, "GPU_reserved_bytes": 7105150976, "data_wait_seconds": 13.545684300039284, "training_samples_seen": 4640, "scope": "FORMAL_SCIENTIFIC_RUN"}
TRAIN {"utc": "2026-10-01T08:51:11.656211+00:00", "epoch": 9, "global_update": 49300, "LR": 9.451373718561645e-05, "running_L_occ": 0.027451253717598663, "running_L_qr": 0.012730933506496291, "running_L_total": 0.04018218722409496, "pre_clip_grad_norm": 0.13214366137981415, "clipping_fraction": 0.0, "samples_per_second": 7.458992678613243, "GPU_allocated_bytes": 87739904, "GPU_reserved_bytes": 7105150976, "data_wait_seconds": 13.911036400004377, "training_samples_seen": 4840, "scope": "FORMAL_SCIENTIFIC_RUN"}
TRAIN {"utc": "2026-10-01T08:52:31.830797+00:00", "epoch": 9, "global_update": 49400, "LR": 9.448892908490922e-05, "running_L_occ": 0.027437361751515496, "running_L_qr": 0.012721324040617392, "running_L_total": 0.04015868579213289, "pre_clip_grad_norm": 0.05326076224446297, "clipping_fraction": 0.0, "samples_per_second": 6.9129338060509635, "GPU_allocated_bytes": 87739904, "GPU_reserved_bytes": 7105150976, "data_wait_seconds": 67.8464890000032, "training_samples_seen": 5040, "scope": "FORMAL_SCIENTIFIC_RUN"}
TRAIN {"utc": "2026-10-01T08:52:58.416108+00:00", "epoch": 9, "global_update": 49500, "LR": 9.446406832725211e-05, "running_L_occ": 0.02740574434097723, "running_L_qr": 0.012727830123145963, "running_L_total": 0.04013357446412319, "pre_clip_grad_norm": 0.20603305101394653, "clipping_fraction": 0.0, "samples_per_second": 6.934368207151967, "GPU_allocated_bytes": 87739904, "GPU_reserved_bytes": 7105150976, "data_wait_seconds": 68.21679779999249, "training_samples_seen": 5240, "scope": "FORMAL_SCIENTIFIC_RUN"}
TRAIN {"utc": "2026-10-01T08:53:24.887880+00:00", "epoch": 9, "global_update": 49600, "LR": 9.443915494240471e-05, "running_L_occ": 0.027418090949248214, "running_L_qr": 0.012775867745505282, "running_L_total": 0.04019395869475349, "pre_clip_grad_norm": 0.18379803001880646, "clipping_fraction": 0.0, "samples_per_second": 6.955341519069654, "GPU_allocated_bytes": 87739904, "GPU_reserved_bytes": 7105150976, "data_wait_seconds": 68.58330529999876, "training_samples_seen": 5440, "scope": "FORMAL_SCIENTIFIC_RUN"}
TRAIN {"utc": "2026-10-01T08:53:51.519395+00:00", "epoch": 9, "global_update": 49700, "LR": 9.441418896018961e-05, "running_L_occ": 0.02740424763569249, "running_L_qr": 0.012769423973623859, "running_L_total": 0.04017367160931635, "pre_clip_grad_norm": 0.02479209005832672, "clipping_fraction": 0.0, "samples_per_second": 6.973575559456614, "GPU_allocated_bytes": 87739904, "GPU_reserved_bytes": 7105150976, "data_wait_seconds": 68.97122700001637, "training_samples_seen": 5640, "scope": "FORMAL_SCIENTIFIC_RUN"}
TRAIN {"utc": "2026-10-01T08:54:18.053528+00:00", "epoch": 9, "global_update": 49800, "LR": 9.438917041049228e-05, "running_L_occ": 0.027348875039278093, "running_L_qr": 0.012798533697086091, "running_L_total": 0.04014740873636418, "pre_clip_grad_norm": 0.07658282667398453, "clipping_fraction": 0.0, "samples_per_second": 6.991452845580786, "GPU_allocated_bytes": 87739904, "GPU_reserved_bytes": 7105150976, "data_wait_seconds": 69.3387294000313, "training_samples_seen": 5840, "scope": "FORMAL_SCIENTIFIC_RUN"}
TRAIN {"utc": "2026-10-01T08:54:44.555708+00:00", "epoch": 9, "global_update": 49900, "LR": 9.436409932326124e-05, "running_L_occ": 0.02736302106314618, "running_L_qr": 0.012792524987144695, "running_L_total": 0.040155546050290876, "pre_clip_grad_norm": 0.03698445484042168, "clipping_fraction": 0.0, "samples_per_second": 7.008495492157984, "GPU_allocated_bytes": 87739904, "GPU_reserved_bytes": 7105150976, "data_wait_seconds": 69.70715280005606, "training_samples_seen": 6040, "scope": "FORMAL_SCIENTIFIC_RUN"}
TRAIN {"utc": "2026-10-01T08:55:11.228065+00:00", "epoch": 9, "global_update": 50000, "LR": 9.43389757285078e-05, "running_L_occ": 0.02737989570736072, "running_L_qr": 0.01283595044479705, "running_L_total": 0.04021584615215777, "pre_clip_grad_norm": 0.1335553079843521, "clipping_fraction": 0.0, "samples_per_second": 7.023170279958316, "GPU_allocated_bytes": 87739904, "GPU_reserved_bytes": 7105150976, "data_wait_seconds": 70.07932560005065, "training_samples_seen": 6240, "scope": "FORMAL_SCIENTIFIC_RUN"}
TRAIN {"utc": "2026-10-01T08:55:37.728124+00:00", "epoch": 9, "global_update": 50100, "LR": 9.431379965630618e-05, "running_L_occ": 0.027425374159908224, "running_L_qr": 0.01285683442149608, "running_L_total": 0.04028220858140431, "pre_clip_grad_norm": 0.15603826940059662, "clipping_fraction": 0.0, "samples_per_second": 7.038316505547163, "GPU_allocated_bytes": 87739904, "GPU_reserved_bytes": 7105150976, "data_wait_seconds": 70.45289640005285, "training_samples_seen": 6440, "scope": "FORMAL_SCIENTIFIC_RUN"}
TRAIN {"utc": "2026-10-01T08:56:04.212653+00:00", "epoch": 9, "global_update": 50200, "LR": 9.428857113679338e-05, "running_L_occ": 0.027357964994941267, "running_L_qr": 0.012798287436134183, "running_L_total": 0.04015625243107545, "pre_clip_grad_norm": 0.015137596987187862, "clipping_fraction": 0.0, "samples_per_second": 7.052727619756412, "GPU_allocated_bytes": 87739904, "GPU_reserved_bytes": 7105150976, "data_wait_seconds": 70.82099430005837, "training_samples_seen": 6640, "scope": "FORMAL_SCIENTIFIC_RUN"}
TRAIN {"utc": "2026-10-01T08:56:30.677631+00:00", "epoch": 9, "global_update": 50300, "LR": 9.426329020016921e-05, "running_L_occ": 0.027282979732885695, "running_L_qr": 0.012740213384947073, "running_L_total": 0.04002319311783277, "pre_clip_grad_norm": 0.20341747999191284, "clipping_fraction": 0.0, "samples_per_second": 7.066488393311244, "GPU_allocated_bytes": 87739904, "GPU_reserved_bytes": 7105150976, "data_wait_seconds": 71.19482010005231, "training_samples_seen": 6840, "scope": "FORMAL_SCIENTIFIC_RUN"}
TRAIN {"utc": "2026-10-01T08:56:57.251532+00:00", "epoch": 9, "global_update": 50400, "LR": 9.42379568766962e-05, "running_L_occ": 0.027276842402432958, "running_L_qr": 0.012732345143786551, "running_L_total": 0.04000918754621951, "pre_clip_grad_norm": 0.10024050623178482, "clipping_fraction": 0.0, "samples_per_second": 7.0787454445267795, "GPU_allocated_bytes": 87739904, "GPU_reserved_bytes": 7105150976, "data_wait_seconds": 71.56261660007658, "training_samples_seen": 7040, "scope": "FORMAL_SCIENTIFIC_RUN"}
TRAIN {"utc": "2026-10-01T08:57:23.808942+00:00", "epoch": 9, "global_update": 50500, "LR": 9.421257119669965e-05, "running_L_occ": 0.027301513905419916, "running_L_qr": 0.012736110963582063, "running_L_total": 0.040037624869001975, "pre_clip_grad_norm": 0.01099035982042551, "clipping_fraction": 0.0, "samples_per_second": 7.090481851325423, "GPU_allocated_bytes": 87739904, "GPU_reserved_bytes": 7105150976, "data_wait_seconds": 71.93161660006808, "training_samples_seen": 7240, "scope": "FORMAL_SCIENTIFIC_RUN"}
TRAIN {"utc": "2026-10-01T08:57:50.386395+00:00", "epoch": 9, "global_update": 50600, "LR": 9.418713319056745e-05, "running_L_occ": 0.027281442670366828, "running_L_qr": 0.012739672122416737, "running_L_total": 0.040021114792783564, "pre_clip_grad_norm": 0.012520210817456245, "clipping_fraction": 0.0, "samples_per_second": 7.101478562418231, "GPU_allocated_bytes": 87739904, "GPU_reserved_bytes": 7105150976, "data_wait_seconds": 72.29969510005685, "training_samples_seen": 7440, "scope": "FORMAL_SCIENTIFIC_RUN"}
TRAIN {"utc": "2026-10-01T08:58:16.928898+00:00", "epoch": 9, "global_update": 50700, "LR": 9.416164288875016e-05, "running_L_occ": 0.027268736012895766, "running_L_qr": 0.01272618280215973, "running_L_total": 0.0399949188150555, "pre_clip_grad_norm": 0.11515136063098907, "clipping_fraction": 0.0, "samples_per_second": 7.112167457388085, "GPU_allocated_bytes": 87739904, "GPU_reserved_bytes": 7105150976, "data_wait_seconds": 72.66783680005756, "training_samples_seen": 7640, "scope": "FORMAL_SCIENTIFIC_RUN"}
TRAIN {"utc": "2026-10-01T08:58:43.521404+00:00", "epoch": 9, "global_update": 50800, "LR": 9.413610032176098e-05, "running_L_occ": 0.027299691843263772, "running_L_qr": 0.01273402322832531, "running_L_total": 0.040033715071589086, "pre_clip_grad_norm": 0.2753918766975403, "clipping_fraction": 0.0, "samples_per_second": 7.122017686309462, "GPU_allocated_bytes": 87739904, "GPU_reserved_bytes": 7105150976, "data_wait_seconds": 73.03928590006763, "training_samples_seen": 7840, "scope": "FORMAL_SCIENTIFIC_RUN"}
TRAIN {"utc": "2026-10-01T08:59:10.181928+00:00", "epoch": 9, "global_update": 50900, "LR": 9.411050552017562e-05, "running_L_occ": 0.027276608759936354, "running_L_qr": 0.012744598114801014, "running_L_total": 0.04002120687473736, "pre_clip_grad_norm": 0.06668355315923691, "clipping_fraction": 0.0, "samples_per_second": 7.13097441740869, "GPU_allocated_bytes": 87739904, "GPU_reserved_bytes": 7105150976, "data_wait_seconds": 73.41374290007298, "training_samples_seen": 8040, "scope": "FORMAL_SCIENTIFIC_RUN"}
TRAIN {"utc": "2026-10-01T08:59:36.863465+00:00", "epoch": 9, "global_update": 51000, "LR": 9.408485851463237e-05, "running_L_occ": 0.02720571532059086, "running_L_qr": 0.012706110423914285, "running_L_total": 0.03991182574450514, "pre_clip_grad_norm": 0.26638492941856384, "clipping_fraction": 0.0, "samples_per_second": 7.139386413329627, "GPU_allocated_bytes": 87739904, "GPU_reserved_bytes": 7105150976, "data_wait_seconds": 73.78540500007512, "training_samples_seen": 8240, "scope": "FORMAL_SCIENTIFIC_RUN"}
TRAIN {"utc": "2026-10-01T09:00:03.518742+00:00", "epoch": 9, "global_update": 51100, "LR": 9.405915933583191e-05, "running_L_occ": 0.02722652320886163, "running_L_qr": 0.012728840560622205, "running_L_total": 0.03995536376948383, "pre_clip_grad_norm": 0.3321973979473114, "clipping_fraction": 0.0, "samples_per_second": 7.147572495516083, "GPU_allocated_bytes": 87739904, "GPU_reserved_bytes": 7105150976, "data_wait_seconds": 74.15931750008167, "training_samples_seen": 8440, "scope": "FORMAL_SCIENTIFIC_RUN"}
TRAIN {"utc": "2026-10-01T09:00:30.146433+00:00", "epoch": 9, "global_update": 51200, "LR": 9.403340801453752e-05, "running_L_occ": 0.027216684530637174, "running_L_qr": 0.012732558265214033, "running_L_total": 0.03994924279585121, "pre_clip_grad_norm": 0.10409445315599442, "clipping_fraction": 0.0, "samples_per_second": 7.155564421384532, "GPU_allocated_bytes": 87739904, "GPU_reserved_bytes": 7105150976, "data_wait_seconds": 74.53169120007806, "training_samples_seen": 8640, "scope": "FORMAL_SCIENTIFIC_RUN"}
TRAIN {"utc": "2026-10-01T09:00:56.764881+00:00", "epoch": 9, "global_update": 51300, "LR": 9.400760458157478e-05, "running_L_occ": 0.027103485492630083, "running_L_qr": 0.012670503359787913, "running_L_total": 0.039773988852417994, "pre_clip_grad_norm": 0.08119522035121918, "clipping_fraction": 0.0, "samples_per_second": 7.16326416479433, "GPU_allocated_bytes": 87739904, "GPU_reserved_bytes": 7105150976, "data_wait_seconds": 74.90117050006302, "training_samples_seen": 8840, "scope": "FORMAL_SCIENTIFIC_RUN"}
TRAIN {"utc": "2026-10-01T09:02:15.283470+00:00", "epoch": 9, "global_update": 51400, "LR": 9.398174906783171e-05, "running_L_occ": 0.0270411709411286, "running_L_qr": 0.012660877316647369, "running_L_total": 0.039702048257775964, "pre_clip_grad_norm": 0.06307929009199142, "clipping_fraction": 0.0, "samples_per_second": 6.887075298725331, "GPU_allocated_bytes": 87739904, "GPU_reserved_bytes": 7105150976, "data_wait_seconds": 127.19646000005741, "training_samples_seen": 9040, "scope": "FORMAL_SCIENTIFIC_RUN"}
TRAIN {"utc": "2026-10-01T09:02:41.889254+00:00", "epoch": 9, "global_update": 51500, "LR": 9.395584150425863e-05, "running_L_occ": 0.02703685052131208, "running_L_qr": 0.012650478648245986, "running_L_total": 0.03968732916955807, "pre_clip_grad_norm": 0.08915530890226364, "clipping_fraction": 0.0, "samples_per_second": 6.899570479336451, "GPU_allocated_bytes": 87739904, "GPU_reserved_bytes": 7105150976, "data_wait_seconds": 127.56790370003728, "training_samples_seen": 9240, "scope": "FORMAL_SCIENTIFIC_RUN"}
TRAIN {"utc": "2026-10-01T09:03:08.331736+00:00", "epoch": 9, "global_update": 51600, "LR": 9.392988192186819e-05, "running_L_occ": 0.027051844215556325, "running_L_qr": 0.012653089553367396, "running_L_total": 0.03970493376892372, "pre_clip_grad_norm": 0.03495826944708824, "clipping_fraction": 0.0, "samples_per_second": 6.912409282394553, "GPU_allocated_bytes": 87739904, "GPU_reserved_bytes": 7105150976, "data_wait_seconds": 127.93874950002646, "training_samples_seen": 9440, "scope": "FORMAL_SCIENTIFIC_RUN"}
TRAIN {"utc": "2026-10-01T09:03:34.906117+00:00", "epoch": 9, "global_update": 51700, "LR": 9.390387035173534e-05, "running_L_occ": 0.027083950389241836, "running_L_qr": 0.012653847667138823, "running_L_total": 0.039737798056380655, "pre_clip_grad_norm": 0.15116055309772491, "clipping_fraction": 0.0, "samples_per_second": 6.924103842929211, "GPU_allocated_bytes": 87739904, "GPU_reserved_bytes": 7105150976, "data_wait_seconds": 128.30817050002952, "training_samples_seen": 9640, "scope": "FORMAL_SCIENTIFIC_RUN"}
TRAIN {"utc": "2026-10-01T09:04:01.469054+00:00", "epoch": 9, "global_update": 51800, "LR": 9.38778068249972e-05, "running_L_occ": 0.02711491873526246, "running_L_qr": 0.012650261959758668, "running_L_total": 0.03976518069502113, "pre_clip_grad_norm": 0.10560280829668045, "clipping_fraction": 0.0, "samples_per_second": 6.935417232132679, "GPU_allocated_bytes": 87739904, "GPU_reserved_bytes": 7105150976, "data_wait_seconds": 128.67803940003796, "training_samples_seen": 9840, "scope": "FORMAL_SCIENTIFIC_RUN"}
TRAIN {"utc": "2026-10-01T09:04:27.921244+00:00", "epoch": 9, "global_update": 51900, "LR": 9.385169137285315e-05, "running_L_occ": 0.027101869794327396, "running_L_qr": 0.012663053901482813, "running_L_total": 0.03976492369581021, "pre_clip_grad_norm": 0.24927368760108948, "clipping_fraction": 0.0, "samples_per_second": 6.946844493784541, "GPU_allocated_bytes": 87739904, "GPU_reserved_bytes": 7105150976, "data_wait_seconds": 129.04834090002987, "training_samples_seen": 10040, "scope": "FORMAL_SCIENTIFIC_RUN"}
TRAIN {"utc": "2026-10-01T09:04:54.509174+00:00", "epoch": 9, "global_update": 52000, "LR": 9.382552402656466e-05, "running_L_occ": 0.027101501418997215, "running_L_qr": 0.012654313328147383, "running_L_total": 0.0397558147471446, "pre_clip_grad_norm": 0.14123201370239258, "clipping_fraction": 0.0, "samples_per_second": 6.957221047607025, "GPU_allocated_bytes": 87739904, "GPU_reserved_bytes": 7105150976, "data_wait_seconds": 129.41083219999928, "training_samples_seen": 10240, "scope": "FORMAL_SCIENTIFIC_RUN"}
TRAIN {"utc": "2026-10-01T09:05:21.117365+00:00", "epoch": 9, "global_update": 52100, "LR": 9.379930481745536e-05, "running_L_occ": 0.027099626873837858, "running_L_qr": 0.012649140953538186, "running_L_total": 0.03974876782737604, "pre_clip_grad_norm": 0.1729571670293808, "clipping_fraction": 0.0, "samples_per_second": 6.967131030930529, "GPU_allocated_bytes": 87739904, "GPU_reserved_bytes": 7105150976, "data_wait_seconds": 129.7814972000051, "training_samples_seen": 10440, "scope": "FORMAL_SCIENTIFIC_RUN"}
TRAIN {"utc": "2026-10-01T09:05:47.629781+00:00", "epoch": 9, "global_update": 52200, "LR": 9.377303377691097e-05, "running_L_occ": 0.027090136793352124, "running_L_qr": 0.012648504226660206, "running_L_total": 0.03973864102001233, "pre_clip_grad_norm": 0.14920836687088013, "clipping_fraction": 0.0, "samples_per_second": 6.977139514382578, "GPU_allocated_bytes": 87739904, "GPU_reserved_bytes": 7105150976, "data_wait_seconds": 130.15003059997252, "training_samples_seen": 10640, "scope": "FORMAL_SCIENTIFIC_RUN"}
TRAIN {"utc": "2026-10-01T09:06:14.237433+00:00", "epoch": 9, "global_update": 52300, "LR": 9.374671093637923e-05, "running_L_occ": 0.02710776649121787, "running_L_qr": 0.012657520372258351, "running_L_total": 0.039765286863476225, "pre_clip_grad_norm": 0.07704322040081024, "clipping_fraction": 0.0, "samples_per_second": 6.986373769767755, "GPU_allocated_bytes": 87739904, "GPU_reserved_bytes": 7105150976, "data_wait_seconds": 130.52356149996922, "training_samples_seen": 10840, "scope": "FORMAL_SCIENTIFIC_RUN"}
TRAIN {"utc": "2026-10-01T09:06:40.809783+00:00", "epoch": 9, "global_update": 52400, "LR": 9.37203363273699e-05, "running_L_occ": 0.02711089810787745, "running_L_qr": 0.012660088525875805, "running_L_total": 0.03977098663375325, "pre_clip_grad_norm": 0.45592743158340454, "clipping_fraction": 0.0, "samples_per_second": 6.995456581481488, "GPU_allocated_bytes": 87739904, "GPU_reserved_bytes": 7105150976, "data_wait_seconds": 130.89922949997344, "training_samples_seen": 11040, "scope": "FORMAL_SCIENTIFIC_RUN"}
TRAIN {"utc": "2026-10-01T09:07:07.381530+00:00", "epoch": 9, "global_update": 52500, "LR": 9.369390998145472e-05, "running_L_occ": 0.027148308232114178, "running_L_qr": 0.01270474183062626, "running_L_total": 0.03985305006274044, "pre_clip_grad_norm": 0.21510078012943268, "clipping_fraction": 0.0, "samples_per_second": 7.004240940142875, "GPU_allocated_bytes": 87739904, "GPU_reserved_bytes": 7105150976, "data_wait_seconds": 131.26903559995844, "training_samples_seen": 11240, "scope": "FORMAL_SCIENTIFIC_RUN"}
TRAIN {"utc": "2026-10-01T09:07:33.819653+00:00", "epoch": 9, "global_update": 52600, "LR": 9.366743193026732e-05, "running_L_occ": 0.02715150589062887, "running_L_qr": 0.012688366168741866, "running_L_total": 0.039839872059370736, "pre_clip_grad_norm": 0.11114804446697235, "clipping_fraction": 0.0, "samples_per_second": 7.01331672173848, "GPU_allocated_bytes": 87739904, "GPU_reserved_bytes": 7105150976, "data_wait_seconds": 131.6350174999643, "training_samples_seen": 11440, "scope": "FORMAL_SCIENTIFIC_RUN"}
TRAIN {"utc": "2026-10-01T09:08:00.440242+00:00", "epoch": 9, "global_update": 52700, "LR": 9.364090220550328e-05, "running_L_occ": 0.027137293647738665, "running_L_qr": 0.01269182434415166, "running_L_total": 0.039829117991890324, "pre_clip_grad_norm": 0.17560164630413055, "clipping_fraction": 0.0, "samples_per_second": 7.0213281968085415, "GPU_allocated_bytes": 87739904, "GPU_reserved_bytes": 7105150976, "data_wait_seconds": 132.00410109996665, "training_samples_seen": 11640, "scope": "FORMAL_SCIENTIFIC_RUN"}
TRAIN {"utc": "2026-10-01T09:08:11.083827+00:00", "epoch": 9, "global_update": 52740, "LR": 9.363027585410778e-05, "running_L_occ": 0.027155530065446406, "running_L_qr": 0.012716383192491083, "running_L_total": 0.03987191325793749, "pre_clip_grad_norm": 0.35074734687805176, "clipping_fraction": 0.0, "samples_per_second": 7.024479918016615, "GPU_allocated_bytes": 87739904, "GPU_reserved_bytes": 7105150976, "data_wait_seconds": 132.1489505999525, "training_samples_seen": 11720, "scope": "FORMAL_SCIENTIFIC_RUN"}
VALIDATION {"epoch": 9, "phase": "VALIDATION", "scenes_completed": 8, "scenes_required": 11727, "wall_seconds": 5.719746299997496, "updated_utc": "2026-10-01T09:08:17.360226+00:00"}
VALIDATION {"epoch": 9, "phase": "VALIDATION", "scenes_completed": 808, "scenes_required": 11727, "wall_seconds": 37.687057499999355, "updated_utc": "2026-10-01T09:08:49.323407+00:00"}
VALIDATION {"epoch": 9, "phase": "VALIDATION", "scenes_completed": 1608, "scenes_required": 11727, "wall_seconds": 69.6173032000006, "updated_utc": "2026-10-01T09:09:21.251090+00:00"}
VALIDATION {"epoch": 9, "phase": "VALIDATION", "scenes_completed": 2408, "scenes_required": 11727, "wall_seconds": 101.56447610000032, "updated_utc": "2026-10-01T09:09:53.194794+00:00"}
VALIDATION {"epoch": 9, "phase": "VALIDATION", "scenes_completed": 3208, "scenes_required": 11727, "wall_seconds": 133.51804980000088, "updated_utc": "2026-10-01T09:10:25.144800+00:00"}
VALIDATION {"epoch": 9, "phase": "VALIDATION", "scenes_completed": 4008, "scenes_required": 11727, "wall_seconds": 165.49740879999808, "updated_utc": "2026-10-01T09:10:57.120844+00:00"}
VALIDATION {"epoch": 9, "phase": "VALIDATION", "scenes_completed": 4808, "scenes_required": 11727, "wall_seconds": 198.91599049999786, "updated_utc": "2026-10-01T09:11:30.535887+00:00"}
VALIDATION {"epoch": 9, "phase": "VALIDATION", "scenes_completed": 5608, "scenes_required": 11727, "wall_seconds": 232.31772289999935, "updated_utc": "2026-10-01T09:12:03.934368+00:00"}
VALIDATION {"epoch": 9, "phase": "VALIDATION", "scenes_completed": 6408, "scenes_required": 11727, "wall_seconds": 265.61597809999876, "updated_utc": "2026-10-01T09:12:37.229615+00:00"}
VALIDATION {"epoch": 9, "phase": "VALIDATION", "scenes_completed": 7208, "scenes_required": 11727, "wall_seconds": 298.7343510999999, "updated_utc": "2026-10-01T09:13:10.344535+00:00"}
VALIDATION {"epoch": 9, "phase": "VALIDATION", "scenes_completed": 8008, "scenes_required": 11727, "wall_seconds": 331.9408908999976, "updated_utc": "2026-10-01T09:13:43.547507+00:00"}
VALIDATION {"epoch": 9, "phase": "VALIDATION", "scenes_completed": 8808, "scenes_required": 11727, "wall_seconds": 365.21572749999905, "updated_utc": "2026-10-01T09:14:16.818886+00:00"}
VALIDATION {"epoch": 9, "phase": "VALIDATION", "scenes_completed": 9608, "scenes_required": 11727, "wall_seconds": 398.4919047000003, "updated_utc": "2026-10-01T09:14:50.092157+00:00"}
VALIDATION {"epoch": 9, "phase": "VALIDATION", "scenes_completed": 10408, "scenes_required": 11727, "wall_seconds": 431.9147272000009, "updated_utc": "2026-10-01T09:15:23.511462+00:00"}
VALIDATION {"epoch": 9, "phase": "VALIDATION", "scenes_completed": 11208, "scenes_required": 11727, "wall_seconds": 465.30187920000026, "updated_utc": "2026-10-01T09:15:56.894739+00:00"}
VALIDATION {"epoch": 9, "phase": "VALIDATION", "scenes_completed": 11727, "scenes_required": 11727, "wall_seconds": 486.90778809999756, "updated_utc": "2026-10-01T09:16:18.498787+00:00"}
EPOCH_COMPLETED {"epoch": 9, "global_val_core_loss": 0.04757666937029093, "best_epoch": 9, "early_stop_count": 0, "wall_seconds": 2160.6295920999983}
TRAIN {"utc": "2026-10-01T09:16:28.792578+00:00", "epoch": 10, "global_update": 52741, "LR": 9.363001008947474e-05, "running_L_occ": 0.03159589099751991, "running_L_qr": 0.034916661792895404, "running_L_total": 0.06651255279041532, "pre_clip_grad_norm": 0.2691444158554077, "clipping_fraction": 0.0, "samples_per_second": 0.36907821387406375, "GPU_allocated_bytes": 87739904, "GPU_reserved_bytes": 7105150976, "data_wait_seconds": 5.15018919999784, "training_samples_seen": 2, "scope": "FORMAL_SCIENTIFIC_RUN"}
TRAIN {"utc": "2026-10-01T09:16:44.906420+00:00", "epoch": 10, "global_update": 52800, "LR": 9.361432083892e-05, "running_L_occ": 0.021680576417920587, "running_L_qr": 0.009796190238520627, "running_L_total": 0.03147676665644121, "pre_clip_grad_norm": 0.020111510530114174, "clipping_fraction": 0.0, "samples_per_second": 5.572420460280619, "GPU_allocated_bytes": 87739904, "GPU_reserved_bytes": 7105150976, "data_wait_seconds": 5.323757900016062, "training_samples_seen": 120, "scope": "FORMAL_SCIENTIFIC_RUN"}
TRAIN {"utc": "2026-10-01T09:17:12.582208+00:00", "epoch": 10, "global_update": 52900, "LR": 9.358768786233668e-05, "running_L_occ": 0.025059491236384807, "running_L_qr": 0.011356919354962212, "running_L_total": 0.03641641059134702, "pre_clip_grad_norm": 0.13068155944347382, "clipping_fraction": 0.0, "samples_per_second": 6.502283718880243, "GPU_allocated_bytes": 87739904, "GPU_reserved_bytes": 7105150976, "data_wait_seconds": 5.6731176000175765, "training_samples_seen": 320, "scope": "FORMAL_SCIENTIFIC_RUN"}
TRAIN {"utc": "2026-10-01T09:17:40.236782+00:00", "epoch": 10, "global_update": 53000, "LR": 9.356100330763437e-05, "running_L_occ": 0.025751269460614838, "running_L_qr": 0.011810591903387046, "running_L_total": 0.03756186136400188, "pre_clip_grad_norm": 0.09066201746463776, "clipping_fraction": 0.0, "samples_per_second": 6.764650354827835, "GPU_allocated_bytes": 87739904, "GPU_reserved_bytes": 7105150976, "data_wait_seconds": 6.0452656999950705, "training_samples_seen": 520, "scope": "FORMAL_SCIENTIFIC_RUN"}
TRAIN {"utc": "2026-10-01T09:18:07.821720+00:00", "epoch": 10, "global_update": 53100, "LR": 9.353426720675579e-05, "running_L_occ": 0.026036545154509094, "running_L_qr": 0.012071838129512517, "running_L_total": 0.038108383284021614, "pre_clip_grad_norm": 0.06383317708969116, "clipping_fraction": 0.0, "samples_per_second": 6.892674508898393, "GPU_allocated_bytes": 87739904, "GPU_reserved_bytes": 7105150976, "data_wait_seconds": 6.409549399999378, "training_samples_seen": 720, "scope": "FORMAL_SCIENTIFIC_RUN"}
TRAIN {"utc": "2026-10-01T09:18:35.342213+00:00", "epoch": 10, "global_update": 53200, "LR": 9.350747959170539e-05, "running_L_occ": 0.02625563181069656, "running_L_qr": 0.012150264842191907, "running_L_total": 0.03840589665288847, "pre_clip_grad_norm": 0.1508561223745346, "clipping_fraction": 0.0, "samples_per_second": 6.970676217685284, "GPU_allocated_bytes": 87739904, "GPU_reserved_bytes": 7105150976, "data_wait_seconds": 6.775295300012658, "training_samples_seen": 920, "scope": "FORMAL_SCIENTIFIC_RUN"}
TRAIN {"utc": "2026-10-01T09:19:02.948428+00:00", "epoch": 10, "global_update": 53300, "LR": 9.34806404945493e-05, "running_L_occ": 0.026361769336905316, "running_L_qr": 0.012143968473649566, "running_L_total": 0.03850573781055488, "pre_clip_grad_norm": 0.020445063710212708, "clipping_fraction": 0.0, "samples_per_second": 7.01794152101594, "GPU_allocated_bytes": 87739904, "GPU_reserved_bytes": 7105150976, "data_wait_seconds": 7.140610200040101, "training_samples_seen": 1120, "scope": "FORMAL_SCIENTIFIC_RUN"}
TRAIN {"utc": "2026-10-01T09:19:30.582951+00:00", "epoch": 10, "global_update": 53400, "LR": 9.345374994741526e-05, "running_L_occ": 0.02643066613815983, "running_L_qr": 0.012218950614023531, "running_L_total": 0.03864961675218336, "pre_clip_grad_norm": 0.20794330537319183, "clipping_fraction": 0.0, "samples_per_second": 7.050218978439482, "GPU_allocated_bytes": 87739904, "GPU_reserved_bytes": 7105150976, "data_wait_seconds": 7.521913900043728, "training_samples_seen": 1320, "scope": "FORMAL_SCIENTIFIC_RUN"}
TRAIN {"utc": "2026-10-01T09:19:58.228484+00:00", "epoch": 10, "global_update": 53500, "LR": 9.342680798249261e-05, "running_L_occ": 0.02603133556452504, "running_L_qr": 0.012031851729864223, "running_L_total": 0.03806318729438927, "pre_clip_grad_norm": 0.18056270480155945, "clipping_fraction": 0.0, "samples_per_second": 7.073834574305504, "GPU_allocated_bytes": 87739904, "GPU_reserved_bytes": 7105150976, "data_wait_seconds": 7.885752000049251, "training_samples_seen": 1520, "scope": "FORMAL_SCIENTIFIC_RUN"}
TRAIN {"utc": "2026-10-01T09:20:25.684551+00:00", "epoch": 10, "global_update": 53600, "LR": 9.339981463203219e-05, "running_L_occ": 0.026233364913062985, "running_L_qr": 0.012191170875402998, "running_L_total": 0.03842453578846598, "pre_clip_grad_norm": 0.0641678050160408, "clipping_fraction": 0.0, "samples_per_second": 7.097607604164222, "GPU_allocated_bytes": 87739904, "GPU_reserved_bytes": 7105150976, "data_wait_seconds": 8.25656650003657, "training_samples_seen": 1720, "scope": "FORMAL_SCIENTIFIC_RUN"}
TRAIN {"utc": "2026-10-01T09:20:53.412619+00:00", "epoch": 10, "global_update": 53700, "LR": 9.337276992834643e-05, "running_L_occ": 0.026390556149220885, "running_L_qr": 0.012274603151031493, "running_L_total": 0.038665159300252376, "pre_clip_grad_norm": 0.16684098541736603, "clipping_fraction": 0.0, "samples_per_second": 7.109373890838172, "GPU_allocated_bytes": 87739904, "GPU_reserved_bytes": 7105150976, "data_wait_seconds": 8.626017900063744, "training_samples_seen": 1920, "scope": "FORMAL_SCIENTIFIC_RUN"}
TRAIN {"utc": "2026-10-01T09:21:21.007167+00:00", "epoch": 10, "global_update": 53800, "LR": 9.334567390380919e-05, "running_L_occ": 0.02622040791129953, "running_L_qr": 0.012246507437310608, "running_L_total": 0.03846691534861014, "pre_clip_grad_norm": 0.47689494490623474, "clipping_fraction": 0.0, "samples_per_second": 7.12212335795626, "GPU_allocated_bytes": 87739904, "GPU_reserved_bytes": 7105150976, "data_wait_seconds": 8.998261400090996, "training_samples_seen": 2120, "scope": "FORMAL_SCIENTIFIC_RUN"}
TRAIN {"utc": "2026-10-01T09:21:48.615308+00:00", "epoch": 10, "global_update": 53900, "LR": 9.331852659085575e-05, "running_L_occ": 0.026127893009842123, "running_L_qr": 0.012189356832927009, "running_L_total": 0.03831724984276914, "pre_clip_grad_norm": 0.22261428833007812, "clipping_fraction": 0.0, "samples_per_second": 7.132428199890553, "GPU_allocated_bytes": 87739904, "GPU_reserved_bytes": 7105150976, "data_wait_seconds": 9.376394400118443, "training_samples_seen": 2320, "scope": "FORMAL_SCIENTIFIC_RUN"}
TRAIN {"utc": "2026-10-01T09:22:16.285436+00:00", "epoch": 10, "global_update": 54000, "LR": 9.329132802198282e-05, "running_L_occ": 0.02624801243806891, "running_L_qr": 0.012334778081503602, "running_L_total": 0.03858279051957251, "pre_clip_grad_norm": 0.23551107943058014, "clipping_fraction": 0.0, "samples_per_second": 7.1398781824924065, "GPU_allocated_bytes": 87739904, "GPU_reserved_bytes": 7105150976, "data_wait_seconds": 9.747095300121146, "training_samples_seen": 2520, "scope": "FORMAL_SCIENTIFIC_RUN"}
TRAIN {"utc": "2026-10-01T09:22:43.936718+00:00", "epoch": 10, "global_update": 54100, "LR": 9.326407822974845e-05, "running_L_occ": 0.0263904552703879, "running_L_qr": 0.012475355342572951, "running_L_total": 0.038865810612960856, "pre_clip_grad_norm": 0.16357530653476715, "clipping_fraction": 0.0, "samples_per_second": 7.146577608370693, "GPU_allocated_bytes": 87739904, "GPU_reserved_bytes": 7105150976, "data_wait_seconds": 10.118302000133554, "training_samples_seen": 2720, "scope": "FORMAL_SCIENTIFIC_RUN"}
TRAIN {"utc": "2026-10-01T09:23:12.360595+00:00", "epoch": 10, "global_update": 54200, "LR": 9.323677724677199e-05, "running_L_occ": 0.0263948264030066, "running_L_qr": 0.01249553820959077, "running_L_total": 0.03889036461259737, "pre_clip_grad_norm": 0.17657159268856049, "clipping_fraction": 0.0, "samples_per_second": 7.138863324281118, "GPU_allocated_bytes": 87739904, "GPU_reserved_bytes": 7105150976, "data_wait_seconds": 10.493718400135549, "training_samples_seen": 2920, "scope": "FORMAL_SCIENTIFIC_RUN"}
TRAIN {"utc": "2026-10-01T09:23:41.067271+00:00", "epoch": 10, "global_update": 54300, "LR": 9.320942510573408e-05, "running_L_occ": 0.026368234443948518, "running_L_qr": 0.01250192730376557, "running_L_total": 0.038870161747714085, "pre_clip_grad_norm": 0.2516087591648102, "clipping_fraction": 0.0, "samples_per_second": 7.1275584424142915, "GPU_allocated_bytes": 87739904, "GPU_reserved_bytes": 7105150976, "data_wait_seconds": 10.860921300118207, "training_samples_seen": 3120, "scope": "FORMAL_SCIENTIFIC_RUN"}
TRAIN {"utc": "2026-10-01T09:24:09.510815+00:00", "epoch": 10, "global_update": 54400, "LR": 9.318202183937662e-05, "running_L_occ": 0.026365317167074444, "running_L_qr": 0.012481264670302215, "running_L_total": 0.03884658183737666, "pre_clip_grad_norm": 0.24699704349040985, "clipping_fraction": 0.0, "samples_per_second": 7.121665160325102, "GPU_allocated_bytes": 87739904, "GPU_reserved_bytes": 7105150976, "data_wait_seconds": 11.230317600129638, "training_samples_seen": 3320, "scope": "FORMAL_SCIENTIFIC_RUN"}
TRAIN {"utc": "2026-10-01T09:24:38.107411+00:00", "epoch": 10, "global_update": 54500, "LR": 9.315456748050269e-05, "running_L_occ": 0.026480993619208245, "running_L_qr": 0.012529628328101125, "running_L_total": 0.03901062194730937, "pre_clip_grad_norm": 0.065256267786026, "clipping_fraction": 0.0, "samples_per_second": 7.114245984201571, "GPU_allocated_bytes": 87739904, "GPU_reserved_bytes": 7105150976, "data_wait_seconds": 11.600952500135463, "training_samples_seen": 3520, "scope": "FORMAL_SCIENTIFIC_RUN"}
TRAIN {"utc": "2026-10-01T09:25:06.755000+00:00", "epoch": 10, "global_update": 54600, "LR": 9.312706206197651e-05, "running_L_occ": 0.026402408419072765, "running_L_qr": 0.012498287869350389, "running_L_total": 0.03890069628842315, "pre_clip_grad_norm": 0.08624915033578873, "clipping_fraction": 0.0, "samples_per_second": 7.106949754112829, "GPU_allocated_bytes": 87739904, "GPU_reserved_bytes": 7105150976, "data_wait_seconds": 11.968225600121514, "training_samples_seen": 3720, "scope": "FORMAL_SCIENTIFIC_RUN"}
TRAIN {"utc": "2026-10-01T09:25:35.448715+00:00", "epoch": 10, "global_update": 54700, "LR": 9.309950561672347e-05, "running_L_occ": 0.026325836909691428, "running_L_qr": 0.012445699811193136, "running_L_total": 0.03877153672088456, "pre_clip_grad_norm": 0.1418517380952835, "clipping_fraction": 0.0, "samples_per_second": 7.099813574779556, "GPU_allocated_bytes": 87739904, "GPU_reserved_bytes": 7105150976, "data_wait_seconds": 12.328482400131179, "training_samples_seen": 3920, "scope": "FORMAL_SCIENTIFIC_RUN"}
TRAIN {"utc": "2026-10-01T09:26:04.326221+00:00", "epoch": 10, "global_update": 54800, "LR": 9.307189817772999e-05, "running_L_occ": 0.026373848094571026, "running_L_qr": 0.012477736035761617, "running_L_total": 0.03885158413033264, "pre_clip_grad_norm": 0.24104855954647064, "clipping_fraction": 0.0, "samples_per_second": 7.0911399543925135, "GPU_allocated_bytes": 87739904, "GPU_reserved_bytes": 7105150976, "data_wait_seconds": 12.724826300138375, "training_samples_seen": 4120, "scope": "FORMAL_SCIENTIFIC_RUN"}
TRAIN {"utc": "2026-10-01T09:26:33.569696+00:00", "epoch": 10, "global_update": 54900, "LR": 9.304423977804358e-05, "running_L_occ": 0.02633770108387863, "running_L_qr": 0.012452605247131394, "running_L_total": 0.03879030633101003, "pre_clip_grad_norm": 0.19833172857761383, "clipping_fraction": 0.0, "samples_per_second": 7.079031988821849, "GPU_allocated_bytes": 87739904, "GPU_reserved_bytes": 7105150976, "data_wait_seconds": 13.1011724001728, "training_samples_seen": 4320, "scope": "FORMAL_SCIENTIFIC_RUN"}
TRAIN {"utc": "2026-10-01T09:27:02.212068+00:00", "epoch": 10, "global_update": 55000, "LR": 9.301653045077272e-05, "running_L_occ": 0.026382534051448633, "running_L_qr": 0.012474206782881338, "running_L_total": 0.038856740834329974, "pre_clip_grad_norm": 0.3387986123561859, "clipping_fraction": 0.0, "samples_per_second": 7.074689723556295, "GPU_allocated_bytes": 87739904, "GPU_reserved_bytes": 7105150976, "data_wait_seconds": 13.4710720001749, "training_samples_seen": 4520, "scope": "FORMAL_SCIENTIFIC_RUN"}
TRAIN {"utc": "2026-10-01T09:27:30.920825+00:00", "epoch": 10, "global_update": 55100, "LR": 9.298877022908685e-05, "running_L_occ": 0.026475230827513282, "running_L_qr": 0.012546203798974056, "running_L_total": 0.03902143462648734, "pre_clip_grad_norm": 0.11665602028369904, "clipping_fraction": 0.0, "samples_per_second": 7.070013557420578, "GPU_allocated_bytes": 87739904, "GPU_reserved_bytes": 7105150976, "data_wait_seconds": 13.83653290021175, "training_samples_seen": 4720, "scope": "FORMAL_SCIENTIFIC_RUN"}
TRAIN {"utc": "2026-10-01T09:27:59.747099+00:00", "epoch": 10, "global_update": 55200, "LR": 9.296095914621635e-05, "running_L_occ": 0.026471952861600857, "running_L_qr": 0.012531546850181997, "running_L_total": 0.03900349971178286, "pre_clip_grad_norm": 0.13191136717796326, "clipping_fraction": 0.0, "samples_per_second": 7.0645334826891615, "GPU_allocated_bytes": 87739904, "GPU_reserved_bytes": 7105150976, "data_wait_seconds": 14.202188500210468, "training_samples_seen": 4920, "scope": "FORMAL_SCIENTIFIC_RUN"}
TRAIN {"utc": "2026-10-01T09:28:28.557129+00:00", "epoch": 10, "global_update": 55300, "LR": 9.293309723545249e-05, "running_L_occ": 0.026501006088185248, "running_L_qr": 0.012573239601087038, "running_L_total": 0.039074245689272286, "pre_clip_grad_norm": 0.10614063590765, "clipping_fraction": 0.0, "samples_per_second": 7.059649386078932, "GPU_allocated_bytes": 87739904, "GPU_reserved_bytes": 7105150976, "data_wait_seconds": 14.567230500208098, "training_samples_seen": 5120, "scope": "FORMAL_SCIENTIFIC_RUN"}
TRAIN {"utc": "2026-10-01T09:28:57.184067+00:00", "epoch": 10, "global_update": 55400, "LR": 9.290518453014735e-05, "running_L_occ": 0.026475646991502164, "running_L_qr": 0.012565336529731847, "running_L_total": 0.03904098352123401, "pre_clip_grad_norm": 0.08058871328830719, "clipping_fraction": 0.0, "samples_per_second": 7.056845082187253, "GPU_allocated_bytes": 87739904, "GPU_reserved_bytes": 7105150976, "data_wait_seconds": 14.93551320018014, "training_samples_seen": 5320, "scope": "FORMAL_SCIENTIFIC_RUN"}
TRAIN {"utc": "2026-10-01T09:29:25.784851+00:00", "epoch": 10, "global_update": 55500, "LR": 9.287722106371387e-05, "running_L_occ": 0.026557056946242663, "running_L_qr": 0.012603133314551918, "running_L_total": 0.03916019026079458, "pre_clip_grad_norm": 0.03396563231945038, "clipping_fraction": 0.0, "samples_per_second": 7.054491491579913, "GPU_allocated_bytes": 87739904, "GPU_reserved_bytes": 7105150976, "data_wait_seconds": 15.307803100196907, "training_samples_seen": 5520, "scope": "FORMAL_SCIENTIFIC_RUN"}
TRAIN {"utc": "2026-10-01T09:29:54.571739+00:00", "epoch": 10, "global_update": 55600, "LR": 9.284920686962568e-05, "running_L_occ": 0.026562852772452166, "running_L_qr": 0.012575142521930325, "running_L_total": 0.039137995294382485, "pre_clip_grad_norm": 0.10740049928426743, "clipping_fraction": 0.0, "samples_per_second": 7.050673596055543, "GPU_allocated_bytes": 87739904, "GPU_reserved_bytes": 7105150976, "data_wait_seconds": 15.681196500190708, "training_samples_seen": 5720, "scope": "FORMAL_SCIENTIFIC_RUN"}
TRAIN {"utc": "2026-10-01T09:30:22.286499+00:00", "epoch": 10, "global_update": 55700, "LR": 9.28211419814172e-05, "running_L_occ": 0.026520098030959734, "running_L_qr": 0.012538128408882658, "running_L_total": 0.03905822643984239, "pre_clip_grad_norm": 0.03216015174984932, "clipping_fraction": 0.0, "samples_per_second": 7.0561367353967235, "GPU_allocated_bytes": 87739904, "GPU_reserved_bytes": 7105150976, "data_wait_seconds": 16.050113100220187, "training_samples_seen": 5920, "scope": "FORMAL_SCIENTIFIC_RUN"}
TRAIN {"utc": "2026-10-01T09:30:49.886200+00:00", "epoch": 10, "global_update": 55800, "LR": 9.279302643268348e-05, "running_L_occ": 0.026528173775347712, "running_L_qr": 0.012559366587957012, "running_L_total": 0.039087540363304724, "pre_clip_grad_norm": 0.4162713587284088, "clipping_fraction": 0.0, "samples_per_second": 7.0621818062009485, "GPU_allocated_bytes": 87739904, "GPU_reserved_bytes": 7105150976, "data_wait_seconds": 16.422941900196747, "training_samples_seen": 6120, "scope": "FORMAL_SCIENTIFIC_RUN"}
TRAIN {"utc": "2026-10-01T09:31:17.582159+00:00", "epoch": 10, "global_update": 55900, "LR": 9.276486025708027e-05, "running_L_occ": 0.02654858035474984, "running_L_qr": 0.012579278249290195, "running_L_total": 0.039127858604040035, "pre_clip_grad_norm": 0.034188151359558105, "clipping_fraction": 0.0, "samples_per_second": 7.0670865248415415, "GPU_allocated_bytes": 87739904, "GPU_reserved_bytes": 7105150976, "data_wait_seconds": 16.80198190020019, "training_samples_seen": 6320, "scope": "FORMAL_SCIENTIFIC_RUN"}
TRAIN {"utc": "2026-10-01T09:31:45.197431+00:00", "epoch": 10, "global_update": 56000, "LR": 9.273664348832388e-05, "running_L_occ": 0.0265108962683139, "running_L_qr": 0.01254032627710034, "running_L_total": 0.039051222545414245, "pre_clip_grad_norm": 0.04128892719745636, "clipping_fraction": 0.0, "samples_per_second": 7.0723251233282465, "GPU_allocated_bytes": 87739904, "GPU_reserved_bytes": 7105150976, "data_wait_seconds": 17.173495500206627, "training_samples_seen": 6520, "scope": "FORMAL_SCIENTIFIC_RUN"}
TRAIN {"utc": "2026-10-01T09:32:12.788879+00:00", "epoch": 10, "global_update": 56100, "LR": 9.270837616019118e-05, "running_L_occ": 0.026586554248594706, "running_L_qr": 0.012542656176489074, "running_L_total": 0.03912921042508378, "pre_clip_grad_norm": 0.08145814388990402, "clipping_fraction": 0.0, "samples_per_second": 7.077435471099006, "GPU_allocated_bytes": 87739904, "GPU_reserved_bytes": 7105150976, "data_wait_seconds": 17.547081700206036, "training_samples_seen": 6720, "scope": "FORMAL_SCIENTIFIC_RUN"}
TRAIN {"utc": "2026-10-01T09:32:40.474210+00:00", "epoch": 10, "global_update": 56200, "LR": 9.26800583065196e-05, "running_L_occ": 0.02658503358779888, "running_L_qr": 0.012518731309284535, "running_L_total": 0.03910376489708342, "pre_clip_grad_norm": 0.12138748914003372, "clipping_fraction": 0.0, "samples_per_second": 7.081573670665874, "GPU_allocated_bytes": 87739904, "GPU_reserved_bytes": 7105150976, "data_wait_seconds": 17.933793200194486, "training_samples_seen": 6920, "scope": "FORMAL_SCIENTIFIC_RUN"}
TRAIN {"utc": "2026-10-01T09:33:08.026413+00:00", "epoch": 10, "global_update": 56300, "LR": 9.265168996120701e-05, "running_L_occ": 0.02661348794518449, "running_L_qr": 0.012536093473830775, "running_L_total": 0.03914958141901526, "pre_clip_grad_norm": 0.05657541751861572, "clipping_fraction": 0.0, "samples_per_second": 7.0864251913623795, "GPU_allocated_bytes": 87739904, "GPU_reserved_bytes": 7105150976, "data_wait_seconds": 18.30314860020735, "training_samples_seen": 7120, "scope": "FORMAL_SCIENTIFIC_RUN"}
TRAIN {"utc": "2026-10-01T09:33:35.784466+00:00", "epoch": 10, "global_update": 56400, "LR": 9.262327115821175e-05, "running_L_occ": 0.02658790235406934, "running_L_qr": 0.01250277578151242, "running_L_total": 0.03909067813558176, "pre_clip_grad_norm": 0.1084655374288559, "clipping_fraction": 0.0, "samples_per_second": 7.089598014770779, "GPU_allocated_bytes": 87739904, "GPU_reserved_bytes": 7105150976, "data_wait_seconds": 18.679127800191054, "training_samples_seen": 7320, "scope": "FORMAL_SCIENTIFIC_RUN"}
TRAIN {"utc": "2026-10-01T09:34:03.553349+00:00", "epoch": 10, "global_update": 56500, "LR": 9.259480193155254e-05, "running_L_occ": 0.02659662507139041, "running_L_qr": 0.012511108072496302, "running_L_total": 0.039107733143886714, "pre_clip_grad_norm": 0.15152513980865479, "clipping_fraction": 0.0, "samples_per_second": 7.092539019687376, "GPU_allocated_bytes": 87739904, "GPU_reserved_bytes": 7105150976, "data_wait_seconds": 19.049333600210957, "training_samples_seen": 7520, "scope": "FORMAL_SCIENTIFIC_RUN"}
TRAIN {"utc": "2026-10-01T09:34:31.259240+00:00", "epoch": 10, "global_update": 56600, "LR": 9.256628231530847e-05, "running_L_occ": 0.026638693274373543, "running_L_qr": 0.012526253694308313, "running_L_total": 0.039164946968681856, "pre_clip_grad_norm": 0.48369067907333374, "clipping_fraction": 0.0, "samples_per_second": 7.095739206276286, "GPU_allocated_bytes": 87739904, "GPU_reserved_bytes": 7105150976, "data_wait_seconds": 19.415378500205406, "training_samples_seen": 7720, "scope": "FORMAL_SCIENTIFIC_RUN"}
TRAIN {"utc": "2026-10-01T09:34:58.875726+00:00", "epoch": 10, "global_update": 56700, "LR": 9.253771234361897e-05, "running_L_occ": 0.026706353642199237, "running_L_qr": 0.012540512015226045, "running_L_total": 0.03924686565742528, "pre_clip_grad_norm": 0.11244537681341171, "clipping_fraction": 0.0, "samples_per_second": 7.099342915843478, "GPU_allocated_bytes": 87739904, "GPU_reserved_bytes": 7105150976, "data_wait_seconds": 19.790796000208502, "training_samples_seen": 7920, "scope": "FORMAL_SCIENTIFIC_RUN"}
TRAIN {"utc": "2026-10-01T09:35:26.644147+00:00", "epoch": 10, "global_update": 56800, "LR": 9.250909205068369e-05, "running_L_occ": 0.02675125243123052, "running_L_qr": 0.012548108949125, "running_L_total": 0.03929936138035552, "pre_clip_grad_norm": 0.11510531604290009, "clipping_fraction": 0.0, "samples_per_second": 7.10183439664412, "GPU_allocated_bytes": 87739904, "GPU_reserved_bytes": 7105150976, "data_wait_seconds": 20.160469900212775, "training_samples_seen": 8120, "scope": "FORMAL_SCIENTIFIC_RUN"}
TRAIN {"utc": "2026-10-01T09:35:54.351438+00:00", "epoch": 10, "global_update": 56900, "LR": 9.248042147076258e-05, "running_L_occ": 0.02679618045663352, "running_L_qr": 0.012559294763904333, "running_L_total": 0.03935547522053785, "pre_clip_grad_norm": 0.3205350637435913, "clipping_fraction": 0.0, "samples_per_second": 7.104581069618621, "GPU_allocated_bytes": 87739904, "GPU_reserved_bytes": 7105150976, "data_wait_seconds": 20.53296910021527, "training_samples_seen": 8320, "scope": "FORMAL_SCIENTIFIC_RUN"}
TRAIN {"utc": "2026-10-01T09:36:22.156560+00:00", "epoch": 10, "global_update": 57000, "LR": 9.245170063817576e-05, "running_L_occ": 0.026775826793097802, "running_L_qr": 0.012539893179970252, "running_L_total": 0.039315719973068056, "pre_clip_grad_norm": 0.2872891426086426, "clipping_fraction": 0.0, "samples_per_second": 7.106618887487712, "GPU_allocated_bytes": 87739904, "GPU_reserved_bytes": 7105150976, "data_wait_seconds": 20.90693270019983, "training_samples_seen": 8520, "scope": "FORMAL_SCIENTIFIC_RUN"}
TRAIN {"utc": "2026-10-01T09:36:50.001236+00:00", "epoch": 10, "global_update": 57100, "LR": 9.242292958730349e-05, "running_L_occ": 0.02677114641595991, "running_L_qr": 0.012547505017366855, "running_L_total": 0.03931865143332677, "pre_clip_grad_norm": 0.07396283745765686, "clipping_fraction": 0.0, "samples_per_second": 7.108329599276312, "GPU_allocated_bytes": 87739904, "GPU_reserved_bytes": 7105150976, "data_wait_seconds": 21.27992700019604, "training_samples_seen": 8720, "scope": "FORMAL_SCIENTIFIC_RUN"}
TRAIN {"utc": "2026-10-01T09:37:17.419462+00:00", "epoch": 10, "global_update": 57200, "LR": 9.239410835258616e-05, "running_L_occ": 0.026834936939438107, "running_L_qr": 0.012603680902853716, "running_L_total": 0.03943861784229182, "pre_clip_grad_norm": 0.18969345092773438, "clipping_fraction": 0.0, "samples_per_second": 7.11238988408311, "GPU_allocated_bytes": 87739904, "GPU_reserved_bytes": 7105150976, "data_wait_seconds": 21.64313820019379, "training_samples_seen": 8920, "scope": "FORMAL_SCIENTIFIC_RUN"}
TRAIN {"utc": "2026-10-01T09:37:44.826102+00:00", "epoch": 10, "global_update": 57300, "LR": 9.236523696852423e-05, "running_L_occ": 0.026855901379345223, "running_L_qr": 0.012623957288076417, "running_L_total": 0.03947985866742164, "pre_clip_grad_norm": 0.08949016034603119, "clipping_fraction": 0.0, "samples_per_second": 7.116338456504667, "GPU_allocated_bytes": 87739904, "GPU_reserved_bytes": 7105150976, "data_wait_seconds": 22.007815900160494, "training_samples_seen": 9120, "scope": "FORMAL_SCIENTIFIC_RUN"}
TRAIN {"utc": "2026-10-01T09:38:12.427328+00:00", "epoch": 10, "global_update": 57400, "LR": 9.233631546967819e-05, "running_L_occ": 0.026862407742083302, "running_L_qr": 0.012641923489333715, "running_L_total": 0.039504331231417014, "pre_clip_grad_norm": 0.1150757223367691, "clipping_fraction": 0.0, "samples_per_second": 7.119062568831674, "GPU_allocated_bytes": 87739904, "GPU_reserved_bytes": 7105150976, "data_wait_seconds": 22.374412100136396, "training_samples_seen": 9320, "scope": "FORMAL_SCIENTIFIC_RUN"}
TRAIN {"utc": "2026-10-01T09:38:39.969991+00:00", "epoch": 10, "global_update": 57500, "LR": 9.230734389066854e-05, "running_L_occ": 0.026879348205370423, "running_L_qr": 0.012677372133418284, "running_L_total": 0.03955672033878871, "pre_clip_grad_norm": 0.2196834534406662, "clipping_fraction": 0.0, "samples_per_second": 7.12198386923201, "GPU_allocated_bytes": 87739904, "GPU_reserved_bytes": 7105150976, "data_wait_seconds": 22.740402800154698, "training_samples_seen": 9520, "scope": "FORMAL_SCIENTIFIC_RUN"}
TRAIN {"utc": "2026-10-01T09:39:07.401496+00:00", "epoch": 10, "global_update": 57600, "LR": 9.22783222661757e-05, "running_L_occ": 0.026846322970070603, "running_L_qr": 0.01266031292701375, "running_L_total": 0.039506635897084356, "pre_clip_grad_norm": 0.07788372039794922, "clipping_fraction": 0.0, "samples_per_second": 7.125370464779276, "GPU_allocated_bytes": 87739904, "GPU_reserved_bytes": 7105150976, "data_wait_seconds": 23.107258500149328, "training_samples_seen": 9720, "scope": "FORMAL_SCIENTIFIC_RUN"}
TRAIN {"utc": "2026-10-01T09:39:35.055299+00:00", "epoch": 10, "global_update": 57700, "LR": 9.224925063094e-05, "running_L_occ": 0.02684212542750679, "running_L_qr": 0.012654183536520529, "running_L_total": 0.03949630896402732, "pre_clip_grad_norm": 0.14174559712409973, "clipping_fraction": 0.0, "samples_per_second": 7.127482558415388, "GPU_allocated_bytes": 87739904, "GPU_reserved_bytes": 7105150976, "data_wait_seconds": 23.477640900153347, "training_samples_seen": 9920, "scope": "FORMAL_SCIENTIFIC_RUN"}
TRAIN {"utc": "2026-10-01T09:40:02.762579+00:00", "epoch": 10, "global_update": 57800, "LR": 9.222012901976165e-05, "running_L_occ": 0.026870692517498244, "running_L_qr": 0.012670370102845498, "running_L_total": 0.039541062620343743, "pre_clip_grad_norm": 0.3493417799472809, "clipping_fraction": 0.0, "samples_per_second": 7.129247728973699, "GPU_allocated_bytes": 87739904, "GPU_reserved_bytes": 7105150976, "data_wait_seconds": 23.844581200162793, "training_samples_seen": 10120, "scope": "FORMAL_SCIENTIFIC_RUN"}
TRAIN {"utc": "2026-10-01T09:40:30.345227+00:00", "epoch": 10, "global_update": 57900, "LR": 9.219095746750067e-05, "running_L_occ": 0.026828754258167695, "running_L_qr": 0.012618355492464255, "running_L_total": 0.039447109750631947, "pre_clip_grad_norm": 0.4180328845977783, "clipping_fraction": 0.0, "samples_per_second": 7.131557942040641, "GPU_allocated_bytes": 87739904, "GPU_reserved_bytes": 7105150976, "data_wait_seconds": 24.21061720015132, "training_samples_seen": 10320, "scope": "FORMAL_SCIENTIFIC_RUN"}
TRAIN {"utc": "2026-10-01T09:40:57.876192+00:00", "epoch": 10, "global_update": 58000, "LR": 9.216173600907686e-05, "running_L_occ": 0.026796902523484423, "running_L_qr": 0.01259959082222131, "running_L_total": 0.039396493345705726, "pre_clip_grad_norm": 0.09279010444879532, "clipping_fraction": 0.0, "samples_per_second": 7.1340319568492365, "GPU_allocated_bytes": 87739904, "GPU_reserved_bytes": 7105150976, "data_wait_seconds": 24.57657280015337, "training_samples_seen": 10520, "scope": "FORMAL_SCIENTIFIC_RUN"}
TRAIN {"utc": "2026-10-01T09:41:25.526237+00:00", "epoch": 10, "global_update": 58100, "LR": 9.213246467946981e-05, "running_L_occ": 0.026797860117535734, "running_L_qr": 0.012604749993262188, "running_L_total": 0.039402610110797924, "pre_clip_grad_norm": 0.10698314011096954, "clipping_fraction": 0.0, "samples_per_second": 7.13585004954119, "GPU_allocated_bytes": 87739904, "GPU_reserved_bytes": 7105150976, "data_wait_seconds": 24.93584510014989, "training_samples_seen": 10720, "scope": "FORMAL_SCIENTIFIC_RUN"}
TRAIN {"utc": "2026-10-01T09:41:53.264644+00:00", "epoch": 10, "global_update": 58200, "LR": 9.21031435137187e-05, "running_L_occ": 0.02673658553313228, "running_L_qr": 0.012559994527297115, "running_L_total": 0.0392965800604294, "pre_clip_grad_norm": 0.3070758283138275, "clipping_fraction": 0.0, "samples_per_second": 7.137194573074345, "GPU_allocated_bytes": 87739904, "GPU_reserved_bytes": 7105150976, "data_wait_seconds": 25.314538700138655, "training_samples_seen": 10920, "scope": "FORMAL_SCIENTIFIC_RUN"}
TRAIN {"utc": "2026-10-01T09:42:20.965325+00:00", "epoch": 10, "global_update": 58300, "LR": 9.20737725469225e-05, "running_L_occ": 0.02673454956541077, "running_L_qr": 0.01257559049279985, "running_L_total": 0.039310140058210624, "pre_clip_grad_norm": 0.13300751149654388, "clipping_fraction": 0.0, "samples_per_second": 7.1386574483948815, "GPU_allocated_bytes": 87739904, "GPU_reserved_bytes": 7105150976, "data_wait_seconds": 25.683745600126713, "training_samples_seen": 11120, "scope": "FORMAL_SCIENTIFIC_RUN"}
TRAIN {"utc": "2026-10-01T09:42:48.475677+00:00", "epoch": 10, "global_update": 58400, "LR": 9.204435181423968e-05, "running_L_occ": 0.026713028087394043, "running_L_qr": 0.012570429685277495, "running_L_total": 0.03928345777267154, "pre_clip_grad_norm": 0.025470945984125137, "clipping_fraction": 0.0, "samples_per_second": 7.140930315020513, "GPU_allocated_bytes": 87739904, "GPU_reserved_bytes": 7105150976, "data_wait_seconds": 26.052993700130173, "training_samples_seen": 11320, "scope": "FORMAL_SCIENTIFIC_RUN"}
TRAIN {"utc": "2026-10-01T09:43:16.066981+00:00", "epoch": 10, "global_update": 58500, "LR": 9.201488135088834e-05, "running_L_occ": 0.02671501427832556, "running_L_qr": 0.01256314931103729, "running_L_total": 0.03927816358936285, "pre_clip_grad_norm": 0.29087939858436584, "clipping_fraction": 0.0, "samples_per_second": 7.142767897231873, "GPU_allocated_bytes": 87739904, "GPU_reserved_bytes": 7105150976, "data_wait_seconds": 26.42062090012041, "training_samples_seen": 11520, "scope": "FORMAL_SCIENTIFIC_RUN"}
TRAIN {"utc": "2026-10-01T09:43:43.940167+00:00", "epoch": 10, "global_update": 58600, "LR": 9.19853611921461e-05, "running_L_occ": 0.026773785742178494, "running_L_qr": 0.012616869579754891, "running_L_total": 0.039390655321933386, "pre_clip_grad_norm": 0.19842872023582458, "clipping_fraction": 0.0, "samples_per_second": 7.1433162324024995, "GPU_allocated_bytes": 87739904, "GPU_reserved_bytes": 7105150976, "data_wait_seconds": 26.790769600105705, "training_samples_seen": 11720, "scope": "FORMAL_SCIENTIFIC_RUN"}
VALIDATION {"epoch": 10, "phase": "VALIDATION", "scenes_completed": 8, "scenes_required": 11727, "wall_seconds": 5.831851299997652, "updated_utc": "2026-10-01T09:43:50.346157+00:00"}
VALIDATION {"epoch": 10, "phase": "VALIDATION", "scenes_completed": 808, "scenes_required": 11727, "wall_seconds": 39.09467139999833, "updated_utc": "2026-10-01T09:44:23.606874+00:00"}
VALIDATION {"epoch": 10, "phase": "VALIDATION", "scenes_completed": 1608, "scenes_required": 11727, "wall_seconds": 72.535215099997, "updated_utc": "2026-10-01T09:44:57.046558+00:00"}
VALIDATION {"epoch": 10, "phase": "VALIDATION", "scenes_completed": 2408, "scenes_required": 11727, "wall_seconds": 105.99533099999826, "updated_utc": "2026-10-01T09:45:30.504519+00:00"}
VALIDATION {"epoch": 10, "phase": "VALIDATION", "scenes_completed": 3208, "scenes_required": 11727, "wall_seconds": 139.3195784999989, "updated_utc": "2026-10-01T09:46:03.826926+00:00"}
VALIDATION {"epoch": 10, "phase": "VALIDATION", "scenes_completed": 4008, "scenes_required": 11727, "wall_seconds": 172.6683772999968, "updated_utc": "2026-10-01T09:46:37.173861+00:00"}
VALIDATION {"epoch": 10, "phase": "VALIDATION", "scenes_completed": 4808, "scenes_required": 11727, "wall_seconds": 206.05885149999813, "updated_utc": "2026-10-01T09:47:10.562973+00:00"}
VALIDATION {"epoch": 10, "phase": "VALIDATION", "scenes_completed": 5608, "scenes_required": 11727, "wall_seconds": 239.35133789999963, "updated_utc": "2026-10-01T09:47:43.853715+00:00"}
VALIDATION {"epoch": 10, "phase": "VALIDATION", "scenes_completed": 6408, "scenes_required": 11727, "wall_seconds": 272.5104001999971, "updated_utc": "2026-10-01T09:48:17.010891+00:00"}
VALIDATION {"epoch": 10, "phase": "VALIDATION", "scenes_completed": 7208, "scenes_required": 11727, "wall_seconds": 305.8592327999977, "updated_utc": "2026-10-01T09:48:50.357843+00:00"}
VALIDATION {"epoch": 10, "phase": "VALIDATION", "scenes_completed": 8008, "scenes_required": 11727, "wall_seconds": 339.1200278999968, "updated_utc": "2026-10-01T09:49:23.617064+00:00"}
VALIDATION {"epoch": 10, "phase": "VALIDATION", "scenes_completed": 8808, "scenes_required": 11727, "wall_seconds": 372.4806620999989, "updated_utc": "2026-10-01T09:49:56.975596+00:00"}
VALIDATION {"epoch": 10, "phase": "VALIDATION", "scenes_completed": 9608, "scenes_required": 11727, "wall_seconds": 405.5539374999971, "updated_utc": "2026-10-01T09:50:30.047844+00:00"}
VALIDATION {"epoch": 10, "phase": "VALIDATION", "scenes_completed": 10408, "scenes_required": 11727, "wall_seconds": 438.8875924999993, "updated_utc": "2026-10-01T09:51:03.379485+00:00"}
VALIDATION {"epoch": 10, "phase": "VALIDATION", "scenes_completed": 11208, "scenes_required": 11727, "wall_seconds": 472.2198153999998, "updated_utc": "2026-10-01T09:51:36.710036+00:00"}
VALIDATION {"epoch": 10, "phase": "VALIDATION", "scenes_completed": 11727, "scenes_required": 11727, "wall_seconds": 493.96969049999825, "updated_utc": "2026-10-01T09:51:58.458294+00:00"}
EPOCH_COMPLETED {"epoch": 10, "global_val_core_loss": 0.04766025163726832, "best_epoch": 9, "early_stop_count": 1, "wall_seconds": 2139.961637800003}
TRAIN {"utc": "2026-10-01T09:52:08.694089+00:00", "epoch": 11, "global_update": 58601, "LR": 9.19850657397165e-05, "running_L_occ": 0.030102214566618612, "running_L_qr": 0.011072954949542694, "running_L_total": 0.04117516951616131, "pre_clip_grad_norm": 0.11826471239328384, "clipping_fraction": 0.0, "samples_per_second": 0.37118994401901534, "GPU_allocated_bytes": 87739904, "GPU_reserved_bytes": 7105150976, "data_wait_seconds": 5.119319400000677, "training_samples_seen": 2, "scope": "FORMAL_SCIENTIFIC_RUN"}
TRAIN {"utc": "2026-10-01T09:52:36.016048+00:00", "epoch": 11, "global_update": 58700, "LR": 9.195579137335011e-05, "running_L_occ": 0.02703605433640321, "running_L_qr": 0.013169706448924887, "running_L_total": 0.0402057607853281, "pre_clip_grad_norm": 0.3959214389324188, "clipping_fraction": 0.0, "samples_per_second": 6.114098587057794, "GPU_allocated_bytes": 87739904, "GPU_reserved_bytes": 7105150976, "data_wait_seconds": 5.444419200004631, "training_samples_seen": 200, "scope": "FORMAL_SCIENTIFIC_RUN"}
TRAIN {"utc": "2026-10-01T09:53:03.728916+00:00", "epoch": 11, "global_update": 58800, "LR": 9.192617192989686e-05, "running_L_occ": 0.027186398752094595, "running_L_qr": 0.012952171603870306, "running_L_total": 0.0401385703559649, "pre_clip_grad_norm": 0.07265672087669373, "clipping_fraction": 0.0, "samples_per_second": 6.619697540558145, "GPU_allocated_bytes": 87739904, "GPU_reserved_bytes": 7105150976, "data_wait_seconds": 5.811080400009814, "training_samples_seen": 400, "scope": "FORMAL_SCIENTIFIC_RUN"}
TRAIN {"utc": "2026-10-01T09:53:31.237329+00:00", "epoch": 11, "global_update": 58900, "LR": 9.189650289724234e-05, "running_L_occ": 0.02639912431754722, "running_L_qr": 0.012192365682632985, "running_L_total": 0.0385914900001802, "pre_clip_grad_norm": 0.09479561448097229, "clipping_fraction": 0.0, "samples_per_second": 6.823169578404362, "GPU_allocated_bytes": 87739904, "GPU_reserved_bytes": 7105150976, "data_wait_seconds": 6.172666800041043, "training_samples_seen": 600, "scope": "FORMAL_SCIENTIFIC_RUN"}
TRAIN {"utc": "2026-10-01T09:53:58.843765+00:00", "epoch": 11, "global_update": 59000, "LR": 9.186678431090186e-05, "running_L_occ": 0.026509075310503595, "running_L_qr": 0.01232517532749171, "running_L_total": 0.0388342506379953, "pre_clip_grad_norm": 0.0531400628387928, "clipping_fraction": 0.0, "samples_per_second": 6.923827515911083, "GPU_allocated_bytes": 87739904, "GPU_reserved_bytes": 7105150976, "data_wait_seconds": 6.534817800056771, "training_samples_seen": 800, "scope": "FORMAL_SCIENTIFIC_RUN"}
TRAIN {"utc": "2026-10-01T09:54:26.613426+00:00", "epoch": 11, "global_update": 59100, "LR": 9.183701620645005e-05, "running_L_occ": 0.02670777936173483, "running_L_qr": 0.01256129769204877, "running_L_total": 0.0392690770537836, "pre_clip_grad_norm": 0.09969662874937057, "clipping_fraction": 0.0, "samples_per_second": 6.97769528485911, "GPU_allocated_bytes": 87739904, "GPU_reserved_bytes": 7105150976, "data_wait_seconds": 6.903200300046592, "training_samples_seen": 1000, "scope": "FORMAL_SCIENTIFIC_RUN"}
TRAIN {"utc": "2026-10-01T09:54:54.328773+00:00", "epoch": 11, "global_update": 59200, "LR": 9.180719861952084e-05, "running_L_occ": 0.026728338783802364, "running_L_qr": 0.012684556100527992, "running_L_total": 0.03941289488433036, "pre_clip_grad_norm": 0.1245419904589653, "clipping_fraction": 0.0, "samples_per_second": 7.016270287602514, "GPU_allocated_bytes": 87739904, "GPU_reserved_bytes": 7105150976, "data_wait_seconds": 7.265372500067315, "training_samples_seen": 1200, "scope": "FORMAL_SCIENTIFIC_RUN"}
TRAIN {"utc": "2026-10-01T09:55:22.002688+00:00", "epoch": 11, "global_update": 59300, "LR": 9.177733158580734e-05, "running_L_occ": 0.026842912048834194, "running_L_qr": 0.012613980306557157, "running_L_total": 0.03945689235539135, "pre_clip_grad_norm": 0.19488525390625, "clipping_fraction": 0.0, "samples_per_second": 7.045568656102072, "GPU_allocated_bytes": 87739904, "GPU_reserved_bytes": 7105150976, "data_wait_seconds": 7.630767300066509, "training_samples_seen": 1400, "scope": "FORMAL_SCIENTIFIC_RUN"}
TRAIN {"utc": "2026-10-01T09:55:49.786090+00:00", "epoch": 11, "global_update": 59400, "LR": 9.174741514106192e-05, "running_L_occ": 0.027181675643016597, "running_L_qr": 0.01265348837301165, "running_L_total": 0.03983516401602825, "pre_clip_grad_norm": 0.21750764548778534, "clipping_fraction": 0.0, "samples_per_second": 7.064281848590783, "GPU_allocated_bytes": 87739904, "GPU_reserved_bytes": 7105150976, "data_wait_seconds": 8.000214000054257, "training_samples_seen": 1600, "scope": "FORMAL_SCIENTIFIC_RUN"}
TRAIN {"utc": "2026-10-01T09:56:17.552360+00:00", "epoch": 11, "global_update": 59500, "LR": 9.171744932109605e-05, "running_L_occ": 0.027152585115991158, "running_L_qr": 0.012555457372444808, "running_L_total": 0.039708042488435964, "pre_clip_grad_norm": 0.24101729691028595, "clipping_fraction": 0.0, "samples_per_second": 7.07938744533502, "GPU_allocated_bytes": 87739904, "GPU_reserved_bytes": 7105150976, "data_wait_seconds": 8.36486400004651, "training_samples_seen": 1800, "scope": "FORMAL_SCIENTIFIC_RUN"}
TRAIN {"utc": "2026-10-01T09:56:45.120814+00:00", "epoch": 11, "global_update": 59600, "LR": 9.168743416178029e-05, "running_L_occ": 0.027284227286653688, "running_L_qr": 0.012690666597032664, "running_L_total": 0.03997489388368635, "pre_clip_grad_norm": 0.1675783097743988, "clipping_fraction": 0.0, "samples_per_second": 7.096509587826709, "GPU_allocated_bytes": 87739904, "GPU_reserved_bytes": 7105150976, "data_wait_seconds": 8.734798700064857, "training_samples_seen": 2000, "scope": "FORMAL_SCIENTIFIC_RUN"}
TRAIN {"utc": "2026-10-01T09:57:12.992488+00:00", "epoch": 11, "global_update": 59700, "LR": 9.165736969904433e-05, "running_L_occ": 0.027290798337854454, "running_L_qr": 0.012769025183202729, "running_L_total": 0.040059823521057185, "pre_clip_grad_norm": 0.07756990194320679, "clipping_fraction": 0.0, "samples_per_second": 7.103594643492331, "GPU_allocated_bytes": 87739904, "GPU_reserved_bytes": 7105150976, "data_wait_seconds": 9.112255500069296, "training_samples_seen": 2200, "scope": "FORMAL_SCIENTIFIC_RUN"}
TRAIN {"utc": "2026-10-01T09:57:40.441405+00:00", "epoch": 11, "global_update": 59800, "LR": 9.162725596887683e-05, "running_L_occ": 0.027151612898805126, "running_L_qr": 0.012664123998977404, "running_L_total": 0.03981573689778253, "pre_clip_grad_norm": 0.05445101857185364, "clipping_fraction": 0.0, "samples_per_second": 7.118452663463139, "GPU_allocated_bytes": 87739904, "GPU_reserved_bytes": 7105150976, "data_wait_seconds": 9.475878600071155, "training_samples_seen": 2400, "scope": "FORMAL_SCIENTIFIC_RUN"}
TRAIN {"utc": "2026-10-01T09:58:08.125108+00:00", "epoch": 11, "global_update": 59900, "LR": 9.15970930073254e-05, "running_L_occ": 0.026988622887778445, "running_L_qr": 0.012643954029252278, "running_L_total": 0.039632576917030725, "pre_clip_grad_norm": 0.18374067544937134, "clipping_fraction": 0.0, "samples_per_second": 7.126479504255193, "GPU_allocated_bytes": 87739904, "GPU_reserved_bytes": 7105150976, "data_wait_seconds": 9.839469400067173, "training_samples_seen": 2600, "scope": "FORMAL_SCIENTIFIC_RUN"}
TRAIN {"utc": "2026-10-01T09:58:35.797951+00:00", "epoch": 11, "global_update": 60000, "LR": 9.156688085049664e-05, "running_L_occ": 0.026995911201200984, "running_L_qr": 0.012764258851933866, "running_L_total": 0.03976017005313485, "pre_clip_grad_norm": 0.10702735185623169, "clipping_fraction": 0.0, "samples_per_second": 7.133561406267781, "GPU_allocated_bytes": 87739904, "GPU_reserved_bytes": 7105150976, "data_wait_seconds": 10.206314100072632, "training_samples_seen": 2800, "scope": "FORMAL_SCIENTIFIC_RUN"}
TRAIN {"utc": "2026-10-01T09:59:03.295137+00:00", "epoch": 11, "global_update": 60100, "LR": 9.153661953455601e-05, "running_L_occ": 0.027082430908011816, "running_L_qr": 0.012828813408032453, "running_L_total": 0.039911244316044266, "pre_clip_grad_norm": 0.26128533482551575, "clipping_fraction": 0.0, "samples_per_second": 7.142701894530816, "GPU_allocated_bytes": 87739904, "GPU_reserved_bytes": 7105150976, "data_wait_seconds": 10.57132890005596, "training_samples_seen": 3000, "scope": "FORMAL_SCIENTIFIC_RUN"}
TRAIN {"utc": "2026-10-01T09:59:30.821565+00:00", "epoch": 11, "global_update": 60200, "LR": 9.150630909572781e-05, "running_L_occ": 0.026934076961091343, "running_L_qr": 0.01273155598863888, "running_L_total": 0.039665632949730224, "pre_clip_grad_norm": 0.03790413960814476, "clipping_fraction": 0.0, "samples_per_second": 7.150249731789531, "GPU_allocated_bytes": 87739904, "GPU_reserved_bytes": 7105150976, "data_wait_seconds": 10.939702700070484, "training_samples_seen": 3200, "scope": "FORMAL_SCIENTIFIC_RUN"}
TRAIN {"utc": "2026-10-01T09:59:58.339698+00:00", "epoch": 11, "global_update": 60300, "LR": 9.147594957029516e-05, "running_L_occ": 0.026987295668548454, "running_L_qr": 0.012775467127874095, "running_L_total": 0.039762762796422546, "pre_clip_grad_norm": 0.15321511030197144, "clipping_fraction": 0.0, "samples_per_second": 7.157059687279756, "GPU_allocated_bytes": 87739904, "GPU_reserved_bytes": 7105150976, "data_wait_seconds": 11.30792760004988, "training_samples_seen": 3400, "scope": "FORMAL_SCIENTIFIC_RUN"}
TRAIN {"utc": "2026-10-01T10:00:25.907701+00:00", "epoch": 11, "global_update": 60400, "LR": 9.144554099459995e-05, "running_L_occ": 0.027002691745665913, "running_L_qr": 0.012739441244221085, "running_L_total": 0.039742132989887, "pre_clip_grad_norm": 0.07086244970560074, "clipping_fraction": 0.0, "samples_per_second": 7.162396417505064, "GPU_allocated_bytes": 87739904, "GPU_reserved_bytes": 7105150976, "data_wait_seconds": 11.67421460004698, "training_samples_seen": 3600, "scope": "FORMAL_SCIENTIFIC_RUN"}
TRAIN {"utc": "2026-10-01T10:00:51.629484+00:00", "epoch": 11, "global_update": 60500, "LR": 9.141508340504274e-05, "running_L_occ": 0.026765552545128947, "running_L_qr": 0.012633832616424921, "running_L_total": 0.03939938516155387, "pre_clip_grad_norm": 0.07184478640556335, "clipping_fraction": 0.0, "samples_per_second": 7.19223748667184, "GPU_allocated_bytes": 87739904, "GPU_reserved_bytes": 7105150976, "data_wait_seconds": 12.025416100019356, "training_samples_seen": 3800, "scope": "FORMAL_SCIENTIFIC_RUN"}
TRAIN {"utc": "2026-10-01T10:01:16.953771+00:00", "epoch": 11, "global_update": 60600, "LR": 9.13845768380828e-05, "running_L_occ": 0.026726388593655462, "running_L_qr": 0.012670508648803943, "running_L_total": 0.0393968972424594, "pre_clip_grad_norm": 0.14348821341991425, "clipping_fraction": 0.0, "samples_per_second": 7.224485757261243, "GPU_allocated_bytes": 87739904, "GPU_reserved_bytes": 7105150976, "data_wait_seconds": 12.380731800007197, "training_samples_seen": 4000, "scope": "FORMAL_SCIENTIFIC_RUN"}
TRAIN {"utc": "2026-10-01T10:01:42.256420+00:00", "epoch": 11, "global_update": 60700, "LR": 9.1354021330238e-05, "running_L_occ": 0.02669081446404181, "running_L_qr": 0.01264149563929434, "running_L_total": 0.039332310103336154, "pre_clip_grad_norm": 0.20803867280483246, "clipping_fraction": 0.0, "samples_per_second": 7.254181107693808, "GPU_allocated_bytes": 87739904, "GPU_reserved_bytes": 7105150976, "data_wait_seconds": 12.73165679999147, "training_samples_seen": 4200, "scope": "FORMAL_SCIENTIFIC_RUN"}
TRAIN {"utc": "2026-10-01T10:02:07.532384+00:00", "epoch": 11, "global_update": 60800, "LR": 9.132341691808485e-05, "running_L_occ": 0.02661962267477121, "running_L_qr": 0.012567605558858823, "running_L_total": 0.039187228233630036, "pre_clip_grad_norm": 0.4478189945220947, "clipping_fraction": 0.0, "samples_per_second": 7.281713727110639, "GPU_allocated_bytes": 87739904, "GPU_reserved_bytes": 7105150976, "data_wait_seconds": 13.058665900000051, "training_samples_seen": 4400, "scope": "FORMAL_SCIENTIFIC_RUN"}
TRAIN {"utc": "2026-10-01T10:02:32.927008+00:00", "epoch": 11, "global_update": 60900, "LR": 9.129276363825832e-05, "running_L_occ": 0.026568211880867634, "running_L_qr": 0.012532960247743934, "running_L_total": 0.03910117212861156, "pre_clip_grad_norm": 0.07055079936981201, "clipping_fraction": 0.0, "samples_per_second": 7.305655613625138, "GPU_allocated_bytes": 87739904, "GPU_reserved_bytes": 7105150976, "data_wait_seconds": 13.411988899992139, "training_samples_seen": 4600, "scope": "FORMAL_SCIENTIFIC_RUN"}
TRAIN {"utc": "2026-10-01T10:02:58.161491+00:00", "epoch": 11, "global_update": 61000, "LR": 9.126206152745196e-05, "running_L_occ": 0.026499234794547428, "running_L_qr": 0.012511407638093679, "running_L_total": 0.03901064243264111, "pre_clip_grad_norm": 0.10618289560079575, "clipping_fraction": 0.0, "samples_per_second": 7.329544052509848, "GPU_allocated_bytes": 87739904, "GPU_reserved_bytes": 7105150976, "data_wait_seconds": 13.762378299990814, "training_samples_seen": 4800, "scope": "FORMAL_SCIENTIFIC_RUN"}
TRAIN {"utc": "2026-10-01T10:03:23.417632+00:00", "epoch": 11, "global_update": 61100, "LR": 9.12313106224177e-05, "running_L_occ": 0.026447250894345676, "running_L_qr": 0.012492906866028351, "running_L_total": 0.03894015776037403, "pre_clip_grad_norm": 0.09624874591827393, "clipping_fraction": 0.0, "samples_per_second": 7.351415063784761, "GPU_allocated_bytes": 87739904, "GPU_reserved_bytes": 7105150976, "data_wait_seconds": 14.11137709997638, "training_samples_seen": 5000, "scope": "FORMAL_SCIENTIFIC_RUN"}
TRAIN {"utc": "2026-10-01T10:03:48.759616+00:00", "epoch": 11, "global_update": 61200, "LR": 9.120051095996594e-05, "running_L_occ": 0.02649066248054674, "running_L_qr": 0.012499738528320658, "running_L_total": 0.038990401008867394, "pre_clip_grad_norm": 0.032455604523420334, "clipping_fraction": 0.0, "samples_per_second": 7.370826955007097, "GPU_allocated_bytes": 87739904, "GPU_reserved_bytes": 7105150976, "data_wait_seconds": 14.46087669996632, "training_samples_seen": 5200, "scope": "FORMAL_SCIENTIFIC_RUN"}
TRAIN {"utc": "2026-10-01T10:04:13.959756+00:00", "epoch": 11, "global_update": 61300, "LR": 9.11696625769654e-05, "running_L_occ": 0.026576188797368356, "running_L_qr": 0.012574322997470683, "running_L_total": 0.03915051179483904, "pre_clip_grad_norm": 0.23100319504737854, "clipping_fraction": 0.0, "samples_per_second": 7.390326391349521, "GPU_allocated_bytes": 87739904, "GPU_reserved_bytes": 7105150976, "data_wait_seconds": 14.811686099976214, "training_samples_seen": 5400, "scope": "FORMAL_SCIENTIFIC_RUN"}
TRAIN {"utc": "2026-10-01T10:04:39.248685+00:00", "epoch": 11, "global_update": 61400, "LR": 9.113876551034315e-05, "running_L_occ": 0.02656361439393356, "running_L_qr": 0.012578582882969046, "running_L_total": 0.03914219727690261, "pre_clip_grad_norm": 0.09579211473464966, "clipping_fraction": 0.0, "samples_per_second": 7.407652451766633, "GPU_allocated_bytes": 87739904, "GPU_reserved_bytes": 7105150976, "data_wait_seconds": 15.164652699986618, "training_samples_seen": 5600, "scope": "FORMAL_SCIENTIFIC_RUN"}
TRAIN {"utc": "2026-10-01T10:05:04.555983+00:00", "epoch": 11, "global_update": 61500, "LR": 9.110781979708453e-05, "running_L_occ": 0.02661329533533739, "running_L_qr": 0.012619255485665318, "running_L_total": 0.03923255082100271, "pre_clip_grad_norm": 0.01373816467821598, "clipping_fraction": 0.0, "samples_per_second": 7.423686100420299, "GPU_allocated_bytes": 87739904, "GPU_reserved_bytes": 7105150976, "data_wait_seconds": 15.519235899995692, "training_samples_seen": 5800, "scope": "FORMAL_SCIENTIFIC_RUN"}
TRAIN {"utc": "2026-10-01T10:05:30.022668+00:00", "epoch": 11, "global_update": 61600, "LR": 9.107682547423307e-05, "running_L_occ": 0.026564809198963285, "running_L_qr": 0.012575256836708324, "running_L_total": 0.039140066035671606, "pre_clip_grad_norm": 0.38799533247947693, "clipping_fraction": 0.0, "samples_per_second": 7.437239878863087, "GPU_allocated_bytes": 87739904, "GPU_reserved_bytes": 7105150976, "data_wait_seconds": 15.88217809998605, "training_samples_seen": 6000, "scope": "FORMAL_SCIENTIFIC_RUN"}
TRAIN {"utc": "2026-10-01T10:05:55.368912+00:00", "epoch": 11, "global_update": 61700, "LR": 9.104578257889056e-05, "running_L_occ": 0.026482693941300706, "running_L_qr": 0.012520363598974852, "running_L_total": 0.039003057540275554, "pre_clip_grad_norm": 0.0394032746553421, "clipping_fraction": 0.0, "samples_per_second": 7.451038520437093, "GPU_allocated_bytes": 87739904, "GPU_reserved_bytes": 7105150976, "data_wait_seconds": 16.23059849998026, "training_samples_seen": 6200, "scope": "FORMAL_SCIENTIFIC_RUN"}
TRAIN {"utc": "2026-10-01T10:06:20.731200+00:00", "epoch": 11, "global_update": 61800, "LR": 9.10146911482169e-05, "running_L_occ": 0.026397523402249542, "running_L_qr": 0.01245253888551566, "running_L_total": 0.038850062287765205, "pre_clip_grad_norm": 0.05443150922656059, "clipping_fraction": 0.0, "samples_per_second": 7.463887213840317, "GPU_allocated_bytes": 87739904, "GPU_reserved_bytes": 7105150976, "data_wait_seconds": 16.581023799953982, "training_samples_seen": 6400, "scope": "FORMAL_SCIENTIFIC_RUN"}
TRAIN {"utc": "2026-10-01T10:06:46.110731+00:00", "epoch": 11, "global_update": 61900, "LR": 9.098355121943007e-05, "running_L_occ": 0.026406455275615078, "running_L_qr": 0.012454162511711653, "running_L_total": 0.03886061778732673, "pre_clip_grad_norm": 0.16753873229026794, "clipping_fraction": 0.0, "samples_per_second": 7.4758545368381775, "GPU_allocated_bytes": 87739904, "GPU_reserved_bytes": 7105150976, "data_wait_seconds": 16.933836399941356, "training_samples_seen": 6600, "scope": "FORMAL_SCIENTIFIC_RUN"}
TRAIN {"utc": "2026-10-01T10:07:11.333238+00:00", "epoch": 11, "global_update": 62000, "LR": 9.095236282980614e-05, "running_L_occ": 0.026359616067176416, "running_L_qr": 0.012448856938750322, "running_L_total": 0.03880847300592674, "pre_clip_grad_norm": 0.22849945724010468, "clipping_fraction": 0.0, "samples_per_second": 7.488445153480074, "GPU_allocated_bytes": 87739904, "GPU_reserved_bytes": 7105150976, "data_wait_seconds": 17.28229839994674, "training_samples_seen": 6800, "scope": "FORMAL_SCIENTIFIC_RUN"}
TRAIN {"utc": "2026-10-01T10:07:36.627183+00:00", "epoch": 11, "global_update": 62100, "LR": 9.092112601667917e-05, "running_L_occ": 0.026315643689667354, "running_L_qr": 0.012431760190255563, "running_L_total": 0.03874740387992291, "pre_clip_grad_norm": 0.2372613400220871, "clipping_fraction": 0.0, "samples_per_second": 7.499785815223986, "GPU_allocated_bytes": 87739904, "GPU_reserved_bytes": 7105150976, "data_wait_seconds": 17.63433649993749, "training_samples_seen": 7000, "scope": "FORMAL_SCIENTIFIC_RUN"}
TRAIN {"utc": "2026-10-01T10:08:01.985900+00:00", "epoch": 11, "global_update": 62200, "LR": 9.088984081744117e-05, "running_L_occ": 0.02626352897464996, "running_L_qr": 0.012404024809415205, "running_L_total": 0.03866755378406516, "pre_clip_grad_norm": 0.029180794954299927, "clipping_fraction": 0.0, "samples_per_second": 7.51001066898818, "GPU_allocated_bytes": 87739904, "GPU_reserved_bytes": 7105150976, "data_wait_seconds": 17.986642499945447, "training_samples_seen": 7200, "scope": "FORMAL_SCIENTIFIC_RUN"}
TRAIN {"utc": "2026-10-01T10:08:27.242799+00:00", "epoch": 11, "global_update": 62300, "LR": 9.085850726954212e-05, "running_L_occ": 0.026287746928063196, "running_L_qr": 0.012451580061129978, "running_L_total": 0.03873932698919317, "pre_clip_grad_norm": 0.486538290977478, "clipping_fraction": 0.0, "samples_per_second": 7.520492466188683, "GPU_allocated_bytes": 87739904, "GPU_reserved_bytes": 7105150976, "data_wait_seconds": 18.336177899935137, "training_samples_seen": 7400, "scope": "FORMAL_SCIENTIFIC_RUN"}
TRAIN {"utc": "2026-10-01T10:08:52.542706+00:00", "epoch": 11, "global_update": 62400, "LR": 9.082712541048983e-05, "running_L_occ": 0.02629538805394769, "running_L_qr": 0.012475448371382926, "running_L_total": 0.03877083642533062, "pre_clip_grad_norm": 0.4895341098308563, "clipping_fraction": 0.0, "samples_per_second": 7.530129570786943, "GPU_allocated_bytes": 87739904, "GPU_reserved_bytes": 7105150976, "data_wait_seconds": 18.681363199932093, "training_samples_seen": 7600, "scope": "FORMAL_SCIENTIFIC_RUN"}
TRAIN {"utc": "2026-10-01T10:09:17.889069+00:00", "epoch": 11, "global_update": 62500, "LR": 9.079569527784996e-05, "running_L_occ": 0.026281118405136136, "running_L_qr": 0.012456045311085056, "running_L_total": 0.03873716371622119, "pre_clip_grad_norm": 0.0593472383916378, "clipping_fraction": 0.0, "samples_per_second": 7.538956556921436, "GPU_allocated_bytes": 87739904, "GPU_reserved_bytes": 7105150976, "data_wait_seconds": 19.031861099945672, "training_samples_seen": 7800, "scope": "FORMAL_SCIENTIFIC_RUN"}
TRAIN {"utc": "2026-10-01T10:09:43.176083+00:00", "epoch": 11, "global_update": 62600, "LR": 9.076421690924594e-05, "running_L_occ": 0.026261621053351347, "running_L_qr": 0.012445570152371938, "running_L_total": 0.03870719120572328, "pre_clip_grad_norm": 0.11195988953113556, "clipping_fraction": 0.0, "samples_per_second": 7.547779676190902, "GPU_allocated_bytes": 87739904, "GPU_reserved_bytes": 7105150976, "data_wait_seconds": 19.37874489994647, "training_samples_seen": 8000, "scope": "FORMAL_SCIENTIFIC_RUN"}
TRAIN {"utc": "2026-10-01T10:10:08.461431+00:00", "epoch": 11, "global_update": 62700, "LR": 9.073269034235896e-05, "running_L_occ": 0.026265823327503136, "running_L_qr": 0.012443714892878521, "running_L_total": 0.03870953822038166, "pre_clip_grad_norm": 0.15270112454891205, "clipping_fraction": 0.0, "samples_per_second": 7.556207692934224, "GPU_allocated_bytes": 87739904, "GPU_reserved_bytes": 7105150976, "data_wait_seconds": 19.730970999942656, "training_samples_seen": 8200, "scope": "FORMAL_SCIENTIFIC_RUN"}
TRAIN {"utc": "2026-10-01T10:10:33.794475+00:00", "epoch": 11, "global_update": 62800, "LR": 9.070111561492791e-05, "running_L_occ": 0.02627812493154189, "running_L_qr": 0.012440773286338387, "running_L_total": 0.03871889821788027, "pre_clip_grad_norm": 0.1807122826576233, "clipping_fraction": 0.0, "samples_per_second": 7.563924854952369, "GPU_allocated_bytes": 87739904, "GPU_reserved_bytes": 7105150976, "data_wait_seconds": 20.082336399926135, "training_samples_seen": 8400, "scope": "FORMAL_SCIENTIFIC_RUN"}
TRAIN {"utc": "2026-10-01T10:10:59.066687+00:00", "epoch": 11, "global_update": 62900, "LR": 9.06694927647493e-05, "running_L_occ": 0.026292847269590153, "running_L_qr": 0.012452588880327903, "running_L_total": 0.03874543614991806, "pre_clip_grad_norm": 0.08239778876304626, "clipping_fraction": 0.0, "samples_per_second": 7.571706509342161, "GPU_allocated_bytes": 87739904, "GPU_reserved_bytes": 7105150976, "data_wait_seconds": 20.432902699940314, "training_samples_seen": 8600, "scope": "FORMAL_SCIENTIFIC_RUN"}
TRAIN {"utc": "2026-10-01T10:11:24.373367+00:00", "epoch": 11, "global_update": 63000, "LR": 9.063782182967729e-05, "running_L_occ": 0.02633544140000393, "running_L_qr": 0.012480914050178888, "running_L_total": 0.03881635545018282, "pre_clip_grad_norm": 0.04232717677950859, "clipping_fraction": 0.0, "samples_per_second": 7.578923285358817, "GPU_allocated_bytes": 87739904, "GPU_reserved_bytes": 7105150976, "data_wait_seconds": 20.781797699914023, "training_samples_seen": 8800, "scope": "FORMAL_SCIENTIFIC_RUN"}
TRAIN {"utc": "2026-10-01T10:11:49.886267+00:00", "epoch": 11, "global_update": 63100, "LR": 9.060610284762354e-05, "running_L_occ": 0.026340993080784768, "running_L_qr": 0.012476271919020229, "running_L_total": 0.03881726499980499, "pre_clip_grad_norm": 0.032009854912757874, "clipping_fraction": 0.0, "samples_per_second": 7.584510351605049, "GPU_allocated_bytes": 87739904, "GPU_reserved_bytes": 7105150976, "data_wait_seconds": 21.13337949992274, "training_samples_seen": 9000, "scope": "FORMAL_SCIENTIFIC_RUN"}
TRAIN {"utc": "2026-10-01T10:12:15.201668+00:00", "epoch": 11, "global_update": 63200, "LR": 9.057433585655728e-05, "running_L_occ": 0.026379995729803155, "running_L_qr": 0.01250464457232341, "running_L_total": 0.038884640302126565, "pre_clip_grad_norm": 0.08828171342611313, "clipping_fraction": 0.0, "samples_per_second": 7.591104419173361, "GPU_allocated_bytes": 87739904, "GPU_reserved_bytes": 7105150976, "data_wait_seconds": 21.484852799909277, "training_samples_seen": 9200, "scope": "FORMAL_SCIENTIFIC_RUN"}
TRAIN {"utc": "2026-10-01T10:12:40.453146+00:00", "epoch": 11, "global_update": 63300, "LR": 9.054252089450518e-05, "running_L_occ": 0.026398641444696464, "running_L_qr": 0.012528524963655668, "running_L_total": 0.03892716640835213, "pre_clip_grad_norm": 0.1470409780740738, "clipping_fraction": 0.0, "samples_per_second": 7.5978163377299115, "GPU_allocated_bytes": 87739904, "GPU_reserved_bytes": 7105150976, "data_wait_seconds": 21.834512299912603, "training_samples_seen": 9400, "scope": "FORMAL_SCIENTIFIC_RUN"}
TRAIN {"utc": "2026-10-01T10:13:05.808315+00:00", "epoch": 11, "global_update": 63400, "LR": 9.051065799955137e-05, "running_L_occ": 0.02644475424647581, "running_L_qr": 0.012553177476055619, "running_L_total": 0.03899793172253142, "pre_clip_grad_norm": 0.40737444162368774, "clipping_fraction": 0.0, "samples_per_second": 7.603636758157094, "GPU_allocated_bytes": 87739904, "GPU_reserved_bytes": 7105150976, "data_wait_seconds": 22.18732419990556, "training_samples_seen": 9600, "scope": "FORMAL_SCIENTIFIC_RUN"}
TRAIN {"utc": "2026-10-01T10:13:31.199024+00:00", "epoch": 11, "global_update": 63500, "LR": 9.047874720983728e-05, "running_L_occ": 0.026416385071796278, "running_L_qr": 0.012535925692173908, "running_L_total": 0.03895231076397019, "pre_clip_grad_norm": 0.06918896734714508, "clipping_fraction": 0.0, "samples_per_second": 7.6090145472732615, "GPU_allocated_bytes": 87739904, "GPU_reserved_bytes": 7105150976, "data_wait_seconds": 22.532462999901327, "training_samples_seen": 9800, "scope": "FORMAL_SCIENTIFIC_RUN"}
TRAIN {"utc": "2026-10-01T10:13:56.554270+00:00", "epoch": 11, "global_update": 63600, "LR": 9.044678856356177e-05, "running_L_occ": 0.026403733463469577, "running_L_qr": 0.012519036804645929, "running_L_total": 0.03892277026811551, "pre_clip_grad_norm": 0.09591037034988403, "clipping_fraction": 0.0, "samples_per_second": 7.614398644909211, "GPU_allocated_bytes": 87739904, "GPU_reserved_bytes": 7105150976, "data_wait_seconds": 22.879006799907074, "training_samples_seen": 10000, "scope": "FORMAL_SCIENTIFIC_RUN"}
TRAIN {"utc": "2026-10-01T10:14:21.835852+00:00", "epoch": 11, "global_update": 63700, "LR": 9.041478209898092e-05, "running_L_occ": 0.026400314624265044, "running_L_qr": 0.012509912884375281, "running_L_total": 0.03891022750864032, "pre_clip_grad_norm": 0.062480706721544266, "clipping_fraction": 0.0, "samples_per_second": 7.619992247643998, "GPU_allocated_bytes": 87739904, "GPU_reserved_bytes": 7105150976, "data_wait_seconds": 23.228828299903398, "training_samples_seen": 10200, "scope": "FORMAL_SCIENTIFIC_RUN"}
TRAIN {"utc": "2026-10-01T10:14:47.312564+00:00", "epoch": 11, "global_update": 63800, "LR": 9.038272785440805e-05, "running_L_occ": 0.02639734285038315, "running_L_qr": 0.012501019974951644, "running_L_total": 0.03889836282533479, "pre_clip_grad_norm": 0.04561572149395943, "clipping_fraction": 0.0, "samples_per_second": 7.62428783173183, "GPU_allocated_bytes": 87739904, "GPU_reserved_bytes": 7105150976, "data_wait_seconds": 23.583869199894252, "training_samples_seen": 10400, "scope": "FORMAL_SCIENTIFIC_RUN"}
TRAIN {"utc": "2026-10-01T10:15:12.722436+00:00", "epoch": 11, "global_update": 63900, "LR": 9.035062586821373e-05, "running_L_occ": 0.026426718381858075, "running_L_qr": 0.012512858828193592, "running_L_total": 0.038939577210051673, "pre_clip_grad_norm": 0.3820308744907379, "clipping_fraction": 0.0, "samples_per_second": 7.628792332124302, "GPU_allocated_bytes": 87739904, "GPU_reserved_bytes": 7105150976, "data_wait_seconds": 23.940628299893433, "training_samples_seen": 10600, "scope": "FORMAL_SCIENTIFIC_RUN"}
TRAIN {"utc": "2026-10-01T10:15:37.984533+00:00", "epoch": 11, "global_update": 64000, "LR": 9.031847617882563e-05, "running_L_occ": 0.026455210320185375, "running_L_qr": 0.012511343993337703, "running_L_total": 0.038966554313523076, "pre_clip_grad_norm": 0.05294414982199669, "clipping_fraction": 0.0, "samples_per_second": 7.633934859427996, "GPU_allocated_bytes": 87739904, "GPU_reserved_bytes": 7105150976, "data_wait_seconds": 24.295052299868985, "training_samples_seen": 10800, "scope": "FORMAL_SCIENTIFIC_RUN"}
TRAIN {"utc": "2026-10-01T10:16:03.228031+00:00", "epoch": 11, "global_update": 64100, "LR": 9.028627882472853e-05, "running_L_occ": 0.026454166569205163, "running_L_qr": 0.01249832777390645, "running_L_total": 0.03895249434311161, "pre_clip_grad_norm": 0.19140499830245972, "clipping_fraction": 0.0, "samples_per_second": 7.639000619352179, "GPU_allocated_bytes": 87739904, "GPU_reserved_bytes": 7105150976, "data_wait_seconds": 24.641795899886347, "training_samples_seen": 11000, "scope": "FORMAL_SCIENTIFIC_RUN"}
TRAIN {"utc": "2026-10-01T10:16:28.600284+00:00", "epoch": 11, "global_update": 64200, "LR": 9.025403384446428e-05, "running_L_occ": 0.026461451651369435, "running_L_qr": 0.012519963318409657, "running_L_total": 0.03898141496977909, "pre_clip_grad_norm": 0.03976647928357124, "clipping_fraction": 0.0, "samples_per_second": 7.643214317798178, "GPU_allocated_bytes": 87739904, "GPU_reserved_bytes": 7105150976, "data_wait_seconds": 24.991656499892997, "training_samples_seen": 11200, "scope": "FORMAL_SCIENTIFIC_RUN"}
TRAIN {"utc": "2026-10-01T10:16:53.911563+00:00", "epoch": 11, "global_update": 64300, "LR": 9.022174127663174e-05, "running_L_occ": 0.026455161723231833, "running_L_qr": 0.012537696792181096, "running_L_total": 0.03899285851541293, "pre_clip_grad_norm": 0.1741592288017273, "clipping_fraction": 0.0, "samples_per_second": 7.6475951838688125, "GPU_allocated_bytes": 87739904, "GPU_reserved_bytes": 7105150976, "data_wait_seconds": 25.338881699892227, "training_samples_seen": 11400, "scope": "FORMAL_SCIENTIFIC_RUN"}
TRAIN {"utc": "2026-10-01T10:17:19.244708+00:00", "epoch": 11, "global_update": 64400, "LR": 9.018940115988672e-05, "running_L_occ": 0.026429706125922273, "running_L_qr": 0.012525439595136266, "running_L_total": 0.038955145721058536, "pre_clip_grad_norm": 0.05708671361207962, "clipping_fraction": 0.0, "samples_per_second": 7.651722768524458, "GPU_allocated_bytes": 87739904, "GPU_reserved_bytes": 7105150976, "data_wait_seconds": 25.68915389988615, "training_samples_seen": 11600, "scope": "FORMAL_SCIENTIFIC_RUN"}
TRAIN {"utc": "2026-10-01T10:17:34.514271+00:00", "epoch": 11, "global_update": 64460, "LR": 9.016997428246385e-05, "running_L_occ": 0.026409951456743724, "running_L_qr": 0.012513964408547736, "running_L_total": 0.03892391586529146, "pre_clip_grad_norm": 0.20707948505878448, "clipping_fraction": 0.0, "samples_per_second": 7.653789444345114, "GPU_allocated_bytes": 87739904, "GPU_reserved_bytes": 7105150976, "data_wait_seconds": 25.899438399887003, "training_samples_seen": 11720, "scope": "FORMAL_SCIENTIFIC_RUN"}
VALIDATION {"epoch": 11, "phase": "VALIDATION", "scenes_completed": 8, "scenes_required": 11727, "wall_seconds": 5.93913309999698, "updated_utc": "2026-10-01T10:17:41.280358+00:00"}
VALIDATION {"epoch": 11, "phase": "VALIDATION", "scenes_completed": 808, "scenes_required": 11727, "wall_seconds": 36.2182243999996, "updated_utc": "2026-10-01T10:18:11.558545+00:00"}
VALIDATION {"epoch": 11, "phase": "VALIDATION", "scenes_completed": 1608, "scenes_required": 11727, "wall_seconds": 66.55773359999876, "updated_utc": "2026-10-01T10:18:41.897448+00:00"}
VALIDATION {"epoch": 11, "phase": "VALIDATION", "scenes_completed": 2408, "scenes_required": 11727, "wall_seconds": 96.83060309999928, "updated_utc": "2026-10-01T10:19:12.169251+00:00"}
VALIDATION {"epoch": 11, "phase": "VALIDATION", "scenes_completed": 3208, "scenes_required": 11727, "wall_seconds": 127.13314879999962, "updated_utc": "2026-10-01T10:19:42.471605+00:00"}
VALIDATION {"epoch": 11, "phase": "VALIDATION", "scenes_completed": 4008, "scenes_required": 11727, "wall_seconds": 157.45106869999654, "updated_utc": "2026-10-01T10:20:12.788480+00:00"}
VALIDATION {"epoch": 11, "phase": "VALIDATION", "scenes_completed": 4808, "scenes_required": 11727, "wall_seconds": 187.80445410000175, "updated_utc": "2026-10-01T10:20:43.140548+00:00"}
VALIDATION {"epoch": 11, "phase": "VALIDATION", "scenes_completed": 5608, "scenes_required": 11727, "wall_seconds": 218.1420298999983, "updated_utc": "2026-10-01T10:21:13.477980+00:00"}
VALIDATION {"epoch": 11, "phase": "VALIDATION", "scenes_completed": 6408, "scenes_required": 11727, "wall_seconds": 248.4298990999996, "updated_utc": "2026-10-01T10:21:43.764227+00:00"}
VALIDATION {"epoch": 11, "phase": "VALIDATION", "scenes_completed": 7208, "scenes_required": 11727, "wall_seconds": 278.816274599998, "updated_utc": "2026-10-01T10:22:14.149910+00:00"}
VALIDATION {"epoch": 11, "phase": "VALIDATION", "scenes_completed": 8008, "scenes_required": 11727, "wall_seconds": 309.1216650999959, "updated_utc": "2026-10-01T10:22:44.455025+00:00"}
VALIDATION {"epoch": 11, "phase": "VALIDATION", "scenes_completed": 8808, "scenes_required": 11727, "wall_seconds": 339.42144039999766, "updated_utc": "2026-10-01T10:23:14.753346+00:00"}
VALIDATION {"epoch": 11, "phase": "VALIDATION", "scenes_completed": 9608, "scenes_required": 11727, "wall_seconds": 369.73373479999645, "updated_utc": "2026-10-01T10:23:45.065320+00:00"}
VALIDATION {"epoch": 11, "phase": "VALIDATION", "scenes_completed": 10408, "scenes_required": 11727, "wall_seconds": 400.0437081000018, "updated_utc": "2026-10-01T10:24:15.374571+00:00"}
VALIDATION {"epoch": 11, "phase": "VALIDATION", "scenes_completed": 11208, "scenes_required": 11727, "wall_seconds": 430.3851864999997, "updated_utc": "2026-10-01T10:24:45.714733+00:00"}
VALIDATION {"epoch": 11, "phase": "VALIDATION", "scenes_completed": 11727, "scenes_required": 11727, "wall_seconds": 450.0293974999986, "updated_utc": "2026-10-01T10:25:05.358903+00:00"}
EPOCH_COMPLETED {"epoch": 11, "global_val_core_loss": 0.04730775889882134, "best_epoch": 11, "early_stop_count": 0, "wall_seconds": 1986.7757163999959}
TRAIN {"utc": "2026-10-01T10:25:15.353625+00:00", "epoch": 12, "global_update": 64461, "LR": 9.016965035631502e-05, "running_L_occ": 0.03816145011854506, "running_L_qr": 0.02570465337406772, "running_L_total": 0.06386610349261278, "pre_clip_grad_norm": 0.17436636984348297, "clipping_fraction": 0.0, "samples_per_second": 0.3911023434659059, "GPU_allocated_bytes": 87739904, "GPU_reserved_bytes": 7105150976, "data_wait_seconds": 4.869744499999797, "training_samples_seen": 2, "scope": "FORMAL_SCIENTIFIC_RUN"}
TRAIN {"utc": "2026-10-01T10:25:25.063995+00:00", "epoch": 12, "global_update": 64500, "LR": 9.015701353294198e-05, "running_L_occ": 0.028299234698463585, "running_L_qr": 0.014543223408229035, "running_L_total": 0.04284245810669262, "pre_clip_grad_norm": 0.022284645587205887, "clipping_fraction": 0.0, "samples_per_second": 5.396490439663218, "GPU_allocated_bytes": 87739904, "GPU_reserved_bytes": 7105150976, "data_wait_seconds": 4.981421000018599, "training_samples_seen": 80, "scope": "FORMAL_SCIENTIFIC_RUN"}
TRAIN {"utc": "2026-10-01T10:25:50.323955+00:00", "epoch": 12, "global_update": 64600, "LR": 9.01245784345671e-05, "running_L_occ": 0.02912017843542995, "running_L_qr": 0.014351932089809515, "running_L_total": 0.043472110525239464, "pre_clip_grad_norm": 0.0431663952767849, "clipping_fraction": 0.0, "samples_per_second": 6.985103515854653, "GPU_allocated_bytes": 87739904, "GPU_reserved_bytes": 7105150976, "data_wait_seconds": 5.312710200101719, "training_samples_seen": 280, "scope": "FORMAL_SCIENTIFIC_RUN"}
TRAIN {"utc": "2026-10-01T10:26:15.609262+00:00", "epoch": 12, "global_update": 64700, "LR": 9.009209590358853e-05, "running_L_occ": 0.02760330718215687, "running_L_qr": 0.01341301898718617, "running_L_total": 0.04101632616934304, "pre_clip_grad_norm": 0.10187764465808868, "clipping_fraction": 0.0, "samples_per_second": 7.342706087571762, "GPU_allocated_bytes": 87739904, "GPU_reserved_bytes": 7105150976, "data_wait_seconds": 5.652758900083427, "training_samples_seen": 480, "scope": "FORMAL_SCIENTIFIC_RUN"}
TRAIN {"utc": "2026-10-01T10:26:40.911964+00:00", "epoch": 12, "global_update": 64800, "LR": 9.005956597888949e-05, "running_L_occ": 0.027054283130487477, "running_L_qr": 0.012999926208846912, "running_L_total": 0.04005420933933439, "pre_clip_grad_norm": 0.10873084515333176, "clipping_fraction": 0.0, "samples_per_second": 7.499334114273151, "GPU_allocated_bytes": 87739904, "GPU_reserved_bytes": 7105150976, "data_wait_seconds": 5.995673100092972, "training_samples_seen": 680, "scope": "FORMAL_SCIENTIFIC_RUN"}
TRAIN {"utc": "2026-10-01T10:27:06.204453+00:00", "epoch": 12, "global_update": 64900, "LR": 9.002698869940994e-05, "running_L_occ": 0.026381327700258066, "running_L_qr": 0.01270002085398446, "running_L_total": 0.03908134855424253, "pre_clip_grad_norm": 0.06594348698854446, "clipping_fraction": 0.0, "samples_per_second": 7.588338290694501, "GPU_allocated_bytes": 87739904, "GPU_reserved_bytes": 7105150976, "data_wait_seconds": 6.340079100104049, "training_samples_seen": 880, "scope": "FORMAL_SCIENTIFIC_RUN"}
TRAIN {"utc": "2026-10-01T10:27:31.537148+00:00", "epoch": 12, "global_update": 65000, "LR": 8.999436410414646e-05, "running_L_occ": 0.02688363074172406, "running_L_qr": 0.012906847085706845, "running_L_total": 0.039790477827430906, "pre_clip_grad_norm": 0.18298004567623138, "clipping_fraction": 0.0, "samples_per_second": 7.643250804446043, "GPU_allocated_bytes": 87739904, "GPU_reserved_bytes": 7105150976, "data_wait_seconds": 6.685721400172042, "training_samples_seen": 1080, "scope": "FORMAL_SCIENTIFIC_RUN"}
TRAIN {"utc": "2026-10-01T10:27:56.931740+00:00", "epoch": 12, "global_update": 65100, "LR": 8.996169223215238e-05, "running_L_occ": 0.027192383875700818, "running_L_qr": 0.013283054350270029, "running_L_total": 0.04047543822597085, "pre_clip_grad_norm": 0.15258535742759705, "clipping_fraction": 0.0, "samples_per_second": 7.678628340512262, "GPU_allocated_bytes": 87739904, "GPU_reserved_bytes": 7105150976, "data_wait_seconds": 7.031897300170385, "training_samples_seen": 1280, "scope": "FORMAL_SCIENTIFIC_RUN"}
TRAIN {"utc": "2026-10-01T10:28:22.237246+00:00", "epoch": 12, "global_update": 65200, "LR": 8.992897312253756e-05, "running_L_occ": 0.027063994612592717, "running_L_qr": 0.013100511255739472, "running_L_total": 0.040164505868332194, "pre_clip_grad_norm": 0.09065797924995422, "clipping_fraction": 0.0, "samples_per_second": 7.70823553910986, "GPU_allocated_bytes": 87739904, "GPU_reserved_bytes": 7105150976, "data_wait_seconds": 7.377205800177762, "training_samples_seen": 1480, "scope": "FORMAL_SCIENTIFIC_RUN"}
TRAIN {"utc": "2026-10-01T10:28:47.580526+00:00", "epoch": 12, "global_update": 65300, "LR": 8.989620681446839e-05, "running_L_occ": 0.027264469718717533, "running_L_qr": 0.013168072822559104, "running_L_total": 0.04043254254127663, "pre_clip_grad_norm": 0.11843781918287277, "clipping_fraction": 0.0, "samples_per_second": 7.72958987553438, "GPU_allocated_bytes": 87739904, "GPU_reserved_bytes": 7105150976, "data_wait_seconds": 7.723880400211783, "training_samples_seen": 1680, "scope": "FORMAL_SCIENTIFIC_RUN"}
TRAIN {"utc": "2026-10-01T10:29:12.988852+00:00", "epoch": 12, "global_update": 65400, "LR": 8.986339334716779e-05, "running_L_occ": 0.02706214000737461, "running_L_qr": 0.012961413443127984, "running_L_total": 0.04002355345050259, "pre_clip_grad_norm": 0.04264477267861366, "clipping_fraction": 0.0, "samples_per_second": 7.744431314759071, "GPU_allocated_bytes": 87739904, "GPU_reserved_bytes": 7105150976, "data_wait_seconds": 8.069074500192073, "training_samples_seen": 1880, "scope": "FORMAL_SCIENTIFIC_RUN"}
TRAIN {"utc": "2026-10-01T10:29:38.337440+00:00", "epoch": 12, "global_update": 65500, "LR": 8.983053275991512e-05, "running_L_occ": 0.02704427420488709, "running_L_qr": 0.012976624492037942, "running_L_total": 0.04002089869692503, "pre_clip_grad_norm": 0.23266126215457916, "clipping_fraction": 0.0, "samples_per_second": 7.7581726008470016, "GPU_allocated_bytes": 87739904, "GPU_reserved_bytes": 7105150976, "data_wait_seconds": 8.415832800186763, "training_samples_seen": 2080, "scope": "FORMAL_SCIENTIFIC_RUN"}
TRAIN {"utc": "2026-10-01T10:30:03.599325+00:00", "epoch": 12, "global_update": 65600, "LR": 8.979762509204618e-05, "running_L_occ": 0.027017735442182996, "running_L_qr": 0.012927416730099398, "running_L_total": 0.039945152172282394, "pre_clip_grad_norm": 0.14299356937408447, "clipping_fraction": 0.0, "samples_per_second": 7.771832811605975, "GPU_allocated_bytes": 87739904, "GPU_reserved_bytes": 7105150976, "data_wait_seconds": 8.762107300179196, "training_samples_seen": 2280, "scope": "FORMAL_SCIENTIFIC_RUN"}
TRAIN {"utc": "2026-10-01T10:30:28.984278+00:00", "epoch": 12, "global_update": 65700, "LR": 8.976467038295304e-05, "running_L_occ": 0.02679739401358839, "running_L_qr": 0.012756502513357804, "running_L_total": 0.039553896526946186, "pre_clip_grad_norm": 0.1284591257572174, "clipping_fraction": 0.0, "samples_per_second": 7.7803153251811725, "GPU_allocated_bytes": 87739904, "GPU_reserved_bytes": 7105150976, "data_wait_seconds": 9.108857000159333, "training_samples_seen": 2480, "scope": "FORMAL_SCIENTIFIC_RUN"}
TRAIN {"utc": "2026-10-01T10:30:54.210815+00:00", "epoch": 12, "global_update": 65800, "LR": 8.973166867208416e-05, "running_L_occ": 0.026591462007769823, "running_L_qr": 0.012691835436105995, "running_L_total": 0.03928329744387582, "pre_clip_grad_norm": 0.0603511743247509, "clipping_fraction": 0.0, "samples_per_second": 7.791144319885709, "GPU_allocated_bytes": 87739904, "GPU_reserved_bytes": 7105150976, "data_wait_seconds": 9.456912900175666, "training_samples_seen": 2680, "scope": "FORMAL_SCIENTIFIC_RUN"}
TRAIN {"utc": "2026-10-01T10:31:19.536239+00:00", "epoch": 12, "global_update": 65900, "LR": 8.969861999894425e-05, "running_L_occ": 0.026464911510226362, "running_L_qr": 0.012674431832861502, "running_L_total": 0.039139343343087864, "pre_clip_grad_norm": 0.09152385592460632, "clipping_fraction": 0.0, "samples_per_second": 7.798401347544751, "GPU_allocated_bytes": 87739904, "GPU_reserved_bytes": 7105150976, "data_wait_seconds": 9.802396500192117, "training_samples_seen": 2880, "scope": "FORMAL_SCIENTIFIC_RUN"}
TRAIN {"utc": "2026-10-01T10:31:44.752310+00:00", "epoch": 12, "global_update": 66000, "LR": 8.966552440309422e-05, "running_L_occ": 0.026353311196557594, "running_L_qr": 0.012629867492652724, "running_L_total": 0.038983178689210314, "pre_clip_grad_norm": 0.10147947072982788, "clipping_fraction": 0.0, "samples_per_second": 7.806893636882617, "GPU_allocated_bytes": 87739904, "GPU_reserved_bytes": 7105150976, "data_wait_seconds": 10.145974700164516, "training_samples_seen": 3080, "scope": "FORMAL_SCIENTIFIC_RUN"}
TRAIN {"utc": "2026-10-01T10:32:10.083971+00:00", "epoch": 12, "global_update": 66100, "LR": 8.963238192415114e-05, "running_L_occ": 0.02641617690889752, "running_L_qr": 0.012603465054747971, "running_L_total": 0.03901964196364549, "pre_clip_grad_norm": 0.28735050559043884, "clipping_fraction": 0.0, "samples_per_second": 7.8122276903494825, "GPU_allocated_bytes": 87739904, "GPU_reserved_bytes": 7105150976, "data_wait_seconds": 10.493084900183021, "training_samples_seen": 3280, "scope": "FORMAL_SCIENTIFIC_RUN"}
TRAIN {"utc": "2026-10-01T10:32:35.287489+00:00", "epoch": 12, "global_update": 66200, "LR": 8.959919260178824e-05, "running_L_occ": 0.026335226078431567, "running_L_qr": 0.012527770038217971, "running_L_total": 0.03886299611664954, "pre_clip_grad_norm": 0.03456687927246094, "clipping_fraction": 0.0, "samples_per_second": 7.819191677367886, "GPU_allocated_bytes": 87739904, "GPU_reserved_bytes": 7105150976, "data_wait_seconds": 10.84057970019785, "training_samples_seen": 3480, "scope": "FORMAL_SCIENTIFIC_RUN"}
TRAIN {"utc": "2026-10-01T10:33:00.769961+00:00", "epoch": 12, "global_update": 66300, "LR": 8.956595647573481e-05, "running_L_occ": 0.02628646360186161, "running_L_qr": 0.012479983894105859, "running_L_total": 0.03876644749596747, "pre_clip_grad_norm": 0.13080820441246033, "clipping_fraction": 0.0, "samples_per_second": 7.820775841590901, "GPU_allocated_bytes": 87739904, "GPU_reserved_bytes": 7105150976, "data_wait_seconds": 11.189602500220644, "training_samples_seen": 3680, "scope": "FORMAL_SCIENTIFIC_RUN"}
TRAIN {"utc": "2026-10-01T10:33:26.064441+00:00", "epoch": 12, "global_update": 66400, "LR": 8.953267358577611e-05, "running_L_occ": 0.02628553918752106, "running_L_qr": 0.012497271237772896, "running_L_total": 0.038782810425293954, "pre_clip_grad_norm": 0.07422079890966415, "clipping_fraction": 0.0, "samples_per_second": 7.825155713010607, "GPU_allocated_bytes": 87739904, "GPU_reserved_bytes": 7105150976, "data_wait_seconds": 11.537746900219645, "training_samples_seen": 3880, "scope": "FORMAL_SCIENTIFIC_RUN"}
TRAIN {"utc": "2026-10-01T10:33:51.272091+00:00", "epoch": 12, "global_update": 66500, "LR": 8.949934397175346e-05, "running_L_occ": 0.026259862226449066, "running_L_qr": 0.01247920466173997, "running_L_total": 0.03873906688818904, "pre_clip_grad_norm": 0.1497240960597992, "clipping_fraction": 0.0, "samples_per_second": 7.830416736891897, "GPU_allocated_bytes": 87739904, "GPU_reserved_bytes": 7105150976, "data_wait_seconds": 11.883160500183294, "training_samples_seen": 4080, "scope": "FORMAL_SCIENTIFIC_RUN"}
TRAIN {"utc": "2026-10-01T10:34:16.481400+00:00", "epoch": 12, "global_update": 66600, "LR": 8.946596767356408e-05, "running_L_occ": 0.026275091250067887, "running_L_qr": 0.012544780826542194, "running_L_total": 0.03881987207661008, "pre_clip_grad_norm": 0.12575852870941162, "clipping_fraction": 0.0, "samples_per_second": 7.835170696849451, "GPU_allocated_bytes": 87739904, "GPU_reserved_bytes": 7105150976, "data_wait_seconds": 12.228457200217235, "training_samples_seen": 4280, "scope": "FORMAL_SCIENTIFIC_RUN"}
TRAIN {"utc": "2026-10-01T10:34:41.771555+00:00", "epoch": 12, "global_update": 66700, "LR": 8.943254473116102e-05, "running_L_occ": 0.026226340737435145, "running_L_qr": 0.012525376364629191, "running_L_total": 0.038751717102064334, "pre_clip_grad_norm": 0.4088837206363678, "clipping_fraction": 0.0, "samples_per_second": 7.838401983224074, "GPU_allocated_bytes": 87739904, "GPU_reserved_bytes": 7105150976, "data_wait_seconds": 12.580536100198515, "training_samples_seen": 4480, "scope": "FORMAL_SCIENTIFIC_RUN"}
TRAIN {"utc": "2026-10-01T10:35:07.068196+00:00", "epoch": 12, "global_update": 66800, "LR": 8.939907518455329e-05, "running_L_occ": 0.026261716271180378, "running_L_qr": 0.012519819452400004, "running_L_total": 0.03878153572358038, "pre_clip_grad_norm": 0.16300898790359497, "clipping_fraction": 0.0, "samples_per_second": 7.841265950646682, "GPU_allocated_bytes": 87739904, "GPU_reserved_bytes": 7105150976, "data_wait_seconds": 12.930969400178583, "training_samples_seen": 4680, "scope": "FORMAL_SCIENTIFIC_RUN"}
TRAIN {"utc": "2026-10-01T10:35:32.486174+00:00", "epoch": 12, "global_update": 66900, "LR": 8.936555907380556e-05, "running_L_occ": 0.026328359527861445, "running_L_qr": 0.012558062860221004, "running_L_total": 0.038886422388082445, "pre_clip_grad_norm": 0.18316788971424103, "clipping_fraction": 0.0, "samples_per_second": 7.842368759482729, "GPU_allocated_bytes": 87739904, "GPU_reserved_bytes": 7105150976, "data_wait_seconds": 13.285173300173483, "training_samples_seen": 4880, "scope": "FORMAL_SCIENTIFIC_RUN"}
TRAIN {"utc": "2026-10-01T10:35:57.842410+00:00", "epoch": 12, "global_update": 67000, "LR": 8.93319964390383e-05, "running_L_occ": 0.02631187595334805, "running_L_qr": 0.012549727255257973, "running_L_total": 0.038861603208606016, "pre_clip_grad_norm": 0.03922252729535103, "clipping_fraction": 0.0, "samples_per_second": 7.84413721102922, "GPU_allocated_bytes": 87739904, "GPU_reserved_bytes": 7105150976, "data_wait_seconds": 13.634031100176799, "training_samples_seen": 5080, "scope": "FORMAL_SCIENTIFIC_RUN"}
TRAIN {"utc": "2026-10-01T10:36:23.285917+00:00", "epoch": 12, "global_update": 67100, "LR": 8.929838732042767e-05, "running_L_occ": 0.02626928233847545, "running_L_qr": 0.012527002184813481, "running_L_total": 0.03879628452328893, "pre_clip_grad_norm": 0.08407150954008102, "clipping_fraction": 0.0, "samples_per_second": 7.8447441596173, "GPU_allocated_bytes": 87739904, "GPU_reserved_bytes": 7105150976, "data_wait_seconds": 13.985608200237039, "training_samples_seen": 5280, "scope": "FORMAL_SCIENTIFIC_RUN"}
TRAIN {"utc": "2026-10-01T10:36:48.589645+00:00", "epoch": 12, "global_update": 67200, "LR": 8.926473175820548e-05, "running_L_occ": 0.02625807591877565, "running_L_qr": 0.012522950377882399, "running_L_total": 0.03878102629665805, "pre_clip_grad_norm": 0.08211172372102737, "clipping_fraction": 0.0, "samples_per_second": 7.846891300016293, "GPU_allocated_bytes": 87739904, "GPU_reserved_bytes": 7105150976, "data_wait_seconds": 14.333379100215097, "training_samples_seen": 5480, "scope": "FORMAL_SCIENTIFIC_RUN"}
TRAIN {"utc": "2026-10-01T10:37:13.875288+00:00", "epoch": 12, "global_update": 67300, "LR": 8.92310297926591e-05, "running_L_occ": 0.02625282599935624, "running_L_qr": 0.012523474023049999, "running_L_total": 0.03877630002240624, "pre_clip_grad_norm": 0.020640268921852112, "clipping_fraction": 0.0, "samples_per_second": 7.849072255779054, "GPU_allocated_bytes": 87739904, "GPU_reserved_bytes": 7105150976, "data_wait_seconds": 14.686428700129909, "training_samples_seen": 5680, "scope": "FORMAL_SCIENTIFIC_RUN"}
TRAIN {"utc": "2026-10-01T10:37:39.247477+00:00", "epoch": 12, "global_update": 67400, "LR": 8.919728146413148e-05, "running_L_occ": 0.026187237581239992, "running_L_qr": 0.012461506459773253, "running_L_total": 0.03864874404101324, "pre_clip_grad_norm": 0.09510116279125214, "clipping_fraction": 0.0, "samples_per_second": 7.8502095471120334, "GPU_allocated_bytes": 87739904, "GPU_reserved_bytes": 7105150976, "data_wait_seconds": 15.035949800163507, "training_samples_seen": 5880, "scope": "FORMAL_SCIENTIFIC_RUN"}
TRAIN {"utc": "2026-10-01T10:38:04.589986+00:00", "epoch": 12, "global_update": 67500, "LR": 8.916348681302106e-05, "running_L_occ": 0.026257419444928726, "running_L_qr": 0.012521006299975063, "running_L_total": 0.03877842574490379, "pre_clip_grad_norm": 0.0841718465089798, "clipping_fraction": 0.0, "samples_per_second": 7.851566778833566, "GPU_allocated_bytes": 87739904, "GPU_reserved_bytes": 7105150976, "data_wait_seconds": 15.383694400123204, "training_samples_seen": 6080, "scope": "FORMAL_SCIENTIFIC_RUN"}
TRAIN {"utc": "2026-10-01T10:38:30.054380+00:00", "epoch": 12, "global_update": 67600, "LR": 8.912964587978173e-05, "running_L_occ": 0.026255695330115927, "running_L_qr": 0.01253455848943278, "running_L_total": 0.0387902538195487, "pre_clip_grad_norm": 0.03466213494539261, "clipping_fraction": 0.0, "samples_per_second": 7.85164648732404, "GPU_allocated_bytes": 87739904, "GPU_reserved_bytes": 7105150976, "data_wait_seconds": 15.736239300109446, "training_samples_seen": 6280, "scope": "FORMAL_SCIENTIFIC_RUN"}
TRAIN {"utc": "2026-10-01T10:38:55.205655+00:00", "epoch": 12, "global_update": 67700, "LR": 8.909575870492278e-05, "running_L_occ": 0.026236081609888655, "running_L_qr": 0.012484465383688737, "running_L_total": 0.038720546993577395, "pre_clip_grad_norm": 0.03944534808397293, "clipping_fraction": 0.0, "samples_per_second": 7.854689818983944, "GPU_allocated_bytes": 87739904, "GPU_reserved_bytes": 7105150976, "data_wait_seconds": 16.07836100007262, "training_samples_seen": 6480, "scope": "FORMAL_SCIENTIFIC_RUN"}
TRAIN {"utc": "2026-10-01T10:39:20.529378+00:00", "epoch": 12, "global_update": 67800, "LR": 8.906182532900885e-05, "running_L_occ": 0.026224470387069827, "running_L_qr": 0.012491636696852538, "running_L_total": 0.03871610708392236, "pre_clip_grad_norm": 0.09394728392362595, "clipping_fraction": 0.0, "samples_per_second": 7.855973566124215, "GPU_allocated_bytes": 87739904, "GPU_reserved_bytes": 7105150976, "data_wait_seconds": 16.42520860007062, "training_samples_seen": 6680, "scope": "FORMAL_SCIENTIFIC_RUN"}
TRAIN {"utc": "2026-10-01T10:39:45.882628+00:00", "epoch": 12, "global_update": 67900, "LR": 8.902784579265988e-05, "running_L_occ": 0.026225009500649408, "running_L_qr": 0.012480098755928776, "running_L_total": 0.038705108256578184, "pre_clip_grad_norm": 0.09922032803297043, "clipping_fraction": 0.0, "samples_per_second": 7.856912373982153, "GPU_allocated_bytes": 87739904, "GPU_reserved_bytes": 7105150976, "data_wait_seconds": 16.771759200055385, "training_samples_seen": 6880, "scope": "FORMAL_SCIENTIFIC_RUN"}
TRAIN {"utc": "2026-10-01T10:40:11.227687+00:00", "epoch": 12, "global_update": 68000, "LR": 8.899382013655109e-05, "running_L_occ": 0.02619734348820434, "running_L_qr": 0.012451936897259406, "running_L_total": 0.038649280385463745, "pre_clip_grad_norm": 0.07542197406291962, "clipping_fraction": 0.0, "samples_per_second": 7.85786376556514, "GPU_allocated_bytes": 87739904, "GPU_reserved_bytes": 7105150976, "data_wait_seconds": 17.11574830004247, "training_samples_seen": 7080, "scope": "FORMAL_SCIENTIFIC_RUN"}
TRAIN {"utc": "2026-10-01T10:40:36.498922+00:00", "epoch": 12, "global_update": 68100, "LR": 8.89597484014129e-05, "running_L_occ": 0.026158490368586525, "running_L_qr": 0.01245736203491519, "running_L_total": 0.03861585240350172, "pre_clip_grad_norm": 0.11422032117843628, "clipping_fraction": 0.0, "samples_per_second": 7.8593967184405304, "GPU_allocated_bytes": 87739904, "GPU_reserved_bytes": 7105150976, "data_wait_seconds": 17.461131000083697, "training_samples_seen": 7280, "scope": "FORMAL_SCIENTIFIC_RUN"}
TRAIN {"utc": "2026-10-01T10:41:02.044505+00:00", "epoch": 12, "global_update": 68200, "LR": 8.892563062803088e-05, "running_L_occ": 0.026108881582674392, "running_L_qr": 0.012429784331102285, "running_L_total": 0.03853866591377668, "pre_clip_grad_norm": 0.10458871722221375, "clipping_fraction": 0.0, "samples_per_second": 7.8585784295613825, "GPU_allocated_bytes": 87739904, "GPU_reserved_bytes": 7105150976, "data_wait_seconds": 17.81329180013563, "training_samples_seen": 7480, "scope": "FORMAL_SCIENTIFIC_RUN"}
TRAIN {"utc": "2026-10-01T10:41:27.403132+00:00", "epoch": 12, "global_update": 68300, "LR": 8.889146685724569e-05, "running_L_occ": 0.02609396664483815, "running_L_qr": 0.012436849753000629, "running_L_total": 0.03853081639783878, "pre_clip_grad_norm": 0.16843008995056152, "clipping_fraction": 0.0, "samples_per_second": 7.859309238016659, "GPU_allocated_bytes": 87739904, "GPU_reserved_bytes": 7105150976, "data_wait_seconds": 18.16271840014815, "training_samples_seen": 7680, "scope": "FORMAL_SCIENTIFIC_RUN"}
TRAIN {"utc": "2026-10-01T10:41:52.733608+00:00", "epoch": 12, "global_update": 68400, "LR": 8.88572571299531e-05, "running_L_occ": 0.02613272702084285, "running_L_qr": 0.012461402997340278, "running_L_total": 0.038594130018183126, "pre_clip_grad_norm": 0.13513348996639252, "clipping_fraction": 0.0, "samples_per_second": 7.8602287233752, "GPU_allocated_bytes": 87739904, "GPU_reserved_bytes": 7105150976, "data_wait_seconds": 18.51290360018902, "training_samples_seen": 7880, "scope": "FORMAL_SCIENTIFIC_RUN"}
TRAIN {"utc": "2026-10-01T10:42:18.014697+00:00", "epoch": 12, "global_update": 68500, "LR": 8.882300148710386e-05, "running_L_occ": 0.026063439118061908, "running_L_qr": 0.012422272975605572, "running_L_total": 0.03848571209366748, "pre_clip_grad_norm": 0.04032919183373451, "clipping_fraction": 0.0, "samples_per_second": 7.861472777255438, "GPU_allocated_bytes": 87739904, "GPU_reserved_bytes": 7105150976, "data_wait_seconds": 18.861742200162553, "training_samples_seen": 8080, "scope": "FORMAL_SCIENTIFIC_RUN"}
TRAIN {"utc": "2026-10-01T10:42:43.346829+00:00", "epoch": 12, "global_update": 68600, "LR": 8.878869996970365e-05, "running_L_occ": 0.025964156124354897, "running_L_qr": 0.01235757564759453, "running_L_total": 0.038321731771949426, "pre_clip_grad_norm": 0.22975794970989227, "clipping_fraction": 0.0, "samples_per_second": 7.862277252054635, "GPU_allocated_bytes": 87739904, "GPU_reserved_bytes": 7105150976, "data_wait_seconds": 19.207285700125794, "training_samples_seen": 8280, "scope": "FORMAL_SCIENTIFIC_RUN"}
TRAIN {"utc": "2026-10-01T10:44:03.487851+00:00", "epoch": 12, "global_update": 68700, "LR": 8.875435261881317e-05, "running_L_occ": 0.025983732137338404, "running_L_qr": 0.012357383542113184, "running_L_total": 0.03834111567945158, "pre_clip_grad_norm": 0.07714470475912094, "clipping_fraction": 0.0, "samples_per_second": 7.482755642177435, "GPU_allocated_bytes": 87739904, "GPU_reserved_bytes": 7105150976, "data_wait_seconds": 74.42464640011167, "training_samples_seen": 8480, "scope": "FORMAL_SCIENTIFIC_RUN"}
TRAIN {"utc": "2026-10-01T10:44:28.880529+00:00", "epoch": 12, "global_update": 68800, "LR": 8.871995947554787e-05, "running_L_occ": 0.026071893530663283, "running_L_qr": 0.012427621607321939, "running_L_total": 0.038499515137985225, "pre_clip_grad_norm": 0.02351248636841774, "clipping_fraction": 0.0, "samples_per_second": 7.491373358419427, "GPU_allocated_bytes": 87739904, "GPU_reserved_bytes": 7105150976, "data_wait_seconds": 74.77178860011918, "training_samples_seen": 8680, "scope": "FORMAL_SCIENTIFIC_RUN"}
TRAIN {"utc": "2026-10-01T10:44:54.353030+00:00", "epoch": 12, "global_update": 68900, "LR": 8.868552058107809e-05, "running_L_occ": 0.02615568065699695, "running_L_qr": 0.01247589141186611, "running_L_total": 0.03863157206886306, "pre_clip_grad_norm": 0.07099778950214386, "clipping_fraction": 0.0, "samples_per_second": 7.499122561491172, "GPU_allocated_bytes": 87739904, "GPU_reserved_bytes": 7105150976, "data_wait_seconds": 75.12848490018223, "training_samples_seen": 8880, "scope": "FORMAL_SCIENTIFIC_RUN"}
TRAIN {"utc": "2026-10-01T10:45:19.856788+00:00", "epoch": 12, "global_update": 69000, "LR": 8.865103597662889e-05, "running_L_occ": 0.026096375691472506, "running_L_qr": 0.012449832301190154, "running_L_total": 0.03854620799266266, "pre_clip_grad_norm": 0.0403197780251503, "clipping_fraction": 0.0, "samples_per_second": 7.506347968225779, "GPU_allocated_bytes": 87739904, "GPU_reserved_bytes": 7105150976, "data_wait_seconds": 75.48587160017632, "training_samples_seen": 9080, "scope": "FORMAL_SCIENTIFIC_RUN"}
TRAIN {"utc": "2026-10-01T10:45:45.160110+00:00", "epoch": 12, "global_update": 69100, "LR": 8.861650570348009e-05, "running_L_occ": 0.026084796595974263, "running_L_qr": 0.012458171770140943, "running_L_total": 0.038542968366115204, "pre_clip_grad_norm": 0.008199897594749928, "clipping_fraction": 0.0, "samples_per_second": 7.514495872069179, "GPU_allocated_bytes": 87739904, "GPU_reserved_bytes": 7105150976, "data_wait_seconds": 75.83386130020517, "training_samples_seen": 9280, "scope": "FORMAL_SCIENTIFIC_RUN"}
TRAIN {"utc": "2026-10-01T10:46:10.564427+00:00", "epoch": 12, "global_update": 69200, "LR": 8.858192980296615e-05, "running_L_occ": 0.026101065744396357, "running_L_qr": 0.012444710938155946, "running_L_total": 0.0385457766825523, "pre_clip_grad_norm": 0.025632891803979874, "clipping_fraction": 0.0, "samples_per_second": 7.521712461420891, "GPU_allocated_bytes": 87739904, "GPU_reserved_bytes": 7105150976, "data_wait_seconds": 76.18589470026927, "training_samples_seen": 9480, "scope": "FORMAL_SCIENTIFIC_RUN"}
TRAIN {"utc": "2026-10-01T10:46:35.971736+00:00", "epoch": 12, "global_update": 69300, "LR": 8.854730831647613e-05, "running_L_occ": 0.026111777500498087, "running_L_qr": 0.01245510230326968, "running_L_total": 0.038566879803767766, "pre_clip_grad_norm": 0.08900260180234909, "clipping_fraction": 0.0, "samples_per_second": 7.528625758315926, "GPU_allocated_bytes": 87739904, "GPU_reserved_bytes": 7105150976, "data_wait_seconds": 76.53843810025137, "training_samples_seen": 9680, "scope": "FORMAL_SCIENTIFIC_RUN"}
TRAIN {"utc": "2026-10-01T10:47:01.364932+00:00", "epoch": 12, "global_update": 69400, "LR": 8.851264128545369e-05, "running_L_occ": 0.026078666413690593, "running_L_qr": 0.012441178928186972, "running_L_total": 0.038519845341877565, "pre_clip_grad_norm": 0.3805736005306244, "clipping_fraction": 0.0, "samples_per_second": 7.535353416465184, "GPU_allocated_bytes": 87739904, "GPU_reserved_bytes": 7105150976, "data_wait_seconds": 76.88675160024286, "training_samples_seen": 9880, "scope": "FORMAL_SCIENTIFIC_RUN"}
TRAIN {"utc": "2026-10-01T10:47:26.817303+00:00", "epoch": 12, "global_update": 69500, "LR": 8.847792875139702e-05, "running_L_occ": 0.026088357546593867, "running_L_qr": 0.012457192227163072, "running_L_total": 0.03854554977375694, "pre_clip_grad_norm": 0.25611987709999084, "clipping_fraction": 0.0, "samples_per_second": 7.541492057072086, "GPU_allocated_bytes": 87739904, "GPU_reserved_bytes": 7105150976, "data_wait_seconds": 77.23687930024607, "training_samples_seen": 10080, "scope": "FORMAL_SCIENTIFIC_RUN"}
TRAIN {"utc": "2026-10-01T10:47:52.246028+00:00", "epoch": 12, "global_update": 69600, "LR": 8.844317075585876e-05, "running_L_occ": 0.026071286440827682, "running_L_qr": 0.012441077767733084, "running_L_total": 0.038512364208560766, "pre_clip_grad_norm": 0.1831006109714508, "clipping_fraction": 0.0, "samples_per_second": 7.5475306920042105, "GPU_allocated_bytes": 87739904, "GPU_reserved_bytes": 7105150976, "data_wait_seconds": 77.58256680019986, "training_samples_seen": 10280, "scope": "FORMAL_SCIENTIFIC_RUN"}
TRAIN {"utc": "2026-10-01T10:48:17.702177+00:00", "epoch": 12, "global_update": 69700, "LR": 8.840836734044594e-05, "running_L_occ": 0.026085221807517482, "running_L_qr": 0.01244535711327876, "running_L_total": 0.03853057892079624, "pre_clip_grad_norm": 0.10648594796657562, "clipping_fraction": 0.0, "samples_per_second": 7.553197320440496, "GPU_allocated_bytes": 87739904, "GPU_reserved_bytes": 7105150976, "data_wait_seconds": 77.9349744002393, "training_samples_seen": 10480, "scope": "FORMAL_SCIENTIFIC_RUN"}
TRAIN {"utc": "2026-10-01T10:48:43.184559+00:00", "epoch": 12, "global_update": 69800, "LR": 8.837351854682001e-05, "running_L_occ": 0.026114104980191347, "running_L_qr": 0.012461948452039497, "running_L_total": 0.03857605343223085, "pre_clip_grad_norm": 0.3417418599128723, "clipping_fraction": 0.0, "samples_per_second": 7.558521597626431, "GPU_allocated_bytes": 87739904, "GPU_reserved_bytes": 7105150976, "data_wait_seconds": 78.28157300023304, "training_samples_seen": 10680, "scope": "FORMAL_SCIENTIFIC_RUN"}
TRAIN {"utc": "2026-10-01T10:49:08.437997+00:00", "epoch": 12, "global_update": 69900, "LR": 8.833862441669674e-05, "running_L_occ": 0.026087312022008945, "running_L_qr": 0.01243761709597083, "running_L_total": 0.03852492911797978, "pre_clip_grad_norm": 0.043619848787784576, "clipping_fraction": 0.0, "samples_per_second": 7.56486385996775, "GPU_allocated_bytes": 87739904, "GPU_reserved_bytes": 7105150976, "data_wait_seconds": 78.63143080026202, "training_samples_seen": 10880, "scope": "FORMAL_SCIENTIFIC_RUN"}
TRAIN {"utc": "2026-10-01T10:49:33.841104+00:00", "epoch": 12, "global_update": 70000, "LR": 8.830368499184613e-05, "running_L_occ": 0.02609219122128165, "running_L_qr": 0.012439357664088727, "running_L_total": 0.03853154888537037, "pre_clip_grad_norm": 0.10026001930236816, "clipping_fraction": 0.0, "samples_per_second": 7.570209630631483, "GPU_allocated_bytes": 87739904, "GPU_reserved_bytes": 7105150976, "data_wait_seconds": 78.9787263002363, "training_samples_seen": 11080, "scope": "FORMAL_SCIENTIFIC_RUN"}
TRAIN {"utc": "2026-10-01T10:49:59.200873+00:00", "epoch": 12, "global_update": 70100, "LR": 8.826870031409242e-05, "running_L_occ": 0.02604978820162235, "running_L_qr": 0.012410133309459271, "running_L_total": 0.03845992151108162, "pre_clip_grad_norm": 0.021848350763320923, "clipping_fraction": 0.0, "samples_per_second": 7.575595587467113, "GPU_allocated_bytes": 87739904, "GPU_reserved_bytes": 7105150976, "data_wait_seconds": 79.32478830024775, "training_samples_seen": 11280, "scope": "FORMAL_SCIENTIFIC_RUN"}
TRAIN {"utc": "2026-10-01T10:50:24.551481+00:00", "epoch": 12, "global_update": 70200, "LR": 8.823367042531401e-05, "running_L_occ": 0.026043006954532606, "running_L_qr": 0.01241476920829527, "running_L_total": 0.038457776162827875, "pre_clip_grad_norm": 0.3545220196247101, "clipping_fraction": 0.0, "samples_per_second": 7.580846166218648, "GPU_allocated_bytes": 87739904, "GPU_reserved_bytes": 7105150976, "data_wait_seconds": 79.67187900025601, "training_samples_seen": 11480, "scope": "FORMAL_SCIENTIFIC_RUN"}
TRAIN {"utc": "2026-10-01T10:50:49.898892+00:00", "epoch": 12, "global_update": 70300, "LR": 8.819859536744345e-05, "running_L_occ": 0.026048744946550812, "running_L_qr": 0.012417911928158649, "running_L_total": 0.03846665687470946, "pre_clip_grad_norm": 0.027462927624583244, "clipping_fraction": 0.0, "samples_per_second": 7.585939948014751, "GPU_allocated_bytes": 87739904, "GPU_reserved_bytes": 7105150976, "data_wait_seconds": 80.02275170029316, "training_samples_seen": 11680, "scope": "FORMAL_SCIENTIFIC_RUN"}
TRAIN {"utc": "2026-10-01T10:50:54.937025+00:00", "epoch": 12, "global_update": 70320, "LR": 8.819157493927216e-05, "running_L_occ": 0.02603800567296999, "running_L_qr": 0.012406022923672827, "running_L_total": 0.03844402859664282, "pre_clip_grad_norm": 0.09222384542226791, "clipping_fraction": 0.0, "samples_per_second": 7.5870923810407085, "GPU_allocated_bytes": 87739904, "GPU_reserved_bytes": 7105150976, "data_wait_seconds": 80.09042660026898, "training_samples_seen": 11720, "scope": "FORMAL_SCIENTIFIC_RUN"}
VALIDATION {"epoch": 12, "phase": "VALIDATION", "scenes_completed": 8, "scenes_required": 11727, "wall_seconds": 5.562802100001136, "updated_utc": "2026-10-01T10:51:01.042017+00:00"}
VALIDATION {"epoch": 12, "phase": "VALIDATION", "scenes_completed": 808, "scenes_required": 11727, "wall_seconds": 35.8431763999979, "updated_utc": "2026-10-01T10:51:31.322134+00:00"}
VALIDATION {"epoch": 12, "phase": "VALIDATION", "scenes_completed": 1608, "scenes_required": 11727, "wall_seconds": 66.12020800000028, "updated_utc": "2026-10-01T10:52:01.597978+00:00"}
VALIDATION {"epoch": 12, "phase": "VALIDATION", "scenes_completed": 2408, "scenes_required": 11727, "wall_seconds": 96.4421560999981, "updated_utc": "2026-10-01T10:52:31.919728+00:00"}
VALIDATION {"epoch": 12, "phase": "VALIDATION", "scenes_completed": 3208, "scenes_required": 11727, "wall_seconds": 126.6918538999962, "updated_utc": "2026-10-01T10:53:02.169425+00:00"}
VALIDATION {"epoch": 12, "phase": "VALIDATION", "scenes_completed": 4008, "scenes_required": 11727, "wall_seconds": 157.01387760000216, "updated_utc": "2026-10-01T10:53:32.490706+00:00"}
VALIDATION {"epoch": 12, "phase": "VALIDATION", "scenes_completed": 4808, "scenes_required": 11727, "wall_seconds": 187.34786359999998, "updated_utc": "2026-10-01T10:54:02.824546+00:00"}
VALIDATION {"epoch": 12, "phase": "VALIDATION", "scenes_completed": 5608, "scenes_required": 11727, "wall_seconds": 217.6130927999984, "updated_utc": "2026-10-01T10:54:33.089700+00:00"}
VALIDATION {"epoch": 12, "phase": "VALIDATION", "scenes_completed": 6408, "scenes_required": 11727, "wall_seconds": 247.85194570000021, "updated_utc": "2026-10-01T10:55:03.327294+00:00"}
VALIDATION {"epoch": 12, "phase": "VALIDATION", "scenes_completed": 7208, "scenes_required": 11727, "wall_seconds": 278.1017271000019, "updated_utc": "2026-10-01T10:55:33.577488+00:00"}
VALIDATION {"epoch": 12, "phase": "VALIDATION", "scenes_completed": 8008, "scenes_required": 11727, "wall_seconds": 308.44581279999693, "updated_utc": "2026-10-01T10:56:03.921175+00:00"}
VALIDATION {"epoch": 12, "phase": "VALIDATION", "scenes_completed": 8808, "scenes_required": 11727, "wall_seconds": 338.772484000001, "updated_utc": "2026-10-01T10:56:34.246543+00:00"}
VALIDATION {"epoch": 12, "phase": "VALIDATION", "scenes_completed": 9608, "scenes_required": 11727, "wall_seconds": 369.00070920000144, "updated_utc": "2026-10-01T10:57:04.475190+00:00"}
VALIDATION {"epoch": 12, "phase": "VALIDATION", "scenes_completed": 10408, "scenes_required": 11727, "wall_seconds": 399.26850430000195, "updated_utc": "2026-10-01T10:57:34.741754+00:00"}
VALIDATION {"epoch": 12, "phase": "VALIDATION", "scenes_completed": 11208, "scenes_required": 11727, "wall_seconds": 429.5423692999975, "updated_utc": "2026-10-01T10:58:05.015396+00:00"}
VALIDATION {"epoch": 12, "phase": "VALIDATION", "scenes_completed": 11727, "scenes_required": 11727, "wall_seconds": 449.18948770000134, "updated_utc": "2026-10-01T10:58:24.662339+00:00"}
EPOCH_COMPLETED {"epoch": 12, "global_val_core_loss": 0.0475869454369629, "best_epoch": 11, "early_stop_count": 1, "wall_seconds": 1999.0994273000033}
TRAIN {"utc": "2026-10-01T10:58:34.542167+00:00", "epoch": 13, "global_update": 70321, "LR": 8.819122387048616e-05, "running_L_occ": 0.002579087486608433, "running_L_qr": 0.0002777373102354732, "running_L_total": 0.0028568247968439064, "pre_clip_grad_norm": 0.0407135896384716, "clipping_fraction": 0.0, "samples_per_second": 0.39004187977173105, "GPU_allocated_bytes": 87739904, "GPU_reserved_bytes": 7105150976, "data_wait_seconds": 4.8754228000034345, "training_samples_seen": 2, "scope": "FORMAL_SCIENTIFIC_RUN"}
TRAIN {"utc": "2026-10-01T10:58:54.436360+00:00", "epoch": 13, "global_update": 70400, "LR": 8.816347518246734e-05, "running_L_occ": 0.025275883684430754, "running_L_qr": 0.010938956568503981, "running_L_total": 0.036214840252934734, "pre_clip_grad_norm": 0.05749642476439476, "clipping_fraction": 0.0, "samples_per_second": 6.3943805416464405, "GPU_allocated_bytes": 87739904, "GPU_reserved_bytes": 7105150976, "data_wait_seconds": 5.114171599991096, "training_samples_seen": 160, "scope": "FORMAL_SCIENTIFIC_RUN"}
TRAIN {"utc": "2026-10-01T10:59:19.626457+00:00", "epoch": 13, "global_update": 70500, "LR": 8.812830991242628e-05, "running_L_occ": 0.026004156826251037, "running_L_qr": 0.012512075265926013, "running_L_total": 0.038516232092177055, "pre_clip_grad_norm": 0.21717099845409393, "clipping_fraction": 0.0, "samples_per_second": 7.169533726028114, "GPU_allocated_bytes": 87739904, "GPU_reserved_bytes": 7105150976, "data_wait_seconds": 5.45375069999136, "training_samples_seen": 360, "scope": "FORMAL_SCIENTIFIC_RUN"}
TRAIN {"utc": "2026-10-01T10:59:45.191622+00:00", "epoch": 13, "global_update": 70600, "LR": 8.809309959941488e-05, "running_L_occ": 0.02599359754413103, "running_L_qr": 0.012398329580386854, "running_L_total": 0.03839192712451788, "pre_clip_grad_norm": 0.010861562564969063, "clipping_fraction": 0.0, "samples_per_second": 7.389985438535026, "GPU_allocated_bytes": 87739904, "GPU_reserved_bytes": 7105150976, "data_wait_seconds": 5.815307099990605, "training_samples_seen": 560, "scope": "FORMAL_SCIENTIFIC_RUN"}
TRAIN {"utc": "2026-10-01T11:00:10.563884+00:00", "epoch": 13, "global_update": 70700, "LR": 8.805784428558163e-05, "running_L_occ": 0.026784096082948676, "running_L_qr": 0.012972834100476149, "running_L_total": 0.03975693018342483, "pre_clip_grad_norm": 0.15006816387176514, "clipping_fraction": 0.0, "samples_per_second": 7.51352261556351, "GPU_allocated_bytes": 87739904, "GPU_reserved_bytes": 7105150976, "data_wait_seconds": 6.1481020000064746, "training_samples_seen": 760, "scope": "FORMAL_SCIENTIFIC_RUN"}
TRAIN {"utc": "2026-10-01T11:00:35.848762+00:00", "epoch": 13, "global_update": 70800, "LR": 8.802254401312892e-05, "running_L_occ": 0.02681053743698872, "running_L_qr": 0.01274014123561277, "running_L_total": 0.03955067867260149, "pre_clip_grad_norm": 0.19770167768001556, "clipping_fraction": 0.0, "samples_per_second": 7.592767147731405, "GPU_allocated_bytes": 87739904, "GPU_reserved_bytes": 7105150976, "data_wait_seconds": 6.470726600040507, "training_samples_seen": 960, "scope": "FORMAL_SCIENTIFIC_RUN"}
TRAIN {"utc": "2026-10-01T11:01:01.503621+00:00", "epoch": 13, "global_update": 70900, "LR": 8.798719882431293e-05, "running_L_occ": 0.026800440153073923, "running_L_qr": 0.012825419607521829, "running_L_total": 0.03962585976059575, "pre_clip_grad_norm": 0.09292774647474289, "clipping_fraction": 0.0, "samples_per_second": 7.626991763420722, "GPU_allocated_bytes": 87739904, "GPU_reserved_bytes": 7105150976, "data_wait_seconds": 6.82302059999347, "training_samples_seen": 1160, "scope": "FORMAL_SCIENTIFIC_RUN"}
TRAIN {"utc": "2026-10-01T11:01:26.806491+00:00", "epoch": 13, "global_update": 71000, "LR": 8.795180876144362e-05, "running_L_occ": 0.027134341650082158, "running_L_qr": 0.013046493537394961, "running_L_total": 0.040180835187477115, "pre_clip_grad_norm": 0.33081385493278503, "clipping_fraction": 0.0, "samples_per_second": 7.6665542535600455, "GPU_allocated_bytes": 87739904, "GPU_reserved_bytes": 7105150976, "data_wait_seconds": 7.161674599949038, "training_samples_seen": 1360, "scope": "FORMAL_SCIENTIFIC_RUN"}
TRAIN {"utc": "2026-10-01T11:01:52.174191+00:00", "epoch": 13, "global_update": 71100, "LR": 8.791637386688468e-05, "running_L_occ": 0.02679982539567229, "running_L_qr": 0.012762711621087134, "running_L_total": 0.03956253701675942, "pre_clip_grad_norm": 0.18617485463619232, "clipping_fraction": 0.0, "samples_per_second": 7.6937413686579665, "GPU_allocated_bytes": 87739904, "GPU_reserved_bytes": 7105150976, "data_wait_seconds": 7.50730149991432, "training_samples_seen": 1560, "scope": "FORMAL_SCIENTIFIC_RUN"}
TRAIN {"utc": "2026-10-01T11:02:17.427274+00:00", "epoch": 13, "global_update": 71200, "LR": 8.788089418305344e-05, "running_L_occ": 0.027258593547305792, "running_L_qr": 0.013179372929696702, "running_L_total": 0.04043796647700249, "pre_clip_grad_norm": 0.13333660364151, "clipping_fraction": 0.0, "samples_per_second": 7.718768138899534, "GPU_allocated_bytes": 87739904, "GPU_reserved_bytes": 7105150976, "data_wait_seconds": 7.8550754999232595, "training_samples_seen": 1760, "scope": "FORMAL_SCIENTIFIC_RUN"}
TRAIN {"utc": "2026-10-01T11:02:42.779274+00:00", "epoch": 13, "global_update": 71300, "LR": 8.784536975242086e-05, "running_L_occ": 0.027060379989164354, "running_L_qr": 0.013105609207175422, "running_L_total": 0.04016598919633978, "pre_clip_grad_norm": 0.04074645787477493, "clipping_fraction": 0.0, "samples_per_second": 7.735773772512019, "GPU_allocated_bytes": 87739904, "GPU_reserved_bytes": 7105150976, "data_wait_seconds": 8.198288599938678, "training_samples_seen": 1960, "scope": "FORMAL_SCIENTIFIC_RUN"}
TRAIN {"utc": "2026-10-01T11:03:08.033731+00:00", "epoch": 13, "global_update": 71400, "LR": 8.780980061751147e-05, "running_L_occ": 0.027064971724453674, "running_L_qr": 0.013067344539221808, "running_L_total": 0.040132316263675485, "pre_clip_grad_norm": 0.26394137740135193, "clipping_fraction": 0.0, "samples_per_second": 7.752413565465389, "GPU_allocated_bytes": 87739904, "GPU_reserved_bytes": 7105150976, "data_wait_seconds": 8.541931399973691, "training_samples_seen": 2160, "scope": "FORMAL_SCIENTIFIC_RUN"}
TRAIN {"utc": "2026-10-01T11:03:33.343689+00:00", "epoch": 13, "global_update": 71500, "LR": 8.77741868209033e-05, "running_L_occ": 0.026997644381329903, "running_L_qr": 0.013006019130815071, "running_L_total": 0.040003663512144974, "pre_clip_grad_norm": 0.3159111440181732, "clipping_fraction": 0.0, "samples_per_second": 7.764869749671258, "GPU_allocated_bytes": 87739904, "GPU_reserved_bytes": 7105150976, "data_wait_seconds": 8.888574199998402, "training_samples_seen": 2360, "scope": "FORMAL_SCIENTIFIC_RUN"}
TRAIN {"utc": "2026-10-01T11:03:58.655183+00:00", "epoch": 13, "global_update": 71600, "LR": 8.773852840522784e-05, "running_L_occ": 0.02667231343609068, "running_L_qr": 0.012901393011488049, "running_L_total": 0.03957370644757873, "pre_clip_grad_norm": 0.0463138073682785, "clipping_fraction": 0.0, "samples_per_second": 7.775352761004472, "GPU_allocated_bytes": 87739904, "GPU_reserved_bytes": 7105150976, "data_wait_seconds": 9.231794000064838, "training_samples_seen": 2560, "scope": "FORMAL_SCIENTIFIC_RUN"}
TRAIN {"utc": "2026-10-01T11:04:23.778547+00:00", "epoch": 13, "global_update": 71700, "LR": 8.770282541317e-05, "running_L_occ": 0.026411526846904534, "running_L_qr": 0.012724481401545326, "running_L_total": 0.03913600824844986, "pre_clip_grad_norm": 0.016597598791122437, "clipping_fraction": 0.0, "samples_per_second": 7.788498180219622, "GPU_allocated_bytes": 87739904, "GPU_reserved_bytes": 7105150976, "data_wait_seconds": 9.576968400047917, "training_samples_seen": 2760, "scope": "FORMAL_SCIENTIFIC_RUN"}
TRAIN {"utc": "2026-10-01T11:04:49.062285+00:00", "epoch": 13, "global_update": 71800, "LR": 8.766707788746805e-05, "running_L_occ": 0.026502750958286497, "running_L_qr": 0.012732599255089183, "running_L_total": 0.03923535021337568, "pre_clip_grad_norm": 0.16311481595039368, "clipping_fraction": 0.0, "samples_per_second": 7.796599696315228, "GPU_allocated_bytes": 87739904, "GPU_reserved_bytes": 7105150976, "data_wait_seconds": 9.928406800041557, "training_samples_seen": 2960, "scope": "FORMAL_SCIENTIFIC_RUN"}
TRAIN {"utc": "2026-10-01T11:05:14.423346+00:00", "epoch": 13, "global_update": 71900, "LR": 8.763128587091357e-05, "running_L_occ": 0.026453319238886518, "running_L_qr": 0.012678993322354622, "running_L_total": 0.03913231256124114, "pre_clip_grad_norm": 0.130377396941185, "clipping_fraction": 0.0, "samples_per_second": 7.802196561731001, "GPU_allocated_bytes": 87739904, "GPU_reserved_bytes": 7105150976, "data_wait_seconds": 10.281271400031983, "training_samples_seen": 3160, "scope": "FORMAL_SCIENTIFIC_RUN"}
TRAIN {"utc": "2026-10-01T11:05:39.790428+00:00", "epoch": 13, "global_update": 72000, "LR": 8.75954494063514e-05, "running_L_occ": 0.026337160414002657, "running_L_qr": 0.01265192541511694, "running_L_total": 0.0389890858291196, "pre_clip_grad_norm": 0.06544575095176697, "clipping_fraction": 0.0, "samples_per_second": 7.807015430071067, "GPU_allocated_bytes": 87739904, "GPU_reserved_bytes": 7105150976, "data_wait_seconds": 10.630171500022698, "training_samples_seen": 3360, "scope": "FORMAL_SCIENTIFIC_RUN"}
TRAIN {"utc": "2026-10-01T11:06:05.148595+00:00", "epoch": 13, "global_update": 72100, "LR": 8.755956853667957e-05, "running_L_occ": 0.026228971430654887, "running_L_qr": 0.012520940398776607, "running_L_total": 0.038749911829431494, "pre_clip_grad_norm": 0.305606871843338, "clipping_fraction": 0.0, "samples_per_second": 7.811469322496104, "GPU_allocated_bytes": 87739904, "GPU_reserved_bytes": 7105150976, "data_wait_seconds": 10.980250599975989, "training_samples_seen": 3560, "scope": "FORMAL_SCIENTIFIC_RUN"}
TRAIN {"utc": "2026-10-01T11:06:30.414361+00:00", "epoch": 13, "global_update": 72200, "LR": 8.75236433048493e-05, "running_L_occ": 0.026114236304444698, "running_L_qr": 0.012404429774460032, "running_L_total": 0.03851866607890473, "pre_clip_grad_norm": 0.033281370997428894, "clipping_fraction": 0.0, "samples_per_second": 7.816953691824515, "GPU_allocated_bytes": 87739904, "GPU_reserved_bytes": 7105150976, "data_wait_seconds": 11.329856399963319, "training_samples_seen": 3760, "scope": "FORMAL_SCIENTIFIC_RUN"}
TRAIN {"utc": "2026-10-01T11:06:55.724104+00:00", "epoch": 13, "global_update": 72300, "LR": 8.748767375386486e-05, "running_L_occ": 0.025968178430330297, "running_L_qr": 0.01228737159793405, "running_L_total": 0.03825555002826435, "pre_clip_grad_norm": 0.3731837272644043, "clipping_fraction": 0.0, "samples_per_second": 7.821201816864334, "GPU_allocated_bytes": 87739904, "GPU_reserved_bytes": 7105150976, "data_wait_seconds": 11.681666800024686, "training_samples_seen": 3960, "scope": "FORMAL_SCIENTIFIC_RUN"}
TRAIN {"utc": "2026-10-01T11:07:20.981601+00:00", "epoch": 13, "global_update": 72400, "LR": 8.745165992678362e-05, "running_L_occ": 0.025986273748927882, "running_L_qr": 0.012270617533832065, "running_L_total": 0.03825689128275994, "pre_clip_grad_norm": 0.03642668575048447, "clipping_fraction": 0.0, "samples_per_second": 7.8258112908467945, "GPU_allocated_bytes": 87739904, "GPU_reserved_bytes": 7105150976, "data_wait_seconds": 12.029211400047643, "training_samples_seen": 4160, "scope": "FORMAL_SCIENTIFIC_RUN"}
TRAIN {"utc": "2026-10-01T11:07:46.178816+00:00", "epoch": 13, "global_update": 72500, "LR": 8.741560186671593e-05, "running_L_occ": 0.02584572868317014, "running_L_qr": 0.012173285995939531, "running_L_total": 0.038019014679109675, "pre_clip_grad_norm": 0.24638082087039948, "clipping_fraction": 0.0, "samples_per_second": 7.83085853211427, "GPU_allocated_bytes": 87739904, "GPU_reserved_bytes": 7105150976, "data_wait_seconds": 12.375821200017526, "training_samples_seen": 4360, "scope": "FORMAL_SCIENTIFIC_RUN"}
TRAIN {"utc": "2026-10-01T11:08:11.443899+00:00", "epoch": 13, "global_update": 72600, "LR": 8.737949961682509e-05, "running_L_occ": 0.025752441797801583, "running_L_qr": 0.012148528142872178, "running_L_total": 0.03790096994067376, "pre_clip_grad_norm": 0.0874958410859108, "clipping_fraction": 0.0, "samples_per_second": 7.834552858256286, "GPU_allocated_bytes": 87739904, "GPU_reserved_bytes": 7105150976, "data_wait_seconds": 12.71516760004306, "training_samples_seen": 4560, "scope": "FORMAL_SCIENTIFIC_RUN"}
TRAIN {"utc": "2026-10-01T11:08:36.696378+00:00", "epoch": 13, "global_update": 72700, "LR": 8.73433532203273e-05, "running_L_occ": 0.02568099112989691, "running_L_qr": 0.012151911283810195, "running_L_total": 0.037832902413707105, "pre_clip_grad_norm": 0.17863036692142487, "clipping_fraction": 0.0, "samples_per_second": 7.8381121119478125, "GPU_allocated_bytes": 87739904, "GPU_reserved_bytes": 7105150976, "data_wait_seconds": 13.054350100108422, "training_samples_seen": 4760, "scope": "FORMAL_SCIENTIFIC_RUN"}
TRAIN {"utc": "2026-10-01T11:09:02.052085+00:00", "epoch": 13, "global_update": 72800, "LR": 8.730716272049162e-05, "running_L_occ": 0.025727356542032943, "running_L_qr": 0.012203598957979433, "running_L_total": 0.037930955500012374, "pre_clip_grad_norm": 0.03906073793768883, "clipping_fraction": 0.0, "samples_per_second": 7.840092581478262, "GPU_allocated_bytes": 87739904, "GPU_reserved_bytes": 7105150976, "data_wait_seconds": 13.398150800101575, "training_samples_seen": 4960, "scope": "FORMAL_SCIENTIFIC_RUN"}
TRAIN {"utc": "2026-10-01T11:09:27.411517+00:00", "epoch": 13, "global_update": 72900, "LR": 8.727092816063988e-05, "running_L_occ": 0.025754365102610158, "running_L_qr": 0.012210067103337097, "running_L_total": 0.03796443220594725, "pre_clip_grad_norm": 0.048447154462337494, "clipping_fraction": 0.0, "samples_per_second": 7.8418851982228865, "GPU_allocated_bytes": 87739904, "GPU_reserved_bytes": 7105150976, "data_wait_seconds": 13.745311500089883, "training_samples_seen": 5160, "scope": "FORMAL_SCIENTIFIC_RUN"}
TRAIN {"utc": "2026-10-01T11:09:52.847906+00:00", "epoch": 13, "global_update": 73000, "LR": 8.723464958414666e-05, "running_L_occ": 0.025771491604468913, "running_L_qr": 0.012225209827991726, "running_L_total": 0.03799670143246064, "pre_clip_grad_norm": 0.09256962686777115, "clipping_fraction": 0.0, "samples_per_second": 7.842662515610932, "GPU_allocated_bytes": 87739904, "GPU_reserved_bytes": 7105150976, "data_wait_seconds": 14.09273900010885, "training_samples_seen": 5360, "scope": "FORMAL_SCIENTIFIC_RUN"}
TRAIN {"utc": "2026-10-01T11:10:18.158989+00:00", "epoch": 13, "global_update": 73100, "LR": 8.719832703443923e-05, "running_L_occ": 0.02573521332903087, "running_L_qr": 0.012233816780383116, "running_L_total": 0.037969030109413986, "pre_clip_grad_norm": 0.09544432163238525, "clipping_fraction": 0.0, "samples_per_second": 7.844763576531544, "GPU_allocated_bytes": 87739904, "GPU_reserved_bytes": 7105150976, "data_wait_seconds": 14.439171900114161, "training_samples_seen": 5560, "scope": "FORMAL_SCIENTIFIC_RUN"}
TRAIN {"utc": "2026-10-01T11:10:43.455884+00:00", "epoch": 13, "global_update": 73200, "LR": 8.71619605549975e-05, "running_L_occ": 0.02573373767470759, "running_L_qr": 0.012233050042285797, "running_L_total": 0.03796678771699339, "pre_clip_grad_norm": 0.08998263627290726, "clipping_fraction": 0.0, "samples_per_second": 7.846870924090795, "GPU_allocated_bytes": 87739904, "GPU_reserved_bytes": 7105150976, "data_wait_seconds": 14.780716500099516, "training_samples_seen": 5760, "scope": "FORMAL_SCIENTIFIC_RUN"}
TRAIN {"utc": "2026-10-01T11:11:08.627167+00:00", "epoch": 13, "global_update": 73300, "LR": 8.712555018935397e-05, "running_L_occ": 0.025734062129200676, "running_L_qr": 0.01227261045810338, "running_L_total": 0.03800667258730406, "pre_clip_grad_norm": 0.12674227356910706, "clipping_fraction": 0.0, "samples_per_second": 7.850142469357746, "GPU_allocated_bytes": 87739904, "GPU_reserved_bytes": 7105150976, "data_wait_seconds": 15.131388500136381, "training_samples_seen": 5960, "scope": "FORMAL_SCIENTIFIC_RUN"}
TRAIN {"utc": "2026-10-01T11:11:33.994091+00:00", "epoch": 13, "global_update": 73400, "LR": 8.708909598109367e-05, "running_L_occ": 0.025685261443521533, "running_L_qr": 0.012271789243042282, "running_L_total": 0.03795705068656381, "pre_clip_grad_norm": 0.08350064605474472, "clipping_fraction": 0.0, "samples_per_second": 7.851244937853766, "GPU_allocated_bytes": 87739904, "GPU_reserved_bytes": 7105150976, "data_wait_seconds": 15.472896900151682, "training_samples_seen": 6160, "scope": "FORMAL_SCIENTIFIC_RUN"}
TRAIN {"utc": "2026-10-01T11:11:59.421712+00:00", "epoch": 13, "global_update": 73500, "LR": 8.70525979738541e-05, "running_L_occ": 0.025597414346218726, "running_L_qr": 0.01221688544527558, "running_L_total": 0.0378142997914943, "pre_clip_grad_norm": 0.1602378785610199, "clipping_fraction": 0.0, "samples_per_second": 7.851691813047107, "GPU_allocated_bytes": 87739904, "GPU_reserved_bytes": 7105150976, "data_wait_seconds": 15.819489100184, "training_samples_seen": 6360, "scope": "FORMAL_SCIENTIFIC_RUN"}
TRAIN {"utc": "2026-10-01T11:12:24.826945+00:00", "epoch": 13, "global_update": 73600, "LR": 8.701605621132524e-05, "running_L_occ": 0.025632627861222307, "running_L_qr": 0.01222141979426146, "running_L_total": 0.037854047655483766, "pre_clip_grad_norm": 0.10706721991300583, "clipping_fraction": 0.0, "samples_per_second": 7.8523171224602795, "GPU_allocated_bytes": 87739904, "GPU_reserved_bytes": 7105150976, "data_wait_seconds": 16.165678100223886, "training_samples_seen": 6560, "scope": "FORMAL_SCIENTIFIC_RUN"}
TRAIN {"utc": "2026-10-01T11:12:50.243940+00:00", "epoch": 13, "global_update": 73700, "LR": 8.697947073724935e-05, "running_L_occ": 0.02571314674864681, "running_L_qr": 0.01228529947074652, "running_L_total": 0.037998446219393335, "pre_clip_grad_norm": 0.22253748774528503, "clipping_fraction": 0.0, "samples_per_second": 7.852799109692965, "GPU_allocated_bytes": 87739904, "GPU_reserved_bytes": 7105150976, "data_wait_seconds": 16.50775430025533, "training_samples_seen": 6760, "scope": "FORMAL_SCIENTIFIC_RUN"}
TRAIN {"utc": "2026-10-01T11:13:15.457202+00:00", "epoch": 13, "global_update": 73800, "LR": 8.694284159542113e-05, "running_L_occ": 0.02570489156521104, "running_L_qr": 0.012306110153655719, "running_L_total": 0.03801100171886676, "pre_clip_grad_norm": 0.1015700176358223, "clipping_fraction": 0.0, "samples_per_second": 7.8550605109123905, "GPU_allocated_bytes": 87739904, "GPU_reserved_bytes": 7105150976, "data_wait_seconds": 16.848581700221985, "training_samples_seen": 6960, "scope": "FORMAL_SCIENTIFIC_RUN"}
TRAIN {"utc": "2026-10-01T11:13:40.747109+00:00", "epoch": 13, "global_update": 73900, "LR": 8.690616882968745e-05, "running_L_occ": 0.025740429664769426, "running_L_qr": 0.012315792209502291, "running_L_total": 0.03805622187427172, "pre_clip_grad_norm": 0.09712858498096466, "clipping_fraction": 0.0, "samples_per_second": 7.856535015510054, "GPU_allocated_bytes": 87739904, "GPU_reserved_bytes": 7105150976, "data_wait_seconds": 17.196742600222933, "training_samples_seen": 7160, "scope": "FORMAL_SCIENTIFIC_RUN"}
TRAIN {"utc": "2026-10-01T11:14:06.000371+00:00", "epoch": 13, "global_update": 74000, "LR": 8.686945248394746e-05, "running_L_occ": 0.025790995648039355, "running_L_qr": 0.012353936027413545, "running_L_total": 0.0381449316754529, "pre_clip_grad_norm": 0.09685344994068146, "clipping_fraction": 0.0, "samples_per_second": 7.858236462683227, "GPU_allocated_bytes": 87739904, "GPU_reserved_bytes": 7105150976, "data_wait_seconds": 17.546196400253393, "training_samples_seen": 7360, "scope": "FORMAL_SCIENTIFIC_RUN"}
TRAIN {"utc": "2026-10-01T11:14:31.314397+00:00", "epoch": 13, "global_update": 74100, "LR": 8.68326926021525e-05, "running_L_occ": 0.0258016186710428, "running_L_qr": 0.012373390524002804, "running_L_total": 0.03817500919504561, "pre_clip_grad_norm": 0.03137746825814247, "clipping_fraction": 0.0, "samples_per_second": 7.859358931784009, "GPU_allocated_bytes": 87739904, "GPU_reserved_bytes": 7105150976, "data_wait_seconds": 17.89510700027313, "training_samples_seen": 7560, "scope": "FORMAL_SCIENTIFIC_RUN"}
TRAIN {"utc": "2026-10-01T11:14:56.759925+00:00", "epoch": 13, "global_update": 74200, "LR": 8.679588922830594e-05, "running_L_occ": 0.02579548449717987, "running_L_qr": 0.012357202048539889, "running_L_total": 0.03815268654571976, "pre_clip_grad_norm": 0.5928678512573242, "clipping_fraction": 0.0, "samples_per_second": 7.859363900648794, "GPU_allocated_bytes": 87739904, "GPU_reserved_bytes": 7105150976, "data_wait_seconds": 18.250867900249432, "training_samples_seen": 7760, "scope": "FORMAL_SCIENTIFIC_RUN"}
TRAIN {"utc": "2026-10-01T11:15:22.157136+00:00", "epoch": 13, "global_update": 74300, "LR": 8.675904240646328e-05, "running_L_occ": 0.025837688071364304, "running_L_qr": 0.012385703580356372, "running_L_total": 0.03822339165172068, "pre_clip_grad_norm": 0.0542953796684742, "clipping_fraction": 0.0, "samples_per_second": 7.859756397318949, "GPU_allocated_bytes": 87739904, "GPU_reserved_bytes": 7105150976, "data_wait_seconds": 18.609549900218553, "training_samples_seen": 7960, "scope": "FORMAL_SCIENTIFIC_RUN"}
TRAIN {"utc": "2026-10-01T11:15:47.397323+00:00", "epoch": 13, "global_update": 74400, "LR": 8.672215218073203e-05, "running_L_occ": 0.025844441988777684, "running_L_qr": 0.012407531754673216, "running_L_total": 0.0382519737434509, "pre_clip_grad_norm": 0.2938525974750519, "clipping_fraction": 0.0, "samples_per_second": 7.861312671758655, "GPU_allocated_bytes": 87739904, "GPU_reserved_bytes": 7105150976, "data_wait_seconds": 18.955874400227913, "training_samples_seen": 8160, "scope": "FORMAL_SCIENTIFIC_RUN"}
TRAIN {"utc": "2026-10-01T11:16:12.709585+00:00", "epoch": 13, "global_update": 74500, "LR": 8.668521859527158e-05, "running_L_occ": 0.025895384022980795, "running_L_qr": 0.012421189172843973, "running_L_total": 0.038316573195824766, "pre_clip_grad_norm": 0.294869065284729, "clipping_fraction": 0.0, "samples_per_second": 7.862264773126429, "GPU_allocated_bytes": 87739904, "GPU_reserved_bytes": 7105150976, "data_wait_seconds": 19.298104600216902, "training_samples_seen": 8360, "scope": "FORMAL_SCIENTIFIC_RUN"}
TRAIN {"utc": "2026-10-01T11:16:38.002607+00:00", "epoch": 13, "global_update": 74600, "LR": 8.664824169429334e-05, "running_L_occ": 0.025822364258433313, "running_L_qr": 0.012378527151347898, "running_L_total": 0.03820089140978122, "pre_clip_grad_norm": 0.08337806910276413, "clipping_fraction": 0.0, "samples_per_second": 7.863306557690226, "GPU_allocated_bytes": 87739904, "GPU_reserved_bytes": 7105150976, "data_wait_seconds": 19.645258000200556, "training_samples_seen": 8560, "scope": "FORMAL_SCIENTIFIC_RUN"}
TRAIN {"utc": "2026-10-01T11:17:03.386274+00:00", "epoch": 13, "global_update": 74700, "LR": 8.661122152206049e-05, "running_L_occ": 0.025854177087924996, "running_L_qr": 0.012393496383877538, "running_L_total": 0.03824767347180254, "pre_clip_grad_norm": 0.12886011600494385, "clipping_fraction": 0.0, "samples_per_second": 7.863666056740635, "GPU_allocated_bytes": 87739904, "GPU_reserved_bytes": 7105150976, "data_wait_seconds": 20.005222400213825, "training_samples_seen": 8760, "scope": "FORMAL_SCIENTIFIC_RUN"}
TRAIN {"utc": "2026-10-01T11:17:28.688263+00:00", "epoch": 13, "global_update": 74800, "LR": 8.657415812288802e-05, "running_L_occ": 0.025849462900008058, "running_L_qr": 0.012395490186611152, "running_L_total": 0.03824495308661922, "pre_clip_grad_norm": 0.12121185660362244, "clipping_fraction": 0.0, "samples_per_second": 7.864572367184848, "GPU_allocated_bytes": 87739904, "GPU_reserved_bytes": 7105150976, "data_wait_seconds": 20.361090000267723, "training_samples_seen": 8960, "scope": "FORMAL_SCIENTIFIC_RUN"}
TRAIN {"utc": "2026-10-01T11:17:53.918576+00:00", "epoch": 13, "global_update": 74900, "LR": 8.65370515411427e-05, "running_L_occ": 0.025845575671383698, "running_L_qr": 0.012395040015599207, "running_L_total": 0.03824061568698291, "pre_clip_grad_norm": 0.420230895280838, "clipping_fraction": 0.0, "samples_per_second": 7.865921439537243, "GPU_allocated_bytes": 87739904, "GPU_reserved_bytes": 7105150976, "data_wait_seconds": 20.71568050020869, "training_samples_seen": 9160, "scope": "FORMAL_SCIENTIFIC_RUN"}
TRAIN {"utc": "2026-10-01T11:18:19.152499+00:00", "epoch": 13, "global_update": 75000, "LR": 8.649990182124291e-05, "running_L_occ": 0.02584094865651154, "running_L_qr": 0.012385649114510136, "running_L_total": 0.03822659777102168, "pre_clip_grad_norm": 0.12934646010398865, "clipping_fraction": 0.0, "samples_per_second": 7.867190920860235, "GPU_allocated_bytes": 87739904, "GPU_reserved_bytes": 7105150976, "data_wait_seconds": 21.06513410020125, "training_samples_seen": 9360, "scope": "FORMAL_SCIENTIFIC_RUN"}
TRAIN {"utc": "2026-10-01T11:18:44.602194+00:00", "epoch": 13, "global_update": 75100, "LR": 8.646270900765878e-05, "running_L_occ": 0.02583722781375612, "running_L_qr": 0.012403526498675094, "running_L_total": 0.038240754312431215, "pre_clip_grad_norm": 0.16441044211387634, "clipping_fraction": 0.0, "samples_per_second": 7.867010800583659, "GPU_allocated_bytes": 87739904, "GPU_reserved_bytes": 7105150976, "data_wait_seconds": 21.421384700224735, "training_samples_seen": 9560, "scope": "FORMAL_SCIENTIFIC_RUN"}
TRAIN {"utc": "2026-10-01T11:19:09.844949+00:00", "epoch": 13, "global_update": 75200, "LR": 8.642547314491196e-05, "running_L_occ": 0.0258247461406046, "running_L_qr": 0.01237774181109943, "running_L_total": 0.03820248795170403, "pre_clip_grad_norm": 0.09923341870307922, "clipping_fraction": 0.0, "samples_per_second": 7.8681462132818885, "GPU_allocated_bytes": 87739904, "GPU_reserved_bytes": 7105150976, "data_wait_seconds": 21.76979530024255, "training_samples_seen": 9760, "scope": "FORMAL_SCIENTIFIC_RUN"}
TRAIN {"utc": "2026-10-01T11:19:35.080903+00:00", "epoch": 13, "global_update": 75300, "LR": 8.638819427757561e-05, "running_L_occ": 0.025799241342470462, "running_L_qr": 0.01238337095297817, "running_L_total": 0.038182612295448635, "pre_clip_grad_norm": 0.06305250525474548, "clipping_fraction": 0.0, "samples_per_second": 7.869284679982584, "GPU_allocated_bytes": 87739904, "GPU_reserved_bytes": 7105150976, "data_wait_seconds": 22.117911500223272, "training_samples_seen": 9960, "scope": "FORMAL_SCIENTIFIC_RUN"}
TRAIN {"utc": "2026-10-01T11:20:00.309332+00:00", "epoch": 13, "global_update": 75400, "LR": 8.635087245027443e-05, "running_L_occ": 0.02578248728848248, "running_L_qr": 0.012360983914372443, "running_L_total": 0.038143471202854926, "pre_clip_grad_norm": 0.0824008360505104, "clipping_fraction": 0.0, "samples_per_second": 7.8704214244287725, "GPU_allocated_bytes": 87739904, "GPU_reserved_bytes": 7105150976, "data_wait_seconds": 22.46619840017229, "training_samples_seen": 10160, "scope": "FORMAL_SCIENTIFIC_RUN"}
TRAIN {"utc": "2026-10-01T11:20:25.612566+00:00", "epoch": 13, "global_update": 75500, "LR": 8.631350770768451e-05, "running_L_occ": 0.025776523897501735, "running_L_qr": 0.012353207926874232, "running_L_total": 0.03812973182437597, "pre_clip_grad_norm": 0.02349608950316906, "clipping_fraction": 0.0, "samples_per_second": 7.871069475091809, "GPU_allocated_bytes": 87739904, "GPU_reserved_bytes": 7105150976, "data_wait_seconds": 22.81467700016219, "training_samples_seen": 10360, "scope": "FORMAL_SCIENTIFIC_RUN"}
TRAIN {"utc": "2026-10-01T11:20:50.837703+00:00", "epoch": 13, "global_update": 75600, "LR": 8.627610009453331e-05, "running_L_occ": 0.025765447495305967, "running_L_qr": 0.012329720796462006, "running_L_total": 0.03809516829176797, "pre_clip_grad_norm": 0.10821349173784256, "clipping_fraction": 0.0, "samples_per_second": 7.872150093891731, "GPU_allocated_bytes": 87739904, "GPU_reserved_bytes": 7105150976, "data_wait_seconds": 23.16751300022588, "training_samples_seen": 10560, "scope": "FORMAL_SCIENTIFIC_RUN"}
TRAIN {"utc": "2026-10-01T11:21:16.196035+00:00", "epoch": 13, "global_update": 75700, "LR": 8.623864965559963e-05, "running_L_occ": 0.025753222191949417, "running_L_qr": 0.012307429126021866, "running_L_total": 0.03806065131797128, "pre_clip_grad_norm": 0.6808047294616699, "clipping_fraction": 0.0, "samples_per_second": 7.872424255190705, "GPU_allocated_bytes": 87739904, "GPU_reserved_bytes": 7105150976, "data_wait_seconds": 23.515995900183043, "training_samples_seen": 10760, "scope": "FORMAL_SCIENTIFIC_RUN"}
TRAIN {"utc": "2026-10-01T11:21:41.470128+00:00", "epoch": 13, "global_update": 75800, "LR": 8.620115643571351e-05, "running_L_occ": 0.025750267713387235, "running_L_qr": 0.012308569554840228, "running_L_total": 0.03805883726822746, "pre_clip_grad_norm": 0.09934327006340027, "clipping_fraction": 0.0, "samples_per_second": 7.873161496547035, "GPU_allocated_bytes": 87739904, "GPU_reserved_bytes": 7105150976, "data_wait_seconds": 23.869933600188233, "training_samples_seen": 10960, "scope": "FORMAL_SCIENTIFIC_RUN"}
TRAIN {"utc": "2026-10-01T11:22:06.850337+00:00", "epoch": 13, "global_update": 75900, "LR": 8.616362047975622e-05, "running_L_occ": 0.02574394793689657, "running_L_qr": 0.012305708219058152, "running_L_total": 0.03804965615595472, "pre_clip_grad_norm": 0.1993085741996765, "clipping_fraction": 0.0, "samples_per_second": 7.873284155659473, "GPU_allocated_bytes": 87739904, "GPU_reserved_bytes": 7105150976, "data_wait_seconds": 24.22356500018941, "training_samples_seen": 11160, "scope": "FORMAL_SCIENTIFIC_RUN"}
TRAIN {"utc": "2026-10-01T11:22:32.237118+00:00", "epoch": 13, "global_update": 76000, "LR": 8.612604183266013e-05, "running_L_occ": 0.025711465153969704, "running_L_qr": 0.01226811232364968, "running_L_total": 0.03797957747761939, "pre_clip_grad_norm": 0.08415917307138443, "clipping_fraction": 0.0, "samples_per_second": 7.873371034464104, "GPU_allocated_bytes": 87739904, "GPU_reserved_bytes": 7105150976, "data_wait_seconds": 24.575786500201502, "training_samples_seen": 11360, "scope": "FORMAL_SCIENTIFIC_RUN"}
TRAIN {"utc": "2026-10-01T11:22:57.646711+00:00", "epoch": 13, "global_update": 76100, "LR": 8.608842053940883e-05, "running_L_occ": 0.025722561391095265, "running_L_qr": 0.012283840626994799, "running_L_total": 0.038006402018090066, "pre_clip_grad_norm": 0.517353892326355, "clipping_fraction": 0.0, "samples_per_second": 7.8733263643329625, "GPU_allocated_bytes": 87739904, "GPU_reserved_bytes": 7105150976, "data_wait_seconds": 24.929178600155865, "training_samples_seen": 11560, "scope": "FORMAL_SCIENTIFIC_RUN"}
TRAIN {"utc": "2026-10-01T11:23:17.884512+00:00", "epoch": 13, "global_update": 76180, "LR": 8.605829282983752e-05, "running_L_occ": 0.025731027354675074, "running_L_qr": 0.012287197129038275, "running_L_total": 0.03801822448371335, "pre_clip_grad_norm": 0.10428806394338608, "clipping_fraction": 0.0, "samples_per_second": 7.8737723045594805, "GPU_allocated_bytes": 87739904, "GPU_reserved_bytes": 7105150976, "data_wait_seconds": 25.20966710009816, "training_samples_seen": 11720, "scope": "FORMAL_SCIENTIFIC_RUN"}
VALIDATION {"epoch": 13, "phase": "VALIDATION", "scenes_completed": 8, "scenes_required": 11727, "wall_seconds": 5.453477600000042, "updated_utc": "2026-10-01T11:23:23.895871+00:00"}
VALIDATION {"epoch": 13, "phase": "VALIDATION", "scenes_completed": 808, "scenes_required": 11727, "wall_seconds": 35.7139135000034, "updated_utc": "2026-10-01T11:23:54.156536+00:00"}
VALIDATION {"epoch": 13, "phase": "VALIDATION", "scenes_completed": 1608, "scenes_required": 11727, "wall_seconds": 65.93994530000055, "updated_utc": "2026-10-01T11:24:24.382633+00:00"}
VALIDATION {"epoch": 13, "phase": "VALIDATION", "scenes_completed": 2408, "scenes_required": 11727, "wall_seconds": 96.23582229999738, "updated_utc": "2026-10-01T11:24:54.677777+00:00"}
VALIDATION {"epoch": 13, "phase": "VALIDATION", "scenes_completed": 3208, "scenes_required": 11727, "wall_seconds": 126.58693199999834, "updated_utc": "2026-10-01T11:25:25.029116+00:00"}
VALIDATION {"epoch": 13, "phase": "VALIDATION", "scenes_completed": 4008, "scenes_required": 11727, "wall_seconds": 156.8759274999975, "updated_utc": "2026-10-01T11:25:55.317307+00:00"}
VALIDATION {"epoch": 13, "phase": "VALIDATION", "scenes_completed": 4808, "scenes_required": 11727, "wall_seconds": 187.20397490000323, "updated_utc": "2026-10-01T11:26:25.645372+00:00"}
VALIDATION {"epoch": 13, "phase": "VALIDATION", "scenes_completed": 5608, "scenes_required": 11727, "wall_seconds": 217.55694930000027, "updated_utc": "2026-10-01T11:26:55.997869+00:00"}
VALIDATION {"epoch": 13, "phase": "VALIDATION", "scenes_completed": 6408, "scenes_required": 11727, "wall_seconds": 247.81261030000314, "updated_utc": "2026-10-01T11:27:26.253440+00:00"}
VALIDATION {"epoch": 13, "phase": "VALIDATION", "scenes_completed": 7208, "scenes_required": 11727, "wall_seconds": 278.08358269999735, "updated_utc": "2026-10-01T11:27:56.524593+00:00"}
VALIDATION {"epoch": 13, "phase": "VALIDATION", "scenes_completed": 8008, "scenes_required": 11727, "wall_seconds": 308.3747676999992, "updated_utc": "2026-10-01T11:28:26.815163+00:00"}
VALIDATION {"epoch": 13, "phase": "VALIDATION", "scenes_completed": 8808, "scenes_required": 11727, "wall_seconds": 338.7035842999976, "updated_utc": "2026-10-01T11:28:57.143659+00:00"}
VALIDATION {"epoch": 13, "phase": "VALIDATION", "scenes_completed": 9608, "scenes_required": 11727, "wall_seconds": 368.96965369999816, "updated_utc": "2026-10-01T11:29:27.409988+00:00"}
VALIDATION {"epoch": 13, "phase": "VALIDATION", "scenes_completed": 10408, "scenes_required": 11727, "wall_seconds": 399.24493829999847, "updated_utc": "2026-10-01T11:29:57.684039+00:00"}
VALIDATION {"epoch": 13, "phase": "VALIDATION", "scenes_completed": 11208, "scenes_required": 11727, "wall_seconds": 429.96489440000005, "updated_utc": "2026-10-01T11:30:28.404798+00:00"}
VALIDATION {"epoch": 13, "phase": "VALIDATION", "scenes_completed": 11727, "scenes_required": 11727, "wall_seconds": 449.6192663999973, "updated_utc": "2026-10-01T11:30:48.058656+00:00"}
EPOCH_COMPLETED {"epoch": 13, "global_val_core_loss": 0.0476811650181817, "best_epoch": 11, "early_stop_count": 2, "wall_seconds": 1943.3367034999974}
TRAIN {"utc": "2026-10-01T11:30:57.970767+00:00", "epoch": 14, "global_update": 76181, "LR": 8.60579160610313e-05, "running_L_occ": 0.00358766885037727, "running_L_qr": 6.251318171426728e-05, "running_L_total": 0.003650182032091537, "pre_clip_grad_norm": 0.08337297290563583, "clipping_fraction": 0.0, "samples_per_second": 0.3899182427229466, "GPU_allocated_bytes": 87739904, "GPU_reserved_bytes": 7105150976, "data_wait_seconds": 4.874135599995498, "training_samples_seen": 2, "scope": "FORMAL_SCIENTIFIC_RUN"}
TRAIN {"utc": "2026-10-01T11:31:02.804935+00:00", "epoch": 14, "global_update": 76200, "LR": 8.605075664503685e-05, "running_L_occ": 0.028086859589720306, "running_L_qr": 0.01513679992387893, "running_L_total": 0.04322365951359924, "pre_clip_grad_norm": 0.044009461998939514, "clipping_fraction": 0.0, "samples_per_second": 4.014864916910037, "GPU_allocated_bytes": 87739904, "GPU_reserved_bytes": 7105150976, "data_wait_seconds": 4.930193499982124, "training_samples_seen": 40, "scope": "FORMAL_SCIENTIFIC_RUN"}
TRAIN {"utc": "2026-10-01T11:31:28.070405+00:00", "epoch": 14, "global_update": 76300, "LR": 8.601305019462976e-05, "running_L_occ": 0.024267954820560125, "running_L_qr": 0.011991264039420278, "running_L_total": 0.0362592188599804, "pre_clip_grad_norm": 0.05517921969294548, "clipping_fraction": 0.0, "samples_per_second": 6.812646832942086, "GPU_allocated_bytes": 87739904, "GPU_reserved_bytes": 7105150976, "data_wait_seconds": 5.271052000040072, "training_samples_seen": 240, "scope": "FORMAL_SCIENTIFIC_RUN"}
TRAIN {"utc": "2026-10-01T11:32:45.396694+00:00", "epoch": 14, "global_update": 76400, "LR": 8.59753012333241e-05, "running_L_occ": 0.02466414402492565, "running_L_qr": 0.011933280870337917, "running_L_total": 0.03659742489526357, "pre_clip_grad_norm": 0.06256050616502762, "clipping_fraction": 0.0, "samples_per_second": 3.9091927260347674, "GPU_allocated_bytes": 87739904, "GPU_reserved_bytes": 7105150976, "data_wait_seconds": 57.72937160001311, "training_samples_seen": 440, "scope": "FORMAL_SCIENTIFIC_RUN"}
TRAIN {"utc": "2026-10-01T11:33:10.826022+00:00", "epoch": 14, "global_update": 76500, "LR": 8.593750980630721e-05, "running_L_occ": 0.024606962830209047, "running_L_qr": 0.011718769086702347, "running_L_total": 0.036325731916911394, "pre_clip_grad_norm": 0.01139787770807743, "clipping_fraction": 0.0, "samples_per_second": 4.638179864585823, "GPU_allocated_bytes": 87739904, "GPU_reserved_bytes": 7105150976, "data_wait_seconds": 58.08206630000495, "training_samples_seen": 640, "scope": "FORMAL_SCIENTIFIC_RUN"}
TRAIN {"utc": "2026-10-01T11:33:36.109008+00:00", "epoch": 14, "global_update": 76600, "LR": 8.589967595881737e-05, "running_L_occ": 0.02468869951574219, "running_L_qr": 0.011596729887938839, "running_L_total": 0.036285429403681034, "pre_clip_grad_norm": 0.30645832419395447, "clipping_fraction": 0.0, "samples_per_second": 5.144909294927668, "GPU_allocated_bytes": 87739904, "GPU_reserved_bytes": 7105150976, "data_wait_seconds": 58.43088990002434, "training_samples_seen": 840, "scope": "FORMAL_SCIENTIFIC_RUN"}
TRAIN {"utc": "2026-10-01T11:34:01.501807+00:00", "epoch": 14, "global_update": 76700, "LR": 8.586179973614357e-05, "running_L_occ": 0.02506643198245798, "running_L_qr": 0.011721797911163278, "running_L_total": 0.03678822989362126, "pre_clip_grad_norm": 0.13066662847995758, "clipping_fraction": 0.0, "samples_per_second": 5.512527489841697, "GPU_allocated_bytes": 87739904, "GPU_reserved_bytes": 7105150976, "data_wait_seconds": 58.77602150007442, "training_samples_seen": 1040, "scope": "FORMAL_SCIENTIFIC_RUN"}
TRAIN {"utc": "2026-10-01T11:34:26.859102+00:00", "epoch": 14, "global_update": 76800, "LR": 8.582388118362553e-05, "running_L_occ": 0.025187387328844707, "running_L_qr": 0.011748511028084418, "running_L_total": 0.03693589835692912, "pre_clip_grad_norm": 0.037476394325494766, "clipping_fraction": 0.0, "samples_per_second": 5.793886408434867, "GPU_allocated_bytes": 87739904, "GPU_reserved_bytes": 7105150976, "data_wait_seconds": 59.123762900111615, "training_samples_seen": 1240, "scope": "FORMAL_SCIENTIFIC_RUN"}
TRAIN {"utc": "2026-10-01T11:34:52.252814+00:00", "epoch": 14, "global_update": 76900, "LR": 8.57859203466537e-05, "running_L_occ": 0.0253864815279179, "running_L_qr": 0.01191019806039272, "running_L_total": 0.03729667958831062, "pre_clip_grad_norm": 0.09709479659795761, "clipping_fraction": 0.0, "samples_per_second": 6.014727574223497, "GPU_allocated_bytes": 87739904, "GPU_reserved_bytes": 7105150976, "data_wait_seconds": 59.46832440010621, "training_samples_seen": 1440, "scope": "FORMAL_SCIENTIFIC_RUN"}
TRAIN {"utc": "2026-10-01T11:35:17.540108+00:00", "epoch": 14, "global_update": 77000, "LR": 8.574791727066904e-05, "running_L_occ": 0.025469976591507848, "running_L_qr": 0.012031239178630969, "running_L_total": 0.03750121577013882, "pre_clip_grad_norm": 0.0482625886797905, "clipping_fraction": 0.0, "samples_per_second": 6.195698754537966, "GPU_allocated_bytes": 87739904, "GPU_reserved_bytes": 7105150976, "data_wait_seconds": 59.82058030011831, "training_samples_seen": 1640, "scope": "FORMAL_SCIENTIFIC_RUN"}
TRAIN {"utc": "2026-10-01T11:35:42.895866+00:00", "epoch": 14, "global_update": 77100, "LR": 8.570987200116319e-05, "running_L_occ": 0.025254683975804035, "running_L_qr": 0.011927065166333087, "running_L_total": 0.03718174914213712, "pre_clip_grad_norm": 0.0693414956331253, "clipping_fraction": 0.0, "samples_per_second": 6.3436092151214725, "GPU_allocated_bytes": 87739904, "GPU_reserved_bytes": 7105150976, "data_wait_seconds": 60.1744484001465, "training_samples_seen": 1840, "scope": "FORMAL_SCIENTIFIC_RUN"}
TRAIN {"utc": "2026-10-01T11:36:08.286148+00:00", "epoch": 14, "global_update": 77200, "LR": 8.567178458367822e-05, "running_L_occ": 0.024974366847630682, "running_L_qr": 0.011719934584608323, "running_L_total": 0.03669430143223901, "pre_clip_grad_norm": 0.5644428730010986, "clipping_fraction": 0.0, "samples_per_second": 6.467029118499273, "GPU_allocated_bytes": 87739904, "GPU_reserved_bytes": 7105150976, "data_wait_seconds": 60.526025200175354, "training_samples_seen": 2040, "scope": "FORMAL_SCIENTIFIC_RUN"}
TRAIN {"utc": "2026-10-01T11:36:33.617409+00:00", "epoch": 14, "global_update": 77300, "LR": 8.563365506380666e-05, "running_L_occ": 0.02497824819171074, "running_L_qr": 0.011749111869385289, "running_L_total": 0.03672736006109603, "pre_clip_grad_norm": 0.13930191099643707, "clipping_fraction": 0.0, "samples_per_second": 6.57319673057919, "GPU_allocated_bytes": 87739904, "GPU_reserved_bytes": 7105150976, "data_wait_seconds": 60.877299900210346, "training_samples_seen": 2240, "scope": "FORMAL_SCIENTIFIC_RUN"}
TRAIN {"utc": "2026-10-01T11:36:58.952723+00:00", "epoch": 14, "global_update": 77400, "LR": 8.559548348719147e-05, "running_L_occ": 0.02487538758780339, "running_L_qr": 0.011805662632531914, "running_L_total": 0.036681050220335305, "pre_clip_grad_norm": 0.040582820773124695, "clipping_fraction": 0.0, "samples_per_second": 6.66459553616913, "GPU_allocated_bytes": 87739904, "GPU_reserved_bytes": 7105150976, "data_wait_seconds": 61.22769140022865, "training_samples_seen": 2440, "scope": "FORMAL_SCIENTIFIC_RUN"}
TRAIN {"utc": "2026-10-01T11:37:24.246816+00:00", "epoch": 14, "global_update": 77500, "LR": 8.555726989952593e-05, "running_L_occ": 0.02473934062730048, "running_L_qr": 0.011703921521322828, "running_L_total": 0.036443262148623305, "pre_clip_grad_norm": 0.142867311835289, "clipping_fraction": 0.0, "samples_per_second": 6.744881456623699, "GPU_allocated_bytes": 87739904, "GPU_reserved_bytes": 7105150976, "data_wait_seconds": 61.57514810023713, "training_samples_seen": 2640, "scope": "FORMAL_SCIENTIFIC_RUN"}
TRAIN {"utc": "2026-10-01T11:37:49.581249+00:00", "epoch": 14, "global_update": 77600, "LR": 8.551901434655363e-05, "running_L_occ": 0.02473451811582932, "running_L_qr": 0.011730775491062603, "running_L_total": 0.03646529360689192, "pre_clip_grad_norm": 0.21306908130645752, "clipping_fraction": 0.0, "samples_per_second": 6.814763083973206, "GPU_allocated_bytes": 87739904, "GPU_reserved_bytes": 7105150976, "data_wait_seconds": 61.928200600261334, "training_samples_seen": 2840, "scope": "FORMAL_SCIENTIFIC_RUN"}
TRAIN {"utc": "2026-10-01T11:38:14.960324+00:00", "epoch": 14, "global_update": 77700, "LR": 8.548071687406837e-05, "running_L_occ": 0.02476667909315517, "running_L_qr": 0.01171240697280136, "running_L_total": 0.036479086065956526, "pre_clip_grad_norm": 0.35079237818717957, "clipping_fraction": 0.0, "samples_per_second": 6.875938131143771, "GPU_allocated_bytes": 87739904, "GPU_reserved_bytes": 7105150976, "data_wait_seconds": 62.2799592003139, "training_samples_seen": 3040, "scope": "FORMAL_SCIENTIFIC_RUN"}
TRAIN {"utc": "2026-10-01T11:38:40.368120+00:00", "epoch": 14, "global_update": 77800, "LR": 8.544237752791414e-05, "running_L_occ": 0.02474868643920179, "running_L_qr": 0.011644235967273485, "running_L_total": 0.03639292240647528, "pre_clip_grad_norm": 0.34299930930137634, "clipping_fraction": 0.0, "samples_per_second": 6.9300502995178475, "GPU_allocated_bytes": 87739904, "GPU_reserved_bytes": 7105150976, "data_wait_seconds": 62.633960200277215, "training_samples_seen": 3240, "scope": "FORMAL_SCIENTIFIC_RUN"}
TRAIN {"utc": "2026-10-01T11:39:05.894417+00:00", "epoch": 14, "global_update": 77900, "LR": 8.540399635398507e-05, "running_L_occ": 0.024830590556800904, "running_L_qr": 0.011694120852687069, "running_L_total": 0.03652471140948797, "pre_clip_grad_norm": 0.0686919316649437, "clipping_fraction": 0.0, "samples_per_second": 6.97689049227029, "GPU_allocated_bytes": 87739904, "GPU_reserved_bytes": 7105150976, "data_wait_seconds": 62.98151380028867, "training_samples_seen": 3440, "scope": "FORMAL_SCIENTIFIC_RUN"}
TRAIN {"utc": "2026-10-01T11:39:31.092543+00:00", "epoch": 14, "global_update": 78000, "LR": 8.536557339822532e-05, "running_L_occ": 0.024881378077590454, "running_L_qr": 0.011770072354097579, "running_L_total": 0.036651450431688035, "pre_clip_grad_norm": 0.1692102700471878, "clipping_fraction": 0.0, "samples_per_second": 7.023573218794259, "GPU_allocated_bytes": 87739904, "GPU_reserved_bytes": 7105150976, "data_wait_seconds": 63.32999700026994, "training_samples_seen": 3640, "scope": "FORMAL_SCIENTIFIC_RUN"}
TRAIN {"utc": "2026-10-01T11:39:56.354511+00:00", "epoch": 14, "global_update": 78100, "LR": 8.532710870662914e-05, "running_L_occ": 0.025013908014324168, "running_L_qr": 0.011856172178237095, "running_L_total": 0.036870080192561265, "pre_clip_grad_norm": 0.07275696843862534, "clipping_fraction": 0.0, "samples_per_second": 7.065108575973188, "GPU_allocated_bytes": 87739904, "GPU_reserved_bytes": 7105150976, "data_wait_seconds": 63.683650800223404, "training_samples_seen": 3840, "scope": "FORMAL_SCIENTIFIC_RUN"}
TRAIN {"utc": "2026-10-01T11:40:21.761416+00:00", "epoch": 14, "global_update": 78200, "LR": 8.528860232524064e-05, "running_L_occ": 0.025123313055804654, "running_L_qr": 0.011929263638081194, "running_L_total": 0.03705257669388585, "pre_clip_grad_norm": 0.02365630492568016, "clipping_fraction": 0.0, "samples_per_second": 7.101127233077607, "GPU_allocated_bytes": 87739904, "GPU_reserved_bytes": 7105150976, "data_wait_seconds": 64.03343800022412, "training_samples_seen": 4040, "scope": "FORMAL_SCIENTIFIC_RUN"}
TRAIN {"utc": "2026-10-01T11:40:47.092450+00:00", "epoch": 14, "global_update": 78300, "LR": 8.52500543001539e-05, "running_L_occ": 0.025163371751065658, "running_L_qr": 0.011975046911184638, "running_L_total": 0.037138418662250296, "pre_clip_grad_norm": 0.20731084048748016, "clipping_fraction": 0.0, "samples_per_second": 7.134993222812389, "GPU_allocated_bytes": 87739904, "GPU_reserved_bytes": 7105150976, "data_wait_seconds": 64.38725500024157, "training_samples_seen": 4240, "scope": "FORMAL_SCIENTIFIC_RUN"}
TRAIN {"utc": "2026-10-01T11:41:12.359704+00:00", "epoch": 14, "global_update": 78400, "LR": 8.521146467751287e-05, "running_L_occ": 0.02521009703211996, "running_L_qr": 0.012035149271258089, "running_L_total": 0.03724524630337805, "pre_clip_grad_norm": 0.35044506192207336, "clipping_fraction": 0.0, "samples_per_second": 7.166818800823936, "GPU_allocated_bytes": 87739904, "GPU_reserved_bytes": 7105150976, "data_wait_seconds": 64.73019690022193, "training_samples_seen": 4440, "scope": "FORMAL_SCIENTIFIC_RUN"}
TRAIN {"utc": "2026-10-01T11:41:37.565901+00:00", "epoch": 14, "global_update": 78500, "LR": 8.51728335035112e-05, "running_L_occ": 0.02521505770073432, "running_L_qr": 0.012031041303115093, "running_L_total": 0.03724609900384941, "pre_clip_grad_norm": 0.011536020785570145, "clipping_fraction": 0.0, "samples_per_second": 7.1968343108718935, "GPU_allocated_bytes": 87739904, "GPU_reserved_bytes": 7105150976, "data_wait_seconds": 65.07573200018669, "training_samples_seen": 4640, "scope": "FORMAL_SCIENTIFIC_RUN"}
TRAIN {"utc": "2026-10-01T11:42:02.975060+00:00", "epoch": 14, "global_update": 78600, "LR": 8.513416082439238e-05, "running_L_occ": 0.025262410990273636, "running_L_qr": 0.012062787106940453, "running_L_total": 0.037325198097214095, "pre_clip_grad_norm": 0.03926343470811844, "clipping_fraction": 0.0, "samples_per_second": 7.22240087583536, "GPU_allocated_bytes": 87739904, "GPU_reserved_bytes": 7105150976, "data_wait_seconds": 65.42740080019576, "training_samples_seen": 4840, "scope": "FORMAL_SCIENTIFIC_RUN"}
TRAIN {"utc": "2026-10-01T11:42:28.223876+00:00", "epoch": 14, "global_update": 78700, "LR": 8.509544668644953e-05, "running_L_occ": 0.02543814316161354, "running_L_qr": 0.012215105586383928, "running_L_total": 0.03765324874799747, "pre_clip_grad_norm": 0.030731581151485443, "clipping_fraction": 0.0, "samples_per_second": 7.2477625866769175, "GPU_allocated_bytes": 87739904, "GPU_reserved_bytes": 7105150976, "data_wait_seconds": 65.77242270015995, "training_samples_seen": 5040, "scope": "FORMAL_SCIENTIFIC_RUN"}
TRAIN {"utc": "2026-10-01T11:42:53.497769+00:00", "epoch": 14, "global_update": 78800, "LR": 8.505669113602541e-05, "running_L_occ": 0.02544632796110698, "running_L_qr": 0.012201251365940862, "running_L_total": 0.03764757932704785, "pre_clip_grad_norm": 0.14960002899169922, "clipping_fraction": 0.0, "samples_per_second": 7.271109650142316, "GPU_allocated_bytes": 87739904, "GPU_reserved_bytes": 7105150976, "data_wait_seconds": 66.12314980015071, "training_samples_seen": 5240, "scope": "FORMAL_SCIENTIFIC_RUN"}
TRAIN {"utc": "2026-10-01T11:43:18.759939+00:00", "epoch": 14, "global_update": 78900, "LR": 8.501789421951238e-05, "running_L_occ": 0.025422718756261117, "running_L_qr": 0.012157713086393664, "running_L_total": 0.03758043184265478, "pre_clip_grad_norm": 0.020100269466638565, "clipping_fraction": 0.0, "samples_per_second": 7.292978097434194, "GPU_allocated_bytes": 87739904, "GPU_reserved_bytes": 7105150976, "data_wait_seconds": 66.47485750016494, "training_samples_seen": 5440, "scope": "FORMAL_SCIENTIFIC_RUN"}
TRAIN {"utc": "2026-10-01T11:43:44.077589+00:00", "epoch": 14, "global_update": 79000, "LR": 8.497905598335226e-05, "running_L_occ": 0.025473689540209676, "running_L_qr": 0.012191587530561173, "running_L_total": 0.03766527707077085, "pre_clip_grad_norm": 0.21084757149219513, "clipping_fraction": 0.0, "samples_per_second": 7.312895815615743, "GPU_allocated_bytes": 87739904, "GPU_reserved_bytes": 7105150976, "data_wait_seconds": 66.82599060015491, "training_samples_seen": 5640, "scope": "FORMAL_SCIENTIFIC_RUN"}
TRAIN {"utc": "2026-10-01T11:44:09.558869+00:00", "epoch": 14, "global_update": 79100, "LR": 8.494017647403635e-05, "running_L_occ": 0.025472714542648815, "running_L_qr": 0.012166487427019155, "running_L_total": 0.03763920196966797, "pre_clip_grad_norm": 0.10836198925971985, "clipping_fraction": 0.0, "samples_per_second": 7.330031122850289, "GPU_allocated_bytes": 87739904, "GPU_reserved_bytes": 7105150976, "data_wait_seconds": 67.17818750013976, "training_samples_seen": 5840, "scope": "FORMAL_SCIENTIFIC_RUN"}
TRAIN {"utc": "2026-10-01T11:44:34.997775+00:00", "epoch": 14, "global_update": 79200, "LR": 8.49012557381054e-05, "running_L_occ": 0.025405668005328567, "running_L_qr": 0.012113622260774889, "running_L_total": 0.037519290266103456, "pre_clip_grad_norm": 0.10039179027080536, "clipping_fraction": 0.0, "samples_per_second": 7.346496367195488, "GPU_allocated_bytes": 87739904, "GPU_reserved_bytes": 7105150976, "data_wait_seconds": 67.53139400018699, "training_samples_seen": 6040, "scope": "FORMAL_SCIENTIFIC_RUN"}
TRAIN {"utc": "2026-10-01T11:45:00.521041+00:00", "epoch": 14, "global_update": 79300, "LR": 8.486229382214946e-05, "running_L_occ": 0.025358771303069634, "running_L_qr": 0.012063991099633672, "running_L_total": 0.037422762402703307, "pre_clip_grad_norm": 0.38500282168388367, "clipping_fraction": 0.0, "samples_per_second": 7.361231379046362, "GPU_allocated_bytes": 87739904, "GPU_reserved_bytes": 7105150976, "data_wait_seconds": 67.88991880015237, "training_samples_seen": 6240, "scope": "FORMAL_SCIENTIFIC_RUN"}
TRAIN {"utc": "2026-10-01T11:45:25.934708+00:00", "epoch": 14, "global_update": 79400, "LR": 8.482329077280792e-05, "running_L_occ": 0.025299861652793576, "running_L_qr": 0.012023648626183608, "running_L_total": 0.037323510278977186, "pre_clip_grad_norm": 0.05930911377072334, "clipping_fraction": 0.0, "samples_per_second": 7.376032015486462, "GPU_allocated_bytes": 87739904, "GPU_reserved_bytes": 7105150976, "data_wait_seconds": 68.24165710013767, "training_samples_seen": 6440, "scope": "FORMAL_SCIENTIFIC_RUN"}
TRAIN {"utc": "2026-10-01T11:45:51.257356+00:00", "epoch": 14, "global_update": 79500, "LR": 8.478424663676935e-05, "running_L_occ": 0.025269471167526234, "running_L_qr": 0.011996284212204231, "running_L_total": 0.03726575537973047, "pre_clip_grad_norm": 0.05381280928850174, "clipping_fraction": 0.0, "samples_per_second": 7.3907425296343625, "GPU_allocated_bytes": 87739904, "GPU_reserved_bytes": 7105150976, "data_wait_seconds": 68.58921720013313, "training_samples_seen": 6640, "scope": "FORMAL_SCIENTIFIC_RUN"}
TRAIN {"utc": "2026-10-01T11:46:16.665407+00:00", "epoch": 14, "global_update": 79600, "LR": 8.474516146077157e-05, "running_L_occ": 0.025248590182890402, "running_L_qr": 0.011982330029230525, "running_L_total": 0.037230920212120926, "pre_clip_grad_norm": 0.07528586685657501, "clipping_fraction": 0.0, "samples_per_second": 7.403966654850234, "GPU_allocated_bytes": 87739904, "GPU_reserved_bytes": 7105150976, "data_wait_seconds": 68.94061170010536, "training_samples_seen": 6840, "scope": "FORMAL_SCIENTIFIC_RUN"}
TRAIN {"utc": "2026-10-01T11:46:41.964472+00:00", "epoch": 14, "global_update": 79700, "LR": 8.470603529160145e-05, "running_L_occ": 0.02529662170828154, "running_L_qr": 0.012073343263913308, "running_L_total": 0.03736996497219485, "pre_clip_grad_norm": 0.14880691468715668, "clipping_fraction": 0.0, "samples_per_second": 7.417334674013675, "GPU_allocated_bytes": 87739904, "GPU_reserved_bytes": 7105150976, "data_wait_seconds": 69.2922546001355, "training_samples_seen": 7040, "scope": "FORMAL_SCIENTIFIC_RUN"}
TRAIN {"utc": "2026-10-01T11:47:07.338456+00:00", "epoch": 14, "global_update": 79800, "LR": 8.466686817609499e-05, "running_L_occ": 0.02528891143977113, "running_L_qr": 0.012088889145344702, "running_L_total": 0.037377800585115833, "pre_clip_grad_norm": 0.07252300530672073, "clipping_fraction": 0.0, "samples_per_second": 7.429432079667013, "GPU_allocated_bytes": 87739904, "GPU_reserved_bytes": 7105150976, "data_wait_seconds": 69.64447480012313, "training_samples_seen": 7240, "scope": "FORMAL_SCIENTIFIC_RUN"}
TRAIN {"utc": "2026-10-01T11:47:32.496429+00:00", "epoch": 14, "global_update": 79900, "LR": 8.462766016113721e-05, "running_L_occ": 0.025271815324656374, "running_L_qr": 0.012079585242969206, "running_L_total": 0.03735140056762558, "pre_clip_grad_norm": 0.1905338317155838, "clipping_fraction": 0.0, "samples_per_second": 7.442524968883036, "GPU_allocated_bytes": 87739904, "GPU_reserved_bytes": 7105150976, "data_wait_seconds": 69.99583660013013, "training_samples_seen": 7440, "scope": "FORMAL_SCIENTIFIC_RUN"}
TRAIN {"utc": "2026-10-01T11:47:57.766828+00:00", "epoch": 14, "global_update": 80000, "LR": 8.458841129366202e-05, "running_L_occ": 0.025239133254840434, "running_L_qr": 0.0120315603693517, "running_L_total": 0.037270693624192136, "pre_clip_grad_norm": 0.07682427018880844, "clipping_fraction": 0.0, "samples_per_second": 7.454159169550986, "GPU_allocated_bytes": 87739904, "GPU_reserved_bytes": 7105150976, "data_wait_seconds": 70.34364990012546, "training_samples_seen": 7640, "scope": "FORMAL_SCIENTIFIC_RUN"}
TRAIN {"utc": "2026-10-01T11:48:23.038839+00:00", "epoch": 14, "global_update": 80100, "LR": 8.454912162065234e-05, "running_L_occ": 0.02522868562879322, "running_L_qr": 0.012028216271389709, "running_L_total": 0.03725690190018293, "pre_clip_grad_norm": 0.03762507066130638, "clipping_fraction": 0.0, "samples_per_second": 7.4652219734482514, "GPU_allocated_bytes": 87739904, "GPU_reserved_bytes": 7105150976, "data_wait_seconds": 70.69521310007258, "training_samples_seen": 7840, "scope": "FORMAL_SCIENTIFIC_RUN"}
TRAIN {"utc": "2026-10-01T11:48:48.352806+00:00", "epoch": 14, "global_update": 80200, "LR": 8.450979118913983e-05, "running_L_occ": 0.025261432287181248, "running_L_qr": 0.012061458488530826, "running_L_total": 0.037322890775712075, "pre_clip_grad_norm": 0.15781117975711823, "clipping_fraction": 0.0, "samples_per_second": 7.475472950933188, "GPU_allocated_bytes": 87739904, "GPU_reserved_bytes": 7105150976, "data_wait_seconds": 71.05080940003973, "training_samples_seen": 8040, "scope": "FORMAL_SCIENTIFIC_RUN"}
TRAIN {"utc": "2026-10-01T11:49:13.653600+00:00", "epoch": 14, "global_update": 80300, "LR": 8.447042004620498e-05, "running_L_occ": 0.025263714315481255, "running_L_qr": 0.012069560026057557, "running_L_total": 0.03733327434153882, "pre_clip_grad_norm": 0.2725444734096527, "clipping_fraction": 0.0, "samples_per_second": 7.485340526294802, "GPU_allocated_bytes": 87739904, "GPU_reserved_bytes": 7105150976, "data_wait_seconds": 71.39975190005498, "training_samples_seen": 8240, "scope": "FORMAL_SCIENTIFIC_RUN"}
TRAIN {"utc": "2026-10-01T11:49:38.859921+00:00", "epoch": 14, "global_update": 80400, "LR": 8.443100823897707e-05, "running_L_occ": 0.025252824117341366, "running_L_qr": 0.012080701681153716, "running_L_total": 0.037333525798495075, "pre_clip_grad_norm": 0.06255585700273514, "clipping_fraction": 0.0, "samples_per_second": 7.495393787229383, "GPU_allocated_bytes": 87739904, "GPU_reserved_bytes": 7105150976, "data_wait_seconds": 71.74842480003281, "training_samples_seen": 8440, "scope": "FORMAL_SCIENTIFIC_RUN"}
TRAIN {"utc": "2026-10-01T11:50:04.298419+00:00", "epoch": 14, "global_update": 80500, "LR": 8.439155581463393e-05, "running_L_occ": 0.02527689780650553, "running_L_qr": 0.012108942238328577, "running_L_total": 0.037385840044834105, "pre_clip_grad_norm": 0.05168216675519943, "clipping_fraction": 0.0, "samples_per_second": 7.503496796903105, "GPU_allocated_bytes": 87739904, "GPU_reserved_bytes": 7105150976, "data_wait_seconds": 72.10802120003063, "training_samples_seen": 8640, "scope": "FORMAL_SCIENTIFIC_RUN"}
TRAIN {"utc": "2026-10-01T11:50:29.708129+00:00", "epoch": 14, "global_update": 80600, "LR": 8.435206282040217e-05, "running_L_occ": 0.025373719744019564, "running_L_qr": 0.012179139755036518, "running_L_total": 0.03755285949905609, "pre_clip_grad_norm": 0.12541323900222778, "clipping_fraction": 0.0, "samples_per_second": 7.511430022619153, "GPU_allocated_bytes": 87739904, "GPU_reserved_bytes": 7105150976, "data_wait_seconds": 72.45968399999401, "training_samples_seen": 8840, "scope": "FORMAL_SCIENTIFIC_RUN"}
TRAIN {"utc": "2026-10-01T11:50:54.985006+00:00", "epoch": 14, "global_update": 80700, "LR": 8.431252930355681e-05, "running_L_occ": 0.025436645097083415, "running_L_qr": 0.012218516976648922, "running_L_total": 0.03765516207373234, "pre_clip_grad_norm": 0.06956556439399719, "clipping_fraction": 0.0, "samples_per_second": 7.519856982595115, "GPU_allocated_bytes": 87739904, "GPU_reserved_bytes": 7105150976, "data_wait_seconds": 72.81063249999715, "training_samples_seen": 9040, "scope": "FORMAL_SCIENTIFIC_RUN"}
TRAIN {"utc": "2026-10-01T11:51:20.305561+00:00", "epoch": 14, "global_update": 80800, "LR": 8.427295531142148e-05, "running_L_occ": 0.025457295339445758, "running_L_qr": 0.012229231558630376, "running_L_total": 0.03768652689807613, "pre_clip_grad_norm": 0.09238117933273315, "clipping_fraction": 0.0, "samples_per_second": 7.527670359795522, "GPU_allocated_bytes": 87739904, "GPU_reserved_bytes": 7105150976, "data_wait_seconds": 73.1595004999981, "training_samples_seen": 9240, "scope": "FORMAL_SCIENTIFIC_RUN"}
TRAIN {"utc": "2026-10-01T11:51:45.621405+00:00", "epoch": 14, "global_update": 80900, "LR": 8.423334089136824e-05, "running_L_occ": 0.0254416530455099, "running_L_qr": 0.012224106881035977, "running_L_total": 0.037665759926545875, "pre_clip_grad_norm": 0.091807059943676, "clipping_fraction": 0.0, "samples_per_second": 7.535197787506229, "GPU_allocated_bytes": 87739904, "GPU_reserved_bytes": 7105150976, "data_wait_seconds": 73.50658569997904, "training_samples_seen": 9440, "scope": "FORMAL_SCIENTIFIC_RUN"}
TRAIN {"utc": "2026-10-01T11:52:10.862830+00:00", "epoch": 14, "global_update": 81000, "LR": 8.419368609081751e-05, "running_L_occ": 0.025420294498986248, "running_L_qr": 0.012185921292549076, "running_L_total": 0.03760621579153533, "pre_clip_grad_norm": 0.1179923266172409, "clipping_fraction": 0.0, "samples_per_second": 7.542865432318701, "GPU_allocated_bytes": 87739904, "GPU_reserved_bytes": 7105150976, "data_wait_seconds": 73.8568697999508, "training_samples_seen": 9640, "scope": "FORMAL_SCIENTIFIC_RUN"}
TRAIN {"utc": "2026-10-01T11:52:36.150331+00:00", "epoch": 14, "global_update": 81100, "LR": 8.415399095723808e-05, "running_L_occ": 0.025421007146693465, "running_L_qr": 0.01216508551275771, "running_L_total": 0.037586092659451176, "pre_clip_grad_norm": 0.020037366077303886, "clipping_fraction": 0.0, "samples_per_second": 7.549970805901039, "GPU_allocated_bytes": 87739904, "GPU_reserved_bytes": 7105150976, "data_wait_seconds": 74.20784409991757, "training_samples_seen": 9840, "scope": "FORMAL_SCIENTIFIC_RUN"}
TRAIN {"utc": "2026-10-01T11:53:01.538660+00:00", "epoch": 14, "global_update": 81200, "LR": 8.411425553814701e-05, "running_L_occ": 0.025420415996842895, "running_L_qr": 0.012180738712861298, "running_L_total": 0.037601154709704196, "pre_clip_grad_norm": 0.1897781640291214, "clipping_fraction": 0.0, "samples_per_second": 7.556235199307569, "GPU_allocated_bytes": 87739904, "GPU_reserved_bytes": 7105150976, "data_wait_seconds": 74.56375379994279, "training_samples_seen": 10040, "scope": "FORMAL_SCIENTIFIC_RUN"}
TRAIN {"utc": "2026-10-01T11:53:26.816598+00:00", "epoch": 14, "global_update": 81300, "LR": 8.40744798811096e-05, "running_L_occ": 0.0254281176531353, "running_L_qr": 0.012188056682816134, "running_L_total": 0.037616174335951436, "pre_clip_grad_norm": 0.3684913218021393, "clipping_fraction": 0.0, "samples_per_second": 7.562872323643425, "GPU_allocated_bytes": 87739904, "GPU_reserved_bytes": 7105150976, "data_wait_seconds": 74.91445789999125, "training_samples_seen": 10240, "scope": "FORMAL_SCIENTIFIC_RUN"}
TRAIN {"utc": "2026-10-01T11:53:52.072344+00:00", "epoch": 14, "global_update": 81400, "LR": 8.403466403373929e-05, "running_L_occ": 0.025449343726530262, "running_L_qr": 0.012222016166465618, "running_L_total": 0.03767135989299588, "pre_clip_grad_norm": 0.08123040944337845, "clipping_fraction": 0.0, "samples_per_second": 7.56939333894539, "GPU_allocated_bytes": 87739904, "GPU_reserved_bytes": 7105150976, "data_wait_seconds": 75.26299690002634, "training_samples_seen": 10440, "scope": "FORMAL_SCIENTIFIC_RUN"}
TRAIN {"utc": "2026-10-01T11:54:17.380031+00:00", "epoch": 14, "global_update": 81500, "LR": 8.399480804369764e-05, "running_L_occ": 0.025434291536740445, "running_L_qr": 0.012213841517822744, "running_L_total": 0.03764813305456319, "pre_clip_grad_norm": 0.146896094083786, "clipping_fraction": 0.0, "samples_per_second": 7.575402677246779, "GPU_allocated_bytes": 87739904, "GPU_reserved_bytes": 7105150976, "data_wait_seconds": 75.61306220009283, "training_samples_seen": 10640, "scope": "FORMAL_SCIENTIFIC_RUN"}
TRAIN {"utc": "2026-10-01T11:54:42.799084+00:00", "epoch": 14, "global_update": 81600, "LR": 8.395491195869427e-05, "running_L_occ": 0.025445034728606264, "running_L_qr": 0.012234747547169715, "running_L_total": 0.03767978227577597, "pre_clip_grad_norm": 0.24977707862854004, "clipping_fraction": 0.0, "samples_per_second": 7.580602738914125, "GPU_allocated_bytes": 87739904, "GPU_reserved_bytes": 7105150976, "data_wait_seconds": 75.96371400007047, "training_samples_seen": 10840, "scope": "FORMAL_SCIENTIFIC_RUN"}
TRAIN {"utc": "2026-10-01T11:55:08.074918+00:00", "epoch": 14, "global_update": 81700, "LR": 8.391497582648679e-05, "running_L_occ": 0.025416551490023136, "running_L_qr": 0.012208603953282606, "running_L_total": 0.03762515544330574, "pre_clip_grad_norm": 0.08762459456920624, "clipping_fraction": 0.0, "samples_per_second": 7.5863724099380665, "GPU_allocated_bytes": 87739904, "GPU_reserved_bytes": 7105150976, "data_wait_seconds": 76.316110100066, "training_samples_seen": 11040, "scope": "FORMAL_SCIENTIFIC_RUN"}
TRAIN {"utc": "2026-10-01T11:55:33.465947+00:00", "epoch": 14, "global_update": 81800, "LR": 8.387499969488074e-05, "running_L_occ": 0.025416488969586242, "running_L_qr": 0.012193993988815452, "running_L_total": 0.03761048295840169, "pre_clip_grad_norm": 0.05541269853711128, "clipping_fraction": 0.0, "samples_per_second": 7.591350403814302, "GPU_allocated_bytes": 87739904, "GPU_reserved_bytes": 7105150976, "data_wait_seconds": 76.66542800002208, "training_samples_seen": 11240, "scope": "FORMAL_SCIENTIFIC_RUN"}
TRAIN {"utc": "2026-10-01T11:55:58.804399+00:00", "epoch": 14, "global_update": 81900, "LR": 8.383498361172957e-05, "running_L_occ": 0.025411840639580192, "running_L_qr": 0.012186702375323783, "running_L_total": 0.03759854301490398, "pre_clip_grad_norm": 0.17123284935951233, "clipping_fraction": 0.0, "samples_per_second": 7.5964270257013045, "GPU_allocated_bytes": 87739904, "GPU_reserved_bytes": 7105150976, "data_wait_seconds": 77.01699390004796, "training_samples_seen": 11440, "scope": "FORMAL_SCIENTIFIC_RUN"}
TRAIN {"utc": "2026-10-01T11:56:24.105533+00:00", "epoch": 14, "global_update": 82000, "LR": 8.379492762493453e-05, "running_L_occ": 0.025413948995399938, "running_L_qr": 0.012187106688995447, "running_L_total": 0.03760105568439538, "pre_clip_grad_norm": 0.050050441175699234, "clipping_fraction": 0.0, "samples_per_second": 7.601520859945062, "GPU_allocated_bytes": 87739904, "GPU_reserved_bytes": 7105150976, "data_wait_seconds": 77.37090970004647, "training_samples_seen": 11640, "scope": "FORMAL_SCIENTIFIC_RUN"}
TRAIN {"utc": "2026-10-01T11:56:34.206293+00:00", "epoch": 14, "global_update": 82040, "LR": 8.377889406793519e-05, "running_L_occ": 0.025404842632266566, "running_L_qr": 0.012185748275958648, "running_L_total": 0.03759059090822521, "pre_clip_grad_norm": 0.0686129778623581, "clipping_fraction": 0.0, "samples_per_second": 7.603610996123986, "GPU_allocated_bytes": 87739904, "GPU_reserved_bytes": 7105150976, "data_wait_seconds": 77.50994530002936, "training_samples_seen": 11720, "scope": "FORMAL_SCIENTIFIC_RUN"}
VALIDATION {"epoch": 14, "phase": "VALIDATION", "scenes_completed": 8, "scenes_required": 11727, "wall_seconds": 5.5050932000012835, "updated_utc": "2026-10-01T11:56:40.261501+00:00"}
VALIDATION {"epoch": 14, "phase": "VALIDATION", "scenes_completed": 808, "scenes_required": 11727, "wall_seconds": 35.79225890000089, "updated_utc": "2026-10-01T11:57:10.549031+00:00"}
VALIDATION {"epoch": 14, "phase": "VALIDATION", "scenes_completed": 1608, "scenes_required": 11727, "wall_seconds": 66.09474620000401, "updated_utc": "2026-10-01T11:57:40.850853+00:00"}
VALIDATION {"epoch": 14, "phase": "VALIDATION", "scenes_completed": 2408, "scenes_required": 11727, "wall_seconds": 96.36989910000557, "updated_utc": "2026-10-01T11:58:11.126509+00:00"}
VALIDATION {"epoch": 14, "phase": "VALIDATION", "scenes_completed": 3208, "scenes_required": 11727, "wall_seconds": 126.72841909999988, "updated_utc": "2026-10-01T11:58:41.484902+00:00"}
VALIDATION {"epoch": 14, "phase": "VALIDATION", "scenes_completed": 4008, "scenes_required": 11727, "wall_seconds": 157.02221329999884, "updated_utc": "2026-10-01T11:59:11.778584+00:00"}
VALIDATION {"epoch": 14, "phase": "VALIDATION", "scenes_completed": 4808, "scenes_required": 11727, "wall_seconds": 187.35538950000046, "updated_utc": "2026-10-01T11:59:42.110977+00:00"}
VALIDATION {"epoch": 14, "phase": "VALIDATION", "scenes_completed": 5608, "scenes_required": 11727, "wall_seconds": 217.73052080000343, "updated_utc": "2026-10-01T12:00:12.485935+00:00"}
VALIDATION {"epoch": 14, "phase": "VALIDATION", "scenes_completed": 6408, "scenes_required": 11727, "wall_seconds": 248.1757667999991, "updated_utc": "2026-10-01T12:00:42.931402+00:00"}
VALIDATION {"epoch": 14, "phase": "VALIDATION", "scenes_completed": 7208, "scenes_required": 11727, "wall_seconds": 279.02261870000075, "updated_utc": "2026-10-01T12:01:13.778511+00:00"}
VALIDATION {"epoch": 14, "phase": "VALIDATION", "scenes_completed": 8008, "scenes_required": 11727, "wall_seconds": 309.32499180000013, "updated_utc": "2026-10-01T12:01:44.080830+00:00"}
VALIDATION {"epoch": 14, "phase": "VALIDATION", "scenes_completed": 8808, "scenes_required": 11727, "wall_seconds": 339.7192361000052, "updated_utc": "2026-10-01T12:02:14.474312+00:00"}
VALIDATION {"epoch": 14, "phase": "VALIDATION", "scenes_completed": 9608, "scenes_required": 11727, "wall_seconds": 370.07604900000297, "updated_utc": "2026-10-01T12:02:44.831526+00:00"}
VALIDATION {"epoch": 14, "phase": "VALIDATION", "scenes_completed": 10408, "scenes_required": 11727, "wall_seconds": 400.3867176000058, "updated_utc": "2026-10-01T12:03:15.141660+00:00"}
VALIDATION {"epoch": 14, "phase": "VALIDATION", "scenes_completed": 11208, "scenes_required": 11727, "wall_seconds": 430.69352410000283, "updated_utc": "2026-10-01T12:03:45.448886+00:00"}
VALIDATION {"epoch": 14, "phase": "VALIDATION", "scenes_completed": 11727, "scenes_required": 11727, "wall_seconds": 450.3575545999993, "updated_utc": "2026-10-01T12:04:05.112094+00:00"}
EPOCH_COMPLETED {"epoch": 14, "global_val_core_loss": 0.04765918300147377, "best_epoch": 11, "early_stop_count": 3, "wall_seconds": 1996.944947099997}
TRAIN {"utc": "2026-10-01T12:04:14.987687+00:00", "epoch": 15, "global_update": 82041, "LR": 8.377849314733258e-05, "running_L_occ": 0.036482075171958755, "running_L_qr": 0.01908909132635931, "running_L_total": 0.055571166498318066, "pre_clip_grad_norm": 0.06931400299072266, "clipping_fraction": 0.0, "samples_per_second": 0.39215034997391224, "GPU_allocated_bytes": 87739904, "GPU_reserved_bytes": 7105150976, "data_wait_seconds": 4.857701000000816, "training_samples_seen": 2, "scope": "FORMAL_SCIENTIFIC_RUN"}
TRAIN {"utc": "2026-10-01T12:04:29.816716+00:00", "epoch": 15, "global_update": 82100, "LR": 8.375483178244461e-05, "running_L_occ": 0.024711980081923296, "running_L_qr": 0.013111092701421452, "running_L_total": 0.03782307278334475, "pre_clip_grad_norm": 0.15422210097312927, "clipping_fraction": 0.0, "samples_per_second": 6.021519556051674, "GPU_allocated_bytes": 87739904, "GPU_reserved_bytes": 7105150976, "data_wait_seconds": 5.027378399994632, "training_samples_seen": 120, "scope": "FORMAL_SCIENTIFIC_RUN"}
TRAIN {"utc": "2026-10-01T12:04:55.190093+00:00", "epoch": 15, "global_update": 82200, "LR": 8.371469613225657e-05, "running_L_occ": 0.025480635827027146, "running_L_qr": 0.013422541019882276, "running_L_total": 0.03890317684690942, "pre_clip_grad_norm": 0.38795676827430725, "clipping_fraction": 0.0, "samples_per_second": 7.06359322073401, "GPU_allocated_bytes": 87739904, "GPU_reserved_bytes": 7105150976, "data_wait_seconds": 5.370950200020161, "training_samples_seen": 320, "scope": "FORMAL_SCIENTIFIC_RUN"}
TRAIN {"utc": "2026-10-01T12:05:20.545961+00:00", "epoch": 15, "global_update": 82300, "LR": 8.36745207224148e-05, "running_L_occ": 0.02526476695913215, "running_L_qr": 0.01257917513619073, "running_L_total": 0.03784394209532287, "pre_clip_grad_norm": 0.06672097742557526, "clipping_fraction": 0.0, "samples_per_second": 7.359316163284633, "GPU_allocated_bytes": 87739904, "GPU_reserved_bytes": 7105150976, "data_wait_seconds": 5.718185700010508, "training_samples_seen": 520, "scope": "FORMAL_SCIENTIFIC_RUN"}
TRAIN {"utc": "2026-10-01T12:05:45.850287+00:00", "epoch": 15, "global_update": 82400, "LR": 8.363430560101126e-05, "running_L_occ": 0.025344671524178866, "running_L_qr": 0.012539644881776855, "running_L_total": 0.03788431640595572, "pre_clip_grad_norm": 0.16207240521907806, "clipping_fraction": 0.0, "samples_per_second": 7.502879636466778, "GPU_allocated_bytes": 87739904, "GPU_reserved_bytes": 7105150976, "data_wait_seconds": 6.066192599995702, "training_samples_seen": 720, "scope": "FORMAL_SCIENTIFIC_RUN"}
TRAIN {"utc": "2026-10-01T12:06:11.297579+00:00", "epoch": 15, "global_update": 82500, "LR": 8.359405081618545e-05, "running_L_occ": 0.02525474657988013, "running_L_qr": 0.012383437130042457, "running_L_total": 0.037638183709922585, "pre_clip_grad_norm": 0.06302840262651443, "clipping_fraction": 0.0, "samples_per_second": 7.577597495550244, "GPU_allocated_bytes": 87739904, "GPU_reserved_bytes": 7105150976, "data_wait_seconds": 6.414106899981562, "training_samples_seen": 920, "scope": "FORMAL_SCIENTIFIC_RUN"}
TRAIN {"utc": "2026-10-01T12:06:36.578028+00:00", "epoch": 15, "global_update": 82600, "LR": 8.355375641612439e-05, "running_L_occ": 0.025292598271850215, "running_L_qr": 0.012262688074564676, "running_L_total": 0.03755528634641489, "pre_clip_grad_norm": 0.1471845954656601, "clipping_fraction": 0.0, "samples_per_second": 7.635099496410617, "GPU_allocated_bytes": 87739904, "GPU_reserved_bytes": 7105150976, "data_wait_seconds": 6.760363799970946, "training_samples_seen": 1120, "scope": "FORMAL_SCIENTIFIC_RUN"}
TRAIN {"utc": "2026-10-01T12:07:02.070765+00:00", "epoch": 15, "global_update": 82700, "LR": 8.351342244906248e-05, "running_L_occ": 0.025296964003632776, "running_L_qr": 0.012144227786381058, "running_L_total": 0.03744119179001383, "pre_clip_grad_norm": 0.2012871354818344, "clipping_fraction": 0.0, "samples_per_second": 7.666249529380809, "GPU_allocated_bytes": 87739904, "GPU_reserved_bytes": 7105150976, "data_wait_seconds": 7.110523099960119, "training_samples_seen": 1320, "scope": "FORMAL_SCIENTIFIC_RUN"}
TRAIN {"utc": "2026-10-01T12:07:27.340976+00:00", "epoch": 15, "global_update": 82800, "LR": 8.34730489632815e-05, "running_L_occ": 0.02529426418716686, "running_L_qr": 0.012102682640563068, "running_L_total": 0.03739694682772993, "pre_clip_grad_norm": 0.08354254812002182, "clipping_fraction": 0.0, "samples_per_second": 7.6980115136810054, "GPU_allocated_bytes": 87739904, "GPU_reserved_bytes": 7105150976, "data_wait_seconds": 7.457723999992595, "training_samples_seen": 1520, "scope": "FORMAL_SCIENTIFIC_RUN"}
TRAIN {"utc": "2026-10-01T12:07:52.772361+00:00", "epoch": 15, "global_update": 82900, "LR": 8.343263600711054e-05, "running_L_occ": 0.02535670091068034, "running_L_qr": 0.012213239708801667, "running_L_total": 0.03756994061948201, "pre_clip_grad_norm": 0.14150694012641907, "clipping_fraction": 0.0, "samples_per_second": 7.716986691675141, "GPU_allocated_bytes": 87739904, "GPU_reserved_bytes": 7105150976, "data_wait_seconds": 7.808406599971931, "training_samples_seen": 1720, "scope": "FORMAL_SCIENTIFIC_RUN"}
TRAIN {"utc": "2026-10-01T12:08:18.029228+00:00", "epoch": 15, "global_update": 83000, "LR": 8.33921836289259e-05, "running_L_occ": 0.025400254796876128, "running_L_qr": 0.012209644085975684, "running_L_total": 0.037609898882851815, "pre_clip_grad_norm": 0.11549392342567444, "clipping_fraction": 0.0, "samples_per_second": 7.737500024381275, "GPU_allocated_bytes": 87739904, "GPU_reserved_bytes": 7105150976, "data_wait_seconds": 8.159500599911553, "training_samples_seen": 1920, "scope": "FORMAL_SCIENTIFIC_RUN"}
TRAIN {"utc": "2026-10-01T12:08:43.358275+00:00", "epoch": 15, "global_update": 83100, "LR": 8.335169187715116e-05, "running_L_occ": 0.025510973325982577, "running_L_qr": 0.012275783538727436, "running_L_total": 0.03778675686471001, "pre_clip_grad_norm": 0.2474352866411209, "clipping_fraction": 0.0, "samples_per_second": 7.752192337362317, "GPU_allocated_bytes": 87739904, "GPU_reserved_bytes": 7105150976, "data_wait_seconds": 8.510770899913041, "training_samples_seen": 2120, "scope": "FORMAL_SCIENTIFIC_RUN"}
TRAIN {"utc": "2026-10-01T12:09:08.618871+00:00", "epoch": 15, "global_update": 83200, "LR": 8.331116080025691e-05, "running_L_occ": 0.0254168219269602, "running_L_qr": 0.012208915926275472, "running_L_total": 0.037625737853235676, "pre_clip_grad_norm": 0.19414903223514557, "clipping_fraction": 0.0, "samples_per_second": 7.766147119603482, "GPU_allocated_bytes": 87739904, "GPU_reserved_bytes": 7105150976, "data_wait_seconds": 8.862187299942889, "training_samples_seen": 2320, "scope": "FORMAL_SCIENTIFIC_RUN"}
TRAIN {"utc": "2026-10-01T12:09:33.923782+00:00", "epoch": 15, "global_update": 83300, "LR": 8.327059044676092e-05, "running_L_occ": 0.025464813494851746, "running_L_qr": 0.012257709212866784, "running_L_total": 0.037722522707718524, "pre_clip_grad_norm": 0.24450881779193878, "clipping_fraction": 0.0, "samples_per_second": 7.776888737778961, "GPU_allocated_bytes": 87739904, "GPU_reserved_bytes": 7105150976, "data_wait_seconds": 9.207836599984148, "training_samples_seen": 2520, "scope": "FORMAL_SCIENTIFIC_RUN"}
TRAIN {"utc": "2026-10-01T12:09:59.244685+00:00", "epoch": 15, "global_update": 83400, "LR": 8.322998086522792e-05, "running_L_occ": 0.025330488261600864, "running_L_qr": 0.012202668795588265, "running_L_total": 0.03753315705718913, "pre_clip_grad_norm": 0.07141316682100296, "clipping_fraction": 0.0, "samples_per_second": 7.7857006772582045, "GPU_allocated_bytes": 87739904, "GPU_reserved_bytes": 7105150976, "data_wait_seconds": 9.55731070003094, "training_samples_seen": 2720, "scope": "FORMAL_SCIENTIFIC_RUN"}
TRAIN {"utc": "2026-10-01T12:10:24.589295+00:00", "epoch": 15, "global_update": 83500, "LR": 8.318933210426961e-05, "running_L_occ": 0.025247949594322906, "running_L_qr": 0.012188199828724076, "running_L_total": 0.03743614942304698, "pre_clip_grad_norm": 0.09870646148920059, "clipping_fraction": 0.0, "samples_per_second": 7.792839025339522, "GPU_allocated_bytes": 87739904, "GPU_reserved_bytes": 7105150976, "data_wait_seconds": 9.905668000021251, "training_samples_seen": 2920, "scope": "FORMAL_SCIENTIFIC_RUN"}
TRAIN {"utc": "2026-10-01T12:10:49.695312+00:00", "epoch": 15, "global_update": 83600, "LR": 8.314864421254461e-05, "running_L_occ": 0.02522378096946766, "running_L_qr": 0.012162598484514448, "running_L_total": 0.037386379453982106, "pre_clip_grad_norm": 0.09436893463134766, "clipping_fraction": 0.0, "samples_per_second": 7.803729831691751, "GPU_allocated_bytes": 87739904, "GPU_reserved_bytes": 7105150976, "data_wait_seconds": 10.250701000011759, "training_samples_seen": 3120, "scope": "FORMAL_SCIENTIFIC_RUN"}
TRAIN {"utc": "2026-10-01T12:11:15.094507+00:00", "epoch": 15, "global_update": 83700, "LR": 8.310791723875832e-05, "running_L_occ": 0.025319631498980512, "running_L_qr": 0.012219301584711685, "running_L_total": 0.037538933083692196, "pre_clip_grad_norm": 0.10571906715631485, "clipping_fraction": 0.0, "samples_per_second": 7.8079419320009755, "GPU_allocated_bytes": 87739904, "GPU_reserved_bytes": 7105150976, "data_wait_seconds": 10.600064300037047, "training_samples_seen": 3320, "scope": "FORMAL_SCIENTIFIC_RUN"}
TRAIN {"utc": "2026-10-01T12:11:40.540706+00:00", "epoch": 15, "global_update": 83800, "LR": 8.3067151231663e-05, "running_L_occ": 0.025351962172107875, "running_L_qr": 0.012201205864109351, "running_L_total": 0.03755316803621723, "pre_clip_grad_norm": 0.05717147886753082, "clipping_fraction": 0.0, "samples_per_second": 7.810858459404378, "GPU_allocated_bytes": 87739904, "GPU_reserved_bytes": 7105150976, "data_wait_seconds": 10.945625299988023, "training_samples_seen": 3520, "scope": "FORMAL_SCIENTIFIC_RUN"}
TRAIN {"utc": "2026-10-01T12:12:05.914915+00:00", "epoch": 15, "global_update": 83900, "LR": 8.302634624005761e-05, "running_L_occ": 0.025433154033593974, "running_L_qr": 0.012292593963581878, "running_L_total": 0.03772574799717585, "pre_clip_grad_norm": 0.014958390034735203, "clipping_fraction": 0.0, "samples_per_second": 7.814661765932349, "GPU_allocated_bytes": 87739904, "GPU_reserved_bytes": 7105150976, "data_wait_seconds": 11.300680099950114, "training_samples_seen": 3720, "scope": "FORMAL_SCIENTIFIC_RUN"}
TRAIN {"utc": "2026-10-01T12:12:31.138546+00:00", "epoch": 15, "global_update": 84000, "LR": 8.298550231278772e-05, "running_L_occ": 0.025381286482906707, "running_L_qr": 0.012225182113758509, "running_L_total": 0.037606468596665214, "pre_clip_grad_norm": 0.19697049260139465, "clipping_fraction": 0.0, "samples_per_second": 7.8204031536049365, "GPU_allocated_bytes": 87739904, "GPU_reserved_bytes": 7105150976, "data_wait_seconds": 11.653520199928607, "training_samples_seen": 3920, "scope": "FORMAL_SCIENTIFIC_RUN"}
TRAIN {"utc": "2026-10-01T12:12:56.582027+00:00", "epoch": 15, "global_update": 84100, "LR": 8.294461949874561e-05, "running_L_occ": 0.025424344832963096, "running_L_qr": 0.012210648308479153, "running_L_total": 0.037634993141442245, "pre_clip_grad_norm": 0.22588156163692474, "clipping_fraction": 0.0, "samples_per_second": 7.822343948762658, "GPU_allocated_bytes": 87739904, "GPU_reserved_bytes": 7105150976, "data_wait_seconds": 11.99529679990519, "training_samples_seen": 4120, "scope": "FORMAL_SCIENTIFIC_RUN"}
TRAIN {"utc": "2026-10-01T12:13:21.909797+00:00", "epoch": 15, "global_update": 84200, "LR": 8.290369784687001e-05, "running_L_occ": 0.02543943578639649, "running_L_qr": 0.012220660468826748, "running_L_total": 0.03766009625522324, "pre_clip_grad_norm": 0.5078103542327881, "clipping_fraction": 0.0, "samples_per_second": 7.825742677716776, "GPU_allocated_bytes": 87739904, "GPU_reserved_bytes": 7105150976, "data_wait_seconds": 12.345499299888615, "training_samples_seen": 4320, "scope": "FORMAL_SCIENTIFIC_RUN"}
TRAIN {"utc": "2026-10-01T12:13:47.333891+00:00", "epoch": 15, "global_update": 84300, "LR": 8.286273740614623e-05, "running_L_occ": 0.02533861721256088, "running_L_qr": 0.012200863808275033, "running_L_total": 0.037539481020835916, "pre_clip_grad_norm": 0.013533277437090874, "clipping_fraction": 0.0, "samples_per_second": 7.827546824423275, "GPU_allocated_bytes": 87739904, "GPU_reserved_bytes": 7105150976, "data_wait_seconds": 12.69377839990193, "training_samples_seen": 4520, "scope": "FORMAL_SCIENTIFIC_RUN"}
TRAIN {"utc": "2026-10-01T12:14:12.794940+00:00", "epoch": 15, "global_update": 84400, "LR": 8.282173822560594e-05, "running_L_occ": 0.025369481165608755, "running_L_qr": 0.012241954719977246, "running_L_total": 0.037611435885586006, "pre_clip_grad_norm": 0.11648766696453094, "clipping_fraction": 0.0, "samples_per_second": 7.828703118001555, "GPU_allocated_bytes": 87739904, "GPU_reserved_bytes": 7105150976, "data_wait_seconds": 13.04226599989488, "training_samples_seen": 4720, "scope": "FORMAL_SCIENTIFIC_RUN"}
TRAIN {"utc": "2026-10-01T12:14:38.115987+00:00", "epoch": 15, "global_update": 84500, "LR": 8.278070035432722e-05, "running_L_occ": 0.025339133851042316, "running_L_qr": 0.012208992589399018, "running_L_total": 0.03754812644044134, "pre_clip_grad_norm": 0.01610560156404972, "clipping_fraction": 0.0, "samples_per_second": 7.831523522500244, "GPU_allocated_bytes": 87739904, "GPU_reserved_bytes": 7105150976, "data_wait_seconds": 13.398121899917896, "training_samples_seen": 4920, "scope": "FORMAL_SCIENTIFIC_RUN"}
TRAIN {"utc": "2026-10-01T12:15:03.483808+00:00", "epoch": 15, "global_update": 84600, "LR": 8.273962384143444e-05, "running_L_occ": 0.025227300562701033, "running_L_qr": 0.012151122290335317, "running_L_total": 0.037378422853036344, "pre_clip_grad_norm": 0.07622513920068741, "clipping_fraction": 0.0, "samples_per_second": 7.833559621869974, "GPU_allocated_bytes": 87739904, "GPU_reserved_bytes": 7105150976, "data_wait_seconds": 13.754175699970801, "training_samples_seen": 5120, "scope": "FORMAL_SCIENTIFIC_RUN"}
TRAIN {"utc": "2026-10-01T12:15:28.924109+00:00", "epoch": 15, "global_update": 84700, "LR": 8.269850873609825e-05, "running_L_occ": 0.025209973536414663, "running_L_qr": 0.012108713526726066, "running_L_total": 0.03731868706314073, "pre_clip_grad_norm": 0.10187062621116638, "clipping_fraction": 0.0, "samples_per_second": 7.834610877799153, "GPU_allocated_bytes": 87739904, "GPU_reserved_bytes": 7105150976, "data_wait_seconds": 14.108499900023162, "training_samples_seen": 5320, "scope": "FORMAL_SCIENTIFIC_RUN"}
TRAIN {"utc": "2026-10-01T12:15:54.288538+00:00", "epoch": 15, "global_update": 84800, "LR": 8.26573550875355e-05, "running_L_occ": 0.02513336017995539, "running_L_qr": 0.01207554882346965, "running_L_total": 0.03720890900342504, "pre_clip_grad_norm": 0.12071842700242996, "clipping_fraction": 0.0, "samples_per_second": 7.836420285848512, "GPU_allocated_bytes": 87739904, "GPU_reserved_bytes": 7105150976, "data_wait_seconds": 14.461217000032775, "training_samples_seen": 5520, "scope": "FORMAL_SCIENTIFIC_RUN"}
TRAIN {"utc": "2026-10-01T12:16:19.682146+00:00", "epoch": 15, "global_update": 84900, "LR": 8.261616294500915e-05, "running_L_occ": 0.02518478511198477, "running_L_qr": 0.012145397247723459, "running_L_total": 0.037330182359708225, "pre_clip_grad_norm": 0.11530187726020813, "clipping_fraction": 0.0, "samples_per_second": 7.837794827809098, "GPU_allocated_bytes": 87739904, "GPU_reserved_bytes": 7105150976, "data_wait_seconds": 14.813334200007375, "training_samples_seen": 5720, "scope": "FORMAL_SCIENTIFIC_RUN"}
TRAIN {"utc": "2026-10-01T12:16:45.181081+00:00", "epoch": 15, "global_update": 85000, "LR": 8.257493235782828e-05, "running_L_occ": 0.025202999069466426, "running_L_qr": 0.012169839171527507, "running_L_total": 0.03737283824099393, "pre_clip_grad_norm": 0.09744757413864136, "clipping_fraction": 0.0, "samples_per_second": 7.837987445852631, "GPU_allocated_bytes": 87739904, "GPU_reserved_bytes": 7105150976, "data_wait_seconds": 15.161406000021088, "training_samples_seen": 5920, "scope": "FORMAL_SCIENTIFIC_RUN"}
TRAIN {"utc": "2026-10-01T12:17:10.421378+00:00", "epoch": 15, "global_update": 85100, "LR": 8.253366337534794e-05, "running_L_occ": 0.02521616392002719, "running_L_qr": 0.012181281492239739, "running_L_total": 0.03739744541226692, "pre_clip_grad_norm": 0.0453193262219429, "clipping_fraction": 0.0, "samples_per_second": 7.84076023945688, "GPU_allocated_bytes": 87739904, "GPU_reserved_bytes": 7105150976, "data_wait_seconds": 15.509985100048652, "training_samples_seen": 6120, "scope": "FORMAL_SCIENTIFIC_RUN"}
TRAIN {"utc": "2026-10-01T12:17:35.672198+00:00", "epoch": 15, "global_update": 85200, "LR": 8.249235604696919e-05, "running_L_occ": 0.025233626231346156, "running_L_qr": 0.012185636667380017, "running_L_total": 0.03741926289872617, "pre_clip_grad_norm": 0.05810851231217384, "clipping_fraction": 0.0, "samples_per_second": 7.843264951781956, "GPU_allocated_bytes": 87739904, "GPU_reserved_bytes": 7105150976, "data_wait_seconds": 15.861949400074081, "training_samples_seen": 6320, "scope": "FORMAL_SCIENTIFIC_RUN"}
TRAIN {"utc": "2026-10-01T12:18:53.681038+00:00", "epoch": 15, "global_update": 85300, "LR": 8.245101042213896e-05, "running_L_occ": 0.025256263868669967, "running_L_qr": 0.012165810840939335, "running_L_total": 0.0374220747096093, "pre_clip_grad_norm": 0.11378122866153717, "clipping_fraction": 0.0, "samples_per_second": 7.377268846984679, "GPU_allocated_bytes": 87739904, "GPU_reserved_bytes": 7105150976, "data_wait_seconds": 68.76433480005653, "training_samples_seen": 6520, "scope": "FORMAL_SCIENTIFIC_RUN"}
TRAIN {"utc": "2026-10-01T12:19:18.968850+00:00", "epoch": 15, "global_update": 85400, "LR": 8.240962655035002e-05, "running_L_occ": 0.02530937930908463, "running_L_qr": 0.012172783753886704, "running_L_total": 0.037482163062971335, "pre_clip_grad_norm": 0.5488831400871277, "clipping_fraction": 0.0, "samples_per_second": 7.392053769503464, "GPU_allocated_bytes": 87739904, "GPU_reserved_bytes": 7105150976, "data_wait_seconds": 69.11705120005354, "training_samples_seen": 6720, "scope": "FORMAL_SCIENTIFIC_RUN"}
TRAIN {"utc": "2026-10-01T12:19:44.363547+00:00", "epoch": 15, "global_update": 85500, "LR": 8.236820448114096e-05, "running_L_occ": 0.025303619902892847, "running_L_qr": 0.012156772723141926, "running_L_total": 0.037460392626034775, "pre_clip_grad_norm": 0.29649919271469116, "clipping_fraction": 0.0, "samples_per_second": 7.405195957640037, "GPU_allocated_bytes": 87739904, "GPU_reserved_bytes": 7105150976, "data_wait_seconds": 69.47003660009068, "training_samples_seen": 6920, "scope": "FORMAL_SCIENTIFIC_RUN"}
TRAIN {"utc": "2026-10-01T12:20:09.746624+00:00", "epoch": 15, "global_update": 85600, "LR": 8.232674426409606e-05, "running_L_occ": 0.02528922030940348, "running_L_qr": 0.012124359018209251, "running_L_total": 0.03741357932761273, "pre_clip_grad_norm": 0.034523479640483856, "clipping_fraction": 0.0, "samples_per_second": 7.417732230855772, "GPU_allocated_bytes": 87739904, "GPU_reserved_bytes": 7105150976, "data_wait_seconds": 69.82108360008715, "training_samples_seen": 7120, "scope": "FORMAL_SCIENTIFIC_RUN"}
TRAIN {"utc": "2026-10-01T12:20:35.130402+00:00", "epoch": 15, "global_update": 85700, "LR": 8.228524594884525e-05, "running_L_occ": 0.025267156270737674, "running_L_qr": 0.012124202906286225, "running_L_total": 0.0373913591770239, "pre_clip_grad_norm": 0.20772075653076172, "clipping_fraction": 0.0, "samples_per_second": 7.429617369640743, "GPU_allocated_bytes": 87739904, "GPU_reserved_bytes": 7105150976, "data_wait_seconds": 70.17614630005119, "training_samples_seen": 7320, "scope": "FORMAL_SCIENTIFIC_RUN"}
TRAIN {"utc": "2026-10-01T12:21:00.552825+00:00", "epoch": 15, "global_update": 85800, "LR": 8.224370958506413e-05, "running_L_occ": 0.025204425376329064, "running_L_qr": 0.012078746168407841, "running_L_total": 0.037283171544736905, "pre_clip_grad_norm": 0.07178433239459991, "clipping_fraction": 0.0, "samples_per_second": 7.440624599092166, "GPU_allocated_bytes": 87739904, "GPU_reserved_bytes": 7105150976, "data_wait_seconds": 70.52948440002365, "training_samples_seen": 7520, "scope": "FORMAL_SCIENTIFIC_RUN"}
TRAIN {"utc": "2026-10-01T12:21:26.045558+00:00", "epoch": 15, "global_update": 85900, "LR": 8.220213522247379e-05, "running_L_occ": 0.025243942714795537, "running_L_qr": 0.012140643373926233, "running_L_total": 0.03738458608872177, "pre_clip_grad_norm": 0.10481096059083939, "clipping_fraction": 0.0, "samples_per_second": 7.450581885904485, "GPU_allocated_bytes": 87739904, "GPU_reserved_bytes": 7105150976, "data_wait_seconds": 70.88177499999438, "training_samples_seen": 7720, "scope": "FORMAL_SCIENTIFIC_RUN"}
TRAIN {"utc": "2026-10-01T12:21:51.523860+00:00", "epoch": 15, "global_update": 86000, "LR": 8.216052291084082e-05, "running_L_occ": 0.02520683302283147, "running_L_qr": 0.012108338582455214, "running_L_total": 0.03731517160528668, "pre_clip_grad_norm": 0.19729357957839966, "clipping_fraction": 0.0, "samples_per_second": 7.4601595042084785, "GPU_allocated_bytes": 87739904, "GPU_reserved_bytes": 7105150976, "data_wait_seconds": 71.2310180999848, "training_samples_seen": 7920, "scope": "FORMAL_SCIENTIFIC_RUN"}
TRAIN {"utc": "2026-10-01T12:22:16.806348+00:00", "epoch": 15, "global_update": 86100, "LR": 8.211887269997725e-05, "running_L_occ": 0.025124159504327708, "running_L_qr": 0.012047895868941966, "running_L_total": 0.037172055373269675, "pre_clip_grad_norm": 0.028035230934619904, "clipping_fraction": 0.0, "samples_per_second": 7.470639784408, "GPU_allocated_bytes": 87739904, "GPU_reserved_bytes": 7105150976, "data_wait_seconds": 71.57836339995265, "training_samples_seen": 8120, "scope": "FORMAL_SCIENTIFIC_RUN"}
TRAIN {"utc": "2026-10-01T12:22:42.171555+00:00", "epoch": 15, "global_update": 86200, "LR": 8.207718463974045e-05, "running_L_occ": 0.025094485361085005, "running_L_qr": 0.012034138258366125, "running_L_total": 0.03712862361945113, "pre_clip_grad_norm": 0.20604047179222107, "clipping_fraction": 0.0, "samples_per_second": 7.480085892520926, "GPU_allocated_bytes": 87739904, "GPU_reserved_bytes": 7105150976, "data_wait_seconds": 71.9284065999891, "training_samples_seen": 8320, "scope": "FORMAL_SCIENTIFIC_RUN"}
TRAIN {"utc": "2026-10-01T12:23:07.603897+00:00", "epoch": 15, "global_update": 86300, "LR": 8.203545878003312e-05, "running_L_occ": 0.02508119123199846, "running_L_qr": 0.012038421532577169, "running_L_total": 0.03711961276457563, "pre_clip_grad_norm": 0.06377684324979782, "clipping_fraction": 0.0, "samples_per_second": 7.4886662740722505, "GPU_allocated_bytes": 87739904, "GPU_reserved_bytes": 7105150976, "data_wait_seconds": 72.28378489999159, "training_samples_seen": 8520, "scope": "FORMAL_SCIENTIFIC_RUN"}
TRAIN {"utc": "2026-10-01T12:23:32.985064+00:00", "epoch": 15, "global_update": 86400, "LR": 8.199369517080322e-05, "running_L_occ": 0.025101751922779445, "running_L_qr": 0.012032996612406782, "running_L_total": 0.037134748535186224, "pre_clip_grad_norm": 0.14725929498672485, "clipping_fraction": 0.0, "samples_per_second": 7.497198929336263, "GPU_allocated_bytes": 87739904, "GPU_reserved_bytes": 7105150976, "data_wait_seconds": 72.63463939998474, "training_samples_seen": 8720, "scope": "FORMAL_SCIENTIFIC_RUN"}
TRAIN {"utc": "2026-10-01T12:23:58.307906+00:00", "epoch": 15, "global_update": 86500, "LR": 8.195189386204386e-05, "running_L_occ": 0.025113246188060954, "running_L_qr": 0.01204630751398364, "running_L_total": 0.0371595537020446, "pre_clip_grad_norm": 0.04332456737756729, "clipping_fraction": 0.0, "samples_per_second": 7.505737667548612, "GPU_allocated_bytes": 87739904, "GPU_reserved_bytes": 7105150976, "data_wait_seconds": 72.99065610002435, "training_samples_seen": 8920, "scope": "FORMAL_SCIENTIFIC_RUN"}
TRAIN {"utc": "2026-10-01T12:24:23.592841+00:00", "epoch": 15, "global_update": 86600, "LR": 8.191005490379331e-05, "running_L_occ": 0.02508059634053071, "running_L_qr": 0.012026421399867473, "running_L_total": 0.037107017740398186, "pre_clip_grad_norm": 0.12964007258415222, "clipping_fraction": 0.0, "samples_per_second": 7.514157469816486, "GPU_allocated_bytes": 87739904, "GPU_reserved_bytes": 7105150976, "data_wait_seconds": 73.34403359999851, "training_samples_seen": 9120, "scope": "FORMAL_SCIENTIFIC_RUN"}
TRAIN {"utc": "2026-10-01T12:24:48.934997+00:00", "epoch": 15, "global_update": 86700, "LR": 8.186817834613488e-05, "running_L_occ": 0.025121391562511357, "running_L_qr": 0.012047344728051267, "running_L_total": 0.03716873629056262, "pre_clip_grad_norm": 0.09196174144744873, "clipping_fraction": 0.0, "samples_per_second": 7.521883263248829, "GPU_allocated_bytes": 87739904, "GPU_reserved_bytes": 7105150976, "data_wait_seconds": 73.69665959995473, "training_samples_seen": 9320, "scope": "FORMAL_SCIENTIFIC_RUN"}
TRAIN {"utc": "2026-10-01T12:25:14.283523+00:00", "epoch": 15, "global_update": 86800, "LR": 8.182626423919694e-05, "running_L_occ": 0.025124766545529757, "running_L_qr": 0.012038723343458173, "running_L_total": 0.037163489888987926, "pre_clip_grad_norm": 0.0875442624092102, "clipping_fraction": 0.0, "samples_per_second": 7.529268349673657, "GPU_allocated_bytes": 87739904, "GPU_reserved_bytes": 7105150976, "data_wait_seconds": 74.04882059992087, "training_samples_seen": 9520, "scope": "FORMAL_SCIENTIFIC_RUN"}
TRAIN {"utc": "2026-10-01T12:25:39.573714+00:00", "epoch": 15, "global_update": 86900, "LR": 8.178431263315274e-05, "running_L_occ": 0.025067436381082785, "running_L_qr": 0.012015444482027113, "running_L_total": 0.0370828808631099, "pre_clip_grad_norm": 0.025335298851132393, "clipping_fraction": 0.0, "samples_per_second": 7.53669635541198, "GPU_allocated_bytes": 87739904, "GPU_reserved_bytes": 7105150976, "data_wait_seconds": 74.39851669994823, "training_samples_seen": 9720, "scope": "FORMAL_SCIENTIFIC_RUN"}
TRAIN {"utc": "2026-10-01T12:26:04.903131+00:00", "epoch": 15, "global_update": 87000, "LR": 8.174232357822047e-05, "running_L_occ": 0.02511138818949659, "running_L_qr": 0.01203508432775668, "running_L_total": 0.03714647251725327, "pre_clip_grad_norm": 0.06413354724645615, "clipping_fraction": 0.0, "samples_per_second": 7.543618395844308, "GPU_allocated_bytes": 87739904, "GPU_reserved_bytes": 7105150976, "data_wait_seconds": 74.75201179996657, "training_samples_seen": 9920, "scope": "FORMAL_SCIENTIFIC_RUN"}
TRAIN {"utc": "2026-10-01T12:26:30.206402+00:00", "epoch": 15, "global_update": 87100, "LR": 8.170029712466312e-05, "running_L_occ": 0.025148926869034666, "running_L_qr": 0.012065287496009333, "running_L_total": 0.037214214365044, "pre_clip_grad_norm": 0.19951669871807098, "clipping_fraction": 0.0, "samples_per_second": 7.550421161529936, "GPU_allocated_bytes": 87739904, "GPU_reserved_bytes": 7105150976, "data_wait_seconds": 75.10068999997748, "training_samples_seen": 10120, "scope": "FORMAL_SCIENTIFIC_RUN"}
TRAIN {"utc": "2026-10-01T12:26:55.439071+00:00", "epoch": 15, "global_update": 87200, "LR": 8.165823332278847e-05, "running_L_occ": 0.025197477897280413, "running_L_qr": 0.012109427486862714, "running_L_total": 0.03730690538414313, "pre_clip_grad_norm": 0.16356922686100006, "clipping_fraction": 0.0, "samples_per_second": 7.557366337210204, "GPU_allocated_bytes": 87739904, "GPU_reserved_bytes": 7105150976, "data_wait_seconds": 75.45056879993354, "training_samples_seen": 10320, "scope": "FORMAL_SCIENTIFIC_RUN"}
TRAIN {"utc": "2026-10-01T12:27:20.751348+00:00", "epoch": 15, "global_update": 87300, "LR": 8.161613222294898e-05, "running_L_occ": 0.02517422075188286, "running_L_qr": 0.012091322114715862, "running_L_total": 0.037265542866598715, "pre_clip_grad_norm": 0.03428484499454498, "clipping_fraction": 0.0, "samples_per_second": 7.563623197608967, "GPU_allocated_bytes": 87739904, "GPU_reserved_bytes": 7105150976, "data_wait_seconds": 75.79882499995438, "training_samples_seen": 10520, "scope": "FORMAL_SCIENTIFIC_RUN"}
TRAIN {"utc": "2026-10-01T12:27:46.031767+00:00", "epoch": 15, "global_update": 87400, "LR": 8.157399387554179e-05, "running_L_occ": 0.0251476157864827, "running_L_qr": 0.012063923111632222, "running_L_total": 0.037211538898114925, "pre_clip_grad_norm": 0.044784821569919586, "clipping_fraction": 0.0, "samples_per_second": 7.569828559322161, "GPU_allocated_bytes": 87739904, "GPU_reserved_bytes": 7105150976, "data_wait_seconds": 76.15062319993012, "training_samples_seen": 10720, "scope": "FORMAL_SCIENTIFIC_RUN"}
TRAIN {"utc": "2026-10-01T12:28:11.307528+00:00", "epoch": 15, "global_update": 87500, "LR": 8.153181833100862e-05, "running_L_occ": 0.025125735398421785, "running_L_qr": 0.01206310693152116, "running_L_total": 0.03718884232994295, "pre_clip_grad_norm": 0.06440387666225433, "clipping_fraction": 0.0, "samples_per_second": 7.57584270412884, "GPU_allocated_bytes": 87739904, "GPU_reserved_bytes": 7105150976, "data_wait_seconds": 76.50148169991735, "training_samples_seen": 10920, "scope": "FORMAL_SCIENTIFIC_RUN"}
TRAIN {"utc": "2026-10-01T12:28:36.606218+00:00", "epoch": 15, "global_update": 87600, "LR": 8.148960563983568e-05, "running_L_occ": 0.025103718119370056, "running_L_qr": 0.012050962472416165, "running_L_total": 0.03715468059178622, "pre_clip_grad_norm": 0.16812653839588165, "clipping_fraction": 0.0, "samples_per_second": 7.581528865852075, "GPU_allocated_bytes": 87739904, "GPU_reserved_bytes": 7105150976, "data_wait_seconds": 76.85055359988473, "training_samples_seen": 11120, "scope": "FORMAL_SCIENTIFIC_RUN"}
TRAIN {"utc": "2026-10-01T12:29:02.115439+00:00", "epoch": 15, "global_update": 87700, "LR": 8.144735585255368e-05, "running_L_occ": 0.025109326362962443, "running_L_qr": 0.012057764116428773, "running_L_total": 0.037167090479391214, "pre_clip_grad_norm": 0.16533701121807098, "clipping_fraction": 0.0, "samples_per_second": 7.585952219488604, "GPU_allocated_bytes": 87739904, "GPU_reserved_bytes": 7105150976, "data_wait_seconds": 77.20424359988101, "training_samples_seen": 11320, "scope": "FORMAL_SCIENTIFIC_RUN"}
TRAIN {"utc": "2026-10-01T12:29:27.493864+00:00", "epoch": 15, "global_update": 87800, "LR": 8.140506901973773e-05, "running_L_occ": 0.025098432207288055, "running_L_qr": 0.012064816143655469, "running_L_total": 0.03716324835094352, "pre_clip_grad_norm": 0.034730829298496246, "clipping_fraction": 0.0, "samples_per_second": 7.590878413469018, "GPU_allocated_bytes": 87739904, "GPU_reserved_bytes": 7105150976, "data_wait_seconds": 77.55354999987321, "training_samples_seen": 11520, "scope": "FORMAL_SCIENTIFIC_RUN"}
TRAIN {"utc": "2026-10-01T12:29:52.827310+00:00", "epoch": 15, "global_update": 87900, "LR": 8.136274519200731e-05, "running_L_occ": 0.025090797678845422, "running_L_qr": 0.012062729888551385, "running_L_total": 0.0371535275673968, "pre_clip_grad_norm": 0.024244973435997963, "clipping_fraction": 0.0, "samples_per_second": 7.5958689802776584, "GPU_allocated_bytes": 87739904, "GPU_reserved_bytes": 7105150976, "data_wait_seconds": 77.90388789984718, "training_samples_seen": 11720, "scope": "FORMAL_SCIENTIFIC_RUN"}
VALIDATION {"epoch": 15, "phase": "VALIDATION", "scenes_completed": 8, "scenes_required": 11727, "wall_seconds": 5.486880199998268, "updated_utc": "2026-10-01T12:29:58.848773+00:00"}
VALIDATION {"epoch": 15, "phase": "VALIDATION", "scenes_completed": 808, "scenes_required": 11727, "wall_seconds": 35.87016189999849, "updated_utc": "2026-10-01T12:30:29.232172+00:00"}
VALIDATION {"epoch": 15, "phase": "VALIDATION", "scenes_completed": 1608, "scenes_required": 11727, "wall_seconds": 66.11640189999889, "updated_utc": "2026-10-01T12:30:59.478256+00:00"}
VALIDATION {"epoch": 15, "phase": "VALIDATION", "scenes_completed": 2408, "scenes_required": 11727, "wall_seconds": 96.41625360000035, "updated_utc": "2026-10-01T12:31:29.777876+00:00"}
VALIDATION {"epoch": 15, "phase": "VALIDATION", "scenes_completed": 3208, "scenes_required": 11727, "wall_seconds": 126.72231689999899, "updated_utc": "2026-10-01T12:32:00.084616+00:00"}
VALIDATION {"epoch": 15, "phase": "VALIDATION", "scenes_completed": 4008, "scenes_required": 11727, "wall_seconds": 157.00763520000328, "updated_utc": "2026-10-01T12:32:30.369409+00:00"}
VALIDATION {"epoch": 15, "phase": "VALIDATION", "scenes_completed": 4808, "scenes_required": 11727, "wall_seconds": 187.31073209999886, "updated_utc": "2026-10-01T12:33:00.672981+00:00"}
VALIDATION {"epoch": 15, "phase": "VALIDATION", "scenes_completed": 5608, "scenes_required": 11727, "wall_seconds": 217.66726519999793, "updated_utc": "2026-10-01T12:33:31.028688+00:00"}
VALIDATION {"epoch": 15, "phase": "VALIDATION", "scenes_completed": 6408, "scenes_required": 11727, "wall_seconds": 247.9919224999976, "updated_utc": "2026-10-01T12:34:01.353832+00:00"}
VALIDATION {"epoch": 15, "phase": "VALIDATION", "scenes_completed": 7208, "scenes_required": 11727, "wall_seconds": 278.25731780000206, "updated_utc": "2026-10-01T12:34:31.618573+00:00"}
VALIDATION {"epoch": 15, "phase": "VALIDATION", "scenes_completed": 8008, "scenes_required": 11727, "wall_seconds": 308.56943519999913, "updated_utc": "2026-10-01T12:35:01.930661+00:00"}
VALIDATION {"epoch": 15, "phase": "VALIDATION", "scenes_completed": 8808, "scenes_required": 11727, "wall_seconds": 338.91135529999883, "updated_utc": "2026-10-01T12:35:32.272532+00:00"}
VALIDATION {"epoch": 15, "phase": "VALIDATION", "scenes_completed": 9608, "scenes_required": 11727, "wall_seconds": 369.1258974000011, "updated_utc": "2026-10-01T12:36:02.487652+00:00"}
VALIDATION {"epoch": 15, "phase": "VALIDATION", "scenes_completed": 10408, "scenes_required": 11727, "wall_seconds": 399.45855660000234, "updated_utc": "2026-10-01T12:36:32.820315+00:00"}
VALIDATION {"epoch": 15, "phase": "VALIDATION", "scenes_completed": 11208, "scenes_required": 11727, "wall_seconds": 429.76180130000284, "updated_utc": "2026-10-01T12:37:03.123374+00:00"}
VALIDATION {"epoch": 15, "phase": "VALIDATION", "scenes_completed": 11727, "scenes_required": 11727, "wall_seconds": 449.4414068999977, "updated_utc": "2026-10-01T12:37:22.802220+00:00"}
EPOCH_COMPLETED {"epoch": 15, "global_val_core_loss": 0.04825861429920465, "best_epoch": 11, "early_stop_count": 4, "wall_seconds": 1997.5253525000007}
TRAIN {"utc": "2026-10-01T12:37:32.652929+00:00", "epoch": 16, "global_update": 87901, "LR": 8.136232176707708e-05, "running_L_occ": 0.020070915968719828, "running_L_qr": 0.0073808290828318805, "running_L_total": 0.027451745051551707, "pre_clip_grad_norm": 0.13129763305187225, "clipping_fraction": 0.0, "samples_per_second": 0.38926461899334336, "GPU_allocated_bytes": 87739904, "GPU_reserved_bytes": 7105150976, "data_wait_seconds": 4.897992300000624, "training_samples_seen": 2, "scope": "FORMAL_SCIENTIFIC_RUN"}
TRAIN {"utc": "2026-10-01T12:37:57.631580+00:00", "epoch": 16, "global_update": 88000, "LR": 8.132038442002614e-05, "running_L_occ": 0.022651355956778793, "running_L_qr": 0.0109798101164242, "running_L_total": 0.03363116607320299, "pre_clip_grad_norm": 0.05924258753657341, "clipping_fraction": 0.0, "samples_per_second": 6.640879864518669, "GPU_allocated_bytes": 87739904, "GPU_reserved_bytes": 7105150976, "data_wait_seconds": 5.1934229999169474, "training_samples_seen": 200, "scope": "FORMAL_SCIENTIFIC_RUN"}
TRAIN {"utc": "2026-10-01T12:38:22.921877+00:00", "epoch": 16, "global_update": 88100, "LR": 8.127798675450219e-05, "running_L_occ": 0.02453683340099118, "running_L_qr": 0.012470671097357878, "running_L_total": 0.03700750449834906, "pre_clip_grad_norm": 0.19582076370716095, "clipping_fraction": 0.0, "samples_per_second": 7.219269513919469, "GPU_allocated_bytes": 87739904, "GPU_reserved_bytes": 7105150976, "data_wait_seconds": 5.539208799906191, "training_samples_seen": 400, "scope": "FORMAL_SCIENTIFIC_RUN"}
TRAIN {"utc": "2026-10-01T12:38:48.302005+00:00", "epoch": 16, "global_update": 88200, "LR": 8.123555224618759e-05, "running_L_occ": 0.024015259085035212, "running_L_qr": 0.012040604995431609, "running_L_total": 0.03605586408046682, "pre_clip_grad_norm": 0.31802070140838623, "clipping_fraction": 0.0, "samples_per_second": 7.426888153372157, "GPU_allocated_bytes": 87739904, "GPU_reserved_bytes": 7105150976, "data_wait_seconds": 5.8905481999318, "training_samples_seen": 600, "scope": "FORMAL_SCIENTIFIC_RUN"}
TRAIN {"utc": "2026-10-01T12:39:13.678385+00:00", "epoch": 16, "global_update": 88300, "LR": 8.119308094587855e-05, "running_L_occ": 0.02348171570143937, "running_L_qr": 0.0115098590584937, "running_L_total": 0.034991574759933065, "pre_clip_grad_norm": 0.05928841978311539, "clipping_fraction": 0.0, "samples_per_second": 7.5355063687814585, "GPU_allocated_bytes": 87739904, "GPU_reserved_bytes": 7105150976, "data_wait_seconds": 6.2387421999446815, "training_samples_seen": 800, "scope": "FORMAL_SCIENTIFIC_RUN"}
TRAIN {"utc": "2026-10-01T12:39:38.913127+00:00", "epoch": 16, "global_update": 88400, "LR": 8.115057290441536e-05, "running_L_occ": 0.023923614468360475, "running_L_qr": 0.012170311978851706, "running_L_total": 0.03609392644721218, "pre_clip_grad_norm": 0.25701600313186646, "clipping_fraction": 0.0, "samples_per_second": 7.610423487152094, "GPU_allocated_bytes": 87739904, "GPU_reserved_bytes": 7105150976, "data_wait_seconds": 6.58337259999098, "training_samples_seen": 1000, "scope": "FORMAL_SCIENTIFIC_RUN"}
TRAIN {"utc": "2026-10-01T12:40:04.085066+00:00", "epoch": 16, "global_update": 88500, "LR": 8.110802817268226e-05, "running_L_occ": 0.02371032377937191, "running_L_qr": 0.011852998672458535, "running_L_total": 0.03556332245183044, "pre_clip_grad_norm": 0.1406601518392563, "clipping_fraction": 0.0, "samples_per_second": 7.664265838586436, "GPU_allocated_bytes": 87739904, "GPU_reserved_bytes": 7105150976, "data_wait_seconds": 6.932558699962101, "training_samples_seen": 1200, "scope": "FORMAL_SCIENTIFIC_RUN"}
TRAIN {"utc": "2026-10-01T12:41:23.130743+00:00", "epoch": 16, "global_update": 88600, "LR": 8.106544680160746e-05, "running_L_occ": 0.024061685577284695, "running_L_qr": 0.01177721003423804, "running_L_total": 0.03583889561152274, "pre_clip_grad_norm": 0.057562436908483505, "clipping_fraction": 0.0, "samples_per_second": 5.9418691517490645, "GPU_allocated_bytes": 87739904, "GPU_reserved_bytes": 7105150976, "data_wait_seconds": 61.1120324999647, "training_samples_seen": 1400, "scope": "FORMAL_SCIENTIFIC_RUN"}
TRAIN {"utc": "2026-10-01T12:41:48.374868+00:00", "epoch": 16, "global_update": 88700, "LR": 8.102282884216294e-05, "running_L_occ": 0.024341214017958666, "running_L_qr": 0.011875824108903529, "running_L_total": 0.036217038126862194, "pre_clip_grad_norm": 0.1147942915558815, "clipping_fraction": 0.0, "samples_per_second": 6.133558783020219, "GPU_allocated_bytes": 87739904, "GPU_reserved_bytes": 7105150976, "data_wait_seconds": 61.458295699929295, "training_samples_seen": 1600, "scope": "FORMAL_SCIENTIFIC_RUN"}
TRAIN {"utc": "2026-10-01T12:42:13.713733+00:00", "epoch": 16, "global_update": 88800, "LR": 8.098017434536458e-05, "running_L_occ": 0.024327823749227782, "running_L_qr": 0.011822111833022696, "running_L_total": 0.03614993558225048, "pre_clip_grad_norm": 0.1991836577653885, "clipping_fraction": 0.0, "samples_per_second": 6.289330325003646, "GPU_allocated_bytes": 87739904, "GPU_reserved_bytes": 7105150976, "data_wait_seconds": 61.810746699957235, "training_samples_seen": 1800, "scope": "FORMAL_SCIENTIFIC_RUN"}
TRAIN {"utc": "2026-10-01T12:42:39.016577+00:00", "epoch": 16, "global_update": 88900, "LR": 8.093748336227191e-05, "running_L_occ": 0.024300664317737312, "running_L_qr": 0.011795694834307133, "running_L_total": 0.03609635915204444, "pre_clip_grad_norm": 0.12550194561481476, "clipping_fraction": 0.0, "samples_per_second": 6.420498488221799, "GPU_allocated_bytes": 87739904, "GPU_reserved_bytes": 7105150976, "data_wait_seconds": 62.16294299994479, "training_samples_seen": 2000, "scope": "FORMAL_SCIENTIFIC_RUN"}
TRAIN {"utc": "2026-10-01T12:43:04.415786+00:00", "epoch": 16, "global_update": 89000, "LR": 8.089475594398818e-05, "running_L_occ": 0.0244034928860994, "running_L_qr": 0.011844305808649187, "running_L_total": 0.03624779869474858, "pre_clip_grad_norm": 0.07485443353652954, "clipping_fraction": 0.0, "samples_per_second": 6.530099436068136, "GPU_allocated_bytes": 87739904, "GPU_reserved_bytes": 7105150976, "data_wait_seconds": 62.52071679995424, "training_samples_seen": 2200, "scope": "FORMAL_SCIENTIFIC_RUN"}
TRAIN {"utc": "2026-10-01T12:43:29.832869+00:00", "epoch": 16, "global_update": 89100, "LR": 8.085199214166028e-05, "running_L_occ": 0.024217625182038013, "running_L_qr": 0.011697838737228749, "running_L_total": 0.03591546391926676, "pre_clip_grad_norm": 0.22327589988708496, "clipping_fraction": 0.0, "samples_per_second": 6.624009297989458, "GPU_allocated_bytes": 87739904, "GPU_reserved_bytes": 7105150976, "data_wait_seconds": 62.87507169991295, "training_samples_seen": 2400, "scope": "FORMAL_SCIENTIFIC_RUN"}
TRAIN {"utc": "2026-10-01T12:43:55.181902+00:00", "epoch": 16, "global_update": 89200, "LR": 8.080919200647858e-05, "running_L_occ": 0.024407499513553418, "running_L_qr": 0.011865861878226745, "running_L_total": 0.03627336139178017, "pre_clip_grad_norm": 0.33157700300216675, "clipping_fraction": 0.0, "samples_per_second": 6.706767537248342, "GPU_allocated_bytes": 87739904, "GPU_reserved_bytes": 7105150976, "data_wait_seconds": 63.231312399948365, "training_samples_seen": 2600, "scope": "FORMAL_SCIENTIFIC_RUN"}
TRAIN {"utc": "2026-10-01T12:44:20.505739+00:00", "epoch": 16, "global_update": 89300, "LR": 8.0766355589677e-05, "running_L_occ": 0.02443531820389113, "running_L_qr": 0.011859897079589088, "running_L_total": 0.036295215283480224, "pre_clip_grad_norm": 0.09459822624921799, "clipping_fraction": 0.0, "samples_per_second": 6.779794058506033, "GPU_allocated_bytes": 87739904, "GPU_reserved_bytes": 7105150976, "data_wait_seconds": 63.58641059997899, "training_samples_seen": 2800, "scope": "FORMAL_SCIENTIFIC_RUN"}
TRAIN {"utc": "2026-10-01T12:44:45.988085+00:00", "epoch": 16, "global_update": 89400, "LR": 8.07234829425329e-05, "running_L_occ": 0.02446537394539697, "running_L_qr": 0.011915046869660282, "running_L_total": 0.03638042081505725, "pre_clip_grad_norm": 0.059974413365125656, "clipping_fraction": 0.0, "samples_per_second": 6.841904910576114, "GPU_allocated_bytes": 87739904, "GPU_reserved_bytes": 7105150976, "data_wait_seconds": 63.945189899997786, "training_samples_seen": 3000, "scope": "FORMAL_SCIENTIFIC_RUN"}
TRAIN {"utc": "2026-10-01T12:45:11.366673+00:00", "epoch": 16, "global_update": 89500, "LR": 8.068057411636695e-05, "running_L_occ": 0.02445670430757252, "running_L_qr": 0.011937965402381347, "running_L_total": 0.036394669709953864, "pre_clip_grad_norm": 0.03563012182712555, "clipping_fraction": 0.0, "samples_per_second": 6.898744955590014, "GPU_allocated_bytes": 87739904, "GPU_reserved_bytes": 7105150976, "data_wait_seconds": 64.30978650001634, "training_samples_seen": 3200, "scope": "FORMAL_SCIENTIFIC_RUN"}
TRAIN {"utc": "2026-10-01T12:45:36.743573+00:00", "epoch": 16, "global_update": 89600, "LR": 8.063762916254317e-05, "running_L_occ": 0.024423132460784258, "running_L_qr": 0.011894763017332083, "running_L_total": 0.03631789547811634, "pre_clip_grad_norm": 0.09882938861846924, "clipping_fraction": 0.0, "samples_per_second": 6.949700537311847, "GPU_allocated_bytes": 87739904, "GPU_reserved_bytes": 7105150976, "data_wait_seconds": 64.66052679999848, "training_samples_seen": 3400, "scope": "FORMAL_SCIENTIFIC_RUN"}
TRAIN {"utc": "2026-10-01T12:46:01.995263+00:00", "epoch": 16, "global_update": 89700, "LR": 8.059464813246882e-05, "running_L_occ": 0.024462109127578322, "running_L_qr": 0.011918082945898092, "running_L_total": 0.03638019207347642, "pre_clip_grad_norm": 0.009477131068706512, "clipping_fraction": 0.0, "samples_per_second": 6.997344123051379, "GPU_allocated_bytes": 87739904, "GPU_reserved_bytes": 7105150976, "data_wait_seconds": 65.01739280000038, "training_samples_seen": 3600, "scope": "FORMAL_SCIENTIFIC_RUN"}
TRAIN {"utc": "2026-10-01T12:46:27.302174+00:00", "epoch": 16, "global_update": 89800, "LR": 8.055163107759434e-05, "running_L_occ": 0.024511336464667247, "running_L_qr": 0.011959989402480393, "running_L_total": 0.03647132586714764, "pre_clip_grad_norm": 0.21979516744613647, "clipping_fraction": 0.0, "samples_per_second": 7.039798319707966, "GPU_allocated_bytes": 87739904, "GPU_reserved_bytes": 7105150976, "data_wait_seconds": 65.37169109997194, "training_samples_seen": 3800, "scope": "FORMAL_SCIENTIFIC_RUN"}
TRAIN {"utc": "2026-10-01T12:46:52.487032+00:00", "epoch": 16, "global_update": 89900, "LR": 8.050857804941333e-05, "running_L_occ": 0.024670452260808554, "running_L_qr": 0.012087982321186783, "running_L_total": 0.03675843458199533, "pre_clip_grad_norm": 0.1433723270893097, "clipping_fraction": 0.0, "samples_per_second": 7.079985175303993, "GPU_allocated_bytes": 87739904, "GPU_reserved_bytes": 7105150976, "data_wait_seconds": 65.71620119997533, "training_samples_seen": 4000, "scope": "FORMAL_SCIENTIFIC_RUN"}
TRAIN {"utc": "2026-10-01T12:47:17.883127+00:00", "epoch": 16, "global_update": 90000, "LR": 8.046548909946238e-05, "running_L_occ": 0.02462858012639645, "running_L_qr": 0.01201267849272763, "running_L_total": 0.03664125861912408, "pre_clip_grad_norm": 0.10033482313156128, "clipping_fraction": 0.0, "samples_per_second": 7.114195109421299, "GPU_allocated_bytes": 87739904, "GPU_reserved_bytes": 7105150976, "data_wait_seconds": 66.08004529993923, "training_samples_seen": 4200, "scope": "FORMAL_SCIENTIFIC_RUN"}
TRAIN {"utc": "2026-10-01T12:47:43.148783+00:00", "epoch": 16, "global_update": 90100, "LR": 8.042236427932115e-05, "running_L_occ": 0.02470595639703243, "running_L_qr": 0.012059338806729936, "running_L_total": 0.036765295203762365, "pre_clip_grad_norm": 0.38351401686668396, "clipping_fraction": 0.0, "samples_per_second": 7.147093678935512, "GPU_allocated_bytes": 87739904, "GPU_reserved_bytes": 7105150976, "data_wait_seconds": 66.43108529992605, "training_samples_seen": 4400, "scope": "FORMAL_SCIENTIFIC_RUN"}
TRAIN {"utc": "2026-10-01T12:48:08.508862+00:00", "epoch": 16, "global_update": 90200, "LR": 8.037920364061218e-05, "running_L_occ": 0.024598109894076018, "running_L_qr": 0.011978805010813188, "running_L_total": 0.03657691490488921, "pre_clip_grad_norm": 0.0552484504878521, "clipping_fraction": 0.0, "samples_per_second": 7.176344481270367, "GPU_allocated_bytes": 87739904, "GPU_reserved_bytes": 7105150976, "data_wait_seconds": 66.7831927999141, "training_samples_seen": 4600, "scope": "FORMAL_SCIENTIFIC_RUN"}
TRAIN {"utc": "2026-10-01T12:48:33.681155+00:00", "epoch": 16, "global_update": 90300, "LR": 8.033600723500091e-05, "running_L_occ": 0.024628682699862153, "running_L_qr": 0.011963349337710025, "running_L_total": 0.03659203203757217, "pre_clip_grad_norm": 0.10839543491601944, "clipping_fraction": 0.0, "samples_per_second": 7.205393464698775, "GPU_allocated_bytes": 87739904, "GPU_reserved_bytes": 7105150976, "data_wait_seconds": 67.13679449995107, "training_samples_seen": 4800, "scope": "FORMAL_SCIENTIFIC_RUN"}
TRAIN {"utc": "2026-10-01T12:48:58.975319+00:00", "epoch": 16, "global_update": 90400, "LR": 8.029277511419566e-05, "running_L_occ": 0.02466378617552564, "running_L_qr": 0.01196925387520106, "running_L_total": 0.0366330400507267, "pre_clip_grad_norm": 0.07894023507833481, "clipping_fraction": 0.0, "samples_per_second": 7.23105684409724, "GPU_allocated_bytes": 87739904, "GPU_reserved_bytes": 7105150976, "data_wait_seconds": 67.48823799996899, "training_samples_seen": 5000, "scope": "FORMAL_SCIENTIFIC_RUN"}
TRAIN {"utc": "2026-10-01T12:49:24.308711+00:00", "epoch": 16, "global_update": 90500, "LR": 8.024950732994738e-05, "running_L_occ": 0.02462905274199808, "running_L_qr": 0.011932062614453065, "running_L_total": 0.036561115356451145, "pre_clip_grad_norm": 0.04493298754096031, "clipping_fraction": 0.0, "samples_per_second": 7.254515071368069, "GPU_allocated_bytes": 87739904, "GPU_reserved_bytes": 7105150976, "data_wait_seconds": 67.83878389995516, "training_samples_seen": 5200, "scope": "FORMAL_SCIENTIFIC_RUN"}
TRAIN {"utc": "2026-10-01T12:49:49.563211+00:00", "epoch": 16, "global_update": 90600, "LR": 8.020620393404978e-05, "running_L_occ": 0.0245775690150682, "running_L_qr": 0.011896467328314146, "running_L_total": 0.036474036343382345, "pre_clip_grad_norm": 0.11721592396497726, "clipping_fraction": 0.0, "samples_per_second": 7.27714167703654, "GPU_allocated_bytes": 87739904, "GPU_reserved_bytes": 7105150976, "data_wait_seconds": 68.1930257999993, "training_samples_seen": 5400, "scope": "FORMAL_SCIENTIFIC_RUN"}
TRAIN {"utc": "2026-10-01T12:50:14.940499+00:00", "epoch": 16, "global_update": 90700, "LR": 8.016286497833922e-05, "running_L_occ": 0.024558015406103854, "running_L_qr": 0.011856791933112324, "running_L_total": 0.036414807339216176, "pre_clip_grad_norm": 0.06876028329133987, "clipping_fraction": 0.0, "samples_per_second": 7.297108210522963, "GPU_allocated_bytes": 87739904, "GPU_reserved_bytes": 7105150976, "data_wait_seconds": 68.54429979998531, "training_samples_seen": 5600, "scope": "FORMAL_SCIENTIFIC_RUN"}
TRAIN {"utc": "2026-10-01T12:50:40.220751+00:00", "epoch": 16, "global_update": 90800, "LR": 8.01194905146946e-05, "running_L_occ": 0.024578069325514266, "running_L_qr": 0.011870106908750276, "running_L_total": 0.03644817623426454, "pre_clip_grad_norm": 0.15637287497520447, "clipping_fraction": 0.0, "samples_per_second": 7.316700535604084, "GPU_allocated_bytes": 87739904, "GPU_reserved_bytes": 7105150976, "data_wait_seconds": 68.89812820000225, "training_samples_seen": 5800, "scope": "FORMAL_SCIENTIFIC_RUN"}
TRAIN {"utc": "2026-10-01T12:51:05.594520+00:00", "epoch": 16, "global_update": 90900, "LR": 8.007608059503729e-05, "running_L_occ": 0.024591242850830818, "running_L_qr": 0.01183388288124643, "running_L_total": 0.03642512573207725, "pre_clip_grad_norm": 0.0381709448993206, "clipping_fraction": 0.0, "samples_per_second": 7.334236073810879, "GPU_allocated_bytes": 87739904, "GPU_reserved_bytes": 7105150976, "data_wait_seconds": 69.25021700003708, "training_samples_seen": 6000, "scope": "FORMAL_SCIENTIFIC_RUN"}
TRAIN {"utc": "2026-10-01T12:51:30.947845+00:00", "epoch": 16, "global_update": 91000, "LR": 8.003263527133114e-05, "running_L_occ": 0.024633100561423513, "running_L_qr": 0.011863518553652445, "running_L_total": 0.036496619115075964, "pre_clip_grad_norm": 0.143024742603302, "clipping_fraction": 0.0, "samples_per_second": 7.350897409044439, "GPU_allocated_bytes": 87739904, "GPU_reserved_bytes": 7105150976, "data_wait_seconds": 69.60193999997864, "training_samples_seen": 6200, "scope": "FORMAL_SCIENTIFIC_RUN"}
TRAIN {"utc": "2026-10-01T12:51:56.294981+00:00", "epoch": 16, "global_update": 91100, "LR": 7.998915459558243e-05, "running_L_occ": 0.024623194016875315, "running_L_qr": 0.011843445048090854, "running_L_total": 0.036466639064966166, "pre_clip_grad_norm": 0.20154696702957153, "clipping_fraction": 0.0, "samples_per_second": 7.366638383452314, "GPU_allocated_bytes": 87739904, "GPU_reserved_bytes": 7105150976, "data_wait_seconds": 69.95214650001435, "training_samples_seen": 6400, "scope": "FORMAL_SCIENTIFIC_RUN"}
TRAIN {"utc": "2026-10-01T12:52:21.689908+00:00", "epoch": 16, "global_update": 91200, "LR": 7.994563861983964e-05, "running_L_occ": 0.024650857515583373, "running_L_qr": 0.011854160171803772, "running_L_total": 0.03650501768738715, "pre_clip_grad_norm": 0.11464834213256836, "clipping_fraction": 0.0, "samples_per_second": 7.381091973804046, "GPU_allocated_bytes": 87739904, "GPU_reserved_bytes": 7105150976, "data_wait_seconds": 70.3018282000121, "training_samples_seen": 6600, "scope": "FORMAL_SCIENTIFIC_RUN"}
TRAIN {"utc": "2026-10-01T12:52:47.219534+00:00", "epoch": 16, "global_update": 91300, "LR": 7.99020873961936e-05, "running_L_occ": 0.02474780618997693, "running_L_qr": 0.011936299307777986, "running_L_total": 0.036684105497754915, "pre_clip_grad_norm": 0.034753575921058655, "clipping_fraction": 0.0, "samples_per_second": 7.393667662972556, "GPU_allocated_bytes": 87739904, "GPU_reserved_bytes": 7105150976, "data_wait_seconds": 70.65864900001907, "training_samples_seen": 6800, "scope": "FORMAL_SCIENTIFIC_RUN"}
TRAIN {"utc": "2026-10-01T12:53:12.540270+00:00", "epoch": 16, "global_update": 91400, "LR": 7.985850097677734e-05, "running_L_occ": 0.024780500579142512, "running_L_qr": 0.011929636912214738, "running_L_total": 0.03671013749135725, "pre_clip_grad_norm": 0.04759741574525833, "clipping_fraction": 0.0, "samples_per_second": 7.407198117612453, "GPU_allocated_bytes": 87739904, "GPU_reserved_bytes": 7105150976, "data_wait_seconds": 71.00312159999157, "training_samples_seen": 7000, "scope": "FORMAL_SCIENTIFIC_RUN"}
TRAIN {"utc": "2026-10-01T12:53:37.641578+00:00", "epoch": 16, "global_update": 91500, "LR": 7.98148794137659e-05, "running_L_occ": 0.02478256762448627, "running_L_qr": 0.01192810358251322, "running_L_total": 0.036710671206999494, "pre_clip_grad_norm": 0.30340835452079773, "clipping_fraction": 0.0, "samples_per_second": 7.421700945248335, "GPU_allocated_bytes": 87739904, "GPU_reserved_bytes": 7105150976, "data_wait_seconds": 71.35790169997927, "training_samples_seen": 7200, "scope": "FORMAL_SCIENTIFIC_RUN"}
TRAIN {"utc": "2026-10-01T12:54:02.965397+00:00", "epoch": 16, "global_update": 91600, "LR": 7.977122275937654e-05, "running_L_occ": 0.024858981277076735, "running_L_qr": 0.011997766074188435, "running_L_total": 0.03685674735126517, "pre_clip_grad_norm": 0.08588793873786926, "clipping_fraction": 0.0, "samples_per_second": 7.433811489512752, "GPU_allocated_bytes": 87739904, "GPU_reserved_bytes": 7105150976, "data_wait_seconds": 71.71206109992636, "training_samples_seen": 7400, "scope": "FORMAL_SCIENTIFIC_RUN"}
TRAIN {"utc": "2026-10-01T12:54:28.342518+00:00", "epoch": 16, "global_update": 91700, "LR": 7.972753106586846e-05, "running_L_occ": 0.024809248067912647, "running_L_qr": 0.011957425501907244, "running_L_total": 0.03676667356981989, "pre_clip_grad_norm": 0.11022363603115082, "clipping_fraction": 0.0, "samples_per_second": 7.444928263992078, "GPU_allocated_bytes": 87739904, "GPU_reserved_bytes": 7105150976, "data_wait_seconds": 72.06868099990243, "training_samples_seen": 7600, "scope": "FORMAL_SCIENTIFIC_RUN"}
TRAIN {"utc": "2026-10-01T12:54:53.622597+00:00", "epoch": 16, "global_update": 91800, "LR": 7.968380438554277e-05, "running_L_occ": 0.02482231361469307, "running_L_qr": 0.011954005356665387, "running_L_total": 0.036776318971358454, "pre_clip_grad_norm": 0.3728046417236328, "clipping_fraction": 0.0, "samples_per_second": 7.456202346281611, "GPU_allocated_bytes": 87739904, "GPU_reserved_bytes": 7105150976, "data_wait_seconds": 72.42206359986449, "training_samples_seen": 7800, "scope": "FORMAL_SCIENTIFIC_RUN"}
TRAIN {"utc": "2026-10-01T12:55:18.805804+00:00", "epoch": 16, "global_update": 91900, "LR": 7.964004277074253e-05, "running_L_occ": 0.024800559411179413, "running_L_qr": 0.01194319435649914, "running_L_total": 0.03674375376767855, "pre_clip_grad_norm": 0.0644509419798851, "clipping_fraction": 0.0, "samples_per_second": 7.467616143989786, "GPU_allocated_bytes": 87739904, "GPU_reserved_bytes": 7105150976, "data_wait_seconds": 72.77217449986347, "training_samples_seen": 8000, "scope": "FORMAL_SCIENTIFIC_RUN"}
TRAIN {"utc": "2026-10-01T12:55:44.023655+00:00", "epoch": 16, "global_update": 92000, "LR": 7.959624627385255e-05, "running_L_occ": 0.02485630932281025, "running_L_qr": 0.012000105499455337, "running_L_total": 0.036856414822265586, "pre_clip_grad_norm": 0.07831034809350967, "clipping_fraction": 0.0, "samples_per_second": 7.4782690107118155, "GPU_allocated_bytes": 87739904, "GPU_reserved_bytes": 7105150976, "data_wait_seconds": 73.12699049988441, "training_samples_seen": 8200, "scope": "FORMAL_SCIENTIFIC_RUN"}
TRAIN {"utc": "2026-10-01T12:56:09.268072+00:00", "epoch": 16, "global_update": 92100, "LR": 7.955241494729943e-05, "running_L_occ": 0.02484096502129016, "running_L_qr": 0.012000389898415686, "running_L_total": 0.036841354919705846, "pre_clip_grad_norm": 0.1068199947476387, "clipping_fraction": 0.0, "samples_per_second": 7.488265293903418, "GPU_allocated_bytes": 87739904, "GPU_reserved_bytes": 7105150976, "data_wait_seconds": 73.48803219988622, "training_samples_seen": 8400, "scope": "FORMAL_SCIENTIFIC_RUN"}
TRAIN {"utc": "2026-10-01T12:56:34.497490+00:00", "epoch": 16, "global_update": 92200, "LR": 7.950854884355151e-05, "running_L_occ": 0.024818866669405994, "running_L_qr": 0.0120001187477078, "running_L_total": 0.03681898541711379, "pre_clip_grad_norm": 0.059935443103313446, "clipping_fraction": 0.0, "samples_per_second": 7.497922442083471, "GPU_allocated_bytes": 87739904, "GPU_reserved_bytes": 7105150976, "data_wait_seconds": 73.8387661999077, "training_samples_seen": 8600, "scope": "FORMAL_SCIENTIFIC_RUN"}
TRAIN {"utc": "2026-10-01T12:56:59.905130+00:00", "epoch": 16, "global_update": 92300, "LR": 7.946464801511867e-05, "running_L_occ": 0.02481375531789684, "running_L_qr": 0.012002742376873647, "running_L_total": 0.03681649769477049, "pre_clip_grad_norm": 0.04047610983252525, "clipping_fraction": 0.0, "samples_per_second": 7.506023891450759, "GPU_allocated_bytes": 87739904, "GPU_reserved_bytes": 7105150976, "data_wait_seconds": 74.19303039993974, "training_samples_seen": 8800, "scope": "FORMAL_SCIENTIFIC_RUN"}
TRAIN {"utc": "2026-10-01T12:57:25.306091+00:00", "epoch": 16, "global_update": 92400, "LR": 7.942071251455241e-05, "running_L_occ": 0.0247349055400833, "running_L_qr": 0.011934494521475396, "running_L_total": 0.036669400061558693, "pre_clip_grad_norm": 0.046019528061151505, "clipping_fraction": 0.0, "samples_per_second": 7.513820539547923, "GPU_allocated_bytes": 87739904, "GPU_reserved_bytes": 7105150976, "data_wait_seconds": 74.54625840001245, "training_samples_seen": 9000, "scope": "FORMAL_SCIENTIFIC_RUN"}
TRAIN {"utc": "2026-10-01T12:57:50.753423+00:00", "epoch": 16, "global_update": 92500, "LR": 7.93767423944457e-05, "running_L_occ": 0.0247668472794782, "running_L_qr": 0.01196401227892283, "running_L_total": 0.03673085955840103, "pre_clip_grad_norm": 0.39036959409713745, "clipping_fraction": 0.0, "samples_per_second": 7.5210055416592825, "GPU_allocated_bytes": 87739904, "GPU_reserved_bytes": 7105150976, "data_wait_seconds": 74.90437690002727, "training_samples_seen": 9200, "scope": "FORMAL_SCIENTIFIC_RUN"}
TRAIN {"utc": "2026-10-01T12:58:16.084111+00:00", "epoch": 16, "global_update": 92600, "LR": 7.9332737707433e-05, "running_L_occ": 0.024793260355913064, "running_L_qr": 0.011973049203042914, "running_L_total": 0.036766309558955976, "pre_clip_grad_norm": 0.5974583625793457, "clipping_fraction": 0.0, "samples_per_second": 7.5286031245111955, "GPU_allocated_bytes": 87739904, "GPU_reserved_bytes": 7105150976, "data_wait_seconds": 75.26158990002295, "training_samples_seen": 9400, "scope": "FORMAL_SCIENTIFIC_RUN"}
TRAIN {"utc": "2026-10-01T12:58:41.426150+00:00", "epoch": 16, "global_update": 92700, "LR": 7.928869850619013e-05, "running_L_occ": 0.024768732943511677, "running_L_qr": 0.011965012091853579, "running_L_total": 0.03673374503536526, "pre_clip_grad_norm": 0.06298208981752396, "clipping_fraction": 0.0, "samples_per_second": 7.535835104273774, "GPU_allocated_bytes": 87739904, "GPU_reserved_bytes": 7105150976, "data_wait_seconds": 75.61348710003222, "training_samples_seen": 9600, "scope": "FORMAL_SCIENTIFIC_RUN"}
TRAIN {"utc": "2026-10-01T12:59:06.752434+00:00", "epoch": 16, "global_update": 92800, "LR": 7.924462484343421e-05, "running_L_occ": 0.02475036092823946, "running_L_qr": 0.011950794870355493, "running_L_total": 0.03670115579859495, "pre_clip_grad_norm": 0.07804519683122635, "clipping_fraction": 0.0, "samples_per_second": 7.542875130578004, "GPU_allocated_bytes": 87739904, "GPU_reserved_bytes": 7105150976, "data_wait_seconds": 75.96792190002452, "training_samples_seen": 9800, "scope": "FORMAL_SCIENTIFIC_RUN"}
TRAIN {"utc": "2026-10-01T12:59:32.007994+00:00", "epoch": 16, "global_update": 92900, "LR": 7.920051677192361e-05, "running_L_occ": 0.024753133581825203, "running_L_qr": 0.011938115264860666, "running_L_total": 0.03669124884668587, "pre_clip_grad_norm": 0.01764906942844391, "clipping_fraction": 0.0, "samples_per_second": 7.550044474514702, "GPU_allocated_bytes": 87739904, "GPU_reserved_bytes": 7105150976, "data_wait_seconds": 76.32155470004363, "training_samples_seen": 10000, "scope": "FORMAL_SCIENTIFIC_RUN"}
TRAIN {"utc": "2026-10-01T12:59:57.329752+00:00", "epoch": 16, "global_update": 93000, "LR": 7.91563743444579e-05, "running_L_occ": 0.02473834123031137, "running_L_qr": 0.011929196774689458, "running_L_total": 0.036667538005000826, "pre_clip_grad_norm": 0.20936615765094757, "clipping_fraction": 0.0, "samples_per_second": 7.556579549889375, "GPU_allocated_bytes": 87739904, "GPU_reserved_bytes": 7105150976, "data_wait_seconds": 76.67669730001944, "training_samples_seen": 10200, "scope": "FORMAL_SCIENTIFIC_RUN"}
TRAIN {"utc": "2026-10-01T13:00:22.854915+00:00", "epoch": 16, "global_update": 93100, "LR": 7.911219761387779e-05, "running_L_occ": 0.02473034096015009, "running_L_qr": 0.01194277543436888, "running_L_total": 0.03667311639451897, "pre_clip_grad_norm": 0.1359134316444397, "clipping_fraction": 0.0, "samples_per_second": 7.561752318674588, "GPU_allocated_bytes": 87739904, "GPU_reserved_bytes": 7105150976, "data_wait_seconds": 77.03243740004109, "training_samples_seen": 10400, "scope": "FORMAL_SCIENTIFIC_RUN"}
TRAIN {"utc": "2026-10-01T13:00:48.192923+00:00", "epoch": 16, "global_update": 93200, "LR": 7.906798663306502e-05, "running_L_occ": 0.024728827996552117, "running_L_qr": 0.011931822353864616, "running_L_total": 0.03666065035041673, "pre_clip_grad_norm": 0.2637102007865906, "clipping_fraction": 0.0, "samples_per_second": 7.56775224117566, "GPU_allocated_bytes": 87739904, "GPU_reserved_bytes": 7105150976, "data_wait_seconds": 77.38783820004755, "training_samples_seen": 10600, "scope": "FORMAL_SCIENTIFIC_RUN"}
TRAIN {"utc": "2026-10-01T13:01:13.911500+00:00", "epoch": 16, "global_update": 93300, "LR": 7.902374145494237e-05, "running_L_occ": 0.02476868451423362, "running_L_qr": 0.011958134138236716, "running_L_total": 0.036726818652470336, "pre_clip_grad_norm": 0.1223071739077568, "clipping_fraction": 0.0, "samples_per_second": 7.571515259369318, "GPU_allocated_bytes": 87739904, "GPU_reserved_bytes": 7105150976, "data_wait_seconds": 77.7434932000615, "training_samples_seen": 10800, "scope": "FORMAL_SCIENTIFIC_RUN"}
TRAIN {"utc": "2026-10-01T13:01:39.279495+00:00", "epoch": 16, "global_update": 93400, "LR": 7.897946213247351e-05, "running_L_occ": 0.024829489704055872, "running_L_qr": 0.011997735457715462, "running_L_total": 0.03682722516177134, "pre_clip_grad_norm": 0.09190152585506439, "clipping_fraction": 0.0, "samples_per_second": 7.576974988993559, "GPU_allocated_bytes": 87739904, "GPU_reserved_bytes": 7105150976, "data_wait_seconds": 78.09823270003835, "training_samples_seen": 11000, "scope": "FORMAL_SCIENTIFIC_RUN"}
TRAIN {"utc": "2026-10-01T13:02:04.811493+00:00", "epoch": 16, "global_update": 93500, "LR": 7.893514871866301e-05, "running_L_occ": 0.024815254983089365, "running_L_qr": 0.011980579191087791, "running_L_total": 0.03679583417417716, "pre_clip_grad_norm": 0.5816100239753723, "clipping_fraction": 0.0, "samples_per_second": 7.581402593053138, "GPU_allocated_bytes": 87739904, "GPU_reserved_bytes": 7105150976, "data_wait_seconds": 78.45824550004909, "training_samples_seen": 11200, "scope": "FORMAL_SCIENTIFIC_RUN"}
TRAIN {"utc": "2026-10-01T13:02:30.161482+00:00", "epoch": 16, "global_update": 93600, "LR": 7.889080126655625e-05, "running_L_occ": 0.024839690700105378, "running_L_qr": 0.01199284550245356, "running_L_total": 0.036832536202558934, "pre_clip_grad_norm": 0.092918261885643, "clipping_fraction": 0.0, "samples_per_second": 7.586603081631931, "GPU_allocated_bytes": 87739904, "GPU_reserved_bytes": 7105150976, "data_wait_seconds": 78.80897360002564, "training_samples_seen": 11400, "scope": "FORMAL_SCIENTIFIC_RUN"}
TRAIN {"utc": "2026-10-01T13:03:47.869866+00:00", "epoch": 16, "global_update": 93700, "LR": 7.884641982923936e-05, "running_L_occ": 0.02478819585598619, "running_L_qr": 0.011967930513748979, "running_L_total": 0.036756126369735166, "pre_clip_grad_norm": 0.2718661427497864, "clipping_fraction": 0.0, "samples_per_second": 7.340112214788907, "GPU_allocated_bytes": 87739904, "GPU_reserved_bytes": 7105150976, "data_wait_seconds": 131.46518380005, "training_samples_seen": 11600, "scope": "FORMAL_SCIENTIFIC_RUN"}
TRAIN {"utc": "2026-10-01T13:04:03.123367+00:00", "epoch": 16, "global_update": 93760, "LR": 7.88197746760474e-05, "running_L_occ": 0.024759431435515126, "running_L_qr": 0.011943175998390062, "running_L_total": 0.03670260743390519, "pre_clip_grad_norm": 0.09198208153247833, "clipping_fraction": 0.0, "samples_per_second": 7.345148459754318, "GPU_allocated_bytes": 87739904, "GPU_reserved_bytes": 7105150976, "data_wait_seconds": 131.67395070008206, "training_samples_seen": 11720, "scope": "FORMAL_SCIENTIFIC_RUN"}
VALIDATION {"epoch": 16, "phase": "VALIDATION", "scenes_completed": 8, "scenes_required": 11727, "wall_seconds": 5.5313787999984925, "updated_utc": "2026-10-01T13:04:09.196278+00:00"}
VALIDATION {"epoch": 16, "phase": "VALIDATION", "scenes_completed": 808, "scenes_required": 11727, "wall_seconds": 35.79858290000266, "updated_utc": "2026-10-01T13:04:39.463933+00:00"}
VALIDATION {"epoch": 16, "phase": "VALIDATION", "scenes_completed": 1608, "scenes_required": 11727, "wall_seconds": 66.12460609999835, "updated_utc": "2026-10-01T13:05:09.789314+00:00"}
VALIDATION {"epoch": 16, "phase": "VALIDATION", "scenes_completed": 2408, "scenes_required": 11727, "wall_seconds": 96.40490670000145, "updated_utc": "2026-10-01T13:05:40.069643+00:00"}
VALIDATION {"epoch": 16, "phase": "VALIDATION", "scenes_completed": 3208, "scenes_required": 11727, "wall_seconds": 126.69064349999826, "updated_utc": "2026-10-01T13:06:10.355903+00:00"}
VALIDATION {"epoch": 16, "phase": "VALIDATION", "scenes_completed": 4008, "scenes_required": 11727, "wall_seconds": 156.9181974000021, "updated_utc": "2026-10-01T13:06:40.583026+00:00"}
VALIDATION {"epoch": 16, "phase": "VALIDATION", "scenes_completed": 4808, "scenes_required": 11727, "wall_seconds": 187.2229914999989, "updated_utc": "2026-10-01T13:07:10.888282+00:00"}
VALIDATION {"epoch": 16, "phase": "VALIDATION", "scenes_completed": 5608, "scenes_required": 11727, "wall_seconds": 217.4772282000049, "updated_utc": "2026-10-01T13:07:41.142286+00:00"}
VALIDATION {"epoch": 16, "phase": "VALIDATION", "scenes_completed": 6408, "scenes_required": 11727, "wall_seconds": 247.77789260000282, "updated_utc": "2026-10-01T13:08:11.442998+00:00"}
VALIDATION {"epoch": 16, "phase": "VALIDATION", "scenes_completed": 7208, "scenes_required": 11727, "wall_seconds": 278.0691181000002, "updated_utc": "2026-10-01T13:08:41.733612+00:00"}
VALIDATION {"epoch": 16, "phase": "VALIDATION", "scenes_completed": 8008, "scenes_required": 11727, "wall_seconds": 308.4363388999991, "updated_utc": "2026-10-01T13:09:12.100995+00:00"}
VALIDATION {"epoch": 16, "phase": "VALIDATION", "scenes_completed": 8808, "scenes_required": 11727, "wall_seconds": 338.71262790000037, "updated_utc": "2026-10-01T13:09:42.377290+00:00"}
VALIDATION {"epoch": 16, "phase": "VALIDATION", "scenes_completed": 9608, "scenes_required": 11727, "wall_seconds": 368.9442351000034, "updated_utc": "2026-10-01T13:10:12.608883+00:00"}
VALIDATION {"epoch": 16, "phase": "VALIDATION", "scenes_completed": 10408, "scenes_required": 11727, "wall_seconds": 399.193102199999, "updated_utc": "2026-10-01T13:10:42.857285+00:00"}
VALIDATION {"epoch": 16, "phase": "VALIDATION", "scenes_completed": 11208, "scenes_required": 11727, "wall_seconds": 435.07452130000456, "updated_utc": "2026-10-01T13:11:18.739490+00:00"}
VALIDATION {"epoch": 16, "phase": "VALIDATION", "scenes_completed": 11727, "scenes_required": 11727, "wall_seconds": 457.98355170000286, "updated_utc": "2026-10-01T13:11:41.648567+00:00"}
EPOCH_COMPLETED {"epoch": 16, "global_val_core_loss": 0.04796555806211736, "best_epoch": 11, "early_stop_count": 5, "wall_seconds": 2059.006242400006}
TRAIN {"utc": "2026-10-01T13:11:51.980288+00:00", "epoch": 17, "global_update": 93761, "LR": 7.881933048673339e-05, "running_L_occ": 0.010947074964098339, "running_L_qr": 0.0035784839296786708, "running_L_total": 0.014525558893777012, "pre_clip_grad_norm": 0.03494555130600929, "clipping_fraction": 0.0, "samples_per_second": 0.3747687466027292, "GPU_allocated_bytes": 87739904, "GPU_reserved_bytes": 7105150976, "data_wait_seconds": 5.096892900000967, "training_samples_seen": 2, "scope": "FORMAL_SCIENTIFIC_RUN"}
TRAIN {"utc": "2026-10-01T13:12:01.506335+00:00", "epoch": 17, "global_update": 93800, "LR": 7.880200445983911e-05, "running_L_occ": 0.023594010925700053, "running_L_qr": 0.010045293960188183, "running_L_total": 0.03363930488588823, "pre_clip_grad_norm": 0.03569354489445686, "clipping_fraction": 0.0, "samples_per_second": 5.38284568093364, "GPU_allocated_bytes": 87739904, "GPU_reserved_bytes": 7105150976, "data_wait_seconds": 5.209633200007374, "training_samples_seen": 80, "scope": "FORMAL_SCIENTIFIC_RUN"}
TRAIN {"utc": "2026-10-01T13:12:25.909047+00:00", "epoch": 17, "global_update": 93900, "LR": 7.875755521152295e-05, "running_L_occ": 0.022775441010741318, "running_L_qr": 0.010216162299113327, "running_L_total": 0.03299160330985464, "pre_clip_grad_norm": 0.15279579162597656, "clipping_fraction": 0.0, "samples_per_second": 7.131014147389629, "GPU_allocated_bytes": 87739904, "GPU_reserved_bytes": 7105150976, "data_wait_seconds": 5.534836700069718, "training_samples_seen": 280, "scope": "FORMAL_SCIENTIFIC_RUN"}
TRAIN {"utc": "2026-10-01T13:12:50.402901+00:00", "epoch": 17, "global_update": 94000, "LR": 7.871307213749885e-05, "running_L_occ": 0.02386972130004838, "running_L_qr": 0.010687234989641619, "running_L_total": 0.034556956289689994, "pre_clip_grad_norm": 0.18181318044662476, "clipping_fraction": 0.0, "samples_per_second": 7.528379485120093, "GPU_allocated_bytes": 87739904, "GPU_reserved_bytes": 7105150976, "data_wait_seconds": 5.884923400044499, "training_samples_seen": 480, "scope": "FORMAL_SCIENTIFIC_RUN"}
TRAIN {"utc": "2026-10-01T13:13:14.868962+00:00", "epoch": 17, "global_update": 94100, "LR": 7.866855529101526e-05, "running_L_occ": 0.023953972463236915, "running_L_qr": 0.011240214389567635, "running_L_total": 0.03519418685280455, "pre_clip_grad_norm": 0.15663452446460724, "clipping_fraction": 0.0, "samples_per_second": 7.70758449970268, "GPU_allocated_bytes": 87739904, "GPU_reserved_bytes": 7105150976, "data_wait_seconds": 6.222243500073091, "training_samples_seen": 680, "scope": "FORMAL_SCIENTIFIC_RUN"}
TRAIN {"utc": "2026-10-01T13:13:39.271787+00:00", "epoch": 17, "global_update": 94200, "LR": 7.862400472536109e-05, "running_L_occ": 0.024241975382503392, "running_L_qr": 0.011739811066488963, "running_L_total": 0.03598178644899236, "pre_clip_grad_norm": 0.026775306090712547, "clipping_fraction": 0.0, "samples_per_second": 7.813316444399943, "GPU_allocated_bytes": 87739904, "GPU_reserved_bytes": 7105150976, "data_wait_seconds": 6.570039500067651, "training_samples_seen": 880, "scope": "FORMAL_SCIENTIFIC_RUN"}
TRAIN {"utc": "2026-10-01T13:14:03.721214+00:00", "epoch": 17, "global_update": 94300, "LR": 7.857942049386559e-05, "running_L_occ": 0.024084063215271387, "running_L_qr": 0.01170020360251522, "running_L_total": 0.03578426681778661, "pre_clip_grad_norm": 0.07448576390743256, "clipping_fraction": 0.0, "samples_per_second": 7.878773893301106, "GPU_allocated_bytes": 87739904, "GPU_reserved_bytes": 7105150976, "data_wait_seconds": 6.918473700119648, "training_samples_seen": 1080, "scope": "FORMAL_SCIENTIFIC_RUN"}
TRAIN {"utc": "2026-10-01T13:14:28.154031+00:00", "epoch": 17, "global_update": 94400, "LR": 7.853480264989832e-05, "running_L_occ": 0.02403695929359882, "running_L_qr": 0.011777077682497701, "running_L_total": 0.035814036976096524, "pre_clip_grad_norm": 0.0754406601190567, "clipping_fraction": 0.0, "samples_per_second": 7.925182277087085, "GPU_allocated_bytes": 87739904, "GPU_reserved_bytes": 7105150976, "data_wait_seconds": 7.264417100130231, "training_samples_seen": 1280, "scope": "FORMAL_SCIENTIFIC_RUN"}
TRAIN {"utc": "2026-10-01T13:14:52.783183+00:00", "epoch": 17, "global_update": 94500, "LR": 7.849015124686908e-05, "running_L_occ": 0.023950121247133242, "running_L_qr": 0.01192214001622422, "running_L_total": 0.03587226126335746, "pre_clip_grad_norm": 0.1317862719297409, "clipping_fraction": 0.0, "samples_per_second": 7.951015670612138, "GPU_allocated_bytes": 87739904, "GPU_reserved_bytes": 7105150976, "data_wait_seconds": 7.627926500157628, "training_samples_seen": 1480, "scope": "FORMAL_SCIENTIFIC_RUN"}
TRAIN {"utc": "2026-10-01T13:15:17.324788+00:00", "epoch": 17, "global_update": 94600, "LR": 7.84454663382278e-05, "running_L_occ": 0.023878918015061774, "running_L_qr": 0.011770068727309459, "running_L_total": 0.035648986742371234, "pre_clip_grad_norm": 0.04667668044567108, "clipping_fraction": 0.0, "samples_per_second": 7.974135545811185, "GPU_allocated_bytes": 87739904, "GPU_reserved_bytes": 7105150976, "data_wait_seconds": 7.983074700125144, "training_samples_seen": 1680, "scope": "FORMAL_SCIENTIFIC_RUN"}
TRAIN {"utc": "2026-10-01T13:15:41.809993+00:00", "epoch": 17, "global_update": 94700, "LR": 7.84007479774646e-05, "running_L_occ": 0.024131556775130285, "running_L_qr": 0.012008787656156955, "running_L_total": 0.03614034443128724, "pre_clip_grad_norm": 0.10743468999862671, "clipping_fraction": 0.0, "samples_per_second": 7.994333946077929, "GPU_allocated_bytes": 87739904, "GPU_reserved_bytes": 7105150976, "data_wait_seconds": 8.33648530010396, "training_samples_seen": 1880, "scope": "FORMAL_SCIENTIFIC_RUN"}
TRAIN {"utc": "2026-10-01T13:16:06.245389+00:00", "epoch": 17, "global_update": 94800, "LR": 7.835599621810957e-05, "running_L_occ": 0.023957906954046013, "running_L_qr": 0.011818074819182074, "running_L_total": 0.03577598177322809, "pre_clip_grad_norm": 0.0173965934664011, "clipping_fraction": 0.0, "samples_per_second": 8.01228271229539, "GPU_allocated_bytes": 87739904, "GPU_reserved_bytes": 7105150976, "data_wait_seconds": 8.691929900101968, "training_samples_seen": 2080, "scope": "FORMAL_SCIENTIFIC_RUN"}
TRAIN {"utc": "2026-10-01T13:16:30.748014+00:00", "epoch": 17, "global_update": 94900, "LR": 7.83112111137328e-05, "running_L_occ": 0.02388770953484442, "running_L_qr": 0.011678109039453736, "running_L_total": 0.03556581857429815, "pre_clip_grad_norm": 0.0893796905875206, "clipping_fraction": 0.0, "samples_per_second": 8.025225457463245, "GPU_allocated_bytes": 87739904, "GPU_reserved_bytes": 7105150976, "data_wait_seconds": 9.043485800131748, "training_samples_seen": 2280, "scope": "FORMAL_SCIENTIFIC_RUN"}
TRAIN {"utc": "2026-10-01T13:16:55.336083+00:00", "epoch": 17, "global_update": 95000, "LR": 7.826639271794432e-05, "running_L_occ": 0.023917434193698406, "running_L_qr": 0.011666057291784252, "running_L_total": 0.03558349148548266, "pre_clip_grad_norm": 0.27192452549934387, "clipping_fraction": 0.0, "samples_per_second": 8.03388645101713, "GPU_allocated_bytes": 87739904, "GPU_reserved_bytes": 7105150976, "data_wait_seconds": 9.403570400143508, "training_samples_seen": 2480, "scope": "FORMAL_SCIENTIFIC_RUN"}
TRAIN {"utc": "2026-10-01T13:17:19.775126+00:00", "epoch": 17, "global_update": 95100, "LR": 7.822154108439397e-05, "running_L_occ": 0.02386151809433482, "running_L_qr": 0.011641344267532433, "running_L_total": 0.035502862361867255, "pre_clip_grad_norm": 0.11167766153812408, "clipping_fraction": 0.0, "samples_per_second": 8.04486990648826, "GPU_allocated_bytes": 87739904, "GPU_reserved_bytes": 7105150976, "data_wait_seconds": 9.753316800146422, "training_samples_seen": 2680, "scope": "FORMAL_SCIENTIFIC_RUN"}
TRAIN {"utc": "2026-10-01T13:17:44.187702+00:00", "epoch": 17, "global_update": 95200, "LR": 7.817665626677143e-05, "running_L_occ": 0.024083495316295604, "running_L_qr": 0.011780860771340529, "running_L_total": 0.035864356087636134, "pre_clip_grad_norm": 0.11892220377922058, "clipping_fraction": 0.0, "samples_per_second": 8.054945551374677, "GPU_allocated_bytes": 87739904, "GPU_reserved_bytes": 7105150976, "data_wait_seconds": 10.099359600171738, "training_samples_seen": 2880, "scope": "FORMAL_SCIENTIFIC_RUN"}
TRAIN {"utc": "2026-10-01T13:18:08.605201+00:00", "epoch": 17, "global_update": 95300, "LR": 7.813173831880605e-05, "running_L_occ": 0.024044226602618565, "running_L_qr": 0.011765602741008699, "running_L_total": 0.03580982934362727, "pre_clip_grad_norm": 0.1764366179704666, "clipping_fraction": 0.0, "samples_per_second": 8.06363504937806, "GPU_allocated_bytes": 87739904, "GPU_reserved_bytes": 7105150976, "data_wait_seconds": 10.448747200185608, "training_samples_seen": 3080, "scope": "FORMAL_SCIENTIFIC_RUN"}
TRAIN {"utc": "2026-10-01T13:18:33.077945+00:00", "epoch": 17, "global_update": 95400, "LR": 7.808678729426687e-05, "running_L_occ": 0.02412184937726877, "running_L_qr": 0.01183468058304029, "running_L_total": 0.03595652996030906, "pre_clip_grad_norm": 0.14052487909793854, "clipping_fraction": 0.0, "samples_per_second": 8.070191518202632, "GPU_allocated_bytes": 87739904, "GPU_reserved_bytes": 7105150976, "data_wait_seconds": 10.80331680020754, "training_samples_seen": 3280, "scope": "FORMAL_SCIENTIFIC_RUN"}
TRAIN {"utc": "2026-10-01T13:18:57.512474+00:00", "epoch": 17, "global_update": 95500, "LR": 7.804180324696251e-05, "running_L_occ": 0.024230202411746143, "running_L_qr": 0.011880216358767744, "running_L_total": 0.03611041877051389, "pre_clip_grad_norm": 0.11175402998924255, "clipping_fraction": 0.0, "samples_per_second": 8.07669673178184, "GPU_allocated_bytes": 87739904, "GPU_reserved_bytes": 7105150976, "data_wait_seconds": 11.158460300233855, "training_samples_seen": 3480, "scope": "FORMAL_SCIENTIFIC_RUN"}
TRAIN {"utc": "2026-10-01T13:19:21.994362+00:00", "epoch": 17, "global_update": 95600, "LR": 7.799678623074113e-05, "running_L_occ": 0.024238075414256655, "running_L_qr": 0.011855943202107179, "running_L_total": 0.036094018616363834, "pre_clip_grad_norm": 0.08619703352451324, "clipping_fraction": 0.0, "samples_per_second": 8.081687314793893, "GPU_allocated_bytes": 87739904, "GPU_reserved_bytes": 7105150976, "data_wait_seconds": 11.511532300239196, "training_samples_seen": 3680, "scope": "FORMAL_SCIENTIFIC_RUN"}
TRAIN {"utc": "2026-10-01T13:19:46.463845+00:00", "epoch": 17, "global_update": 95700, "LR": 7.795173629949036e-05, "running_L_occ": 0.024250464445759724, "running_L_qr": 0.011806048590306826, "running_L_total": 0.03605651303606655, "pre_clip_grad_norm": 0.04833749681711197, "clipping_fraction": 0.0, "samples_per_second": 8.086366288421706, "GPU_allocated_bytes": 87739904, "GPU_reserved_bytes": 7105150976, "data_wait_seconds": 11.857436600286746, "training_samples_seen": 3880, "scope": "FORMAL_SCIENTIFIC_RUN"}
TRAIN {"utc": "2026-10-01T13:20:10.887390+00:00", "epoch": 17, "global_update": 95800, "LR": 7.790665350713722e-05, "running_L_occ": 0.02432127988857607, "running_L_qr": 0.011863999105442434, "running_L_total": 0.03618527899401851, "pre_clip_grad_norm": 0.568109929561615, "clipping_fraction": 0.0, "samples_per_second": 8.091320346959206, "GPU_allocated_bytes": 87739904, "GPU_reserved_bytes": 7105150976, "data_wait_seconds": 12.205672000309278, "training_samples_seen": 4080, "scope": "FORMAL_SCIENTIFIC_RUN"}
TRAIN {"utc": "2026-10-01T13:20:35.366577+00:00", "epoch": 17, "global_update": 95900, "LR": 7.786153790764808e-05, "running_L_occ": 0.02437425715527754, "running_L_qr": 0.01191365069710458, "running_L_total": 0.036287907852382124, "pre_clip_grad_norm": 0.24622905254364014, "clipping_fraction": 0.0, "samples_per_second": 8.094971255876683, "GPU_allocated_bytes": 87739904, "GPU_reserved_bytes": 7105150976, "data_wait_seconds": 12.554932500352152, "training_samples_seen": 4280, "scope": "FORMAL_SCIENTIFIC_RUN"}
TRAIN {"utc": "2026-10-01T13:20:59.862735+00:00", "epoch": 17, "global_update": 96000, "LR": 7.781638955502852e-05, "running_L_occ": 0.024296819593811057, "running_L_qr": 0.011903138712327703, "running_L_total": 0.036199958306138764, "pre_clip_grad_norm": 0.008818472735583782, "clipping_fraction": 0.0, "samples_per_second": 8.098052894672104, "GPU_allocated_bytes": 87739904, "GPU_reserved_bytes": 7105150976, "data_wait_seconds": 12.909413900328218, "training_samples_seen": 4480, "scope": "FORMAL_SCIENTIFIC_RUN"}
TRAIN {"utc": "2026-10-01T13:21:24.374703+00:00", "epoch": 17, "global_update": 96100, "LR": 7.777120850332342e-05, "running_L_occ": 0.024208505073521437, "running_L_qr": 0.011792011602177284, "running_L_total": 0.036000516675698715, "pre_clip_grad_norm": 0.23842762410640717, "clipping_fraction": 0.0, "samples_per_second": 8.100655554118674, "GPU_allocated_bytes": 87739904, "GPU_reserved_bytes": 7105150976, "data_wait_seconds": 13.257374400360277, "training_samples_seen": 4680, "scope": "FORMAL_SCIENTIFIC_RUN"}
TRAIN {"utc": "2026-10-01T13:21:48.950384+00:00", "epoch": 17, "global_update": 96200, "LR": 7.772599480661677e-05, "running_L_occ": 0.02419704400538362, "running_L_qr": 0.011746318014864627, "running_L_total": 0.03594336202024825, "pre_clip_grad_norm": 0.05187264457345009, "clipping_fraction": 0.0, "samples_per_second": 8.102180010972676, "GPU_allocated_bytes": 87739904, "GPU_reserved_bytes": 7105150976, "data_wait_seconds": 13.620213700341992, "training_samples_seen": 4880, "scope": "FORMAL_SCIENTIFIC_RUN"}
TRAIN {"utc": "2026-10-01T13:22:13.415346+00:00", "epoch": 17, "global_update": 96300, "LR": 7.768074851903162e-05, "running_L_occ": 0.024272112109638627, "running_L_qr": 0.011833274618853931, "running_L_total": 0.03610538672849256, "pre_clip_grad_norm": 0.1566852480173111, "clipping_fraction": 0.0, "samples_per_second": 8.105024480912116, "GPU_allocated_bytes": 87739904, "GPU_reserved_bytes": 7105150976, "data_wait_seconds": 13.972151800320717, "training_samples_seen": 5080, "scope": "FORMAL_SCIENTIFIC_RUN"}
TRAIN {"utc": "2026-10-01T13:22:37.840732+00:00", "epoch": 17, "global_update": 96400, "LR": 7.763546969473001e-05, "running_L_occ": 0.02420786616727023, "running_L_qr": 0.011765159923593053, "running_L_total": 0.03597302609086328, "pre_clip_grad_norm": 0.08599089086055756, "clipping_fraction": 0.0, "samples_per_second": 8.108146415115586, "GPU_allocated_bytes": 87739904, "GPU_reserved_bytes": 7105150976, "data_wait_seconds": 14.320807400363265, "training_samples_seen": 5280, "scope": "FORMAL_SCIENTIFIC_RUN"}
TRAIN {"utc": "2026-10-01T13:23:02.306166+00:00", "epoch": 17, "global_update": 96500, "LR": 7.759015838791298e-05, "running_L_occ": 0.024187679231499525, "running_L_qr": 0.011727470271849191, "running_L_total": 0.03591514950334871, "pre_clip_grad_norm": 0.02629992924630642, "clipping_fraction": 0.0, "samples_per_second": 8.110548409961657, "GPU_allocated_bytes": 87739904, "GPU_reserved_bytes": 7105150976, "data_wait_seconds": 14.672710100378026, "training_samples_seen": 5480, "scope": "FORMAL_SCIENTIFIC_RUN"}
TRAIN {"utc": "2026-10-01T13:23:26.722086+00:00", "epoch": 17, "global_update": 96600, "LR": 7.754481465282044e-05, "running_L_occ": 0.02418348235541128, "running_L_qr": 0.011750186909964771, "running_L_total": 0.03593366926537605, "pre_clip_grad_norm": 0.07195951044559479, "clipping_fraction": 0.0, "samples_per_second": 8.113368201293111, "GPU_allocated_bytes": 87739904, "GPU_reserved_bytes": 7105150976, "data_wait_seconds": 15.022338900380419, "training_samples_seen": 5680, "scope": "FORMAL_SCIENTIFIC_RUN"}
TRAIN {"utc": "2026-10-01T13:23:51.275086+00:00", "epoch": 17, "global_update": 96700, "LR": 7.749943854373111e-05, "running_L_occ": 0.024312216960443094, "running_L_qr": 0.011787150491907122, "running_L_total": 0.03609936745235021, "pre_clip_grad_norm": 0.14186106622219086, "clipping_fraction": 0.0, "samples_per_second": 8.11446722652707, "GPU_allocated_bytes": 87739904, "GPU_reserved_bytes": 7105150976, "data_wait_seconds": 15.375318900376442, "training_samples_seen": 5880, "scope": "FORMAL_SCIENTIFIC_RUN"}
TRAIN {"utc": "2026-10-01T13:24:15.757785+00:00", "epoch": 17, "global_update": 96800, "LR": 7.745403011496247e-05, "running_L_occ": 0.02429558865237435, "running_L_qr": 0.01174682155349449, "running_L_total": 0.03604241020586884, "pre_clip_grad_norm": 0.06935707479715347, "clipping_fraction": 0.0, "samples_per_second": 8.116244446537282, "GPU_allocated_bytes": 87739904, "GPU_reserved_bytes": 7105150976, "data_wait_seconds": 15.726060800341656, "training_samples_seen": 6080, "scope": "FORMAL_SCIENTIFIC_RUN"}
TRAIN {"utc": "2026-10-01T13:24:40.290591+00:00", "epoch": 17, "global_update": 96900, "LR": 7.740858942087066e-05, "running_L_occ": 0.02432719584852077, "running_L_qr": 0.011774885487951183, "running_L_total": 0.036102081336471956, "pre_clip_grad_norm": 0.06263327598571777, "clipping_fraction": 0.0, "samples_per_second": 8.117397042994577, "GPU_allocated_bytes": 87739904, "GPU_reserved_bytes": 7105150976, "data_wait_seconds": 16.07646970033238, "training_samples_seen": 6280, "scope": "FORMAL_SCIENTIFIC_RUN"}
TRAIN {"utc": "2026-10-01T13:25:04.824841+00:00", "epoch": 17, "global_update": 97000, "LR": 7.736311651585046e-05, "running_L_occ": 0.02426798833978131, "running_L_qr": 0.011741070996225086, "running_L_total": 0.0360090593360064, "pre_clip_grad_norm": 0.19816477596759796, "clipping_fraction": 0.0, "samples_per_second": 8.11845723133084, "GPU_allocated_bytes": 87739904, "GPU_reserved_bytes": 7105150976, "data_wait_seconds": 16.430899700346345, "training_samples_seen": 6480, "scope": "FORMAL_SCIENTIFIC_RUN"}
TRAIN {"utc": "2026-10-01T13:25:29.328745+00:00", "epoch": 17, "global_update": 97100, "LR": 7.731761145433525e-05, "running_L_occ": 0.024242093674483125, "running_L_qr": 0.011702476367268011, "running_L_total": 0.03594457004175113, "pre_clip_grad_norm": 0.056186191737651825, "clipping_fraction": 0.0, "samples_per_second": 8.119753370611072, "GPU_allocated_bytes": 87739904, "GPU_reserved_bytes": 7105150976, "data_wait_seconds": 16.78773150039342, "training_samples_seen": 6680, "scope": "FORMAL_SCIENTIFIC_RUN"}
TRAIN {"utc": "2026-10-01T13:25:53.827636+00:00", "epoch": 17, "global_update": 97200, "LR": 7.727207429079684e-05, "running_L_occ": 0.02428852948076676, "running_L_qr": 0.011727597930974817, "running_L_total": 0.03601612741174158, "pre_clip_grad_norm": 0.09933415055274963, "clipping_fraction": 0.0, "samples_per_second": 8.121013750971903, "GPU_allocated_bytes": 87739904, "GPU_reserved_bytes": 7105150976, "data_wait_seconds": 17.142721400407027, "training_samples_seen": 6880, "scope": "FORMAL_SCIENTIFIC_RUN"}
TRAIN {"utc": "2026-10-01T13:26:18.326586+00:00", "epoch": 17, "global_update": 97300, "LR": 7.722650507974548e-05, "running_L_occ": 0.024250051838378247, "running_L_qr": 0.01170327028575676, "running_L_total": 0.03595332212413501, "pre_clip_grad_norm": 0.22866852581501007, "clipping_fraction": 0.0, "samples_per_second": 8.122219529723006, "GPU_allocated_bytes": 87739904, "GPU_reserved_bytes": 7105150976, "data_wait_seconds": 17.495494200389658, "training_samples_seen": 7080, "scope": "FORMAL_SCIENTIFIC_RUN"}
TRAIN {"utc": "2026-10-01T13:26:42.778635+00:00", "epoch": 17, "global_update": 97400, "LR": 7.718090387572983e-05, "running_L_occ": 0.024191735749440023, "running_L_qr": 0.011639398392777639, "running_L_total": 0.03583113414221766, "pre_clip_grad_norm": 0.17461085319519043, "clipping_fraction": 0.0, "samples_per_second": 8.12376852463868, "GPU_allocated_bytes": 87739904, "GPU_reserved_bytes": 7105150976, "data_wait_seconds": 17.84637000033399, "training_samples_seen": 7280, "scope": "FORMAL_SCIENTIFIC_RUN"}
TRAIN {"utc": "2026-10-01T13:27:07.192578+00:00", "epoch": 17, "global_update": 97500, "LR": 7.71352707333368e-05, "running_L_occ": 0.024217139160200365, "running_L_qr": 0.011633730762178055, "running_L_total": 0.03585086992237842, "pre_clip_grad_norm": 0.020320305600762367, "clipping_fraction": 0.0, "samples_per_second": 8.125578404375581, "GPU_allocated_bytes": 87739904, "GPU_reserved_bytes": 7105150976, "data_wait_seconds": 18.19896480031457, "training_samples_seen": 7480, "scope": "FORMAL_SCIENTIFIC_RUN"}
TRAIN {"utc": "2026-10-01T13:27:31.582720+00:00", "epoch": 17, "global_update": 97600, "LR": 7.708960570719152e-05, "running_L_occ": 0.024179488263823386, "running_L_qr": 0.011623104588052576, "running_L_total": 0.03580259285187596, "pre_clip_grad_norm": 0.05328676104545593, "clipping_fraction": 0.0, "samples_per_second": 8.127502837115962, "GPU_allocated_bytes": 87739904, "GPU_reserved_bytes": 7105150976, "data_wait_seconds": 18.551018300298892, "training_samples_seen": 7680, "scope": "FORMAL_SCIENTIFIC_RUN"}
TRAIN {"utc": "2026-10-01T13:27:55.944655+00:00", "epoch": 17, "global_update": 97700, "LR": 7.704390885195738e-05, "running_L_occ": 0.024191239159745772, "running_L_qr": 0.011608913160847839, "running_L_total": 0.035800152320593616, "pre_clip_grad_norm": 0.09142022579908371, "clipping_fraction": 0.0, "samples_per_second": 8.129568870578394, "GPU_allocated_bytes": 87739904, "GPU_reserved_bytes": 7105150976, "data_wait_seconds": 18.90205020031135, "training_samples_seen": 7880, "scope": "FORMAL_SCIENTIFIC_RUN"}
TRAIN {"utc": "2026-10-01T13:28:20.373621+00:00", "epoch": 17, "global_update": 97800, "LR": 7.699818022233572e-05, "running_L_occ": 0.024223303253039282, "running_L_qr": 0.011613094134292143, "running_L_total": 0.03583639738733142, "pre_clip_grad_norm": 0.06780539453029633, "clipping_fraction": 0.0, "samples_per_second": 8.130979615178155, "GPU_allocated_bytes": 87739904, "GPU_reserved_bytes": 7105150976, "data_wait_seconds": 19.250262100293185, "training_samples_seen": 8080, "scope": "FORMAL_SCIENTIFIC_RUN"}
TRAIN {"utc": "2026-10-01T13:28:44.795360+00:00", "epoch": 17, "global_update": 97900, "LR": 7.695241987306608e-05, "running_L_occ": 0.024294666562593673, "running_L_qr": 0.011651154515886284, "running_L_total": 0.03594582107847996, "pre_clip_grad_norm": 0.015397313982248306, "clipping_fraction": 0.0, "samples_per_second": 8.132375471689873, "GPU_allocated_bytes": 87739904, "GPU_reserved_bytes": 7105150976, "data_wait_seconds": 19.600028400323936, "training_samples_seen": 8280, "scope": "FORMAL_SCIENTIFIC_RUN"}
TRAIN {"utc": "2026-10-01T13:29:09.229645+00:00", "epoch": 17, "global_update": 98000, "LR": 7.690662785892582e-05, "running_L_occ": 0.024368119315765366, "running_L_qr": 0.011698744585222359, "running_L_total": 0.03606686390098772, "pre_clip_grad_norm": 0.12202446907758713, "clipping_fraction": 0.0, "samples_per_second": 8.133618964201043, "GPU_allocated_bytes": 87739904, "GPU_reserved_bytes": 7105150976, "data_wait_seconds": 19.951090600276075, "training_samples_seen": 8480, "scope": "FORMAL_SCIENTIFIC_RUN"}
TRAIN {"utc": "2026-10-01T13:29:33.656757+00:00", "epoch": 17, "global_update": 98100, "LR": 7.68608042347303e-05, "running_L_occ": 0.024416104586732063, "running_L_qr": 0.011751741300669008, "running_L_total": 0.03616784588740107, "pre_clip_grad_norm": 0.0974481999874115, "clipping_fraction": 0.0, "samples_per_second": 8.134855511001891, "GPU_allocated_bytes": 87739904, "GPU_reserved_bytes": 7105150976, "data_wait_seconds": 20.303005500274594, "training_samples_seen": 8680, "scope": "FORMAL_SCIENTIFIC_RUN"}
TRAIN {"utc": "2026-10-01T13:29:58.079400+00:00", "epoch": 17, "global_update": 98200, "LR": 7.68149490553327e-05, "running_L_occ": 0.024376321886865223, "running_L_qr": 0.01173967972159574, "running_L_total": 0.036116001608460964, "pre_clip_grad_norm": 0.05019168183207512, "clipping_fraction": 0.0, "samples_per_second": 8.136068649255666, "GPU_allocated_bytes": 87739904, "GPU_reserved_bytes": 7105150976, "data_wait_seconds": 20.653692200328805, "training_samples_seen": 8880, "scope": "FORMAL_SCIENTIFIC_RUN"}
TRAIN {"utc": "2026-10-01T13:30:22.530237+00:00", "epoch": 17, "global_update": 98300, "LR": 7.676906237562395e-05, "running_L_occ": 0.024409097638127694, "running_L_qr": 0.011750887879895974, "running_L_total": 0.036159985518023664, "pre_clip_grad_norm": 0.17980588972568512, "clipping_fraction": 0.0, "samples_per_second": 8.137020062998424, "GPU_allocated_bytes": 87739904, "GPU_reserved_bytes": 7105150976, "data_wait_seconds": 21.006461800345278, "training_samples_seen": 9080, "scope": "FORMAL_SCIENTIFIC_RUN"}
TRAIN {"utc": "2026-10-01T13:30:47.044161+00:00", "epoch": 17, "global_update": 98400, "LR": 7.67231442505327e-05, "running_L_occ": 0.024399181905425813, "running_L_qr": 0.011741820905691995, "running_L_total": 0.03614100281111781, "pre_clip_grad_norm": 0.28229984641075134, "clipping_fraction": 0.0, "samples_per_second": 8.137485500088188, "GPU_allocated_bytes": 87739904, "GPU_reserved_bytes": 7105150976, "data_wait_seconds": 21.360967600354343, "training_samples_seen": 9280, "scope": "FORMAL_SCIENTIFIC_RUN"}
TRAIN {"utc": "2026-10-01T13:32:07.696113+00:00", "epoch": 17, "global_update": 98500, "LR": 7.667719473502526e-05, "running_L_occ": 0.02442780762575602, "running_L_qr": 0.011760466064010138, "running_L_total": 0.036188273689766154, "pre_clip_grad_norm": 0.12000256031751633, "clipping_fraction": 0.0, "samples_per_second": 7.763788183917193, "GPU_allocated_bytes": 87739904, "GPU_reserved_bytes": 7105150976, "data_wait_seconds": 75.23960990033083, "training_samples_seen": 9480, "scope": "FORMAL_SCIENTIFIC_RUN"}
TRAIN {"utc": "2026-10-01T13:32:35.206633+00:00", "epoch": 17, "global_update": 98600, "LR": 7.66312138841055e-05, "running_L_occ": 0.024470342349577043, "running_L_qr": 0.01179937956836066, "running_L_total": 0.0362697219179377, "pre_clip_grad_norm": 0.05410516634583473, "clipping_fraction": 0.0, "samples_per_second": 7.752905507641066, "GPU_allocated_bytes": 87739904, "GPU_reserved_bytes": 7105150976, "data_wait_seconds": 75.60736940029165, "training_samples_seen": 9680, "scope": "FORMAL_SCIENTIFIC_RUN"}
TRAIN {"utc": "2026-10-01T13:33:02.637260+00:00", "epoch": 17, "global_update": 98700, "LR": 7.658520175281479e-05, "running_L_occ": 0.024455298269417607, "running_L_qr": 0.01179232168261531, "running_L_total": 0.03624761995203291, "pre_clip_grad_norm": 0.11887501180171967, "clipping_fraction": 0.0, "samples_per_second": 7.742981014845722, "GPU_allocated_bytes": 87739904, "GPU_reserved_bytes": 7105150976, "data_wait_seconds": 75.97734300034062, "training_samples_seen": 9880, "scope": "FORMAL_SCIENTIFIC_RUN"}
TRAIN {"utc": "2026-10-01T13:33:29.933549+00:00", "epoch": 17, "global_update": 98800, "LR": 7.653915839623194e-05, "running_L_occ": 0.02444813500456665, "running_L_qr": 0.01178021071419507, "running_L_total": 0.03622834571876172, "pre_clip_grad_norm": 0.10267587006092072, "clipping_fraction": 0.0, "samples_per_second": 7.734269491583779, "GPU_allocated_bytes": 87739904, "GPU_reserved_bytes": 7105150976, "data_wait_seconds": 76.3454193003272, "training_samples_seen": 10080, "scope": "FORMAL_SCIENTIFIC_RUN"}
TRAIN {"utc": "2026-10-01T13:33:57.180584+00:00", "epoch": 17, "global_update": 98900, "LR": 7.649308386947319e-05, "running_L_occ": 0.024447158332810182, "running_L_qr": 0.01180296466874594, "running_L_total": 0.03625012300155612, "pre_clip_grad_norm": 0.11633016914129257, "clipping_fraction": 0.0, "samples_per_second": 7.726202477246042, "GPU_allocated_bytes": 87739904, "GPU_reserved_bytes": 7105150976, "data_wait_seconds": 76.71073430032266, "training_samples_seen": 10280, "scope": "FORMAL_SCIENTIFIC_RUN"}
TRAIN {"utc": "2026-10-01T13:34:24.623410+00:00", "epoch": 17, "global_update": 99000, "LR": 7.644697822769203e-05, "running_L_occ": 0.024492858651468143, "running_L_qr": 0.011819911719537696, "running_L_total": 0.03631277037100584, "pre_clip_grad_norm": 0.05916866287589073, "clipping_fraction": 0.0, "samples_per_second": 7.717341779842148, "GPU_allocated_bytes": 87739904, "GPU_reserved_bytes": 7105150976, "data_wait_seconds": 77.07678360033606, "training_samples_seen": 10480, "scope": "FORMAL_SCIENTIFIC_RUN"}
TRAIN {"utc": "2026-10-01T13:34:52.390041+00:00", "epoch": 17, "global_update": 99100, "LR": 7.640084152607921e-05, "running_L_occ": 0.024474199487915647, "running_L_qr": 0.0118111743838416, "running_L_total": 0.036285373871757245, "pre_clip_grad_norm": 0.10122644901275635, "clipping_fraction": 0.0, "samples_per_second": 7.70703430389149, "GPU_allocated_bytes": 87739904, "GPU_reserved_bytes": 7105150976, "data_wait_seconds": 77.44824340038758, "training_samples_seen": 10680, "scope": "FORMAL_SCIENTIFIC_RUN"}
TRAIN {"utc": "2026-10-01T13:35:19.890929+00:00", "epoch": 17, "global_update": 99200, "LR": 7.635467381986271e-05, "running_L_occ": 0.024463931191488514, "running_L_qr": 0.011817708656978008, "running_L_total": 0.036281639848466524, "pre_clip_grad_norm": 0.1046479120850563, "clipping_fraction": 0.0, "samples_per_second": 7.698575487758777, "GPU_allocated_bytes": 87739904, "GPU_reserved_bytes": 7105150976, "data_wait_seconds": 77.81865060039127, "training_samples_seen": 10880, "scope": "FORMAL_SCIENTIFIC_RUN"}
TRAIN {"utc": "2026-10-01T13:35:47.301478+00:00", "epoch": 17, "global_update": 99300, "LR": 7.630847516430752e-05, "running_L_occ": 0.024412292956543048, "running_L_qr": 0.011774114881038534, "running_L_total": 0.03618640783758158, "pre_clip_grad_norm": 0.12876614928245544, "clipping_fraction": 0.0, "samples_per_second": 7.690928917631623, "GPU_allocated_bytes": 87739904, "GPU_reserved_bytes": 7105150976, "data_wait_seconds": 78.18289080038812, "training_samples_seen": 11080, "scope": "FORMAL_SCIENTIFIC_RUN"}
TRAIN {"utc": "2026-10-01T13:36:14.672409+00:00", "epoch": 17, "global_update": 99400, "LR": 7.626224561471583e-05, "running_L_occ": 0.02443252015174677, "running_L_qr": 0.011777695683538382, "running_L_total": 0.03621021583528516, "pre_clip_grad_norm": 0.09964652359485626, "clipping_fraction": 0.0, "samples_per_second": 7.683771335175602, "GPU_allocated_bytes": 87739904, "GPU_reserved_bytes": 7105150976, "data_wait_seconds": 78.55565660031425, "training_samples_seen": 11280, "scope": "FORMAL_SCIENTIFIC_RUN"}
TRAIN {"utc": "2026-10-01T13:36:42.077196+00:00", "epoch": 17, "global_update": 99500, "LR": 7.621598522642665e-05, "running_L_occ": 0.024455649420261728, "running_L_qr": 0.01179955299950527, "running_L_total": 0.036255202419767, "pre_clip_grad_norm": 0.04254141077399254, "clipping_fraction": 0.0, "samples_per_second": 7.676697660518987, "GPU_allocated_bytes": 87739904, "GPU_reserved_bytes": 7105150976, "data_wait_seconds": 78.92567000025883, "training_samples_seen": 11480, "scope": "FORMAL_SCIENTIFIC_RUN"}
TRAIN {"utc": "2026-10-01T13:37:09.384746+00:00", "epoch": 17, "global_update": 99600, "LR": 7.616969405481602e-05, "running_L_occ": 0.024438072752745177, "running_L_qr": 0.011801695875542601, "running_L_total": 0.036239768628287775, "pre_clip_grad_norm": 0.12743276357650757, "clipping_fraction": 0.0, "samples_per_second": 7.670374675208099, "GPU_allocated_bytes": 87739904, "GPU_reserved_bytes": 7105150976, "data_wait_seconds": 79.2972190002547, "training_samples_seen": 11680, "scope": "FORMAL_SCIENTIFIC_RUN"}
TRAIN {"utc": "2026-10-01T13:37:14.959215+00:00", "epoch": 17, "global_update": 99620, "LR": 7.6160432131371e-05, "running_L_occ": 0.024453926608161338, "running_L_qr": 0.011810453882207162, "running_L_total": 0.0362643804903685, "pre_clip_grad_norm": 0.04153842851519585, "clipping_fraction": 0.0, "samples_per_second": 7.668570131750782, "GPU_allocated_bytes": 87739904, "GPU_reserved_bytes": 7105150976, "data_wait_seconds": 79.37376780025807, "training_samples_seen": 11720, "scope": "FORMAL_SCIENTIFIC_RUN"}
VALIDATION {"epoch": 17, "phase": "VALIDATION", "scenes_completed": 8, "scenes_required": 11727, "wall_seconds": 6.216958500001056, "updated_utc": "2026-10-01T13:37:22.166193+00:00"}
VALIDATION {"epoch": 17, "phase": "VALIDATION", "scenes_completed": 808, "scenes_required": 11727, "wall_seconds": 39.85434379999788, "updated_utc": "2026-10-01T13:37:55.804283+00:00"}
VALIDATION {"epoch": 17, "phase": "VALIDATION", "scenes_completed": 1608, "scenes_required": 11727, "wall_seconds": 72.8707940000022, "updated_utc": "2026-10-01T13:38:28.820529+00:00"}
VALIDATION {"epoch": 17, "phase": "VALIDATION", "scenes_completed": 2408, "scenes_required": 11727, "wall_seconds": 105.6456354999973, "updated_utc": "2026-10-01T13:39:01.594839+00:00"}
VALIDATION {"epoch": 17, "phase": "VALIDATION", "scenes_completed": 3208, "scenes_required": 11727, "wall_seconds": 138.75685019999946, "updated_utc": "2026-10-01T13:39:34.706244+00:00"}
VALIDATION {"epoch": 17, "phase": "VALIDATION", "scenes_completed": 4008, "scenes_required": 11727, "wall_seconds": 171.94328620000306, "updated_utc": "2026-10-01T13:40:07.892860+00:00"}
VALIDATION {"epoch": 17, "phase": "VALIDATION", "scenes_completed": 4808, "scenes_required": 11727, "wall_seconds": 204.9161826999989, "updated_utc": "2026-10-01T13:40:40.865068+00:00"}
VALIDATION {"epoch": 17, "phase": "VALIDATION", "scenes_completed": 5608, "scenes_required": 11727, "wall_seconds": 237.94304980000015, "updated_utc": "2026-10-01T13:41:13.892647+00:00"}
VALIDATION {"epoch": 17, "phase": "VALIDATION", "scenes_completed": 6408, "scenes_required": 11727, "wall_seconds": 271.2811991999988, "updated_utc": "2026-10-01T13:41:47.230496+00:00"}
VALIDATION {"epoch": 17, "phase": "VALIDATION", "scenes_completed": 7208, "scenes_required": 11727, "wall_seconds": 304.3333641999998, "updated_utc": "2026-10-01T13:42:20.282515+00:00"}
VALIDATION {"epoch": 17, "phase": "VALIDATION", "scenes_completed": 8008, "scenes_required": 11727, "wall_seconds": 337.4491360000029, "updated_utc": "2026-10-01T13:42:53.398254+00:00"}
VALIDATION {"epoch": 17, "phase": "VALIDATION", "scenes_completed": 8808, "scenes_required": 11727, "wall_seconds": 370.5490699000002, "updated_utc": "2026-10-01T13:43:26.497946+00:00"}
VALIDATION {"epoch": 17, "phase": "VALIDATION", "scenes_completed": 9608, "scenes_required": 11727, "wall_seconds": 403.7820137000017, "updated_utc": "2026-10-01T13:43:59.731705+00:00"}
VALIDATION {"epoch": 17, "phase": "VALIDATION", "scenes_completed": 10408, "scenes_required": 11727, "wall_seconds": 436.83996079999633, "updated_utc": "2026-10-01T13:44:32.789041+00:00"}
VALIDATION {"epoch": 17, "phase": "VALIDATION", "scenes_completed": 11208, "scenes_required": 11727, "wall_seconds": 469.8147489999974, "updated_utc": "2026-10-01T13:45:05.763802+00:00"}
VALIDATION {"epoch": 17, "phase": "VALIDATION", "scenes_completed": 11727, "scenes_required": 11727, "wall_seconds": 491.3156252999979, "updated_utc": "2026-10-01T13:45:27.264778+00:00"}
EPOCH_COMPLETED {"epoch": 17, "global_val_core_loss": 0.04803469106703169, "best_epoch": 11, "early_stop_count": 6, "wall_seconds": 2025.5204091999985}
TRAIN {"utc": "2026-10-01T13:45:37.845841+00:00", "epoch": 18, "global_update": 99621, "LR": 7.61599690029424e-05, "running_L_occ": 0.03006716240628794, "running_L_qr": 0.01153987094818162, "running_L_total": 0.04160703335446956, "pre_clip_grad_norm": 0.06846549361944199, "clipping_fraction": 0.0, "samples_per_second": 0.36719850964420825, "GPU_allocated_bytes": 87739904, "GPU_reserved_bytes": 7105150976, "data_wait_seconds": 5.165181500000472, "training_samples_seen": 2, "scope": "FORMAL_SCIENTIFIC_RUN"}
TRAIN {"utc": "2026-10-01T13:46:54.523098+00:00", "epoch": 18, "global_update": 99700, "LR": 7.612337215529676e-05, "running_L_occ": 0.024774373485349114, "running_L_qr": 0.01204448832842047, "running_L_total": 0.03681886181376959, "pre_clip_grad_norm": 0.0870107114315033, "clipping_fraction": 0.0, "samples_per_second": 1.9482970737125331, "GPU_allocated_bytes": 87739904, "GPU_reserved_bytes": 7105150976, "data_wait_seconds": 60.4525344000067, "training_samples_seen": 160, "scope": "FORMAL_SCIENTIFIC_RUN"}
TRAIN {"utc": "2026-10-01T13:47:22.081060+00:00", "epoch": 18, "global_update": 99800, "LR": 7.607701958331855e-05, "running_L_occ": 0.0241332347049878, "running_L_qr": 0.011644231415491889, "running_L_total": 0.03577746612047969, "pre_clip_grad_norm": 0.14383314549922943, "clipping_fraction": 0.0, "samples_per_second": 3.282217931196446, "GPU_allocated_bytes": 87739904, "GPU_reserved_bytes": 7105150976, "data_wait_seconds": 60.81781740000588, "training_samples_seen": 360, "scope": "FORMAL_SCIENTIFIC_RUN"}
TRAIN {"utc": "2026-10-01T13:47:49.680390+00:00", "epoch": 18, "global_update": 99900, "LR": 7.603063639436768e-05, "running_L_occ": 0.024196564747229622, "running_L_qr": 0.011662948388697098, "running_L_total": 0.03585951313592672, "pre_clip_grad_norm": 0.0145695386454463, "clipping_fraction": 0.0, "samples_per_second": 4.079230099514119, "GPU_allocated_bytes": 87739904, "GPU_reserved_bytes": 7105150976, "data_wait_seconds": 61.199508999998216, "training_samples_seen": 560, "scope": "FORMAL_SCIENTIFIC_RUN"}
TRAIN {"utc": "2026-10-01T13:48:16.449427+00:00", "epoch": 18, "global_update": 100000, "LR": 7.598422264396721e-05, "running_L_occ": 0.023484627450612288, "running_L_qr": 0.011083723206405539, "running_L_total": 0.03456835065701783, "pre_clip_grad_norm": 0.057029109448194504, "clipping_fraction": 0.0, "samples_per_second": 4.632745198751236, "GPU_allocated_bytes": 87739904, "GPU_reserved_bytes": 7105150976, "data_wait_seconds": 61.566702300006, "training_samples_seen": 760, "scope": "FORMAL_SCIENTIFIC_RUN"}
TRAIN {"utc": "2026-10-01T13:48:43.620573+00:00", "epoch": 18, "global_update": 100100, "LR": 7.593777838767666e-05, "running_L_occ": 0.023505946765524692, "running_L_qr": 0.011232101922703148, "running_L_total": 0.03473804868822784, "pre_clip_grad_norm": 0.03347523882985115, "clipping_fraction": 0.0, "samples_per_second": 5.020379435424739, "GPU_allocated_bytes": 87739904, "GPU_reserved_bytes": 7105150976, "data_wait_seconds": 61.94022360006056, "training_samples_seen": 960, "scope": "FORMAL_SCIENTIFIC_RUN"}
TRAIN {"utc": "2026-10-01T13:49:10.805934+00:00", "epoch": 18, "global_update": 100200, "LR": 7.589130368109216e-05, "running_L_occ": 0.023668558389172964, "running_L_qr": 0.011399373119005593, "running_L_total": 0.03506793150817856, "pre_clip_grad_norm": 0.3057391047477722, "clipping_fraction": 0.0, "samples_per_second": 5.311194898191745, "GPU_allocated_bytes": 87739904, "GPU_reserved_bytes": 7105150976, "data_wait_seconds": 62.3148980001497, "training_samples_seen": 1160, "scope": "FORMAL_SCIENTIFIC_RUN"}
TRAIN {"utc": "2026-10-01T13:49:37.464431+00:00", "epoch": 18, "global_update": 100300, "LR": 7.584479857984628e-05, "running_L_occ": 0.023795210404516334, "running_L_qr": 0.011358999864458668, "running_L_total": 0.035154210268975, "pre_clip_grad_norm": 0.026552366092801094, "clipping_fraction": 0.0, "samples_per_second": 5.549559265836671, "GPU_allocated_bytes": 87739904, "GPU_reserved_bytes": 7105150976, "data_wait_seconds": 62.68587330012815, "training_samples_seen": 1360, "scope": "FORMAL_SCIENTIFIC_RUN"}
TRAIN {"utc": "2026-10-01T13:50:04.687447+00:00", "epoch": 18, "global_update": 100400, "LR": 7.579826313960793e-05, "running_L_occ": 0.0241241198752725, "running_L_qr": 0.011610237574696966, "running_L_total": 0.035734357449969466, "pre_clip_grad_norm": 0.29160693287849426, "clipping_fraction": 0.0, "samples_per_second": 5.729233218696011, "GPU_allocated_bytes": 87739904, "GPU_reserved_bytes": 7105150976, "data_wait_seconds": 63.067540700154495, "training_samples_seen": 1560, "scope": "FORMAL_SCIENTIFIC_RUN"}
TRAIN {"utc": "2026-10-01T13:50:31.628528+00:00", "epoch": 18, "global_update": 100500, "LR": 7.575169741608235e-05, "running_L_occ": 0.023929535996634926, "running_L_qr": 0.011481771646609198, "running_L_total": 0.03541130764324413, "pre_clip_grad_norm": 0.2374127209186554, "clipping_fraction": 0.0, "samples_per_second": 5.881774531951143, "GPU_allocated_bytes": 87739904, "GPU_reserved_bytes": 7105150976, "data_wait_seconds": 63.442974900135596, "training_samples_seen": 1760, "scope": "FORMAL_SCIENTIFIC_RUN"}
TRAIN {"utc": "2026-10-01T13:50:58.403680+00:00", "epoch": 18, "global_update": 100600, "LR": 7.570510146501107e-05, "running_L_occ": 0.024092164589332502, "running_L_qr": 0.011575855548847021, "running_L_total": 0.035668020138179525, "pre_clip_grad_norm": 0.1625359207391739, "clipping_fraction": 0.0, "samples_per_second": 6.012187746879956, "GPU_allocated_bytes": 87739904, "GPU_reserved_bytes": 7105150976, "data_wait_seconds": 63.81393120012217, "training_samples_seen": 1960, "scope": "FORMAL_SCIENTIFIC_RUN"}
TRAIN {"utc": "2026-10-01T13:51:24.991437+00:00", "epoch": 18, "global_update": 100700, "LR": 7.565847534217177e-05, "running_L_occ": 0.023938526323578308, "running_L_qr": 0.011497466699584024, "running_L_total": 0.03543599302316233, "pre_clip_grad_norm": 0.14621901512145996, "clipping_fraction": 0.0, "samples_per_second": 6.126067738793277, "GPU_allocated_bytes": 87739904, "GPU_reserved_bytes": 7105150976, "data_wait_seconds": 64.18055810015358, "training_samples_seen": 2160, "scope": "FORMAL_SCIENTIFIC_RUN"}
TRAIN {"utc": "2026-10-01T13:51:51.581101+00:00", "epoch": 18, "global_update": 100800, "LR": 7.561181910337821e-05, "running_L_occ": 0.024094528348211887, "running_L_qr": 0.011511941504916898, "running_L_total": 0.03560646985312878, "pre_clip_grad_norm": 0.028662361204624176, "clipping_fraction": 0.0, "samples_per_second": 6.223934391878814, "GPU_allocated_bytes": 87739904, "GPU_reserved_bytes": 7105150976, "data_wait_seconds": 64.5525068001516, "training_samples_seen": 2360, "scope": "FORMAL_SCIENTIFIC_RUN"}
TRAIN {"utc": "2026-10-01T13:53:14.525780+00:00", "epoch": 18, "global_update": 100900, "LR": 7.556513280448032e-05, "running_L_occ": 0.024022207914497228, "running_L_qr": 0.01144932763823053, "running_L_total": 0.03547153555272776, "pre_clip_grad_norm": 0.058451954275369644, "clipping_fraction": 0.0, "samples_per_second": 5.539614021468263, "GPU_allocated_bytes": 87739904, "GPU_reserved_bytes": 7105150976, "data_wait_seconds": 120.8241155000942, "training_samples_seen": 2560, "scope": "FORMAL_SCIENTIFIC_RUN"}
TRAIN {"utc": "2026-10-01T13:53:42.930960+00:00", "epoch": 18, "global_update": 101000, "LR": 7.551841650136387e-05, "running_L_occ": 0.023921862227773875, "running_L_qr": 0.011371887965519719, "running_L_total": 0.035293750193293595, "pre_clip_grad_norm": 0.06486953794956207, "clipping_fraction": 0.0, "samples_per_second": 5.626546823725418, "GPU_allocated_bytes": 87739904, "GPU_reserved_bytes": 7105150976, "data_wait_seconds": 121.19241680009145, "training_samples_seen": 2760, "scope": "FORMAL_SCIENTIFIC_RUN"}
TRAIN {"utc": "2026-10-01T13:54:11.561120+00:00", "epoch": 18, "global_update": 101100, "LR": 7.547167024995063e-05, "running_L_occ": 0.024005154014994076, "running_L_qr": 0.011401026320379917, "running_L_total": 0.035406180335373995, "pre_clip_grad_norm": 0.031774379312992096, "clipping_fraction": 0.0, "samples_per_second": 5.701497209815736, "GPU_allocated_bytes": 87739904, "GPU_reserved_bytes": 7105150976, "data_wait_seconds": 121.55659650009329, "training_samples_seen": 2960, "scope": "FORMAL_SCIENTIFIC_RUN"}
TRAIN {"utc": "2026-10-01T13:54:40.004648+00:00", "epoch": 18, "global_update": 101200, "LR": 7.542489410619823e-05, "running_L_occ": 0.023916788322815786, "running_L_qr": 0.011352719316540732, "running_L_total": 0.03526950763935652, "pre_clip_grad_norm": 0.04904743656516075, "clipping_fraction": 0.0, "samples_per_second": 5.7705755363294955, "GPU_allocated_bytes": 87739904, "GPU_reserved_bytes": 7105150976, "data_wait_seconds": 121.92070230006357, "training_samples_seen": 3160, "scope": "FORMAL_SCIENTIFIC_RUN"}
TRAIN {"utc": "2026-10-01T13:55:08.726670+00:00", "epoch": 18, "global_update": 101300, "LR": 7.537808812610003e-05, "running_L_occ": 0.023960895944362702, "running_L_qr": 0.011363226059080253, "running_L_total": 0.035324122003442954, "pre_clip_grad_norm": 0.22059935331344604, "clipping_fraction": 0.0, "samples_per_second": 5.830016646984425, "GPU_allocated_bytes": 87739904, "GPU_reserved_bytes": 7105150976, "data_wait_seconds": 122.28733660004218, "training_samples_seen": 3360, "scope": "FORMAL_SCIENTIFIC_RUN"}
TRAIN {"utc": "2026-10-01T13:55:36.930149+00:00", "epoch": 18, "global_update": 101400, "LR": 7.533125236568514e-05, "running_L_occ": 0.024001436027540447, "running_L_qr": 0.011415313001810038, "running_L_total": 0.03541674902935049, "pre_clip_grad_norm": 0.2211335301399231, "clipping_fraction": 0.0, "samples_per_second": 5.888855530856496, "GPU_allocated_bytes": 87739904, "GPU_reserved_bytes": 7105150976, "data_wait_seconds": 122.65215780002472, "training_samples_seen": 3560, "scope": "FORMAL_SCIENTIFIC_RUN"}
TRAIN {"utc": "2026-10-01T13:56:05.559774+00:00", "epoch": 18, "global_update": 101500, "LR": 7.528438688101829e-05, "running_L_occ": 0.024009536950701033, "running_L_qr": 0.011437980695242706, "running_L_total": 0.03544751764594374, "pre_clip_grad_norm": 0.14470608532428741, "clipping_fraction": 0.0, "samples_per_second": 5.9384634973915595, "GPU_allocated_bytes": 87739904, "GPU_reserved_bytes": 7105150976, "data_wait_seconds": 123.0145336000569, "training_samples_seen": 3760, "scope": "FORMAL_SCIENTIFIC_RUN"}
TRAIN {"utc": "2026-10-01T13:56:34.025556+00:00", "epoch": 18, "global_update": 101600, "LR": 7.523749172819984e-05, "running_L_occ": 0.023969289134644748, "running_L_qr": 0.011393358092139205, "running_L_total": 0.03536264722678396, "pre_clip_grad_norm": 0.17759597301483154, "clipping_fraction": 0.0, "samples_per_second": 5.985254362795383, "GPU_allocated_bytes": 87739904, "GPU_reserved_bytes": 7105150976, "data_wait_seconds": 123.37451750002947, "training_samples_seen": 3960, "scope": "FORMAL_SCIENTIFIC_RUN"}
TRAIN {"utc": "2026-10-01T13:57:02.685830+00:00", "epoch": 18, "global_update": 101700, "LR": 7.519056696336562e-05, "running_L_occ": 0.023905516660183045, "running_L_qr": 0.011373748614702178, "running_L_total": 0.03527926527488522, "pre_clip_grad_norm": 0.11793345957994461, "clipping_fraction": 0.0, "samples_per_second": 6.0264809838493925, "GPU_allocated_bytes": 87739904, "GPU_reserved_bytes": 7105150976, "data_wait_seconds": 123.73993440007325, "training_samples_seen": 4160, "scope": "FORMAL_SCIENTIFIC_RUN"}
TRAIN {"utc": "2026-10-01T13:57:30.822590+00:00", "epoch": 18, "global_update": 101800, "LR": 7.514361264268692e-05, "running_L_occ": 0.023904570200697188, "running_L_qr": 0.011398167871430543, "running_L_total": 0.035302738072127735, "pre_clip_grad_norm": 0.11577121168375015, "clipping_fraction": 0.0, "samples_per_second": 6.068844484092879, "GPU_allocated_bytes": 87739904, "GPU_reserved_bytes": 7105150976, "data_wait_seconds": 124.10636680007883, "training_samples_seen": 4360, "scope": "FORMAL_SCIENTIFIC_RUN"}
TRAIN {"utc": "2026-10-01T13:57:59.308049+00:00", "epoch": 18, "global_update": 101900, "LR": 7.509662882237042e-05, "running_L_occ": 0.023929624318104633, "running_L_qr": 0.011417658231236347, "running_L_total": 0.03534728254934098, "pre_clip_grad_norm": 0.14967596530914307, "clipping_fraction": 0.0, "samples_per_second": 6.105165385080389, "GPU_allocated_bytes": 87739904, "GPU_reserved_bytes": 7105150976, "data_wait_seconds": 124.47029330008081, "training_samples_seen": 4560, "scope": "FORMAL_SCIENTIFIC_RUN"}
TRAIN {"utc": "2026-10-01T13:58:27.935723+00:00", "epoch": 18, "global_update": 102000, "LR": 7.50496155586581e-05, "running_L_occ": 0.024016173088317303, "running_L_qr": 0.011494987894355732, "running_L_total": 0.03551116098267304, "pre_clip_grad_norm": 0.09835486859083176, "clipping_fraction": 0.0, "samples_per_second": 6.137687709001502, "GPU_allocated_bytes": 87739904, "GPU_reserved_bytes": 7105150976, "data_wait_seconds": 124.83792920008273, "training_samples_seen": 4760, "scope": "FORMAL_SCIENTIFIC_RUN"}
TRAIN {"utc": "2026-10-01T13:58:56.594802+00:00", "epoch": 18, "global_update": 102100, "LR": 7.50025729078272e-05, "running_L_occ": 0.024097939021391734, "running_L_qr": 0.011550231180507277, "running_L_total": 0.03564817020189901, "pre_clip_grad_norm": 0.16367754340171814, "clipping_fraction": 0.0, "samples_per_second": 6.167651561867476, "GPU_allocated_bytes": 87739904, "GPU_reserved_bytes": 7105150976, "data_wait_seconds": 125.20656570003484, "training_samples_seen": 4960, "scope": "FORMAL_SCIENTIFIC_RUN"}
TRAIN {"utc": "2026-10-01T13:59:25.076525+00:00", "epoch": 18, "global_update": 102200, "LR": 7.495550092619011e-05, "running_L_occ": 0.02406821599213989, "running_L_qr": 0.011525880774467112, "running_L_total": 0.035594096766607006, "pre_clip_grad_norm": 0.07876014709472656, "clipping_fraction": 0.0, "samples_per_second": 6.196878703701239, "GPU_allocated_bytes": 87739904, "GPU_reserved_bytes": 7105150976, "data_wait_seconds": 125.5766934000203, "training_samples_seen": 5160, "scope": "FORMAL_SCIENTIFIC_RUN"}
TRAIN {"utc": "2026-10-01T13:59:53.647971+00:00", "epoch": 18, "global_update": 102300, "LR": 7.490839967009436e-05, "running_L_occ": 0.024143607692203927, "running_L_qr": 0.011582243615717448, "running_L_total": 0.03572585130792138, "pre_clip_grad_norm": 0.07195564359426498, "clipping_fraction": 0.0, "samples_per_second": 6.2235235170224605, "GPU_allocated_bytes": 87739904, "GPU_reserved_bytes": 7105150976, "data_wait_seconds": 125.95478209997236, "training_samples_seen": 5360, "scope": "FORMAL_SCIENTIFIC_RUN"}
TRAIN {"utc": "2026-10-01T14:00:21.590036+00:00", "epoch": 18, "global_update": 102400, "LR": 7.48612691959225e-05, "running_L_occ": 0.024161134660354834, "running_L_qr": 0.01157975010154803, "running_L_total": 0.03574088476190287, "pre_clip_grad_norm": 0.07160380482673645, "clipping_fraction": 0.0, "samples_per_second": 6.252879824391968, "GPU_allocated_bytes": 87739904, "GPU_reserved_bytes": 7105150976, "data_wait_seconds": 126.32337980003649, "training_samples_seen": 5560, "scope": "FORMAL_SCIENTIFIC_RUN"}
TRAIN {"utc": "2026-10-01T14:00:49.062577+00:00", "epoch": 18, "global_update": 102500, "LR": 7.481410956009207e-05, "running_L_occ": 0.02418055268176032, "running_L_qr": 0.011629606417928528, "running_L_total": 0.03581015909968885, "pre_clip_grad_norm": 0.03502335026860237, "clipping_fraction": 0.0, "samples_per_second": 6.283660347339685, "GPU_allocated_bytes": 87739904, "GPU_reserved_bytes": 7105150976, "data_wait_seconds": 126.69349370001873, "training_samples_seen": 5760, "scope": "FORMAL_SCIENTIFIC_RUN"}
TRAIN {"utc": "2026-10-01T14:01:16.498107+00:00", "epoch": 18, "global_update": 102600, "LR": 7.476692081905554e-05, "running_L_occ": 0.024172088806728928, "running_L_qr": 0.011632005029300571, "running_L_total": 0.0358040938360295, "pre_clip_grad_norm": 0.2257860153913498, "clipping_fraction": 0.0, "samples_per_second": 6.312897020893918, "GPU_allocated_bytes": 87739904, "GPU_reserved_bytes": 7105150976, "data_wait_seconds": 127.04957219999778, "training_samples_seen": 5960, "scope": "FORMAL_SCIENTIFIC_RUN"}
TRAIN {"utc": "2026-10-01T14:01:44.141690+00:00", "epoch": 18, "global_update": 102700, "LR": 7.471970302930015e-05, "running_L_occ": 0.0241228673363532, "running_L_qr": 0.011578885351033547, "running_L_total": 0.03570175268738675, "pre_clip_grad_norm": 0.37044116854667664, "clipping_fraction": 0.0, "samples_per_second": 6.339129160637339, "GPU_allocated_bytes": 87739904, "GPU_reserved_bytes": 7105150976, "data_wait_seconds": 127.41427919996931, "training_samples_seen": 6160, "scope": "FORMAL_SCIENTIFIC_RUN"}
TRAIN {"utc": "2026-10-01T14:02:11.933973+00:00", "epoch": 18, "global_update": 102800, "LR": 7.467245624734799e-05, "running_L_occ": 0.024116695184097554, "running_L_qr": 0.011592144925201194, "running_L_total": 0.03570884010929874, "pre_clip_grad_norm": 0.18664027750492096, "clipping_fraction": 0.0, "samples_per_second": 6.362958439710272, "GPU_allocated_bytes": 87739904, "GPU_reserved_bytes": 7105150976, "data_wait_seconds": 127.78662629998144, "training_samples_seen": 6360, "scope": "FORMAL_SCIENTIFIC_RUN"}
TRAIN {"utc": "2026-10-01T14:02:39.404531+00:00", "epoch": 18, "global_update": 102900, "LR": 7.462518052975583e-05, "running_L_occ": 0.02406086598036219, "running_L_qr": 0.011550601585183904, "running_L_total": 0.0356114675655461, "pre_clip_grad_norm": 0.05985109880566597, "clipping_fraction": 0.0, "samples_per_second": 6.3875049136952535, "GPU_allocated_bytes": 87739904, "GPU_reserved_bytes": 7105150976, "data_wait_seconds": 128.15417879997403, "training_samples_seen": 6560, "scope": "FORMAL_SCIENTIFIC_RUN"}
TRAIN {"utc": "2026-10-01T14:03:06.910928+00:00", "epoch": 18, "global_update": 103000, "LR": 7.457787593311502e-05, "running_L_occ": 0.02409129381445669, "running_L_qr": 0.011578410367024781, "running_L_total": 0.035669704181481465, "pre_clip_grad_norm": 0.09392105042934418, "clipping_fraction": 0.0, "samples_per_second": 6.410551626565874, "GPU_allocated_bytes": 87739904, "GPU_reserved_bytes": 7105150976, "data_wait_seconds": 128.51962740000454, "training_samples_seen": 6760, "scope": "FORMAL_SCIENTIFIC_RUN"}
TRAIN {"utc": "2026-10-01T14:03:34.276382+00:00", "epoch": 18, "global_update": 103100, "LR": 7.453054251405159e-05, "running_L_occ": 0.023984882887814626, "running_L_qr": 0.011517756105534302, "running_L_total": 0.03550263899334893, "pre_clip_grad_norm": 0.08884377777576447, "clipping_fraction": 0.0, "samples_per_second": 6.433260183492431, "GPU_allocated_bytes": 87739904, "GPU_reserved_bytes": 7105150976, "data_wait_seconds": 128.8857116999934, "training_samples_seen": 6960, "scope": "FORMAL_SCIENTIFIC_RUN"}
TRAIN {"utc": "2026-10-01T14:04:01.943803+00:00", "epoch": 18, "global_update": 103200, "LR": 7.448318032922598e-05, "running_L_occ": 0.02400105133378889, "running_L_qr": 0.011538669820073656, "running_L_total": 0.035539721153862544, "pre_clip_grad_norm": 0.07871418446302414, "clipping_fraction": 0.0, "samples_per_second": 6.453098087995454, "GPU_allocated_bytes": 87739904, "GPU_reserved_bytes": 7105150976, "data_wait_seconds": 129.25091310001153, "training_samples_seen": 7160, "scope": "FORMAL_SCIENTIFIC_RUN"}
TRAIN {"utc": "2026-10-01T14:04:29.522487+00:00", "epoch": 18, "global_update": 103300, "LR": 7.443578943533309e-05, "running_L_occ": 0.024052210230620236, "running_L_qr": 0.011602238538969668, "running_L_total": 0.035654448769589904, "pre_clip_grad_norm": 0.022144770249724388, "clipping_fraction": 0.0, "samples_per_second": 6.472475090694578, "GPU_allocated_bytes": 87739904, "GPU_reserved_bytes": 7105150976, "data_wait_seconds": 129.62136509998527, "training_samples_seen": 7360, "scope": "FORMAL_SCIENTIFIC_RUN"}
TRAIN {"utc": "2026-10-01T14:04:57.033838+00:00", "epoch": 18, "global_update": 103400, "LR": 7.438836988910221e-05, "running_L_occ": 0.024029160652305648, "running_L_qr": 0.011595681751489053, "running_L_total": 0.0356248424037947, "pre_clip_grad_norm": 0.08300364762544632, "clipping_fraction": 0.0, "samples_per_second": 6.491305665786985, "GPU_allocated_bytes": 87739904, "GPU_reserved_bytes": 7105150976, "data_wait_seconds": 129.98497669996868, "training_samples_seen": 7560, "scope": "FORMAL_SCIENTIFIC_RUN"}
TRAIN {"utc": "2026-10-01T14:05:24.478759+00:00", "epoch": 18, "global_update": 103500, "LR": 7.434092174729692e-05, "running_L_occ": 0.024041080227528617, "running_L_qr": 0.011596071748924231, "running_L_total": 0.03563715197645285, "pre_clip_grad_norm": 0.08665851503610611, "clipping_fraction": 0.0, "samples_per_second": 6.509634919116381, "GPU_allocated_bytes": 87739904, "GPU_reserved_bytes": 7105150976, "data_wait_seconds": 130.3490652999826, "training_samples_seen": 7760, "scope": "FORMAL_SCIENTIFIC_RUN"}
TRAIN {"utc": "2026-10-01T14:05:51.868756+00:00", "epoch": 18, "global_update": 103600, "LR": 7.429344506671498e-05, "running_L_occ": 0.024030754844460614, "running_L_qr": 0.011568558320925465, "running_L_total": 0.03559931316538608, "pre_clip_grad_norm": 0.046469081193208694, "clipping_fraction": 0.0, "samples_per_second": 6.527430727365452, "GPU_allocated_bytes": 87739904, "GPU_reserved_bytes": 7105150976, "data_wait_seconds": 130.7096451999896, "training_samples_seen": 7960, "scope": "FORMAL_SCIENTIFIC_RUN"}
TRAIN {"utc": "2026-10-01T14:06:19.393640+00:00", "epoch": 18, "global_update": 103700, "LR": 7.42459399041884e-05, "running_L_occ": 0.02399264025769965, "running_L_qr": 0.011557218855881018, "running_L_total": 0.03554985911358066, "pre_clip_grad_norm": 0.1897982954978943, "clipping_fraction": 0.0, "samples_per_second": 6.543733371411179, "GPU_allocated_bytes": 87739904, "GPU_reserved_bytes": 7105150976, "data_wait_seconds": 131.07374539993907, "training_samples_seen": 8160, "scope": "FORMAL_SCIENTIFIC_RUN"}
TRAIN {"utc": "2026-10-01T14:06:46.827645+00:00", "epoch": 18, "global_update": 103800, "LR": 7.41984063165832e-05, "running_L_occ": 0.023994686673570045, "running_L_qr": 0.01154750701674098, "running_L_total": 0.03554219369031102, "pre_clip_grad_norm": 0.1165953055024147, "clipping_fraction": 0.0, "samples_per_second": 6.5598019402452685, "GPU_allocated_bytes": 87739904, "GPU_reserved_bytes": 7105150976, "data_wait_seconds": 131.43805919997249, "training_samples_seen": 8360, "scope": "FORMAL_SCIENTIFIC_RUN"}
TRAIN {"utc": "2026-10-01T14:07:14.307536+00:00", "epoch": 18, "global_update": 103900, "LR": 7.415084436079949e-05, "running_L_occ": 0.02401493784981377, "running_L_qr": 0.01157483244231762, "running_L_total": 0.03558977029213139, "pre_clip_grad_norm": 0.15970660746097565, "clipping_fraction": 0.0, "samples_per_second": 6.574964766140637, "GPU_allocated_bytes": 87739904, "GPU_reserved_bytes": 7105150976, "data_wait_seconds": 131.8220356999518, "training_samples_seen": 8560, "scope": "FORMAL_SCIENTIFIC_RUN"}
TRAIN {"utc": "2026-10-01T14:07:40.765266+00:00", "epoch": 18, "global_update": 104000, "LR": 7.410325409377128e-05, "running_L_occ": 0.02402934470958584, "running_L_qr": 0.011582146316906784, "running_L_total": 0.03561149102649262, "pre_clip_grad_norm": 0.08131493628025055, "clipping_fraction": 0.0, "samples_per_second": 6.594566016986211, "GPU_allocated_bytes": 87739904, "GPU_reserved_bytes": 7105150976, "data_wait_seconds": 132.1816980999647, "training_samples_seen": 8760, "scope": "FORMAL_SCIENTIFIC_RUN"}
TRAIN {"utc": "2026-10-01T14:08:08.216235+00:00", "epoch": 18, "global_update": 104100, "LR": 7.405563557246655e-05, "running_L_occ": 0.024017819868348205, "running_L_qr": 0.011558565281480264, "running_L_total": 0.035576385149828464, "pre_clip_grad_norm": 0.11204200237989426, "clipping_fraction": 0.0, "samples_per_second": 6.608559884570229, "GPU_allocated_bytes": 87739904, "GPU_reserved_bytes": 7105150976, "data_wait_seconds": 132.5490016999247, "training_samples_seen": 8960, "scope": "FORMAL_SCIENTIFIC_RUN"}
TRAIN {"utc": "2026-10-01T14:08:35.800797+00:00", "epoch": 18, "global_update": 104200, "LR": 7.4007988853887e-05, "running_L_occ": 0.02403634154972586, "running_L_qr": 0.01158921074095233, "running_L_total": 0.03562555229067819, "pre_clip_grad_norm": 0.06404658406972885, "clipping_fraction": 0.0, "samples_per_second": 6.621361226510492, "GPU_allocated_bytes": 87739904, "GPU_reserved_bytes": 7105150976, "data_wait_seconds": 132.91415969991795, "training_samples_seen": 9160, "scope": "FORMAL_SCIENTIFIC_RUN"}
TRAIN {"utc": "2026-10-01T14:09:03.231776+00:00", "epoch": 18, "global_update": 104300, "LR": 7.396031399506818e-05, "running_L_occ": 0.024052989305126622, "running_L_qr": 0.011599021538166707, "running_L_total": 0.03565201084329333, "pre_clip_grad_norm": 0.11724657565355301, "clipping_fraction": 0.0, "samples_per_second": 6.634378401093956, "GPU_allocated_bytes": 87739904, "GPU_reserved_bytes": 7105150976, "data_wait_seconds": 133.27679449990683, "training_samples_seen": 9360, "scope": "FORMAL_SCIENTIFIC_RUN"}
TRAIN {"utc": "2026-10-01T14:09:30.718367+00:00", "epoch": 18, "global_update": 104400, "LR": 7.391261105307926e-05, "running_L_occ": 0.02401287705903453, "running_L_qr": 0.011573198385671373, "running_L_total": 0.0355860754447059, "pre_clip_grad_norm": 0.1423014998435974, "clipping_fraction": 0.0, "samples_per_second": 6.646645854625674, "GPU_allocated_bytes": 87739904, "GPU_reserved_bytes": 7105150976, "data_wait_seconds": 133.67684569992707, "training_samples_seen": 9560, "scope": "FORMAL_SCIENTIFIC_RUN"}
TRAIN {"utc": "2026-10-01T14:09:58.167570+00:00", "epoch": 18, "global_update": 104500, "LR": 7.386488008502304e-05, "running_L_occ": 0.023969128390379103, "running_L_qr": 0.011543849619167634, "running_L_total": 0.03551297800954674, "pre_clip_grad_norm": 0.17654775083065033, "clipping_fraction": 0.0, "samples_per_second": 6.658621377835577, "GPU_allocated_bytes": 87739904, "GPU_reserved_bytes": 7105150976, "data_wait_seconds": 134.03794339994784, "training_samples_seen": 9760, "scope": "FORMAL_SCIENTIFIC_RUN"}
TRAIN {"utc": "2026-10-01T14:10:25.725051+00:00", "epoch": 18, "global_update": 104600, "LR": 7.38171211480359e-05, "running_L_occ": 0.024021079869077026, "running_L_qr": 0.011585069258814614, "running_L_total": 0.03560614912789164, "pre_clip_grad_norm": 0.1019219160079956, "clipping_fraction": 0.0, "samples_per_second": 6.669674547476184, "GPU_allocated_bytes": 87739904, "GPU_reserved_bytes": 7105150976, "data_wait_seconds": 134.40489509996405, "training_samples_seen": 9960, "scope": "FORMAL_SCIENTIFIC_RUN"}
TRAIN {"utc": "2026-10-01T14:10:53.263803+00:00", "epoch": 18, "global_update": 104700, "LR": 7.376933429928768e-05, "running_L_occ": 0.024084279457884293, "running_L_qr": 0.01161944843193826, "running_L_total": 0.035703727889822554, "pre_clip_grad_norm": 0.10822752863168716, "clipping_fraction": 0.0, "samples_per_second": 6.680409507353789, "GPU_allocated_bytes": 87739904, "GPU_reserved_bytes": 7105150976, "data_wait_seconds": 134.77089789998718, "training_samples_seen": 10160, "scope": "FORMAL_SCIENTIFIC_RUN"}
TRAIN {"utc": "2026-10-01T14:11:20.572728+00:00", "epoch": 18, "global_update": 104800, "LR": 7.37215195959816e-05, "running_L_occ": 0.024060891298393085, "running_L_qr": 0.01161502436533487, "running_L_total": 0.03567591566372796, "pre_clip_grad_norm": 0.3211401700973511, "clipping_fraction": 0.0, "samples_per_second": 6.691756888074372, "GPU_allocated_bytes": 87739904, "GPU_reserved_bytes": 7105150976, "data_wait_seconds": 135.12588679997134, "training_samples_seen": 10360, "scope": "FORMAL_SCIENTIFIC_RUN"}
TRAIN {"utc": "2026-10-01T14:11:47.867786+00:00", "epoch": 18, "global_update": 104900, "LR": 7.367367709535428e-05, "running_L_occ": 0.024081467189497222, "running_L_qr": 0.01162491631054566, "running_L_total": 0.03570638350004288, "pre_clip_grad_norm": 0.2113426923751831, "clipping_fraction": 0.0, "samples_per_second": 6.70276819806653, "GPU_allocated_bytes": 87739904, "GPU_reserved_bytes": 7105150976, "data_wait_seconds": 135.4869417999289, "training_samples_seen": 10560, "scope": "FORMAL_SCIENTIFIC_RUN"}
TRAIN {"utc": "2026-10-01T14:12:15.427632+00:00", "epoch": 18, "global_update": 105000, "LR": 7.362580685467559e-05, "running_L_occ": 0.024088817227514964, "running_L_qr": 0.01163769255469025, "running_L_total": 0.035726509782205214, "pre_clip_grad_norm": 0.11816813051700592, "clipping_fraction": 0.0, "samples_per_second": 6.712296206675749, "GPU_allocated_bytes": 87739904, "GPU_reserved_bytes": 7105150976, "data_wait_seconds": 135.85822309992363, "training_samples_seen": 10760, "scope": "FORMAL_SCIENTIFIC_RUN"}
TRAIN {"utc": "2026-10-01T14:12:42.837834+00:00", "epoch": 18, "global_update": 105100, "LR": 7.357790893124858e-05, "running_L_occ": 0.024067234728260847, "running_L_qr": 0.011628403374369189, "running_L_total": 0.03569563810263004, "pre_clip_grad_norm": 0.11468993127346039, "clipping_fraction": 0.0, "samples_per_second": 6.722117449901935, "GPU_allocated_bytes": 87739904, "GPU_reserved_bytes": 7105150976, "data_wait_seconds": 136.22452619995602, "training_samples_seen": 10960, "scope": "FORMAL_SCIENTIFIC_RUN"}
TRAIN {"utc": "2026-10-01T14:13:10.421279+00:00", "epoch": 18, "global_update": 105200, "LR": 7.35299833824095e-05, "running_L_occ": 0.024084736901766914, "running_L_qr": 0.01165023100536583, "running_L_total": 0.03573496790713274, "pre_clip_grad_norm": 0.2972472012042999, "clipping_fraction": 0.0, "samples_per_second": 6.730909621245539, "GPU_allocated_bytes": 87739904, "GPU_reserved_bytes": 7105150976, "data_wait_seconds": 136.5888575999561, "training_samples_seen": 11160, "scope": "FORMAL_SCIENTIFIC_RUN"}
TRAIN {"utc": "2026-10-01T14:13:37.722010+00:00", "epoch": 18, "global_update": 105300, "LR": 7.348203026552758e-05, "running_L_occ": 0.024127229409230497, "running_L_qr": 0.011683695931945293, "running_L_total": 0.03581092534117579, "pre_clip_grad_norm": 0.058027274906635284, "clipping_fraction": 0.0, "samples_per_second": 6.740546938509517, "GPU_allocated_bytes": 87739904, "GPU_reserved_bytes": 7105150976, "data_wait_seconds": 136.95316159992217, "training_samples_seen": 11360, "scope": "FORMAL_SCIENTIFIC_RUN"}
TRAIN {"utc": "2026-10-01T14:14:05.532036+00:00", "epoch": 18, "global_update": 105400, "LR": 7.343404963800513e-05, "running_L_occ": 0.02410877813832364, "running_L_qr": 0.011663390318942913, "running_L_total": 0.03577216845726656, "pre_clip_grad_norm": 0.0748855248093605, "clipping_fraction": 0.0, "samples_per_second": 6.7478689628285915, "GPU_allocated_bytes": 87739904, "GPU_reserved_bytes": 7105150976, "data_wait_seconds": 137.32739879995643, "training_samples_seen": 11560, "scope": "FORMAL_SCIENTIFIC_RUN"}
TRAIN {"utc": "2026-10-01T14:14:27.609697+00:00", "epoch": 18, "global_update": 105480, "LR": 7.339564536692135e-05, "running_L_occ": 0.02413935625618227, "running_L_qr": 0.011677806465649084, "running_L_total": 0.03581716272183136, "pre_clip_grad_norm": 0.07808899134397507, "clipping_fraction": 0.0, "samples_per_second": 6.754224236906631, "GPU_allocated_bytes": 87739904, "GPU_reserved_bytes": 7105150976, "data_wait_seconds": 137.61756619997323, "training_samples_seen": 11720, "scope": "FORMAL_SCIENTIFIC_RUN"}
VALIDATION {"epoch": 18, "phase": "VALIDATION", "scenes_completed": 8, "scenes_required": 11727, "wall_seconds": 6.201443900004961, "updated_utc": "2026-10-01T14:14:34.407617+00:00"}
VALIDATION {"epoch": 18, "phase": "VALIDATION", "scenes_completed": 808, "scenes_required": 11727, "wall_seconds": 39.69500490000064, "updated_utc": "2026-10-01T14:15:07.900372+00:00"}
VALIDATION {"epoch": 18, "phase": "VALIDATION", "scenes_completed": 1608, "scenes_required": 11727, "wall_seconds": 72.95705340000131, "updated_utc": "2026-10-01T14:15:41.162398+00:00"}
VALIDATION {"epoch": 18, "phase": "VALIDATION", "scenes_completed": 2408, "scenes_required": 11727, "wall_seconds": 106.16699960000551, "updated_utc": "2026-10-01T14:16:14.372403+00:00"}
VALIDATION {"epoch": 18, "phase": "VALIDATION", "scenes_completed": 3208, "scenes_required": 11727, "wall_seconds": 139.30767240000569, "updated_utc": "2026-10-01T14:16:47.513677+00:00"}
VALIDATION {"epoch": 18, "phase": "VALIDATION", "scenes_completed": 4008, "scenes_required": 11727, "wall_seconds": 172.4112649000017, "updated_utc": "2026-10-01T14:17:20.617139+00:00"}
VALIDATION {"epoch": 18, "phase": "VALIDATION", "scenes_completed": 4808, "scenes_required": 11727, "wall_seconds": 206.1336780999991, "updated_utc": "2026-10-01T14:17:54.339133+00:00"}
VALIDATION {"epoch": 18, "phase": "VALIDATION", "scenes_completed": 5608, "scenes_required": 11727, "wall_seconds": 239.56550170000264, "updated_utc": "2026-10-01T14:18:27.771397+00:00"}
VALIDATION {"epoch": 18, "phase": "VALIDATION", "scenes_completed": 6408, "scenes_required": 11727, "wall_seconds": 272.71183089999977, "updated_utc": "2026-10-01T14:19:00.917916+00:00"}
VALIDATION {"epoch": 18, "phase": "VALIDATION", "scenes_completed": 7208, "scenes_required": 11727, "wall_seconds": 305.6620691999997, "updated_utc": "2026-10-01T14:19:33.868198+00:00"}
VALIDATION {"epoch": 18, "phase": "VALIDATION", "scenes_completed": 8008, "scenes_required": 11727, "wall_seconds": 338.8935117000001, "updated_utc": "2026-10-01T14:20:07.099573+00:00"}
VALIDATION {"epoch": 18, "phase": "VALIDATION", "scenes_completed": 8808, "scenes_required": 11727, "wall_seconds": 372.1090742000015, "updated_utc": "2026-10-01T14:20:40.314883+00:00"}
VALIDATION {"epoch": 18, "phase": "VALIDATION", "scenes_completed": 9608, "scenes_required": 11727, "wall_seconds": 405.2770597999988, "updated_utc": "2026-10-01T14:21:13.482232+00:00"}
VALIDATION {"epoch": 18, "phase": "VALIDATION", "scenes_completed": 10408, "scenes_required": 11727, "wall_seconds": 438.582350100005, "updated_utc": "2026-10-01T14:21:46.787569+00:00"}
VALIDATION {"epoch": 18, "phase": "VALIDATION", "scenes_completed": 11208, "scenes_required": 11727, "wall_seconds": 471.6123449000006, "updated_utc": "2026-10-01T14:22:19.817969+00:00"}
VALIDATION {"epoch": 18, "phase": "VALIDATION", "scenes_completed": 11727, "scenes_required": 11727, "wall_seconds": 493.2041295000017, "updated_utc": "2026-10-01T14:22:41.410236+00:00"}
EPOCH_COMPLETED {"epoch": 18, "global_val_core_loss": 0.048302127395895164, "best_epoch": 11, "early_stop_count": 7, "wall_seconds": 2233.824401100006}
TRAIN {"utc": "2026-10-01T14:22:51.745145+00:00", "epoch": 19, "global_update": 105481, "LR": 7.33951652024722e-05, "running_L_occ": 0.03738358663374577, "running_L_qr": 0.012875561534188364, "running_L_total": 0.05025914816793413, "pre_clip_grad_norm": 0.09658783674240112, "clipping_fraction": 0.0, "samples_per_second": 0.3713247850903061, "GPU_allocated_bytes": 87739904, "GPU_reserved_bytes": 7105150976, "data_wait_seconds": 5.11365669999941, "training_samples_seen": 2, "scope": "FORMAL_SCIENTIFIC_RUN"}
TRAIN {"utc": "2026-10-01T14:22:57.075802+00:00", "epoch": 19, "global_update": 105500, "LR": 7.338604155727737e-05, "running_L_occ": 0.021909132626670935, "running_L_qr": 0.0073997912100736574, "running_L_total": 0.029308923836744594, "pre_clip_grad_norm": 0.04966099560260773, "clipping_fraction": 0.0, "samples_per_second": 3.732536476609773, "GPU_allocated_bytes": 87739904, "GPU_reserved_bytes": 7105150976, "data_wait_seconds": 5.170922800018161, "training_samples_seen": 40, "scope": "FORMAL_SCIENTIFIC_RUN"}
TRAIN {"utc": "2026-10-01T14:23:24.522133+00:00", "epoch": 19, "global_update": 105600, "LR": 7.333800608081236e-05, "running_L_occ": 0.02313501323453208, "running_L_qr": 0.01060949628880654, "running_L_total": 0.03374450952333862, "pre_clip_grad_norm": 0.09730780869722366, "clipping_fraction": 0.0, "samples_per_second": 6.2888038852232135, "GPU_allocated_bytes": 87739904, "GPU_reserved_bytes": 7105150976, "data_wait_seconds": 5.509662599986768, "training_samples_seen": 240, "scope": "FORMAL_SCIENTIFIC_RUN"}
TRAIN {"utc": "2026-10-01T14:23:52.157032+00:00", "epoch": 19, "global_update": 105700, "LR": 7.328994326611098e-05, "running_L_occ": 0.02406294132202352, "running_L_qr": 0.011301905782139476, "running_L_total": 0.035364847104162996, "pre_clip_grad_norm": 0.17360049486160278, "clipping_fraction": 0.0, "samples_per_second": 6.6871079296377225, "GPU_allocated_bytes": 87739904, "GPU_reserved_bytes": 7105150976, "data_wait_seconds": 5.881210700012161, "training_samples_seen": 440, "scope": "FORMAL_SCIENTIFIC_RUN"}
TRAIN {"utc": "2026-10-01T14:24:19.734252+00:00", "epoch": 19, "global_update": 105800, "LR": 7.324185317070682e-05, "running_L_occ": 0.023618560841526103, "running_L_qr": 0.011102995102239803, "running_L_total": 0.0347215559437659, "pre_clip_grad_norm": 0.07080186903476715, "clipping_fraction": 0.0, "samples_per_second": 6.854082264623337, "GPU_allocated_bytes": 87739904, "GPU_reserved_bytes": 7105150976, "data_wait_seconds": 6.249232500042126, "training_samples_seen": 640, "scope": "FORMAL_SCIENTIFIC_RUN"}
TRAIN {"utc": "2026-10-01T14:24:47.151907+00:00", "epoch": 19, "global_update": 105900, "LR": 7.319373585216614e-05, "running_L_occ": 0.023487791654906352, "running_L_qr": 0.01111671461901586, "running_L_total": 0.03460450627392221, "pre_clip_grad_norm": 0.15603294968605042, "clipping_fraction": 0.0, "samples_per_second": 6.954039178818355, "GPU_allocated_bytes": 87739904, "GPU_reserved_bytes": 7105150976, "data_wait_seconds": 6.614627900016785, "training_samples_seen": 840, "scope": "FORMAL_SCIENTIFIC_RUN"}
TRAIN {"utc": "2026-10-01T14:25:14.806605+00:00", "epoch": 19, "global_update": 106000, "LR": 7.314559136808775e-05, "running_L_occ": 0.02339625608351888, "running_L_qr": 0.011012955040573981, "running_L_total": 0.034409211124092856, "pre_clip_grad_norm": 0.14982321858406067, "clipping_fraction": 0.0, "samples_per_second": 7.005860433914139, "GPU_allocated_bytes": 87739904, "GPU_reserved_bytes": 7105150976, "data_wait_seconds": 6.983846400020411, "training_samples_seen": 1040, "scope": "FORMAL_SCIENTIFIC_RUN"}
TRAIN {"utc": "2026-10-01T14:25:42.475334+00:00", "epoch": 19, "global_update": 106100, "LR": 7.309741977610303e-05, "running_L_occ": 0.024041618365999606, "running_L_qr": 0.011579212481803986, "running_L_total": 0.03562083084780359, "pre_clip_grad_norm": 0.18694385886192322, "clipping_fraction": 0.0, "samples_per_second": 7.040807784336563, "GPU_allocated_bytes": 87739904, "GPU_reserved_bytes": 7105150976, "data_wait_seconds": 7.349030600031256, "training_samples_seen": 1240, "scope": "FORMAL_SCIENTIFIC_RUN"}
TRAIN {"utc": "2026-10-01T14:26:10.169515+00:00", "epoch": 19, "global_update": 106200, "LR": 7.30492211338758e-05, "running_L_occ": 0.023836846771354253, "running_L_qr": 0.011413441866859263, "running_L_total": 0.035250288638213514, "pre_clip_grad_norm": 0.06746626645326614, "clipping_fraction": 0.0, "samples_per_second": 7.06541058399185, "GPU_allocated_bytes": 87739904, "GPU_reserved_bytes": 7105150976, "data_wait_seconds": 7.7180452000538935, "training_samples_seen": 1440, "scope": "FORMAL_SCIENTIFIC_RUN"}
TRAIN {"utc": "2026-10-01T14:26:37.687336+00:00", "epoch": 19, "global_update": 106300, "LR": 7.300099549910222e-05, "running_L_occ": 0.023914217164063726, "running_L_qr": 0.011532168483653045, "running_L_total": 0.03544638564771677, "pre_clip_grad_norm": 0.2357604056596756, "clipping_fraction": 0.0, "samples_per_second": 7.089497717161762, "GPU_allocated_bytes": 87739904, "GPU_reserved_bytes": 7105150976, "data_wait_seconds": 8.088770900045347, "training_samples_seen": 1640, "scope": "FORMAL_SCIENTIFIC_RUN"}
TRAIN {"utc": "2026-10-01T14:27:05.310051+00:00", "epoch": 19, "global_update": 106400, "LR": 7.295274292951081e-05, "running_L_occ": 0.02411046830789979, "running_L_qr": 0.011636939468327664, "running_L_total": 0.03574740777622745, "pre_clip_grad_norm": 0.06187509745359421, "clipping_fraction": 0.0, "samples_per_second": 7.105584460290066, "GPU_allocated_bytes": 87739904, "GPU_reserved_bytes": 7105150976, "data_wait_seconds": 8.461376800085418, "training_samples_seen": 1840, "scope": "FORMAL_SCIENTIFIC_RUN"}
TRAIN {"utc": "2026-10-01T14:27:32.774880+00:00", "epoch": 19, "global_update": 106500, "LR": 7.29044634828623e-05, "running_L_occ": 0.02409594951052897, "running_L_qr": 0.011706613788165201, "running_L_total": 0.03580256329869417, "pre_clip_grad_norm": 0.11346740275621414, "clipping_fraction": 0.0, "samples_per_second": 7.122526225925444, "GPU_allocated_bytes": 87739904, "GPU_reserved_bytes": 7105150976, "data_wait_seconds": 8.827179800122394, "training_samples_seen": 2040, "scope": "FORMAL_SCIENTIFIC_RUN"}
TRAIN {"utc": "2026-10-01T14:28:00.465007+00:00", "epoch": 19, "global_update": 106600, "LR": 7.285615721694959e-05, "running_L_occ": 0.024103478410854227, "running_L_qr": 0.011802378703585803, "running_L_total": 0.03590585711444003, "pre_clip_grad_norm": 0.0709267184138298, "clipping_fraction": 0.0, "samples_per_second": 7.131343758910353, "GPU_allocated_bytes": 87739904, "GPU_reserved_bytes": 7105150976, "data_wait_seconds": 9.199642600025982, "training_samples_seen": 2240, "scope": "FORMAL_SCIENTIFIC_RUN"}
TRAIN {"utc": "2026-10-01T14:28:28.094459+00:00", "epoch": 19, "global_update": 106700, "LR": 7.280782418959772e-05, "running_L_occ": 0.023974151502267844, "running_L_qr": 0.011692665330846433, "running_L_total": 0.03566681683311428, "pre_clip_grad_norm": 0.2104903757572174, "clipping_fraction": 0.0, "samples_per_second": 7.140030725325573, "GPU_allocated_bytes": 87739904, "GPU_reserved_bytes": 7105150976, "data_wait_seconds": 9.579587800079025, "training_samples_seen": 2440, "scope": "FORMAL_SCIENTIFIC_RUN"}
TRAIN {"utc": "2026-10-01T14:28:55.622889+00:00", "epoch": 19, "global_update": 106800, "LR": 7.275946445866375e-05, "running_L_occ": 0.02405760230817438, "running_L_qr": 0.011743928443436647, "running_L_total": 0.03580153075161103, "pre_clip_grad_norm": 0.05466825142502785, "clipping_fraction": 0.0, "samples_per_second": 7.14935998288966, "GPU_allocated_bytes": 87739904, "GPU_reserved_bytes": 7105150976, "data_wait_seconds": 9.945686500061129, "training_samples_seen": 2640, "scope": "FORMAL_SCIENTIFIC_RUN"}
TRAIN {"utc": "2026-10-01T14:29:23.042380+00:00", "epoch": 19, "global_update": 106900, "LR": 7.271107808203667e-05, "running_L_occ": 0.02407588789562149, "running_L_qr": 0.011784791255697627, "running_L_total": 0.035860679151319116, "pre_clip_grad_norm": 0.167223259806633, "clipping_fraction": 0.0, "samples_per_second": 7.159363330514242, "GPU_allocated_bytes": 87739904, "GPU_reserved_bytes": 7105150976, "data_wait_seconds": 10.315028300101403, "training_samples_seen": 2840, "scope": "FORMAL_SCIENTIFIC_RUN"}
TRAIN {"utc": "2026-10-01T14:29:50.552909+00:00", "epoch": 19, "global_update": 107000, "LR": 7.266266511763742e-05, "running_L_occ": 0.024132267109976582, "running_L_qr": 0.011906961754599652, "running_L_total": 0.03603922886457624, "pre_clip_grad_norm": 0.04632657393813133, "clipping_fraction": 0.0, "samples_per_second": 7.166544294347417, "GPU_allocated_bytes": 87739904, "GPU_reserved_bytes": 7105150976, "data_wait_seconds": 10.68560360014817, "training_samples_seen": 3040, "scope": "FORMAL_SCIENTIFIC_RUN"}
TRAIN {"utc": "2026-10-01T14:30:19.041184+00:00", "epoch": 19, "global_update": 107100, "LR": 7.261422562341872e-05, "running_L_occ": 0.02413642637484492, "running_L_qr": 0.011891157827634615, "running_L_total": 0.036027584202479535, "pre_clip_grad_norm": 0.3130287230014801, "clipping_fraction": 0.0, "samples_per_second": 7.15734002987493, "GPU_allocated_bytes": 87739904, "GPU_reserved_bytes": 7105150976, "data_wait_seconds": 11.051617600169266, "training_samples_seen": 3240, "scope": "FORMAL_SCIENTIFIC_RUN"}
TRAIN {"utc": "2026-10-01T14:30:46.331801+00:00", "epoch": 19, "global_update": 107200, "LR": 7.256575965736508e-05, "running_L_occ": 0.02417674135480579, "running_L_qr": 0.011967122228674364, "running_L_total": 0.03614386358348016, "pre_clip_grad_norm": 0.06844507902860641, "clipping_fraction": 0.0, "samples_per_second": 7.167078391430034, "GPU_allocated_bytes": 87739904, "GPU_reserved_bytes": 7105150976, "data_wait_seconds": 11.419278400171606, "training_samples_seen": 3440, "scope": "FORMAL_SCIENTIFIC_RUN"}
TRAIN {"utc": "2026-10-01T14:31:13.602653+00:00", "epoch": 19, "global_update": 107300, "LR": 7.25172672774927e-05, "running_L_occ": 0.024157988883517504, "running_L_qr": 0.011894095968606766, "running_L_total": 0.03605208485212427, "pre_clip_grad_norm": 0.11433886736631393, "clipping_fraction": 0.0, "samples_per_second": 7.176036757013452, "GPU_allocated_bytes": 87739904, "GPU_reserved_bytes": 7105150976, "data_wait_seconds": 11.783007300189638, "training_samples_seen": 3640, "scope": "FORMAL_SCIENTIFIC_RUN"}
TRAIN {"utc": "2026-10-01T14:31:40.998625+00:00", "epoch": 19, "global_update": 107400, "LR": 7.246874854184938e-05, "running_L_occ": 0.0240944182383746, "running_L_qr": 0.011838810772454073, "running_L_total": 0.035933229010828675, "pre_clip_grad_norm": 0.04315142706036568, "clipping_fraction": 0.0, "samples_per_second": 7.182410310368536, "GPU_allocated_bytes": 87739904, "GPU_reserved_bytes": 7105150976, "data_wait_seconds": 12.14362800019444, "training_samples_seen": 3840, "scope": "FORMAL_SCIENTIFIC_RUN"}
TRAIN {"utc": "2026-10-01T14:32:08.497920+00:00", "epoch": 19, "global_update": 107500, "LR": 7.242020350851444e-05, "running_L_occ": 0.023918225881918925, "running_L_qr": 0.011680486604795084, "running_L_total": 0.03559871248671401, "pre_clip_grad_norm": 0.06991903483867645, "clipping_fraction": 0.0, "samples_per_second": 7.186831813984944, "GPU_allocated_bytes": 87739904, "GPU_reserved_bytes": 7105150976, "data_wait_seconds": 12.511910000132048, "training_samples_seen": 4040, "scope": "FORMAL_SCIENTIFIC_RUN"}
TRAIN {"utc": "2026-10-01T14:32:35.882842+00:00", "epoch": 19, "global_update": 107600, "LR": 7.237163223559876e-05, "running_L_occ": 0.02395004441178695, "running_L_qr": 0.011712675428724057, "running_L_total": 0.035662719840511004, "pre_clip_grad_norm": 0.058263588696718216, "clipping_fraction": 0.0, "samples_per_second": 7.192244870775829, "GPU_allocated_bytes": 87739904, "GPU_reserved_bytes": 7105150976, "data_wait_seconds": 12.880833700139192, "training_samples_seen": 4240, "scope": "FORMAL_SCIENTIFIC_RUN"}
TRAIN {"utc": "2026-10-01T14:33:03.353730+00:00", "epoch": 19, "global_update": 107700, "LR": 7.232303478124457e-05, "running_L_occ": 0.023851601677096226, "running_L_qr": 0.011652715599138318, "running_L_total": 0.03550431727623454, "pre_clip_grad_norm": 0.19090011715888977, "clipping_fraction": 0.0, "samples_per_second": 7.1961711192292555, "GPU_allocated_bytes": 87739904, "GPU_reserved_bytes": 7105150976, "data_wait_seconds": 13.248342600170872, "training_samples_seen": 4440, "scope": "FORMAL_SCIENTIFIC_RUN"}
TRAIN {"utc": "2026-10-01T14:33:30.844438+00:00", "epoch": 19, "global_update": 107800, "LR": 7.227441120362544e-05, "running_L_occ": 0.023803242707744907, "running_L_qr": 0.011614464676786904, "running_L_total": 0.03541770738453181, "pre_clip_grad_norm": 0.14672701060771942, "clipping_fraction": 0.0, "samples_per_second": 7.1995481449384675, "GPU_allocated_bytes": 87739904, "GPU_reserved_bytes": 7105150976, "data_wait_seconds": 13.617617100157076, "training_samples_seen": 4640, "scope": "FORMAL_SCIENTIFIC_RUN"}
TRAIN {"utc": "2026-10-01T14:33:58.300613+00:00", "epoch": 19, "global_update": 107900, "LR": 7.222576156094626e-05, "running_L_occ": 0.023731569099316164, "running_L_qr": 0.011538190655505588, "running_L_total": 0.03526975975482175, "pre_clip_grad_norm": 0.03992048278450966, "clipping_fraction": 0.0, "samples_per_second": 7.203008269016745, "GPU_allocated_bytes": 87739904, "GPU_reserved_bytes": 7105150976, "data_wait_seconds": 13.989984700223431, "training_samples_seen": 4840, "scope": "FORMAL_SCIENTIFIC_RUN"}
TRAIN {"utc": "2026-10-01T14:34:25.811185+00:00", "epoch": 19, "global_update": 108000, "LR": 7.217708591144304e-05, "running_L_occ": 0.023687994371997804, "running_L_qr": 0.01147907107662615, "running_L_total": 0.035167065448623955, "pre_clip_grad_norm": 0.15049079060554504, "clipping_fraction": 0.0, "samples_per_second": 7.20564051157107, "GPU_allocated_bytes": 87739904, "GPU_reserved_bytes": 7105150976, "data_wait_seconds": 14.36520920019393, "training_samples_seen": 5040, "scope": "FORMAL_SCIENTIFIC_RUN"}
TRAIN {"utc": "2026-10-01T14:34:53.432650+00:00", "epoch": 19, "global_update": 108100, "LR": 7.212838431338301e-05, "running_L_occ": 0.02365896940873723, "running_L_qr": 0.011496407654780922, "running_L_total": 0.03515537706351815, "pre_clip_grad_norm": 0.35066378116607666, "clipping_fraction": 0.0, "samples_per_second": 7.206975513427087, "GPU_allocated_bytes": 87739904, "GPU_reserved_bytes": 7105150976, "data_wait_seconds": 14.738124600153242, "training_samples_seen": 5240, "scope": "FORMAL_SCIENTIFIC_RUN"}
TRAIN {"utc": "2026-10-01T14:35:20.831873+00:00", "epoch": 19, "global_update": 108200, "LR": 7.20796568250644e-05, "running_L_occ": 0.023653379772882323, "running_L_qr": 0.011461175438340214, "running_L_total": 0.03511455521122254, "pre_clip_grad_norm": 0.0871540829539299, "clipping_fraction": 0.0, "samples_per_second": 7.210334449047877, "GPU_allocated_bytes": 87739904, "GPU_reserved_bytes": 7105150976, "data_wait_seconds": 15.110592800170707, "training_samples_seen": 5440, "scope": "FORMAL_SCIENTIFIC_RUN"}
TRAIN {"utc": "2026-10-01T14:35:48.161518+00:00", "epoch": 19, "global_update": 108300, "LR": 7.203090350481647e-05, "running_L_occ": 0.023600925885206517, "running_L_qr": 0.011441419605722836, "running_L_total": 0.035042345490929355, "pre_clip_grad_norm": 0.03812768682837486, "clipping_fraction": 0.0, "samples_per_second": 7.214100973704055, "GPU_allocated_bytes": 87739904, "GPU_reserved_bytes": 7105150976, "data_wait_seconds": 15.475101600204653, "training_samples_seen": 5640, "scope": "FORMAL_SCIENTIFIC_RUN"}
TRAIN {"utc": "2026-10-01T14:36:15.788420+00:00", "epoch": 19, "global_update": 108400, "LR": 7.198212441099935e-05, "running_L_occ": 0.023512992180773507, "running_L_qr": 0.011376706597095476, "running_L_total": 0.03488969877786898, "pre_clip_grad_norm": 0.03516974672675133, "clipping_fraction": 0.0, "samples_per_second": 7.21496108751148, "GPU_allocated_bytes": 87739904, "GPU_reserved_bytes": 7105150976, "data_wait_seconds": 15.846262700244552, "training_samples_seen": 5840, "scope": "FORMAL_SCIENTIFIC_RUN"}
TRAIN {"utc": "2026-10-01T14:36:43.310812+00:00", "epoch": 19, "global_update": 108500, "LR": 7.193331960200411e-05, "running_L_occ": 0.023599253308432173, "running_L_qr": 0.01144486275633027, "running_L_total": 0.035044116064762446, "pre_clip_grad_norm": 0.05488130450248718, "clipping_fraction": 0.0, "samples_per_second": 7.216667287963162, "GPU_allocated_bytes": 87739904, "GPU_reserved_bytes": 7105150976, "data_wait_seconds": 16.218686400243314, "training_samples_seen": 6040, "scope": "FORMAL_SCIENTIFIC_RUN"}
TRAIN {"utc": "2026-10-01T14:37:10.739758+00:00", "epoch": 19, "global_update": 108600, "LR": 7.188448913625249e-05, "running_L_occ": 0.02353029680427407, "running_L_qr": 0.011407768386235024, "running_L_total": 0.03493806519050909, "pre_clip_grad_norm": 0.05803687870502472, "clipping_fraction": 0.0, "samples_per_second": 7.219045457873417, "GPU_allocated_bytes": 87739904, "GPU_reserved_bytes": 7105150976, "data_wait_seconds": 16.59065820023534, "training_samples_seen": 6240, "scope": "FORMAL_SCIENTIFIC_RUN"}
TRAIN {"utc": "2026-10-01T14:37:38.135092+00:00", "epoch": 19, "global_update": 108700, "LR": 7.183563307219705e-05, "running_L_occ": 0.023484471706195185, "running_L_qr": 0.011347838241983483, "running_L_total": 0.03483230994817867, "pre_clip_grad_norm": 0.08713629841804504, "clipping_fraction": 0.0, "samples_per_second": 7.221542955556429, "GPU_allocated_bytes": 87739904, "GPU_reserved_bytes": 7105150976, "data_wait_seconds": 16.96220180021919, "training_samples_seen": 6440, "scope": "FORMAL_SCIENTIFIC_RUN"}
TRAIN {"utc": "2026-10-01T14:38:05.585296+00:00", "epoch": 19, "global_update": 108800, "LR": 7.17867514683209e-05, "running_L_occ": 0.023494964021270326, "running_L_qr": 0.01133532973643387, "running_L_total": 0.034830293757704196, "pre_clip_grad_norm": 0.08030158281326294, "clipping_fraction": 0.0, "samples_per_second": 7.223464951496057, "GPU_allocated_bytes": 87739904, "GPU_reserved_bytes": 7105150976, "data_wait_seconds": 17.332121400184406, "training_samples_seen": 6640, "scope": "FORMAL_SCIENTIFIC_RUN"}
TRAIN {"utc": "2026-10-01T14:38:33.227860+00:00", "epoch": 19, "global_update": 108900, "LR": 7.173784438313783e-05, "running_L_occ": 0.023509708148055322, "running_L_qr": 0.011354198307436269, "running_L_total": 0.03486390645549159, "pre_clip_grad_norm": 0.06507639586925507, "clipping_fraction": 0.0, "samples_per_second": 7.223806372508495, "GPU_allocated_bytes": 87739904, "GPU_reserved_bytes": 7105150976, "data_wait_seconds": 17.7190597002118, "training_samples_seen": 6840, "scope": "FORMAL_SCIENTIFIC_RUN"}
TRAIN {"utc": "2026-10-01T14:39:00.730577+00:00", "epoch": 19, "global_update": 109000, "LR": 7.1688911875192e-05, "running_L_occ": 0.023558206191648987, "running_L_qr": 0.011374631158479634, "running_L_total": 0.03493283735012862, "pre_clip_grad_norm": 0.087713822722435, "clipping_fraction": 0.0, "samples_per_second": 7.225172618153888, "GPU_allocated_bytes": 87739904, "GPU_reserved_bytes": 7105150976, "data_wait_seconds": 18.095645100234833, "training_samples_seen": 7040, "scope": "FORMAL_SCIENTIFIC_RUN"}
TRAIN {"utc": "2026-10-01T14:39:28.046744+00:00", "epoch": 19, "global_update": 109100, "LR": 7.16399540030581e-05, "running_L_occ": 0.023613576109379385, "running_L_qr": 0.011427564411727025, "running_L_total": 0.03504114052110641, "pre_clip_grad_norm": 0.04815014824271202, "clipping_fraction": 0.0, "samples_per_second": 7.227799667144095, "GPU_allocated_bytes": 87739904, "GPU_reserved_bytes": 7105150976, "data_wait_seconds": 18.463070300196705, "training_samples_seen": 7240, "scope": "FORMAL_SCIENTIFIC_RUN"}
TRAIN {"utc": "2026-10-01T14:39:55.304097+00:00", "epoch": 19, "global_update": 109200, "LR": 7.159097082534116e-05, "running_L_occ": 0.02364002323560188, "running_L_qr": 0.011451312796540337, "running_L_total": 0.03509133603214222, "pre_clip_grad_norm": 0.02473154291510582, "clipping_fraction": 0.0, "samples_per_second": 7.230705957202848, "GPU_allocated_bytes": 87739904, "GPU_reserved_bytes": 7105150976, "data_wait_seconds": 18.833261000218045, "training_samples_seen": 7440, "scope": "FORMAL_SCIENTIFIC_RUN"}
TRAIN {"utc": "2026-10-01T14:40:22.620969+00:00", "epoch": 19, "global_update": 109300, "LR": 7.15419624006765e-05, "running_L_occ": 0.023644488998486778, "running_L_qr": 0.011462552437187983, "running_L_total": 0.03510704143567476, "pre_clip_grad_norm": 0.07620255649089813, "clipping_fraction": 0.0, "samples_per_second": 7.2330516913811875, "GPU_allocated_bytes": 87739904, "GPU_reserved_bytes": 7105150976, "data_wait_seconds": 19.198570000233303, "training_samples_seen": 7640, "scope": "FORMAL_SCIENTIFIC_RUN"}
TRAIN {"utc": "2026-10-01T14:40:50.008821+00:00", "epoch": 19, "global_update": 109400, "LR": 7.149292878772964e-05, "running_L_occ": 0.02364742442449739, "running_L_qr": 0.011449772996021422, "running_L_total": 0.03509719742051881, "pre_clip_grad_norm": 0.024040810763835907, "clipping_fraction": 0.0, "samples_per_second": 7.234810785760812, "GPU_allocated_bytes": 87739904, "GPU_reserved_bytes": 7105150976, "data_wait_seconds": 19.566068100240955, "training_samples_seen": 7840, "scope": "FORMAL_SCIENTIFIC_RUN"}
TRAIN {"utc": "2026-10-01T14:41:17.384346+00:00", "epoch": 19, "global_update": 109500, "LR": 7.144387004519628e-05, "running_L_occ": 0.023611509380804405, "running_L_qr": 0.01144763740153002, "running_L_total": 0.035059146782334426, "pre_clip_grad_norm": 0.1462123692035675, "clipping_fraction": 0.0, "samples_per_second": 7.236559672775214, "GPU_allocated_bytes": 87739904, "GPU_reserved_bytes": 7105150976, "data_wait_seconds": 19.93560360023548, "training_samples_seen": 8040, "scope": "FORMAL_SCIENTIFIC_RUN"}
TRAIN {"utc": "2026-10-01T14:41:44.727803+00:00", "epoch": 19, "global_update": 109600, "LR": 7.139478623180217e-05, "running_L_occ": 0.023585059704306993, "running_L_qr": 0.011434481774291058, "running_L_total": 0.03501954147859805, "pre_clip_grad_norm": 0.20354028046131134, "clipping_fraction": 0.0, "samples_per_second": 7.23842564622389, "GPU_allocated_bytes": 87739904, "GPU_reserved_bytes": 7105150976, "data_wait_seconds": 20.30430620021798, "training_samples_seen": 8240, "scope": "FORMAL_SCIENTIFIC_RUN"}
TRAIN {"utc": "2026-10-01T14:42:11.996007+00:00", "epoch": 19, "global_update": 109700, "LR": 7.134567740630312e-05, "running_L_occ": 0.023611023061155745, "running_L_qr": 0.011464305014904275, "running_L_total": 0.03507532807606002, "pre_clip_grad_norm": 0.04673425853252411, "clipping_fraction": 0.0, "samples_per_second": 7.240674653484617, "GPU_allocated_bytes": 87739904, "GPU_reserved_bytes": 7105150976, "data_wait_seconds": 20.671831600258884, "training_samples_seen": 8440, "scope": "FORMAL_SCIENTIFIC_RUN"}
TRAIN {"utc": "2026-10-01T14:42:39.402444+00:00", "epoch": 19, "global_update": 109800, "LR": 7.129654362748483e-05, "running_L_occ": 0.023628188127104925, "running_L_qr": 0.011472463366894586, "running_L_total": 0.035100651493999505, "pre_clip_grad_norm": 0.15795163810253143, "clipping_fraction": 0.0, "samples_per_second": 7.241980751556966, "GPU_allocated_bytes": 87739904, "GPU_reserved_bytes": 7105150976, "data_wait_seconds": 21.04347220026102, "training_samples_seen": 8640, "scope": "FORMAL_SCIENTIFIC_RUN"}
TRAIN {"utc": "2026-10-01T14:43:06.935333+00:00", "epoch": 19, "global_update": 109900, "LR": 7.124738495416292e-05, "running_L_occ": 0.023622000541202393, "running_L_qr": 0.011463308838764103, "running_L_total": 0.0350853093799665, "pre_clip_grad_norm": 0.14483727514743805, "clipping_fraction": 0.0, "samples_per_second": 7.242479839509905, "GPU_allocated_bytes": 87739904, "GPU_reserved_bytes": 7105150976, "data_wait_seconds": 21.41586520022247, "training_samples_seen": 8840, "scope": "FORMAL_SCIENTIFIC_RUN"}
TRAIN {"utc": "2026-10-01T14:43:34.291612+00:00", "epoch": 19, "global_update": 110000, "LR": 7.119820144518275e-05, "running_L_occ": 0.02361145107737651, "running_L_qr": 0.011460300352325151, "running_L_total": 0.03507175142970166, "pre_clip_grad_norm": 0.038692060858011246, "clipping_fraction": 0.0, "samples_per_second": 7.243979078442852, "GPU_allocated_bytes": 87739904, "GPU_reserved_bytes": 7105150976, "data_wait_seconds": 21.782425200231955, "training_samples_seen": 9040, "scope": "FORMAL_SCIENTIFIC_RUN"}
TRAIN {"utc": "2026-10-01T14:44:01.882036+00:00", "epoch": 19, "global_update": 110100, "LR": 7.114899315941947e-05, "running_L_occ": 0.023610460085472903, "running_L_qr": 0.011449830016376788, "running_L_total": 0.03506029010184969, "pre_clip_grad_norm": 0.22051012516021729, "clipping_fraction": 0.0, "samples_per_second": 7.244086776991097, "GPU_allocated_bytes": 87739904, "GPU_reserved_bytes": 7105150976, "data_wait_seconds": 22.159810100274626, "training_samples_seen": 9240, "scope": "FORMAL_SCIENTIFIC_RUN"}
TRAIN {"utc": "2026-10-01T14:44:29.439992+00:00", "epoch": 19, "global_update": 110200, "LR": 7.109976015577783e-05, "running_L_occ": 0.023616120855855304, "running_L_qr": 0.011440099190662037, "running_L_total": 0.03505622004651734, "pre_clip_grad_norm": 0.14902786910533905, "clipping_fraction": 0.0, "samples_per_second": 7.244368390646874, "GPU_allocated_bytes": 87739904, "GPU_reserved_bytes": 7105150976, "data_wait_seconds": 22.53115120028815, "training_samples_seen": 9440, "scope": "FORMAL_SCIENTIFIC_RUN"}
TRAIN {"utc": "2026-10-01T14:44:57.068494+00:00", "epoch": 19, "global_update": 110300, "LR": 7.105050249319223e-05, "running_L_occ": 0.023665588942033324, "running_L_qr": 0.011452852432234551, "running_L_total": 0.035118441374267874, "pre_clip_grad_norm": 0.23104926943778992, "clipping_fraction": 0.0, "samples_per_second": 7.244254778929503, "GPU_allocated_bytes": 87739904, "GPU_reserved_bytes": 7105150976, "data_wait_seconds": 22.909501700254623, "training_samples_seen": 9640, "scope": "FORMAL_SCIENTIFIC_RUN"}
TRAIN {"utc": "2026-10-01T14:45:24.641370+00:00", "epoch": 19, "global_update": 110400, "LR": 7.100122023062655e-05, "running_L_occ": 0.02372942716172018, "running_L_qr": 0.011473989426535732, "running_L_total": 0.03520341658825591, "pre_clip_grad_norm": 0.14607061445713043, "clipping_fraction": 0.0, "samples_per_second": 7.244442570182159, "GPU_allocated_bytes": 87739904, "GPU_reserved_bytes": 7105150976, "data_wait_seconds": 23.286430100240977, "training_samples_seen": 9840, "scope": "FORMAL_SCIENTIFIC_RUN"}
TRAIN {"utc": "2026-10-01T14:45:52.346452+00:00", "epoch": 19, "global_update": 110500, "LR": 7.095191342707411e-05, "running_L_occ": 0.023706003262912025, "running_L_qr": 0.01148630010119276, "running_L_total": 0.03519230336410478, "pre_clip_grad_norm": 0.058009203523397446, "clipping_fraction": 0.0, "samples_per_second": 7.243932909648668, "GPU_allocated_bytes": 87739904, "GPU_reserved_bytes": 7105150976, "data_wait_seconds": 23.66099490018678, "training_samples_seen": 10040, "scope": "FORMAL_SCIENTIFIC_RUN"}
TRAIN {"utc": "2026-10-01T14:46:19.650473+00:00", "epoch": 19, "global_update": 110600, "LR": 7.090258214155764e-05, "running_L_occ": 0.023747908702391005, "running_L_qr": 0.011503245336560674, "running_L_total": 0.03525115403895168, "pre_clip_grad_norm": 0.10781469941139221, "clipping_fraction": 0.0, "samples_per_second": 7.245498244684455, "GPU_allocated_bytes": 87739904, "GPU_reserved_bytes": 7105150976, "data_wait_seconds": 24.032492300204467, "training_samples_seen": 10240, "scope": "FORMAL_SCIENTIFIC_RUN"}
TRAIN {"utc": "2026-10-01T14:46:46.905198+00:00", "epoch": 19, "global_update": 110700, "LR": 7.085322643312913e-05, "running_L_occ": 0.023771443734713214, "running_L_qr": 0.01150467283229486, "running_L_total": 0.035276116567008076, "pre_clip_grad_norm": 0.13175532221794128, "clipping_fraction": 0.0, "samples_per_second": 7.247251994034844, "GPU_allocated_bytes": 87739904, "GPU_reserved_bytes": 7105150976, "data_wait_seconds": 24.39889540021977, "training_samples_seen": 10440, "scope": "FORMAL_SCIENTIFIC_RUN"}
TRAIN {"utc": "2026-10-01T14:47:14.276012+00:00", "epoch": 19, "global_update": 110800, "LR": 7.080384636086986e-05, "running_L_occ": 0.023808079545464916, "running_L_qr": 0.011534676160980696, "running_L_total": 0.035342755706445614, "pre_clip_grad_norm": 0.26897361874580383, "clipping_fraction": 0.0, "samples_per_second": 7.248368161438396, "GPU_allocated_bytes": 87739904, "GPU_reserved_bytes": 7105150976, "data_wait_seconds": 24.766008100232284, "training_samples_seen": 10640, "scope": "FORMAL_SCIENTIFIC_RUN"}
TRAIN {"utc": "2026-10-01T14:48:35.528965+00:00", "epoch": 19, "global_update": 110900, "LR": 7.075444198389026e-05, "running_L_occ": 0.02379645623978914, "running_L_qr": 0.011531761683359771, "running_L_total": 0.03532821792314891, "pre_clip_grad_norm": 0.10997886955738068, "clipping_fraction": 0.0, "samples_per_second": 6.9972976348745215, "GPU_allocated_bytes": 87739904, "GPU_reserved_bytes": 7105150976, "data_wait_seconds": 78.93175060018984, "training_samples_seen": 10840, "scope": "FORMAL_SCIENTIFIC_RUN"}
TRAIN {"utc": "2026-10-01T14:49:02.919664+00:00", "epoch": 19, "global_update": 111000, "LR": 7.07050133613298e-05, "running_L_occ": 0.02382228888057515, "running_L_qr": 0.011560468288518831, "running_L_total": 0.03538275716909398, "pre_clip_grad_norm": 0.11944440007209778, "clipping_fraction": 0.0, "samples_per_second": 7.002586913988812, "GPU_allocated_bytes": 87739904, "GPU_reserved_bytes": 7105150976, "data_wait_seconds": 79.30145720017026, "training_samples_seen": 11040, "scope": "FORMAL_SCIENTIFIC_RUN"}
TRAIN {"utc": "2026-10-01T14:49:30.305690+00:00", "epoch": 19, "global_update": 111100, "LR": 7.065556055235705e-05, "running_L_occ": 0.023785464940240506, "running_L_qr": 0.011543628012480277, "running_L_total": 0.035329092952720784, "pre_clip_grad_norm": 0.22788845002651215, "clipping_fraction": 0.0, "samples_per_second": 7.007714743221489, "GPU_allocated_bytes": 87739904, "GPU_reserved_bytes": 7105150976, "data_wait_seconds": 79.67068970023684, "training_samples_seen": 11240, "scope": "FORMAL_SCIENTIFIC_RUN"}
TRAIN {"utc": "2026-10-01T14:49:57.701706+00:00", "epoch": 19, "global_update": 111200, "LR": 7.06060836161695e-05, "running_L_occ": 0.023808167590393784, "running_L_qr": 0.011550412588459805, "running_L_total": 0.03535858017885359, "pre_clip_grad_norm": 0.11868999153375626, "clipping_fraction": 0.0, "samples_per_second": 7.012627034623725, "GPU_allocated_bytes": 87739904, "GPU_reserved_bytes": 7105150976, "data_wait_seconds": 80.04204800019943, "training_samples_seen": 11440, "scope": "FORMAL_SCIENTIFIC_RUN"}
TRAIN {"utc": "2026-10-01T14:50:25.255942+00:00", "epoch": 19, "global_update": 111300, "LR": 7.055658261199347e-05, "running_L_occ": 0.02380523871079496, "running_L_qr": 0.011543344032581495, "running_L_total": 0.03534858274337646, "pre_clip_grad_norm": 0.13841590285301208, "clipping_fraction": 0.0, "samples_per_second": 7.01670937970853, "GPU_allocated_bytes": 87739904, "GPU_reserved_bytes": 7105150976, "data_wait_seconds": 80.41120830016735, "training_samples_seen": 11640, "scope": "FORMAL_SCIENTIFIC_RUN"}
TRAIN {"utc": "2026-10-01T14:50:36.287604+00:00", "epoch": 19, "global_update": 111340, "LR": 7.053677548455849e-05, "running_L_occ": 0.023804745903372213, "running_L_qr": 0.011542294172443384, "running_L_total": 0.03534704007581559, "pre_clip_grad_norm": 0.19843803346157074, "clipping_fraction": 0.0, "samples_per_second": 7.018263962695681, "GPU_allocated_bytes": 87739904, "GPU_reserved_bytes": 7105150976, "data_wait_seconds": 80.55950230016606, "training_samples_seen": 11720, "scope": "FORMAL_SCIENTIFIC_RUN"}
VALIDATION {"epoch": 19, "phase": "VALIDATION", "scenes_completed": 8, "scenes_required": 11727, "wall_seconds": 5.82642019999912, "updated_utc": "2026-10-01T14:50:42.694307+00:00"}
VALIDATION {"epoch": 19, "phase": "VALIDATION", "scenes_completed": 808, "scenes_required": 11727, "wall_seconds": 39.028976599998714, "updated_utc": "2026-10-01T14:51:15.896401+00:00"}
VALIDATION {"epoch": 19, "phase": "VALIDATION", "scenes_completed": 1608, "scenes_required": 11727, "wall_seconds": 71.9866886000018, "updated_utc": "2026-10-01T14:51:48.854464+00:00"}
VALIDATION {"epoch": 19, "phase": "VALIDATION", "scenes_completed": 2408, "scenes_required": 11727, "wall_seconds": 105.18908350000129, "updated_utc": "2026-10-01T14:52:22.056729+00:00"}
VALIDATION {"epoch": 19, "phase": "VALIDATION", "scenes_completed": 3208, "scenes_required": 11727, "wall_seconds": 138.30054050000035, "updated_utc": "2026-10-01T14:52:55.167964+00:00"}
VALIDATION {"epoch": 19, "phase": "VALIDATION", "scenes_completed": 4008, "scenes_required": 11727, "wall_seconds": 171.31856870000047, "updated_utc": "2026-10-01T14:53:28.185501+00:00"}
VALIDATION {"epoch": 19, "phase": "VALIDATION", "scenes_completed": 4808, "scenes_required": 11727, "wall_seconds": 204.29351920000045, "updated_utc": "2026-10-01T14:54:01.160797+00:00"}
VALIDATION {"epoch": 19, "phase": "VALIDATION", "scenes_completed": 5608, "scenes_required": 11727, "wall_seconds": 237.49667720000434, "updated_utc": "2026-10-01T14:54:34.363934+00:00"}
VALIDATION {"epoch": 19, "phase": "VALIDATION", "scenes_completed": 6408, "scenes_required": 11727, "wall_seconds": 270.6708848999988, "updated_utc": "2026-10-01T14:55:07.537874+00:00"}
VALIDATION {"epoch": 19, "phase": "VALIDATION", "scenes_completed": 7208, "scenes_required": 11727, "wall_seconds": 303.64751160000014, "updated_utc": "2026-10-01T14:55:40.514449+00:00"}
VALIDATION {"epoch": 19, "phase": "VALIDATION", "scenes_completed": 8008, "scenes_required": 11727, "wall_seconds": 336.7568614000047, "updated_utc": "2026-10-01T14:56:13.623798+00:00"}
VALIDATION {"epoch": 19, "phase": "VALIDATION", "scenes_completed": 8808, "scenes_required": 11727, "wall_seconds": 369.67149240000435, "updated_utc": "2026-10-01T14:56:46.538511+00:00"}
VALIDATION {"epoch": 19, "phase": "VALIDATION", "scenes_completed": 9608, "scenes_required": 11727, "wall_seconds": 402.03566839999985, "updated_utc": "2026-10-01T14:57:18.902933+00:00"}
VALIDATION {"epoch": 19, "phase": "VALIDATION", "scenes_completed": 10408, "scenes_required": 11727, "wall_seconds": 435.0700179999985, "updated_utc": "2026-10-01T14:57:51.937471+00:00"}
VALIDATION {"epoch": 19, "phase": "VALIDATION", "scenes_completed": 11208, "scenes_required": 11727, "wall_seconds": 468.36509600000136, "updated_utc": "2026-10-01T14:58:25.232898+00:00"}
VALIDATION {"epoch": 19, "phase": "VALIDATION", "scenes_completed": 11727, "scenes_required": 11727, "wall_seconds": 489.07776020000165, "updated_utc": "2026-10-01T14:58:45.944884+00:00"}
EPOCH_COMPLETED {"epoch": 19, "global_val_core_loss": 0.048634870497155404, "best_epoch": 11, "early_stop_count": 8, "wall_seconds": 2164.560086499994}
TEST {"suite": "scientific_freeze", "executed": 42, "failures": 0, "errors": 0, "skipped": 0, "pass": true}
TEST {"suite": "b0_skeleton", "executed": 20, "failures": 0, "errors": 0, "skipped": 0, "pass": true}
TEST {"suite": "development_qc", "executed": 8, "failures": 0, "errors": 0, "skipped": 0, "pass": true}
TEST {"suite": "scientific_freeze_v1_1", "executed": 30, "failures": 0, "errors": 0, "skipped": 0, "pass": true}
TEST {"suite": "quantile_numerical_closure", "executed": 14, "failures": 0, "errors": 0, "skipped": 0, "pass": true}
TEST {"suite": "training_environment_audit", "executed": 6, "failures": 0, "errors": 0, "skipped": 0, "pass": true}
TEST {"suite": "gpu_training_feasibility", "executed": 6, "failures": 0, "errors": 0, "skipped": 0, "pass": true}
TEST {"suite": "phase_a_protocol_prefreeze", "executed": 11, "failures": 0, "errors": 0, "skipped": 0, "pass": true}
TEST {"suite": "phase_a_protocol_v1", "executed": 17, "failures": 0, "errors": 0, "skipped": 0, "pass": true}
TEST {"suite": "phase_a_optimizer_resume", "executed": 8, "failures": 0, "errors": 0, "skipped": 0, "pass": true}
TEST {"suite": "formal_phase_a", "executed": 9, "failures": 0, "errors": 0, "skipped": 0, "pass": true}
FINAL {"run_id": "run_20261001T035003_243409Z", "FORMAL_TRAINING_AUTHORIZED": true, "B0_FORMAL_TRAINING_STARTED": true, "B0_PHASE_A_TRAINING_COMPLETED": true, "TRAIN_SCENES": 11720, "VALIDATION_SCENES": 11727, "PROTOCOL_VERSION": "v1.0", "PRIMARY_SEED": 2026, "TOTAL_COMPLETED_EPOCHS": 19, "STOP_REASON": "EARLY_STOP", "SELECTED_CHECKPOINT_EPOCH": 11, "SELECTED_CHECKPOINT_VAL_CORE_LOSS": 0.04730775889882134, "BEST_CHECKPOINT_SHA256": "3f517f31394a4efa54ea0abed7757c7d59eb048416cfa98f02ab91ba60c24fe3", "LAST_CHECKPOINT_SHA256": "6bb680f74f0b3ce0b02be435ac8b28ba7e0fa8e8409af83ebfa558a8564e0558", "POST_TRAINING_162_TESTS_PASS": true, "2025_PIXELS_READ": 0, "PHASE_B_EXECUTED": false, "PHASE_B_NORMALIZATION_COMPUTED": false, "PHASE_B_AUTHORIZED": false, "B1_STARTED": false, "CHECKPOINT_BINARY_NOT_COMMITTED_TO_GIT": true, "finished_utc": "2026-10-01T14:59:00.369032+00:00", "all_checkpoint_provenance_pass": true, "failure": null}
